run_id,symbol,asset_class,timeframe,family,strategy_name,params_str,direction,session,status,trade_count,win_rate,profit_factor,avg_return,expectancy,max_drawdown,sharpe,sqn,exposure_pct,avg_duration_bars,gross_return,net_return,is_return,oos_return,robustness_score,param_sensitivity,skip_reason,data_source
run_20260427_062651,GBP/USD,forex,M15,trend_momentum,ema_cross,adx_min=0|fast_period=10|rsi_confirm=False|slow_period=50,both,all,REJECT,22,0.181818,0.279052,-0.001269,-0.001269,-0.028067,-1.025097,-2.262478,0.022022,41.318182,-0.027633,-0.027633,-0.013686,-0.011925,0.493400,,,mt5
run_20260427_062651,GBP/USD,forex,M15,trend_momentum,ema_cross,adx_min=0|fast_period=10|rsi_confirm=True|slow_period=50,both,all,REJECT,21,0.190476,0.335784,-0.001018,-0.001018,-0.026383,-0.889557,-1.917976,0.021021,43.238095,-0.021228,-0.021228,-0.007189,-0.011925,0.383910,,,mt5
run_20260427_062651,GBP/USD,forex,M15,trend_momentum,ema_cross,adx_min=20|fast_period=10|rsi_confirm=False|slow_period=50,both,all,REJECT,22,0.181818,0.279052,-0.001269,-0.001269,-0.028067,-1.025097,-2.262478,0.022022,41.318182,-0.027633,-0.027633,-0.013686,-0.011925,0.493400,,,mt5
run_20260427_062651,GBP/USD,forex,M15,trend_momentum,ema_cross,adx_min=20|fast_period=10|rsi_confirm=True|slow_period=50,both,all,REJECT,21,0.190476,0.335784,-0.001018,-0.001018,-0.026383,-0.889557,-1.917976,0.021021,43.238095,-0.021228,-0.021228,-0.007189,-0.011925,0.383910,,,mt5
run_20260427_062651,GBP/USD,forex,M15,trend_momentum,ema_cross,adx_min=25|fast_period=10|rsi_confirm=False|slow_period=50,both,all,NEEDS_MORE_DATA,10,,,,,,,,,,,,,,,,only 10 trades < min 20,mt5
run_20260427_062651,GBP/USD,forex,M15,trend_momentum,ema_cross,adx_min=25|fast_period=10|rsi_confirm=True|slow_period=50,both,all,NEEDS_MORE_DATA,9,,,,,,,,,,,,,,,,only 9 trades < min 20,mt5
run_20260427_062651,GBP/USD,forex,M15,trend_momentum,ema_cross,adx_min=0|fast_period=10|rsi_confirm=False|slow_period=100,both,all,REJECT,20,0.100000,0.176640,-0.001687,-0.001687,-0.033255,-1.279081,-3.085618,0.020020,45.750000,-0.033255,-0.033255,-0.023093,-0.007668,0.319617,,,mt5
run_20260427_062651,GBP/USD,forex,M15,trend_momentum,ema_cross,adx_min=0|fast_period=10|rsi_confirm=True|slow_period=100,both,all,NEEDS_MORE_DATA,19,,,,,,,,,,,,,,,,only 19 trades < min 20,mt5
run_20260427_062651,GBP/USD,forex,M15,trend_momentum,ema_cross,adx_min=20|fast_period=10|rsi_confirm=False|slow_period=100,both,all,NEEDS_MORE_DATA,18,,,,,,,,,,,,,,,,only 18 trades < min 20,mt5
run_20260427_062651,GBP/USD,forex,M15,trend_momentum,ema_cross,adx_min=20|fast_period=10|rsi_confirm=True|slow_period=100,both,all,NEEDS_MORE_DATA,17,,,,,,,,,,,,,,,,only 17 trades < min 20,mt5
run_20260427_062651,GBP/USD,forex,M15,trend_momentum,ema_cross,adx_min=25|fast_period=10|rsi_confirm=False|slow_period=100,both,all,NEEDS_MORE_DATA,12,,,,,,,,,,,,,,,,only 12 trades < min 20,mt5
run_20260427_062651,GBP/USD,forex,M15,trend_momentum,ema_cross,adx_min=25|fast_period=10|rsi_confirm=True|slow_period=100,both,all,NEEDS_MORE_DATA,11,,,,,,,,,,,,,,,,only 11 trades < min 20,mt5
run_20260427_062651,GBP/USD,forex,M15,trend_momentum,ema_cross,adx_min=0|fast_period=10|rsi_confirm=False|slow_period=200,both,all,NEEDS_MORE_DATA,12,,,,,,,,,,,,,,,,only 12 trades < min 20,mt5
run_20260427_062651,GBP/USD,forex,M15,trend_momentum,ema_cross,adx_min=0|fast_period=10|rsi_confirm=True|slow_period=200,both,all,NEEDS_MORE_DATA,11,,,,,,,,,,,,,,,,only 11 trades < min 20,mt5
run_20260427_062651,GBP/USD,forex,M15,trend_momentum,ema_cross,adx_min=20|fast_period=10|rsi_confirm=False|slow_period=200,both,all,NEEDS_MORE_DATA,11,,,,,,,,,,,,,,,,only 11 trades < min 20,mt5
run_20260427_062651,GBP/USD,forex,M15,trend_momentum,ema_cross,adx_min=20|fast_period=10|rsi_confirm=True|slow_period=200,both,all,NEEDS_MORE_DATA,10,,,,,,,,,,,,,,,,only 10 trades < min 20,mt5
run_20260427_062651,GBP/USD,forex,M15,trend_momentum,ema_cross,adx_min=25|fast_period=10|rsi_confirm=False|slow_period=200,both,all,NEEDS_MORE_DATA,9,,,,,,,,,,,,,,,,only 9 trades < min 20,mt5
run_20260427_062651,GBP/USD,forex,M15,trend_momentum,ema_cross,adx_min=25|fast_period=10|rsi_confirm=True|slow_period=200,both,all,NEEDS_MORE_DATA,8,,,,,,,,,,,,,,,,only 8 trades < min 20,mt5
run_20260427_062651,GBP/USD,forex,M15,trend_momentum,ema_cross,adx_min=0|fast_period=20|rsi_confirm=False|slow_period=50,both,all,REJECT,20,0.150000,0.257035,-0.001383,-0.001383,-0.027398,-1.023361,-2.284397,0.020020,45.650000,-0.027361,-0.027361,-0.016485,-0.008865,0.381339,,,mt5
run_20260427_062651,GBP/USD,forex,M15,trend_momentum,ema_cross,adx_min=0|fast_period=20|rsi_confirm=True|slow_period=50,both,all,NEEDS_MORE_DATA,19,,,,,,,,,,,,,,,,only 19 trades < min 20,mt5
run_20260427_062651,GBP/USD,forex,M15,trend_momentum,ema_cross,adx_min=20|fast_period=20|rsi_confirm=False|slow_period=50,both,all,NEEDS_MORE_DATA,18,,,,,,,,,,,,,,,,only 18 trades < min 20,mt5
run_20260427_062651,GBP/USD,forex,M15,trend_momentum,ema_cross,adx_min=20|fast_period=20|rsi_confirm=True|slow_period=50,both,all,NEEDS_MORE_DATA,17,,,,,,,,,,,,,,,,only 17 trades < min 20,mt5
run_20260427_062651,GBP/USD,forex,M15,trend_momentum,ema_cross,adx_min=25|fast_period=20|rsi_confirm=False|slow_period=50,both,all,NEEDS_MORE_DATA,10,,,,,,,,,,,,,,,,only 10 trades < min 20,mt5
run_20260427_062651,GBP/USD,forex,M15,trend_momentum,ema_cross,adx_min=25|fast_period=20|rsi_confirm=True|slow_period=50,both,all,NEEDS_MORE_DATA,9,,,,,,,,,,,,,,,,only 9 trades < min 20,mt5
run_20260427_062651,GBP/USD,forex,M15,trend_momentum,ema_cross,adx_min=0|fast_period=20|rsi_confirm=False|slow_period=100,both,all,NEEDS_MORE_DATA,16,,,,,,,,,,,,,,,,only 16 trades < min 20,mt5
run_20260427_062651,GBP/USD,forex,M15,trend_momentum,ema_cross,adx_min=0|fast_period=20|rsi_confirm=True|slow_period=100,both,all,NEEDS_MORE_DATA,15,,,,,,,,,,,,,,,,only 15 trades < min 20,mt5
run_20260427_062651,GBP/USD,forex,M15,trend_momentum,ema_cross,adx_min=20|fast_period=20|rsi_confirm=False|slow_period=100,both,all,NEEDS_MORE_DATA,13,,,,,,,,,,,,,,,,only 13 trades < min 20,mt5
run_20260427_062651,GBP/USD,forex,M15,trend_momentum,ema_cross,adx_min=20|fast_period=20|rsi_confirm=True|slow_period=100,both,all,NEEDS_MORE_DATA,12,,,,,,,,,,,,,,,,only 12 trades < min 20,mt5
run_20260427_062651,GBP/USD,forex,M15,trend_momentum,ema_cross,adx_min=25|fast_period=20|rsi_confirm=False|slow_period=100,both,all,NEEDS_MORE_DATA,11,,,,,,,,,,,,,,,,only 11 trades < min 20,mt5
run_20260427_062651,GBP/USD,forex,M15,trend_momentum,ema_cross,adx_min=25|fast_period=20|rsi_confirm=True|slow_period=100,both,all,NEEDS_MORE_DATA,10,,,,,,,,,,,,,,,,only 10 trades < min 20,mt5
run_20260427_062651,GBP/USD,forex,M15,trend_momentum,ema_cross,adx_min=0|fast_period=20|rsi_confirm=False|slow_period=200,both,all,NEEDS_MORE_DATA,10,,,,,,,,,,,,,,,,only 10 trades < min 20,mt5
run_20260427_062651,GBP/USD,forex,M15,trend_momentum,ema_cross,adx_min=0|fast_period=20|rsi_confirm=True|slow_period=200,both,all,NEEDS_MORE_DATA,9,,,,,,,,,,,,,,,,only 9 trades < min 20,mt5
run_20260427_062651,GBP/USD,forex,M15,trend_momentum,ema_cross,adx_min=20|fast_period=20|rsi_confirm=False|slow_period=200,both,all,NEEDS_MORE_DATA,10,,,,,,,,,,,,,,,,only 10 trades < min 20,mt5
run_20260427_062651,GBP/USD,forex,M15,trend_momentum,ema_cross,adx_min=20|fast_period=20|rsi_confirm=True|slow_period=200,both,all,NEEDS_MORE_DATA,9,,,,,,,,,,,,,,,,only 9 trades < min 20,mt5
run_20260427_062651,GBP/USD,forex,M15,trend_momentum,ema_cross,adx_min=25|fast_period=20|rsi_confirm=False|slow_period=200,both,all,NEEDS_MORE_DATA,10,,,,,,,,,,,,,,,,only 10 trades < min 20,mt5
run_20260427_062651,GBP/USD,forex,M15,trend_momentum,ema_cross,adx_min=25|fast_period=20|rsi_confirm=True|slow_period=200,both,all,NEEDS_MORE_DATA,9,,,,,,,,,,,,,,,,only 9 trades < min 20,mt5
run_20260427_062651,GBP/USD,forex,M15,trend_momentum,ema_alignment,adx_min=0|ema_long=200|ema_mid=50|ema_short=20,both,all,NEEDS_MORE_DATA,15,,,,,,,,,,,,,,,,only 15 trades < min 20,mt5
run_20260427_062651,GBP/USD,forex,M15,trend_momentum,ema_alignment,adx_min=20|ema_long=200|ema_mid=50|ema_short=20,both,all,NEEDS_MORE_DATA,15,,,,,,,,,,,,,,,,only 15 trades < min 20,mt5
run_20260427_062651,GBP/USD,forex,M15,trend_momentum,ema_alignment,adx_min=25|ema_long=200|ema_mid=50|ema_short=20,both,all,NEEDS_MORE_DATA,14,,,,,,,,,,,,,,,,only 14 trades < min 20,mt5
run_20260427_062651,GBP/USD,forex,M15,trend_momentum,macd_direction,adx_min=0|fast=12|signal_period=9|slow=26,both,all,REJECT,81,0.135802,0.138125,-0.001285,-0.001285,-0.099122,-3.023929,-7.853373,0.081081,12.259259,-0.099024,-0.099024,-0.057529,-0.041279,0.615260,,,mt5
run_20260427_062651,GBP/USD,forex,M15,trend_momentum,macd_direction,adx_min=20|fast=12|signal_period=9|slow=26,both,all,REJECT,79,0.126582,0.139234,-0.001291,-0.001291,-0.097206,-2.983547,-7.749282,0.079079,12.215190,-0.097108,-0.097108,-0.057517,-0.039445,0.605741,,,mt5
run_20260427_062651,GBP/USD,forex,M15,pullback,pullback_ema,pullback_period=20|rsi_reclaim=False|rsi_threshold=50|trend_period=200,both,all,REJECT,69,0.043478,0.071333,-0.000966,-0.000966,-0.064941,-2.981801,-8.205811,0.069069,6.724638,-0.064555,-0.064555,-0.042785,-0.022743,0.559469,,,mt5
run_20260427_062651,GBP/USD,forex,M15,pullback,pullback_ema,pullback_period=20|rsi_reclaim=True|rsi_threshold=50|trend_period=200,both,all,REJECT,63,0.047619,0.084687,-0.000879,-0.000879,-0.054274,-3.066765,-9.158490,0.063063,7.206349,-0.053883,-0.053883,-0.034108,-0.020474,0.580076,,,mt5
run_20260427_062651,GBP/USD,forex,M15,pullback,pullback_ema,pullback_period=50|rsi_reclaim=False|rsi_threshold=50|trend_period=200,both,all,REJECT,44,0.022727,0.019122,-0.001280,-0.001280,-0.054809,-2.724186,-9.042268,0.044044,7.295455,-0.054809,-0.054809,-0.038732,-0.016724,0.493538,,,mt5
run_20260427_062651,GBP/USD,forex,M15,pullback,pullback_ema,pullback_period=50|rsi_reclaim=True|rsi_threshold=50|trend_period=200,both,all,REJECT,31,0.032258,0.029146,-0.001180,-0.001180,-0.035934,-2.532449,-11.155101,0.031031,6.870968,-0.035934,-0.035934,-0.021496,-0.014755,0.491927,,,mt5
run_20260427_062651,GBP/USD,forex,M15,breakout,prev_day_hl,atr_expand_min=0.0,both,all,NEEDS_MORE_DATA,4,,,,,,,,,,,,,,,,only 4 trades < min 20,mt5
run_20260427_062651,GBP/USD,forex,M15,breakout,prev_day_hl,atr_expand_min=0.5,both,all,NEEDS_MORE_DATA,4,,,,,,,,,,,,,,,,only 4 trades < min 20,mt5
run_20260427_062651,GBP/USD,forex,M15,breakout,prev_day_hl,atr_expand_min=1.0,both,all,NEEDS_MORE_DATA,4,,,,,,,,,,,,,,,,only 4 trades < min 20,mt5
run_20260427_062651,GBP/USD,forex,M15,breakout,session_opening_range,atr_expand_min=0.0|range_bars=6,both,all,REJECT,70,0.128571,0.126750,-0.001288,-0.001288,-0.086880,-2.951664,-7.996209,0.070070,14.028571,-0.086315,-0.086315,-0.061229,-0.024974,0.522364,,,mt5
run_20260427_062651,GBP/USD,forex,M15,breakout,session_opening_range,atr_expand_min=0.5|range_bars=6,both,all,REJECT,70,0.128571,0.126328,-0.001293,-0.001293,-0.087196,-2.958994,-8.033052,0.070070,13.900000,-0.086631,-0.086631,-0.061554,-0.024974,0.521719,,,mt5
run_20260427_062651,GBP/USD,forex,M15,breakout,session_opening_range,atr_expand_min=0.0|range_bars=12,both,all,REJECT,35,0.200000,0.248012,-0.001003,-0.001003,-0.036038,-1.603766,-3.768751,0.035035,27.971429,-0.034543,-0.034543,-0.020940,-0.015127,0.526720,,,mt5
run_20260427_062651,GBP/USD,forex,M15,breakout,session_opening_range,atr_expand_min=0.5|range_bars=12,both,all,REJECT,35,0.200000,0.248012,-0.001003,-0.001003,-0.036038,-1.603766,-3.768751,0.035035,27.971429,-0.034543,-0.034543,-0.020940,-0.015127,0.526720,,,mt5
run_20260427_062651,GBP/USD,forex,M15,breakout,london_breakout,atr_expand_min=0.0|utc_end=11|utc_start=7,both,all,NEEDS_MORE_DATA,15,,,,,,,,,,,,,,,,only 15 trades < min 20,mt5
run_20260427_062651,GBP/USD,forex,M15,breakout,london_breakout,atr_expand_min=0.5|utc_end=11|utc_start=7,both,all,NEEDS_MORE_DATA,15,,,,,,,,,,,,,,,,only 15 trades < min 20,mt5
run_20260427_062651,GBP/USD,forex,M15,breakout,ny_breakout,atr_expand_min=0.0|utc_end=16|utc_start=13,both,all,NEEDS_MORE_DATA,12,,,,,,,,,,,,,,,,only 12 trades < min 20,mt5
run_20260427_062651,GBP/USD,forex,M15,breakout,ny_breakout,atr_expand_min=0.5|utc_end=16|utc_start=13,both,all,NEEDS_MORE_DATA,12,,,,,,,,,,,,,,,,only 12 trades < min 20,mt5
run_20260427_062651,GBP/USD,forex,M15,mean_reversion,rsi_extreme,overbought=70|oversold=30|period=14,both,all,NEEDS_MORE_DATA,14,,,,,,,,,,,,,,,,only 14 trades < min 20,mt5
run_20260427_062651,GBP/USD,forex,M15,mean_reversion,rsi_extreme,overbought=75|oversold=30|period=14,both,all,NEEDS_MORE_DATA,12,,,,,,,,,,,,,,,,only 12 trades < min 20,mt5
run_20260427_062651,GBP/USD,forex,M15,mean_reversion,rsi_extreme,overbought=70|oversold=25|period=14,both,all,NEEDS_MORE_DATA,10,,,,,,,,,,,,,,,,only 10 trades < min 20,mt5
run_20260427_062651,GBP/USD,forex,M15,mean_reversion,rsi_extreme,overbought=75|oversold=25|period=14,both,all,NEEDS_MORE_DATA,8,,,,,,,,,,,,,,,,only 8 trades < min 20,mt5
run_20260427_062651,GBP/USD,forex,M15,mean_reversion,bollinger_touch,num_std=2.0|period=20,both,all,REJECT,39,0.333333,0.294777,-0.000469,-0.000469,-0.020069,-1.087995,-2.304823,0.039039,12.076923,-0.018142,-0.018142,-0.015940,-0.002237,0.376110,,,mt5
run_20260427_062651,GBP/USD,forex,M15,mean_reversion,bollinger_touch,num_std=2.5|period=20,both,all,REJECT,24,0.333333,0.372661,-0.000390,-0.000390,-0.010941,-0.676997,-1.401432,0.024024,13.291667,-0.009348,-0.009348,-0.007266,-0.002098,0.388953,,,mt5
run_20260427_062651,GBP/USD,forex,M15,mean_reversion,vwap_deviation,std_threshold=1.5,both,all,NEEDS_MORE_DATA,16,,,,,,,,,,,,,,,,only 16 trades < min 20,mt5
run_20260427_062651,GBP/USD,forex,M15,mean_reversion,vwap_deviation,std_threshold=2.0,both,all,NEEDS_MORE_DATA,10,,,,,,,,,,,,,,,,only 10 trades < min 20,mt5
run_20260427_062651,USD/JPY,forex,M15,trend_momentum,ema_cross,adx_min=0|fast_period=10|rsi_confirm=False|slow_period=50,both,all,REJECT,35,0.114286,0.121233,-0.001382,-0.001382,-0.047284,-2.182952,-6.285448,0.035035,27.914286,-0.047284,-0.047284,-0.019891,-0.025434,0.526400,,,mt5
run_20260427_062651,USD/JPY,forex,M15,trend_momentum,ema_cross,adx_min=0|fast_period=10|rsi_confirm=True|slow_period=50,both,all,REJECT,33,0.121212,0.130165,-0.001351,-0.001351,-0.043674,-2.076164,-5.856028,0.033033,29.484848,-0.043674,-0.043674,-0.016178,-0.025434,0.426348,,,mt5
run_20260427_062651,USD/JPY,forex,M15,trend_momentum,ema_cross,adx_min=20|fast_period=10|rsi_confirm=False|slow_period=50,both,all,REJECT,33,0.121212,0.129152,-0.001364,-0.001364,-0.044060,-2.078649,-5.870107,0.033033,27.969697,-0.044060,-0.044060,-0.016574,-0.025434,0.437634,,,mt5
run_20260427_062651,USD/JPY,forex,M15,trend_momentum,ema_cross,adx_min=20|fast_period=10|rsi_confirm=True|slow_period=50,both,all,REJECT,31,0.129032,0.139339,-0.001330,-0.001330,-0.040438,-1.967657,-5.436792,0.031031,29.645161,-0.040438,-0.040438,-0.012848,-0.025434,0.292129,,,mt5
run_20260427_062651,USD/JPY,forex,M15,trend_momentum,ema_cross,adx_min=25|fast_period=10|rsi_confirm=False|slow_period=50,both,all,REJECT,30,0.133333,0.147231,-0.001327,-0.001327,-0.039086,-1.912978,-5.232106,0.030030,28.966667,-0.039086,-0.039086,-0.015870,-0.021064,0.481822,,,mt5
run_20260427_062651,USD/JPY,forex,M15,trend_momentum,ema_cross,adx_min=25|fast_period=10|rsi_confirm=True|slow_period=50,both,all,REJECT,28,0.142857,0.160193,-0.001287,-0.001287,-0.035445,-1.794557,-4.792599,0.028028,30.892857,-0.035445,-0.035445,-0.012142,-0.021064,0.347543,,,mt5
run_20260427_062651,USD/JPY,forex,M15,trend_momentum,ema_cross,adx_min=0|fast_period=10|rsi_confirm=False|slow_period=100,both,all,REJECT,27,0.074074,0.046987,-0.001731,-0.001731,-0.045705,-2.218383,-8.118895,0.027027,36.037037,-0.045705,-0.045705,-0.029199,-0.017529,0.442094,,,mt5
run_20260427_062651,USD/JPY,forex,M15,trend_momentum,ema_cross,adx_min=0|fast_period=10|rsi_confirm=True|slow_period=100,both,all,REJECT,25,0.080000,0.050909,-0.001718,-0.001718,-0.042102,-2.115784,-7.604087,0.025025,38.760000,-0.042089,-0.042089,-0.025521,-0.017529,0.456050,,,mt5
run_20260427_062651,USD/JPY,forex,M15,trend_momentum,ema_cross,adx_min=20|fast_period=10|rsi_confirm=False|slow_period=100,both,all,REJECT,27,0.074074,0.046987,-0.001731,-0.001731,-0.045705,-2.218383,-8.118895,0.027027,36.037037,-0.045705,-0.045705,-0.029199,-0.017529,0.442094,,,mt5
run_20260427_062651,USD/JPY,forex,M15,trend_momentum,ema_cross,adx_min=20|fast_period=10|rsi_confirm=True|slow_period=100,both,all,REJECT,25,0.080000,0.050909,-0.001718,-0.001718,-0.042102,-2.115784,-7.604087,0.025025,38.760000,-0.042089,-0.042089,-0.025521,-0.017529,0.456050,,,mt5
run_20260427_062651,USD/JPY,forex,M15,trend_momentum,ema_cross,adx_min=25|fast_period=10|rsi_confirm=False|slow_period=100,both,all,REJECT,24,0.041667,0.034939,-0.001804,-0.001804,-0.042413,-2.146577,-8.444235,0.024024,34.166667,-0.042413,-0.042413,-0.026687,-0.016157,0.425626,,,mt5
run_20260427_062651,USD/JPY,forex,M15,trend_momentum,ema_cross,adx_min=25|fast_period=10|rsi_confirm=True|slow_period=100,both,all,REJECT,22,0.045455,0.038152,-0.001796,-0.001796,-0.038797,-2.040405,-7.886983,0.022022,37.090909,-0.038785,-0.038785,-0.022999,-0.016157,0.442748,,,mt5
run_20260427_062651,USD/JPY,forex,M15,trend_momentum,ema_cross,adx_min=0|fast_period=10|rsi_confirm=False|slow_period=200,both,all,NEEDS_MORE_DATA,19,,,,,,,,,,,,,,,,only 19 trades < min 20,mt5
run_20260427_062651,USD/JPY,forex,M15,trend_momentum,ema_cross,adx_min=0|fast_period=10|rsi_confirm=True|slow_period=200,both,all,NEEDS_MORE_DATA,17,,,,,,,,,,,,,,,,only 17 trades < min 20,mt5
run_20260427_062651,USD/JPY,forex,M15,trend_momentum,ema_cross,adx_min=20|fast_period=10|rsi_confirm=False|slow_period=200,both,all,NEEDS_MORE_DATA,16,,,,,,,,,,,,,,,,only 16 trades < min 20,mt5
run_20260427_062651,USD/JPY,forex,M15,trend_momentum,ema_cross,adx_min=20|fast_period=10|rsi_confirm=True|slow_period=200,both,all,NEEDS_MORE_DATA,14,,,,,,,,,,,,,,,,only 14 trades < min 20,mt5
run_20260427_062651,USD/JPY,forex,M15,trend_momentum,ema_cross,adx_min=25|fast_period=10|rsi_confirm=False|slow_period=200,both,all,NEEDS_MORE_DATA,15,,,,,,,,,,,,,,,,only 15 trades < min 20,mt5
run_20260427_062651,USD/JPY,forex,M15,trend_momentum,ema_cross,adx_min=25|fast_period=10|rsi_confirm=True|slow_period=200,both,all,NEEDS_MORE_DATA,13,,,,,,,,,,,,,,,,only 13 trades < min 20,mt5
run_20260427_062651,USD/JPY,forex,M15,trend_momentum,ema_cross,adx_min=0|fast_period=20|rsi_confirm=False|slow_period=50,both,all,REJECT,27,0.074074,0.086871,-0.001534,-0.001534,-0.040627,-2.051110,-6.473431,0.027027,36.111111,-0.040627,-0.040627,-0.023498,-0.018574,0.499139,,,mt5
run_20260427_062651,USD/JPY,forex,M15,trend_momentum,ema_cross,adx_min=0|fast_period=20|rsi_confirm=True|slow_period=50,both,all,REJECT,25,0.080000,0.094762,-0.001506,-0.001506,-0.038805,-1.938101,-5.966626,0.025025,38.840000,-0.036992,-0.036992,-0.019798,-0.018574,0.531454,,,mt5
run_20260427_062651,USD/JPY,forex,M15,trend_momentum,ema_cross,adx_min=20|fast_period=20|rsi_confirm=False|slow_period=50,both,all,REJECT,26,0.076923,0.091552,-0.001504,-0.001504,-0.038397,-1.987281,-6.160599,0.026026,36.500000,-0.038397,-0.038397,-0.021227,-0.018574,0.518500,,,mt5
run_20260427_062651,USD/JPY,forex,M15,trend_momentum,ema_cross,adx_min=20|fast_period=20|rsi_confirm=True|slow_period=50,both,all,REJECT,24,0.083333,0.100360,-0.001472,-0.001472,-0.036570,-1.870845,-5.649357,0.024024,39.375000,-0.034753,-0.034753,-0.017519,-0.018574,0.525935,,,mt5
run_20260427_062651,USD/JPY,forex,M15,trend_momentum,ema_cross,adx_min=25|fast_period=20|rsi_confirm=False|slow_period=50,both,all,REJECT,23,0.043478,0.069992,-0.001553,-0.001553,-0.035127,-1.940838,-6.398959,0.023023,34.565217,-0.035127,-0.035127,-0.018484,-0.016957,0.513223,,,mt5
run_20260427_062651,USD/JPY,forex,M15,trend_momentum,ema_cross,adx_min=25|fast_period=20|rsi_confirm=True|slow_period=50,both,all,REJECT,21,0.047619,0.077628,-0.001521,-0.001521,-0.033295,-1.820133,-5.827307,0.021021,37.666667,-0.031471,-0.031471,-0.014765,-0.016957,0.481458,,,mt5
run_20260427_062651,USD/JPY,forex,M15,trend_momentum,ema_cross,adx_min=0|fast_period=20|rsi_confirm=False|slow_period=100,both,all,NEEDS_MORE_DATA,15,,,,,,,,,,,,,,,,only 15 trades < min 20,mt5
run_20260427_062651,USD/JPY,forex,M15,trend_momentum,ema_cross,adx_min=0|fast_period=20|rsi_confirm=True|slow_period=100,both,all,NEEDS_MORE_DATA,13,,,,,,,,,,,,,,,,only 13 trades < min 20,mt5
run_20260427_062651,USD/JPY,forex,M15,trend_momentum,ema_cross,adx_min=20|fast_period=20|rsi_confirm=False|slow_period=100,both,all,NEEDS_MORE_DATA,15,,,,,,,,,,,,,,,,only 15 trades < min 20,mt5
run_20260427_062651,USD/JPY,forex,M15,trend_momentum,ema_cross,adx_min=20|fast_period=20|rsi_confirm=True|slow_period=100,both,all,NEEDS_MORE_DATA,13,,,,,,,,,,,,,,,,only 13 trades < min 20,mt5
run_20260427_062651,USD/JPY,forex,M15,trend_momentum,ema_cross,adx_min=25|fast_period=20|rsi_confirm=False|slow_period=100,both,all,NEEDS_MORE_DATA,14,,,,,,,,,,,,,,,,only 14 trades < min 20,mt5
run_20260427_062651,USD/JPY,forex,M15,trend_momentum,ema_cross,adx_min=25|fast_period=20|rsi_confirm=True|slow_period=100,both,all,NEEDS_MORE_DATA,12,,,,,,,,,,,,,,,,only 12 trades < min 20,mt5
run_20260427_062651,USD/JPY,forex,M15,trend_momentum,ema_cross,adx_min=0|fast_period=20|rsi_confirm=False|slow_period=200,both,all,NEEDS_MORE_DATA,13,,,,,,,,,,,,,,,,only 13 trades < min 20,mt5
run_20260427_062651,USD/JPY,forex,M15,trend_momentum,ema_cross,adx_min=0|fast_period=20|rsi_confirm=True|slow_period=200,both,all,NEEDS_MORE_DATA,11,,,,,,,,,,,,,,,,only 11 trades < min 20,mt5
run_20260427_062651,USD/JPY,forex,M15,trend_momentum,ema_cross,adx_min=20|fast_period=20|rsi_confirm=False|slow_period=200,both,all,NEEDS_MORE_DATA,12,,,,,,,,,,,,,,,,only 12 trades < min 20,mt5
run_20260427_062651,USD/JPY,forex,M15,trend_momentum,ema_cross,adx_min=20|fast_period=20|rsi_confirm=True|slow_period=200,both,all,NEEDS_MORE_DATA,10,,,,,,,,,,,,,,,,only 10 trades < min 20,mt5
run_20260427_062651,USD/JPY,forex,M15,trend_momentum,ema_cross,adx_min=25|fast_period=20|rsi_confirm=False|slow_period=200,both,all,NEEDS_MORE_DATA,12,,,,,,,,,,,,,,,,only 12 trades < min 20,mt5
run_20260427_062651,USD/JPY,forex,M15,trend_momentum,ema_cross,adx_min=25|fast_period=20|rsi_confirm=True|slow_period=200,both,all,NEEDS_MORE_DATA,10,,,,,,,,,,,,,,,,only 10 trades < min 20,mt5
run_20260427_062651,USD/JPY,forex,M15,trend_momentum,ema_alignment,adx_min=0|ema_long=200|ema_mid=50|ema_short=20,both,all,NEEDS_MORE_DATA,17,,,,,,,,,,,,,,,,only 17 trades < min 20,mt5
run_20260427_062651,USD/JPY,forex,M15,trend_momentum,ema_alignment,adx_min=20|ema_long=200|ema_mid=50|ema_short=20,both,all,NEEDS_MORE_DATA,17,,,,,,,,,,,,,,,,only 17 trades < min 20,mt5
run_20260427_062651,USD/JPY,forex,M15,trend_momentum,ema_alignment,adx_min=25|ema_long=200|ema_mid=50|ema_short=20,both,all,NEEDS_MORE_DATA,17,,,,,,,,,,,,,,,,only 17 trades < min 20,mt5
run_20260427_062651,USD/JPY,forex,M15,trend_momentum,macd_direction,adx_min=0|fast=12|signal_period=9|slow=26,both,all,REJECT,86,0.162791,0.130143,-0.001074,-0.001074,-0.088585,-3.113329,-8.065642,0.086086,11.558140,-0.088365,-0.088365,-0.053868,-0.033968,0.589174,,,mt5
run_20260427_062651,USD/JPY,forex,M15,trend_momentum,macd_direction,adx_min=20|fast=12|signal_period=9|slow=26,both,all,REJECT,84,0.154762,0.131294,-0.001088,-0.001088,-0.087693,-3.088525,-8.028536,0.084084,11.321429,-0.087473,-0.087473,-0.052943,-0.033968,0.592483,,,mt5
run_20260427_062651,USD/JPY,forex,M15,pullback,pullback_ema,pullback_period=20|rsi_reclaim=False|rsi_threshold=50|trend_period=200,both,all,REJECT,76,0.092105,0.040039,-0.000998,-0.000998,-0.073347,-3.852327,-14.398195,0.076076,6.881579,-0.073071,-0.073071,-0.057216,-0.015845,0.483080,,,mt5
run_20260427_062651,USD/JPY,forex,M15,pullback,pullback_ema,pullback_period=20|rsi_reclaim=True|rsi_threshold=50|trend_period=200,both,all,REJECT,70,0.085714,0.039607,-0.000993,-0.000993,-0.067161,-3.727325,-14.353300,0.070070,7.000000,-0.067161,-0.067161,-0.051872,-0.015152,0.487632,,,mt5
run_20260427_062651,USD/JPY,forex,M15,pullback,pullback_ema,pullback_period=50|rsi_reclaim=False|rsi_threshold=50|trend_period=200,both,all,REJECT,42,0.047619,0.028428,-0.001047,-0.001047,-0.043044,-2.871051,-11.349660,0.042042,10.380952,-0.043044,-0.043044,-0.030966,-0.011437,0.462807,,,mt5
run_20260427_062651,USD/JPY,forex,M15,pullback,pullback_ema,pullback_period=50|rsi_reclaim=True|rsi_threshold=50|trend_period=200,both,all,REJECT,27,0.000000,0.000000,-0.001150,-0.001150,-0.030581,-2.469283,-13.744737,0.027027,10.148148,-0.030581,-0.030581,-0.020540,-0.009223,0.396710,,,mt5
run_20260427_062651,USD/JPY,forex,M15,breakout,prev_day_hl,atr_expand_min=0.0,both,all,NEEDS_MORE_DATA,6,,,,,,,,,,,,,,,,only 6 trades < min 20,mt5
run_20260427_062651,USD/JPY,forex,M15,breakout,prev_day_hl,atr_expand_min=0.5,both,all,NEEDS_MORE_DATA,6,,,,,,,,,,,,,,,,only 6 trades < min 20,mt5
run_20260427_062651,USD/JPY,forex,M15,breakout,prev_day_hl,atr_expand_min=1.0,both,all,NEEDS_MORE_DATA,5,,,,,,,,,,,,,,,,only 5 trades < min 20,mt5
run_20260427_062651,USD/JPY,forex,M15,breakout,session_opening_range,atr_expand_min=0.0|range_bars=6,both,all,REJECT,64,0.078125,0.085667,-0.001256,-0.001256,-0.077310,-3.004121,-8.671359,0.064064,15.421875,-0.077310,-0.077310,-0.054245,-0.022983,0.527108,,,mt5
run_20260427_062651,USD/JPY,forex,M15,breakout,session_opening_range,atr_expand_min=0.5|range_bars=6,both,all,REJECT,62,0.080645,0.088728,-0.001247,-0.001247,-0.074505,-2.922667,-8.341075,0.062062,15.306452,-0.074505,-0.074505,-0.052888,-0.021417,0.521484,,,mt5
run_20260427_062651,USD/JPY,forex,M15,breakout,session_opening_range,atr_expand_min=0.0|range_bars=12,both,all,REJECT,33,0.121212,0.183866,-0.001152,-0.001152,-0.037372,-1.651484,-3.981138,0.033033,28.969697,-0.037372,-0.037372,-0.026907,-0.011509,0.426318,,,mt5
run_20260427_062651,USD/JPY,forex,M15,breakout,session_opening_range,atr_expand_min=0.5|range_bars=12,both,all,REJECT,33,0.121212,0.183913,-0.001152,-0.001152,-0.037361,-1.651179,-3.980061,0.033033,28.787879,-0.037361,-0.037361,-0.026907,-0.011497,0.426186,,,mt5
run_20260427_062651,USD/JPY,forex,M15,breakout,london_breakout,atr_expand_min=0.0|utc_end=11|utc_start=7,both,all,NEEDS_MORE_DATA,16,,,,,,,,,,,,,,,,only 16 trades < min 20,mt5
run_20260427_062651,USD/JPY,forex,M15,breakout,london_breakout,atr_expand_min=0.5|utc_end=11|utc_start=7,both,all,NEEDS_MORE_DATA,16,,,,,,,,,,,,,,,,only 16 trades < min 20,mt5
run_20260427_062651,USD/JPY,forex,M15,breakout,ny_breakout,atr_expand_min=0.0|utc_end=16|utc_start=13,both,all,NEEDS_MORE_DATA,14,,,,,,,,,,,,,,,,only 14 trades < min 20,mt5
run_20260427_062651,USD/JPY,forex,M15,breakout,ny_breakout,atr_expand_min=0.5|utc_end=16|utc_start=13,both,all,NEEDS_MORE_DATA,14,,,,,,,,,,,,,,,,only 14 trades < min 20,mt5
run_20260427_062651,USD/JPY,forex,M15,mean_reversion,rsi_extreme,overbought=70|oversold=30|period=14,both,all,NEEDS_MORE_DATA,15,,,,,,,,,,,,,,,,only 15 trades < min 20,mt5
run_20260427_062651,USD/JPY,forex,M15,mean_reversion,rsi_extreme,overbought=75|oversold=30|period=14,both,all,NEEDS_MORE_DATA,10,,,,,,,,,,,,,,,,only 10 trades < min 20,mt5
run_20260427_062651,USD/JPY,forex,M15,mean_reversion,rsi_extreme,overbought=70|oversold=25|period=14,both,all,NEEDS_MORE_DATA,11,,,,,,,,,,,,,,,,only 11 trades < min 20,mt5
run_20260427_062651,USD/JPY,forex,M15,mean_reversion,rsi_extreme,overbought=75|oversold=25|period=14,both,all,NEEDS_MORE_DATA,6,,,,,,,,,,,,,,,,only 6 trades < min 20,mt5
run_20260427_062651,USD/JPY,forex,M15,mean_reversion,bollinger_touch,num_std=2.0|period=20,both,all,REJECT,43,0.372093,0.155607,-0.000530,-0.000530,-0.022551,-1.438716,-3.170374,0.043043,11.465116,-0.022551,-0.022551,-0.019151,-0.003466,0.412303,,,mt5
run_20260427_062651,USD/JPY,forex,M15,mean_reversion,bollinger_touch,num_std=2.5|period=20,both,all,REJECT,27,0.518519,0.438293,-0.000186,-0.000186,-0.005975,-0.705622,-1.458515,0.027027,11.185185,-0.005004,-0.005004,-0.005587,0.000586,0.376837,,,mt5
run_20260427_062651,USD/JPY,forex,M15,mean_reversion,vwap_deviation,std_threshold=1.5,both,all,NEEDS_MORE_DATA,10,,,,,,,,,,,,,,,,only 10 trades < min 20,mt5
run_20260427_062651,USD/JPY,forex,M15,mean_reversion,vwap_deviation,std_threshold=2.0,both,all,NEEDS_MORE_DATA,9,,,,,,,,,,,,,,,,only 9 trades < min 20,mt5
run_20260427_062651,EUR/USD,forex,M15,trend_momentum,ema_cross,adx_min=0|fast_period=10|rsi_confirm=False|slow_period=50,both,all,REJECT,22,0.318182,0.349069,-0.000882,-0.000882,-0.019288,-0.848118,-1.808094,0.022022,44.272727,-0.019288,-0.019288,-0.013363,-0.006906,0.387032,,,mt5
run_20260427_062651,EUR/USD,forex,M15,trend_momentum,ema_cross,adx_min=0|fast_period=10|rsi_confirm=True|slow_period=50,both,all,REJECT,21,0.333333,0.440201,-0.000630,-0.000630,-0.016220,-0.681267,-1.419420,0.021021,46.333333,-0.013197,-0.013197,-0.007235,-0.006906,0.516123,,,mt5
run_20260427_062651,EUR/USD,forex,M15,trend_momentum,ema_cross,adx_min=20|fast_period=10|rsi_confirm=False|slow_period=50,both,all,REJECT,22,0.318182,0.349069,-0.000882,-0.000882,-0.019288,-0.848118,-1.808094,0.022022,44.272727,-0.019288,-0.019288,-0.013363,-0.006906,0.387032,,,mt5
run_20260427_062651,EUR/USD,forex,M15,trend_momentum,ema_cross,adx_min=20|fast_period=10|rsi_confirm=True|slow_period=50,both,all,REJECT,21,0.333333,0.440201,-0.000630,-0.000630,-0.016220,-0.681267,-1.419420,0.021021,46.333333,-0.013197,-0.013197,-0.007235,-0.006906,0.516123,,,mt5
run_20260427_062651,EUR/USD,forex,M15,trend_momentum,ema_cross,adx_min=25|fast_period=10|rsi_confirm=False|slow_period=50,both,all,NEEDS_MORE_DATA,15,,,,,,,,,,,,,,,,only 15 trades < min 20,mt5
run_20260427_062651,EUR/USD,forex,M15,trend_momentum,ema_cross,adx_min=25|fast_period=10|rsi_confirm=True|slow_period=50,both,all,NEEDS_MORE_DATA,14,,,,,,,,,,,,,,,,only 14 trades < min 20,mt5
run_20260427_062651,EUR/USD,forex,M15,trend_momentum,ema_cross,adx_min=0|fast_period=10|rsi_confirm=False|slow_period=100,both,all,NEEDS_MORE_DATA,14,,,,,,,,,,,,,,,,only 14 trades < min 20,mt5
run_20260427_062651,EUR/USD,forex,M15,trend_momentum,ema_cross,adx_min=0|fast_period=10|rsi_confirm=True|slow_period=100,both,all,NEEDS_MORE_DATA,13,,,,,,,,,,,,,,,,only 13 trades < min 20,mt5
run_20260427_062651,EUR/USD,forex,M15,trend_momentum,ema_cross,adx_min=20|fast_period=10|rsi_confirm=False|slow_period=100,both,all,NEEDS_MORE_DATA,14,,,,,,,,,,,,,,,,only 14 trades < min 20,mt5
run_20260427_062651,EUR/USD,forex,M15,trend_momentum,ema_cross,adx_min=20|fast_period=10|rsi_confirm=True|slow_period=100,both,all,NEEDS_MORE_DATA,13,,,,,,,,,,,,,,,,only 13 trades < min 20,mt5
run_20260427_062651,EUR/USD,forex,M15,trend_momentum,ema_cross,adx_min=25|fast_period=10|rsi_confirm=False|slow_period=100,both,all,NEEDS_MORE_DATA,13,,,,,,,,,,,,,,,,only 13 trades < min 20,mt5
run_20260427_062651,EUR/USD,forex,M15,trend_momentum,ema_cross,adx_min=25|fast_period=10|rsi_confirm=True|slow_period=100,both,all,NEEDS_MORE_DATA,12,,,,,,,,,,,,,,,,only 12 trades < min 20,mt5
run_20260427_062651,EUR/USD,forex,M15,trend_momentum,ema_cross,adx_min=0|fast_period=10|rsi_confirm=False|slow_period=200,both,all,NEEDS_MORE_DATA,10,,,,,,,,,,,,,,,,only 10 trades < min 20,mt5
run_20260427_062651,EUR/USD,forex,M15,trend_momentum,ema_cross,adx_min=0|fast_period=10|rsi_confirm=True|slow_period=200,both,all,NEEDS_MORE_DATA,9,,,,,,,,,,,,,,,,only 9 trades < min 20,mt5
run_20260427_062651,EUR/USD,forex,M15,trend_momentum,ema_cross,adx_min=20|fast_period=10|rsi_confirm=False|slow_period=200,both,all,NEEDS_MORE_DATA,10,,,,,,,,,,,,,,,,only 10 trades < min 20,mt5
run_20260427_062651,EUR/USD,forex,M15,trend_momentum,ema_cross,adx_min=20|fast_period=10|rsi_confirm=True|slow_period=200,both,all,NEEDS_MORE_DATA,9,,,,,,,,,,,,,,,,only 9 trades < min 20,mt5
run_20260427_062651,EUR/USD,forex,M15,trend_momentum,ema_cross,adx_min=25|fast_period=10|rsi_confirm=False|slow_period=200,both,all,NEEDS_MORE_DATA,9,,,,,,,,,,,,,,,,only 9 trades < min 20,mt5
run_20260427_062651,EUR/USD,forex,M15,trend_momentum,ema_cross,adx_min=25|fast_period=10|rsi_confirm=True|slow_period=200,both,all,NEEDS_MORE_DATA,8,,,,,,,,,,,,,,,,only 8 trades < min 20,mt5
run_20260427_062651,EUR/USD,forex,M15,trend_momentum,ema_cross,adx_min=0|fast_period=20|rsi_confirm=False|slow_period=50,both,all,NEEDS_MORE_DATA,14,,,,,,,,,,,,,,,,only 14 trades < min 20,mt5
run_20260427_062651,EUR/USD,forex,M15,trend_momentum,ema_cross,adx_min=0|fast_period=20|rsi_confirm=True|slow_period=50,both,all,NEEDS_MORE_DATA,13,,,,,,,,,,,,,,,,only 13 trades < min 20,mt5
run_20260427_062651,EUR/USD,forex,M15,trend_momentum,ema_cross,adx_min=20|fast_period=20|rsi_confirm=False|slow_period=50,both,all,NEEDS_MORE_DATA,13,,,,,,,,,,,,,,,,only 13 trades < min 20,mt5
run_20260427_062651,EUR/USD,forex,M15,trend_momentum,ema_cross,adx_min=20|fast_period=20|rsi_confirm=True|slow_period=50,both,all,NEEDS_MORE_DATA,12,,,,,,,,,,,,,,,,only 12 trades < min 20,mt5
run_20260427_062651,EUR/USD,forex,M15,trend_momentum,ema_cross,adx_min=25|fast_period=20|rsi_confirm=False|slow_period=50,both,all,NEEDS_MORE_DATA,11,,,,,,,,,,,,,,,,only 11 trades < min 20,mt5
run_20260427_062651,EUR/USD,forex,M15,trend_momentum,ema_cross,adx_min=25|fast_period=20|rsi_confirm=True|slow_period=50,both,all,NEEDS_MORE_DATA,10,,,,,,,,,,,,,,,,only 10 trades < min 20,mt5
run_20260427_062651,EUR/USD,forex,M15,trend_momentum,ema_cross,adx_min=0|fast_period=20|rsi_confirm=False|slow_period=100,both,all,NEEDS_MORE_DATA,10,,,,,,,,,,,,,,,,only 10 trades < min 20,mt5
run_20260427_062651,EUR/USD,forex,M15,trend_momentum,ema_cross,adx_min=0|fast_period=20|rsi_confirm=True|slow_period=100,both,all,NEEDS_MORE_DATA,9,,,,,,,,,,,,,,,,only 9 trades < min 20,mt5
run_20260427_062651,EUR/USD,forex,M15,trend_momentum,ema_cross,adx_min=20|fast_period=20|rsi_confirm=False|slow_period=100,both,all,NEEDS_MORE_DATA,10,,,,,,,,,,,,,,,,only 10 trades < min 20,mt5
run_20260427_062651,EUR/USD,forex,M15,trend_momentum,ema_cross,adx_min=20|fast_period=20|rsi_confirm=True|slow_period=100,both,all,NEEDS_MORE_DATA,9,,,,,,,,,,,,,,,,only 9 trades < min 20,mt5
run_20260427_062651,EUR/USD,forex,M15,trend_momentum,ema_cross,adx_min=25|fast_period=20|rsi_confirm=False|slow_period=100,both,all,NEEDS_MORE_DATA,9,,,,,,,,,,,,,,,,only 9 trades < min 20,mt5
run_20260427_062651,EUR/USD,forex,M15,trend_momentum,ema_cross,adx_min=25|fast_period=20|rsi_confirm=True|slow_period=100,both,all,NEEDS_MORE_DATA,8,,,,,,,,,,,,,,,,only 8 trades < min 20,mt5
run_20260427_062651,EUR/USD,forex,M15,trend_momentum,ema_cross,adx_min=0|fast_period=20|rsi_confirm=False|slow_period=200,both,all,NEEDS_MORE_DATA,8,,,,,,,,,,,,,,,,only 8 trades < min 20,mt5
run_20260427_062651,EUR/USD,forex,M15,trend_momentum,ema_cross,adx_min=0|fast_period=20|rsi_confirm=True|slow_period=200,both,all,NEEDS_MORE_DATA,7,,,,,,,,,,,,,,,,only 7 trades < min 20,mt5
run_20260427_062651,EUR/USD,forex,M15,trend_momentum,ema_cross,adx_min=20|fast_period=20|rsi_confirm=False|slow_period=200,both,all,NEEDS_MORE_DATA,8,,,,,,,,,,,,,,,,only 8 trades < min 20,mt5
run_20260427_062651,EUR/USD,forex,M15,trend_momentum,ema_cross,adx_min=20|fast_period=20|rsi_confirm=True|slow_period=200,both,all,NEEDS_MORE_DATA,7,,,,,,,,,,,,,,,,only 7 trades < min 20,mt5
run_20260427_062651,EUR/USD,forex,M15,trend_momentum,ema_cross,adx_min=25|fast_period=20|rsi_confirm=False|slow_period=200,both,all,NEEDS_MORE_DATA,7,,,,,,,,,,,,,,,,only 7 trades < min 20,mt5
run_20260427_062651,EUR/USD,forex,M15,trend_momentum,ema_cross,adx_min=25|fast_period=20|rsi_confirm=True|slow_period=200,both,all,NEEDS_MORE_DATA,6,,,,,,,,,,,,,,,,only 6 trades < min 20,mt5
run_20260427_062651,EUR/USD,forex,M15,trend_momentum,ema_alignment,adx_min=0|ema_long=200|ema_mid=50|ema_short=20,both,all,NEEDS_MORE_DATA,11,,,,,,,,,,,,,,,,only 11 trades < min 20,mt5
run_20260427_062651,EUR/USD,forex,M15,trend_momentum,ema_alignment,adx_min=20|ema_long=200|ema_mid=50|ema_short=20,both,all,NEEDS_MORE_DATA,11,,,,,,,,,,,,,,,,only 11 trades < min 20,mt5
run_20260427_062651,EUR/USD,forex,M15,trend_momentum,ema_alignment,adx_min=25|ema_long=200|ema_mid=50|ema_short=20,both,all,NEEDS_MORE_DATA,11,,,,,,,,,,,,,,,,only 11 trades < min 20,mt5
run_20260427_062651,EUR/USD,forex,M15,trend_momentum,macd_direction,adx_min=0|fast=12|signal_period=9|slow=26,both,all,REJECT,65,0.153846,0.174832,-0.001110,-0.001110,-0.069786,-2.406454,-5.858886,0.065065,15.276923,-0.069708,-0.069708,-0.051831,-0.016290,0.494287,,,mt5
run_20260427_062651,EUR/USD,forex,M15,trend_momentum,macd_direction,adx_min=20|fast=12|signal_period=9|slow=26,both,all,REJECT,62,0.161290,0.190203,-0.001063,-0.001063,-0.063982,-2.257699,-5.398644,0.062062,15.532258,-0.063903,-0.063903,-0.049749,-0.014895,0.489822,,,mt5
run_20260427_062651,EUR/USD,forex,M15,pullback,pullback_ema,pullback_period=20|rsi_reclaim=False|rsi_threshold=50|trend_period=200,both,all,REJECT,71,0.042254,0.046974,-0.001024,-0.001024,-0.070446,-3.351057,-10.337775,0.071071,6.295775,-0.070214,-0.070214,-0.054291,-0.015898,0.487852,,,mt5
run_20260427_062651,EUR/USD,forex,M15,pullback,pullback_ema,pullback_period=20|rsi_reclaim=True|rsi_threshold=50|trend_period=200,both,all,REJECT,64,0.046875,0.055932,-0.000946,-0.000946,-0.058994,-3.437419,-12.213967,0.064064,6.765625,-0.058759,-0.058759,-0.044894,-0.013576,0.490721,,,mt5
run_20260427_062651,EUR/USD,forex,M15,pullback,pullback_ema,pullback_period=50|rsi_reclaim=False|rsi_threshold=50|trend_period=200,both,all,REJECT,30,0.066667,0.086010,-0.001069,-0.001069,-0.031607,-1.850789,-4.924541,0.030030,12.133333,-0.031607,-0.031607,-0.028125,-0.001874,0.299992,,,mt5
run_20260427_062651,EUR/USD,forex,M15,pullback,pullback_ema,pullback_period=50|rsi_reclaim=True|rsi_threshold=50|trend_period=200,both,all,NEEDS_MORE_DATA,16,,,,,,,,,,,,,,,,only 16 trades < min 20,mt5
run_20260427_062651,EUR/USD,forex,M15,breakout,prev_day_hl,atr_expand_min=0.0,both,all,NEEDS_MORE_DATA,6,,,,,,,,,,,,,,,,only 6 trades < min 20,mt5
run_20260427_062651,EUR/USD,forex,M15,breakout,prev_day_hl,atr_expand_min=0.5,both,all,NEEDS_MORE_DATA,6,,,,,,,,,,,,,,,,only 6 trades < min 20,mt5
run_20260427_062651,EUR/USD,forex,M15,breakout,prev_day_hl,atr_expand_min=1.0,both,all,NEEDS_MORE_DATA,6,,,,,,,,,,,,,,,,only 6 trades < min 20,mt5
run_20260427_062651,EUR/USD,forex,M15,breakout,session_opening_range,atr_expand_min=0.0|range_bars=6,both,all,REJECT,71,0.112676,0.123437,-0.001268,-0.001268,-0.086627,-2.943565,-7.905594,0.071071,13.788732,-0.086238,-0.086238,-0.065622,-0.020438,0.493434,,,mt5
run_20260427_062651,EUR/USD,forex,M15,breakout,session_opening_range,atr_expand_min=0.5|range_bars=6,both,all,REJECT,71,0.098592,0.120382,-0.001282,-0.001282,-0.087500,-2.968459,-8.028402,0.071071,13.661972,-0.087111,-0.087111,-0.066143,-0.020828,0.494467,,,mt5
run_20260427_062651,EUR/USD,forex,M15,breakout,session_opening_range,atr_expand_min=0.0|range_bars=12,both,all,REJECT,39,0.205128,0.181248,-0.001174,-0.001174,-0.044831,-1.937912,-4.852915,0.039039,25.179487,-0.044831,-0.044831,-0.031783,-0.014252,0.468520,,,mt5
run_20260427_062651,EUR/USD,forex,M15,breakout,session_opening_range,atr_expand_min=0.5|range_bars=12,both,all,REJECT,39,0.205128,0.181248,-0.001174,-0.001174,-0.044831,-1.937912,-4.852915,0.039039,25.179487,-0.044831,-0.044831,-0.031783,-0.014252,0.468520,,,mt5
run_20260427_062651,EUR/USD,forex,M15,breakout,london_breakout,atr_expand_min=0.0|utc_end=11|utc_start=7,both,all,NEEDS_MORE_DATA,15,,,,,,,,,,,,,,,,only 15 trades < min 20,mt5
run_20260427_062651,EUR/USD,forex,M15,breakout,london_breakout,atr_expand_min=0.5|utc_end=11|utc_start=7,both,all,NEEDS_MORE_DATA,15,,,,,,,,,,,,,,,,only 15 trades < min 20,mt5
run_20260427_062651,EUR/USD,forex,M15,breakout,ny_breakout,atr_expand_min=0.0|utc_end=16|utc_start=13,both,all,NEEDS_MORE_DATA,11,,,,,,,,,,,,,,,,only 11 trades < min 20,mt5
run_20260427_062651,EUR/USD,forex,M15,breakout,ny_breakout,atr_expand_min=0.5|utc_end=16|utc_start=13,both,all,NEEDS_MORE_DATA,11,,,,,,,,,,,,,,,,only 11 trades < min 20,mt5
run_20260427_062651,EUR/USD,forex,M15,mean_reversion,rsi_extreme,overbought=70|oversold=30|period=14,both,all,NEEDS_MORE_DATA,14,,,,,,,,,,,,,,,,only 14 trades < min 20,mt5
run_20260427_062651,EUR/USD,forex,M15,mean_reversion,rsi_extreme,overbought=75|oversold=30|period=14,both,all,NEEDS_MORE_DATA,11,,,,,,,,,,,,,,,,only 11 trades < min 20,mt5
run_20260427_062651,EUR/USD,forex,M15,mean_reversion,rsi_extreme,overbought=70|oversold=25|period=14,both,all,NEEDS_MORE_DATA,10,,,,,,,,,,,,,,,,only 10 trades < min 20,mt5
run_20260427_062651,EUR/USD,forex,M15,mean_reversion,rsi_extreme,overbought=75|oversold=25|period=14,both,all,NEEDS_MORE_DATA,7,,,,,,,,,,,,,,,,only 7 trades < min 20,mt5
run_20260427_062651,EUR/USD,forex,M15,mean_reversion,bollinger_touch,num_std=2.0|period=20,both,all,REJECT,35,0.228571,0.092374,-0.000740,-0.000740,-0.025974,-1.487322,-3.403113,0.035035,14.000000,-0.025604,-0.025604,-0.019411,-0.006315,0.407601,,,mt5
run_20260427_062651,EUR/USD,forex,M15,mean_reversion,bollinger_touch,num_std=2.5|period=20,both,all,REJECT,21,0.380952,0.116122,-0.000587,-0.000587,-0.012640,-1.089741,-2.457469,0.021021,15.380952,-0.012265,-0.012265,-0.006937,-0.005366,0.478883,,,mt5
run_20260427_062651,EUR/USD,forex,M15,mean_reversion,vwap_deviation,std_threshold=1.5,both,all,NEEDS_MORE_DATA,9,,,,,,,,,,,,,,,,only 9 trades < min 20,mt5
run_20260427_062651,EUR/USD,forex,M15,mean_reversion,vwap_deviation,std_threshold=2.0,both,all,NEEDS_MORE_DATA,8,,,,,,,,,,,,,,,,only 8 trades < min 20,mt5
run_20260427_062651,AUD/USD,forex,M15,trend_momentum,ema_cross,adx_min=0|fast_period=10|rsi_confirm=False|slow_period=50,both,all,REJECT,27,0.222222,0.391338,-0.000937,-0.000937,-0.030626,-0.835653,-1.754570,0.027027,35.851852,-0.025085,-0.025085,-0.001953,-0.021442,0.262000,,,mt5
run_20260427_062651,AUD/USD,forex,M15,trend_momentum,ema_cross,adx_min=0|fast_period=10|rsi_confirm=True|slow_period=50,both,all,REJECT,27,0.222222,0.391338,-0.000937,-0.000937,-0.030626,-0.835653,-1.754570,0.027027,35.851852,-0.025085,-0.025085,-0.001953,-0.021442,0.262000,,,mt5
run_20260427_062651,AUD/USD,forex,M15,trend_momentum,ema_cross,adx_min=20|fast_period=10|rsi_confirm=False|slow_period=50,both,all,REJECT,23,0.260870,0.438903,-0.000915,-0.000915,-0.026796,-0.702345,-1.461170,0.023023,38.521739,-0.020933,-0.020933,-0.001647,-0.017576,0.238000,,,mt5
run_20260427_062651,AUD/USD,forex,M15,trend_momentum,ema_cross,adx_min=20|fast_period=10|rsi_confirm=True|slow_period=50,both,all,REJECT,23,0.260870,0.438903,-0.000915,-0.000915,-0.026796,-0.702345,-1.461170,0.023023,38.521739,-0.020933,-0.020933,-0.001647,-0.017576,0.238000,,,mt5
run_20260427_062651,AUD/USD,forex,M15,trend_momentum,ema_cross,adx_min=25|fast_period=10|rsi_confirm=False|slow_period=50,both,all,NEEDS_MORE_DATA,18,,,,,,,,,,,,,,,,only 18 trades < min 20,mt5
run_20260427_062651,AUD/USD,forex,M15,trend_momentum,ema_cross,adx_min=25|fast_period=10|rsi_confirm=True|slow_period=50,both,all,NEEDS_MORE_DATA,18,,,,,,,,,,,,,,,,only 18 trades < min 20,mt5
run_20260427_062651,AUD/USD,forex,M15,trend_momentum,ema_cross,adx_min=0|fast_period=10|rsi_confirm=False|slow_period=100,both,all,REJECT,23,0.086957,0.284908,-0.001359,-0.001359,-0.042834,-0.966500,-2.097518,0.023023,40.086957,-0.030909,-0.030909,-0.005868,-0.021937,0.238000,,,mt5
run_20260427_062651,AUD/USD,forex,M15,trend_momentum,ema_cross,adx_min=0|fast_period=10|rsi_confirm=True|slow_period=100,both,all,REJECT,23,0.086957,0.284908,-0.001359,-0.001359,-0.042834,-0.966500,-2.097518,0.023023,40.086957,-0.030909,-0.030909,-0.005868,-0.021937,0.238000,,,mt5
run_20260427_062651,AUD/USD,forex,M15,trend_momentum,ema_cross,adx_min=20|fast_period=10|rsi_confirm=False|slow_period=100,both,all,REJECT,21,0.095238,0.301759,-0.001373,-0.001373,-0.040492,-0.897986,-1.939317,0.021021,37.190476,-0.028538,-0.028538,-0.004854,-0.020543,0.226000,,,mt5
run_20260427_062651,AUD/USD,forex,M15,trend_momentum,ema_cross,adx_min=20|fast_period=10|rsi_confirm=True|slow_period=100,both,all,REJECT,21,0.095238,0.301759,-0.001373,-0.001373,-0.040492,-0.897986,-1.939317,0.021021,37.190476,-0.028538,-0.028538,-0.004854,-0.020543,0.226000,,,mt5
run_20260427_062651,AUD/USD,forex,M15,trend_momentum,ema_cross,adx_min=25|fast_period=10|rsi_confirm=False|slow_period=100,both,all,NEEDS_MORE_DATA,14,,,,,,,,,,,,,,,,only 14 trades < min 20,mt5
run_20260427_062651,AUD/USD,forex,M15,trend_momentum,ema_cross,adx_min=25|fast_period=10|rsi_confirm=True|slow_period=100,both,all,NEEDS_MORE_DATA,14,,,,,,,,,,,,,,,,only 14 trades < min 20,mt5
run_20260427_062651,AUD/USD,forex,M15,trend_momentum,ema_cross,adx_min=0|fast_period=10|rsi_confirm=False|slow_period=200,both,all,NEEDS_MORE_DATA,11,,,,,,,,,,,,,,,,only 11 trades < min 20,mt5
run_20260427_062651,AUD/USD,forex,M15,trend_momentum,ema_cross,adx_min=0|fast_period=10|rsi_confirm=True|slow_period=200,both,all,NEEDS_MORE_DATA,11,,,,,,,,,,,,,,,,only 11 trades < min 20,mt5
run_20260427_062651,AUD/USD,forex,M15,trend_momentum,ema_cross,adx_min=20|fast_period=10|rsi_confirm=False|slow_period=200,both,all,NEEDS_MORE_DATA,11,,,,,,,,,,,,,,,,only 11 trades < min 20,mt5
run_20260427_062651,AUD/USD,forex,M15,trend_momentum,ema_cross,adx_min=20|fast_period=10|rsi_confirm=True|slow_period=200,both,all,NEEDS_MORE_DATA,11,,,,,,,,,,,,,,,,only 11 trades < min 20,mt5
run_20260427_062651,AUD/USD,forex,M15,trend_momentum,ema_cross,adx_min=25|fast_period=10|rsi_confirm=False|slow_period=200,both,all,NEEDS_MORE_DATA,9,,,,,,,,,,,,,,,,only 9 trades < min 20,mt5
run_20260427_062651,AUD/USD,forex,M15,trend_momentum,ema_cross,adx_min=25|fast_period=10|rsi_confirm=True|slow_period=200,both,all,NEEDS_MORE_DATA,9,,,,,,,,,,,,,,,,only 9 trades < min 20,mt5
run_20260427_062651,AUD/USD,forex,M15,trend_momentum,ema_cross,adx_min=0|fast_period=20|rsi_confirm=False|slow_period=50,both,all,NEEDS_MORE_DATA,17,,,,,,,,,,,,,,,,only 17 trades < min 20,mt5
run_20260427_062651,AUD/USD,forex,M15,trend_momentum,ema_cross,adx_min=0|fast_period=20|rsi_confirm=True|slow_period=50,both,all,NEEDS_MORE_DATA,17,,,,,,,,,,,,,,,,only 17 trades < min 20,mt5
run_20260427_062651,AUD/USD,forex,M15,trend_momentum,ema_cross,adx_min=20|fast_period=20|rsi_confirm=False|slow_period=50,both,all,NEEDS_MORE_DATA,16,,,,,,,,,,,,,,,,only 16 trades < min 20,mt5
run_20260427_062651,AUD/USD,forex,M15,trend_momentum,ema_cross,adx_min=20|fast_period=20|rsi_confirm=True|slow_period=50,both,all,NEEDS_MORE_DATA,16,,,,,,,,,,,,,,,,only 16 trades < min 20,mt5
run_20260427_062651,AUD/USD,forex,M15,trend_momentum,ema_cross,adx_min=25|fast_period=20|rsi_confirm=False|slow_period=50,both,all,NEEDS_MORE_DATA,13,,,,,,,,,,,,,,,,only 13 trades < min 20,mt5
run_20260427_062651,AUD/USD,forex,M15,trend_momentum,ema_cross,adx_min=25|fast_period=20|rsi_confirm=True|slow_period=50,both,all,NEEDS_MORE_DATA,13,,,,,,,,,,,,,,,,only 13 trades < min 20,mt5
run_20260427_062651,AUD/USD,forex,M15,trend_momentum,ema_cross,adx_min=0|fast_period=20|rsi_confirm=False|slow_period=100,both,all,NEEDS_MORE_DATA,19,,,,,,,,,,,,,,,,only 19 trades < min 20,mt5
run_20260427_062651,AUD/USD,forex,M15,trend_momentum,ema_cross,adx_min=0|fast_period=20|rsi_confirm=True|slow_period=100,both,all,NEEDS_MORE_DATA,19,,,,,,,,,,,,,,,,only 19 trades < min 20,mt5
run_20260427_062651,AUD/USD,forex,M15,trend_momentum,ema_cross,adx_min=20|fast_period=20|rsi_confirm=False|slow_period=100,both,all,NEEDS_MORE_DATA,17,,,,,,,,,,,,,,,,only 17 trades < min 20,mt5
run_20260427_062651,AUD/USD,forex,M15,trend_momentum,ema_cross,adx_min=20|fast_period=20|rsi_confirm=True|slow_period=100,both,all,NEEDS_MORE_DATA,17,,,,,,,,,,,,,,,,only 17 trades < min 20,mt5
run_20260427_062651,AUD/USD,forex,M15,trend_momentum,ema_cross,adx_min=25|fast_period=20|rsi_confirm=False|slow_period=100,both,all,NEEDS_MORE_DATA,11,,,,,,,,,,,,,,,,only 11 trades < min 20,mt5
run_20260427_062651,AUD/USD,forex,M15,trend_momentum,ema_cross,adx_min=25|fast_period=20|rsi_confirm=True|slow_period=100,both,all,NEEDS_MORE_DATA,11,,,,,,,,,,,,,,,,only 11 trades < min 20,mt5
run_20260427_062651,AUD/USD,forex,M15,trend_momentum,ema_cross,adx_min=0|fast_period=20|rsi_confirm=False|slow_period=200,both,all,NEEDS_MORE_DATA,9,,,,,,,,,,,,,,,,only 9 trades < min 20,mt5
run_20260427_062651,AUD/USD,forex,M15,trend_momentum,ema_cross,adx_min=0|fast_period=20|rsi_confirm=True|slow_period=200,both,all,NEEDS_MORE_DATA,9,,,,,,,,,,,,,,,,only 9 trades < min 20,mt5
run_20260427_062651,AUD/USD,forex,M15,trend_momentum,ema_cross,adx_min=20|fast_period=20|rsi_confirm=False|slow_period=200,both,all,NEEDS_MORE_DATA,9,,,,,,,,,,,,,,,,only 9 trades < min 20,mt5
run_20260427_062651,AUD/USD,forex,M15,trend_momentum,ema_cross,adx_min=20|fast_period=20|rsi_confirm=True|slow_period=200,both,all,NEEDS_MORE_DATA,9,,,,,,,,,,,,,,,,only 9 trades < min 20,mt5
run_20260427_062651,AUD/USD,forex,M15,trend_momentum,ema_cross,adx_min=25|fast_period=20|rsi_confirm=False|slow_period=200,both,all,NEEDS_MORE_DATA,9,,,,,,,,,,,,,,,,only 9 trades < min 20,mt5
run_20260427_062651,AUD/USD,forex,M15,trend_momentum,ema_cross,adx_min=25|fast_period=20|rsi_confirm=True|slow_period=200,both,all,NEEDS_MORE_DATA,9,,,,,,,,,,,,,,,,only 9 trades < min 20,mt5
run_20260427_062651,AUD/USD,forex,M15,trend_momentum,ema_alignment,adx_min=0|ema_long=200|ema_mid=50|ema_short=20,both,all,NEEDS_MORE_DATA,13,,,,,,,,,,,,,,,,only 13 trades < min 20,mt5
run_20260427_062651,AUD/USD,forex,M15,trend_momentum,ema_alignment,adx_min=20|ema_long=200|ema_mid=50|ema_short=20,both,all,NEEDS_MORE_DATA,13,,,,,,,,,,,,,,,,only 13 trades < min 20,mt5
run_20260427_062651,AUD/USD,forex,M15,trend_momentum,ema_alignment,adx_min=25|ema_long=200|ema_mid=50|ema_short=20,both,all,NEEDS_MORE_DATA,12,,,,,,,,,,,,,,,,only 12 trades < min 20,mt5
run_20260427_062651,AUD/USD,forex,M15,trend_momentum,macd_direction,adx_min=0|fast=12|signal_period=9|slow=26,both,all,REJECT,70,0.214286,0.362722,-0.000863,-0.000863,-0.074749,-1.555268,-3.316855,0.070070,14.171429,-0.058779,-0.058779,-0.025679,-0.030886,0.639161,,,mt5
run_20260427_062651,AUD/USD,forex,M15,trend_momentum,macd_direction,adx_min=20|fast=12|signal_period=9|slow=26,both,all,REJECT,67,0.223881,0.395330,-0.000785,-0.000785,-0.067478,-1.399099,-2.951245,0.067067,14.462687,-0.051382,-0.051382,-0.025679,-0.023270,0.671857,,,mt5
run_20260427_062651,AUD/USD,forex,M15,pullback,pullback_ema,pullback_period=20|rsi_reclaim=False|rsi_threshold=50|trend_period=200,both,all,REJECT,84,0.107143,0.198170,-0.000906,-0.000906,-0.078502,-2.702619,-6.509839,0.084084,5.333333,-0.073359,-0.073359,-0.038671,-0.036083,0.679924,,,mt5
run_20260427_062651,AUD/USD,forex,M15,pullback,pullback_ema,pullback_period=20|rsi_reclaim=True|rsi_threshold=50|trend_period=200,both,all,REJECT,77,0.116883,0.215657,-0.000888,-0.000888,-0.071380,-2.476927,-5.863249,0.077077,5.636364,-0.066198,-0.066198,-0.032587,-0.034743,0.680157,,,mt5
run_20260427_062651,AUD/USD,forex,M15,pullback,pullback_ema,pullback_period=50|rsi_reclaim=False|rsi_threshold=50|trend_period=200,both,all,REJECT,57,0.070175,0.189359,-0.000948,-0.000948,-0.056319,-2.265282,-5.541417,0.057057,8.947368,-0.052669,-0.052669,-0.025766,-0.027614,0.678485,,,mt5
run_20260427_062651,AUD/USD,forex,M15,pullback,pullback_ema,pullback_period=50|rsi_reclaim=True|rsi_threshold=50|trend_period=200,both,all,REJECT,39,0.076923,0.188128,-0.000970,-0.000970,-0.041910,-1.855275,-4.537389,0.039039,10.153846,-0.037173,-0.037173,-0.017626,-0.019897,0.595340,,,mt5
run_20260427_062651,AUD/USD,forex,M15,breakout,prev_day_hl,atr_expand_min=0.0,both,all,NEEDS_MORE_DATA,4,,,,,,,,,,,,,,,,only 4 trades < min 20,mt5
run_20260427_062651,AUD/USD,forex,M15,breakout,prev_day_hl,atr_expand_min=0.5,both,all,NEEDS_MORE_DATA,4,,,,,,,,,,,,,,,,only 4 trades < min 20,mt5
run_20260427_062651,AUD/USD,forex,M15,breakout,prev_day_hl,atr_expand_min=1.0,both,all,NEEDS_MORE_DATA,4,,,,,,,,,,,,,,,,only 4 trades < min 20,mt5
run_20260427_062651,AUD/USD,forex,M15,breakout,session_opening_range,atr_expand_min=0.0|range_bars=6,both,all,REJECT,61,0.213115,0.346552,-0.000901,-0.000901,-0.057555,-1.575173,-3.406557,0.061061,16.147541,-0.053612,-0.053612,-0.024405,-0.027942,0.656526,,,mt5
run_20260427_062651,AUD/USD,forex,M15,breakout,session_opening_range,atr_expand_min=0.5|range_bars=6,both,all,REJECT,58,0.224138,0.371530,-0.000850,-0.000850,-0.052208,-1.435819,-3.071533,0.058058,16.741379,-0.048242,-0.048242,-0.020582,-0.026242,0.617511,,,mt5
run_20260427_062651,AUD/USD,forex,M15,breakout,session_opening_range,atr_expand_min=0.0|range_bars=12,both,all,REJECT,29,0.275862,0.478698,-0.000757,-0.000757,-0.031251,-0.786361,-1.635075,0.029029,33.896552,-0.021816,-0.021816,0.002492,-0.026081,0.274000,,,mt5
run_20260427_062651,AUD/USD,forex,M15,breakout,session_opening_range,atr_expand_min=0.5|range_bars=12,both,all,REJECT,29,0.275862,0.477780,-0.000759,-0.000759,-0.031251,-0.788719,-1.640421,0.029029,33.310345,-0.021854,-0.021854,0.002454,-0.026081,0.274000,,,mt5
run_20260427_062651,AUD/USD,forex,M15,breakout,london_breakout,atr_expand_min=0.0|utc_end=11|utc_start=7,both,all,NEEDS_MORE_DATA,14,,,,,,,,,,,,,,,,only 14 trades < min 20,mt5
run_20260427_062651,AUD/USD,forex,M15,breakout,london_breakout,atr_expand_min=0.5|utc_end=11|utc_start=7,both,all,NEEDS_MORE_DATA,14,,,,,,,,,,,,,,,,only 14 trades < min 20,mt5
run_20260427_062651,AUD/USD,forex,M15,breakout,ny_breakout,atr_expand_min=0.0|utc_end=16|utc_start=13,both,all,NEEDS_MORE_DATA,9,,,,,,,,,,,,,,,,only 9 trades < min 20,mt5
run_20260427_062651,AUD/USD,forex,M15,breakout,ny_breakout,atr_expand_min=0.5|utc_end=16|utc_start=13,both,all,NEEDS_MORE_DATA,9,,,,,,,,,,,,,,,,only 9 trades < min 20,mt5
run_20260427_062651,AUD/USD,forex,M15,mean_reversion,rsi_extreme,overbought=70|oversold=30|period=14,both,all,NEEDS_MORE_DATA,16,,,,,,,,,,,,,,,,only 16 trades < min 20,mt5
run_20260427_062651,AUD/USD,forex,M15,mean_reversion,rsi_extreme,overbought=75|oversold=30|period=14,both,all,NEEDS_MORE_DATA,13,,,,,,,,,,,,,,,,only 13 trades < min 20,mt5
run_20260427_062651,AUD/USD,forex,M15,mean_reversion,rsi_extreme,overbought=70|oversold=25|period=14,both,all,NEEDS_MORE_DATA,11,,,,,,,,,,,,,,,,only 11 trades < min 20,mt5
run_20260427_062651,AUD/USD,forex,M15,mean_reversion,rsi_extreme,overbought=75|oversold=25|period=14,both,all,NEEDS_MORE_DATA,8,,,,,,,,,,,,,,,,only 8 trades < min 20,mt5
run_20260427_062651,AUD/USD,forex,M15,mean_reversion,bollinger_touch,num_std=2.0|period=20,both,all,REJECT,39,0.435897,0.558538,-0.000353,-0.000353,-0.020495,-0.601543,-1.220082,0.039039,12.692308,-0.013728,-0.013728,-0.014772,0.001059,0.334000,,,mt5
run_20260427_062651,AUD/USD,forex,M15,mean_reversion,vwap_deviation,std_threshold=1.5,both,all,NEEDS_MORE_DATA,13,,,,,,,,,,,,,,,,only 13 trades < min 20,mt5
run_20260427_062651,AUD/USD,forex,M15,mean_reversion,vwap_deviation,std_threshold=2.0,both,all,NEEDS_MORE_DATA,11,,,,,,,,,,,,,,,,only 11 trades < min 20,mt5
run_20260427_062651,EUR/USD,forex,H1,trend_momentum,ema_cross,adx_min=0|fast_period=10|rsi_confirm=False|slow_period=50,both,all,REJECT,23,0.304348,0.708689,-0.000710,-0.000710,-0.028993,-0.341320,-0.686701,0.023023,42.782609,-0.016483,-0.016483,-0.021616,-0.005379,0.312647,,,mt5
run_20260427_062651,EUR/USD,forex,H1,trend_momentum,ema_cross,adx_min=0|fast_period=10|rsi_confirm=True|slow_period=50,both,all,REJECT,22,0.318182,0.775219,-0.000526,-0.000526,-0.028993,-0.245373,-0.491411,0.022022,43.500000,-0.011788,-0.011788,-0.016946,-0.005379,0.327220,,,mt5
run_20260427_062651,EUR/USD,forex,H1,trend_momentum,ema_cross,adx_min=20|fast_period=10|rsi_confirm=False|slow_period=50,both,all,REJECT,23,0.304348,0.708689,-0.000710,-0.000710,-0.028993,-0.341320,-0.686701,0.023023,42.782609,-0.016483,-0.016483,-0.021616,-0.005379,0.312647,,,mt5
run_20260427_062651,EUR/USD,forex,H1,trend_momentum,ema_cross,adx_min=20|fast_period=10|rsi_confirm=True|slow_period=50,both,all,REJECT,22,0.318182,0.775219,-0.000526,-0.000526,-0.028993,-0.245373,-0.491411,0.022022,43.500000,-0.011788,-0.011788,-0.016946,-0.005379,0.327220,,,mt5
run_20260427_062651,EUR/USD,forex,H1,trend_momentum,ema_cross,adx_min=25|fast_period=10|rsi_confirm=False|slow_period=50,both,all,NEEDS_MORE_DATA,19,,,,,,,,,,,,,,,,only 19 trades < min 20,mt5
run_20260427_062651,EUR/USD,forex,H1,trend_momentum,ema_cross,adx_min=25|fast_period=10|rsi_confirm=True|slow_period=50,both,all,NEEDS_MORE_DATA,18,,,,,,,,,,,,,,,,only 18 trades < min 20,mt5
run_20260427_062651,EUR/USD,forex,H1,trend_momentum,ema_cross,adx_min=0|fast_period=10|rsi_confirm=False|slow_period=100,both,all,NEEDS_MORE_DATA,19,,,,,,,,,,,,,,,,only 19 trades < min 20,mt5
run_20260427_062651,EUR/USD,forex,H1,trend_momentum,ema_cross,adx_min=0|fast_period=10|rsi_confirm=True|slow_period=100,both,all,NEEDS_MORE_DATA,18,,,,,,,,,,,,,,,,only 18 trades < min 20,mt5
run_20260427_062651,EUR/USD,forex,H1,trend_momentum,ema_cross,adx_min=20|fast_period=10|rsi_confirm=False|slow_period=100,both,all,NEEDS_MORE_DATA,19,,,,,,,,,,,,,,,,only 19 trades < min 20,mt5
run_20260427_062651,EUR/USD,forex,H1,trend_momentum,ema_cross,adx_min=20|fast_period=10|rsi_confirm=True|slow_period=100,both,all,NEEDS_MORE_DATA,18,,,,,,,,,,,,,,,,only 18 trades < min 20,mt5
run_20260427_062651,EUR/USD,forex,H1,trend_momentum,ema_cross,adx_min=25|fast_period=10|rsi_confirm=False|slow_period=100,both,all,NEEDS_MORE_DATA,17,,,,,,,,,,,,,,,,only 17 trades < min 20,mt5
run_20260427_062651,EUR/USD,forex,H1,trend_momentum,ema_cross,adx_min=25|fast_period=10|rsi_confirm=True|slow_period=100,both,all,NEEDS_MORE_DATA,16,,,,,,,,,,,,,,,,only 16 trades < min 20,mt5
run_20260427_062651,EUR/USD,forex,H1,trend_momentum,ema_cross,adx_min=0|fast_period=10|rsi_confirm=False|slow_period=200,both,all,NEEDS_MORE_DATA,14,,,,,,,,,,,,,,,,only 14 trades < min 20,mt5
run_20260427_062651,EUR/USD,forex,H1,trend_momentum,ema_cross,adx_min=0|fast_period=10|rsi_confirm=True|slow_period=200,both,all,NEEDS_MORE_DATA,12,,,,,,,,,,,,,,,,only 12 trades < min 20,mt5
run_20260427_062651,EUR/USD,forex,H1,trend_momentum,ema_cross,adx_min=20|fast_period=10|rsi_confirm=False|slow_period=200,both,all,NEEDS_MORE_DATA,14,,,,,,,,,,,,,,,,only 14 trades < min 20,mt5
run_20260427_062651,EUR/USD,forex,H1,trend_momentum,ema_cross,adx_min=20|fast_period=10|rsi_confirm=True|slow_period=200,both,all,NEEDS_MORE_DATA,12,,,,,,,,,,,,,,,,only 12 trades < min 20,mt5
run_20260427_062651,EUR/USD,forex,H1,trend_momentum,ema_cross,adx_min=25|fast_period=10|rsi_confirm=False|slow_period=200,both,all,NEEDS_MORE_DATA,12,,,,,,,,,,,,,,,,only 12 trades < min 20,mt5
run_20260427_062651,EUR/USD,forex,H1,trend_momentum,ema_cross,adx_min=25|fast_period=10|rsi_confirm=True|slow_period=200,both,all,NEEDS_MORE_DATA,10,,,,,,,,,,,,,,,,only 10 trades < min 20,mt5
run_20260427_062651,EUR/USD,forex,H1,trend_momentum,ema_cross,adx_min=0|fast_period=20|rsi_confirm=False|slow_period=50,both,all,NEEDS_MORE_DATA,19,,,,,,,,,,,,,,,,only 19 trades < min 20,mt5
run_20260427_062651,EUR/USD,forex,H1,trend_momentum,ema_cross,adx_min=0|fast_period=20|rsi_confirm=True|slow_period=50,both,all,NEEDS_MORE_DATA,18,,,,,,,,,,,,,,,,only 18 trades < min 20,mt5
run_20260427_062651,EUR/USD,forex,H1,trend_momentum,ema_cross,adx_min=20|fast_period=20|rsi_confirm=False|slow_period=50,both,all,NEEDS_MORE_DATA,19,,,,,,,,,,,,,,,,only 19 trades < min 20,mt5
run_20260427_062651,EUR/USD,forex,H1,trend_momentum,ema_cross,adx_min=20|fast_period=20|rsi_confirm=True|slow_period=50,both,all,NEEDS_MORE_DATA,18,,,,,,,,,,,,,,,,only 18 trades < min 20,mt5
run_20260427_062651,EUR/USD,forex,H1,trend_momentum,ema_cross,adx_min=25|fast_period=20|rsi_confirm=False|slow_period=50,both,all,NEEDS_MORE_DATA,16,,,,,,,,,,,,,,,,only 16 trades < min 20,mt5
run_20260427_062651,EUR/USD,forex,H1,trend_momentum,ema_cross,adx_min=25|fast_period=20|rsi_confirm=True|slow_period=50,both,all,NEEDS_MORE_DATA,15,,,,,,,,,,,,,,,,only 15 trades < min 20,mt5
run_20260427_062651,EUR/USD,forex,H1,trend_momentum,ema_cross,adx_min=0|fast_period=20|rsi_confirm=False|slow_period=100,both,all,NEEDS_MORE_DATA,14,,,,,,,,,,,,,,,,only 14 trades < min 20,mt5
run_20260427_062651,EUR/USD,forex,H1,trend_momentum,ema_cross,adx_min=0|fast_period=20|rsi_confirm=True|slow_period=100,both,all,NEEDS_MORE_DATA,13,,,,,,,,,,,,,,,,only 13 trades < min 20,mt5
run_20260427_062651,EUR/USD,forex,H1,trend_momentum,ema_cross,adx_min=20|fast_period=20|rsi_confirm=False|slow_period=100,both,all,NEEDS_MORE_DATA,14,,,,,,,,,,,,,,,,only 14 trades < min 20,mt5
run_20260427_062651,EUR/USD,forex,H1,trend_momentum,ema_cross,adx_min=20|fast_period=20|rsi_confirm=True|slow_period=100,both,all,NEEDS_MORE_DATA,13,,,,,,,,,,,,,,,,only 13 trades < min 20,mt5
run_20260427_062651,EUR/USD,forex,H1,trend_momentum,ema_cross,adx_min=25|fast_period=20|rsi_confirm=False|slow_period=100,both,all,NEEDS_MORE_DATA,13,,,,,,,,,,,,,,,,only 13 trades < min 20,mt5
run_20260427_062651,EUR/USD,forex,H1,trend_momentum,ema_cross,adx_min=25|fast_period=20|rsi_confirm=True|slow_period=100,both,all,NEEDS_MORE_DATA,12,,,,,,,,,,,,,,,,only 12 trades < min 20,mt5
run_20260427_062651,EUR/USD,forex,H1,trend_momentum,ema_cross,adx_min=0|fast_period=20|rsi_confirm=False|slow_period=200,both,all,NEEDS_MORE_DATA,12,,,,,,,,,,,,,,,,only 12 trades < min 20,mt5
run_20260427_062651,EUR/USD,forex,H1,trend_momentum,ema_cross,adx_min=0|fast_period=20|rsi_confirm=True|slow_period=200,both,all,NEEDS_MORE_DATA,11,,,,,,,,,,,,,,,,only 11 trades < min 20,mt5
run_20260427_062651,EUR/USD,forex,H1,trend_momentum,ema_cross,adx_min=20|fast_period=20|rsi_confirm=False|slow_period=200,both,all,NEEDS_MORE_DATA,12,,,,,,,,,,,,,,,,only 12 trades < min 20,mt5
run_20260427_062651,EUR/USD,forex,H1,trend_momentum,ema_cross,adx_min=20|fast_period=20|rsi_confirm=True|slow_period=200,both,all,NEEDS_MORE_DATA,11,,,,,,,,,,,,,,,,only 11 trades < min 20,mt5
run_20260427_062651,EUR/USD,forex,H1,trend_momentum,ema_cross,adx_min=25|fast_period=20|rsi_confirm=False|slow_period=200,both,all,NEEDS_MORE_DATA,11,,,,,,,,,,,,,,,,only 11 trades < min 20,mt5
run_20260427_062651,EUR/USD,forex,H1,trend_momentum,ema_cross,adx_min=25|fast_period=20|rsi_confirm=True|slow_period=200,both,all,NEEDS_MORE_DATA,10,,,,,,,,,,,,,,,,only 10 trades < min 20,mt5
run_20260427_062651,EUR/USD,forex,H1,trend_momentum,ema_alignment,adx_min=0|ema_long=200|ema_mid=50|ema_short=20,both,all,NEEDS_MORE_DATA,15,,,,,,,,,,,,,,,,only 15 trades < min 20,mt5
run_20260427_062651,EUR/USD,forex,H1,trend_momentum,ema_alignment,adx_min=20|ema_long=200|ema_mid=50|ema_short=20,both,all,NEEDS_MORE_DATA,15,,,,,,,,,,,,,,,,only 15 trades < min 20,mt5
run_20260427_062651,EUR/USD,forex,H1,trend_momentum,ema_alignment,adx_min=25|ema_long=200|ema_mid=50|ema_short=20,both,all,NEEDS_MORE_DATA,15,,,,,,,,,,,,,,,,only 15 trades < min 20,mt5
run_20260427_062651,EUR/USD,forex,H1,trend_momentum,macd_direction,adx_min=0|fast=12|signal_period=9|slow=26,both,all,REJECT,67,0.298507,0.567417,-0.000802,-0.000802,-0.052716,-0.930694,-1.900014,0.067067,14.522388,-0.052716,-0.052716,-0.029653,-0.023080,0.633502,,,mt5
run_20260427_062651,EUR/USD,forex,H1,trend_momentum,macd_direction,adx_min=20|fast=12|signal_period=9|slow=26,both,all,REJECT,66,0.303030,0.570831,-0.000803,-0.000803,-0.052011,-0.918779,-1.875236,0.066066,14.469697,-0.052011,-0.052011,-0.028931,-0.023080,0.639329,,,mt5
run_20260427_062651,EUR/USD,forex,H1,pullback,pullback_ema,pullback_period=20|rsi_reclaim=False|rsi_threshold=50|trend_period=200,both,all,REJECT,66,0.181818,0.381133,-0.000858,-0.000858,-0.055228,-1.420045,-3.003984,0.066066,7.363636,-0.055228,-0.055228,-0.037783,-0.018130,0.543955,,,mt5
run_20260427_062651,EUR/USD,forex,H1,pullback,pullback_ema,pullback_period=20|rsi_reclaim=True|rsi_threshold=50|trend_period=200,both,all,REJECT,53,0.207547,0.476728,-0.000716,-0.000716,-0.037392,-0.996049,-2.057874,0.053053,8.245283,-0.037392,-0.037392,-0.026973,-0.010708,0.519094,,,mt5
run_20260427_062651,EUR/USD,forex,H1,pullback,pullback_ema,pullback_period=50|rsi_reclaim=False|rsi_threshold=50|trend_period=200,both,all,REJECT,38,0.105263,0.480284,-0.000784,-0.000784,-0.032861,-0.779976,-1.603522,0.038038,12.052632,-0.029539,-0.029539,-0.032861,-0.006265,0.385192,,,mt5
run_20260427_062651,EUR/USD,forex,H1,pullback,pullback_ema,pullback_period=50|rsi_reclaim=True|rsi_threshold=50|trend_period=200,both,all,REJECT,25,0.160000,0.778695,-0.000313,-0.000313,-0.020193,-0.218495,-0.436869,0.025025,16.280000,-0.007956,-0.007956,-0.016774,-0.000784,0.264022,,,mt5
run_20260427_062651,EUR/USD,forex,H1,breakout,prev_day_hl,atr_expand_min=0.0,both,all,NEEDS_MORE_DATA,18,,,,,,,,,,,,,,,,only 18 trades < min 20,mt5
run_20260427_062651,EUR/USD,forex,H1,breakout,prev_day_hl,atr_expand_min=0.5,both,all,NEEDS_MORE_DATA,18,,,,,,,,,,,,,,,,only 18 trades < min 20,mt5
run_20260427_062651,EUR/USD,forex,H1,breakout,prev_day_hl,atr_expand_min=1.0,both,all,NEEDS_MORE_DATA,16,,,,,,,,,,,,,,,,only 16 trades < min 20,mt5
run_20260427_062651,EUR/USD,forex,H1,breakout,session_opening_range,atr_expand_min=0.0|range_bars=6,both,all,REJECT,62,0.241935,0.470845,-0.001098,-0.001098,-0.072308,-1.146315,-2.379286,0.062062,15.274194,-0.066245,-0.066245,-0.058814,-0.006934,0.435367,,,mt5
run_20260427_062651,EUR/USD,forex,H1,breakout,session_opening_range,atr_expand_min=0.5|range_bars=6,both,all,REJECT,59,0.237288,0.508270,-0.000972,-0.000972,-0.062261,-0.997223,-2.052141,0.059059,15.593220,-0.056132,-0.056132,-0.048620,-0.006934,0.442782,,,mt5
run_20260427_062651,EUR/USD,forex,H1,breakout,session_opening_range,atr_expand_min=0.0|range_bars=12,both,all,REJECT,30,0.400000,1.003503,0.000006,0.000006,-0.025488,0.003904,0.007778,0.030030,32.033333,-0.000090,-0.000090,0.020244,-0.016886,0.280000,,,mt5
run_20260427_062651,EUR/USD,forex,H1,breakout,session_opening_range,atr_expand_min=0.5|range_bars=12,both,all,REJECT,30,0.400000,1.003503,0.000006,0.000006,-0.025488,0.003904,0.007778,0.030030,32.033333,-0.000090,-0.000090,0.020244,-0.016886,0.280000,,,mt5
run_20260427_062651,EUR/USD,forex,H1,breakout,london_breakout,atr_expand_min=0.0|utc_end=11|utc_start=7,both,all,NEEDS_MORE_DATA,17,,,,,,,,,,,,,,,,only 17 trades < min 20,mt5
run_20260427_062651,EUR/USD,forex,H1,breakout,london_breakout,atr_expand_min=0.5|utc_end=11|utc_start=7,both,all,NEEDS_MORE_DATA,17,,,,,,,,,,,,,,,,only 17 trades < min 20,mt5
run_20260427_062651,EUR/USD,forex,H1,breakout,ny_breakout,atr_expand_min=0.0|utc_end=16|utc_start=13,both,all,NEEDS_MORE_DATA,16,,,,,,,,,,,,,,,,only 16 trades < min 20,mt5
run_20260427_062651,EUR/USD,forex,H1,breakout,ny_breakout,atr_expand_min=0.5|utc_end=16|utc_start=13,both,all,NEEDS_MORE_DATA,16,,,,,,,,,,,,,,,,only 16 trades < min 20,mt5
run_20260427_062651,EUR/USD,forex,H1,mean_reversion,rsi_extreme,overbought=70|oversold=30|period=14,both,all,NEEDS_MORE_DATA,16,,,,,,,,,,,,,,,,only 16 trades < min 20,mt5
run_20260427_062651,EUR/USD,forex,H1,mean_reversion,rsi_extreme,overbought=75|oversold=30|period=14,both,all,NEEDS_MORE_DATA,13,,,,,,,,,,,,,,,,only 13 trades < min 20,mt5
run_20260427_062651,EUR/USD,forex,H1,mean_reversion,rsi_extreme,overbought=70|oversold=25|period=14,both,all,NEEDS_MORE_DATA,11,,,,,,,,,,,,,,,,only 11 trades < min 20,mt5
run_20260427_062651,EUR/USD,forex,H1,mean_reversion,rsi_extreme,overbought=75|oversold=25|period=14,both,all,NEEDS_MORE_DATA,8,,,,,,,,,,,,,,,,only 8 trades < min 20,mt5
run_20260427_062651,EUR/USD,forex,H1,mean_reversion,bollinger_touch,num_std=2.0|period=20,both,all,REJECT,38,0.500000,0.429163,-0.001064,-0.001064,-0.044277,-0.820839,-1.693465,0.038038,17.000000,-0.039909,-0.039909,-0.039922,-0.001082,0.336130,,,mt5
run_20260427_062651,EUR/USD,forex,H1,mean_reversion,bollinger_touch,num_std=2.5|period=20,both,all,REJECT,22,0.454545,0.301991,-0.001647,-0.001647,-0.040896,-0.812715,-1.722419,0.022022,18.681818,-0.035829,-0.035829,-0.031535,-0.005524,0.284550,,,mt5
run_20260427_062651,EUR/USD,forex,H1,mean_reversion,vwap_deviation,std_threshold=1.5,both,all,NEEDS_MORE_DATA,10,,,,,,,,,,,,,,,,only 10 trades < min 20,mt5
run_20260427_062651,EUR/USD,forex,H1,mean_reversion,vwap_deviation,std_threshold=2.0,both,all,NEEDS_MORE_DATA,8,,,,,,,,,,,,,,,,only 8 trades < min 20,mt5
run_20260427_062651,GBP/USD,forex,H1,trend_momentum,ema_cross,adx_min=0|fast_period=10|rsi_confirm=False|slow_period=50,both,all,REJECT,27,0.222222,0.434387,-0.001774,-0.001774,-0.051619,-0.913115,-1.938181,0.027027,36.370370,-0.047109,-0.047109,-0.040916,-0.017067,0.387134,,,mt5
run_20260427_062651,GBP/USD,forex,H1,trend_momentum,ema_cross,adx_min=0|fast_period=10|rsi_confirm=True|slow_period=50,both,all,REJECT,27,0.222222,0.434387,-0.001774,-0.001774,-0.051619,-0.913115,-1.938181,0.027027,36.370370,-0.047109,-0.047109,-0.040916,-0.017067,0.387134,,,mt5
run_20260427_062651,GBP/USD,forex,H1,trend_momentum,ema_cross,adx_min=20|fast_period=10|rsi_confirm=False|slow_period=50,both,all,REJECT,24,0.250000,0.502206,-0.001520,-0.001520,-0.040686,-0.720371,-1.499157,0.024024,39.208333,-0.036124,-0.036124,-0.029860,-0.017067,0.415470,,,mt5
run_20260427_062651,GBP/USD,forex,H1,trend_momentum,ema_cross,adx_min=20|fast_period=10|rsi_confirm=True|slow_period=50,both,all,REJECT,24,0.250000,0.502206,-0.001520,-0.001520,-0.040686,-0.720371,-1.499157,0.024024,39.208333,-0.036124,-0.036124,-0.029860,-0.017067,0.415470,,,mt5
run_20260427_062651,GBP/USD,forex,H1,trend_momentum,ema_cross,adx_min=25|fast_period=10|rsi_confirm=False|slow_period=50,both,all,NEEDS_MORE_DATA,17,,,,,,,,,,,,,,,,only 17 trades < min 20,mt5
run_20260427_062651,GBP/USD,forex,H1,trend_momentum,ema_cross,adx_min=25|fast_period=10|rsi_confirm=True|slow_period=50,both,all,NEEDS_MORE_DATA,17,,,,,,,,,,,,,,,,only 17 trades < min 20,mt5
run_20260427_062651,GBP/USD,forex,H1,trend_momentum,ema_cross,adx_min=0|fast_period=10|rsi_confirm=False|slow_period=100,both,all,REJECT,21,0.190476,0.337658,-0.002274,-0.002274,-0.050701,-0.978187,-2.147951,0.021021,46.857143,-0.046921,-0.046921,-0.046396,-0.014512,0.319839,,,mt5
run_20260427_062651,GBP/USD,forex,H1,trend_momentum,ema_cross,adx_min=0|fast_period=10|rsi_confirm=True|slow_period=100,both,all,REJECT,20,0.200000,0.363913,-0.002145,-0.002145,-0.046081,-0.890280,-1.928281,0.020020,48.400000,-0.042282,-0.042282,-0.041946,-0.014512,0.323793,,,mt5
run_20260427_062651,GBP/USD,forex,H1,trend_momentum,ema_cross,adx_min=20|fast_period=10|rsi_confirm=False|slow_period=100,both,all,REJECT,21,0.190476,0.337658,-0.002274,-0.002274,-0.050701,-0.978187,-2.147951,0.021021,46.857143,-0.046921,-0.046921,-0.046396,-0.014512,0.319839,,,mt5
run_20260427_062651,GBP/USD,forex,H1,trend_momentum,ema_cross,adx_min=20|fast_period=10|rsi_confirm=True|slow_period=100,both,all,REJECT,20,0.200000,0.363913,-0.002145,-0.002145,-0.046081,-0.890280,-1.928281,0.020020,48.400000,-0.042282,-0.042282,-0.041946,-0.014512,0.323793,,,mt5
run_20260427_062651,GBP/USD,forex,H1,trend_momentum,ema_cross,adx_min=25|fast_period=10|rsi_confirm=False|slow_period=100,both,all,NEEDS_MORE_DATA,17,,,,,,,,,,,,,,,,only 17 trades < min 20,mt5
run_20260427_062651,GBP/USD,forex,H1,trend_momentum,ema_cross,adx_min=25|fast_period=10|rsi_confirm=True|slow_period=100,both,all,NEEDS_MORE_DATA,16,,,,,,,,,,,,,,,,only 16 trades < min 20,mt5
run_20260427_062651,GBP/USD,forex,H1,trend_momentum,ema_cross,adx_min=0|fast_period=10|rsi_confirm=False|slow_period=200,both,all,NEEDS_MORE_DATA,17,,,,,,,,,,,,,,,,only 17 trades < min 20,mt5
run_20260427_062651,GBP/USD,forex,H1,trend_momentum,ema_cross,adx_min=0|fast_period=10|rsi_confirm=True|slow_period=200,both,all,NEEDS_MORE_DATA,17,,,,,,,,,,,,,,,,only 17 trades < min 20,mt5
run_20260427_062651,GBP/USD,forex,H1,trend_momentum,ema_cross,adx_min=20|fast_period=10|rsi_confirm=False|slow_period=200,both,all,NEEDS_MORE_DATA,17,,,,,,,,,,,,,,,,only 17 trades < min 20,mt5
run_20260427_062651,GBP/USD,forex,H1,trend_momentum,ema_cross,adx_min=20|fast_period=10|rsi_confirm=True|slow_period=200,both,all,NEEDS_MORE_DATA,17,,,,,,,,,,,,,,,,only 17 trades < min 20,mt5
run_20260427_062651,GBP/USD,forex,H1,trend_momentum,ema_cross,adx_min=25|fast_period=10|rsi_confirm=False|slow_period=200,both,all,NEEDS_MORE_DATA,17,,,,,,,,,,,,,,,,only 17 trades < min 20,mt5
run_20260427_062651,GBP/USD,forex,H1,trend_momentum,ema_cross,adx_min=25|fast_period=10|rsi_confirm=True|slow_period=200,both,all,NEEDS_MORE_DATA,17,,,,,,,,,,,,,,,,only 17 trades < min 20,mt5
run_20260427_062651,GBP/USD,forex,H1,trend_momentum,ema_cross,adx_min=0|fast_period=20|rsi_confirm=False|slow_period=50,both,all,REJECT,23,0.173913,0.325032,-0.003075,-0.003075,-0.079673,-1.019751,-2.236878,0.023023,42.826087,-0.068846,-0.068846,-0.074776,-0.012777,0.289262,,,mt5
run_20260427_062651,GBP/USD,forex,H1,trend_momentum,ema_cross,adx_min=0|fast_period=20|rsi_confirm=True|slow_period=50,both,all,REJECT,23,0.173913,0.325032,-0.003075,-0.003075,-0.079673,-1.019751,-2.236878,0.023023,42.826087,-0.068846,-0.068846,-0.074776,-0.012777,0.289262,,,mt5
run_20260427_062651,GBP/USD,forex,H1,trend_momentum,ema_cross,adx_min=20|fast_period=20|rsi_confirm=False|slow_period=50,both,all,REJECT,21,0.190476,0.360330,-0.002879,-0.002879,-0.070152,-0.891495,-1.922873,0.021021,46.380952,-0.059213,-0.059213,-0.065205,-0.012777,0.284786,,,mt5
run_20260427_062651,GBP/USD,forex,H1,trend_momentum,ema_cross,adx_min=20|fast_period=20|rsi_confirm=True|slow_period=50,both,all,REJECT,21,0.190476,0.360330,-0.002879,-0.002879,-0.070152,-0.891495,-1.922873,0.021021,46.380952,-0.059213,-0.059213,-0.065205,-0.012777,0.284786,,,mt5
run_20260427_062651,GBP/USD,forex,H1,trend_momentum,ema_cross,adx_min=25|fast_period=20|rsi_confirm=False|slow_period=50,both,all,NEEDS_MORE_DATA,17,,,,,,,,,,,,,,,,only 17 trades < min 20,mt5
run_20260427_062651,GBP/USD,forex,H1,trend_momentum,ema_cross,adx_min=25|fast_period=20|rsi_confirm=True|slow_period=50,both,all,NEEDS_MORE_DATA,17,,,,,,,,,,,,,,,,only 17 trades < min 20,mt5
run_20260427_062651,GBP/USD,forex,H1,trend_momentum,ema_cross,adx_min=0|fast_period=20|rsi_confirm=False|slow_period=100,both,all,NEEDS_MORE_DATA,15,,,,,,,,,,,,,,,,only 15 trades < min 20,mt5
run_20260427_062651,GBP/USD,forex,H1,trend_momentum,ema_cross,adx_min=0|fast_period=20|rsi_confirm=True|slow_period=100,both,all,NEEDS_MORE_DATA,15,,,,,,,,,,,,,,,,only 15 trades < min 20,mt5
run_20260427_062651,GBP/USD,forex,H1,trend_momentum,ema_cross,adx_min=20|fast_period=20|rsi_confirm=False|slow_period=100,both,all,NEEDS_MORE_DATA,15,,,,,,,,,,,,,,,,only 15 trades < min 20,mt5
run_20260427_062651,GBP/USD,forex,H1,trend_momentum,ema_cross,adx_min=20|fast_period=20|rsi_confirm=True|slow_period=100,both,all,NEEDS_MORE_DATA,15,,,,,,,,,,,,,,,,only 15 trades < min 20,mt5
run_20260427_062651,GBP/USD,forex,H1,trend_momentum,ema_cross,adx_min=25|fast_period=20|rsi_confirm=False|slow_period=100,both,all,NEEDS_MORE_DATA,13,,,,,,,,,,,,,,,,only 13 trades < min 20,mt5
run_20260427_062651,GBP/USD,forex,H1,trend_momentum,ema_cross,adx_min=25|fast_period=20|rsi_confirm=True|slow_period=100,both,all,NEEDS_MORE_DATA,13,,,,,,,,,,,,,,,,only 13 trades < min 20,mt5
run_20260427_062651,GBP/USD,forex,H1,trend_momentum,ema_cross,adx_min=0|fast_period=20|rsi_confirm=False|slow_period=200,both,all,NEEDS_MORE_DATA,11,,,,,,,,,,,,,,,,only 11 trades < min 20,mt5
run_20260427_062651,GBP/USD,forex,H1,trend_momentum,ema_cross,adx_min=0|fast_period=20|rsi_confirm=True|slow_period=200,both,all,NEEDS_MORE_DATA,11,,,,,,,,,,,,,,,,only 11 trades < min 20,mt5
run_20260427_062651,GBP/USD,forex,H1,trend_momentum,ema_cross,adx_min=20|fast_period=20|rsi_confirm=False|slow_period=200,both,all,NEEDS_MORE_DATA,11,,,,,,,,,,,,,,,,only 11 trades < min 20,mt5
run_20260427_062651,GBP/USD,forex,H1,trend_momentum,ema_cross,adx_min=20|fast_period=20|rsi_confirm=True|slow_period=200,both,all,NEEDS_MORE_DATA,11,,,,,,,,,,,,,,,,only 11 trades < min 20,mt5
run_20260427_062651,GBP/USD,forex,H1,trend_momentum,ema_cross,adx_min=25|fast_period=20|rsi_confirm=False|slow_period=200,both,all,NEEDS_MORE_DATA,11,,,,,,,,,,,,,,,,only 11 trades < min 20,mt5
run_20260427_062651,GBP/USD,forex,H1,trend_momentum,ema_cross,adx_min=25|fast_period=20|rsi_confirm=True|slow_period=200,both,all,NEEDS_MORE_DATA,11,,,,,,,,,,,,,,,,only 11 trades < min 20,mt5
run_20260427_062651,GBP/USD,forex,H1,trend_momentum,ema_alignment,adx_min=0|ema_long=200|ema_mid=50|ema_short=20,both,all,NEEDS_MORE_DATA,16,,,,,,,,,,,,,,,,only 16 trades < min 20,mt5
run_20260427_062651,GBP/USD,forex,H1,trend_momentum,ema_alignment,adx_min=20|ema_long=200|ema_mid=50|ema_short=20,both,all,NEEDS_MORE_DATA,16,,,,,,,,,,,,,,,,only 16 trades < min 20,mt5
run_20260427_062651,GBP/USD,forex,H1,trend_momentum,ema_alignment,adx_min=25|ema_long=200|ema_mid=50|ema_short=20,both,all,NEEDS_MORE_DATA,15,,,,,,,,,,,,,,,,only 15 trades < min 20,mt5
run_20260427_062651,GBP/USD,forex,H1,trend_momentum,macd_direction,adx_min=0|fast=12|signal_period=9|slow=26,both,all,REJECT,79,0.265823,0.488627,-0.001034,-0.001034,-0.078934,-1.266692,-2.622514,0.079079,12.341772,-0.078934,-0.078934,-0.053977,-0.026510,0.547337,,,mt5
run_20260427_062651,GBP/USD,forex,H1,trend_momentum,macd_direction,adx_min=20|fast=12|signal_period=9|slow=26,both,all,REJECT,78,0.269231,0.510053,-0.000961,-0.000961,-0.072711,-1.187873,-2.448719,0.078078,12.410256,-0.072711,-0.072711,-0.047586,-0.026510,0.567128,,,mt5
run_20260427_062651,GBP/USD,forex,H1,pullback,pullback_ema,pullback_period=20|rsi_reclaim=False|rsi_threshold=50|trend_period=200,both,all,REJECT,67,0.149254,0.283113,-0.001101,-0.001101,-0.071551,-1.816598,-4.001968,0.067067,6.746269,-0.071289,-0.071289,-0.045056,-0.025812,0.571864,,,mt5
run_20260427_062651,GBP/USD,forex,H1,pullback,pullback_ema,pullback_period=20|rsi_reclaim=True|rsi_threshold=50|trend_period=200,both,all,REJECT,61,0.163934,0.304771,-0.001097,-0.001097,-0.065348,-1.662181,-3.631739,0.061061,7.098361,-0.064897,-0.064897,-0.042614,-0.021609,0.552128,,,mt5
run_20260427_062651,GBP/USD,forex,H1,pullback,pullback_ema,pullback_period=50|rsi_reclaim=False|rsi_threshold=50|trend_period=200,both,all,REJECT,39,0.102564,0.272604,-0.001455,-0.001455,-0.056804,-1.503623,-3.393816,0.039039,12.076923,-0.055342,-0.055342,-0.041727,-0.014207,0.436143,,,mt5
run_20260427_062651,GBP/USD,forex,H1,pullback,pullback_ema,pullback_period=50|rsi_reclaim=True|rsi_threshold=50|trend_period=200,both,all,REJECT,30,0.133333,0.337043,-0.001408,-0.001408,-0.042992,-1.156460,-2.531096,0.030030,14.500000,-0.041508,-0.041508,-0.027694,-0.014207,0.433900,,,mt5
run_20260427_062651,GBP/USD,forex,H1,breakout,prev_day_hl,atr_expand_min=0.0,both,all,NEEDS_MORE_DATA,13,,,,,,,,,,,,,,,,only 13 trades < min 20,mt5
run_20260427_062651,GBP/USD,forex,H1,breakout,prev_day_hl,atr_expand_min=0.5,both,all,NEEDS_MORE_DATA,13,,,,,,,,,,,,,,,,only 13 trades < min 20,mt5
run_20260427_062651,GBP/USD,forex,H1,breakout,prev_day_hl,atr_expand_min=1.0,both,all,NEEDS_MORE_DATA,13,,,,,,,,,,,,,,,,only 13 trades < min 20,mt5
run_20260427_062651,GBP/USD,forex,H1,breakout,session_opening_range,atr_expand_min=0.0|range_bars=6,both,all,REJECT,63,0.238095,0.482479,-0.001070,-0.001070,-0.065593,-1.129782,-2.340457,0.063063,15.269841,-0.065593,-0.065593,-0.042155,-0.022597,0.560814,,,mt5
run_20260427_062651,GBP/USD,forex,H1,breakout,session_opening_range,atr_expand_min=0.5|range_bars=6,both,all,REJECT,62,0.241935,0.500867,-0.001010,-0.001010,-0.061104,-1.063318,-2.193946,0.062062,15.419355,-0.061104,-0.061104,-0.037553,-0.022597,0.580520,,,mt5
run_20260427_062651,GBP/USD,forex,H1,breakout,session_opening_range,atr_expand_min=0.0|range_bars=12,both,all,REJECT,39,0.333333,0.483784,-0.001354,-0.001354,-0.054135,-0.906314,-1.882605,0.039039,24.487179,-0.051840,-0.051840,-0.025328,-0.022882,0.605023,,,mt5
run_20260427_062651,GBP/USD,forex,H1,breakout,session_opening_range,atr_expand_min=0.5|range_bars=12,both,all,REJECT,38,0.342105,0.507505,-0.001264,-0.001264,-0.049591,-0.835600,-1.726194,0.038038,24.973684,-0.047285,-0.047285,-0.020645,-0.022882,0.595505,,,mt5
run_20260427_062651,GBP/USD,forex,H1,breakout,london_breakout,atr_expand_min=0.0|utc_end=11|utc_start=7,both,all,NEEDS_MORE_DATA,17,,,,,,,,,,,,,,,,only 17 trades < min 20,mt5
run_20260427_062651,GBP/USD,forex,H1,breakout,london_breakout,atr_expand_min=0.5|utc_end=11|utc_start=7,both,all,NEEDS_MORE_DATA,17,,,,,,,,,,,,,,,,only 17 trades < min 20,mt5
run_20260427_062651,GBP/USD,forex,H1,breakout,ny_breakout,atr_expand_min=0.0|utc_end=16|utc_start=13,both,all,NEEDS_MORE_DATA,18,,,,,,,,,,,,,,,,only 18 trades < min 20,mt5
run_20260427_062651,GBP/USD,forex,H1,breakout,ny_breakout,atr_expand_min=0.5|utc_end=16|utc_start=13,both,all,NEEDS_MORE_DATA,18,,,,,,,,,,,,,,,,only 18 trades < min 20,mt5
run_20260427_062651,GBP/USD,forex,H1,mean_reversion,rsi_extreme,overbought=70|oversold=30|period=14,both,all,NEEDS_MORE_DATA,12,,,,,,,,,,,,,,,,only 12 trades < min 20,mt5
run_20260427_062651,GBP/USD,forex,H1,mean_reversion,rsi_extreme,overbought=75|oversold=30|period=14,both,all,NEEDS_MORE_DATA,9,,,,,,,,,,,,,,,,only 9 trades < min 20,mt5
run_20260427_062651,GBP/USD,forex,H1,mean_reversion,rsi_extreme,overbought=70|oversold=25|period=14,both,all,NEEDS_MORE_DATA,9,,,,,,,,,,,,,,,,only 9 trades < min 20,mt5
run_20260427_062651,GBP/USD,forex,H1,mean_reversion,rsi_extreme,overbought=75|oversold=25|period=14,both,all,NEEDS_MORE_DATA,6,,,,,,,,,,,,,,,,only 6 trades < min 20,mt5
run_20260427_062651,GBP/USD,forex,H1,mean_reversion,bollinger_touch,num_std=2.0|period=20,both,all,REJECT,39,0.564103,0.715952,-0.000353,-0.000353,-0.024137,-0.370464,-0.742984,0.039039,13.769231,-0.013827,-0.013827,-0.015464,0.001662,0.334000,,,mt5
run_20260427_062651,GBP/USD,forex,H1,mean_reversion,vwap_deviation,std_threshold=1.5,both,all,NEEDS_MORE_DATA,10,,,,,,,,,,,,,,,,only 10 trades < min 20,mt5
run_20260427_062651,GBP/USD,forex,H1,mean_reversion,vwap_deviation,std_threshold=2.0,both,all,NEEDS_MORE_DATA,10,,,,,,,,,,,,,,,,only 10 trades < min 20,mt5
run_20260427_062651,USD/JPY,forex,H1,trend_momentum,ema_cross,adx_min=0|fast_period=10|rsi_confirm=False|slow_period=50,both,all,REJECT,31,0.193548,0.182566,-0.002122,-0.002122,-0.065297,-1.746322,-4.411861,0.031031,31.741935,-0.063846,-0.063846,-0.048178,-0.014285,0.374954,,,mt5
run_20260427_062651,USD/JPY,forex,H1,trend_momentum,ema_cross,adx_min=0|fast_period=10|rsi_confirm=True|slow_period=50,both,all,REJECT,29,0.206897,0.203362,-0.002012,-0.002012,-0.063213,-1.603292,-3.935914,0.029029,33.000000,-0.056840,-0.056840,-0.041055,-0.014285,0.378388,,,mt5
run_20260427_062651,USD/JPY,forex,H1,trend_momentum,ema_cross,adx_min=20|fast_period=10|rsi_confirm=False|slow_period=50,both,all,REJECT,31,0.193548,0.182566,-0.002122,-0.002122,-0.065297,-1.746322,-4.411861,0.031031,31.741935,-0.063846,-0.063846,-0.048178,-0.014285,0.374954,,,mt5
run_20260427_062651,USD/JPY,forex,H1,trend_momentum,ema_cross,adx_min=20|fast_period=10|rsi_confirm=True|slow_period=50,both,all,REJECT,29,0.206897,0.203362,-0.002012,-0.002012,-0.063213,-1.603292,-3.935914,0.029029,33.000000,-0.056840,-0.056840,-0.041055,-0.014285,0.378388,,,mt5
run_20260427_062651,USD/JPY,forex,H1,trend_momentum,ema_cross,adx_min=25|fast_period=10|rsi_confirm=False|slow_period=50,both,all,REJECT,22,0.136364,0.156040,-0.002338,-0.002338,-0.050275,-1.553410,-4.083261,0.022022,30.181818,-0.050275,-0.050275,-0.036679,-0.014113,0.347434,,,mt5
run_20260427_062651,USD/JPY,forex,H1,trend_momentum,ema_cross,adx_min=25|fast_period=10|rsi_confirm=True|slow_period=50,both,all,REJECT,20,0.150000,0.180822,-0.002200,-0.002200,-0.048158,-1.390756,-3.507429,0.020020,31.850000,-0.043168,-0.043168,-0.029470,-0.014113,0.363671,,,mt5
run_20260427_062651,USD/JPY,forex,H1,trend_momentum,ema_cross,adx_min=0|fast_period=10|rsi_confirm=False|slow_period=100,both,all,REJECT,27,0.037037,0.053587,-0.003205,-0.003205,-0.083126,-2.011249,-6.170823,0.027027,36.851852,-0.083126,-0.083126,-0.065983,-0.015816,0.333911,,,mt5
run_20260427_062651,USD/JPY,forex,H1,trend_momentum,ema_cross,adx_min=0|fast_period=10|rsi_confirm=True|slow_period=100,both,all,REJECT,23,0.043478,0.063250,-0.003155,-0.003155,-0.070197,-1.805988,-5.361674,0.023023,41.869565,-0.070197,-0.070197,-0.052812,-0.015816,0.327844,,,mt5
run_20260427_062651,USD/JPY,forex,H1,trend_momentum,ema_cross,adx_min=20|fast_period=10|rsi_confirm=False|slow_period=100,both,all,REJECT,27,0.037037,0.053587,-0.003205,-0.003205,-0.083126,-2.011249,-6.170823,0.027027,36.851852,-0.083126,-0.083126,-0.065983,-0.015816,0.333911,,,mt5
run_20260427_062651,USD/JPY,forex,H1,trend_momentum,ema_cross,adx_min=20|fast_period=10|rsi_confirm=True|slow_period=100,both,all,REJECT,23,0.043478,0.063250,-0.003155,-0.003155,-0.070197,-1.805988,-5.361674,0.023023,41.869565,-0.070197,-0.070197,-0.052812,-0.015816,0.327844,,,mt5
run_20260427_062651,USD/JPY,forex,H1,trend_momentum,ema_cross,adx_min=25|fast_period=10|rsi_confirm=False|slow_period=100,both,all,REJECT,22,0.045455,0.059859,-0.003498,-0.003498,-0.074286,-1.832894,-5.720587,0.022022,33.454545,-0.074286,-0.074286,-0.060037,-0.015159,0.307750,,,mt5
run_20260427_062651,USD/JPY,forex,H1,trend_momentum,ema_cross,adx_min=25|fast_period=10|rsi_confirm=True|slow_period=100,both,all,NEEDS_MORE_DATA,18,,,,,,,,,,,,,,,,only 18 trades < min 20,mt5
run_20260427_062651,USD/JPY,forex,H1,trend_momentum,ema_cross,adx_min=0|fast_period=10|rsi_confirm=False|slow_period=200,both,all,NEEDS_MORE_DATA,16,,,,,,,,,,,,,,,,only 16 trades < min 20,mt5
run_20260427_062651,USD/JPY,forex,H1,trend_momentum,ema_cross,adx_min=0|fast_period=10|rsi_confirm=True|slow_period=200,both,all,NEEDS_MORE_DATA,14,,,,,,,,,,,,,,,,only 14 trades < min 20,mt5
run_20260427_062651,USD/JPY,forex,H1,trend_momentum,ema_cross,adx_min=20|fast_period=10|rsi_confirm=False|slow_period=200,both,all,NEEDS_MORE_DATA,16,,,,,,,,,,,,,,,,only 16 trades < min 20,mt5
run_20260427_062651,USD/JPY,forex,H1,trend_momentum,ema_cross,adx_min=20|fast_period=10|rsi_confirm=True|slow_period=200,both,all,NEEDS_MORE_DATA,14,,,,,,,,,,,,,,,,only 14 trades < min 20,mt5
run_20260427_062651,USD/JPY,forex,H1,trend_momentum,ema_cross,adx_min=25|fast_period=10|rsi_confirm=False|slow_period=200,both,all,NEEDS_MORE_DATA,13,,,,,,,,,,,,,,,,only 13 trades < min 20,mt5
run_20260427_062651,USD/JPY,forex,H1,trend_momentum,ema_cross,adx_min=25|fast_period=10|rsi_confirm=True|slow_period=200,both,all,NEEDS_MORE_DATA,11,,,,,,,,,,,,,,,,only 11 trades < min 20,mt5
run_20260427_062651,USD/JPY,forex,H1,trend_momentum,ema_cross,adx_min=0|fast_period=20|rsi_confirm=False|slow_period=50,both,all,REJECT,27,0.148148,0.088286,-0.003210,-0.003210,-0.083274,-1.897332,-5.425937,0.027027,36.777778,-0.083274,-0.083274,-0.061961,-0.019275,0.355324,,,mt5
run_20260427_062651,USD/JPY,forex,H1,trend_momentum,ema_cross,adx_min=0|fast_period=20|rsi_confirm=True|slow_period=50,both,all,REJECT,25,0.160000,0.101229,-0.003052,-0.003052,-0.075156,-1.757664,-4.846687,0.025025,38.520000,-0.073688,-0.073688,-0.052152,-0.019275,0.360877,,,mt5
run_20260427_062651,USD/JPY,forex,H1,trend_momentum,ema_cross,adx_min=20|fast_period=20|rsi_confirm=False|slow_period=50,both,all,REJECT,27,0.148148,0.088286,-0.003210,-0.003210,-0.083274,-1.897332,-5.425937,0.027027,36.777778,-0.083274,-0.083274,-0.061961,-0.019275,0.355324,,,mt5
run_20260427_062651,USD/JPY,forex,H1,trend_momentum,ema_cross,adx_min=20|fast_period=20|rsi_confirm=True|slow_period=50,both,all,REJECT,25,0.160000,0.101229,-0.003052,-0.003052,-0.075156,-1.757664,-4.846687,0.025025,38.520000,-0.073688,-0.073688,-0.052152,-0.019275,0.360877,,,mt5
run_20260427_062651,USD/JPY,forex,H1,trend_momentum,ema_cross,adx_min=25|fast_period=20|rsi_confirm=False|slow_period=50,both,all,REJECT,24,0.083333,0.057735,-0.003674,-0.003674,-0.084641,-1.948335,-6.235429,0.024024,31.791667,-0.084641,-0.084641,-0.062619,-0.020051,0.340060,,,mt5
run_20260427_062651,USD/JPY,forex,H1,trend_momentum,ema_cross,adx_min=25|fast_period=20|rsi_confirm=True|slow_period=50,both,all,REJECT,22,0.090909,0.067182,-0.003536,-0.003536,-0.076535,-1.810868,-5.556121,0.022022,33.318182,-0.075069,-0.075069,-0.052817,-0.020051,0.345888,,,mt5
run_20260427_062651,USD/JPY,forex,H1,trend_momentum,ema_cross,adx_min=0|fast_period=20|rsi_confirm=False|slow_period=100,both,all,NEEDS_MORE_DATA,16,,,,,,,,,,,,,,,,only 16 trades < min 20,mt5
run_20260427_062651,USD/JPY,forex,H1,trend_momentum,ema_cross,adx_min=0|fast_period=20|rsi_confirm=True|slow_period=100,both,all,NEEDS_MORE_DATA,14,,,,,,,,,,,,,,,,only 14 trades < min 20,mt5
run_20260427_062651,USD/JPY,forex,H1,trend_momentum,ema_cross,adx_min=20|fast_period=20|rsi_confirm=False|slow_period=100,both,all,NEEDS_MORE_DATA,15,,,,,,,,,,,,,,,,only 15 trades < min 20,mt5
run_20260427_062651,USD/JPY,forex,H1,trend_momentum,ema_cross,adx_min=20|fast_period=20|rsi_confirm=True|slow_period=100,both,all,NEEDS_MORE_DATA,13,,,,,,,,,,,,,,,,only 13 trades < min 20,mt5
run_20260427_062651,USD/JPY,forex,H1,trend_momentum,ema_cross,adx_min=25|fast_period=20|rsi_confirm=False|slow_period=100,both,all,NEEDS_MORE_DATA,15,,,,,,,,,,,,,,,,only 15 trades < min 20,mt5
run_20260427_062651,USD/JPY,forex,H1,trend_momentum,ema_cross,adx_min=25|fast_period=20|rsi_confirm=True|slow_period=100,both,all,NEEDS_MORE_DATA,13,,,,,,,,,,,,,,,,only 13 trades < min 20,mt5
run_20260427_062651,USD/JPY,forex,H1,trend_momentum,ema_cross,adx_min=0|fast_period=20|rsi_confirm=False|slow_period=200,both,all,NEEDS_MORE_DATA,16,,,,,,,,,,,,,,,,only 16 trades < min 20,mt5
run_20260427_062651,USD/JPY,forex,H1,trend_momentum,ema_cross,adx_min=0|fast_period=20|rsi_confirm=True|slow_period=200,both,all,NEEDS_MORE_DATA,14,,,,,,,,,,,,,,,,only 14 trades < min 20,mt5
run_20260427_062651,USD/JPY,forex,H1,trend_momentum,ema_cross,adx_min=20|fast_period=20|rsi_confirm=False|slow_period=200,both,all,NEEDS_MORE_DATA,16,,,,,,,,,,,,,,,,only 16 trades < min 20,mt5
run_20260427_062651,USD/JPY,forex,H1,trend_momentum,ema_cross,adx_min=20|fast_period=20|rsi_confirm=True|slow_period=200,both,all,NEEDS_MORE_DATA,14,,,,,,,,,,,,,,,,only 14 trades < min 20,mt5
run_20260427_062651,USD/JPY,forex,H1,trend_momentum,ema_cross,adx_min=25|fast_period=20|rsi_confirm=False|slow_period=200,both,all,NEEDS_MORE_DATA,12,,,,,,,,,,,,,,,,only 12 trades < min 20,mt5
run_20260427_062651,USD/JPY,forex,H1,trend_momentum,ema_cross,adx_min=25|fast_period=20|rsi_confirm=True|slow_period=200,both,all,NEEDS_MORE_DATA,10,,,,,,,,,,,,,,,,only 10 trades < min 20,mt5
run_20260427_062651,USD/JPY,forex,H1,trend_momentum,ema_alignment,adx_min=0|ema_long=200|ema_mid=50|ema_short=20,both,all,REJECT,20,0.150000,0.111783,-0.003377,-0.003377,-0.065522,-1.608181,-4.543606,0.020020,38.200000,-0.065522,-0.065522,-0.043243,-0.021529,0.369358,,,mt5
run_20260427_062651,USD/JPY,forex,H1,trend_momentum,ema_alignment,adx_min=20|ema_long=200|ema_mid=50|ema_short=20,both,all,REJECT,20,0.150000,0.111783,-0.003377,-0.003377,-0.065522,-1.608181,-4.543606,0.020020,38.200000,-0.065522,-0.065522,-0.043243,-0.021529,0.369358,,,mt5
run_20260427_062651,USD/JPY,forex,H1,trend_momentum,ema_alignment,adx_min=25|ema_long=200|ema_mid=50|ema_short=20,both,all,REJECT,20,0.200000,0.101918,-0.003380,-0.003380,-0.065577,-1.616858,-4.593325,0.020020,37.550000,-0.065577,-0.065577,-0.043371,-0.021455,0.368406,,,mt5
run_20260427_062651,USD/JPY,forex,H1,trend_momentum,macd_direction,adx_min=0|fast=12|signal_period=9|slow=26,both,all,REJECT,79,0.253165,0.486686,-0.000850,-0.000850,-0.067097,-1.330689,-2.766524,0.079079,12.569620,-0.065274,-0.065274,-0.037700,-0.030458,0.642372,,,mt5
run_20260427_062651,USD/JPY,forex,H1,trend_momentum,macd_direction,adx_min=20|fast=12|signal_period=9|slow=26,both,all,REJECT,75,0.240000,0.442440,-0.000935,-0.000935,-0.069791,-1.464605,-3.083919,0.075075,12.626667,-0.067973,-0.067973,-0.042821,-0.028281,0.598137,,,mt5
run_20260427_062651,USD/JPY,forex,H1,pullback,pullback_ema,pullback_period=20|rsi_reclaim=False|rsi_threshold=50|trend_period=200,both,all,REJECT,73,0.191781,0.182491,-0.001075,-0.001075,-0.075578,-2.554446,-6.211076,0.073073,7.041096,-0.075578,-0.075578,-0.050482,-0.025472,0.551375,,,mt5
run_20260427_062651,USD/JPY,forex,H1,pullback,pullback_ema,pullback_period=20|rsi_reclaim=True|rsi_threshold=50|trend_period=200,both,all,REJECT,61,0.229508,0.231836,-0.000973,-0.000973,-0.061663,-2.050111,-4.736980,0.061061,7.819672,-0.057739,-0.057739,-0.035397,-0.022201,0.588165,,,mt5
run_20260427_062651,USD/JPY,forex,H1,pullback,pullback_ema,pullback_period=50|rsi_reclaim=False|rsi_threshold=50|trend_period=200,both,all,REJECT,49,0.102041,0.276240,-0.001108,-0.001108,-0.056947,-1.629369,-3.639046,0.049049,11.755102,-0.052970,-0.052970,-0.027592,-0.026097,0.677743,,,mt5
run_20260427_062651,USD/JPY,forex,H1,pullback,pullback_ema,pullback_period=50|rsi_reclaim=True|rsi_threshold=50|trend_period=200,both,all,REJECT,27,0.148148,0.532652,-0.000670,-0.000670,-0.029287,-0.646081,-1.327247,0.027027,16.518519,-0.018022,-0.018022,-0.007946,-0.010157,0.495677,,,mt5
run_20260427_062651,USD/JPY,forex,H1,breakout,prev_day_hl,atr_expand_min=0.0,both,all,NEEDS_MORE_DATA,18,,,,,,,,,,,,,,,,only 18 trades < min 20,mt5
run_20260427_062651,USD/JPY,forex,H1,breakout,prev_day_hl,atr_expand_min=0.5,both,all,NEEDS_MORE_DATA,18,,,,,,,,,,,,,,,,only 18 trades < min 20,mt5
run_20260427_062651,USD/JPY,forex,H1,breakout,prev_day_hl,atr_expand_min=1.0,both,all,NEEDS_MORE_DATA,18,,,,,,,,,,,,,,,,only 18 trades < min 20,mt5
run_20260427_062651,USD/JPY,forex,H1,breakout,session_opening_range,atr_expand_min=0.0|range_bars=6,both,all,REJECT,56,0.321429,0.541921,-0.000839,-0.000839,-0.055202,-0.959134,-1.972288,0.056056,17.375000,-0.046166,-0.046166,-0.012772,-0.034413,0.400000,,,mt5
run_20260427_062651,USD/JPY,forex,H1,breakout,session_opening_range,atr_expand_min=0.5|range_bars=6,both,all,REJECT,56,0.321429,0.541921,-0.000839,-0.000839,-0.055202,-0.959134,-1.972288,0.056056,17.375000,-0.046166,-0.046166,-0.012772,-0.034413,0.400000,,,mt5
run_20260427_062651,USD/JPY,forex,H1,breakout,session_opening_range,atr_expand_min=0.0|range_bars=12,both,all,REJECT,29,0.448276,0.650747,-0.000688,-0.000688,-0.035444,-0.506737,-1.027117,0.029029,32.724138,-0.019935,-0.019935,-0.010095,-0.010540,0.560776,,,mt5
run_20260427_062651,USD/JPY,forex,H1,breakout,session_opening_range,atr_expand_min=0.5|range_bars=12,both,all,REJECT,29,0.448276,0.608531,-0.000771,-0.000771,-0.037762,-0.574559,-1.170507,0.029029,32.413793,-0.022291,-0.022291,-0.012474,-0.010540,0.527492,,,mt5
run_20260427_062651,USD/JPY,forex,H1,breakout,london_breakout,atr_expand_min=0.0|utc_end=11|utc_start=7,both,all,NEEDS_MORE_DATA,19,,,,,,,,,,,,,,,,only 19 trades < min 20,mt5
run_20260427_062651,USD/JPY,forex,H1,breakout,london_breakout,atr_expand_min=0.5|utc_end=11|utc_start=7,both,all,NEEDS_MORE_DATA,18,,,,,,,,,,,,,,,,only 18 trades < min 20,mt5
run_20260427_062651,USD/JPY,forex,H1,breakout,ny_breakout,atr_expand_min=0.0|utc_end=16|utc_start=13,both,all,NEEDS_MORE_DATA,16,,,,,,,,,,,,,,,,only 16 trades < min 20,mt5
run_20260427_062651,USD/JPY,forex,H1,breakout,ny_breakout,atr_expand_min=0.5|utc_end=16|utc_start=13,both,all,NEEDS_MORE_DATA,16,,,,,,,,,,,,,,,,only 16 trades < min 20,mt5
run_20260427_062651,USD/JPY,forex,H1,mean_reversion,rsi_extreme,overbought=70|oversold=30|period=14,both,all,NEEDS_MORE_DATA,11,,,,,,,,,,,,,,,,only 11 trades < min 20,mt5
run_20260427_062651,USD/JPY,forex,H1,mean_reversion,rsi_extreme,overbought=75|oversold=30|period=14,both,all,NEEDS_MORE_DATA,9,,,,,,,,,,,,,,,,only 9 trades < min 20,mt5
run_20260427_062651,USD/JPY,forex,H1,mean_reversion,rsi_extreme,overbought=70|oversold=25|period=14,both,all,NEEDS_MORE_DATA,9,,,,,,,,,,,,,,,,only 9 trades < min 20,mt5
run_20260427_062651,USD/JPY,forex,H1,mean_reversion,rsi_extreme,overbought=75|oversold=25|period=14,both,all,NEEDS_MORE_DATA,7,,,,,,,,,,,,,,,,only 7 trades < min 20,mt5
run_20260427_062651,USD/JPY,forex,H1,mean_reversion,bollinger_touch,num_std=2.0|period=20,both,all,REJECT,36,0.416667,0.314178,-0.000824,-0.000824,-0.031464,-1.081550,-2.302329,0.036036,14.527778,-0.029338,-0.029338,-0.026821,-0.002586,0.344926,,,mt5
run_20260427_062651,USD/JPY,forex,H1,mean_reversion,bollinger_touch,num_std=2.5|period=20,both,all,REJECT,21,0.523810,0.555085,-0.000483,-0.000483,-0.014678,-0.522435,-1.068028,0.021021,14.666667,-0.010143,-0.010143,-0.010067,-0.000077,0.228293,,,mt5
run_20260427_062651,USD/JPY,forex,H1,mean_reversion,vwap_deviation,std_threshold=1.5,both,all,NEEDS_MORE_DATA,8,,,,,,,,,,,,,,,,only 8 trades < min 20,mt5
run_20260427_062651,USD/JPY,forex,H1,mean_reversion,vwap_deviation,std_threshold=2.0,both,all,NEEDS_MORE_DATA,7,,,,,,,,,,,,,,,,only 7 trades < min 20,mt5
run_20260427_062651,AUD/USD,forex,H1,trend_momentum,ema_cross,adx_min=0|fast_period=10|rsi_confirm=False|slow_period=50,both,all,REJECT,25,0.240000,0.712045,-0.000996,-0.000996,-0.039682,-0.337883,-0.679105,0.025025,39.440000,-0.025253,-0.025253,-0.027899,-0.012279,0.382039,,,mt5
run_20260427_062651,AUD/USD,forex,H1,trend_momentum,ema_cross,adx_min=0|fast_period=10|rsi_confirm=True|slow_period=50,both,all,REJECT,24,0.250000,0.797572,-0.000651,-0.000651,-0.030695,-0.218973,-0.437902,0.024024,39.958333,-0.016132,-0.016132,-0.018802,-0.012279,0.439924,,,mt5
run_20260427_062651,AUD/USD,forex,H1,trend_momentum,ema_cross,adx_min=20|fast_period=10|rsi_confirm=False|slow_period=50,both,all,REJECT,25,0.240000,0.712045,-0.000996,-0.000996,-0.039682,-0.337883,-0.679105,0.025025,39.440000,-0.025253,-0.025253,-0.027899,-0.012279,0.382039,,,mt5
run_20260427_062651,AUD/USD,forex,H1,trend_momentum,ema_cross,adx_min=20|fast_period=10|rsi_confirm=True|slow_period=50,both,all,REJECT,24,0.250000,0.797572,-0.000651,-0.000651,-0.030695,-0.218973,-0.437902,0.024024,39.958333,-0.016132,-0.016132,-0.018802,-0.012279,0.439924,,,mt5
run_20260427_062651,AUD/USD,forex,H1,trend_momentum,ema_cross,adx_min=25|fast_period=10|rsi_confirm=False|slow_period=50,both,all,NEEDS_MORE_DATA,18,,,,,,,,,,,,,,,,only 18 trades < min 20,mt5
run_20260427_062651,AUD/USD,forex,H1,trend_momentum,ema_cross,adx_min=25|fast_period=10|rsi_confirm=True|slow_period=50,both,all,NEEDS_MORE_DATA,17,,,,,,,,,,,,,,,,only 17 trades < min 20,mt5
run_20260427_062651,AUD/USD,forex,H1,trend_momentum,ema_cross,adx_min=0|fast_period=10|rsi_confirm=False|slow_period=100,both,all,REJECT,27,0.148148,0.484353,-0.002043,-0.002043,-0.070755,-0.649892,-1.335577,0.027027,36.777778,-0.054513,-0.054513,-0.070755,-0.013047,0.317318,,,mt5
run_20260427_062651,AUD/USD,forex,H1,trend_momentum,ema_cross,adx_min=0|fast_period=10|rsi_confirm=True|slow_period=100,both,all,REJECT,23,0.173913,0.601637,-0.001491,-0.001491,-0.051114,-0.419090,-0.847486,0.023023,41.782609,-0.034529,-0.034529,-0.051114,-0.013047,0.314575,,,mt5
run_20260427_062651,AUD/USD,forex,H1,trend_momentum,ema_cross,adx_min=20|fast_period=10|rsi_confirm=False|slow_period=100,both,all,REJECT,27,0.148148,0.484353,-0.002043,-0.002043,-0.070755,-0.649892,-1.335577,0.027027,36.777778,-0.054513,-0.054513,-0.070755,-0.013047,0.317318,,,mt5
run_20260427_062651,AUD/USD,forex,H1,trend_momentum,ema_cross,adx_min=20|fast_period=10|rsi_confirm=True|slow_period=100,both,all,REJECT,23,0.173913,0.601637,-0.001491,-0.001491,-0.051114,-0.419090,-0.847486,0.023023,41.782609,-0.034529,-0.034529,-0.051114,-0.013047,0.314575,,,mt5
run_20260427_062651,AUD/USD,forex,H1,trend_momentum,ema_cross,adx_min=25|fast_period=10|rsi_confirm=False|slow_period=100,both,all,REJECT,25,0.160000,0.510357,-0.001988,-0.001988,-0.065666,-0.589061,-1.206273,0.025025,38.000000,-0.049336,-0.049336,-0.065666,-0.013047,0.309605,,,mt5
run_20260427_062651,AUD/USD,forex,H1,trend_momentum,ema_cross,adx_min=25|fast_period=10|rsi_confirm=True|slow_period=100,both,all,REJECT,21,0.190476,0.642289,-0.001374,-0.001374,-0.045918,-0.354722,-0.714995,0.021021,43.714286,-0.029242,-0.029242,-0.045918,-0.013047,0.311240,,,mt5
run_20260427_062651,AUD/USD,forex,H1,trend_momentum,ema_cross,adx_min=0|fast_period=10|rsi_confirm=False|slow_period=200,both,all,REJECT,21,0.142857,0.449015,-0.002106,-0.002106,-0.063268,-0.645114,-1.337620,0.021021,46.761905,-0.043828,-0.043828,-0.063268,-0.003300,0.241650,,,mt5
run_20260427_062651,AUD/USD,forex,H1,trend_momentum,ema_cross,adx_min=0|fast_period=10|rsi_confirm=True|slow_period=200,both,all,NEEDS_MORE_DATA,16,,,,,,,,,,,,,,,,only 16 trades < min 20,mt5
run_20260427_062651,AUD/USD,forex,H1,trend_momentum,ema_cross,adx_min=20|fast_period=10|rsi_confirm=False|slow_period=200,both,all,REJECT,21,0.142857,0.449015,-0.002106,-0.002106,-0.063268,-0.645114,-1.337620,0.021021,46.761905,-0.043828,-0.043828,-0.063268,-0.003300,0.241650,,,mt5
run_20260427_062651,AUD/USD,forex,H1,trend_momentum,ema_cross,adx_min=20|fast_period=10|rsi_confirm=True|slow_period=200,both,all,NEEDS_MORE_DATA,16,,,,,,,,,,,,,,,,only 16 trades < min 20,mt5
run_20260427_062651,AUD/USD,forex,H1,trend_momentum,ema_cross,adx_min=25|fast_period=10|rsi_confirm=False|slow_period=200,both,all,NEEDS_MORE_DATA,19,,,,,,,,,,,,,,,,only 19 trades < min 20,mt5
run_20260427_062651,AUD/USD,forex,H1,trend_momentum,ema_cross,adx_min=25|fast_period=10|rsi_confirm=True|slow_period=200,both,all,NEEDS_MORE_DATA,14,,,,,,,,,,,,,,,,only 14 trades < min 20,mt5
run_20260427_062651,AUD/USD,forex,H1,trend_momentum,ema_cross,adx_min=0|fast_period=20|rsi_confirm=False|slow_period=50,both,all,REJECT,27,0.185185,0.539458,-0.001654,-0.001654,-0.047103,-0.645094,-1.325090,0.027027,36.777778,-0.044240,-0.044240,-0.047103,-0.011362,0.334368,,,mt5
run_20260427_062651,AUD/USD,forex,H1,trend_momentum,ema_cross,adx_min=0|fast_period=20|rsi_confirm=True|slow_period=50,both,all,REJECT,25,0.200000,0.587490,-0.001469,-0.001469,-0.039505,-0.537551,-1.095604,0.025025,38.520000,-0.036620,-0.036620,-0.039505,-0.011362,0.336287,,,mt5
run_20260427_062651,AUD/USD,forex,H1,trend_momentum,ema_cross,adx_min=20|fast_period=20|rsi_confirm=False|slow_period=50,both,all,REJECT,27,0.185185,0.539458,-0.001654,-0.001654,-0.047103,-0.645094,-1.325090,0.027027,36.777778,-0.044240,-0.044240,-0.047103,-0.011362,0.334368,,,mt5
run_20260427_062651,AUD/USD,forex,H1,trend_momentum,ema_cross,adx_min=20|fast_period=20|rsi_confirm=True|slow_period=50,both,all,REJECT,25,0.200000,0.587490,-0.001469,-0.001469,-0.039505,-0.537551,-1.095604,0.025025,38.520000,-0.036620,-0.036620,-0.039505,-0.011362,0.336287,,,mt5
run_20260427_062651,AUD/USD,forex,H1,trend_momentum,ema_cross,adx_min=25|fast_period=20|rsi_confirm=False|slow_period=50,both,all,REJECT,22,0.181818,0.494403,-0.001906,-0.001906,-0.041562,-0.659008,-1.366150,0.022022,34.681818,-0.041562,-0.041562,-0.041399,-0.014492,0.337015,,,mt5
run_20260427_062651,AUD/USD,forex,H1,trend_momentum,ema_cross,adx_min=25|fast_period=20|rsi_confirm=True|slow_period=50,both,all,REJECT,20,0.200000,0.546630,-0.001701,-0.001701,-0.033920,-0.542826,-1.113711,0.020020,36.650000,-0.033920,-0.033920,-0.033755,-0.014492,0.348794,,,mt5
run_20260427_062651,AUD/USD,forex,H1,trend_momentum,ema_cross,adx_min=0|fast_period=20|rsi_confirm=False|slow_period=100,both,all,NEEDS_MORE_DATA,15,,,,,,,,,,,,,,,,only 15 trades < min 20,mt5
run_20260427_062651,AUD/USD,forex,H1,trend_momentum,ema_cross,adx_min=0|fast_period=20|rsi_confirm=True|slow_period=100,both,all,NEEDS_MORE_DATA,14,,,,,,,,,,,,,,,,only 14 trades < min 20,mt5
run_20260427_062651,AUD/USD,forex,H1,trend_momentum,ema_cross,adx_min=20|fast_period=20|rsi_confirm=False|slow_period=100,both,all,NEEDS_MORE_DATA,15,,,,,,,,,,,,,,,,only 15 trades < min 20,mt5
run_20260427_062651,AUD/USD,forex,H1,trend_momentum,ema_cross,adx_min=20|fast_period=20|rsi_confirm=True|slow_period=100,both,all,NEEDS_MORE_DATA,14,,,,,,,,,,,,,,,,only 14 trades < min 20,mt5
run_20260427_062651,AUD/USD,forex,H1,trend_momentum,ema_cross,adx_min=25|fast_period=20|rsi_confirm=False|slow_period=100,both,all,NEEDS_MORE_DATA,15,,,,,,,,,,,,,,,,only 15 trades < min 20,mt5
run_20260427_062651,AUD/USD,forex,H1,trend_momentum,ema_cross,adx_min=25|fast_period=20|rsi_confirm=True|slow_period=100,both,all,NEEDS_MORE_DATA,14,,,,,,,,,,,,,,,,only 14 trades < min 20,mt5
run_20260427_062651,AUD/USD,forex,H1,trend_momentum,ema_cross,adx_min=0|fast_period=20|rsi_confirm=False|slow_period=200,both,all,NEEDS_MORE_DATA,13,,,,,,,,,,,,,,,,only 13 trades < min 20,mt5
run_20260427_062651,AUD/USD,forex,H1,trend_momentum,ema_cross,adx_min=0|fast_period=20|rsi_confirm=True|slow_period=200,both,all,NEEDS_MORE_DATA,12,,,,,,,,,,,,,,,,only 12 trades < min 20,mt5
run_20260427_062651,AUD/USD,forex,H1,trend_momentum,ema_cross,adx_min=20|fast_period=20|rsi_confirm=False|slow_period=200,both,all,NEEDS_MORE_DATA,13,,,,,,,,,,,,,,,,only 13 trades < min 20,mt5
run_20260427_062651,AUD/USD,forex,H1,trend_momentum,ema_cross,adx_min=20|fast_period=20|rsi_confirm=True|slow_period=200,both,all,NEEDS_MORE_DATA,12,,,,,,,,,,,,,,,,only 12 trades < min 20,mt5
run_20260427_062651,AUD/USD,forex,H1,trend_momentum,ema_cross,adx_min=25|fast_period=20|rsi_confirm=False|slow_period=200,both,all,NEEDS_MORE_DATA,11,,,,,,,,,,,,,,,,only 11 trades < min 20,mt5
run_20260427_062651,AUD/USD,forex,H1,trend_momentum,ema_cross,adx_min=25|fast_period=20|rsi_confirm=True|slow_period=200,both,all,NEEDS_MORE_DATA,10,,,,,,,,,,,,,,,,only 10 trades < min 20,mt5
run_20260427_062651,AUD/USD,forex,H1,trend_momentum,ema_alignment,adx_min=0|ema_long=200|ema_mid=50|ema_short=20,both,all,NEEDS_MORE_DATA,17,,,,,,,,,,,,,,,,only 17 trades < min 20,mt5
run_20260427_062651,AUD/USD,forex,H1,trend_momentum,ema_alignment,adx_min=20|ema_long=200|ema_mid=50|ema_short=20,both,all,NEEDS_MORE_DATA,17,,,,,,,,,,,,,,,,only 17 trades < min 20,mt5
run_20260427_062651,AUD/USD,forex,H1,trend_momentum,ema_alignment,adx_min=25|ema_long=200|ema_mid=50|ema_short=20,both,all,NEEDS_MORE_DATA,17,,,,,,,,,,,,,,,,only 17 trades < min 20,mt5
run_20260427_062651,AUD/USD,forex,H1,trend_momentum,macd_direction,adx_min=0|fast=12|signal_period=9|slow=26,both,all,REJECT,69,0.376812,0.730565,-0.000553,-0.000553,-0.038103,-0.510867,-1.024856,0.069069,14.130435,-0.038103,-0.038103,-0.011023,-0.022791,0.400000,,,mt5
run_20260427_062651,AUD/USD,forex,H1,trend_momentum,macd_direction,adx_min=20|fast=12|signal_period=9|slow=26,both,all,REJECT,65,0.384615,0.742758,-0.000543,-0.000543,-0.035326,-0.474227,-0.950804,0.065065,14.430769,-0.035326,-0.035326,-0.011940,-0.019061,0.521073,,,mt5
run_20260427_062651,AUD/USD,forex,H1,pullback,pullback_ema,pullback_period=20|rsi_reclaim=False|rsi_threshold=50|trend_period=200,both,all,REJECT,65,0.153846,0.291689,-0.001553,-0.001553,-0.096427,-1.670002,-3.627995,0.065065,6.784615,-0.096427,-0.096427,-0.069936,-0.025784,0.510606,,,mt5
run_20260427_062651,AUD/USD,forex,H1,pullback,pullback_ema,pullback_period=20|rsi_reclaim=True|rsi_threshold=50|trend_period=200,both,all,REJECT,56,0.160714,0.340851,-0.001416,-0.001416,-0.081062,-1.430867,-3.068181,0.056056,7.107143,-0.076567,-0.076567,-0.053194,-0.021978,0.523948,,,mt5
run_20260427_062651,AUD/USD,forex,H1,pullback,pullback_ema,pullback_period=50|rsi_reclaim=False|rsi_threshold=50|trend_period=200,both,all,REJECT,47,0.127660,0.312445,-0.001696,-0.001696,-0.077026,-1.364404,-2.947663,0.047047,11.000000,-0.077026,-0.077026,-0.064085,-0.013827,0.446729,,,mt5
run_20260427_062651,AUD/USD,forex,H1,pullback,pullback_ema,pullback_period=50|rsi_reclaim=True|rsi_threshold=50|trend_period=200,both,all,REJECT,36,0.138889,0.430767,-0.001283,-0.001283,-0.045477,-0.879769,-1.829383,0.036036,12.472222,-0.045477,-0.045477,-0.034899,-0.010961,0.410221,,,mt5
run_20260427_062651,AUD/USD,forex,H1,breakout,prev_day_hl,atr_expand_min=0.0,both,all,REJECT,20,0.250000,0.276771,-0.004829,-0.004829,-0.092948,-1.108441,-2.530993,0.020020,49.200000,-0.092948,-0.092948,-0.054582,-0.061281,0.483183,,,mt5
run_20260427_062651,AUD/USD,forex,H1,breakout,prev_day_hl,atr_expand_min=0.5,both,all,REJECT,20,0.250000,0.276771,-0.004829,-0.004829,-0.092948,-1.108441,-2.530993,0.020020,49.200000,-0.092948,-0.092948,-0.054582,-0.061281,0.483183,,,mt5
run_20260427_062651,AUD/USD,forex,H1,breakout,prev_day_hl,atr_expand_min=1.0,both,all,NEEDS_MORE_DATA,17,,,,,,,,,,,,,,,,only 17 trades < min 20,mt5
run_20260427_062651,AUD/USD,forex,H1,breakout,session_opening_range,atr_expand_min=0.0|range_bars=6,both,all,REJECT,62,0.258065,0.510338,-0.001568,-0.001568,-0.095838,-1.052855,-2.170810,0.062062,15.645161,-0.093643,-0.093643,-0.048245,-0.048216,0.699820,,,mt5
run_20260427_062651,AUD/USD,forex,H1,breakout,session_opening_range,atr_expand_min=0.5|range_bars=6,both,all,REJECT,62,0.258065,0.496457,-0.001613,-0.001613,-0.098321,-1.086491,-2.245363,0.062062,15.516129,-0.096132,-0.096132,-0.048245,-0.050830,0.683930,,,mt5
run_20260427_062651,AUD/USD,forex,H1,breakout,session_opening_range,atr_expand_min=0.0|range_bars=12,both,all,REJECT,35,0.285714,0.564845,-0.001516,-0.001516,-0.052487,-0.651157,-1.328312,0.035035,26.542857,-0.052487,-0.052487,-0.031310,-0.018015,0.482617,,,mt5
run_20260427_062651,AUD/USD,forex,H1,breakout,session_opening_range,atr_expand_min=0.5|range_bars=12,both,all,REJECT,35,0.285714,0.564845,-0.001516,-0.001516,-0.052487,-0.651157,-1.328312,0.035035,26.542857,-0.052487,-0.052487,-0.031310,-0.018015,0.482617,,,mt5
run_20260427_062651,AUD/USD,forex,H1,breakout,london_breakout,atr_expand_min=0.0|utc_end=11|utc_start=7,both,all,NEEDS_MORE_DATA,16,,,,,,,,,,,,,,,,only 16 trades < min 20,mt5
run_20260427_062651,AUD/USD,forex,H1,breakout,london_breakout,atr_expand_min=0.5|utc_end=11|utc_start=7,both,all,NEEDS_MORE_DATA,15,,,,,,,,,,,,,,,,only 15 trades < min 20,mt5
run_20260427_062651,AUD/USD,forex,H1,breakout,ny_breakout,atr_expand_min=0.0|utc_end=16|utc_start=13,both,all,NEEDS_MORE_DATA,13,,,,,,,,,,,,,,,,only 13 trades < min 20,mt5
run_20260427_062651,AUD/USD,forex,H1,breakout,ny_breakout,atr_expand_min=0.5|utc_end=16|utc_start=13,both,all,NEEDS_MORE_DATA,13,,,,,,,,,,,,,,,,only 13 trades < min 20,mt5
run_20260427_062651,AUD/USD,forex,H1,mean_reversion,rsi_extreme,overbought=70|oversold=30|period=14,both,all,NEEDS_MORE_DATA,16,,,,,,,,,,,,,,,,only 16 trades < min 20,mt5
run_20260427_062651,AUD/USD,forex,H1,mean_reversion,rsi_extreme,overbought=75|oversold=30|period=14,both,all,NEEDS_MORE_DATA,12,,,,,,,,,,,,,,,,only 12 trades < min 20,mt5
run_20260427_062651,AUD/USD,forex,H1,mean_reversion,rsi_extreme,overbought=70|oversold=25|period=14,both,all,NEEDS_MORE_DATA,11,,,,,,,,,,,,,,,,only 11 trades < min 20,mt5
run_20260427_062651,AUD/USD,forex,H1,mean_reversion,rsi_extreme,overbought=75|oversold=25|period=14,both,all,NEEDS_MORE_DATA,7,,,,,,,,,,,,,,,,only 7 trades < min 20,mt5
run_20260427_062651,AUD/USD,forex,H1,mean_reversion,bollinger_touch,num_std=2.0|period=20,both,all,REJECT,33,0.606061,0.531736,-0.001200,-0.001200,-0.059798,-0.578921,-1.176388,0.033033,17.333333,-0.039403,-0.039403,-0.045751,0.005513,0.298000,,,mt5
run_20260427_062651,AUD/USD,forex,H1,mean_reversion,bollinger_touch,num_std=2.5|period=20,both,all,REJECT,24,0.625000,0.873812,-0.000259,-0.000259,-0.032458,-0.114609,-0.228548,0.024024,16.416667,-0.006567,-0.006567,-0.020977,0.014719,0.244000,,,mt5
run_20260427_062651,AUD/USD,forex,H1,mean_reversion,vwap_deviation,std_threshold=1.5,both,all,NEEDS_MORE_DATA,13,,,,,,,,,,,,,,,,only 13 trades < min 20,mt5
run_20260427_062651,AUD/USD,forex,H1,mean_reversion,vwap_deviation,std_threshold=2.0,both,all,NEEDS_MORE_DATA,10,,,,,,,,,,,,,,,,only 10 trades < min 20,mt5
run_20260427_062651,EUR/USD,forex,H4,trend_momentum,ema_cross,adx_min=0|fast_period=10|rsi_confirm=False|slow_period=50,both,all,REJECT,24,0.291667,0.903372,-0.000281,-0.000281,-0.022026,-0.095554,-0.190489,0.024024,40.958333,-0.007345,-0.007345,-0.013038,0.011387,0.244000,,,mt5
run_20260427_062651,EUR/USD,forex,H4,trend_momentum,ema_cross,adx_min=0|fast_period=10|rsi_confirm=True|slow_period=50,both,all,REJECT,23,0.260870,0.824178,-0.000532,-0.000532,-0.023973,-0.175815,-0.351148,0.023023,39.434783,-0.012768,-0.012768,-0.018430,0.011387,0.238000,,,mt5
run_20260427_062651,EUR/USD,forex,H4,trend_momentum,ema_cross,adx_min=20|fast_period=10|rsi_confirm=False|slow_period=50,both,all,REJECT,24,0.291667,0.903372,-0.000281,-0.000281,-0.022026,-0.095554,-0.190489,0.024024,40.958333,-0.007345,-0.007345,-0.013038,0.011387,0.244000,,,mt5
run_20260427_062651,EUR/USD,forex,H4,trend_momentum,ema_cross,adx_min=20|fast_period=10|rsi_confirm=True|slow_period=50,both,all,REJECT,23,0.260870,0.824178,-0.000532,-0.000532,-0.023973,-0.175815,-0.351148,0.023023,39.434783,-0.012768,-0.012768,-0.018430,0.011387,0.238000,,,mt5
run_20260427_062651,EUR/USD,forex,H4,trend_momentum,ema_cross,adx_min=25|fast_period=10|rsi_confirm=False|slow_period=50,both,all,REJECT,23,0.304348,0.939981,-0.000176,-0.000176,-0.022026,-0.057259,-0.114095,0.023023,41.478261,-0.004654,-0.004654,-0.010362,0.011387,0.238000,,,mt5
run_20260427_062651,EUR/USD,forex,H4,trend_momentum,ema_cross,adx_min=25|fast_period=10|rsi_confirm=True|slow_period=50,both,all,REJECT,22,0.272727,0.857942,-0.000433,-0.000433,-0.023973,-0.137030,-0.273423,0.022022,39.909091,-0.010091,-0.010091,-0.015768,0.011387,0.232000,,,mt5
run_20260427_062651,EUR/USD,forex,H4,trend_momentum,ema_cross,adx_min=0|fast_period=10|rsi_confirm=False|slow_period=100,both,all,REJECT,25,0.240000,0.400251,-0.001997,-0.001997,-0.051449,-0.898215,-1.912673,0.025025,39.720000,-0.049069,-0.049069,-0.035744,-0.011962,0.350395,,,mt5
run_20260427_062651,EUR/USD,forex,H4,trend_momentum,ema_cross,adx_min=0|fast_period=10|rsi_confirm=True|slow_period=100,both,all,REJECT,23,0.217391,0.409385,-0.002089,-0.002089,-0.049669,-0.864677,-1.842488,0.023023,36.869565,-0.047284,-0.047284,-0.035750,-0.011962,0.338379,,,mt5
run_20260427_062651,EUR/USD,forex,H4,trend_momentum,ema_cross,adx_min=20|fast_period=10|rsi_confirm=False|slow_period=100,both,all,REJECT,25,0.240000,0.400251,-0.001997,-0.001997,-0.051449,-0.898215,-1.912673,0.025025,39.720000,-0.049069,-0.049069,-0.035744,-0.011962,0.350395,,,mt5
run_20260427_062651,EUR/USD,forex,H4,trend_momentum,ema_cross,adx_min=20|fast_period=10|rsi_confirm=True|slow_period=100,both,all,REJECT,23,0.217391,0.409385,-0.002089,-0.002089,-0.049669,-0.864677,-1.842488,0.023023,36.869565,-0.047284,-0.047284,-0.035750,-0.011962,0.338379,,,mt5
run_20260427_062651,EUR/USD,forex,H4,trend_momentum,ema_cross,adx_min=25|fast_period=10|rsi_confirm=False|slow_period=100,both,all,REJECT,21,0.285714,0.489035,-0.001678,-0.001678,-0.037387,-0.653071,-1.355522,0.021021,42.190476,-0.034972,-0.034972,-0.021450,-0.011962,0.393295,,,mt5
run_20260427_062651,EUR/USD,forex,H4,trend_momentum,ema_cross,adx_min=25|fast_period=10|rsi_confirm=True|slow_period=100,both,all,NEEDS_MORE_DATA,19,,,,,,,,,,,,,,,,only 19 trades < min 20,mt5
run_20260427_062651,EUR/USD,forex,H4,trend_momentum,ema_cross,adx_min=0|fast_period=10|rsi_confirm=False|slow_period=200,both,all,NEEDS_MORE_DATA,17,,,,,,,,,,,,,,,,only 17 trades < min 20,mt5
run_20260427_062651,EUR/USD,forex,H4,trend_momentum,ema_cross,adx_min=0|fast_period=10|rsi_confirm=True|slow_period=200,both,all,NEEDS_MORE_DATA,16,,,,,,,,,,,,,,,,only 16 trades < min 20,mt5
run_20260427_062651,EUR/USD,forex,H4,trend_momentum,ema_cross,adx_min=20|fast_period=10|rsi_confirm=False|slow_period=200,both,all,NEEDS_MORE_DATA,17,,,,,,,,,,,,,,,,only 17 trades < min 20,mt5
run_20260427_062651,EUR/USD,forex,H4,trend_momentum,ema_cross,adx_min=20|fast_period=10|rsi_confirm=True|slow_period=200,both,all,NEEDS_MORE_DATA,16,,,,,,,,,,,,,,,,only 16 trades < min 20,mt5
run_20260427_062651,EUR/USD,forex,H4,trend_momentum,ema_cross,adx_min=25|fast_period=10|rsi_confirm=False|slow_period=200,both,all,NEEDS_MORE_DATA,12,,,,,,,,,,,,,,,,only 12 trades < min 20,mt5
run_20260427_062651,EUR/USD,forex,H4,trend_momentum,ema_cross,adx_min=25|fast_period=10|rsi_confirm=True|slow_period=200,both,all,NEEDS_MORE_DATA,11,,,,,,,,,,,,,,,,only 11 trades < min 20,mt5
run_20260427_062651,EUR/USD,forex,H4,trend_momentum,ema_cross,adx_min=0|fast_period=20|rsi_confirm=False|slow_period=50,both,all,REJECT,20,0.350000,0.648299,-0.001485,-0.001485,-0.045500,-0.419984,-0.851356,0.020020,49.350000,-0.029874,-0.029874,-0.017395,-0.004287,0.293928,,,mt5
run_20260427_062651,EUR/USD,forex,H4,trend_momentum,ema_cross,adx_min=0|fast_period=20|rsi_confirm=True|slow_period=50,both,all,NEEDS_MORE_DATA,19,,,,,,,,,,,,,,,,only 19 trades < min 20,mt5
run_20260427_062651,EUR/USD,forex,H4,trend_momentum,ema_cross,adx_min=20|fast_period=20|rsi_confirm=False|slow_period=50,both,all,REJECT,20,0.350000,0.648299,-0.001485,-0.001485,-0.045500,-0.419984,-0.851356,0.020020,49.350000,-0.029874,-0.029874,-0.017395,-0.004287,0.293928,,,mt5
run_20260427_062651,EUR/USD,forex,H4,trend_momentum,ema_cross,adx_min=20|fast_period=20|rsi_confirm=True|slow_period=50,both,all,NEEDS_MORE_DATA,19,,,,,,,,,,,,,,,,only 19 trades < min 20,mt5
run_20260427_062651,EUR/USD,forex,H4,trend_momentum,ema_cross,adx_min=25|fast_period=20|rsi_confirm=False|slow_period=50,both,all,NEEDS_MORE_DATA,19,,,,,,,,,,,,,,,,only 19 trades < min 20,mt5
run_20260427_062651,EUR/USD,forex,H4,trend_momentum,ema_cross,adx_min=25|fast_period=20|rsi_confirm=True|slow_period=50,both,all,NEEDS_MORE_DATA,18,,,,,,,,,,,,,,,,only 18 trades < min 20,mt5
run_20260427_062651,EUR/USD,forex,H4,trend_momentum,ema_cross,adx_min=0|fast_period=20|rsi_confirm=False|slow_period=100,both,all,NEEDS_MORE_DATA,11,,,,,,,,,,,,,,,,only 11 trades < min 20,mt5
run_20260427_062651,EUR/USD,forex,H4,trend_momentum,ema_cross,adx_min=0|fast_period=20|rsi_confirm=True|slow_period=100,both,all,NEEDS_MORE_DATA,10,,,,,,,,,,,,,,,,only 10 trades < min 20,mt5
run_20260427_062651,EUR/USD,forex,H4,trend_momentum,ema_cross,adx_min=20|fast_period=20|rsi_confirm=False|slow_period=100,both,all,NEEDS_MORE_DATA,11,,,,,,,,,,,,,,,,only 11 trades < min 20,mt5
run_20260427_062651,EUR/USD,forex,H4,trend_momentum,ema_cross,adx_min=20|fast_period=20|rsi_confirm=True|slow_period=100,both,all,NEEDS_MORE_DATA,10,,,,,,,,,,,,,,,,only 10 trades < min 20,mt5
run_20260427_062651,EUR/USD,forex,H4,trend_momentum,ema_cross,adx_min=25|fast_period=20|rsi_confirm=False|slow_period=100,both,all,NEEDS_MORE_DATA,11,,,,,,,,,,,,,,,,only 11 trades < min 20,mt5
run_20260427_062651,EUR/USD,forex,H4,trend_momentum,ema_cross,adx_min=25|fast_period=20|rsi_confirm=True|slow_period=100,both,all,NEEDS_MORE_DATA,10,,,,,,,,,,,,,,,,only 10 trades < min 20,mt5
run_20260427_062651,EUR/USD,forex,H4,trend_momentum,ema_cross,adx_min=0|fast_period=20|rsi_confirm=False|slow_period=200,both,all,NEEDS_MORE_DATA,9,,,,,,,,,,,,,,,,only 9 trades < min 20,mt5
run_20260427_062651,EUR/USD,forex,H4,trend_momentum,ema_cross,adx_min=0|fast_period=20|rsi_confirm=True|slow_period=200,both,all,NEEDS_MORE_DATA,8,,,,,,,,,,,,,,,,only 8 trades < min 20,mt5
run_20260427_062651,EUR/USD,forex,H4,trend_momentum,ema_cross,adx_min=20|fast_period=20|rsi_confirm=False|slow_period=200,both,all,NEEDS_MORE_DATA,9,,,,,,,,,,,,,,,,only 9 trades < min 20,mt5
run_20260427_062651,EUR/USD,forex,H4,trend_momentum,ema_cross,adx_min=20|fast_period=20|rsi_confirm=True|slow_period=200,both,all,NEEDS_MORE_DATA,8,,,,,,,,,,,,,,,,only 8 trades < min 20,mt5
run_20260427_062651,EUR/USD,forex,H4,trend_momentum,ema_cross,adx_min=25|fast_period=20|rsi_confirm=False|slow_period=200,both,all,NEEDS_MORE_DATA,7,,,,,,,,,,,,,,,,only 7 trades < min 20,mt5
run_20260427_062651,EUR/USD,forex,H4,trend_momentum,ema_cross,adx_min=25|fast_period=20|rsi_confirm=True|slow_period=200,both,all,NEEDS_MORE_DATA,6,,,,,,,,,,,,,,,,only 6 trades < min 20,mt5
run_20260427_062651,EUR/USD,forex,H4,trend_momentum,ema_alignment,adx_min=0|ema_long=200|ema_mid=50|ema_short=20,both,all,NEEDS_MORE_DATA,14,,,,,,,,,,,,,,,,only 14 trades < min 20,mt5
run_20260427_062651,EUR/USD,forex,H4,trend_momentum,ema_alignment,adx_min=20|ema_long=200|ema_mid=50|ema_short=20,both,all,NEEDS_MORE_DATA,14,,,,,,,,,,,,,,,,only 14 trades < min 20,mt5
run_20260427_062651,EUR/USD,forex,H4,trend_momentum,ema_alignment,adx_min=25|ema_long=200|ema_mid=50|ema_short=20,both,all,NEEDS_MORE_DATA,14,,,,,,,,,,,,,,,,only 14 trades < min 20,mt5
run_20260427_062651,EUR/USD,forex,H4,pullback,pullback_ema,pullback_period=20|rsi_reclaim=False|rsi_threshold=50|trend_period=200,both,all,REJECT,62,0.193548,0.407620,-0.001188,-0.001188,-0.075300,-1.456588,-3.106139,0.062062,7.161290,-0.071316,-0.071316,-0.030141,-0.042455,0.577436,,,mt5
run_20260427_062651,EUR/USD,forex,H4,pullback,pullback_ema,pullback_period=20|rsi_reclaim=True|rsi_threshold=50|trend_period=200,both,all,REJECT,54,0.166667,0.317626,-0.001473,-0.001473,-0.077789,-1.676937,-3.724334,0.054054,6.500000,-0.076708,-0.076708,-0.035772,-0.042455,0.643953,,,mt5
run_20260427_062651,EUR/USD,forex,H4,pullback,pullback_ema,pullback_period=50|rsi_reclaim=False|rsi_threshold=50|trend_period=200,both,all,REJECT,48,0.208333,0.300895,-0.001376,-0.001376,-0.064121,-1.651356,-3.711919,0.048048,9.416667,-0.064121,-0.064121,-0.034242,-0.028558,0.638202,,,mt5
run_20260427_062651,EUR/USD,forex,H4,pullback,pullback_ema,pullback_period=50|rsi_reclaim=True|rsi_threshold=50|trend_period=200,both,all,REJECT,35,0.200000,0.261259,-0.001431,-0.001431,-0.048973,-1.523077,-3.512315,0.035035,9.542857,-0.048973,-0.048973,-0.021557,-0.025633,0.553285,,,mt5
run_20260427_062651,EUR/USD,forex,H4,breakout,prev_day_hl,atr_expand_min=0.0,both,all,REJECT,54,0.444444,0.948064,-0.000115,-0.000115,-0.038122,-0.076181,-0.151786,0.054054,18.370370,-0.007029,-0.007029,0.024624,-0.035267,0.400000,,,mt5
run_20260427_062651,EUR/USD,forex,H4,breakout,prev_day_hl,atr_expand_min=0.5,both,all,REJECT,52,0.442308,0.979833,-0.000044,-0.000044,-0.031667,-0.028455,-0.056686,0.052052,18.442308,-0.003100,-0.003100,0.021821,-0.028793,0.400000,,,mt5
run_20260427_062651,EUR/USD,forex,H4,breakout,session_opening_range,atr_expand_min=0.0|range_bars=12,both,all,REJECT,32,0.406250,0.897707,-0.000293,-0.000293,-0.042109,-0.117949,-0.235157,0.032032,30.656250,-0.010121,-0.010121,0.015186,-0.022298,0.292000,,,mt5
run_20260427_062651,EUR/USD,forex,H4,breakout,session_opening_range,atr_expand_min=0.5|range_bars=12,both,all,REJECT,32,0.406250,0.897707,-0.000293,-0.000293,-0.042109,-0.117949,-0.235157,0.032032,30.656250,-0.010121,-0.010121,0.015186,-0.022298,0.292000,,,mt5
run_20260427_062651,EUR/USD,forex,H4,breakout,london_breakout,atr_expand_min=0.0|utc_end=11|utc_start=7,both,all,NEEDS_MORE_DATA,17,,,,,,,,,,,,,,,,only 17 trades < min 20,mt5
run_20260427_062651,EUR/USD,forex,H4,breakout,london_breakout,atr_expand_min=0.5|utc_end=11|utc_start=7,both,all,NEEDS_MORE_DATA,17,,,,,,,,,,,,,,,,only 17 trades < min 20,mt5
run_20260427_062651,EUR/USD,forex,H4,breakout,ny_breakout,atr_expand_min=0.0|utc_end=16|utc_start=13,both,all,NEEDS_MORE_DATA,0,,,,,,,,,,,,,,,,only 0 trades < min 20,mt5
run_20260427_062651,EUR/USD,forex,H4,breakout,ny_breakout,atr_expand_min=0.5|utc_end=16|utc_start=13,both,all,NEEDS_MORE_DATA,0,,,,,,,,,,,,,,,,only 0 trades < min 20,mt5
run_20260427_062651,EUR/USD,forex,H4,mean_reversion,rsi_extreme,overbought=70|oversold=30|period=14,both,all,NEEDS_MORE_DATA,19,,,,,,,,,,,,,,,,only 19 trades < min 20,mt5
run_20260427_062651,EUR/USD,forex,H4,mean_reversion,rsi_extreme,overbought=75|oversold=30|period=14,both,all,NEEDS_MORE_DATA,15,,,,,,,,,,,,,,,,only 15 trades < min 20,mt5
run_20260427_062651,EUR/USD,forex,H4,mean_reversion,rsi_extreme,overbought=70|oversold=25|period=14,both,all,NEEDS_MORE_DATA,10,,,,,,,,,,,,,,,,only 10 trades < min 20,mt5
run_20260427_062651,EUR/USD,forex,H4,mean_reversion,rsi_extreme,overbought=75|oversold=25|period=14,both,all,NEEDS_MORE_DATA,6,,,,,,,,,,,,,,,,only 6 trades < min 20,mt5
run_20260427_062651,EUR/USD,forex,H4,mean_reversion,bollinger_touch,num_std=2.0|period=20,both,all,REJECT,34,0.411765,0.477928,-0.001409,-0.001409,-0.067723,-0.696677,-1.427417,0.034034,16.500000,-0.047351,-0.047351,-0.052603,0.005544,0.304000,,,mt5
run_20260427_062651,EUR/USD,forex,H4,mean_reversion,bollinger_touch,num_std=2.5|period=20,both,all,NEEDS_MORE_DATA,19,,,,,,,,,,,,,,,,only 19 trades < min 20,mt5
run_20260427_062651,EUR/USD,forex,H4,mean_reversion,vwap_deviation,std_threshold=1.5,both,all,NEEDS_MORE_DATA,14,,,,,,,,,,,,,,,,only 14 trades < min 20,mt5
run_20260427_062651,EUR/USD,forex,H4,mean_reversion,vwap_deviation,std_threshold=2.0,both,all,NEEDS_MORE_DATA,10,,,,,,,,,,,,,,,,only 10 trades < min 20,mt5
run_20260427_062651,GBP/USD,forex,H4,trend_momentum,ema_cross,adx_min=0|fast_period=10|rsi_confirm=False|slow_period=50,both,all,REJECT,35,0.257143,0.417547,-0.002447,-0.002447,-0.083475,-1.073697,-2.288008,0.035035,28.428571,-0.082814,-0.082814,-0.044492,-0.043259,0.601686,,,mt5
run_20260427_062651,GBP/USD,forex,H4,trend_momentum,ema_cross,adx_min=0|fast_period=10|rsi_confirm=True|slow_period=50,both,all,REJECT,33,0.212121,0.352103,-0.002883,-0.002883,-0.091457,-1.213085,-2.654257,0.033033,26.515152,-0.091457,-0.091457,-0.048612,-0.048170,0.595272,,,mt5
run_20260427_062651,GBP/USD,forex,H4,trend_momentum,ema_cross,adx_min=20|fast_period=10|rsi_confirm=False|slow_period=50,both,all,REJECT,35,0.257143,0.417547,-0.002447,-0.002447,-0.083475,-1.073697,-2.288008,0.035035,28.428571,-0.082814,-0.082814,-0.044492,-0.043259,0.601686,,,mt5
run_20260427_062651,GBP/USD,forex,H4,trend_momentum,ema_cross,adx_min=20|fast_period=10|rsi_confirm=True|slow_period=50,both,all,REJECT,33,0.212121,0.352103,-0.002883,-0.002883,-0.091457,-1.213085,-2.654257,0.033033,26.515152,-0.091457,-0.091457,-0.048612,-0.048170,0.595272,,,mt5
run_20260427_062651,GBP/USD,forex,H4,trend_momentum,ema_cross,adx_min=25|fast_period=10|rsi_confirm=False|slow_period=50,both,all,REJECT,33,0.212121,0.278118,-0.003208,-0.003208,-0.101676,-1.479639,-3.413914,0.033033,23.545455,-0.101028,-0.101028,-0.060381,-0.043259,0.512928,,,mt5
run_20260427_062651,GBP/USD,forex,H4,trend_momentum,ema_cross,adx_min=25|fast_period=10|rsi_confirm=True|slow_period=50,both,all,REJECT,31,0.161290,0.212306,-0.003721,-0.003721,-0.109499,-1.647035,-4.027858,0.031031,21.193548,-0.109499,-0.109499,-0.064433,-0.048170,0.510280,,,mt5
run_20260427_062651,GBP/USD,forex,H4,trend_momentum,ema_cross,adx_min=0|fast_period=10|rsi_confirm=False|slow_period=100,both,all,REJECT,21,0.285714,0.728700,-0.000839,-0.000839,-0.044210,-0.285226,-0.572509,0.021021,43.761905,-0.017932,-0.017932,-0.015573,0.004708,0.226000,,,mt5
run_20260427_062651,GBP/USD,forex,H4,trend_momentum,ema_cross,adx_min=0|fast_period=10|rsi_confirm=True|slow_period=100,both,all,NEEDS_MORE_DATA,19,,,,,,,,,,,,,,,,only 19 trades < min 20,mt5
run_20260427_062651,GBP/USD,forex,H4,trend_momentum,ema_cross,adx_min=20|fast_period=10|rsi_confirm=False|slow_period=100,both,all,REJECT,21,0.285714,0.728700,-0.000839,-0.000839,-0.044210,-0.285226,-0.572509,0.021021,43.761905,-0.017932,-0.017932,-0.015573,0.004708,0.226000,,,mt5
run_20260427_062651,GBP/USD,forex,H4,trend_momentum,ema_cross,adx_min=20|fast_period=10|rsi_confirm=True|slow_period=100,both,all,NEEDS_MORE_DATA,19,,,,,,,,,,,,,,,,only 19 trades < min 20,mt5
run_20260427_062651,GBP/USD,forex,H4,trend_momentum,ema_cross,adx_min=25|fast_period=10|rsi_confirm=False|slow_period=100,both,all,NEEDS_MORE_DATA,16,,,,,,,,,,,,,,,,only 16 trades < min 20,mt5
run_20260427_062651,GBP/USD,forex,H4,trend_momentum,ema_cross,adx_min=25|fast_period=10|rsi_confirm=True|slow_period=100,both,all,NEEDS_MORE_DATA,14,,,,,,,,,,,,,,,,only 14 trades < min 20,mt5
run_20260427_062651,GBP/USD,forex,H4,trend_momentum,ema_cross,adx_min=0|fast_period=10|rsi_confirm=False|slow_period=200,both,all,NEEDS_MORE_DATA,9,,,,,,,,,,,,,,,,only 9 trades < min 20,mt5
run_20260427_062651,GBP/USD,forex,H4,trend_momentum,ema_cross,adx_min=0|fast_period=10|rsi_confirm=True|slow_period=200,both,all,NEEDS_MORE_DATA,8,,,,,,,,,,,,,,,,only 8 trades < min 20,mt5
run_20260427_062651,GBP/USD,forex,H4,trend_momentum,ema_cross,adx_min=20|fast_period=10|rsi_confirm=False|slow_period=200,both,all,NEEDS_MORE_DATA,9,,,,,,,,,,,,,,,,only 9 trades < min 20,mt5
run_20260427_062651,GBP/USD,forex,H4,trend_momentum,ema_cross,adx_min=20|fast_period=10|rsi_confirm=True|slow_period=200,both,all,NEEDS_MORE_DATA,8,,,,,,,,,,,,,,,,only 8 trades < min 20,mt5
run_20260427_062651,GBP/USD,forex,H4,trend_momentum,ema_cross,adx_min=25|fast_period=10|rsi_confirm=False|slow_period=200,both,all,NEEDS_MORE_DATA,9,,,,,,,,,,,,,,,,only 9 trades < min 20,mt5
run_20260427_062651,GBP/USD,forex,H4,trend_momentum,ema_cross,adx_min=25|fast_period=10|rsi_confirm=True|slow_period=200,both,all,NEEDS_MORE_DATA,8,,,,,,,,,,,,,,,,only 8 trades < min 20,mt5
run_20260427_062651,GBP/USD,forex,H4,trend_momentum,ema_cross,adx_min=0|fast_period=20|rsi_confirm=False|slow_period=50,both,all,NEEDS_MORE_DATA,17,,,,,,,,,,,,,,,,only 17 trades < min 20,mt5
run_20260427_062651,GBP/USD,forex,H4,trend_momentum,ema_cross,adx_min=0|fast_period=20|rsi_confirm=True|slow_period=50,both,all,NEEDS_MORE_DATA,16,,,,,,,,,,,,,,,,only 16 trades < min 20,mt5
run_20260427_062651,GBP/USD,forex,H4,trend_momentum,ema_cross,adx_min=20|fast_period=20|rsi_confirm=False|slow_period=50,both,all,NEEDS_MORE_DATA,17,,,,,,,,,,,,,,,,only 17 trades < min 20,mt5
run_20260427_062651,GBP/USD,forex,H4,trend_momentum,ema_cross,adx_min=20|fast_period=20|rsi_confirm=True|slow_period=50,both,all,NEEDS_MORE_DATA,16,,,,,,,,,,,,,,,,only 16 trades < min 20,mt5
run_20260427_062651,GBP/USD,forex,H4,trend_momentum,ema_cross,adx_min=25|fast_period=20|rsi_confirm=False|slow_period=50,both,all,NEEDS_MORE_DATA,14,,,,,,,,,,,,,,,,only 14 trades < min 20,mt5
run_20260427_062651,GBP/USD,forex,H4,trend_momentum,ema_cross,adx_min=25|fast_period=20|rsi_confirm=True|slow_period=50,both,all,NEEDS_MORE_DATA,13,,,,,,,,,,,,,,,,only 13 trades < min 20,mt5
run_20260427_062651,GBP/USD,forex,H4,trend_momentum,ema_cross,adx_min=0|fast_period=20|rsi_confirm=False|slow_period=100,both,all,NEEDS_MORE_DATA,11,,,,,,,,,,,,,,,,only 11 trades < min 20,mt5
run_20260427_062651,GBP/USD,forex,H4,trend_momentum,ema_cross,adx_min=0|fast_period=20|rsi_confirm=True|slow_period=100,both,all,NEEDS_MORE_DATA,10,,,,,,,,,,,,,,,,only 10 trades < min 20,mt5
run_20260427_062651,GBP/USD,forex,H4,trend_momentum,ema_cross,adx_min=20|fast_period=20|rsi_confirm=False|slow_period=100,both,all,NEEDS_MORE_DATA,11,,,,,,,,,,,,,,,,only 11 trades < min 20,mt5
run_20260427_062651,GBP/USD,forex,H4,trend_momentum,ema_cross,adx_min=20|fast_period=20|rsi_confirm=True|slow_period=100,both,all,NEEDS_MORE_DATA,10,,,,,,,,,,,,,,,,only 10 trades < min 20,mt5
run_20260427_062651,GBP/USD,forex,H4,trend_momentum,ema_cross,adx_min=25|fast_period=20|rsi_confirm=False|slow_period=100,both,all,NEEDS_MORE_DATA,9,,,,,,,,,,,,,,,,only 9 trades < min 20,mt5
run_20260427_062651,GBP/USD,forex,H4,trend_momentum,ema_cross,adx_min=25|fast_period=20|rsi_confirm=True|slow_period=100,both,all,NEEDS_MORE_DATA,8,,,,,,,,,,,,,,,,only 8 trades < min 20,mt5
run_20260427_062651,GBP/USD,forex,H4,trend_momentum,ema_cross,adx_min=0|fast_period=20|rsi_confirm=False|slow_period=200,both,all,NEEDS_MORE_DATA,5,,,,,,,,,,,,,,,,only 5 trades < min 20,mt5
run_20260427_062651,GBP/USD,forex,H4,trend_momentum,ema_cross,adx_min=0|fast_period=20|rsi_confirm=True|slow_period=200,both,all,NEEDS_MORE_DATA,4,,,,,,,,,,,,,,,,only 4 trades < min 20,mt5
run_20260427_062651,GBP/USD,forex,H4,trend_momentum,ema_cross,adx_min=20|fast_period=20|rsi_confirm=False|slow_period=200,both,all,NEEDS_MORE_DATA,4,,,,,,,,,,,,,,,,only 4 trades < min 20,mt5
run_20260427_062651,GBP/USD,forex,H4,trend_momentum,ema_cross,adx_min=20|fast_period=20|rsi_confirm=True|slow_period=200,both,all,NEEDS_MORE_DATA,3,,,,,,,,,,,,,,,,only 3 trades < min 20,mt5
run_20260427_062651,GBP/USD,forex,H4,trend_momentum,ema_cross,adx_min=25|fast_period=20|rsi_confirm=False|slow_period=200,both,all,NEEDS_MORE_DATA,4,,,,,,,,,,,,,,,,only 4 trades < min 20,mt5
run_20260427_062651,GBP/USD,forex,H4,trend_momentum,ema_cross,adx_min=25|fast_period=20|rsi_confirm=True|slow_period=200,both,all,NEEDS_MORE_DATA,3,,,,,,,,,,,,,,,,only 3 trades < min 20,mt5
run_20260427_062651,GBP/USD,forex,H4,trend_momentum,ema_alignment,adx_min=0|ema_long=200|ema_mid=50|ema_short=20,both,all,NEEDS_MORE_DATA,11,,,,,,,,,,,,,,,,only 11 trades < min 20,mt5
run_20260427_062651,GBP/USD,forex,H4,trend_momentum,ema_alignment,adx_min=20|ema_long=200|ema_mid=50|ema_short=20,both,all,NEEDS_MORE_DATA,11,,,,,,,,,,,,,,,,only 11 trades < min 20,mt5
run_20260427_062651,GBP/USD,forex,H4,trend_momentum,ema_alignment,adx_min=25|ema_long=200|ema_mid=50|ema_short=20,both,all,NEEDS_MORE_DATA,11,,,,,,,,,,,,,,,,only 11 trades < min 20,mt5
run_20260427_062651,GBP/USD,forex,H4,trend_momentum,macd_direction,adx_min=0|fast=12|signal_period=9|slow=26,both,all,REJECT,75,0.373333,0.800849,-0.000541,-0.000541,-0.060109,-0.397997,-0.795920,0.075075,13.253333,-0.041031,-0.041031,-0.038152,-0.000275,0.402161,,,mt5
run_20260427_062651,GBP/USD,forex,H4,trend_momentum,macd_direction,adx_min=20|fast=12|signal_period=9|slow=26,both,all,REJECT,72,0.347222,0.705383,-0.000832,-0.000832,-0.069541,-0.605863,-1.218399,0.072072,13.055556,-0.059268,-0.059268,-0.047806,-0.009540,0.459865,,,mt5
run_20260427_062651,GBP/USD,forex,H4,pullback,pullback_ema,pullback_period=20|rsi_reclaim=False|rsi_threshold=50|trend_period=200,both,all,REJECT,69,0.188406,0.582168,-0.000889,-0.000889,-0.066323,-0.820416,-1.664577,0.069069,7.811594,-0.060130,-0.060130,-0.026424,-0.032755,0.628125,,,mt5
run_20260427_062651,GBP/USD,forex,H4,pullback,pullback_ema,pullback_period=20|rsi_reclaim=True|rsi_threshold=50|trend_period=200,both,all,REJECT,63,0.174603,0.517506,-0.001079,-0.001079,-0.068379,-0.939795,-1.922902,0.063063,7.380952,-0.066321,-0.066321,-0.027310,-0.038253,0.579794,,,mt5
run_20260427_062651,GBP/USD,forex,H4,pullback,pullback_ema,pullback_period=50|rsi_reclaim=False|rsi_threshold=50|trend_period=200,both,all,REJECT,47,0.191489,0.378244,-0.001432,-0.001432,-0.073463,-1.244636,-2.650019,0.047047,11.595745,-0.065440,-0.065440,-0.032039,-0.032882,0.674107,,,mt5
run_20260427_062651,GBP/USD,forex,H4,pullback,pullback_ema,pullback_period=50|rsi_reclaim=True|rsi_threshold=50|trend_period=200,both,all,REJECT,37,0.216216,0.351235,-0.001551,-0.001551,-0.056067,-1.190373,-2.566502,0.037037,12.081081,-0.056067,-0.056067,-0.031552,-0.023674,0.547092,,,mt5
run_20260427_062651,GBP/USD,forex,H4,breakout,prev_day_hl,atr_expand_min=0.0,both,all,REJECT,64,0.312500,0.720525,-0.000772,-0.000772,-0.086919,-0.511643,-1.027049,0.064064,15.500000,-0.049310,-0.049310,-0.019679,-0.026602,0.594463,,,mt5
run_20260427_062651,GBP/USD,forex,H4,breakout,prev_day_hl,atr_expand_min=0.5,both,all,REJECT,63,0.317460,0.734608,-0.000731,-0.000731,-0.083508,-0.478033,-0.958751,0.063063,15.507937,-0.046148,-0.046148,-0.020080,-0.026602,0.602553,,,mt5
run_20260427_062651,GBP/USD,forex,H4,breakout,prev_day_hl,atr_expand_min=1.0,both,all,REJECT,54,0.296296,0.660598,-0.000994,-0.000994,-0.084369,-0.578565,-1.166177,0.054054,16.055556,-0.053272,-0.053272,-0.018713,-0.035218,0.435418,,,mt5
run_20260427_062651,GBP/USD,forex,H4,breakout,session_opening_range,atr_expand_min=0.0|range_bars=6,both,all,REJECT,56,0.357143,0.627516,-0.001079,-0.001079,-0.085482,-0.691966,-1.401048,0.056056,17.500000,-0.059565,-0.059565,-0.023467,-0.038542,0.507290,,,mt5
run_20260427_062651,GBP/USD,forex,H4,breakout,session_opening_range,atr_expand_min=0.5|range_bars=6,both,all,REJECT,56,0.357143,0.627516,-0.001079,-0.001079,-0.085482,-0.691966,-1.401048,0.056056,17.500000,-0.059565,-0.059565,-0.023467,-0.038542,0.507290,,,mt5
run_20260427_062651,GBP/USD,forex,H4,breakout,session_opening_range,atr_expand_min=0.0|range_bars=12,both,all,REJECT,34,0.323529,0.692119,-0.001199,-0.001199,-0.080861,-0.424757,-0.854876,0.034034,28.852941,-0.041060,-0.041060,-0.023352,-0.023616,0.600618,,,mt5
run_20260427_062651,GBP/USD,forex,H4,breakout,session_opening_range,atr_expand_min=0.5|range_bars=12,both,all,REJECT,34,0.323529,0.692119,-0.001199,-0.001199,-0.080861,-0.424757,-0.854876,0.034034,28.852941,-0.041060,-0.041060,-0.023352,-0.023616,0.600618,,,mt5
run_20260427_062651,GBP/USD,forex,H4,breakout,london_breakout,atr_expand_min=0.0|utc_end=11|utc_start=7,both,all,REJECT,26,0.307692,0.821934,-0.000537,-0.000537,-0.044599,-0.210602,-0.420919,0.026026,18.500000,-0.014414,-0.014414,-0.001666,-0.012769,0.256000,,,mt5
run_20260427_062651,GBP/USD,forex,H4,breakout,london_breakout,atr_expand_min=0.5|utc_end=11|utc_start=7,both,all,REJECT,26,0.307692,0.821934,-0.000537,-0.000537,-0.044599,-0.210602,-0.420919,0.026026,18.500000,-0.014414,-0.014414,-0.001666,-0.012769,0.256000,,,mt5
run_20260427_062651,GBP/USD,forex,H4,breakout,ny_breakout,atr_expand_min=0.0|utc_end=16|utc_start=13,both,all,NEEDS_MORE_DATA,0,,,,,,,,,,,,,,,,only 0 trades < min 20,mt5
run_20260427_062651,GBP/USD,forex,H4,breakout,ny_breakout,atr_expand_min=0.5|utc_end=16|utc_start=13,both,all,NEEDS_MORE_DATA,0,,,,,,,,,,,,,,,,only 0 trades < min 20,mt5
run_20260427_062651,GBP/USD,forex,H4,mean_reversion,rsi_extreme,overbought=70|oversold=30|period=14,both,all,NEEDS_MORE_DATA,16,,,,,,,,,,,,,,,,only 16 trades < min 20,mt5
run_20260427_062651,GBP/USD,forex,H4,mean_reversion,rsi_extreme,overbought=75|oversold=30|period=14,both,all,NEEDS_MORE_DATA,12,,,,,,,,,,,,,,,,only 12 trades < min 20,mt5
run_20260427_062651,GBP/USD,forex,H4,mean_reversion,rsi_extreme,overbought=70|oversold=25|period=14,both,all,NEEDS_MORE_DATA,11,,,,,,,,,,,,,,,,only 11 trades < min 20,mt5
run_20260427_062651,GBP/USD,forex,H4,mean_reversion,rsi_extreme,overbought=75|oversold=25|period=14,both,all,NEEDS_MORE_DATA,7,,,,,,,,,,,,,,,,only 7 trades < min 20,mt5
run_20260427_062651,GBP/USD,forex,H4,mean_reversion,bollinger_touch,num_std=2.0|period=20,both,all,REJECT,43,0.581395,0.858651,-0.000328,-0.000328,-0.038183,-0.187315,-0.373719,0.043043,12.953488,-0.014731,-0.014731,-0.028870,0.014559,0.358000,,,mt5
run_20260427_062651,GBP/USD,forex,H4,mean_reversion,bollinger_touch,num_std=2.5|period=20,both,all,REJECT,25,0.600000,0.847177,-0.000363,-0.000363,-0.026251,-0.149545,-0.298418,0.025025,14.840000,-0.009492,-0.009492,-0.017180,0.007822,0.250000,,,mt5
run_20260427_062651,GBP/USD,forex,H4,mean_reversion,vwap_deviation,std_threshold=1.5,both,all,NEEDS_MORE_DATA,11,,,,,,,,,,,,,,,,only 11 trades < min 20,mt5
run_20260427_062651,GBP/USD,forex,H4,mean_reversion,vwap_deviation,std_threshold=2.0,both,all,NEEDS_MORE_DATA,10,,,,,,,,,,,,,,,,only 10 trades < min 20,mt5
run_20260427_062651,USD/JPY,forex,H4,trend_momentum,ema_cross,adx_min=0|fast_period=10|rsi_confirm=False|slow_period=50,both,all,REJECT,36,0.166667,0.299915,-0.003020,-0.003020,-0.103932,-1.209842,-2.622626,0.036036,27.111111,-0.103932,-0.103932,-0.051090,-0.056597,0.583665,,,mt5
run_20260427_062651,USD/JPY,forex,H4,trend_momentum,ema_cross,adx_min=0|fast_period=10|rsi_confirm=True|slow_period=50,both,all,REJECT,32,0.125000,0.322399,-0.003053,-0.003053,-0.093983,-1.102527,-2.376499,0.032032,25.125000,-0.093983,-0.093983,-0.040555,-0.056597,0.473330,,,mt5
run_20260427_062651,USD/JPY,forex,H4,trend_momentum,ema_cross,adx_min=20|fast_period=10|rsi_confirm=False|slow_period=50,both,all,REJECT,36,0.166667,0.299915,-0.003020,-0.003020,-0.103932,-1.209842,-2.622626,0.036036,27.111111,-0.103932,-0.103932,-0.051090,-0.056597,0.583665,,,mt5
run_20260427_062651,USD/JPY,forex,H4,trend_momentum,ema_cross,adx_min=20|fast_period=10|rsi_confirm=True|slow_period=50,both,all,REJECT,32,0.125000,0.322399,-0.003053,-0.003053,-0.093983,-1.102527,-2.376499,0.032032,25.125000,-0.093983,-0.093983,-0.040555,-0.056597,0.473330,,,mt5
run_20260427_062651,USD/JPY,forex,H4,trend_momentum,ema_cross,adx_min=25|fast_period=10|rsi_confirm=False|slow_period=50,both,all,REJECT,34,0.176471,0.324312,-0.002854,-0.002854,-0.093369,-1.099851,-2.357612,0.034034,27.588235,-0.093369,-0.093369,-0.047387,-0.049186,0.592609,,,mt5
run_20260427_062651,USD/JPY,forex,H4,trend_momentum,ema_cross,adx_min=25|fast_period=10|rsi_confirm=True|slow_period=50,both,all,REJECT,30,0.133333,0.350821,-0.002867,-0.002867,-0.083303,-0.989281,-2.107447,0.030030,25.533333,-0.083303,-0.083303,-0.036810,-0.049186,0.479138,,,mt5
run_20260427_062651,USD/JPY,forex,H4,trend_momentum,ema_cross,adx_min=0|fast_period=10|rsi_confirm=False|slow_period=100,both,all,REJECT,22,0.090909,0.414829,-0.003240,-0.003240,-0.069912,-0.729004,-1.525476,0.022022,44.363636,-0.069912,-0.069912,-0.046814,-0.023973,0.385626,,,mt5
run_20260427_062651,USD/JPY,forex,H4,trend_momentum,ema_cross,adx_min=0|fast_period=10|rsi_confirm=True|slow_period=100,both,all,NEEDS_MORE_DATA,19,,,,,,,,,,,,,,,,only 19 trades < min 20,mt5
run_20260427_062651,USD/JPY,forex,H4,trend_momentum,ema_cross,adx_min=20|fast_period=10|rsi_confirm=False|slow_period=100,both,all,REJECT,22,0.090909,0.414829,-0.003240,-0.003240,-0.069912,-0.729004,-1.525476,0.022022,44.363636,-0.069912,-0.069912,-0.046814,-0.023973,0.385626,,,mt5
run_20260427_062651,USD/JPY,forex,H4,trend_momentum,ema_cross,adx_min=20|fast_period=10|rsi_confirm=True|slow_period=100,both,all,NEEDS_MORE_DATA,19,,,,,,,,,,,,,,,,only 19 trades < min 20,mt5
run_20260427_062651,USD/JPY,forex,H4,trend_momentum,ema_cross,adx_min=25|fast_period=10|rsi_confirm=False|slow_period=100,both,all,REJECT,22,0.090909,0.414829,-0.003240,-0.003240,-0.069912,-0.729004,-1.525476,0.022022,44.363636,-0.069912,-0.069912,-0.046814,-0.023973,0.385626,,,mt5
run_20260427_062651,USD/JPY,forex,H4,trend_momentum,ema_cross,adx_min=25|fast_period=10|rsi_confirm=True|slow_period=100,both,all,NEEDS_MORE_DATA,19,,,,,,,,,,,,,,,,only 19 trades < min 20,mt5
run_20260427_062651,USD/JPY,forex,H4,trend_momentum,ema_cross,adx_min=0|fast_period=10|rsi_confirm=False|slow_period=200,both,all,NEEDS_MORE_DATA,12,,,,,,,,,,,,,,,,only 12 trades < min 20,mt5
run_20260427_062651,USD/JPY,forex,H4,trend_momentum,ema_cross,adx_min=0|fast_period=10|rsi_confirm=True|slow_period=200,both,all,NEEDS_MORE_DATA,8,,,,,,,,,,,,,,,,only 8 trades < min 20,mt5
run_20260427_062651,USD/JPY,forex,H4,trend_momentum,ema_cross,adx_min=20|fast_period=10|rsi_confirm=False|slow_period=200,both,all,NEEDS_MORE_DATA,11,,,,,,,,,,,,,,,,only 11 trades < min 20,mt5
run_20260427_062651,USD/JPY,forex,H4,trend_momentum,ema_cross,adx_min=20|fast_period=10|rsi_confirm=True|slow_period=200,both,all,NEEDS_MORE_DATA,7,,,,,,,,,,,,,,,,only 7 trades < min 20,mt5
run_20260427_062651,USD/JPY,forex,H4,trend_momentum,ema_cross,adx_min=25|fast_period=10|rsi_confirm=False|slow_period=200,both,all,NEEDS_MORE_DATA,10,,,,,,,,,,,,,,,,only 10 trades < min 20,mt5
run_20260427_062651,USD/JPY,forex,H4,trend_momentum,ema_cross,adx_min=25|fast_period=10|rsi_confirm=True|slow_period=200,both,all,NEEDS_MORE_DATA,7,,,,,,,,,,,,,,,,only 7 trades < min 20,mt5
run_20260427_062651,USD/JPY,forex,H4,trend_momentum,ema_cross,adx_min=0|fast_period=20|rsi_confirm=False|slow_period=50,both,all,REJECT,22,0.090909,0.251633,-0.005446,-0.005446,-0.114078,-1.180016,-2.706422,0.022022,44.454545,-0.114078,-0.114078,-0.095547,-0.015236,0.279837,,,mt5
run_20260427_062651,USD/JPY,forex,H4,trend_momentum,ema_cross,adx_min=0|fast_period=20|rsi_confirm=True|slow_period=50,both,all,NEEDS_MORE_DATA,19,,,,,,,,,,,,,,,,only 19 trades < min 20,mt5
run_20260427_062651,USD/JPY,forex,H4,trend_momentum,ema_cross,adx_min=20|fast_period=20|rsi_confirm=False|slow_period=50,both,all,REJECT,22,0.090909,0.251633,-0.005446,-0.005446,-0.114078,-1.180016,-2.706422,0.022022,44.454545,-0.114078,-0.114078,-0.095547,-0.015236,0.279837,,,mt5
run_20260427_062651,USD/JPY,forex,H4,trend_momentum,ema_cross,adx_min=20|fast_period=20|rsi_confirm=True|slow_period=50,both,all,NEEDS_MORE_DATA,19,,,,,,,,,,,,,,,,only 19 trades < min 20,mt5
run_20260427_062651,USD/JPY,forex,H4,trend_momentum,ema_cross,adx_min=25|fast_period=20|rsi_confirm=False|slow_period=50,both,all,REJECT,22,0.090909,0.251633,-0.005446,-0.005446,-0.114078,-1.180016,-2.706422,0.022022,44.454545,-0.114078,-0.114078,-0.095547,-0.015236,0.279837,,,mt5
run_20260427_062651,USD/JPY,forex,H4,trend_momentum,ema_cross,adx_min=25|fast_period=20|rsi_confirm=True|slow_period=50,both,all,NEEDS_MORE_DATA,19,,,,,,,,,,,,,,,,only 19 trades < min 20,mt5
run_20260427_062651,USD/JPY,forex,H4,trend_momentum,ema_cross,adx_min=0|fast_period=20|rsi_confirm=False|slow_period=100,both,all,REJECT,22,0.136364,0.312752,-0.004737,-0.004737,-0.100280,-0.972978,-2.123636,0.022022,44.409091,-0.100280,-0.100280,-0.076833,-0.014793,0.289759,,,mt5
run_20260427_062651,USD/JPY,forex,H4,trend_momentum,ema_cross,adx_min=0|fast_period=20|rsi_confirm=True|slow_period=100,both,all,NEEDS_MORE_DATA,19,,,,,,,,,,,,,,,,only 19 trades < min 20,mt5
run_20260427_062651,USD/JPY,forex,H4,trend_momentum,ema_cross,adx_min=20|fast_period=20|rsi_confirm=False|slow_period=100,both,all,REJECT,22,0.136364,0.312752,-0.004737,-0.004737,-0.100280,-0.972978,-2.123636,0.022022,44.409091,-0.100280,-0.100280,-0.076833,-0.014793,0.289759,,,mt5
run_20260427_062651,USD/JPY,forex,H4,trend_momentum,ema_cross,adx_min=20|fast_period=20|rsi_confirm=True|slow_period=100,both,all,NEEDS_MORE_DATA,19,,,,,,,,,,,,,,,,only 19 trades < min 20,mt5
run_20260427_062651,USD/JPY,forex,H4,trend_momentum,ema_cross,adx_min=25|fast_period=20|rsi_confirm=False|slow_period=100,both,all,REJECT,20,0.150000,0.343752,-0.004527,-0.004527,-0.087844,-0.860209,-1.851979,0.020020,46.550000,-0.087844,-0.087844,-0.071368,-0.007054,0.249651,,,mt5
run_20260427_062651,USD/JPY,forex,H4,trend_momentum,ema_cross,adx_min=25|fast_period=20|rsi_confirm=True|slow_period=100,both,all,NEEDS_MORE_DATA,17,,,,,,,,,,,,,,,,only 17 trades < min 20,mt5
run_20260427_062651,USD/JPY,forex,H4,trend_momentum,ema_cross,adx_min=0|fast_period=20|rsi_confirm=False|slow_period=200,both,all,NEEDS_MORE_DATA,10,,,,,,,,,,,,,,,,only 10 trades < min 20,mt5
run_20260427_062651,USD/JPY,forex,H4,trend_momentum,ema_cross,adx_min=0|fast_period=20|rsi_confirm=True|slow_period=200,both,all,NEEDS_MORE_DATA,7,,,,,,,,,,,,,,,,only 7 trades < min 20,mt5
run_20260427_062651,USD/JPY,forex,H4,trend_momentum,ema_cross,adx_min=20|fast_period=20|rsi_confirm=False|slow_period=200,both,all,NEEDS_MORE_DATA,10,,,,,,,,,,,,,,,,only 10 trades < min 20,mt5
run_20260427_062651,USD/JPY,forex,H4,trend_momentum,ema_cross,adx_min=20|fast_period=20|rsi_confirm=True|slow_period=200,both,all,NEEDS_MORE_DATA,7,,,,,,,,,,,,,,,,only 7 trades < min 20,mt5
run_20260427_062651,USD/JPY,forex,H4,trend_momentum,ema_cross,adx_min=25|fast_period=20|rsi_confirm=False|slow_period=200,both,all,NEEDS_MORE_DATA,9,,,,,,,,,,,,,,,,only 9 trades < min 20,mt5
run_20260427_062651,USD/JPY,forex,H4,trend_momentum,ema_cross,adx_min=25|fast_period=20|rsi_confirm=True|slow_period=200,both,all,NEEDS_MORE_DATA,6,,,,,,,,,,,,,,,,only 6 trades < min 20,mt5
run_20260427_062651,USD/JPY,forex,H4,trend_momentum,ema_alignment,adx_min=0|ema_long=200|ema_mid=50|ema_short=20,both,all,NEEDS_MORE_DATA,15,,,,,,,,,,,,,,,,only 15 trades < min 20,mt5
run_20260427_062651,USD/JPY,forex,H4,trend_momentum,ema_alignment,adx_min=20|ema_long=200|ema_mid=50|ema_short=20,both,all,NEEDS_MORE_DATA,15,,,,,,,,,,,,,,,,only 15 trades < min 20,mt5
run_20260427_062651,USD/JPY,forex,H4,trend_momentum,ema_alignment,adx_min=25|ema_long=200|ema_mid=50|ema_short=20,both,all,NEEDS_MORE_DATA,15,,,,,,,,,,,,,,,,only 15 trades < min 20,mt5
run_20260427_062651,USD/JPY,forex,H4,pullback,pullback_ema,pullback_period=20|rsi_reclaim=False|rsi_threshold=50|trend_period=200,both,all,REJECT,70,0.214286,0.515114,-0.001045,-0.001045,-0.071187,-0.984843,-2.014020,0.070070,7.400000,-0.071187,-0.071187,-0.033673,-0.037197,0.668605,,,mt5
run_20260427_062651,USD/JPY,forex,H4,pullback,pullback_ema,pullback_period=20|rsi_reclaim=True|rsi_threshold=50|trend_period=200,both,all,REJECT,58,0.224138,0.597176,-0.000865,-0.000865,-0.049572,-0.702033,-1.421238,0.058058,7.655172,-0.049572,-0.049572,-0.012005,-0.036398,0.400000,,,mt5
run_20260427_062651,USD/JPY,forex,H4,pullback,pullback_ema,pullback_period=50|rsi_reclaim=False|rsi_threshold=50|trend_period=200,both,all,REJECT,55,0.181818,0.445016,-0.001268,-0.001268,-0.067888,-1.066759,-2.212601,0.055055,10.109091,-0.067888,-0.067888,-0.050758,-0.029615,0.575035,,,mt5
run_20260427_062651,USD/JPY,forex,H4,pullback,pullback_ema,pullback_period=50|rsi_reclaim=True|rsi_threshold=50|trend_period=200,both,all,REJECT,28,0.178571,0.623935,-0.000696,-0.000696,-0.026159,-0.476411,-0.964227,0.028028,11.785714,-0.019512,-0.019512,-0.005037,-0.026159,0.268000,,,mt5
run_20260427_062651,USD/JPY,forex,H4,breakout,prev_day_hl,atr_expand_min=0.0,both,all,REJECT,64,0.375000,0.996489,-0.000009,-0.000009,-0.057503,-0.005168,-0.010295,0.064064,15.515625,-0.002270,-0.002270,0.046695,-0.041788,0.400000,,,mt5
run_20260427_062651,USD/JPY,forex,H4,breakout,prev_day_hl,atr_expand_min=1.0,both,all,REJECT,49,0.306122,0.802863,-0.000605,-0.000605,-0.047845,-0.307465,-0.614727,0.049049,15.959184,-0.030352,-0.030352,0.013715,-0.043470,0.394000,,,mt5
run_20260427_062651,USD/JPY,forex,H4,breakout,session_opening_range,atr_expand_min=0.0|range_bars=6,both,all,REJECT,60,0.350000,0.977123,-0.000062,-0.000062,-0.039060,-0.032962,-0.065664,0.060060,16.366667,-0.005254,-0.005254,0.018468,-0.041641,0.400000,,,mt5
run_20260427_062651,USD/JPY,forex,H4,breakout,session_opening_range,atr_expand_min=0.5|range_bars=6,both,all,REJECT,60,0.350000,0.977123,-0.000062,-0.000062,-0.039060,-0.032962,-0.065664,0.060060,16.366667,-0.005254,-0.005254,0.018468,-0.041641,0.400000,,,mt5
run_20260427_062651,USD/JPY,forex,H4,breakout,session_opening_range,atr_expand_min=0.0|range_bars=12,both,all,REJECT,38,0.368421,0.485678,-0.002100,-0.002100,-0.077660,-0.881137,-1.828002,0.038038,25.842105,-0.077660,-0.077660,-0.023924,-0.065817,0.328000,,,mt5
run_20260427_062651,USD/JPY,forex,H4,breakout,session_opening_range,atr_expand_min=0.5|range_bars=12,both,all,REJECT,38,0.368421,0.478826,-0.002158,-0.002158,-0.079717,-0.900051,-1.870676,0.038038,25.736842,-0.079717,-0.079717,-0.023924,-0.067901,0.328000,,,mt5
run_20260427_062651,USD/JPY,forex,H4,breakout,london_breakout,atr_expand_min=0.0|utc_end=11|utc_start=7,both,all,NEEDS_MORE_DATA,19,,,,,,,,,,,,,,,,only 19 trades < min 20,mt5
run_20260427_062651,USD/JPY,forex,H4,breakout,london_breakout,atr_expand_min=0.5|utc_end=11|utc_start=7,both,all,NEEDS_MORE_DATA,18,,,,,,,,,,,,,,,,only 18 trades < min 20,mt5
run_20260427_062651,USD/JPY,forex,H4,breakout,ny_breakout,atr_expand_min=0.0|utc_end=16|utc_start=13,both,all,NEEDS_MORE_DATA,0,,,,,,,,,,,,,,,,only 0 trades < min 20,mt5
run_20260427_062651,USD/JPY,forex,H4,breakout,ny_breakout,atr_expand_min=0.5|utc_end=16|utc_start=13,both,all,NEEDS_MORE_DATA,0,,,,,,,,,,,,,,,,only 0 trades < min 20,mt5
run_20260427_062651,USD/JPY,forex,H4,mean_reversion,rsi_extreme,overbought=70|oversold=30|period=14,both,all,NEEDS_MORE_DATA,19,,,,,,,,,,,,,,,,only 19 trades < min 20,mt5
run_20260427_062651,USD/JPY,forex,H4,mean_reversion,rsi_extreme,overbought=75|oversold=30|period=14,both,all,NEEDS_MORE_DATA,12,,,,,,,,,,,,,,,,only 12 trades < min 20,mt5
run_20260427_062651,USD/JPY,forex,H4,mean_reversion,rsi_extreme,overbought=70|oversold=25|period=14,both,all,NEEDS_MORE_DATA,16,,,,,,,,,,,,,,,,only 16 trades < min 20,mt5
run_20260427_062651,USD/JPY,forex,H4,mean_reversion,rsi_extreme,overbought=75|oversold=25|period=14,both,all,NEEDS_MORE_DATA,9,,,,,,,,,,,,,,,,only 9 trades < min 20,mt5
run_20260427_062651,USD/JPY,forex,H4,mean_reversion,bollinger_touch,num_std=2.0|period=20,both,all,REJECT,35,0.600000,0.734827,-0.000784,-0.000784,-0.065751,-0.334328,-0.670107,0.035035,12.885714,-0.027916,-0.027916,-0.051456,0.024817,0.310000,,,mt5
run_20260427_062651,USD/JPY,forex,H4,mean_reversion,bollinger_touch,num_std=2.5|period=20,both,all,REJECT,23,0.695652,0.968479,-0.000089,-0.000089,-0.038370,-0.029164,-0.058101,0.023023,13.000000,-0.002678,-0.002678,-0.027816,0.025857,0.238000,,,mt5
run_20260427_062651,USD/JPY,forex,H4,mean_reversion,vwap_deviation,std_threshold=1.5,both,all,NEEDS_MORE_DATA,7,,,,,,,,,,,,,,,,only 7 trades < min 20,mt5
run_20260427_062651,USD/JPY,forex,H4,mean_reversion,vwap_deviation,std_threshold=2.0,both,all,NEEDS_MORE_DATA,7,,,,,,,,,,,,,,,,only 7 trades < min 20,mt5
run_20260427_062651,AUD/USD,forex,H4,trend_momentum,ema_cross,adx_min=0|fast_period=10|rsi_confirm=False|slow_period=50,both,all,REJECT,27,0.259259,0.772408,-0.001101,-0.001101,-0.084929,-0.232907,-0.465772,0.027027,33.888889,-0.031256,-0.031256,-0.004181,-0.072480,0.262000,,,mt5
run_20260427_062651,AUD/USD,forex,H4,trend_momentum,ema_cross,adx_min=0|fast_period=10|rsi_confirm=True|slow_period=50,both,all,REJECT,26,0.230769,0.688634,-0.001562,-0.001562,-0.084929,-0.323099,-0.648682,0.026026,32.461538,-0.041684,-0.041684,-0.014900,-0.072480,0.256000,,,mt5
run_20260427_062651,AUD/USD,forex,H4,trend_momentum,ema_cross,adx_min=20|fast_period=10|rsi_confirm=False|slow_period=50,both,all,REJECT,27,0.259259,0.772408,-0.001101,-0.001101,-0.084929,-0.232907,-0.465772,0.027027,33.888889,-0.031256,-0.031256,-0.004181,-0.072480,0.262000,,,mt5
run_20260427_062651,AUD/USD,forex,H4,trend_momentum,ema_cross,adx_min=20|fast_period=10|rsi_confirm=True|slow_period=50,both,all,REJECT,26,0.230769,0.688634,-0.001562,-0.001562,-0.084929,-0.323099,-0.648682,0.026026,32.461538,-0.041684,-0.041684,-0.014900,-0.072480,0.256000,,,mt5
run_20260427_062651,AUD/USD,forex,H4,trend_momentum,ema_cross,adx_min=25|fast_period=10|rsi_confirm=False|slow_period=50,both,all,REJECT,23,0.217391,0.358252,-0.003497,-0.003497,-0.102130,-0.999697,-2.183868,0.023023,26.521739,-0.078037,-0.078037,-0.005991,-0.072480,0.238000,,,mt5
run_20260427_062651,AUD/USD,forex,H4,trend_momentum,ema_cross,adx_min=25|fast_period=10|rsi_confirm=True|slow_period=50,both,all,REJECT,22,0.181818,0.269810,-0.004160,-0.004160,-0.102130,-1.183637,-2.717450,0.022022,24.500000,-0.088144,-0.088144,-0.016888,-0.072480,0.232000,,,mt5
run_20260427_062651,AUD/USD,forex,H4,trend_momentum,ema_cross,adx_min=0|fast_period=10|rsi_confirm=False|slow_period=100,both,all,REJECT,25,0.160000,0.594953,-0.002224,-0.002224,-0.070916,-0.433611,-0.876622,0.025025,36.720000,-0.056002,-0.056002,-0.030591,-0.070727,0.250000,,,mt5
run_20260427_062651,AUD/USD,forex,H4,trend_momentum,ema_cross,adx_min=0|fast_period=10|rsi_confirm=True|slow_period=100,both,all,REJECT,23,0.130435,0.535043,-0.002729,-0.002729,-0.070916,-0.495456,-1.008048,0.023023,36.391304,-0.062717,-0.062717,-0.037487,-0.070727,0.271981,,,mt5
run_20260427_062651,AUD/USD,forex,H4,trend_momentum,ema_cross,adx_min=20|fast_period=10|rsi_confirm=False|slow_period=100,both,all,REJECT,25,0.160000,0.594953,-0.002224,-0.002224,-0.070916,-0.433611,-0.876622,0.025025,36.720000,-0.056002,-0.056002,-0.030591,-0.070727,0.250000,,,mt5
run_20260427_062651,AUD/USD,forex,H4,trend_momentum,ema_cross,adx_min=20|fast_period=10|rsi_confirm=True|slow_period=100,both,all,REJECT,23,0.130435,0.535043,-0.002729,-0.002729,-0.070916,-0.495456,-1.008048,0.023023,36.391304,-0.062717,-0.062717,-0.037487,-0.070727,0.271981,,,mt5
run_20260427_062651,AUD/USD,forex,H4,trend_momentum,ema_cross,adx_min=25|fast_period=10|rsi_confirm=False|slow_period=100,both,all,NEEDS_MORE_DATA,18,,,,,,,,,,,,,,,,only 18 trades < min 20,mt5
run_20260427_062651,AUD/USD,forex,H4,trend_momentum,ema_cross,adx_min=25|fast_period=10|rsi_confirm=True|slow_period=100,both,all,NEEDS_MORE_DATA,17,,,,,,,,,,,,,,,,only 17 trades < min 20,mt5
run_20260427_062651,AUD/USD,forex,H4,trend_momentum,ema_cross,adx_min=0|fast_period=10|rsi_confirm=False|slow_period=200,both,all,NEEDS_MORE_DATA,13,,,,,,,,,,,,,,,,only 13 trades < min 20,mt5
run_20260427_062651,AUD/USD,forex,H4,trend_momentum,ema_cross,adx_min=0|fast_period=10|rsi_confirm=True|slow_period=200,both,all,NEEDS_MORE_DATA,12,,,,,,,,,,,,,,,,only 12 trades < min 20,mt5
run_20260427_062651,AUD/USD,forex,H4,trend_momentum,ema_cross,adx_min=20|fast_period=10|rsi_confirm=False|slow_period=200,both,all,NEEDS_MORE_DATA,13,,,,,,,,,,,,,,,,only 13 trades < min 20,mt5
run_20260427_062651,AUD/USD,forex,H4,trend_momentum,ema_cross,adx_min=20|fast_period=10|rsi_confirm=True|slow_period=200,both,all,NEEDS_MORE_DATA,12,,,,,,,,,,,,,,,,only 12 trades < min 20,mt5
run_20260427_062651,AUD/USD,forex,H4,trend_momentum,ema_cross,adx_min=25|fast_period=10|rsi_confirm=False|slow_period=200,both,all,NEEDS_MORE_DATA,11,,,,,,,,,,,,,,,,only 11 trades < min 20,mt5
run_20260427_062651,AUD/USD,forex,H4,trend_momentum,ema_cross,adx_min=25|fast_period=10|rsi_confirm=True|slow_period=200,both,all,NEEDS_MORE_DATA,10,,,,,,,,,,,,,,,,only 10 trades < min 20,mt5
run_20260427_062651,AUD/USD,forex,H4,trend_momentum,ema_cross,adx_min=0|fast_period=20|rsi_confirm=False|slow_period=50,both,all,NEEDS_MORE_DATA,19,,,,,,,,,,,,,,,,only 19 trades < min 20,mt5
run_20260427_062651,AUD/USD,forex,H4,trend_momentum,ema_cross,adx_min=0|fast_period=20|rsi_confirm=True|slow_period=50,both,all,NEEDS_MORE_DATA,18,,,,,,,,,,,,,,,,only 18 trades < min 20,mt5
run_20260427_062651,AUD/USD,forex,H4,trend_momentum,ema_cross,adx_min=20|fast_period=20|rsi_confirm=False|slow_period=50,both,all,NEEDS_MORE_DATA,19,,,,,,,,,,,,,,,,only 19 trades < min 20,mt5
run_20260427_062651,AUD/USD,forex,H4,trend_momentum,ema_cross,adx_min=20|fast_period=20|rsi_confirm=True|slow_period=50,both,all,NEEDS_MORE_DATA,18,,,,,,,,,,,,,,,,only 18 trades < min 20,mt5
run_20260427_062651,AUD/USD,forex,H4,trend_momentum,ema_cross,adx_min=25|fast_period=20|rsi_confirm=False|slow_period=50,both,all,NEEDS_MORE_DATA,16,,,,,,,,,,,,,,,,only 16 trades < min 20,mt5
run_20260427_062651,AUD/USD,forex,H4,trend_momentum,ema_cross,adx_min=25|fast_period=20|rsi_confirm=True|slow_period=50,both,all,NEEDS_MORE_DATA,15,,,,,,,,,,,,,,,,only 15 trades < min 20,mt5
run_20260427_062651,AUD/USD,forex,H4,trend_momentum,ema_cross,adx_min=0|fast_period=20|rsi_confirm=False|slow_period=100,both,all,NEEDS_MORE_DATA,17,,,,,,,,,,,,,,,,only 17 trades < min 20,mt5
run_20260427_062651,AUD/USD,forex,H4,trend_momentum,ema_cross,adx_min=0|fast_period=20|rsi_confirm=True|slow_period=100,both,all,NEEDS_MORE_DATA,16,,,,,,,,,,,,,,,,only 16 trades < min 20,mt5
run_20260427_062651,AUD/USD,forex,H4,trend_momentum,ema_cross,adx_min=20|fast_period=20|rsi_confirm=False|slow_period=100,both,all,NEEDS_MORE_DATA,17,,,,,,,,,,,,,,,,only 17 trades < min 20,mt5
run_20260427_062651,AUD/USD,forex,H4,trend_momentum,ema_cross,adx_min=20|fast_period=20|rsi_confirm=True|slow_period=100,both,all,NEEDS_MORE_DATA,16,,,,,,,,,,,,,,,,only 16 trades < min 20,mt5
run_20260427_062651,AUD/USD,forex,H4,trend_momentum,ema_cross,adx_min=25|fast_period=20|rsi_confirm=False|slow_period=100,both,all,NEEDS_MORE_DATA,15,,,,,,,,,,,,,,,,only 15 trades < min 20,mt5
run_20260427_062651,AUD/USD,forex,H4,trend_momentum,ema_cross,adx_min=25|fast_period=20|rsi_confirm=True|slow_period=100,both,all,NEEDS_MORE_DATA,14,,,,,,,,,,,,,,,,only 14 trades < min 20,mt5
run_20260427_062651,AUD/USD,forex,H4,trend_momentum,ema_cross,adx_min=0|fast_period=20|rsi_confirm=False|slow_period=200,both,all,NEEDS_MORE_DATA,11,,,,,,,,,,,,,,,,only 11 trades < min 20,mt5
run_20260427_062651,AUD/USD,forex,H4,trend_momentum,ema_cross,adx_min=0|fast_period=20|rsi_confirm=True|slow_period=200,both,all,NEEDS_MORE_DATA,10,,,,,,,,,,,,,,,,only 10 trades < min 20,mt5
run_20260427_062651,AUD/USD,forex,H4,trend_momentum,ema_cross,adx_min=20|fast_period=20|rsi_confirm=False|slow_period=200,both,all,NEEDS_MORE_DATA,11,,,,,,,,,,,,,,,,only 11 trades < min 20,mt5
run_20260427_062651,AUD/USD,forex,H4,trend_momentum,ema_cross,adx_min=20|fast_period=20|rsi_confirm=True|slow_period=200,both,all,NEEDS_MORE_DATA,10,,,,,,,,,,,,,,,,only 10 trades < min 20,mt5
run_20260427_062651,AUD/USD,forex,H4,trend_momentum,ema_cross,adx_min=25|fast_period=20|rsi_confirm=False|slow_period=200,both,all,NEEDS_MORE_DATA,10,,,,,,,,,,,,,,,,only 10 trades < min 20,mt5
run_20260427_062651,AUD/USD,forex,H4,trend_momentum,ema_cross,adx_min=25|fast_period=20|rsi_confirm=True|slow_period=200,both,all,NEEDS_MORE_DATA,9,,,,,,,,,,,,,,,,only 9 trades < min 20,mt5
run_20260427_062651,AUD/USD,forex,H4,trend_momentum,ema_alignment,adx_min=0|ema_long=200|ema_mid=50|ema_short=20,both,all,NEEDS_MORE_DATA,12,,,,,,,,,,,,,,,,only 12 trades < min 20,mt5
run_20260427_062651,AUD/USD,forex,H4,trend_momentum,ema_alignment,adx_min=20|ema_long=200|ema_mid=50|ema_short=20,both,all,NEEDS_MORE_DATA,12,,,,,,,,,,,,,,,,only 12 trades < min 20,mt5
run_20260427_062651,AUD/USD,forex,H4,trend_momentum,ema_alignment,adx_min=25|ema_long=200|ema_mid=50|ema_short=20,both,all,NEEDS_MORE_DATA,12,,,,,,,,,,,,,,,,only 12 trades < min 20,mt5
run_20260427_062651,AUD/USD,forex,H4,trend_momentum,macd_direction,adx_min=0|fast=12|signal_period=9|slow=26,both,all,REJECT,79,0.354430,0.755155,-0.000834,-0.000834,-0.087026,-0.486398,-0.974274,0.079079,12.607595,-0.065878,-0.065878,-0.040588,-0.026593,0.596557,,,mt5
run_20260427_062651,AUD/USD,forex,H4,trend_momentum,macd_direction,adx_min=20|fast=12|signal_period=9|slow=26,both,all,REJECT,73,0.356164,0.691361,-0.001086,-0.001086,-0.090507,-0.610962,-1.228675,0.073073,12.904110,-0.078158,-0.078158,-0.044246,-0.035714,0.642151,,,mt5
run_20260427_062651,AUD/USD,forex,H4,pullback,pullback_ema,pullback_period=20|rsi_reclaim=False|rsi_threshold=50|trend_period=200,both,all,REJECT,67,0.164179,0.648662,-0.000950,-0.000950,-0.084719,-0.543347,-1.091312,0.067067,7.268657,-0.063252,-0.063252,-0.008082,-0.055620,0.400000,,,mt5
run_20260427_062651,AUD/USD,forex,H4,pullback,pullback_ema,pullback_period=20|rsi_reclaim=True|rsi_threshold=50|trend_period=200,both,all,REJECT,64,0.140625,0.541416,-0.001286,-0.001286,-0.084731,-0.748859,-1.516646,0.064064,6.687500,-0.080379,-0.080379,-0.026218,-0.055620,0.400000,,,mt5
run_20260427_062651,AUD/USD,forex,H4,pullback,pullback_ema,pullback_period=50|rsi_reclaim=False|rsi_threshold=50|trend_period=200,both,all,REJECT,52,0.153846,0.497266,-0.001504,-0.001504,-0.085686,-0.813706,-1.661214,0.052052,10.557692,-0.076298,-0.076298,-0.015160,-0.072396,0.400000,,,mt5
run_20260427_062651,AUD/USD,forex,H4,pullback,pullback_ema,pullback_period=50|rsi_reclaim=True|rsi_threshold=50|trend_period=200,both,all,REJECT,36,0.166667,0.425664,-0.001922,-0.001922,-0.067720,-0.801606,-1.654313,0.036036,10.833333,-0.067720,-0.067720,-0.014688,-0.053822,0.316000,,,mt5
run_20260427_062651,AUD/USD,forex,H4,breakout,london_breakout,atr_expand_min=0.0|utc_end=11|utc_start=7,both,all,NEEDS_MORE_DATA,13,,,,,,,,,,,,,,,,only 13 trades < min 20,mt5
run_20260427_062651,AUD/USD,forex,H4,breakout,london_breakout,atr_expand_min=0.5|utc_end=11|utc_start=7,both,all,NEEDS_MORE_DATA,13,,,,,,,,,,,,,,,,only 13 trades < min 20,mt5
run_20260427_062651,AUD/USD,forex,H4,breakout,ny_breakout,atr_expand_min=0.0|utc_end=16|utc_start=13,both,all,NEEDS_MORE_DATA,0,,,,,,,,,,,,,,,,only 0 trades < min 20,mt5
run_20260427_062651,AUD/USD,forex,H4,breakout,ny_breakout,atr_expand_min=0.5|utc_end=16|utc_start=13,both,all,NEEDS_MORE_DATA,0,,,,,,,,,,,,,,,,only 0 trades < min 20,mt5
run_20260427_062651,AUD/USD,forex,H4,mean_reversion,rsi_extreme,overbought=70|oversold=30|period=14,both,all,NEEDS_MORE_DATA,15,,,,,,,,,,,,,,,,only 15 trades < min 20,mt5
run_20260427_062651,AUD/USD,forex,H4,mean_reversion,rsi_extreme,overbought=75|oversold=30|period=14,both,all,NEEDS_MORE_DATA,12,,,,,,,,,,,,,,,,only 12 trades < min 20,mt5
run_20260427_062651,AUD/USD,forex,H4,mean_reversion,rsi_extreme,overbought=70|oversold=25|period=14,both,all,NEEDS_MORE_DATA,11,,,,,,,,,,,,,,,,only 11 trades < min 20,mt5
run_20260427_062651,AUD/USD,forex,H4,mean_reversion,rsi_extreme,overbought=75|oversold=25|period=14,both,all,NEEDS_MORE_DATA,8,,,,,,,,,,,,,,,,only 8 trades < min 20,mt5
run_20260427_062651,AUD/USD,forex,H4,mean_reversion,bollinger_touch,num_std=2.0|period=20,both,all,REJECT,32,0.531250,0.502969,-0.002170,-0.002170,-0.089189,-0.582127,-1.183956,0.032032,17.343750,-0.068785,-0.068785,-0.071756,0.003201,0.292000,,,mt5
run_20260427_062651,AUD/USD,forex,H4,mean_reversion,bollinger_touch,num_std=2.5|period=20,both,all,NEEDS_MORE_DATA,17,,,,,,,,,,,,,,,,only 17 trades < min 20,mt5
run_20260427_062651,AUD/USD,forex,H4,mean_reversion,vwap_deviation,std_threshold=1.5,both,all,NEEDS_MORE_DATA,8,,,,,,,,,,,,,,,,only 8 trades < min 20,mt5
run_20260427_062651,AUD/USD,forex,H4,mean_reversion,vwap_deviation,std_threshold=2.0,both,all,NEEDS_MORE_DATA,7,,,,,,,,,,,,,,,,only 7 trades < min 20,mt5
