engine,asset_class,score_group,symbol,regime,timeframe_style,parameter_set,trade_count,pass_count,fail_count,win_rate,expectancy,max_drawdown,sqn,average_rr_achieved,level_mode,fallback_tp_applied,sample_size_warning,robust_rank_score,sample_period,split_label,parameter_variants_tested,threshold_candidate,threshold_filter_applied,raw_source_count,admitted_count,excluded_by_threshold_count,threshold_filter_reason,parameters
ENGINE_A,,,NASDAQ-100,LOW_VOLATILITY,swing,engine_a_9e0e9b16e0,2,2,0,1.0,1.975,,,1.975,,,True,0.29625,unspecified,unspecified,9,1.5,True,276,218,58,score_gte_candidate_threshold,"{""adx_hard_fail"": 12.0, ""adx_trend_min"": 22.0, ""directional_ramp_full"": 0.45, ""directional_ramp_min"": 0.25, ""score_group_threshold_default"": 1.5, ""volatility_scaler_high"": 0.025, ""volatility_scaler_low"": 0.005}"
ENGINE_A,,,NASDAQ-100,LOW_VOLATILITY,swing,engine_a_0786ab053e,2,2,0,1.0,1.975,,,1.975,,,True,0.29625,unspecified,unspecified,9,1.5,True,276,218,58,score_gte_candidate_threshold,"{""adx_hard_fail"": 15.0, ""adx_trend_min"": 22.0, ""directional_ramp_full"": 0.45, ""directional_ramp_min"": 0.25, ""score_group_threshold_default"": 1.5, ""volatility_scaler_high"": 0.025, ""volatility_scaler_low"": 0.005}"
ENGINE_A,,,NASDAQ-100,LOW_VOLATILITY,swing,engine_a_47614b9290,2,2,0,1.0,1.975,,,1.975,,,True,0.29625,unspecified,unspecified,9,1.5,True,276,218,58,score_gte_candidate_threshold,"{""adx_hard_fail"": 18.0, ""adx_trend_min"": 22.0, ""directional_ramp_full"": 0.45, ""directional_ramp_min"": 0.25, ""score_group_threshold_default"": 1.5, ""volatility_scaler_high"": 0.025, ""volatility_scaler_low"": 0.005}"
ENGINE_A,,,NASDAQ-100,LOW_VOLATILITY,swing,engine_a_45943c6160,2,2,0,1.0,1.975,,,1.975,,,True,0.29625,unspecified,unspecified,9,1.5,True,276,218,58,score_gte_candidate_threshold,"{""adx_hard_fail"": 12.0, ""adx_trend_min"": 25.0, ""directional_ramp_full"": 0.45, ""directional_ramp_min"": 0.25, ""score_group_threshold_default"": 1.5, ""volatility_scaler_high"": 0.025, ""volatility_scaler_low"": 0.005}"
ENGINE_A,,,NASDAQ-100,LOW_VOLATILITY,swing,engine_a_43d6f1c8a4,2,2,0,1.0,1.975,,,1.975,,,True,0.29625,unspecified,unspecified,9,1.5,True,276,218,58,score_gte_candidate_threshold,"{""adx_hard_fail"": 15.0, ""adx_trend_min"": 25.0, ""directional_ramp_full"": 0.45, ""directional_ramp_min"": 0.25, ""score_group_threshold_default"": 1.5, ""volatility_scaler_high"": 0.025, ""volatility_scaler_low"": 0.005}"
ENGINE_A,,,NASDAQ-100,LOW_VOLATILITY,swing,engine_a_c38fbf3d85,2,2,0,1.0,1.975,,,1.975,,,True,0.29625,unspecified,unspecified,9,1.5,True,276,218,58,score_gte_candidate_threshold,"{""adx_hard_fail"": 18.0, ""adx_trend_min"": 25.0, ""directional_ramp_full"": 0.45, ""directional_ramp_min"": 0.25, ""score_group_threshold_default"": 1.5, ""volatility_scaler_high"": 0.025, ""volatility_scaler_low"": 0.005}"
ENGINE_A,,,NASDAQ-100,LOW_VOLATILITY,swing,engine_a_f182b0faa6,2,2,0,1.0,1.975,,,1.975,,,True,0.29625,unspecified,unspecified,9,1.5,True,276,218,58,score_gte_candidate_threshold,"{""adx_hard_fail"": 12.0, ""adx_trend_min"": 28.0, ""directional_ramp_full"": 0.45, ""directional_ramp_min"": 0.25, ""score_group_threshold_default"": 1.5, ""volatility_scaler_high"": 0.025, ""volatility_scaler_low"": 0.005}"
ENGINE_A,,,NASDAQ-100,LOW_VOLATILITY,swing,engine_a_b817f3206d,2,2,0,1.0,1.975,,,1.975,,,True,0.29625,unspecified,unspecified,9,1.5,True,276,218,58,score_gte_candidate_threshold,"{""adx_hard_fail"": 15.0, ""adx_trend_min"": 28.0, ""directional_ramp_full"": 0.45, ""directional_ramp_min"": 0.25, ""score_group_threshold_default"": 1.5, ""volatility_scaler_high"": 0.025, ""volatility_scaler_low"": 0.005}"
ENGINE_A,,,NASDAQ-100,LOW_VOLATILITY,swing,engine_a_bf31182245,2,2,0,1.0,1.975,,,1.975,,,True,0.29625,unspecified,unspecified,9,1.5,True,276,218,58,score_gte_candidate_threshold,"{""adx_hard_fail"": 18.0, ""adx_trend_min"": 28.0, ""directional_ramp_full"": 0.45, ""directional_ramp_min"": 0.25, ""score_group_threshold_default"": 1.5, ""volatility_scaler_high"": 0.025, ""volatility_scaler_low"": 0.005}"
ENGINE_A,,,TRX/USDT,LOW_VOLATILITY,intraday,engine_a_9e0e9b16e0,1,1,0,1.0,1.18,,,1.18,,,True,0.0885,unspecified,unspecified,9,1.5,True,276,218,58,score_gte_candidate_threshold,"{""adx_hard_fail"": 12.0, ""adx_trend_min"": 22.0, ""directional_ramp_full"": 0.45, ""directional_ramp_min"": 0.25, ""score_group_threshold_default"": 1.5, ""volatility_scaler_high"": 0.025, ""volatility_scaler_low"": 0.005}"
ENGINE_A,,,TRX/USDT,LOW_VOLATILITY,intraday,engine_a_0786ab053e,1,1,0,1.0,1.18,,,1.18,,,True,0.0885,unspecified,unspecified,9,1.5,True,276,218,58,score_gte_candidate_threshold,"{""adx_hard_fail"": 15.0, ""adx_trend_min"": 22.0, ""directional_ramp_full"": 0.45, ""directional_ramp_min"": 0.25, ""score_group_threshold_default"": 1.5, ""volatility_scaler_high"": 0.025, ""volatility_scaler_low"": 0.005}"
ENGINE_A,,,TRX/USDT,LOW_VOLATILITY,intraday,engine_a_47614b9290,1,1,0,1.0,1.18,,,1.18,,,True,0.0885,unspecified,unspecified,9,1.5,True,276,218,58,score_gte_candidate_threshold,"{""adx_hard_fail"": 18.0, ""adx_trend_min"": 22.0, ""directional_ramp_full"": 0.45, ""directional_ramp_min"": 0.25, ""score_group_threshold_default"": 1.5, ""volatility_scaler_high"": 0.025, ""volatility_scaler_low"": 0.005}"
ENGINE_A,,,TRX/USDT,LOW_VOLATILITY,intraday,engine_a_45943c6160,1,1,0,1.0,1.18,,,1.18,,,True,0.0885,unspecified,unspecified,9,1.5,True,276,218,58,score_gte_candidate_threshold,"{""adx_hard_fail"": 12.0, ""adx_trend_min"": 25.0, ""directional_ramp_full"": 0.45, ""directional_ramp_min"": 0.25, ""score_group_threshold_default"": 1.5, ""volatility_scaler_high"": 0.025, ""volatility_scaler_low"": 0.005}"
ENGINE_A,,,TRX/USDT,LOW_VOLATILITY,intraday,engine_a_43d6f1c8a4,1,1,0,1.0,1.18,,,1.18,,,True,0.0885,unspecified,unspecified,9,1.5,True,276,218,58,score_gte_candidate_threshold,"{""adx_hard_fail"": 15.0, ""adx_trend_min"": 25.0, ""directional_ramp_full"": 0.45, ""directional_ramp_min"": 0.25, ""score_group_threshold_default"": 1.5, ""volatility_scaler_high"": 0.025, ""volatility_scaler_low"": 0.005}"
ENGINE_A,,,TRX/USDT,LOW_VOLATILITY,intraday,engine_a_c38fbf3d85,1,1,0,1.0,1.18,,,1.18,,,True,0.0885,unspecified,unspecified,9,1.5,True,276,218,58,score_gte_candidate_threshold,"{""adx_hard_fail"": 18.0, ""adx_trend_min"": 25.0, ""directional_ramp_full"": 0.45, ""directional_ramp_min"": 0.25, ""score_group_threshold_default"": 1.5, ""volatility_scaler_high"": 0.025, ""volatility_scaler_low"": 0.005}"
ENGINE_A,,,TRX/USDT,LOW_VOLATILITY,intraday,engine_a_f182b0faa6,1,1,0,1.0,1.18,,,1.18,,,True,0.0885,unspecified,unspecified,9,1.5,True,276,218,58,score_gte_candidate_threshold,"{""adx_hard_fail"": 12.0, ""adx_trend_min"": 28.0, ""directional_ramp_full"": 0.45, ""directional_ramp_min"": 0.25, ""score_group_threshold_default"": 1.5, ""volatility_scaler_high"": 0.025, ""volatility_scaler_low"": 0.005}"
ENGINE_A,,,TRX/USDT,LOW_VOLATILITY,intraday,engine_a_b817f3206d,1,1,0,1.0,1.18,,,1.18,,,True,0.0885,unspecified,unspecified,9,1.5,True,276,218,58,score_gte_candidate_threshold,"{""adx_hard_fail"": 15.0, ""adx_trend_min"": 28.0, ""directional_ramp_full"": 0.45, ""directional_ramp_min"": 0.25, ""score_group_threshold_default"": 1.5, ""volatility_scaler_high"": 0.025, ""volatility_scaler_low"": 0.005}"
ENGINE_A,,,TRX/USDT,LOW_VOLATILITY,intraday,engine_a_bf31182245,1,1,0,1.0,1.18,,,1.18,,,True,0.0885,unspecified,unspecified,9,1.5,True,276,218,58,score_gte_candidate_threshold,"{""adx_hard_fail"": 18.0, ""adx_trend_min"": 28.0, ""directional_ramp_full"": 0.45, ""directional_ramp_min"": 0.25, ""score_group_threshold_default"": 1.5, ""volatility_scaler_high"": 0.025, ""volatility_scaler_low"": 0.005}"
ENGINE_A,,,BCH/USDT,LOW_VOLATILITY,intraday,engine_a_9e0e9b16e0,1,1,0,1.0,1.16,,,1.16,,,True,0.087,unspecified,unspecified,9,1.5,True,276,218,58,score_gte_candidate_threshold,"{""adx_hard_fail"": 12.0, ""adx_trend_min"": 22.0, ""directional_ramp_full"": 0.45, ""directional_ramp_min"": 0.25, ""score_group_threshold_default"": 1.5, ""volatility_scaler_high"": 0.025, ""volatility_scaler_low"": 0.005}"
ENGINE_A,,,BCH/USDT,LOW_VOLATILITY,intraday,engine_a_0786ab053e,1,1,0,1.0,1.16,,,1.16,,,True,0.087,unspecified,unspecified,9,1.5,True,276,218,58,score_gte_candidate_threshold,"{""adx_hard_fail"": 15.0, ""adx_trend_min"": 22.0, ""directional_ramp_full"": 0.45, ""directional_ramp_min"": 0.25, ""score_group_threshold_default"": 1.5, ""volatility_scaler_high"": 0.025, ""volatility_scaler_low"": 0.005}"
ENGINE_A,,,BCH/USDT,LOW_VOLATILITY,intraday,engine_a_47614b9290,1,1,0,1.0,1.16,,,1.16,,,True,0.087,unspecified,unspecified,9,1.5,True,276,218,58,score_gte_candidate_threshold,"{""adx_hard_fail"": 18.0, ""adx_trend_min"": 22.0, ""directional_ramp_full"": 0.45, ""directional_ramp_min"": 0.25, ""score_group_threshold_default"": 1.5, ""volatility_scaler_high"": 0.025, ""volatility_scaler_low"": 0.005}"
ENGINE_A,,,BCH/USDT,LOW_VOLATILITY,intraday,engine_a_45943c6160,1,1,0,1.0,1.16,,,1.16,,,True,0.087,unspecified,unspecified,9,1.5,True,276,218,58,score_gte_candidate_threshold,"{""adx_hard_fail"": 12.0, ""adx_trend_min"": 25.0, ""directional_ramp_full"": 0.45, ""directional_ramp_min"": 0.25, ""score_group_threshold_default"": 1.5, ""volatility_scaler_high"": 0.025, ""volatility_scaler_low"": 0.005}"
ENGINE_A,,,BCH/USDT,LOW_VOLATILITY,intraday,engine_a_43d6f1c8a4,1,1,0,1.0,1.16,,,1.16,,,True,0.087,unspecified,unspecified,9,1.5,True,276,218,58,score_gte_candidate_threshold,"{""adx_hard_fail"": 15.0, ""adx_trend_min"": 25.0, ""directional_ramp_full"": 0.45, ""directional_ramp_min"": 0.25, ""score_group_threshold_default"": 1.5, ""volatility_scaler_high"": 0.025, ""volatility_scaler_low"": 0.005}"
ENGINE_A,,,BCH/USDT,LOW_VOLATILITY,intraday,engine_a_c38fbf3d85,1,1,0,1.0,1.16,,,1.16,,,True,0.087,unspecified,unspecified,9,1.5,True,276,218,58,score_gte_candidate_threshold,"{""adx_hard_fail"": 18.0, ""adx_trend_min"": 25.0, ""directional_ramp_full"": 0.45, ""directional_ramp_min"": 0.25, ""score_group_threshold_default"": 1.5, ""volatility_scaler_high"": 0.025, ""volatility_scaler_low"": 0.005}"
ENGINE_A,,,BCH/USDT,LOW_VOLATILITY,intraday,engine_a_f182b0faa6,1,1,0,1.0,1.16,,,1.16,,,True,0.087,unspecified,unspecified,9,1.5,True,276,218,58,score_gte_candidate_threshold,"{""adx_hard_fail"": 12.0, ""adx_trend_min"": 28.0, ""directional_ramp_full"": 0.45, ""directional_ramp_min"": 0.25, ""score_group_threshold_default"": 1.5, ""volatility_scaler_high"": 0.025, ""volatility_scaler_low"": 0.005}"
ENGINE_A,,,BCH/USDT,LOW_VOLATILITY,intraday,engine_a_b817f3206d,1,1,0,1.0,1.16,,,1.16,,,True,0.087,unspecified,unspecified,9,1.5,True,276,218,58,score_gte_candidate_threshold,"{""adx_hard_fail"": 15.0, ""adx_trend_min"": 28.0, ""directional_ramp_full"": 0.45, ""directional_ramp_min"": 0.25, ""score_group_threshold_default"": 1.5, ""volatility_scaler_high"": 0.025, ""volatility_scaler_low"": 0.005}"
ENGINE_A,,,BCH/USDT,LOW_VOLATILITY,intraday,engine_a_bf31182245,1,1,0,1.0,1.16,,,1.16,,,True,0.087,unspecified,unspecified,9,1.5,True,276,218,58,score_gte_candidate_threshold,"{""adx_hard_fail"": 18.0, ""adx_trend_min"": 28.0, ""directional_ramp_full"": 0.45, ""directional_ramp_min"": 0.25, ""score_group_threshold_default"": 1.5, ""volatility_scaler_high"": 0.025, ""volatility_scaler_low"": 0.005}"
ENGINE_A,,,EUR/AUD,LOW_VOLATILITY,intraday,engine_a_9e0e9b16e0,10,10,0,1.0,0.088,,,0.088,,,True,0.066,unspecified,unspecified,9,1.5,True,276,218,58,score_gte_candidate_threshold,"{""adx_hard_fail"": 12.0, ""adx_trend_min"": 22.0, ""directional_ramp_full"": 0.45, ""directional_ramp_min"": 0.25, ""score_group_threshold_default"": 1.5, ""volatility_scaler_high"": 0.025, ""volatility_scaler_low"": 0.005}"
ENGINE_A,,,EUR/AUD,LOW_VOLATILITY,intraday,engine_a_0786ab053e,10,10,0,1.0,0.088,,,0.088,,,True,0.066,unspecified,unspecified,9,1.5,True,276,218,58,score_gte_candidate_threshold,"{""adx_hard_fail"": 15.0, ""adx_trend_min"": 22.0, ""directional_ramp_full"": 0.45, ""directional_ramp_min"": 0.25, ""score_group_threshold_default"": 1.5, ""volatility_scaler_high"": 0.025, ""volatility_scaler_low"": 0.005}"
ENGINE_A,,,EUR/AUD,LOW_VOLATILITY,intraday,engine_a_47614b9290,10,10,0,1.0,0.088,,,0.088,,,True,0.066,unspecified,unspecified,9,1.5,True,276,218,58,score_gte_candidate_threshold,"{""adx_hard_fail"": 18.0, ""adx_trend_min"": 22.0, ""directional_ramp_full"": 0.45, ""directional_ramp_min"": 0.25, ""score_group_threshold_default"": 1.5, ""volatility_scaler_high"": 0.025, ""volatility_scaler_low"": 0.005}"
ENGINE_A,,,EUR/AUD,LOW_VOLATILITY,intraday,engine_a_45943c6160,10,10,0,1.0,0.088,,,0.088,,,True,0.066,unspecified,unspecified,9,1.5,True,276,218,58,score_gte_candidate_threshold,"{""adx_hard_fail"": 12.0, ""adx_trend_min"": 25.0, ""directional_ramp_full"": 0.45, ""directional_ramp_min"": 0.25, ""score_group_threshold_default"": 1.5, ""volatility_scaler_high"": 0.025, ""volatility_scaler_low"": 0.005}"
ENGINE_A,,,EUR/AUD,LOW_VOLATILITY,intraday,engine_a_43d6f1c8a4,10,10,0,1.0,0.088,,,0.088,,,True,0.066,unspecified,unspecified,9,1.5,True,276,218,58,score_gte_candidate_threshold,"{""adx_hard_fail"": 15.0, ""adx_trend_min"": 25.0, ""directional_ramp_full"": 0.45, ""directional_ramp_min"": 0.25, ""score_group_threshold_default"": 1.5, ""volatility_scaler_high"": 0.025, ""volatility_scaler_low"": 0.005}"
ENGINE_A,,,EUR/AUD,LOW_VOLATILITY,intraday,engine_a_c38fbf3d85,10,10,0,1.0,0.088,,,0.088,,,True,0.066,unspecified,unspecified,9,1.5,True,276,218,58,score_gte_candidate_threshold,"{""adx_hard_fail"": 18.0, ""adx_trend_min"": 25.0, ""directional_ramp_full"": 0.45, ""directional_ramp_min"": 0.25, ""score_group_threshold_default"": 1.5, ""volatility_scaler_high"": 0.025, ""volatility_scaler_low"": 0.005}"
ENGINE_A,,,EUR/AUD,LOW_VOLATILITY,intraday,engine_a_f182b0faa6,10,10,0,1.0,0.088,,,0.088,,,True,0.066,unspecified,unspecified,9,1.5,True,276,218,58,score_gte_candidate_threshold,"{""adx_hard_fail"": 12.0, ""adx_trend_min"": 28.0, ""directional_ramp_full"": 0.45, ""directional_ramp_min"": 0.25, ""score_group_threshold_default"": 1.5, ""volatility_scaler_high"": 0.025, ""volatility_scaler_low"": 0.005}"
ENGINE_A,,,EUR/AUD,LOW_VOLATILITY,intraday,engine_a_b817f3206d,10,10,0,1.0,0.088,,,0.088,,,True,0.066,unspecified,unspecified,9,1.5,True,276,218,58,score_gte_candidate_threshold,"{""adx_hard_fail"": 15.0, ""adx_trend_min"": 28.0, ""directional_ramp_full"": 0.45, ""directional_ramp_min"": 0.25, ""score_group_threshold_default"": 1.5, ""volatility_scaler_high"": 0.025, ""volatility_scaler_low"": 0.005}"
ENGINE_A,,,EUR/AUD,LOW_VOLATILITY,intraday,engine_a_bf31182245,10,10,0,1.0,0.088,,,0.088,,,True,0.066,unspecified,unspecified,9,1.5,True,276,218,58,score_gte_candidate_threshold,"{""adx_hard_fail"": 18.0, ""adx_trend_min"": 28.0, ""directional_ramp_full"": 0.45, ""directional_ramp_min"": 0.25, ""score_group_threshold_default"": 1.5, ""volatility_scaler_high"": 0.025, ""volatility_scaler_low"": 0.005}"
ENGINE_A,,,GBP/AUD,TRENDING,intraday,engine_a_9e0e9b16e0,1,1,0,1.0,0.85,,,0.85,,,True,0.06375,unspecified,unspecified,9,1.5,True,276,218,58,score_gte_candidate_threshold,"{""adx_hard_fail"": 12.0, ""adx_trend_min"": 22.0, ""directional_ramp_full"": 0.45, ""directional_ramp_min"": 0.25, ""score_group_threshold_default"": 1.5, ""volatility_scaler_high"": 0.025, ""volatility_scaler_low"": 0.005}"
ENGINE_A,,,GBP/AUD,TRENDING,intraday,engine_a_0786ab053e,1,1,0,1.0,0.85,,,0.85,,,True,0.06375,unspecified,unspecified,9,1.5,True,276,218,58,score_gte_candidate_threshold,"{""adx_hard_fail"": 15.0, ""adx_trend_min"": 22.0, ""directional_ramp_full"": 0.45, ""directional_ramp_min"": 0.25, ""score_group_threshold_default"": 1.5, ""volatility_scaler_high"": 0.025, ""volatility_scaler_low"": 0.005}"
ENGINE_A,,,GBP/AUD,TRENDING,intraday,engine_a_47614b9290,1,1,0,1.0,0.85,,,0.85,,,True,0.06375,unspecified,unspecified,9,1.5,True,276,218,58,score_gte_candidate_threshold,"{""adx_hard_fail"": 18.0, ""adx_trend_min"": 22.0, ""directional_ramp_full"": 0.45, ""directional_ramp_min"": 0.25, ""score_group_threshold_default"": 1.5, ""volatility_scaler_high"": 0.025, ""volatility_scaler_low"": 0.005}"
ENGINE_A,,,GBP/AUD,TRENDING,intraday,engine_a_45943c6160,1,1,0,1.0,0.85,,,0.85,,,True,0.06375,unspecified,unspecified,9,1.5,True,276,218,58,score_gte_candidate_threshold,"{""adx_hard_fail"": 12.0, ""adx_trend_min"": 25.0, ""directional_ramp_full"": 0.45, ""directional_ramp_min"": 0.25, ""score_group_threshold_default"": 1.5, ""volatility_scaler_high"": 0.025, ""volatility_scaler_low"": 0.005}"
ENGINE_A,,,GBP/AUD,TRENDING,intraday,engine_a_43d6f1c8a4,1,1,0,1.0,0.85,,,0.85,,,True,0.06375,unspecified,unspecified,9,1.5,True,276,218,58,score_gte_candidate_threshold,"{""adx_hard_fail"": 15.0, ""adx_trend_min"": 25.0, ""directional_ramp_full"": 0.45, ""directional_ramp_min"": 0.25, ""score_group_threshold_default"": 1.5, ""volatility_scaler_high"": 0.025, ""volatility_scaler_low"": 0.005}"
ENGINE_A,,,GBP/AUD,TRENDING,intraday,engine_a_c38fbf3d85,1,1,0,1.0,0.85,,,0.85,,,True,0.06375,unspecified,unspecified,9,1.5,True,276,218,58,score_gte_candidate_threshold,"{""adx_hard_fail"": 18.0, ""adx_trend_min"": 25.0, ""directional_ramp_full"": 0.45, ""directional_ramp_min"": 0.25, ""score_group_threshold_default"": 1.5, ""volatility_scaler_high"": 0.025, ""volatility_scaler_low"": 0.005}"
ENGINE_A,,,GBP/AUD,TRENDING,intraday,engine_a_f182b0faa6,1,1,0,1.0,0.85,,,0.85,,,True,0.06375,unspecified,unspecified,9,1.5,True,276,218,58,score_gte_candidate_threshold,"{""adx_hard_fail"": 12.0, ""adx_trend_min"": 28.0, ""directional_ramp_full"": 0.45, ""directional_ramp_min"": 0.25, ""score_group_threshold_default"": 1.5, ""volatility_scaler_high"": 0.025, ""volatility_scaler_low"": 0.005}"
ENGINE_A,,,GBP/AUD,TRENDING,intraday,engine_a_b817f3206d,1,1,0,1.0,0.85,,,0.85,,,True,0.06375,unspecified,unspecified,9,1.5,True,276,218,58,score_gte_candidate_threshold,"{""adx_hard_fail"": 15.0, ""adx_trend_min"": 28.0, ""directional_ramp_full"": 0.45, ""directional_ramp_min"": 0.25, ""score_group_threshold_default"": 1.5, ""volatility_scaler_high"": 0.025, ""volatility_scaler_low"": 0.005}"
ENGINE_A,,,GBP/AUD,TRENDING,intraday,engine_a_bf31182245,1,1,0,1.0,0.85,,,0.85,,,True,0.06375,unspecified,unspecified,9,1.5,True,276,218,58,score_gte_candidate_threshold,"{""adx_hard_fail"": 18.0, ""adx_trend_min"": 28.0, ""directional_ramp_full"": 0.45, ""directional_ramp_min"": 0.25, ""score_group_threshold_default"": 1.5, ""volatility_scaler_high"": 0.025, ""volatility_scaler_low"": 0.005}"
ENGINE_A,,,USD/CHF,TRENDING,intraday,engine_a_9e0e9b16e0,8,8,0,1.0,0.10125,,,0.10125,,,True,0.06075,unspecified,unspecified,9,1.5,True,276,218,58,score_gte_candidate_threshold,"{""adx_hard_fail"": 12.0, ""adx_trend_min"": 22.0, ""directional_ramp_full"": 0.45, ""directional_ramp_min"": 0.25, ""score_group_threshold_default"": 1.5, ""volatility_scaler_high"": 0.025, ""volatility_scaler_low"": 0.005}"
ENGINE_A,,,USD/CHF,TRENDING,intraday,engine_a_0786ab053e,8,8,0,1.0,0.10125,,,0.10125,,,True,0.06075,unspecified,unspecified,9,1.5,True,276,218,58,score_gte_candidate_threshold,"{""adx_hard_fail"": 15.0, ""adx_trend_min"": 22.0, ""directional_ramp_full"": 0.45, ""directional_ramp_min"": 0.25, ""score_group_threshold_default"": 1.5, ""volatility_scaler_high"": 0.025, ""volatility_scaler_low"": 0.005}"
ENGINE_A,,,USD/CHF,TRENDING,intraday,engine_a_47614b9290,8,8,0,1.0,0.10125,,,0.10125,,,True,0.06075,unspecified,unspecified,9,1.5,True,276,218,58,score_gte_candidate_threshold,"{""adx_hard_fail"": 18.0, ""adx_trend_min"": 22.0, ""directional_ramp_full"": 0.45, ""directional_ramp_min"": 0.25, ""score_group_threshold_default"": 1.5, ""volatility_scaler_high"": 0.025, ""volatility_scaler_low"": 0.005}"
ENGINE_A,,,USD/CHF,TRENDING,intraday,engine_a_45943c6160,8,8,0,1.0,0.10125,,,0.10125,,,True,0.06075,unspecified,unspecified,9,1.5,True,276,218,58,score_gte_candidate_threshold,"{""adx_hard_fail"": 12.0, ""adx_trend_min"": 25.0, ""directional_ramp_full"": 0.45, ""directional_ramp_min"": 0.25, ""score_group_threshold_default"": 1.5, ""volatility_scaler_high"": 0.025, ""volatility_scaler_low"": 0.005}"
ENGINE_A,,,USD/CHF,TRENDING,intraday,engine_a_43d6f1c8a4,8,8,0,1.0,0.10125,,,0.10125,,,True,0.06075,unspecified,unspecified,9,1.5,True,276,218,58,score_gte_candidate_threshold,"{""adx_hard_fail"": 15.0, ""adx_trend_min"": 25.0, ""directional_ramp_full"": 0.45, ""directional_ramp_min"": 0.25, ""score_group_threshold_default"": 1.5, ""volatility_scaler_high"": 0.025, ""volatility_scaler_low"": 0.005}"
ENGINE_A,,,USD/CHF,TRENDING,intraday,engine_a_c38fbf3d85,8,8,0,1.0,0.10125,,,0.10125,,,True,0.06075,unspecified,unspecified,9,1.5,True,276,218,58,score_gte_candidate_threshold,"{""adx_hard_fail"": 18.0, ""adx_trend_min"": 25.0, ""directional_ramp_full"": 0.45, ""directional_ramp_min"": 0.25, ""score_group_threshold_default"": 1.5, ""volatility_scaler_high"": 0.025, ""volatility_scaler_low"": 0.005}"
ENGINE_A,,,USD/CHF,TRENDING,intraday,engine_a_f182b0faa6,8,8,0,1.0,0.10125,,,0.10125,,,True,0.06075,unspecified,unspecified,9,1.5,True,276,218,58,score_gte_candidate_threshold,"{""adx_hard_fail"": 12.0, ""adx_trend_min"": 28.0, ""directional_ramp_full"": 0.45, ""directional_ramp_min"": 0.25, ""score_group_threshold_default"": 1.5, ""volatility_scaler_high"": 0.025, ""volatility_scaler_low"": 0.005}"
ENGINE_A,,,USD/CHF,TRENDING,intraday,engine_a_b817f3206d,8,8,0,1.0,0.10125,,,0.10125,,,True,0.06075,unspecified,unspecified,9,1.5,True,276,218,58,score_gte_candidate_threshold,"{""adx_hard_fail"": 15.0, ""adx_trend_min"": 28.0, ""directional_ramp_full"": 0.45, ""directional_ramp_min"": 0.25, ""score_group_threshold_default"": 1.5, ""volatility_scaler_high"": 0.025, ""volatility_scaler_low"": 0.005}"
ENGINE_A,,,USD/CHF,TRENDING,intraday,engine_a_bf31182245,8,8,0,1.0,0.10125,,,0.10125,,,True,0.06075,unspecified,unspecified,9,1.5,True,276,218,58,score_gte_candidate_threshold,"{""adx_hard_fail"": 18.0, ""adx_trend_min"": 28.0, ""directional_ramp_full"": 0.45, ""directional_ramp_min"": 0.25, ""score_group_threshold_default"": 1.5, ""volatility_scaler_high"": 0.025, ""volatility_scaler_low"": 0.005}"
ENGINE_A,,,AVAX/USDT,LOW_VOLATILITY,intraday,engine_a_9e0e9b16e0,1,1,0,1.0,0.71,,,0.71,,,True,0.05325,unspecified,unspecified,9,1.5,True,276,218,58,score_gte_candidate_threshold,"{""adx_hard_fail"": 12.0, ""adx_trend_min"": 22.0, ""directional_ramp_full"": 0.45, ""directional_ramp_min"": 0.25, ""score_group_threshold_default"": 1.5, ""volatility_scaler_high"": 0.025, ""volatility_scaler_low"": 0.005}"
ENGINE_A,,,ADA/USDT,LOW_VOLATILITY,intraday,engine_a_9e0e9b16e0,1,1,0,1.0,0.71,,,0.71,,,True,0.05325,unspecified,unspecified,9,1.5,True,276,218,58,score_gte_candidate_threshold,"{""adx_hard_fail"": 12.0, ""adx_trend_min"": 22.0, ""directional_ramp_full"": 0.45, ""directional_ramp_min"": 0.25, ""score_group_threshold_default"": 1.5, ""volatility_scaler_high"": 0.025, ""volatility_scaler_low"": 0.005}"
ENGINE_A,,,AVAX/USDT,LOW_VOLATILITY,intraday,engine_a_0786ab053e,1,1,0,1.0,0.71,,,0.71,,,True,0.05325,unspecified,unspecified,9,1.5,True,276,218,58,score_gte_candidate_threshold,"{""adx_hard_fail"": 15.0, ""adx_trend_min"": 22.0, ""directional_ramp_full"": 0.45, ""directional_ramp_min"": 0.25, ""score_group_threshold_default"": 1.5, ""volatility_scaler_high"": 0.025, ""volatility_scaler_low"": 0.005}"
ENGINE_A,,,ADA/USDT,LOW_VOLATILITY,intraday,engine_a_0786ab053e,1,1,0,1.0,0.71,,,0.71,,,True,0.05325,unspecified,unspecified,9,1.5,True,276,218,58,score_gte_candidate_threshold,"{""adx_hard_fail"": 15.0, ""adx_trend_min"": 22.0, ""directional_ramp_full"": 0.45, ""directional_ramp_min"": 0.25, ""score_group_threshold_default"": 1.5, ""volatility_scaler_high"": 0.025, ""volatility_scaler_low"": 0.005}"
ENGINE_A,,,AVAX/USDT,LOW_VOLATILITY,intraday,engine_a_47614b9290,1,1,0,1.0,0.71,,,0.71,,,True,0.05325,unspecified,unspecified,9,1.5,True,276,218,58,score_gte_candidate_threshold,"{""adx_hard_fail"": 18.0, ""adx_trend_min"": 22.0, ""directional_ramp_full"": 0.45, ""directional_ramp_min"": 0.25, ""score_group_threshold_default"": 1.5, ""volatility_scaler_high"": 0.025, ""volatility_scaler_low"": 0.005}"
ENGINE_A,,,ADA/USDT,LOW_VOLATILITY,intraday,engine_a_47614b9290,1,1,0,1.0,0.71,,,0.71,,,True,0.05325,unspecified,unspecified,9,1.5,True,276,218,58,score_gte_candidate_threshold,"{""adx_hard_fail"": 18.0, ""adx_trend_min"": 22.0, ""directional_ramp_full"": 0.45, ""directional_ramp_min"": 0.25, ""score_group_threshold_default"": 1.5, ""volatility_scaler_high"": 0.025, ""volatility_scaler_low"": 0.005}"
ENGINE_A,,,AVAX/USDT,LOW_VOLATILITY,intraday,engine_a_45943c6160,1,1,0,1.0,0.71,,,0.71,,,True,0.05325,unspecified,unspecified,9,1.5,True,276,218,58,score_gte_candidate_threshold,"{""adx_hard_fail"": 12.0, ""adx_trend_min"": 25.0, ""directional_ramp_full"": 0.45, ""directional_ramp_min"": 0.25, ""score_group_threshold_default"": 1.5, ""volatility_scaler_high"": 0.025, ""volatility_scaler_low"": 0.005}"
ENGINE_A,,,ADA/USDT,LOW_VOLATILITY,intraday,engine_a_45943c6160,1,1,0,1.0,0.71,,,0.71,,,True,0.05325,unspecified,unspecified,9,1.5,True,276,218,58,score_gte_candidate_threshold,"{""adx_hard_fail"": 12.0, ""adx_trend_min"": 25.0, ""directional_ramp_full"": 0.45, ""directional_ramp_min"": 0.25, ""score_group_threshold_default"": 1.5, ""volatility_scaler_high"": 0.025, ""volatility_scaler_low"": 0.005}"
ENGINE_A,,,AVAX/USDT,LOW_VOLATILITY,intraday,engine_a_43d6f1c8a4,1,1,0,1.0,0.71,,,0.71,,,True,0.05325,unspecified,unspecified,9,1.5,True,276,218,58,score_gte_candidate_threshold,"{""adx_hard_fail"": 15.0, ""adx_trend_min"": 25.0, ""directional_ramp_full"": 0.45, ""directional_ramp_min"": 0.25, ""score_group_threshold_default"": 1.5, ""volatility_scaler_high"": 0.025, ""volatility_scaler_low"": 0.005}"
ENGINE_A,,,ADA/USDT,LOW_VOLATILITY,intraday,engine_a_43d6f1c8a4,1,1,0,1.0,0.71,,,0.71,,,True,0.05325,unspecified,unspecified,9,1.5,True,276,218,58,score_gte_candidate_threshold,"{""adx_hard_fail"": 15.0, ""adx_trend_min"": 25.0, ""directional_ramp_full"": 0.45, ""directional_ramp_min"": 0.25, ""score_group_threshold_default"": 1.5, ""volatility_scaler_high"": 0.025, ""volatility_scaler_low"": 0.005}"
ENGINE_A,,,AVAX/USDT,LOW_VOLATILITY,intraday,engine_a_c38fbf3d85,1,1,0,1.0,0.71,,,0.71,,,True,0.05325,unspecified,unspecified,9,1.5,True,276,218,58,score_gte_candidate_threshold,"{""adx_hard_fail"": 18.0, ""adx_trend_min"": 25.0, ""directional_ramp_full"": 0.45, ""directional_ramp_min"": 0.25, ""score_group_threshold_default"": 1.5, ""volatility_scaler_high"": 0.025, ""volatility_scaler_low"": 0.005}"
ENGINE_A,,,ADA/USDT,LOW_VOLATILITY,intraday,engine_a_c38fbf3d85,1,1,0,1.0,0.71,,,0.71,,,True,0.05325,unspecified,unspecified,9,1.5,True,276,218,58,score_gte_candidate_threshold,"{""adx_hard_fail"": 18.0, ""adx_trend_min"": 25.0, ""directional_ramp_full"": 0.45, ""directional_ramp_min"": 0.25, ""score_group_threshold_default"": 1.5, ""volatility_scaler_high"": 0.025, ""volatility_scaler_low"": 0.005}"
ENGINE_A,,,AVAX/USDT,LOW_VOLATILITY,intraday,engine_a_f182b0faa6,1,1,0,1.0,0.71,,,0.71,,,True,0.05325,unspecified,unspecified,9,1.5,True,276,218,58,score_gte_candidate_threshold,"{""adx_hard_fail"": 12.0, ""adx_trend_min"": 28.0, ""directional_ramp_full"": 0.45, ""directional_ramp_min"": 0.25, ""score_group_threshold_default"": 1.5, ""volatility_scaler_high"": 0.025, ""volatility_scaler_low"": 0.005}"
ENGINE_A,,,ADA/USDT,LOW_VOLATILITY,intraday,engine_a_f182b0faa6,1,1,0,1.0,0.71,,,0.71,,,True,0.05325,unspecified,unspecified,9,1.5,True,276,218,58,score_gte_candidate_threshold,"{""adx_hard_fail"": 12.0, ""adx_trend_min"": 28.0, ""directional_ramp_full"": 0.45, ""directional_ramp_min"": 0.25, ""score_group_threshold_default"": 1.5, ""volatility_scaler_high"": 0.025, ""volatility_scaler_low"": 0.005}"
ENGINE_A,,,AVAX/USDT,LOW_VOLATILITY,intraday,engine_a_b817f3206d,1,1,0,1.0,0.71,,,0.71,,,True,0.05325,unspecified,unspecified,9,1.5,True,276,218,58,score_gte_candidate_threshold,"{""adx_hard_fail"": 15.0, ""adx_trend_min"": 28.0, ""directional_ramp_full"": 0.45, ""directional_ramp_min"": 0.25, ""score_group_threshold_default"": 1.5, ""volatility_scaler_high"": 0.025, ""volatility_scaler_low"": 0.005}"
ENGINE_A,,,ADA/USDT,LOW_VOLATILITY,intraday,engine_a_b817f3206d,1,1,0,1.0,0.71,,,0.71,,,True,0.05325,unspecified,unspecified,9,1.5,True,276,218,58,score_gte_candidate_threshold,"{""adx_hard_fail"": 15.0, ""adx_trend_min"": 28.0, ""directional_ramp_full"": 0.45, ""directional_ramp_min"": 0.25, ""score_group_threshold_default"": 1.5, ""volatility_scaler_high"": 0.025, ""volatility_scaler_low"": 0.005}"
ENGINE_A,,,AVAX/USDT,LOW_VOLATILITY,intraday,engine_a_bf31182245,1,1,0,1.0,0.71,,,0.71,,,True,0.05325,unspecified,unspecified,9,1.5,True,276,218,58,score_gte_candidate_threshold,"{""adx_hard_fail"": 18.0, ""adx_trend_min"": 28.0, ""directional_ramp_full"": 0.45, ""directional_ramp_min"": 0.25, ""score_group_threshold_default"": 1.5, ""volatility_scaler_high"": 0.025, ""volatility_scaler_low"": 0.005}"
ENGINE_A,,,ADA/USDT,LOW_VOLATILITY,intraday,engine_a_bf31182245,1,1,0,1.0,0.71,,,0.71,,,True,0.05325,unspecified,unspecified,9,1.5,True,276,218,58,score_gte_candidate_threshold,"{""adx_hard_fail"": 18.0, ""adx_trend_min"": 28.0, ""directional_ramp_full"": 0.45, ""directional_ramp_min"": 0.25, ""score_group_threshold_default"": 1.5, ""volatility_scaler_high"": 0.025, ""volatility_scaler_low"": 0.005}"
ENGINE_A,,,S&P 500,LOW_VOLATILITY,intraday,engine_a_9e0e9b16e0,3,3,0,1.0,0.223333,,,0.223333,,,True,0.05025,unspecified,unspecified,9,1.5,True,276,218,58,score_gte_candidate_threshold,"{""adx_hard_fail"": 12.0, ""adx_trend_min"": 22.0, ""directional_ramp_full"": 0.45, ""directional_ramp_min"": 0.25, ""score_group_threshold_default"": 1.5, ""volatility_scaler_high"": 0.025, ""volatility_scaler_low"": 0.005}"
ENGINE_A,,,S&P 500,LOW_VOLATILITY,intraday,engine_a_0786ab053e,3,3,0,1.0,0.223333,,,0.223333,,,True,0.05025,unspecified,unspecified,9,1.5,True,276,218,58,score_gte_candidate_threshold,"{""adx_hard_fail"": 15.0, ""adx_trend_min"": 22.0, ""directional_ramp_full"": 0.45, ""directional_ramp_min"": 0.25, ""score_group_threshold_default"": 1.5, ""volatility_scaler_high"": 0.025, ""volatility_scaler_low"": 0.005}"
ENGINE_A,,,S&P 500,LOW_VOLATILITY,intraday,engine_a_47614b9290,3,3,0,1.0,0.223333,,,0.223333,,,True,0.05025,unspecified,unspecified,9,1.5,True,276,218,58,score_gte_candidate_threshold,"{""adx_hard_fail"": 18.0, ""adx_trend_min"": 22.0, ""directional_ramp_full"": 0.45, ""directional_ramp_min"": 0.25, ""score_group_threshold_default"": 1.5, ""volatility_scaler_high"": 0.025, ""volatility_scaler_low"": 0.005}"
ENGINE_A,,,S&P 500,LOW_VOLATILITY,intraday,engine_a_45943c6160,3,3,0,1.0,0.223333,,,0.223333,,,True,0.05025,unspecified,unspecified,9,1.5,True,276,218,58,score_gte_candidate_threshold,"{""adx_hard_fail"": 12.0, ""adx_trend_min"": 25.0, ""directional_ramp_full"": 0.45, ""directional_ramp_min"": 0.25, ""score_group_threshold_default"": 1.5, ""volatility_scaler_high"": 0.025, ""volatility_scaler_low"": 0.005}"
ENGINE_A,,,S&P 500,LOW_VOLATILITY,intraday,engine_a_43d6f1c8a4,3,3,0,1.0,0.223333,,,0.223333,,,True,0.05025,unspecified,unspecified,9,1.5,True,276,218,58,score_gte_candidate_threshold,"{""adx_hard_fail"": 15.0, ""adx_trend_min"": 25.0, ""directional_ramp_full"": 0.45, ""directional_ramp_min"": 0.25, ""score_group_threshold_default"": 1.5, ""volatility_scaler_high"": 0.025, ""volatility_scaler_low"": 0.005}"
ENGINE_A,,,S&P 500,LOW_VOLATILITY,intraday,engine_a_c38fbf3d85,3,3,0,1.0,0.223333,,,0.223333,,,True,0.05025,unspecified,unspecified,9,1.5,True,276,218,58,score_gte_candidate_threshold,"{""adx_hard_fail"": 18.0, ""adx_trend_min"": 25.0, ""directional_ramp_full"": 0.45, ""directional_ramp_min"": 0.25, ""score_group_threshold_default"": 1.5, ""volatility_scaler_high"": 0.025, ""volatility_scaler_low"": 0.005}"
ENGINE_A,,,S&P 500,LOW_VOLATILITY,intraday,engine_a_f182b0faa6,3,3,0,1.0,0.223333,,,0.223333,,,True,0.05025,unspecified,unspecified,9,1.5,True,276,218,58,score_gte_candidate_threshold,"{""adx_hard_fail"": 12.0, ""adx_trend_min"": 28.0, ""directional_ramp_full"": 0.45, ""directional_ramp_min"": 0.25, ""score_group_threshold_default"": 1.5, ""volatility_scaler_high"": 0.025, ""volatility_scaler_low"": 0.005}"
ENGINE_A,,,S&P 500,LOW_VOLATILITY,intraday,engine_a_b817f3206d,3,3,0,1.0,0.223333,,,0.223333,,,True,0.05025,unspecified,unspecified,9,1.5,True,276,218,58,score_gte_candidate_threshold,"{""adx_hard_fail"": 15.0, ""adx_trend_min"": 28.0, ""directional_ramp_full"": 0.45, ""directional_ramp_min"": 0.25, ""score_group_threshold_default"": 1.5, ""volatility_scaler_high"": 0.025, ""volatility_scaler_low"": 0.005}"
ENGINE_A,,,S&P 500,LOW_VOLATILITY,intraday,engine_a_bf31182245,3,3,0,1.0,0.223333,,,0.223333,,,True,0.05025,unspecified,unspecified,9,1.5,True,276,218,58,score_gte_candidate_threshold,"{""adx_hard_fail"": 18.0, ""adx_trend_min"": 28.0, ""directional_ramp_full"": 0.45, ""directional_ramp_min"": 0.25, ""score_group_threshold_default"": 1.5, ""volatility_scaler_high"": 0.025, ""volatility_scaler_low"": 0.005}"
ENGINE_A,,,GBP/AUD,LOW_VOLATILITY,intraday,engine_a_9e0e9b16e0,8,6,2,0.75,0.0725,,,0.0725,,,True,0.0435,unspecified,unspecified,9,1.5,True,276,218,58,score_gte_candidate_threshold,"{""adx_hard_fail"": 12.0, ""adx_trend_min"": 22.0, ""directional_ramp_full"": 0.45, ""directional_ramp_min"": 0.25, ""score_group_threshold_default"": 1.5, ""volatility_scaler_high"": 0.025, ""volatility_scaler_low"": 0.005}"
ENGINE_A,,,GBP/AUD,LOW_VOLATILITY,intraday,engine_a_0786ab053e,8,6,2,0.75,0.0725,,,0.0725,,,True,0.0435,unspecified,unspecified,9,1.5,True,276,218,58,score_gte_candidate_threshold,"{""adx_hard_fail"": 15.0, ""adx_trend_min"": 22.0, ""directional_ramp_full"": 0.45, ""directional_ramp_min"": 0.25, ""score_group_threshold_default"": 1.5, ""volatility_scaler_high"": 0.025, ""volatility_scaler_low"": 0.005}"
ENGINE_A,,,GBP/AUD,LOW_VOLATILITY,intraday,engine_a_47614b9290,8,6,2,0.75,0.0725,,,0.0725,,,True,0.0435,unspecified,unspecified,9,1.5,True,276,218,58,score_gte_candidate_threshold,"{""adx_hard_fail"": 18.0, ""adx_trend_min"": 22.0, ""directional_ramp_full"": 0.45, ""directional_ramp_min"": 0.25, ""score_group_threshold_default"": 1.5, ""volatility_scaler_high"": 0.025, ""volatility_scaler_low"": 0.005}"
ENGINE_A,,,GBP/AUD,LOW_VOLATILITY,intraday,engine_a_45943c6160,8,6,2,0.75,0.0725,,,0.0725,,,True,0.0435,unspecified,unspecified,9,1.5,True,276,218,58,score_gte_candidate_threshold,"{""adx_hard_fail"": 12.0, ""adx_trend_min"": 25.0, ""directional_ramp_full"": 0.45, ""directional_ramp_min"": 0.25, ""score_group_threshold_default"": 1.5, ""volatility_scaler_high"": 0.025, ""volatility_scaler_low"": 0.005}"
ENGINE_A,,,GBP/AUD,LOW_VOLATILITY,intraday,engine_a_43d6f1c8a4,8,6,2,0.75,0.0725,,,0.0725,,,True,0.0435,unspecified,unspecified,9,1.5,True,276,218,58,score_gte_candidate_threshold,"{""adx_hard_fail"": 15.0, ""adx_trend_min"": 25.0, ""directional_ramp_full"": 0.45, ""directional_ramp_min"": 0.25, ""score_group_threshold_default"": 1.5, ""volatility_scaler_high"": 0.025, ""volatility_scaler_low"": 0.005}"
ENGINE_A,,,GBP/AUD,LOW_VOLATILITY,intraday,engine_a_c38fbf3d85,8,6,2,0.75,0.0725,,,0.0725,,,True,0.0435,unspecified,unspecified,9,1.5,True,276,218,58,score_gte_candidate_threshold,"{""adx_hard_fail"": 18.0, ""adx_trend_min"": 25.0, ""directional_ramp_full"": 0.45, ""directional_ramp_min"": 0.25, ""score_group_threshold_default"": 1.5, ""volatility_scaler_high"": 0.025, ""volatility_scaler_low"": 0.005}"
ENGINE_A,,,GBP/AUD,LOW_VOLATILITY,intraday,engine_a_f182b0faa6,8,6,2,0.75,0.0725,,,0.0725,,,True,0.0435,unspecified,unspecified,9,1.5,True,276,218,58,score_gte_candidate_threshold,"{""adx_hard_fail"": 12.0, ""adx_trend_min"": 28.0, ""directional_ramp_full"": 0.45, ""directional_ramp_min"": 0.25, ""score_group_threshold_default"": 1.5, ""volatility_scaler_high"": 0.025, ""volatility_scaler_low"": 0.005}"
ENGINE_A,,,GBP/AUD,LOW_VOLATILITY,intraday,engine_a_b817f3206d,8,6,2,0.75,0.0725,,,0.0725,,,True,0.0435,unspecified,unspecified,9,1.5,True,276,218,58,score_gte_candidate_threshold,"{""adx_hard_fail"": 15.0, ""adx_trend_min"": 28.0, ""directional_ramp_full"": 0.45, ""directional_ramp_min"": 0.25, ""score_group_threshold_default"": 1.5, ""volatility_scaler_high"": 0.025, ""volatility_scaler_low"": 0.005}"
ENGINE_A,,,GBP/AUD,LOW_VOLATILITY,intraday,engine_a_bf31182245,8,6,2,0.75,0.0725,,,0.0725,,,True,0.0435,unspecified,unspecified,9,1.5,True,276,218,58,score_gte_candidate_threshold,"{""adx_hard_fail"": 18.0, ""adx_trend_min"": 28.0, ""directional_ramp_full"": 0.45, ""directional_ramp_min"": 0.25, ""score_group_threshold_default"": 1.5, ""volatility_scaler_high"": 0.025, ""volatility_scaler_low"": 0.005}"
ENGINE_A,,,XAU/USD,TRENDING,intraday,engine_a_9e0e9b16e0,11,10,1,0.909091,0.051818,,,0.051818,,,True,0.04275,unspecified,unspecified,9,1.5,True,276,218,58,score_gte_candidate_threshold,"{""adx_hard_fail"": 12.0, ""adx_trend_min"": 22.0, ""directional_ramp_full"": 0.45, ""directional_ramp_min"": 0.25, ""score_group_threshold_default"": 1.5, ""volatility_scaler_high"": 0.025, ""volatility_scaler_low"": 0.005}"
ENGINE_A,,,XAU/USD,TRENDING,intraday,engine_a_0786ab053e,11,10,1,0.909091,0.051818,,,0.051818,,,True,0.04275,unspecified,unspecified,9,1.5,True,276,218,58,score_gte_candidate_threshold,"{""adx_hard_fail"": 15.0, ""adx_trend_min"": 22.0, ""directional_ramp_full"": 0.45, ""directional_ramp_min"": 0.25, ""score_group_threshold_default"": 1.5, ""volatility_scaler_high"": 0.025, ""volatility_scaler_low"": 0.005}"
ENGINE_A,,,XAU/USD,TRENDING,intraday,engine_a_47614b9290,11,10,1,0.909091,0.051818,,,0.051818,,,True,0.04275,unspecified,unspecified,9,1.5,True,276,218,58,score_gte_candidate_threshold,"{""adx_hard_fail"": 18.0, ""adx_trend_min"": 22.0, ""directional_ramp_full"": 0.45, ""directional_ramp_min"": 0.25, ""score_group_threshold_default"": 1.5, ""volatility_scaler_high"": 0.025, ""volatility_scaler_low"": 0.005}"
ENGINE_A,,,XAU/USD,TRENDING,intraday,engine_a_45943c6160,11,10,1,0.909091,0.051818,,,0.051818,,,True,0.04275,unspecified,unspecified,9,1.5,True,276,218,58,score_gte_candidate_threshold,"{""adx_hard_fail"": 12.0, ""adx_trend_min"": 25.0, ""directional_ramp_full"": 0.45, ""directional_ramp_min"": 0.25, ""score_group_threshold_default"": 1.5, ""volatility_scaler_high"": 0.025, ""volatility_scaler_low"": 0.005}"
ENGINE_A,,,XAU/USD,TRENDING,intraday,engine_a_43d6f1c8a4,11,10,1,0.909091,0.051818,,,0.051818,,,True,0.04275,unspecified,unspecified,9,1.5,True,276,218,58,score_gte_candidate_threshold,"{""adx_hard_fail"": 15.0, ""adx_trend_min"": 25.0, ""directional_ramp_full"": 0.45, ""directional_ramp_min"": 0.25, ""score_group_threshold_default"": 1.5, ""volatility_scaler_high"": 0.025, ""volatility_scaler_low"": 0.005}"
ENGINE_A,,,XAU/USD,TRENDING,intraday,engine_a_c38fbf3d85,11,10,1,0.909091,0.051818,,,0.051818,,,True,0.04275,unspecified,unspecified,9,1.5,True,276,218,58,score_gte_candidate_threshold,"{""adx_hard_fail"": 18.0, ""adx_trend_min"": 25.0, ""directional_ramp_full"": 0.45, ""directional_ramp_min"": 0.25, ""score_group_threshold_default"": 1.5, ""volatility_scaler_high"": 0.025, ""volatility_scaler_low"": 0.005}"
ENGINE_A,,,XAU/USD,TRENDING,intraday,engine_a_f182b0faa6,11,10,1,0.909091,0.051818,,,0.051818,,,True,0.04275,unspecified,unspecified,9,1.5,True,276,218,58,score_gte_candidate_threshold,"{""adx_hard_fail"": 12.0, ""adx_trend_min"": 28.0, ""directional_ramp_full"": 0.45, ""directional_ramp_min"": 0.25, ""score_group_threshold_default"": 1.5, ""volatility_scaler_high"": 0.025, ""volatility_scaler_low"": 0.005}"
ENGINE_A,,,XAU/USD,TRENDING,intraday,engine_a_b817f3206d,11,10,1,0.909091,0.051818,,,0.051818,,,True,0.04275,unspecified,unspecified,9,1.5,True,276,218,58,score_gte_candidate_threshold,"{""adx_hard_fail"": 15.0, ""adx_trend_min"": 28.0, ""directional_ramp_full"": 0.45, ""directional_ramp_min"": 0.25, ""score_group_threshold_default"": 1.5, ""volatility_scaler_high"": 0.025, ""volatility_scaler_low"": 0.005}"
ENGINE_A,,,XAU/USD,TRENDING,intraday,engine_a_bf31182245,11,10,1,0.909091,0.051818,,,0.051818,,,True,0.04275,unspecified,unspecified,9,1.5,True,276,218,58,score_gte_candidate_threshold,"{""adx_hard_fail"": 18.0, ""adx_trend_min"": 28.0, ""directional_ramp_full"": 0.45, ""directional_ramp_min"": 0.25, ""score_group_threshold_default"": 1.5, ""volatility_scaler_high"": 0.025, ""volatility_scaler_low"": 0.005}"
ENGINE_A,,,LTC/USDT,TRENDING,intraday,engine_a_9e0e9b16e0,2,2,0,1.0,0.215,,,0.215,,,True,0.03225,unspecified,unspecified,9,1.5,True,276,218,58,score_gte_candidate_threshold,"{""adx_hard_fail"": 12.0, ""adx_trend_min"": 22.0, ""directional_ramp_full"": 0.45, ""directional_ramp_min"": 0.25, ""score_group_threshold_default"": 1.5, ""volatility_scaler_high"": 0.025, ""volatility_scaler_low"": 0.005}"
ENGINE_A,,,LTC/USDT,TRENDING,intraday,engine_a_0786ab053e,2,2,0,1.0,0.215,,,0.215,,,True,0.03225,unspecified,unspecified,9,1.5,True,276,218,58,score_gte_candidate_threshold,"{""adx_hard_fail"": 15.0, ""adx_trend_min"": 22.0, ""directional_ramp_full"": 0.45, ""directional_ramp_min"": 0.25, ""score_group_threshold_default"": 1.5, ""volatility_scaler_high"": 0.025, ""volatility_scaler_low"": 0.005}"
ENGINE_A,,,LTC/USDT,TRENDING,intraday,engine_a_47614b9290,2,2,0,1.0,0.215,,,0.215,,,True,0.03225,unspecified,unspecified,9,1.5,True,276,218,58,score_gte_candidate_threshold,"{""adx_hard_fail"": 18.0, ""adx_trend_min"": 22.0, ""directional_ramp_full"": 0.45, ""directional_ramp_min"": 0.25, ""score_group_threshold_default"": 1.5, ""volatility_scaler_high"": 0.025, ""volatility_scaler_low"": 0.005}"
ENGINE_A,,,LTC/USDT,TRENDING,intraday,engine_a_45943c6160,2,2,0,1.0,0.215,,,0.215,,,True,0.03225,unspecified,unspecified,9,1.5,True,276,218,58,score_gte_candidate_threshold,"{""adx_hard_fail"": 12.0, ""adx_trend_min"": 25.0, ""directional_ramp_full"": 0.45, ""directional_ramp_min"": 0.25, ""score_group_threshold_default"": 1.5, ""volatility_scaler_high"": 0.025, ""volatility_scaler_low"": 0.005}"
ENGINE_A,,,LTC/USDT,TRENDING,intraday,engine_a_43d6f1c8a4,2,2,0,1.0,0.215,,,0.215,,,True,0.03225,unspecified,unspecified,9,1.5,True,276,218,58,score_gte_candidate_threshold,"{""adx_hard_fail"": 15.0, ""adx_trend_min"": 25.0, ""directional_ramp_full"": 0.45, ""directional_ramp_min"": 0.25, ""score_group_threshold_default"": 1.5, ""volatility_scaler_high"": 0.025, ""volatility_scaler_low"": 0.005}"
ENGINE_A,,,LTC/USDT,TRENDING,intraday,engine_a_c38fbf3d85,2,2,0,1.0,0.215,,,0.215,,,True,0.03225,unspecified,unspecified,9,1.5,True,276,218,58,score_gte_candidate_threshold,"{""adx_hard_fail"": 18.0, ""adx_trend_min"": 25.0, ""directional_ramp_full"": 0.45, ""directional_ramp_min"": 0.25, ""score_group_threshold_default"": 1.5, ""volatility_scaler_high"": 0.025, ""volatility_scaler_low"": 0.005}"
ENGINE_A,,,LTC/USDT,TRENDING,intraday,engine_a_f182b0faa6,2,2,0,1.0,0.215,,,0.215,,,True,0.03225,unspecified,unspecified,9,1.5,True,276,218,58,score_gte_candidate_threshold,"{""adx_hard_fail"": 12.0, ""adx_trend_min"": 28.0, ""directional_ramp_full"": 0.45, ""directional_ramp_min"": 0.25, ""score_group_threshold_default"": 1.5, ""volatility_scaler_high"": 0.025, ""volatility_scaler_low"": 0.005}"
ENGINE_A,,,LTC/USDT,TRENDING,intraday,engine_a_b817f3206d,2,2,0,1.0,0.215,,,0.215,,,True,0.03225,unspecified,unspecified,9,1.5,True,276,218,58,score_gte_candidate_threshold,"{""adx_hard_fail"": 15.0, ""adx_trend_min"": 28.0, ""directional_ramp_full"": 0.45, ""directional_ramp_min"": 0.25, ""score_group_threshold_default"": 1.5, ""volatility_scaler_high"": 0.025, ""volatility_scaler_low"": 0.005}"
ENGINE_A,,,LTC/USDT,TRENDING,intraday,engine_a_bf31182245,2,2,0,1.0,0.215,,,0.215,,,True,0.03225,unspecified,unspecified,9,1.5,True,276,218,58,score_gte_candidate_threshold,"{""adx_hard_fail"": 18.0, ""adx_trend_min"": 28.0, ""directional_ramp_full"": 0.45, ""directional_ramp_min"": 0.25, ""score_group_threshold_default"": 1.5, ""volatility_scaler_high"": 0.025, ""volatility_scaler_low"": 0.005}"
ENGINE_A,,,AAPL,TRENDING,intraday,engine_a_9e0e9b16e0,2,2,0,1.0,0.21,,,0.21,,,True,0.0315,unspecified,unspecified,9,1.5,True,276,218,58,score_gte_candidate_threshold,"{""adx_hard_fail"": 12.0, ""adx_trend_min"": 22.0, ""directional_ramp_full"": 0.45, ""directional_ramp_min"": 0.25, ""score_group_threshold_default"": 1.5, ""volatility_scaler_high"": 0.025, ""volatility_scaler_low"": 0.005}"
ENGINE_A,,,AAPL,TRENDING,intraday,engine_a_0786ab053e,2,2,0,1.0,0.21,,,0.21,,,True,0.0315,unspecified,unspecified,9,1.5,True,276,218,58,score_gte_candidate_threshold,"{""adx_hard_fail"": 15.0, ""adx_trend_min"": 22.0, ""directional_ramp_full"": 0.45, ""directional_ramp_min"": 0.25, ""score_group_threshold_default"": 1.5, ""volatility_scaler_high"": 0.025, ""volatility_scaler_low"": 0.005}"
ENGINE_A,,,AAPL,TRENDING,intraday,engine_a_47614b9290,2,2,0,1.0,0.21,,,0.21,,,True,0.0315,unspecified,unspecified,9,1.5,True,276,218,58,score_gte_candidate_threshold,"{""adx_hard_fail"": 18.0, ""adx_trend_min"": 22.0, ""directional_ramp_full"": 0.45, ""directional_ramp_min"": 0.25, ""score_group_threshold_default"": 1.5, ""volatility_scaler_high"": 0.025, ""volatility_scaler_low"": 0.005}"
ENGINE_A,,,AAPL,TRENDING,intraday,engine_a_45943c6160,2,2,0,1.0,0.21,,,0.21,,,True,0.0315,unspecified,unspecified,9,1.5,True,276,218,58,score_gte_candidate_threshold,"{""adx_hard_fail"": 12.0, ""adx_trend_min"": 25.0, ""directional_ramp_full"": 0.45, ""directional_ramp_min"": 0.25, ""score_group_threshold_default"": 1.5, ""volatility_scaler_high"": 0.025, ""volatility_scaler_low"": 0.005}"
ENGINE_A,,,AAPL,TRENDING,intraday,engine_a_43d6f1c8a4,2,2,0,1.0,0.21,,,0.21,,,True,0.0315,unspecified,unspecified,9,1.5,True,276,218,58,score_gte_candidate_threshold,"{""adx_hard_fail"": 15.0, ""adx_trend_min"": 25.0, ""directional_ramp_full"": 0.45, ""directional_ramp_min"": 0.25, ""score_group_threshold_default"": 1.5, ""volatility_scaler_high"": 0.025, ""volatility_scaler_low"": 0.005}"
ENGINE_A,,,AAPL,TRENDING,intraday,engine_a_c38fbf3d85,2,2,0,1.0,0.21,,,0.21,,,True,0.0315,unspecified,unspecified,9,1.5,True,276,218,58,score_gte_candidate_threshold,"{""adx_hard_fail"": 18.0, ""adx_trend_min"": 25.0, ""directional_ramp_full"": 0.45, ""directional_ramp_min"": 0.25, ""score_group_threshold_default"": 1.5, ""volatility_scaler_high"": 0.025, ""volatility_scaler_low"": 0.005}"
ENGINE_A,,,AAPL,TRENDING,intraday,engine_a_f182b0faa6,2,2,0,1.0,0.21,,,0.21,,,True,0.0315,unspecified,unspecified,9,1.5,True,276,218,58,score_gte_candidate_threshold,"{""adx_hard_fail"": 12.0, ""adx_trend_min"": 28.0, ""directional_ramp_full"": 0.45, ""directional_ramp_min"": 0.25, ""score_group_threshold_default"": 1.5, ""volatility_scaler_high"": 0.025, ""volatility_scaler_low"": 0.005}"
ENGINE_A,,,AAPL,TRENDING,intraday,engine_a_b817f3206d,2,2,0,1.0,0.21,,,0.21,,,True,0.0315,unspecified,unspecified,9,1.5,True,276,218,58,score_gte_candidate_threshold,"{""adx_hard_fail"": 15.0, ""adx_trend_min"": 28.0, ""directional_ramp_full"": 0.45, ""directional_ramp_min"": 0.25, ""score_group_threshold_default"": 1.5, ""volatility_scaler_high"": 0.025, ""volatility_scaler_low"": 0.005}"
ENGINE_A,,,AAPL,TRENDING,intraday,engine_a_bf31182245,2,2,0,1.0,0.21,,,0.21,,,True,0.0315,unspecified,unspecified,9,1.5,True,276,218,58,score_gte_candidate_threshold,"{""adx_hard_fail"": 18.0, ""adx_trend_min"": 28.0, ""directional_ramp_full"": 0.45, ""directional_ramp_min"": 0.25, ""score_group_threshold_default"": 1.5, ""volatility_scaler_high"": 0.025, ""volatility_scaler_low"": 0.005}"
ENGINE_A,,,EUR/CHF,LOW_VOLATILITY,intraday,engine_a_9e0e9b16e0,2,2,0,1.0,0.19,,,0.19,,,True,0.0285,unspecified,unspecified,9,1.5,True,276,218,58,score_gte_candidate_threshold,"{""adx_hard_fail"": 12.0, ""adx_trend_min"": 22.0, ""directional_ramp_full"": 0.45, ""directional_ramp_min"": 0.25, ""score_group_threshold_default"": 1.5, ""volatility_scaler_high"": 0.025, ""volatility_scaler_low"": 0.005}"
ENGINE_A,,,EUR/CHF,LOW_VOLATILITY,intraday,engine_a_0786ab053e,2,2,0,1.0,0.19,,,0.19,,,True,0.0285,unspecified,unspecified,9,1.5,True,276,218,58,score_gte_candidate_threshold,"{""adx_hard_fail"": 15.0, ""adx_trend_min"": 22.0, ""directional_ramp_full"": 0.45, ""directional_ramp_min"": 0.25, ""score_group_threshold_default"": 1.5, ""volatility_scaler_high"": 0.025, ""volatility_scaler_low"": 0.005}"
ENGINE_A,,,EUR/CHF,LOW_VOLATILITY,intraday,engine_a_47614b9290,2,2,0,1.0,0.19,,,0.19,,,True,0.0285,unspecified,unspecified,9,1.5,True,276,218,58,score_gte_candidate_threshold,"{""adx_hard_fail"": 18.0, ""adx_trend_min"": 22.0, ""directional_ramp_full"": 0.45, ""directional_ramp_min"": 0.25, ""score_group_threshold_default"": 1.5, ""volatility_scaler_high"": 0.025, ""volatility_scaler_low"": 0.005}"
ENGINE_A,,,EUR/CHF,LOW_VOLATILITY,intraday,engine_a_45943c6160,2,2,0,1.0,0.19,,,0.19,,,True,0.0285,unspecified,unspecified,9,1.5,True,276,218,58,score_gte_candidate_threshold,"{""adx_hard_fail"": 12.0, ""adx_trend_min"": 25.0, ""directional_ramp_full"": 0.45, ""directional_ramp_min"": 0.25, ""score_group_threshold_default"": 1.5, ""volatility_scaler_high"": 0.025, ""volatility_scaler_low"": 0.005}"
ENGINE_A,,,EUR/CHF,LOW_VOLATILITY,intraday,engine_a_43d6f1c8a4,2,2,0,1.0,0.19,,,0.19,,,True,0.0285,unspecified,unspecified,9,1.5,True,276,218,58,score_gte_candidate_threshold,"{""adx_hard_fail"": 15.0, ""adx_trend_min"": 25.0, ""directional_ramp_full"": 0.45, ""directional_ramp_min"": 0.25, ""score_group_threshold_default"": 1.5, ""volatility_scaler_high"": 0.025, ""volatility_scaler_low"": 0.005}"
ENGINE_A,,,EUR/CHF,LOW_VOLATILITY,intraday,engine_a_c38fbf3d85,2,2,0,1.0,0.19,,,0.19,,,True,0.0285,unspecified,unspecified,9,1.5,True,276,218,58,score_gte_candidate_threshold,"{""adx_hard_fail"": 18.0, ""adx_trend_min"": 25.0, ""directional_ramp_full"": 0.45, ""directional_ramp_min"": 0.25, ""score_group_threshold_default"": 1.5, ""volatility_scaler_high"": 0.025, ""volatility_scaler_low"": 0.005}"
ENGINE_A,,,EUR/CHF,LOW_VOLATILITY,intraday,engine_a_f182b0faa6,2,2,0,1.0,0.19,,,0.19,,,True,0.0285,unspecified,unspecified,9,1.5,True,276,218,58,score_gte_candidate_threshold,"{""adx_hard_fail"": 12.0, ""adx_trend_min"": 28.0, ""directional_ramp_full"": 0.45, ""directional_ramp_min"": 0.25, ""score_group_threshold_default"": 1.5, ""volatility_scaler_high"": 0.025, ""volatility_scaler_low"": 0.005}"
ENGINE_A,,,EUR/CHF,LOW_VOLATILITY,intraday,engine_a_b817f3206d,2,2,0,1.0,0.19,,,0.19,,,True,0.0285,unspecified,unspecified,9,1.5,True,276,218,58,score_gte_candidate_threshold,"{""adx_hard_fail"": 15.0, ""adx_trend_min"": 28.0, ""directional_ramp_full"": 0.45, ""directional_ramp_min"": 0.25, ""score_group_threshold_default"": 1.5, ""volatility_scaler_high"": 0.025, ""volatility_scaler_low"": 0.005}"
ENGINE_A,,,EUR/CHF,LOW_VOLATILITY,intraday,engine_a_bf31182245,2,2,0,1.0,0.19,,,0.19,,,True,0.0285,unspecified,unspecified,9,1.5,True,276,218,58,score_gte_candidate_threshold,"{""adx_hard_fail"": 18.0, ""adx_trend_min"": 28.0, ""directional_ramp_full"": 0.45, ""directional_ramp_min"": 0.25, ""score_group_threshold_default"": 1.5, ""volatility_scaler_high"": 0.025, ""volatility_scaler_low"": 0.005}"
ENGINE_A,,,ETH/USDT,TRENDING,intraday,engine_a_9e0e9b16e0,2,1,1,0.5,0.18,,,0.18,,,True,0.027,unspecified,unspecified,9,1.5,True,276,218,58,score_gte_candidate_threshold,"{""adx_hard_fail"": 12.0, ""adx_trend_min"": 22.0, ""directional_ramp_full"": 0.45, ""directional_ramp_min"": 0.25, ""score_group_threshold_default"": 1.5, ""volatility_scaler_high"": 0.025, ""volatility_scaler_low"": 0.005}"
ENGINE_A,,,ETH/USDT,TRENDING,intraday,engine_a_0786ab053e,2,1,1,0.5,0.18,,,0.18,,,True,0.027,unspecified,unspecified,9,1.5,True,276,218,58,score_gte_candidate_threshold,"{""adx_hard_fail"": 15.0, ""adx_trend_min"": 22.0, ""directional_ramp_full"": 0.45, ""directional_ramp_min"": 0.25, ""score_group_threshold_default"": 1.5, ""volatility_scaler_high"": 0.025, ""volatility_scaler_low"": 0.005}"
ENGINE_A,,,ETH/USDT,TRENDING,intraday,engine_a_47614b9290,2,1,1,0.5,0.18,,,0.18,,,True,0.027,unspecified,unspecified,9,1.5,True,276,218,58,score_gte_candidate_threshold,"{""adx_hard_fail"": 18.0, ""adx_trend_min"": 22.0, ""directional_ramp_full"": 0.45, ""directional_ramp_min"": 0.25, ""score_group_threshold_default"": 1.5, ""volatility_scaler_high"": 0.025, ""volatility_scaler_low"": 0.005}"
ENGINE_A,,,ETH/USDT,TRENDING,intraday,engine_a_45943c6160,2,1,1,0.5,0.18,,,0.18,,,True,0.027,unspecified,unspecified,9,1.5,True,276,218,58,score_gte_candidate_threshold,"{""adx_hard_fail"": 12.0, ""adx_trend_min"": 25.0, ""directional_ramp_full"": 0.45, ""directional_ramp_min"": 0.25, ""score_group_threshold_default"": 1.5, ""volatility_scaler_high"": 0.025, ""volatility_scaler_low"": 0.005}"
ENGINE_A,,,ETH/USDT,TRENDING,intraday,engine_a_43d6f1c8a4,2,1,1,0.5,0.18,,,0.18,,,True,0.027,unspecified,unspecified,9,1.5,True,276,218,58,score_gte_candidate_threshold,"{""adx_hard_fail"": 15.0, ""adx_trend_min"": 25.0, ""directional_ramp_full"": 0.45, ""directional_ramp_min"": 0.25, ""score_group_threshold_default"": 1.5, ""volatility_scaler_high"": 0.025, ""volatility_scaler_low"": 0.005}"
ENGINE_A,,,ETH/USDT,TRENDING,intraday,engine_a_c38fbf3d85,2,1,1,0.5,0.18,,,0.18,,,True,0.027,unspecified,unspecified,9,1.5,True,276,218,58,score_gte_candidate_threshold,"{""adx_hard_fail"": 18.0, ""adx_trend_min"": 25.0, ""directional_ramp_full"": 0.45, ""directional_ramp_min"": 0.25, ""score_group_threshold_default"": 1.5, ""volatility_scaler_high"": 0.025, ""volatility_scaler_low"": 0.005}"
ENGINE_A,,,ETH/USDT,TRENDING,intraday,engine_a_f182b0faa6,2,1,1,0.5,0.18,,,0.18,,,True,0.027,unspecified,unspecified,9,1.5,True,276,218,58,score_gte_candidate_threshold,"{""adx_hard_fail"": 12.0, ""adx_trend_min"": 28.0, ""directional_ramp_full"": 0.45, ""directional_ramp_min"": 0.25, ""score_group_threshold_default"": 1.5, ""volatility_scaler_high"": 0.025, ""volatility_scaler_low"": 0.005}"
ENGINE_A,,,ETH/USDT,TRENDING,intraday,engine_a_b817f3206d,2,1,1,0.5,0.18,,,0.18,,,True,0.027,unspecified,unspecified,9,1.5,True,276,218,58,score_gte_candidate_threshold,"{""adx_hard_fail"": 15.0, ""adx_trend_min"": 28.0, ""directional_ramp_full"": 0.45, ""directional_ramp_min"": 0.25, ""score_group_threshold_default"": 1.5, ""volatility_scaler_high"": 0.025, ""volatility_scaler_low"": 0.005}"
ENGINE_A,,,ETH/USDT,TRENDING,intraday,engine_a_bf31182245,2,1,1,0.5,0.18,,,0.18,,,True,0.027,unspecified,unspecified,9,1.5,True,276,218,58,score_gte_candidate_threshold,"{""adx_hard_fail"": 18.0, ""adx_trend_min"": 28.0, ""directional_ramp_full"": 0.45, ""directional_ramp_min"": 0.25, ""score_group_threshold_default"": 1.5, ""volatility_scaler_high"": 0.025, ""volatility_scaler_low"": 0.005}"
ENGINE_A,,,GBP/AUD,DEAD RANGING,intraday,engine_a_9e0e9b16e0,2,2,0,1.0,0.125,,,0.125,,,True,0.01875,unspecified,unspecified,9,1.5,True,276,218,58,score_gte_candidate_threshold,"{""adx_hard_fail"": 12.0, ""adx_trend_min"": 22.0, ""directional_ramp_full"": 0.45, ""directional_ramp_min"": 0.25, ""score_group_threshold_default"": 1.5, ""volatility_scaler_high"": 0.025, ""volatility_scaler_low"": 0.005}"
ENGINE_A,,,GBP/AUD,DEAD RANGING,intraday,engine_a_0786ab053e,2,2,0,1.0,0.125,,,0.125,,,True,0.01875,unspecified,unspecified,9,1.5,True,276,218,58,score_gte_candidate_threshold,"{""adx_hard_fail"": 15.0, ""adx_trend_min"": 22.0, ""directional_ramp_full"": 0.45, ""directional_ramp_min"": 0.25, ""score_group_threshold_default"": 1.5, ""volatility_scaler_high"": 0.025, ""volatility_scaler_low"": 0.005}"
ENGINE_A,,,GBP/AUD,DEAD RANGING,intraday,engine_a_47614b9290,2,2,0,1.0,0.125,,,0.125,,,True,0.01875,unspecified,unspecified,9,1.5,True,276,218,58,score_gte_candidate_threshold,"{""adx_hard_fail"": 18.0, ""adx_trend_min"": 22.0, ""directional_ramp_full"": 0.45, ""directional_ramp_min"": 0.25, ""score_group_threshold_default"": 1.5, ""volatility_scaler_high"": 0.025, ""volatility_scaler_low"": 0.005}"
ENGINE_A,,,GBP/AUD,DEAD RANGING,intraday,engine_a_45943c6160,2,2,0,1.0,0.125,,,0.125,,,True,0.01875,unspecified,unspecified,9,1.5,True,276,218,58,score_gte_candidate_threshold,"{""adx_hard_fail"": 12.0, ""adx_trend_min"": 25.0, ""directional_ramp_full"": 0.45, ""directional_ramp_min"": 0.25, ""score_group_threshold_default"": 1.5, ""volatility_scaler_high"": 0.025, ""volatility_scaler_low"": 0.005}"
ENGINE_A,,,GBP/AUD,DEAD RANGING,intraday,engine_a_43d6f1c8a4,2,2,0,1.0,0.125,,,0.125,,,True,0.01875,unspecified,unspecified,9,1.5,True,276,218,58,score_gte_candidate_threshold,"{""adx_hard_fail"": 15.0, ""adx_trend_min"": 25.0, ""directional_ramp_full"": 0.45, ""directional_ramp_min"": 0.25, ""score_group_threshold_default"": 1.5, ""volatility_scaler_high"": 0.025, ""volatility_scaler_low"": 0.005}"
ENGINE_A,,,GBP/AUD,DEAD RANGING,intraday,engine_a_c38fbf3d85,2,2,0,1.0,0.125,,,0.125,,,True,0.01875,unspecified,unspecified,9,1.5,True,276,218,58,score_gte_candidate_threshold,"{""adx_hard_fail"": 18.0, ""adx_trend_min"": 25.0, ""directional_ramp_full"": 0.45, ""directional_ramp_min"": 0.25, ""score_group_threshold_default"": 1.5, ""volatility_scaler_high"": 0.025, ""volatility_scaler_low"": 0.005}"
ENGINE_A,,,GBP/AUD,DEAD RANGING,intraday,engine_a_f182b0faa6,2,2,0,1.0,0.125,,,0.125,,,True,0.01875,unspecified,unspecified,9,1.5,True,276,218,58,score_gte_candidate_threshold,"{""adx_hard_fail"": 12.0, ""adx_trend_min"": 28.0, ""directional_ramp_full"": 0.45, ""directional_ramp_min"": 0.25, ""score_group_threshold_default"": 1.5, ""volatility_scaler_high"": 0.025, ""volatility_scaler_low"": 0.005}"
ENGINE_A,,,GBP/AUD,DEAD RANGING,intraday,engine_a_b817f3206d,2,2,0,1.0,0.125,,,0.125,,,True,0.01875,unspecified,unspecified,9,1.5,True,276,218,58,score_gte_candidate_threshold,"{""adx_hard_fail"": 15.0, ""adx_trend_min"": 28.0, ""directional_ramp_full"": 0.45, ""directional_ramp_min"": 0.25, ""score_group_threshold_default"": 1.5, ""volatility_scaler_high"": 0.025, ""volatility_scaler_low"": 0.005}"
ENGINE_A,,,GBP/AUD,DEAD RANGING,intraday,engine_a_bf31182245,2,2,0,1.0,0.125,,,0.125,,,True,0.01875,unspecified,unspecified,9,1.5,True,276,218,58,score_gte_candidate_threshold,"{""adx_hard_fail"": 18.0, ""adx_trend_min"": 28.0, ""directional_ramp_full"": 0.45, ""directional_ramp_min"": 0.25, ""score_group_threshold_default"": 1.5, ""volatility_scaler_high"": 0.025, ""volatility_scaler_low"": 0.005}"
ENGINE_A,,,EUR/CHF,TRENDING,intraday,engine_a_9e0e9b16e0,13,10,3,0.769231,0.016154,,,0.016154,,,True,0.01575,unspecified,unspecified,9,1.5,True,276,218,58,score_gte_candidate_threshold,"{""adx_hard_fail"": 12.0, ""adx_trend_min"": 22.0, ""directional_ramp_full"": 0.45, ""directional_ramp_min"": 0.25, ""score_group_threshold_default"": 1.5, ""volatility_scaler_high"": 0.025, ""volatility_scaler_low"": 0.005}"
ENGINE_A,,,EUR/CHF,TRENDING,intraday,engine_a_0786ab053e,13,10,3,0.769231,0.016154,,,0.016154,,,True,0.01575,unspecified,unspecified,9,1.5,True,276,218,58,score_gte_candidate_threshold,"{""adx_hard_fail"": 15.0, ""adx_trend_min"": 22.0, ""directional_ramp_full"": 0.45, ""directional_ramp_min"": 0.25, ""score_group_threshold_default"": 1.5, ""volatility_scaler_high"": 0.025, ""volatility_scaler_low"": 0.005}"
ENGINE_A,,,EUR/CHF,TRENDING,intraday,engine_a_47614b9290,13,10,3,0.769231,0.016154,,,0.016154,,,True,0.01575,unspecified,unspecified,9,1.5,True,276,218,58,score_gte_candidate_threshold,"{""adx_hard_fail"": 18.0, ""adx_trend_min"": 22.0, ""directional_ramp_full"": 0.45, ""directional_ramp_min"": 0.25, ""score_group_threshold_default"": 1.5, ""volatility_scaler_high"": 0.025, ""volatility_scaler_low"": 0.005}"
ENGINE_A,,,EUR/CHF,TRENDING,intraday,engine_a_45943c6160,13,10,3,0.769231,0.016154,,,0.016154,,,True,0.01575,unspecified,unspecified,9,1.5,True,276,218,58,score_gte_candidate_threshold,"{""adx_hard_fail"": 12.0, ""adx_trend_min"": 25.0, ""directional_ramp_full"": 0.45, ""directional_ramp_min"": 0.25, ""score_group_threshold_default"": 1.5, ""volatility_scaler_high"": 0.025, ""volatility_scaler_low"": 0.005}"
ENGINE_A,,,EUR/CHF,TRENDING,intraday,engine_a_43d6f1c8a4,13,10,3,0.769231,0.016154,,,0.016154,,,True,0.01575,unspecified,unspecified,9,1.5,True,276,218,58,score_gte_candidate_threshold,"{""adx_hard_fail"": 15.0, ""adx_trend_min"": 25.0, ""directional_ramp_full"": 0.45, ""directional_ramp_min"": 0.25, ""score_group_threshold_default"": 1.5, ""volatility_scaler_high"": 0.025, ""volatility_scaler_low"": 0.005}"
ENGINE_A,,,EUR/CHF,TRENDING,intraday,engine_a_c38fbf3d85,13,10,3,0.769231,0.016154,,,0.016154,,,True,0.01575,unspecified,unspecified,9,1.5,True,276,218,58,score_gte_candidate_threshold,"{""adx_hard_fail"": 18.0, ""adx_trend_min"": 25.0, ""directional_ramp_full"": 0.45, ""directional_ramp_min"": 0.25, ""score_group_threshold_default"": 1.5, ""volatility_scaler_high"": 0.025, ""volatility_scaler_low"": 0.005}"
ENGINE_A,,,EUR/CHF,TRENDING,intraday,engine_a_f182b0faa6,13,10,3,0.769231,0.016154,,,0.016154,,,True,0.01575,unspecified,unspecified,9,1.5,True,276,218,58,score_gte_candidate_threshold,"{""adx_hard_fail"": 12.0, ""adx_trend_min"": 28.0, ""directional_ramp_full"": 0.45, ""directional_ramp_min"": 0.25, ""score_group_threshold_default"": 1.5, ""volatility_scaler_high"": 0.025, ""volatility_scaler_low"": 0.005}"
ENGINE_A,,,EUR/CHF,TRENDING,intraday,engine_a_b817f3206d,13,10,3,0.769231,0.016154,,,0.016154,,,True,0.01575,unspecified,unspecified,9,1.5,True,276,218,58,score_gte_candidate_threshold,"{""adx_hard_fail"": 15.0, ""adx_trend_min"": 28.0, ""directional_ramp_full"": 0.45, ""directional_ramp_min"": 0.25, ""score_group_threshold_default"": 1.5, ""volatility_scaler_high"": 0.025, ""volatility_scaler_low"": 0.005}"
ENGINE_A,,,EUR/CHF,TRENDING,intraday,engine_a_bf31182245,13,10,3,0.769231,0.016154,,,0.016154,,,True,0.01575,unspecified,unspecified,9,1.5,True,276,218,58,score_gte_candidate_threshold,"{""adx_hard_fail"": 18.0, ""adx_trend_min"": 28.0, ""directional_ramp_full"": 0.45, ""directional_ramp_min"": 0.25, ""score_group_threshold_default"": 1.5, ""volatility_scaler_high"": 0.025, ""volatility_scaler_low"": 0.005}"
ENGINE_A,,,XAU/USD,TRENDING,scalp,engine_a_9e0e9b16e0,2,2,0,1.0,0.095,,,0.095,,,True,0.01425,unspecified,unspecified,9,1.5,True,276,218,58,score_gte_candidate_threshold,"{""adx_hard_fail"": 12.0, ""adx_trend_min"": 22.0, ""directional_ramp_full"": 0.45, ""directional_ramp_min"": 0.25, ""score_group_threshold_default"": 1.5, ""volatility_scaler_high"": 0.025, ""volatility_scaler_low"": 0.005}"
ENGINE_A,,,BNB/USDT,TRENDING,intraday,engine_a_9e0e9b16e0,1,1,0,1.0,0.19,,,0.19,,,True,0.01425,unspecified,unspecified,9,1.5,True,276,218,58,score_gte_candidate_threshold,"{""adx_hard_fail"": 12.0, ""adx_trend_min"": 22.0, ""directional_ramp_full"": 0.45, ""directional_ramp_min"": 0.25, ""score_group_threshold_default"": 1.5, ""volatility_scaler_high"": 0.025, ""volatility_scaler_low"": 0.005}"
ENGINE_A,,,XAU/USD,TRENDING,scalp,engine_a_0786ab053e,2,2,0,1.0,0.095,,,0.095,,,True,0.01425,unspecified,unspecified,9,1.5,True,276,218,58,score_gte_candidate_threshold,"{""adx_hard_fail"": 15.0, ""adx_trend_min"": 22.0, ""directional_ramp_full"": 0.45, ""directional_ramp_min"": 0.25, ""score_group_threshold_default"": 1.5, ""volatility_scaler_high"": 0.025, ""volatility_scaler_low"": 0.005}"
ENGINE_A,,,BNB/USDT,TRENDING,intraday,engine_a_0786ab053e,1,1,0,1.0,0.19,,,0.19,,,True,0.01425,unspecified,unspecified,9,1.5,True,276,218,58,score_gte_candidate_threshold,"{""adx_hard_fail"": 15.0, ""adx_trend_min"": 22.0, ""directional_ramp_full"": 0.45, ""directional_ramp_min"": 0.25, ""score_group_threshold_default"": 1.5, ""volatility_scaler_high"": 0.025, ""volatility_scaler_low"": 0.005}"
ENGINE_A,,,XAU/USD,TRENDING,scalp,engine_a_47614b9290,2,2,0,1.0,0.095,,,0.095,,,True,0.01425,unspecified,unspecified,9,1.5,True,276,218,58,score_gte_candidate_threshold,"{""adx_hard_fail"": 18.0, ""adx_trend_min"": 22.0, ""directional_ramp_full"": 0.45, ""directional_ramp_min"": 0.25, ""score_group_threshold_default"": 1.5, ""volatility_scaler_high"": 0.025, ""volatility_scaler_low"": 0.005}"
ENGINE_A,,,BNB/USDT,TRENDING,intraday,engine_a_47614b9290,1,1,0,1.0,0.19,,,0.19,,,True,0.01425,unspecified,unspecified,9,1.5,True,276,218,58,score_gte_candidate_threshold,"{""adx_hard_fail"": 18.0, ""adx_trend_min"": 22.0, ""directional_ramp_full"": 0.45, ""directional_ramp_min"": 0.25, ""score_group_threshold_default"": 1.5, ""volatility_scaler_high"": 0.025, ""volatility_scaler_low"": 0.005}"
ENGINE_A,,,XAU/USD,TRENDING,scalp,engine_a_45943c6160,2,2,0,1.0,0.095,,,0.095,,,True,0.01425,unspecified,unspecified,9,1.5,True,276,218,58,score_gte_candidate_threshold,"{""adx_hard_fail"": 12.0, ""adx_trend_min"": 25.0, ""directional_ramp_full"": 0.45, ""directional_ramp_min"": 0.25, ""score_group_threshold_default"": 1.5, ""volatility_scaler_high"": 0.025, ""volatility_scaler_low"": 0.005}"
ENGINE_A,,,BNB/USDT,TRENDING,intraday,engine_a_45943c6160,1,1,0,1.0,0.19,,,0.19,,,True,0.01425,unspecified,unspecified,9,1.5,True,276,218,58,score_gte_candidate_threshold,"{""adx_hard_fail"": 12.0, ""adx_trend_min"": 25.0, ""directional_ramp_full"": 0.45, ""directional_ramp_min"": 0.25, ""score_group_threshold_default"": 1.5, ""volatility_scaler_high"": 0.025, ""volatility_scaler_low"": 0.005}"
ENGINE_A,,,XAU/USD,TRENDING,scalp,engine_a_43d6f1c8a4,2,2,0,1.0,0.095,,,0.095,,,True,0.01425,unspecified,unspecified,9,1.5,True,276,218,58,score_gte_candidate_threshold,"{""adx_hard_fail"": 15.0, ""adx_trend_min"": 25.0, ""directional_ramp_full"": 0.45, ""directional_ramp_min"": 0.25, ""score_group_threshold_default"": 1.5, ""volatility_scaler_high"": 0.025, ""volatility_scaler_low"": 0.005}"
ENGINE_A,,,BNB/USDT,TRENDING,intraday,engine_a_43d6f1c8a4,1,1,0,1.0,0.19,,,0.19,,,True,0.01425,unspecified,unspecified,9,1.5,True,276,218,58,score_gte_candidate_threshold,"{""adx_hard_fail"": 15.0, ""adx_trend_min"": 25.0, ""directional_ramp_full"": 0.45, ""directional_ramp_min"": 0.25, ""score_group_threshold_default"": 1.5, ""volatility_scaler_high"": 0.025, ""volatility_scaler_low"": 0.005}"
ENGINE_A,,,XAU/USD,TRENDING,scalp,engine_a_c38fbf3d85,2,2,0,1.0,0.095,,,0.095,,,True,0.01425,unspecified,unspecified,9,1.5,True,276,218,58,score_gte_candidate_threshold,"{""adx_hard_fail"": 18.0, ""adx_trend_min"": 25.0, ""directional_ramp_full"": 0.45, ""directional_ramp_min"": 0.25, ""score_group_threshold_default"": 1.5, ""volatility_scaler_high"": 0.025, ""volatility_scaler_low"": 0.005}"
ENGINE_A,,,BNB/USDT,TRENDING,intraday,engine_a_c38fbf3d85,1,1,0,1.0,0.19,,,0.19,,,True,0.01425,unspecified,unspecified,9,1.5,True,276,218,58,score_gte_candidate_threshold,"{""adx_hard_fail"": 18.0, ""adx_trend_min"": 25.0, ""directional_ramp_full"": 0.45, ""directional_ramp_min"": 0.25, ""score_group_threshold_default"": 1.5, ""volatility_scaler_high"": 0.025, ""volatility_scaler_low"": 0.005}"
ENGINE_A,,,XAU/USD,TRENDING,scalp,engine_a_f182b0faa6,2,2,0,1.0,0.095,,,0.095,,,True,0.01425,unspecified,unspecified,9,1.5,True,276,218,58,score_gte_candidate_threshold,"{""adx_hard_fail"": 12.0, ""adx_trend_min"": 28.0, ""directional_ramp_full"": 0.45, ""directional_ramp_min"": 0.25, ""score_group_threshold_default"": 1.5, ""volatility_scaler_high"": 0.025, ""volatility_scaler_low"": 0.005}"
ENGINE_A,,,BNB/USDT,TRENDING,intraday,engine_a_f182b0faa6,1,1,0,1.0,0.19,,,0.19,,,True,0.01425,unspecified,unspecified,9,1.5,True,276,218,58,score_gte_candidate_threshold,"{""adx_hard_fail"": 12.0, ""adx_trend_min"": 28.0, ""directional_ramp_full"": 0.45, ""directional_ramp_min"": 0.25, ""score_group_threshold_default"": 1.5, ""volatility_scaler_high"": 0.025, ""volatility_scaler_low"": 0.005}"
ENGINE_A,,,XAU/USD,TRENDING,scalp,engine_a_b817f3206d,2,2,0,1.0,0.095,,,0.095,,,True,0.01425,unspecified,unspecified,9,1.5,True,276,218,58,score_gte_candidate_threshold,"{""adx_hard_fail"": 15.0, ""adx_trend_min"": 28.0, ""directional_ramp_full"": 0.45, ""directional_ramp_min"": 0.25, ""score_group_threshold_default"": 1.5, ""volatility_scaler_high"": 0.025, ""volatility_scaler_low"": 0.005}"
ENGINE_A,,,BNB/USDT,TRENDING,intraday,engine_a_b817f3206d,1,1,0,1.0,0.19,,,0.19,,,True,0.01425,unspecified,unspecified,9,1.5,True,276,218,58,score_gte_candidate_threshold,"{""adx_hard_fail"": 15.0, ""adx_trend_min"": 28.0, ""directional_ramp_full"": 0.45, ""directional_ramp_min"": 0.25, ""score_group_threshold_default"": 1.5, ""volatility_scaler_high"": 0.025, ""volatility_scaler_low"": 0.005}"
ENGINE_A,,,XAU/USD,TRENDING,scalp,engine_a_bf31182245,2,2,0,1.0,0.095,,,0.095,,,True,0.01425,unspecified,unspecified,9,1.5,True,276,218,58,score_gte_candidate_threshold,"{""adx_hard_fail"": 18.0, ""adx_trend_min"": 28.0, ""directional_ramp_full"": 0.45, ""directional_ramp_min"": 0.25, ""score_group_threshold_default"": 1.5, ""volatility_scaler_high"": 0.025, ""volatility_scaler_low"": 0.005}"
ENGINE_A,,,BNB/USDT,TRENDING,intraday,engine_a_bf31182245,1,1,0,1.0,0.19,,,0.19,,,True,0.01425,unspecified,unspecified,9,1.5,True,276,218,58,score_gte_candidate_threshold,"{""adx_hard_fail"": 18.0, ""adx_trend_min"": 28.0, ""directional_ramp_full"": 0.45, ""directional_ramp_min"": 0.25, ""score_group_threshold_default"": 1.5, ""volatility_scaler_high"": 0.025, ""volatility_scaler_low"": 0.005}"
ENGINE_A,,,USD/INR,TRENDING,swing,engine_a_9e0e9b16e0,2,2,0,1.0,0.08,,,0.08,,,True,0.012,unspecified,unspecified,9,1.5,True,276,218,58,score_gte_candidate_threshold,"{""adx_hard_fail"": 12.0, ""adx_trend_min"": 22.0, ""directional_ramp_full"": 0.45, ""directional_ramp_min"": 0.25, ""score_group_threshold_default"": 1.5, ""volatility_scaler_high"": 0.025, ""volatility_scaler_low"": 0.005}"
ENGINE_A,,,USD/INR,TRENDING,swing,engine_a_0786ab053e,2,2,0,1.0,0.08,,,0.08,,,True,0.012,unspecified,unspecified,9,1.5,True,276,218,58,score_gte_candidate_threshold,"{""adx_hard_fail"": 15.0, ""adx_trend_min"": 22.0, ""directional_ramp_full"": 0.45, ""directional_ramp_min"": 0.25, ""score_group_threshold_default"": 1.5, ""volatility_scaler_high"": 0.025, ""volatility_scaler_low"": 0.005}"
ENGINE_A,,,USD/INR,TRENDING,swing,engine_a_47614b9290,2,2,0,1.0,0.08,,,0.08,,,True,0.012,unspecified,unspecified,9,1.5,True,276,218,58,score_gte_candidate_threshold,"{""adx_hard_fail"": 18.0, ""adx_trend_min"": 22.0, ""directional_ramp_full"": 0.45, ""directional_ramp_min"": 0.25, ""score_group_threshold_default"": 1.5, ""volatility_scaler_high"": 0.025, ""volatility_scaler_low"": 0.005}"
ENGINE_A,,,USD/INR,TRENDING,swing,engine_a_45943c6160,2,2,0,1.0,0.08,,,0.08,,,True,0.012,unspecified,unspecified,9,1.5,True,276,218,58,score_gte_candidate_threshold,"{""adx_hard_fail"": 12.0, ""adx_trend_min"": 25.0, ""directional_ramp_full"": 0.45, ""directional_ramp_min"": 0.25, ""score_group_threshold_default"": 1.5, ""volatility_scaler_high"": 0.025, ""volatility_scaler_low"": 0.005}"
ENGINE_A,,,USD/INR,TRENDING,swing,engine_a_43d6f1c8a4,2,2,0,1.0,0.08,,,0.08,,,True,0.012,unspecified,unspecified,9,1.5,True,276,218,58,score_gte_candidate_threshold,"{""adx_hard_fail"": 15.0, ""adx_trend_min"": 25.0, ""directional_ramp_full"": 0.45, ""directional_ramp_min"": 0.25, ""score_group_threshold_default"": 1.5, ""volatility_scaler_high"": 0.025, ""volatility_scaler_low"": 0.005}"
ENGINE_A,,,USD/INR,TRENDING,swing,engine_a_c38fbf3d85,2,2,0,1.0,0.08,,,0.08,,,True,0.012,unspecified,unspecified,9,1.5,True,276,218,58,score_gte_candidate_threshold,"{""adx_hard_fail"": 18.0, ""adx_trend_min"": 25.0, ""directional_ramp_full"": 0.45, ""directional_ramp_min"": 0.25, ""score_group_threshold_default"": 1.5, ""volatility_scaler_high"": 0.025, ""volatility_scaler_low"": 0.005}"
ENGINE_A,,,USD/INR,TRENDING,swing,engine_a_f182b0faa6,2,2,0,1.0,0.08,,,0.08,,,True,0.012,unspecified,unspecified,9,1.5,True,276,218,58,score_gte_candidate_threshold,"{""adx_hard_fail"": 12.0, ""adx_trend_min"": 28.0, ""directional_ramp_full"": 0.45, ""directional_ramp_min"": 0.25, ""score_group_threshold_default"": 1.5, ""volatility_scaler_high"": 0.025, ""volatility_scaler_low"": 0.005}"
ENGINE_A,,,USD/INR,TRENDING,swing,engine_a_b817f3206d,2,2,0,1.0,0.08,,,0.08,,,True,0.012,unspecified,unspecified,9,1.5,True,276,218,58,score_gte_candidate_threshold,"{""adx_hard_fail"": 15.0, ""adx_trend_min"": 28.0, ""directional_ramp_full"": 0.45, ""directional_ramp_min"": 0.25, ""score_group_threshold_default"": 1.5, ""volatility_scaler_high"": 0.025, ""volatility_scaler_low"": 0.005}"
ENGINE_A,,,USD/INR,TRENDING,swing,engine_a_bf31182245,2,2,0,1.0,0.08,,,0.08,,,True,0.012,unspecified,unspecified,9,1.5,True,276,218,58,score_gte_candidate_threshold,"{""adx_hard_fail"": 18.0, ""adx_trend_min"": 28.0, ""directional_ramp_full"": 0.45, ""directional_ramp_min"": 0.25, ""score_group_threshold_default"": 1.5, ""volatility_scaler_high"": 0.025, ""volatility_scaler_low"": 0.005}"
ENGINE_A,,,XAU/USD,LOW_VOLATILITY,intraday,engine_a_9e0e9b16e0,2,2,0,1.0,0.07,,,0.07,,,True,0.0105,unspecified,unspecified,9,1.5,True,276,218,58,score_gte_candidate_threshold,"{""adx_hard_fail"": 12.0, ""adx_trend_min"": 22.0, ""directional_ramp_full"": 0.45, ""directional_ramp_min"": 0.25, ""score_group_threshold_default"": 1.5, ""volatility_scaler_high"": 0.025, ""volatility_scaler_low"": 0.005}"
ENGINE_A,,,XAU/USD,LOW_VOLATILITY,intraday,engine_a_0786ab053e,2,2,0,1.0,0.07,,,0.07,,,True,0.0105,unspecified,unspecified,9,1.5,True,276,218,58,score_gte_candidate_threshold,"{""adx_hard_fail"": 15.0, ""adx_trend_min"": 22.0, ""directional_ramp_full"": 0.45, ""directional_ramp_min"": 0.25, ""score_group_threshold_default"": 1.5, ""volatility_scaler_high"": 0.025, ""volatility_scaler_low"": 0.005}"
ENGINE_A,,,XAU/USD,LOW_VOLATILITY,intraday,engine_a_47614b9290,2,2,0,1.0,0.07,,,0.07,,,True,0.0105,unspecified,unspecified,9,1.5,True,276,218,58,score_gte_candidate_threshold,"{""adx_hard_fail"": 18.0, ""adx_trend_min"": 22.0, ""directional_ramp_full"": 0.45, ""directional_ramp_min"": 0.25, ""score_group_threshold_default"": 1.5, ""volatility_scaler_high"": 0.025, ""volatility_scaler_low"": 0.005}"
ENGINE_A,,,XAU/USD,LOW_VOLATILITY,intraday,engine_a_45943c6160,2,2,0,1.0,0.07,,,0.07,,,True,0.0105,unspecified,unspecified,9,1.5,True,276,218,58,score_gte_candidate_threshold,"{""adx_hard_fail"": 12.0, ""adx_trend_min"": 25.0, ""directional_ramp_full"": 0.45, ""directional_ramp_min"": 0.25, ""score_group_threshold_default"": 1.5, ""volatility_scaler_high"": 0.025, ""volatility_scaler_low"": 0.005}"
ENGINE_A,,,XAU/USD,LOW_VOLATILITY,intraday,engine_a_43d6f1c8a4,2,2,0,1.0,0.07,,,0.07,,,True,0.0105,unspecified,unspecified,9,1.5,True,276,218,58,score_gte_candidate_threshold,"{""adx_hard_fail"": 15.0, ""adx_trend_min"": 25.0, ""directional_ramp_full"": 0.45, ""directional_ramp_min"": 0.25, ""score_group_threshold_default"": 1.5, ""volatility_scaler_high"": 0.025, ""volatility_scaler_low"": 0.005}"
ENGINE_A,,,XAU/USD,LOW_VOLATILITY,intraday,engine_a_c38fbf3d85,2,2,0,1.0,0.07,,,0.07,,,True,0.0105,unspecified,unspecified,9,1.5,True,276,218,58,score_gte_candidate_threshold,"{""adx_hard_fail"": 18.0, ""adx_trend_min"": 25.0, ""directional_ramp_full"": 0.45, ""directional_ramp_min"": 0.25, ""score_group_threshold_default"": 1.5, ""volatility_scaler_high"": 0.025, ""volatility_scaler_low"": 0.005}"
ENGINE_A,,,XAU/USD,LOW_VOLATILITY,intraday,engine_a_f182b0faa6,2,2,0,1.0,0.07,,,0.07,,,True,0.0105,unspecified,unspecified,9,1.5,True,276,218,58,score_gte_candidate_threshold,"{""adx_hard_fail"": 12.0, ""adx_trend_min"": 28.0, ""directional_ramp_full"": 0.45, ""directional_ramp_min"": 0.25, ""score_group_threshold_default"": 1.5, ""volatility_scaler_high"": 0.025, ""volatility_scaler_low"": 0.005}"
ENGINE_A,,,XAU/USD,LOW_VOLATILITY,intraday,engine_a_b817f3206d,2,2,0,1.0,0.07,,,0.07,,,True,0.0105,unspecified,unspecified,9,1.5,True,276,218,58,score_gte_candidate_threshold,"{""adx_hard_fail"": 15.0, ""adx_trend_min"": 28.0, ""directional_ramp_full"": 0.45, ""directional_ramp_min"": 0.25, ""score_group_threshold_default"": 1.5, ""volatility_scaler_high"": 0.025, ""volatility_scaler_low"": 0.005}"
ENGINE_A,,,XAU/USD,LOW_VOLATILITY,intraday,engine_a_bf31182245,2,2,0,1.0,0.07,,,0.07,,,True,0.0105,unspecified,unspecified,9,1.5,True,276,218,58,score_gte_candidate_threshold,"{""adx_hard_fail"": 18.0, ""adx_trend_min"": 28.0, ""directional_ramp_full"": 0.45, ""directional_ramp_min"": 0.25, ""score_group_threshold_default"": 1.5, ""volatility_scaler_high"": 0.025, ""volatility_scaler_low"": 0.005}"
ENGINE_A,,,TSLA,TRENDING,intraday,engine_a_9e0e9b16e0,1,1,0,1.0,0.13,,,0.13,,,True,0.00975,unspecified,unspecified,9,1.5,True,276,218,58,score_gte_candidate_threshold,"{""adx_hard_fail"": 12.0, ""adx_trend_min"": 22.0, ""directional_ramp_full"": 0.45, ""directional_ramp_min"": 0.25, ""score_group_threshold_default"": 1.5, ""volatility_scaler_high"": 0.025, ""volatility_scaler_low"": 0.005}"
ENGINE_A,,,TSLA,TRENDING,intraday,engine_a_0786ab053e,1,1,0,1.0,0.13,,,0.13,,,True,0.00975,unspecified,unspecified,9,1.5,True,276,218,58,score_gte_candidate_threshold,"{""adx_hard_fail"": 15.0, ""adx_trend_min"": 22.0, ""directional_ramp_full"": 0.45, ""directional_ramp_min"": 0.25, ""score_group_threshold_default"": 1.5, ""volatility_scaler_high"": 0.025, ""volatility_scaler_low"": 0.005}"
ENGINE_A,,,TSLA,TRENDING,intraday,engine_a_47614b9290,1,1,0,1.0,0.13,,,0.13,,,True,0.00975,unspecified,unspecified,9,1.5,True,276,218,58,score_gte_candidate_threshold,"{""adx_hard_fail"": 18.0, ""adx_trend_min"": 22.0, ""directional_ramp_full"": 0.45, ""directional_ramp_min"": 0.25, ""score_group_threshold_default"": 1.5, ""volatility_scaler_high"": 0.025, ""volatility_scaler_low"": 0.005}"
ENGINE_A,,,TSLA,TRENDING,intraday,engine_a_45943c6160,1,1,0,1.0,0.13,,,0.13,,,True,0.00975,unspecified,unspecified,9,1.5,True,276,218,58,score_gte_candidate_threshold,"{""adx_hard_fail"": 12.0, ""adx_trend_min"": 25.0, ""directional_ramp_full"": 0.45, ""directional_ramp_min"": 0.25, ""score_group_threshold_default"": 1.5, ""volatility_scaler_high"": 0.025, ""volatility_scaler_low"": 0.005}"
ENGINE_A,,,TSLA,TRENDING,intraday,engine_a_43d6f1c8a4,1,1,0,1.0,0.13,,,0.13,,,True,0.00975,unspecified,unspecified,9,1.5,True,276,218,58,score_gte_candidate_threshold,"{""adx_hard_fail"": 15.0, ""adx_trend_min"": 25.0, ""directional_ramp_full"": 0.45, ""directional_ramp_min"": 0.25, ""score_group_threshold_default"": 1.5, ""volatility_scaler_high"": 0.025, ""volatility_scaler_low"": 0.005}"
ENGINE_A,,,TSLA,TRENDING,intraday,engine_a_c38fbf3d85,1,1,0,1.0,0.13,,,0.13,,,True,0.00975,unspecified,unspecified,9,1.5,True,276,218,58,score_gte_candidate_threshold,"{""adx_hard_fail"": 18.0, ""adx_trend_min"": 25.0, ""directional_ramp_full"": 0.45, ""directional_ramp_min"": 0.25, ""score_group_threshold_default"": 1.5, ""volatility_scaler_high"": 0.025, ""volatility_scaler_low"": 0.005}"
ENGINE_A,,,TSLA,TRENDING,intraday,engine_a_f182b0faa6,1,1,0,1.0,0.13,,,0.13,,,True,0.00975,unspecified,unspecified,9,1.5,True,276,218,58,score_gte_candidate_threshold,"{""adx_hard_fail"": 12.0, ""adx_trend_min"": 28.0, ""directional_ramp_full"": 0.45, ""directional_ramp_min"": 0.25, ""score_group_threshold_default"": 1.5, ""volatility_scaler_high"": 0.025, ""volatility_scaler_low"": 0.005}"
ENGINE_A,,,TSLA,TRENDING,intraday,engine_a_b817f3206d,1,1,0,1.0,0.13,,,0.13,,,True,0.00975,unspecified,unspecified,9,1.5,True,276,218,58,score_gte_candidate_threshold,"{""adx_hard_fail"": 15.0, ""adx_trend_min"": 28.0, ""directional_ramp_full"": 0.45, ""directional_ramp_min"": 0.25, ""score_group_threshold_default"": 1.5, ""volatility_scaler_high"": 0.025, ""volatility_scaler_low"": 0.005}"
ENGINE_A,,,TSLA,TRENDING,intraday,engine_a_bf31182245,1,1,0,1.0,0.13,,,0.13,,,True,0.00975,unspecified,unspecified,9,1.5,True,276,218,58,score_gte_candidate_threshold,"{""adx_hard_fail"": 18.0, ""adx_trend_min"": 28.0, ""directional_ramp_full"": 0.45, ""directional_ramp_min"": 0.25, ""score_group_threshold_default"": 1.5, ""volatility_scaler_high"": 0.025, ""volatility_scaler_low"": 0.005}"
ENGINE_A,,,XAG/USD,TRENDING,intraday,engine_a_9e0e9b16e0,2,2,0,1.0,0.06,,,0.06,,,True,0.009,unspecified,unspecified,9,1.5,True,276,218,58,score_gte_candidate_threshold,"{""adx_hard_fail"": 12.0, ""adx_trend_min"": 22.0, ""directional_ramp_full"": 0.45, ""directional_ramp_min"": 0.25, ""score_group_threshold_default"": 1.5, ""volatility_scaler_high"": 0.025, ""volatility_scaler_low"": 0.005}"
ENGINE_A,,,XAG/USD,TRENDING,intraday,engine_a_0786ab053e,2,2,0,1.0,0.06,,,0.06,,,True,0.009,unspecified,unspecified,9,1.5,True,276,218,58,score_gte_candidate_threshold,"{""adx_hard_fail"": 15.0, ""adx_trend_min"": 22.0, ""directional_ramp_full"": 0.45, ""directional_ramp_min"": 0.25, ""score_group_threshold_default"": 1.5, ""volatility_scaler_high"": 0.025, ""volatility_scaler_low"": 0.005}"
ENGINE_A,,,XAG/USD,TRENDING,intraday,engine_a_47614b9290,2,2,0,1.0,0.06,,,0.06,,,True,0.009,unspecified,unspecified,9,1.5,True,276,218,58,score_gte_candidate_threshold,"{""adx_hard_fail"": 18.0, ""adx_trend_min"": 22.0, ""directional_ramp_full"": 0.45, ""directional_ramp_min"": 0.25, ""score_group_threshold_default"": 1.5, ""volatility_scaler_high"": 0.025, ""volatility_scaler_low"": 0.005}"
ENGINE_A,,,XAG/USD,TRENDING,intraday,engine_a_45943c6160,2,2,0,1.0,0.06,,,0.06,,,True,0.009,unspecified,unspecified,9,1.5,True,276,218,58,score_gte_candidate_threshold,"{""adx_hard_fail"": 12.0, ""adx_trend_min"": 25.0, ""directional_ramp_full"": 0.45, ""directional_ramp_min"": 0.25, ""score_group_threshold_default"": 1.5, ""volatility_scaler_high"": 0.025, ""volatility_scaler_low"": 0.005}"
ENGINE_A,,,XAG/USD,TRENDING,intraday,engine_a_43d6f1c8a4,2,2,0,1.0,0.06,,,0.06,,,True,0.009,unspecified,unspecified,9,1.5,True,276,218,58,score_gte_candidate_threshold,"{""adx_hard_fail"": 15.0, ""adx_trend_min"": 25.0, ""directional_ramp_full"": 0.45, ""directional_ramp_min"": 0.25, ""score_group_threshold_default"": 1.5, ""volatility_scaler_high"": 0.025, ""volatility_scaler_low"": 0.005}"
ENGINE_A,,,XAG/USD,TRENDING,intraday,engine_a_c38fbf3d85,2,2,0,1.0,0.06,,,0.06,,,True,0.009,unspecified,unspecified,9,1.5,True,276,218,58,score_gte_candidate_threshold,"{""adx_hard_fail"": 18.0, ""adx_trend_min"": 25.0, ""directional_ramp_full"": 0.45, ""directional_ramp_min"": 0.25, ""score_group_threshold_default"": 1.5, ""volatility_scaler_high"": 0.025, ""volatility_scaler_low"": 0.005}"
ENGINE_A,,,XAG/USD,TRENDING,intraday,engine_a_f182b0faa6,2,2,0,1.0,0.06,,,0.06,,,True,0.009,unspecified,unspecified,9,1.5,True,276,218,58,score_gte_candidate_threshold,"{""adx_hard_fail"": 12.0, ""adx_trend_min"": 28.0, ""directional_ramp_full"": 0.45, ""directional_ramp_min"": 0.25, ""score_group_threshold_default"": 1.5, ""volatility_scaler_high"": 0.025, ""volatility_scaler_low"": 0.005}"
ENGINE_A,,,XAG/USD,TRENDING,intraday,engine_a_b817f3206d,2,2,0,1.0,0.06,,,0.06,,,True,0.009,unspecified,unspecified,9,1.5,True,276,218,58,score_gte_candidate_threshold,"{""adx_hard_fail"": 15.0, ""adx_trend_min"": 28.0, ""directional_ramp_full"": 0.45, ""directional_ramp_min"": 0.25, ""score_group_threshold_default"": 1.5, ""volatility_scaler_high"": 0.025, ""volatility_scaler_low"": 0.005}"
ENGINE_A,,,XAG/USD,TRENDING,intraday,engine_a_bf31182245,2,2,0,1.0,0.06,,,0.06,,,True,0.009,unspecified,unspecified,9,1.5,True,276,218,58,score_gte_candidate_threshold,"{""adx_hard_fail"": 18.0, ""adx_trend_min"": 28.0, ""directional_ramp_full"": 0.45, ""directional_ramp_min"": 0.25, ""score_group_threshold_default"": 1.5, ""volatility_scaler_high"": 0.025, ""volatility_scaler_low"": 0.005}"
ENGINE_A,,,EUR/USD,RANGING,intraday,engine_a_9e0e9b16e0,1,1,0,1.0,0.11,,,0.11,,,True,0.00825,unspecified,unspecified,9,1.5,True,276,218,58,score_gte_candidate_threshold,"{""adx_hard_fail"": 12.0, ""adx_trend_min"": 22.0, ""directional_ramp_full"": 0.45, ""directional_ramp_min"": 0.25, ""score_group_threshold_default"": 1.5, ""volatility_scaler_high"": 0.025, ""volatility_scaler_low"": 0.005}"
ENGINE_A,,,BCH/USDT,DEAD RANGING,intraday,engine_a_9e0e9b16e0,1,1,0,1.0,0.11,,,0.11,,,True,0.00825,unspecified,unspecified,9,1.5,True,276,218,58,score_gte_candidate_threshold,"{""adx_hard_fail"": 12.0, ""adx_trend_min"": 22.0, ""directional_ramp_full"": 0.45, ""directional_ramp_min"": 0.25, ""score_group_threshold_default"": 1.5, ""volatility_scaler_high"": 0.025, ""volatility_scaler_low"": 0.005}"
ENGINE_A,,,EUR/USD,RANGING,intraday,engine_a_0786ab053e,1,1,0,1.0,0.11,,,0.11,,,True,0.00825,unspecified,unspecified,9,1.5,True,276,218,58,score_gte_candidate_threshold,"{""adx_hard_fail"": 15.0, ""adx_trend_min"": 22.0, ""directional_ramp_full"": 0.45, ""directional_ramp_min"": 0.25, ""score_group_threshold_default"": 1.5, ""volatility_scaler_high"": 0.025, ""volatility_scaler_low"": 0.005}"
ENGINE_A,,,BCH/USDT,DEAD RANGING,intraday,engine_a_0786ab053e,1,1,0,1.0,0.11,,,0.11,,,True,0.00825,unspecified,unspecified,9,1.5,True,276,218,58,score_gte_candidate_threshold,"{""adx_hard_fail"": 15.0, ""adx_trend_min"": 22.0, ""directional_ramp_full"": 0.45, ""directional_ramp_min"": 0.25, ""score_group_threshold_default"": 1.5, ""volatility_scaler_high"": 0.025, ""volatility_scaler_low"": 0.005}"
ENGINE_A,,,EUR/USD,RANGING,intraday,engine_a_47614b9290,1,1,0,1.0,0.11,,,0.11,,,True,0.00825,unspecified,unspecified,9,1.5,True,276,218,58,score_gte_candidate_threshold,"{""adx_hard_fail"": 18.0, ""adx_trend_min"": 22.0, ""directional_ramp_full"": 0.45, ""directional_ramp_min"": 0.25, ""score_group_threshold_default"": 1.5, ""volatility_scaler_high"": 0.025, ""volatility_scaler_low"": 0.005}"
ENGINE_A,,,BCH/USDT,DEAD RANGING,intraday,engine_a_47614b9290,1,1,0,1.0,0.11,,,0.11,,,True,0.00825,unspecified,unspecified,9,1.5,True,276,218,58,score_gte_candidate_threshold,"{""adx_hard_fail"": 18.0, ""adx_trend_min"": 22.0, ""directional_ramp_full"": 0.45, ""directional_ramp_min"": 0.25, ""score_group_threshold_default"": 1.5, ""volatility_scaler_high"": 0.025, ""volatility_scaler_low"": 0.005}"
ENGINE_A,,,EUR/USD,RANGING,intraday,engine_a_45943c6160,1,1,0,1.0,0.11,,,0.11,,,True,0.00825,unspecified,unspecified,9,1.5,True,276,218,58,score_gte_candidate_threshold,"{""adx_hard_fail"": 12.0, ""adx_trend_min"": 25.0, ""directional_ramp_full"": 0.45, ""directional_ramp_min"": 0.25, ""score_group_threshold_default"": 1.5, ""volatility_scaler_high"": 0.025, ""volatility_scaler_low"": 0.005}"
ENGINE_A,,,BCH/USDT,DEAD RANGING,intraday,engine_a_45943c6160,1,1,0,1.0,0.11,,,0.11,,,True,0.00825,unspecified,unspecified,9,1.5,True,276,218,58,score_gte_candidate_threshold,"{""adx_hard_fail"": 12.0, ""adx_trend_min"": 25.0, ""directional_ramp_full"": 0.45, ""directional_ramp_min"": 0.25, ""score_group_threshold_default"": 1.5, ""volatility_scaler_high"": 0.025, ""volatility_scaler_low"": 0.005}"
ENGINE_A,,,EUR/USD,RANGING,intraday,engine_a_43d6f1c8a4,1,1,0,1.0,0.11,,,0.11,,,True,0.00825,unspecified,unspecified,9,1.5,True,276,218,58,score_gte_candidate_threshold,"{""adx_hard_fail"": 15.0, ""adx_trend_min"": 25.0, ""directional_ramp_full"": 0.45, ""directional_ramp_min"": 0.25, ""score_group_threshold_default"": 1.5, ""volatility_scaler_high"": 0.025, ""volatility_scaler_low"": 0.005}"
ENGINE_A,,,BCH/USDT,DEAD RANGING,intraday,engine_a_43d6f1c8a4,1,1,0,1.0,0.11,,,0.11,,,True,0.00825,unspecified,unspecified,9,1.5,True,276,218,58,score_gte_candidate_threshold,"{""adx_hard_fail"": 15.0, ""adx_trend_min"": 25.0, ""directional_ramp_full"": 0.45, ""directional_ramp_min"": 0.25, ""score_group_threshold_default"": 1.5, ""volatility_scaler_high"": 0.025, ""volatility_scaler_low"": 0.005}"
ENGINE_A,,,EUR/USD,RANGING,intraday,engine_a_c38fbf3d85,1,1,0,1.0,0.11,,,0.11,,,True,0.00825,unspecified,unspecified,9,1.5,True,276,218,58,score_gte_candidate_threshold,"{""adx_hard_fail"": 18.0, ""adx_trend_min"": 25.0, ""directional_ramp_full"": 0.45, ""directional_ramp_min"": 0.25, ""score_group_threshold_default"": 1.5, ""volatility_scaler_high"": 0.025, ""volatility_scaler_low"": 0.005}"
ENGINE_A,,,BCH/USDT,DEAD RANGING,intraday,engine_a_c38fbf3d85,1,1,0,1.0,0.11,,,0.11,,,True,0.00825,unspecified,unspecified,9,1.5,True,276,218,58,score_gte_candidate_threshold,"{""adx_hard_fail"": 18.0, ""adx_trend_min"": 25.0, ""directional_ramp_full"": 0.45, ""directional_ramp_min"": 0.25, ""score_group_threshold_default"": 1.5, ""volatility_scaler_high"": 0.025, ""volatility_scaler_low"": 0.005}"
ENGINE_A,,,EUR/USD,RANGING,intraday,engine_a_f182b0faa6,1,1,0,1.0,0.11,,,0.11,,,True,0.00825,unspecified,unspecified,9,1.5,True,276,218,58,score_gte_candidate_threshold,"{""adx_hard_fail"": 12.0, ""adx_trend_min"": 28.0, ""directional_ramp_full"": 0.45, ""directional_ramp_min"": 0.25, ""score_group_threshold_default"": 1.5, ""volatility_scaler_high"": 0.025, ""volatility_scaler_low"": 0.005}"
ENGINE_A,,,BCH/USDT,DEAD RANGING,intraday,engine_a_f182b0faa6,1,1,0,1.0,0.11,,,0.11,,,True,0.00825,unspecified,unspecified,9,1.5,True,276,218,58,score_gte_candidate_threshold,"{""adx_hard_fail"": 12.0, ""adx_trend_min"": 28.0, ""directional_ramp_full"": 0.45, ""directional_ramp_min"": 0.25, ""score_group_threshold_default"": 1.5, ""volatility_scaler_high"": 0.025, ""volatility_scaler_low"": 0.005}"
ENGINE_A,,,EUR/USD,RANGING,intraday,engine_a_b817f3206d,1,1,0,1.0,0.11,,,0.11,,,True,0.00825,unspecified,unspecified,9,1.5,True,276,218,58,score_gte_candidate_threshold,"{""adx_hard_fail"": 15.0, ""adx_trend_min"": 28.0, ""directional_ramp_full"": 0.45, ""directional_ramp_min"": 0.25, ""score_group_threshold_default"": 1.5, ""volatility_scaler_high"": 0.025, ""volatility_scaler_low"": 0.005}"
ENGINE_A,,,BCH/USDT,DEAD RANGING,intraday,engine_a_b817f3206d,1,1,0,1.0,0.11,,,0.11,,,True,0.00825,unspecified,unspecified,9,1.5,True,276,218,58,score_gte_candidate_threshold,"{""adx_hard_fail"": 15.0, ""adx_trend_min"": 28.0, ""directional_ramp_full"": 0.45, ""directional_ramp_min"": 0.25, ""score_group_threshold_default"": 1.5, ""volatility_scaler_high"": 0.025, ""volatility_scaler_low"": 0.005}"
ENGINE_A,,,EUR/USD,RANGING,intraday,engine_a_bf31182245,1,1,0,1.0,0.11,,,0.11,,,True,0.00825,unspecified,unspecified,9,1.5,True,276,218,58,score_gte_candidate_threshold,"{""adx_hard_fail"": 18.0, ""adx_trend_min"": 28.0, ""directional_ramp_full"": 0.45, ""directional_ramp_min"": 0.25, ""score_group_threshold_default"": 1.5, ""volatility_scaler_high"": 0.025, ""volatility_scaler_low"": 0.005}"
ENGINE_A,,,BCH/USDT,DEAD RANGING,intraday,engine_a_bf31182245,1,1,0,1.0,0.11,,,0.11,,,True,0.00825,unspecified,unspecified,9,1.5,True,276,218,58,score_gte_candidate_threshold,"{""adx_hard_fail"": 18.0, ""adx_trend_min"": 28.0, ""directional_ramp_full"": 0.45, ""directional_ramp_min"": 0.25, ""score_group_threshold_default"": 1.5, ""volatility_scaler_high"": 0.025, ""volatility_scaler_low"": 0.005}"
ENGINE_A,,,AAVE/USDT,TRENDING,intraday,engine_a_9e0e9b16e0,1,1,0,1.0,0.1,,,0.1,,,True,0.0075,unspecified,unspecified,9,1.5,True,276,218,58,score_gte_candidate_threshold,"{""adx_hard_fail"": 12.0, ""adx_trend_min"": 22.0, ""directional_ramp_full"": 0.45, ""directional_ramp_min"": 0.25, ""score_group_threshold_default"": 1.5, ""volatility_scaler_high"": 0.025, ""volatility_scaler_low"": 0.005}"
ENGINE_A,,,NASDAQ-100,DEVELOPING,swing,engine_a_9e0e9b16e0,2,2,0,1.0,0.05,,,0.05,,,True,0.0075,unspecified,unspecified,9,1.5,True,276,218,58,score_gte_candidate_threshold,"{""adx_hard_fail"": 12.0, ""adx_trend_min"": 22.0, ""directional_ramp_full"": 0.45, ""directional_ramp_min"": 0.25, ""score_group_threshold_default"": 1.5, ""volatility_scaler_high"": 0.025, ""volatility_scaler_low"": 0.005}"
ENGINE_A,,,SOL/USDT,TRENDING,intraday,engine_a_9e0e9b16e0,1,1,0,1.0,0.1,,,0.1,,,True,0.0075,unspecified,unspecified,9,1.5,True,276,218,58,score_gte_candidate_threshold,"{""adx_hard_fail"": 12.0, ""adx_trend_min"": 22.0, ""directional_ramp_full"": 0.45, ""directional_ramp_min"": 0.25, ""score_group_threshold_default"": 1.5, ""volatility_scaler_high"": 0.025, ""volatility_scaler_low"": 0.005}"
ENGINE_A,,,AAVE/USDT,TRENDING,intraday,engine_a_0786ab053e,1,1,0,1.0,0.1,,,0.1,,,True,0.0075,unspecified,unspecified,9,1.5,True,276,218,58,score_gte_candidate_threshold,"{""adx_hard_fail"": 15.0, ""adx_trend_min"": 22.0, ""directional_ramp_full"": 0.45, ""directional_ramp_min"": 0.25, ""score_group_threshold_default"": 1.5, ""volatility_scaler_high"": 0.025, ""volatility_scaler_low"": 0.005}"
ENGINE_A,,,NASDAQ-100,DEVELOPING,swing,engine_a_0786ab053e,2,2,0,1.0,0.05,,,0.05,,,True,0.0075,unspecified,unspecified,9,1.5,True,276,218,58,score_gte_candidate_threshold,"{""adx_hard_fail"": 15.0, ""adx_trend_min"": 22.0, ""directional_ramp_full"": 0.45, ""directional_ramp_min"": 0.25, ""score_group_threshold_default"": 1.5, ""volatility_scaler_high"": 0.025, ""volatility_scaler_low"": 0.005}"
ENGINE_A,,,SOL/USDT,TRENDING,intraday,engine_a_0786ab053e,1,1,0,1.0,0.1,,,0.1,,,True,0.0075,unspecified,unspecified,9,1.5,True,276,218,58,score_gte_candidate_threshold,"{""adx_hard_fail"": 15.0, ""adx_trend_min"": 22.0, ""directional_ramp_full"": 0.45, ""directional_ramp_min"": 0.25, ""score_group_threshold_default"": 1.5, ""volatility_scaler_high"": 0.025, ""volatility_scaler_low"": 0.005}"
ENGINE_A,,,AAVE/USDT,TRENDING,intraday,engine_a_47614b9290,1,1,0,1.0,0.1,,,0.1,,,True,0.0075,unspecified,unspecified,9,1.5,True,276,218,58,score_gte_candidate_threshold,"{""adx_hard_fail"": 18.0, ""adx_trend_min"": 22.0, ""directional_ramp_full"": 0.45, ""directional_ramp_min"": 0.25, ""score_group_threshold_default"": 1.5, ""volatility_scaler_high"": 0.025, ""volatility_scaler_low"": 0.005}"
ENGINE_A,,,NASDAQ-100,DEVELOPING,swing,engine_a_47614b9290,2,2,0,1.0,0.05,,,0.05,,,True,0.0075,unspecified,unspecified,9,1.5,True,276,218,58,score_gte_candidate_threshold,"{""adx_hard_fail"": 18.0, ""adx_trend_min"": 22.0, ""directional_ramp_full"": 0.45, ""directional_ramp_min"": 0.25, ""score_group_threshold_default"": 1.5, ""volatility_scaler_high"": 0.025, ""volatility_scaler_low"": 0.005}"
ENGINE_A,,,SOL/USDT,TRENDING,intraday,engine_a_47614b9290,1,1,0,1.0,0.1,,,0.1,,,True,0.0075,unspecified,unspecified,9,1.5,True,276,218,58,score_gte_candidate_threshold,"{""adx_hard_fail"": 18.0, ""adx_trend_min"": 22.0, ""directional_ramp_full"": 0.45, ""directional_ramp_min"": 0.25, ""score_group_threshold_default"": 1.5, ""volatility_scaler_high"": 0.025, ""volatility_scaler_low"": 0.005}"
ENGINE_A,,,AAVE/USDT,TRENDING,intraday,engine_a_45943c6160,1,1,0,1.0,0.1,,,0.1,,,True,0.0075,unspecified,unspecified,9,1.5,True,276,218,58,score_gte_candidate_threshold,"{""adx_hard_fail"": 12.0, ""adx_trend_min"": 25.0, ""directional_ramp_full"": 0.45, ""directional_ramp_min"": 0.25, ""score_group_threshold_default"": 1.5, ""volatility_scaler_high"": 0.025, ""volatility_scaler_low"": 0.005}"
ENGINE_A,,,NASDAQ-100,DEVELOPING,swing,engine_a_45943c6160,2,2,0,1.0,0.05,,,0.05,,,True,0.0075,unspecified,unspecified,9,1.5,True,276,218,58,score_gte_candidate_threshold,"{""adx_hard_fail"": 12.0, ""adx_trend_min"": 25.0, ""directional_ramp_full"": 0.45, ""directional_ramp_min"": 0.25, ""score_group_threshold_default"": 1.5, ""volatility_scaler_high"": 0.025, ""volatility_scaler_low"": 0.005}"
ENGINE_A,,,SOL/USDT,TRENDING,intraday,engine_a_45943c6160,1,1,0,1.0,0.1,,,0.1,,,True,0.0075,unspecified,unspecified,9,1.5,True,276,218,58,score_gte_candidate_threshold,"{""adx_hard_fail"": 12.0, ""adx_trend_min"": 25.0, ""directional_ramp_full"": 0.45, ""directional_ramp_min"": 0.25, ""score_group_threshold_default"": 1.5, ""volatility_scaler_high"": 0.025, ""volatility_scaler_low"": 0.005}"
ENGINE_A,,,AAVE/USDT,TRENDING,intraday,engine_a_43d6f1c8a4,1,1,0,1.0,0.1,,,0.1,,,True,0.0075,unspecified,unspecified,9,1.5,True,276,218,58,score_gte_candidate_threshold,"{""adx_hard_fail"": 15.0, ""adx_trend_min"": 25.0, ""directional_ramp_full"": 0.45, ""directional_ramp_min"": 0.25, ""score_group_threshold_default"": 1.5, ""volatility_scaler_high"": 0.025, ""volatility_scaler_low"": 0.005}"
ENGINE_A,,,NASDAQ-100,DEVELOPING,swing,engine_a_43d6f1c8a4,2,2,0,1.0,0.05,,,0.05,,,True,0.0075,unspecified,unspecified,9,1.5,True,276,218,58,score_gte_candidate_threshold,"{""adx_hard_fail"": 15.0, ""adx_trend_min"": 25.0, ""directional_ramp_full"": 0.45, ""directional_ramp_min"": 0.25, ""score_group_threshold_default"": 1.5, ""volatility_scaler_high"": 0.025, ""volatility_scaler_low"": 0.005}"
ENGINE_A,,,SOL/USDT,TRENDING,intraday,engine_a_43d6f1c8a4,1,1,0,1.0,0.1,,,0.1,,,True,0.0075,unspecified,unspecified,9,1.5,True,276,218,58,score_gte_candidate_threshold,"{""adx_hard_fail"": 15.0, ""adx_trend_min"": 25.0, ""directional_ramp_full"": 0.45, ""directional_ramp_min"": 0.25, ""score_group_threshold_default"": 1.5, ""volatility_scaler_high"": 0.025, ""volatility_scaler_low"": 0.005}"
ENGINE_A,,,AAVE/USDT,TRENDING,intraday,engine_a_c38fbf3d85,1,1,0,1.0,0.1,,,0.1,,,True,0.0075,unspecified,unspecified,9,1.5,True,276,218,58,score_gte_candidate_threshold,"{""adx_hard_fail"": 18.0, ""adx_trend_min"": 25.0, ""directional_ramp_full"": 0.45, ""directional_ramp_min"": 0.25, ""score_group_threshold_default"": 1.5, ""volatility_scaler_high"": 0.025, ""volatility_scaler_low"": 0.005}"
ENGINE_A,,,NASDAQ-100,DEVELOPING,swing,engine_a_c38fbf3d85,2,2,0,1.0,0.05,,,0.05,,,True,0.0075,unspecified,unspecified,9,1.5,True,276,218,58,score_gte_candidate_threshold,"{""adx_hard_fail"": 18.0, ""adx_trend_min"": 25.0, ""directional_ramp_full"": 0.45, ""directional_ramp_min"": 0.25, ""score_group_threshold_default"": 1.5, ""volatility_scaler_high"": 0.025, ""volatility_scaler_low"": 0.005}"
ENGINE_A,,,SOL/USDT,TRENDING,intraday,engine_a_c38fbf3d85,1,1,0,1.0,0.1,,,0.1,,,True,0.0075,unspecified,unspecified,9,1.5,True,276,218,58,score_gte_candidate_threshold,"{""adx_hard_fail"": 18.0, ""adx_trend_min"": 25.0, ""directional_ramp_full"": 0.45, ""directional_ramp_min"": 0.25, ""score_group_threshold_default"": 1.5, ""volatility_scaler_high"": 0.025, ""volatility_scaler_low"": 0.005}"
ENGINE_A,,,AAVE/USDT,TRENDING,intraday,engine_a_f182b0faa6,1,1,0,1.0,0.1,,,0.1,,,True,0.0075,unspecified,unspecified,9,1.5,True,276,218,58,score_gte_candidate_threshold,"{""adx_hard_fail"": 12.0, ""adx_trend_min"": 28.0, ""directional_ramp_full"": 0.45, ""directional_ramp_min"": 0.25, ""score_group_threshold_default"": 1.5, ""volatility_scaler_high"": 0.025, ""volatility_scaler_low"": 0.005}"
ENGINE_A,,,NASDAQ-100,DEVELOPING,swing,engine_a_f182b0faa6,2,2,0,1.0,0.05,,,0.05,,,True,0.0075,unspecified,unspecified,9,1.5,True,276,218,58,score_gte_candidate_threshold,"{""adx_hard_fail"": 12.0, ""adx_trend_min"": 28.0, ""directional_ramp_full"": 0.45, ""directional_ramp_min"": 0.25, ""score_group_threshold_default"": 1.5, ""volatility_scaler_high"": 0.025, ""volatility_scaler_low"": 0.005}"
ENGINE_A,,,SOL/USDT,TRENDING,intraday,engine_a_f182b0faa6,1,1,0,1.0,0.1,,,0.1,,,True,0.0075,unspecified,unspecified,9,1.5,True,276,218,58,score_gte_candidate_threshold,"{""adx_hard_fail"": 12.0, ""adx_trend_min"": 28.0, ""directional_ramp_full"": 0.45, ""directional_ramp_min"": 0.25, ""score_group_threshold_default"": 1.5, ""volatility_scaler_high"": 0.025, ""volatility_scaler_low"": 0.005}"
ENGINE_A,,,AAVE/USDT,TRENDING,intraday,engine_a_b817f3206d,1,1,0,1.0,0.1,,,0.1,,,True,0.0075,unspecified,unspecified,9,1.5,True,276,218,58,score_gte_candidate_threshold,"{""adx_hard_fail"": 15.0, ""adx_trend_min"": 28.0, ""directional_ramp_full"": 0.45, ""directional_ramp_min"": 0.25, ""score_group_threshold_default"": 1.5, ""volatility_scaler_high"": 0.025, ""volatility_scaler_low"": 0.005}"
ENGINE_A,,,NASDAQ-100,DEVELOPING,swing,engine_a_b817f3206d,2,2,0,1.0,0.05,,,0.05,,,True,0.0075,unspecified,unspecified,9,1.5,True,276,218,58,score_gte_candidate_threshold,"{""adx_hard_fail"": 15.0, ""adx_trend_min"": 28.0, ""directional_ramp_full"": 0.45, ""directional_ramp_min"": 0.25, ""score_group_threshold_default"": 1.5, ""volatility_scaler_high"": 0.025, ""volatility_scaler_low"": 0.005}"
ENGINE_A,,,SOL/USDT,TRENDING,intraday,engine_a_b817f3206d,1,1,0,1.0,0.1,,,0.1,,,True,0.0075,unspecified,unspecified,9,1.5,True,276,218,58,score_gte_candidate_threshold,"{""adx_hard_fail"": 15.0, ""adx_trend_min"": 28.0, ""directional_ramp_full"": 0.45, ""directional_ramp_min"": 0.25, ""score_group_threshold_default"": 1.5, ""volatility_scaler_high"": 0.025, ""volatility_scaler_low"": 0.005}"
ENGINE_A,,,AAVE/USDT,TRENDING,intraday,engine_a_bf31182245,1,1,0,1.0,0.1,,,0.1,,,True,0.0075,unspecified,unspecified,9,1.5,True,276,218,58,score_gte_candidate_threshold,"{""adx_hard_fail"": 18.0, ""adx_trend_min"": 28.0, ""directional_ramp_full"": 0.45, ""directional_ramp_min"": 0.25, ""score_group_threshold_default"": 1.5, ""volatility_scaler_high"": 0.025, ""volatility_scaler_low"": 0.005}"
ENGINE_A,,,NASDAQ-100,DEVELOPING,swing,engine_a_bf31182245,2,2,0,1.0,0.05,,,0.05,,,True,0.0075,unspecified,unspecified,9,1.5,True,276,218,58,score_gte_candidate_threshold,"{""adx_hard_fail"": 18.0, ""adx_trend_min"": 28.0, ""directional_ramp_full"": 0.45, ""directional_ramp_min"": 0.25, ""score_group_threshold_default"": 1.5, ""volatility_scaler_high"": 0.025, ""volatility_scaler_low"": 0.005}"
ENGINE_A,,,SOL/USDT,TRENDING,intraday,engine_a_bf31182245,1,1,0,1.0,0.1,,,0.1,,,True,0.0075,unspecified,unspecified,9,1.5,True,276,218,58,score_gte_candidate_threshold,"{""adx_hard_fail"": 18.0, ""adx_trend_min"": 28.0, ""directional_ramp_full"": 0.45, ""directional_ramp_min"": 0.25, ""score_group_threshold_default"": 1.5, ""volatility_scaler_high"": 0.025, ""volatility_scaler_low"": 0.005}"
ENGINE_A,,,RENDER/USDT,LOW_VOLATILITY,scalp,engine_a_9e0e9b16e0,1,1,0,1.0,0.09,,,0.09,,,True,0.00675,unspecified,unspecified,9,1.5,True,276,218,58,score_gte_candidate_threshold,"{""adx_hard_fail"": 12.0, ""adx_trend_min"": 22.0, ""directional_ramp_full"": 0.45, ""directional_ramp_min"": 0.25, ""score_group_threshold_default"": 1.5, ""volatility_scaler_high"": 0.025, ""volatility_scaler_low"": 0.005}"
ENGINE_A,,,RENDER/USDT,LOW_VOLATILITY,scalp,engine_a_0786ab053e,1,1,0,1.0,0.09,,,0.09,,,True,0.00675,unspecified,unspecified,9,1.5,True,276,218,58,score_gte_candidate_threshold,"{""adx_hard_fail"": 15.0, ""adx_trend_min"": 22.0, ""directional_ramp_full"": 0.45, ""directional_ramp_min"": 0.25, ""score_group_threshold_default"": 1.5, ""volatility_scaler_high"": 0.025, ""volatility_scaler_low"": 0.005}"
ENGINE_A,,,RENDER/USDT,LOW_VOLATILITY,scalp,engine_a_47614b9290,1,1,0,1.0,0.09,,,0.09,,,True,0.00675,unspecified,unspecified,9,1.5,True,276,218,58,score_gte_candidate_threshold,"{""adx_hard_fail"": 18.0, ""adx_trend_min"": 22.0, ""directional_ramp_full"": 0.45, ""directional_ramp_min"": 0.25, ""score_group_threshold_default"": 1.5, ""volatility_scaler_high"": 0.025, ""volatility_scaler_low"": 0.005}"
ENGINE_A,,,RENDER/USDT,LOW_VOLATILITY,scalp,engine_a_45943c6160,1,1,0,1.0,0.09,,,0.09,,,True,0.00675,unspecified,unspecified,9,1.5,True,276,218,58,score_gte_candidate_threshold,"{""adx_hard_fail"": 12.0, ""adx_trend_min"": 25.0, ""directional_ramp_full"": 0.45, ""directional_ramp_min"": 0.25, ""score_group_threshold_default"": 1.5, ""volatility_scaler_high"": 0.025, ""volatility_scaler_low"": 0.005}"
ENGINE_A,,,RENDER/USDT,LOW_VOLATILITY,scalp,engine_a_43d6f1c8a4,1,1,0,1.0,0.09,,,0.09,,,True,0.00675,unspecified,unspecified,9,1.5,True,276,218,58,score_gte_candidate_threshold,"{""adx_hard_fail"": 15.0, ""adx_trend_min"": 25.0, ""directional_ramp_full"": 0.45, ""directional_ramp_min"": 0.25, ""score_group_threshold_default"": 1.5, ""volatility_scaler_high"": 0.025, ""volatility_scaler_low"": 0.005}"
ENGINE_A,,,RENDER/USDT,LOW_VOLATILITY,scalp,engine_a_c38fbf3d85,1,1,0,1.0,0.09,,,0.09,,,True,0.00675,unspecified,unspecified,9,1.5,True,276,218,58,score_gte_candidate_threshold,"{""adx_hard_fail"": 18.0, ""adx_trend_min"": 25.0, ""directional_ramp_full"": 0.45, ""directional_ramp_min"": 0.25, ""score_group_threshold_default"": 1.5, ""volatility_scaler_high"": 0.025, ""volatility_scaler_low"": 0.005}"
ENGINE_A,,,RENDER/USDT,LOW_VOLATILITY,scalp,engine_a_f182b0faa6,1,1,0,1.0,0.09,,,0.09,,,True,0.00675,unspecified,unspecified,9,1.5,True,276,218,58,score_gte_candidate_threshold,"{""adx_hard_fail"": 12.0, ""adx_trend_min"": 28.0, ""directional_ramp_full"": 0.45, ""directional_ramp_min"": 0.25, ""score_group_threshold_default"": 1.5, ""volatility_scaler_high"": 0.025, ""volatility_scaler_low"": 0.005}"
ENGINE_A,,,RENDER/USDT,LOW_VOLATILITY,scalp,engine_a_b817f3206d,1,1,0,1.0,0.09,,,0.09,,,True,0.00675,unspecified,unspecified,9,1.5,True,276,218,58,score_gte_candidate_threshold,"{""adx_hard_fail"": 15.0, ""adx_trend_min"": 28.0, ""directional_ramp_full"": 0.45, ""directional_ramp_min"": 0.25, ""score_group_threshold_default"": 1.5, ""volatility_scaler_high"": 0.025, ""volatility_scaler_low"": 0.005}"
ENGINE_A,,,RENDER/USDT,LOW_VOLATILITY,scalp,engine_a_bf31182245,1,1,0,1.0,0.09,,,0.09,,,True,0.00675,unspecified,unspecified,9,1.5,True,276,218,58,score_gte_candidate_threshold,"{""adx_hard_fail"": 18.0, ""adx_trend_min"": 28.0, ""directional_ramp_full"": 0.45, ""directional_ramp_min"": 0.25, ""score_group_threshold_default"": 1.5, ""volatility_scaler_high"": 0.025, ""volatility_scaler_low"": 0.005}"
ENGINE_A,,,EUR/JPY,DEVELOPING,scalp,engine_a_9e0e9b16e0,2,2,0,1.0,0.04,,,0.04,,,True,0.006,unspecified,unspecified,9,1.5,True,276,218,58,score_gte_candidate_threshold,"{""adx_hard_fail"": 12.0, ""adx_trend_min"": 22.0, ""directional_ramp_full"": 0.45, ""directional_ramp_min"": 0.25, ""score_group_threshold_default"": 1.5, ""volatility_scaler_high"": 0.025, ""volatility_scaler_low"": 0.005}"
ENGINE_A,,,EUR/JPY,DEVELOPING,scalp,engine_a_0786ab053e,2,2,0,1.0,0.04,,,0.04,,,True,0.006,unspecified,unspecified,9,1.5,True,276,218,58,score_gte_candidate_threshold,"{""adx_hard_fail"": 15.0, ""adx_trend_min"": 22.0, ""directional_ramp_full"": 0.45, ""directional_ramp_min"": 0.25, ""score_group_threshold_default"": 1.5, ""volatility_scaler_high"": 0.025, ""volatility_scaler_low"": 0.005}"
ENGINE_A,,,EUR/JPY,DEVELOPING,scalp,engine_a_47614b9290,2,2,0,1.0,0.04,,,0.04,,,True,0.006,unspecified,unspecified,9,1.5,True,276,218,58,score_gte_candidate_threshold,"{""adx_hard_fail"": 18.0, ""adx_trend_min"": 22.0, ""directional_ramp_full"": 0.45, ""directional_ramp_min"": 0.25, ""score_group_threshold_default"": 1.5, ""volatility_scaler_high"": 0.025, ""volatility_scaler_low"": 0.005}"
ENGINE_A,,,EUR/JPY,DEVELOPING,scalp,engine_a_45943c6160,2,2,0,1.0,0.04,,,0.04,,,True,0.006,unspecified,unspecified,9,1.5,True,276,218,58,score_gte_candidate_threshold,"{""adx_hard_fail"": 12.0, ""adx_trend_min"": 25.0, ""directional_ramp_full"": 0.45, ""directional_ramp_min"": 0.25, ""score_group_threshold_default"": 1.5, ""volatility_scaler_high"": 0.025, ""volatility_scaler_low"": 0.005}"
ENGINE_A,,,EUR/JPY,DEVELOPING,scalp,engine_a_43d6f1c8a4,2,2,0,1.0,0.04,,,0.04,,,True,0.006,unspecified,unspecified,9,1.5,True,276,218,58,score_gte_candidate_threshold,"{""adx_hard_fail"": 15.0, ""adx_trend_min"": 25.0, ""directional_ramp_full"": 0.45, ""directional_ramp_min"": 0.25, ""score_group_threshold_default"": 1.5, ""volatility_scaler_high"": 0.025, ""volatility_scaler_low"": 0.005}"
ENGINE_A,,,EUR/JPY,DEVELOPING,scalp,engine_a_c38fbf3d85,2,2,0,1.0,0.04,,,0.04,,,True,0.006,unspecified,unspecified,9,1.5,True,276,218,58,score_gte_candidate_threshold,"{""adx_hard_fail"": 18.0, ""adx_trend_min"": 25.0, ""directional_ramp_full"": 0.45, ""directional_ramp_min"": 0.25, ""score_group_threshold_default"": 1.5, ""volatility_scaler_high"": 0.025, ""volatility_scaler_low"": 0.005}"
ENGINE_A,,,EUR/JPY,DEVELOPING,scalp,engine_a_f182b0faa6,2,2,0,1.0,0.04,,,0.04,,,True,0.006,unspecified,unspecified,9,1.5,True,276,218,58,score_gte_candidate_threshold,"{""adx_hard_fail"": 12.0, ""adx_trend_min"": 28.0, ""directional_ramp_full"": 0.45, ""directional_ramp_min"": 0.25, ""score_group_threshold_default"": 1.5, ""volatility_scaler_high"": 0.025, ""volatility_scaler_low"": 0.005}"
ENGINE_A,,,EUR/JPY,DEVELOPING,scalp,engine_a_b817f3206d,2,2,0,1.0,0.04,,,0.04,,,True,0.006,unspecified,unspecified,9,1.5,True,276,218,58,score_gte_candidate_threshold,"{""adx_hard_fail"": 15.0, ""adx_trend_min"": 28.0, ""directional_ramp_full"": 0.45, ""directional_ramp_min"": 0.25, ""score_group_threshold_default"": 1.5, ""volatility_scaler_high"": 0.025, ""volatility_scaler_low"": 0.005}"
ENGINE_A,,,EUR/JPY,DEVELOPING,scalp,engine_a_bf31182245,2,2,0,1.0,0.04,,,0.04,,,True,0.006,unspecified,unspecified,9,1.5,True,276,218,58,score_gte_candidate_threshold,"{""adx_hard_fail"": 18.0, ""adx_trend_min"": 28.0, ""directional_ramp_full"": 0.45, ""directional_ramp_min"": 0.25, ""score_group_threshold_default"": 1.5, ""volatility_scaler_high"": 0.025, ""volatility_scaler_low"": 0.005}"
ENGINE_A,,,NFLX,LOW_VOLATILITY,intraday,engine_a_9e0e9b16e0,2,2,0,1.0,0.03,,,0.03,,,True,0.0045,unspecified,unspecified,9,1.5,True,276,218,58,score_gte_candidate_threshold,"{""adx_hard_fail"": 12.0, ""adx_trend_min"": 22.0, ""directional_ramp_full"": 0.45, ""directional_ramp_min"": 0.25, ""score_group_threshold_default"": 1.5, ""volatility_scaler_high"": 0.025, ""volatility_scaler_low"": 0.005}"
ENGINE_A,,,NFLX,LOW_VOLATILITY,intraday,engine_a_0786ab053e,2,2,0,1.0,0.03,,,0.03,,,True,0.0045,unspecified,unspecified,9,1.5,True,276,218,58,score_gte_candidate_threshold,"{""adx_hard_fail"": 15.0, ""adx_trend_min"": 22.0, ""directional_ramp_full"": 0.45, ""directional_ramp_min"": 0.25, ""score_group_threshold_default"": 1.5, ""volatility_scaler_high"": 0.025, ""volatility_scaler_low"": 0.005}"
ENGINE_A,,,NFLX,LOW_VOLATILITY,intraday,engine_a_47614b9290,2,2,0,1.0,0.03,,,0.03,,,True,0.0045,unspecified,unspecified,9,1.5,True,276,218,58,score_gte_candidate_threshold,"{""adx_hard_fail"": 18.0, ""adx_trend_min"": 22.0, ""directional_ramp_full"": 0.45, ""directional_ramp_min"": 0.25, ""score_group_threshold_default"": 1.5, ""volatility_scaler_high"": 0.025, ""volatility_scaler_low"": 0.005}"
ENGINE_A,,,NFLX,LOW_VOLATILITY,intraday,engine_a_45943c6160,2,2,0,1.0,0.03,,,0.03,,,True,0.0045,unspecified,unspecified,9,1.5,True,276,218,58,score_gte_candidate_threshold,"{""adx_hard_fail"": 12.0, ""adx_trend_min"": 25.0, ""directional_ramp_full"": 0.45, ""directional_ramp_min"": 0.25, ""score_group_threshold_default"": 1.5, ""volatility_scaler_high"": 0.025, ""volatility_scaler_low"": 0.005}"
ENGINE_A,,,NFLX,LOW_VOLATILITY,intraday,engine_a_43d6f1c8a4,2,2,0,1.0,0.03,,,0.03,,,True,0.0045,unspecified,unspecified,9,1.5,True,276,218,58,score_gte_candidate_threshold,"{""adx_hard_fail"": 15.0, ""adx_trend_min"": 25.0, ""directional_ramp_full"": 0.45, ""directional_ramp_min"": 0.25, ""score_group_threshold_default"": 1.5, ""volatility_scaler_high"": 0.025, ""volatility_scaler_low"": 0.005}"
ENGINE_A,,,NFLX,LOW_VOLATILITY,intraday,engine_a_c38fbf3d85,2,2,0,1.0,0.03,,,0.03,,,True,0.0045,unspecified,unspecified,9,1.5,True,276,218,58,score_gte_candidate_threshold,"{""adx_hard_fail"": 18.0, ""adx_trend_min"": 25.0, ""directional_ramp_full"": 0.45, ""directional_ramp_min"": 0.25, ""score_group_threshold_default"": 1.5, ""volatility_scaler_high"": 0.025, ""volatility_scaler_low"": 0.005}"
ENGINE_A,,,NFLX,LOW_VOLATILITY,intraday,engine_a_f182b0faa6,2,2,0,1.0,0.03,,,0.03,,,True,0.0045,unspecified,unspecified,9,1.5,True,276,218,58,score_gte_candidate_threshold,"{""adx_hard_fail"": 12.0, ""adx_trend_min"": 28.0, ""directional_ramp_full"": 0.45, ""directional_ramp_min"": 0.25, ""score_group_threshold_default"": 1.5, ""volatility_scaler_high"": 0.025, ""volatility_scaler_low"": 0.005}"
ENGINE_A,,,NFLX,LOW_VOLATILITY,intraday,engine_a_b817f3206d,2,2,0,1.0,0.03,,,0.03,,,True,0.0045,unspecified,unspecified,9,1.5,True,276,218,58,score_gte_candidate_threshold,"{""adx_hard_fail"": 15.0, ""adx_trend_min"": 28.0, ""directional_ramp_full"": 0.45, ""directional_ramp_min"": 0.25, ""score_group_threshold_default"": 1.5, ""volatility_scaler_high"": 0.025, ""volatility_scaler_low"": 0.005}"
ENGINE_A,,,NFLX,LOW_VOLATILITY,intraday,engine_a_bf31182245,2,2,0,1.0,0.03,,,0.03,,,True,0.0045,unspecified,unspecified,9,1.5,True,276,218,58,score_gte_candidate_threshold,"{""adx_hard_fail"": 18.0, ""adx_trend_min"": 28.0, ""directional_ramp_full"": 0.45, ""directional_ramp_min"": 0.25, ""score_group_threshold_default"": 1.5, ""volatility_scaler_high"": 0.025, ""volatility_scaler_low"": 0.005}"
ENGINE_A,,,USD/CHF,LOW_VOLATILITY,scalp,engine_a_9e0e9b16e0,2,2,0,1.0,0.02,,,0.02,,,True,0.003,unspecified,unspecified,9,1.5,True,276,218,58,score_gte_candidate_threshold,"{""adx_hard_fail"": 12.0, ""adx_trend_min"": 22.0, ""directional_ramp_full"": 0.45, ""directional_ramp_min"": 0.25, ""score_group_threshold_default"": 1.5, ""volatility_scaler_high"": 0.025, ""volatility_scaler_low"": 0.005}"
ENGINE_A,,,EUR/AUD,RANGING,intraday,engine_a_9e0e9b16e0,3,3,0,1.0,0.013333,,,0.013333,,,True,0.003,unspecified,unspecified,9,1.5,True,276,218,58,score_gte_candidate_threshold,"{""adx_hard_fail"": 12.0, ""adx_trend_min"": 22.0, ""directional_ramp_full"": 0.45, ""directional_ramp_min"": 0.25, ""score_group_threshold_default"": 1.5, ""volatility_scaler_high"": 0.025, ""volatility_scaler_low"": 0.005}"
ENGINE_A,,,ETH/USDT,LOW_VOLATILITY,intraday,engine_a_9e0e9b16e0,1,1,0,1.0,0.04,,,0.04,,,True,0.003,unspecified,unspecified,9,1.5,True,276,218,58,score_gte_candidate_threshold,"{""adx_hard_fail"": 12.0, ""adx_trend_min"": 22.0, ""directional_ramp_full"": 0.45, ""directional_ramp_min"": 0.25, ""score_group_threshold_default"": 1.5, ""volatility_scaler_high"": 0.025, ""volatility_scaler_low"": 0.005}"
ENGINE_A,,,TRX/USDT,TRENDING,intraday,engine_a_9e0e9b16e0,6,4,2,0.666667,0.006667,,,0.006667,,,True,0.003,unspecified,unspecified,9,1.5,True,276,218,58,score_gte_candidate_threshold,"{""adx_hard_fail"": 12.0, ""adx_trend_min"": 22.0, ""directional_ramp_full"": 0.45, ""directional_ramp_min"": 0.25, ""score_group_threshold_default"": 1.5, ""volatility_scaler_high"": 0.025, ""volatility_scaler_low"": 0.005}"
ENGINE_A,,,AUD/JPY,LOW_VOLATILITY,intraday,engine_a_9e0e9b16e0,1,1,0,1.0,0.04,,,0.04,,,True,0.003,unspecified,unspecified,9,1.5,True,276,218,58,score_gte_candidate_threshold,"{""adx_hard_fail"": 12.0, ""adx_trend_min"": 22.0, ""directional_ramp_full"": 0.45, ""directional_ramp_min"": 0.25, ""score_group_threshold_default"": 1.5, ""volatility_scaler_high"": 0.025, ""volatility_scaler_low"": 0.005}"
ENGINE_A,,,USD/CHF,LOW_VOLATILITY,scalp,engine_a_0786ab053e,2,2,0,1.0,0.02,,,0.02,,,True,0.003,unspecified,unspecified,9,1.5,True,276,218,58,score_gte_candidate_threshold,"{""adx_hard_fail"": 15.0, ""adx_trend_min"": 22.0, ""directional_ramp_full"": 0.45, ""directional_ramp_min"": 0.25, ""score_group_threshold_default"": 1.5, ""volatility_scaler_high"": 0.025, ""volatility_scaler_low"": 0.005}"
ENGINE_A,,,EUR/AUD,RANGING,intraday,engine_a_0786ab053e,3,3,0,1.0,0.013333,,,0.013333,,,True,0.003,unspecified,unspecified,9,1.5,True,276,218,58,score_gte_candidate_threshold,"{""adx_hard_fail"": 15.0, ""adx_trend_min"": 22.0, ""directional_ramp_full"": 0.45, ""directional_ramp_min"": 0.25, ""score_group_threshold_default"": 1.5, ""volatility_scaler_high"": 0.025, ""volatility_scaler_low"": 0.005}"
ENGINE_A,,,ETH/USDT,LOW_VOLATILITY,intraday,engine_a_0786ab053e,1,1,0,1.0,0.04,,,0.04,,,True,0.003,unspecified,unspecified,9,1.5,True,276,218,58,score_gte_candidate_threshold,"{""adx_hard_fail"": 15.0, ""adx_trend_min"": 22.0, ""directional_ramp_full"": 0.45, ""directional_ramp_min"": 0.25, ""score_group_threshold_default"": 1.5, ""volatility_scaler_high"": 0.025, ""volatility_scaler_low"": 0.005}"
ENGINE_A,,,TRX/USDT,TRENDING,intraday,engine_a_0786ab053e,6,4,2,0.666667,0.006667,,,0.006667,,,True,0.003,unspecified,unspecified,9,1.5,True,276,218,58,score_gte_candidate_threshold,"{""adx_hard_fail"": 15.0, ""adx_trend_min"": 22.0, ""directional_ramp_full"": 0.45, ""directional_ramp_min"": 0.25, ""score_group_threshold_default"": 1.5, ""volatility_scaler_high"": 0.025, ""volatility_scaler_low"": 0.005}"
ENGINE_A,,,AUD/JPY,LOW_VOLATILITY,intraday,engine_a_0786ab053e,1,1,0,1.0,0.04,,,0.04,,,True,0.003,unspecified,unspecified,9,1.5,True,276,218,58,score_gte_candidate_threshold,"{""adx_hard_fail"": 15.0, ""adx_trend_min"": 22.0, ""directional_ramp_full"": 0.45, ""directional_ramp_min"": 0.25, ""score_group_threshold_default"": 1.5, ""volatility_scaler_high"": 0.025, ""volatility_scaler_low"": 0.005}"
ENGINE_A,,,USD/CHF,LOW_VOLATILITY,scalp,engine_a_47614b9290,2,2,0,1.0,0.02,,,0.02,,,True,0.003,unspecified,unspecified,9,1.5,True,276,218,58,score_gte_candidate_threshold,"{""adx_hard_fail"": 18.0, ""adx_trend_min"": 22.0, ""directional_ramp_full"": 0.45, ""directional_ramp_min"": 0.25, ""score_group_threshold_default"": 1.5, ""volatility_scaler_high"": 0.025, ""volatility_scaler_low"": 0.005}"
ENGINE_A,,,EUR/AUD,RANGING,intraday,engine_a_47614b9290,3,3,0,1.0,0.013333,,,0.013333,,,True,0.003,unspecified,unspecified,9,1.5,True,276,218,58,score_gte_candidate_threshold,"{""adx_hard_fail"": 18.0, ""adx_trend_min"": 22.0, ""directional_ramp_full"": 0.45, ""directional_ramp_min"": 0.25, ""score_group_threshold_default"": 1.5, ""volatility_scaler_high"": 0.025, ""volatility_scaler_low"": 0.005}"
ENGINE_A,,,ETH/USDT,LOW_VOLATILITY,intraday,engine_a_47614b9290,1,1,0,1.0,0.04,,,0.04,,,True,0.003,unspecified,unspecified,9,1.5,True,276,218,58,score_gte_candidate_threshold,"{""adx_hard_fail"": 18.0, ""adx_trend_min"": 22.0, ""directional_ramp_full"": 0.45, ""directional_ramp_min"": 0.25, ""score_group_threshold_default"": 1.5, ""volatility_scaler_high"": 0.025, ""volatility_scaler_low"": 0.005}"
ENGINE_A,,,TRX/USDT,TRENDING,intraday,engine_a_47614b9290,6,4,2,0.666667,0.006667,,,0.006667,,,True,0.003,unspecified,unspecified,9,1.5,True,276,218,58,score_gte_candidate_threshold,"{""adx_hard_fail"": 18.0, ""adx_trend_min"": 22.0, ""directional_ramp_full"": 0.45, ""directional_ramp_min"": 0.25, ""score_group_threshold_default"": 1.5, ""volatility_scaler_high"": 0.025, ""volatility_scaler_low"": 0.005}"
ENGINE_A,,,AUD/JPY,LOW_VOLATILITY,intraday,engine_a_47614b9290,1,1,0,1.0,0.04,,,0.04,,,True,0.003,unspecified,unspecified,9,1.5,True,276,218,58,score_gte_candidate_threshold,"{""adx_hard_fail"": 18.0, ""adx_trend_min"": 22.0, ""directional_ramp_full"": 0.45, ""directional_ramp_min"": 0.25, ""score_group_threshold_default"": 1.5, ""volatility_scaler_high"": 0.025, ""volatility_scaler_low"": 0.005}"
ENGINE_A,,,USD/CHF,LOW_VOLATILITY,scalp,engine_a_45943c6160,2,2,0,1.0,0.02,,,0.02,,,True,0.003,unspecified,unspecified,9,1.5,True,276,218,58,score_gte_candidate_threshold,"{""adx_hard_fail"": 12.0, ""adx_trend_min"": 25.0, ""directional_ramp_full"": 0.45, ""directional_ramp_min"": 0.25, ""score_group_threshold_default"": 1.5, ""volatility_scaler_high"": 0.025, ""volatility_scaler_low"": 0.005}"
ENGINE_A,,,EUR/AUD,RANGING,intraday,engine_a_45943c6160,3,3,0,1.0,0.013333,,,0.013333,,,True,0.003,unspecified,unspecified,9,1.5,True,276,218,58,score_gte_candidate_threshold,"{""adx_hard_fail"": 12.0, ""adx_trend_min"": 25.0, ""directional_ramp_full"": 0.45, ""directional_ramp_min"": 0.25, ""score_group_threshold_default"": 1.5, ""volatility_scaler_high"": 0.025, ""volatility_scaler_low"": 0.005}"
ENGINE_A,,,ETH/USDT,LOW_VOLATILITY,intraday,engine_a_45943c6160,1,1,0,1.0,0.04,,,0.04,,,True,0.003,unspecified,unspecified,9,1.5,True,276,218,58,score_gte_candidate_threshold,"{""adx_hard_fail"": 12.0, ""adx_trend_min"": 25.0, ""directional_ramp_full"": 0.45, ""directional_ramp_min"": 0.25, ""score_group_threshold_default"": 1.5, ""volatility_scaler_high"": 0.025, ""volatility_scaler_low"": 0.005}"
ENGINE_A,,,TRX/USDT,TRENDING,intraday,engine_a_45943c6160,6,4,2,0.666667,0.006667,,,0.006667,,,True,0.003,unspecified,unspecified,9,1.5,True,276,218,58,score_gte_candidate_threshold,"{""adx_hard_fail"": 12.0, ""adx_trend_min"": 25.0, ""directional_ramp_full"": 0.45, ""directional_ramp_min"": 0.25, ""score_group_threshold_default"": 1.5, ""volatility_scaler_high"": 0.025, ""volatility_scaler_low"": 0.005}"
ENGINE_A,,,AUD/JPY,LOW_VOLATILITY,intraday,engine_a_45943c6160,1,1,0,1.0,0.04,,,0.04,,,True,0.003,unspecified,unspecified,9,1.5,True,276,218,58,score_gte_candidate_threshold,"{""adx_hard_fail"": 12.0, ""adx_trend_min"": 25.0, ""directional_ramp_full"": 0.45, ""directional_ramp_min"": 0.25, ""score_group_threshold_default"": 1.5, ""volatility_scaler_high"": 0.025, ""volatility_scaler_low"": 0.005}"
ENGINE_A,,,USD/CHF,LOW_VOLATILITY,scalp,engine_a_43d6f1c8a4,2,2,0,1.0,0.02,,,0.02,,,True,0.003,unspecified,unspecified,9,1.5,True,276,218,58,score_gte_candidate_threshold,"{""adx_hard_fail"": 15.0, ""adx_trend_min"": 25.0, ""directional_ramp_full"": 0.45, ""directional_ramp_min"": 0.25, ""score_group_threshold_default"": 1.5, ""volatility_scaler_high"": 0.025, ""volatility_scaler_low"": 0.005}"
ENGINE_A,,,EUR/AUD,RANGING,intraday,engine_a_43d6f1c8a4,3,3,0,1.0,0.013333,,,0.013333,,,True,0.003,unspecified,unspecified,9,1.5,True,276,218,58,score_gte_candidate_threshold,"{""adx_hard_fail"": 15.0, ""adx_trend_min"": 25.0, ""directional_ramp_full"": 0.45, ""directional_ramp_min"": 0.25, ""score_group_threshold_default"": 1.5, ""volatility_scaler_high"": 0.025, ""volatility_scaler_low"": 0.005}"
ENGINE_A,,,ETH/USDT,LOW_VOLATILITY,intraday,engine_a_43d6f1c8a4,1,1,0,1.0,0.04,,,0.04,,,True,0.003,unspecified,unspecified,9,1.5,True,276,218,58,score_gte_candidate_threshold,"{""adx_hard_fail"": 15.0, ""adx_trend_min"": 25.0, ""directional_ramp_full"": 0.45, ""directional_ramp_min"": 0.25, ""score_group_threshold_default"": 1.5, ""volatility_scaler_high"": 0.025, ""volatility_scaler_low"": 0.005}"
ENGINE_A,,,TRX/USDT,TRENDING,intraday,engine_a_43d6f1c8a4,6,4,2,0.666667,0.006667,,,0.006667,,,True,0.003,unspecified,unspecified,9,1.5,True,276,218,58,score_gte_candidate_threshold,"{""adx_hard_fail"": 15.0, ""adx_trend_min"": 25.0, ""directional_ramp_full"": 0.45, ""directional_ramp_min"": 0.25, ""score_group_threshold_default"": 1.5, ""volatility_scaler_high"": 0.025, ""volatility_scaler_low"": 0.005}"
ENGINE_A,,,AUD/JPY,LOW_VOLATILITY,intraday,engine_a_43d6f1c8a4,1,1,0,1.0,0.04,,,0.04,,,True,0.003,unspecified,unspecified,9,1.5,True,276,218,58,score_gte_candidate_threshold,"{""adx_hard_fail"": 15.0, ""adx_trend_min"": 25.0, ""directional_ramp_full"": 0.45, ""directional_ramp_min"": 0.25, ""score_group_threshold_default"": 1.5, ""volatility_scaler_high"": 0.025, ""volatility_scaler_low"": 0.005}"
ENGINE_A,,,USD/CHF,LOW_VOLATILITY,scalp,engine_a_c38fbf3d85,2,2,0,1.0,0.02,,,0.02,,,True,0.003,unspecified,unspecified,9,1.5,True,276,218,58,score_gte_candidate_threshold,"{""adx_hard_fail"": 18.0, ""adx_trend_min"": 25.0, ""directional_ramp_full"": 0.45, ""directional_ramp_min"": 0.25, ""score_group_threshold_default"": 1.5, ""volatility_scaler_high"": 0.025, ""volatility_scaler_low"": 0.005}"
ENGINE_A,,,EUR/AUD,RANGING,intraday,engine_a_c38fbf3d85,3,3,0,1.0,0.013333,,,0.013333,,,True,0.003,unspecified,unspecified,9,1.5,True,276,218,58,score_gte_candidate_threshold,"{""adx_hard_fail"": 18.0, ""adx_trend_min"": 25.0, ""directional_ramp_full"": 0.45, ""directional_ramp_min"": 0.25, ""score_group_threshold_default"": 1.5, ""volatility_scaler_high"": 0.025, ""volatility_scaler_low"": 0.005}"
ENGINE_A,,,ETH/USDT,LOW_VOLATILITY,intraday,engine_a_c38fbf3d85,1,1,0,1.0,0.04,,,0.04,,,True,0.003,unspecified,unspecified,9,1.5,True,276,218,58,score_gte_candidate_threshold,"{""adx_hard_fail"": 18.0, ""adx_trend_min"": 25.0, ""directional_ramp_full"": 0.45, ""directional_ramp_min"": 0.25, ""score_group_threshold_default"": 1.5, ""volatility_scaler_high"": 0.025, ""volatility_scaler_low"": 0.005}"
ENGINE_A,,,TRX/USDT,TRENDING,intraday,engine_a_c38fbf3d85,6,4,2,0.666667,0.006667,,,0.006667,,,True,0.003,unspecified,unspecified,9,1.5,True,276,218,58,score_gte_candidate_threshold,"{""adx_hard_fail"": 18.0, ""adx_trend_min"": 25.0, ""directional_ramp_full"": 0.45, ""directional_ramp_min"": 0.25, ""score_group_threshold_default"": 1.5, ""volatility_scaler_high"": 0.025, ""volatility_scaler_low"": 0.005}"
ENGINE_A,,,AUD/JPY,LOW_VOLATILITY,intraday,engine_a_c38fbf3d85,1,1,0,1.0,0.04,,,0.04,,,True,0.003,unspecified,unspecified,9,1.5,True,276,218,58,score_gte_candidate_threshold,"{""adx_hard_fail"": 18.0, ""adx_trend_min"": 25.0, ""directional_ramp_full"": 0.45, ""directional_ramp_min"": 0.25, ""score_group_threshold_default"": 1.5, ""volatility_scaler_high"": 0.025, ""volatility_scaler_low"": 0.005}"
ENGINE_A,,,USD/CHF,LOW_VOLATILITY,scalp,engine_a_f182b0faa6,2,2,0,1.0,0.02,,,0.02,,,True,0.003,unspecified,unspecified,9,1.5,True,276,218,58,score_gte_candidate_threshold,"{""adx_hard_fail"": 12.0, ""adx_trend_min"": 28.0, ""directional_ramp_full"": 0.45, ""directional_ramp_min"": 0.25, ""score_group_threshold_default"": 1.5, ""volatility_scaler_high"": 0.025, ""volatility_scaler_low"": 0.005}"
ENGINE_A,,,EUR/AUD,RANGING,intraday,engine_a_f182b0faa6,3,3,0,1.0,0.013333,,,0.013333,,,True,0.003,unspecified,unspecified,9,1.5,True,276,218,58,score_gte_candidate_threshold,"{""adx_hard_fail"": 12.0, ""adx_trend_min"": 28.0, ""directional_ramp_full"": 0.45, ""directional_ramp_min"": 0.25, ""score_group_threshold_default"": 1.5, ""volatility_scaler_high"": 0.025, ""volatility_scaler_low"": 0.005}"
ENGINE_A,,,ETH/USDT,LOW_VOLATILITY,intraday,engine_a_f182b0faa6,1,1,0,1.0,0.04,,,0.04,,,True,0.003,unspecified,unspecified,9,1.5,True,276,218,58,score_gte_candidate_threshold,"{""adx_hard_fail"": 12.0, ""adx_trend_min"": 28.0, ""directional_ramp_full"": 0.45, ""directional_ramp_min"": 0.25, ""score_group_threshold_default"": 1.5, ""volatility_scaler_high"": 0.025, ""volatility_scaler_low"": 0.005}"
ENGINE_A,,,TRX/USDT,TRENDING,intraday,engine_a_f182b0faa6,6,4,2,0.666667,0.006667,,,0.006667,,,True,0.003,unspecified,unspecified,9,1.5,True,276,218,58,score_gte_candidate_threshold,"{""adx_hard_fail"": 12.0, ""adx_trend_min"": 28.0, ""directional_ramp_full"": 0.45, ""directional_ramp_min"": 0.25, ""score_group_threshold_default"": 1.5, ""volatility_scaler_high"": 0.025, ""volatility_scaler_low"": 0.005}"
ENGINE_A,,,AUD/JPY,LOW_VOLATILITY,intraday,engine_a_f182b0faa6,1,1,0,1.0,0.04,,,0.04,,,True,0.003,unspecified,unspecified,9,1.5,True,276,218,58,score_gte_candidate_threshold,"{""adx_hard_fail"": 12.0, ""adx_trend_min"": 28.0, ""directional_ramp_full"": 0.45, ""directional_ramp_min"": 0.25, ""score_group_threshold_default"": 1.5, ""volatility_scaler_high"": 0.025, ""volatility_scaler_low"": 0.005}"
ENGINE_A,,,USD/CHF,LOW_VOLATILITY,scalp,engine_a_b817f3206d,2,2,0,1.0,0.02,,,0.02,,,True,0.003,unspecified,unspecified,9,1.5,True,276,218,58,score_gte_candidate_threshold,"{""adx_hard_fail"": 15.0, ""adx_trend_min"": 28.0, ""directional_ramp_full"": 0.45, ""directional_ramp_min"": 0.25, ""score_group_threshold_default"": 1.5, ""volatility_scaler_high"": 0.025, ""volatility_scaler_low"": 0.005}"
ENGINE_A,,,EUR/AUD,RANGING,intraday,engine_a_b817f3206d,3,3,0,1.0,0.013333,,,0.013333,,,True,0.003,unspecified,unspecified,9,1.5,True,276,218,58,score_gte_candidate_threshold,"{""adx_hard_fail"": 15.0, ""adx_trend_min"": 28.0, ""directional_ramp_full"": 0.45, ""directional_ramp_min"": 0.25, ""score_group_threshold_default"": 1.5, ""volatility_scaler_high"": 0.025, ""volatility_scaler_low"": 0.005}"
ENGINE_A,,,ETH/USDT,LOW_VOLATILITY,intraday,engine_a_b817f3206d,1,1,0,1.0,0.04,,,0.04,,,True,0.003,unspecified,unspecified,9,1.5,True,276,218,58,score_gte_candidate_threshold,"{""adx_hard_fail"": 15.0, ""adx_trend_min"": 28.0, ""directional_ramp_full"": 0.45, ""directional_ramp_min"": 0.25, ""score_group_threshold_default"": 1.5, ""volatility_scaler_high"": 0.025, ""volatility_scaler_low"": 0.005}"
ENGINE_A,,,TRX/USDT,TRENDING,intraday,engine_a_b817f3206d,6,4,2,0.666667,0.006667,,,0.006667,,,True,0.003,unspecified,unspecified,9,1.5,True,276,218,58,score_gte_candidate_threshold,"{""adx_hard_fail"": 15.0, ""adx_trend_min"": 28.0, ""directional_ramp_full"": 0.45, ""directional_ramp_min"": 0.25, ""score_group_threshold_default"": 1.5, ""volatility_scaler_high"": 0.025, ""volatility_scaler_low"": 0.005}"
ENGINE_A,,,AUD/JPY,LOW_VOLATILITY,intraday,engine_a_b817f3206d,1,1,0,1.0,0.04,,,0.04,,,True,0.003,unspecified,unspecified,9,1.5,True,276,218,58,score_gte_candidate_threshold,"{""adx_hard_fail"": 15.0, ""adx_trend_min"": 28.0, ""directional_ramp_full"": 0.45, ""directional_ramp_min"": 0.25, ""score_group_threshold_default"": 1.5, ""volatility_scaler_high"": 0.025, ""volatility_scaler_low"": 0.005}"
ENGINE_A,,,USD/CHF,LOW_VOLATILITY,scalp,engine_a_bf31182245,2,2,0,1.0,0.02,,,0.02,,,True,0.003,unspecified,unspecified,9,1.5,True,276,218,58,score_gte_candidate_threshold,"{""adx_hard_fail"": 18.0, ""adx_trend_min"": 28.0, ""directional_ramp_full"": 0.45, ""directional_ramp_min"": 0.25, ""score_group_threshold_default"": 1.5, ""volatility_scaler_high"": 0.025, ""volatility_scaler_low"": 0.005}"
ENGINE_A,,,EUR/AUD,RANGING,intraday,engine_a_bf31182245,3,3,0,1.0,0.013333,,,0.013333,,,True,0.003,unspecified,unspecified,9,1.5,True,276,218,58,score_gte_candidate_threshold,"{""adx_hard_fail"": 18.0, ""adx_trend_min"": 28.0, ""directional_ramp_full"": 0.45, ""directional_ramp_min"": 0.25, ""score_group_threshold_default"": 1.5, ""volatility_scaler_high"": 0.025, ""volatility_scaler_low"": 0.005}"
ENGINE_A,,,ETH/USDT,LOW_VOLATILITY,intraday,engine_a_bf31182245,1,1,0,1.0,0.04,,,0.04,,,True,0.003,unspecified,unspecified,9,1.5,True,276,218,58,score_gte_candidate_threshold,"{""adx_hard_fail"": 18.0, ""adx_trend_min"": 28.0, ""directional_ramp_full"": 0.45, ""directional_ramp_min"": 0.25, ""score_group_threshold_default"": 1.5, ""volatility_scaler_high"": 0.025, ""volatility_scaler_low"": 0.005}"
ENGINE_A,,,TRX/USDT,TRENDING,intraday,engine_a_bf31182245,6,4,2,0.666667,0.006667,,,0.006667,,,True,0.003,unspecified,unspecified,9,1.5,True,276,218,58,score_gte_candidate_threshold,"{""adx_hard_fail"": 18.0, ""adx_trend_min"": 28.0, ""directional_ramp_full"": 0.45, ""directional_ramp_min"": 0.25, ""score_group_threshold_default"": 1.5, ""volatility_scaler_high"": 0.025, ""volatility_scaler_low"": 0.005}"
ENGINE_A,,,AUD/JPY,LOW_VOLATILITY,intraday,engine_a_bf31182245,1,1,0,1.0,0.04,,,0.04,,,True,0.003,unspecified,unspecified,9,1.5,True,276,218,58,score_gte_candidate_threshold,"{""adx_hard_fail"": 18.0, ""adx_trend_min"": 28.0, ""directional_ramp_full"": 0.45, ""directional_ramp_min"": 0.25, ""score_group_threshold_default"": 1.5, ""volatility_scaler_high"": 0.025, ""volatility_scaler_low"": 0.005}"
ENGINE_A,,,HBAR/USDT,LOW_VOLATILITY,swing,engine_a_9e0e9b16e0,1,1,0,1.0,0.03,,,0.03,,,True,0.00225,unspecified,unspecified,9,1.5,True,276,218,58,score_gte_candidate_threshold,"{""adx_hard_fail"": 12.0, ""adx_trend_min"": 22.0, ""directional_ramp_full"": 0.45, ""directional_ramp_min"": 0.25, ""score_group_threshold_default"": 1.5, ""volatility_scaler_high"": 0.025, ""volatility_scaler_low"": 0.005}"
ENGINE_A,,,NEAR/USDT,TRENDING,swing,engine_a_9e0e9b16e0,1,1,0,1.0,0.03,,,0.03,,,True,0.00225,unspecified,unspecified,9,1.5,True,276,218,58,score_gte_candidate_threshold,"{""adx_hard_fail"": 12.0, ""adx_trend_min"": 22.0, ""directional_ramp_full"": 0.45, ""directional_ramp_min"": 0.25, ""score_group_threshold_default"": 1.5, ""volatility_scaler_high"": 0.025, ""volatility_scaler_low"": 0.005}"
ENGINE_A,,,HBAR/USDT,LOW_VOLATILITY,swing,engine_a_0786ab053e,1,1,0,1.0,0.03,,,0.03,,,True,0.00225,unspecified,unspecified,9,1.5,True,276,218,58,score_gte_candidate_threshold,"{""adx_hard_fail"": 15.0, ""adx_trend_min"": 22.0, ""directional_ramp_full"": 0.45, ""directional_ramp_min"": 0.25, ""score_group_threshold_default"": 1.5, ""volatility_scaler_high"": 0.025, ""volatility_scaler_low"": 0.005}"
ENGINE_A,,,NEAR/USDT,TRENDING,swing,engine_a_0786ab053e,1,1,0,1.0,0.03,,,0.03,,,True,0.00225,unspecified,unspecified,9,1.5,True,276,218,58,score_gte_candidate_threshold,"{""adx_hard_fail"": 15.0, ""adx_trend_min"": 22.0, ""directional_ramp_full"": 0.45, ""directional_ramp_min"": 0.25, ""score_group_threshold_default"": 1.5, ""volatility_scaler_high"": 0.025, ""volatility_scaler_low"": 0.005}"
ENGINE_A,,,HBAR/USDT,LOW_VOLATILITY,swing,engine_a_47614b9290,1,1,0,1.0,0.03,,,0.03,,,True,0.00225,unspecified,unspecified,9,1.5,True,276,218,58,score_gte_candidate_threshold,"{""adx_hard_fail"": 18.0, ""adx_trend_min"": 22.0, ""directional_ramp_full"": 0.45, ""directional_ramp_min"": 0.25, ""score_group_threshold_default"": 1.5, ""volatility_scaler_high"": 0.025, ""volatility_scaler_low"": 0.005}"
ENGINE_A,,,NEAR/USDT,TRENDING,swing,engine_a_47614b9290,1,1,0,1.0,0.03,,,0.03,,,True,0.00225,unspecified,unspecified,9,1.5,True,276,218,58,score_gte_candidate_threshold,"{""adx_hard_fail"": 18.0, ""adx_trend_min"": 22.0, ""directional_ramp_full"": 0.45, ""directional_ramp_min"": 0.25, ""score_group_threshold_default"": 1.5, ""volatility_scaler_high"": 0.025, ""volatility_scaler_low"": 0.005}"
ENGINE_A,,,HBAR/USDT,LOW_VOLATILITY,swing,engine_a_45943c6160,1,1,0,1.0,0.03,,,0.03,,,True,0.00225,unspecified,unspecified,9,1.5,True,276,218,58,score_gte_candidate_threshold,"{""adx_hard_fail"": 12.0, ""adx_trend_min"": 25.0, ""directional_ramp_full"": 0.45, ""directional_ramp_min"": 0.25, ""score_group_threshold_default"": 1.5, ""volatility_scaler_high"": 0.025, ""volatility_scaler_low"": 0.005}"
ENGINE_A,,,NEAR/USDT,TRENDING,swing,engine_a_45943c6160,1,1,0,1.0,0.03,,,0.03,,,True,0.00225,unspecified,unspecified,9,1.5,True,276,218,58,score_gte_candidate_threshold,"{""adx_hard_fail"": 12.0, ""adx_trend_min"": 25.0, ""directional_ramp_full"": 0.45, ""directional_ramp_min"": 0.25, ""score_group_threshold_default"": 1.5, ""volatility_scaler_high"": 0.025, ""volatility_scaler_low"": 0.005}"
ENGINE_A,,,HBAR/USDT,LOW_VOLATILITY,swing,engine_a_43d6f1c8a4,1,1,0,1.0,0.03,,,0.03,,,True,0.00225,unspecified,unspecified,9,1.5,True,276,218,58,score_gte_candidate_threshold,"{""adx_hard_fail"": 15.0, ""adx_trend_min"": 25.0, ""directional_ramp_full"": 0.45, ""directional_ramp_min"": 0.25, ""score_group_threshold_default"": 1.5, ""volatility_scaler_high"": 0.025, ""volatility_scaler_low"": 0.005}"
ENGINE_A,,,NEAR/USDT,TRENDING,swing,engine_a_43d6f1c8a4,1,1,0,1.0,0.03,,,0.03,,,True,0.00225,unspecified,unspecified,9,1.5,True,276,218,58,score_gte_candidate_threshold,"{""adx_hard_fail"": 15.0, ""adx_trend_min"": 25.0, ""directional_ramp_full"": 0.45, ""directional_ramp_min"": 0.25, ""score_group_threshold_default"": 1.5, ""volatility_scaler_high"": 0.025, ""volatility_scaler_low"": 0.005}"
ENGINE_A,,,HBAR/USDT,LOW_VOLATILITY,swing,engine_a_c38fbf3d85,1,1,0,1.0,0.03,,,0.03,,,True,0.00225,unspecified,unspecified,9,1.5,True,276,218,58,score_gte_candidate_threshold,"{""adx_hard_fail"": 18.0, ""adx_trend_min"": 25.0, ""directional_ramp_full"": 0.45, ""directional_ramp_min"": 0.25, ""score_group_threshold_default"": 1.5, ""volatility_scaler_high"": 0.025, ""volatility_scaler_low"": 0.005}"
ENGINE_A,,,NEAR/USDT,TRENDING,swing,engine_a_c38fbf3d85,1,1,0,1.0,0.03,,,0.03,,,True,0.00225,unspecified,unspecified,9,1.5,True,276,218,58,score_gte_candidate_threshold,"{""adx_hard_fail"": 18.0, ""adx_trend_min"": 25.0, ""directional_ramp_full"": 0.45, ""directional_ramp_min"": 0.25, ""score_group_threshold_default"": 1.5, ""volatility_scaler_high"": 0.025, ""volatility_scaler_low"": 0.005}"
ENGINE_A,,,HBAR/USDT,LOW_VOLATILITY,swing,engine_a_f182b0faa6,1,1,0,1.0,0.03,,,0.03,,,True,0.00225,unspecified,unspecified,9,1.5,True,276,218,58,score_gte_candidate_threshold,"{""adx_hard_fail"": 12.0, ""adx_trend_min"": 28.0, ""directional_ramp_full"": 0.45, ""directional_ramp_min"": 0.25, ""score_group_threshold_default"": 1.5, ""volatility_scaler_high"": 0.025, ""volatility_scaler_low"": 0.005}"
ENGINE_A,,,NEAR/USDT,TRENDING,swing,engine_a_f182b0faa6,1,1,0,1.0,0.03,,,0.03,,,True,0.00225,unspecified,unspecified,9,1.5,True,276,218,58,score_gte_candidate_threshold,"{""adx_hard_fail"": 12.0, ""adx_trend_min"": 28.0, ""directional_ramp_full"": 0.45, ""directional_ramp_min"": 0.25, ""score_group_threshold_default"": 1.5, ""volatility_scaler_high"": 0.025, ""volatility_scaler_low"": 0.005}"
ENGINE_A,,,HBAR/USDT,LOW_VOLATILITY,swing,engine_a_b817f3206d,1,1,0,1.0,0.03,,,0.03,,,True,0.00225,unspecified,unspecified,9,1.5,True,276,218,58,score_gte_candidate_threshold,"{""adx_hard_fail"": 15.0, ""adx_trend_min"": 28.0, ""directional_ramp_full"": 0.45, ""directional_ramp_min"": 0.25, ""score_group_threshold_default"": 1.5, ""volatility_scaler_high"": 0.025, ""volatility_scaler_low"": 0.005}"
ENGINE_A,,,NEAR/USDT,TRENDING,swing,engine_a_b817f3206d,1,1,0,1.0,0.03,,,0.03,,,True,0.00225,unspecified,unspecified,9,1.5,True,276,218,58,score_gte_candidate_threshold,"{""adx_hard_fail"": 15.0, ""adx_trend_min"": 28.0, ""directional_ramp_full"": 0.45, ""directional_ramp_min"": 0.25, ""score_group_threshold_default"": 1.5, ""volatility_scaler_high"": 0.025, ""volatility_scaler_low"": 0.005}"
ENGINE_A,,,HBAR/USDT,LOW_VOLATILITY,swing,engine_a_bf31182245,1,1,0,1.0,0.03,,,0.03,,,True,0.00225,unspecified,unspecified,9,1.5,True,276,218,58,score_gte_candidate_threshold,"{""adx_hard_fail"": 18.0, ""adx_trend_min"": 28.0, ""directional_ramp_full"": 0.45, ""directional_ramp_min"": 0.25, ""score_group_threshold_default"": 1.5, ""volatility_scaler_high"": 0.025, ""volatility_scaler_low"": 0.005}"
ENGINE_A,,,NEAR/USDT,TRENDING,swing,engine_a_bf31182245,1,1,0,1.0,0.03,,,0.03,,,True,0.00225,unspecified,unspecified,9,1.5,True,276,218,58,score_gte_candidate_threshold,"{""adx_hard_fail"": 18.0, ""adx_trend_min"": 28.0, ""directional_ramp_full"": 0.45, ""directional_ramp_min"": 0.25, ""score_group_threshold_default"": 1.5, ""volatility_scaler_high"": 0.025, ""volatility_scaler_low"": 0.005}"
ENGINE_A,,,Gasoline,TRENDING,intraday,engine_a_9e0e9b16e0,2,2,0,1.0,0.01,,,0.01,,,True,0.0015,unspecified,unspecified,9,1.5,True,276,218,58,score_gte_candidate_threshold,"{""adx_hard_fail"": 12.0, ""adx_trend_min"": 22.0, ""directional_ramp_full"": 0.45, ""directional_ramp_min"": 0.25, ""score_group_threshold_default"": 1.5, ""volatility_scaler_high"": 0.025, ""volatility_scaler_low"": 0.005}"
ENGINE_A,,,XAG/USD,LOW_VOLATILITY,intraday,engine_a_9e0e9b16e0,2,2,0,1.0,0.01,,,0.01,,,True,0.0015,unspecified,unspecified,9,1.5,True,276,218,58,score_gte_candidate_threshold,"{""adx_hard_fail"": 12.0, ""adx_trend_min"": 22.0, ""directional_ramp_full"": 0.45, ""directional_ramp_min"": 0.25, ""score_group_threshold_default"": 1.5, ""volatility_scaler_high"": 0.025, ""volatility_scaler_low"": 0.005}"
ENGINE_A,,,USD/ZAR,LOW_VOLATILITY,intraday,engine_a_9e0e9b16e0,2,2,0,1.0,0.01,,,0.01,,,True,0.0015,unspecified,unspecified,9,1.5,True,276,218,58,score_gte_candidate_threshold,"{""adx_hard_fail"": 12.0, ""adx_trend_min"": 22.0, ""directional_ramp_full"": 0.45, ""directional_ramp_min"": 0.25, ""score_group_threshold_default"": 1.5, ""volatility_scaler_high"": 0.025, ""volatility_scaler_low"": 0.005}"
ENGINE_A,,,Gasoline,TRENDING,intraday,engine_a_0786ab053e,2,2,0,1.0,0.01,,,0.01,,,True,0.0015,unspecified,unspecified,9,1.5,True,276,218,58,score_gte_candidate_threshold,"{""adx_hard_fail"": 15.0, ""adx_trend_min"": 22.0, ""directional_ramp_full"": 0.45, ""directional_ramp_min"": 0.25, ""score_group_threshold_default"": 1.5, ""volatility_scaler_high"": 0.025, ""volatility_scaler_low"": 0.005}"
ENGINE_A,,,XAG/USD,LOW_VOLATILITY,intraday,engine_a_0786ab053e,2,2,0,1.0,0.01,,,0.01,,,True,0.0015,unspecified,unspecified,9,1.5,True,276,218,58,score_gte_candidate_threshold,"{""adx_hard_fail"": 15.0, ""adx_trend_min"": 22.0, ""directional_ramp_full"": 0.45, ""directional_ramp_min"": 0.25, ""score_group_threshold_default"": 1.5, ""volatility_scaler_high"": 0.025, ""volatility_scaler_low"": 0.005}"
ENGINE_A,,,USD/ZAR,LOW_VOLATILITY,intraday,engine_a_0786ab053e,2,2,0,1.0,0.01,,,0.01,,,True,0.0015,unspecified,unspecified,9,1.5,True,276,218,58,score_gte_candidate_threshold,"{""adx_hard_fail"": 15.0, ""adx_trend_min"": 22.0, ""directional_ramp_full"": 0.45, ""directional_ramp_min"": 0.25, ""score_group_threshold_default"": 1.5, ""volatility_scaler_high"": 0.025, ""volatility_scaler_low"": 0.005}"
ENGINE_A,,,Gasoline,TRENDING,intraday,engine_a_47614b9290,2,2,0,1.0,0.01,,,0.01,,,True,0.0015,unspecified,unspecified,9,1.5,True,276,218,58,score_gte_candidate_threshold,"{""adx_hard_fail"": 18.0, ""adx_trend_min"": 22.0, ""directional_ramp_full"": 0.45, ""directional_ramp_min"": 0.25, ""score_group_threshold_default"": 1.5, ""volatility_scaler_high"": 0.025, ""volatility_scaler_low"": 0.005}"
ENGINE_A,,,XAG/USD,LOW_VOLATILITY,intraday,engine_a_47614b9290,2,2,0,1.0,0.01,,,0.01,,,True,0.0015,unspecified,unspecified,9,1.5,True,276,218,58,score_gte_candidate_threshold,"{""adx_hard_fail"": 18.0, ""adx_trend_min"": 22.0, ""directional_ramp_full"": 0.45, ""directional_ramp_min"": 0.25, ""score_group_threshold_default"": 1.5, ""volatility_scaler_high"": 0.025, ""volatility_scaler_low"": 0.005}"
ENGINE_A,,,USD/ZAR,LOW_VOLATILITY,intraday,engine_a_47614b9290,2,2,0,1.0,0.01,,,0.01,,,True,0.0015,unspecified,unspecified,9,1.5,True,276,218,58,score_gte_candidate_threshold,"{""adx_hard_fail"": 18.0, ""adx_trend_min"": 22.0, ""directional_ramp_full"": 0.45, ""directional_ramp_min"": 0.25, ""score_group_threshold_default"": 1.5, ""volatility_scaler_high"": 0.025, ""volatility_scaler_low"": 0.005}"
ENGINE_A,,,Gasoline,TRENDING,intraday,engine_a_45943c6160,2,2,0,1.0,0.01,,,0.01,,,True,0.0015,unspecified,unspecified,9,1.5,True,276,218,58,score_gte_candidate_threshold,"{""adx_hard_fail"": 12.0, ""adx_trend_min"": 25.0, ""directional_ramp_full"": 0.45, ""directional_ramp_min"": 0.25, ""score_group_threshold_default"": 1.5, ""volatility_scaler_high"": 0.025, ""volatility_scaler_low"": 0.005}"
ENGINE_A,,,XAG/USD,LOW_VOLATILITY,intraday,engine_a_45943c6160,2,2,0,1.0,0.01,,,0.01,,,True,0.0015,unspecified,unspecified,9,1.5,True,276,218,58,score_gte_candidate_threshold,"{""adx_hard_fail"": 12.0, ""adx_trend_min"": 25.0, ""directional_ramp_full"": 0.45, ""directional_ramp_min"": 0.25, ""score_group_threshold_default"": 1.5, ""volatility_scaler_high"": 0.025, ""volatility_scaler_low"": 0.005}"
ENGINE_A,,,USD/ZAR,LOW_VOLATILITY,intraday,engine_a_45943c6160,2,2,0,1.0,0.01,,,0.01,,,True,0.0015,unspecified,unspecified,9,1.5,True,276,218,58,score_gte_candidate_threshold,"{""adx_hard_fail"": 12.0, ""adx_trend_min"": 25.0, ""directional_ramp_full"": 0.45, ""directional_ramp_min"": 0.25, ""score_group_threshold_default"": 1.5, ""volatility_scaler_high"": 0.025, ""volatility_scaler_low"": 0.005}"
ENGINE_A,,,Gasoline,TRENDING,intraday,engine_a_43d6f1c8a4,2,2,0,1.0,0.01,,,0.01,,,True,0.0015,unspecified,unspecified,9,1.5,True,276,218,58,score_gte_candidate_threshold,"{""adx_hard_fail"": 15.0, ""adx_trend_min"": 25.0, ""directional_ramp_full"": 0.45, ""directional_ramp_min"": 0.25, ""score_group_threshold_default"": 1.5, ""volatility_scaler_high"": 0.025, ""volatility_scaler_low"": 0.005}"
ENGINE_A,,,XAG/USD,LOW_VOLATILITY,intraday,engine_a_43d6f1c8a4,2,2,0,1.0,0.01,,,0.01,,,True,0.0015,unspecified,unspecified,9,1.5,True,276,218,58,score_gte_candidate_threshold,"{""adx_hard_fail"": 15.0, ""adx_trend_min"": 25.0, ""directional_ramp_full"": 0.45, ""directional_ramp_min"": 0.25, ""score_group_threshold_default"": 1.5, ""volatility_scaler_high"": 0.025, ""volatility_scaler_low"": 0.005}"
ENGINE_A,,,USD/ZAR,LOW_VOLATILITY,intraday,engine_a_43d6f1c8a4,2,2,0,1.0,0.01,,,0.01,,,True,0.0015,unspecified,unspecified,9,1.5,True,276,218,58,score_gte_candidate_threshold,"{""adx_hard_fail"": 15.0, ""adx_trend_min"": 25.0, ""directional_ramp_full"": 0.45, ""directional_ramp_min"": 0.25, ""score_group_threshold_default"": 1.5, ""volatility_scaler_high"": 0.025, ""volatility_scaler_low"": 0.005}"
ENGINE_A,,,Gasoline,TRENDING,intraday,engine_a_c38fbf3d85,2,2,0,1.0,0.01,,,0.01,,,True,0.0015,unspecified,unspecified,9,1.5,True,276,218,58,score_gte_candidate_threshold,"{""adx_hard_fail"": 18.0, ""adx_trend_min"": 25.0, ""directional_ramp_full"": 0.45, ""directional_ramp_min"": 0.25, ""score_group_threshold_default"": 1.5, ""volatility_scaler_high"": 0.025, ""volatility_scaler_low"": 0.005}"
ENGINE_A,,,XAG/USD,LOW_VOLATILITY,intraday,engine_a_c38fbf3d85,2,2,0,1.0,0.01,,,0.01,,,True,0.0015,unspecified,unspecified,9,1.5,True,276,218,58,score_gte_candidate_threshold,"{""adx_hard_fail"": 18.0, ""adx_trend_min"": 25.0, ""directional_ramp_full"": 0.45, ""directional_ramp_min"": 0.25, ""score_group_threshold_default"": 1.5, ""volatility_scaler_high"": 0.025, ""volatility_scaler_low"": 0.005}"
ENGINE_A,,,USD/ZAR,LOW_VOLATILITY,intraday,engine_a_c38fbf3d85,2,2,0,1.0,0.01,,,0.01,,,True,0.0015,unspecified,unspecified,9,1.5,True,276,218,58,score_gte_candidate_threshold,"{""adx_hard_fail"": 18.0, ""adx_trend_min"": 25.0, ""directional_ramp_full"": 0.45, ""directional_ramp_min"": 0.25, ""score_group_threshold_default"": 1.5, ""volatility_scaler_high"": 0.025, ""volatility_scaler_low"": 0.005}"
ENGINE_A,,,Gasoline,TRENDING,intraday,engine_a_f182b0faa6,2,2,0,1.0,0.01,,,0.01,,,True,0.0015,unspecified,unspecified,9,1.5,True,276,218,58,score_gte_candidate_threshold,"{""adx_hard_fail"": 12.0, ""adx_trend_min"": 28.0, ""directional_ramp_full"": 0.45, ""directional_ramp_min"": 0.25, ""score_group_threshold_default"": 1.5, ""volatility_scaler_high"": 0.025, ""volatility_scaler_low"": 0.005}"
ENGINE_A,,,XAG/USD,LOW_VOLATILITY,intraday,engine_a_f182b0faa6,2,2,0,1.0,0.01,,,0.01,,,True,0.0015,unspecified,unspecified,9,1.5,True,276,218,58,score_gte_candidate_threshold,"{""adx_hard_fail"": 12.0, ""adx_trend_min"": 28.0, ""directional_ramp_full"": 0.45, ""directional_ramp_min"": 0.25, ""score_group_threshold_default"": 1.5, ""volatility_scaler_high"": 0.025, ""volatility_scaler_low"": 0.005}"
ENGINE_A,,,USD/ZAR,LOW_VOLATILITY,intraday,engine_a_f182b0faa6,2,2,0,1.0,0.01,,,0.01,,,True,0.0015,unspecified,unspecified,9,1.5,True,276,218,58,score_gte_candidate_threshold,"{""adx_hard_fail"": 12.0, ""adx_trend_min"": 28.0, ""directional_ramp_full"": 0.45, ""directional_ramp_min"": 0.25, ""score_group_threshold_default"": 1.5, ""volatility_scaler_high"": 0.025, ""volatility_scaler_low"": 0.005}"
ENGINE_A,,,Gasoline,TRENDING,intraday,engine_a_b817f3206d,2,2,0,1.0,0.01,,,0.01,,,True,0.0015,unspecified,unspecified,9,1.5,True,276,218,58,score_gte_candidate_threshold,"{""adx_hard_fail"": 15.0, ""adx_trend_min"": 28.0, ""directional_ramp_full"": 0.45, ""directional_ramp_min"": 0.25, ""score_group_threshold_default"": 1.5, ""volatility_scaler_high"": 0.025, ""volatility_scaler_low"": 0.005}"
ENGINE_A,,,XAG/USD,LOW_VOLATILITY,intraday,engine_a_b817f3206d,2,2,0,1.0,0.01,,,0.01,,,True,0.0015,unspecified,unspecified,9,1.5,True,276,218,58,score_gte_candidate_threshold,"{""adx_hard_fail"": 15.0, ""adx_trend_min"": 28.0, ""directional_ramp_full"": 0.45, ""directional_ramp_min"": 0.25, ""score_group_threshold_default"": 1.5, ""volatility_scaler_high"": 0.025, ""volatility_scaler_low"": 0.005}"
ENGINE_A,,,USD/ZAR,LOW_VOLATILITY,intraday,engine_a_b817f3206d,2,2,0,1.0,0.01,,,0.01,,,True,0.0015,unspecified,unspecified,9,1.5,True,276,218,58,score_gte_candidate_threshold,"{""adx_hard_fail"": 15.0, ""adx_trend_min"": 28.0, ""directional_ramp_full"": 0.45, ""directional_ramp_min"": 0.25, ""score_group_threshold_default"": 1.5, ""volatility_scaler_high"": 0.025, ""volatility_scaler_low"": 0.005}"
ENGINE_A,,,Gasoline,TRENDING,intraday,engine_a_bf31182245,2,2,0,1.0,0.01,,,0.01,,,True,0.0015,unspecified,unspecified,9,1.5,True,276,218,58,score_gte_candidate_threshold,"{""adx_hard_fail"": 18.0, ""adx_trend_min"": 28.0, ""directional_ramp_full"": 0.45, ""directional_ramp_min"": 0.25, ""score_group_threshold_default"": 1.5, ""volatility_scaler_high"": 0.025, ""volatility_scaler_low"": 0.005}"
ENGINE_A,,,XAG/USD,LOW_VOLATILITY,intraday,engine_a_bf31182245,2,2,0,1.0,0.01,,,0.01,,,True,0.0015,unspecified,unspecified,9,1.5,True,276,218,58,score_gte_candidate_threshold,"{""adx_hard_fail"": 18.0, ""adx_trend_min"": 28.0, ""directional_ramp_full"": 0.45, ""directional_ramp_min"": 0.25, ""score_group_threshold_default"": 1.5, ""volatility_scaler_high"": 0.025, ""volatility_scaler_low"": 0.005}"
ENGINE_A,,,USD/ZAR,LOW_VOLATILITY,intraday,engine_a_bf31182245,2,2,0,1.0,0.01,,,0.01,,,True,0.0015,unspecified,unspecified,9,1.5,True,276,218,58,score_gte_candidate_threshold,"{""adx_hard_fail"": 18.0, ""adx_trend_min"": 28.0, ""directional_ramp_full"": 0.45, ""directional_ramp_min"": 0.25, ""score_group_threshold_default"": 1.5, ""volatility_scaler_high"": 0.025, ""volatility_scaler_low"": 0.005}"
ENGINE_A,stock,,SPY,TRENDING,auto,engine_a_9e0e9b16e0,1,1,0,1.0,,,,,,,True,0.0,unspecified,unspecified,9,1.5,True,276,218,58,score_gte_candidate_threshold,"{""adx_hard_fail"": 12.0, ""adx_trend_min"": 22.0, ""directional_ramp_full"": 0.45, ""directional_ramp_min"": 0.25, ""score_group_threshold_default"": 1.5, ""volatility_scaler_high"": 0.025, ""volatility_scaler_low"": 0.005}"
ENGINE_A,,,SPY,TRENDING,swing,engine_a_9e0e9b16e0,2,0,2,0.0,0.0,,,0.0,,,True,0.0,unspecified,unspecified,9,1.5,True,276,218,58,score_gte_candidate_threshold,"{""adx_hard_fail"": 12.0, ""adx_trend_min"": 22.0, ""directional_ramp_full"": 0.45, ""directional_ramp_min"": 0.25, ""score_group_threshold_default"": 1.5, ""volatility_scaler_high"": 0.025, ""volatility_scaler_low"": 0.005}"
ENGINE_A,forex,,EUR/JPY,RANGING,auto,engine_a_9e0e9b16e0,1,1,0,1.0,,,,,,,True,0.0,unspecified,unspecified,9,1.5,True,276,218,58,score_gte_candidate_threshold,"{""adx_hard_fail"": 12.0, ""adx_trend_min"": 22.0, ""directional_ramp_full"": 0.45, ""directional_ramp_min"": 0.25, ""score_group_threshold_default"": 1.5, ""volatility_scaler_high"": 0.025, ""volatility_scaler_low"": 0.005}"
ENGINE_A,forex,,EUR/CHF,TRENDING,intraday,engine_a_9e0e9b16e0,1,1,0,1.0,,,,,,,True,0.0,unspecified,unspecified,9,1.5,True,276,218,58,score_gte_candidate_threshold,"{""adx_hard_fail"": 12.0, ""adx_trend_min"": 22.0, ""directional_ramp_full"": 0.45, ""directional_ramp_min"": 0.25, ""score_group_threshold_default"": 1.5, ""volatility_scaler_high"": 0.025, ""volatility_scaler_low"": 0.005}"
ENGINE_A,forex,,EUR/CHF,EXPANSION,intraday,engine_a_9e0e9b16e0,1,1,0,1.0,,,,,,,True,0.0,unspecified,unspecified,9,1.5,True,276,218,58,score_gte_candidate_threshold,"{""adx_hard_fail"": 12.0, ""adx_trend_min"": 22.0, ""directional_ramp_full"": 0.45, ""directional_ramp_min"": 0.25, ""score_group_threshold_default"": 1.5, ""volatility_scaler_high"": 0.025, ""volatility_scaler_low"": 0.005}"
ENGINE_A,stock,,SPY,TRENDING,auto,engine_a_0786ab053e,1,1,0,1.0,,,,,,,True,0.0,unspecified,unspecified,9,1.5,True,276,218,58,score_gte_candidate_threshold,"{""adx_hard_fail"": 15.0, ""adx_trend_min"": 22.0, ""directional_ramp_full"": 0.45, ""directional_ramp_min"": 0.25, ""score_group_threshold_default"": 1.5, ""volatility_scaler_high"": 0.025, ""volatility_scaler_low"": 0.005}"
ENGINE_A,,,SPY,TRENDING,swing,engine_a_0786ab053e,2,0,2,0.0,0.0,,,0.0,,,True,0.0,unspecified,unspecified,9,1.5,True,276,218,58,score_gte_candidate_threshold,"{""adx_hard_fail"": 15.0, ""adx_trend_min"": 22.0, ""directional_ramp_full"": 0.45, ""directional_ramp_min"": 0.25, ""score_group_threshold_default"": 1.5, ""volatility_scaler_high"": 0.025, ""volatility_scaler_low"": 0.005}"
ENGINE_A,forex,,EUR/JPY,RANGING,auto,engine_a_0786ab053e,1,1,0,1.0,,,,,,,True,0.0,unspecified,unspecified,9,1.5,True,276,218,58,score_gte_candidate_threshold,"{""adx_hard_fail"": 15.0, ""adx_trend_min"": 22.0, ""directional_ramp_full"": 0.45, ""directional_ramp_min"": 0.25, ""score_group_threshold_default"": 1.5, ""volatility_scaler_high"": 0.025, ""volatility_scaler_low"": 0.005}"
ENGINE_A,forex,,EUR/CHF,TRENDING,intraday,engine_a_0786ab053e,1,1,0,1.0,,,,,,,True,0.0,unspecified,unspecified,9,1.5,True,276,218,58,score_gte_candidate_threshold,"{""adx_hard_fail"": 15.0, ""adx_trend_min"": 22.0, ""directional_ramp_full"": 0.45, ""directional_ramp_min"": 0.25, ""score_group_threshold_default"": 1.5, ""volatility_scaler_high"": 0.025, ""volatility_scaler_low"": 0.005}"
ENGINE_A,forex,,EUR/CHF,EXPANSION,intraday,engine_a_0786ab053e,1,1,0,1.0,,,,,,,True,0.0,unspecified,unspecified,9,1.5,True,276,218,58,score_gte_candidate_threshold,"{""adx_hard_fail"": 15.0, ""adx_trend_min"": 22.0, ""directional_ramp_full"": 0.45, ""directional_ramp_min"": 0.25, ""score_group_threshold_default"": 1.5, ""volatility_scaler_high"": 0.025, ""volatility_scaler_low"": 0.005}"
ENGINE_A,stock,,SPY,TRENDING,auto,engine_a_47614b9290,1,1,0,1.0,,,,,,,True,0.0,unspecified,unspecified,9,1.5,True,276,218,58,score_gte_candidate_threshold,"{""adx_hard_fail"": 18.0, ""adx_trend_min"": 22.0, ""directional_ramp_full"": 0.45, ""directional_ramp_min"": 0.25, ""score_group_threshold_default"": 1.5, ""volatility_scaler_high"": 0.025, ""volatility_scaler_low"": 0.005}"
ENGINE_A,,,SPY,TRENDING,swing,engine_a_47614b9290,2,0,2,0.0,0.0,,,0.0,,,True,0.0,unspecified,unspecified,9,1.5,True,276,218,58,score_gte_candidate_threshold,"{""adx_hard_fail"": 18.0, ""adx_trend_min"": 22.0, ""directional_ramp_full"": 0.45, ""directional_ramp_min"": 0.25, ""score_group_threshold_default"": 1.5, ""volatility_scaler_high"": 0.025, ""volatility_scaler_low"": 0.005}"
ENGINE_A,forex,,EUR/JPY,RANGING,auto,engine_a_47614b9290,1,1,0,1.0,,,,,,,True,0.0,unspecified,unspecified,9,1.5,True,276,218,58,score_gte_candidate_threshold,"{""adx_hard_fail"": 18.0, ""adx_trend_min"": 22.0, ""directional_ramp_full"": 0.45, ""directional_ramp_min"": 0.25, ""score_group_threshold_default"": 1.5, ""volatility_scaler_high"": 0.025, ""volatility_scaler_low"": 0.005}"
ENGINE_A,forex,,EUR/CHF,TRENDING,intraday,engine_a_47614b9290,1,1,0,1.0,,,,,,,True,0.0,unspecified,unspecified,9,1.5,True,276,218,58,score_gte_candidate_threshold,"{""adx_hard_fail"": 18.0, ""adx_trend_min"": 22.0, ""directional_ramp_full"": 0.45, ""directional_ramp_min"": 0.25, ""score_group_threshold_default"": 1.5, ""volatility_scaler_high"": 0.025, ""volatility_scaler_low"": 0.005}"
ENGINE_A,forex,,EUR/CHF,EXPANSION,intraday,engine_a_47614b9290,1,1,0,1.0,,,,,,,True,0.0,unspecified,unspecified,9,1.5,True,276,218,58,score_gte_candidate_threshold,"{""adx_hard_fail"": 18.0, ""adx_trend_min"": 22.0, ""directional_ramp_full"": 0.45, ""directional_ramp_min"": 0.25, ""score_group_threshold_default"": 1.5, ""volatility_scaler_high"": 0.025, ""volatility_scaler_low"": 0.005}"
ENGINE_A,stock,,SPY,TRENDING,auto,engine_a_45943c6160,1,1,0,1.0,,,,,,,True,0.0,unspecified,unspecified,9,1.5,True,276,218,58,score_gte_candidate_threshold,"{""adx_hard_fail"": 12.0, ""adx_trend_min"": 25.0, ""directional_ramp_full"": 0.45, ""directional_ramp_min"": 0.25, ""score_group_threshold_default"": 1.5, ""volatility_scaler_high"": 0.025, ""volatility_scaler_low"": 0.005}"
ENGINE_A,,,SPY,TRENDING,swing,engine_a_45943c6160,2,0,2,0.0,0.0,,,0.0,,,True,0.0,unspecified,unspecified,9,1.5,True,276,218,58,score_gte_candidate_threshold,"{""adx_hard_fail"": 12.0, ""adx_trend_min"": 25.0, ""directional_ramp_full"": 0.45, ""directional_ramp_min"": 0.25, ""score_group_threshold_default"": 1.5, ""volatility_scaler_high"": 0.025, ""volatility_scaler_low"": 0.005}"
ENGINE_A,forex,,EUR/JPY,RANGING,auto,engine_a_45943c6160,1,1,0,1.0,,,,,,,True,0.0,unspecified,unspecified,9,1.5,True,276,218,58,score_gte_candidate_threshold,"{""adx_hard_fail"": 12.0, ""adx_trend_min"": 25.0, ""directional_ramp_full"": 0.45, ""directional_ramp_min"": 0.25, ""score_group_threshold_default"": 1.5, ""volatility_scaler_high"": 0.025, ""volatility_scaler_low"": 0.005}"
ENGINE_A,forex,,EUR/CHF,TRENDING,intraday,engine_a_45943c6160,1,1,0,1.0,,,,,,,True,0.0,unspecified,unspecified,9,1.5,True,276,218,58,score_gte_candidate_threshold,"{""adx_hard_fail"": 12.0, ""adx_trend_min"": 25.0, ""directional_ramp_full"": 0.45, ""directional_ramp_min"": 0.25, ""score_group_threshold_default"": 1.5, ""volatility_scaler_high"": 0.025, ""volatility_scaler_low"": 0.005}"
ENGINE_A,forex,,EUR/CHF,EXPANSION,intraday,engine_a_45943c6160,1,1,0,1.0,,,,,,,True,0.0,unspecified,unspecified,9,1.5,True,276,218,58,score_gte_candidate_threshold,"{""adx_hard_fail"": 12.0, ""adx_trend_min"": 25.0, ""directional_ramp_full"": 0.45, ""directional_ramp_min"": 0.25, ""score_group_threshold_default"": 1.5, ""volatility_scaler_high"": 0.025, ""volatility_scaler_low"": 0.005}"
ENGINE_A,stock,,SPY,TRENDING,auto,engine_a_43d6f1c8a4,1,1,0,1.0,,,,,,,True,0.0,unspecified,unspecified,9,1.5,True,276,218,58,score_gte_candidate_threshold,"{""adx_hard_fail"": 15.0, ""adx_trend_min"": 25.0, ""directional_ramp_full"": 0.45, ""directional_ramp_min"": 0.25, ""score_group_threshold_default"": 1.5, ""volatility_scaler_high"": 0.025, ""volatility_scaler_low"": 0.005}"
ENGINE_A,,,SPY,TRENDING,swing,engine_a_43d6f1c8a4,2,0,2,0.0,0.0,,,0.0,,,True,0.0,unspecified,unspecified,9,1.5,True,276,218,58,score_gte_candidate_threshold,"{""adx_hard_fail"": 15.0, ""adx_trend_min"": 25.0, ""directional_ramp_full"": 0.45, ""directional_ramp_min"": 0.25, ""score_group_threshold_default"": 1.5, ""volatility_scaler_high"": 0.025, ""volatility_scaler_low"": 0.005}"
ENGINE_A,forex,,EUR/JPY,RANGING,auto,engine_a_43d6f1c8a4,1,1,0,1.0,,,,,,,True,0.0,unspecified,unspecified,9,1.5,True,276,218,58,score_gte_candidate_threshold,"{""adx_hard_fail"": 15.0, ""adx_trend_min"": 25.0, ""directional_ramp_full"": 0.45, ""directional_ramp_min"": 0.25, ""score_group_threshold_default"": 1.5, ""volatility_scaler_high"": 0.025, ""volatility_scaler_low"": 0.005}"
ENGINE_A,forex,,EUR/CHF,TRENDING,intraday,engine_a_43d6f1c8a4,1,1,0,1.0,,,,,,,True,0.0,unspecified,unspecified,9,1.5,True,276,218,58,score_gte_candidate_threshold,"{""adx_hard_fail"": 15.0, ""adx_trend_min"": 25.0, ""directional_ramp_full"": 0.45, ""directional_ramp_min"": 0.25, ""score_group_threshold_default"": 1.5, ""volatility_scaler_high"": 0.025, ""volatility_scaler_low"": 0.005}"
ENGINE_A,forex,,EUR/CHF,EXPANSION,intraday,engine_a_43d6f1c8a4,1,1,0,1.0,,,,,,,True,0.0,unspecified,unspecified,9,1.5,True,276,218,58,score_gte_candidate_threshold,"{""adx_hard_fail"": 15.0, ""adx_trend_min"": 25.0, ""directional_ramp_full"": 0.45, ""directional_ramp_min"": 0.25, ""score_group_threshold_default"": 1.5, ""volatility_scaler_high"": 0.025, ""volatility_scaler_low"": 0.005}"
ENGINE_A,stock,,SPY,TRENDING,auto,engine_a_c38fbf3d85,1,1,0,1.0,,,,,,,True,0.0,unspecified,unspecified,9,1.5,True,276,218,58,score_gte_candidate_threshold,"{""adx_hard_fail"": 18.0, ""adx_trend_min"": 25.0, ""directional_ramp_full"": 0.45, ""directional_ramp_min"": 0.25, ""score_group_threshold_default"": 1.5, ""volatility_scaler_high"": 0.025, ""volatility_scaler_low"": 0.005}"
ENGINE_A,,,SPY,TRENDING,swing,engine_a_c38fbf3d85,2,0,2,0.0,0.0,,,0.0,,,True,0.0,unspecified,unspecified,9,1.5,True,276,218,58,score_gte_candidate_threshold,"{""adx_hard_fail"": 18.0, ""adx_trend_min"": 25.0, ""directional_ramp_full"": 0.45, ""directional_ramp_min"": 0.25, ""score_group_threshold_default"": 1.5, ""volatility_scaler_high"": 0.025, ""volatility_scaler_low"": 0.005}"
ENGINE_A,forex,,EUR/JPY,RANGING,auto,engine_a_c38fbf3d85,1,1,0,1.0,,,,,,,True,0.0,unspecified,unspecified,9,1.5,True,276,218,58,score_gte_candidate_threshold,"{""adx_hard_fail"": 18.0, ""adx_trend_min"": 25.0, ""directional_ramp_full"": 0.45, ""directional_ramp_min"": 0.25, ""score_group_threshold_default"": 1.5, ""volatility_scaler_high"": 0.025, ""volatility_scaler_low"": 0.005}"
ENGINE_A,forex,,EUR/CHF,TRENDING,intraday,engine_a_c38fbf3d85,1,1,0,1.0,,,,,,,True,0.0,unspecified,unspecified,9,1.5,True,276,218,58,score_gte_candidate_threshold,"{""adx_hard_fail"": 18.0, ""adx_trend_min"": 25.0, ""directional_ramp_full"": 0.45, ""directional_ramp_min"": 0.25, ""score_group_threshold_default"": 1.5, ""volatility_scaler_high"": 0.025, ""volatility_scaler_low"": 0.005}"
ENGINE_A,forex,,EUR/CHF,EXPANSION,intraday,engine_a_c38fbf3d85,1,1,0,1.0,,,,,,,True,0.0,unspecified,unspecified,9,1.5,True,276,218,58,score_gte_candidate_threshold,"{""adx_hard_fail"": 18.0, ""adx_trend_min"": 25.0, ""directional_ramp_full"": 0.45, ""directional_ramp_min"": 0.25, ""score_group_threshold_default"": 1.5, ""volatility_scaler_high"": 0.025, ""volatility_scaler_low"": 0.005}"
ENGINE_A,stock,,SPY,TRENDING,auto,engine_a_f182b0faa6,1,1,0,1.0,,,,,,,True,0.0,unspecified,unspecified,9,1.5,True,276,218,58,score_gte_candidate_threshold,"{""adx_hard_fail"": 12.0, ""adx_trend_min"": 28.0, ""directional_ramp_full"": 0.45, ""directional_ramp_min"": 0.25, ""score_group_threshold_default"": 1.5, ""volatility_scaler_high"": 0.025, ""volatility_scaler_low"": 0.005}"
ENGINE_A,,,SPY,TRENDING,swing,engine_a_f182b0faa6,2,0,2,0.0,0.0,,,0.0,,,True,0.0,unspecified,unspecified,9,1.5,True,276,218,58,score_gte_candidate_threshold,"{""adx_hard_fail"": 12.0, ""adx_trend_min"": 28.0, ""directional_ramp_full"": 0.45, ""directional_ramp_min"": 0.25, ""score_group_threshold_default"": 1.5, ""volatility_scaler_high"": 0.025, ""volatility_scaler_low"": 0.005}"
ENGINE_A,forex,,EUR/JPY,RANGING,auto,engine_a_f182b0faa6,1,1,0,1.0,,,,,,,True,0.0,unspecified,unspecified,9,1.5,True,276,218,58,score_gte_candidate_threshold,"{""adx_hard_fail"": 12.0, ""adx_trend_min"": 28.0, ""directional_ramp_full"": 0.45, ""directional_ramp_min"": 0.25, ""score_group_threshold_default"": 1.5, ""volatility_scaler_high"": 0.025, ""volatility_scaler_low"": 0.005}"
ENGINE_A,forex,,EUR/CHF,TRENDING,intraday,engine_a_f182b0faa6,1,1,0,1.0,,,,,,,True,0.0,unspecified,unspecified,9,1.5,True,276,218,58,score_gte_candidate_threshold,"{""adx_hard_fail"": 12.0, ""adx_trend_min"": 28.0, ""directional_ramp_full"": 0.45, ""directional_ramp_min"": 0.25, ""score_group_threshold_default"": 1.5, ""volatility_scaler_high"": 0.025, ""volatility_scaler_low"": 0.005}"
ENGINE_A,forex,,EUR/CHF,EXPANSION,intraday,engine_a_f182b0faa6,1,1,0,1.0,,,,,,,True,0.0,unspecified,unspecified,9,1.5,True,276,218,58,score_gte_candidate_threshold,"{""adx_hard_fail"": 12.0, ""adx_trend_min"": 28.0, ""directional_ramp_full"": 0.45, ""directional_ramp_min"": 0.25, ""score_group_threshold_default"": 1.5, ""volatility_scaler_high"": 0.025, ""volatility_scaler_low"": 0.005}"
ENGINE_A,stock,,SPY,TRENDING,auto,engine_a_b817f3206d,1,1,0,1.0,,,,,,,True,0.0,unspecified,unspecified,9,1.5,True,276,218,58,score_gte_candidate_threshold,"{""adx_hard_fail"": 15.0, ""adx_trend_min"": 28.0, ""directional_ramp_full"": 0.45, ""directional_ramp_min"": 0.25, ""score_group_threshold_default"": 1.5, ""volatility_scaler_high"": 0.025, ""volatility_scaler_low"": 0.005}"
ENGINE_A,,,SPY,TRENDING,swing,engine_a_b817f3206d,2,0,2,0.0,0.0,,,0.0,,,True,0.0,unspecified,unspecified,9,1.5,True,276,218,58,score_gte_candidate_threshold,"{""adx_hard_fail"": 15.0, ""adx_trend_min"": 28.0, ""directional_ramp_full"": 0.45, ""directional_ramp_min"": 0.25, ""score_group_threshold_default"": 1.5, ""volatility_scaler_high"": 0.025, ""volatility_scaler_low"": 0.005}"
ENGINE_A,forex,,EUR/JPY,RANGING,auto,engine_a_b817f3206d,1,1,0,1.0,,,,,,,True,0.0,unspecified,unspecified,9,1.5,True,276,218,58,score_gte_candidate_threshold,"{""adx_hard_fail"": 15.0, ""adx_trend_min"": 28.0, ""directional_ramp_full"": 0.45, ""directional_ramp_min"": 0.25, ""score_group_threshold_default"": 1.5, ""volatility_scaler_high"": 0.025, ""volatility_scaler_low"": 0.005}"
ENGINE_A,forex,,EUR/CHF,TRENDING,intraday,engine_a_b817f3206d,1,1,0,1.0,,,,,,,True,0.0,unspecified,unspecified,9,1.5,True,276,218,58,score_gte_candidate_threshold,"{""adx_hard_fail"": 15.0, ""adx_trend_min"": 28.0, ""directional_ramp_full"": 0.45, ""directional_ramp_min"": 0.25, ""score_group_threshold_default"": 1.5, ""volatility_scaler_high"": 0.025, ""volatility_scaler_low"": 0.005}"
ENGINE_A,forex,,EUR/CHF,EXPANSION,intraday,engine_a_b817f3206d,1,1,0,1.0,,,,,,,True,0.0,unspecified,unspecified,9,1.5,True,276,218,58,score_gte_candidate_threshold,"{""adx_hard_fail"": 15.0, ""adx_trend_min"": 28.0, ""directional_ramp_full"": 0.45, ""directional_ramp_min"": 0.25, ""score_group_threshold_default"": 1.5, ""volatility_scaler_high"": 0.025, ""volatility_scaler_low"": 0.005}"
ENGINE_A,stock,,SPY,TRENDING,auto,engine_a_bf31182245,1,1,0,1.0,,,,,,,True,0.0,unspecified,unspecified,9,1.5,True,276,218,58,score_gte_candidate_threshold,"{""adx_hard_fail"": 18.0, ""adx_trend_min"": 28.0, ""directional_ramp_full"": 0.45, ""directional_ramp_min"": 0.25, ""score_group_threshold_default"": 1.5, ""volatility_scaler_high"": 0.025, ""volatility_scaler_low"": 0.005}"
ENGINE_A,,,SPY,TRENDING,swing,engine_a_bf31182245,2,0,2,0.0,0.0,,,0.0,,,True,0.0,unspecified,unspecified,9,1.5,True,276,218,58,score_gte_candidate_threshold,"{""adx_hard_fail"": 18.0, ""adx_trend_min"": 28.0, ""directional_ramp_full"": 0.45, ""directional_ramp_min"": 0.25, ""score_group_threshold_default"": 1.5, ""volatility_scaler_high"": 0.025, ""volatility_scaler_low"": 0.005}"
ENGINE_A,forex,,EUR/JPY,RANGING,auto,engine_a_bf31182245,1,1,0,1.0,,,,,,,True,0.0,unspecified,unspecified,9,1.5,True,276,218,58,score_gte_candidate_threshold,"{""adx_hard_fail"": 18.0, ""adx_trend_min"": 28.0, ""directional_ramp_full"": 0.45, ""directional_ramp_min"": 0.25, ""score_group_threshold_default"": 1.5, ""volatility_scaler_high"": 0.025, ""volatility_scaler_low"": 0.005}"
ENGINE_A,forex,,EUR/CHF,TRENDING,intraday,engine_a_bf31182245,1,1,0,1.0,,,,,,,True,0.0,unspecified,unspecified,9,1.5,True,276,218,58,score_gte_candidate_threshold,"{""adx_hard_fail"": 18.0, ""adx_trend_min"": 28.0, ""directional_ramp_full"": 0.45, ""directional_ramp_min"": 0.25, ""score_group_threshold_default"": 1.5, ""volatility_scaler_high"": 0.025, ""volatility_scaler_low"": 0.005}"
ENGINE_A,forex,,EUR/CHF,EXPANSION,intraday,engine_a_bf31182245,1,1,0,1.0,,,,,,,True,0.0,unspecified,unspecified,9,1.5,True,276,218,58,score_gte_candidate_threshold,"{""adx_hard_fail"": 18.0, ""adx_trend_min"": 28.0, ""directional_ramp_full"": 0.45, ""directional_ramp_min"": 0.25, ""score_group_threshold_default"": 1.5, ""volatility_scaler_high"": 0.025, ""volatility_scaler_low"": 0.005}"
ENGINE_A,,,XLM/USDT,RANGING,intraday,engine_a_9e0e9b16e0,1,0,1,0.0,-0.03,,,-0.03,,,True,-0.00225,unspecified,unspecified,9,1.5,True,276,218,58,score_gte_candidate_threshold,"{""adx_hard_fail"": 12.0, ""adx_trend_min"": 22.0, ""directional_ramp_full"": 0.45, ""directional_ramp_min"": 0.25, ""score_group_threshold_default"": 1.5, ""volatility_scaler_high"": 0.025, ""volatility_scaler_low"": 0.005}"
ENGINE_A,,,DOT/USDT,DEAD RANGING,intraday,engine_a_9e0e9b16e0,2,0,2,0.0,-0.015,,,-0.015,,,True,-0.00225,unspecified,unspecified,9,1.5,True,276,218,58,score_gte_candidate_threshold,"{""adx_hard_fail"": 12.0, ""adx_trend_min"": 22.0, ""directional_ramp_full"": 0.45, ""directional_ramp_min"": 0.25, ""score_group_threshold_default"": 1.5, ""volatility_scaler_high"": 0.025, ""volatility_scaler_low"": 0.005}"
ENGINE_A,,,SEI/USDT,RANGING,intraday,engine_a_9e0e9b16e0,1,0,1,0.0,-0.03,,,-0.03,,,True,-0.00225,unspecified,unspecified,9,1.5,True,276,218,58,score_gte_candidate_threshold,"{""adx_hard_fail"": 12.0, ""adx_trend_min"": 22.0, ""directional_ramp_full"": 0.45, ""directional_ramp_min"": 0.25, ""score_group_threshold_default"": 1.5, ""volatility_scaler_high"": 0.025, ""volatility_scaler_low"": 0.005}"
ENGINE_A,,,XLM/USDT,RANGING,intraday,engine_a_0786ab053e,1,0,1,0.0,-0.03,,,-0.03,,,True,-0.00225,unspecified,unspecified,9,1.5,True,276,218,58,score_gte_candidate_threshold,"{""adx_hard_fail"": 15.0, ""adx_trend_min"": 22.0, ""directional_ramp_full"": 0.45, ""directional_ramp_min"": 0.25, ""score_group_threshold_default"": 1.5, ""volatility_scaler_high"": 0.025, ""volatility_scaler_low"": 0.005}"
ENGINE_A,,,DOT/USDT,DEAD RANGING,intraday,engine_a_0786ab053e,2,0,2,0.0,-0.015,,,-0.015,,,True,-0.00225,unspecified,unspecified,9,1.5,True,276,218,58,score_gte_candidate_threshold,"{""adx_hard_fail"": 15.0, ""adx_trend_min"": 22.0, ""directional_ramp_full"": 0.45, ""directional_ramp_min"": 0.25, ""score_group_threshold_default"": 1.5, ""volatility_scaler_high"": 0.025, ""volatility_scaler_low"": 0.005}"
ENGINE_A,,,SEI/USDT,RANGING,intraday,engine_a_0786ab053e,1,0,1,0.0,-0.03,,,-0.03,,,True,-0.00225,unspecified,unspecified,9,1.5,True,276,218,58,score_gte_candidate_threshold,"{""adx_hard_fail"": 15.0, ""adx_trend_min"": 22.0, ""directional_ramp_full"": 0.45, ""directional_ramp_min"": 0.25, ""score_group_threshold_default"": 1.5, ""volatility_scaler_high"": 0.025, ""volatility_scaler_low"": 0.005}"
ENGINE_A,,,XLM/USDT,RANGING,intraday,engine_a_47614b9290,1,0,1,0.0,-0.03,,,-0.03,,,True,-0.00225,unspecified,unspecified,9,1.5,True,276,218,58,score_gte_candidate_threshold,"{""adx_hard_fail"": 18.0, ""adx_trend_min"": 22.0, ""directional_ramp_full"": 0.45, ""directional_ramp_min"": 0.25, ""score_group_threshold_default"": 1.5, ""volatility_scaler_high"": 0.025, ""volatility_scaler_low"": 0.005}"
ENGINE_A,,,DOT/USDT,DEAD RANGING,intraday,engine_a_47614b9290,2,0,2,0.0,-0.015,,,-0.015,,,True,-0.00225,unspecified,unspecified,9,1.5,True,276,218,58,score_gte_candidate_threshold,"{""adx_hard_fail"": 18.0, ""adx_trend_min"": 22.0, ""directional_ramp_full"": 0.45, ""directional_ramp_min"": 0.25, ""score_group_threshold_default"": 1.5, ""volatility_scaler_high"": 0.025, ""volatility_scaler_low"": 0.005}"
ENGINE_A,,,SEI/USDT,RANGING,intraday,engine_a_47614b9290,1,0,1,0.0,-0.03,,,-0.03,,,True,-0.00225,unspecified,unspecified,9,1.5,True,276,218,58,score_gte_candidate_threshold,"{""adx_hard_fail"": 18.0, ""adx_trend_min"": 22.0, ""directional_ramp_full"": 0.45, ""directional_ramp_min"": 0.25, ""score_group_threshold_default"": 1.5, ""volatility_scaler_high"": 0.025, ""volatility_scaler_low"": 0.005}"
ENGINE_A,,,XLM/USDT,RANGING,intraday,engine_a_45943c6160,1,0,1,0.0,-0.03,,,-0.03,,,True,-0.00225,unspecified,unspecified,9,1.5,True,276,218,58,score_gte_candidate_threshold,"{""adx_hard_fail"": 12.0, ""adx_trend_min"": 25.0, ""directional_ramp_full"": 0.45, ""directional_ramp_min"": 0.25, ""score_group_threshold_default"": 1.5, ""volatility_scaler_high"": 0.025, ""volatility_scaler_low"": 0.005}"
ENGINE_A,,,DOT/USDT,DEAD RANGING,intraday,engine_a_45943c6160,2,0,2,0.0,-0.015,,,-0.015,,,True,-0.00225,unspecified,unspecified,9,1.5,True,276,218,58,score_gte_candidate_threshold,"{""adx_hard_fail"": 12.0, ""adx_trend_min"": 25.0, ""directional_ramp_full"": 0.45, ""directional_ramp_min"": 0.25, ""score_group_threshold_default"": 1.5, ""volatility_scaler_high"": 0.025, ""volatility_scaler_low"": 0.005}"
ENGINE_A,,,SEI/USDT,RANGING,intraday,engine_a_45943c6160,1,0,1,0.0,-0.03,,,-0.03,,,True,-0.00225,unspecified,unspecified,9,1.5,True,276,218,58,score_gte_candidate_threshold,"{""adx_hard_fail"": 12.0, ""adx_trend_min"": 25.0, ""directional_ramp_full"": 0.45, ""directional_ramp_min"": 0.25, ""score_group_threshold_default"": 1.5, ""volatility_scaler_high"": 0.025, ""volatility_scaler_low"": 0.005}"
ENGINE_A,,,XLM/USDT,RANGING,intraday,engine_a_43d6f1c8a4,1,0,1,0.0,-0.03,,,-0.03,,,True,-0.00225,unspecified,unspecified,9,1.5,True,276,218,58,score_gte_candidate_threshold,"{""adx_hard_fail"": 15.0, ""adx_trend_min"": 25.0, ""directional_ramp_full"": 0.45, ""directional_ramp_min"": 0.25, ""score_group_threshold_default"": 1.5, ""volatility_scaler_high"": 0.025, ""volatility_scaler_low"": 0.005}"
ENGINE_A,,,DOT/USDT,DEAD RANGING,intraday,engine_a_43d6f1c8a4,2,0,2,0.0,-0.015,,,-0.015,,,True,-0.00225,unspecified,unspecified,9,1.5,True,276,218,58,score_gte_candidate_threshold,"{""adx_hard_fail"": 15.0, ""adx_trend_min"": 25.0, ""directional_ramp_full"": 0.45, ""directional_ramp_min"": 0.25, ""score_group_threshold_default"": 1.5, ""volatility_scaler_high"": 0.025, ""volatility_scaler_low"": 0.005}"
ENGINE_A,,,SEI/USDT,RANGING,intraday,engine_a_43d6f1c8a4,1,0,1,0.0,-0.03,,,-0.03,,,True,-0.00225,unspecified,unspecified,9,1.5,True,276,218,58,score_gte_candidate_threshold,"{""adx_hard_fail"": 15.0, ""adx_trend_min"": 25.0, ""directional_ramp_full"": 0.45, ""directional_ramp_min"": 0.25, ""score_group_threshold_default"": 1.5, ""volatility_scaler_high"": 0.025, ""volatility_scaler_low"": 0.005}"
ENGINE_A,,,XLM/USDT,RANGING,intraday,engine_a_c38fbf3d85,1,0,1,0.0,-0.03,,,-0.03,,,True,-0.00225,unspecified,unspecified,9,1.5,True,276,218,58,score_gte_candidate_threshold,"{""adx_hard_fail"": 18.0, ""adx_trend_min"": 25.0, ""directional_ramp_full"": 0.45, ""directional_ramp_min"": 0.25, ""score_group_threshold_default"": 1.5, ""volatility_scaler_high"": 0.025, ""volatility_scaler_low"": 0.005}"
ENGINE_A,,,DOT/USDT,DEAD RANGING,intraday,engine_a_c38fbf3d85,2,0,2,0.0,-0.015,,,-0.015,,,True,-0.00225,unspecified,unspecified,9,1.5,True,276,218,58,score_gte_candidate_threshold,"{""adx_hard_fail"": 18.0, ""adx_trend_min"": 25.0, ""directional_ramp_full"": 0.45, ""directional_ramp_min"": 0.25, ""score_group_threshold_default"": 1.5, ""volatility_scaler_high"": 0.025, ""volatility_scaler_low"": 0.005}"
ENGINE_A,,,SEI/USDT,RANGING,intraday,engine_a_c38fbf3d85,1,0,1,0.0,-0.03,,,-0.03,,,True,-0.00225,unspecified,unspecified,9,1.5,True,276,218,58,score_gte_candidate_threshold,"{""adx_hard_fail"": 18.0, ""adx_trend_min"": 25.0, ""directional_ramp_full"": 0.45, ""directional_ramp_min"": 0.25, ""score_group_threshold_default"": 1.5, ""volatility_scaler_high"": 0.025, ""volatility_scaler_low"": 0.005}"
ENGINE_A,,,XLM/USDT,RANGING,intraday,engine_a_f182b0faa6,1,0,1,0.0,-0.03,,,-0.03,,,True,-0.00225,unspecified,unspecified,9,1.5,True,276,218,58,score_gte_candidate_threshold,"{""adx_hard_fail"": 12.0, ""adx_trend_min"": 28.0, ""directional_ramp_full"": 0.45, ""directional_ramp_min"": 0.25, ""score_group_threshold_default"": 1.5, ""volatility_scaler_high"": 0.025, ""volatility_scaler_low"": 0.005}"
ENGINE_A,,,DOT/USDT,DEAD RANGING,intraday,engine_a_f182b0faa6,2,0,2,0.0,-0.015,,,-0.015,,,True,-0.00225,unspecified,unspecified,9,1.5,True,276,218,58,score_gte_candidate_threshold,"{""adx_hard_fail"": 12.0, ""adx_trend_min"": 28.0, ""directional_ramp_full"": 0.45, ""directional_ramp_min"": 0.25, ""score_group_threshold_default"": 1.5, ""volatility_scaler_high"": 0.025, ""volatility_scaler_low"": 0.005}"
ENGINE_A,,,SEI/USDT,RANGING,intraday,engine_a_f182b0faa6,1,0,1,0.0,-0.03,,,-0.03,,,True,-0.00225,unspecified,unspecified,9,1.5,True,276,218,58,score_gte_candidate_threshold,"{""adx_hard_fail"": 12.0, ""adx_trend_min"": 28.0, ""directional_ramp_full"": 0.45, ""directional_ramp_min"": 0.25, ""score_group_threshold_default"": 1.5, ""volatility_scaler_high"": 0.025, ""volatility_scaler_low"": 0.005}"
ENGINE_A,,,XLM/USDT,RANGING,intraday,engine_a_b817f3206d,1,0,1,0.0,-0.03,,,-0.03,,,True,-0.00225,unspecified,unspecified,9,1.5,True,276,218,58,score_gte_candidate_threshold,"{""adx_hard_fail"": 15.0, ""adx_trend_min"": 28.0, ""directional_ramp_full"": 0.45, ""directional_ramp_min"": 0.25, ""score_group_threshold_default"": 1.5, ""volatility_scaler_high"": 0.025, ""volatility_scaler_low"": 0.005}"
ENGINE_A,,,DOT/USDT,DEAD RANGING,intraday,engine_a_b817f3206d,2,0,2,0.0,-0.015,,,-0.015,,,True,-0.00225,unspecified,unspecified,9,1.5,True,276,218,58,score_gte_candidate_threshold,"{""adx_hard_fail"": 15.0, ""adx_trend_min"": 28.0, ""directional_ramp_full"": 0.45, ""directional_ramp_min"": 0.25, ""score_group_threshold_default"": 1.5, ""volatility_scaler_high"": 0.025, ""volatility_scaler_low"": 0.005}"
ENGINE_A,,,SEI/USDT,RANGING,intraday,engine_a_b817f3206d,1,0,1,0.0,-0.03,,,-0.03,,,True,-0.00225,unspecified,unspecified,9,1.5,True,276,218,58,score_gte_candidate_threshold,"{""adx_hard_fail"": 15.0, ""adx_trend_min"": 28.0, ""directional_ramp_full"": 0.45, ""directional_ramp_min"": 0.25, ""score_group_threshold_default"": 1.5, ""volatility_scaler_high"": 0.025, ""volatility_scaler_low"": 0.005}"
ENGINE_A,,,XLM/USDT,RANGING,intraday,engine_a_bf31182245,1,0,1,0.0,-0.03,,,-0.03,,,True,-0.00225,unspecified,unspecified,9,1.5,True,276,218,58,score_gte_candidate_threshold,"{""adx_hard_fail"": 18.0, ""adx_trend_min"": 28.0, ""directional_ramp_full"": 0.45, ""directional_ramp_min"": 0.25, ""score_group_threshold_default"": 1.5, ""volatility_scaler_high"": 0.025, ""volatility_scaler_low"": 0.005}"
ENGINE_A,,,DOT/USDT,DEAD RANGING,intraday,engine_a_bf31182245,2,0,2,0.0,-0.015,,,-0.015,,,True,-0.00225,unspecified,unspecified,9,1.5,True,276,218,58,score_gte_candidate_threshold,"{""adx_hard_fail"": 18.0, ""adx_trend_min"": 28.0, ""directional_ramp_full"": 0.45, ""directional_ramp_min"": 0.25, ""score_group_threshold_default"": 1.5, ""volatility_scaler_high"": 0.025, ""volatility_scaler_low"": 0.005}"
ENGINE_A,,,SEI/USDT,RANGING,intraday,engine_a_bf31182245,1,0,1,0.0,-0.03,,,-0.03,,,True,-0.00225,unspecified,unspecified,9,1.5,True,276,218,58,score_gte_candidate_threshold,"{""adx_hard_fail"": 18.0, ""adx_trend_min"": 28.0, ""directional_ramp_full"": 0.45, ""directional_ramp_min"": 0.25, ""score_group_threshold_default"": 1.5, ""volatility_scaler_high"": 0.025, ""volatility_scaler_low"": 0.005}"
ENGINE_A,,,Aluminium,LOW_VOLATILITY,swing,engine_a_9e0e9b16e0,1,0,1,0.0,-0.05,,,-0.05,,,True,-0.00375,unspecified,unspecified,9,1.5,True,276,218,58,score_gte_candidate_threshold,"{""adx_hard_fail"": 12.0, ""adx_trend_min"": 22.0, ""directional_ramp_full"": 0.45, ""directional_ramp_min"": 0.25, ""score_group_threshold_default"": 1.5, ""volatility_scaler_high"": 0.025, ""volatility_scaler_low"": 0.005}"
ENGINE_A,,,Aluminium,LOW_VOLATILITY,swing,engine_a_0786ab053e,1,0,1,0.0,-0.05,,,-0.05,,,True,-0.00375,unspecified,unspecified,9,1.5,True,276,218,58,score_gte_candidate_threshold,"{""adx_hard_fail"": 15.0, ""adx_trend_min"": 22.0, ""directional_ramp_full"": 0.45, ""directional_ramp_min"": 0.25, ""score_group_threshold_default"": 1.5, ""volatility_scaler_high"": 0.025, ""volatility_scaler_low"": 0.005}"
ENGINE_A,,,Aluminium,LOW_VOLATILITY,swing,engine_a_47614b9290,1,0,1,0.0,-0.05,,,-0.05,,,True,-0.00375,unspecified,unspecified,9,1.5,True,276,218,58,score_gte_candidate_threshold,"{""adx_hard_fail"": 18.0, ""adx_trend_min"": 22.0, ""directional_ramp_full"": 0.45, ""directional_ramp_min"": 0.25, ""score_group_threshold_default"": 1.5, ""volatility_scaler_high"": 0.025, ""volatility_scaler_low"": 0.005}"
ENGINE_A,,,Aluminium,LOW_VOLATILITY,swing,engine_a_45943c6160,1,0,1,0.0,-0.05,,,-0.05,,,True,-0.00375,unspecified,unspecified,9,1.5,True,276,218,58,score_gte_candidate_threshold,"{""adx_hard_fail"": 12.0, ""adx_trend_min"": 25.0, ""directional_ramp_full"": 0.45, ""directional_ramp_min"": 0.25, ""score_group_threshold_default"": 1.5, ""volatility_scaler_high"": 0.025, ""volatility_scaler_low"": 0.005}"
ENGINE_A,,,Aluminium,LOW_VOLATILITY,swing,engine_a_43d6f1c8a4,1,0,1,0.0,-0.05,,,-0.05,,,True,-0.00375,unspecified,unspecified,9,1.5,True,276,218,58,score_gte_candidate_threshold,"{""adx_hard_fail"": 15.0, ""adx_trend_min"": 25.0, ""directional_ramp_full"": 0.45, ""directional_ramp_min"": 0.25, ""score_group_threshold_default"": 1.5, ""volatility_scaler_high"": 0.025, ""volatility_scaler_low"": 0.005}"
ENGINE_A,,,Aluminium,LOW_VOLATILITY,swing,engine_a_c38fbf3d85,1,0,1,0.0,-0.05,,,-0.05,,,True,-0.00375,unspecified,unspecified,9,1.5,True,276,218,58,score_gte_candidate_threshold,"{""adx_hard_fail"": 18.0, ""adx_trend_min"": 25.0, ""directional_ramp_full"": 0.45, ""directional_ramp_min"": 0.25, ""score_group_threshold_default"": 1.5, ""volatility_scaler_high"": 0.025, ""volatility_scaler_low"": 0.005}"
ENGINE_A,,,Aluminium,LOW_VOLATILITY,swing,engine_a_f182b0faa6,1,0,1,0.0,-0.05,,,-0.05,,,True,-0.00375,unspecified,unspecified,9,1.5,True,276,218,58,score_gte_candidate_threshold,"{""adx_hard_fail"": 12.0, ""adx_trend_min"": 28.0, ""directional_ramp_full"": 0.45, ""directional_ramp_min"": 0.25, ""score_group_threshold_default"": 1.5, ""volatility_scaler_high"": 0.025, ""volatility_scaler_low"": 0.005}"
ENGINE_A,,,Aluminium,LOW_VOLATILITY,swing,engine_a_b817f3206d,1,0,1,0.0,-0.05,,,-0.05,,,True,-0.00375,unspecified,unspecified,9,1.5,True,276,218,58,score_gte_candidate_threshold,"{""adx_hard_fail"": 15.0, ""adx_trend_min"": 28.0, ""directional_ramp_full"": 0.45, ""directional_ramp_min"": 0.25, ""score_group_threshold_default"": 1.5, ""volatility_scaler_high"": 0.025, ""volatility_scaler_low"": 0.005}"
ENGINE_A,,,Aluminium,LOW_VOLATILITY,swing,engine_a_bf31182245,1,0,1,0.0,-0.05,,,-0.05,,,True,-0.00375,unspecified,unspecified,9,1.5,True,276,218,58,score_gte_candidate_threshold,"{""adx_hard_fail"": 18.0, ""adx_trend_min"": 28.0, ""directional_ramp_full"": 0.45, ""directional_ramp_min"": 0.25, ""score_group_threshold_default"": 1.5, ""volatility_scaler_high"": 0.025, ""volatility_scaler_low"": 0.005}"
ENGINE_A,commodity,,Cattle,DEVELOPING,swing,engine_a_9e0e9b16e0,1,0,1,0.0,-0.06,,,-0.06,,,True,-0.0045,unspecified,unspecified,9,1.5,True,276,218,58,score_gte_candidate_threshold,"{""adx_hard_fail"": 12.0, ""adx_trend_min"": 22.0, ""directional_ramp_full"": 0.45, ""directional_ramp_min"": 0.25, ""score_group_threshold_default"": 1.5, ""volatility_scaler_high"": 0.025, ""volatility_scaler_low"": 0.005}"
ENGINE_A,,,AAVE/USDT,LOW_VOLATILITY,intraday,engine_a_9e0e9b16e0,1,0,1,0.0,-0.06,,,-0.06,,,True,-0.0045,unspecified,unspecified,9,1.5,True,276,218,58,score_gte_candidate_threshold,"{""adx_hard_fail"": 12.0, ""adx_trend_min"": 22.0, ""directional_ramp_full"": 0.45, ""directional_ramp_min"": 0.25, ""score_group_threshold_default"": 1.5, ""volatility_scaler_high"": 0.025, ""volatility_scaler_low"": 0.005}"
ENGINE_A,commodity,,Cattle,DEVELOPING,swing,engine_a_0786ab053e,1,0,1,0.0,-0.06,,,-0.06,,,True,-0.0045,unspecified,unspecified,9,1.5,True,276,218,58,score_gte_candidate_threshold,"{""adx_hard_fail"": 15.0, ""adx_trend_min"": 22.0, ""directional_ramp_full"": 0.45, ""directional_ramp_min"": 0.25, ""score_group_threshold_default"": 1.5, ""volatility_scaler_high"": 0.025, ""volatility_scaler_low"": 0.005}"
ENGINE_A,,,AAVE/USDT,LOW_VOLATILITY,intraday,engine_a_0786ab053e,1,0,1,0.0,-0.06,,,-0.06,,,True,-0.0045,unspecified,unspecified,9,1.5,True,276,218,58,score_gte_candidate_threshold,"{""adx_hard_fail"": 15.0, ""adx_trend_min"": 22.0, ""directional_ramp_full"": 0.45, ""directional_ramp_min"": 0.25, ""score_group_threshold_default"": 1.5, ""volatility_scaler_high"": 0.025, ""volatility_scaler_low"": 0.005}"
ENGINE_A,commodity,,Cattle,DEVELOPING,swing,engine_a_47614b9290,1,0,1,0.0,-0.06,,,-0.06,,,True,-0.0045,unspecified,unspecified,9,1.5,True,276,218,58,score_gte_candidate_threshold,"{""adx_hard_fail"": 18.0, ""adx_trend_min"": 22.0, ""directional_ramp_full"": 0.45, ""directional_ramp_min"": 0.25, ""score_group_threshold_default"": 1.5, ""volatility_scaler_high"": 0.025, ""volatility_scaler_low"": 0.005}"
ENGINE_A,,,AAVE/USDT,LOW_VOLATILITY,intraday,engine_a_47614b9290,1,0,1,0.0,-0.06,,,-0.06,,,True,-0.0045,unspecified,unspecified,9,1.5,True,276,218,58,score_gte_candidate_threshold,"{""adx_hard_fail"": 18.0, ""adx_trend_min"": 22.0, ""directional_ramp_full"": 0.45, ""directional_ramp_min"": 0.25, ""score_group_threshold_default"": 1.5, ""volatility_scaler_high"": 0.025, ""volatility_scaler_low"": 0.005}"
ENGINE_A,commodity,,Cattle,DEVELOPING,swing,engine_a_45943c6160,1,0,1,0.0,-0.06,,,-0.06,,,True,-0.0045,unspecified,unspecified,9,1.5,True,276,218,58,score_gte_candidate_threshold,"{""adx_hard_fail"": 12.0, ""adx_trend_min"": 25.0, ""directional_ramp_full"": 0.45, ""directional_ramp_min"": 0.25, ""score_group_threshold_default"": 1.5, ""volatility_scaler_high"": 0.025, ""volatility_scaler_low"": 0.005}"
ENGINE_A,,,AAVE/USDT,LOW_VOLATILITY,intraday,engine_a_45943c6160,1,0,1,0.0,-0.06,,,-0.06,,,True,-0.0045,unspecified,unspecified,9,1.5,True,276,218,58,score_gte_candidate_threshold,"{""adx_hard_fail"": 12.0, ""adx_trend_min"": 25.0, ""directional_ramp_full"": 0.45, ""directional_ramp_min"": 0.25, ""score_group_threshold_default"": 1.5, ""volatility_scaler_high"": 0.025, ""volatility_scaler_low"": 0.005}"
ENGINE_A,commodity,,Cattle,DEVELOPING,swing,engine_a_43d6f1c8a4,1,0,1,0.0,-0.06,,,-0.06,,,True,-0.0045,unspecified,unspecified,9,1.5,True,276,218,58,score_gte_candidate_threshold,"{""adx_hard_fail"": 15.0, ""adx_trend_min"": 25.0, ""directional_ramp_full"": 0.45, ""directional_ramp_min"": 0.25, ""score_group_threshold_default"": 1.5, ""volatility_scaler_high"": 0.025, ""volatility_scaler_low"": 0.005}"
ENGINE_A,,,AAVE/USDT,LOW_VOLATILITY,intraday,engine_a_43d6f1c8a4,1,0,1,0.0,-0.06,,,-0.06,,,True,-0.0045,unspecified,unspecified,9,1.5,True,276,218,58,score_gte_candidate_threshold,"{""adx_hard_fail"": 15.0, ""adx_trend_min"": 25.0, ""directional_ramp_full"": 0.45, ""directional_ramp_min"": 0.25, ""score_group_threshold_default"": 1.5, ""volatility_scaler_high"": 0.025, ""volatility_scaler_low"": 0.005}"
ENGINE_A,commodity,,Cattle,DEVELOPING,swing,engine_a_c38fbf3d85,1,0,1,0.0,-0.06,,,-0.06,,,True,-0.0045,unspecified,unspecified,9,1.5,True,276,218,58,score_gte_candidate_threshold,"{""adx_hard_fail"": 18.0, ""adx_trend_min"": 25.0, ""directional_ramp_full"": 0.45, ""directional_ramp_min"": 0.25, ""score_group_threshold_default"": 1.5, ""volatility_scaler_high"": 0.025, ""volatility_scaler_low"": 0.005}"
ENGINE_A,,,AAVE/USDT,LOW_VOLATILITY,intraday,engine_a_c38fbf3d85,1,0,1,0.0,-0.06,,,-0.06,,,True,-0.0045,unspecified,unspecified,9,1.5,True,276,218,58,score_gte_candidate_threshold,"{""adx_hard_fail"": 18.0, ""adx_trend_min"": 25.0, ""directional_ramp_full"": 0.45, ""directional_ramp_min"": 0.25, ""score_group_threshold_default"": 1.5, ""volatility_scaler_high"": 0.025, ""volatility_scaler_low"": 0.005}"
ENGINE_A,commodity,,Cattle,DEVELOPING,swing,engine_a_f182b0faa6,1,0,1,0.0,-0.06,,,-0.06,,,True,-0.0045,unspecified,unspecified,9,1.5,True,276,218,58,score_gte_candidate_threshold,"{""adx_hard_fail"": 12.0, ""adx_trend_min"": 28.0, ""directional_ramp_full"": 0.45, ""directional_ramp_min"": 0.25, ""score_group_threshold_default"": 1.5, ""volatility_scaler_high"": 0.025, ""volatility_scaler_low"": 0.005}"
ENGINE_A,,,AAVE/USDT,LOW_VOLATILITY,intraday,engine_a_f182b0faa6,1,0,1,0.0,-0.06,,,-0.06,,,True,-0.0045,unspecified,unspecified,9,1.5,True,276,218,58,score_gte_candidate_threshold,"{""adx_hard_fail"": 12.0, ""adx_trend_min"": 28.0, ""directional_ramp_full"": 0.45, ""directional_ramp_min"": 0.25, ""score_group_threshold_default"": 1.5, ""volatility_scaler_high"": 0.025, ""volatility_scaler_low"": 0.005}"
ENGINE_A,commodity,,Cattle,DEVELOPING,swing,engine_a_b817f3206d,1,0,1,0.0,-0.06,,,-0.06,,,True,-0.0045,unspecified,unspecified,9,1.5,True,276,218,58,score_gte_candidate_threshold,"{""adx_hard_fail"": 15.0, ""adx_trend_min"": 28.0, ""directional_ramp_full"": 0.45, ""directional_ramp_min"": 0.25, ""score_group_threshold_default"": 1.5, ""volatility_scaler_high"": 0.025, ""volatility_scaler_low"": 0.005}"
ENGINE_A,,,AAVE/USDT,LOW_VOLATILITY,intraday,engine_a_b817f3206d,1,0,1,0.0,-0.06,,,-0.06,,,True,-0.0045,unspecified,unspecified,9,1.5,True,276,218,58,score_gte_candidate_threshold,"{""adx_hard_fail"": 15.0, ""adx_trend_min"": 28.0, ""directional_ramp_full"": 0.45, ""directional_ramp_min"": 0.25, ""score_group_threshold_default"": 1.5, ""volatility_scaler_high"": 0.025, ""volatility_scaler_low"": 0.005}"
ENGINE_A,commodity,,Cattle,DEVELOPING,swing,engine_a_bf31182245,1,0,1,0.0,-0.06,,,-0.06,,,True,-0.0045,unspecified,unspecified,9,1.5,True,276,218,58,score_gte_candidate_threshold,"{""adx_hard_fail"": 18.0, ""adx_trend_min"": 28.0, ""directional_ramp_full"": 0.45, ""directional_ramp_min"": 0.25, ""score_group_threshold_default"": 1.5, ""volatility_scaler_high"": 0.025, ""volatility_scaler_low"": 0.005}"
ENGINE_A,,,AAVE/USDT,LOW_VOLATILITY,intraday,engine_a_bf31182245,1,0,1,0.0,-0.06,,,-0.06,,,True,-0.0045,unspecified,unspecified,9,1.5,True,276,218,58,score_gte_candidate_threshold,"{""adx_hard_fail"": 18.0, ""adx_trend_min"": 28.0, ""directional_ramp_full"": 0.45, ""directional_ramp_min"": 0.25, ""score_group_threshold_default"": 1.5, ""volatility_scaler_high"": 0.025, ""volatility_scaler_low"": 0.005}"
ENGINE_A,,,BTC/USDT,LOW_VOLATILITY,intraday,engine_a_9e0e9b16e0,1,0,1,0.0,-0.08,,,-0.08,,,True,-0.006,unspecified,unspecified,9,1.5,True,276,218,58,score_gte_candidate_threshold,"{""adx_hard_fail"": 12.0, ""adx_trend_min"": 22.0, ""directional_ramp_full"": 0.45, ""directional_ramp_min"": 0.25, ""score_group_threshold_default"": 1.5, ""volatility_scaler_high"": 0.025, ""volatility_scaler_low"": 0.005}"
ENGINE_A,,,SUI/USDT,TRENDING,intraday,engine_a_9e0e9b16e0,1,0,1,0.0,-0.08,,,-0.08,,,True,-0.006,unspecified,unspecified,9,1.5,True,276,218,58,score_gte_candidate_threshold,"{""adx_hard_fail"": 12.0, ""adx_trend_min"": 22.0, ""directional_ramp_full"": 0.45, ""directional_ramp_min"": 0.25, ""score_group_threshold_default"": 1.5, ""volatility_scaler_high"": 0.025, ""volatility_scaler_low"": 0.005}"
ENGINE_A,,,BTC/USDT,LOW_VOLATILITY,intraday,engine_a_0786ab053e,1,0,1,0.0,-0.08,,,-0.08,,,True,-0.006,unspecified,unspecified,9,1.5,True,276,218,58,score_gte_candidate_threshold,"{""adx_hard_fail"": 15.0, ""adx_trend_min"": 22.0, ""directional_ramp_full"": 0.45, ""directional_ramp_min"": 0.25, ""score_group_threshold_default"": 1.5, ""volatility_scaler_high"": 0.025, ""volatility_scaler_low"": 0.005}"
ENGINE_A,,,SUI/USDT,TRENDING,intraday,engine_a_0786ab053e,1,0,1,0.0,-0.08,,,-0.08,,,True,-0.006,unspecified,unspecified,9,1.5,True,276,218,58,score_gte_candidate_threshold,"{""adx_hard_fail"": 15.0, ""adx_trend_min"": 22.0, ""directional_ramp_full"": 0.45, ""directional_ramp_min"": 0.25, ""score_group_threshold_default"": 1.5, ""volatility_scaler_high"": 0.025, ""volatility_scaler_low"": 0.005}"
ENGINE_A,,,BTC/USDT,LOW_VOLATILITY,intraday,engine_a_47614b9290,1,0,1,0.0,-0.08,,,-0.08,,,True,-0.006,unspecified,unspecified,9,1.5,True,276,218,58,score_gte_candidate_threshold,"{""adx_hard_fail"": 18.0, ""adx_trend_min"": 22.0, ""directional_ramp_full"": 0.45, ""directional_ramp_min"": 0.25, ""score_group_threshold_default"": 1.5, ""volatility_scaler_high"": 0.025, ""volatility_scaler_low"": 0.005}"
ENGINE_A,,,SUI/USDT,TRENDING,intraday,engine_a_47614b9290,1,0,1,0.0,-0.08,,,-0.08,,,True,-0.006,unspecified,unspecified,9,1.5,True,276,218,58,score_gte_candidate_threshold,"{""adx_hard_fail"": 18.0, ""adx_trend_min"": 22.0, ""directional_ramp_full"": 0.45, ""directional_ramp_min"": 0.25, ""score_group_threshold_default"": 1.5, ""volatility_scaler_high"": 0.025, ""volatility_scaler_low"": 0.005}"
ENGINE_A,,,BTC/USDT,LOW_VOLATILITY,intraday,engine_a_45943c6160,1,0,1,0.0,-0.08,,,-0.08,,,True,-0.006,unspecified,unspecified,9,1.5,True,276,218,58,score_gte_candidate_threshold,"{""adx_hard_fail"": 12.0, ""adx_trend_min"": 25.0, ""directional_ramp_full"": 0.45, ""directional_ramp_min"": 0.25, ""score_group_threshold_default"": 1.5, ""volatility_scaler_high"": 0.025, ""volatility_scaler_low"": 0.005}"
ENGINE_A,,,SUI/USDT,TRENDING,intraday,engine_a_45943c6160,1,0,1,0.0,-0.08,,,-0.08,,,True,-0.006,unspecified,unspecified,9,1.5,True,276,218,58,score_gte_candidate_threshold,"{""adx_hard_fail"": 12.0, ""adx_trend_min"": 25.0, ""directional_ramp_full"": 0.45, ""directional_ramp_min"": 0.25, ""score_group_threshold_default"": 1.5, ""volatility_scaler_high"": 0.025, ""volatility_scaler_low"": 0.005}"
ENGINE_A,,,BTC/USDT,LOW_VOLATILITY,intraday,engine_a_43d6f1c8a4,1,0,1,0.0,-0.08,,,-0.08,,,True,-0.006,unspecified,unspecified,9,1.5,True,276,218,58,score_gte_candidate_threshold,"{""adx_hard_fail"": 15.0, ""adx_trend_min"": 25.0, ""directional_ramp_full"": 0.45, ""directional_ramp_min"": 0.25, ""score_group_threshold_default"": 1.5, ""volatility_scaler_high"": 0.025, ""volatility_scaler_low"": 0.005}"
ENGINE_A,,,SUI/USDT,TRENDING,intraday,engine_a_43d6f1c8a4,1,0,1,0.0,-0.08,,,-0.08,,,True,-0.006,unspecified,unspecified,9,1.5,True,276,218,58,score_gte_candidate_threshold,"{""adx_hard_fail"": 15.0, ""adx_trend_min"": 25.0, ""directional_ramp_full"": 0.45, ""directional_ramp_min"": 0.25, ""score_group_threshold_default"": 1.5, ""volatility_scaler_high"": 0.025, ""volatility_scaler_low"": 0.005}"
ENGINE_A,,,BTC/USDT,LOW_VOLATILITY,intraday,engine_a_c38fbf3d85,1,0,1,0.0,-0.08,,,-0.08,,,True,-0.006,unspecified,unspecified,9,1.5,True,276,218,58,score_gte_candidate_threshold,"{""adx_hard_fail"": 18.0, ""adx_trend_min"": 25.0, ""directional_ramp_full"": 0.45, ""directional_ramp_min"": 0.25, ""score_group_threshold_default"": 1.5, ""volatility_scaler_high"": 0.025, ""volatility_scaler_low"": 0.005}"
ENGINE_A,,,SUI/USDT,TRENDING,intraday,engine_a_c38fbf3d85,1,0,1,0.0,-0.08,,,-0.08,,,True,-0.006,unspecified,unspecified,9,1.5,True,276,218,58,score_gte_candidate_threshold,"{""adx_hard_fail"": 18.0, ""adx_trend_min"": 25.0, ""directional_ramp_full"": 0.45, ""directional_ramp_min"": 0.25, ""score_group_threshold_default"": 1.5, ""volatility_scaler_high"": 0.025, ""volatility_scaler_low"": 0.005}"
ENGINE_A,,,BTC/USDT,LOW_VOLATILITY,intraday,engine_a_f182b0faa6,1,0,1,0.0,-0.08,,,-0.08,,,True,-0.006,unspecified,unspecified,9,1.5,True,276,218,58,score_gte_candidate_threshold,"{""adx_hard_fail"": 12.0, ""adx_trend_min"": 28.0, ""directional_ramp_full"": 0.45, ""directional_ramp_min"": 0.25, ""score_group_threshold_default"": 1.5, ""volatility_scaler_high"": 0.025, ""volatility_scaler_low"": 0.005}"
ENGINE_A,,,SUI/USDT,TRENDING,intraday,engine_a_f182b0faa6,1,0,1,0.0,-0.08,,,-0.08,,,True,-0.006,unspecified,unspecified,9,1.5,True,276,218,58,score_gte_candidate_threshold,"{""adx_hard_fail"": 12.0, ""adx_trend_min"": 28.0, ""directional_ramp_full"": 0.45, ""directional_ramp_min"": 0.25, ""score_group_threshold_default"": 1.5, ""volatility_scaler_high"": 0.025, ""volatility_scaler_low"": 0.005}"
ENGINE_A,,,BTC/USDT,LOW_VOLATILITY,intraday,engine_a_b817f3206d,1,0,1,0.0,-0.08,,,-0.08,,,True,-0.006,unspecified,unspecified,9,1.5,True,276,218,58,score_gte_candidate_threshold,"{""adx_hard_fail"": 15.0, ""adx_trend_min"": 28.0, ""directional_ramp_full"": 0.45, ""directional_ramp_min"": 0.25, ""score_group_threshold_default"": 1.5, ""volatility_scaler_high"": 0.025, ""volatility_scaler_low"": 0.005}"
ENGINE_A,,,SUI/USDT,TRENDING,intraday,engine_a_b817f3206d,1,0,1,0.0,-0.08,,,-0.08,,,True,-0.006,unspecified,unspecified,9,1.5,True,276,218,58,score_gte_candidate_threshold,"{""adx_hard_fail"": 15.0, ""adx_trend_min"": 28.0, ""directional_ramp_full"": 0.45, ""directional_ramp_min"": 0.25, ""score_group_threshold_default"": 1.5, ""volatility_scaler_high"": 0.025, ""volatility_scaler_low"": 0.005}"
ENGINE_A,,,BTC/USDT,LOW_VOLATILITY,intraday,engine_a_bf31182245,1,0,1,0.0,-0.08,,,-0.08,,,True,-0.006,unspecified,unspecified,9,1.5,True,276,218,58,score_gte_candidate_threshold,"{""adx_hard_fail"": 18.0, ""adx_trend_min"": 28.0, ""directional_ramp_full"": 0.45, ""directional_ramp_min"": 0.25, ""score_group_threshold_default"": 1.5, ""volatility_scaler_high"": 0.025, ""volatility_scaler_low"": 0.005}"
ENGINE_A,,,SUI/USDT,TRENDING,intraday,engine_a_bf31182245,1,0,1,0.0,-0.08,,,-0.08,,,True,-0.006,unspecified,unspecified,9,1.5,True,276,218,58,score_gte_candidate_threshold,"{""adx_hard_fail"": 18.0, ""adx_trend_min"": 28.0, ""directional_ramp_full"": 0.45, ""directional_ramp_min"": 0.25, ""score_group_threshold_default"": 1.5, ""volatility_scaler_high"": 0.025, ""volatility_scaler_low"": 0.005}"
ENGINE_A,,,BNB/USDT,TRENDING,scalp,engine_a_9e0e9b16e0,1,0,1,0.0,-0.09,,,-0.09,,,True,-0.00675,unspecified,unspecified,9,1.5,True,276,218,58,score_gte_candidate_threshold,"{""adx_hard_fail"": 12.0, ""adx_trend_min"": 22.0, ""directional_ramp_full"": 0.45, ""directional_ramp_min"": 0.25, ""score_group_threshold_default"": 1.5, ""volatility_scaler_high"": 0.025, ""volatility_scaler_low"": 0.005}"
ENGINE_A,,,BNB/USDT,TRENDING,scalp,engine_a_0786ab053e,1,0,1,0.0,-0.09,,,-0.09,,,True,-0.00675,unspecified,unspecified,9,1.5,True,276,218,58,score_gte_candidate_threshold,"{""adx_hard_fail"": 15.0, ""adx_trend_min"": 22.0, ""directional_ramp_full"": 0.45, ""directional_ramp_min"": 0.25, ""score_group_threshold_default"": 1.5, ""volatility_scaler_high"": 0.025, ""volatility_scaler_low"": 0.005}"
ENGINE_A,,,BNB/USDT,TRENDING,scalp,engine_a_47614b9290,1,0,1,0.0,-0.09,,,-0.09,,,True,-0.00675,unspecified,unspecified,9,1.5,True,276,218,58,score_gte_candidate_threshold,"{""adx_hard_fail"": 18.0, ""adx_trend_min"": 22.0, ""directional_ramp_full"": 0.45, ""directional_ramp_min"": 0.25, ""score_group_threshold_default"": 1.5, ""volatility_scaler_high"": 0.025, ""volatility_scaler_low"": 0.005}"
ENGINE_A,,,BNB/USDT,TRENDING,scalp,engine_a_45943c6160,1,0,1,0.0,-0.09,,,-0.09,,,True,-0.00675,unspecified,unspecified,9,1.5,True,276,218,58,score_gte_candidate_threshold,"{""adx_hard_fail"": 12.0, ""adx_trend_min"": 25.0, ""directional_ramp_full"": 0.45, ""directional_ramp_min"": 0.25, ""score_group_threshold_default"": 1.5, ""volatility_scaler_high"": 0.025, ""volatility_scaler_low"": 0.005}"
ENGINE_A,,,BNB/USDT,TRENDING,scalp,engine_a_43d6f1c8a4,1,0,1,0.0,-0.09,,,-0.09,,,True,-0.00675,unspecified,unspecified,9,1.5,True,276,218,58,score_gte_candidate_threshold,"{""adx_hard_fail"": 15.0, ""adx_trend_min"": 25.0, ""directional_ramp_full"": 0.45, ""directional_ramp_min"": 0.25, ""score_group_threshold_default"": 1.5, ""volatility_scaler_high"": 0.025, ""volatility_scaler_low"": 0.005}"
ENGINE_A,,,BNB/USDT,TRENDING,scalp,engine_a_c38fbf3d85,1,0,1,0.0,-0.09,,,-0.09,,,True,-0.00675,unspecified,unspecified,9,1.5,True,276,218,58,score_gte_candidate_threshold,"{""adx_hard_fail"": 18.0, ""adx_trend_min"": 25.0, ""directional_ramp_full"": 0.45, ""directional_ramp_min"": 0.25, ""score_group_threshold_default"": 1.5, ""volatility_scaler_high"": 0.025, ""volatility_scaler_low"": 0.005}"
ENGINE_A,,,BNB/USDT,TRENDING,scalp,engine_a_f182b0faa6,1,0,1,0.0,-0.09,,,-0.09,,,True,-0.00675,unspecified,unspecified,9,1.5,True,276,218,58,score_gte_candidate_threshold,"{""adx_hard_fail"": 12.0, ""adx_trend_min"": 28.0, ""directional_ramp_full"": 0.45, ""directional_ramp_min"": 0.25, ""score_group_threshold_default"": 1.5, ""volatility_scaler_high"": 0.025, ""volatility_scaler_low"": 0.005}"
ENGINE_A,,,BNB/USDT,TRENDING,scalp,engine_a_b817f3206d,1,0,1,0.0,-0.09,,,-0.09,,,True,-0.00675,unspecified,unspecified,9,1.5,True,276,218,58,score_gte_candidate_threshold,"{""adx_hard_fail"": 15.0, ""adx_trend_min"": 28.0, ""directional_ramp_full"": 0.45, ""directional_ramp_min"": 0.25, ""score_group_threshold_default"": 1.5, ""volatility_scaler_high"": 0.025, ""volatility_scaler_low"": 0.005}"
ENGINE_A,,,BNB/USDT,TRENDING,scalp,engine_a_bf31182245,1,0,1,0.0,-0.09,,,-0.09,,,True,-0.00675,unspecified,unspecified,9,1.5,True,276,218,58,score_gte_candidate_threshold,"{""adx_hard_fail"": 18.0, ""adx_trend_min"": 28.0, ""directional_ramp_full"": 0.45, ""directional_ramp_min"": 0.25, ""score_group_threshold_default"": 1.5, ""volatility_scaler_high"": 0.025, ""volatility_scaler_low"": 0.005}"
ENGINE_A,,,TRX/USDT,RANGING,intraday,engine_a_9e0e9b16e0,1,0,1,0.0,-0.1,,,-0.1,,,True,-0.0075,unspecified,unspecified,9,1.5,True,276,218,58,score_gte_candidate_threshold,"{""adx_hard_fail"": 12.0, ""adx_trend_min"": 22.0, ""directional_ramp_full"": 0.45, ""directional_ramp_min"": 0.25, ""score_group_threshold_default"": 1.5, ""volatility_scaler_high"": 0.025, ""volatility_scaler_low"": 0.005}"
ENGINE_A,,,TRX/USDT,RANGING,intraday,engine_a_0786ab053e,1,0,1,0.0,-0.1,,,-0.1,,,True,-0.0075,unspecified,unspecified,9,1.5,True,276,218,58,score_gte_candidate_threshold,"{""adx_hard_fail"": 15.0, ""adx_trend_min"": 22.0, ""directional_ramp_full"": 0.45, ""directional_ramp_min"": 0.25, ""score_group_threshold_default"": 1.5, ""volatility_scaler_high"": 0.025, ""volatility_scaler_low"": 0.005}"
ENGINE_A,,,TRX/USDT,RANGING,intraday,engine_a_47614b9290,1,0,1,0.0,-0.1,,,-0.1,,,True,-0.0075,unspecified,unspecified,9,1.5,True,276,218,58,score_gte_candidate_threshold,"{""adx_hard_fail"": 18.0, ""adx_trend_min"": 22.0, ""directional_ramp_full"": 0.45, ""directional_ramp_min"": 0.25, ""score_group_threshold_default"": 1.5, ""volatility_scaler_high"": 0.025, ""volatility_scaler_low"": 0.005}"
ENGINE_A,,,TRX/USDT,RANGING,intraday,engine_a_45943c6160,1,0,1,0.0,-0.1,,,-0.1,,,True,-0.0075,unspecified,unspecified,9,1.5,True,276,218,58,score_gte_candidate_threshold,"{""adx_hard_fail"": 12.0, ""adx_trend_min"": 25.0, ""directional_ramp_full"": 0.45, ""directional_ramp_min"": 0.25, ""score_group_threshold_default"": 1.5, ""volatility_scaler_high"": 0.025, ""volatility_scaler_low"": 0.005}"
ENGINE_A,,,TRX/USDT,RANGING,intraday,engine_a_43d6f1c8a4,1,0,1,0.0,-0.1,,,-0.1,,,True,-0.0075,unspecified,unspecified,9,1.5,True,276,218,58,score_gte_candidate_threshold,"{""adx_hard_fail"": 15.0, ""adx_trend_min"": 25.0, ""directional_ramp_full"": 0.45, ""directional_ramp_min"": 0.25, ""score_group_threshold_default"": 1.5, ""volatility_scaler_high"": 0.025, ""volatility_scaler_low"": 0.005}"
ENGINE_A,,,TRX/USDT,RANGING,intraday,engine_a_c38fbf3d85,1,0,1,0.0,-0.1,,,-0.1,,,True,-0.0075,unspecified,unspecified,9,1.5,True,276,218,58,score_gte_candidate_threshold,"{""adx_hard_fail"": 18.0, ""adx_trend_min"": 25.0, ""directional_ramp_full"": 0.45, ""directional_ramp_min"": 0.25, ""score_group_threshold_default"": 1.5, ""volatility_scaler_high"": 0.025, ""volatility_scaler_low"": 0.005}"
ENGINE_A,,,TRX/USDT,RANGING,intraday,engine_a_f182b0faa6,1,0,1,0.0,-0.1,,,-0.1,,,True,-0.0075,unspecified,unspecified,9,1.5,True,276,218,58,score_gte_candidate_threshold,"{""adx_hard_fail"": 12.0, ""adx_trend_min"": 28.0, ""directional_ramp_full"": 0.45, ""directional_ramp_min"": 0.25, ""score_group_threshold_default"": 1.5, ""volatility_scaler_high"": 0.025, ""volatility_scaler_low"": 0.005}"
ENGINE_A,,,TRX/USDT,RANGING,intraday,engine_a_b817f3206d,1,0,1,0.0,-0.1,,,-0.1,,,True,-0.0075,unspecified,unspecified,9,1.5,True,276,218,58,score_gte_candidate_threshold,"{""adx_hard_fail"": 15.0, ""adx_trend_min"": 28.0, ""directional_ramp_full"": 0.45, ""directional_ramp_min"": 0.25, ""score_group_threshold_default"": 1.5, ""volatility_scaler_high"": 0.025, ""volatility_scaler_low"": 0.005}"
ENGINE_A,,,TRX/USDT,RANGING,intraday,engine_a_bf31182245,1,0,1,0.0,-0.1,,,-0.1,,,True,-0.0075,unspecified,unspecified,9,1.5,True,276,218,58,score_gte_candidate_threshold,"{""adx_hard_fail"": 18.0, ""adx_trend_min"": 28.0, ""directional_ramp_full"": 0.45, ""directional_ramp_min"": 0.25, ""score_group_threshold_default"": 1.5, ""volatility_scaler_high"": 0.025, ""volatility_scaler_low"": 0.005}"
ENGINE_A,,,RENDER/USDT,DEAD RANGING,intraday,engine_a_9e0e9b16e0,1,0,1,0.0,-0.13,,,-0.13,,,True,-0.00975,unspecified,unspecified,9,1.5,True,276,218,58,score_gte_candidate_threshold,"{""adx_hard_fail"": 12.0, ""adx_trend_min"": 22.0, ""directional_ramp_full"": 0.45, ""directional_ramp_min"": 0.25, ""score_group_threshold_default"": 1.5, ""volatility_scaler_high"": 0.025, ""volatility_scaler_low"": 0.005}"
ENGINE_A,,,RENDER/USDT,DEAD RANGING,intraday,engine_a_0786ab053e,1,0,1,0.0,-0.13,,,-0.13,,,True,-0.00975,unspecified,unspecified,9,1.5,True,276,218,58,score_gte_candidate_threshold,"{""adx_hard_fail"": 15.0, ""adx_trend_min"": 22.0, ""directional_ramp_full"": 0.45, ""directional_ramp_min"": 0.25, ""score_group_threshold_default"": 1.5, ""volatility_scaler_high"": 0.025, ""volatility_scaler_low"": 0.005}"
ENGINE_A,,,RENDER/USDT,DEAD RANGING,intraday,engine_a_47614b9290,1,0,1,0.0,-0.13,,,-0.13,,,True,-0.00975,unspecified,unspecified,9,1.5,True,276,218,58,score_gte_candidate_threshold,"{""adx_hard_fail"": 18.0, ""adx_trend_min"": 22.0, ""directional_ramp_full"": 0.45, ""directional_ramp_min"": 0.25, ""score_group_threshold_default"": 1.5, ""volatility_scaler_high"": 0.025, ""volatility_scaler_low"": 0.005}"
ENGINE_A,,,RENDER/USDT,DEAD RANGING,intraday,engine_a_45943c6160,1,0,1,0.0,-0.13,,,-0.13,,,True,-0.00975,unspecified,unspecified,9,1.5,True,276,218,58,score_gte_candidate_threshold,"{""adx_hard_fail"": 12.0, ""adx_trend_min"": 25.0, ""directional_ramp_full"": 0.45, ""directional_ramp_min"": 0.25, ""score_group_threshold_default"": 1.5, ""volatility_scaler_high"": 0.025, ""volatility_scaler_low"": 0.005}"
ENGINE_A,,,RENDER/USDT,DEAD RANGING,intraday,engine_a_43d6f1c8a4,1,0,1,0.0,-0.13,,,-0.13,,,True,-0.00975,unspecified,unspecified,9,1.5,True,276,218,58,score_gte_candidate_threshold,"{""adx_hard_fail"": 15.0, ""adx_trend_min"": 25.0, ""directional_ramp_full"": 0.45, ""directional_ramp_min"": 0.25, ""score_group_threshold_default"": 1.5, ""volatility_scaler_high"": 0.025, ""volatility_scaler_low"": 0.005}"
ENGINE_A,,,RENDER/USDT,DEAD RANGING,intraday,engine_a_c38fbf3d85,1,0,1,0.0,-0.13,,,-0.13,,,True,-0.00975,unspecified,unspecified,9,1.5,True,276,218,58,score_gte_candidate_threshold,"{""adx_hard_fail"": 18.0, ""adx_trend_min"": 25.0, ""directional_ramp_full"": 0.45, ""directional_ramp_min"": 0.25, ""score_group_threshold_default"": 1.5, ""volatility_scaler_high"": 0.025, ""volatility_scaler_low"": 0.005}"
ENGINE_A,,,RENDER/USDT,DEAD RANGING,intraday,engine_a_f182b0faa6,1,0,1,0.0,-0.13,,,-0.13,,,True,-0.00975,unspecified,unspecified,9,1.5,True,276,218,58,score_gte_candidate_threshold,"{""adx_hard_fail"": 12.0, ""adx_trend_min"": 28.0, ""directional_ramp_full"": 0.45, ""directional_ramp_min"": 0.25, ""score_group_threshold_default"": 1.5, ""volatility_scaler_high"": 0.025, ""volatility_scaler_low"": 0.005}"
ENGINE_A,,,RENDER/USDT,DEAD RANGING,intraday,engine_a_b817f3206d,1,0,1,0.0,-0.13,,,-0.13,,,True,-0.00975,unspecified,unspecified,9,1.5,True,276,218,58,score_gte_candidate_threshold,"{""adx_hard_fail"": 15.0, ""adx_trend_min"": 28.0, ""directional_ramp_full"": 0.45, ""directional_ramp_min"": 0.25, ""score_group_threshold_default"": 1.5, ""volatility_scaler_high"": 0.025, ""volatility_scaler_low"": 0.005}"
ENGINE_A,,,RENDER/USDT,DEAD RANGING,intraday,engine_a_bf31182245,1,0,1,0.0,-0.13,,,-0.13,,,True,-0.00975,unspecified,unspecified,9,1.5,True,276,218,58,score_gte_candidate_threshold,"{""adx_hard_fail"": 18.0, ""adx_trend_min"": 28.0, ""directional_ramp_full"": 0.45, ""directional_ramp_min"": 0.25, ""score_group_threshold_default"": 1.5, ""volatility_scaler_high"": 0.025, ""volatility_scaler_low"": 0.005}"
ENGINE_A,commodity,,Cotton,DEVELOPING,swing,engine_a_9e0e9b16e0,1,0,1,0.0,-0.14,,,-0.14,,,True,-0.0105,unspecified,unspecified,9,1.5,True,276,218,58,score_gte_candidate_threshold,"{""adx_hard_fail"": 12.0, ""adx_trend_min"": 22.0, ""directional_ramp_full"": 0.45, ""directional_ramp_min"": 0.25, ""score_group_threshold_default"": 1.5, ""volatility_scaler_high"": 0.025, ""volatility_scaler_low"": 0.005}"
ENGINE_A,commodity,,Cotton,DEVELOPING,swing,engine_a_0786ab053e,1,0,1,0.0,-0.14,,,-0.14,,,True,-0.0105,unspecified,unspecified,9,1.5,True,276,218,58,score_gte_candidate_threshold,"{""adx_hard_fail"": 15.0, ""adx_trend_min"": 22.0, ""directional_ramp_full"": 0.45, ""directional_ramp_min"": 0.25, ""score_group_threshold_default"": 1.5, ""volatility_scaler_high"": 0.025, ""volatility_scaler_low"": 0.005}"
ENGINE_A,commodity,,Cotton,DEVELOPING,swing,engine_a_47614b9290,1,0,1,0.0,-0.14,,,-0.14,,,True,-0.0105,unspecified,unspecified,9,1.5,True,276,218,58,score_gte_candidate_threshold,"{""adx_hard_fail"": 18.0, ""adx_trend_min"": 22.0, ""directional_ramp_full"": 0.45, ""directional_ramp_min"": 0.25, ""score_group_threshold_default"": 1.5, ""volatility_scaler_high"": 0.025, ""volatility_scaler_low"": 0.005}"
ENGINE_A,commodity,,Cotton,DEVELOPING,swing,engine_a_45943c6160,1,0,1,0.0,-0.14,,,-0.14,,,True,-0.0105,unspecified,unspecified,9,1.5,True,276,218,58,score_gte_candidate_threshold,"{""adx_hard_fail"": 12.0, ""adx_trend_min"": 25.0, ""directional_ramp_full"": 0.45, ""directional_ramp_min"": 0.25, ""score_group_threshold_default"": 1.5, ""volatility_scaler_high"": 0.025, ""volatility_scaler_low"": 0.005}"
ENGINE_A,commodity,,Cotton,DEVELOPING,swing,engine_a_43d6f1c8a4,1,0,1,0.0,-0.14,,,-0.14,,,True,-0.0105,unspecified,unspecified,9,1.5,True,276,218,58,score_gte_candidate_threshold,"{""adx_hard_fail"": 15.0, ""adx_trend_min"": 25.0, ""directional_ramp_full"": 0.45, ""directional_ramp_min"": 0.25, ""score_group_threshold_default"": 1.5, ""volatility_scaler_high"": 0.025, ""volatility_scaler_low"": 0.005}"
ENGINE_A,commodity,,Cotton,DEVELOPING,swing,engine_a_c38fbf3d85,1,0,1,0.0,-0.14,,,-0.14,,,True,-0.0105,unspecified,unspecified,9,1.5,True,276,218,58,score_gte_candidate_threshold,"{""adx_hard_fail"": 18.0, ""adx_trend_min"": 25.0, ""directional_ramp_full"": 0.45, ""directional_ramp_min"": 0.25, ""score_group_threshold_default"": 1.5, ""volatility_scaler_high"": 0.025, ""volatility_scaler_low"": 0.005}"
ENGINE_A,commodity,,Cotton,DEVELOPING,swing,engine_a_f182b0faa6,1,0,1,0.0,-0.14,,,-0.14,,,True,-0.0105,unspecified,unspecified,9,1.5,True,276,218,58,score_gte_candidate_threshold,"{""adx_hard_fail"": 12.0, ""adx_trend_min"": 28.0, ""directional_ramp_full"": 0.45, ""directional_ramp_min"": 0.25, ""score_group_threshold_default"": 1.5, ""volatility_scaler_high"": 0.025, ""volatility_scaler_low"": 0.005}"
ENGINE_A,commodity,,Cotton,DEVELOPING,swing,engine_a_b817f3206d,1,0,1,0.0,-0.14,,,-0.14,,,True,-0.0105,unspecified,unspecified,9,1.5,True,276,218,58,score_gte_candidate_threshold,"{""adx_hard_fail"": 15.0, ""adx_trend_min"": 28.0, ""directional_ramp_full"": 0.45, ""directional_ramp_min"": 0.25, ""score_group_threshold_default"": 1.5, ""volatility_scaler_high"": 0.025, ""volatility_scaler_low"": 0.005}"
ENGINE_A,commodity,,Cotton,DEVELOPING,swing,engine_a_bf31182245,1,0,1,0.0,-0.14,,,-0.14,,,True,-0.0105,unspecified,unspecified,9,1.5,True,276,218,58,score_gte_candidate_threshold,"{""adx_hard_fail"": 18.0, ""adx_trend_min"": 28.0, ""directional_ramp_full"": 0.45, ""directional_ramp_min"": 0.25, ""score_group_threshold_default"": 1.5, ""volatility_scaler_high"": 0.025, ""volatility_scaler_low"": 0.005}"
ENGINE_A,,,ARB/USDT,LOW_VOLATILITY,intraday,engine_a_9e0e9b16e0,2,1,1,0.5,-0.08,,,-0.08,,,True,-0.012,unspecified,unspecified,9,1.5,True,276,218,58,score_gte_candidate_threshold,"{""adx_hard_fail"": 12.0, ""adx_trend_min"": 22.0, ""directional_ramp_full"": 0.45, ""directional_ramp_min"": 0.25, ""score_group_threshold_default"": 1.5, ""volatility_scaler_high"": 0.025, ""volatility_scaler_low"": 0.005}"
ENGINE_A,,,ARB/USDT,LOW_VOLATILITY,intraday,engine_a_0786ab053e,2,1,1,0.5,-0.08,,,-0.08,,,True,-0.012,unspecified,unspecified,9,1.5,True,276,218,58,score_gte_candidate_threshold,"{""adx_hard_fail"": 15.0, ""adx_trend_min"": 22.0, ""directional_ramp_full"": 0.45, ""directional_ramp_min"": 0.25, ""score_group_threshold_default"": 1.5, ""volatility_scaler_high"": 0.025, ""volatility_scaler_low"": 0.005}"
ENGINE_A,,,ARB/USDT,LOW_VOLATILITY,intraday,engine_a_47614b9290,2,1,1,0.5,-0.08,,,-0.08,,,True,-0.012,unspecified,unspecified,9,1.5,True,276,218,58,score_gte_candidate_threshold,"{""adx_hard_fail"": 18.0, ""adx_trend_min"": 22.0, ""directional_ramp_full"": 0.45, ""directional_ramp_min"": 0.25, ""score_group_threshold_default"": 1.5, ""volatility_scaler_high"": 0.025, ""volatility_scaler_low"": 0.005}"
ENGINE_A,,,ARB/USDT,LOW_VOLATILITY,intraday,engine_a_45943c6160,2,1,1,0.5,-0.08,,,-0.08,,,True,-0.012,unspecified,unspecified,9,1.5,True,276,218,58,score_gte_candidate_threshold,"{""adx_hard_fail"": 12.0, ""adx_trend_min"": 25.0, ""directional_ramp_full"": 0.45, ""directional_ramp_min"": 0.25, ""score_group_threshold_default"": 1.5, ""volatility_scaler_high"": 0.025, ""volatility_scaler_low"": 0.005}"
ENGINE_A,,,ARB/USDT,LOW_VOLATILITY,intraday,engine_a_43d6f1c8a4,2,1,1,0.5,-0.08,,,-0.08,,,True,-0.012,unspecified,unspecified,9,1.5,True,276,218,58,score_gte_candidate_threshold,"{""adx_hard_fail"": 15.0, ""adx_trend_min"": 25.0, ""directional_ramp_full"": 0.45, ""directional_ramp_min"": 0.25, ""score_group_threshold_default"": 1.5, ""volatility_scaler_high"": 0.025, ""volatility_scaler_low"": 0.005}"
ENGINE_A,,,ARB/USDT,LOW_VOLATILITY,intraday,engine_a_c38fbf3d85,2,1,1,0.5,-0.08,,,-0.08,,,True,-0.012,unspecified,unspecified,9,1.5,True,276,218,58,score_gte_candidate_threshold,"{""adx_hard_fail"": 18.0, ""adx_trend_min"": 25.0, ""directional_ramp_full"": 0.45, ""directional_ramp_min"": 0.25, ""score_group_threshold_default"": 1.5, ""volatility_scaler_high"": 0.025, ""volatility_scaler_low"": 0.005}"
ENGINE_A,,,ARB/USDT,LOW_VOLATILITY,intraday,engine_a_f182b0faa6,2,1,1,0.5,-0.08,,,-0.08,,,True,-0.012,unspecified,unspecified,9,1.5,True,276,218,58,score_gte_candidate_threshold,"{""adx_hard_fail"": 12.0, ""adx_trend_min"": 28.0, ""directional_ramp_full"": 0.45, ""directional_ramp_min"": 0.25, ""score_group_threshold_default"": 1.5, ""volatility_scaler_high"": 0.025, ""volatility_scaler_low"": 0.005}"
ENGINE_A,,,ARB/USDT,LOW_VOLATILITY,intraday,engine_a_b817f3206d,2,1,1,0.5,-0.08,,,-0.08,,,True,-0.012,unspecified,unspecified,9,1.5,True,276,218,58,score_gte_candidate_threshold,"{""adx_hard_fail"": 15.0, ""adx_trend_min"": 28.0, ""directional_ramp_full"": 0.45, ""directional_ramp_min"": 0.25, ""score_group_threshold_default"": 1.5, ""volatility_scaler_high"": 0.025, ""volatility_scaler_low"": 0.005}"
ENGINE_A,,,ARB/USDT,LOW_VOLATILITY,intraday,engine_a_bf31182245,2,1,1,0.5,-0.08,,,-0.08,,,True,-0.012,unspecified,unspecified,9,1.5,True,276,218,58,score_gte_candidate_threshold,"{""adx_hard_fail"": 18.0, ""adx_trend_min"": 28.0, ""directional_ramp_full"": 0.45, ""directional_ramp_min"": 0.25, ""score_group_threshold_default"": 1.5, ""volatility_scaler_high"": 0.025, ""volatility_scaler_low"": 0.005}"
ENGINE_A,,,USD/MXN,LOW_VOLATILITY,swing,engine_a_9e0e9b16e0,2,0,2,0.0,-0.15,,,-0.15,,,True,-0.0225,unspecified,unspecified,9,1.5,True,276,218,58,score_gte_candidate_threshold,"{""adx_hard_fail"": 12.0, ""adx_trend_min"": 22.0, ""directional_ramp_full"": 0.45, ""directional_ramp_min"": 0.25, ""score_group_threshold_default"": 1.5, ""volatility_scaler_high"": 0.025, ""volatility_scaler_low"": 0.005}"
ENGINE_A,,,XAG/USD,TRENDING,scalp,engine_a_9e0e9b16e0,3,2,1,0.666667,-0.1,,,-0.1,,,True,-0.0225,unspecified,unspecified,9,1.5,True,276,218,58,score_gte_candidate_threshold,"{""adx_hard_fail"": 12.0, ""adx_trend_min"": 22.0, ""directional_ramp_full"": 0.45, ""directional_ramp_min"": 0.25, ""score_group_threshold_default"": 1.5, ""volatility_scaler_high"": 0.025, ""volatility_scaler_low"": 0.005}"
ENGINE_A,,,TRX/USDT,TRENDING,scalp,engine_a_9e0e9b16e0,1,0,1,0.0,-0.3,,,-0.3,,,True,-0.0225,unspecified,unspecified,9,1.5,True,276,218,58,score_gte_candidate_threshold,"{""adx_hard_fail"": 12.0, ""adx_trend_min"": 22.0, ""directional_ramp_full"": 0.45, ""directional_ramp_min"": 0.25, ""score_group_threshold_default"": 1.5, ""volatility_scaler_high"": 0.025, ""volatility_scaler_low"": 0.005}"
ENGINE_A,,,USD/MXN,LOW_VOLATILITY,swing,engine_a_0786ab053e,2,0,2,0.0,-0.15,,,-0.15,,,True,-0.0225,unspecified,unspecified,9,1.5,True,276,218,58,score_gte_candidate_threshold,"{""adx_hard_fail"": 15.0, ""adx_trend_min"": 22.0, ""directional_ramp_full"": 0.45, ""directional_ramp_min"": 0.25, ""score_group_threshold_default"": 1.5, ""volatility_scaler_high"": 0.025, ""volatility_scaler_low"": 0.005}"
ENGINE_A,,,XAG/USD,TRENDING,scalp,engine_a_0786ab053e,3,2,1,0.666667,-0.1,,,-0.1,,,True,-0.0225,unspecified,unspecified,9,1.5,True,276,218,58,score_gte_candidate_threshold,"{""adx_hard_fail"": 15.0, ""adx_trend_min"": 22.0, ""directional_ramp_full"": 0.45, ""directional_ramp_min"": 0.25, ""score_group_threshold_default"": 1.5, ""volatility_scaler_high"": 0.025, ""volatility_scaler_low"": 0.005}"
ENGINE_A,,,TRX/USDT,TRENDING,scalp,engine_a_0786ab053e,1,0,1,0.0,-0.3,,,-0.3,,,True,-0.0225,unspecified,unspecified,9,1.5,True,276,218,58,score_gte_candidate_threshold,"{""adx_hard_fail"": 15.0, ""adx_trend_min"": 22.0, ""directional_ramp_full"": 0.45, ""directional_ramp_min"": 0.25, ""score_group_threshold_default"": 1.5, ""volatility_scaler_high"": 0.025, ""volatility_scaler_low"": 0.005}"
ENGINE_A,,,USD/MXN,LOW_VOLATILITY,swing,engine_a_47614b9290,2,0,2,0.0,-0.15,,,-0.15,,,True,-0.0225,unspecified,unspecified,9,1.5,True,276,218,58,score_gte_candidate_threshold,"{""adx_hard_fail"": 18.0, ""adx_trend_min"": 22.0, ""directional_ramp_full"": 0.45, ""directional_ramp_min"": 0.25, ""score_group_threshold_default"": 1.5, ""volatility_scaler_high"": 0.025, ""volatility_scaler_low"": 0.005}"
ENGINE_A,,,XAG/USD,TRENDING,scalp,engine_a_47614b9290,3,2,1,0.666667,-0.1,,,-0.1,,,True,-0.0225,unspecified,unspecified,9,1.5,True,276,218,58,score_gte_candidate_threshold,"{""adx_hard_fail"": 18.0, ""adx_trend_min"": 22.0, ""directional_ramp_full"": 0.45, ""directional_ramp_min"": 0.25, ""score_group_threshold_default"": 1.5, ""volatility_scaler_high"": 0.025, ""volatility_scaler_low"": 0.005}"
ENGINE_A,,,TRX/USDT,TRENDING,scalp,engine_a_47614b9290,1,0,1,0.0,-0.3,,,-0.3,,,True,-0.0225,unspecified,unspecified,9,1.5,True,276,218,58,score_gte_candidate_threshold,"{""adx_hard_fail"": 18.0, ""adx_trend_min"": 22.0, ""directional_ramp_full"": 0.45, ""directional_ramp_min"": 0.25, ""score_group_threshold_default"": 1.5, ""volatility_scaler_high"": 0.025, ""volatility_scaler_low"": 0.005}"
ENGINE_A,,,USD/MXN,LOW_VOLATILITY,swing,engine_a_45943c6160,2,0,2,0.0,-0.15,,,-0.15,,,True,-0.0225,unspecified,unspecified,9,1.5,True,276,218,58,score_gte_candidate_threshold,"{""adx_hard_fail"": 12.0, ""adx_trend_min"": 25.0, ""directional_ramp_full"": 0.45, ""directional_ramp_min"": 0.25, ""score_group_threshold_default"": 1.5, ""volatility_scaler_high"": 0.025, ""volatility_scaler_low"": 0.005}"
ENGINE_A,,,XAG/USD,TRENDING,scalp,engine_a_45943c6160,3,2,1,0.666667,-0.1,,,-0.1,,,True,-0.0225,unspecified,unspecified,9,1.5,True,276,218,58,score_gte_candidate_threshold,"{""adx_hard_fail"": 12.0, ""adx_trend_min"": 25.0, ""directional_ramp_full"": 0.45, ""directional_ramp_min"": 0.25, ""score_group_threshold_default"": 1.5, ""volatility_scaler_high"": 0.025, ""volatility_scaler_low"": 0.005}"
ENGINE_A,,,TRX/USDT,TRENDING,scalp,engine_a_45943c6160,1,0,1,0.0,-0.3,,,-0.3,,,True,-0.0225,unspecified,unspecified,9,1.5,True,276,218,58,score_gte_candidate_threshold,"{""adx_hard_fail"": 12.0, ""adx_trend_min"": 25.0, ""directional_ramp_full"": 0.45, ""directional_ramp_min"": 0.25, ""score_group_threshold_default"": 1.5, ""volatility_scaler_high"": 0.025, ""volatility_scaler_low"": 0.005}"
ENGINE_A,,,USD/MXN,LOW_VOLATILITY,swing,engine_a_43d6f1c8a4,2,0,2,0.0,-0.15,,,-0.15,,,True,-0.0225,unspecified,unspecified,9,1.5,True,276,218,58,score_gte_candidate_threshold,"{""adx_hard_fail"": 15.0, ""adx_trend_min"": 25.0, ""directional_ramp_full"": 0.45, ""directional_ramp_min"": 0.25, ""score_group_threshold_default"": 1.5, ""volatility_scaler_high"": 0.025, ""volatility_scaler_low"": 0.005}"
ENGINE_A,,,XAG/USD,TRENDING,scalp,engine_a_43d6f1c8a4,3,2,1,0.666667,-0.1,,,-0.1,,,True,-0.0225,unspecified,unspecified,9,1.5,True,276,218,58,score_gte_candidate_threshold,"{""adx_hard_fail"": 15.0, ""adx_trend_min"": 25.0, ""directional_ramp_full"": 0.45, ""directional_ramp_min"": 0.25, ""score_group_threshold_default"": 1.5, ""volatility_scaler_high"": 0.025, ""volatility_scaler_low"": 0.005}"
ENGINE_A,,,TRX/USDT,TRENDING,scalp,engine_a_43d6f1c8a4,1,0,1,0.0,-0.3,,,-0.3,,,True,-0.0225,unspecified,unspecified,9,1.5,True,276,218,58,score_gte_candidate_threshold,"{""adx_hard_fail"": 15.0, ""adx_trend_min"": 25.0, ""directional_ramp_full"": 0.45, ""directional_ramp_min"": 0.25, ""score_group_threshold_default"": 1.5, ""volatility_scaler_high"": 0.025, ""volatility_scaler_low"": 0.005}"
ENGINE_A,,,USD/MXN,LOW_VOLATILITY,swing,engine_a_c38fbf3d85,2,0,2,0.0,-0.15,,,-0.15,,,True,-0.0225,unspecified,unspecified,9,1.5,True,276,218,58,score_gte_candidate_threshold,"{""adx_hard_fail"": 18.0, ""adx_trend_min"": 25.0, ""directional_ramp_full"": 0.45, ""directional_ramp_min"": 0.25, ""score_group_threshold_default"": 1.5, ""volatility_scaler_high"": 0.025, ""volatility_scaler_low"": 0.005}"
ENGINE_A,,,XAG/USD,TRENDING,scalp,engine_a_c38fbf3d85,3,2,1,0.666667,-0.1,,,-0.1,,,True,-0.0225,unspecified,unspecified,9,1.5,True,276,218,58,score_gte_candidate_threshold,"{""adx_hard_fail"": 18.0, ""adx_trend_min"": 25.0, ""directional_ramp_full"": 0.45, ""directional_ramp_min"": 0.25, ""score_group_threshold_default"": 1.5, ""volatility_scaler_high"": 0.025, ""volatility_scaler_low"": 0.005}"
ENGINE_A,,,TRX/USDT,TRENDING,scalp,engine_a_c38fbf3d85,1,0,1,0.0,-0.3,,,-0.3,,,True,-0.0225,unspecified,unspecified,9,1.5,True,276,218,58,score_gte_candidate_threshold,"{""adx_hard_fail"": 18.0, ""adx_trend_min"": 25.0, ""directional_ramp_full"": 0.45, ""directional_ramp_min"": 0.25, ""score_group_threshold_default"": 1.5, ""volatility_scaler_high"": 0.025, ""volatility_scaler_low"": 0.005}"
ENGINE_A,,,USD/MXN,LOW_VOLATILITY,swing,engine_a_f182b0faa6,2,0,2,0.0,-0.15,,,-0.15,,,True,-0.0225,unspecified,unspecified,9,1.5,True,276,218,58,score_gte_candidate_threshold,"{""adx_hard_fail"": 12.0, ""adx_trend_min"": 28.0, ""directional_ramp_full"": 0.45, ""directional_ramp_min"": 0.25, ""score_group_threshold_default"": 1.5, ""volatility_scaler_high"": 0.025, ""volatility_scaler_low"": 0.005}"
ENGINE_A,,,XAG/USD,TRENDING,scalp,engine_a_f182b0faa6,3,2,1,0.666667,-0.1,,,-0.1,,,True,-0.0225,unspecified,unspecified,9,1.5,True,276,218,58,score_gte_candidate_threshold,"{""adx_hard_fail"": 12.0, ""adx_trend_min"": 28.0, ""directional_ramp_full"": 0.45, ""directional_ramp_min"": 0.25, ""score_group_threshold_default"": 1.5, ""volatility_scaler_high"": 0.025, ""volatility_scaler_low"": 0.005}"
ENGINE_A,,,TRX/USDT,TRENDING,scalp,engine_a_f182b0faa6,1,0,1,0.0,-0.3,,,-0.3,,,True,-0.0225,unspecified,unspecified,9,1.5,True,276,218,58,score_gte_candidate_threshold,"{""adx_hard_fail"": 12.0, ""adx_trend_min"": 28.0, ""directional_ramp_full"": 0.45, ""directional_ramp_min"": 0.25, ""score_group_threshold_default"": 1.5, ""volatility_scaler_high"": 0.025, ""volatility_scaler_low"": 0.005}"
ENGINE_A,,,USD/MXN,LOW_VOLATILITY,swing,engine_a_b817f3206d,2,0,2,0.0,-0.15,,,-0.15,,,True,-0.0225,unspecified,unspecified,9,1.5,True,276,218,58,score_gte_candidate_threshold,"{""adx_hard_fail"": 15.0, ""adx_trend_min"": 28.0, ""directional_ramp_full"": 0.45, ""directional_ramp_min"": 0.25, ""score_group_threshold_default"": 1.5, ""volatility_scaler_high"": 0.025, ""volatility_scaler_low"": 0.005}"
ENGINE_A,,,XAG/USD,TRENDING,scalp,engine_a_b817f3206d,3,2,1,0.666667,-0.1,,,-0.1,,,True,-0.0225,unspecified,unspecified,9,1.5,True,276,218,58,score_gte_candidate_threshold,"{""adx_hard_fail"": 15.0, ""adx_trend_min"": 28.0, ""directional_ramp_full"": 0.45, ""directional_ramp_min"": 0.25, ""score_group_threshold_default"": 1.5, ""volatility_scaler_high"": 0.025, ""volatility_scaler_low"": 0.005}"
ENGINE_A,,,TRX/USDT,TRENDING,scalp,engine_a_b817f3206d,1,0,1,0.0,-0.3,,,-0.3,,,True,-0.0225,unspecified,unspecified,9,1.5,True,276,218,58,score_gte_candidate_threshold,"{""adx_hard_fail"": 15.0, ""adx_trend_min"": 28.0, ""directional_ramp_full"": 0.45, ""directional_ramp_min"": 0.25, ""score_group_threshold_default"": 1.5, ""volatility_scaler_high"": 0.025, ""volatility_scaler_low"": 0.005}"
ENGINE_A,,,USD/MXN,LOW_VOLATILITY,swing,engine_a_bf31182245,2,0,2,0.0,-0.15,,,-0.15,,,True,-0.0225,unspecified,unspecified,9,1.5,True,276,218,58,score_gte_candidate_threshold,"{""adx_hard_fail"": 18.0, ""adx_trend_min"": 28.0, ""directional_ramp_full"": 0.45, ""directional_ramp_min"": 0.25, ""score_group_threshold_default"": 1.5, ""volatility_scaler_high"": 0.025, ""volatility_scaler_low"": 0.005}"
ENGINE_A,,,XAG/USD,TRENDING,scalp,engine_a_bf31182245,3,2,1,0.666667,-0.1,,,-0.1,,,True,-0.0225,unspecified,unspecified,9,1.5,True,276,218,58,score_gte_candidate_threshold,"{""adx_hard_fail"": 18.0, ""adx_trend_min"": 28.0, ""directional_ramp_full"": 0.45, ""directional_ramp_min"": 0.25, ""score_group_threshold_default"": 1.5, ""volatility_scaler_high"": 0.025, ""volatility_scaler_low"": 0.005}"
ENGINE_A,,,TRX/USDT,TRENDING,scalp,engine_a_bf31182245,1,0,1,0.0,-0.3,,,-0.3,,,True,-0.0225,unspecified,unspecified,9,1.5,True,276,218,58,score_gte_candidate_threshold,"{""adx_hard_fail"": 18.0, ""adx_trend_min"": 28.0, ""directional_ramp_full"": 0.45, ""directional_ramp_min"": 0.25, ""score_group_threshold_default"": 1.5, ""volatility_scaler_high"": 0.025, ""volatility_scaler_low"": 0.005}"
ENGINE_A,,,Zinc,TRENDING,swing,engine_a_9e0e9b16e0,1,0,1,0.0,-0.31,,,-0.31,,,True,-0.02325,unspecified,unspecified,9,1.5,True,276,218,58,score_gte_candidate_threshold,"{""adx_hard_fail"": 12.0, ""adx_trend_min"": 22.0, ""directional_ramp_full"": 0.45, ""directional_ramp_min"": 0.25, ""score_group_threshold_default"": 1.5, ""volatility_scaler_high"": 0.025, ""volatility_scaler_low"": 0.005}"
ENGINE_A,,,Zinc,TRENDING,swing,engine_a_0786ab053e,1,0,1,0.0,-0.31,,,-0.31,,,True,-0.02325,unspecified,unspecified,9,1.5,True,276,218,58,score_gte_candidate_threshold,"{""adx_hard_fail"": 15.0, ""adx_trend_min"": 22.0, ""directional_ramp_full"": 0.45, ""directional_ramp_min"": 0.25, ""score_group_threshold_default"": 1.5, ""volatility_scaler_high"": 0.025, ""volatility_scaler_low"": 0.005}"
ENGINE_A,,,Zinc,TRENDING,swing,engine_a_47614b9290,1,0,1,0.0,-0.31,,,-0.31,,,True,-0.02325,unspecified,unspecified,9,1.5,True,276,218,58,score_gte_candidate_threshold,"{""adx_hard_fail"": 18.0, ""adx_trend_min"": 22.0, ""directional_ramp_full"": 0.45, ""directional_ramp_min"": 0.25, ""score_group_threshold_default"": 1.5, ""volatility_scaler_high"": 0.025, ""volatility_scaler_low"": 0.005}"
ENGINE_A,,,Zinc,TRENDING,swing,engine_a_45943c6160,1,0,1,0.0,-0.31,,,-0.31,,,True,-0.02325,unspecified,unspecified,9,1.5,True,276,218,58,score_gte_candidate_threshold,"{""adx_hard_fail"": 12.0, ""adx_trend_min"": 25.0, ""directional_ramp_full"": 0.45, ""directional_ramp_min"": 0.25, ""score_group_threshold_default"": 1.5, ""volatility_scaler_high"": 0.025, ""volatility_scaler_low"": 0.005}"
ENGINE_A,,,Zinc,TRENDING,swing,engine_a_43d6f1c8a4,1,0,1,0.0,-0.31,,,-0.31,,,True,-0.02325,unspecified,unspecified,9,1.5,True,276,218,58,score_gte_candidate_threshold,"{""adx_hard_fail"": 15.0, ""adx_trend_min"": 25.0, ""directional_ramp_full"": 0.45, ""directional_ramp_min"": 0.25, ""score_group_threshold_default"": 1.5, ""volatility_scaler_high"": 0.025, ""volatility_scaler_low"": 0.005}"
ENGINE_A,,,Zinc,TRENDING,swing,engine_a_c38fbf3d85,1,0,1,0.0,-0.31,,,-0.31,,,True,-0.02325,unspecified,unspecified,9,1.5,True,276,218,58,score_gte_candidate_threshold,"{""adx_hard_fail"": 18.0, ""adx_trend_min"": 25.0, ""directional_ramp_full"": 0.45, ""directional_ramp_min"": 0.25, ""score_group_threshold_default"": 1.5, ""volatility_scaler_high"": 0.025, ""volatility_scaler_low"": 0.005}"
ENGINE_A,,,Zinc,TRENDING,swing,engine_a_f182b0faa6,1,0,1,0.0,-0.31,,,-0.31,,,True,-0.02325,unspecified,unspecified,9,1.5,True,276,218,58,score_gte_candidate_threshold,"{""adx_hard_fail"": 12.0, ""adx_trend_min"": 28.0, ""directional_ramp_full"": 0.45, ""directional_ramp_min"": 0.25, ""score_group_threshold_default"": 1.5, ""volatility_scaler_high"": 0.025, ""volatility_scaler_low"": 0.005}"
ENGINE_A,,,Zinc,TRENDING,swing,engine_a_b817f3206d,1,0,1,0.0,-0.31,,,-0.31,,,True,-0.02325,unspecified,unspecified,9,1.5,True,276,218,58,score_gte_candidate_threshold,"{""adx_hard_fail"": 15.0, ""adx_trend_min"": 28.0, ""directional_ramp_full"": 0.45, ""directional_ramp_min"": 0.25, ""score_group_threshold_default"": 1.5, ""volatility_scaler_high"": 0.025, ""volatility_scaler_low"": 0.005}"
ENGINE_A,,,Zinc,TRENDING,swing,engine_a_bf31182245,1,0,1,0.0,-0.31,,,-0.31,,,True,-0.02325,unspecified,unspecified,9,1.5,True,276,218,58,score_gte_candidate_threshold,"{""adx_hard_fail"": 18.0, ""adx_trend_min"": 28.0, ""directional_ramp_full"": 0.45, ""directional_ramp_min"": 0.25, ""score_group_threshold_default"": 1.5, ""volatility_scaler_high"": 0.025, ""volatility_scaler_low"": 0.005}"
ENGINE_A,,,USD/CHF,LOW_VOLATILITY,swing,engine_a_9e0e9b16e0,2,0,2,0.0,-0.16,,,-0.16,,,True,-0.024,unspecified,unspecified,9,1.5,True,276,218,58,score_gte_candidate_threshold,"{""adx_hard_fail"": 12.0, ""adx_trend_min"": 22.0, ""directional_ramp_full"": 0.45, ""directional_ramp_min"": 0.25, ""score_group_threshold_default"": 1.5, ""volatility_scaler_high"": 0.025, ""volatility_scaler_low"": 0.005}"
ENGINE_A,,,USD/CHF,LOW_VOLATILITY,swing,engine_a_0786ab053e,2,0,2,0.0,-0.16,,,-0.16,,,True,-0.024,unspecified,unspecified,9,1.5,True,276,218,58,score_gte_candidate_threshold,"{""adx_hard_fail"": 15.0, ""adx_trend_min"": 22.0, ""directional_ramp_full"": 0.45, ""directional_ramp_min"": 0.25, ""score_group_threshold_default"": 1.5, ""volatility_scaler_high"": 0.025, ""volatility_scaler_low"": 0.005}"
ENGINE_A,,,USD/CHF,LOW_VOLATILITY,swing,engine_a_47614b9290,2,0,2,0.0,-0.16,,,-0.16,,,True,-0.024,unspecified,unspecified,9,1.5,True,276,218,58,score_gte_candidate_threshold,"{""adx_hard_fail"": 18.0, ""adx_trend_min"": 22.0, ""directional_ramp_full"": 0.45, ""directional_ramp_min"": 0.25, ""score_group_threshold_default"": 1.5, ""volatility_scaler_high"": 0.025, ""volatility_scaler_low"": 0.005}"
ENGINE_A,,,USD/CHF,LOW_VOLATILITY,swing,engine_a_45943c6160,2,0,2,0.0,-0.16,,,-0.16,,,True,-0.024,unspecified,unspecified,9,1.5,True,276,218,58,score_gte_candidate_threshold,"{""adx_hard_fail"": 12.0, ""adx_trend_min"": 25.0, ""directional_ramp_full"": 0.45, ""directional_ramp_min"": 0.25, ""score_group_threshold_default"": 1.5, ""volatility_scaler_high"": 0.025, ""volatility_scaler_low"": 0.005}"
ENGINE_A,,,USD/CHF,LOW_VOLATILITY,swing,engine_a_43d6f1c8a4,2,0,2,0.0,-0.16,,,-0.16,,,True,-0.024,unspecified,unspecified,9,1.5,True,276,218,58,score_gte_candidate_threshold,"{""adx_hard_fail"": 15.0, ""adx_trend_min"": 25.0, ""directional_ramp_full"": 0.45, ""directional_ramp_min"": 0.25, ""score_group_threshold_default"": 1.5, ""volatility_scaler_high"": 0.025, ""volatility_scaler_low"": 0.005}"
ENGINE_A,,,USD/CHF,LOW_VOLATILITY,swing,engine_a_c38fbf3d85,2,0,2,0.0,-0.16,,,-0.16,,,True,-0.024,unspecified,unspecified,9,1.5,True,276,218,58,score_gte_candidate_threshold,"{""adx_hard_fail"": 18.0, ""adx_trend_min"": 25.0, ""directional_ramp_full"": 0.45, ""directional_ramp_min"": 0.25, ""score_group_threshold_default"": 1.5, ""volatility_scaler_high"": 0.025, ""volatility_scaler_low"": 0.005}"
ENGINE_A,,,USD/CHF,LOW_VOLATILITY,swing,engine_a_f182b0faa6,2,0,2,0.0,-0.16,,,-0.16,,,True,-0.024,unspecified,unspecified,9,1.5,True,276,218,58,score_gte_candidate_threshold,"{""adx_hard_fail"": 12.0, ""adx_trend_min"": 28.0, ""directional_ramp_full"": 0.45, ""directional_ramp_min"": 0.25, ""score_group_threshold_default"": 1.5, ""volatility_scaler_high"": 0.025, ""volatility_scaler_low"": 0.005}"
ENGINE_A,,,USD/CHF,LOW_VOLATILITY,swing,engine_a_b817f3206d,2,0,2,0.0,-0.16,,,-0.16,,,True,-0.024,unspecified,unspecified,9,1.5,True,276,218,58,score_gte_candidate_threshold,"{""adx_hard_fail"": 15.0, ""adx_trend_min"": 28.0, ""directional_ramp_full"": 0.45, ""directional_ramp_min"": 0.25, ""score_group_threshold_default"": 1.5, ""volatility_scaler_high"": 0.025, ""volatility_scaler_low"": 0.005}"
ENGINE_A,,,USD/CHF,LOW_VOLATILITY,swing,engine_a_bf31182245,2,0,2,0.0,-0.16,,,-0.16,,,True,-0.024,unspecified,unspecified,9,1.5,True,276,218,58,score_gte_candidate_threshold,"{""adx_hard_fail"": 18.0, ""adx_trend_min"": 28.0, ""directional_ramp_full"": 0.45, ""directional_ramp_min"": 0.25, ""score_group_threshold_default"": 1.5, ""volatility_scaler_high"": 0.025, ""volatility_scaler_low"": 0.005}"
ENGINE_A,,,EUR/CHF,TRENDING,swing,engine_a_9e0e9b16e0,2,0,2,0.0,-0.19,,,-0.19,,,True,-0.0285,unspecified,unspecified,9,1.5,True,276,218,58,score_gte_candidate_threshold,"{""adx_hard_fail"": 12.0, ""adx_trend_min"": 22.0, ""directional_ramp_full"": 0.45, ""directional_ramp_min"": 0.25, ""score_group_threshold_default"": 1.5, ""volatility_scaler_high"": 0.025, ""volatility_scaler_low"": 0.005}"
ENGINE_A,,,EUR/USD,LOW_VOLATILITY,scalp,engine_a_9e0e9b16e0,2,0,2,0.0,-0.19,,,-0.19,,,True,-0.0285,unspecified,unspecified,9,1.5,True,276,218,58,score_gte_candidate_threshold,"{""adx_hard_fail"": 12.0, ""adx_trend_min"": 22.0, ""directional_ramp_full"": 0.45, ""directional_ramp_min"": 0.25, ""score_group_threshold_default"": 1.5, ""volatility_scaler_high"": 0.025, ""volatility_scaler_low"": 0.005}"
ENGINE_A,,,BA,DEVELOPING,intraday,engine_a_9e0e9b16e0,2,1,1,0.5,-0.19,,,-0.19,,,True,-0.0285,unspecified,unspecified,9,1.5,True,276,218,58,score_gte_candidate_threshold,"{""adx_hard_fail"": 12.0, ""adx_trend_min"": 22.0, ""directional_ramp_full"": 0.45, ""directional_ramp_min"": 0.25, ""score_group_threshold_default"": 1.5, ""volatility_scaler_high"": 0.025, ""volatility_scaler_low"": 0.005}"
ENGINE_A,,,EUR/CHF,TRENDING,swing,engine_a_0786ab053e,2,0,2,0.0,-0.19,,,-0.19,,,True,-0.0285,unspecified,unspecified,9,1.5,True,276,218,58,score_gte_candidate_threshold,"{""adx_hard_fail"": 15.0, ""adx_trend_min"": 22.0, ""directional_ramp_full"": 0.45, ""directional_ramp_min"": 0.25, ""score_group_threshold_default"": 1.5, ""volatility_scaler_high"": 0.025, ""volatility_scaler_low"": 0.005}"
ENGINE_A,,,EUR/USD,LOW_VOLATILITY,scalp,engine_a_0786ab053e,2,0,2,0.0,-0.19,,,-0.19,,,True,-0.0285,unspecified,unspecified,9,1.5,True,276,218,58,score_gte_candidate_threshold,"{""adx_hard_fail"": 15.0, ""adx_trend_min"": 22.0, ""directional_ramp_full"": 0.45, ""directional_ramp_min"": 0.25, ""score_group_threshold_default"": 1.5, ""volatility_scaler_high"": 0.025, ""volatility_scaler_low"": 0.005}"
ENGINE_A,,,BA,DEVELOPING,intraday,engine_a_0786ab053e,2,1,1,0.5,-0.19,,,-0.19,,,True,-0.0285,unspecified,unspecified,9,1.5,True,276,218,58,score_gte_candidate_threshold,"{""adx_hard_fail"": 15.0, ""adx_trend_min"": 22.0, ""directional_ramp_full"": 0.45, ""directional_ramp_min"": 0.25, ""score_group_threshold_default"": 1.5, ""volatility_scaler_high"": 0.025, ""volatility_scaler_low"": 0.005}"
ENGINE_A,,,EUR/CHF,TRENDING,swing,engine_a_47614b9290,2,0,2,0.0,-0.19,,,-0.19,,,True,-0.0285,unspecified,unspecified,9,1.5,True,276,218,58,score_gte_candidate_threshold,"{""adx_hard_fail"": 18.0, ""adx_trend_min"": 22.0, ""directional_ramp_full"": 0.45, ""directional_ramp_min"": 0.25, ""score_group_threshold_default"": 1.5, ""volatility_scaler_high"": 0.025, ""volatility_scaler_low"": 0.005}"
ENGINE_A,,,EUR/USD,LOW_VOLATILITY,scalp,engine_a_47614b9290,2,0,2,0.0,-0.19,,,-0.19,,,True,-0.0285,unspecified,unspecified,9,1.5,True,276,218,58,score_gte_candidate_threshold,"{""adx_hard_fail"": 18.0, ""adx_trend_min"": 22.0, ""directional_ramp_full"": 0.45, ""directional_ramp_min"": 0.25, ""score_group_threshold_default"": 1.5, ""volatility_scaler_high"": 0.025, ""volatility_scaler_low"": 0.005}"
ENGINE_A,,,BA,DEVELOPING,intraday,engine_a_47614b9290,2,1,1,0.5,-0.19,,,-0.19,,,True,-0.0285,unspecified,unspecified,9,1.5,True,276,218,58,score_gte_candidate_threshold,"{""adx_hard_fail"": 18.0, ""adx_trend_min"": 22.0, ""directional_ramp_full"": 0.45, ""directional_ramp_min"": 0.25, ""score_group_threshold_default"": 1.5, ""volatility_scaler_high"": 0.025, ""volatility_scaler_low"": 0.005}"
ENGINE_A,,,EUR/CHF,TRENDING,swing,engine_a_45943c6160,2,0,2,0.0,-0.19,,,-0.19,,,True,-0.0285,unspecified,unspecified,9,1.5,True,276,218,58,score_gte_candidate_threshold,"{""adx_hard_fail"": 12.0, ""adx_trend_min"": 25.0, ""directional_ramp_full"": 0.45, ""directional_ramp_min"": 0.25, ""score_group_threshold_default"": 1.5, ""volatility_scaler_high"": 0.025, ""volatility_scaler_low"": 0.005}"
ENGINE_A,,,EUR/USD,LOW_VOLATILITY,scalp,engine_a_45943c6160,2,0,2,0.0,-0.19,,,-0.19,,,True,-0.0285,unspecified,unspecified,9,1.5,True,276,218,58,score_gte_candidate_threshold,"{""adx_hard_fail"": 12.0, ""adx_trend_min"": 25.0, ""directional_ramp_full"": 0.45, ""directional_ramp_min"": 0.25, ""score_group_threshold_default"": 1.5, ""volatility_scaler_high"": 0.025, ""volatility_scaler_low"": 0.005}"
ENGINE_A,,,BA,DEVELOPING,intraday,engine_a_45943c6160,2,1,1,0.5,-0.19,,,-0.19,,,True,-0.0285,unspecified,unspecified,9,1.5,True,276,218,58,score_gte_candidate_threshold,"{""adx_hard_fail"": 12.0, ""adx_trend_min"": 25.0, ""directional_ramp_full"": 0.45, ""directional_ramp_min"": 0.25, ""score_group_threshold_default"": 1.5, ""volatility_scaler_high"": 0.025, ""volatility_scaler_low"": 0.005}"
ENGINE_A,,,EUR/CHF,TRENDING,swing,engine_a_43d6f1c8a4,2,0,2,0.0,-0.19,,,-0.19,,,True,-0.0285,unspecified,unspecified,9,1.5,True,276,218,58,score_gte_candidate_threshold,"{""adx_hard_fail"": 15.0, ""adx_trend_min"": 25.0, ""directional_ramp_full"": 0.45, ""directional_ramp_min"": 0.25, ""score_group_threshold_default"": 1.5, ""volatility_scaler_high"": 0.025, ""volatility_scaler_low"": 0.005}"
ENGINE_A,,,EUR/USD,LOW_VOLATILITY,scalp,engine_a_43d6f1c8a4,2,0,2,0.0,-0.19,,,-0.19,,,True,-0.0285,unspecified,unspecified,9,1.5,True,276,218,58,score_gte_candidate_threshold,"{""adx_hard_fail"": 15.0, ""adx_trend_min"": 25.0, ""directional_ramp_full"": 0.45, ""directional_ramp_min"": 0.25, ""score_group_threshold_default"": 1.5, ""volatility_scaler_high"": 0.025, ""volatility_scaler_low"": 0.005}"
ENGINE_A,,,BA,DEVELOPING,intraday,engine_a_43d6f1c8a4,2,1,1,0.5,-0.19,,,-0.19,,,True,-0.0285,unspecified,unspecified,9,1.5,True,276,218,58,score_gte_candidate_threshold,"{""adx_hard_fail"": 15.0, ""adx_trend_min"": 25.0, ""directional_ramp_full"": 0.45, ""directional_ramp_min"": 0.25, ""score_group_threshold_default"": 1.5, ""volatility_scaler_high"": 0.025, ""volatility_scaler_low"": 0.005}"
ENGINE_A,,,EUR/CHF,TRENDING,swing,engine_a_c38fbf3d85,2,0,2,0.0,-0.19,,,-0.19,,,True,-0.0285,unspecified,unspecified,9,1.5,True,276,218,58,score_gte_candidate_threshold,"{""adx_hard_fail"": 18.0, ""adx_trend_min"": 25.0, ""directional_ramp_full"": 0.45, ""directional_ramp_min"": 0.25, ""score_group_threshold_default"": 1.5, ""volatility_scaler_high"": 0.025, ""volatility_scaler_low"": 0.005}"
ENGINE_A,,,EUR/USD,LOW_VOLATILITY,scalp,engine_a_c38fbf3d85,2,0,2,0.0,-0.19,,,-0.19,,,True,-0.0285,unspecified,unspecified,9,1.5,True,276,218,58,score_gte_candidate_threshold,"{""adx_hard_fail"": 18.0, ""adx_trend_min"": 25.0, ""directional_ramp_full"": 0.45, ""directional_ramp_min"": 0.25, ""score_group_threshold_default"": 1.5, ""volatility_scaler_high"": 0.025, ""volatility_scaler_low"": 0.005}"
ENGINE_A,,,BA,DEVELOPING,intraday,engine_a_c38fbf3d85,2,1,1,0.5,-0.19,,,-0.19,,,True,-0.0285,unspecified,unspecified,9,1.5,True,276,218,58,score_gte_candidate_threshold,"{""adx_hard_fail"": 18.0, ""adx_trend_min"": 25.0, ""directional_ramp_full"": 0.45, ""directional_ramp_min"": 0.25, ""score_group_threshold_default"": 1.5, ""volatility_scaler_high"": 0.025, ""volatility_scaler_low"": 0.005}"
ENGINE_A,,,EUR/CHF,TRENDING,swing,engine_a_f182b0faa6,2,0,2,0.0,-0.19,,,-0.19,,,True,-0.0285,unspecified,unspecified,9,1.5,True,276,218,58,score_gte_candidate_threshold,"{""adx_hard_fail"": 12.0, ""adx_trend_min"": 28.0, ""directional_ramp_full"": 0.45, ""directional_ramp_min"": 0.25, ""score_group_threshold_default"": 1.5, ""volatility_scaler_high"": 0.025, ""volatility_scaler_low"": 0.005}"
ENGINE_A,,,EUR/USD,LOW_VOLATILITY,scalp,engine_a_f182b0faa6,2,0,2,0.0,-0.19,,,-0.19,,,True,-0.0285,unspecified,unspecified,9,1.5,True,276,218,58,score_gte_candidate_threshold,"{""adx_hard_fail"": 12.0, ""adx_trend_min"": 28.0, ""directional_ramp_full"": 0.45, ""directional_ramp_min"": 0.25, ""score_group_threshold_default"": 1.5, ""volatility_scaler_high"": 0.025, ""volatility_scaler_low"": 0.005}"
ENGINE_A,,,BA,DEVELOPING,intraday,engine_a_f182b0faa6,2,1,1,0.5,-0.19,,,-0.19,,,True,-0.0285,unspecified,unspecified,9,1.5,True,276,218,58,score_gte_candidate_threshold,"{""adx_hard_fail"": 12.0, ""adx_trend_min"": 28.0, ""directional_ramp_full"": 0.45, ""directional_ramp_min"": 0.25, ""score_group_threshold_default"": 1.5, ""volatility_scaler_high"": 0.025, ""volatility_scaler_low"": 0.005}"
ENGINE_A,,,EUR/CHF,TRENDING,swing,engine_a_b817f3206d,2,0,2,0.0,-0.19,,,-0.19,,,True,-0.0285,unspecified,unspecified,9,1.5,True,276,218,58,score_gte_candidate_threshold,"{""adx_hard_fail"": 15.0, ""adx_trend_min"": 28.0, ""directional_ramp_full"": 0.45, ""directional_ramp_min"": 0.25, ""score_group_threshold_default"": 1.5, ""volatility_scaler_high"": 0.025, ""volatility_scaler_low"": 0.005}"
ENGINE_A,,,EUR/USD,LOW_VOLATILITY,scalp,engine_a_b817f3206d,2,0,2,0.0,-0.19,,,-0.19,,,True,-0.0285,unspecified,unspecified,9,1.5,True,276,218,58,score_gte_candidate_threshold,"{""adx_hard_fail"": 15.0, ""adx_trend_min"": 28.0, ""directional_ramp_full"": 0.45, ""directional_ramp_min"": 0.25, ""score_group_threshold_default"": 1.5, ""volatility_scaler_high"": 0.025, ""volatility_scaler_low"": 0.005}"
ENGINE_A,,,BA,DEVELOPING,intraday,engine_a_b817f3206d,2,1,1,0.5,-0.19,,,-0.19,,,True,-0.0285,unspecified,unspecified,9,1.5,True,276,218,58,score_gte_candidate_threshold,"{""adx_hard_fail"": 15.0, ""adx_trend_min"": 28.0, ""directional_ramp_full"": 0.45, ""directional_ramp_min"": 0.25, ""score_group_threshold_default"": 1.5, ""volatility_scaler_high"": 0.025, ""volatility_scaler_low"": 0.005}"
ENGINE_A,,,EUR/CHF,TRENDING,swing,engine_a_bf31182245,2,0,2,0.0,-0.19,,,-0.19,,,True,-0.0285,unspecified,unspecified,9,1.5,True,276,218,58,score_gte_candidate_threshold,"{""adx_hard_fail"": 18.0, ""adx_trend_min"": 28.0, ""directional_ramp_full"": 0.45, ""directional_ramp_min"": 0.25, ""score_group_threshold_default"": 1.5, ""volatility_scaler_high"": 0.025, ""volatility_scaler_low"": 0.005}"
ENGINE_A,,,EUR/USD,LOW_VOLATILITY,scalp,engine_a_bf31182245,2,0,2,0.0,-0.19,,,-0.19,,,True,-0.0285,unspecified,unspecified,9,1.5,True,276,218,58,score_gte_candidate_threshold,"{""adx_hard_fail"": 18.0, ""adx_trend_min"": 28.0, ""directional_ramp_full"": 0.45, ""directional_ramp_min"": 0.25, ""score_group_threshold_default"": 1.5, ""volatility_scaler_high"": 0.025, ""volatility_scaler_low"": 0.005}"
ENGINE_A,,,BA,DEVELOPING,intraday,engine_a_bf31182245,2,1,1,0.5,-0.19,,,-0.19,,,True,-0.0285,unspecified,unspecified,9,1.5,True,276,218,58,score_gte_candidate_threshold,"{""adx_hard_fail"": 18.0, ""adx_trend_min"": 28.0, ""directional_ramp_full"": 0.45, ""directional_ramp_min"": 0.25, ""score_group_threshold_default"": 1.5, ""volatility_scaler_high"": 0.025, ""volatility_scaler_low"": 0.005}"
ENGINE_A,,,Corn,TRENDING,swing,engine_a_9e0e9b16e0,1,0,1,0.0,-0.39,,,-0.39,,,True,-0.02925,unspecified,unspecified,9,1.5,True,276,218,58,score_gte_candidate_threshold,"{""adx_hard_fail"": 12.0, ""adx_trend_min"": 22.0, ""directional_ramp_full"": 0.45, ""directional_ramp_min"": 0.25, ""score_group_threshold_default"": 1.5, ""volatility_scaler_high"": 0.025, ""volatility_scaler_low"": 0.005}"
ENGINE_A,,,Corn,TRENDING,swing,engine_a_0786ab053e,1,0,1,0.0,-0.39,,,-0.39,,,True,-0.02925,unspecified,unspecified,9,1.5,True,276,218,58,score_gte_candidate_threshold,"{""adx_hard_fail"": 15.0, ""adx_trend_min"": 22.0, ""directional_ramp_full"": 0.45, ""directional_ramp_min"": 0.25, ""score_group_threshold_default"": 1.5, ""volatility_scaler_high"": 0.025, ""volatility_scaler_low"": 0.005}"
ENGINE_A,,,Corn,TRENDING,swing,engine_a_47614b9290,1,0,1,0.0,-0.39,,,-0.39,,,True,-0.02925,unspecified,unspecified,9,1.5,True,276,218,58,score_gte_candidate_threshold,"{""adx_hard_fail"": 18.0, ""adx_trend_min"": 22.0, ""directional_ramp_full"": 0.45, ""directional_ramp_min"": 0.25, ""score_group_threshold_default"": 1.5, ""volatility_scaler_high"": 0.025, ""volatility_scaler_low"": 0.005}"
ENGINE_A,,,Corn,TRENDING,swing,engine_a_45943c6160,1,0,1,0.0,-0.39,,,-0.39,,,True,-0.02925,unspecified,unspecified,9,1.5,True,276,218,58,score_gte_candidate_threshold,"{""adx_hard_fail"": 12.0, ""adx_trend_min"": 25.0, ""directional_ramp_full"": 0.45, ""directional_ramp_min"": 0.25, ""score_group_threshold_default"": 1.5, ""volatility_scaler_high"": 0.025, ""volatility_scaler_low"": 0.005}"
ENGINE_A,,,Corn,TRENDING,swing,engine_a_43d6f1c8a4,1,0,1,0.0,-0.39,,,-0.39,,,True,-0.02925,unspecified,unspecified,9,1.5,True,276,218,58,score_gte_candidate_threshold,"{""adx_hard_fail"": 15.0, ""adx_trend_min"": 25.0, ""directional_ramp_full"": 0.45, ""directional_ramp_min"": 0.25, ""score_group_threshold_default"": 1.5, ""volatility_scaler_high"": 0.025, ""volatility_scaler_low"": 0.005}"
ENGINE_A,,,Corn,TRENDING,swing,engine_a_c38fbf3d85,1,0,1,0.0,-0.39,,,-0.39,,,True,-0.02925,unspecified,unspecified,9,1.5,True,276,218,58,score_gte_candidate_threshold,"{""adx_hard_fail"": 18.0, ""adx_trend_min"": 25.0, ""directional_ramp_full"": 0.45, ""directional_ramp_min"": 0.25, ""score_group_threshold_default"": 1.5, ""volatility_scaler_high"": 0.025, ""volatility_scaler_low"": 0.005}"
ENGINE_A,,,Corn,TRENDING,swing,engine_a_f182b0faa6,1,0,1,0.0,-0.39,,,-0.39,,,True,-0.02925,unspecified,unspecified,9,1.5,True,276,218,58,score_gte_candidate_threshold,"{""adx_hard_fail"": 12.0, ""adx_trend_min"": 28.0, ""directional_ramp_full"": 0.45, ""directional_ramp_min"": 0.25, ""score_group_threshold_default"": 1.5, ""volatility_scaler_high"": 0.025, ""volatility_scaler_low"": 0.005}"
ENGINE_A,,,Corn,TRENDING,swing,engine_a_b817f3206d,1,0,1,0.0,-0.39,,,-0.39,,,True,-0.02925,unspecified,unspecified,9,1.5,True,276,218,58,score_gte_candidate_threshold,"{""adx_hard_fail"": 15.0, ""adx_trend_min"": 28.0, ""directional_ramp_full"": 0.45, ""directional_ramp_min"": 0.25, ""score_group_threshold_default"": 1.5, ""volatility_scaler_high"": 0.025, ""volatility_scaler_low"": 0.005}"
ENGINE_A,,,Corn,TRENDING,swing,engine_a_bf31182245,1,0,1,0.0,-0.39,,,-0.39,,,True,-0.02925,unspecified,unspecified,9,1.5,True,276,218,58,score_gte_candidate_threshold,"{""adx_hard_fail"": 18.0, ""adx_trend_min"": 28.0, ""directional_ramp_full"": 0.45, ""directional_ramp_min"": 0.25, ""score_group_threshold_default"": 1.5, ""volatility_scaler_high"": 0.025, ""volatility_scaler_low"": 0.005}"
ENGINE_A,,,USD/BRL,LOW_VOLATILITY,intraday,engine_a_9e0e9b16e0,5,4,1,0.8,-0.082,,,-0.082,,,True,-0.03075,unspecified,unspecified,9,1.5,True,276,218,58,score_gte_candidate_threshold,"{""adx_hard_fail"": 12.0, ""adx_trend_min"": 22.0, ""directional_ramp_full"": 0.45, ""directional_ramp_min"": 0.25, ""score_group_threshold_default"": 1.5, ""volatility_scaler_high"": 0.025, ""volatility_scaler_low"": 0.005}"
ENGINE_A,,,USD/BRL,LOW_VOLATILITY,intraday,engine_a_0786ab053e,5,4,1,0.8,-0.082,,,-0.082,,,True,-0.03075,unspecified,unspecified,9,1.5,True,276,218,58,score_gte_candidate_threshold,"{""adx_hard_fail"": 15.0, ""adx_trend_min"": 22.0, ""directional_ramp_full"": 0.45, ""directional_ramp_min"": 0.25, ""score_group_threshold_default"": 1.5, ""volatility_scaler_high"": 0.025, ""volatility_scaler_low"": 0.005}"
ENGINE_A,,,USD/BRL,LOW_VOLATILITY,intraday,engine_a_47614b9290,5,4,1,0.8,-0.082,,,-0.082,,,True,-0.03075,unspecified,unspecified,9,1.5,True,276,218,58,score_gte_candidate_threshold,"{""adx_hard_fail"": 18.0, ""adx_trend_min"": 22.0, ""directional_ramp_full"": 0.45, ""directional_ramp_min"": 0.25, ""score_group_threshold_default"": 1.5, ""volatility_scaler_high"": 0.025, ""volatility_scaler_low"": 0.005}"
ENGINE_A,,,USD/BRL,LOW_VOLATILITY,intraday,engine_a_45943c6160,5,4,1,0.8,-0.082,,,-0.082,,,True,-0.03075,unspecified,unspecified,9,1.5,True,276,218,58,score_gte_candidate_threshold,"{""adx_hard_fail"": 12.0, ""adx_trend_min"": 25.0, ""directional_ramp_full"": 0.45, ""directional_ramp_min"": 0.25, ""score_group_threshold_default"": 1.5, ""volatility_scaler_high"": 0.025, ""volatility_scaler_low"": 0.005}"
ENGINE_A,,,USD/BRL,LOW_VOLATILITY,intraday,engine_a_43d6f1c8a4,5,4,1,0.8,-0.082,,,-0.082,,,True,-0.03075,unspecified,unspecified,9,1.5,True,276,218,58,score_gte_candidate_threshold,"{""adx_hard_fail"": 15.0, ""adx_trend_min"": 25.0, ""directional_ramp_full"": 0.45, ""directional_ramp_min"": 0.25, ""score_group_threshold_default"": 1.5, ""volatility_scaler_high"": 0.025, ""volatility_scaler_low"": 0.005}"
ENGINE_A,,,USD/BRL,LOW_VOLATILITY,intraday,engine_a_c38fbf3d85,5,4,1,0.8,-0.082,,,-0.082,,,True,-0.03075,unspecified,unspecified,9,1.5,True,276,218,58,score_gte_candidate_threshold,"{""adx_hard_fail"": 18.0, ""adx_trend_min"": 25.0, ""directional_ramp_full"": 0.45, ""directional_ramp_min"": 0.25, ""score_group_threshold_default"": 1.5, ""volatility_scaler_high"": 0.025, ""volatility_scaler_low"": 0.005}"
ENGINE_A,,,USD/BRL,LOW_VOLATILITY,intraday,engine_a_f182b0faa6,5,4,1,0.8,-0.082,,,-0.082,,,True,-0.03075,unspecified,unspecified,9,1.5,True,276,218,58,score_gte_candidate_threshold,"{""adx_hard_fail"": 12.0, ""adx_trend_min"": 28.0, ""directional_ramp_full"": 0.45, ""directional_ramp_min"": 0.25, ""score_group_threshold_default"": 1.5, ""volatility_scaler_high"": 0.025, ""volatility_scaler_low"": 0.005}"
ENGINE_A,,,USD/BRL,LOW_VOLATILITY,intraday,engine_a_b817f3206d,5,4,1,0.8,-0.082,,,-0.082,,,True,-0.03075,unspecified,unspecified,9,1.5,True,276,218,58,score_gte_candidate_threshold,"{""adx_hard_fail"": 15.0, ""adx_trend_min"": 28.0, ""directional_ramp_full"": 0.45, ""directional_ramp_min"": 0.25, ""score_group_threshold_default"": 1.5, ""volatility_scaler_high"": 0.025, ""volatility_scaler_low"": 0.005}"
ENGINE_A,,,USD/BRL,LOW_VOLATILITY,intraday,engine_a_bf31182245,5,4,1,0.8,-0.082,,,-0.082,,,True,-0.03075,unspecified,unspecified,9,1.5,True,276,218,58,score_gte_candidate_threshold,"{""adx_hard_fail"": 18.0, ""adx_trend_min"": 28.0, ""directional_ramp_full"": 0.45, ""directional_ramp_min"": 0.25, ""score_group_threshold_default"": 1.5, ""volatility_scaler_high"": 0.025, ""volatility_scaler_low"": 0.005}"
ENGINE_A,forex,,GBP/AUD,LONDON_BREAKOUT,intraday,engine_a_9e0e9b16e0,1,0,1,0.0,-0.42,,,-0.42,,,True,-0.0315,unspecified,unspecified,9,1.5,True,276,218,58,score_gte_candidate_threshold,"{""adx_hard_fail"": 12.0, ""adx_trend_min"": 22.0, ""directional_ramp_full"": 0.45, ""directional_ramp_min"": 0.25, ""score_group_threshold_default"": 1.5, ""volatility_scaler_high"": 0.025, ""volatility_scaler_low"": 0.005}"
ENGINE_A,forex,,GBP/AUD,LONDON_BREAKOUT,intraday,engine_a_0786ab053e,1,0,1,0.0,-0.42,,,-0.42,,,True,-0.0315,unspecified,unspecified,9,1.5,True,276,218,58,score_gte_candidate_threshold,"{""adx_hard_fail"": 15.0, ""adx_trend_min"": 22.0, ""directional_ramp_full"": 0.45, ""directional_ramp_min"": 0.25, ""score_group_threshold_default"": 1.5, ""volatility_scaler_high"": 0.025, ""volatility_scaler_low"": 0.005}"
ENGINE_A,forex,,GBP/AUD,LONDON_BREAKOUT,intraday,engine_a_47614b9290,1,0,1,0.0,-0.42,,,-0.42,,,True,-0.0315,unspecified,unspecified,9,1.5,True,276,218,58,score_gte_candidate_threshold,"{""adx_hard_fail"": 18.0, ""adx_trend_min"": 22.0, ""directional_ramp_full"": 0.45, ""directional_ramp_min"": 0.25, ""score_group_threshold_default"": 1.5, ""volatility_scaler_high"": 0.025, ""volatility_scaler_low"": 0.005}"
ENGINE_A,forex,,GBP/AUD,LONDON_BREAKOUT,intraday,engine_a_45943c6160,1,0,1,0.0,-0.42,,,-0.42,,,True,-0.0315,unspecified,unspecified,9,1.5,True,276,218,58,score_gte_candidate_threshold,"{""adx_hard_fail"": 12.0, ""adx_trend_min"": 25.0, ""directional_ramp_full"": 0.45, ""directional_ramp_min"": 0.25, ""score_group_threshold_default"": 1.5, ""volatility_scaler_high"": 0.025, ""volatility_scaler_low"": 0.005}"
ENGINE_A,forex,,GBP/AUD,LONDON_BREAKOUT,intraday,engine_a_43d6f1c8a4,1,0,1,0.0,-0.42,,,-0.42,,,True,-0.0315,unspecified,unspecified,9,1.5,True,276,218,58,score_gte_candidate_threshold,"{""adx_hard_fail"": 15.0, ""adx_trend_min"": 25.0, ""directional_ramp_full"": 0.45, ""directional_ramp_min"": 0.25, ""score_group_threshold_default"": 1.5, ""volatility_scaler_high"": 0.025, ""volatility_scaler_low"": 0.005}"
ENGINE_A,forex,,GBP/AUD,LONDON_BREAKOUT,intraday,engine_a_c38fbf3d85,1,0,1,0.0,-0.42,,,-0.42,,,True,-0.0315,unspecified,unspecified,9,1.5,True,276,218,58,score_gte_candidate_threshold,"{""adx_hard_fail"": 18.0, ""adx_trend_min"": 25.0, ""directional_ramp_full"": 0.45, ""directional_ramp_min"": 0.25, ""score_group_threshold_default"": 1.5, ""volatility_scaler_high"": 0.025, ""volatility_scaler_low"": 0.005}"
ENGINE_A,forex,,GBP/AUD,LONDON_BREAKOUT,intraday,engine_a_f182b0faa6,1,0,1,0.0,-0.42,,,-0.42,,,True,-0.0315,unspecified,unspecified,9,1.5,True,276,218,58,score_gte_candidate_threshold,"{""adx_hard_fail"": 12.0, ""adx_trend_min"": 28.0, ""directional_ramp_full"": 0.45, ""directional_ramp_min"": 0.25, ""score_group_threshold_default"": 1.5, ""volatility_scaler_high"": 0.025, ""volatility_scaler_low"": 0.005}"
ENGINE_A,forex,,GBP/AUD,LONDON_BREAKOUT,intraday,engine_a_b817f3206d,1,0,1,0.0,-0.42,,,-0.42,,,True,-0.0315,unspecified,unspecified,9,1.5,True,276,218,58,score_gte_candidate_threshold,"{""adx_hard_fail"": 15.0, ""adx_trend_min"": 28.0, ""directional_ramp_full"": 0.45, ""directional_ramp_min"": 0.25, ""score_group_threshold_default"": 1.5, ""volatility_scaler_high"": 0.025, ""volatility_scaler_low"": 0.005}"
ENGINE_A,forex,,GBP/AUD,LONDON_BREAKOUT,intraday,engine_a_bf31182245,1,0,1,0.0,-0.42,,,-0.42,,,True,-0.0315,unspecified,unspecified,9,1.5,True,276,218,58,score_gte_candidate_threshold,"{""adx_hard_fail"": 18.0, ""adx_trend_min"": 28.0, ""directional_ramp_full"": 0.45, ""directional_ramp_min"": 0.25, ""score_group_threshold_default"": 1.5, ""volatility_scaler_high"": 0.025, ""volatility_scaler_low"": 0.005}"
ENGINE_A,,,EUR/AUD,LOW_VOLATILITY,scalp,engine_a_9e0e9b16e0,6,4,2,0.666667,-0.071667,,,-0.071667,,,True,-0.03225,unspecified,unspecified,9,1.5,True,276,218,58,score_gte_candidate_threshold,"{""adx_hard_fail"": 12.0, ""adx_trend_min"": 22.0, ""directional_ramp_full"": 0.45, ""directional_ramp_min"": 0.25, ""score_group_threshold_default"": 1.5, ""volatility_scaler_high"": 0.025, ""volatility_scaler_low"": 0.005}"
ENGINE_A,,,EUR/AUD,LOW_VOLATILITY,scalp,engine_a_0786ab053e,6,4,2,0.666667,-0.071667,,,-0.071667,,,True,-0.03225,unspecified,unspecified,9,1.5,True,276,218,58,score_gte_candidate_threshold,"{""adx_hard_fail"": 15.0, ""adx_trend_min"": 22.0, ""directional_ramp_full"": 0.45, ""directional_ramp_min"": 0.25, ""score_group_threshold_default"": 1.5, ""volatility_scaler_high"": 0.025, ""volatility_scaler_low"": 0.005}"
ENGINE_A,,,EUR/AUD,LOW_VOLATILITY,scalp,engine_a_47614b9290,6,4,2,0.666667,-0.071667,,,-0.071667,,,True,-0.03225,unspecified,unspecified,9,1.5,True,276,218,58,score_gte_candidate_threshold,"{""adx_hard_fail"": 18.0, ""adx_trend_min"": 22.0, ""directional_ramp_full"": 0.45, ""directional_ramp_min"": 0.25, ""score_group_threshold_default"": 1.5, ""volatility_scaler_high"": 0.025, ""volatility_scaler_low"": 0.005}"
ENGINE_A,,,EUR/AUD,LOW_VOLATILITY,scalp,engine_a_45943c6160,6,4,2,0.666667,-0.071667,,,-0.071667,,,True,-0.03225,unspecified,unspecified,9,1.5,True,276,218,58,score_gte_candidate_threshold,"{""adx_hard_fail"": 12.0, ""adx_trend_min"": 25.0, ""directional_ramp_full"": 0.45, ""directional_ramp_min"": 0.25, ""score_group_threshold_default"": 1.5, ""volatility_scaler_high"": 0.025, ""volatility_scaler_low"": 0.005}"
ENGINE_A,,,EUR/AUD,LOW_VOLATILITY,scalp,engine_a_43d6f1c8a4,6,4,2,0.666667,-0.071667,,,-0.071667,,,True,-0.03225,unspecified,unspecified,9,1.5,True,276,218,58,score_gte_candidate_threshold,"{""adx_hard_fail"": 15.0, ""adx_trend_min"": 25.0, ""directional_ramp_full"": 0.45, ""directional_ramp_min"": 0.25, ""score_group_threshold_default"": 1.5, ""volatility_scaler_high"": 0.025, ""volatility_scaler_low"": 0.005}"
ENGINE_A,,,EUR/AUD,LOW_VOLATILITY,scalp,engine_a_c38fbf3d85,6,4,2,0.666667,-0.071667,,,-0.071667,,,True,-0.03225,unspecified,unspecified,9,1.5,True,276,218,58,score_gte_candidate_threshold,"{""adx_hard_fail"": 18.0, ""adx_trend_min"": 25.0, ""directional_ramp_full"": 0.45, ""directional_ramp_min"": 0.25, ""score_group_threshold_default"": 1.5, ""volatility_scaler_high"": 0.025, ""volatility_scaler_low"": 0.005}"
ENGINE_A,,,EUR/AUD,LOW_VOLATILITY,scalp,engine_a_f182b0faa6,6,4,2,0.666667,-0.071667,,,-0.071667,,,True,-0.03225,unspecified,unspecified,9,1.5,True,276,218,58,score_gte_candidate_threshold,"{""adx_hard_fail"": 12.0, ""adx_trend_min"": 28.0, ""directional_ramp_full"": 0.45, ""directional_ramp_min"": 0.25, ""score_group_threshold_default"": 1.5, ""volatility_scaler_high"": 0.025, ""volatility_scaler_low"": 0.005}"
ENGINE_A,,,EUR/AUD,LOW_VOLATILITY,scalp,engine_a_b817f3206d,6,4,2,0.666667,-0.071667,,,-0.071667,,,True,-0.03225,unspecified,unspecified,9,1.5,True,276,218,58,score_gte_candidate_threshold,"{""adx_hard_fail"": 15.0, ""adx_trend_min"": 28.0, ""directional_ramp_full"": 0.45, ""directional_ramp_min"": 0.25, ""score_group_threshold_default"": 1.5, ""volatility_scaler_high"": 0.025, ""volatility_scaler_low"": 0.005}"
ENGINE_A,,,EUR/AUD,LOW_VOLATILITY,scalp,engine_a_bf31182245,6,4,2,0.666667,-0.071667,,,-0.071667,,,True,-0.03225,unspecified,unspecified,9,1.5,True,276,218,58,score_gte_candidate_threshold,"{""adx_hard_fail"": 18.0, ""adx_trend_min"": 28.0, ""directional_ramp_full"": 0.45, ""directional_ramp_min"": 0.25, ""score_group_threshold_default"": 1.5, ""volatility_scaler_high"": 0.025, ""volatility_scaler_low"": 0.005}"
ENGINE_A,,,EUR/JPY,RANGING,scalp,engine_a_9e0e9b16e0,2,0,2,0.0,-0.22,,,-0.22,,,True,-0.033,unspecified,unspecified,9,1.5,True,276,218,58,score_gte_candidate_threshold,"{""adx_hard_fail"": 12.0, ""adx_trend_min"": 22.0, ""directional_ramp_full"": 0.45, ""directional_ramp_min"": 0.25, ""score_group_threshold_default"": 1.5, ""volatility_scaler_high"": 0.025, ""volatility_scaler_low"": 0.005}"
ENGINE_A,,,EUR/JPY,RANGING,scalp,engine_a_0786ab053e,2,0,2,0.0,-0.22,,,-0.22,,,True,-0.033,unspecified,unspecified,9,1.5,True,276,218,58,score_gte_candidate_threshold,"{""adx_hard_fail"": 15.0, ""adx_trend_min"": 22.0, ""directional_ramp_full"": 0.45, ""directional_ramp_min"": 0.25, ""score_group_threshold_default"": 1.5, ""volatility_scaler_high"": 0.025, ""volatility_scaler_low"": 0.005}"
ENGINE_A,,,EUR/JPY,RANGING,scalp,engine_a_47614b9290,2,0,2,0.0,-0.22,,,-0.22,,,True,-0.033,unspecified,unspecified,9,1.5,True,276,218,58,score_gte_candidate_threshold,"{""adx_hard_fail"": 18.0, ""adx_trend_min"": 22.0, ""directional_ramp_full"": 0.45, ""directional_ramp_min"": 0.25, ""score_group_threshold_default"": 1.5, ""volatility_scaler_high"": 0.025, ""volatility_scaler_low"": 0.005}"
ENGINE_A,,,EUR/JPY,RANGING,scalp,engine_a_45943c6160,2,0,2,0.0,-0.22,,,-0.22,,,True,-0.033,unspecified,unspecified,9,1.5,True,276,218,58,score_gte_candidate_threshold,"{""adx_hard_fail"": 12.0, ""adx_trend_min"": 25.0, ""directional_ramp_full"": 0.45, ""directional_ramp_min"": 0.25, ""score_group_threshold_default"": 1.5, ""volatility_scaler_high"": 0.025, ""volatility_scaler_low"": 0.005}"
ENGINE_A,,,EUR/JPY,RANGING,scalp,engine_a_43d6f1c8a4,2,0,2,0.0,-0.22,,,-0.22,,,True,-0.033,unspecified,unspecified,9,1.5,True,276,218,58,score_gte_candidate_threshold,"{""adx_hard_fail"": 15.0, ""adx_trend_min"": 25.0, ""directional_ramp_full"": 0.45, ""directional_ramp_min"": 0.25, ""score_group_threshold_default"": 1.5, ""volatility_scaler_high"": 0.025, ""volatility_scaler_low"": 0.005}"
ENGINE_A,,,EUR/JPY,RANGING,scalp,engine_a_c38fbf3d85,2,0,2,0.0,-0.22,,,-0.22,,,True,-0.033,unspecified,unspecified,9,1.5,True,276,218,58,score_gte_candidate_threshold,"{""adx_hard_fail"": 18.0, ""adx_trend_min"": 25.0, ""directional_ramp_full"": 0.45, ""directional_ramp_min"": 0.25, ""score_group_threshold_default"": 1.5, ""volatility_scaler_high"": 0.025, ""volatility_scaler_low"": 0.005}"
ENGINE_A,,,EUR/JPY,RANGING,scalp,engine_a_f182b0faa6,2,0,2,0.0,-0.22,,,-0.22,,,True,-0.033,unspecified,unspecified,9,1.5,True,276,218,58,score_gte_candidate_threshold,"{""adx_hard_fail"": 12.0, ""adx_trend_min"": 28.0, ""directional_ramp_full"": 0.45, ""directional_ramp_min"": 0.25, ""score_group_threshold_default"": 1.5, ""volatility_scaler_high"": 0.025, ""volatility_scaler_low"": 0.005}"
ENGINE_A,,,EUR/JPY,RANGING,scalp,engine_a_b817f3206d,2,0,2,0.0,-0.22,,,-0.22,,,True,-0.033,unspecified,unspecified,9,1.5,True,276,218,58,score_gte_candidate_threshold,"{""adx_hard_fail"": 15.0, ""adx_trend_min"": 28.0, ""directional_ramp_full"": 0.45, ""directional_ramp_min"": 0.25, ""score_group_threshold_default"": 1.5, ""volatility_scaler_high"": 0.025, ""volatility_scaler_low"": 0.005}"
ENGINE_A,,,EUR/JPY,RANGING,scalp,engine_a_bf31182245,2,0,2,0.0,-0.22,,,-0.22,,,True,-0.033,unspecified,unspecified,9,1.5,True,276,218,58,score_gte_candidate_threshold,"{""adx_hard_fail"": 18.0, ""adx_trend_min"": 28.0, ""directional_ramp_full"": 0.45, ""directional_ramp_min"": 0.25, ""score_group_threshold_default"": 1.5, ""volatility_scaler_high"": 0.025, ""volatility_scaler_low"": 0.005}"
ENGINE_A,,,META,TRENDING,swing,engine_a_9e0e9b16e0,1,0,1,0.0,-0.48,,,-0.48,,,True,-0.036,unspecified,unspecified,9,1.5,True,276,218,58,score_gte_candidate_threshold,"{""adx_hard_fail"": 12.0, ""adx_trend_min"": 22.0, ""directional_ramp_full"": 0.45, ""directional_ramp_min"": 0.25, ""score_group_threshold_default"": 1.5, ""volatility_scaler_high"": 0.025, ""volatility_scaler_low"": 0.005}"
ENGINE_A,,,META,TRENDING,swing,engine_a_0786ab053e,1,0,1,0.0,-0.48,,,-0.48,,,True,-0.036,unspecified,unspecified,9,1.5,True,276,218,58,score_gte_candidate_threshold,"{""adx_hard_fail"": 15.0, ""adx_trend_min"": 22.0, ""directional_ramp_full"": 0.45, ""directional_ramp_min"": 0.25, ""score_group_threshold_default"": 1.5, ""volatility_scaler_high"": 0.025, ""volatility_scaler_low"": 0.005}"
ENGINE_A,,,META,TRENDING,swing,engine_a_47614b9290,1,0,1,0.0,-0.48,,,-0.48,,,True,-0.036,unspecified,unspecified,9,1.5,True,276,218,58,score_gte_candidate_threshold,"{""adx_hard_fail"": 18.0, ""adx_trend_min"": 22.0, ""directional_ramp_full"": 0.45, ""directional_ramp_min"": 0.25, ""score_group_threshold_default"": 1.5, ""volatility_scaler_high"": 0.025, ""volatility_scaler_low"": 0.005}"
ENGINE_A,,,META,TRENDING,swing,engine_a_45943c6160,1,0,1,0.0,-0.48,,,-0.48,,,True,-0.036,unspecified,unspecified,9,1.5,True,276,218,58,score_gte_candidate_threshold,"{""adx_hard_fail"": 12.0, ""adx_trend_min"": 25.0, ""directional_ramp_full"": 0.45, ""directional_ramp_min"": 0.25, ""score_group_threshold_default"": 1.5, ""volatility_scaler_high"": 0.025, ""volatility_scaler_low"": 0.005}"
ENGINE_A,,,META,TRENDING,swing,engine_a_43d6f1c8a4,1,0,1,0.0,-0.48,,,-0.48,,,True,-0.036,unspecified,unspecified,9,1.5,True,276,218,58,score_gte_candidate_threshold,"{""adx_hard_fail"": 15.0, ""adx_trend_min"": 25.0, ""directional_ramp_full"": 0.45, ""directional_ramp_min"": 0.25, ""score_group_threshold_default"": 1.5, ""volatility_scaler_high"": 0.025, ""volatility_scaler_low"": 0.005}"
ENGINE_A,,,META,TRENDING,swing,engine_a_c38fbf3d85,1,0,1,0.0,-0.48,,,-0.48,,,True,-0.036,unspecified,unspecified,9,1.5,True,276,218,58,score_gte_candidate_threshold,"{""adx_hard_fail"": 18.0, ""adx_trend_min"": 25.0, ""directional_ramp_full"": 0.45, ""directional_ramp_min"": 0.25, ""score_group_threshold_default"": 1.5, ""volatility_scaler_high"": 0.025, ""volatility_scaler_low"": 0.005}"
ENGINE_A,,,META,TRENDING,swing,engine_a_f182b0faa6,1,0,1,0.0,-0.48,,,-0.48,,,True,-0.036,unspecified,unspecified,9,1.5,True,276,218,58,score_gte_candidate_threshold,"{""adx_hard_fail"": 12.0, ""adx_trend_min"": 28.0, ""directional_ramp_full"": 0.45, ""directional_ramp_min"": 0.25, ""score_group_threshold_default"": 1.5, ""volatility_scaler_high"": 0.025, ""volatility_scaler_low"": 0.005}"
ENGINE_A,,,META,TRENDING,swing,engine_a_b817f3206d,1,0,1,0.0,-0.48,,,-0.48,,,True,-0.036,unspecified,unspecified,9,1.5,True,276,218,58,score_gte_candidate_threshold,"{""adx_hard_fail"": 15.0, ""adx_trend_min"": 28.0, ""directional_ramp_full"": 0.45, ""directional_ramp_min"": 0.25, ""score_group_threshold_default"": 1.5, ""volatility_scaler_high"": 0.025, ""volatility_scaler_low"": 0.005}"
ENGINE_A,,,META,TRENDING,swing,engine_a_bf31182245,1,0,1,0.0,-0.48,,,-0.48,,,True,-0.036,unspecified,unspecified,9,1.5,True,276,218,58,score_gte_candidate_threshold,"{""adx_hard_fail"": 18.0, ""adx_trend_min"": 28.0, ""directional_ramp_full"": 0.45, ""directional_ramp_min"": 0.25, ""score_group_threshold_default"": 1.5, ""volatility_scaler_high"": 0.025, ""volatility_scaler_low"": 0.005}"
ENGINE_A,forex,,EUR/CHF,LONDON_BREAKOUT,intraday,engine_a_9e0e9b16e0,1,0,1,0.0,-0.49,,,-0.49,,,True,-0.03675,unspecified,unspecified,9,1.5,True,276,218,58,score_gte_candidate_threshold,"{""adx_hard_fail"": 12.0, ""adx_trend_min"": 22.0, ""directional_ramp_full"": 0.45, ""directional_ramp_min"": 0.25, ""score_group_threshold_default"": 1.5, ""volatility_scaler_high"": 0.025, ""volatility_scaler_low"": 0.005}"
ENGINE_A,,,S&P 500,TRENDING,swing,engine_a_9e0e9b16e0,1,0,1,0.0,-0.49,,,-0.49,,,True,-0.03675,unspecified,unspecified,9,1.5,True,276,218,58,score_gte_candidate_threshold,"{""adx_hard_fail"": 12.0, ""adx_trend_min"": 22.0, ""directional_ramp_full"": 0.45, ""directional_ramp_min"": 0.25, ""score_group_threshold_default"": 1.5, ""volatility_scaler_high"": 0.025, ""volatility_scaler_low"": 0.005}"
ENGINE_A,forex,,EUR/CHF,LONDON_BREAKOUT,intraday,engine_a_0786ab053e,1,0,1,0.0,-0.49,,,-0.49,,,True,-0.03675,unspecified,unspecified,9,1.5,True,276,218,58,score_gte_candidate_threshold,"{""adx_hard_fail"": 15.0, ""adx_trend_min"": 22.0, ""directional_ramp_full"": 0.45, ""directional_ramp_min"": 0.25, ""score_group_threshold_default"": 1.5, ""volatility_scaler_high"": 0.025, ""volatility_scaler_low"": 0.005}"
ENGINE_A,,,S&P 500,TRENDING,swing,engine_a_0786ab053e,1,0,1,0.0,-0.49,,,-0.49,,,True,-0.03675,unspecified,unspecified,9,1.5,True,276,218,58,score_gte_candidate_threshold,"{""adx_hard_fail"": 15.0, ""adx_trend_min"": 22.0, ""directional_ramp_full"": 0.45, ""directional_ramp_min"": 0.25, ""score_group_threshold_default"": 1.5, ""volatility_scaler_high"": 0.025, ""volatility_scaler_low"": 0.005}"
ENGINE_A,forex,,EUR/CHF,LONDON_BREAKOUT,intraday,engine_a_47614b9290,1,0,1,0.0,-0.49,,,-0.49,,,True,-0.03675,unspecified,unspecified,9,1.5,True,276,218,58,score_gte_candidate_threshold,"{""adx_hard_fail"": 18.0, ""adx_trend_min"": 22.0, ""directional_ramp_full"": 0.45, ""directional_ramp_min"": 0.25, ""score_group_threshold_default"": 1.5, ""volatility_scaler_high"": 0.025, ""volatility_scaler_low"": 0.005}"
ENGINE_A,,,S&P 500,TRENDING,swing,engine_a_47614b9290,1,0,1,0.0,-0.49,,,-0.49,,,True,-0.03675,unspecified,unspecified,9,1.5,True,276,218,58,score_gte_candidate_threshold,"{""adx_hard_fail"": 18.0, ""adx_trend_min"": 22.0, ""directional_ramp_full"": 0.45, ""directional_ramp_min"": 0.25, ""score_group_threshold_default"": 1.5, ""volatility_scaler_high"": 0.025, ""volatility_scaler_low"": 0.005}"
ENGINE_A,forex,,EUR/CHF,LONDON_BREAKOUT,intraday,engine_a_45943c6160,1,0,1,0.0,-0.49,,,-0.49,,,True,-0.03675,unspecified,unspecified,9,1.5,True,276,218,58,score_gte_candidate_threshold,"{""adx_hard_fail"": 12.0, ""adx_trend_min"": 25.0, ""directional_ramp_full"": 0.45, ""directional_ramp_min"": 0.25, ""score_group_threshold_default"": 1.5, ""volatility_scaler_high"": 0.025, ""volatility_scaler_low"": 0.005}"
ENGINE_A,,,S&P 500,TRENDING,swing,engine_a_45943c6160,1,0,1,0.0,-0.49,,,-0.49,,,True,-0.03675,unspecified,unspecified,9,1.5,True,276,218,58,score_gte_candidate_threshold,"{""adx_hard_fail"": 12.0, ""adx_trend_min"": 25.0, ""directional_ramp_full"": 0.45, ""directional_ramp_min"": 0.25, ""score_group_threshold_default"": 1.5, ""volatility_scaler_high"": 0.025, ""volatility_scaler_low"": 0.005}"
ENGINE_A,forex,,EUR/CHF,LONDON_BREAKOUT,intraday,engine_a_43d6f1c8a4,1,0,1,0.0,-0.49,,,-0.49,,,True,-0.03675,unspecified,unspecified,9,1.5,True,276,218,58,score_gte_candidate_threshold,"{""adx_hard_fail"": 15.0, ""adx_trend_min"": 25.0, ""directional_ramp_full"": 0.45, ""directional_ramp_min"": 0.25, ""score_group_threshold_default"": 1.5, ""volatility_scaler_high"": 0.025, ""volatility_scaler_low"": 0.005}"
ENGINE_A,,,S&P 500,TRENDING,swing,engine_a_43d6f1c8a4,1,0,1,0.0,-0.49,,,-0.49,,,True,-0.03675,unspecified,unspecified,9,1.5,True,276,218,58,score_gte_candidate_threshold,"{""adx_hard_fail"": 15.0, ""adx_trend_min"": 25.0, ""directional_ramp_full"": 0.45, ""directional_ramp_min"": 0.25, ""score_group_threshold_default"": 1.5, ""volatility_scaler_high"": 0.025, ""volatility_scaler_low"": 0.005}"
ENGINE_A,forex,,EUR/CHF,LONDON_BREAKOUT,intraday,engine_a_c38fbf3d85,1,0,1,0.0,-0.49,,,-0.49,,,True,-0.03675,unspecified,unspecified,9,1.5,True,276,218,58,score_gte_candidate_threshold,"{""adx_hard_fail"": 18.0, ""adx_trend_min"": 25.0, ""directional_ramp_full"": 0.45, ""directional_ramp_min"": 0.25, ""score_group_threshold_default"": 1.5, ""volatility_scaler_high"": 0.025, ""volatility_scaler_low"": 0.005}"
ENGINE_A,,,S&P 500,TRENDING,swing,engine_a_c38fbf3d85,1,0,1,0.0,-0.49,,,-0.49,,,True,-0.03675,unspecified,unspecified,9,1.5,True,276,218,58,score_gte_candidate_threshold,"{""adx_hard_fail"": 18.0, ""adx_trend_min"": 25.0, ""directional_ramp_full"": 0.45, ""directional_ramp_min"": 0.25, ""score_group_threshold_default"": 1.5, ""volatility_scaler_high"": 0.025, ""volatility_scaler_low"": 0.005}"
ENGINE_A,forex,,EUR/CHF,LONDON_BREAKOUT,intraday,engine_a_f182b0faa6,1,0,1,0.0,-0.49,,,-0.49,,,True,-0.03675,unspecified,unspecified,9,1.5,True,276,218,58,score_gte_candidate_threshold,"{""adx_hard_fail"": 12.0, ""adx_trend_min"": 28.0, ""directional_ramp_full"": 0.45, ""directional_ramp_min"": 0.25, ""score_group_threshold_default"": 1.5, ""volatility_scaler_high"": 0.025, ""volatility_scaler_low"": 0.005}"
ENGINE_A,,,S&P 500,TRENDING,swing,engine_a_f182b0faa6,1,0,1,0.0,-0.49,,,-0.49,,,True,-0.03675,unspecified,unspecified,9,1.5,True,276,218,58,score_gte_candidate_threshold,"{""adx_hard_fail"": 12.0, ""adx_trend_min"": 28.0, ""directional_ramp_full"": 0.45, ""directional_ramp_min"": 0.25, ""score_group_threshold_default"": 1.5, ""volatility_scaler_high"": 0.025, ""volatility_scaler_low"": 0.005}"
ENGINE_A,forex,,EUR/CHF,LONDON_BREAKOUT,intraday,engine_a_b817f3206d,1,0,1,0.0,-0.49,,,-0.49,,,True,-0.03675,unspecified,unspecified,9,1.5,True,276,218,58,score_gte_candidate_threshold,"{""adx_hard_fail"": 15.0, ""adx_trend_min"": 28.0, ""directional_ramp_full"": 0.45, ""directional_ramp_min"": 0.25, ""score_group_threshold_default"": 1.5, ""volatility_scaler_high"": 0.025, ""volatility_scaler_low"": 0.005}"
ENGINE_A,,,S&P 500,TRENDING,swing,engine_a_b817f3206d,1,0,1,0.0,-0.49,,,-0.49,,,True,-0.03675,unspecified,unspecified,9,1.5,True,276,218,58,score_gte_candidate_threshold,"{""adx_hard_fail"": 15.0, ""adx_trend_min"": 28.0, ""directional_ramp_full"": 0.45, ""directional_ramp_min"": 0.25, ""score_group_threshold_default"": 1.5, ""volatility_scaler_high"": 0.025, ""volatility_scaler_low"": 0.005}"
ENGINE_A,forex,,EUR/CHF,LONDON_BREAKOUT,intraday,engine_a_bf31182245,1,0,1,0.0,-0.49,,,-0.49,,,True,-0.03675,unspecified,unspecified,9,1.5,True,276,218,58,score_gte_candidate_threshold,"{""adx_hard_fail"": 18.0, ""adx_trend_min"": 28.0, ""directional_ramp_full"": 0.45, ""directional_ramp_min"": 0.25, ""score_group_threshold_default"": 1.5, ""volatility_scaler_high"": 0.025, ""volatility_scaler_low"": 0.005}"
ENGINE_A,,,S&P 500,TRENDING,swing,engine_a_bf31182245,1,0,1,0.0,-0.49,,,-0.49,,,True,-0.03675,unspecified,unspecified,9,1.5,True,276,218,58,score_gte_candidate_threshold,"{""adx_hard_fail"": 18.0, ""adx_trend_min"": 28.0, ""directional_ramp_full"": 0.45, ""directional_ramp_min"": 0.25, ""score_group_threshold_default"": 1.5, ""volatility_scaler_high"": 0.025, ""volatility_scaler_low"": 0.005}"
ENGINE_A,,,TLT,TRENDING,swing,engine_a_9e0e9b16e0,1,0,1,0.0,-0.5,,,-0.5,,,True,-0.0375,unspecified,unspecified,9,1.5,True,276,218,58,score_gte_candidate_threshold,"{""adx_hard_fail"": 12.0, ""adx_trend_min"": 22.0, ""directional_ramp_full"": 0.45, ""directional_ramp_min"": 0.25, ""score_group_threshold_default"": 1.5, ""volatility_scaler_high"": 0.025, ""volatility_scaler_low"": 0.005}"
ENGINE_A,,,TLT,TRENDING,swing,engine_a_0786ab053e,1,0,1,0.0,-0.5,,,-0.5,,,True,-0.0375,unspecified,unspecified,9,1.5,True,276,218,58,score_gte_candidate_threshold,"{""adx_hard_fail"": 15.0, ""adx_trend_min"": 22.0, ""directional_ramp_full"": 0.45, ""directional_ramp_min"": 0.25, ""score_group_threshold_default"": 1.5, ""volatility_scaler_high"": 0.025, ""volatility_scaler_low"": 0.005}"
ENGINE_A,,,TLT,TRENDING,swing,engine_a_47614b9290,1,0,1,0.0,-0.5,,,-0.5,,,True,-0.0375,unspecified,unspecified,9,1.5,True,276,218,58,score_gte_candidate_threshold,"{""adx_hard_fail"": 18.0, ""adx_trend_min"": 22.0, ""directional_ramp_full"": 0.45, ""directional_ramp_min"": 0.25, ""score_group_threshold_default"": 1.5, ""volatility_scaler_high"": 0.025, ""volatility_scaler_low"": 0.005}"
ENGINE_A,,,TLT,TRENDING,swing,engine_a_45943c6160,1,0,1,0.0,-0.5,,,-0.5,,,True,-0.0375,unspecified,unspecified,9,1.5,True,276,218,58,score_gte_candidate_threshold,"{""adx_hard_fail"": 12.0, ""adx_trend_min"": 25.0, ""directional_ramp_full"": 0.45, ""directional_ramp_min"": 0.25, ""score_group_threshold_default"": 1.5, ""volatility_scaler_high"": 0.025, ""volatility_scaler_low"": 0.005}"
ENGINE_A,,,TLT,TRENDING,swing,engine_a_43d6f1c8a4,1,0,1,0.0,-0.5,,,-0.5,,,True,-0.0375,unspecified,unspecified,9,1.5,True,276,218,58,score_gte_candidate_threshold,"{""adx_hard_fail"": 15.0, ""adx_trend_min"": 25.0, ""directional_ramp_full"": 0.45, ""directional_ramp_min"": 0.25, ""score_group_threshold_default"": 1.5, ""volatility_scaler_high"": 0.025, ""volatility_scaler_low"": 0.005}"
ENGINE_A,,,TLT,TRENDING,swing,engine_a_c38fbf3d85,1,0,1,0.0,-0.5,,,-0.5,,,True,-0.0375,unspecified,unspecified,9,1.5,True,276,218,58,score_gte_candidate_threshold,"{""adx_hard_fail"": 18.0, ""adx_trend_min"": 25.0, ""directional_ramp_full"": 0.45, ""directional_ramp_min"": 0.25, ""score_group_threshold_default"": 1.5, ""volatility_scaler_high"": 0.025, ""volatility_scaler_low"": 0.005}"
ENGINE_A,,,TLT,TRENDING,swing,engine_a_f182b0faa6,1,0,1,0.0,-0.5,,,-0.5,,,True,-0.0375,unspecified,unspecified,9,1.5,True,276,218,58,score_gte_candidate_threshold,"{""adx_hard_fail"": 12.0, ""adx_trend_min"": 28.0, ""directional_ramp_full"": 0.45, ""directional_ramp_min"": 0.25, ""score_group_threshold_default"": 1.5, ""volatility_scaler_high"": 0.025, ""volatility_scaler_low"": 0.005}"
ENGINE_A,,,TLT,TRENDING,swing,engine_a_b817f3206d,1,0,1,0.0,-0.5,,,-0.5,,,True,-0.0375,unspecified,unspecified,9,1.5,True,276,218,58,score_gte_candidate_threshold,"{""adx_hard_fail"": 15.0, ""adx_trend_min"": 28.0, ""directional_ramp_full"": 0.45, ""directional_ramp_min"": 0.25, ""score_group_threshold_default"": 1.5, ""volatility_scaler_high"": 0.025, ""volatility_scaler_low"": 0.005}"
ENGINE_A,,,TLT,TRENDING,swing,engine_a_bf31182245,1,0,1,0.0,-0.5,,,-0.5,,,True,-0.0375,unspecified,unspecified,9,1.5,True,276,218,58,score_gte_candidate_threshold,"{""adx_hard_fail"": 18.0, ""adx_trend_min"": 28.0, ""directional_ramp_full"": 0.45, ""directional_ramp_min"": 0.25, ""score_group_threshold_default"": 1.5, ""volatility_scaler_high"": 0.025, ""volatility_scaler_low"": 0.005}"
ENGINE_A,,,AUD/NZD,DEAD RANGING,scalp,engine_a_9e0e9b16e0,1,0,1,0.0,-0.63,,,-0.63,,,True,-0.04725,unspecified,unspecified,9,1.5,True,276,218,58,score_gte_candidate_threshold,"{""adx_hard_fail"": 12.0, ""adx_trend_min"": 22.0, ""directional_ramp_full"": 0.45, ""directional_ramp_min"": 0.25, ""score_group_threshold_default"": 1.5, ""volatility_scaler_high"": 0.025, ""volatility_scaler_low"": 0.005}"
ENGINE_A,,,AUD/NZD,DEAD RANGING,scalp,engine_a_0786ab053e,1,0,1,0.0,-0.63,,,-0.63,,,True,-0.04725,unspecified,unspecified,9,1.5,True,276,218,58,score_gte_candidate_threshold,"{""adx_hard_fail"": 15.0, ""adx_trend_min"": 22.0, ""directional_ramp_full"": 0.45, ""directional_ramp_min"": 0.25, ""score_group_threshold_default"": 1.5, ""volatility_scaler_high"": 0.025, ""volatility_scaler_low"": 0.005}"
ENGINE_A,,,AUD/NZD,DEAD RANGING,scalp,engine_a_47614b9290,1,0,1,0.0,-0.63,,,-0.63,,,True,-0.04725,unspecified,unspecified,9,1.5,True,276,218,58,score_gte_candidate_threshold,"{""adx_hard_fail"": 18.0, ""adx_trend_min"": 22.0, ""directional_ramp_full"": 0.45, ""directional_ramp_min"": 0.25, ""score_group_threshold_default"": 1.5, ""volatility_scaler_high"": 0.025, ""volatility_scaler_low"": 0.005}"
ENGINE_A,,,AUD/NZD,DEAD RANGING,scalp,engine_a_45943c6160,1,0,1,0.0,-0.63,,,-0.63,,,True,-0.04725,unspecified,unspecified,9,1.5,True,276,218,58,score_gte_candidate_threshold,"{""adx_hard_fail"": 12.0, ""adx_trend_min"": 25.0, ""directional_ramp_full"": 0.45, ""directional_ramp_min"": 0.25, ""score_group_threshold_default"": 1.5, ""volatility_scaler_high"": 0.025, ""volatility_scaler_low"": 0.005}"
ENGINE_A,,,AUD/NZD,DEAD RANGING,scalp,engine_a_43d6f1c8a4,1,0,1,0.0,-0.63,,,-0.63,,,True,-0.04725,unspecified,unspecified,9,1.5,True,276,218,58,score_gte_candidate_threshold,"{""adx_hard_fail"": 15.0, ""adx_trend_min"": 25.0, ""directional_ramp_full"": 0.45, ""directional_ramp_min"": 0.25, ""score_group_threshold_default"": 1.5, ""volatility_scaler_high"": 0.025, ""volatility_scaler_low"": 0.005}"
ENGINE_A,,,AUD/NZD,DEAD RANGING,scalp,engine_a_c38fbf3d85,1,0,1,0.0,-0.63,,,-0.63,,,True,-0.04725,unspecified,unspecified,9,1.5,True,276,218,58,score_gte_candidate_threshold,"{""adx_hard_fail"": 18.0, ""adx_trend_min"": 25.0, ""directional_ramp_full"": 0.45, ""directional_ramp_min"": 0.25, ""score_group_threshold_default"": 1.5, ""volatility_scaler_high"": 0.025, ""volatility_scaler_low"": 0.005}"
ENGINE_A,,,AUD/NZD,DEAD RANGING,scalp,engine_a_f182b0faa6,1,0,1,0.0,-0.63,,,-0.63,,,True,-0.04725,unspecified,unspecified,9,1.5,True,276,218,58,score_gte_candidate_threshold,"{""adx_hard_fail"": 12.0, ""adx_trend_min"": 28.0, ""directional_ramp_full"": 0.45, ""directional_ramp_min"": 0.25, ""score_group_threshold_default"": 1.5, ""volatility_scaler_high"": 0.025, ""volatility_scaler_low"": 0.005}"
ENGINE_A,,,AUD/NZD,DEAD RANGING,scalp,engine_a_b817f3206d,1,0,1,0.0,-0.63,,,-0.63,,,True,-0.04725,unspecified,unspecified,9,1.5,True,276,218,58,score_gte_candidate_threshold,"{""adx_hard_fail"": 15.0, ""adx_trend_min"": 28.0, ""directional_ramp_full"": 0.45, ""directional_ramp_min"": 0.25, ""score_group_threshold_default"": 1.5, ""volatility_scaler_high"": 0.025, ""volatility_scaler_low"": 0.005}"
ENGINE_A,,,AUD/NZD,DEAD RANGING,scalp,engine_a_bf31182245,1,0,1,0.0,-0.63,,,-0.63,,,True,-0.04725,unspecified,unspecified,9,1.5,True,276,218,58,score_gte_candidate_threshold,"{""adx_hard_fail"": 18.0, ""adx_trend_min"": 28.0, ""directional_ramp_full"": 0.45, ""directional_ramp_min"": 0.25, ""score_group_threshold_default"": 1.5, ""volatility_scaler_high"": 0.025, ""volatility_scaler_low"": 0.005}"
ENGINE_A,,,USD/MXN,TRENDING,intraday,engine_a_9e0e9b16e0,2,0,2,0.0,-0.355,,,-0.355,,,True,-0.05325,unspecified,unspecified,9,1.5,True,276,218,58,score_gte_candidate_threshold,"{""adx_hard_fail"": 12.0, ""adx_trend_min"": 22.0, ""directional_ramp_full"": 0.45, ""directional_ramp_min"": 0.25, ""score_group_threshold_default"": 1.5, ""volatility_scaler_high"": 0.025, ""volatility_scaler_low"": 0.005}"
ENGINE_A,,,USD/MXN,TRENDING,intraday,engine_a_0786ab053e,2,0,2,0.0,-0.355,,,-0.355,,,True,-0.05325,unspecified,unspecified,9,1.5,True,276,218,58,score_gte_candidate_threshold,"{""adx_hard_fail"": 15.0, ""adx_trend_min"": 22.0, ""directional_ramp_full"": 0.45, ""directional_ramp_min"": 0.25, ""score_group_threshold_default"": 1.5, ""volatility_scaler_high"": 0.025, ""volatility_scaler_low"": 0.005}"
ENGINE_A,,,USD/MXN,TRENDING,intraday,engine_a_47614b9290,2,0,2,0.0,-0.355,,,-0.355,,,True,-0.05325,unspecified,unspecified,9,1.5,True,276,218,58,score_gte_candidate_threshold,"{""adx_hard_fail"": 18.0, ""adx_trend_min"": 22.0, ""directional_ramp_full"": 0.45, ""directional_ramp_min"": 0.25, ""score_group_threshold_default"": 1.5, ""volatility_scaler_high"": 0.025, ""volatility_scaler_low"": 0.005}"
ENGINE_A,,,USD/MXN,TRENDING,intraday,engine_a_45943c6160,2,0,2,0.0,-0.355,,,-0.355,,,True,-0.05325,unspecified,unspecified,9,1.5,True,276,218,58,score_gte_candidate_threshold,"{""adx_hard_fail"": 12.0, ""adx_trend_min"": 25.0, ""directional_ramp_full"": 0.45, ""directional_ramp_min"": 0.25, ""score_group_threshold_default"": 1.5, ""volatility_scaler_high"": 0.025, ""volatility_scaler_low"": 0.005}"
ENGINE_A,,,USD/MXN,TRENDING,intraday,engine_a_43d6f1c8a4,2,0,2,0.0,-0.355,,,-0.355,,,True,-0.05325,unspecified,unspecified,9,1.5,True,276,218,58,score_gte_candidate_threshold,"{""adx_hard_fail"": 15.0, ""adx_trend_min"": 25.0, ""directional_ramp_full"": 0.45, ""directional_ramp_min"": 0.25, ""score_group_threshold_default"": 1.5, ""volatility_scaler_high"": 0.025, ""volatility_scaler_low"": 0.005}"
ENGINE_A,,,USD/MXN,TRENDING,intraday,engine_a_c38fbf3d85,2,0,2,0.0,-0.355,,,-0.355,,,True,-0.05325,unspecified,unspecified,9,1.5,True,276,218,58,score_gte_candidate_threshold,"{""adx_hard_fail"": 18.0, ""adx_trend_min"": 25.0, ""directional_ramp_full"": 0.45, ""directional_ramp_min"": 0.25, ""score_group_threshold_default"": 1.5, ""volatility_scaler_high"": 0.025, ""volatility_scaler_low"": 0.005}"
ENGINE_A,,,USD/MXN,TRENDING,intraday,engine_a_f182b0faa6,2,0,2,0.0,-0.355,,,-0.355,,,True,-0.05325,unspecified,unspecified,9,1.5,True,276,218,58,score_gte_candidate_threshold,"{""adx_hard_fail"": 12.0, ""adx_trend_min"": 28.0, ""directional_ramp_full"": 0.45, ""directional_ramp_min"": 0.25, ""score_group_threshold_default"": 1.5, ""volatility_scaler_high"": 0.025, ""volatility_scaler_low"": 0.005}"
ENGINE_A,,,USD/MXN,TRENDING,intraday,engine_a_b817f3206d,2,0,2,0.0,-0.355,,,-0.355,,,True,-0.05325,unspecified,unspecified,9,1.5,True,276,218,58,score_gte_candidate_threshold,"{""adx_hard_fail"": 15.0, ""adx_trend_min"": 28.0, ""directional_ramp_full"": 0.45, ""directional_ramp_min"": 0.25, ""score_group_threshold_default"": 1.5, ""volatility_scaler_high"": 0.025, ""volatility_scaler_low"": 0.005}"
ENGINE_A,,,USD/MXN,TRENDING,intraday,engine_a_bf31182245,2,0,2,0.0,-0.355,,,-0.355,,,True,-0.05325,unspecified,unspecified,9,1.5,True,276,218,58,score_gte_candidate_threshold,"{""adx_hard_fail"": 18.0, ""adx_trend_min"": 28.0, ""directional_ramp_full"": 0.45, ""directional_ramp_min"": 0.25, ""score_group_threshold_default"": 1.5, ""volatility_scaler_high"": 0.025, ""volatility_scaler_low"": 0.005}"
ENGINE_A,,,USD/MXN,RANGING,intraday,engine_a_9e0e9b16e0,2,0,2,0.0,-0.4,,,-0.4,,,True,-0.06,unspecified,unspecified,9,1.5,True,276,218,58,score_gte_candidate_threshold,"{""adx_hard_fail"": 12.0, ""adx_trend_min"": 22.0, ""directional_ramp_full"": 0.45, ""directional_ramp_min"": 0.25, ""score_group_threshold_default"": 1.5, ""volatility_scaler_high"": 0.025, ""volatility_scaler_low"": 0.005}"
ENGINE_A,,,USD/MXN,RANGING,intraday,engine_a_0786ab053e,2,0,2,0.0,-0.4,,,-0.4,,,True,-0.06,unspecified,unspecified,9,1.5,True,276,218,58,score_gte_candidate_threshold,"{""adx_hard_fail"": 15.0, ""adx_trend_min"": 22.0, ""directional_ramp_full"": 0.45, ""directional_ramp_min"": 0.25, ""score_group_threshold_default"": 1.5, ""volatility_scaler_high"": 0.025, ""volatility_scaler_low"": 0.005}"
ENGINE_A,,,USD/MXN,RANGING,intraday,engine_a_47614b9290,2,0,2,0.0,-0.4,,,-0.4,,,True,-0.06,unspecified,unspecified,9,1.5,True,276,218,58,score_gte_candidate_threshold,"{""adx_hard_fail"": 18.0, ""adx_trend_min"": 22.0, ""directional_ramp_full"": 0.45, ""directional_ramp_min"": 0.25, ""score_group_threshold_default"": 1.5, ""volatility_scaler_high"": 0.025, ""volatility_scaler_low"": 0.005}"
ENGINE_A,,,USD/MXN,RANGING,intraday,engine_a_45943c6160,2,0,2,0.0,-0.4,,,-0.4,,,True,-0.06,unspecified,unspecified,9,1.5,True,276,218,58,score_gte_candidate_threshold,"{""adx_hard_fail"": 12.0, ""adx_trend_min"": 25.0, ""directional_ramp_full"": 0.45, ""directional_ramp_min"": 0.25, ""score_group_threshold_default"": 1.5, ""volatility_scaler_high"": 0.025, ""volatility_scaler_low"": 0.005}"
ENGINE_A,,,USD/MXN,RANGING,intraday,engine_a_43d6f1c8a4,2,0,2,0.0,-0.4,,,-0.4,,,True,-0.06,unspecified,unspecified,9,1.5,True,276,218,58,score_gte_candidate_threshold,"{""adx_hard_fail"": 15.0, ""adx_trend_min"": 25.0, ""directional_ramp_full"": 0.45, ""directional_ramp_min"": 0.25, ""score_group_threshold_default"": 1.5, ""volatility_scaler_high"": 0.025, ""volatility_scaler_low"": 0.005}"
ENGINE_A,,,USD/MXN,RANGING,intraday,engine_a_c38fbf3d85,2,0,2,0.0,-0.4,,,-0.4,,,True,-0.06,unspecified,unspecified,9,1.5,True,276,218,58,score_gte_candidate_threshold,"{""adx_hard_fail"": 18.0, ""adx_trend_min"": 25.0, ""directional_ramp_full"": 0.45, ""directional_ramp_min"": 0.25, ""score_group_threshold_default"": 1.5, ""volatility_scaler_high"": 0.025, ""volatility_scaler_low"": 0.005}"
ENGINE_A,,,USD/MXN,RANGING,intraday,engine_a_f182b0faa6,2,0,2,0.0,-0.4,,,-0.4,,,True,-0.06,unspecified,unspecified,9,1.5,True,276,218,58,score_gte_candidate_threshold,"{""adx_hard_fail"": 12.0, ""adx_trend_min"": 28.0, ""directional_ramp_full"": 0.45, ""directional_ramp_min"": 0.25, ""score_group_threshold_default"": 1.5, ""volatility_scaler_high"": 0.025, ""volatility_scaler_low"": 0.005}"
ENGINE_A,,,USD/MXN,RANGING,intraday,engine_a_b817f3206d,2,0,2,0.0,-0.4,,,-0.4,,,True,-0.06,unspecified,unspecified,9,1.5,True,276,218,58,score_gte_candidate_threshold,"{""adx_hard_fail"": 15.0, ""adx_trend_min"": 28.0, ""directional_ramp_full"": 0.45, ""directional_ramp_min"": 0.25, ""score_group_threshold_default"": 1.5, ""volatility_scaler_high"": 0.025, ""volatility_scaler_low"": 0.005}"
ENGINE_A,,,USD/MXN,RANGING,intraday,engine_a_bf31182245,2,0,2,0.0,-0.4,,,-0.4,,,True,-0.06,unspecified,unspecified,9,1.5,True,276,218,58,score_gte_candidate_threshold,"{""adx_hard_fail"": 18.0, ""adx_trend_min"": 28.0, ""directional_ramp_full"": 0.45, ""directional_ramp_min"": 0.25, ""score_group_threshold_default"": 1.5, ""volatility_scaler_high"": 0.025, ""volatility_scaler_low"": 0.005}"
ENGINE_A,,,AUD/USD,LOW_VOLATILITY,intraday,engine_a_9e0e9b16e0,8,6,2,0.75,-0.11875,,,-0.11875,,,True,-0.07125,unspecified,unspecified,9,1.5,True,276,218,58,score_gte_candidate_threshold,"{""adx_hard_fail"": 12.0, ""adx_trend_min"": 22.0, ""directional_ramp_full"": 0.45, ""directional_ramp_min"": 0.25, ""score_group_threshold_default"": 1.5, ""volatility_scaler_high"": 0.025, ""volatility_scaler_low"": 0.005}"
ENGINE_A,,,AUD/USD,LOW_VOLATILITY,intraday,engine_a_0786ab053e,8,6,2,0.75,-0.11875,,,-0.11875,,,True,-0.07125,unspecified,unspecified,9,1.5,True,276,218,58,score_gte_candidate_threshold,"{""adx_hard_fail"": 15.0, ""adx_trend_min"": 22.0, ""directional_ramp_full"": 0.45, ""directional_ramp_min"": 0.25, ""score_group_threshold_default"": 1.5, ""volatility_scaler_high"": 0.025, ""volatility_scaler_low"": 0.005}"
ENGINE_A,,,AUD/USD,LOW_VOLATILITY,intraday,engine_a_47614b9290,8,6,2,0.75,-0.11875,,,-0.11875,,,True,-0.07125,unspecified,unspecified,9,1.5,True,276,218,58,score_gte_candidate_threshold,"{""adx_hard_fail"": 18.0, ""adx_trend_min"": 22.0, ""directional_ramp_full"": 0.45, ""directional_ramp_min"": 0.25, ""score_group_threshold_default"": 1.5, ""volatility_scaler_high"": 0.025, ""volatility_scaler_low"": 0.005}"
ENGINE_A,,,AUD/USD,LOW_VOLATILITY,intraday,engine_a_45943c6160,8,6,2,0.75,-0.11875,,,-0.11875,,,True,-0.07125,unspecified,unspecified,9,1.5,True,276,218,58,score_gte_candidate_threshold,"{""adx_hard_fail"": 12.0, ""adx_trend_min"": 25.0, ""directional_ramp_full"": 0.45, ""directional_ramp_min"": 0.25, ""score_group_threshold_default"": 1.5, ""volatility_scaler_high"": 0.025, ""volatility_scaler_low"": 0.005}"
ENGINE_A,,,AUD/USD,LOW_VOLATILITY,intraday,engine_a_43d6f1c8a4,8,6,2,0.75,-0.11875,,,-0.11875,,,True,-0.07125,unspecified,unspecified,9,1.5,True,276,218,58,score_gte_candidate_threshold,"{""adx_hard_fail"": 15.0, ""adx_trend_min"": 25.0, ""directional_ramp_full"": 0.45, ""directional_ramp_min"": 0.25, ""score_group_threshold_default"": 1.5, ""volatility_scaler_high"": 0.025, ""volatility_scaler_low"": 0.005}"
ENGINE_A,,,AUD/USD,LOW_VOLATILITY,intraday,engine_a_c38fbf3d85,8,6,2,0.75,-0.11875,,,-0.11875,,,True,-0.07125,unspecified,unspecified,9,1.5,True,276,218,58,score_gte_candidate_threshold,"{""adx_hard_fail"": 18.0, ""adx_trend_min"": 25.0, ""directional_ramp_full"": 0.45, ""directional_ramp_min"": 0.25, ""score_group_threshold_default"": 1.5, ""volatility_scaler_high"": 0.025, ""volatility_scaler_low"": 0.005}"
ENGINE_A,,,AUD/USD,LOW_VOLATILITY,intraday,engine_a_f182b0faa6,8,6,2,0.75,-0.11875,,,-0.11875,,,True,-0.07125,unspecified,unspecified,9,1.5,True,276,218,58,score_gte_candidate_threshold,"{""adx_hard_fail"": 12.0, ""adx_trend_min"": 28.0, ""directional_ramp_full"": 0.45, ""directional_ramp_min"": 0.25, ""score_group_threshold_default"": 1.5, ""volatility_scaler_high"": 0.025, ""volatility_scaler_low"": 0.005}"
ENGINE_A,,,AUD/USD,LOW_VOLATILITY,intraday,engine_a_b817f3206d,8,6,2,0.75,-0.11875,,,-0.11875,,,True,-0.07125,unspecified,unspecified,9,1.5,True,276,218,58,score_gte_candidate_threshold,"{""adx_hard_fail"": 15.0, ""adx_trend_min"": 28.0, ""directional_ramp_full"": 0.45, ""directional_ramp_min"": 0.25, ""score_group_threshold_default"": 1.5, ""volatility_scaler_high"": 0.025, ""volatility_scaler_low"": 0.005}"
ENGINE_A,,,AUD/USD,LOW_VOLATILITY,intraday,engine_a_bf31182245,8,6,2,0.75,-0.11875,,,-0.11875,,,True,-0.07125,unspecified,unspecified,9,1.5,True,276,218,58,score_gte_candidate_threshold,"{""adx_hard_fail"": 18.0, ""adx_trend_min"": 28.0, ""directional_ramp_full"": 0.45, ""directional_ramp_min"": 0.25, ""score_group_threshold_default"": 1.5, ""volatility_scaler_high"": 0.025, ""volatility_scaler_low"": 0.005}"
ENGINE_A,,,S&P 500,TRENDING,intraday,engine_a_9e0e9b16e0,3,2,1,0.666667,-0.326667,,,-0.326667,,,True,-0.0735,unspecified,unspecified,9,1.5,True,276,218,58,score_gte_candidate_threshold,"{""adx_hard_fail"": 12.0, ""adx_trend_min"": 22.0, ""directional_ramp_full"": 0.45, ""directional_ramp_min"": 0.25, ""score_group_threshold_default"": 1.5, ""volatility_scaler_high"": 0.025, ""volatility_scaler_low"": 0.005}"
ENGINE_A,,,S&P 500,TRENDING,intraday,engine_a_0786ab053e,3,2,1,0.666667,-0.326667,,,-0.326667,,,True,-0.0735,unspecified,unspecified,9,1.5,True,276,218,58,score_gte_candidate_threshold,"{""adx_hard_fail"": 15.0, ""adx_trend_min"": 22.0, ""directional_ramp_full"": 0.45, ""directional_ramp_min"": 0.25, ""score_group_threshold_default"": 1.5, ""volatility_scaler_high"": 0.025, ""volatility_scaler_low"": 0.005}"
ENGINE_A,,,S&P 500,TRENDING,intraday,engine_a_47614b9290,3,2,1,0.666667,-0.326667,,,-0.326667,,,True,-0.0735,unspecified,unspecified,9,1.5,True,276,218,58,score_gte_candidate_threshold,"{""adx_hard_fail"": 18.0, ""adx_trend_min"": 22.0, ""directional_ramp_full"": 0.45, ""directional_ramp_min"": 0.25, ""score_group_threshold_default"": 1.5, ""volatility_scaler_high"": 0.025, ""volatility_scaler_low"": 0.005}"
ENGINE_A,,,S&P 500,TRENDING,intraday,engine_a_45943c6160,3,2,1,0.666667,-0.326667,,,-0.326667,,,True,-0.0735,unspecified,unspecified,9,1.5,True,276,218,58,score_gte_candidate_threshold,"{""adx_hard_fail"": 12.0, ""adx_trend_min"": 25.0, ""directional_ramp_full"": 0.45, ""directional_ramp_min"": 0.25, ""score_group_threshold_default"": 1.5, ""volatility_scaler_high"": 0.025, ""volatility_scaler_low"": 0.005}"
ENGINE_A,,,S&P 500,TRENDING,intraday,engine_a_43d6f1c8a4,3,2,1,0.666667,-0.326667,,,-0.326667,,,True,-0.0735,unspecified,unspecified,9,1.5,True,276,218,58,score_gte_candidate_threshold,"{""adx_hard_fail"": 15.0, ""adx_trend_min"": 25.0, ""directional_ramp_full"": 0.45, ""directional_ramp_min"": 0.25, ""score_group_threshold_default"": 1.5, ""volatility_scaler_high"": 0.025, ""volatility_scaler_low"": 0.005}"
ENGINE_A,,,S&P 500,TRENDING,intraday,engine_a_c38fbf3d85,3,2,1,0.666667,-0.326667,,,-0.326667,,,True,-0.0735,unspecified,unspecified,9,1.5,True,276,218,58,score_gte_candidate_threshold,"{""adx_hard_fail"": 18.0, ""adx_trend_min"": 25.0, ""directional_ramp_full"": 0.45, ""directional_ramp_min"": 0.25, ""score_group_threshold_default"": 1.5, ""volatility_scaler_high"": 0.025, ""volatility_scaler_low"": 0.005}"
ENGINE_A,,,S&P 500,TRENDING,intraday,engine_a_f182b0faa6,3,2,1,0.666667,-0.326667,,,-0.326667,,,True,-0.0735,unspecified,unspecified,9,1.5,True,276,218,58,score_gte_candidate_threshold,"{""adx_hard_fail"": 12.0, ""adx_trend_min"": 28.0, ""directional_ramp_full"": 0.45, ""directional_ramp_min"": 0.25, ""score_group_threshold_default"": 1.5, ""volatility_scaler_high"": 0.025, ""volatility_scaler_low"": 0.005}"
ENGINE_A,,,S&P 500,TRENDING,intraday,engine_a_b817f3206d,3,2,1,0.666667,-0.326667,,,-0.326667,,,True,-0.0735,unspecified,unspecified,9,1.5,True,276,218,58,score_gte_candidate_threshold,"{""adx_hard_fail"": 15.0, ""adx_trend_min"": 28.0, ""directional_ramp_full"": 0.45, ""directional_ramp_min"": 0.25, ""score_group_threshold_default"": 1.5, ""volatility_scaler_high"": 0.025, ""volatility_scaler_low"": 0.005}"
ENGINE_A,,,S&P 500,TRENDING,intraday,engine_a_bf31182245,3,2,1,0.666667,-0.326667,,,-0.326667,,,True,-0.0735,unspecified,unspecified,9,1.5,True,276,218,58,score_gte_candidate_threshold,"{""adx_hard_fail"": 18.0, ""adx_trend_min"": 28.0, ""directional_ramp_full"": 0.45, ""directional_ramp_min"": 0.25, ""score_group_threshold_default"": 1.5, ""volatility_scaler_high"": 0.025, ""volatility_scaler_low"": 0.005}"
ENGINE_A,,,Coffee,RANGING,swing,engine_a_9e0e9b16e0,1,0,1,0.0,-1.0,,,-1.0,,,True,-0.075,unspecified,unspecified,9,1.5,True,276,218,58,score_gte_candidate_threshold,"{""adx_hard_fail"": 12.0, ""adx_trend_min"": 22.0, ""directional_ramp_full"": 0.45, ""directional_ramp_min"": 0.25, ""score_group_threshold_default"": 1.5, ""volatility_scaler_high"": 0.025, ""volatility_scaler_low"": 0.005}"
ENGINE_A,,,Coffee,RANGING,swing,engine_a_0786ab053e,1,0,1,0.0,-1.0,,,-1.0,,,True,-0.075,unspecified,unspecified,9,1.5,True,276,218,58,score_gte_candidate_threshold,"{""adx_hard_fail"": 15.0, ""adx_trend_min"": 22.0, ""directional_ramp_full"": 0.45, ""directional_ramp_min"": 0.25, ""score_group_threshold_default"": 1.5, ""volatility_scaler_high"": 0.025, ""volatility_scaler_low"": 0.005}"
ENGINE_A,,,Coffee,RANGING,swing,engine_a_47614b9290,1,0,1,0.0,-1.0,,,-1.0,,,True,-0.075,unspecified,unspecified,9,1.5,True,276,218,58,score_gte_candidate_threshold,"{""adx_hard_fail"": 18.0, ""adx_trend_min"": 22.0, ""directional_ramp_full"": 0.45, ""directional_ramp_min"": 0.25, ""score_group_threshold_default"": 1.5, ""volatility_scaler_high"": 0.025, ""volatility_scaler_low"": 0.005}"
ENGINE_A,,,Coffee,RANGING,swing,engine_a_45943c6160,1,0,1,0.0,-1.0,,,-1.0,,,True,-0.075,unspecified,unspecified,9,1.5,True,276,218,58,score_gte_candidate_threshold,"{""adx_hard_fail"": 12.0, ""adx_trend_min"": 25.0, ""directional_ramp_full"": 0.45, ""directional_ramp_min"": 0.25, ""score_group_threshold_default"": 1.5, ""volatility_scaler_high"": 0.025, ""volatility_scaler_low"": 0.005}"
ENGINE_A,,,Coffee,RANGING,swing,engine_a_43d6f1c8a4,1,0,1,0.0,-1.0,,,-1.0,,,True,-0.075,unspecified,unspecified,9,1.5,True,276,218,58,score_gte_candidate_threshold,"{""adx_hard_fail"": 15.0, ""adx_trend_min"": 25.0, ""directional_ramp_full"": 0.45, ""directional_ramp_min"": 0.25, ""score_group_threshold_default"": 1.5, ""volatility_scaler_high"": 0.025, ""volatility_scaler_low"": 0.005}"
ENGINE_A,,,Coffee,RANGING,swing,engine_a_c38fbf3d85,1,0,1,0.0,-1.0,,,-1.0,,,True,-0.075,unspecified,unspecified,9,1.5,True,276,218,58,score_gte_candidate_threshold,"{""adx_hard_fail"": 18.0, ""adx_trend_min"": 25.0, ""directional_ramp_full"": 0.45, ""directional_ramp_min"": 0.25, ""score_group_threshold_default"": 1.5, ""volatility_scaler_high"": 0.025, ""volatility_scaler_low"": 0.005}"
ENGINE_A,,,Coffee,RANGING,swing,engine_a_f182b0faa6,1,0,1,0.0,-1.0,,,-1.0,,,True,-0.075,unspecified,unspecified,9,1.5,True,276,218,58,score_gte_candidate_threshold,"{""adx_hard_fail"": 12.0, ""adx_trend_min"": 28.0, ""directional_ramp_full"": 0.45, ""directional_ramp_min"": 0.25, ""score_group_threshold_default"": 1.5, ""volatility_scaler_high"": 0.025, ""volatility_scaler_low"": 0.005}"
ENGINE_A,,,Coffee,RANGING,swing,engine_a_b817f3206d,1,0,1,0.0,-1.0,,,-1.0,,,True,-0.075,unspecified,unspecified,9,1.5,True,276,218,58,score_gte_candidate_threshold,"{""adx_hard_fail"": 15.0, ""adx_trend_min"": 28.0, ""directional_ramp_full"": 0.45, ""directional_ramp_min"": 0.25, ""score_group_threshold_default"": 1.5, ""volatility_scaler_high"": 0.025, ""volatility_scaler_low"": 0.005}"
ENGINE_A,,,Coffee,RANGING,swing,engine_a_bf31182245,1,0,1,0.0,-1.0,,,-1.0,,,True,-0.075,unspecified,unspecified,9,1.5,True,276,218,58,score_gte_candidate_threshold,"{""adx_hard_fail"": 18.0, ""adx_trend_min"": 28.0, ""directional_ramp_full"": 0.45, ""directional_ramp_min"": 0.25, ""score_group_threshold_default"": 1.5, ""volatility_scaler_high"": 0.025, ""volatility_scaler_low"": 0.005}"
ENGINE_A,,,USD/MXN,LOW_VOLATILITY,intraday,engine_a_9e0e9b16e0,1,0,1,0.0,-1.01,,,-1.01,,,True,-0.07575,unspecified,unspecified,9,1.5,True,276,218,58,score_gte_candidate_threshold,"{""adx_hard_fail"": 12.0, ""adx_trend_min"": 22.0, ""directional_ramp_full"": 0.45, ""directional_ramp_min"": 0.25, ""score_group_threshold_default"": 1.5, ""volatility_scaler_high"": 0.025, ""volatility_scaler_low"": 0.005}"
ENGINE_A,,,LINK/USDT,TRENDING,intraday,engine_a_9e0e9b16e0,1,0,1,0.0,-1.01,,,-1.01,,,True,-0.07575,unspecified,unspecified,9,1.5,True,276,218,58,score_gte_candidate_threshold,"{""adx_hard_fail"": 12.0, ""adx_trend_min"": 22.0, ""directional_ramp_full"": 0.45, ""directional_ramp_min"": 0.25, ""score_group_threshold_default"": 1.5, ""volatility_scaler_high"": 0.025, ""volatility_scaler_low"": 0.005}"
ENGINE_A,,,USD/MXN,LOW_VOLATILITY,intraday,engine_a_0786ab053e,1,0,1,0.0,-1.01,,,-1.01,,,True,-0.07575,unspecified,unspecified,9,1.5,True,276,218,58,score_gte_candidate_threshold,"{""adx_hard_fail"": 15.0, ""adx_trend_min"": 22.0, ""directional_ramp_full"": 0.45, ""directional_ramp_min"": 0.25, ""score_group_threshold_default"": 1.5, ""volatility_scaler_high"": 0.025, ""volatility_scaler_low"": 0.005}"
ENGINE_A,,,LINK/USDT,TRENDING,intraday,engine_a_0786ab053e,1,0,1,0.0,-1.01,,,-1.01,,,True,-0.07575,unspecified,unspecified,9,1.5,True,276,218,58,score_gte_candidate_threshold,"{""adx_hard_fail"": 15.0, ""adx_trend_min"": 22.0, ""directional_ramp_full"": 0.45, ""directional_ramp_min"": 0.25, ""score_group_threshold_default"": 1.5, ""volatility_scaler_high"": 0.025, ""volatility_scaler_low"": 0.005}"
ENGINE_A,,,USD/MXN,LOW_VOLATILITY,intraday,engine_a_47614b9290,1,0,1,0.0,-1.01,,,-1.01,,,True,-0.07575,unspecified,unspecified,9,1.5,True,276,218,58,score_gte_candidate_threshold,"{""adx_hard_fail"": 18.0, ""adx_trend_min"": 22.0, ""directional_ramp_full"": 0.45, ""directional_ramp_min"": 0.25, ""score_group_threshold_default"": 1.5, ""volatility_scaler_high"": 0.025, ""volatility_scaler_low"": 0.005}"
ENGINE_A,,,LINK/USDT,TRENDING,intraday,engine_a_47614b9290,1,0,1,0.0,-1.01,,,-1.01,,,True,-0.07575,unspecified,unspecified,9,1.5,True,276,218,58,score_gte_candidate_threshold,"{""adx_hard_fail"": 18.0, ""adx_trend_min"": 22.0, ""directional_ramp_full"": 0.45, ""directional_ramp_min"": 0.25, ""score_group_threshold_default"": 1.5, ""volatility_scaler_high"": 0.025, ""volatility_scaler_low"": 0.005}"
ENGINE_A,,,USD/MXN,LOW_VOLATILITY,intraday,engine_a_45943c6160,1,0,1,0.0,-1.01,,,-1.01,,,True,-0.07575,unspecified,unspecified,9,1.5,True,276,218,58,score_gte_candidate_threshold,"{""adx_hard_fail"": 12.0, ""adx_trend_min"": 25.0, ""directional_ramp_full"": 0.45, ""directional_ramp_min"": 0.25, ""score_group_threshold_default"": 1.5, ""volatility_scaler_high"": 0.025, ""volatility_scaler_low"": 0.005}"
ENGINE_A,,,LINK/USDT,TRENDING,intraday,engine_a_45943c6160,1,0,1,0.0,-1.01,,,-1.01,,,True,-0.07575,unspecified,unspecified,9,1.5,True,276,218,58,score_gte_candidate_threshold,"{""adx_hard_fail"": 12.0, ""adx_trend_min"": 25.0, ""directional_ramp_full"": 0.45, ""directional_ramp_min"": 0.25, ""score_group_threshold_default"": 1.5, ""volatility_scaler_high"": 0.025, ""volatility_scaler_low"": 0.005}"
ENGINE_A,,,USD/MXN,LOW_VOLATILITY,intraday,engine_a_43d6f1c8a4,1,0,1,0.0,-1.01,,,-1.01,,,True,-0.07575,unspecified,unspecified,9,1.5,True,276,218,58,score_gte_candidate_threshold,"{""adx_hard_fail"": 15.0, ""adx_trend_min"": 25.0, ""directional_ramp_full"": 0.45, ""directional_ramp_min"": 0.25, ""score_group_threshold_default"": 1.5, ""volatility_scaler_high"": 0.025, ""volatility_scaler_low"": 0.005}"
ENGINE_A,,,LINK/USDT,TRENDING,intraday,engine_a_43d6f1c8a4,1,0,1,0.0,-1.01,,,-1.01,,,True,-0.07575,unspecified,unspecified,9,1.5,True,276,218,58,score_gte_candidate_threshold,"{""adx_hard_fail"": 15.0, ""adx_trend_min"": 25.0, ""directional_ramp_full"": 0.45, ""directional_ramp_min"": 0.25, ""score_group_threshold_default"": 1.5, ""volatility_scaler_high"": 0.025, ""volatility_scaler_low"": 0.005}"
ENGINE_A,,,USD/MXN,LOW_VOLATILITY,intraday,engine_a_c38fbf3d85,1,0,1,0.0,-1.01,,,-1.01,,,True,-0.07575,unspecified,unspecified,9,1.5,True,276,218,58,score_gte_candidate_threshold,"{""adx_hard_fail"": 18.0, ""adx_trend_min"": 25.0, ""directional_ramp_full"": 0.45, ""directional_ramp_min"": 0.25, ""score_group_threshold_default"": 1.5, ""volatility_scaler_high"": 0.025, ""volatility_scaler_low"": 0.005}"
ENGINE_A,,,LINK/USDT,TRENDING,intraday,engine_a_c38fbf3d85,1,0,1,0.0,-1.01,,,-1.01,,,True,-0.07575,unspecified,unspecified,9,1.5,True,276,218,58,score_gte_candidate_threshold,"{""adx_hard_fail"": 18.0, ""adx_trend_min"": 25.0, ""directional_ramp_full"": 0.45, ""directional_ramp_min"": 0.25, ""score_group_threshold_default"": 1.5, ""volatility_scaler_high"": 0.025, ""volatility_scaler_low"": 0.005}"
ENGINE_A,,,USD/MXN,LOW_VOLATILITY,intraday,engine_a_f182b0faa6,1,0,1,0.0,-1.01,,,-1.01,,,True,-0.07575,unspecified,unspecified,9,1.5,True,276,218,58,score_gte_candidate_threshold,"{""adx_hard_fail"": 12.0, ""adx_trend_min"": 28.0, ""directional_ramp_full"": 0.45, ""directional_ramp_min"": 0.25, ""score_group_threshold_default"": 1.5, ""volatility_scaler_high"": 0.025, ""volatility_scaler_low"": 0.005}"
ENGINE_A,,,LINK/USDT,TRENDING,intraday,engine_a_f182b0faa6,1,0,1,0.0,-1.01,,,-1.01,,,True,-0.07575,unspecified,unspecified,9,1.5,True,276,218,58,score_gte_candidate_threshold,"{""adx_hard_fail"": 12.0, ""adx_trend_min"": 28.0, ""directional_ramp_full"": 0.45, ""directional_ramp_min"": 0.25, ""score_group_threshold_default"": 1.5, ""volatility_scaler_high"": 0.025, ""volatility_scaler_low"": 0.005}"
ENGINE_A,,,USD/MXN,LOW_VOLATILITY,intraday,engine_a_b817f3206d,1,0,1,0.0,-1.01,,,-1.01,,,True,-0.07575,unspecified,unspecified,9,1.5,True,276,218,58,score_gte_candidate_threshold,"{""adx_hard_fail"": 15.0, ""adx_trend_min"": 28.0, ""directional_ramp_full"": 0.45, ""directional_ramp_min"": 0.25, ""score_group_threshold_default"": 1.5, ""volatility_scaler_high"": 0.025, ""volatility_scaler_low"": 0.005}"
ENGINE_A,,,LINK/USDT,TRENDING,intraday,engine_a_b817f3206d,1,0,1,0.0,-1.01,,,-1.01,,,True,-0.07575,unspecified,unspecified,9,1.5,True,276,218,58,score_gte_candidate_threshold,"{""adx_hard_fail"": 15.0, ""adx_trend_min"": 28.0, ""directional_ramp_full"": 0.45, ""directional_ramp_min"": 0.25, ""score_group_threshold_default"": 1.5, ""volatility_scaler_high"": 0.025, ""volatility_scaler_low"": 0.005}"
ENGINE_A,,,USD/MXN,LOW_VOLATILITY,intraday,engine_a_bf31182245,1,0,1,0.0,-1.01,,,-1.01,,,True,-0.07575,unspecified,unspecified,9,1.5,True,276,218,58,score_gte_candidate_threshold,"{""adx_hard_fail"": 18.0, ""adx_trend_min"": 28.0, ""directional_ramp_full"": 0.45, ""directional_ramp_min"": 0.25, ""score_group_threshold_default"": 1.5, ""volatility_scaler_high"": 0.025, ""volatility_scaler_low"": 0.005}"
ENGINE_A,,,LINK/USDT,TRENDING,intraday,engine_a_bf31182245,1,0,1,0.0,-1.01,,,-1.01,,,True,-0.07575,unspecified,unspecified,9,1.5,True,276,218,58,score_gte_candidate_threshold,"{""adx_hard_fail"": 18.0, ""adx_trend_min"": 28.0, ""directional_ramp_full"": 0.45, ""directional_ramp_min"": 0.25, ""score_group_threshold_default"": 1.5, ""volatility_scaler_high"": 0.025, ""volatility_scaler_low"": 0.005}"
ENGINE_A,,,ALGO/USDT,DEVELOPING,swing,engine_a_9e0e9b16e0,1,0,1,0.0,-1.09,,,-1.09,,,True,-0.08175,unspecified,unspecified,9,1.5,True,276,218,58,score_gte_candidate_threshold,"{""adx_hard_fail"": 12.0, ""adx_trend_min"": 22.0, ""directional_ramp_full"": 0.45, ""directional_ramp_min"": 0.25, ""score_group_threshold_default"": 1.5, ""volatility_scaler_high"": 0.025, ""volatility_scaler_low"": 0.005}"
ENGINE_A,,,ALGO/USDT,DEVELOPING,swing,engine_a_0786ab053e,1,0,1,0.0,-1.09,,,-1.09,,,True,-0.08175,unspecified,unspecified,9,1.5,True,276,218,58,score_gte_candidate_threshold,"{""adx_hard_fail"": 15.0, ""adx_trend_min"": 22.0, ""directional_ramp_full"": 0.45, ""directional_ramp_min"": 0.25, ""score_group_threshold_default"": 1.5, ""volatility_scaler_high"": 0.025, ""volatility_scaler_low"": 0.005}"
ENGINE_A,,,ALGO/USDT,DEVELOPING,swing,engine_a_47614b9290,1,0,1,0.0,-1.09,,,-1.09,,,True,-0.08175,unspecified,unspecified,9,1.5,True,276,218,58,score_gte_candidate_threshold,"{""adx_hard_fail"": 18.0, ""adx_trend_min"": 22.0, ""directional_ramp_full"": 0.45, ""directional_ramp_min"": 0.25, ""score_group_threshold_default"": 1.5, ""volatility_scaler_high"": 0.025, ""volatility_scaler_low"": 0.005}"
ENGINE_A,,,ALGO/USDT,DEVELOPING,swing,engine_a_45943c6160,1,0,1,0.0,-1.09,,,-1.09,,,True,-0.08175,unspecified,unspecified,9,1.5,True,276,218,58,score_gte_candidate_threshold,"{""adx_hard_fail"": 12.0, ""adx_trend_min"": 25.0, ""directional_ramp_full"": 0.45, ""directional_ramp_min"": 0.25, ""score_group_threshold_default"": 1.5, ""volatility_scaler_high"": 0.025, ""volatility_scaler_low"": 0.005}"
ENGINE_A,,,ALGO/USDT,DEVELOPING,swing,engine_a_43d6f1c8a4,1,0,1,0.0,-1.09,,,-1.09,,,True,-0.08175,unspecified,unspecified,9,1.5,True,276,218,58,score_gte_candidate_threshold,"{""adx_hard_fail"": 15.0, ""adx_trend_min"": 25.0, ""directional_ramp_full"": 0.45, ""directional_ramp_min"": 0.25, ""score_group_threshold_default"": 1.5, ""volatility_scaler_high"": 0.025, ""volatility_scaler_low"": 0.005}"
ENGINE_A,,,ALGO/USDT,DEVELOPING,swing,engine_a_c38fbf3d85,1,0,1,0.0,-1.09,,,-1.09,,,True,-0.08175,unspecified,unspecified,9,1.5,True,276,218,58,score_gte_candidate_threshold,"{""adx_hard_fail"": 18.0, ""adx_trend_min"": 25.0, ""directional_ramp_full"": 0.45, ""directional_ramp_min"": 0.25, ""score_group_threshold_default"": 1.5, ""volatility_scaler_high"": 0.025, ""volatility_scaler_low"": 0.005}"
ENGINE_A,,,ALGO/USDT,DEVELOPING,swing,engine_a_f182b0faa6,1,0,1,0.0,-1.09,,,-1.09,,,True,-0.08175,unspecified,unspecified,9,1.5,True,276,218,58,score_gte_candidate_threshold,"{""adx_hard_fail"": 12.0, ""adx_trend_min"": 28.0, ""directional_ramp_full"": 0.45, ""directional_ramp_min"": 0.25, ""score_group_threshold_default"": 1.5, ""volatility_scaler_high"": 0.025, ""volatility_scaler_low"": 0.005}"
ENGINE_A,,,ALGO/USDT,DEVELOPING,swing,engine_a_b817f3206d,1,0,1,0.0,-1.09,,,-1.09,,,True,-0.08175,unspecified,unspecified,9,1.5,True,276,218,58,score_gte_candidate_threshold,"{""adx_hard_fail"": 15.0, ""adx_trend_min"": 28.0, ""directional_ramp_full"": 0.45, ""directional_ramp_min"": 0.25, ""score_group_threshold_default"": 1.5, ""volatility_scaler_high"": 0.025, ""volatility_scaler_low"": 0.005}"
ENGINE_A,,,ALGO/USDT,DEVELOPING,swing,engine_a_bf31182245,1,0,1,0.0,-1.09,,,-1.09,,,True,-0.08175,unspecified,unspecified,9,1.5,True,276,218,58,score_gte_candidate_threshold,"{""adx_hard_fail"": 18.0, ""adx_trend_min"": 28.0, ""directional_ramp_full"": 0.45, ""directional_ramp_min"": 0.25, ""score_group_threshold_default"": 1.5, ""volatility_scaler_high"": 0.025, ""volatility_scaler_low"": 0.005}"
ENGINE_A,,,Hang Seng,LOW_VOLATILITY,intraday,engine_a_9e0e9b16e0,2,0,2,0.0,-0.6,,,-0.6,,,True,-0.09,unspecified,unspecified,9,1.5,True,276,218,58,score_gte_candidate_threshold,"{""adx_hard_fail"": 12.0, ""adx_trend_min"": 22.0, ""directional_ramp_full"": 0.45, ""directional_ramp_min"": 0.25, ""score_group_threshold_default"": 1.5, ""volatility_scaler_high"": 0.025, ""volatility_scaler_low"": 0.005}"
ENGINE_A,,,Hang Seng,LOW_VOLATILITY,intraday,engine_a_0786ab053e,2,0,2,0.0,-0.6,,,-0.6,,,True,-0.09,unspecified,unspecified,9,1.5,True,276,218,58,score_gte_candidate_threshold,"{""adx_hard_fail"": 15.0, ""adx_trend_min"": 22.0, ""directional_ramp_full"": 0.45, ""directional_ramp_min"": 0.25, ""score_group_threshold_default"": 1.5, ""volatility_scaler_high"": 0.025, ""volatility_scaler_low"": 0.005}"
ENGINE_A,,,Hang Seng,LOW_VOLATILITY,intraday,engine_a_47614b9290,2,0,2,0.0,-0.6,,,-0.6,,,True,-0.09,unspecified,unspecified,9,1.5,True,276,218,58,score_gte_candidate_threshold,"{""adx_hard_fail"": 18.0, ""adx_trend_min"": 22.0, ""directional_ramp_full"": 0.45, ""directional_ramp_min"": 0.25, ""score_group_threshold_default"": 1.5, ""volatility_scaler_high"": 0.025, ""volatility_scaler_low"": 0.005}"
ENGINE_A,,,Hang Seng,LOW_VOLATILITY,intraday,engine_a_45943c6160,2,0,2,0.0,-0.6,,,-0.6,,,True,-0.09,unspecified,unspecified,9,1.5,True,276,218,58,score_gte_candidate_threshold,"{""adx_hard_fail"": 12.0, ""adx_trend_min"": 25.0, ""directional_ramp_full"": 0.45, ""directional_ramp_min"": 0.25, ""score_group_threshold_default"": 1.5, ""volatility_scaler_high"": 0.025, ""volatility_scaler_low"": 0.005}"
ENGINE_A,,,Hang Seng,LOW_VOLATILITY,intraday,engine_a_43d6f1c8a4,2,0,2,0.0,-0.6,,,-0.6,,,True,-0.09,unspecified,unspecified,9,1.5,True,276,218,58,score_gte_candidate_threshold,"{""adx_hard_fail"": 15.0, ""adx_trend_min"": 25.0, ""directional_ramp_full"": 0.45, ""directional_ramp_min"": 0.25, ""score_group_threshold_default"": 1.5, ""volatility_scaler_high"": 0.025, ""volatility_scaler_low"": 0.005}"
ENGINE_A,,,Hang Seng,LOW_VOLATILITY,intraday,engine_a_c38fbf3d85,2,0,2,0.0,-0.6,,,-0.6,,,True,-0.09,unspecified,unspecified,9,1.5,True,276,218,58,score_gte_candidate_threshold,"{""adx_hard_fail"": 18.0, ""adx_trend_min"": 25.0, ""directional_ramp_full"": 0.45, ""directional_ramp_min"": 0.25, ""score_group_threshold_default"": 1.5, ""volatility_scaler_high"": 0.025, ""volatility_scaler_low"": 0.005}"
ENGINE_A,,,Hang Seng,LOW_VOLATILITY,intraday,engine_a_f182b0faa6,2,0,2,0.0,-0.6,,,-0.6,,,True,-0.09,unspecified,unspecified,9,1.5,True,276,218,58,score_gte_candidate_threshold,"{""adx_hard_fail"": 12.0, ""adx_trend_min"": 28.0, ""directional_ramp_full"": 0.45, ""directional_ramp_min"": 0.25, ""score_group_threshold_default"": 1.5, ""volatility_scaler_high"": 0.025, ""volatility_scaler_low"": 0.005}"
ENGINE_A,,,Hang Seng,LOW_VOLATILITY,intraday,engine_a_b817f3206d,2,0,2,0.0,-0.6,,,-0.6,,,True,-0.09,unspecified,unspecified,9,1.5,True,276,218,58,score_gte_candidate_threshold,"{""adx_hard_fail"": 15.0, ""adx_trend_min"": 28.0, ""directional_ramp_full"": 0.45, ""directional_ramp_min"": 0.25, ""score_group_threshold_default"": 1.5, ""volatility_scaler_high"": 0.025, ""volatility_scaler_low"": 0.005}"
ENGINE_A,,,Hang Seng,LOW_VOLATILITY,intraday,engine_a_bf31182245,2,0,2,0.0,-0.6,,,-0.6,,,True,-0.09,unspecified,unspecified,9,1.5,True,276,218,58,score_gte_candidate_threshold,"{""adx_hard_fail"": 18.0, ""adx_trend_min"": 28.0, ""directional_ramp_full"": 0.45, ""directional_ramp_min"": 0.25, ""score_group_threshold_default"": 1.5, ""volatility_scaler_high"": 0.025, ""volatility_scaler_low"": 0.005}"
ENGINE_A,,,DAX 40,TRENDING,swing,engine_a_9e0e9b16e0,2,0,2,0.0,-0.64,,,-0.64,,,True,-0.096,unspecified,unspecified,9,1.5,True,276,218,58,score_gte_candidate_threshold,"{""adx_hard_fail"": 12.0, ""adx_trend_min"": 22.0, ""directional_ramp_full"": 0.45, ""directional_ramp_min"": 0.25, ""score_group_threshold_default"": 1.5, ""volatility_scaler_high"": 0.025, ""volatility_scaler_low"": 0.005}"
ENGINE_A,,,DAX 40,TRENDING,swing,engine_a_0786ab053e,2,0,2,0.0,-0.64,,,-0.64,,,True,-0.096,unspecified,unspecified,9,1.5,True,276,218,58,score_gte_candidate_threshold,"{""adx_hard_fail"": 15.0, ""adx_trend_min"": 22.0, ""directional_ramp_full"": 0.45, ""directional_ramp_min"": 0.25, ""score_group_threshold_default"": 1.5, ""volatility_scaler_high"": 0.025, ""volatility_scaler_low"": 0.005}"
ENGINE_A,,,DAX 40,TRENDING,swing,engine_a_47614b9290,2,0,2,0.0,-0.64,,,-0.64,,,True,-0.096,unspecified,unspecified,9,1.5,True,276,218,58,score_gte_candidate_threshold,"{""adx_hard_fail"": 18.0, ""adx_trend_min"": 22.0, ""directional_ramp_full"": 0.45, ""directional_ramp_min"": 0.25, ""score_group_threshold_default"": 1.5, ""volatility_scaler_high"": 0.025, ""volatility_scaler_low"": 0.005}"
ENGINE_A,,,DAX 40,TRENDING,swing,engine_a_45943c6160,2,0,2,0.0,-0.64,,,-0.64,,,True,-0.096,unspecified,unspecified,9,1.5,True,276,218,58,score_gte_candidate_threshold,"{""adx_hard_fail"": 12.0, ""adx_trend_min"": 25.0, ""directional_ramp_full"": 0.45, ""directional_ramp_min"": 0.25, ""score_group_threshold_default"": 1.5, ""volatility_scaler_high"": 0.025, ""volatility_scaler_low"": 0.005}"
ENGINE_A,,,DAX 40,TRENDING,swing,engine_a_43d6f1c8a4,2,0,2,0.0,-0.64,,,-0.64,,,True,-0.096,unspecified,unspecified,9,1.5,True,276,218,58,score_gte_candidate_threshold,"{""adx_hard_fail"": 15.0, ""adx_trend_min"": 25.0, ""directional_ramp_full"": 0.45, ""directional_ramp_min"": 0.25, ""score_group_threshold_default"": 1.5, ""volatility_scaler_high"": 0.025, ""volatility_scaler_low"": 0.005}"
ENGINE_A,,,DAX 40,TRENDING,swing,engine_a_c38fbf3d85,2,0,2,0.0,-0.64,,,-0.64,,,True,-0.096,unspecified,unspecified,9,1.5,True,276,218,58,score_gte_candidate_threshold,"{""adx_hard_fail"": 18.0, ""adx_trend_min"": 25.0, ""directional_ramp_full"": 0.45, ""directional_ramp_min"": 0.25, ""score_group_threshold_default"": 1.5, ""volatility_scaler_high"": 0.025, ""volatility_scaler_low"": 0.005}"
ENGINE_A,,,DAX 40,TRENDING,swing,engine_a_f182b0faa6,2,0,2,0.0,-0.64,,,-0.64,,,True,-0.096,unspecified,unspecified,9,1.5,True,276,218,58,score_gte_candidate_threshold,"{""adx_hard_fail"": 12.0, ""adx_trend_min"": 28.0, ""directional_ramp_full"": 0.45, ""directional_ramp_min"": 0.25, ""score_group_threshold_default"": 1.5, ""volatility_scaler_high"": 0.025, ""volatility_scaler_low"": 0.005}"
ENGINE_A,,,DAX 40,TRENDING,swing,engine_a_b817f3206d,2,0,2,0.0,-0.64,,,-0.64,,,True,-0.096,unspecified,unspecified,9,1.5,True,276,218,58,score_gte_candidate_threshold,"{""adx_hard_fail"": 15.0, ""adx_trend_min"": 28.0, ""directional_ramp_full"": 0.45, ""directional_ramp_min"": 0.25, ""score_group_threshold_default"": 1.5, ""volatility_scaler_high"": 0.025, ""volatility_scaler_low"": 0.005}"
ENGINE_A,,,DAX 40,TRENDING,swing,engine_a_bf31182245,2,0,2,0.0,-0.64,,,-0.64,,,True,-0.096,unspecified,unspecified,9,1.5,True,276,218,58,score_gte_candidate_threshold,"{""adx_hard_fail"": 18.0, ""adx_trend_min"": 28.0, ""directional_ramp_full"": 0.45, ""directional_ramp_min"": 0.25, ""score_group_threshold_default"": 1.5, ""volatility_scaler_high"": 0.025, ""volatility_scaler_low"": 0.005}"
ENGINE_A,,,USD/CHF,LOW_VOLATILITY,intraday,engine_a_9e0e9b16e0,6,4,2,0.666667,-0.223333,,,-0.223333,,,True,-0.1005,unspecified,unspecified,9,1.5,True,276,218,58,score_gte_candidate_threshold,"{""adx_hard_fail"": 12.0, ""adx_trend_min"": 22.0, ""directional_ramp_full"": 0.45, ""directional_ramp_min"": 0.25, ""score_group_threshold_default"": 1.5, ""volatility_scaler_high"": 0.025, ""volatility_scaler_low"": 0.005}"
ENGINE_A,,,USD/CHF,LOW_VOLATILITY,intraday,engine_a_0786ab053e,6,4,2,0.666667,-0.223333,,,-0.223333,,,True,-0.1005,unspecified,unspecified,9,1.5,True,276,218,58,score_gte_candidate_threshold,"{""adx_hard_fail"": 15.0, ""adx_trend_min"": 22.0, ""directional_ramp_full"": 0.45, ""directional_ramp_min"": 0.25, ""score_group_threshold_default"": 1.5, ""volatility_scaler_high"": 0.025, ""volatility_scaler_low"": 0.005}"
ENGINE_A,,,USD/CHF,LOW_VOLATILITY,intraday,engine_a_47614b9290,6,4,2,0.666667,-0.223333,,,-0.223333,,,True,-0.1005,unspecified,unspecified,9,1.5,True,276,218,58,score_gte_candidate_threshold,"{""adx_hard_fail"": 18.0, ""adx_trend_min"": 22.0, ""directional_ramp_full"": 0.45, ""directional_ramp_min"": 0.25, ""score_group_threshold_default"": 1.5, ""volatility_scaler_high"": 0.025, ""volatility_scaler_low"": 0.005}"
ENGINE_A,,,USD/CHF,LOW_VOLATILITY,intraday,engine_a_45943c6160,6,4,2,0.666667,-0.223333,,,-0.223333,,,True,-0.1005,unspecified,unspecified,9,1.5,True,276,218,58,score_gte_candidate_threshold,"{""adx_hard_fail"": 12.0, ""adx_trend_min"": 25.0, ""directional_ramp_full"": 0.45, ""directional_ramp_min"": 0.25, ""score_group_threshold_default"": 1.5, ""volatility_scaler_high"": 0.025, ""volatility_scaler_low"": 0.005}"
ENGINE_A,,,USD/CHF,LOW_VOLATILITY,intraday,engine_a_43d6f1c8a4,6,4,2,0.666667,-0.223333,,,-0.223333,,,True,-0.1005,unspecified,unspecified,9,1.5,True,276,218,58,score_gte_candidate_threshold,"{""adx_hard_fail"": 15.0, ""adx_trend_min"": 25.0, ""directional_ramp_full"": 0.45, ""directional_ramp_min"": 0.25, ""score_group_threshold_default"": 1.5, ""volatility_scaler_high"": 0.025, ""volatility_scaler_low"": 0.005}"
ENGINE_A,,,USD/CHF,LOW_VOLATILITY,intraday,engine_a_c38fbf3d85,6,4,2,0.666667,-0.223333,,,-0.223333,,,True,-0.1005,unspecified,unspecified,9,1.5,True,276,218,58,score_gte_candidate_threshold,"{""adx_hard_fail"": 18.0, ""adx_trend_min"": 25.0, ""directional_ramp_full"": 0.45, ""directional_ramp_min"": 0.25, ""score_group_threshold_default"": 1.5, ""volatility_scaler_high"": 0.025, ""volatility_scaler_low"": 0.005}"
ENGINE_A,,,USD/CHF,LOW_VOLATILITY,intraday,engine_a_f182b0faa6,6,4,2,0.666667,-0.223333,,,-0.223333,,,True,-0.1005,unspecified,unspecified,9,1.5,True,276,218,58,score_gte_candidate_threshold,"{""adx_hard_fail"": 12.0, ""adx_trend_min"": 28.0, ""directional_ramp_full"": 0.45, ""directional_ramp_min"": 0.25, ""score_group_threshold_default"": 1.5, ""volatility_scaler_high"": 0.025, ""volatility_scaler_low"": 0.005}"
ENGINE_A,,,USD/CHF,LOW_VOLATILITY,intraday,engine_a_b817f3206d,6,4,2,0.666667,-0.223333,,,-0.223333,,,True,-0.1005,unspecified,unspecified,9,1.5,True,276,218,58,score_gte_candidate_threshold,"{""adx_hard_fail"": 15.0, ""adx_trend_min"": 28.0, ""directional_ramp_full"": 0.45, ""directional_ramp_min"": 0.25, ""score_group_threshold_default"": 1.5, ""volatility_scaler_high"": 0.025, ""volatility_scaler_low"": 0.005}"
ENGINE_A,,,USD/CHF,LOW_VOLATILITY,intraday,engine_a_bf31182245,6,4,2,0.666667,-0.223333,,,-0.223333,,,True,-0.1005,unspecified,unspecified,9,1.5,True,276,218,58,score_gte_candidate_threshold,"{""adx_hard_fail"": 18.0, ""adx_trend_min"": 28.0, ""directional_ramp_full"": 0.45, ""directional_ramp_min"": 0.25, ""score_group_threshold_default"": 1.5, ""volatility_scaler_high"": 0.025, ""volatility_scaler_low"": 0.005}"
ENGINE_A,,,GBP/AUD,LOW_VOLATILITY,scalp,engine_a_9e0e9b16e0,6,4,2,0.666667,-0.325,,,-0.325,,,True,-0.14625,unspecified,unspecified,9,1.5,True,276,218,58,score_gte_candidate_threshold,"{""adx_hard_fail"": 12.0, ""adx_trend_min"": 22.0, ""directional_ramp_full"": 0.45, ""directional_ramp_min"": 0.25, ""score_group_threshold_default"": 1.5, ""volatility_scaler_high"": 0.025, ""volatility_scaler_low"": 0.005}"
ENGINE_A,,,GBP/AUD,LOW_VOLATILITY,scalp,engine_a_0786ab053e,6,4,2,0.666667,-0.325,,,-0.325,,,True,-0.14625,unspecified,unspecified,9,1.5,True,276,218,58,score_gte_candidate_threshold,"{""adx_hard_fail"": 15.0, ""adx_trend_min"": 22.0, ""directional_ramp_full"": 0.45, ""directional_ramp_min"": 0.25, ""score_group_threshold_default"": 1.5, ""volatility_scaler_high"": 0.025, ""volatility_scaler_low"": 0.005}"
ENGINE_A,,,GBP/AUD,LOW_VOLATILITY,scalp,engine_a_47614b9290,6,4,2,0.666667,-0.325,,,-0.325,,,True,-0.14625,unspecified,unspecified,9,1.5,True,276,218,58,score_gte_candidate_threshold,"{""adx_hard_fail"": 18.0, ""adx_trend_min"": 22.0, ""directional_ramp_full"": 0.45, ""directional_ramp_min"": 0.25, ""score_group_threshold_default"": 1.5, ""volatility_scaler_high"": 0.025, ""volatility_scaler_low"": 0.005}"
ENGINE_A,,,GBP/AUD,LOW_VOLATILITY,scalp,engine_a_45943c6160,6,4,2,0.666667,-0.325,,,-0.325,,,True,-0.14625,unspecified,unspecified,9,1.5,True,276,218,58,score_gte_candidate_threshold,"{""adx_hard_fail"": 12.0, ""adx_trend_min"": 25.0, ""directional_ramp_full"": 0.45, ""directional_ramp_min"": 0.25, ""score_group_threshold_default"": 1.5, ""volatility_scaler_high"": 0.025, ""volatility_scaler_low"": 0.005}"
ENGINE_A,,,GBP/AUD,LOW_VOLATILITY,scalp,engine_a_43d6f1c8a4,6,4,2,0.666667,-0.325,,,-0.325,,,True,-0.14625,unspecified,unspecified,9,1.5,True,276,218,58,score_gte_candidate_threshold,"{""adx_hard_fail"": 15.0, ""adx_trend_min"": 25.0, ""directional_ramp_full"": 0.45, ""directional_ramp_min"": 0.25, ""score_group_threshold_default"": 1.5, ""volatility_scaler_high"": 0.025, ""volatility_scaler_low"": 0.005}"
ENGINE_A,,,GBP/AUD,LOW_VOLATILITY,scalp,engine_a_c38fbf3d85,6,4,2,0.666667,-0.325,,,-0.325,,,True,-0.14625,unspecified,unspecified,9,1.5,True,276,218,58,score_gte_candidate_threshold,"{""adx_hard_fail"": 18.0, ""adx_trend_min"": 25.0, ""directional_ramp_full"": 0.45, ""directional_ramp_min"": 0.25, ""score_group_threshold_default"": 1.5, ""volatility_scaler_high"": 0.025, ""volatility_scaler_low"": 0.005}"
ENGINE_A,,,GBP/AUD,LOW_VOLATILITY,scalp,engine_a_f182b0faa6,6,4,2,0.666667,-0.325,,,-0.325,,,True,-0.14625,unspecified,unspecified,9,1.5,True,276,218,58,score_gte_candidate_threshold,"{""adx_hard_fail"": 12.0, ""adx_trend_min"": 28.0, ""directional_ramp_full"": 0.45, ""directional_ramp_min"": 0.25, ""score_group_threshold_default"": 1.5, ""volatility_scaler_high"": 0.025, ""volatility_scaler_low"": 0.005}"
ENGINE_A,,,GBP/AUD,LOW_VOLATILITY,scalp,engine_a_b817f3206d,6,4,2,0.666667,-0.325,,,-0.325,,,True,-0.14625,unspecified,unspecified,9,1.5,True,276,218,58,score_gte_candidate_threshold,"{""adx_hard_fail"": 15.0, ""adx_trend_min"": 28.0, ""directional_ramp_full"": 0.45, ""directional_ramp_min"": 0.25, ""score_group_threshold_default"": 1.5, ""volatility_scaler_high"": 0.025, ""volatility_scaler_low"": 0.005}"
ENGINE_A,,,GBP/AUD,LOW_VOLATILITY,scalp,engine_a_bf31182245,6,4,2,0.666667,-0.325,,,-0.325,,,True,-0.14625,unspecified,unspecified,9,1.5,True,276,218,58,score_gte_candidate_threshold,"{""adx_hard_fail"": 18.0, ""adx_trend_min"": 28.0, ""directional_ramp_full"": 0.45, ""directional_ramp_min"": 0.25, ""score_group_threshold_default"": 1.5, ""volatility_scaler_high"": 0.025, ""volatility_scaler_low"": 0.005}"
ENGINE_A,,,AUD/NZD,LOW_VOLATILITY,scalp,engine_a_9e0e9b16e0,4,2,2,0.5,-0.51,,,-0.51,,,True,-0.153,unspecified,unspecified,9,1.5,True,276,218,58,score_gte_candidate_threshold,"{""adx_hard_fail"": 12.0, ""adx_trend_min"": 22.0, ""directional_ramp_full"": 0.45, ""directional_ramp_min"": 0.25, ""score_group_threshold_default"": 1.5, ""volatility_scaler_high"": 0.025, ""volatility_scaler_low"": 0.005}"
ENGINE_A,,,AUD/USD,LOW_VOLATILITY,scalp,engine_a_9e0e9b16e0,2,0,2,0.0,-1.02,,,-1.02,,,True,-0.153,unspecified,unspecified,9,1.5,True,276,218,58,score_gte_candidate_threshold,"{""adx_hard_fail"": 12.0, ""adx_trend_min"": 22.0, ""directional_ramp_full"": 0.45, ""directional_ramp_min"": 0.25, ""score_group_threshold_default"": 1.5, ""volatility_scaler_high"": 0.025, ""volatility_scaler_low"": 0.005}"
ENGINE_A,,,AUD/NZD,LOW_VOLATILITY,scalp,engine_a_0786ab053e,4,2,2,0.5,-0.51,,,-0.51,,,True,-0.153,unspecified,unspecified,9,1.5,True,276,218,58,score_gte_candidate_threshold,"{""adx_hard_fail"": 15.0, ""adx_trend_min"": 22.0, ""directional_ramp_full"": 0.45, ""directional_ramp_min"": 0.25, ""score_group_threshold_default"": 1.5, ""volatility_scaler_high"": 0.025, ""volatility_scaler_low"": 0.005}"
ENGINE_A,,,AUD/USD,LOW_VOLATILITY,scalp,engine_a_0786ab053e,2,0,2,0.0,-1.02,,,-1.02,,,True,-0.153,unspecified,unspecified,9,1.5,True,276,218,58,score_gte_candidate_threshold,"{""adx_hard_fail"": 15.0, ""adx_trend_min"": 22.0, ""directional_ramp_full"": 0.45, ""directional_ramp_min"": 0.25, ""score_group_threshold_default"": 1.5, ""volatility_scaler_high"": 0.025, ""volatility_scaler_low"": 0.005}"
ENGINE_A,,,AUD/NZD,LOW_VOLATILITY,scalp,engine_a_47614b9290,4,2,2,0.5,-0.51,,,-0.51,,,True,-0.153,unspecified,unspecified,9,1.5,True,276,218,58,score_gte_candidate_threshold,"{""adx_hard_fail"": 18.0, ""adx_trend_min"": 22.0, ""directional_ramp_full"": 0.45, ""directional_ramp_min"": 0.25, ""score_group_threshold_default"": 1.5, ""volatility_scaler_high"": 0.025, ""volatility_scaler_low"": 0.005}"
ENGINE_A,,,AUD/USD,LOW_VOLATILITY,scalp,engine_a_47614b9290,2,0,2,0.0,-1.02,,,-1.02,,,True,-0.153,unspecified,unspecified,9,1.5,True,276,218,58,score_gte_candidate_threshold,"{""adx_hard_fail"": 18.0, ""adx_trend_min"": 22.0, ""directional_ramp_full"": 0.45, ""directional_ramp_min"": 0.25, ""score_group_threshold_default"": 1.5, ""volatility_scaler_high"": 0.025, ""volatility_scaler_low"": 0.005}"
ENGINE_A,,,AUD/NZD,LOW_VOLATILITY,scalp,engine_a_45943c6160,4,2,2,0.5,-0.51,,,-0.51,,,True,-0.153,unspecified,unspecified,9,1.5,True,276,218,58,score_gte_candidate_threshold,"{""adx_hard_fail"": 12.0, ""adx_trend_min"": 25.0, ""directional_ramp_full"": 0.45, ""directional_ramp_min"": 0.25, ""score_group_threshold_default"": 1.5, ""volatility_scaler_high"": 0.025, ""volatility_scaler_low"": 0.005}"
ENGINE_A,,,AUD/USD,LOW_VOLATILITY,scalp,engine_a_45943c6160,2,0,2,0.0,-1.02,,,-1.02,,,True,-0.153,unspecified,unspecified,9,1.5,True,276,218,58,score_gte_candidate_threshold,"{""adx_hard_fail"": 12.0, ""adx_trend_min"": 25.0, ""directional_ramp_full"": 0.45, ""directional_ramp_min"": 0.25, ""score_group_threshold_default"": 1.5, ""volatility_scaler_high"": 0.025, ""volatility_scaler_low"": 0.005}"
ENGINE_A,,,AUD/NZD,LOW_VOLATILITY,scalp,engine_a_43d6f1c8a4,4,2,2,0.5,-0.51,,,-0.51,,,True,-0.153,unspecified,unspecified,9,1.5,True,276,218,58,score_gte_candidate_threshold,"{""adx_hard_fail"": 15.0, ""adx_trend_min"": 25.0, ""directional_ramp_full"": 0.45, ""directional_ramp_min"": 0.25, ""score_group_threshold_default"": 1.5, ""volatility_scaler_high"": 0.025, ""volatility_scaler_low"": 0.005}"
ENGINE_A,,,AUD/USD,LOW_VOLATILITY,scalp,engine_a_43d6f1c8a4,2,0,2,0.0,-1.02,,,-1.02,,,True,-0.153,unspecified,unspecified,9,1.5,True,276,218,58,score_gte_candidate_threshold,"{""adx_hard_fail"": 15.0, ""adx_trend_min"": 25.0, ""directional_ramp_full"": 0.45, ""directional_ramp_min"": 0.25, ""score_group_threshold_default"": 1.5, ""volatility_scaler_high"": 0.025, ""volatility_scaler_low"": 0.005}"
ENGINE_A,,,AUD/NZD,LOW_VOLATILITY,scalp,engine_a_c38fbf3d85,4,2,2,0.5,-0.51,,,-0.51,,,True,-0.153,unspecified,unspecified,9,1.5,True,276,218,58,score_gte_candidate_threshold,"{""adx_hard_fail"": 18.0, ""adx_trend_min"": 25.0, ""directional_ramp_full"": 0.45, ""directional_ramp_min"": 0.25, ""score_group_threshold_default"": 1.5, ""volatility_scaler_high"": 0.025, ""volatility_scaler_low"": 0.005}"
ENGINE_A,,,AUD/USD,LOW_VOLATILITY,scalp,engine_a_c38fbf3d85,2,0,2,0.0,-1.02,,,-1.02,,,True,-0.153,unspecified,unspecified,9,1.5,True,276,218,58,score_gte_candidate_threshold,"{""adx_hard_fail"": 18.0, ""adx_trend_min"": 25.0, ""directional_ramp_full"": 0.45, ""directional_ramp_min"": 0.25, ""score_group_threshold_default"": 1.5, ""volatility_scaler_high"": 0.025, ""volatility_scaler_low"": 0.005}"
ENGINE_A,,,AUD/NZD,LOW_VOLATILITY,scalp,engine_a_f182b0faa6,4,2,2,0.5,-0.51,,,-0.51,,,True,-0.153,unspecified,unspecified,9,1.5,True,276,218,58,score_gte_candidate_threshold,"{""adx_hard_fail"": 12.0, ""adx_trend_min"": 28.0, ""directional_ramp_full"": 0.45, ""directional_ramp_min"": 0.25, ""score_group_threshold_default"": 1.5, ""volatility_scaler_high"": 0.025, ""volatility_scaler_low"": 0.005}"
ENGINE_A,,,AUD/USD,LOW_VOLATILITY,scalp,engine_a_f182b0faa6,2,0,2,0.0,-1.02,,,-1.02,,,True,-0.153,unspecified,unspecified,9,1.5,True,276,218,58,score_gte_candidate_threshold,"{""adx_hard_fail"": 12.0, ""adx_trend_min"": 28.0, ""directional_ramp_full"": 0.45, ""directional_ramp_min"": 0.25, ""score_group_threshold_default"": 1.5, ""volatility_scaler_high"": 0.025, ""volatility_scaler_low"": 0.005}"
ENGINE_A,,,AUD/NZD,LOW_VOLATILITY,scalp,engine_a_b817f3206d,4,2,2,0.5,-0.51,,,-0.51,,,True,-0.153,unspecified,unspecified,9,1.5,True,276,218,58,score_gte_candidate_threshold,"{""adx_hard_fail"": 15.0, ""adx_trend_min"": 28.0, ""directional_ramp_full"": 0.45, ""directional_ramp_min"": 0.25, ""score_group_threshold_default"": 1.5, ""volatility_scaler_high"": 0.025, ""volatility_scaler_low"": 0.005}"
ENGINE_A,,,AUD/USD,LOW_VOLATILITY,scalp,engine_a_b817f3206d,2,0,2,0.0,-1.02,,,-1.02,,,True,-0.153,unspecified,unspecified,9,1.5,True,276,218,58,score_gte_candidate_threshold,"{""adx_hard_fail"": 15.0, ""adx_trend_min"": 28.0, ""directional_ramp_full"": 0.45, ""directional_ramp_min"": 0.25, ""score_group_threshold_default"": 1.5, ""volatility_scaler_high"": 0.025, ""volatility_scaler_low"": 0.005}"
ENGINE_A,,,AUD/NZD,LOW_VOLATILITY,scalp,engine_a_bf31182245,4,2,2,0.5,-0.51,,,-0.51,,,True,-0.153,unspecified,unspecified,9,1.5,True,276,218,58,score_gte_candidate_threshold,"{""adx_hard_fail"": 18.0, ""adx_trend_min"": 28.0, ""directional_ramp_full"": 0.45, ""directional_ramp_min"": 0.25, ""score_group_threshold_default"": 1.5, ""volatility_scaler_high"": 0.025, ""volatility_scaler_low"": 0.005}"
ENGINE_A,,,AUD/USD,LOW_VOLATILITY,scalp,engine_a_bf31182245,2,0,2,0.0,-1.02,,,-1.02,,,True,-0.153,unspecified,unspecified,9,1.5,True,276,218,58,score_gte_candidate_threshold,"{""adx_hard_fail"": 18.0, ""adx_trend_min"": 28.0, ""directional_ramp_full"": 0.45, ""directional_ramp_min"": 0.25, ""score_group_threshold_default"": 1.5, ""volatility_scaler_high"": 0.025, ""volatility_scaler_low"": 0.005}"
ENGINE_A,,,USD/CHF,TRENDING,scalp,engine_a_9e0e9b16e0,2,0,2,0.0,-1.03,,,-1.03,,,True,-0.1545,unspecified,unspecified,9,1.5,True,276,218,58,score_gte_candidate_threshold,"{""adx_hard_fail"": 12.0, ""adx_trend_min"": 22.0, ""directional_ramp_full"": 0.45, ""directional_ramp_min"": 0.25, ""score_group_threshold_default"": 1.5, ""volatility_scaler_high"": 0.025, ""volatility_scaler_low"": 0.005}"
ENGINE_A,,,EUR/CHF,TRENDING,scalp,engine_a_9e0e9b16e0,2,0,2,0.0,-1.03,,,-1.03,,,True,-0.1545,unspecified,unspecified,9,1.5,True,276,218,58,score_gte_candidate_threshold,"{""adx_hard_fail"": 12.0, ""adx_trend_min"": 22.0, ""directional_ramp_full"": 0.45, ""directional_ramp_min"": 0.25, ""score_group_threshold_default"": 1.5, ""volatility_scaler_high"": 0.025, ""volatility_scaler_low"": 0.005}"
ENGINE_A,,,USD/CHF,TRENDING,scalp,engine_a_0786ab053e,2,0,2,0.0,-1.03,,,-1.03,,,True,-0.1545,unspecified,unspecified,9,1.5,True,276,218,58,score_gte_candidate_threshold,"{""adx_hard_fail"": 15.0, ""adx_trend_min"": 22.0, ""directional_ramp_full"": 0.45, ""directional_ramp_min"": 0.25, ""score_group_threshold_default"": 1.5, ""volatility_scaler_high"": 0.025, ""volatility_scaler_low"": 0.005}"
ENGINE_A,,,EUR/CHF,TRENDING,scalp,engine_a_0786ab053e,2,0,2,0.0,-1.03,,,-1.03,,,True,-0.1545,unspecified,unspecified,9,1.5,True,276,218,58,score_gte_candidate_threshold,"{""adx_hard_fail"": 15.0, ""adx_trend_min"": 22.0, ""directional_ramp_full"": 0.45, ""directional_ramp_min"": 0.25, ""score_group_threshold_default"": 1.5, ""volatility_scaler_high"": 0.025, ""volatility_scaler_low"": 0.005}"
ENGINE_A,,,USD/CHF,TRENDING,scalp,engine_a_47614b9290,2,0,2,0.0,-1.03,,,-1.03,,,True,-0.1545,unspecified,unspecified,9,1.5,True,276,218,58,score_gte_candidate_threshold,"{""adx_hard_fail"": 18.0, ""adx_trend_min"": 22.0, ""directional_ramp_full"": 0.45, ""directional_ramp_min"": 0.25, ""score_group_threshold_default"": 1.5, ""volatility_scaler_high"": 0.025, ""volatility_scaler_low"": 0.005}"
ENGINE_A,,,EUR/CHF,TRENDING,scalp,engine_a_47614b9290,2,0,2,0.0,-1.03,,,-1.03,,,True,-0.1545,unspecified,unspecified,9,1.5,True,276,218,58,score_gte_candidate_threshold,"{""adx_hard_fail"": 18.0, ""adx_trend_min"": 22.0, ""directional_ramp_full"": 0.45, ""directional_ramp_min"": 0.25, ""score_group_threshold_default"": 1.5, ""volatility_scaler_high"": 0.025, ""volatility_scaler_low"": 0.005}"
ENGINE_A,,,USD/CHF,TRENDING,scalp,engine_a_45943c6160,2,0,2,0.0,-1.03,,,-1.03,,,True,-0.1545,unspecified,unspecified,9,1.5,True,276,218,58,score_gte_candidate_threshold,"{""adx_hard_fail"": 12.0, ""adx_trend_min"": 25.0, ""directional_ramp_full"": 0.45, ""directional_ramp_min"": 0.25, ""score_group_threshold_default"": 1.5, ""volatility_scaler_high"": 0.025, ""volatility_scaler_low"": 0.005}"
ENGINE_A,,,EUR/CHF,TRENDING,scalp,engine_a_45943c6160,2,0,2,0.0,-1.03,,,-1.03,,,True,-0.1545,unspecified,unspecified,9,1.5,True,276,218,58,score_gte_candidate_threshold,"{""adx_hard_fail"": 12.0, ""adx_trend_min"": 25.0, ""directional_ramp_full"": 0.45, ""directional_ramp_min"": 0.25, ""score_group_threshold_default"": 1.5, ""volatility_scaler_high"": 0.025, ""volatility_scaler_low"": 0.005}"
ENGINE_A,,,USD/CHF,TRENDING,scalp,engine_a_43d6f1c8a4,2,0,2,0.0,-1.03,,,-1.03,,,True,-0.1545,unspecified,unspecified,9,1.5,True,276,218,58,score_gte_candidate_threshold,"{""adx_hard_fail"": 15.0, ""adx_trend_min"": 25.0, ""directional_ramp_full"": 0.45, ""directional_ramp_min"": 0.25, ""score_group_threshold_default"": 1.5, ""volatility_scaler_high"": 0.025, ""volatility_scaler_low"": 0.005}"
ENGINE_A,,,EUR/CHF,TRENDING,scalp,engine_a_43d6f1c8a4,2,0,2,0.0,-1.03,,,-1.03,,,True,-0.1545,unspecified,unspecified,9,1.5,True,276,218,58,score_gte_candidate_threshold,"{""adx_hard_fail"": 15.0, ""adx_trend_min"": 25.0, ""directional_ramp_full"": 0.45, ""directional_ramp_min"": 0.25, ""score_group_threshold_default"": 1.5, ""volatility_scaler_high"": 0.025, ""volatility_scaler_low"": 0.005}"
ENGINE_A,,,USD/CHF,TRENDING,scalp,engine_a_c38fbf3d85,2,0,2,0.0,-1.03,,,-1.03,,,True,-0.1545,unspecified,unspecified,9,1.5,True,276,218,58,score_gte_candidate_threshold,"{""adx_hard_fail"": 18.0, ""adx_trend_min"": 25.0, ""directional_ramp_full"": 0.45, ""directional_ramp_min"": 0.25, ""score_group_threshold_default"": 1.5, ""volatility_scaler_high"": 0.025, ""volatility_scaler_low"": 0.005}"
ENGINE_A,,,EUR/CHF,TRENDING,scalp,engine_a_c38fbf3d85,2,0,2,0.0,-1.03,,,-1.03,,,True,-0.1545,unspecified,unspecified,9,1.5,True,276,218,58,score_gte_candidate_threshold,"{""adx_hard_fail"": 18.0, ""adx_trend_min"": 25.0, ""directional_ramp_full"": 0.45, ""directional_ramp_min"": 0.25, ""score_group_threshold_default"": 1.5, ""volatility_scaler_high"": 0.025, ""volatility_scaler_low"": 0.005}"
ENGINE_A,,,USD/CHF,TRENDING,scalp,engine_a_f182b0faa6,2,0,2,0.0,-1.03,,,-1.03,,,True,-0.1545,unspecified,unspecified,9,1.5,True,276,218,58,score_gte_candidate_threshold,"{""adx_hard_fail"": 12.0, ""adx_trend_min"": 28.0, ""directional_ramp_full"": 0.45, ""directional_ramp_min"": 0.25, ""score_group_threshold_default"": 1.5, ""volatility_scaler_high"": 0.025, ""volatility_scaler_low"": 0.005}"
ENGINE_A,,,EUR/CHF,TRENDING,scalp,engine_a_f182b0faa6,2,0,2,0.0,-1.03,,,-1.03,,,True,-0.1545,unspecified,unspecified,9,1.5,True,276,218,58,score_gte_candidate_threshold,"{""adx_hard_fail"": 12.0, ""adx_trend_min"": 28.0, ""directional_ramp_full"": 0.45, ""directional_ramp_min"": 0.25, ""score_group_threshold_default"": 1.5, ""volatility_scaler_high"": 0.025, ""volatility_scaler_low"": 0.005}"
ENGINE_A,,,USD/CHF,TRENDING,scalp,engine_a_b817f3206d,2,0,2,0.0,-1.03,,,-1.03,,,True,-0.1545,unspecified,unspecified,9,1.5,True,276,218,58,score_gte_candidate_threshold,"{""adx_hard_fail"": 15.0, ""adx_trend_min"": 28.0, ""directional_ramp_full"": 0.45, ""directional_ramp_min"": 0.25, ""score_group_threshold_default"": 1.5, ""volatility_scaler_high"": 0.025, ""volatility_scaler_low"": 0.005}"
ENGINE_A,,,EUR/CHF,TRENDING,scalp,engine_a_b817f3206d,2,0,2,0.0,-1.03,,,-1.03,,,True,-0.1545,unspecified,unspecified,9,1.5,True,276,218,58,score_gte_candidate_threshold,"{""adx_hard_fail"": 15.0, ""adx_trend_min"": 28.0, ""directional_ramp_full"": 0.45, ""directional_ramp_min"": 0.25, ""score_group_threshold_default"": 1.5, ""volatility_scaler_high"": 0.025, ""volatility_scaler_low"": 0.005}"
ENGINE_A,,,USD/CHF,TRENDING,scalp,engine_a_bf31182245,2,0,2,0.0,-1.03,,,-1.03,,,True,-0.1545,unspecified,unspecified,9,1.5,True,276,218,58,score_gte_candidate_threshold,"{""adx_hard_fail"": 18.0, ""adx_trend_min"": 28.0, ""directional_ramp_full"": 0.45, ""directional_ramp_min"": 0.25, ""score_group_threshold_default"": 1.5, ""volatility_scaler_high"": 0.025, ""volatility_scaler_low"": 0.005}"
ENGINE_A,,,EUR/CHF,TRENDING,scalp,engine_a_bf31182245,2,0,2,0.0,-1.03,,,-1.03,,,True,-0.1545,unspecified,unspecified,9,1.5,True,276,218,58,score_gte_candidate_threshold,"{""adx_hard_fail"": 18.0, ""adx_trend_min"": 28.0, ""directional_ramp_full"": 0.45, ""directional_ramp_min"": 0.25, ""score_group_threshold_default"": 1.5, ""volatility_scaler_high"": 0.025, ""volatility_scaler_low"": 0.005}"
ENGINE_A,,,GBP/USD,LOW_VOLATILITY,intraday,engine_a_9e0e9b16e0,5,2,3,0.4,-0.592,,,-0.592,,,True,-0.222,unspecified,unspecified,9,1.5,True,276,218,58,score_gte_candidate_threshold,"{""adx_hard_fail"": 12.0, ""adx_trend_min"": 22.0, ""directional_ramp_full"": 0.45, ""directional_ramp_min"": 0.25, ""score_group_threshold_default"": 1.5, ""volatility_scaler_high"": 0.025, ""volatility_scaler_low"": 0.005}"
ENGINE_A,,,GBP/USD,LOW_VOLATILITY,intraday,engine_a_0786ab053e,5,2,3,0.4,-0.592,,,-0.592,,,True,-0.222,unspecified,unspecified,9,1.5,True,276,218,58,score_gte_candidate_threshold,"{""adx_hard_fail"": 15.0, ""adx_trend_min"": 22.0, ""directional_ramp_full"": 0.45, ""directional_ramp_min"": 0.25, ""score_group_threshold_default"": 1.5, ""volatility_scaler_high"": 0.025, ""volatility_scaler_low"": 0.005}"
ENGINE_A,,,GBP/USD,LOW_VOLATILITY,intraday,engine_a_47614b9290,5,2,3,0.4,-0.592,,,-0.592,,,True,-0.222,unspecified,unspecified,9,1.5,True,276,218,58,score_gte_candidate_threshold,"{""adx_hard_fail"": 18.0, ""adx_trend_min"": 22.0, ""directional_ramp_full"": 0.45, ""directional_ramp_min"": 0.25, ""score_group_threshold_default"": 1.5, ""volatility_scaler_high"": 0.025, ""volatility_scaler_low"": 0.005}"
ENGINE_A,,,GBP/USD,LOW_VOLATILITY,intraday,engine_a_45943c6160,5,2,3,0.4,-0.592,,,-0.592,,,True,-0.222,unspecified,unspecified,9,1.5,True,276,218,58,score_gte_candidate_threshold,"{""adx_hard_fail"": 12.0, ""adx_trend_min"": 25.0, ""directional_ramp_full"": 0.45, ""directional_ramp_min"": 0.25, ""score_group_threshold_default"": 1.5, ""volatility_scaler_high"": 0.025, ""volatility_scaler_low"": 0.005}"
ENGINE_A,,,GBP/USD,LOW_VOLATILITY,intraday,engine_a_43d6f1c8a4,5,2,3,0.4,-0.592,,,-0.592,,,True,-0.222,unspecified,unspecified,9,1.5,True,276,218,58,score_gte_candidate_threshold,"{""adx_hard_fail"": 15.0, ""adx_trend_min"": 25.0, ""directional_ramp_full"": 0.45, ""directional_ramp_min"": 0.25, ""score_group_threshold_default"": 1.5, ""volatility_scaler_high"": 0.025, ""volatility_scaler_low"": 0.005}"
ENGINE_A,,,GBP/USD,LOW_VOLATILITY,intraday,engine_a_c38fbf3d85,5,2,3,0.4,-0.592,,,-0.592,,,True,-0.222,unspecified,unspecified,9,1.5,True,276,218,58,score_gte_candidate_threshold,"{""adx_hard_fail"": 18.0, ""adx_trend_min"": 25.0, ""directional_ramp_full"": 0.45, ""directional_ramp_min"": 0.25, ""score_group_threshold_default"": 1.5, ""volatility_scaler_high"": 0.025, ""volatility_scaler_low"": 0.005}"
ENGINE_A,,,GBP/USD,LOW_VOLATILITY,intraday,engine_a_f182b0faa6,5,2,3,0.4,-0.592,,,-0.592,,,True,-0.222,unspecified,unspecified,9,1.5,True,276,218,58,score_gte_candidate_threshold,"{""adx_hard_fail"": 12.0, ""adx_trend_min"": 28.0, ""directional_ramp_full"": 0.45, ""directional_ramp_min"": 0.25, ""score_group_threshold_default"": 1.5, ""volatility_scaler_high"": 0.025, ""volatility_scaler_low"": 0.005}"
ENGINE_A,,,GBP/USD,LOW_VOLATILITY,intraday,engine_a_b817f3206d,5,2,3,0.4,-0.592,,,-0.592,,,True,-0.222,unspecified,unspecified,9,1.5,True,276,218,58,score_gte_candidate_threshold,"{""adx_hard_fail"": 15.0, ""adx_trend_min"": 28.0, ""directional_ramp_full"": 0.45, ""directional_ramp_min"": 0.25, ""score_group_threshold_default"": 1.5, ""volatility_scaler_high"": 0.025, ""volatility_scaler_low"": 0.005}"
ENGINE_A,,,GBP/USD,LOW_VOLATILITY,intraday,engine_a_bf31182245,5,2,3,0.4,-0.592,,,-0.592,,,True,-0.222,unspecified,unspecified,9,1.5,True,276,218,58,score_gte_candidate_threshold,"{""adx_hard_fail"": 18.0, ""adx_trend_min"": 28.0, ""directional_ramp_full"": 0.45, ""directional_ramp_min"": 0.25, ""score_group_threshold_default"": 1.5, ""volatility_scaler_high"": 0.025, ""volatility_scaler_low"": 0.005}"
