timestamp,pair,direction,entry,nearest_support_low,nearest_support_high,nearest_resistance_low,nearest_resistance_high,raw_structure_ok,raw_location_ok,raw_trigger_ok,raw_room_ok,raw_rr_ok,displayed_structure_badge,displayed_location_badge,displayed_trigger_badge,displayed_room_rr_badge,confidence_passed,canonical_structure_ok,canonical_location_ok,canonical_trigger_ok,canonical_room_ok,canonical_rr_ok,canonical_trade_ok,canonical_status,canonical_primary_reject_reason,canonical_secondary_reject_reasons,suggested_levels_displayed,ui_consistency_pass,inconsistency_reasons
2026-07-08T14:08:39.357114+00:00,AUD/NZD,SHORT,1.21527,1.2122662803553261,1.2153990654822466,1.2130209345177534,1.215463719644674,True,True,True,False,True,OK,FAIL,OK,FAIL,True,True,False,True,False,False,False,REJECT_ENTRY_LOCATION,SHORT_ENTRY_INSIDE_SUPPORT,ACTIONABILITY_CONFLICT_ENGINE_B_NO_AI_TRUE; ENGINE_B_ACTIONABLE_EXPLICIT_NO; LEARNING_CONTEXT_NEGATIVE; PARTIAL_TARGET_QUALITY_FAIL; ROOM_OK_FALSE; SHORT_TP1_INSIDE_SUPPORT; structural_tp_too_close; support_too_close,True,False,location_ok_true_but_SHORT_ENTRY_INSIDE_SUPPORT; room_rr_badge_ok_but_room_ok_false; room_rr_badge_ok_but_structural_tp_too_close; suggested_levels_displayed_while_canonical_trade_false
2026-07-08T14:08:39.409444+00:00,AUD/CHF,LONG,0.56004,0.5582395919596297,0.5610369792968889,0.5580030207031111,0.5607604080403703,True,True,False,False,True,OK,FAIL,FAIL,FAIL,True,True,False,False,False,False,False,REJECT_NO_TRIGGER,TRIGGER_NOT_OK,ACTIONABILITY_CONFLICT_ENGINE_B_NO_AI_TRUE; ENGINE_B_ACTIONABLE_EXPLICIT_NO; LEARNING_CONTEXT_NEGATIVE; LONG_ENTRY_INSIDE_RESISTANCE; PARTIAL_TARGET_QUALITY_FAIL; ROOM_OK_FALSE; resistance_too_close; structural_tp_too_close,True,False,location_ok_true_but_LONG_ENTRY_INSIDE_RESISTANCE; room_rr_badge_ok_but_room_ok_false; room_rr_badge_ok_but_structural_tp_too_close; suggested_levels_displayed_while_canonical_trade_false
2026-07-08T14:08:41.434471+00:00,GBP/USD,LONG,1.33764,1.3339836161513783,1.3382213212366918,1.334478678763308,1.3397963838486218,True,True,True,False,True,OK,FAIL,OK,FAIL,True,True,False,True,False,False,False,REJECT_ENTRY_LOCATION,LONG_ENTRY_INSIDE_RESISTANCE,ACTIONABILITY_CONFLICT_ENGINE_B_NO_AI_TRUE; ENGINE_B_ACTIONABLE_EXPLICIT_NO; LEARNING_CONTEXT_NEGATIVE; PARTIAL_TARGET_QUALITY_FAIL; ROOM_OK_FALSE; resistance_too_close; structural_tp_too_close,True,False,location_ok_true_but_LONG_ENTRY_INSIDE_RESISTANCE; room_rr_badge_ok_but_room_ok_false; room_rr_badge_ok_but_structural_tp_too_close; suggested_levels_displayed_while_canonical_trade_false
2026-07-08T14:08:42.784303+00:00,EUR/GBP,SHORT,0.85321,,,0.8638723225975163,0.8661623655843682,True,True,True,True,True,OK,OK,OK,OK,True,True,True,True,True,True,False,REJECT_CONFLICT,ACTIONABILITY_CONFLICT_ENGINE_B_NO_AI_TRUE,ENGINE_B_ACTIONABLE_EXPLICIT_NO; LEARNING_CONTEXT_NEGATIVE,True,False,suggested_levels_displayed_while_canonical_trade_false
2026-07-08T14:08:43.495904+00:00,EUR/USD,LONG,1.14129,1.1398742003590385,1.1440979191383076,1.1410920808616924,1.1446557996409616,True,True,True,False,True,OK,FAIL,OK,FAIL,True,True,False,True,False,False,False,REJECT_ENTRY_LOCATION,LONG_ENTRY_INSIDE_RESISTANCE,ACTIONABILITY_CONFLICT_ENGINE_B_NO_AI_TRUE; ENGINE_B_ACTIONABLE_EXPLICIT_NO; LEARNING_CONTEXT_NEGATIVE; LONG_TP1_INSIDE_RESISTANCE; PARTIAL_TARGET_QUALITY_FAIL; ROOM_OK_FALSE; resistance_too_close; structural_tp_too_close,True,False,location_ok_true_but_LONG_ENTRY_INSIDE_RESISTANCE; room_rr_badge_ok_but_room_ok_false; room_rr_badge_ok_but_structural_tp_too_close; suggested_levels_displayed_while_canonical_trade_false
2026-07-08T14:08:44.648370+00:00,USD/JPY,LONG,162.543,161.49977627500135,162.0411369399967,162.4588630600033,163.00022372499865,True,True,True,False,True,OK,FAIL,OK,FAIL,True,True,False,True,False,True,False,REJECT_ENTRY_LOCATION,LONG_ENTRY_INSIDE_RESISTANCE,ACTIONABILITY_CONFLICT_ENGINE_B_NO_AI_TRUE; ENGINE_B_ACTIONABLE_EXPLICIT_NO; LEARNING_CONTEXT_NEGATIVE; ROOM_OK_FALSE; resistance_too_close; structural_tp_too_close,True,False,location_ok_true_but_LONG_ENTRY_INSIDE_RESISTANCE; room_rr_badge_ok_but_room_ok_false; room_rr_badge_ok_but_structural_tp_too_close; suggested_levels_displayed_while_canonical_trade_false
2026-07-08T14:08:44.731571+00:00,GBP/JPY,LONG,217.399,214.74125179942376,215.43059568138293,216.72940431861707,217.41874820057623,True,True,True,False,True,OK,FAIL,OK,FAIL,True,True,False,True,False,True,False,REJECT_ENTRY_LOCATION,LONG_ENTRY_INSIDE_RESISTANCE,ACTIONABILITY_CONFLICT_ENGINE_B_NO_AI_TRUE; ENGINE_B_ACTIONABLE_EXPLICIT_NO; LEARNING_CONTEXT_NEGATIVE; ROOM_OK_FALSE; resistance_too_close; structural_tp_too_close,True,False,location_ok_true_but_LONG_ENTRY_INSIDE_RESISTANCE; room_rr_badge_ok_but_room_ok_false; room_rr_badge_ok_but_structural_tp_too_close; suggested_levels_displayed_while_canonical_trade_false
2026-07-08T14:08:46.037661+00:00,GBP/AUD,SHORT,1.93154,1.9188690252123541,1.9252983394903502,1.9282616605096496,1.9346909747876457,True,True,False,True,True,OK,OK,FAIL,OK,True,True,True,False,True,True,False,REJECT_NO_TRIGGER,TRIGGER_NOT_OK,ACTIONABILITY_CONFLICT_ENGINE_B_NO_AI_TRUE; ENGINE_B_ACTIONABLE_EXPLICIT_NO; LEARNING_CONTEXT_NEGATIVE,True,False,suggested_levels_displayed_while_canonical_trade_false
2026-07-08T14:08:46.178654+00:00,EUR/AUD,SHORT,1.64805,1.6431850314455176,1.6485739245307574,1.6442860754692425,1.6496749685544823,True,True,False,False,True,OK,FAIL,FAIL,FAIL,True,True,False,False,False,True,False,REJECT_NO_TRIGGER,TRIGGER_NOT_OK,ACTIONABILITY_CONFLICT_ENGINE_B_NO_AI_TRUE; ENGINE_B_ACTIONABLE_EXPLICIT_NO; LEARNING_CONTEXT_NEGATIVE; ROOM_OK_FALSE; SHORT_ENTRY_INSIDE_SUPPORT; structural_tp_too_close; support_too_close,True,False,location_ok_true_but_SHORT_ENTRY_INSIDE_SUPPORT; room_rr_badge_ok_but_room_ok_false; room_rr_badge_ok_but_structural_tp_too_close; suggested_levels_displayed_while_canonical_trade_false
2026-07-08T14:08:48.855197+00:00,USD/ZAR,SHORT,16.37885,16.26273491515948,16.38509820361724,16.30320179638276,16.416855084840517,True,True,True,False,True,OK,FAIL,OK,FAIL,True,True,False,True,False,False,False,REJECT_ENTRY_LOCATION,SHORT_ENTRY_INSIDE_SUPPORT,ACTIONABILITY_CONFLICT_ENGINE_B_NO_AI_TRUE; ENGINE_B_ACTIONABLE_EXPLICIT_NO; LEARNING_CONTEXT_NEGATIVE; PARTIAL_TARGET_QUALITY_FAIL; ROOM_OK_FALSE; SHORT_TP1_INSIDE_SUPPORT; structural_tp_too_close; support_too_close,True,False,location_ok_true_but_SHORT_ENTRY_INSIDE_SUPPORT; room_rr_badge_ok_but_room_ok_false; room_rr_badge_ok_but_structural_tp_too_close; suggested_levels_displayed_while_canonical_trade_false
2026-07-08T14:08:49.418113+00:00,USD/MXN,SHORT,17.56779,17.498552650296272,17.581503639288954,17.476256360711048,17.572117349703728,True,True,True,False,True,OK,FAIL,OK,FAIL,True,True,False,True,False,False,False,REJECT_ENTRY_LOCATION,SHORT_ENTRY_INSIDE_SUPPORT,ACTIONABILITY_CONFLICT_ENGINE_B_NO_AI_TRUE; ENGINE_B_ACTIONABLE_EXPLICIT_NO; LEARNING_CONTEXT_NEGATIVE; PARTIAL_TARGET_QUALITY_FAIL; ROOM_OK_FALSE; SHORT_TP1_INSIDE_SUPPORT; structural_tp_too_close; support_too_close,True,False,location_ok_true_but_SHORT_ENTRY_INSIDE_SUPPORT; room_rr_badge_ok_but_room_ok_false; room_rr_badge_ok_but_structural_tp_too_close; suggested_levels_displayed_while_canonical_trade_false
2026-07-08T14:08:55.487610+00:00,Aluminium,SHORT,3135.7,3106.1686145374733,3139.8712848750893,3106.528715124911,3146.881385462527,True,True,True,False,True,OK,FAIL,OK,FAIL,True,True,False,True,False,False,False,REJECT_ENTRY_LOCATION,SHORT_ENTRY_INSIDE_SUPPORT,ACTIONABILITY_CONFLICT_ENGINE_B_NO_AI_TRUE; ENGINE_B_ACTIONABLE_EXPLICIT_NO; PARTIAL_TARGET_QUALITY_FAIL; ROOM_OK_FALSE; structural_tp_too_close; support_too_close,True,False,location_ok_true_but_SHORT_ENTRY_INSIDE_SUPPORT; room_rr_badge_ok_but_room_ok_false; room_rr_badge_ok_but_structural_tp_too_close; suggested_levels_displayed_while_canonical_trade_false
2026-07-08T14:08:58.974492+00:00,XPD/USD,LONG,1232.04,1179.5310483514218,1218.457483956588,1220.952516043412,1259.8789516485783,True,True,True,False,True,OK,FAIL,OK,FAIL,True,True,False,True,False,False,False,REJECT_ENTRY_LOCATION,LONG_ENTRY_INSIDE_RESISTANCE,ACTIONABILITY_CONFLICT_ENGINE_B_NO_AI_TRUE; ENGINE_B_ACTIONABLE_EXPLICIT_NO; LONG_TP1_INSIDE_RESISTANCE; PARTIAL_TARGET_QUALITY_FAIL; ROOM_OK_FALSE; resistance_too_close; structural_tp_too_close,True,False,location_ok_true_but_LONG_ENTRY_INSIDE_RESISTANCE; room_rr_badge_ok_but_room_ok_false; room_rr_badge_ok_but_structural_tp_too_close; suggested_levels_displayed_while_canonical_trade_false
2026-07-08T14:09:00.981233+00:00,Corn,SHORT,4.4201,4.360173866183725,4.420520446054249,4.374679553945751,4.431026133816275,True,True,True,False,True,OK,FAIL,OK,FAIL,True,True,False,True,False,False,False,REJECT_ENTRY_LOCATION,SHORT_ENTRY_INSIDE_SUPPORT,ACTIONABILITY_CONFLICT_ENGINE_B_NO_AI_TRUE; ENGINE_B_ACTIONABLE_EXPLICIT_NO; PARTIAL_TARGET_QUALITY_FAIL; ROOM_OK_FALSE; SHORT_TP1_INSIDE_SUPPORT; structural_tp_too_close; support_too_close,True,False,location_ok_true_but_SHORT_ENTRY_INSIDE_SUPPORT; room_rr_badge_ok_but_room_ok_false; room_rr_badge_ok_but_structural_tp_too_close; suggested_levels_displayed_while_canonical_trade_false
2026-07-08T14:09:01.926972+00:00,Soybeans,SHORT,1198.1,1174.6441737010068,1187.48608766331,1192.01391233669,1201.5558262989932,True,True,True,True,True,OK,OK,OK,FAIL,True,True,True,True,True,False,False,REJECT_RR_QUALITY,PARTIAL_TARGET_QUALITY_FAIL,ACTIONABILITY_CONFLICT_ENGINE_B_NO_AI_TRUE; ENGINE_B_ACTIONABLE_EXPLICIT_NO,True,False,room_rr_badge_ok_but_canonical_room_rr_false; suggested_levels_displayed_while_canonical_trade_false
2026-07-08T14:09:02.501199+00:00,Sugar,LONG,14.656,14.592141995983926,14.868860013386914,14.583139986613086,14.959858004016075,True,True,True,False,True,OK,FAIL,OK,FAIL,True,True,False,True,False,False,False,REJECT_ENTRY_LOCATION,LONG_ENTRY_INSIDE_RESISTANCE,ACTIONABILITY_CONFLICT_ENGINE_B_NO_AI_TRUE; ENGINE_B_ACTIONABLE_EXPLICIT_NO; PARTIAL_TARGET_QUALITY_FAIL; ROOM_OK_FALSE; resistance_too_close; structural_tp_too_close,True,False,location_ok_true_but_LONG_ENTRY_INSIDE_RESISTANCE; room_rr_badge_ok_but_room_ok_false; room_rr_badge_ok_but_structural_tp_too_close; suggested_levels_displayed_while_canonical_trade_false
2026-07-08T14:09:02.941627+00:00,Wheat,SHORT,618.1,605.7429554957567,614.4234816808107,609.5765183191893,618.5570445042432,True,True,True,False,True,OK,FAIL,OK,FAIL,True,True,False,True,False,False,False,REJECT_NO_ROOM,ROOM_OK_FALSE,ACTIONABILITY_CONFLICT_ENGINE_B_NO_AI_TRUE; ENGINE_B_ACTIONABLE_EXPLICIT_NO; PARTIAL_TARGET_QUALITY_FAIL; SHORT_TP1_INSIDE_SUPPORT; structural_tp_too_close; support_too_close,True,False,location_ok_true_but_canonical_location_false; room_rr_badge_ok_but_room_ok_false; room_rr_badge_ok_but_structural_tp_too_close; suggested_levels_displayed_while_canonical_trade_false
2026-07-08T14:09:04.171642+00:00,US2000,SHORT,2962.2,2935.998434884092,2971.363756278179,2979.536243721821,3014.901565115908,True,True,True,False,True,OK,FAIL,OK,FAIL,True,True,False,True,False,False,False,REJECT_ENTRY_LOCATION,SHORT_ENTRY_INSIDE_SUPPORT,ACTIONABILITY_CONFLICT_ENGINE_B_NO_AI_TRUE; ENGINE_B_ACTIONABLE_EXPLICIT_NO; PARTIAL_TARGET_QUALITY_FAIL; ROOM_OK_FALSE; SHORT_TP1_INSIDE_SUPPORT; structural_tp_too_close; support_too_close,True,False,location_ok_true_but_SHORT_ENTRY_INSIDE_SUPPORT; room_rr_badge_ok_but_room_ok_false; room_rr_badge_ok_but_structural_tp_too_close; suggested_levels_displayed_while_canonical_trade_false
2026-07-08T14:09:06.012060+00:00,ASX 200,LONG,8718.7,8638.822174148781,8735.059419504065,8643.040580495934,8740.57782585122,True,True,False,False,True,OK,FAIL,FAIL,FAIL,True,True,False,False,False,False,False,REJECT_NO_TRIGGER,TRIGGER_NOT_OK,ACTIONABILITY_CONFLICT_ENGINE_B_NO_AI_TRUE; ENGINE_B_ACTIONABLE_EXPLICIT_NO; LONG_ENTRY_INSIDE_RESISTANCE; PARTIAL_TARGET_QUALITY_FAIL; ROOM_OK_FALSE; resistance_too_close; structural_tp_too_close,True,False,location_ok_true_but_LONG_ENTRY_INSIDE_RESISTANCE; room_rr_badge_ok_but_room_ok_false; room_rr_badge_ok_but_structural_tp_too_close; suggested_levels_displayed_while_canonical_trade_false
2026-07-08T14:09:08.699014+00:00,WTI Oil,SHORT,73.787,73.78229745959393,75.25434180135355,73.94965819864645,75.42170254040606,True,True,True,False,True,OK,FAIL,OK,FAIL,True,True,False,True,False,False,False,REJECT_ENTRY_LOCATION,SHORT_ENTRY_INSIDE_SUPPORT,ACTIONABILITY_CONFLICT_ENGINE_B_NO_AI_TRUE; ENGINE_B_ACTIONABLE_EXPLICIT_NO; PARTIAL_TARGET_QUALITY_FAIL; ROOM_OK_FALSE; structural_tp_too_close; support_too_close,True,False,location_ok_true_but_SHORT_ENTRY_INSIDE_SUPPORT; room_rr_badge_ok_but_room_ok_false; room_rr_badge_ok_but_structural_tp_too_close; suggested_levels_displayed_while_canonical_trade_false
2026-07-08T14:09:09.166300+00:00,USDX,SHORT,101.087,100.96137405371445,101.26130227108534,100.93069772891467,101.24262594628556,True,True,True,False,True,OK,FAIL,OK,FAIL,True,True,False,True,False,False,False,REJECT_ENTRY_LOCATION,SHORT_ENTRY_INSIDE_SUPPORT,ACTIONABILITY_CONFLICT_ENGINE_B_NO_AI_TRUE; ENGINE_B_ACTIONABLE_EXPLICIT_NO; PARTIAL_TARGET_QUALITY_FAIL; ROOM_OK_FALSE; SHORT_TP1_INSIDE_SUPPORT; structural_tp_too_close; support_too_close,True,False,location_ok_true_but_SHORT_ENTRY_INSIDE_SUPPORT; room_rr_badge_ok_but_room_ok_false; room_rr_badge_ok_but_structural_tp_too_close; suggested_levels_displayed_while_canonical_trade_false
2026-07-08T14:09:10.717511+00:00,NVDA,SHORT,197.34,193.53503694241058,198.84321019196466,191.83678980803532,198.83496305758942,True,True,True,False,True,OK,FAIL,OK,FAIL,True,True,False,True,False,False,False,REJECT_ENTRY_LOCATION,SHORT_ENTRY_INSIDE_SUPPORT,ACTIONABILITY_CONFLICT_ENGINE_B_NO_AI_TRUE; ENGINE_B_ACTIONABLE_EXPLICIT_NO; LEARNING_CONTEXT_NEGATIVE; PARTIAL_TARGET_QUALITY_FAIL; ROOM_OK_FALSE; SHORT_TP1_INSIDE_SUPPORT; structural_tp_too_close; support_too_close,True,False,location_ok_true_but_SHORT_ENTRY_INSIDE_SUPPORT; room_rr_badge_ok_but_room_ok_false; room_rr_badge_ok_but_structural_tp_too_close; suggested_levels_displayed_while_canonical_trade_false
2026-07-08T14:09:11.885661+00:00,AMZN,LONG,243.22,236.01196023618095,244.4372954331657,236.54270456683432,244.96803976381906,True,True,True,False,True,OK,FAIL,OK,FAIL,True,True,False,True,False,False,False,REJECT_ENTRY_LOCATION,LONG_ENTRY_INSIDE_RESISTANCE,ACTIONABILITY_CONFLICT_ENGINE_B_NO_AI_TRUE; ENGINE_B_ACTIONABLE_EXPLICIT_NO; LEARNING_CONTEXT_NEGATIVE; PARTIAL_TARGET_QUALITY_FAIL; ROOM_OK_FALSE; resistance_too_close; structural_tp_too_close,True,False,location_ok_true_but_LONG_ENTRY_INSIDE_RESISTANCE; room_rr_badge_ok_but_room_ok_false; room_rr_badge_ok_but_structural_tp_too_close; suggested_levels_displayed_while_canonical_trade_false
2026-07-08T14:09:13.757491+00:00,JPM,SHORT,334.5,322.66799510577806,329.44001631407303,332.75998368592695,339.2920048942219,True,True,True,True,True,OK,OK,OK,FAIL,True,True,True,True,True,False,False,REJECT_RR_QUALITY,PARTIAL_TARGET_QUALITY_FAIL,ACTIONABILITY_CONFLICT_ENGINE_B_NO_AI_TRUE; ENGINE_B_ACTIONABLE_EXPLICIT_NO; LEARNING_CONTEXT_NEGATIVE,True,False,room_rr_badge_ok_but_canonical_room_rr_false; suggested_levels_displayed_while_canonical_trade_false
2026-07-08T14:09:14.532697+00:00,GOOGL,SHORT,362.99,354.560026961596,366.56193529216944,364.75806470783056,379.21997303840396,True,True,True,False,True,OK,FAIL,OK,FAIL,True,True,False,True,False,False,False,REJECT_ENTRY_LOCATION,SHORT_ENTRY_INSIDE_SUPPORT,ACTIONABILITY_CONFLICT_ENGINE_B_NO_AI_TRUE; ENGINE_B_ACTIONABLE_EXPLICIT_NO; LEARNING_CONTEXT_NEGATIVE; PARTIAL_TARGET_QUALITY_FAIL; ROOM_OK_FALSE; SHORT_TP1_INSIDE_SUPPORT; structural_tp_too_close; support_too_close,True,False,location_ok_true_but_SHORT_ENTRY_INSIDE_SUPPORT; room_rr_badge_ok_but_room_ok_false; room_rr_badge_ok_but_structural_tp_too_close; suggested_levels_displayed_while_canonical_trade_false
2026-07-08T14:09:21.355803+00:00,TLT,SHORT,84.32,84.07194980890334,84.58350063698884,85.55649936301116,86.06805019109666,True,True,True,False,True,OK,FAIL,OK,FAIL,True,True,False,True,False,True,False,REJECT_ENTRY_LOCATION,SHORT_ENTRY_INSIDE_SUPPORT,ACTIONABILITY_CONFLICT_ENGINE_B_NO_AI_TRUE; ENGINE_B_ACTIONABLE_EXPLICIT_NO; ROOM_OK_FALSE; structural_tp_too_close; support_too_close,True,False,location_ok_true_but_SHORT_ENTRY_INSIDE_SUPPORT; room_rr_badge_ok_but_room_ok_false; room_rr_badge_ok_but_structural_tp_too_close; suggested_levels_displayed_while_canonical_trade_false
2026-07-08T14:09:25.255917+00:00,XLE,SHORT,54.92,54.78360325853665,56.151352179512045,54.40864782048796,55.58639674146335,True,True,True,False,True,OK,FAIL,OK,FAIL,True,True,False,True,False,False,False,REJECT_ENTRY_LOCATION,SHORT_ENTRY_INSIDE_SUPPORT,ACTIONABILITY_CONFLICT_ENGINE_B_NO_AI_TRUE; ENGINE_B_ACTIONABLE_EXPLICIT_NO; PARTIAL_TARGET_QUALITY_FAIL; ROOM_OK_FALSE; structural_tp_too_close; support_too_close,True,False,location_ok_true_but_SHORT_ENTRY_INSIDE_SUPPORT; room_rr_badge_ok_but_room_ok_false; room_rr_badge_ok_but_structural_tp_too_close; suggested_levels_displayed_while_canonical_trade_false
2026-07-08T14:09:29.374788+00:00,ADA/USDT,LONG,0.168,0.16261692300904576,0.17071938477829018,0.16858061522170983,0.17808307699095424,True,True,True,False,True,OK,FAIL,OK,FAIL,True,True,False,True,False,True,False,REJECT_NO_ROOM,ROOM_OK_FALSE,ACTIONABILITY_CONFLICT_ENGINE_B_NO_AI_TRUE; ENGINE_B_ACTIONABLE_EXPLICIT_NO; LEARNING_CONTEXT_NEGATIVE; LONG_TP1_INSIDE_RESISTANCE; resistance_too_close; structural_tp_too_close,True,False,location_ok_true_but_canonical_location_false; room_rr_badge_ok_but_room_ok_false; room_rr_badge_ok_but_structural_tp_too_close; suggested_levels_displayed_while_canonical_trade_false
2026-07-08T14:09:29.962542+00:00,SOL/USDT,LONG,77.12,74.74685904293123,77.34153829696507,74.22846170303494,77.22314095706876,True,True,True,False,True,OK,FAIL,OK,FAIL,True,True,False,True,False,False,False,REJECT_ENTRY_LOCATION,LONG_ENTRY_INSIDE_RESISTANCE,ACTIONABILITY_CONFLICT_ENGINE_B_NO_AI_TRUE; ENGINE_B_ACTIONABLE_EXPLICIT_NO; LEARNING_CONTEXT_NEGATIVE; PARTIAL_TARGET_QUALITY_FAIL; ROOM_OK_FALSE; resistance_too_close; structural_tp_too_close,True,False,location_ok_true_but_LONG_ENTRY_INSIDE_RESISTANCE; room_rr_badge_ok_but_room_ok_false; room_rr_badge_ok_but_structural_tp_too_close; suggested_levels_displayed_while_canonical_trade_false
2026-07-08T14:09:29.988247+00:00,XRP/USDT,SHORT,1.0798,1.0775198893035707,1.11077226567143,1.0532277343285699,1.0864801106964292,True,True,True,False,True,OK,FAIL,OK,FAIL,True,True,False,True,False,False,False,REJECT_ENTRY_LOCATION,SHORT_ENTRY_INSIDE_SUPPORT,ACTIONABILITY_CONFLICT_ENGINE_B_NO_AI_TRUE; ENGINE_B_ACTIONABLE_EXPLICIT_NO; LEARNING_CONTEXT_NEGATIVE; PARTIAL_TARGET_QUALITY_FAIL; ROOM_OK_FALSE; structural_tp_too_close; support_too_close,True,False,location_ok_true_but_SHORT_ENTRY_INSIDE_SUPPORT; room_rr_badge_ok_but_room_ok_false; room_rr_badge_ok_but_structural_tp_too_close; suggested_levels_displayed_while_canonical_trade_false
2026-07-08T14:09:36.270770+00:00,DOT/USDT,LONG,0.8288,0.7856273881513972,0.8250942684366468,0.8422764328908383,0.8535235671091617,True,True,True,True,True,OK,OK,OK,FAIL,True,True,True,True,False,True,False,REJECT_STRUCTURAL_TP,structural_tp_too_close,ACTIONABILITY_CONFLICT_ENGINE_B_NO_AI_TRUE; ENGINE_B_ACTIONABLE_EXPLICIT_NO; LEARNING_CONTEXT_NEGATIVE,True,False,room_rr_badge_ok_but_structural_tp_too_close; suggested_levels_displayed_while_canonical_trade_false
2026-07-08T14:09:36.322237+00:00,LTC/USDT,LONG,43.63,42.593071167202716,43.87462919871348,42.50537080128652,43.78692883279728,True,True,False,False,True,OK,FAIL,FAIL,FAIL,True,True,False,False,False,False,False,REJECT_NO_TRIGGER,TRIGGER_NOT_OK,ACTIONABILITY_CONFLICT_ENGINE_B_NO_AI_TRUE; ENGINE_B_ACTIONABLE_EXPLICIT_NO; LEARNING_CONTEXT_NEGATIVE; LONG_ENTRY_INSIDE_RESISTANCE; PARTIAL_TARGET_QUALITY_FAIL; ROOM_OK_FALSE; resistance_too_close; structural_tp_too_close,True,False,location_ok_true_but_LONG_ENTRY_INSIDE_RESISTANCE; room_rr_badge_ok_but_room_ok_false; room_rr_badge_ok_but_structural_tp_too_close; suggested_levels_displayed_while_canonical_trade_false
2026-07-08T14:09:36.653231+00:00,NEAR/USDT,LONG,1.872,1.7824181293436607,1.8990164895752142,1.866383510424786,1.9747818706563394,True,True,True,False,True,OK,FAIL,OK,FAIL,True,True,False,True,False,True,False,REJECT_ENTRY_LOCATION,LONG_ENTRY_INSIDE_RESISTANCE,ACTIONABILITY_CONFLICT_ENGINE_B_NO_AI_TRUE; ENGINE_B_ACTIONABLE_EXPLICIT_NO; LEARNING_CONTEXT_NEGATIVE; ROOM_OK_FALSE; resistance_too_close; structural_tp_too_close,True,False,location_ok_true_but_LONG_ENTRY_INSIDE_RESISTANCE; room_rr_badge_ok_but_room_ok_false; room_rr_badge_ok_but_structural_tp_too_close; suggested_levels_displayed_while_canonical_trade_false
2026-07-08T14:09:37.849261+00:00,APT/USDT,LONG,0.6043,0.5780981045664216,0.608024549040588,0.663375450959412,0.6945018954335783,True,True,True,True,True,OK,OK,OK,OK,True,True,True,True,True,True,False,REJECT_CONFLICT,ACTIONABILITY_CONFLICT_ENGINE_B_NO_AI_TRUE,ENGINE_B_ACTIONABLE_EXPLICIT_NO; LEARNING_CONTEXT_NEGATIVE,True,False,suggested_levels_displayed_while_canonical_trade_false
2026-07-08T14:09:38.115856+00:00,INJ/USDT,LONG,4.62,4.351642457920241,4.643858100991419,4.704141899008581,4.943357542079759,True,True,True,True,True,OK,OK,OK,FAIL,True,True,True,True,False,False,False,REJECT_STRUCTURAL_TP,structural_tp_too_close,ACTIONABILITY_CONFLICT_ENGINE_B_NO_AI_TRUE; ENGINE_B_ACTIONABLE_EXPLICIT_NO; LEARNING_CONTEXT_NEGATIVE; LONG_TP1_INSIDE_RESISTANCE; PARTIAL_TARGET_QUALITY_FAIL,True,False,room_rr_badge_ok_but_structural_tp_too_close; suggested_levels_displayed_while_canonical_trade_false
2026-07-08T14:09:39.680359+00:00,ATOM/USDT,LONG,1.5601,1.524547537996098,1.5795059088093644,1.5771940911906355,1.625652462003902,True,True,False,True,True,OK,OK,FAIL,FAIL,True,True,True,False,False,False,False,REJECT_NO_TRIGGER,TRIGGER_NOT_OK,ACTIONABILITY_CONFLICT_ENGINE_B_NO_AI_TRUE; ENGINE_B_ACTIONABLE_EXPLICIT_NO; LEARNING_CONTEXT_NEGATIVE; LONG_TP1_INSIDE_RESISTANCE; PARTIAL_TARGET_QUALITY_FAIL; structural_tp_too_close,True,False,room_rr_badge_ok_but_structural_tp_too_close; suggested_levels_displayed_while_canonical_trade_false
2026-07-08T14:09:41.044618+00:00,BCH/USDT,LONG,232.8,226.9132666464499,237.40816004852022,223.59183995147978,234.0867333535501,True,True,True,False,True,OK,FAIL,OK,FAIL,True,True,False,True,False,False,False,REJECT_ENTRY_LOCATION,LONG_ENTRY_INSIDE_RESISTANCE,ACTIONABILITY_CONFLICT_ENGINE_B_NO_AI_TRUE; ENGINE_B_ACTIONABLE_EXPLICIT_NO; LEARNING_CONTEXT_NEGATIVE; PARTIAL_TARGET_QUALITY_FAIL; ROOM_OK_FALSE; resistance_too_close; structural_tp_too_close,True,False,location_ok_true_but_LONG_ENTRY_INSIDE_RESISTANCE; room_rr_badge_ok_but_room_ok_false; room_rr_badge_ok_but_structural_tp_too_close; suggested_levels_displayed_while_canonical_trade_false
2026-07-08T14:09:42.554749+00:00,TRX/USDT,LONG,0.32844,0.327889278664747,0.33036240445084325,0.32664759554915673,0.330020721335253,True,True,True,False,True,OK,FAIL,OK,FAIL,True,True,False,True,False,False,False,REJECT_ENTRY_LOCATION,LONG_ENTRY_INSIDE_RESISTANCE,ACTIONABILITY_CONFLICT_ENGINE_B_NO_AI_TRUE; ENGINE_B_ACTIONABLE_EXPLICIT_NO; LEARNING_CONTEXT_NEGATIVE; PARTIAL_TARGET_QUALITY_FAIL; ROOM_OK_FALSE; resistance_too_close; structural_tp_too_close,True,False,location_ok_true_but_LONG_ENTRY_INSIDE_RESISTANCE; room_rr_badge_ok_but_room_ok_false; room_rr_badge_ok_but_structural_tp_too_close; suggested_levels_displayed_while_canonical_trade_false
2026-07-08T14:09:42.780622+00:00,FIL/USDT,LONG,0.7555,0.7274303139096131,0.7592872466169285,0.7528781883457678,0.7641218116542321,True,True,True,False,True,OK,FAIL,OK,FAIL,True,True,False,True,False,False,False,REJECT_ENTRY_LOCATION,LONG_ENTRY_INSIDE_RESISTANCE,ACTIONABILITY_CONFLICT_ENGINE_B_NO_AI_TRUE; ENGINE_B_ACTIONABLE_EXPLICIT_NO; LEARNING_CONTEXT_NEGATIVE; PARTIAL_TARGET_QUALITY_FAIL; ROOM_OK_FALSE; resistance_too_close; structural_tp_too_close,True,False,location_ok_true_but_LONG_ENTRY_INSIDE_RESISTANCE; room_rr_badge_ok_but_room_ok_false; room_rr_badge_ok_but_structural_tp_too_close; suggested_levels_displayed_while_canonical_trade_false
2026-07-08T14:09:44.101417+00:00,ICP/USDT,LONG,2.177,2.085425360986687,2.189779133631951,2.172220866368049,2.2625746390133132,True,True,True,False,True,OK,FAIL,OK,FAIL,True,True,False,True,False,False,False,REJECT_ENTRY_LOCATION,LONG_ENTRY_INSIDE_RESISTANCE,ACTIONABILITY_CONFLICT_ENGINE_B_NO_AI_TRUE; ENGINE_B_ACTIONABLE_EXPLICIT_NO; LEARNING_CONTEXT_NEGATIVE; PARTIAL_TARGET_QUALITY_FAIL; ROOM_OK_FALSE; resistance_too_close; structural_tp_too_close,True,False,location_ok_true_but_LONG_ENTRY_INSIDE_RESISTANCE; room_rr_badge_ok_but_room_ok_false; room_rr_badge_ok_but_structural_tp_too_close; suggested_levels_displayed_while_canonical_trade_false
2026-07-08T14:09:45.801691+00:00,ARB/USDT,LONG,0.07652,0.07446637577507602,0.07839069813981757,0.07958930186018244,0.08310362422492398,True,True,True,True,True,OK,OK,OK,FAIL,True,True,True,True,True,False,False,REJECT_RR_QUALITY,PARTIAL_TARGET_QUALITY_FAIL,ACTIONABILITY_CONFLICT_ENGINE_B_NO_AI_TRUE; ENGINE_B_ACTIONABLE_EXPLICIT_NO; LEARNING_CONTEXT_NEGATIVE,True,False,room_rr_badge_ok_but_canonical_room_rr_false; suggested_levels_displayed_while_canonical_trade_false
2026-07-08T14:29:58.922995+00:00,AUD/CHF,LONG,0.56002,0.5582395919596297,0.5610369792968889,0.5580030207031111,0.5607604080403703,True,True,False,False,True,OK,FAIL,FAIL,FAIL,True,True,False,False,False,False,False,REJECT_NO_TRIGGER,TRIGGER_NOT_OK,ACTIONABILITY_CONFLICT_ENGINE_B_NO_AI_TRUE; ENGINE_B_ACTIONABLE_EXPLICIT_NO; LEARNING_CONTEXT_NEGATIVE; LONG_ENTRY_INSIDE_RESISTANCE; PARTIAL_TARGET_QUALITY_FAIL; ROOM_OK_FALSE; resistance_too_close; structural_tp_too_close,True,False,location_ok_true_but_LONG_ENTRY_INSIDE_RESISTANCE; room_rr_badge_ok_but_room_ok_false; room_rr_badge_ok_but_structural_tp_too_close; suggested_levels_displayed_while_canonical_trade_false
2026-07-08T14:29:58.927079+00:00,GBP/USD,LONG,1.33693,1.3326936161513785,1.3371813212366919,1.334478678763308,1.3397963838486218,True,True,True,False,True,OK,FAIL,OK,FAIL,True,True,False,True,False,False,False,REJECT_ENTRY_LOCATION,LONG_ENTRY_INSIDE_RESISTANCE,ACTIONABILITY_CONFLICT_ENGINE_B_NO_AI_TRUE; ENGINE_B_ACTIONABLE_EXPLICIT_NO; LEARNING_CONTEXT_NEGATIVE; LONG_TP1_INSIDE_RESISTANCE; PARTIAL_TARGET_QUALITY_FAIL; ROOM_OK_FALSE; resistance_too_close; structural_tp_too_close,True,False,location_ok_true_but_LONG_ENTRY_INSIDE_RESISTANCE; room_rr_badge_ok_but_room_ok_false; room_rr_badge_ok_but_structural_tp_too_close; suggested_levels_displayed_while_canonical_trade_false
2026-07-08T14:29:58.937857+00:00,EUR/USD,LONG,1.14084,1.1398742003590385,1.1440979191383076,1.1410920808616924,1.1446557996409616,True,True,True,False,True,OK,FAIL,OK,FAIL,True,True,False,True,False,True,False,REJECT_NO_ROOM,ROOM_OK_FALSE,ACTIONABILITY_CONFLICT_ENGINE_B_NO_AI_TRUE; ENGINE_B_ACTIONABLE_EXPLICIT_NO; LEARNING_CONTEXT_NEGATIVE; LONG_TP1_INSIDE_RESISTANCE; resistance_too_close; structural_tp_too_close,True,False,location_ok_true_but_canonical_location_false; room_rr_badge_ok_but_room_ok_false; room_rr_badge_ok_but_structural_tp_too_close; suggested_levels_displayed_while_canonical_trade_false
2026-07-08T14:29:58.941408+00:00,USD/JPY,LONG,162.55,161.49977627500135,162.0411369399967,162.4588630600033,163.00022372499865,True,True,True,False,True,OK,FAIL,OK,FAIL,True,True,False,True,False,True,False,REJECT_ENTRY_LOCATION,LONG_ENTRY_INSIDE_RESISTANCE,ACTIONABILITY_CONFLICT_ENGINE_B_NO_AI_TRUE; ENGINE_B_ACTIONABLE_EXPLICIT_NO; LEARNING_CONTEXT_NEGATIVE; ROOM_OK_FALSE; resistance_too_close; structural_tp_too_close,True,False,location_ok_true_but_LONG_ENTRY_INSIDE_RESISTANCE; room_rr_badge_ok_but_room_ok_false; room_rr_badge_ok_but_structural_tp_too_close; suggested_levels_displayed_while_canonical_trade_false
2026-07-08T14:29:59.554762+00:00,EUR/GBP,SHORT,0.8533,,,0.8638723225975163,0.8661623655843682,True,True,True,True,True,OK,OK,OK,OK,True,True,True,True,True,True,False,REJECT_CONFLICT,ACTIONABILITY_CONFLICT_ENGINE_B_NO_AI_TRUE,ENGINE_B_ACTIONABLE_EXPLICIT_NO; LEARNING_CONTEXT_NEGATIVE,True,False,suggested_levels_displayed_while_canonical_trade_false
2026-07-08T14:30:00.493374+00:00,GBP/JPY,LONG,217.311,214.74125179942376,215.43059568138293,216.72940431861707,217.41874820057623,True,True,True,False,True,OK,FAIL,OK,FAIL,True,True,False,True,False,True,False,REJECT_ENTRY_LOCATION,LONG_ENTRY_INSIDE_RESISTANCE,ACTIONABILITY_CONFLICT_ENGINE_B_NO_AI_TRUE; ENGINE_B_ACTIONABLE_EXPLICIT_NO; LEARNING_CONTEXT_NEGATIVE; ROOM_OK_FALSE; resistance_too_close; structural_tp_too_close,True,False,location_ok_true_but_LONG_ENTRY_INSIDE_RESISTANCE; room_rr_badge_ok_but_room_ok_false; room_rr_badge_ok_but_structural_tp_too_close; suggested_levels_displayed_while_canonical_trade_false
2026-07-08T14:30:01.534744+00:00,EUR/AUD,SHORT,1.6477,1.6431850314455176,1.6485739245307574,1.6442860754692425,1.6496749685544823,True,True,False,False,True,OK,FAIL,FAIL,FAIL,True,True,False,False,False,True,False,REJECT_NO_TRIGGER,TRIGGER_NOT_OK,ACTIONABILITY_CONFLICT_ENGINE_B_NO_AI_TRUE; ENGINE_B_ACTIONABLE_EXPLICIT_NO; LEARNING_CONTEXT_NEGATIVE; ROOM_OK_FALSE; SHORT_ENTRY_INSIDE_SUPPORT; structural_tp_too_close; support_too_close,True,False,location_ok_true_but_SHORT_ENTRY_INSIDE_SUPPORT; room_rr_badge_ok_but_room_ok_false; room_rr_badge_ok_but_structural_tp_too_close; suggested_levels_displayed_while_canonical_trade_false
2026-07-08T14:30:01.548073+00:00,GBP/AUD,SHORT,1.93084,1.9188690252123541,1.9252983394903502,1.9282616605096496,1.9346909747876457,True,True,False,True,True,OK,OK,FAIL,FAIL,True,True,True,False,True,False,False,REJECT_NO_TRIGGER,TRIGGER_NOT_OK,ACTIONABILITY_CONFLICT_ENGINE_B_NO_AI_TRUE; ENGINE_B_ACTIONABLE_EXPLICIT_NO; LEARNING_CONTEXT_NEGATIVE; PARTIAL_TARGET_QUALITY_FAIL,True,False,room_rr_badge_ok_but_canonical_room_rr_false; suggested_levels_displayed_while_canonical_trade_false
2026-07-08T14:30:01.692837+00:00,USD/ZAR,SHORT,16.42006,16.30326491515948,16.42483820361724,16.35589179638276,16.476505084840518,True,True,True,False,True,OK,FAIL,OK,FAIL,True,True,False,True,False,False,False,REJECT_ENTRY_LOCATION,SHORT_ENTRY_INSIDE_SUPPORT,ACTIONABILITY_CONFLICT_ENGINE_B_NO_AI_TRUE; ENGINE_B_ACTIONABLE_EXPLICIT_NO; LEARNING_CONTEXT_NEGATIVE; PARTIAL_TARGET_QUALITY_FAIL; ROOM_OK_FALSE; SHORT_TP1_INSIDE_SUPPORT; structural_tp_too_close; support_too_close,True,False,location_ok_true_but_SHORT_ENTRY_INSIDE_SUPPORT; room_rr_badge_ok_but_room_ok_false; room_rr_badge_ok_but_structural_tp_too_close; suggested_levels_displayed_while_canonical_trade_false
2026-07-08T14:30:02.106690+00:00,USD/MXN,SHORT,17.59753,17.57571265029627,17.658663639288953,17.506406360711047,17.60685734970373,True,True,False,False,True,OK,FAIL,FAIL,FAIL,True,True,False,False,False,False,False,REJECT_NO_TRIGGER,TRIGGER_NOT_OK,ACTIONABILITY_CONFLICT_ENGINE_B_NO_AI_TRUE; ENGINE_B_ACTIONABLE_EXPLICIT_NO; LEARNING_CONTEXT_NEGATIVE; PARTIAL_TARGET_QUALITY_FAIL; ROOM_OK_FALSE; SHORT_ENTRY_INSIDE_SUPPORT; structural_tp_too_close; support_too_close,True,False,location_ok_true_but_SHORT_ENTRY_INSIDE_SUPPORT; room_rr_badge_ok_but_room_ok_false; room_rr_badge_ok_but_structural_tp_too_close; suggested_levels_displayed_while_canonical_trade_false
2026-07-08T14:30:02.641606+00:00,USD/INR,LONG,95.766,95.48660540817563,95.8879470203785,95.4530529796215,95.84539459182437,True,True,True,False,True,OK,FAIL,OK,FAIL,True,True,False,True,False,True,False,REJECT_ENTRY_LOCATION,LONG_ENTRY_INSIDE_RESISTANCE,ACTIONABILITY_CONFLICT_ENGINE_B_NO_AI_TRUE; ENGINE_B_ACTIONABLE_EXPLICIT_NO; LEARNING_CONTEXT_NEGATIVE; ROOM_OK_FALSE; resistance_too_close; structural_tp_too_close,True,False,location_ok_true_but_LONG_ENTRY_INSIDE_RESISTANCE; room_rr_badge_ok_but_room_ok_false; room_rr_badge_ok_but_structural_tp_too_close; suggested_levels_displayed_while_canonical_trade_false
2026-07-08T14:30:04.464199+00:00,Aluminium,SHORT,3138.25,3106.1686145374733,3139.8712848750893,3106.528715124911,3146.881385462527,True,True,True,False,True,OK,FAIL,OK,FAIL,True,True,False,True,False,True,False,REJECT_ENTRY_LOCATION,SHORT_ENTRY_INSIDE_SUPPORT,ACTIONABILITY_CONFLICT_ENGINE_B_NO_AI_TRUE; ENGINE_B_ACTIONABLE_EXPLICIT_NO; ROOM_OK_FALSE; structural_tp_too_close; support_too_close,True,False,location_ok_true_but_SHORT_ENTRY_INSIDE_SUPPORT; room_rr_badge_ok_but_room_ok_false; room_rr_badge_ok_but_structural_tp_too_close; suggested_levels_displayed_while_canonical_trade_false
2026-07-08T14:30:08.641626+00:00,Corn,SHORT,4.4171,4.360173866183725,4.420520446054249,4.374679553945751,4.431026133816275,True,True,True,False,True,OK,FAIL,OK,FAIL,True,True,False,True,False,False,False,REJECT_ENTRY_LOCATION,SHORT_ENTRY_INSIDE_SUPPORT,ACTIONABILITY_CONFLICT_ENGINE_B_NO_AI_TRUE; ENGINE_B_ACTIONABLE_EXPLICIT_NO; PARTIAL_TARGET_QUALITY_FAIL; ROOM_OK_FALSE; SHORT_TP1_INSIDE_SUPPORT; structural_tp_too_close; support_too_close,True,False,location_ok_true_but_SHORT_ENTRY_INSIDE_SUPPORT; room_rr_badge_ok_but_room_ok_false; room_rr_badge_ok_but_structural_tp_too_close; suggested_levels_displayed_while_canonical_trade_false
2026-07-08T14:30:09.003036+00:00,Cotton,LONG,80.934,80.02420180172605,81.03732732757979,80.98267267242021,81.99579819827395,True,True,True,False,True,OK,FAIL,OK,FAIL,True,True,False,True,False,False,False,REJECT_NO_ROOM,ROOM_OK_FALSE,ACTIONABILITY_CONFLICT_ENGINE_B_NO_AI_TRUE; ENGINE_B_ACTIONABLE_EXPLICIT_NO; PARTIAL_TARGET_QUALITY_FAIL; resistance_too_close; structural_tp_too_close,True,False,location_ok_true_but_canonical_location_false; room_rr_badge_ok_but_room_ok_false; room_rr_badge_ok_but_structural_tp_too_close; suggested_levels_displayed_while_canonical_trade_false
2026-07-08T14:30:11.076960+00:00,Wheat,SHORT,618.6,605.7429554957567,614.4234816808107,614.0765183191893,621.2570445042433,True,True,True,True,True,OK,OK,OK,FAIL,True,True,True,True,True,False,False,REJECT_RR_QUALITY,PARTIAL_TARGET_QUALITY_FAIL,ACTIONABILITY_CONFLICT_ENGINE_B_NO_AI_TRUE; ENGINE_B_ACTIONABLE_EXPLICIT_NO,True,False,room_rr_badge_ok_but_canonical_room_rr_false; suggested_levels_displayed_while_canonical_trade_false
2026-07-08T14:30:11.287777+00:00,Sugar,LONG,14.786,14.592141995983926,14.868860013386914,14.583139986613086,14.959858004016075,True,True,True,False,True,OK,FAIL,OK,FAIL,True,True,False,True,False,False,False,REJECT_ENTRY_LOCATION,LONG_ENTRY_INSIDE_RESISTANCE,ACTIONABILITY_CONFLICT_ENGINE_B_NO_AI_TRUE; ENGINE_B_ACTIONABLE_EXPLICIT_NO; PARTIAL_TARGET_QUALITY_FAIL; ROOM_OK_FALSE; resistance_too_close; structural_tp_too_close,True,False,location_ok_true_but_LONG_ENTRY_INSIDE_RESISTANCE; room_rr_badge_ok_but_room_ok_false; room_rr_badge_ok_but_structural_tp_too_close; suggested_levels_displayed_while_canonical_trade_false
2026-07-08T14:30:13.131304+00:00,ASX 200,LONG,8717.5,8638.822174148781,8735.059419504065,8643.040580495934,8740.57782585122,True,True,True,False,True,OK,FAIL,OK,FAIL,True,True,False,True,False,False,False,REJECT_ENTRY_LOCATION,LONG_ENTRY_INSIDE_RESISTANCE,ACTIONABILITY_CONFLICT_ENGINE_B_NO_AI_TRUE; ENGINE_B_ACTIONABLE_EXPLICIT_NO; PARTIAL_TARGET_QUALITY_FAIL; ROOM_OK_FALSE; resistance_too_close; structural_tp_too_close,True,False,location_ok_true_but_LONG_ENTRY_INSIDE_RESISTANCE; room_rr_badge_ok_but_room_ok_false; room_rr_badge_ok_but_structural_tp_too_close; suggested_levels_displayed_while_canonical_trade_false
2026-07-08T14:30:14.089756+00:00,Hang Seng,LONG,23997.7,23891.330980586048,24176.33006471317,24817.16993528683,25102.169019413952,True,True,True,True,True,OK,OK,OK,OK,True,True,True,True,True,True,False,REJECT_CONFLICT,ACTIONABILITY_CONFLICT_ENGINE_B_NO_AI_TRUE,ENGINE_B_ACTIONABLE_EXPLICIT_NO,True,False,suggested_levels_displayed_while_canonical_trade_false
2026-07-08T14:30:15.141343+00:00,USDX,SHORT,101.107,100.96137405371445,101.26130227108534,100.93069772891467,101.24262594628556,True,True,True,False,True,OK,FAIL,OK,FAIL,True,True,False,True,False,False,False,REJECT_ENTRY_LOCATION,SHORT_ENTRY_INSIDE_SUPPORT,ACTIONABILITY_CONFLICT_ENGINE_B_NO_AI_TRUE; ENGINE_B_ACTIONABLE_EXPLICIT_NO; PARTIAL_TARGET_QUALITY_FAIL; ROOM_OK_FALSE; SHORT_TP1_INSIDE_SUPPORT; structural_tp_too_close; support_too_close,True,False,location_ok_true_but_SHORT_ENTRY_INSIDE_SUPPORT; room_rr_badge_ok_but_room_ok_false; room_rr_badge_ok_but_structural_tp_too_close; suggested_levels_displayed_while_canonical_trade_false
2026-07-08T14:30:15.994087+00:00,NVDA,SHORT,197.06,193.53503694241058,198.84321019196466,191.83678980803532,198.83496305758942,True,True,True,False,True,OK,FAIL,OK,FAIL,True,True,False,True,False,False,False,REJECT_ENTRY_LOCATION,SHORT_ENTRY_INSIDE_SUPPORT,ACTIONABILITY_CONFLICT_ENGINE_B_NO_AI_TRUE; ENGINE_B_ACTIONABLE_EXPLICIT_NO; LEARNING_CONTEXT_NEGATIVE; PARTIAL_TARGET_QUALITY_FAIL; ROOM_OK_FALSE; SHORT_TP1_INSIDE_SUPPORT; structural_tp_too_close; support_too_close,True,False,location_ok_true_but_SHORT_ENTRY_INSIDE_SUPPORT; room_rr_badge_ok_but_room_ok_false; room_rr_badge_ok_but_structural_tp_too_close; suggested_levels_displayed_while_canonical_trade_false
2026-07-08T14:30:17.252077+00:00,GOOGL,SHORT,361.95,354.560026961596,366.56193529216944,364.75806470783056,379.21997303840396,True,True,True,False,True,OK,FAIL,OK,FAIL,True,True,False,True,False,False,False,REJECT_ENTRY_LOCATION,SHORT_ENTRY_INSIDE_SUPPORT,ACTIONABILITY_CONFLICT_ENGINE_B_NO_AI_TRUE; ENGINE_B_ACTIONABLE_EXPLICIT_NO; LEARNING_CONTEXT_NEGATIVE; PARTIAL_TARGET_QUALITY_FAIL; ROOM_OK_FALSE; SHORT_TP1_INSIDE_SUPPORT; structural_tp_too_close; support_too_close,True,False,location_ok_true_but_SHORT_ENTRY_INSIDE_SUPPORT; room_rr_badge_ok_but_room_ok_false; room_rr_badge_ok_but_structural_tp_too_close; suggested_levels_displayed_while_canonical_trade_false
2026-07-08T14:30:17.858443+00:00,JPM,SHORT,333.68,322.65063796292094,329.49787345693017,332.7021265430698,339.30936203707904,True,True,True,True,True,OK,OK,OK,FAIL,True,True,True,True,True,False,False,REJECT_RR_QUALITY,PARTIAL_TARGET_QUALITY_FAIL,ACTIONABILITY_CONFLICT_ENGINE_B_NO_AI_TRUE; ENGINE_B_ACTIONABLE_EXPLICIT_NO; LEARNING_CONTEXT_NEGATIVE,True,False,room_rr_badge_ok_but_canonical_room_rr_false; suggested_levels_displayed_while_canonical_trade_false
2026-07-08T14:30:22.791556+00:00,TLT,SHORT,84.2,84.07194980890334,84.58350063698884,85.55649936301116,86.06805019109666,True,True,True,False,True,OK,FAIL,OK,FAIL,True,True,False,True,False,False,False,REJECT_ENTRY_LOCATION,SHORT_ENTRY_INSIDE_SUPPORT,ACTIONABILITY_CONFLICT_ENGINE_B_NO_AI_TRUE; ENGINE_B_ACTIONABLE_EXPLICIT_NO; PARTIAL_TARGET_QUALITY_FAIL; ROOM_OK_FALSE; structural_tp_too_close; support_too_close,True,False,location_ok_true_but_SHORT_ENTRY_INSIDE_SUPPORT; room_rr_badge_ok_but_room_ok_false; room_rr_badge_ok_but_structural_tp_too_close; suggested_levels_displayed_while_canonical_trade_false
2026-07-08T14:30:22.853678+00:00,IWM,LONG,293.33,287.2168564724289,293.0075444661707,288.7724555338293,294.5631435275711,True,True,True,False,True,OK,FAIL,OK,FAIL,True,True,False,True,False,False,False,REJECT_ENTRY_LOCATION,LONG_ENTRY_INSIDE_RESISTANCE,ACTIONABILITY_CONFLICT_ENGINE_B_NO_AI_TRUE; ENGINE_B_ACTIONABLE_EXPLICIT_NO; PARTIAL_TARGET_QUALITY_FAIL; ROOM_OK_FALSE; resistance_too_close; structural_tp_too_close,True,False,location_ok_true_but_LONG_ENTRY_INSIDE_RESISTANCE; room_rr_badge_ok_but_room_ok_false; room_rr_badge_ok_but_structural_tp_too_close; suggested_levels_displayed_while_canonical_trade_false
2026-07-08T14:30:22.881919+00:00,QQQ,LONG,707.23,690.0585647458747,707.7094446099007,709.5405553900993,727.1914352541253,True,True,True,True,True,OK,OK,OK,FAIL,True,True,True,True,False,True,False,REJECT_STRUCTURAL_TP,structural_tp_too_close,ACTIONABILITY_CONFLICT_ENGINE_B_NO_AI_TRUE; ENGINE_B_ACTIONABLE_EXPLICIT_NO; LONG_TP1_INSIDE_RESISTANCE,True,False,room_rr_badge_ok_but_structural_tp_too_close; suggested_levels_displayed_while_canonical_trade_false
2026-07-08T14:30:29.139316+00:00,ADA/USDT,LONG,0.1669,0.16261692300904576,0.17071938477829018,0.16858061522170983,0.17808307699095424,True,True,True,True,True,OK,OK,OK,FAIL,True,True,True,True,False,True,False,REJECT_STRUCTURAL_TP,structural_tp_too_close,ACTIONABILITY_CONFLICT_ENGINE_B_NO_AI_TRUE; ENGINE_B_ACTIONABLE_EXPLICIT_NO; LEARNING_CONTEXT_NEGATIVE; LONG_TP1_INSIDE_RESISTANCE,True,False,room_rr_badge_ok_but_structural_tp_too_close; suggested_levels_displayed_while_canonical_trade_false
2026-07-08T14:30:30.144369+00:00,XRP/USDT,SHORT,1.08,1.0775198893035707,1.11077226567143,1.0532277343285699,1.0864801106964292,True,True,True,False,True,OK,FAIL,OK,FAIL,True,True,False,True,False,False,False,REJECT_ENTRY_LOCATION,SHORT_ENTRY_INSIDE_SUPPORT,ACTIONABILITY_CONFLICT_ENGINE_B_NO_AI_TRUE; ENGINE_B_ACTIONABLE_EXPLICIT_NO; LEARNING_CONTEXT_NEGATIVE; PARTIAL_TARGET_QUALITY_FAIL; ROOM_OK_FALSE; structural_tp_too_close; support_too_close,True,False,location_ok_true_but_SHORT_ENTRY_INSIDE_SUPPORT; room_rr_badge_ok_but_room_ok_false; room_rr_badge_ok_but_structural_tp_too_close; suggested_levels_displayed_while_canonical_trade_false
2026-07-08T14:30:30.155924+00:00,SOL/USDT,LONG,77.01,74.74685904293123,77.34153829696507,74.22846170303494,77.22314095706876,True,True,True,False,True,OK,FAIL,OK,FAIL,True,True,False,True,False,False,False,REJECT_ENTRY_LOCATION,LONG_ENTRY_INSIDE_RESISTANCE,ACTIONABILITY_CONFLICT_ENGINE_B_NO_AI_TRUE; ENGINE_B_ACTIONABLE_EXPLICIT_NO; LEARNING_CONTEXT_NEGATIVE; PARTIAL_TARGET_QUALITY_FAIL; ROOM_OK_FALSE; resistance_too_close; structural_tp_too_close,True,False,location_ok_true_but_LONG_ENTRY_INSIDE_RESISTANCE; room_rr_badge_ok_but_room_ok_false; room_rr_badge_ok_but_structural_tp_too_close; suggested_levels_displayed_while_canonical_trade_false
2026-07-08T14:30:33.225514+00:00,DOT/USDT,LONG,0.8246,0.7856273881513972,0.8250942684366468,0.8422764328908383,0.8535235671091617,True,True,True,True,True,OK,OK,OK,FAIL,True,True,True,True,True,False,False,REJECT_RR_QUALITY,PARTIAL_TARGET_QUALITY_FAIL,ACTIONABILITY_CONFLICT_ENGINE_B_NO_AI_TRUE; ENGINE_B_ACTIONABLE_EXPLICIT_NO; LEARNING_CONTEXT_NEGATIVE,True,False,room_rr_badge_ok_but_canonical_room_rr_false; suggested_levels_displayed_while_canonical_trade_false
2026-07-08T14:30:33.745209+00:00,LTC/USDT,LONG,43.75,42.593071167202716,43.87462919871348,42.50537080128652,43.78692883279728,True,True,False,False,True,OK,FAIL,FAIL,FAIL,True,True,False,False,False,False,False,REJECT_NO_TRIGGER,TRIGGER_NOT_OK,ACTIONABILITY_CONFLICT_ENGINE_B_NO_AI_TRUE; ENGINE_B_ACTIONABLE_EXPLICIT_NO; LEARNING_CONTEXT_NEGATIVE; LONG_ENTRY_INSIDE_RESISTANCE; PARTIAL_TARGET_QUALITY_FAIL; ROOM_OK_FALSE; resistance_too_close; structural_tp_too_close,True,False,location_ok_true_but_LONG_ENTRY_INSIDE_RESISTANCE; room_rr_badge_ok_but_room_ok_false; room_rr_badge_ok_but_structural_tp_too_close; suggested_levels_displayed_while_canonical_trade_false
2026-07-08T14:30:35.756265+00:00,NEAR/USDT,LONG,1.8669,1.7824181293436607,1.8990164895752142,1.866383510424786,1.9747818706563394,True,True,True,False,True,OK,FAIL,OK,FAIL,True,True,False,True,False,True,False,REJECT_ENTRY_LOCATION,LONG_ENTRY_INSIDE_RESISTANCE,ACTIONABILITY_CONFLICT_ENGINE_B_NO_AI_TRUE; ENGINE_B_ACTIONABLE_EXPLICIT_NO; LEARNING_CONTEXT_NEGATIVE; ROOM_OK_FALSE; resistance_too_close; structural_tp_too_close,True,False,location_ok_true_but_LONG_ENTRY_INSIDE_RESISTANCE; room_rr_badge_ok_but_room_ok_false; room_rr_badge_ok_but_structural_tp_too_close; suggested_levels_displayed_while_canonical_trade_false
2026-07-08T14:30:37.090907+00:00,APT/USDT,LONG,0.5994,0.5780981045664216,0.608024549040588,0.663375450959412,0.6945018954335783,True,True,True,True,True,OK,OK,OK,OK,True,True,True,True,True,True,False,REJECT_CONFLICT,ACTIONABILITY_CONFLICT_ENGINE_B_NO_AI_TRUE,ENGINE_B_ACTIONABLE_EXPLICIT_NO; LEARNING_CONTEXT_NEGATIVE,True,False,suggested_levels_displayed_while_canonical_trade_false
2026-07-08T14:30:37.622021+00:00,INJ/USDT,LONG,4.607,4.351642457920241,4.643858100991419,4.374141899008581,4.613357542079759,True,True,True,False,True,OK,FAIL,OK,FAIL,True,True,False,True,False,False,False,REJECT_ENTRY_LOCATION,LONG_ENTRY_INSIDE_RESISTANCE,ACTIONABILITY_CONFLICT_ENGINE_B_NO_AI_TRUE; ENGINE_B_ACTIONABLE_EXPLICIT_NO; LEARNING_CONTEXT_NEGATIVE; PARTIAL_TARGET_QUALITY_FAIL; ROOM_OK_FALSE; resistance_too_close; structural_tp_too_close,True,False,location_ok_true_but_LONG_ENTRY_INSIDE_RESISTANCE; room_rr_badge_ok_but_room_ok_false; room_rr_badge_ok_but_structural_tp_too_close; suggested_levels_displayed_while_canonical_trade_false
2026-07-08T14:30:38.879814+00:00,ATOM/USDT,LONG,1.5595,1.524547537996098,1.5795059088093644,1.5771940911906355,1.625652462003902,True,True,False,True,True,OK,OK,FAIL,FAIL,True,True,True,False,False,False,False,REJECT_NO_TRIGGER,TRIGGER_NOT_OK,ACTIONABILITY_CONFLICT_ENGINE_B_NO_AI_TRUE; ENGINE_B_ACTIONABLE_EXPLICIT_NO; LEARNING_CONTEXT_NEGATIVE; LONG_TP1_INSIDE_RESISTANCE; PARTIAL_TARGET_QUALITY_FAIL; structural_tp_too_close,True,False,room_rr_badge_ok_but_structural_tp_too_close; suggested_levels_displayed_while_canonical_trade_false
2026-07-08T14:30:40.355099+00:00,BCH/USDT,LONG,232.2,226.9132666464499,237.40816004852022,223.59183995147978,234.0867333535501,True,True,True,False,True,OK,FAIL,OK,FAIL,True,True,False,True,False,False,False,REJECT_ENTRY_LOCATION,LONG_ENTRY_INSIDE_RESISTANCE,ACTIONABILITY_CONFLICT_ENGINE_B_NO_AI_TRUE; ENGINE_B_ACTIONABLE_EXPLICIT_NO; LEARNING_CONTEXT_NEGATIVE; PARTIAL_TARGET_QUALITY_FAIL; ROOM_OK_FALSE; resistance_too_close; structural_tp_too_close,True,False,location_ok_true_but_LONG_ENTRY_INSIDE_RESISTANCE; room_rr_badge_ok_but_room_ok_false; room_rr_badge_ok_but_structural_tp_too_close; suggested_levels_displayed_while_canonical_trade_false
2026-07-08T14:30:40.920662+00:00,TRX/USDT,LONG,0.32863,0.327889278664747,0.33036240445084325,0.32664759554915673,0.330020721335253,True,True,True,False,True,OK,FAIL,OK,FAIL,True,True,False,True,False,False,False,REJECT_ENTRY_LOCATION,LONG_ENTRY_INSIDE_RESISTANCE,ACTIONABILITY_CONFLICT_ENGINE_B_NO_AI_TRUE; ENGINE_B_ACTIONABLE_EXPLICIT_NO; LEARNING_CONTEXT_NEGATIVE; PARTIAL_TARGET_QUALITY_FAIL; ROOM_OK_FALSE; resistance_too_close; structural_tp_too_close,True,False,location_ok_true_but_LONG_ENTRY_INSIDE_RESISTANCE; room_rr_badge_ok_but_room_ok_false; room_rr_badge_ok_but_structural_tp_too_close; suggested_levels_displayed_while_canonical_trade_false
2026-07-08T14:30:42.191118+00:00,FIL/USDT,LONG,0.7548,0.7274303139096131,0.7592872466169285,0.7528781883457678,0.7641218116542321,True,True,True,False,True,OK,FAIL,OK,FAIL,True,True,False,True,False,False,False,REJECT_ENTRY_LOCATION,LONG_ENTRY_INSIDE_RESISTANCE,ACTIONABILITY_CONFLICT_ENGINE_B_NO_AI_TRUE; ENGINE_B_ACTIONABLE_EXPLICIT_NO; LEARNING_CONTEXT_NEGATIVE; PARTIAL_TARGET_QUALITY_FAIL; ROOM_OK_FALSE; resistance_too_close; structural_tp_too_close,True,False,location_ok_true_but_LONG_ENTRY_INSIDE_RESISTANCE; room_rr_badge_ok_but_room_ok_false; room_rr_badge_ok_but_structural_tp_too_close; suggested_levels_displayed_while_canonical_trade_false
2026-07-08T14:30:43.995528+00:00,ICP/USDT,LONG,2.177,2.085425360986687,2.189779133631951,2.172220866368049,2.2625746390133132,True,True,True,False,True,OK,FAIL,OK,FAIL,True,True,False,True,False,False,False,REJECT_ENTRY_LOCATION,LONG_ENTRY_INSIDE_RESISTANCE,ACTIONABILITY_CONFLICT_ENGINE_B_NO_AI_TRUE; ENGINE_B_ACTIONABLE_EXPLICIT_NO; LEARNING_CONTEXT_NEGATIVE; PARTIAL_TARGET_QUALITY_FAIL; ROOM_OK_FALSE; resistance_too_close; structural_tp_too_close,True,False,location_ok_true_but_LONG_ENTRY_INSIDE_RESISTANCE; room_rr_badge_ok_but_room_ok_false; room_rr_badge_ok_but_structural_tp_too_close; suggested_levels_displayed_while_canonical_trade_false
2026-07-08T14:30:44.824054+00:00,ARB/USDT,LONG,0.07626,0.07293637577507601,0.07645069813981756,0.07958930186018244,0.08310362422492398,True,True,True,True,True,OK,OK,OK,FAIL,True,True,True,True,True,False,False,REJECT_RR_QUALITY,PARTIAL_TARGET_QUALITY_FAIL,ACTIONABILITY_CONFLICT_ENGINE_B_NO_AI_TRUE; ENGINE_B_ACTIONABLE_EXPLICIT_NO; LEARNING_CONTEXT_NEGATIVE,True,False,room_rr_badge_ok_but_canonical_room_rr_false; suggested_levels_displayed_while_canonical_trade_false
2026-07-08T14:30:58.491524+00:00,GBP/USD,LONG,1.33685,1.3326936161513785,1.3371813212366919,1.334478678763308,1.3397963838486218,True,True,True,False,True,OK,FAIL,OK,FAIL,True,True,False,True,False,False,False,REJECT_ENTRY_LOCATION,LONG_ENTRY_INSIDE_RESISTANCE,ACTIONABILITY_CONFLICT_ENGINE_B_NO_AI_TRUE; ENGINE_B_ACTIONABLE_EXPLICIT_NO; LEARNING_CONTEXT_NEGATIVE; LONG_TP1_INSIDE_RESISTANCE; PARTIAL_TARGET_QUALITY_FAIL; ROOM_OK_FALSE; resistance_too_close; structural_tp_too_close,True,False,location_ok_true_but_LONG_ENTRY_INSIDE_RESISTANCE; room_rr_badge_ok_but_room_ok_false; room_rr_badge_ok_but_structural_tp_too_close; suggested_levels_displayed_while_canonical_trade_false
2026-07-08T14:30:58.650145+00:00,EUR/USD,LONG,1.1408,1.1398742003590385,1.1440979191383076,1.1410920808616924,1.1446557996409616,True,True,True,False,True,OK,FAIL,OK,FAIL,True,True,False,True,False,True,False,REJECT_NO_ROOM,ROOM_OK_FALSE,ACTIONABILITY_CONFLICT_ENGINE_B_NO_AI_TRUE; ENGINE_B_ACTIONABLE_EXPLICIT_NO; LEARNING_CONTEXT_NEGATIVE; LONG_TP1_INSIDE_RESISTANCE; resistance_too_close; structural_tp_too_close,True,False,location_ok_true_but_canonical_location_false; room_rr_badge_ok_but_room_ok_false; room_rr_badge_ok_but_structural_tp_too_close; suggested_levels_displayed_while_canonical_trade_false
2026-07-08T14:30:59.380827+00:00,AUD/CHF,LONG,0.55998,0.5572195919596297,0.5599969792968889,0.5580030207031111,0.5607604080403703,True,True,False,False,True,OK,FAIL,FAIL,FAIL,True,True,False,False,False,False,False,REJECT_NO_TRIGGER,TRIGGER_NOT_OK,ACTIONABILITY_CONFLICT_ENGINE_B_NO_AI_TRUE; ENGINE_B_ACTIONABLE_EXPLICIT_NO; LEARNING_CONTEXT_NEGATIVE; LONG_ENTRY_INSIDE_RESISTANCE; PARTIAL_TARGET_QUALITY_FAIL; ROOM_OK_FALSE; resistance_too_close; structural_tp_too_close,True,False,location_ok_true_but_LONG_ENTRY_INSIDE_RESISTANCE; room_rr_badge_ok_but_room_ok_false; room_rr_badge_ok_but_structural_tp_too_close; suggested_levels_displayed_while_canonical_trade_false
2026-07-08T14:30:59.497812+00:00,USD/JPY,LONG,162.565,161.49977627500135,162.0411369399967,162.4588630600033,163.00022372499865,True,True,True,False,True,OK,FAIL,OK,FAIL,True,True,False,True,False,True,False,REJECT_ENTRY_LOCATION,LONG_ENTRY_INSIDE_RESISTANCE,ACTIONABILITY_CONFLICT_ENGINE_B_NO_AI_TRUE; ENGINE_B_ACTIONABLE_EXPLICIT_NO; LEARNING_CONTEXT_NEGATIVE; ROOM_OK_FALSE; resistance_too_close; structural_tp_too_close,True,False,location_ok_true_but_LONG_ENTRY_INSIDE_RESISTANCE; room_rr_badge_ok_but_room_ok_false; room_rr_badge_ok_but_structural_tp_too_close; suggested_levels_displayed_while_canonical_trade_false
2026-07-08T14:31:00.266334+00:00,EUR/GBP,SHORT,0.85332,,,0.8638723225975163,0.8661623655843682,True,True,True,True,True,OK,OK,OK,OK,True,True,True,True,True,True,False,REJECT_CONFLICT,ACTIONABILITY_CONFLICT_ENGINE_B_NO_AI_TRUE,ENGINE_B_ACTIONABLE_EXPLICIT_NO; LEARNING_CONTEXT_NEGATIVE,True,False,suggested_levels_displayed_while_canonical_trade_false
2026-07-08T14:31:01.214496+00:00,GBP/JPY,LONG,217.326,214.74125179942376,215.43059568138293,216.72940431861707,217.41874820057623,True,True,True,False,True,OK,FAIL,OK,FAIL,True,True,False,True,False,True,False,REJECT_ENTRY_LOCATION,LONG_ENTRY_INSIDE_RESISTANCE,ACTIONABILITY_CONFLICT_ENGINE_B_NO_AI_TRUE; ENGINE_B_ACTIONABLE_EXPLICIT_NO; LEARNING_CONTEXT_NEGATIVE; ROOM_OK_FALSE; resistance_too_close; structural_tp_too_close,True,False,location_ok_true_but_LONG_ENTRY_INSIDE_RESISTANCE; room_rr_badge_ok_but_room_ok_false; room_rr_badge_ok_but_structural_tp_too_close; suggested_levels_displayed_while_canonical_trade_false
2026-07-08T14:31:01.937702+00:00,EUR/AUD,SHORT,1.64778,1.6431850314455176,1.6485739245307574,1.6442860754692425,1.6496749685544823,True,True,False,False,True,OK,FAIL,FAIL,FAIL,True,True,False,False,False,True,False,REJECT_NO_TRIGGER,TRIGGER_NOT_OK,ACTIONABILITY_CONFLICT_ENGINE_B_NO_AI_TRUE; ENGINE_B_ACTIONABLE_EXPLICIT_NO; LEARNING_CONTEXT_NEGATIVE; ROOM_OK_FALSE; SHORT_ENTRY_INSIDE_SUPPORT; structural_tp_too_close; support_too_close,True,False,location_ok_true_but_SHORT_ENTRY_INSIDE_SUPPORT; room_rr_badge_ok_but_room_ok_false; room_rr_badge_ok_but_structural_tp_too_close; suggested_levels_displayed_while_canonical_trade_false
2026-07-08T14:31:02.418791+00:00,GBP/AUD,SHORT,1.93091,1.9188690252123541,1.9252983394903502,1.9282616605096496,1.9346909747876457,True,True,False,True,True,OK,OK,FAIL,FAIL,True,True,True,False,True,False,False,REJECT_NO_TRIGGER,TRIGGER_NOT_OK,ACTIONABILITY_CONFLICT_ENGINE_B_NO_AI_TRUE; ENGINE_B_ACTIONABLE_EXPLICIT_NO; LEARNING_CONTEXT_NEGATIVE; PARTIAL_TARGET_QUALITY_FAIL,True,False,room_rr_badge_ok_but_canonical_room_rr_false; suggested_levels_displayed_while_canonical_trade_false
2026-07-08T14:31:02.498891+00:00,USD/ZAR,SHORT,16.422719999999998,16.30326491515948,16.42483820361724,16.35589179638276,16.476505084840518,True,True,True,False,True,OK,FAIL,OK,FAIL,True,True,False,True,False,False,False,REJECT_ENTRY_LOCATION,SHORT_ENTRY_INSIDE_SUPPORT,ACTIONABILITY_CONFLICT_ENGINE_B_NO_AI_TRUE; ENGINE_B_ACTIONABLE_EXPLICIT_NO; LEARNING_CONTEXT_NEGATIVE; PARTIAL_TARGET_QUALITY_FAIL; ROOM_OK_FALSE; SHORT_TP1_INSIDE_SUPPORT; structural_tp_too_close; support_too_close,True,False,location_ok_true_but_SHORT_ENTRY_INSIDE_SUPPORT; room_rr_badge_ok_but_room_ok_false; room_rr_badge_ok_but_structural_tp_too_close; suggested_levels_displayed_while_canonical_trade_false
2026-07-08T14:31:03.163152+00:00,USD/MXN,SHORT,17.59997,17.57571265029627,17.658663639288953,17.506406360711047,17.60685734970373,True,True,False,False,True,OK,FAIL,FAIL,FAIL,True,True,False,False,False,False,False,REJECT_NO_TRIGGER,TRIGGER_NOT_OK,ACTIONABILITY_CONFLICT_ENGINE_B_NO_AI_TRUE; ENGINE_B_ACTIONABLE_EXPLICIT_NO; LEARNING_CONTEXT_NEGATIVE; PARTIAL_TARGET_QUALITY_FAIL; ROOM_OK_FALSE; SHORT_ENTRY_INSIDE_SUPPORT; structural_tp_too_close; support_too_close,True,False,location_ok_true_but_SHORT_ENTRY_INSIDE_SUPPORT; room_rr_badge_ok_but_room_ok_false; room_rr_badge_ok_but_structural_tp_too_close; suggested_levels_displayed_while_canonical_trade_false
2026-07-08T14:31:04.308119+00:00,USD/INR,LONG,95.769,95.48660540817563,95.8879470203785,95.4530529796215,95.84539459182437,True,True,True,False,True,OK,FAIL,OK,FAIL,True,True,False,True,False,True,False,REJECT_ENTRY_LOCATION,LONG_ENTRY_INSIDE_RESISTANCE,ACTIONABILITY_CONFLICT_ENGINE_B_NO_AI_TRUE; ENGINE_B_ACTIONABLE_EXPLICIT_NO; LEARNING_CONTEXT_NEGATIVE; ROOM_OK_FALSE; resistance_too_close; structural_tp_too_close,True,False,location_ok_true_but_LONG_ENTRY_INSIDE_RESISTANCE; room_rr_badge_ok_but_room_ok_false; room_rr_badge_ok_but_structural_tp_too_close; suggested_levels_displayed_while_canonical_trade_false
2026-07-08T14:31:06.797035+00:00,Aluminium,SHORT,3137.15,3106.1686145374733,3139.8712848750893,3106.528715124911,3146.881385462527,True,True,True,False,True,OK,FAIL,OK,FAIL,True,True,False,True,False,False,False,REJECT_ENTRY_LOCATION,SHORT_ENTRY_INSIDE_SUPPORT,ACTIONABILITY_CONFLICT_ENGINE_B_NO_AI_TRUE; ENGINE_B_ACTIONABLE_EXPLICIT_NO; PARTIAL_TARGET_QUALITY_FAIL; ROOM_OK_FALSE; structural_tp_too_close; support_too_close,True,False,location_ok_true_but_SHORT_ENTRY_INSIDE_SUPPORT; room_rr_badge_ok_but_room_ok_false; room_rr_badge_ok_but_structural_tp_too_close; suggested_levels_displayed_while_canonical_trade_false
2026-07-08T14:31:09.817227+00:00,Corn,SHORT,4.4151,4.360173866183725,4.420520446054249,4.374679553945751,4.431026133816275,True,True,True,False,True,OK,FAIL,OK,FAIL,True,True,False,True,False,False,False,REJECT_ENTRY_LOCATION,SHORT_ENTRY_INSIDE_SUPPORT,ACTIONABILITY_CONFLICT_ENGINE_B_NO_AI_TRUE; ENGINE_B_ACTIONABLE_EXPLICIT_NO; PARTIAL_TARGET_QUALITY_FAIL; ROOM_OK_FALSE; SHORT_TP1_INSIDE_SUPPORT; structural_tp_too_close; support_too_close,True,False,location_ok_true_but_SHORT_ENTRY_INSIDE_SUPPORT; room_rr_badge_ok_but_room_ok_false; room_rr_badge_ok_but_structural_tp_too_close; suggested_levels_displayed_while_canonical_trade_false
2026-07-08T14:31:10.061691+00:00,Cotton,LONG,81.063,80.02420180172605,81.03732732757979,80.98267267242021,81.99579819827395,True,True,True,False,True,OK,FAIL,OK,FAIL,True,True,False,True,False,False,False,REJECT_ENTRY_LOCATION,LONG_ENTRY_INSIDE_RESISTANCE,ACTIONABILITY_CONFLICT_ENGINE_B_NO_AI_TRUE; ENGINE_B_ACTIONABLE_EXPLICIT_NO; PARTIAL_TARGET_QUALITY_FAIL; ROOM_OK_FALSE; resistance_too_close; structural_tp_too_close,True,False,location_ok_true_but_LONG_ENTRY_INSIDE_RESISTANCE; room_rr_badge_ok_but_room_ok_false; room_rr_badge_ok_but_structural_tp_too_close; suggested_levels_displayed_while_canonical_trade_false
2026-07-08T14:31:10.526634+00:00,Sugar,LONG,14.786,14.592141995983926,14.868860013386914,14.583139986613086,14.959858004016075,True,True,True,False,True,OK,FAIL,OK,FAIL,True,True,False,True,False,False,False,REJECT_ENTRY_LOCATION,LONG_ENTRY_INSIDE_RESISTANCE,ACTIONABILITY_CONFLICT_ENGINE_B_NO_AI_TRUE; ENGINE_B_ACTIONABLE_EXPLICIT_NO; PARTIAL_TARGET_QUALITY_FAIL; ROOM_OK_FALSE; resistance_too_close; structural_tp_too_close,True,False,location_ok_true_but_LONG_ENTRY_INSIDE_RESISTANCE; room_rr_badge_ok_but_room_ok_false; room_rr_badge_ok_but_structural_tp_too_close; suggested_levels_displayed_while_canonical_trade_false
2026-07-08T14:31:10.851927+00:00,Wheat,SHORT,618.6,605.7429554957567,614.4234816808107,614.0765183191893,621.2570445042433,True,True,True,True,True,OK,OK,OK,FAIL,True,True,True,True,True,False,False,REJECT_RR_QUALITY,PARTIAL_TARGET_QUALITY_FAIL,ACTIONABILITY_CONFLICT_ENGINE_B_NO_AI_TRUE; ENGINE_B_ACTIONABLE_EXPLICIT_NO,True,False,room_rr_badge_ok_but_canonical_room_rr_false; suggested_levels_displayed_while_canonical_trade_false
2026-07-08T14:31:13.028094+00:00,ASX 200,LONG,8710.8,8638.822174148781,8735.059419504065,8643.040580495934,8740.57782585122,True,True,True,False,True,OK,FAIL,OK,FAIL,True,True,False,True,False,False,False,REJECT_ENTRY_LOCATION,LONG_ENTRY_INSIDE_RESISTANCE,ACTIONABILITY_CONFLICT_ENGINE_B_NO_AI_TRUE; ENGINE_B_ACTIONABLE_EXPLICIT_NO; PARTIAL_TARGET_QUALITY_FAIL; ROOM_OK_FALSE; resistance_too_close; structural_tp_too_close,True,False,location_ok_true_but_LONG_ENTRY_INSIDE_RESISTANCE; room_rr_badge_ok_but_room_ok_false; room_rr_badge_ok_but_structural_tp_too_close; suggested_levels_displayed_while_canonical_trade_false
2026-07-08T14:31:13.461555+00:00,Hang Seng,LONG,23974.2,23891.330980586048,24176.33006471317,24817.16993528683,25102.169019413952,True,True,True,True,True,OK,OK,OK,OK,True,True,True,True,True,True,False,REJECT_CONFLICT,ACTIONABILITY_CONFLICT_ENGINE_B_NO_AI_TRUE,ENGINE_B_ACTIONABLE_EXPLICIT_NO,True,False,suggested_levels_displayed_while_canonical_trade_false
2026-07-08T14:31:14.532409+00:00,USDX,SHORT,101.112,100.96137405371445,101.26130227108534,100.93069772891467,101.24262594628556,True,True,True,False,True,OK,FAIL,OK,FAIL,True,True,False,True,False,False,False,REJECT_ENTRY_LOCATION,SHORT_ENTRY_INSIDE_SUPPORT,ACTIONABILITY_CONFLICT_ENGINE_B_NO_AI_TRUE; ENGINE_B_ACTIONABLE_EXPLICIT_NO; PARTIAL_TARGET_QUALITY_FAIL; ROOM_OK_FALSE; SHORT_TP1_INSIDE_SUPPORT; structural_tp_too_close; support_too_close,True,False,location_ok_true_but_SHORT_ENTRY_INSIDE_SUPPORT; room_rr_badge_ok_but_room_ok_false; room_rr_badge_ok_but_structural_tp_too_close; suggested_levels_displayed_while_canonical_trade_false
2026-07-08T14:31:15.696798+00:00,NVDA,SHORT,197.04,193.53503694241058,198.84321019196466,191.83678980803532,198.83496305758942,True,True,True,False,True,OK,FAIL,OK,FAIL,True,True,False,True,False,False,False,REJECT_ENTRY_LOCATION,SHORT_ENTRY_INSIDE_SUPPORT,ACTIONABILITY_CONFLICT_ENGINE_B_NO_AI_TRUE; ENGINE_B_ACTIONABLE_EXPLICIT_NO; LEARNING_CONTEXT_NEGATIVE; PARTIAL_TARGET_QUALITY_FAIL; ROOM_OK_FALSE; SHORT_TP1_INSIDE_SUPPORT; structural_tp_too_close; support_too_close,True,False,location_ok_true_but_SHORT_ENTRY_INSIDE_SUPPORT; room_rr_badge_ok_but_room_ok_false; room_rr_badge_ok_but_structural_tp_too_close; suggested_levels_displayed_while_canonical_trade_false
2026-07-08T14:31:16.792359+00:00,GOOGL,SHORT,361.89,354.560026961596,366.56193529216944,364.75806470783056,379.21997303840396,True,True,True,False,True,OK,FAIL,OK,FAIL,True,True,False,True,False,False,False,REJECT_ENTRY_LOCATION,SHORT_ENTRY_INSIDE_SUPPORT,ACTIONABILITY_CONFLICT_ENGINE_B_NO_AI_TRUE; ENGINE_B_ACTIONABLE_EXPLICIT_NO; LEARNING_CONTEXT_NEGATIVE; PARTIAL_TARGET_QUALITY_FAIL; ROOM_OK_FALSE; SHORT_TP1_INSIDE_SUPPORT; structural_tp_too_close; support_too_close,True,False,location_ok_true_but_SHORT_ENTRY_INSIDE_SUPPORT; room_rr_badge_ok_but_room_ok_false; room_rr_badge_ok_but_structural_tp_too_close; suggested_levels_displayed_while_canonical_trade_false
2026-07-08T14:31:17.632071+00:00,JPM,SHORT,333.2,322.65063796292094,329.49787345693017,332.7021265430698,339.30936203707904,True,True,True,True,True,OK,OK,OK,FAIL,True,True,True,True,True,False,False,REJECT_RR_QUALITY,PARTIAL_TARGET_QUALITY_FAIL,ACTIONABILITY_CONFLICT_ENGINE_B_NO_AI_TRUE; ENGINE_B_ACTIONABLE_EXPLICIT_NO; LEARNING_CONTEXT_NEGATIVE,True,False,room_rr_badge_ok_but_canonical_room_rr_false; suggested_levels_displayed_while_canonical_trade_false
2026-07-08T14:31:21.739401+00:00,QQQ,LONG,707.03,690.0585647458747,707.7094446099007,709.5405553900993,727.1914352541253,True,True,True,True,True,OK,OK,OK,FAIL,True,True,True,True,False,True,False,REJECT_STRUCTURAL_TP,structural_tp_too_close,ACTIONABILITY_CONFLICT_ENGINE_B_NO_AI_TRUE; ENGINE_B_ACTIONABLE_EXPLICIT_NO; LONG_TP1_INSIDE_RESISTANCE,True,False,room_rr_badge_ok_but_structural_tp_too_close; suggested_levels_displayed_while_canonical_trade_false
2026-07-08T14:31:22.058694+00:00,TLT,SHORT,84.15,84.07194980890334,84.58350063698884,85.55649936301116,86.06805019109666,True,True,True,False,True,OK,FAIL,OK,FAIL,True,True,False,True,False,False,False,REJECT_ENTRY_LOCATION,SHORT_ENTRY_INSIDE_SUPPORT,ACTIONABILITY_CONFLICT_ENGINE_B_NO_AI_TRUE; ENGINE_B_ACTIONABLE_EXPLICIT_NO; PARTIAL_TARGET_QUALITY_FAIL; ROOM_OK_FALSE; structural_tp_too_close; support_too_close,True,False,location_ok_true_but_SHORT_ENTRY_INSIDE_SUPPORT; room_rr_badge_ok_but_room_ok_false; room_rr_badge_ok_but_structural_tp_too_close; suggested_levels_displayed_while_canonical_trade_false
2026-07-08T14:31:22.348994+00:00,IWM,LONG,293.21,287.2168564724289,293.0075444661707,288.7724555338293,294.5631435275711,True,True,True,False,True,OK,FAIL,OK,FAIL,True,True,False,True,False,False,False,REJECT_ENTRY_LOCATION,LONG_ENTRY_INSIDE_RESISTANCE,ACTIONABILITY_CONFLICT_ENGINE_B_NO_AI_TRUE; ENGINE_B_ACTIONABLE_EXPLICIT_NO; PARTIAL_TARGET_QUALITY_FAIL; ROOM_OK_FALSE; resistance_too_close; structural_tp_too_close,True,False,location_ok_true_but_LONG_ENTRY_INSIDE_RESISTANCE; room_rr_badge_ok_but_room_ok_false; room_rr_badge_ok_but_structural_tp_too_close; suggested_levels_displayed_while_canonical_trade_false
2026-07-08T14:31:27.829910+00:00,XRP/USDT,SHORT,1.0794,1.0775198893035707,1.11077226567143,1.0532277343285699,1.0864801106964292,True,True,True,False,True,OK,FAIL,OK,FAIL,True,True,False,True,False,False,False,REJECT_ENTRY_LOCATION,SHORT_ENTRY_INSIDE_SUPPORT,ACTIONABILITY_CONFLICT_ENGINE_B_NO_AI_TRUE; ENGINE_B_ACTIONABLE_EXPLICIT_NO; LEARNING_CONTEXT_NEGATIVE; PARTIAL_TARGET_QUALITY_FAIL; ROOM_OK_FALSE; structural_tp_too_close; support_too_close,True,False,location_ok_true_but_SHORT_ENTRY_INSIDE_SUPPORT; room_rr_badge_ok_but_room_ok_false; room_rr_badge_ok_but_structural_tp_too_close; suggested_levels_displayed_while_canonical_trade_false
2026-07-08T14:31:27.901209+00:00,SOL/USDT,LONG,76.95,74.74685904293123,77.34153829696507,74.22846170303494,77.22314095706876,True,True,True,False,True,OK,FAIL,OK,FAIL,True,True,False,True,False,False,False,REJECT_ENTRY_LOCATION,LONG_ENTRY_INSIDE_RESISTANCE,ACTIONABILITY_CONFLICT_ENGINE_B_NO_AI_TRUE; ENGINE_B_ACTIONABLE_EXPLICIT_NO; LEARNING_CONTEXT_NEGATIVE; PARTIAL_TARGET_QUALITY_FAIL; ROOM_OK_FALSE; resistance_too_close; structural_tp_too_close,True,False,location_ok_true_but_LONG_ENTRY_INSIDE_RESISTANCE; room_rr_badge_ok_but_room_ok_false; room_rr_badge_ok_but_structural_tp_too_close; suggested_levels_displayed_while_canonical_trade_false
2026-07-08T14:31:27.917821+00:00,ADA/USDT,LONG,0.1667,0.16261692300904576,0.17071938477829018,0.16858061522170983,0.17808307699095424,True,True,True,True,True,OK,OK,OK,FAIL,True,True,True,True,False,True,False,REJECT_STRUCTURAL_TP,structural_tp_too_close,ACTIONABILITY_CONFLICT_ENGINE_B_NO_AI_TRUE; ENGINE_B_ACTIONABLE_EXPLICIT_NO; LEARNING_CONTEXT_NEGATIVE; LONG_TP1_INSIDE_RESISTANCE,True,False,room_rr_badge_ok_but_structural_tp_too_close; suggested_levels_displayed_while_canonical_trade_false
2026-07-08T14:31:31.214693+00:00,DOT/USDT,LONG,0.8238,0.7856273881513972,0.8250942684366468,0.8422764328908383,0.8535235671091617,True,True,True,True,True,OK,OK,OK,FAIL,True,True,True,True,True,False,False,REJECT_RR_QUALITY,PARTIAL_TARGET_QUALITY_FAIL,ACTIONABILITY_CONFLICT_ENGINE_B_NO_AI_TRUE; ENGINE_B_ACTIONABLE_EXPLICIT_NO; LEARNING_CONTEXT_NEGATIVE,True,False,room_rr_badge_ok_but_canonical_room_rr_false; suggested_levels_displayed_while_canonical_trade_false
2026-07-08T14:31:31.766312+00:00,LTC/USDT,LONG,43.71,42.593071167202716,43.87462919871348,42.50537080128652,43.78692883279728,True,True,False,False,True,OK,FAIL,FAIL,FAIL,True,True,False,False,False,False,False,REJECT_NO_TRIGGER,TRIGGER_NOT_OK,ACTIONABILITY_CONFLICT_ENGINE_B_NO_AI_TRUE; ENGINE_B_ACTIONABLE_EXPLICIT_NO; LEARNING_CONTEXT_NEGATIVE; LONG_ENTRY_INSIDE_RESISTANCE; PARTIAL_TARGET_QUALITY_FAIL; ROOM_OK_FALSE; resistance_too_close; structural_tp_too_close,True,False,location_ok_true_but_LONG_ENTRY_INSIDE_RESISTANCE; room_rr_badge_ok_but_room_ok_false; room_rr_badge_ok_but_structural_tp_too_close; suggested_levels_displayed_while_canonical_trade_false
2026-07-08T14:31:34.793954+00:00,INJ/USDT,LONG,4.608,4.351642457920241,4.643858100991419,4.374141899008581,4.613357542079759,True,True,True,False,True,OK,FAIL,OK,FAIL,True,True,False,True,False,False,False,REJECT_ENTRY_LOCATION,LONG_ENTRY_INSIDE_RESISTANCE,ACTIONABILITY_CONFLICT_ENGINE_B_NO_AI_TRUE; ENGINE_B_ACTIONABLE_EXPLICIT_NO; LEARNING_CONTEXT_NEGATIVE; PARTIAL_TARGET_QUALITY_FAIL; ROOM_OK_FALSE; resistance_too_close; structural_tp_too_close,True,False,location_ok_true_but_LONG_ENTRY_INSIDE_RESISTANCE; room_rr_badge_ok_but_room_ok_false; room_rr_badge_ok_but_structural_tp_too_close; suggested_levels_displayed_while_canonical_trade_false
2026-07-08T14:31:34.835696+00:00,APT/USDT,LONG,0.5988,0.5780981045664216,0.608024549040588,0.663375450959412,0.6945018954335783,True,True,True,True,True,OK,OK,OK,OK,True,True,True,True,True,True,False,REJECT_CONFLICT,ACTIONABILITY_CONFLICT_ENGINE_B_NO_AI_TRUE,ENGINE_B_ACTIONABLE_EXPLICIT_NO; LEARNING_CONTEXT_NEGATIVE,True,False,suggested_levels_displayed_while_canonical_trade_false
2026-07-08T14:31:35.496217+00:00,NEAR/USDT,LONG,1.8659,1.7824181293436607,1.8990164895752142,1.866383510424786,1.9747818706563394,True,True,True,False,True,OK,FAIL,OK,FAIL,True,True,False,True,False,True,False,REJECT_NO_ROOM,ROOM_OK_FALSE,ACTIONABILITY_CONFLICT_ENGINE_B_NO_AI_TRUE; ENGINE_B_ACTIONABLE_EXPLICIT_NO; LEARNING_CONTEXT_NEGATIVE; resistance_too_close; structural_tp_too_close,True,False,location_ok_true_but_canonical_location_false; room_rr_badge_ok_but_room_ok_false; room_rr_badge_ok_but_structural_tp_too_close; suggested_levels_displayed_while_canonical_trade_false
2026-07-08T14:31:37.745453+00:00,BCH/USDT,LONG,232.0,226.9132666464499,237.40816004852022,223.59183995147978,234.0867333535501,True,True,True,False,True,OK,FAIL,OK,FAIL,True,True,False,True,False,False,False,REJECT_ENTRY_LOCATION,LONG_ENTRY_INSIDE_RESISTANCE,ACTIONABILITY_CONFLICT_ENGINE_B_NO_AI_TRUE; ENGINE_B_ACTIONABLE_EXPLICIT_NO; LEARNING_CONTEXT_NEGATIVE; PARTIAL_TARGET_QUALITY_FAIL; ROOM_OK_FALSE; resistance_too_close; structural_tp_too_close,True,False,location_ok_true_but_LONG_ENTRY_INSIDE_RESISTANCE; room_rr_badge_ok_but_room_ok_false; room_rr_badge_ok_but_structural_tp_too_close; suggested_levels_displayed_while_canonical_trade_false
2026-07-08T14:31:38.908113+00:00,ATOM/USDT,LONG,1.56,1.524547537996098,1.5795059088093644,1.5771940911906355,1.625652462003902,True,True,False,True,True,OK,OK,FAIL,FAIL,True,True,True,False,False,False,False,REJECT_NO_TRIGGER,TRIGGER_NOT_OK,ACTIONABILITY_CONFLICT_ENGINE_B_NO_AI_TRUE; ENGINE_B_ACTIONABLE_EXPLICIT_NO; LEARNING_CONTEXT_NEGATIVE; LONG_TP1_INSIDE_RESISTANCE; PARTIAL_TARGET_QUALITY_FAIL; structural_tp_too_close,True,False,room_rr_badge_ok_but_structural_tp_too_close; suggested_levels_displayed_while_canonical_trade_false
2026-07-08T14:31:39.552079+00:00,TRX/USDT,LONG,0.32869,0.327889278664747,0.33036240445084325,0.32664759554915673,0.330020721335253,True,True,True,False,True,OK,FAIL,OK,FAIL,True,True,False,True,False,False,False,REJECT_ENTRY_LOCATION,LONG_ENTRY_INSIDE_RESISTANCE,ACTIONABILITY_CONFLICT_ENGINE_B_NO_AI_TRUE; ENGINE_B_ACTIONABLE_EXPLICIT_NO; LEARNING_CONTEXT_NEGATIVE; PARTIAL_TARGET_QUALITY_FAIL; ROOM_OK_FALSE; resistance_too_close; structural_tp_too_close,True,False,location_ok_true_but_LONG_ENTRY_INSIDE_RESISTANCE; room_rr_badge_ok_but_room_ok_false; room_rr_badge_ok_but_structural_tp_too_close; suggested_levels_displayed_while_canonical_trade_false
2026-07-08T14:31:42.841619+00:00,ARB/USDT,LONG,0.07622,0.07293637577507601,0.07645069813981756,0.07958930186018244,0.08310362422492398,True,True,True,True,True,OK,OK,OK,FAIL,True,True,True,True,True,False,False,REJECT_RR_QUALITY,PARTIAL_TARGET_QUALITY_FAIL,ACTIONABILITY_CONFLICT_ENGINE_B_NO_AI_TRUE; ENGINE_B_ACTIONABLE_EXPLICIT_NO; LEARNING_CONTEXT_NEGATIVE,True,False,room_rr_badge_ok_but_canonical_room_rr_false; suggested_levels_displayed_while_canonical_trade_false
2026-07-08T14:31:43.677596+00:00,ICP/USDT,LONG,2.176,2.085425360986687,2.189779133631951,2.172220866368049,2.2625746390133132,True,True,True,False,True,OK,FAIL,OK,FAIL,True,True,False,True,False,False,False,REJECT_ENTRY_LOCATION,LONG_ENTRY_INSIDE_RESISTANCE,ACTIONABILITY_CONFLICT_ENGINE_B_NO_AI_TRUE; ENGINE_B_ACTIONABLE_EXPLICIT_NO; LEARNING_CONTEXT_NEGATIVE; PARTIAL_TARGET_QUALITY_FAIL; ROOM_OK_FALSE; resistance_too_close; structural_tp_too_close,True,False,location_ok_true_but_LONG_ENTRY_INSIDE_RESISTANCE; room_rr_badge_ok_but_room_ok_false; room_rr_badge_ok_but_structural_tp_too_close; suggested_levels_displayed_while_canonical_trade_false
2026-07-08T14:31:43.721048+00:00,FIL/USDT,LONG,0.7545,0.7274303139096131,0.7592872466169285,0.7528781883457678,0.7641218116542321,True,True,True,False,True,OK,FAIL,OK,FAIL,True,True,False,True,False,False,False,REJECT_ENTRY_LOCATION,LONG_ENTRY_INSIDE_RESISTANCE,ACTIONABILITY_CONFLICT_ENGINE_B_NO_AI_TRUE; ENGINE_B_ACTIONABLE_EXPLICIT_NO; LEARNING_CONTEXT_NEGATIVE; PARTIAL_TARGET_QUALITY_FAIL; ROOM_OK_FALSE; resistance_too_close; structural_tp_too_close,True,False,location_ok_true_but_LONG_ENTRY_INSIDE_RESISTANCE; room_rr_badge_ok_but_room_ok_false; room_rr_badge_ok_but_structural_tp_too_close; suggested_levels_displayed_while_canonical_trade_false
2026-07-08T16:47:18.605112+00:00,AUD/CHF,LONG,0.56021,0.5582395919596297,0.5610369792968889,0.5580030207031111,0.5607604080403703,True,True,True,False,True,OK,FAIL,OK,FAIL,True,True,False,True,False,False,False,REJECT_ENTRY_LOCATION,LONG_ENTRY_INSIDE_RESISTANCE,ACTIONABILITY_CONFLICT_ENGINE_B_NO_AI_TRUE; ENGINE_B_ACTIONABLE_EXPLICIT_NO; LEARNING_CONTEXT_NEGATIVE; PARTIAL_TARGET_QUALITY_FAIL; ROOM_OK_FALSE; resistance_too_close; structural_tp_too_close,True,False,location_ok_true_but_LONG_ENTRY_INSIDE_RESISTANCE; room_rr_badge_ok_but_room_ok_false; room_rr_badge_ok_but_structural_tp_too_close; suggested_levels_displayed_while_canonical_trade_false
2026-07-08T16:47:19.216514+00:00,EUR/USD,LONG,1.14126,1.1398742003590385,1.1440979191383076,1.1410920808616924,1.1446557996409616,True,True,False,False,True,OK,FAIL,FAIL,FAIL,True,True,False,False,False,False,False,REJECT_NO_TRIGGER,TRIGGER_NOT_OK,ACTIONABILITY_CONFLICT_ENGINE_B_NO_AI_TRUE; ENGINE_B_ACTIONABLE_EXPLICIT_NO; LEARNING_CONTEXT_NEGATIVE; LONG_ENTRY_INSIDE_RESISTANCE; LONG_TP1_INSIDE_RESISTANCE; PARTIAL_TARGET_QUALITY_FAIL; ROOM_OK_FALSE; resistance_too_close; structural_tp_too_close,True,False,location_ok_true_but_LONG_ENTRY_INSIDE_RESISTANCE; room_rr_badge_ok_but_room_ok_false; room_rr_badge_ok_but_structural_tp_too_close; suggested_levels_displayed_while_canonical_trade_false
2026-07-08T16:47:20.232909+00:00,EUR/AUD,SHORT,1.64795,1.6431850314455176,1.6485739245307574,1.6442860754692425,1.6496749685544823,True,True,False,False,True,OK,FAIL,FAIL,FAIL,True,True,False,False,False,True,False,REJECT_NO_TRIGGER,TRIGGER_NOT_OK,ACTIONABILITY_CONFLICT_ENGINE_B_NO_AI_TRUE; ENGINE_B_ACTIONABLE_EXPLICIT_NO; LEARNING_CONTEXT_NEGATIVE; ROOM_OK_FALSE; SHORT_ENTRY_INSIDE_SUPPORT; structural_tp_too_close; support_too_close,True,False,location_ok_true_but_SHORT_ENTRY_INSIDE_SUPPORT; room_rr_badge_ok_but_room_ok_false; room_rr_badge_ok_but_structural_tp_too_close; suggested_levels_displayed_while_canonical_trade_false
2026-07-08T16:47:20.904943+00:00,GBP/AUD,SHORT,1.93236,1.9188690252123541,1.9252983394903502,1.9282616605096496,1.9346909747876457,True,True,False,True,True,OK,OK,FAIL,OK,True,True,True,False,True,True,False,REJECT_NO_TRIGGER,TRIGGER_NOT_OK,ACTIONABILITY_CONFLICT_ENGINE_B_NO_AI_TRUE; ENGINE_B_ACTIONABLE_EXPLICIT_NO; LEARNING_CONTEXT_NEGATIVE,True,False,suggested_levels_displayed_while_canonical_trade_false
2026-07-08T16:47:20.954159+00:00,USD/MXN,SHORT,17.58487,17.57571265029627,17.658663639288953,17.506406360711047,17.60685734970373,True,True,False,False,True,OK,FAIL,FAIL,FAIL,True,True,False,False,False,False,False,REJECT_NO_TRIGGER,TRIGGER_NOT_OK,ACTIONABILITY_CONFLICT_ENGINE_B_NO_AI_TRUE; ENGINE_B_ACTIONABLE_EXPLICIT_NO; LEARNING_CONTEXT_NEGATIVE; PARTIAL_TARGET_QUALITY_FAIL; ROOM_OK_FALSE; SHORT_ENTRY_INSIDE_SUPPORT; structural_tp_too_close; support_too_close,True,False,location_ok_true_but_SHORT_ENTRY_INSIDE_SUPPORT; room_rr_badge_ok_but_room_ok_false; room_rr_badge_ok_but_structural_tp_too_close; suggested_levels_displayed_while_canonical_trade_false
2026-07-08T16:47:22.858367+00:00,Aluminium,SHORT,3130.7,3106.1686145374733,3139.8712848750893,3106.528715124911,3146.881385462527,True,True,True,False,True,OK,FAIL,OK,FAIL,True,True,False,True,False,False,False,REJECT_ENTRY_LOCATION,SHORT_ENTRY_INSIDE_SUPPORT,ACTIONABILITY_CONFLICT_ENGINE_B_NO_AI_TRUE; ENGINE_B_ACTIONABLE_EXPLICIT_NO; PARTIAL_TARGET_QUALITY_FAIL; ROOM_OK_FALSE; structural_tp_too_close; support_too_close,True,False,location_ok_true_but_SHORT_ENTRY_INSIDE_SUPPORT; room_rr_badge_ok_but_room_ok_false; room_rr_badge_ok_but_structural_tp_too_close; suggested_levels_displayed_while_canonical_trade_false
2026-07-08T16:47:23.988948+00:00,Gasoline,LONG,3.0705,2.9946686744880116,3.0667351812287724,3.0342648187712276,3.104731325511988,True,True,True,False,True,OK,FAIL,OK,FAIL,True,True,False,True,False,False,False,REJECT_ENTRY_LOCATION,LONG_ENTRY_INSIDE_RESISTANCE,ACTIONABILITY_CONFLICT_ENGINE_B_NO_AI_TRUE; ENGINE_B_ACTIONABLE_EXPLICIT_NO; LONG_TP1_INSIDE_RESISTANCE; PARTIAL_TARGET_QUALITY_FAIL; ROOM_OK_FALSE; resistance_too_close; structural_tp_too_close,True,False,location_ok_true_but_LONG_ENTRY_INSIDE_RESISTANCE; room_rr_badge_ok_but_room_ok_false; room_rr_badge_ok_but_structural_tp_too_close; suggested_levels_displayed_while_canonical_trade_false
2026-07-08T16:47:24.421286+00:00,WTI Oil,LONG,75.107,73.78229745959393,75.25434180135355,73.94965819864645,75.42170254040606,True,True,True,False,True,OK,FAIL,OK,FAIL,True,True,False,True,False,False,False,REJECT_ENTRY_LOCATION,LONG_ENTRY_INSIDE_RESISTANCE,ACTIONABILITY_CONFLICT_ENGINE_B_NO_AI_TRUE; ENGINE_B_ACTIONABLE_EXPLICIT_NO; PARTIAL_TARGET_QUALITY_FAIL; ROOM_OK_FALSE; resistance_too_close; structural_tp_too_close,True,False,location_ok_true_but_LONG_ENTRY_INSIDE_RESISTANCE; room_rr_badge_ok_but_room_ok_false; room_rr_badge_ok_but_structural_tp_too_close; suggested_levels_displayed_while_canonical_trade_false
2026-07-08T16:47:25.010002+00:00,Corn,SHORT,4.3951,4.360173866183725,4.420520446054249,4.355679553945751,4.403026133816275,True,True,True,False,True,OK,FAIL,OK,FAIL,True,True,False,True,False,False,False,REJECT_ENTRY_LOCATION,SHORT_ENTRY_INSIDE_SUPPORT,ACTIONABILITY_CONFLICT_ENGINE_B_NO_AI_TRUE; ENGINE_B_ACTIONABLE_EXPLICIT_NO; PARTIAL_TARGET_QUALITY_FAIL; ROOM_OK_FALSE; structural_tp_too_close; support_too_close,True,False,location_ok_true_but_SHORT_ENTRY_INSIDE_SUPPORT; room_rr_badge_ok_but_room_ok_false; room_rr_badge_ok_but_structural_tp_too_close; suggested_levels_displayed_while_canonical_trade_false
2026-07-08T16:47:25.880470+00:00,NASDAQ-100,SHORT,29096.4,28813.84096735381,29240.730108820633,29451.86989117937,29898.95903264619,True,True,True,False,True,OK,FAIL,OK,FAIL,True,True,False,True,False,True,False,REJECT_ENTRY_LOCATION,SHORT_ENTRY_INSIDE_SUPPORT,ACTIONABILITY_CONFLICT_ENGINE_B_NO_AI_TRUE; ENGINE_B_ACTIONABLE_EXPLICIT_NO; ROOM_OK_FALSE; structural_tp_too_close; support_too_close,True,False,location_ok_true_but_SHORT_ENTRY_INSIDE_SUPPORT; room_rr_badge_ok_but_room_ok_false; room_rr_badge_ok_but_structural_tp_too_close; suggested_levels_displayed_while_canonical_trade_false
2026-07-08T16:47:26.231179+00:00,US2000,SHORT,2949.3,2935.998434884092,2971.363756278179,2920.336243721821,2957.901565115908,True,True,True,False,True,OK,FAIL,OK,FAIL,True,True,False,True,False,False,False,REJECT_ENTRY_LOCATION,SHORT_ENTRY_INSIDE_SUPPORT,ACTIONABILITY_CONFLICT_ENGINE_B_NO_AI_TRUE; ENGINE_B_ACTIONABLE_EXPLICIT_NO; PARTIAL_TARGET_QUALITY_FAIL; ROOM_OK_FALSE; structural_tp_too_close; support_too_close,True,False,location_ok_true_but_SHORT_ENTRY_INSIDE_SUPPORT; room_rr_badge_ok_but_room_ok_false; room_rr_badge_ok_but_structural_tp_too_close; suggested_levels_displayed_while_canonical_trade_false
2026-07-08T16:47:27.134492+00:00,ASX 200,LONG,8714.8,8638.822174148781,8735.059419504065,8643.040580495934,8740.57782585122,True,True,False,False,True,OK,FAIL,FAIL,FAIL,True,True,False,False,False,False,False,REJECT_NO_TRIGGER,TRIGGER_NOT_OK,ACTIONABILITY_CONFLICT_ENGINE_B_NO_AI_TRUE; ENGINE_B_ACTIONABLE_EXPLICIT_NO; LONG_ENTRY_INSIDE_RESISTANCE; PARTIAL_TARGET_QUALITY_FAIL; ROOM_OK_FALSE; resistance_too_close; structural_tp_too_close,True,False,location_ok_true_but_LONG_ENTRY_INSIDE_RESISTANCE; room_rr_badge_ok_but_room_ok_false; room_rr_badge_ok_but_structural_tp_too_close; suggested_levels_displayed_while_canonical_trade_false
2026-07-08T16:47:27.805491+00:00,EURX,SHORT,1074.9,1073.7371500695338,1075.3108398331192,1074.1891601668808,1075.7628499304662,True,True,True,False,True,OK,FAIL,OK,FAIL,True,True,False,True,False,False,False,REJECT_ENTRY_LOCATION,SHORT_ENTRY_INSIDE_SUPPORT,ACTIONABILITY_CONFLICT_ENGINE_B_NO_AI_TRUE; ENGINE_B_ACTIONABLE_EXPLICIT_NO; PARTIAL_TARGET_QUALITY_FAIL; ROOM_OK_FALSE; SHORT_TP1_INSIDE_SUPPORT; structural_tp_too_close; support_too_close,True,False,location_ok_true_but_SHORT_ENTRY_INSIDE_SUPPORT; room_rr_badge_ok_but_room_ok_false; room_rr_badge_ok_but_structural_tp_too_close; suggested_levels_displayed_while_canonical_trade_false
2026-07-08T16:47:28.178541+00:00,USDX,LONG,101.072,100.96137405371445,101.26130227108534,100.93069772891467,101.24262594628556,True,True,True,False,True,OK,FAIL,OK,FAIL,True,True,False,True,False,False,False,REJECT_ENTRY_LOCATION,LONG_ENTRY_INSIDE_RESISTANCE,ACTIONABILITY_CONFLICT_ENGINE_B_NO_AI_TRUE; ENGINE_B_ACTIONABLE_EXPLICIT_NO; PARTIAL_TARGET_QUALITY_FAIL; ROOM_OK_FALSE; resistance_too_close; structural_tp_too_close,True,False,location_ok_true_but_LONG_ENTRY_INSIDE_RESISTANCE; room_rr_badge_ok_but_room_ok_false; room_rr_badge_ok_but_structural_tp_too_close; suggested_levels_displayed_while_canonical_trade_false
2026-07-08T16:47:28.920289+00:00,Copper,LONG,6.1178,6.062545269963484,6.153171352087639,6.07222864791236,6.1839547300365165,True,True,True,False,True,OK,FAIL,OK,FAIL,True,True,False,True,False,False,False,REJECT_ENTRY_LOCATION,LONG_ENTRY_INSIDE_RESISTANCE,ACTIONABILITY_CONFLICT_ENGINE_B_NO_AI_TRUE; ENGINE_B_ACTIONABLE_EXPLICIT_NO; LONG_TP1_INSIDE_RESISTANCE; PARTIAL_TARGET_QUALITY_FAIL; ROOM_OK_FALSE; resistance_too_close; structural_tp_too_close,True,False,location_ok_true_but_LONG_ENTRY_INSIDE_RESISTANCE; room_rr_badge_ok_but_room_ok_false; room_rr_badge_ok_but_structural_tp_too_close; suggested_levels_displayed_while_canonical_trade_false
2026-07-08T16:47:28.957432+00:00,GOOGL,SHORT,361.19,354.4939555330246,366.7205067207409,364.59949327925915,379.2860444669754,True,True,True,False,True,OK,FAIL,OK,FAIL,True,True,False,True,False,False,False,REJECT_ENTRY_LOCATION,SHORT_ENTRY_INSIDE_SUPPORT,ACTIONABILITY_CONFLICT_ENGINE_B_NO_AI_TRUE; ENGINE_B_ACTIONABLE_EXPLICIT_NO; LEARNING_CONTEXT_NEGATIVE; PARTIAL_TARGET_QUALITY_FAIL; ROOM_OK_FALSE; SHORT_TP1_INSIDE_SUPPORT; structural_tp_too_close; support_too_close,True,False,location_ok_true_but_SHORT_ENTRY_INSIDE_SUPPORT; room_rr_badge_ok_but_room_ok_false; room_rr_badge_ok_but_structural_tp_too_close; suggested_levels_displayed_while_canonical_trade_false
2026-07-08T16:47:29.717976+00:00,NVDA,SHORT,199.67,198.1075369424106,203.44821019196468,195.82178980803533,201.1624630575894,True,True,True,False,True,OK,FAIL,OK,FAIL,True,True,False,True,False,False,False,REJECT_ENTRY_LOCATION,SHORT_ENTRY_INSIDE_SUPPORT,ACTIONABILITY_CONFLICT_ENGINE_B_NO_AI_TRUE; ENGINE_B_ACTIONABLE_EXPLICIT_NO; LEARNING_CONTEXT_NEGATIVE; PARTIAL_TARGET_QUALITY_FAIL; ROOM_OK_FALSE; structural_tp_too_close; support_too_close,True,False,location_ok_true_but_SHORT_ENTRY_INSIDE_SUPPORT; room_rr_badge_ok_but_room_ok_false; room_rr_badge_ok_but_structural_tp_too_close; suggested_levels_displayed_while_canonical_trade_false
2026-07-08T16:47:31.164812+00:00,MSFT,LONG,382.75,373.0687218764055,386.1290674966268,374.6809325033732,388.8612781235945,True,True,True,False,True,OK,FAIL,OK,FAIL,True,True,False,True,False,False,False,REJECT_ENTRY_LOCATION,LONG_ENTRY_INSIDE_RESISTANCE,ACTIONABILITY_CONFLICT_ENGINE_B_NO_AI_TRUE; ENGINE_B_ACTIONABLE_EXPLICIT_NO; LEARNING_CONTEXT_NEGATIVE; PARTIAL_TARGET_QUALITY_FAIL; ROOM_OK_FALSE; resistance_too_close; structural_tp_too_close,True,False,location_ok_true_but_LONG_ENTRY_INSIDE_RESISTANCE; room_rr_badge_ok_but_room_ok_false; room_rr_badge_ok_but_structural_tp_too_close; suggested_levels_displayed_while_canonical_trade_false
2026-07-08T16:47:31.709193+00:00,NFLX,LONG,76.15,74.19804985688212,77.17868034348291,74.10131965651709,76.86195014311788,True,True,True,False,True,OK,FAIL,OK,FAIL,True,True,False,True,False,True,False,REJECT_ENTRY_LOCATION,LONG_ENTRY_INSIDE_RESISTANCE,ACTIONABILITY_CONFLICT_ENGINE_B_NO_AI_TRUE; ENGINE_B_ACTIONABLE_EXPLICIT_NO; LEARNING_CONTEXT_NEGATIVE; ROOM_OK_FALSE; resistance_too_close; structural_tp_too_close,True,False,location_ok_true_but_LONG_ENTRY_INSIDE_RESISTANCE; room_rr_badge_ok_but_room_ok_false; room_rr_badge_ok_but_structural_tp_too_close; suggested_levels_displayed_while_canonical_trade_false
2026-07-08T16:47:32.175340+00:00,JPM,SHORT,333.92,322.6238522486352,329.5871591712159,332.6128408287841,339.33614775136476,True,True,True,True,True,OK,OK,OK,FAIL,True,True,True,True,True,False,False,REJECT_RR_QUALITY,PARTIAL_TARGET_QUALITY_FAIL,ACTIONABILITY_CONFLICT_ENGINE_B_NO_AI_TRUE; ENGINE_B_ACTIONABLE_EXPLICIT_NO; LEARNING_CONTEXT_NEGATIVE,True,False,room_rr_badge_ok_but_canonical_room_rr_false; suggested_levels_displayed_while_canonical_trade_false
2026-07-08T16:47:32.177239+00:00,V,LONG,347.29,340.4843486886321,352.78356314728285,343.64643685271716,356.18565131136785,True,True,True,False,True,OK,FAIL,OK,FAIL,True,True,False,True,False,False,False,REJECT_ENTRY_LOCATION,LONG_ENTRY_INSIDE_RESISTANCE,ACTIONABILITY_CONFLICT_ENGINE_B_NO_AI_TRUE; ENGINE_B_ACTIONABLE_EXPLICIT_NO; LEARNING_CONTEXT_NEGATIVE; LONG_TP1_INSIDE_RESISTANCE; PARTIAL_TARGET_QUALITY_FAIL; ROOM_OK_FALSE; resistance_too_close; structural_tp_too_close,True,False,location_ok_true_but_LONG_ENTRY_INSIDE_RESISTANCE; room_rr_badge_ok_but_room_ok_false; room_rr_badge_ok_but_structural_tp_too_close; suggested_levels_displayed_while_canonical_trade_false
2026-07-08T16:47:32.430403+00:00,AMD,LONG,510.72,482.8716263011499,525.2980968772404,516.0519031227597,558.4783736988502,True,True,False,False,True,OK,FAIL,FAIL,FAIL,True,True,False,False,False,False,False,REJECT_NO_TRIGGER,TRIGGER_NOT_OK,ACTIONABILITY_CONFLICT_ENGINE_B_NO_AI_TRUE; ENGINE_B_ACTIONABLE_EXPLICIT_NO; LEARNING_CONTEXT_NEGATIVE; LONG_TP1_INSIDE_RESISTANCE; PARTIAL_TARGET_QUALITY_FAIL; ROOM_OK_FALSE; resistance_too_close; structural_tp_too_close,True,False,location_ok_true_but_canonical_location_false; room_rr_badge_ok_but_room_ok_false; room_rr_badge_ok_but_structural_tp_too_close; suggested_levels_displayed_while_canonical_trade_false
2026-07-08T16:47:33.003577+00:00,CRM,LONG,165.9,161.46535600591804,169.23114558579672,179.20885441420327,186.19464399408196,True,True,True,True,True,OK,OK,OK,OK,True,True,True,True,True,True,False,REJECT_CONFLICT,ACTIONABILITY_CONFLICT_ENGINE_B_NO_AI_TRUE,ENGINE_B_ACTIONABLE_EXPLICIT_NO; LEARNING_CONTEXT_NEGATIVE,True,False,suggested_levels_displayed_while_canonical_trade_false
2026-07-08T16:47:35.394548+00:00,TLT,LONG,84.26,84.07194980890334,84.58350063698884,85.55649936301116,86.06805019109666,True,True,True,True,True,OK,OK,OK,OK,True,True,True,True,True,True,False,REJECT_CONFLICT,ACTIONABILITY_CONFLICT_ENGINE_B_NO_AI_TRUE,ENGINE_B_ACTIONABLE_EXPLICIT_NO,True,False,suggested_levels_displayed_while_canonical_trade_false
2026-07-08T16:47:36.754148+00:00,SOXX,SHORT,558.73,510.788995836347,549.7224099927672,590.9575900072329,629.8910041636531,True,True,True,True,True,OK,OK,OK,FAIL,True,True,True,True,False,True,False,REJECT_STRUCTURAL_TP,structural_tp_too_close,ACTIONABILITY_CONFLICT_ENGINE_B_NO_AI_TRUE; ENGINE_B_ACTIONABLE_EXPLICIT_NO; SHORT_TP1_INSIDE_SUPPORT,True,False,room_rr_badge_ok_but_structural_tp_too_close; suggested_levels_displayed_while_canonical_trade_false
2026-07-08T16:47:44.604144+00:00,POL/USDT,LONG,0.07602,0.07400700339570004,0.07639719185031989,0.07785280814968011,0.08034299660429996,True,True,True,True,True,OK,OK,OK,FAIL,True,True,True,True,True,False,False,REJECT_RR_QUALITY,PARTIAL_TARGET_QUALITY_FAIL,ACTIONABILITY_CONFLICT_ENGINE_B_NO_AI_TRUE; ENGINE_B_ACTIONABLE_EXPLICIT_NO; LEARNING_CONTEXT_NEGATIVE,True,False,room_rr_badge_ok_but_canonical_room_rr_false; suggested_levels_displayed_while_canonical_trade_false
2026-07-08T16:47:45.806430+00:00,GLD,LONG,371.94500732421875,366.06934125538555,374.81154729566845,377.71835993089405,386.0505623090676,True,True,True,True,True,OK,OK,OK,FAIL,True,True,True,True,True,False,False,REJECT_RR_QUALITY,PARTIAL_TARGET_QUALITY_FAIL,ACTIONABILITY_CONFLICT_ENGINE_B_NO_AI_TRUE; ENGINE_B_ACTIONABLE_EXPLICIT_NO,True,False,room_rr_badge_ok_but_canonical_room_rr_false; suggested_levels_displayed_while_canonical_trade_false
2026-07-08T16:47:47.819437+00:00,APT/USDT,LONG,0.6049,0.5778553828116773,0.6086070812519746,0.6296929187480254,0.6604446171883227,True,True,True,True,True,OK,OK,OK,FAIL,True,True,True,True,True,False,False,REJECT_RR_QUALITY,PARTIAL_TARGET_QUALITY_FAIL,ACTIONABILITY_CONFLICT_ENGINE_B_NO_AI_TRUE; ENGINE_B_ACTIONABLE_EXPLICIT_NO; LEARNING_CONTEXT_NEGATIVE,True,False,room_rr_badge_ok_but_canonical_room_rr_false; suggested_levels_displayed_while_canonical_trade_false
2026-07-08T16:47:48.165808+00:00,NEAR/USDT,LONG,1.8757,1.7830954058191135,1.8973910260341276,1.8680089739658725,1.9741045941808866,True,True,False,False,True,OK,FAIL,FAIL,FAIL,True,True,False,False,False,True,False,REJECT_NO_TRIGGER,TRIGGER_NOT_OK,ACTIONABILITY_CONFLICT_ENGINE_B_NO_AI_TRUE; ENGINE_B_ACTIONABLE_EXPLICIT_NO; LEARNING_CONTEXT_NEGATIVE; LONG_ENTRY_INSIDE_RESISTANCE; ROOM_OK_FALSE; resistance_too_close; structural_tp_too_close,True,False,location_ok_true_but_LONG_ENTRY_INSIDE_RESISTANCE; room_rr_badge_ok_but_room_ok_false; room_rr_badge_ok_but_structural_tp_too_close; suggested_levels_displayed_while_canonical_trade_false
2026-07-08T16:47:48.520726+00:00,INJ/USDT,LONG,4.689,4.474525139497367,4.753139665206318,4.703860334793682,4.943474860502633,True,True,True,False,True,OK,FAIL,OK,FAIL,True,True,False,True,False,False,False,REJECT_NO_ROOM,ROOM_OK_FALSE,ACTIONABILITY_CONFLICT_ENGINE_B_NO_AI_TRUE; ENGINE_B_ACTIONABLE_EXPLICIT_NO; LEARNING_CONTEXT_NEGATIVE; LONG_TP1_INSIDE_RESISTANCE; PARTIAL_TARGET_QUALITY_FAIL; resistance_too_close; structural_tp_too_close,True,False,location_ok_true_but_canonical_location_false; room_rr_badge_ok_but_room_ok_false; room_rr_badge_ok_but_structural_tp_too_close; suggested_levels_displayed_while_canonical_trade_false
2026-07-08T16:47:51.511626+00:00,BCH/USDT,LONG,235.3,226.96589045741777,237.28186290219733,227.21813709780267,237.53410954258223,True,True,False,False,True,OK,FAIL,FAIL,FAIL,True,True,False,False,False,False,False,REJECT_NO_TRIGGER,TRIGGER_NOT_OK,ACTIONABILITY_CONFLICT_ENGINE_B_NO_AI_TRUE; ENGINE_B_ACTIONABLE_EXPLICIT_NO; LEARNING_CONTEXT_NEGATIVE; LONG_ENTRY_INSIDE_RESISTANCE; PARTIAL_TARGET_QUALITY_FAIL; ROOM_OK_FALSE; resistance_too_close; structural_tp_too_close,True,False,location_ok_true_but_LONG_ENTRY_INSIDE_RESISTANCE; room_rr_badge_ok_but_room_ok_false; room_rr_badge_ok_but_structural_tp_too_close; suggested_levels_displayed_while_canonical_trade_false
2026-07-08T16:47:51.572493+00:00,ATOM/USDT,LONG,1.555,1.5245798567106625,1.5794283438944097,1.5772716561055902,1.6256201432893373,True,True,False,True,True,OK,OK,FAIL,FAIL,True,True,True,False,True,False,False,REJECT_NO_TRIGGER,TRIGGER_NOT_OK,ACTIONABILITY_CONFLICT_ENGINE_B_NO_AI_TRUE; ENGINE_B_ACTIONABLE_EXPLICIT_NO; LEARNING_CONTEXT_NEGATIVE; PARTIAL_TARGET_QUALITY_FAIL,True,False,room_rr_badge_ok_but_canonical_room_rr_false; suggested_levels_displayed_while_canonical_trade_false
2026-07-08T16:47:55.053103+00:00,HBAR/USDT,SHORT,0.06952,0.06784910115649324,0.0696296628116892,0.0735303371883108,0.07531089884350675,True,True,True,False,True,OK,FAIL,OK,FAIL,True,True,False,True,False,True,False,REJECT_ENTRY_LOCATION,SHORT_ENTRY_INSIDE_SUPPORT,ACTIONABILITY_CONFLICT_ENGINE_B_NO_AI_TRUE; ENGINE_B_ACTIONABLE_EXPLICIT_NO; LEARNING_CONTEXT_NEGATIVE; ROOM_OK_FALSE; structural_tp_too_close; support_too_close,True,False,location_ok_true_but_SHORT_ENTRY_INSIDE_SUPPORT; room_rr_badge_ok_but_room_ok_false; room_rr_badge_ok_but_structural_tp_too_close; suggested_levels_displayed_while_canonical_trade_false
2026-07-08T16:47:55.111234+00:00,ICP/USDT,LONG,2.189,2.1187521209162092,2.2079949098010974,2.173005090198903,2.262247879083791,True,True,True,False,True,OK,FAIL,OK,FAIL,True,True,False,True,False,False,False,REJECT_ENTRY_LOCATION,LONG_ENTRY_INSIDE_RESISTANCE,ACTIONABILITY_CONFLICT_ENGINE_B_NO_AI_TRUE; ENGINE_B_ACTIONABLE_EXPLICIT_NO; LEARNING_CONTEXT_NEGATIVE; LONG_TP1_INSIDE_RESISTANCE; PARTIAL_TARGET_QUALITY_FAIL; ROOM_OK_FALSE; resistance_too_close; structural_tp_too_close,True,False,location_ok_true_but_LONG_ENTRY_INSIDE_RESISTANCE; room_rr_badge_ok_but_room_ok_false; room_rr_badge_ok_but_structural_tp_too_close; suggested_levels_displayed_while_canonical_trade_false
2026-07-08T16:47:55.653271+00:00,ARB/USDT,LONG,0.07598,0.07292413464828486,0.0764800768441163,0.0795599231558837,0.08311586535171514,True,True,False,True,True,OK,OK,FAIL,FAIL,True,True,True,False,True,False,False,REJECT_NO_TRIGGER,TRIGGER_NOT_OK,ACTIONABILITY_CONFLICT_ENGINE_B_NO_AI_TRUE; ENGINE_B_ACTIONABLE_EXPLICIT_NO; LEARNING_CONTEXT_NEGATIVE; PARTIAL_TARGET_QUALITY_FAIL,True,False,room_rr_badge_ok_but_canonical_room_rr_false; suggested_levels_displayed_while_canonical_trade_false
2026-07-08T18:57:14.469490+00:00,EUR/USD,LONG,1.14191,1.1398585431905357,1.1441354963427142,1.141054503657286,1.1446714568094645,True,True,False,False,True,OK,FAIL,FAIL,FAIL,True,True,False,False,False,False,False,REJECT_NO_TRIGGER,TRIGGER_NOT_OK,ACTIONABILITY_CONFLICT_ENGINE_B_NO_AI_TRUE; ENGINE_B_ACTIONABLE_EXPLICIT_NO; LEARNING_CONTEXT_NEGATIVE; LONG_ENTRY_INSIDE_RESISTANCE; LONG_TP1_INSIDE_RESISTANCE; PARTIAL_TARGET_QUALITY_FAIL; ROOM_OK_FALSE; resistance_too_close; structural_tp_too_close,True,False,location_ok_true_but_LONG_ENTRY_INSIDE_RESISTANCE; room_rr_badge_ok_but_room_ok_false; room_rr_badge_ok_but_structural_tp_too_close; suggested_levels_displayed_while_canonical_trade_false
2026-07-08T18:57:15.018703+00:00,AUD/USD,LONG,0.6929,0.6899375184489825,0.6932699557224418,0.6908000442775583,0.6939024815510174,True,True,False,False,True,OK,FAIL,FAIL,FAIL,True,True,False,False,False,True,False,REJECT_NO_TRIGGER,TRIGGER_NOT_OK,ACTIONABILITY_CONFLICT_ENGINE_B_NO_AI_TRUE; ENGINE_B_ACTIONABLE_EXPLICIT_NO; LEARNING_CONTEXT_NEGATIVE; LONG_ENTRY_INSIDE_RESISTANCE; ROOM_OK_FALSE; resistance_too_close; structural_tp_too_close,True,False,location_ok_true_but_LONG_ENTRY_INSIDE_RESISTANCE; room_rr_badge_ok_but_room_ok_false; room_rr_badge_ok_but_structural_tp_too_close; suggested_levels_displayed_while_canonical_trade_false
2026-07-08T18:57:15.381102+00:00,USD/JPY,LONG,162.523,161.50314939821556,162.03304144428265,162.46695855571735,162.99685060178444,True,True,True,False,True,OK,FAIL,OK,FAIL,True,True,False,True,False,True,False,REJECT_ENTRY_LOCATION,LONG_ENTRY_INSIDE_RESISTANCE,ACTIONABILITY_CONFLICT_ENGINE_B_NO_AI_TRUE; ENGINE_B_ACTIONABLE_EXPLICIT_NO; LEARNING_CONTEXT_NEGATIVE; ROOM_OK_FALSE; resistance_too_close; structural_tp_too_close,True,False,location_ok_true_but_LONG_ENTRY_INSIDE_RESISTANCE; room_rr_badge_ok_but_room_ok_false; room_rr_badge_ok_but_structural_tp_too_close; suggested_levels_displayed_while_canonical_trade_false
2026-07-08T18:57:15.969193+00:00,EUR/AUD,SHORT,1.64788,1.6431611006279805,1.648631358492846,1.6442286415071539,1.6496988993720194,True,True,False,False,True,OK,FAIL,FAIL,FAIL,True,True,False,False,False,True,False,REJECT_NO_TRIGGER,TRIGGER_NOT_OK,ACTIONABILITY_CONFLICT_ENGINE_B_NO_AI_TRUE; ENGINE_B_ACTIONABLE_EXPLICIT_NO; LEARNING_CONTEXT_NEGATIVE; ROOM_OK_FALSE; SHORT_ENTRY_INSIDE_SUPPORT; structural_tp_too_close; support_too_close,True,False,location_ok_true_but_SHORT_ENTRY_INSIDE_SUPPORT; room_rr_badge_ok_but_room_ok_false; room_rr_badge_ok_but_structural_tp_too_close; suggested_levels_displayed_while_canonical_trade_false
2026-07-08T18:57:16.233650+00:00,GBP/AUD,SHORT,1.93316,1.9187433805543288,1.925599886669611,1.927960113330389,1.934816619445671,True,True,False,True,True,OK,OK,FAIL,OK,True,True,True,False,True,True,False,REJECT_NO_TRIGGER,TRIGGER_NOT_OK,ACTIONABILITY_CONFLICT_ENGINE_B_NO_AI_TRUE; ENGINE_B_ACTIONABLE_EXPLICIT_NO; LEARNING_CONTEXT_NEGATIVE,True,False,suggested_levels_displayed_while_canonical_trade_false
2026-07-08T18:57:17.079713+00:00,USD/MXN,SHORT,17.57847,17.50767911945078,17.573852935164073,17.514057064835928,17.59773088054922,True,True,False,False,True,OK,FAIL,FAIL,FAIL,True,True,False,False,False,True,False,REJECT_NO_TRIGGER,TRIGGER_NOT_OK,ACTIONABILITY_CONFLICT_ENGINE_B_NO_AI_TRUE; ENGINE_B_ACTIONABLE_EXPLICIT_NO; LEARNING_CONTEXT_NEGATIVE; ROOM_OK_FALSE; SHORT_TP1_INSIDE_SUPPORT; structural_tp_too_close; support_too_close,True,False,location_ok_true_but_canonical_location_false; room_rr_badge_ok_but_room_ok_false; room_rr_badge_ok_but_structural_tp_too_close; suggested_levels_displayed_while_canonical_trade_false
2026-07-08T18:57:17.103693+00:00,USD/ZAR,SHORT,16.39425,16.317913135505236,16.450076474787437,16.299093525212562,16.418566864494764,True,True,False,False,True,OK,FAIL,FAIL,FAIL,True,True,False,False,False,False,False,REJECT_NO_TRIGGER,TRIGGER_NOT_OK,ACTIONABILITY_CONFLICT_ENGINE_B_NO_AI_TRUE; ENGINE_B_ACTIONABLE_EXPLICIT_NO; LEARNING_CONTEXT_NEGATIVE; PARTIAL_TARGET_QUALITY_FAIL; ROOM_OK_FALSE; SHORT_ENTRY_INSIDE_SUPPORT; SHORT_TP1_INSIDE_SUPPORT; structural_tp_too_close; support_too_close,True,False,location_ok_true_but_SHORT_ENTRY_INSIDE_SUPPORT; room_rr_badge_ok_but_room_ok_false; room_rr_badge_ok_but_structural_tp_too_close; suggested_levels_displayed_while_canonical_trade_false
2026-07-08T18:57:18.050505+00:00,USD/INR,LONG,95.827,95.48388359330595,95.89447937606576,95.44652062393425,95.84811640669406,True,True,True,False,True,OK,FAIL,OK,FAIL,True,True,False,True,False,True,False,REJECT_ENTRY_LOCATION,LONG_ENTRY_INSIDE_RESISTANCE,ACTIONABILITY_CONFLICT_ENGINE_B_NO_AI_TRUE; ENGINE_B_ACTIONABLE_EXPLICIT_NO; LEARNING_CONTEXT_NEGATIVE; ROOM_OK_FALSE; resistance_too_close; structural_tp_too_close,True,False,location_ok_true_but_LONG_ENTRY_INSIDE_RESISTANCE; room_rr_badge_ok_but_room_ok_false; room_rr_badge_ok_but_structural_tp_too_close; suggested_levels_displayed_while_canonical_trade_false
2026-07-08T18:57:19.988226+00:00,Aluminium,SHORT,3117.0,3079.741903450851,3124.7094317179562,3101.5405682820438,3151.908096549149,True,True,True,False,True,OK,FAIL,OK,FAIL,True,True,False,True,False,False,False,REJECT_ENTRY_LOCATION,SHORT_ENTRY_INSIDE_SUPPORT,ACTIONABILITY_CONFLICT_ENGINE_B_NO_AI_TRUE; ENGINE_B_ACTIONABLE_EXPLICIT_NO; PARTIAL_TARGET_QUALITY_FAIL; ROOM_OK_FALSE; SHORT_TP1_INSIDE_SUPPORT; structural_tp_too_close; support_too_close,True,False,location_ok_true_but_SHORT_ENTRY_INSIDE_SUPPORT; room_rr_badge_ok_but_room_ok_false; room_rr_badge_ok_but_structural_tp_too_close; suggested_levels_displayed_while_canonical_trade_false
2026-07-08T18:57:20.630435+00:00,Nickel,SHORT,16338.53,16077.58825262647,16361.890193696476,16393.919806303526,16704.22174737353,True,True,True,False,True,OK,FAIL,OK,FAIL,True,True,False,True,False,True,False,REJECT_ENTRY_LOCATION,SHORT_ENTRY_INSIDE_SUPPORT,ACTIONABILITY_CONFLICT_ENGINE_B_NO_AI_TRUE; ENGINE_B_ACTIONABLE_EXPLICIT_NO; ROOM_OK_FALSE; structural_tp_too_close; support_too_close,True,False,location_ok_true_but_SHORT_ENTRY_INSIDE_SUPPORT; room_rr_badge_ok_but_room_ok_false; room_rr_badge_ok_but_structural_tp_too_close; suggested_levels_displayed_while_canonical_trade_false
2026-07-08T18:57:23.240408+00:00,WTI Oil,SHORT,74.117,73.74763335533723,75.36988881554258,73.83411118445741,75.45636664466276,True,True,True,False,True,OK,FAIL,OK,FAIL,True,True,False,True,False,False,False,REJECT_ENTRY_LOCATION,SHORT_ENTRY_INSIDE_SUPPORT,ACTIONABILITY_CONFLICT_ENGINE_B_NO_AI_TRUE; ENGINE_B_ACTIONABLE_EXPLICIT_NO; PARTIAL_TARGET_QUALITY_FAIL; ROOM_OK_FALSE; structural_tp_too_close; support_too_close,True,False,location_ok_true_but_SHORT_ENTRY_INSIDE_SUPPORT; room_rr_badge_ok_but_room_ok_false; room_rr_badge_ok_but_structural_tp_too_close; suggested_levels_displayed_while_canonical_trade_false
2026-07-08T18:57:24.042188+00:00,Cotton,LONG,80.759,80.01831595874562,81.05694680418124,79.50105319581876,80.81668404125438,True,True,True,False,True,OK,FAIL,OK,FAIL,True,True,False,True,False,False,False,REJECT_ENTRY_LOCATION,LONG_ENTRY_INSIDE_RESISTANCE,ACTIONABILITY_CONFLICT_ENGINE_B_NO_AI_TRUE; ENGINE_B_ACTIONABLE_EXPLICIT_NO; PARTIAL_TARGET_QUALITY_FAIL; ROOM_OK_FALSE; resistance_too_close; structural_tp_too_close,True,False,location_ok_true_but_LONG_ENTRY_INSIDE_RESISTANCE; room_rr_badge_ok_but_room_ok_false; room_rr_badge_ok_but_structural_tp_too_close; suggested_levels_displayed_while_canonical_trade_false
2026-07-08T18:57:25.012121+00:00,NASDAQ-100,LONG,29120.5,28811.49946968568,29248.53510104773,29444.06489895227,29901.30053031432,True,True,False,True,True,OK,OK,FAIL,FAIL,True,True,True,False,True,False,False,REJECT_NO_TRIGGER,TRIGGER_NOT_OK,ACTIONABILITY_CONFLICT_ENGINE_B_NO_AI_TRUE; ENGINE_B_ACTIONABLE_EXPLICIT_NO; PARTIAL_TARGET_QUALITY_FAIL,True,False,room_rr_badge_ok_but_canonical_room_rr_false; suggested_levels_displayed_while_canonical_trade_false
2026-07-08T18:57:25.014722+00:00,Wheat,SHORT,611.4,605.5784586746313,613.4718044178957,609.0281955821043,618.7215413253687,True,True,True,False,True,OK,FAIL,OK,FAIL,True,True,False,True,False,False,False,REJECT_ENTRY_LOCATION,SHORT_ENTRY_INSIDE_SUPPORT,ACTIONABILITY_CONFLICT_ENGINE_B_NO_AI_TRUE; ENGINE_B_ACTIONABLE_EXPLICIT_NO; PARTIAL_TARGET_QUALITY_FAIL; ROOM_OK_FALSE; SHORT_TP1_INSIDE_SUPPORT; structural_tp_too_close; support_too_close,True,False,location_ok_true_but_SHORT_ENTRY_INSIDE_SUPPORT; room_rr_badge_ok_but_room_ok_false; room_rr_badge_ok_but_structural_tp_too_close; suggested_levels_displayed_while_canonical_trade_false
2026-07-08T18:57:26.734478+00:00,ASX 200,LONG,8719.1,8638.62201885244,8735.726603825202,8642.373396174797,8740.777981147561,True,True,False,False,True,OK,FAIL,FAIL,FAIL,True,True,False,False,False,False,False,REJECT_NO_TRIGGER,TRIGGER_NOT_OK,ACTIONABILITY_CONFLICT_ENGINE_B_NO_AI_TRUE; ENGINE_B_ACTIONABLE_EXPLICIT_NO; LONG_ENTRY_INSIDE_RESISTANCE; PARTIAL_TARGET_QUALITY_FAIL; ROOM_OK_FALSE; resistance_too_close; structural_tp_too_close,True,False,location_ok_true_but_LONG_ENTRY_INSIDE_RESISTANCE; room_rr_badge_ok_but_room_ok_false; room_rr_badge_ok_but_structural_tp_too_close; suggested_levels_displayed_while_canonical_trade_false
2026-07-08T18:57:27.127825+00:00,Nikkei 225,SHORT,67379.5,67160.04681596658,68450.74394677805,67783.85605322194,69074.55318403342,True,True,True,False,True,OK,FAIL,OK,FAIL,True,True,False,True,False,False,False,REJECT_ENTRY_LOCATION,SHORT_ENTRY_INSIDE_SUPPORT,ACTIONABILITY_CONFLICT_ENGINE_B_NO_AI_TRUE; ENGINE_B_ACTIONABLE_EXPLICIT_NO; PARTIAL_TARGET_QUALITY_FAIL; ROOM_OK_FALSE; structural_tp_too_close; support_too_close,True,False,location_ok_true_but_SHORT_ENTRY_INSIDE_SUPPORT; room_rr_badge_ok_but_room_ok_false; room_rr_badge_ok_but_structural_tp_too_close; suggested_levels_displayed_while_canonical_trade_false
2026-07-08T18:57:29.817471+00:00,Nat Gas,SHORT,3.191,3.0995078035363277,3.2019812715128135,3.1070187284871866,3.200492196463672,True,True,True,False,True,OK,FAIL,OK,FAIL,True,True,False,True,False,False,False,REJECT_ENTRY_LOCATION,SHORT_ENTRY_INSIDE_SUPPORT,ACTIONABILITY_CONFLICT_ENGINE_B_NO_AI_TRUE; ENGINE_B_ACTIONABLE_EXPLICIT_NO; PARTIAL_TARGET_QUALITY_FAIL; ROOM_OK_FALSE; SHORT_TP1_INSIDE_SUPPORT; structural_tp_too_close; support_too_close,True,False,location_ok_true_but_SHORT_ENTRY_INSIDE_SUPPORT; room_rr_badge_ok_but_room_ok_false; room_rr_badge_ok_but_structural_tp_too_close; suggested_levels_displayed_while_canonical_trade_false
2026-07-08T18:57:30.273813+00:00,MSFT,LONG,383.43,373.23702745666225,385.72513410401064,375.08486589598937,388.69297254333776,True,True,True,False,True,OK,FAIL,OK,FAIL,True,True,False,True,False,False,False,REJECT_ENTRY_LOCATION,LONG_ENTRY_INSIDE_RESISTANCE,ACTIONABILITY_CONFLICT_ENGINE_B_NO_AI_TRUE; ENGINE_B_ACTIONABLE_EXPLICIT_NO; LEARNING_CONTEXT_NEGATIVE; PARTIAL_TARGET_QUALITY_FAIL; ROOM_OK_FALSE; resistance_too_close; structural_tp_too_close,True,False,location_ok_true_but_LONG_ENTRY_INSIDE_RESISTANCE; room_rr_badge_ok_but_room_ok_false; room_rr_badge_ok_but_structural_tp_too_close; suggested_levels_displayed_while_canonical_trade_false
2026-07-08T18:57:32.793082+00:00,AMD,LONG,511.5,483.53008156535344,534.3178042431517,517.6321957568482,557.8199184346465,True,True,False,False,True,OK,FAIL,FAIL,FAIL,True,True,False,False,False,False,False,REJECT_NO_TRIGGER,TRIGGER_NOT_OK,ACTIONABILITY_CONFLICT_ENGINE_B_NO_AI_TRUE; ENGINE_B_ACTIONABLE_EXPLICIT_NO; LEARNING_CONTEXT_NEGATIVE; LONG_TP1_INSIDE_RESISTANCE; PARTIAL_TARGET_QUALITY_FAIL; ROOM_OK_FALSE; resistance_too_close; structural_tp_too_close,True,False,location_ok_true_but_canonical_location_false; room_rr_badge_ok_but_room_ok_false; room_rr_badge_ok_but_structural_tp_too_close; suggested_levels_displayed_while_canonical_trade_false
2026-07-08T18:57:33.437231+00:00,CRM,LONG,166.41,161.55568771978105,169.01434947252554,179.42565052747446,186.10431228021895,True,True,True,True,True,OK,OK,OK,OK,True,True,True,True,True,True,False,REJECT_CONFLICT,ACTIONABILITY_CONFLICT_ENGINE_B_NO_AI_TRUE,ENGINE_B_ACTIONABLE_EXPLICIT_NO; LEARNING_CONTEXT_NEGATIVE,True,False,suggested_levels_displayed_while_canonical_trade_false
2026-07-08T18:57:33.920144+00:00,XOM,LONG,140.5,133.88852450394916,138.38754119052197,150.22245880947804,154.37147549605083,True,True,True,True,True,OK,OK,OK,OK,True,True,True,True,True,True,False,REJECT_CONFLICT,ACTIONABILITY_CONFLICT_ENGINE_B_NO_AI_TRUE,ENGINE_B_ACTIONABLE_EXPLICIT_NO; LEARNING_CONTEXT_NEGATIVE,True,False,suggested_levels_displayed_while_canonical_trade_false
2026-07-08T18:57:33.989017+00:00,V,LONG,347.45,340.58653806801556,352.5383086367626,343.8916913632374,354.5334619319844,True,True,False,False,True,OK,FAIL,FAIL,FAIL,True,True,False,False,False,False,False,REJECT_NO_TRIGGER,TRIGGER_NOT_OK,ACTIONABILITY_CONFLICT_ENGINE_B_NO_AI_TRUE; ENGINE_B_ACTIONABLE_EXPLICIT_NO; LEARNING_CONTEXT_NEGATIVE; LONG_ENTRY_INSIDE_RESISTANCE; LONG_TP1_INSIDE_RESISTANCE; PARTIAL_TARGET_QUALITY_FAIL; ROOM_OK_FALSE; resistance_too_close; structural_tp_too_close,True,False,location_ok_true_but_LONG_ENTRY_INSIDE_RESISTANCE; room_rr_badge_ok_but_room_ok_false; room_rr_badge_ok_but_structural_tp_too_close; suggested_levels_displayed_while_canonical_trade_false
2026-07-08T18:57:35.473911+00:00,QQQ,LONG,708.58,697.6965244068837,715.1503414234793,709.6796585765208,727.1334755931164,True,True,False,False,True,OK,FAIL,FAIL,FAIL,True,True,False,False,False,False,False,REJECT_NO_TRIGGER,TRIGGER_NOT_OK,ACTIONABILITY_CONFLICT_ENGINE_B_NO_AI_TRUE; ENGINE_B_ACTIONABLE_EXPLICIT_NO; LONG_TP1_INSIDE_RESISTANCE; PARTIAL_TARGET_QUALITY_FAIL; ROOM_OK_FALSE; resistance_too_close; structural_tp_too_close,True,False,location_ok_true_but_canonical_location_false; room_rr_badge_ok_but_room_ok_false; room_rr_badge_ok_but_structural_tp_too_close; suggested_levels_displayed_while_canonical_trade_false
2026-07-08T18:57:35.661546+00:00,PYPL,LONG,44.23,42.45369557826198,44.391130612171246,43.65886938782875,45.17630442173802,True,True,True,False,True,OK,FAIL,OK,FAIL,True,True,False,True,False,False,False,REJECT_ENTRY_LOCATION,LONG_ENTRY_INSIDE_RESISTANCE,ACTIONABILITY_CONFLICT_ENGINE_B_NO_AI_TRUE; ENGINE_B_ACTIONABLE_EXPLICIT_NO; LEARNING_CONTEXT_NEGATIVE; PARTIAL_TARGET_QUALITY_FAIL; ROOM_OK_FALSE; resistance_too_close; structural_tp_too_close,True,False,location_ok_true_but_LONG_ENTRY_INSIDE_RESISTANCE; room_rr_badge_ok_but_room_ok_false; room_rr_badge_ok_but_structural_tp_too_close; suggested_levels_displayed_while_canonical_trade_false
2026-07-08T18:57:36.033844+00:00,TLT,LONG,84.32,84.06945339398168,84.59182202006106,85.54817797993894,86.07054660601833,True,True,True,True,True,OK,OK,OK,OK,True,True,True,True,True,True,False,REJECT_CONFLICT,ACTIONABILITY_CONFLICT_ENGINE_B_NO_AI_TRUE,ENGINE_B_ACTIONABLE_EXPLICIT_NO,True,False,suggested_levels_displayed_while_canonical_trade_false
2026-07-08T18:57:36.939949+00:00,EEM,SHORT,65.82,64.22298815191952,66.34082843539318,66.08917156460683,68.34701184808048,True,True,True,False,True,OK,FAIL,OK,FAIL,True,True,False,True,False,False,False,REJECT_ENTRY_LOCATION,SHORT_ENTRY_INSIDE_SUPPORT,ACTIONABILITY_CONFLICT_ENGINE_B_NO_AI_TRUE; ENGINE_B_ACTIONABLE_EXPLICIT_NO; PARTIAL_TARGET_QUALITY_FAIL; ROOM_OK_FALSE; SHORT_TP1_INSIDE_SUPPORT; structural_tp_too_close; support_too_close,True,False,location_ok_true_but_SHORT_ENTRY_INSIDE_SUPPORT; room_rr_badge_ok_but_room_ok_false; room_rr_badge_ok_but_structural_tp_too_close; suggested_levels_displayed_while_canonical_trade_false
2026-07-08T18:57:38.181933+00:00,SOXX,SHORT,559.82,510.99478184803655,549.2285235647124,591.4514764352876,629.6852181519636,True,True,True,True,True,OK,OK,OK,FAIL,True,True,True,True,False,True,False,REJECT_STRUCTURAL_TP,structural_tp_too_close,ACTIONABILITY_CONFLICT_ENGINE_B_NO_AI_TRUE; ENGINE_B_ACTIONABLE_EXPLICIT_NO,True,False,room_rr_badge_ok_but_structural_tp_too_close; suggested_levels_displayed_while_canonical_trade_false
2026-07-08T18:57:42.252988+00:00,XRP/USDT,SHORT,1.086,1.0775256114961727,1.110758532409185,1.0532414675908148,1.0864743885038273,True,True,True,False,True,OK,FAIL,OK,FAIL,True,True,False,True,False,False,False,REJECT_ENTRY_LOCATION,SHORT_ENTRY_INSIDE_SUPPORT,ACTIONABILITY_CONFLICT_ENGINE_B_NO_AI_TRUE; ENGINE_B_ACTIONABLE_EXPLICIT_NO; LEARNING_CONTEXT_NEGATIVE; PARTIAL_TARGET_QUALITY_FAIL; ROOM_OK_FALSE; structural_tp_too_close; support_too_close,True,False,location_ok_true_but_SHORT_ENTRY_INSIDE_SUPPORT; room_rr_badge_ok_but_room_ok_false; room_rr_badge_ok_but_structural_tp_too_close; suggested_levels_displayed_while_canonical_trade_false
2026-07-08T18:57:46.120152+00:00,AVAX/USDT,SHORT,6.429,6.252818696071497,6.435604346428344,6.398395653571655,6.581181303928503,True,True,True,False,True,OK,FAIL,OK,FAIL,True,True,False,True,False,False,False,REJECT_ENTRY_LOCATION,SHORT_ENTRY_INSIDE_SUPPORT,ACTIONABILITY_CONFLICT_ENGINE_B_NO_AI_TRUE; ENGINE_B_ACTIONABLE_EXPLICIT_NO; LEARNING_CONTEXT_NEGATIVE; PARTIAL_TARGET_QUALITY_FAIL; ROOM_OK_FALSE; structural_tp_too_close; support_too_close,True,False,location_ok_true_but_SHORT_ENTRY_INSIDE_SUPPORT; room_rr_badge_ok_but_room_ok_false; room_rr_badge_ok_but_structural_tp_too_close; suggested_levels_displayed_while_canonical_trade_false
2026-07-08T18:57:47.205309+00:00,LINK/USDT,SHORT,7.608,7.401388594966024,7.6516673720815405,7.943332627918458,8.245611405033976,True,True,True,False,True,OK,FAIL,OK,FAIL,True,True,False,True,False,False,False,REJECT_ENTRY_LOCATION,SHORT_ENTRY_INSIDE_SUPPORT,ACTIONABILITY_CONFLICT_ENGINE_B_NO_AI_TRUE; ENGINE_B_ACTIONABLE_EXPLICIT_NO; LEARNING_CONTEXT_NEGATIVE; PARTIAL_TARGET_QUALITY_FAIL; ROOM_OK_FALSE; structural_tp_too_close; support_too_close,True,False,location_ok_true_but_SHORT_ENTRY_INSIDE_SUPPORT; room_rr_badge_ok_but_room_ok_false; room_rr_badge_ok_but_structural_tp_too_close; suggested_levels_displayed_while_canonical_trade_false
2026-07-08T18:57:50.194222+00:00,INJ/USDT,LONG,4.641,4.351525139497367,4.644139665206318,4.703860334793682,4.943474860502633,True,True,False,True,True,OK,OK,FAIL,FAIL,True,True,True,False,False,False,False,REJECT_NO_TRIGGER,TRIGGER_NOT_OK,ACTIONABILITY_CONFLICT_ENGINE_B_NO_AI_TRUE; ENGINE_B_ACTIONABLE_EXPLICIT_NO; LEARNING_CONTEXT_NEGATIVE; LONG_TP1_INSIDE_RESISTANCE; PARTIAL_TARGET_QUALITY_FAIL; structural_tp_too_close,True,False,room_rr_badge_ok_but_structural_tp_too_close; suggested_levels_displayed_while_canonical_trade_false
2026-07-08T18:57:50.241606+00:00,NEAR/USDT,LONG,1.872,1.7830954058191135,1.8973910260341276,1.8680089739658725,1.9741045941808866,True,True,False,False,True,OK,FAIL,FAIL,FAIL,True,True,False,False,False,True,False,REJECT_NO_TRIGGER,TRIGGER_NOT_OK,ACTIONABILITY_CONFLICT_ENGINE_B_NO_AI_TRUE; ENGINE_B_ACTIONABLE_EXPLICIT_NO; LEARNING_CONTEXT_NEGATIVE; LONG_ENTRY_INSIDE_RESISTANCE; ROOM_OK_FALSE; resistance_too_close; structural_tp_too_close,True,False,location_ok_true_but_LONG_ENTRY_INSIDE_RESISTANCE; room_rr_badge_ok_but_room_ok_false; room_rr_badge_ok_but_structural_tp_too_close; suggested_levels_displayed_while_canonical_trade_false
2026-07-08T18:57:51.590541+00:00,RENDER/USDT,SHORT,1.5276,1.5060399196312624,1.56370419288497,1.50179580711503,1.5674600803687375,True,True,True,False,True,OK,FAIL,OK,FAIL,True,True,False,True,False,False,False,REJECT_ENTRY_LOCATION,SHORT_ENTRY_INSIDE_SUPPORT,ACTIONABILITY_CONFLICT_ENGINE_B_NO_AI_TRUE; ENGINE_B_ACTIONABLE_EXPLICIT_NO; LEARNING_CONTEXT_NEGATIVE; PARTIAL_TARGET_QUALITY_FAIL; ROOM_OK_FALSE; structural_tp_too_close; support_too_close,True,False,location_ok_true_but_SHORT_ENTRY_INSIDE_SUPPORT; room_rr_badge_ok_but_room_ok_false; room_rr_badge_ok_but_structural_tp_too_close; suggested_levels_displayed_while_canonical_trade_false
2026-07-08T18:57:52.518187+00:00,ATOM/USDT,LONG,1.5561,1.5245798567106625,1.5794283438944097,1.5772716561055902,1.6256201432893373,True,True,False,True,True,OK,OK,FAIL,FAIL,True,True,True,False,False,False,False,REJECT_NO_TRIGGER,TRIGGER_NOT_OK,ACTIONABILITY_CONFLICT_ENGINE_B_NO_AI_TRUE; ENGINE_B_ACTIONABLE_EXPLICIT_NO; LEARNING_CONTEXT_NEGATIVE; LONG_TP1_INSIDE_RESISTANCE; PARTIAL_TARGET_QUALITY_FAIL; structural_tp_too_close,True,False,room_rr_badge_ok_but_structural_tp_too_close; suggested_levels_displayed_while_canonical_trade_false
2026-07-08T18:57:52.857936+00:00,BCH/USDT,LONG,234.0,226.96589045741777,237.28186290219733,223.71813709780267,234.03410954258223,True,True,False,False,True,OK,FAIL,FAIL,FAIL,True,True,False,False,False,False,False,REJECT_NO_TRIGGER,TRIGGER_NOT_OK,ACTIONABILITY_CONFLICT_ENGINE_B_NO_AI_TRUE; ENGINE_B_ACTIONABLE_EXPLICIT_NO; LEARNING_CONTEXT_NEGATIVE; LONG_ENTRY_INSIDE_RESISTANCE; PARTIAL_TARGET_QUALITY_FAIL; ROOM_OK_FALSE; resistance_too_close; structural_tp_too_close,True,False,location_ok_true_but_LONG_ENTRY_INSIDE_RESISTANCE; room_rr_badge_ok_but_room_ok_false; room_rr_badge_ok_but_structural_tp_too_close; suggested_levels_displayed_while_canonical_trade_false
2026-07-08T18:57:55.502320+00:00,ICP/USDT,LONG,2.177,2.0857521209162093,2.1889949098010972,2.173005090198903,2.262247879083791,True,True,False,False,True,OK,FAIL,FAIL,FAIL,True,True,False,False,False,False,False,REJECT_NO_TRIGGER,TRIGGER_NOT_OK,ACTIONABILITY_CONFLICT_ENGINE_B_NO_AI_TRUE; ENGINE_B_ACTIONABLE_EXPLICIT_NO; LEARNING_CONTEXT_NEGATIVE; LONG_ENTRY_INSIDE_RESISTANCE; LONG_TP1_INSIDE_RESISTANCE; PARTIAL_TARGET_QUALITY_FAIL; ROOM_OK_FALSE; resistance_too_close; structural_tp_too_close,True,False,location_ok_true_but_LONG_ENTRY_INSIDE_RESISTANCE; room_rr_badge_ok_but_room_ok_false; room_rr_badge_ok_but_structural_tp_too_close; suggested_levels_displayed_while_canonical_trade_false
2026-07-08T18:57:55.681606+00:00,HBAR/USDT,SHORT,0.06934,0.06784910115649324,0.0696296628116892,0.0735303371883108,0.07531089884350675,True,True,True,False,True,OK,FAIL,OK,FAIL,True,True,False,True,False,True,False,REJECT_ENTRY_LOCATION,SHORT_ENTRY_INSIDE_SUPPORT,ACTIONABILITY_CONFLICT_ENGINE_B_NO_AI_TRUE; ENGINE_B_ACTIONABLE_EXPLICIT_NO; LEARNING_CONTEXT_NEGATIVE; ROOM_OK_FALSE; structural_tp_too_close; support_too_close,True,False,location_ok_true_but_SHORT_ENTRY_INSIDE_SUPPORT; room_rr_badge_ok_but_room_ok_false; room_rr_badge_ok_but_structural_tp_too_close; suggested_levels_displayed_while_canonical_trade_false
2026-07-08T18:57:58.078468+00:00,OP/USDT,SHORT,0.09864,0.09683549525246922,0.10094834915843597,0.09823165084156403,0.10154450474753078,True,True,True,False,True,OK,FAIL,OK,FAIL,True,True,False,True,False,False,False,REJECT_ENTRY_LOCATION,SHORT_ENTRY_INSIDE_SUPPORT,ACTIONABILITY_CONFLICT_ENGINE_B_NO_AI_TRUE; ENGINE_B_ACTIONABLE_EXPLICIT_NO; LEARNING_CONTEXT_NEGATIVE; PARTIAL_TARGET_QUALITY_FAIL; ROOM_OK_FALSE; structural_tp_too_close; support_too_close,True,False,location_ok_true_but_SHORT_ENTRY_INSIDE_SUPPORT; room_rr_badge_ok_but_room_ok_false; room_rr_badge_ok_but_structural_tp_too_close; suggested_levels_displayed_while_canonical_trade_false
2026-07-08T18:57:59.061009+00:00,SEI/USDT,SHORT,0.04679,0.04499433385349751,0.04695159875160597,0.04938840124839403,0.05139566614650248,True,True,True,False,True,OK,FAIL,OK,FAIL,True,True,False,True,False,False,False,REJECT_ENTRY_LOCATION,SHORT_ENTRY_INSIDE_SUPPORT,ACTIONABILITY_CONFLICT_ENGINE_B_NO_AI_TRUE; ENGINE_B_ACTIONABLE_EXPLICIT_NO; LEARNING_CONTEXT_NEGATIVE; PARTIAL_TARGET_QUALITY_FAIL; ROOM_OK_FALSE; SHORT_TP1_INSIDE_SUPPORT; structural_tp_too_close; support_too_close,True,False,location_ok_true_but_SHORT_ENTRY_INSIDE_SUPPORT; room_rr_badge_ok_but_room_ok_false; room_rr_badge_ok_but_structural_tp_too_close; suggested_levels_displayed_while_canonical_trade_false
2026-07-08T19:43:00.069345+00:00,AUD/USD,LONG,0.69361,0.6929275184489826,0.6966099557224418,0.6908000442775583,0.6939024815510174,True,True,True,False,True,OK,OK,OK,OK,True,True,True,True,True,True,False,REJECT_LEARNING_CONTEXT,LEARNING_CONTEXT_NEGATIVE,,True,False,suggested_levels_displayed_while_canonical_trade_false
2026-07-08T19:43:00.367922+00:00,EUR/USD,LONG,1.14255,1.1398585431905357,1.1441354963427142,1.141054503657286,1.1446714568094645,True,True,True,False,True,OK,OK,OK,OK,True,True,True,True,True,True,False,REJECT_LEARNING_CONTEXT,LEARNING_CONTEXT_NEGATIVE,,True,False,suggested_levels_displayed_while_canonical_trade_false
2026-07-08T19:43:00.975891+00:00,EUR/AUD,SHORT,1.64718,1.6431611006279805,1.648631358492846,1.6442286415071539,1.6496988993720194,True,True,True,False,True,OK,OK,OK,OK,True,True,True,True,True,True,False,REJECT_LEARNING_CONTEXT,LEARNING_CONTEXT_NEGATIVE,,True,False,suggested_levels_displayed_while_canonical_trade_false
2026-07-08T19:43:01.009720+00:00,AUD/JPY,LONG,112.695,112.22400967815952,112.81177677241718,112.28722322758283,112.76999032184048,True,True,True,False,True,OK,OK,OK,OK,True,True,True,True,True,True,False,REJECT_LEARNING_CONTEXT,LEARNING_CONTEXT_NEGATIVE,,True,False,suggested_levels_displayed_while_canonical_trade_false
2026-07-08T19:43:01.200307+00:00,GBP/AUD,SHORT,1.93177,1.9187433805543288,1.925599886669611,1.927960113330389,1.934816619445671,True,True,True,True,True,OK,OK,OK,OK,True,True,True,True,True,True,False,REJECT_LEARNING_CONTEXT,LEARNING_CONTEXT_NEGATIVE,,True,False,suggested_levels_displayed_while_canonical_trade_false
2026-07-08T19:43:01.588258+00:00,USD/MXN,SHORT,17.56193,17.50767911945078,17.573852935164073,17.48390706483593,17.56299088054922,True,True,False,False,True,OK,OK,OK,OK,True,True,True,True,True,True,False,REJECT_LEARNING_CONTEXT,LEARNING_CONTEXT_NEGATIVE,,True,False,suggested_levels_displayed_while_canonical_trade_false
2026-07-08T19:43:01.824940+00:00,USD/ZAR,SHORT,16.38614,16.269153135505235,16.389206474787436,16.299093525212562,16.418566864494764,True,True,False,False,True,OK,OK,OK,OK,True,True,True,True,True,True,False,REJECT_LEARNING_CONTEXT,LEARNING_CONTEXT_NEGATIVE,,True,False,suggested_levels_displayed_while_canonical_trade_false
2026-07-08T19:43:03.214526+00:00,XAG/USD,LONG,58.513,55.855336056316396,58.04559346484066,58.98640653515934,61.028663943683604,True,True,True,False,True,OK,OK,OK,OK,True,True,True,True,True,True,True,ACTIONABLE,,,False,True,
2026-07-08T19:43:03.494902+00:00,XPD/USD,LONG,1224.42,1179.4916877548915,1218.5519493882603,1220.8580506117398,1259.9183122451086,True,True,True,False,True,OK,OK,OK,OK,True,True,True,True,True,True,True,ACTIONABLE,,,False,True,
2026-07-08T19:43:04.398464+00:00,Corn,SHORT,4.3721,4.3140043043134595,4.382418985621803,4.351781014378197,4.404195695686541,True,True,True,False,True,OK,OK,OK,OK,True,True,True,True,True,True,True,ACTIONABLE,,,False,True,
2026-07-08T19:43:04.585570+00:00,Soybeans,SHORT,1189.3,1174.5688755795065,1187.7370814016451,1187.462918598355,1197.1311244204935,True,True,True,False,True,OK,OK,OK,OK,True,True,True,True,True,True,True,ACTIONABLE,,,False,True,
2026-07-08T19:43:04.946675+00:00,Wheat,SHORT,608.9,605.5784586746313,613.4718044178957,600.5281955821043,609.8215413253687,True,True,True,False,True,OK,OK,OK,OK,True,True,True,True,True,True,True,ACTIONABLE,,,False,True,
2026-07-08T19:43:05.089676+00:00,NASDAQ-100,LONG,29172.3,28811.49946968568,29248.53510104773,29444.06489895227,29901.30053031432,True,True,True,True,True,OK,OK,OK,OK,True,True,True,True,True,True,True,ACTIONABLE,,,False,True,
2026-07-08T19:43:05.648139+00:00,DAX 40,LONG,25031.3,24818.714611239335,25033.584629202218,24852.71537079778,25148.785388760665,True,True,True,False,True,OK,OK,OK,OK,True,True,True,True,True,True,True,ACTIONABLE,,,False,True,
2026-07-08T19:43:05.793392+00:00,UK100,LONG,10480.1,10396.552805390334,10480.823982032218,10386.576017967782,10502.147194609666,True,True,True,False,True,OK,OK,OK,OK,True,True,True,True,True,True,True,ACTIONABLE,,,False,True,
2026-07-08T19:43:05.938960+00:00,ASX 200,LONG,8727.7,8638.62201885244,8735.726603825202,8642.373396174797,8740.777981147561,True,True,True,False,True,OK,OK,OK,OK,True,True,True,True,True,True,True,ACTIONABLE,,,False,True,
2026-07-08T19:43:07.335929+00:00,Nat Gas,SHORT,3.198,3.0995078035363277,3.2019812715128135,3.1070187284871866,3.200492196463672,True,True,False,False,True,OK,OK,OK,OK,True,True,True,True,True,True,True,ACTIONABLE,,,False,True,
2026-07-08T19:43:08.508645+00:00,AMZN,LONG,242.5,236.1156722601272,244.1883865756947,236.67161342430532,244.8643277398728,True,True,True,False,True,OK,OK,OK,OK,True,True,True,True,True,True,False,REJECT_LEARNING_CONTEXT,LEARNING_CONTEXT_NEGATIVE,,True,False,suggested_levels_displayed_while_canonical_trade_false
2026-07-08T19:43:09.454777+00:00,AMD,LONG,514.54,483.5072244224963,534.3726613860089,517.5773386139911,557.8427755775037,True,True,True,False,True,OK,OK,OK,OK,True,True,True,True,True,True,False,REJECT_LEARNING_CONTEXT,LEARNING_CONTEXT_NEGATIVE,,True,False,suggested_levels_displayed_while_canonical_trade_false
2026-07-08T19:43:10.044654+00:00,JPM,SHORT,331.74,322.6546485165899,329.48450494470046,326.19549505529955,332.02535148341013,True,True,True,False,True,OK,OK,OK,OK,True,True,True,True,True,True,False,REJECT_LEARNING_CONTEXT,LEARNING_CONTEXT_NEGATIVE,,True,False,suggested_levels_displayed_while_canonical_trade_false
2026-07-08T19:43:10.588361+00:00,V,LONG,348.74,340.58653806801556,352.5383086367626,343.8916913632374,354.5334619319844,True,True,True,False,True,OK,OK,OK,OK,True,True,True,True,True,True,False,REJECT_LEARNING_CONTEXT,LEARNING_CONTEXT_NEGATIVE,,True,False,suggested_levels_displayed_while_canonical_trade_false
2026-07-08T19:43:10.627043+00:00,XOM,LONG,141.16,140.9170959325206,144.53096976195053,150.21903023804947,154.3729040674794,True,True,True,True,True,OK,OK,OK,OK,True,True,True,True,True,True,False,REJECT_LEARNING_CONTEXT,LEARNING_CONTEXT_NEGATIVE,,True,False,suggested_levels_displayed_while_canonical_trade_false
2026-07-08T19:43:11.610333+00:00,QQQ,LONG,709.87,697.6965244068837,715.1503414234793,709.6796585765208,727.1334755931164,True,True,True,False,True,OK,OK,OK,OK,True,True,True,True,True,True,True,ACTIONABLE,,,False,True,
2026-07-08T19:43:11.834352+00:00,PYPL,LONG,44.29,42.4454812925477,44.41084489788553,43.639155102114465,45.1845187074523,True,True,True,False,True,OK,OK,OK,OK,True,True,True,True,True,True,False,REJECT_LEARNING_CONTEXT,LEARNING_CONTEXT_NEGATIVE,,True,False,suggested_levels_displayed_while_canonical_trade_false
2026-07-08T19:43:11.972590+00:00,UBER,LONG,73.37,70.74080985080604,73.96805635806551,71.4919436419345,75.11919014919395,True,True,True,False,True,OK,OK,OK,OK,True,True,True,True,True,True,False,REJECT_LEARNING_CONTEXT,LEARNING_CONTEXT_NEGATIVE,,True,False,suggested_levels_displayed_while_canonical_trade_false
2026-07-08T19:43:12.244891+00:00,TLT,LONG,84.4,84.06945339398168,84.59182202006106,85.54817797993894,86.07054660601833,True,True,True,True,True,OK,OK,OK,OK,True,True,True,True,True,True,True,ACTIONABLE,,,False,True,
2026-07-08T19:43:12.437670+00:00,IWM,LONG,293.42,287.1374381529697,293.1981484328728,288.5818515671272,294.6425618470303,True,True,True,False,True,OK,OK,OK,OK,True,True,True,True,True,True,True,ACTIONABLE,,,False,True,
2026-07-08T19:43:17.923927+00:00,SOL/USDT,LONG,77.11,74.75244053986471,77.3281427043247,74.2418572956753,77.21755946013529,True,True,True,False,True,OK,OK,OK,OK,True,True,True,True,True,True,False,REJECT_LEARNING_CONTEXT,LEARNING_CONTEXT_NEGATIVE,,True,False,suggested_levels_displayed_while_canonical_trade_false
2026-07-08T19:43:23.740643+00:00,LTC/USDT,LONG,43.53,42.592494655259664,43.876012827376805,42.50398717262319,43.78750534474033,True,True,False,False,True,OK,OK,OK,OK,True,True,True,True,True,True,False,REJECT_LEARNING_CONTEXT,LEARNING_CONTEXT_NEGATIVE,,True,False,suggested_levels_displayed_while_canonical_trade_false
2026-07-08T19:43:24.551423+00:00,NEAR/USDT,LONG,1.881,1.7830954058191135,1.8973910260341276,1.8680089739658725,1.9741045941808866,True,True,True,False,True,OK,OK,OK,OK,True,True,True,True,True,True,False,REJECT_LEARNING_CONTEXT,LEARNING_CONTEXT_NEGATIVE,,True,False,suggested_levels_displayed_while_canonical_trade_false
2026-07-08T19:43:25.178055+00:00,INJ/USDT,LONG,4.621,4.351525139497367,4.644139665206318,4.703860334793682,4.943474860502633,True,True,False,True,True,OK,OK,OK,OK,True,True,True,True,True,True,False,REJECT_LEARNING_CONTEXT,LEARNING_CONTEXT_NEGATIVE,,True,False,suggested_levels_displayed_while_canonical_trade_false
2026-07-08T19:43:25.179358+00:00,APT/USDT,LONG,0.6207,0.5920553828116772,0.6288070812519746,0.6296929187480254,0.6604446171883227,True,True,True,True,True,OK,OK,OK,OK,True,True,True,True,True,True,False,REJECT_LEARNING_CONTEXT,LEARNING_CONTEXT_NEGATIVE,,True,False,suggested_levels_displayed_while_canonical_trade_false
2026-07-08T19:43:27.216082+00:00,ATOM/USDT,LONG,1.5564,1.5245798567106625,1.5794283438944097,1.5772716561055902,1.6256201432893373,True,True,True,True,True,OK,OK,OK,OK,True,True,True,True,True,True,False,REJECT_LEARNING_CONTEXT,LEARNING_CONTEXT_NEGATIVE,,True,False,suggested_levels_displayed_while_canonical_trade_false
2026-07-08T19:43:28.037112+00:00,BCH/USDT,LONG,233.8,226.96589045741777,237.28186290219733,223.71813709780267,234.03410954258223,True,True,False,False,True,OK,OK,OK,OK,True,True,True,True,True,True,False,REJECT_LEARNING_CONTEXT,LEARNING_CONTEXT_NEGATIVE,,True,False,suggested_levels_displayed_while_canonical_trade_false
2026-07-08T19:43:28.852523+00:00,TRX/USDT,LONG,0.33024,0.32750459793353703,0.33075296495951106,0.3262570350404889,0.33040540206646296,True,True,True,False,True,OK,OK,OK,OK,True,True,True,True,True,True,False,REJECT_LEARNING_CONTEXT,LEARNING_CONTEXT_NEGATIVE,,True,False,suggested_levels_displayed_while_canonical_trade_false
2026-07-08T19:43:30.227264+00:00,FIL/USDT,LONG,0.7666,0.7428995772017837,0.7805810147157193,0.7765189852842806,0.8148004227982164,True,True,True,True,True,OK,OK,OK,OK,True,True,True,True,True,True,False,REJECT_LEARNING_CONTEXT,LEARNING_CONTEXT_NEGATIVE,,True,False,suggested_levels_displayed_while_canonical_trade_false
2026-07-08T19:43:30.678439+00:00,ICP/USDT,LONG,2.195,2.1187521209162092,2.2079949098010974,2.173005090198903,2.262247879083791,True,True,True,False,True,OK,OK,OK,OK,True,True,True,True,True,True,False,REJECT_LEARNING_CONTEXT,LEARNING_CONTEXT_NEGATIVE,,True,False,suggested_levels_displayed_while_canonical_trade_false
2026-07-08T19:43:31.860880+00:00,ARB/USDT,LONG,0.07632,0.07292413464828486,0.0764800768441163,0.0795599231558837,0.08311586535171514,True,True,True,True,True,OK,OK,OK,OK,True,True,True,True,True,True,False,REJECT_LEARNING_CONTEXT,LEARNING_CONTEXT_NEGATIVE,,True,False,suggested_levels_displayed_while_canonical_trade_false
2026-07-08T19:43:32.049452+00:00,HBAR/USDT,SHORT,0.06939,0.06784910115649324,0.0696296628116892,0.0735303371883108,0.07531089884350675,True,True,True,False,True,OK,OK,OK,OK,True,True,True,True,True,True,False,REJECT_LEARNING_CONTEXT,LEARNING_CONTEXT_NEGATIVE,,True,False,suggested_levels_displayed_while_canonical_trade_false
2026-07-09T06:10:20.429817+00:00,USD/CAD,SHORT,1.41608,1.4139220901540128,1.4176209836303697,1.4212590163696304,1.4258979098459872,True,True,True,False,True,OK,OK,OK,OK,True,True,True,True,True,True,False,REJECT_LEARNING_CONTEXT,LEARNING_CONTEXT_NEGATIVE,,True,False,suggested_levels_displayed_while_canonical_trade_false
2026-07-09T06:10:21.042424+00:00,NZD/USD,LONG,0.57274,0.5702083788197562,0.5732058908325851,0.5705941091674149,0.5735916211802439,True,True,True,False,True,OK,OK,OK,OK,True,True,True,True,True,True,False,REJECT_LEARNING_CONTEXT,LEARNING_CONTEXT_NEGATIVE,,True,False,suggested_levels_displayed_while_canonical_trade_false
2026-07-09T06:10:21.096488+00:00,GBP/JPY,LONG,217.677,216.15849326285937,216.67202245713543,,,True,True,True,True,True,OK,OK,OK,OK,True,True,True,True,True,True,False,REJECT_LEARNING_CONTEXT,LEARNING_CONTEXT_NEGATIVE,,True,False,suggested_levels_displayed_while_canonical_trade_false
2026-07-09T06:10:21.122522+00:00,AUD/JPY,LONG,112.659,112.23339204187917,112.80025909948999,112.30974090051001,112.76060795812083,True,True,True,False,True,OK,OK,OK,OK,True,True,True,True,True,True,False,REJECT_LEARNING_CONTEXT,LEARNING_CONTEXT_NEGATIVE,,True,False,suggested_levels_displayed_while_canonical_trade_false
2026-07-09T06:10:22.638934+00:00,USD/INR,SHORT,95.602,95.49110881259543,95.87713884977099,95.46386115022902,95.84089118740458,True,True,True,False,True,OK,OK,OK,OK,True,True,True,True,True,True,False,REJECT_LEARNING_CONTEXT,LEARNING_CONTEXT_NEGATIVE,,True,False,suggested_levels_displayed_while_canonical_trade_false
2026-07-09T06:10:23.927638+00:00,Aluminium,LONG,3140.6,3101.3946198547815,3144.252912348524,3098.647087651476,3151.6553801452187,True,True,True,False,True,OK,OK,OK,OK,True,True,True,True,True,True,True,ACTIONABLE,,,False,True,
2026-07-09T06:10:24.072844+00:00,Lead,LONG,1896.95,1871.8475528814167,1898.7158730845997,1916.0841269154002,1942.9524471185832,True,True,True,True,True,OK,OK,OK,OK,True,True,True,True,True,True,True,ACTIONABLE,,,False,True,
2026-07-09T06:10:24.102425+00:00,XAG/USD,LONG,58.437,56.12479230664587,57.70802564451377,57.860974355486235,59.296207693354134,True,True,True,False,True,OK,OK,OK,OK,True,True,True,True,True,True,True,ACTIONABLE,,,False,True,
2026-07-09T06:10:26.154684+00:00,Corn,LONG,4.3491,4.30737882445133,4.3870308213168085,4.347169178683192,4.41082117554867,True,True,True,False,True,OK,OK,OK,OK,True,True,True,True,True,True,True,ACTIONABLE,,,False,True,
2026-07-09T06:10:26.372983+00:00,Soybeans,LONG,1191.9,1173.2490583382992,1188.822259988082,1186.3777400119181,1198.4509416617009,True,True,True,False,True,OK,OK,OK,OK,True,True,True,True,True,True,True,ACTIONABLE,,,False,True,
2026-07-09T06:10:27.659427+00:00,UK100,LONG,10504.2,10476.986335910207,10575.292793815503,10413.307206184498,10520.713664089792,True,True,True,False,True,OK,OK,OK,OK,True,True,True,True,True,True,True,ACTIONABLE,,,False,True,
2026-07-09T06:10:28.253865+00:00,Hang Seng,LONG,24003.9,23891.72172898963,24175.02757003456,24818.47242996544,25101.77827101037,True,True,True,True,True,OK,OK,OK,OK,True,True,True,True,True,True,True,ACTIONABLE,,,False,True,
2026-07-09T06:10:28.679151+00:00,JPYX,SHORT,667.4,667.248540390566,669.1835030626419,669.3164969373581,670.8514596094341,True,True,True,False,True,OK,OK,OK,OK,True,True,True,True,True,True,True,ACTIONABLE,,,False,True,
2026-07-09T06:10:29.014712+00:00,Nat Gas,LONG,3.205,3.1449065759363384,3.240824217752788,3.1671757822472117,3.272093424063662,True,True,True,False,True,OK,OK,OK,OK,True,True,True,True,True,True,True,ACTIONABLE,,,False,True,
2026-07-09T06:10:31.268375+00:00,JPM,SHORT,330.39,322.6238522486352,329.5871591712159,326.0928408287841,332.0561477513648,True,True,True,False,True,OK,OK,OK,OK,True,True,True,True,True,True,False,REJECT_LEARNING_CONTEXT,LEARNING_CONTEXT_NEGATIVE,,True,False,suggested_levels_displayed_while_canonical_trade_false
2026-07-09T06:10:31.757814+00:00,AMZN,LONG,243.98,235.9980316647524,244.47072400459427,236.50927599540574,244.98196833524761,True,True,True,False,True,OK,OK,OK,OK,True,True,True,True,True,True,False,REJECT_LEARNING_CONTEXT,LEARNING_CONTEXT_NEGATIVE,,True,False,suggested_levels_displayed_while_canonical_trade_false
2026-07-09T06:10:33.467432+00:00,DIS,SHORT,96.77,94.84042359744987,97.69498336612033,95.67501663387968,98.18957640255013,True,True,True,False,True,OK,OK,OK,OK,True,True,True,True,True,True,False,REJECT_LEARNING_CONTEXT,LEARNING_CONTEXT_NEGATIVE,,True,False,suggested_levels_displayed_while_canonical_trade_false
2026-07-09T06:10:33.491657+00:00,AMD,LONG,517.6,482.8716263011499,525.2980968772404,516.0519031227597,558.4783736988502,True,True,True,False,True,OK,OK,OK,OK,True,True,True,True,True,True,False,REJECT_LEARNING_CONTEXT,LEARNING_CONTEXT_NEGATIVE,,True,False,suggested_levels_displayed_while_canonical_trade_false
2026-07-09T06:10:34.527658+00:00,BA,LONG,224.56,219.6454340484189,225.76521983860363,219.38478016139638,227.5445659515811,True,True,True,False,True,OK,OK,OK,OK,True,True,True,True,True,True,False,REJECT_LEARNING_CONTEXT,LEARNING_CONTEXT_NEGATIVE,,True,False,suggested_levels_displayed_while_canonical_trade_false
2026-07-09T06:10:35.324784+00:00,COIN,SHORT,159.41,149.0755713245659,161.0586288210418,159.3813711789582,171.36442867543408,True,True,True,False,True,OK,OK,OK,OK,True,True,True,True,True,True,False,REJECT_LEARNING_CONTEXT,LEARNING_CONTEXT_NEGATIVE,,True,False,suggested_levels_displayed_while_canonical_trade_false
2026-07-09T06:10:35.372686+00:00,PYPL,LONG,44.53,43.92738791210774,45.44204029297419,43.787959707025806,45.01261208789226,True,True,True,False,True,OK,OK,OK,OK,True,True,True,True,True,True,False,REJECT_LEARNING_CONTEXT,LEARNING_CONTEXT_NEGATIVE,,True,False,suggested_levels_displayed_while_canonical_trade_false
2026-07-09T06:10:35.372135+00:00,UBER,LONG,73.66,70.69933368548344,74.06759915483978,71.39240084516022,75.31066631451657,True,True,True,False,True,OK,OK,OK,OK,True,True,True,True,True,True,False,REJECT_LEARNING_CONTEXT,LEARNING_CONTEXT_NEGATIVE,,True,False,suggested_levels_displayed_while_canonical_trade_false
2026-07-09T06:10:35.374008+00:00,INTC,LONG,110.09,96.07433458442362,110.38159699738333,117.57840300261668,128.8856654155764,True,True,True,True,True,OK,OK,OK,OK,True,True,True,True,True,True,False,REJECT_LEARNING_CONTEXT,LEARNING_CONTEXT_NEGATIVE,,True,False,suggested_levels_displayed_while_canonical_trade_false
2026-07-09T06:10:35.639285+00:00,QQQ,LONG,711.97,697.909629806392,714.6388884646593,710.1911115353407,726.920370193608,True,True,True,False,True,OK,OK,OK,OK,True,True,True,True,True,True,True,ACTIONABLE,,,False,True,
2026-07-09T06:10:36.630527+00:00,GDX,LONG,73.56,71.38108950380168,75.01538519087599,76.90461480912401,81.02891049619832,True,True,True,True,True,OK,OK,OK,OK,True,True,True,True,True,True,True,ACTIONABLE,,,False,True,
2026-07-09T06:10:37.045642+00:00,USO,LONG,112.12,109.0287737187096,113.41894307509693,120.92105692490306,126.4112262812904,True,True,True,True,True,OK,OK,OK,OK,True,True,True,True,True,True,True,ACTIONABLE,,,False,True,
2026-07-09T06:10:40.964618+00:00,SOL/USDT,LONG,78.35,75.81568398909722,78.79635842616668,78.74341039345833,79.63658960654166,True,True,True,True,True,OK,OK,OK,OK,True,True,True,True,True,True,False,REJECT_LEARNING_CONTEXT,LEARNING_CONTEXT_NEGATIVE,,True,False,suggested_levels_displayed_while_canonical_trade_false
2026-07-09T06:10:41.337453+00:00,ADA/USDT,LONG,0.1685,0.16371569119212864,0.16928102935957123,0.17001897064042878,0.17698430880787136,True,True,True,True,True,OK,OK,OK,OK,True,True,True,True,True,True,False,REJECT_LEARNING_CONTEXT,LEARNING_CONTEXT_NEGATIVE,,True,False,suggested_levels_displayed_while_canonical_trade_false
2026-07-09T06:10:44.450407+00:00,POL/USDT,LONG,0.0766,0.07402369404531814,0.07635713429123644,0.07789286570876355,0.08032630595468186,True,True,True,True,True,OK,OK,OK,OK,True,True,True,True,True,True,False,REJECT_LEARNING_CONTEXT,LEARNING_CONTEXT_NEGATIVE,,True,False,suggested_levels_displayed_while_canonical_trade_false
2026-07-09T06:10:47.276543+00:00,NEAR/USDT,LONG,1.9294,1.8910314528369505,1.9976645131913184,1.8731354868086816,1.9719685471630495,True,True,True,False,True,OK,OK,OK,OK,True,True,True,True,True,True,False,REJECT_LEARNING_CONTEXT,LEARNING_CONTEXT_NEGATIVE,,True,False,suggested_levels_displayed_while_canonical_trade_false
2026-07-09T06:10:49.884798+00:00,BCH/USDT,LONG,237.2,227.0758605448057,237.01793469246633,227.48206530753367,237.4241394551943,True,True,True,False,True,OK,OK,OK,OK,True,True,True,True,True,True,False,REJECT_LEARNING_CONTEXT,LEARNING_CONTEXT_NEGATIVE,,True,False,suggested_levels_displayed_while_canonical_trade_false
2026-07-09T06:10:51.621954+00:00,TRX/USDT,LONG,0.33108,0.3274807640889143,0.33081016618660564,0.3281098338133943,0.33143923591108565,True,True,True,False,True,OK,OK,OK,OK,True,True,True,True,True,True,False,REJECT_LEARNING_CONTEXT,LEARNING_CONTEXT_NEGATIVE,,True,False,suggested_levels_displayed_while_canonical_trade_false
2026-07-09T06:16:58.420660+00:00,AUD/NZD,LONG,1.2116500000000001,1.2105642226735855,1.213802591088048,1.209567408911952,1.2126457773264143,True,True,True,False,True,OK,OK,OK,OK,True,True,True,True,True,True,False,REJECT_LEARNING_CONTEXT,LEARNING_CONTEXT_NEGATIVE,,True,False,suggested_levels_displayed_while_canonical_trade_false
2026-07-09T06:16:59.286753+00:00,EUR/GBP,SHORT,0.85276,,,0.8638955427870592,0.866152690505392,True,True,True,False,True,OK,OK,OK,OK,True,True,True,True,True,True,False,REJECT_LEARNING_CONTEXT,LEARNING_CONTEXT_NEGATIVE,,True,False,suggested_levels_displayed_while_canonical_trade_false
2026-07-09T06:16:59.977553+00:00,AUD/JPY,LONG,112.652,112.23339204187917,112.80025909948999,112.30974090051001,112.76060795812083,True,True,True,False,True,OK,OK,OK,OK,True,True,True,True,True,True,False,REJECT_LEARNING_CONTEXT,LEARNING_CONTEXT_NEGATIVE,,True,False,suggested_levels_displayed_while_canonical_trade_false
2026-07-09T06:17:01.691285+00:00,USD/INR,SHORT,95.602,95.49110881259543,95.87713884977099,95.46386115022902,95.84089118740458,True,True,True,False,True,OK,OK,OK,OK,True,True,True,True,True,True,False,REJECT_LEARNING_CONTEXT,LEARNING_CONTEXT_NEGATIVE,,True,False,suggested_levels_displayed_while_canonical_trade_false
2026-07-09T06:17:01.742585+00:00,XAG/USD,LONG,58.436,56.12479230664587,57.70802564451377,57.860974355486235,59.296207693354134,True,True,True,False,True,OK,OK,OK,OK,True,True,True,True,True,True,True,ACTIONABLE,,,False,True,
2026-07-09T06:17:02.358510+00:00,Nat Gas,LONG,3.201,3.1449065759363384,3.240824217752788,3.1671757822472117,3.272093424063662,True,True,True,False,True,OK,OK,OK,OK,True,True,True,True,True,True,True,ACTIONABLE,,,False,True,
2026-07-09T06:17:02.531435+00:00,Aluminium,LONG,3140.6,3101.3946198547815,3144.252912348524,3098.647087651476,3151.6553801452187,True,True,True,False,True,OK,OK,OK,OK,True,True,True,True,True,True,True,ACTIONABLE,,,False,True,
2026-07-09T06:17:02.719255+00:00,Lead,LONG,1897.95,1871.8475528814167,1898.7158730845997,1916.0841269154002,1942.9524471185832,True,True,True,True,True,OK,OK,OK,OK,True,True,True,True,True,True,True,ACTIONABLE,,,False,True,
2026-07-09T06:17:04.440939+00:00,Corn,LONG,4.3541,4.30737882445133,4.3870308213168085,4.347169178683192,4.41082117554867,True,True,True,False,True,OK,OK,OK,OK,True,True,True,True,True,True,True,ACTIONABLE,,,False,True,
2026-07-09T06:17:04.754368+00:00,Soybeans,LONG,1192.1,1173.2490583382992,1188.822259988082,1186.3777400119181,1198.4509416617009,True,True,True,False,True,OK,OK,OK,OK,True,True,True,True,True,True,True,ACTIONABLE,,,False,True,
2026-07-09T06:17:06.285438+00:00,UK100,LONG,10513.6,10476.986335910207,10575.292793815503,10413.307206184498,10520.713664089792,True,True,True,False,True,OK,OK,OK,OK,True,True,True,True,True,True,True,ACTIONABLE,,,False,True,
2026-07-09T06:17:07.400198+00:00,JPYX,SHORT,667.5,667.248540390566,669.1835030626419,669.3164969373581,670.8514596094341,True,True,True,False,True,OK,OK,OK,OK,True,True,True,True,True,True,True,ACTIONABLE,,,False,True,
2026-07-09T06:17:08.667180+00:00,AMZN,LONG,243.98,235.9980316647524,244.47072400459427,236.50927599540574,244.98196833524761,True,True,True,False,True,OK,OK,OK,OK,True,True,True,True,True,True,False,REJECT_LEARNING_CONTEXT,LEARNING_CONTEXT_NEGATIVE,,True,False,suggested_levels_displayed_while_canonical_trade_false
2026-07-09T06:17:09.566865+00:00,JPM,SHORT,330.39,322.6238522486352,329.5871591712159,326.0928408287841,332.0561477513648,True,True,True,False,True,OK,OK,OK,OK,True,True,True,True,True,True,False,REJECT_LEARNING_CONTEXT,LEARNING_CONTEXT_NEGATIVE,,True,False,suggested_levels_displayed_while_canonical_trade_false
2026-07-09T06:17:10.425142+00:00,AMD,LONG,517.6,482.8716263011499,525.2980968772404,516.0519031227597,558.4783736988502,True,True,True,False,True,OK,OK,OK,OK,True,True,True,True,True,True,False,REJECT_LEARNING_CONTEXT,LEARNING_CONTEXT_NEGATIVE,,True,False,suggested_levels_displayed_while_canonical_trade_false
2026-07-09T06:17:10.646407+00:00,DIS,SHORT,96.77,94.84042359744987,97.69498336612033,95.67501663387968,98.18957640255013,True,True,True,False,True,OK,OK,OK,OK,True,True,True,True,True,True,False,REJECT_LEARNING_CONTEXT,LEARNING_CONTEXT_NEGATIVE,,True,False,suggested_levels_displayed_while_canonical_trade_false
2026-07-09T06:17:10.827751+00:00,BA,LONG,224.56,219.6454340484189,225.76521983860363,219.38478016139638,227.5445659515811,True,True,True,False,True,OK,OK,OK,OK,True,True,True,True,True,True,False,REJECT_LEARNING_CONTEXT,LEARNING_CONTEXT_NEGATIVE,,True,False,suggested_levels_displayed_while_canonical_trade_false
2026-07-09T06:17:11.148837+00:00,COIN,SHORT,159.41,149.0755713245659,161.0586288210418,159.3813711789582,171.36442867543408,True,True,True,False,True,OK,OK,OK,OK,True,True,True,True,True,True,False,REJECT_LEARNING_CONTEXT,LEARNING_CONTEXT_NEGATIVE,,True,False,suggested_levels_displayed_while_canonical_trade_false
2026-07-09T06:17:11.188367+00:00,PYPL,LONG,44.53,43.92738791210774,45.44204029297419,43.787959707025806,45.01261208789226,True,True,True,False,True,OK,OK,OK,OK,True,True,True,True,True,True,False,REJECT_LEARNING_CONTEXT,LEARNING_CONTEXT_NEGATIVE,,True,False,suggested_levels_displayed_while_canonical_trade_false
2026-07-09T06:17:11.499402+00:00,INTC,LONG,110.09,96.07433458442362,110.38159699738333,117.57840300261668,128.8856654155764,True,True,True,True,True,OK,OK,OK,OK,True,True,True,True,True,True,False,REJECT_LEARNING_CONTEXT,LEARNING_CONTEXT_NEGATIVE,,True,False,suggested_levels_displayed_while_canonical_trade_false
2026-07-09T06:17:11.582699+00:00,UBER,LONG,73.66,70.69933368548344,74.06759915483978,71.39240084516022,75.31066631451657,True,True,True,False,True,OK,OK,OK,OK,True,True,True,True,True,True,False,REJECT_LEARNING_CONTEXT,LEARNING_CONTEXT_NEGATIVE,,True,False,suggested_levels_displayed_while_canonical_trade_false
2026-07-09T06:17:12.250992+00:00,QQQ,LONG,711.97,697.909629806392,714.6388884646593,710.1911115353407,726.920370193608,True,True,True,False,True,OK,OK,OK,OK,True,True,True,True,True,True,True,ACTIONABLE,,,False,True,
2026-07-09T06:17:13.444777+00:00,GDX,LONG,73.56,71.38108950380168,75.01538519087599,76.90461480912401,81.02891049619832,True,True,True,True,True,OK,OK,OK,OK,True,True,True,True,True,True,True,ACTIONABLE,,,False,True,
2026-07-09T06:17:13.849608+00:00,USO,LONG,112.12,109.0287737187096,113.41894307509693,120.92105692490306,126.4112262812904,True,True,True,True,True,OK,OK,OK,OK,True,True,True,True,True,True,True,ACTIONABLE,,,False,True,
2026-07-09T06:17:17.824181+00:00,SOL/USDT,LONG,78.35,75.81568398909722,78.79635842616668,78.74341039345833,79.63658960654166,True,True,True,True,True,OK,OK,OK,OK,True,True,True,True,True,True,False,REJECT_LEARNING_CONTEXT,LEARNING_CONTEXT_NEGATIVE,,True,False,suggested_levels_displayed_while_canonical_trade_false
2026-07-09T06:17:18.137553+00:00,ADA/USDT,LONG,0.1685,0.16371569119212864,0.16928102935957123,0.17001897064042878,0.17698430880787136,True,True,True,True,True,OK,OK,OK,OK,True,True,True,True,True,True,False,REJECT_LEARNING_CONTEXT,LEARNING_CONTEXT_NEGATIVE,,True,False,suggested_levels_displayed_while_canonical_trade_false
2026-07-09T06:17:21.879195+00:00,POL/USDT,LONG,0.0766,0.07402369404531814,0.07635713429123644,0.07789286570876355,0.08032630595468186,True,True,True,True,True,OK,OK,OK,OK,True,True,True,True,True,True,False,REJECT_LEARNING_CONTEXT,LEARNING_CONTEXT_NEGATIVE,,True,False,suggested_levels_displayed_while_canonical_trade_false
2026-07-09T06:17:24.053733+00:00,NEAR/USDT,LONG,1.9294,1.8910314528369505,1.9976645131913184,1.8731354868086816,1.9719685471630495,True,True,True,False,True,OK,OK,OK,OK,True,True,True,True,True,True,False,REJECT_LEARNING_CONTEXT,LEARNING_CONTEXT_NEGATIVE,,True,False,suggested_levels_displayed_while_canonical_trade_false
2026-07-09T06:17:27.080580+00:00,BCH/USDT,LONG,237.2,227.0758605448057,237.01793469246633,227.48206530753367,237.4241394551943,True,True,True,False,True,OK,OK,OK,OK,True,True,True,True,True,True,False,REJECT_LEARNING_CONTEXT,LEARNING_CONTEXT_NEGATIVE,,True,False,suggested_levels_displayed_while_canonical_trade_false
2026-07-09T06:17:27.121950+00:00,TRX/USDT,LONG,0.33108,0.3274807640889143,0.33081016618660564,0.3281098338133943,0.33143923591108565,True,True,True,False,True,OK,OK,OK,OK,True,True,True,True,True,True,False,REJECT_LEARNING_CONTEXT,LEARNING_CONTEXT_NEGATIVE,,True,False,suggested_levels_displayed_while_canonical_trade_false
2026-07-09T07:34:06.589569+00:00,EUR/GBP,SHORT,0.85228,,,0.8638955427870592,0.866152690505392,True,True,True,False,True,OK,OK,OK,OK,True,True,True,True,True,True,False,REJECT_LEARNING_CONTEXT,LEARNING_CONTEXT_NEGATIVE,,True,False,suggested_levels_displayed_while_canonical_trade_false
2026-07-09T07:34:06.914998+00:00,GBP/JPY,LONG,217.887,216.15849326285937,216.67202245713543,,,True,True,True,True,True,OK,OK,OK,OK,True,True,True,True,True,True,False,REJECT_LEARNING_CONTEXT,LEARNING_CONTEXT_NEGATIVE,,True,False,suggested_levels_displayed_while_canonical_trade_false
2026-07-09T07:34:07.231568+00:00,EUR/CHF,LONG,0.92217,0.9212413394784984,0.9231407852516038,0.9203792147483961,0.9222786605215015,True,True,True,False,True,OK,OK,OK,OK,True,True,True,True,True,True,False,REJECT_LEARNING_CONTEXT,LEARNING_CONTEXT_NEGATIVE,,True,False,suggested_levels_displayed_while_canonical_trade_false
2026-07-09T07:34:07.589932+00:00,USD/MXN,LONG,17.543,17.508596182009246,17.570796059969194,17.486963940030808,17.562073817990754,True,True,True,False,True,OK,OK,OK,OK,True,True,True,True,True,True,False,REJECT_LEARNING_CONTEXT,LEARNING_CONTEXT_NEGATIVE,,True,False,suggested_levels_displayed_while_canonical_trade_false
2026-07-09T07:34:07.610124+00:00,USD/SGD,LONG,1.29222,1.2909188043825237,1.2939828694819429,1.2895671305180572,1.2926311956174763,True,True,True,False,True,OK,OK,OK,OK,True,True,True,True,True,True,False,REJECT_LEARNING_CONTEXT,LEARNING_CONTEXT_NEGATIVE,,True,False,suggested_levels_displayed_while_canonical_trade_false
2026-07-09T07:34:08.957783+00:00,Lead,LONG,1904.05,1883.3975528814167,1910.7658730845997,1916.0841269154002,1942.9524471185832,True,True,True,True,True,OK,OK,OK,OK,True,True,True,True,True,True,True,ACTIONABLE,,,False,True,
2026-07-09T07:34:11.518691+00:00,US2000,SHORT,2965.5,2940.245758778497,2966.914137405011,2983.985862594989,3010.654241221503,True,True,True,False,True,OK,OK,OK,OK,True,True,True,True,True,True,True,ACTIONABLE,,,False,True,
2026-07-09T07:34:12.099771+00:00,Nikkei 225,SHORT,67749.8,67175.19940039306,68400.23533202309,67834.3646679769,69059.40059960693,True,True,True,False,True,OK,OK,OK,OK,True,True,True,True,True,True,True,ACTIONABLE,,,False,True,
2026-07-09T07:34:12.406821+00:00,Nat Gas,LONG,3.216,3.1449065759363384,3.240824217752788,3.1671757822472117,3.272093424063662,True,True,True,False,True,OK,OK,OK,OK,True,True,True,True,True,True,True,ACTIONABLE,,,False,True,
2026-07-09T07:34:12.450657+00:00,Hang Seng,LONG,23995.9,23891.72172898963,24175.02757003456,24818.47242996544,25101.77827101037,True,True,True,True,True,OK,OK,OK,OK,True,True,True,True,True,True,True,ACTIONABLE,,,False,True,
2026-07-09T07:34:16.609485+00:00,AMZN,LONG,242.5,236.07602940298437,244.28352943283755,236.57647056716246,244.90397059701564,True,True,True,False,True,OK,OK,OK,OK,True,True,True,True,True,True,False,REJECT_LEARNING_CONTEXT,LEARNING_CONTEXT_NEGATIVE,,True,False,suggested_levels_displayed_while_canonical_trade_false
2026-07-09T07:34:17.732780+00:00,JPM,SHORT,331.74,322.6387913737327,329.5373620875576,326.1426379124424,332.0412086262673,True,True,True,False,True,OK,OK,OK,OK,True,True,True,True,True,True,False,REJECT_LEARNING_CONTEXT,LEARNING_CONTEXT_NEGATIVE,,True,False,suggested_levels_displayed_while_canonical_trade_false
2026-07-09T07:34:17.733404+00:00,V,LONG,348.74,340.58653806801556,352.5383086367626,343.8916913632374,354.5334619319844,True,True,True,False,True,OK,OK,OK,OK,True,True,True,True,True,True,False,REJECT_LEARNING_CONTEXT,LEARNING_CONTEXT_NEGATIVE,,True,False,suggested_levels_displayed_while_canonical_trade_false
2026-07-09T07:34:19.822422+00:00,QQQ,LONG,709.87,697.6965244068837,715.1503414234793,709.6796585765208,727.1334755931164,True,True,True,False,True,OK,OK,OK,OK,True,True,True,True,True,True,True,ACTIONABLE,,,False,True,
2026-07-09T07:34:21.219473+00:00,TLT,LONG,84.4,84.06945339398168,84.59182202006106,85.54817797993894,86.07054660601833,True,True,True,True,True,OK,OK,OK,OK,True,True,True,True,True,True,True,ACTIONABLE,,,False,True,
2026-07-09T07:34:21.221384+00:00,UBER,LONG,73.37,70.7379527079489,73.97491350092265,71.48508649907735,75.12204729205109,True,True,True,False,True,OK,OK,OK,OK,True,True,True,True,True,True,False,REJECT_LEARNING_CONTEXT,LEARNING_CONTEXT_NEGATIVE,,True,False,suggested_levels_displayed_while_canonical_trade_false
2026-07-09T07:34:21.220400+00:00,PYPL,LONG,44.29,42.44440986397627,44.41341632645696,43.636583673543036,45.18559013602373,True,True,True,False,True,OK,OK,OK,OK,True,True,True,True,True,True,False,REJECT_LEARNING_CONTEXT,LEARNING_CONTEXT_NEGATIVE,,True,False,suggested_levels_displayed_while_canonical_trade_false
2026-07-09T07:34:21.827655+00:00,IWM,LONG,293.42,287.1374381529697,293.1981484328728,288.5818515671272,294.6425618470303,True,True,True,False,True,OK,OK,OK,OK,True,True,True,True,True,True,True,ACTIONABLE,,,False,True,
2026-07-09T07:34:26.296458+00:00,ADA/USDT,LONG,0.1696,0.16371569119212864,0.16928102935957123,0.17001897064042878,0.17698430880787136,True,True,True,False,True,OK,OK,OK,OK,True,True,True,True,True,True,False,REJECT_LEARNING_CONTEXT,LEARNING_CONTEXT_NEGATIVE,,True,False,suggested_levels_displayed_while_canonical_trade_false
2026-07-09T07:34:26.409667+00:00,SOL/USDT,LONG,78.45,75.81568398909722,78.79635842616668,78.74341039345833,79.63658960654166,True,True,True,False,True,OK,OK,OK,OK,True,True,True,True,True,True,False,REJECT_LEARNING_CONTEXT,LEARNING_CONTEXT_NEGATIVE,,True,False,suggested_levels_displayed_while_canonical_trade_false
2026-07-09T07:34:35.052554+00:00,BCH/USDT,LONG,238.6,227.0758605448057,237.01793469246633,242.48206530753367,254.1241394551943,True,True,False,True,True,OK,OK,OK,OK,True,True,True,True,True,True,False,REJECT_LEARNING_CONTEXT,LEARNING_CONTEXT_NEGATIVE,,True,False,suggested_levels_displayed_while_canonical_trade_false
2026-07-09T07:34:37.220705+00:00,TRX/USDT,LONG,0.33121,0.3274807640889143,0.33081016618660564,0.3281098338133943,0.33143923591108565,True,True,True,False,True,OK,OK,OK,OK,True,True,True,True,True,True,False,REJECT_LEARNING_CONTEXT,LEARNING_CONTEXT_NEGATIVE,,True,False,suggested_levels_displayed_while_canonical_trade_false
2026-07-09T08:08:31.705284+00:00,AUD/JPY,LONG,112.631,112.23339204187917,112.80025909948999,112.30974090051001,112.76060795812083,True,True,True,False,True,OK,OK,OK,OK,True,True,True,True,True,True,False,REJECT_LEARNING_CONTEXT,LEARNING_CONTEXT_NEGATIVE,,True,False,suggested_levels_displayed_while_canonical_trade_false
2026-07-09T08:08:33.234693+00:00,USD/SGD,LONG,1.29292,1.2909188043825237,1.2939828694819429,1.290847130518057,1.2945711956174764,True,True,True,False,True,OK,OK,OK,OK,True,True,True,True,True,True,False,REJECT_LEARNING_CONTEXT,LEARNING_CONTEXT_NEGATIVE,,True,False,suggested_levels_displayed_while_canonical_trade_false
2026-07-09T08:08:35.670485+00:00,Nickel,SHORT,16555.53,16397.502432952024,16639.84616091514,16393.713839084856,16704.307567047974,True,True,True,False,True,OK,OK,OK,OK,True,True,True,True,True,True,True,ACTIONABLE,,,False,True,
2026-07-09T08:08:37.780450+00:00,Cotton,LONG,79.945,77.49220049504088,78.70033168319709,79.49066831680291,80.81979950495912,True,True,True,False,True,OK,OK,OK,OK,True,True,True,True,True,True,True,ACTIONABLE,,,False,True,
2026-07-09T08:08:41.503061+00:00,USDX,LONG,100.884,100.70316885797943,100.96099474084933,100.93500525915067,101.24083114202057,True,True,True,False,True,OK,OK,OK,OK,True,True,True,True,True,True,True,ACTIONABLE,,,False,True,
2026-07-09T08:08:42.636661+00:00,AMZN,LONG,243.98,236.07602940298437,244.28352943283755,236.57647056716246,244.90397059701564,True,True,True,False,True,OK,OK,OK,OK,True,True,True,True,True,True,False,REJECT_LEARNING_CONTEXT,LEARNING_CONTEXT_NEGATIVE,,True,False,suggested_levels_displayed_while_canonical_trade_false
2026-07-09T08:08:43.793665+00:00,JPM,SHORT,330.39,322.6387913737327,329.5373620875576,326.1426379124424,332.0412086262673,True,True,True,False,True,OK,OK,OK,OK,True,True,True,True,True,True,False,REJECT_LEARNING_CONTEXT,LEARNING_CONTEXT_NEGATIVE,,True,False,suggested_levels_displayed_while_canonical_trade_false
2026-07-09T08:08:44.013872+00:00,V,LONG,347.52,340.58653806801556,352.5383086367626,343.8916913632374,354.5334619319844,True,True,False,False,True,OK,OK,OK,OK,True,True,True,True,True,True,False,REJECT_LEARNING_CONTEXT,LEARNING_CONTEXT_NEGATIVE,,True,False,suggested_levels_displayed_while_canonical_trade_false
2026-07-09T08:08:45.415802+00:00,DIS,SHORT,96.77,94.86646476906058,97.63248455425459,95.73751544574542,98.16353523093942,True,True,True,False,True,OK,OK,OK,OK,True,True,True,True,True,True,False,REJECT_LEARNING_CONTEXT,LEARNING_CONTEXT_NEGATIVE,,True,False,suggested_levels_displayed_while_canonical_trade_false
2026-07-09T08:08:45.634025+00:00,BA,LONG,224.56,219.71218875924612,225.54270413584624,219.60729586415377,227.47781124075388,True,True,True,False,True,OK,OK,OK,OK,True,True,True,True,True,True,False,REJECT_LEARNING_CONTEXT,LEARNING_CONTEXT_NEGATIVE,,True,False,suggested_levels_displayed_while_canonical_trade_false
2026-07-09T08:08:46.377867+00:00,PYPL,LONG,44.53,43.06440986397627,44.74341632645696,43.636583673543036,45.18559013602373,True,True,True,False,True,OK,OK,OK,OK,True,True,True,True,True,True,False,REJECT_LEARNING_CONTEXT,LEARNING_CONTEXT_NEGATIVE,,True,False,suggested_levels_displayed_while_canonical_trade_false
2026-07-09T08:08:46.591635+00:00,UBER,LONG,73.66,70.7379527079489,73.97491350092265,71.48508649907735,75.12204729205109,True,True,True,False,True,OK,OK,OK,OK,True,True,True,True,True,True,False,REJECT_LEARNING_CONTEXT,LEARNING_CONTEXT_NEGATIVE,,True,False,suggested_levels_displayed_while_canonical_trade_false
2026-07-09T08:08:46.749202+00:00,INTC,LONG,110.09,96.16902497125051,110.1543400689988,117.8056599310012,128.7909750287495,True,True,True,True,True,OK,OK,OK,OK,True,True,True,True,True,True,False,REJECT_LEARNING_CONTEXT,LEARNING_CONTEXT_NEGATIVE,,True,False,suggested_levels_displayed_while_canonical_trade_false
2026-07-09T08:08:47.403685+00:00,QQQ,LONG,711.97,697.6965244068837,715.1503414234793,709.6796585765208,727.1334755931164,True,True,True,False,True,OK,OK,OK,OK,True,True,True,True,True,True,True,ACTIONABLE,,,False,True,
2026-07-09T08:08:48.181020+00:00,IWM,LONG,293.76,287.1374381529697,293.1981484328728,288.5818515671272,294.6425618470303,True,True,True,False,True,OK,OK,OK,OK,True,True,True,True,True,True,True,ACTIONABLE,,,False,True,
2026-07-09T08:08:48.998772+00:00,GDX,LONG,73.56,71.31963485024795,75.16287635940492,76.75712364059508,81.09036514975205,True,True,True,True,True,OK,OK,OK,OK,True,True,True,True,True,True,True,ACTIONABLE,,,False,True,
2026-07-09T09:13:51.233231+00:00,EUR/GBP,SHORT,0.85193,,,0.8641042890614148,0.8659437132815756,True,True,True,False,True,OK,OK,OK,OK,True,True,True,True,True,True,False,REJECT_LEARNING_CONTEXT,LEARNING_CONTEXT_NEGATIVE,,True,False,suggested_levels_displayed_while_canonical_trade_false
2026-07-09T09:13:52.263677+00:00,EUR/USD,SHORT,1.14291,1.1398910809835718,1.144057405639428,1.1411325943605721,1.1446389190164283,True,True,True,False,True,OK,OK,OK,OK,True,True,True,True,True,True,False,REJECT_LEARNING_CONTEXT,LEARNING_CONTEXT_NEGATIVE,,True,False,suggested_levels_displayed_while_canonical_trade_false
2026-07-09T09:13:57.196330+00:00,USD/CHF,LONG,0.80672,0.805445516928631,0.8087087593712858,0.8050412406287142,0.808014483071369,True,True,True,False,True,OK,OK,OK,OK,True,True,True,True,True,True,False,REJECT_LEARNING_CONTEXT,LEARNING_CONTEXT_NEGATIVE,,True,False,suggested_levels_displayed_while_canonical_trade_false
2026-07-09T09:13:57.647585+00:00,USD/MXN,LONG,17.54285,17.5090203832943,17.56938205568568,17.488377944314323,17.5616496167057,True,True,True,False,True,OK,OK,OK,OK,True,True,True,True,True,True,False,REJECT_LEARNING_CONTEXT,LEARNING_CONTEXT_NEGATIVE,,True,False,suggested_levels_displayed_while_canonical_trade_false
2026-07-09T09:13:57.751631+00:00,USD/SGD,LONG,1.29283,1.290918889783772,1.293982664518947,1.290847335481053,1.294571110216228,True,True,True,False,True,OK,OK,OK,OK,True,True,True,True,True,True,False,REJECT_LEARNING_CONTEXT,LEARNING_CONTEXT_NEGATIVE,,True,False,suggested_levels_displayed_while_canonical_trade_false
2026-07-09T09:14:03.448768+00:00,Aluminium,SHORT,3166.0,3126.641432722297,3180.0905614664866,3131.4094385335134,3174.958567277703,True,True,False,False,True,OK,OK,OK,OK,True,True,True,True,True,True,True,ACTIONABLE,,,False,True,
2026-07-09T09:14:04.579467+00:00,Zinc,LONG,3598.64,3520.4484489724805,3584.6297224660466,3556.2502775339535,3616.0815510275197,True,True,True,False,True,OK,OK,OK,OK,True,True,True,True,True,True,True,ACTIONABLE,,,False,True,
2026-07-09T09:14:05.910626+00:00,XPD/USD,SHORT,1247.24,1184.2183245361432,1213.5189182128563,1225.8910817871438,1255.1916754638569,True,True,True,True,True,OK,OK,OK,OK,True,True,True,True,True,True,True,ACTIONABLE,,,False,True,
2026-07-09T09:14:07.532291+00:00,Gasoline,LONG,3.0322,2.9623845149280754,3.051057164172619,3.028542835827381,3.1071154850719243,True,True,True,False,True,OK,OK,OK,OK,True,True,True,True,True,True,True,ACTIONABLE,,,False,True,
2026-07-09T09:14:09.258536+00:00,Cotton,LONG,80.147,79.85591743280135,81.22299816127675,79.33500183872324,80.97908256719865,True,True,True,False,True,OK,OK,OK,OK,True,True,True,True,True,True,True,ACTIONABLE,,,False,True,
2026-07-09T09:14:11.391688+00:00,NASDAQ-100,SHORT,29422.8,29002.857744004912,29322.840853316957,29459.259146683045,29896.74225599509,True,True,True,True,True,OK,OK,OK,OK,True,True,True,True,True,True,True,ACTIONABLE,,,False,True,
2026-07-09T09:14:12.238397+00:00,US2000,SHORT,2962.0,2940.473204580033,2966.155984733224,2984.744015266776,3010.426795419967,True,True,True,False,True,OK,OK,OK,OK,True,True,True,True,True,True,True,ACTIONABLE,,,False,True,
2026-07-09T09:14:14.723436+00:00,Nikkei 225,SHORT,67699.8,67180.49944322213,68382.56852259288,67852.03147740712,69054.10055677786,True,True,True,False,True,OK,OK,OK,OK,True,True,True,True,True,True,True,ACTIONABLE,,,False,True,
2026-07-09T09:14:15.671114+00:00,EURX,SHORT,1075.1,1073.7783190426,1075.2120342977598,1074.2879657022402,1075.7216809574,True,True,True,False,True,OK,OK,OK,OK,True,True,True,True,True,True,True,ACTIONABLE,,,False,True,
2026-07-09T09:14:16.169318+00:00,JPYX,SHORT,667.4,667.2629303626684,669.148967129596,669.351032870404,670.8370696373316,True,True,True,False,True,OK,OK,OK,OK,True,True,True,True,True,True,True,ACTIONABLE,,,False,True,
2026-07-09T09:14:16.678344+00:00,USDX,LONG,100.924,100.70179965383805,100.96428083078867,100.93171916921133,101.24220034616195,True,True,True,False,True,OK,OK,OK,OK,True,True,True,True,True,True,True,ACTIONABLE,,,False,True,
2026-07-09T09:14:17.905965+00:00,Nat Gas,LONG,3.198,3.145091820512314,3.240379630770446,3.167620369229554,3.2719081794876863,True,True,True,False,True,OK,OK,OK,OK,True,True,True,True,True,True,True,ACTIONABLE,,,False,True,
2026-07-09T09:14:22.426097+00:00,AMZN,LONG,243.98,236.07602940298437,244.28352943283755,236.57647056716246,244.90397059701564,True,True,True,False,True,OK,OK,OK,OK,True,True,True,True,True,True,False,REJECT_LEARNING_CONTEXT,LEARNING_CONTEXT_NEGATIVE,,True,False,suggested_levels_displayed_while_canonical_trade_false
2026-07-09T09:14:26.270779+00:00,V,LONG,347.52,340.58653806801556,352.5383086367626,343.8916913632374,354.5334619319844,True,True,False,False,True,OK,OK,OK,OK,True,True,True,True,True,True,False,REJECT_LEARNING_CONTEXT,LEARNING_CONTEXT_NEGATIVE,,True,False,suggested_levels_displayed_while_canonical_trade_false
2026-07-09T09:14:26.273632+00:00,JPM,SHORT,330.39,322.6387913737327,329.5373620875576,326.1426379124424,332.0412086262673,True,True,True,False,True,OK,OK,OK,OK,True,True,True,True,True,True,False,REJECT_LEARNING_CONTEXT,LEARNING_CONTEXT_NEGATIVE,,True,False,suggested_levels_displayed_while_canonical_trade_false
2026-07-09T09:14:29.440051+00:00,BA,LONG,224.56,219.71218875924612,225.54270413584624,219.60729586415377,227.47781124075388,True,True,True,False,True,OK,OK,OK,OK,True,True,True,True,True,True,False,REJECT_LEARNING_CONTEXT,LEARNING_CONTEXT_NEGATIVE,,True,False,suggested_levels_displayed_while_canonical_trade_false
2026-07-09T09:14:29.602482+00:00,DIS,SHORT,96.77,94.86646476906058,97.63248455425459,95.73751544574542,98.16353523093942,True,True,True,False,True,OK,OK,OK,OK,True,True,True,True,True,True,False,REJECT_LEARNING_CONTEXT,LEARNING_CONTEXT_NEGATIVE,,True,False,suggested_levels_displayed_while_canonical_trade_false
2026-07-09T09:14:29.652508+00:00,PYPL,LONG,44.53,43.06440986397627,44.74341632645696,43.636583673543036,45.18559013602373,True,True,True,False,True,OK,OK,OK,OK,True,True,True,True,True,True,False,REJECT_LEARNING_CONTEXT,LEARNING_CONTEXT_NEGATIVE,,True,False,suggested_levels_displayed_while_canonical_trade_false
2026-07-09T09:14:31.659603+00:00,INTC,LONG,110.09,96.16902497125051,110.1543400689988,117.8056599310012,128.7909750287495,True,True,True,True,True,OK,OK,OK,OK,True,True,True,True,True,True,False,REJECT_LEARNING_CONTEXT,LEARNING_CONTEXT_NEGATIVE,,True,False,suggested_levels_displayed_while_canonical_trade_false
2026-07-09T09:14:31.676983+00:00,UBER,LONG,73.66,70.7379527079489,73.97491350092265,71.48508649907735,75.12204729205109,True,True,True,False,True,OK,OK,OK,OK,True,True,True,True,True,True,False,REJECT_LEARNING_CONTEXT,LEARNING_CONTEXT_NEGATIVE,,True,False,suggested_levels_displayed_while_canonical_trade_false
2026-07-09T09:14:31.810215+00:00,QQQ,LONG,711.97,697.909629806392,714.6388884646593,710.1911115353407,726.920370193608,True,True,True,False,True,OK,OK,OK,OK,True,True,True,True,True,True,True,ACTIONABLE,,,False,True,
2026-07-09T09:14:36.102536+00:00,GDX,LONG,73.56,71.38108950380168,75.01538519087599,76.90461480912401,81.02891049619832,True,True,True,True,True,OK,OK,OK,OK,True,True,True,True,True,True,True,ACTIONABLE,,,False,True,
2026-07-09T10:13:34.568805+00:00,EUR/USD,SHORT,1.14307,1.1398878666978576,1.1440651199251421,1.141124880074858,1.1446421333021426,True,True,False,False,True,OK,OK,OK,OK,True,True,True,True,True,True,False,REJECT_LEARNING_CONTEXT,LEARNING_CONTEXT_NEGATIVE,,True,False,suggested_levels_displayed_while_canonical_trade_false
2026-07-09T10:13:37.889213+00:00,USD/CHF,LONG,0.80689,0.805445516928631,0.8087087593712858,0.8050412406287142,0.808014483071369,True,True,False,False,True,OK,OK,OK,OK,True,True,True,True,True,True,False,REJECT_LEARNING_CONTEXT,LEARNING_CONTEXT_NEGATIVE,,True,False,suggested_levels_displayed_while_canonical_trade_false
2026-07-09T10:13:44.516710+00:00,AUD/JPY,LONG,112.668,112.23800689603065,112.78918344952642,112.32081655047358,112.75599310396935,True,True,True,False,True,OK,OK,OK,OK,True,True,True,True,True,True,False,REJECT_LEARNING_CONTEXT,LEARNING_CONTEXT_NEGATIVE,,True,False,suggested_levels_displayed_while_canonical_trade_false
2026-07-09T10:14:07.366411+00:00,Aluminium,SHORT,3166.7,3126.5325041508686,3180.351990037915,3131.148009962085,3175.0674958491313,True,True,True,False,True,OK,OK,OK,OK,True,True,True,True,True,True,True,ACTIONABLE,,,False,True,
2026-07-09T10:14:10.051815+00:00,Lead,LONG,1900.95,1883.5030848184585,1910.5125964356996,1916.3374035643003,1942.8469151815414,True,True,True,True,True,OK,OK,OK,OK,True,True,True,True,True,True,True,ACTIONABLE,,,False,True,
2026-07-09T10:14:17.293120+00:00,Gasoline,LONG,3.0715,2.9922845149280755,3.072457164172619,3.028542835827381,3.1071154850719243,True,True,True,False,True,OK,OK,OK,OK,True,True,True,True,True,True,True,ACTIONABLE,,,False,True,
2026-07-09T10:14:47.514950+00:00,Hang Seng,LONG,23919.7,23892.577319776086,24172.175600746377,24821.324399253623,25100.922680223914,True,True,True,True,True,OK,OK,OK,OK,True,True,True,True,True,True,True,ACTIONABLE,,,False,True,
2026-07-09T10:14:51.167487+00:00,JPYX,SHORT,667.3,667.2629303626684,669.148967129596,669.351032870404,670.8370696373316,True,True,True,False,True,OK,OK,OK,OK,True,True,True,True,True,True,True,ACTIONABLE,,,False,True,
2026-07-09T10:14:52.452891+00:00,USDX,LONG,100.929,100.70179965383805,100.96428083078867,100.93171916921133,101.24220034616195,True,True,False,False,True,OK,OK,OK,OK,True,True,True,True,True,True,True,ACTIONABLE,,,False,True,
2026-07-09T10:15:09.574839+00:00,AMZN,LONG,243.98,235.9980316647524,244.47072400459427,236.50927599540574,244.98196833524761,True,True,True,False,True,OK,OK,OK,OK,True,True,True,True,True,True,False,REJECT_LEARNING_CONTEXT,LEARNING_CONTEXT_NEGATIVE,,True,False,suggested_levels_displayed_while_canonical_trade_false
2026-07-09T10:15:12.935643+00:00,JPM,SHORT,330.39,322.6238522486352,329.5871591712159,326.0928408287841,332.0561477513648,True,True,True,False,True,OK,OK,OK,OK,True,True,True,True,True,True,False,REJECT_LEARNING_CONTEXT,LEARNING_CONTEXT_NEGATIVE,,True,False,suggested_levels_displayed_while_canonical_trade_false
2026-07-09T10:15:17.294135+00:00,BA,LONG,224.56,219.6454340484189,225.76521983860363,219.38478016139638,227.5445659515811,True,True,True,False,True,OK,OK,OK,OK,True,True,True,True,True,True,False,REJECT_LEARNING_CONTEXT,LEARNING_CONTEXT_NEGATIVE,,True,False,suggested_levels_displayed_while_canonical_trade_false
2026-07-09T10:15:17.423900+00:00,DIS,SHORT,96.77,94.84042359744987,97.69498336612033,95.67501663387968,98.18957640255013,True,True,True,False,True,OK,OK,OK,OK,True,True,True,True,True,True,False,REJECT_LEARNING_CONTEXT,LEARNING_CONTEXT_NEGATIVE,,True,False,suggested_levels_displayed_while_canonical_trade_false
2026-07-09T10:15:19.620951+00:00,COIN,SHORT,159.41,149.0755713245659,161.0586288210418,159.3813711789582,171.36442867543408,True,True,True,False,True,OK,OK,OK,OK,True,True,True,True,True,True,False,REJECT_LEARNING_CONTEXT,LEARNING_CONTEXT_NEGATIVE,,True,False,suggested_levels_displayed_while_canonical_trade_false
2026-07-09T10:15:21.874884+00:00,INTC,LONG,110.09,96.07433458442362,110.38159699738333,117.57840300261668,128.8856654155764,True,True,True,True,True,OK,OK,OK,OK,True,True,True,True,True,True,False,REJECT_LEARNING_CONTEXT,LEARNING_CONTEXT_NEGATIVE,,True,False,suggested_levels_displayed_while_canonical_trade_false
2026-07-09T10:15:21.884354+00:00,PYPL,LONG,44.53,43.92738791210774,45.44204029297419,43.787959707025806,45.01261208789226,True,True,True,False,True,OK,OK,OK,OK,True,True,True,True,True,True,False,REJECT_LEARNING_CONTEXT,LEARNING_CONTEXT_NEGATIVE,,True,False,suggested_levels_displayed_while_canonical_trade_false
2026-07-09T10:15:21.972646+00:00,UBER,LONG,73.66,70.69933368548344,74.06759915483978,71.39240084516022,75.31066631451657,True,True,True,False,True,OK,OK,OK,OK,True,True,True,True,True,True,False,REJECT_LEARNING_CONTEXT,LEARNING_CONTEXT_NEGATIVE,,True,False,suggested_levels_displayed_while_canonical_trade_false
2026-07-09T10:15:23.271546+00:00,QQQ,LONG,711.97,697.909629806392,714.6388884646593,710.1911115353407,726.920370193608,True,True,True,False,True,OK,OK,OK,OK,True,True,True,True,True,True,True,ACTIONABLE,,,False,True,
2026-07-09T10:15:28.882581+00:00,GDX,LONG,73.56,71.38108950380168,75.01538519087599,76.90461480912401,81.02891049619832,True,True,True,True,True,OK,OK,OK,OK,True,True,True,True,True,True,True,ACTIONABLE,,,False,True,
