run_id,symbol,asset_class,timeframe,family,strategy_name,params_str,direction,session,status,trade_count,win_rate,profit_factor,avg_return,expectancy,max_drawdown,sharpe,sqn,exposure_pct,avg_duration_bars,gross_return,net_return,is_return,oos_return,robustness_score,param_sensitivity,skip_reason,data_source
run_20260429_072220_0b956c,SOL/USDT,crypto,M15,trend_momentum,ema_cross,adx_min=0|fast_period=10|rsi_confirm=False|slow_period=50,both,all,REJECT,34,0.117647,0.320411,-0.003689,-0.003689,-0.137823,-6.417817,-2.766455,0.034034,27.970588,-0.119000,-0.119000,-0.120549,0.005873,0.304000,,,binance_rest
run_20260429_072220_0b956c,SOL/USDT,crypto,M15,trend_momentum,ema_cross,adx_min=0|fast_period=10|rsi_confirm=True|slow_period=50,both,all,REJECT,29,0.103448,0.347277,-0.003623,-0.003623,-0.120018,-5.544377,-2.359254,0.029029,30.620690,-0.100806,-0.100806,-0.102566,0.005873,0.274000,,,binance_rest
run_20260429_072220_0b956c,SOL/USDT,crypto,M15,trend_momentum,ema_cross,adx_min=20|fast_period=10|rsi_confirm=False|slow_period=50,both,all,REJECT,32,0.125000,0.334657,-0.003674,-0.003674,-0.131009,-6.050063,-2.592804,0.032032,28.406250,-0.112037,-0.112037,-0.113598,0.005873,0.292000,,,binance_rest
run_20260429_072220_0b956c,SOL/USDT,crypto,M15,trend_momentum,ema_cross,adx_min=20|fast_period=10|rsi_confirm=True|slow_period=50,both,all,REJECT,27,0.111111,0.365098,-0.003601,-0.003601,-0.113062,-5.161213,-2.182558,0.027027,31.333333,-0.093698,-0.093698,-0.095473,0.005873,0.262000,,,binance_rest
run_20260429_072220_0b956c,SOL/USDT,crypto,M15,trend_momentum,ema_cross,adx_min=25|fast_period=10|rsi_confirm=False|slow_period=50,both,all,REJECT,26,0.115385,0.258582,-0.004138,-0.004138,-0.121986,-6.526932,-2.931819,0.026026,29.461538,-0.102817,-0.102817,-0.104394,0.005873,0.256000,,,binance_rest
run_20260429_072220_0b956c,SOL/USDT,crypto,M15,trend_momentum,ema_cross,adx_min=25|fast_period=10|rsi_confirm=True|slow_period=50,both,all,REJECT,21,0.095238,0.282164,-0.004154,-0.004154,-0.103853,-5.530526,-2.442715,0.021021,33.476190,-0.084288,-0.084288,-0.086081,0.005873,0.226000,,,binance_rest
run_20260429_072220_0b956c,SOL/USDT,crypto,M15,trend_momentum,ema_cross,adx_min=0|fast_period=10|rsi_confirm=False|slow_period=100,both,all,REJECT,26,0.153846,0.288293,-0.003977,-0.003977,-0.115081,-6.314685,-2.807707,0.026026,37.576923,-0.099023,-0.099023,-0.090940,0.003404,0.256000,,,binance_rest
run_20260429_072220_0b956c,SOL/USDT,crypto,M15,trend_momentum,ema_cross,adx_min=0|fast_period=10|rsi_confirm=True|slow_period=100,both,all,REJECT,21,0.190476,0.361890,-0.003533,-0.003533,-0.088785,-4.768171,-2.034615,0.021021,43.619048,-0.072249,-0.072249,-0.063926,0.003404,0.226000,,,binance_rest
run_20260429_072220_0b956c,SOL/USDT,crypto,M15,trend_momentum,ema_cross,adx_min=20|fast_period=10|rsi_confirm=False|slow_period=100,both,all,REJECT,26,0.153846,0.288293,-0.003977,-0.003977,-0.115081,-6.314685,-2.807707,0.026026,37.576923,-0.099023,-0.099023,-0.090940,0.003404,0.256000,,,binance_rest
run_20260429_072220_0b956c,SOL/USDT,crypto,M15,trend_momentum,ema_cross,adx_min=20|fast_period=10|rsi_confirm=True|slow_period=100,both,all,REJECT,21,0.190476,0.361890,-0.003533,-0.003533,-0.088785,-4.768171,-2.034615,0.021021,43.619048,-0.072249,-0.072249,-0.063926,0.003404,0.226000,,,binance_rest
run_20260429_072220_0b956c,SOL/USDT,crypto,M15,trend_momentum,ema_cross,adx_min=25|fast_period=10|rsi_confirm=False|slow_period=100,both,all,NEEDS_MORE_DATA,18,,,,,,,,,,,,,,1.000000,,only 18 trades < min 20,binance_rest
run_20260429_072220_0b956c,SOL/USDT,crypto,M15,trend_momentum,ema_cross,adx_min=25|fast_period=10|rsi_confirm=True|slow_period=100,both,all,NEEDS_MORE_DATA,14,,,,,,,,,,,,,,1.000000,,only 14 trades < min 20,binance_rest
run_20260429_072220_0b956c,SOL/USDT,crypto,M15,trend_momentum,ema_cross,adx_min=0|fast_period=10|rsi_confirm=False|slow_period=200,both,all,REJECT,26,0.038462,0.052479,-0.006764,-0.006764,-0.170080,-10.864935,-7.444711,0.026026,37.961538,-0.161997,-0.161997,-0.147240,-0.008620,0.273564,,,binance_rest
run_20260429_072220_0b956c,SOL/USDT,crypto,M15,trend_momentum,ema_cross,adx_min=0|fast_period=10|rsi_confirm=True|slow_period=200,both,all,REJECT,22,0.045455,0.060293,-0.006900,-0.006900,-0.149810,-9.805398,-6.496675,0.022022,42.181818,-0.141529,-0.141529,-0.126412,-0.008620,0.252458,,,binance_rest
run_20260429_072220_0b956c,SOL/USDT,crypto,M15,trend_momentum,ema_cross,adx_min=20|fast_period=10|rsi_confirm=False|slow_period=200,both,all,REJECT,26,0.038462,0.052479,-0.006764,-0.006764,-0.170080,-10.864935,-7.444711,0.026026,37.961538,-0.161997,-0.161997,-0.147240,-0.008620,0.273564,,,binance_rest
run_20260429_072220_0b956c,SOL/USDT,crypto,M15,trend_momentum,ema_cross,adx_min=20|fast_period=10|rsi_confirm=True|slow_period=200,both,all,REJECT,22,0.045455,0.060293,-0.006900,-0.006900,-0.149810,-9.805398,-6.496675,0.022022,42.181818,-0.141529,-0.141529,-0.126412,-0.008620,0.252458,,,binance_rest
run_20260429_072220_0b956c,SOL/USDT,crypto,M15,trend_momentum,ema_cross,adx_min=25|fast_period=10|rsi_confirm=False|slow_period=200,both,all,REJECT,22,0.045455,0.060828,-0.006835,-0.006835,-0.148573,-9.926953,-6.736766,0.022022,36.454545,-0.140280,-0.140280,-0.125141,-0.008620,0.252665,,,binance_rest
run_20260429_072220_0b956c,SOL/USDT,crypto,M15,trend_momentum,ema_cross,adx_min=25|fast_period=10|rsi_confirm=True|slow_period=200,both,all,NEEDS_MORE_DATA,18,,,,,,,,,,,,,,,,only 18 trades < min 20,binance_rest
run_20260429_072220_0b956c,SOL/USDT,crypto,M15,trend_momentum,ema_cross,adx_min=0|fast_period=20|rsi_confirm=False|slow_period=50,both,all,REJECT,22,0.181818,0.367426,-0.003883,-0.003883,-0.101349,-4.793865,-2.038485,0.022022,43.954545,-0.082840,-0.082840,-0.080352,0.002667,0.232000,,,binance_rest
run_20260429_072220_0b956c,SOL/USDT,crypto,M15,trend_momentum,ema_cross,adx_min=0|fast_period=20|rsi_confirm=True|slow_period=50,both,all,REJECT,20,0.200000,0.397158,-0.003766,-0.003766,-0.092194,-4.278948,-1.799395,0.020020,48.100000,-0.073496,-0.073496,-0.070983,0.002667,0.220000,,,binance_rest
run_20260429_072220_0b956c,SOL/USDT,crypto,M15,trend_momentum,ema_cross,adx_min=20|fast_period=20|rsi_confirm=False|slow_period=50,both,all,REJECT,22,0.181818,0.367426,-0.003883,-0.003883,-0.101349,-4.793865,-2.038485,0.022022,43.954545,-0.082840,-0.082840,-0.080352,0.002667,0.232000,,,binance_rest
run_20260429_072220_0b956c,SOL/USDT,crypto,M15,trend_momentum,ema_cross,adx_min=20|fast_period=20|rsi_confirm=True|slow_period=50,both,all,REJECT,20,0.200000,0.397158,-0.003766,-0.003766,-0.092194,-4.278948,-1.799395,0.020020,48.100000,-0.073496,-0.073496,-0.070983,0.002667,0.220000,,,binance_rest
run_20260429_072220_0b956c,SOL/USDT,crypto,M15,trend_momentum,ema_cross,adx_min=25|fast_period=20|rsi_confirm=False|slow_period=50,both,all,REJECT,20,0.200000,0.420595,-0.003432,-0.003432,-0.086059,-4.000771,-1.665874,0.020020,46.450000,-0.067236,-0.067236,-0.064705,0.002667,0.220000,,,binance_rest
run_20260429_072220_0b956c,SOL/USDT,crypto,M15,trend_momentum,ema_cross,adx_min=25|fast_period=20|rsi_confirm=True|slow_period=50,both,all,NEEDS_MORE_DATA,18,,,,,,,,,,,,,,1.000000,,only 18 trades < min 20,binance_rest
run_20260429_072220_0b956c,SOL/USDT,crypto,M15,trend_momentum,ema_cross,adx_min=0|fast_period=20|rsi_confirm=False|slow_period=100,both,all,NEEDS_MORE_DATA,16,,,,,,,,,,,,,,1.000000,,only 16 trades < min 20,binance_rest
run_20260429_072220_0b956c,SOL/USDT,crypto,M15,trend_momentum,ema_cross,adx_min=0|fast_period=20|rsi_confirm=True|slow_period=100,both,all,NEEDS_MORE_DATA,14,,,,,,,,,,,,,,1.000000,,only 14 trades < min 20,binance_rest
run_20260429_072220_0b956c,SOL/USDT,crypto,M15,trend_momentum,ema_cross,adx_min=20|fast_period=20|rsi_confirm=False|slow_period=100,both,all,NEEDS_MORE_DATA,15,,,,,,,,,,,,,,1.000000,,only 15 trades < min 20,binance_rest
run_20260429_072220_0b956c,SOL/USDT,crypto,M15,trend_momentum,ema_cross,adx_min=20|fast_period=20|rsi_confirm=True|slow_period=100,both,all,NEEDS_MORE_DATA,13,,,,,,,,,,,,,,1.000000,,only 13 trades < min 20,binance_rest
run_20260429_072220_0b956c,SOL/USDT,crypto,M15,trend_momentum,ema_cross,adx_min=25|fast_period=20|rsi_confirm=False|slow_period=100,both,all,NEEDS_MORE_DATA,14,,,,,,,,,,,,,,1.000000,,only 14 trades < min 20,binance_rest
run_20260429_072220_0b956c,SOL/USDT,crypto,M15,trend_momentum,ema_cross,adx_min=25|fast_period=20|rsi_confirm=True|slow_period=100,both,all,NEEDS_MORE_DATA,12,,,,,,,,,,,,,,1.000000,,only 12 trades < min 20,binance_rest
run_20260429_072220_0b956c,SOL/USDT,crypto,M15,trend_momentum,ema_cross,adx_min=0|fast_period=20|rsi_confirm=False|slow_period=200,both,all,NEEDS_MORE_DATA,18,,,,,,,,,,,,,,1.000000,,only 18 trades < min 20,binance_rest
run_20260429_072220_0b956c,SOL/USDT,crypto,M15,trend_momentum,ema_cross,adx_min=0|fast_period=20|rsi_confirm=True|slow_period=200,both,all,NEEDS_MORE_DATA,16,,,,,,,,,,,,,,,,only 16 trades < min 20,binance_rest
run_20260429_072220_0b956c,SOL/USDT,crypto,M15,trend_momentum,ema_cross,adx_min=20|fast_period=20|rsi_confirm=False|slow_period=200,both,all,NEEDS_MORE_DATA,17,,,,,,,,,,,,,,1.000000,,only 17 trades < min 20,binance_rest
run_20260429_072220_0b956c,SOL/USDT,crypto,M15,trend_momentum,ema_cross,adx_min=20|fast_period=20|rsi_confirm=True|slow_period=200,both,all,NEEDS_MORE_DATA,15,,,,,,,,,,,,,,,,only 15 trades < min 20,binance_rest
run_20260429_072220_0b956c,SOL/USDT,crypto,M15,trend_momentum,ema_cross,adx_min=25|fast_period=20|rsi_confirm=False|slow_period=200,both,all,NEEDS_MORE_DATA,16,,,,,,,,,,,,,,,,only 16 trades < min 20,binance_rest
run_20260429_072220_0b956c,SOL/USDT,crypto,M15,trend_momentum,ema_cross,adx_min=25|fast_period=20|rsi_confirm=True|slow_period=200,both,all,NEEDS_MORE_DATA,14,,,,,,,,,,,,,,,,only 14 trades < min 20,binance_rest
run_20260429_072220_0b956c,SOL/USDT,crypto,M15,trend_momentum,ema_alignment,adx_min=0|ema_long=200|ema_mid=50|ema_short=20,both,all,REJECT,37,0.135135,0.201449,-0.002646,-0.002646,-0.099996,-9.402542,-4.560318,0.037037,12.945946,-0.093599,-0.093599,-0.087523,-0.006658,0.358154,,,binance_rest
run_20260429_072220_0b956c,SOL/USDT,crypto,M15,trend_momentum,ema_alignment,adx_min=20|ema_long=200|ema_mid=50|ema_short=20,both,all,REJECT,35,0.142857,0.212431,-0.002616,-0.002616,-0.094258,-9.012989,-4.340227,0.035035,13.400000,-0.087819,-0.087819,-0.081705,-0.006658,0.347779,,,binance_rest
run_20260429_072220_0b956c,SOL/USDT,crypto,M15,trend_momentum,ema_alignment,adx_min=25|ema_long=200|ema_mid=50|ema_short=20,both,all,REJECT,30,0.166667,0.270102,-0.002225,-0.002225,-0.071425,-7.351463,-3.353853,0.030030,14.200000,-0.064824,-0.064824,-0.058556,-0.006658,0.314111,,,binance_rest
run_20260429_072220_0b956c,SOL/USDT,crypto,M15,trend_momentum,macd_direction,adx_min=0|fast=12|signal_period=9|slow=26,both,all,REJECT,91,0.263736,0.383996,-0.002484,-0.002484,-0.224716,-8.696338,-3.612005,0.091091,10.934066,-0.204097,-0.204097,-0.139409,-0.069438,0.602761,,,binance_rest
run_20260429_072220_0b956c,SOL/USDT,crypto,M15,trend_momentum,macd_direction,adx_min=20|fast=12|signal_period=9|slow=26,both,all,REJECT,90,0.255556,0.376348,-0.002541,-0.002541,-0.226788,-8.810539,-3.668769,0.090090,10.744444,-0.206224,-0.206224,-0.141709,-0.069438,0.600335,,,binance_rest
run_20260429_072220_0b956c,SOL/USDT,crypto,M15,pullback,pullback_ema,pullback_period=20|rsi_reclaim=False|rsi_threshold=50|trend_period=200,both,all,REJECT,79,0.101266,0.129999,-0.003158,-0.003158,-0.221617,-14.062246,-6.823749,0.079079,5.962025,-0.221617,-0.221617,-0.199110,-0.028102,0.442341,,,binance_rest
run_20260429_072220_0b956c,SOL/USDT,crypto,M15,pullback,pullback_ema,pullback_period=20|rsi_reclaim=True|rsi_threshold=50|trend_period=200,both,all,REJECT,66,0.106061,0.153853,-0.002966,-0.002966,-0.181587,-12.225213,-5.803714,0.066066,6.575758,-0.178482,-0.178482,-0.161193,-0.020612,0.438361,,,binance_rest
run_20260429_072220_0b956c,SOL/USDT,crypto,M15,pullback,pullback_ema,pullback_period=50|rsi_reclaim=False|rsi_threshold=50|trend_period=200,both,all,REJECT,54,0.111111,0.278879,-0.002495,-0.002495,-0.126836,-8.228230,-3.552069,0.054054,10.685185,-0.126836,-0.126836,-0.115221,-0.013127,0.434179,,,binance_rest
run_20260429_072220_0b956c,SOL/USDT,crypto,M15,pullback,pullback_ema,pullback_period=50|rsi_reclaim=True|rsi_threshold=50|trend_period=200,both,all,REJECT,32,0.125000,0.305637,-0.002580,-0.002580,-0.084557,-5.678058,-2.404413,0.032032,13.187500,-0.079895,-0.079895,-0.074396,-0.005941,0.315955,,,binance_rest
run_20260429_072220_0b956c,SOL/USDT,crypto,M15,breakout,prev_day_hl,atr_expand_min=0.0,both,all,NEEDS_MORE_DATA,7,,,,,,,,,,,,,,1.000000,,only 7 trades < min 20,binance_rest
run_20260429_072220_0b956c,SOL/USDT,crypto,M15,breakout,prev_day_hl,atr_expand_min=0.5,both,all,NEEDS_MORE_DATA,7,,,,,,,,,,,,,,1.000000,,only 7 trades < min 20,binance_rest
run_20260429_072220_0b956c,SOL/USDT,crypto,M15,breakout,prev_day_hl,atr_expand_min=1.0,both,all,NEEDS_MORE_DATA,7,,,,,,,,,,,,,,1.000000,,only 7 trades < min 20,binance_rest
run_20260429_072220_0b956c,SOL/USDT,crypto,M15,breakout,session_opening_range,atr_expand_min=0.0|range_bars=6,both,all,REJECT,60,0.183333,0.297117,-0.003461,-0.003461,-0.199060,-8.330336,-3.563462,0.060060,16.433333,-0.189181,-0.189181,-0.132985,-0.056550,0.540904,,,binance_rest
run_20260429_072220_0b956c,SOL/USDT,crypto,M15,breakout,session_opening_range,atr_expand_min=0.5|range_bars=6,both,all,REJECT,58,0.189655,0.312411,-0.003331,-0.003331,-0.187347,-7.850137,-3.331841,0.058058,16.620690,-0.177324,-0.177324,-0.132985,-0.042753,0.509780,,,binance_rest
run_20260429_072220_0b956c,SOL/USDT,crypto,M15,breakout,session_opening_range,atr_expand_min=0.0|range_bars=12,both,all,REJECT,35,0.200000,0.307918,-0.004900,-0.004900,-0.169217,-6.824609,-2.973441,0.035035,26.542857,-0.159352,-0.159352,-0.120033,-0.040085,0.410185,,,binance_rest
run_20260429_072220_0b956c,SOL/USDT,crypto,M15,breakout,session_opening_range,atr_expand_min=0.5|range_bars=12,both,all,REJECT,35,0.200000,0.319917,-0.004815,-0.004815,-0.166749,-6.694128,-2.903221,0.035035,25.857143,-0.156854,-0.156854,-0.117419,-0.040085,0.412416,,,binance_rest
run_20260429_072220_0b956c,SOL/USDT,crypto,M15,breakout,london_breakout,atr_expand_min=0.0|utc_end=11|utc_start=7,both,all,NEEDS_MORE_DATA,9,,,,,,,,,,,,,,,,only 9 trades < min 20,binance_rest
run_20260429_072220_0b956c,SOL/USDT,crypto,M15,breakout,london_breakout,atr_expand_min=0.5|utc_end=11|utc_start=7,both,all,NEEDS_MORE_DATA,9,,,,,,,,,,,,,,,,only 9 trades < min 20,binance_rest
run_20260429_072220_0b956c,SOL/USDT,crypto,M15,breakout,ny_breakout,atr_expand_min=0.0|utc_end=16|utc_start=13,both,all,NEEDS_MORE_DATA,14,,,,,,,,,,,,,,1.000000,,only 14 trades < min 20,binance_rest
run_20260429_072220_0b956c,SOL/USDT,crypto,M15,breakout,ny_breakout,atr_expand_min=0.5|utc_end=16|utc_start=13,both,all,NEEDS_MORE_DATA,14,,,,,,,,,,,,,,1.000000,,only 14 trades < min 20,binance_rest
run_20260429_072220_0b956c,SOL/USDT,crypto,M15,mean_reversion,rsi_extreme,overbought=70|oversold=30|period=14,both,all,NEEDS_MORE_DATA,15,,,,,,,,,,,,,,1.000000,,only 15 trades < min 20,binance_rest
run_20260429_072220_0b956c,SOL/USDT,crypto,M15,mean_reversion,rsi_extreme,overbought=75|oversold=30|period=14,both,all,NEEDS_MORE_DATA,11,,,,,,,,,,,,,,,,only 11 trades < min 20,binance_rest
run_20260429_072220_0b956c,SOL/USDT,crypto,M15,mean_reversion,rsi_extreme,overbought=70|oversold=25|period=14,both,all,NEEDS_MORE_DATA,9,,,,,,,,,,,,,,,,only 9 trades < min 20,binance_rest
run_20260429_072220_0b956c,SOL/USDT,crypto,M15,mean_reversion,rsi_extreme,overbought=75|oversold=25|period=14,both,all,NEEDS_MORE_DATA,5,,,,,,,,,,,,,,,,only 5 trades < min 20,binance_rest
run_20260429_072220_0b956c,SOL/USDT,crypto,M15,mean_reversion,bollinger_touch,num_std=2.0|period=20,both,all,REJECT,41,0.682927,0.905605,-0.000230,-0.000230,-0.040191,-0.583936,-0.228267,0.041041,12.926829,-0.010253,-0.010253,0.002996,-0.013209,0.439333,,,binance_rest
run_20260429_072220_0b956c,SOL/USDT,crypto,M15,mean_reversion,vwap_deviation,std_threshold=1.5,both,all,NEEDS_MORE_DATA,17,,,,,,,,,,,,,,1.000000,,only 17 trades < min 20,binance_rest
run_20260429_072220_0b956c,SOL/USDT,crypto,M15,mean_reversion,vwap_deviation,std_threshold=2.0,both,all,NEEDS_MORE_DATA,13,,,,,,,,,,,,,,,,only 13 trades < min 20,binance_rest
run_20260429_072220_0b956c,SOL/USDT,crypto,M15,engine_b_proxy,ob_bos,require_engulf=False|require_vol_expand=False|swing_period=5,both,all,REJECT,22,0.181818,0.210785,-0.005750,-0.005750,-0.119889,-6.622349,-3.086861,0.022022,32.818182,-0.119889,-0.119889,-0.090369,-0.032453,0.339735,,,binance_rest
run_20260429_072220_0b956c,SOL/USDT,crypto,M15,engine_b_proxy,ob_bos,require_engulf=False|require_vol_expand=True|swing_period=5,both,all,NEEDS_MORE_DATA,17,,,,,,,,,,,,,,1.000000,,only 17 trades < min 20,binance_rest
run_20260429_072220_0b956c,SOL/USDT,crypto,M15,engine_b_proxy,ob_bos,require_engulf=True|require_vol_expand=False|swing_period=5,both,all,REJECT,20,0.200000,0.225165,-0.005813,-0.005813,-0.110822,-6.119490,-2.817598,0.020020,34.500000,-0.110822,-0.110822,-0.080421,-0.033059,0.343324,,,binance_rest
run_20260429_072220_0b956c,SOL/USDT,crypto,M15,engine_b_proxy,ob_bos,require_engulf=True|require_vol_expand=True|swing_period=5,both,all,NEEDS_MORE_DATA,14,,,,,,,,,,,,,,1.000000,,only 14 trades < min 20,binance_rest
run_20260429_072220_0b956c,SOL/USDT,crypto,M15,engine_b_proxy,ob_bos,require_engulf=False|require_vol_expand=False|swing_period=10,both,all,NEEDS_MORE_DATA,12,,,,,,,,,,,,,,,,only 12 trades < min 20,binance_rest
run_20260429_072220_0b956c,SOL/USDT,crypto,M15,engine_b_proxy,ob_bos,require_engulf=False|require_vol_expand=True|swing_period=10,both,all,NEEDS_MORE_DATA,10,,,,,,,,,,,,,,,,only 10 trades < min 20,binance_rest
run_20260429_072220_0b956c,SOL/USDT,crypto,M15,engine_b_proxy,ob_bos,require_engulf=True|require_vol_expand=False|swing_period=10,both,all,NEEDS_MORE_DATA,11,,,,,,,,,,,,,,,,only 11 trades < min 20,binance_rest
run_20260429_072220_0b956c,SOL/USDT,crypto,M15,engine_b_proxy,ob_bos,require_engulf=True|require_vol_expand=True|swing_period=10,both,all,NEEDS_MORE_DATA,9,,,,,,,,,,,,,,,,only 9 trades < min 20,binance_rest
run_20260429_072220_0b956c,SOL/USDT,crypto,M15,engine_b_proxy,structure_filters,fvg_detection=False|strong_close_pct=0.7,both,all,REJECT,302,0.168874,0.210203,-0.002284,-0.002284,-0.499686,-24.207321,-10.617455,0.302302,3.139073,-0.499686,-0.499686,-0.419809,-0.143291,0.515731,,,binance_rest
run_20260429_072220_0b956c,SOL/USDT,crypto,M15,engine_b_proxy,structure_filters,fvg_detection=True|strong_close_pct=0.7,both,all,REJECT,23,0.347826,0.725516,-0.000914,-0.000914,-0.043494,-1.377941,-0.541668,0.023023,14.173913,-0.021540,-0.021540,-0.021169,-0.003155,0.282715,,,binance_rest
run_20260429_072220_0b956c,SOL/USDT,crypto,M15,engine_b_proxy,structure_filters,fvg_detection=False|strong_close_pct=0.8,both,all,REJECT,222,0.193694,0.228329,-0.002289,-0.002289,-0.403138,-18.955473,-8.239057,0.222222,4.018018,-0.399907,-0.399907,-0.327685,-0.113236,0.543669,,,binance_rest
run_20260429_072220_0b956c,SOL/USDT,crypto,M15,engine_b_proxy,structure_filters,fvg_detection=True|strong_close_pct=0.8,both,all,REJECT,20,0.250000,0.628955,-0.001405,-0.001405,-0.046753,-1.864964,-0.738255,0.020020,13.450000,-0.028424,-0.028424,-0.015408,-0.013219,0.477379,,,binance_rest
run_20260429_072220_0b956c,BTC/USDT,crypto,M15,trend_momentum,ema_cross,adx_min=0|fast_period=10|rsi_confirm=False|slow_period=50,both,all,REJECT,34,0.147059,0.212621,-0.004050,-0.004050,-0.130985,-7.733835,-3.510782,0.034034,28.558824,-0.129566,-0.129566,-0.121411,-0.002311,0.309709,,,binance_rest
run_20260429_072220_0b956c,BTC/USDT,crypto,M15,trend_momentum,ema_cross,adx_min=0|fast_period=10|rsi_confirm=True|slow_period=50,both,all,REJECT,30,0.166667,0.229650,-0.004158,-0.004158,-0.122447,-7.085516,-3.191556,0.030030,30.433333,-0.118182,-0.118182,-0.112779,0.000904,0.280000,,,binance_rest
run_20260429_072220_0b956c,BTC/USDT,crypto,M15,trend_momentum,ema_cross,adx_min=20|fast_period=10|rsi_confirm=False|slow_period=50,both,all,REJECT,34,0.147059,0.212621,-0.004050,-0.004050,-0.130985,-7.733835,-3.510782,0.034034,28.558824,-0.129566,-0.129566,-0.121411,-0.002311,0.309709,,,binance_rest
run_20260429_072220_0b956c,BTC/USDT,crypto,M15,trend_momentum,ema_cross,adx_min=20|fast_period=10|rsi_confirm=True|slow_period=50,both,all,REJECT,30,0.166667,0.229650,-0.004158,-0.004158,-0.122447,-7.085516,-3.191556,0.030030,30.433333,-0.118182,-0.118182,-0.112779,0.000904,0.280000,,,binance_rest
run_20260429_072220_0b956c,BTC/USDT,crypto,M15,trend_momentum,ema_cross,adx_min=25|fast_period=10|rsi_confirm=False|slow_period=50,both,all,REJECT,30,0.133333,0.085241,-0.004929,-0.004929,-0.142266,-9.915143,-5.398400,0.030030,27.600000,-0.138097,-0.138097,-0.138876,0.000904,0.280000,,,binance_rest
run_20260429_072220_0b956c,BTC/USDT,crypto,M15,trend_momentum,ema_cross,adx_min=25|fast_period=10|rsi_confirm=True|slow_period=50,both,all,REJECT,27,0.148148,0.090716,-0.005115,-0.005115,-0.133838,-9.380598,-5.101632,0.027027,28.814815,-0.129629,-0.129629,-0.130415,0.000904,0.262000,,,binance_rest
run_20260429_072220_0b956c,BTC/USDT,crypto,M15,trend_momentum,ema_cross,adx_min=0|fast_period=10|rsi_confirm=False|slow_period=100,both,all,REJECT,28,0.142857,0.205427,-0.004956,-0.004956,-0.138242,-8.004638,-3.847776,0.028028,35.071429,-0.130446,-0.130446,-0.123149,0.002196,0.268000,,,binance_rest
run_20260429_072220_0b956c,BTC/USDT,crypto,M15,trend_momentum,ema_cross,adx_min=0|fast_period=10|rsi_confirm=True|slow_period=100,both,all,REJECT,24,0.166667,0.233725,-0.004901,-0.004901,-0.119769,-7.002665,-3.280069,0.024024,38.541667,-0.111805,-0.111805,-0.104353,0.002196,0.244000,,,binance_rest
run_20260429_072220_0b956c,BTC/USDT,crypto,M15,trend_momentum,ema_cross,adx_min=20|fast_period=10|rsi_confirm=False|slow_period=100,both,all,REJECT,28,0.142857,0.205427,-0.004956,-0.004956,-0.138242,-8.004638,-3.847776,0.028028,35.071429,-0.130446,-0.130446,-0.123149,0.002196,0.268000,,,binance_rest
run_20260429_072220_0b956c,BTC/USDT,crypto,M15,trend_momentum,ema_cross,adx_min=20|fast_period=10|rsi_confirm=True|slow_period=100,both,all,REJECT,24,0.166667,0.233725,-0.004901,-0.004901,-0.119769,-7.002665,-3.280069,0.024024,38.541667,-0.111805,-0.111805,-0.104353,0.002196,0.244000,,,binance_rest
run_20260429_072220_0b956c,BTC/USDT,crypto,M15,trend_momentum,ema_cross,adx_min=25|fast_period=10|rsi_confirm=False|slow_period=100,both,all,REJECT,27,0.111111,0.111443,-0.005741,-0.005741,-0.152006,-9.647971,-5.395371,0.027027,32.333333,-0.144334,-0.144334,-0.137154,0.002196,0.262000,,,binance_rest
run_20260429_072220_0b956c,BTC/USDT,crypto,M15,trend_momentum,ema_cross,adx_min=25|fast_period=10|rsi_confirm=True|slow_period=100,both,all,REJECT,23,0.130435,0.126815,-0.005820,-0.005820,-0.133828,-8.643799,-4.702794,0.023023,35.478261,-0.125991,-0.125991,-0.118658,0.002196,0.238000,,,binance_rest
run_20260429_072220_0b956c,BTC/USDT,crypto,M15,trend_momentum,ema_cross,adx_min=0|fast_period=10|rsi_confirm=False|slow_period=200,both,all,REJECT,26,0.115385,0.183008,-0.003902,-0.003902,-0.099817,-7.682822,-3.687509,0.026026,37.961538,-0.096987,-0.096987,-0.086017,-0.004002,0.269958,,,binance_rest
run_20260429_072220_0b956c,BTC/USDT,crypto,M15,trend_momentum,ema_cross,adx_min=0|fast_period=10|rsi_confirm=True|slow_period=200,both,all,REJECT,20,0.150000,0.237963,-0.003638,-0.003638,-0.073548,-5.985834,-2.733186,0.020020,40.300000,-0.070635,-0.070635,-0.066901,-0.004002,0.237947,,,binance_rest
run_20260429_072220_0b956c,BTC/USDT,crypto,M15,trend_momentum,ema_cross,adx_min=20|fast_period=10|rsi_confirm=False|slow_period=200,both,all,REJECT,25,0.080000,0.051014,-0.004706,-0.004706,-0.114163,-10.218060,-6.488270,0.025025,33.760000,-0.111378,-0.111378,-0.100583,-0.004002,0.261937,,,binance_rest
run_20260429_072220_0b956c,BTC/USDT,crypto,M15,trend_momentum,ema_cross,adx_min=20|fast_period=10|rsi_confirm=True|slow_period=200,both,all,NEEDS_MORE_DATA,19,,,,,,,,,,,,,,1.000000,,only 19 trades < min 20,binance_rest
run_20260429_072220_0b956c,BTC/USDT,crypto,M15,trend_momentum,ema_cross,adx_min=25|fast_period=10|rsi_confirm=False|slow_period=200,both,all,NEEDS_MORE_DATA,19,,,,,,,,,,,,,,1.000000,,only 19 trades < min 20,binance_rest
run_20260429_072220_0b956c,BTC/USDT,crypto,M15,trend_momentum,ema_cross,adx_min=25|fast_period=10|rsi_confirm=True|slow_period=200,both,all,NEEDS_MORE_DATA,14,,,,,,,,,,,,,,,,only 14 trades < min 20,binance_rest
run_20260429_072220_0b956c,BTC/USDT,crypto,M15,trend_momentum,ema_cross,adx_min=0|fast_period=20|rsi_confirm=False|slow_period=50,both,all,REJECT,22,0.136364,0.350102,-0.003984,-0.003984,-0.096629,-4.722175,-2.002517,0.022022,44.363636,-0.084964,-0.084964,-0.088228,0.010642,0.232000,,,binance_rest
run_20260429_072220_0b956c,BTC/USDT,crypto,M15,trend_momentum,ema_cross,adx_min=0|fast_period=20|rsi_confirm=True|slow_period=50,both,all,NEEDS_MORE_DATA,19,,,,,,,,,,,,,,1.000000,,only 19 trades < min 20,binance_rest
run_20260429_072220_0b956c,BTC/USDT,crypto,M15,trend_momentum,ema_cross,adx_min=20|fast_period=20|rsi_confirm=False|slow_period=50,both,all,REJECT,22,0.136364,0.350102,-0.003984,-0.003984,-0.096629,-4.722175,-2.002517,0.022022,44.363636,-0.084964,-0.084964,-0.088228,0.010642,0.232000,,,binance_rest
run_20260429_072220_0b956c,BTC/USDT,crypto,M15,trend_momentum,ema_cross,adx_min=20|fast_period=20|rsi_confirm=True|slow_period=50,both,all,NEEDS_MORE_DATA,19,,,,,,,,,,,,,,1.000000,,only 19 trades < min 20,binance_rest
run_20260429_072220_0b956c,BTC/USDT,crypto,M15,trend_momentum,ema_cross,adx_min=25|fast_period=20|rsi_confirm=False|slow_period=50,both,all,REJECT,20,0.100000,0.177206,-0.005253,-0.005253,-0.111931,-6.718820,-3.225117,0.020020,43.600000,-0.100463,-0.100463,-0.109936,0.010642,0.220000,,,binance_rest
run_20260429_072220_0b956c,BTC/USDT,crypto,M15,trend_momentum,ema_cross,adx_min=25|fast_period=20|rsi_confirm=True|slow_period=50,both,all,NEEDS_MORE_DATA,17,,,,,,,,,,,,,,1.000000,,only 17 trades < min 20,binance_rest
run_20260429_072220_0b956c,BTC/USDT,crypto,M15,trend_momentum,ema_cross,adx_min=0|fast_period=20|rsi_confirm=False|slow_period=100,both,all,REJECT,26,0.076923,0.141475,-0.005771,-0.005771,-0.145785,-8.450124,-4.291483,0.026026,37.846154,-0.140227,-0.140227,-0.128241,-0.001411,0.259300,,,binance_rest
run_20260429_072220_0b956c,BTC/USDT,crypto,M15,trend_momentum,ema_cross,adx_min=0|fast_period=20|rsi_confirm=True|slow_period=100,both,all,REJECT,23,0.086957,0.154853,-0.005867,-0.005867,-0.132754,-7.745641,-3.871092,0.023023,40.347826,-0.127112,-0.127112,-0.114943,-0.001411,0.241682,,,binance_rest
run_20260429_072220_0b956c,BTC/USDT,crypto,M15,trend_momentum,ema_cross,adx_min=20|fast_period=20|rsi_confirm=False|slow_period=100,both,all,REJECT,26,0.076923,0.141475,-0.005771,-0.005771,-0.145785,-8.450124,-4.291483,0.026026,37.846154,-0.140227,-0.140227,-0.128241,-0.001411,0.259300,,,binance_rest
run_20260429_072220_0b956c,BTC/USDT,crypto,M15,trend_momentum,ema_cross,adx_min=20|fast_period=20|rsi_confirm=True|slow_period=100,both,all,REJECT,23,0.086957,0.154853,-0.005867,-0.005867,-0.132754,-7.745641,-3.871092,0.023023,40.347826,-0.127112,-0.127112,-0.114943,-0.001411,0.241682,,,binance_rest
run_20260429_072220_0b956c,BTC/USDT,crypto,M15,trend_momentum,ema_cross,adx_min=25|fast_period=20|rsi_confirm=False|slow_period=100,both,all,REJECT,26,0.076923,0.141475,-0.005771,-0.005771,-0.145785,-8.450124,-4.291483,0.026026,37.846154,-0.140227,-0.140227,-0.128241,-0.001411,0.259300,,,binance_rest
run_20260429_072220_0b956c,BTC/USDT,crypto,M15,trend_momentum,ema_cross,adx_min=25|fast_period=20|rsi_confirm=True|slow_period=100,both,all,REJECT,23,0.086957,0.154853,-0.005867,-0.005867,-0.132754,-7.745641,-3.871092,0.023023,40.347826,-0.127112,-0.127112,-0.114943,-0.001411,0.241682,,,binance_rest
run_20260429_072220_0b956c,BTC/USDT,crypto,M15,trend_momentum,ema_cross,adx_min=0|fast_period=20|rsi_confirm=False|slow_period=200,both,all,NEEDS_MORE_DATA,14,,,,,,,,,,,,,,1.000000,,only 14 trades < min 20,binance_rest
run_20260429_072220_0b956c,BTC/USDT,crypto,M15,trend_momentum,ema_cross,adx_min=0|fast_period=20|rsi_confirm=True|slow_period=200,both,all,NEEDS_MORE_DATA,11,,,,,,,,,,,,,,,,only 11 trades < min 20,binance_rest
run_20260429_072220_0b956c,BTC/USDT,crypto,M15,trend_momentum,ema_cross,adx_min=20|fast_period=20|rsi_confirm=False|slow_period=200,both,all,NEEDS_MORE_DATA,14,,,,,,,,,,,,,,1.000000,,only 14 trades < min 20,binance_rest
run_20260429_072220_0b956c,BTC/USDT,crypto,M15,trend_momentum,ema_cross,adx_min=20|fast_period=20|rsi_confirm=True|slow_period=200,both,all,NEEDS_MORE_DATA,11,,,,,,,,,,,,,,,,only 11 trades < min 20,binance_rest
run_20260429_072220_0b956c,BTC/USDT,crypto,M15,trend_momentum,ema_cross,adx_min=25|fast_period=20|rsi_confirm=False|slow_period=200,both,all,NEEDS_MORE_DATA,10,,,,,,,,,,,,,,,,only 10 trades < min 20,binance_rest
run_20260429_072220_0b956c,BTC/USDT,crypto,M15,trend_momentum,ema_cross,adx_min=25|fast_period=20|rsi_confirm=True|slow_period=200,both,all,NEEDS_MORE_DATA,7,,,,,,,,,,,,,,,,only 7 trades < min 20,binance_rest
run_20260429_072220_0b956c,BTC/USDT,crypto,M15,trend_momentum,ema_alignment,adx_min=0|ema_long=200|ema_mid=50|ema_short=20,both,all,REJECT,37,0.108108,0.087985,-0.003403,-0.003403,-0.118685,-11.254074,-6.237181,0.037037,10.783784,-0.118685,-0.118685,-0.099165,-0.019593,0.394608,,,binance_rest
run_20260429_072220_0b956c,BTC/USDT,crypto,M15,trend_momentum,ema_alignment,adx_min=20|ema_long=200|ema_mid=50|ema_short=20,both,all,REJECT,37,0.108108,0.087129,-0.003440,-0.003440,-0.119882,-11.324734,-6.316753,0.037037,10.324324,-0.119882,-0.119882,-0.100389,-0.019593,0.393885,,,binance_rest
run_20260429_072220_0b956c,BTC/USDT,crypto,M15,trend_momentum,ema_alignment,adx_min=25|ema_long=200|ema_mid=50|ema_short=20,both,all,REJECT,32,0.093750,0.058723,-0.003701,-0.003701,-0.112021,-11.087264,-6.586550,0.032032,10.375000,-0.112021,-0.112021,-0.090762,-0.021310,0.362437,,,binance_rest
run_20260429_072220_0b956c,BTC/USDT,crypto,M15,trend_momentum,macd_direction,adx_min=0|fast=12|signal_period=9|slow=26,both,all,REJECT,79,0.303797,0.442599,-0.001917,-0.001917,-0.145283,-6.671456,-2.716117,0.079079,12.594937,-0.141974,-0.141974,-0.094876,-0.046810,0.601348,,,binance_rest
run_20260429_072220_0b956c,BTC/USDT,crypto,M15,trend_momentum,macd_direction,adx_min=20|fast=12|signal_period=9|slow=26,both,all,REJECT,77,0.311688,0.455599,-0.001866,-0.001866,-0.138612,-6.370170,-2.586507,0.077077,12.623377,-0.135278,-0.135278,-0.087812,-0.046810,0.613254,,,binance_rest
run_20260429_072220_0b956c,BTC/USDT,crypto,M15,pullback,pullback_ema,pullback_period=20|rsi_reclaim=False|rsi_threshold=50|trend_period=200,both,all,REJECT,80,0.087500,0.099698,-0.002984,-0.002984,-0.213056,-15.189211,-7.692307,0.080080,6.000000,-0.213056,-0.213056,-0.187974,-0.028216,0.445032,,,binance_rest
run_20260429_072220_0b956c,BTC/USDT,crypto,M15,pullback,pullback_ema,pullback_period=20|rsi_reclaim=True|rsi_threshold=50|trend_period=200,both,all,REJECT,67,0.074627,0.099344,-0.003012,-0.003012,-0.183317,-14.085700,-7.236005,0.067067,5.970149,-0.183317,-0.183317,-0.159213,-0.025990,0.448973,,,binance_rest
run_20260429_072220_0b956c,BTC/USDT,crypto,M15,pullback,pullback_ema,pullback_period=50|rsi_reclaim=False|rsi_threshold=50|trend_period=200,both,all,REJECT,59,0.101695,0.308487,-0.002009,-0.002009,-0.112649,-6.906626,-2.869988,0.059059,10.627119,-0.112649,-0.112649,-0.093127,-0.018829,0.460656,,,binance_rest
run_20260429_072220_0b956c,BTC/USDT,crypto,M15,pullback,pullback_ema,pullback_period=50|rsi_reclaim=True|rsi_threshold=50|trend_period=200,both,all,REJECT,38,0.131579,0.510002,-0.001336,-0.001336,-0.075431,-3.181257,-1.267866,0.038038,13.894737,-0.050295,-0.050295,-0.037190,-0.010892,0.415864,,,binance_rest
run_20260429_072220_0b956c,BTC/USDT,crypto,M15,breakout,prev_day_hl,atr_expand_min=0.0,both,all,NEEDS_MORE_DATA,6,,,,,,,,,,,,,,1.000000,,only 6 trades < min 20,binance_rest
run_20260429_072220_0b956c,BTC/USDT,crypto,M15,breakout,prev_day_hl,atr_expand_min=0.5,both,all,NEEDS_MORE_DATA,6,,,,,,,,,,,,,,1.000000,,only 6 trades < min 20,binance_rest
run_20260429_072220_0b956c,BTC/USDT,crypto,M15,breakout,prev_day_hl,atr_expand_min=1.0,both,all,NEEDS_MORE_DATA,4,,,,,,,,,,,,,,1.000000,,only 4 trades < min 20,binance_rest
run_20260429_072220_0b956c,BTC/USDT,crypto,M15,breakout,session_opening_range,atr_expand_min=0.0|range_bars=6,both,all,REJECT,58,0.275862,0.515321,-0.001605,-0.001605,-0.102804,-4.801950,-1.932017,0.058058,16.965517,-0.090018,-0.090018,-0.052043,-0.034449,0.611914,,,binance_rest
run_20260429_072220_0b956c,BTC/USDT,crypto,M15,breakout,session_opening_range,atr_expand_min=0.5|range_bars=6,both,all,REJECT,58,0.275862,0.515321,-0.001605,-0.001605,-0.102804,-4.801950,-1.932017,0.058058,16.965517,-0.090018,-0.090018,-0.052043,-0.034449,0.611914,,,binance_rest
run_20260429_072220_0b956c,BTC/USDT,crypto,M15,breakout,session_opening_range,atr_expand_min=0.0|range_bars=12,both,all,REJECT,35,0.228571,0.399547,-0.003028,-0.003028,-0.113493,-4.950931,-2.042390,0.035035,27.371429,-0.101902,-0.101902,-0.060611,-0.037765,0.496920,,,binance_rest
run_20260429_072220_0b956c,BTC/USDT,crypto,M15,breakout,session_opening_range,atr_expand_min=0.5|range_bars=12,both,all,REJECT,35,0.228571,0.399547,-0.003028,-0.003028,-0.113493,-4.950931,-2.042390,0.035035,27.371429,-0.101902,-0.101902,-0.060611,-0.037765,0.496920,,,binance_rest
run_20260429_072220_0b956c,BTC/USDT,crypto,M15,breakout,london_breakout,atr_expand_min=0.0|utc_end=11|utc_start=7,both,all,NEEDS_MORE_DATA,10,,,,,,,,,,,,,,,,only 10 trades < min 20,binance_rest
run_20260429_072220_0b956c,BTC/USDT,crypto,M15,breakout,london_breakout,atr_expand_min=0.5|utc_end=11|utc_start=7,both,all,NEEDS_MORE_DATA,10,,,,,,,,,,,,,,,,only 10 trades < min 20,binance_rest
run_20260429_072220_0b956c,BTC/USDT,crypto,M15,breakout,ny_breakout,atr_expand_min=0.0|utc_end=16|utc_start=13,both,all,NEEDS_MORE_DATA,10,,,,,,,,,,,,,,1.000000,,only 10 trades < min 20,binance_rest
run_20260429_072220_0b956c,BTC/USDT,crypto,M15,breakout,ny_breakout,atr_expand_min=0.5|utc_end=16|utc_start=13,both,all,NEEDS_MORE_DATA,10,,,,,,,,,,,,,,1.000000,,only 10 trades < min 20,binance_rest
run_20260429_072220_0b956c,BTC/USDT,crypto,M15,mean_reversion,rsi_extreme,overbought=70|oversold=30|period=14,both,all,NEEDS_MORE_DATA,16,,,,,,,,,,,,,,1.000000,,only 16 trades < min 20,binance_rest
run_20260429_072220_0b956c,BTC/USDT,crypto,M15,mean_reversion,rsi_extreme,overbought=75|oversold=30|period=14,both,all,NEEDS_MORE_DATA,11,,,,,,,,,,,,,,,,only 11 trades < min 20,binance_rest
run_20260429_072220_0b956c,BTC/USDT,crypto,M15,mean_reversion,rsi_extreme,overbought=70|oversold=25|period=14,both,all,NEEDS_MORE_DATA,10,,,,,,,,,,,,,,,,only 10 trades < min 20,binance_rest
run_20260429_072220_0b956c,BTC/USDT,crypto,M15,mean_reversion,rsi_extreme,overbought=75|oversold=25|period=14,both,all,NEEDS_MORE_DATA,5,,,,,,,,,,,,,,,,only 5 trades < min 20,binance_rest
run_20260429_072220_0b956c,BTC/USDT,crypto,M15,mean_reversion,bollinger_touch,num_std=2.0|period=20,both,all,REJECT,42,0.571429,0.720925,-0.000712,-0.000712,-0.041022,-1.865946,-0.733433,0.042042,12.952381,-0.030273,-0.030273,-0.016494,-0.013564,0.692040,,,binance_rest
run_20260429_072220_0b956c,BTC/USDT,crypto,M15,mean_reversion,vwap_deviation,std_threshold=1.5,both,all,NEEDS_MORE_DATA,11,,,,,,,,,,,,,,1.000000,,only 11 trades < min 20,binance_rest
run_20260429_072220_0b956c,BTC/USDT,crypto,M15,mean_reversion,vwap_deviation,std_threshold=2.0,both,all,NEEDS_MORE_DATA,8,,,,,,,,,,,,,,,,only 8 trades < min 20,binance_rest
run_20260429_072220_0b956c,BTC/USDT,crypto,M15,engine_b_proxy,ob_bos,require_engulf=False|require_vol_expand=False|swing_period=5,both,all,NEEDS_MORE_DATA,19,,,,,,,,,,,,,,1.000000,,only 19 trades < min 20,binance_rest
run_20260429_072220_0b956c,BTC/USDT,crypto,M15,engine_b_proxy,ob_bos,require_engulf=False|require_vol_expand=True|swing_period=5,both,all,NEEDS_MORE_DATA,17,,,,,,,,,,,,,,1.000000,,only 17 trades < min 20,binance_rest
run_20260429_072220_0b956c,BTC/USDT,crypto,M15,engine_b_proxy,ob_bos,require_engulf=True|require_vol_expand=False|swing_period=5,both,all,NEEDS_MORE_DATA,16,,,,,,,,,,,,,,1.000000,,only 16 trades < min 20,binance_rest
run_20260429_072220_0b956c,BTC/USDT,crypto,M15,engine_b_proxy,ob_bos,require_engulf=True|require_vol_expand=True|swing_period=5,both,all,NEEDS_MORE_DATA,15,,,,,,,,,,,,,,1.000000,,only 15 trades < min 20,binance_rest
run_20260429_072220_0b956c,BTC/USDT,crypto,M15,engine_b_proxy,ob_bos,require_engulf=False|require_vol_expand=False|swing_period=10,both,all,NEEDS_MORE_DATA,13,,,,,,,,,,,,,,,,only 13 trades < min 20,binance_rest
run_20260429_072220_0b956c,BTC/USDT,crypto,M15,engine_b_proxy,ob_bos,require_engulf=False|require_vol_expand=True|swing_period=10,both,all,NEEDS_MORE_DATA,13,,,,,,,,,,,,,,,,only 13 trades < min 20,binance_rest
run_20260429_072220_0b956c,BTC/USDT,crypto,M15,engine_b_proxy,ob_bos,require_engulf=True|require_vol_expand=False|swing_period=10,both,all,NEEDS_MORE_DATA,12,,,,,,,,,,,,,,,,only 12 trades < min 20,binance_rest
run_20260429_072220_0b956c,BTC/USDT,crypto,M15,engine_b_proxy,ob_bos,require_engulf=True|require_vol_expand=True|swing_period=10,both,all,NEEDS_MORE_DATA,12,,,,,,,,,,,,,,,,only 12 trades < min 20,binance_rest
run_20260429_072220_0b956c,BTC/USDT,crypto,M15,engine_b_proxy,structure_filters,fvg_detection=False|strong_close_pct=0.7,both,all,REJECT,326,0.131902,0.176832,-0.002025,-0.002025,-0.484595,-28.451884,-12.880678,0.326326,2.963190,-0.484203,-0.484203,-0.397819,-0.144071,0.521979,,,binance_rest
run_20260429_072220_0b956c,BTC/USDT,crypto,M15,engine_b_proxy,structure_filters,fvg_detection=True|strong_close_pct=0.7,both,all,REJECT,35,0.228571,0.425061,-0.001795,-0.001795,-0.064961,-3.788291,-1.526801,0.035035,12.314286,-0.061732,-0.061732,-0.046534,-0.023719,0.462912,,,binance_rest
run_20260429_072220_0b956c,BTC/USDT,crypto,M15,engine_b_proxy,structure_filters,fvg_detection=False|strong_close_pct=0.8,both,all,REJECT,246,0.146341,0.196346,-0.002083,-0.002083,-0.401930,-23.172813,-10.461294,0.246246,3.772358,-0.401930,-0.401930,-0.324533,-0.117760,0.548858,,,binance_rest
run_20260429_072220_0b956c,BTC/USDT,crypto,M15,engine_b_proxy,structure_filters,fvg_detection=True|strong_close_pct=0.8,both,all,REJECT,27,0.296296,0.559679,-0.001353,-0.001353,-0.045705,-2.259480,-0.895378,0.027027,12.888889,-0.036700,-0.036700,-0.029608,-0.015154,0.415549,,,binance_rest
run_20260429_072220_0b956c,BNB/USDT,crypto,M15,trend_momentum,ema_cross,adx_min=0|fast_period=10|rsi_confirm=False|slow_period=50,both,all,REJECT,34,0.176471,0.234889,-0.003445,-0.003445,-0.111728,-8.601767,-4.077688,0.034034,27.823529,-0.111079,-0.111079,-0.083088,-0.032554,0.421540,,,binance_rest
run_20260429_072220_0b956c,BNB/USDT,crypto,M15,trend_momentum,ema_cross,adx_min=0|fast_period=10|rsi_confirm=True|slow_period=50,both,all,REJECT,32,0.156250,0.204630,-0.003678,-0.003678,-0.111551,-8.865440,-4.339062,0.032032,27.562500,-0.111551,-0.111551,-0.083574,-0.032554,0.408856,,,binance_rest
run_20260429_072220_0b956c,BNB/USDT,crypto,M15,trend_momentum,ema_cross,adx_min=20|fast_period=10|rsi_confirm=False|slow_period=50,both,all,REJECT,33,0.181818,0.242516,-0.003404,-0.003404,-0.107431,-8.322073,-3.913237,0.033033,28.151515,-0.106778,-0.106778,-0.078652,-0.032554,0.422170,,,binance_rest
run_20260429_072220_0b956c,BNB/USDT,crypto,M15,trend_momentum,ema_cross,adx_min=20|fast_period=10|rsi_confirm=True|slow_period=50,both,all,REJECT,31,0.161290,0.211513,-0.003641,-0.003641,-0.107252,-8.582933,-4.163634,0.031031,27.903226,-0.107252,-0.107252,-0.079141,-0.032554,0.409402,,,binance_rest
run_20260429_072220_0b956c,BNB/USDT,crypto,M15,trend_momentum,ema_cross,adx_min=25|fast_period=10|rsi_confirm=False|slow_period=50,both,all,REJECT,23,0.217391,0.325425,-0.003052,-0.003052,-0.068924,-5.812263,-2.569432,0.023023,32.304348,-0.068243,-0.068243,-0.043190,-0.026183,0.419869,,,binance_rest
run_20260429_072220_0b956c,BNB/USDT,crypto,M15,trend_momentum,ema_cross,adx_min=25|fast_period=10|rsi_confirm=True|slow_period=50,both,all,REJECT,21,0.190476,0.284860,-0.003370,-0.003370,-0.068737,-6.052259,-2.749782,0.021021,32.333333,-0.068737,-0.068737,-0.043698,-0.026183,0.405756,,,binance_rest
run_20260429_072220_0b956c,BNB/USDT,crypto,M15,trend_momentum,ema_cross,adx_min=0|fast_period=10|rsi_confirm=False|slow_period=100,both,all,REJECT,24,0.208333,0.218731,-0.003221,-0.003221,-0.077187,-7.144105,-3.376596,0.024024,40.666667,-0.074753,-0.074753,-0.055235,-0.022905,0.368405,,,binance_rest
run_20260429_072220_0b956c,BNB/USDT,crypto,M15,trend_momentum,ema_cross,adx_min=0|fast_period=10|rsi_confirm=True|slow_period=100,both,all,REJECT,21,0.190476,0.215324,-0.003420,-0.003420,-0.074862,-6.787878,-3.234504,0.021021,40.047619,-0.069638,-0.069638,-0.052399,-0.020443,0.343044,,,binance_rest
run_20260429_072220_0b956c,BNB/USDT,crypto,M15,trend_momentum,ema_cross,adx_min=20|fast_period=10|rsi_confirm=False|slow_period=100,both,all,REJECT,23,0.217391,0.228998,-0.003168,-0.003168,-0.073074,-6.817264,-3.186243,0.023023,41.739130,-0.070630,-0.070630,-0.051025,-0.022905,0.372669,,,binance_rest
run_20260429_072220_0b956c,BNB/USDT,crypto,M15,trend_momentum,ema_cross,adx_min=20|fast_period=10|rsi_confirm=True|slow_period=100,both,all,REJECT,20,0.200000,0.226294,-0.003369,-0.003369,-0.070739,-6.451080,-3.036742,0.020020,41.250000,-0.065492,-0.065492,-0.048177,-0.020443,0.347303,,,binance_rest
run_20260429_072220_0b956c,BNB/USDT,crypto,M15,trend_momentum,ema_cross,adx_min=25|fast_period=10|rsi_confirm=False|slow_period=100,both,all,NEEDS_MORE_DATA,16,,,,,,,,,,,,,,1.000000,,only 16 trades < min 20,binance_rest
run_20260429_072220_0b956c,BNB/USDT,crypto,M15,trend_momentum,ema_cross,adx_min=25|fast_period=10|rsi_confirm=True|slow_period=100,both,all,NEEDS_MORE_DATA,13,,,,,,,,,,,,,,1.000000,,only 13 trades < min 20,binance_rest
run_20260429_072220_0b956c,BNB/USDT,crypto,M15,trend_momentum,ema_cross,adx_min=0|fast_period=10|rsi_confirm=False|slow_period=200,both,all,NEEDS_MORE_DATA,18,,,,,,,,,,,,,,1.000000,,only 18 trades < min 20,binance_rest
run_20260429_072220_0b956c,BNB/USDT,crypto,M15,trend_momentum,ema_cross,adx_min=0|fast_period=10|rsi_confirm=True|slow_period=200,both,all,NEEDS_MORE_DATA,15,,,,,,,,,,,,,,1.000000,,only 15 trades < min 20,binance_rest
run_20260429_072220_0b956c,BNB/USDT,crypto,M15,trend_momentum,ema_cross,adx_min=20|fast_period=10|rsi_confirm=False|slow_period=200,both,all,NEEDS_MORE_DATA,18,,,,,,,,,,,,,,1.000000,,only 18 trades < min 20,binance_rest
run_20260429_072220_0b956c,BNB/USDT,crypto,M15,trend_momentum,ema_cross,adx_min=20|fast_period=10|rsi_confirm=True|slow_period=200,both,all,NEEDS_MORE_DATA,15,,,,,,,,,,,,,,1.000000,,only 15 trades < min 20,binance_rest
run_20260429_072220_0b956c,BNB/USDT,crypto,M15,trend_momentum,ema_cross,adx_min=25|fast_period=10|rsi_confirm=False|slow_period=200,both,all,NEEDS_MORE_DATA,14,,,,,,,,,,,,,,1.000000,,only 14 trades < min 20,binance_rest
run_20260429_072220_0b956c,BNB/USDT,crypto,M15,trend_momentum,ema_cross,adx_min=25|fast_period=10|rsi_confirm=True|slow_period=200,both,all,NEEDS_MORE_DATA,11,,,,,,,,,,,,,,,,only 11 trades < min 20,binance_rest
run_20260429_072220_0b956c,BNB/USDT,crypto,M15,trend_momentum,ema_cross,adx_min=0|fast_period=20|rsi_confirm=False|slow_period=50,both,all,REJECT,24,0.250000,0.230466,-0.003452,-0.003452,-0.079975,-6.627344,-3.035761,0.024024,39.666667,-0.079975,-0.079975,-0.068137,-0.014475,0.307730,,,binance_rest
run_20260429_072220_0b956c,BNB/USDT,crypto,M15,trend_momentum,ema_cross,adx_min=0|fast_period=20|rsi_confirm=True|slow_period=50,both,all,REJECT,22,0.227273,0.215074,-0.003658,-0.003658,-0.077784,-6.555376,-3.042702,0.022022,40.181818,-0.077784,-0.077784,-0.065917,-0.014475,0.297876,,,binance_rest
run_20260429_072220_0b956c,BNB/USDT,crypto,M15,trend_momentum,ema_cross,adx_min=20|fast_period=20|rsi_confirm=False|slow_period=50,both,all,REJECT,23,0.260870,0.239715,-0.003421,-0.003421,-0.076138,-6.345246,-2.883676,0.023023,40.521739,-0.076138,-0.076138,-0.064250,-0.014475,0.305586,,,binance_rest
run_20260429_072220_0b956c,BNB/USDT,crypto,M15,trend_momentum,ema_cross,adx_min=20|fast_period=20|rsi_confirm=True|slow_period=50,both,all,REJECT,21,0.238095,0.224155,-0.003634,-0.003634,-0.073938,-6.268525,-2.885272,0.021021,41.142857,-0.073938,-0.073938,-0.062021,-0.014475,0.296014,,,binance_rest
run_20260429_072220_0b956c,BNB/USDT,crypto,M15,trend_momentum,ema_cross,adx_min=25|fast_period=20|rsi_confirm=False|slow_period=50,both,all,NEEDS_MORE_DATA,18,,,,,,,,,,,,,,1.000000,,only 18 trades < min 20,binance_rest
run_20260429_072220_0b956c,BNB/USDT,crypto,M15,trend_momentum,ema_cross,adx_min=25|fast_period=20|rsi_confirm=True|slow_period=50,both,all,NEEDS_MORE_DATA,16,,,,,,,,,,,,,,1.000000,,only 16 trades < min 20,binance_rest
run_20260429_072220_0b956c,BNB/USDT,crypto,M15,trend_momentum,ema_cross,adx_min=0|fast_period=20|rsi_confirm=False|slow_period=100,both,all,NEEDS_MORE_DATA,18,,,,,,,,,,,,,,1.000000,,only 18 trades < min 20,binance_rest
run_20260429_072220_0b956c,BNB/USDT,crypto,M15,trend_momentum,ema_cross,adx_min=0|fast_period=20|rsi_confirm=True|slow_period=100,both,all,NEEDS_MORE_DATA,16,,,,,,,,,,,,,,1.000000,,only 16 trades < min 20,binance_rest
run_20260429_072220_0b956c,BNB/USDT,crypto,M15,trend_momentum,ema_cross,adx_min=20|fast_period=20|rsi_confirm=False|slow_period=100,both,all,NEEDS_MORE_DATA,18,,,,,,,,,,,,,,1.000000,,only 18 trades < min 20,binance_rest
run_20260429_072220_0b956c,BNB/USDT,crypto,M15,trend_momentum,ema_cross,adx_min=20|fast_period=20|rsi_confirm=True|slow_period=100,both,all,NEEDS_MORE_DATA,16,,,,,,,,,,,,,,1.000000,,only 16 trades < min 20,binance_rest
run_20260429_072220_0b956c,BNB/USDT,crypto,M15,trend_momentum,ema_cross,adx_min=25|fast_period=20|rsi_confirm=False|slow_period=100,both,all,NEEDS_MORE_DATA,13,,,,,,,,,,,,,,1.000000,,only 13 trades < min 20,binance_rest
run_20260429_072220_0b956c,BNB/USDT,crypto,M15,trend_momentum,ema_cross,adx_min=25|fast_period=20|rsi_confirm=True|slow_period=100,both,all,NEEDS_MORE_DATA,11,,,,,,,,,,,,,,1.000000,,only 11 trades < min 20,binance_rest
run_20260429_072220_0b956c,BNB/USDT,crypto,M15,trend_momentum,ema_cross,adx_min=0|fast_period=20|rsi_confirm=False|slow_period=200,both,all,NEEDS_MORE_DATA,14,,,,,,,,,,,,,,1.000000,,only 14 trades < min 20,binance_rest
run_20260429_072220_0b956c,BNB/USDT,crypto,M15,trend_momentum,ema_cross,adx_min=0|fast_period=20|rsi_confirm=True|slow_period=200,both,all,NEEDS_MORE_DATA,12,,,,,,,,,,,,,,,,only 12 trades < min 20,binance_rest
run_20260429_072220_0b956c,BNB/USDT,crypto,M15,trend_momentum,ema_cross,adx_min=20|fast_period=20|rsi_confirm=False|slow_period=200,both,all,NEEDS_MORE_DATA,14,,,,,,,,,,,,,,1.000000,,only 14 trades < min 20,binance_rest
run_20260429_072220_0b956c,BNB/USDT,crypto,M15,trend_momentum,ema_cross,adx_min=20|fast_period=20|rsi_confirm=True|slow_period=200,both,all,NEEDS_MORE_DATA,12,,,,,,,,,,,,,,,,only 12 trades < min 20,binance_rest
run_20260429_072220_0b956c,BNB/USDT,crypto,M15,trend_momentum,ema_cross,adx_min=25|fast_period=20|rsi_confirm=False|slow_period=200,both,all,NEEDS_MORE_DATA,14,,,,,,,,,,,,,,,,only 14 trades < min 20,binance_rest
run_20260429_072220_0b956c,BNB/USDT,crypto,M15,trend_momentum,ema_cross,adx_min=25|fast_period=20|rsi_confirm=True|slow_period=200,both,all,NEEDS_MORE_DATA,12,,,,,,,,,,,,,,,,only 12 trades < min 20,binance_rest
run_20260429_072220_0b956c,BNB/USDT,crypto,M15,trend_momentum,ema_alignment,adx_min=0|ema_long=200|ema_mid=50|ema_short=20,both,all,REJECT,34,0.058824,0.077971,-0.003053,-0.003053,-0.100782,-11.453598,-6.814564,0.034034,12.029412,-0.098831,-0.098831,-0.080586,-0.017037,0.380758,,,binance_rest
run_20260429_072220_0b956c,BNB/USDT,crypto,M15,trend_momentum,ema_alignment,adx_min=20|ema_long=200|ema_mid=50|ema_short=20,both,all,REJECT,29,0.068966,0.087503,-0.003156,-0.003156,-0.089674,-10.377752,-6.046175,0.029029,13.379310,-0.087699,-0.087699,-0.069229,-0.017037,0.361163,,,binance_rest
run_20260429_072220_0b956c,BNB/USDT,crypto,M15,trend_momentum,ema_alignment,adx_min=25|ema_long=200|ema_mid=50|ema_short=20,both,all,REJECT,22,0.090909,0.113224,-0.003125,-0.003125,-0.068650,-8.588535,-4.747315,0.022022,14.954545,-0.066629,-0.066629,-0.047733,-0.017037,0.339079,,,binance_rest
run_20260429_072220_0b956c,BNB/USDT,crypto,M15,trend_momentum,macd_direction,adx_min=0|fast=12|signal_period=9|slow=26,both,all,REJECT,83,0.180723,0.340438,-0.002342,-0.002342,-0.180857,-9.547398,-4.054468,0.083083,11.987952,-0.177760,-0.177760,-0.090622,-0.090642,0.753268,,,binance_rest
run_20260429_072220_0b956c,BNB/USDT,crypto,M15,trend_momentum,macd_direction,adx_min=20|fast=12|signal_period=9|slow=26,both,all,REJECT,74,0.175676,0.309795,-0.002549,-0.002549,-0.176062,-9.674035,-4.170391,0.074074,12.013514,-0.172947,-0.172947,-0.085299,-0.090642,0.734543,,,binance_rest
run_20260429_072220_0b956c,BNB/USDT,crypto,M15,pullback,pullback_ema,pullback_period=20|rsi_reclaim=False|rsi_threshold=50|trend_period=200,both,all,REJECT,74,0.121622,0.231893,-0.001951,-0.001951,-0.138724,-11.352220,-5.107879,0.074074,6.081081,-0.134895,-0.134895,-0.076869,-0.060564,0.636367,,,binance_rest
run_20260429_072220_0b956c,BNB/USDT,crypto,M15,pullback,pullback_ema,pullback_period=20|rsi_reclaim=True|rsi_threshold=50|trend_period=200,both,all,REJECT,68,0.117647,0.199238,-0.002020,-0.002020,-0.128960,-11.641172,-5.372673,0.068068,5.750000,-0.128734,-0.128734,-0.074546,-0.056248,0.626360,,,binance_rest
run_20260429_072220_0b956c,BNB/USDT,crypto,M15,pullback,pullback_ema,pullback_period=50|rsi_reclaim=False|rsi_threshold=50|trend_period=200,both,all,REJECT,57,0.070175,0.216505,-0.002374,-0.002374,-0.129216,-9.974713,-4.503331,0.057057,9.807018,-0.127086,-0.127086,-0.106027,-0.023557,0.466653,,,binance_rest
run_20260429_072220_0b956c,BNB/USDT,crypto,M15,pullback,pullback_ema,pullback_period=50|rsi_reclaim=True|rsi_threshold=50|trend_period=200,both,all,REJECT,44,0.068182,0.236169,-0.002225,-0.002225,-0.102629,-8.028092,-3.537006,0.044044,10.681818,-0.093691,-0.093691,-0.076519,-0.018595,0.436903,,,binance_rest
run_20260429_072220_0b956c,BNB/USDT,crypto,M15,breakout,prev_day_hl,atr_expand_min=0.0,both,all,NEEDS_MORE_DATA,5,,,,,,,,,,,,,,1.000000,,only 5 trades < min 20,binance_rest
run_20260429_072220_0b956c,BNB/USDT,crypto,M15,breakout,prev_day_hl,atr_expand_min=0.5,both,all,NEEDS_MORE_DATA,5,,,,,,,,,,,,,,1.000000,,only 5 trades < min 20,binance_rest
run_20260429_072220_0b956c,BNB/USDT,crypto,M15,breakout,prev_day_hl,atr_expand_min=1.0,both,all,NEEDS_MORE_DATA,5,,,,,,,,,,,,,,1.000000,,only 5 trades < min 20,binance_rest
run_20260429_072220_0b956c,BNB/USDT,crypto,M15,breakout,session_opening_range,atr_expand_min=0.0|range_bars=6,both,all,REJECT,68,0.176471,0.388310,-0.002028,-0.002028,-0.146057,-7.027199,-2.899145,0.068068,14.485294,-0.129926,-0.129926,-0.035014,-0.094963,0.413333,,,binance_rest
run_20260429_072220_0b956c,BNB/USDT,crypto,M15,breakout,session_opening_range,atr_expand_min=0.5|range_bars=6,both,all,REJECT,68,0.176471,0.386556,-0.002043,-0.002043,-0.146057,-7.070622,-2.919145,0.068068,14.411765,-0.130818,-0.130818,-0.036004,-0.094963,0.413333,,,binance_rest
run_20260429_072220_0b956c,BNB/USDT,crypto,M15,breakout,session_opening_range,atr_expand_min=0.0|range_bars=12,both,all,REJECT,37,0.243243,0.457077,-0.002176,-0.002176,-0.084444,-4.896007,-2.010867,0.037037,25.351351,-0.078183,-0.078183,-0.054689,-0.017985,0.420656,,,binance_rest
run_20260429_072220_0b956c,BNB/USDT,crypto,M15,breakout,session_opening_range,atr_expand_min=0.5|range_bars=12,both,all,REJECT,37,0.243243,0.457077,-0.002176,-0.002176,-0.084444,-4.896007,-2.010867,0.037037,25.351351,-0.078183,-0.078183,-0.054689,-0.017985,0.420656,,,binance_rest
run_20260429_072220_0b956c,BNB/USDT,crypto,M15,breakout,london_breakout,atr_expand_min=0.0|utc_end=11|utc_start=7,both,all,NEEDS_MORE_DATA,12,,,,,,,,,,,,,,,,only 12 trades < min 20,binance_rest
run_20260429_072220_0b956c,BNB/USDT,crypto,M15,breakout,london_breakout,atr_expand_min=0.5|utc_end=11|utc_start=7,both,all,NEEDS_MORE_DATA,12,,,,,,,,,,,,,,,,only 12 trades < min 20,binance_rest
run_20260429_072220_0b956c,BNB/USDT,crypto,M15,breakout,ny_breakout,atr_expand_min=0.0|utc_end=16|utc_start=13,both,all,NEEDS_MORE_DATA,13,,,,,,,,,,,,,,1.000000,,only 13 trades < min 20,binance_rest
run_20260429_072220_0b956c,BNB/USDT,crypto,M15,breakout,ny_breakout,atr_expand_min=0.5|utc_end=16|utc_start=13,both,all,NEEDS_MORE_DATA,13,,,,,,,,,,,,,,1.000000,,only 13 trades < min 20,binance_rest
run_20260429_072220_0b956c,BNB/USDT,crypto,M15,mean_reversion,rsi_extreme,overbought=70|oversold=30|period=14,both,all,NEEDS_MORE_DATA,13,,,,,,,,,,,,,,1.000000,,only 13 trades < min 20,binance_rest
run_20260429_072220_0b956c,BNB/USDT,crypto,M15,mean_reversion,rsi_extreme,overbought=75|oversold=30|period=14,both,all,NEEDS_MORE_DATA,9,,,,,,,,,,,,,,,,only 9 trades < min 20,binance_rest
run_20260429_072220_0b956c,BNB/USDT,crypto,M15,mean_reversion,rsi_extreme,overbought=70|oversold=25|period=14,both,all,NEEDS_MORE_DATA,9,,,,,,,,,,,,,,,,only 9 trades < min 20,binance_rest
run_20260429_072220_0b956c,BNB/USDT,crypto,M15,mean_reversion,rsi_extreme,overbought=75|oversold=25|period=14,both,all,NEEDS_MORE_DATA,5,,,,,,,,,,,,,,,,only 5 trades < min 20,binance_rest
run_20260429_072220_0b956c,BNB/USDT,crypto,M15,mean_reversion,bollinger_touch,num_std=2.0|period=20,both,all,REJECT,35,0.514286,0.387767,-0.001559,-0.001559,-0.060366,-4.599708,-1.882744,0.035035,13.885714,-0.053546,-0.053546,-0.042183,-0.011863,0.487699,,,binance_rest
run_20260429_072220_0b956c,BNB/USDT,crypto,M15,mean_reversion,bollinger_touch,num_std=2.5|period=20,both,all,REJECT,20,0.600000,0.944914,-0.000098,-0.000098,-0.028984,-0.239982,-0.093775,0.020020,13.950000,-0.002176,-0.002176,0.011581,-0.013600,0.353333,,,binance_rest
run_20260429_072220_0b956c,BNB/USDT,crypto,M15,mean_reversion,vwap_deviation,std_threshold=1.5,both,all,NEEDS_MORE_DATA,10,,,,,,,,,,,,,,1.000000,,only 10 trades < min 20,binance_rest
run_20260429_072220_0b956c,BNB/USDT,crypto,M15,mean_reversion,vwap_deviation,std_threshold=2.0,both,all,NEEDS_MORE_DATA,9,,,,,,,,,,,,,,,,only 9 trades < min 20,binance_rest
run_20260429_072220_0b956c,BNB/USDT,crypto,M15,engine_b_proxy,ob_bos,require_engulf=False|require_vol_expand=False|swing_period=5,both,all,NEEDS_MORE_DATA,19,,,,,,,,,,,,,,1.000000,,only 19 trades < min 20,binance_rest
run_20260429_072220_0b956c,BNB/USDT,crypto,M15,engine_b_proxy,ob_bos,require_engulf=False|require_vol_expand=True|swing_period=5,both,all,NEEDS_MORE_DATA,17,,,,,,,,,,,,,,1.000000,,only 17 trades < min 20,binance_rest
run_20260429_072220_0b956c,BNB/USDT,crypto,M15,engine_b_proxy,ob_bos,require_engulf=True|require_vol_expand=False|swing_period=5,both,all,NEEDS_MORE_DATA,17,,,,,,,,,,,,,,1.000000,,only 17 trades < min 20,binance_rest
run_20260429_072220_0b956c,BNB/USDT,crypto,M15,engine_b_proxy,ob_bos,require_engulf=True|require_vol_expand=True|swing_period=5,both,all,NEEDS_MORE_DATA,15,,,,,,,,,,,,,,1.000000,,only 15 trades < min 20,binance_rest
run_20260429_072220_0b956c,BNB/USDT,crypto,M15,engine_b_proxy,ob_bos,require_engulf=False|require_vol_expand=False|swing_period=10,both,all,NEEDS_MORE_DATA,9,,,,,,,,,,,,,,,,only 9 trades < min 20,binance_rest
run_20260429_072220_0b956c,BNB/USDT,crypto,M15,engine_b_proxy,ob_bos,require_engulf=False|require_vol_expand=True|swing_period=10,both,all,NEEDS_MORE_DATA,9,,,,,,,,,,,,,,,,only 9 trades < min 20,binance_rest
run_20260429_072220_0b956c,BNB/USDT,crypto,M15,engine_b_proxy,ob_bos,require_engulf=True|require_vol_expand=False|swing_period=10,both,all,NEEDS_MORE_DATA,8,,,,,,,,,,,,,,,,only 8 trades < min 20,binance_rest
run_20260429_072220_0b956c,BNB/USDT,crypto,M15,engine_b_proxy,ob_bos,require_engulf=True|require_vol_expand=True|swing_period=10,both,all,NEEDS_MORE_DATA,7,,,,,,,,,,,,,,,,only 7 trades < min 20,binance_rest
run_20260429_072220_0b956c,BNB/USDT,crypto,M15,engine_b_proxy,structure_filters,fvg_detection=False|strong_close_pct=0.7,both,all,REJECT,324,0.138889,0.161073,-0.001785,-0.001785,-0.439940,-30.104335,-13.942514,0.324324,3.003086,-0.439940,-0.439940,-0.320680,-0.175614,0.577622,,,binance_rest
run_20260429_072220_0b956c,BNB/USDT,crypto,M15,engine_b_proxy,structure_filters,fvg_detection=True|strong_close_pct=0.7,both,all,REJECT,33,0.393939,0.772656,-0.000436,-0.000436,-0.031613,-1.410596,-0.553550,0.033033,13.575758,-0.014604,-0.014604,0.008113,-0.022534,0.298000,,,binance_rest
run_20260429_072220_0b956c,BNB/USDT,crypto,M15,engine_b_proxy,structure_filters,fvg_detection=False|strong_close_pct=0.8,both,all,REJECT,237,0.130802,0.156144,-0.001950,-0.001950,-0.370892,-24.590331,-11.457990,0.237237,3.962025,-0.370892,-0.370892,-0.271675,-0.136285,0.590494,,,binance_rest
run_20260429_072220_0b956c,BNB/USDT,crypto,M15,engine_b_proxy,structure_filters,fvg_detection=True|strong_close_pct=0.8,both,all,REJECT,20,0.350000,0.747636,-0.000549,-0.000549,-0.021595,-1.248833,-0.490756,0.020020,15.600000,-0.011163,-0.011163,0.010663,-0.021595,0.220000,,,binance_rest
run_20260429_072220_0b956c,ETH/USDT,crypto,M15,trend_momentum,ema_cross,adx_min=0|fast_period=10|rsi_confirm=False|slow_period=50,both,all,REJECT,34,0.147059,0.299315,-0.003371,-0.003371,-0.109173,-6.560593,-2.841933,0.034034,28.705882,-0.109173,-0.109173,-0.084144,-0.017110,0.365001,,,binance_rest
run_20260429_072220_0b956c,ETH/USDT,crypto,M15,trend_momentum,ema_cross,adx_min=0|fast_period=10|rsi_confirm=True|slow_period=50,both,all,REJECT,31,0.129032,0.298773,-0.003508,-0.003508,-0.103927,-6.294545,-2.730688,0.031031,29.677419,-0.103927,-0.103927,-0.078751,-0.017110,0.351179,,,binance_rest
run_20260429_072220_0b956c,ETH/USDT,crypto,M15,trend_momentum,ema_cross,adx_min=20|fast_period=10|rsi_confirm=False|slow_period=50,both,all,REJECT,26,0.153846,0.189824,-0.004159,-0.004159,-0.103093,-7.670520,-3.678607,0.026026,32.038462,-0.103093,-0.103093,-0.077894,-0.017110,0.321896,,,binance_rest
run_20260429_072220_0b956c,ETH/USDT,crypto,M15,trend_momentum,ema_cross,adx_min=20|fast_period=10|rsi_confirm=True|slow_period=50,both,all,REJECT,23,0.130435,0.181734,-0.004448,-0.004448,-0.097811,-7.380071,-3.584734,0.023023,33.782609,-0.097811,-0.097811,-0.072463,-0.017110,0.308835,,,binance_rest
run_20260429_072220_0b956c,ETH/USDT,crypto,M15,trend_momentum,ema_cross,adx_min=25|fast_period=10|rsi_confirm=False|slow_period=50,both,all,NEEDS_MORE_DATA,19,,,,,,,,,,,,,,1.000000,,only 19 trades < min 20,binance_rest
run_20260429_072220_0b956c,ETH/USDT,crypto,M15,trend_momentum,ema_cross,adx_min=25|fast_period=10|rsi_confirm=True|slow_period=50,both,all,NEEDS_MORE_DATA,16,,,,,,,,,,,,,,1.000000,,only 16 trades < min 20,binance_rest
run_20260429_072220_0b956c,ETH/USDT,crypto,M15,trend_momentum,ema_cross,adx_min=0|fast_period=10|rsi_confirm=False|slow_period=100,both,all,REJECT,24,0.166667,0.604170,-0.001805,-0.001805,-0.047757,-2.616439,-1.044605,0.024024,40.916667,-0.043241,-0.043241,-0.029743,-0.004940,0.293824,,,binance_rest
run_20260429_072220_0b956c,ETH/USDT,crypto,M15,trend_momentum,ema_cross,adx_min=0|fast_period=10|rsi_confirm=True|slow_period=100,both,all,REJECT,21,0.142857,0.501431,-0.002397,-0.002397,-0.049803,-3.305270,-1.344595,0.021021,40.238095,-0.049803,-0.049803,-0.036397,-0.004940,0.266714,,,binance_rest
run_20260429_072220_0b956c,ETH/USDT,crypto,M15,trend_momentum,ema_cross,adx_min=20|fast_period=10|rsi_confirm=False|slow_period=100,both,all,NEEDS_MORE_DATA,19,,,,,,,,,,,,,,1.000000,,only 19 trades < min 20,binance_rest
run_20260429_072220_0b956c,ETH/USDT,crypto,M15,trend_momentum,ema_cross,adx_min=20|fast_period=10|rsi_confirm=True|slow_period=100,both,all,NEEDS_MORE_DATA,16,,,,,,,,,,,,,,1.000000,,only 16 trades < min 20,binance_rest
run_20260429_072220_0b956c,ETH/USDT,crypto,M15,trend_momentum,ema_cross,adx_min=25|fast_period=10|rsi_confirm=False|slow_period=100,both,all,NEEDS_MORE_DATA,18,,,,,,,,,,,,,,1.000000,,only 18 trades < min 20,binance_rest
run_20260429_072220_0b956c,ETH/USDT,crypto,M15,trend_momentum,ema_cross,adx_min=25|fast_period=10|rsi_confirm=True|slow_period=100,both,all,NEEDS_MORE_DATA,15,,,,,,,,,,,,,,1.000000,,only 15 trades < min 20,binance_rest
run_20260429_072220_0b956c,ETH/USDT,crypto,M15,trend_momentum,ema_cross,adx_min=0|fast_period=10|rsi_confirm=False|slow_period=200,both,all,NEEDS_MORE_DATA,12,,,,,,,,,,,,,,1.000000,,only 12 trades < min 20,binance_rest
run_20260429_072220_0b956c,ETH/USDT,crypto,M15,trend_momentum,ema_cross,adx_min=0|fast_period=10|rsi_confirm=True|slow_period=200,both,all,NEEDS_MORE_DATA,9,,,,,,,,,,,,,,1.000000,,only 9 trades < min 20,binance_rest
run_20260429_072220_0b956c,ETH/USDT,crypto,M15,trend_momentum,ema_cross,adx_min=20|fast_period=10|rsi_confirm=False|slow_period=200,both,all,NEEDS_MORE_DATA,11,,,,,,,,,,,,,,1.000000,,only 11 trades < min 20,binance_rest
run_20260429_072220_0b956c,ETH/USDT,crypto,M15,trend_momentum,ema_cross,adx_min=20|fast_period=10|rsi_confirm=True|slow_period=200,both,all,NEEDS_MORE_DATA,8,,,,,,,,,,,,,,1.000000,,only 8 trades < min 20,binance_rest
run_20260429_072220_0b956c,ETH/USDT,crypto,M15,trend_momentum,ema_cross,adx_min=25|fast_period=10|rsi_confirm=False|slow_period=200,both,all,NEEDS_MORE_DATA,10,,,,,,,,,,,,,,1.000000,,only 10 trades < min 20,binance_rest
run_20260429_072220_0b956c,ETH/USDT,crypto,M15,trend_momentum,ema_cross,adx_min=25|fast_period=10|rsi_confirm=True|slow_period=200,both,all,NEEDS_MORE_DATA,7,,,,,,,,,,,,,,,,only 7 trades < min 20,binance_rest
run_20260429_072220_0b956c,ETH/USDT,crypto,M15,trend_momentum,ema_cross,adx_min=0|fast_period=20|rsi_confirm=False|slow_period=50,both,all,REJECT,30,0.200000,0.412083,-0.002569,-0.002569,-0.084623,-5.163464,-2.164642,0.030030,31.533333,-0.074851,-0.074851,-0.071750,0.006775,0.280000,,,binance_rest
run_20260429_072220_0b956c,ETH/USDT,crypto,M15,trend_momentum,ema_cross,adx_min=0|fast_period=20|rsi_confirm=True|slow_period=50,both,all,REJECT,27,0.185185,0.419616,-0.002636,-0.002636,-0.083476,-4.839453,-2.025600,0.027027,32.777778,-0.069353,-0.069353,-0.066234,0.006775,0.262000,,,binance_rest
run_20260429_072220_0b956c,ETH/USDT,crypto,M15,trend_momentum,ema_cross,adx_min=20|fast_period=20|rsi_confirm=False|slow_period=50,both,all,REJECT,25,0.200000,0.327141,-0.003026,-0.003026,-0.083151,-5.918019,-2.598690,0.025025,32.640000,-0.073364,-0.073364,-0.070258,0.006775,0.250000,,,binance_rest
run_20260429_072220_0b956c,ETH/USDT,crypto,M15,trend_momentum,ema_cross,adx_min=20|fast_period=20|rsi_confirm=True|slow_period=50,both,all,REJECT,22,0.181818,0.329107,-0.003171,-0.003171,-0.079504,-5.568729,-2.448306,0.022022,34.318182,-0.067857,-0.067857,-0.064733,0.006775,0.232000,,,binance_rest
run_20260429_072220_0b956c,ETH/USDT,crypto,M15,trend_momentum,ema_cross,adx_min=25|fast_period=20|rsi_confirm=False|slow_period=50,both,all,NEEDS_MORE_DATA,18,,,,,,,,,,,,,,1.000000,,only 18 trades < min 20,binance_rest
run_20260429_072220_0b956c,ETH/USDT,crypto,M15,trend_momentum,ema_cross,adx_min=25|fast_period=20|rsi_confirm=True|slow_period=50,both,all,NEEDS_MORE_DATA,15,,,,,,,,,,,,,,1.000000,,only 15 trades < min 20,binance_rest
run_20260429_072220_0b956c,ETH/USDT,crypto,M15,trend_momentum,ema_cross,adx_min=0|fast_period=20|rsi_confirm=False|slow_period=100,both,all,NEEDS_MORE_DATA,18,,,,,,,,,,,,,,1.000000,,only 18 trades < min 20,binance_rest
run_20260429_072220_0b956c,ETH/USDT,crypto,M15,trend_momentum,ema_cross,adx_min=0|fast_period=20|rsi_confirm=True|slow_period=100,both,all,NEEDS_MORE_DATA,15,,,,,,,,,,,,,,1.000000,,only 15 trades < min 20,binance_rest
run_20260429_072220_0b956c,ETH/USDT,crypto,M15,trend_momentum,ema_cross,adx_min=20|fast_period=20|rsi_confirm=False|slow_period=100,both,all,NEEDS_MORE_DATA,17,,,,,,,,,,,,,,1.000000,,only 17 trades < min 20,binance_rest
run_20260429_072220_0b956c,ETH/USDT,crypto,M15,trend_momentum,ema_cross,adx_min=20|fast_period=20|rsi_confirm=True|slow_period=100,both,all,NEEDS_MORE_DATA,14,,,,,,,,,,,,,,1.000000,,only 14 trades < min 20,binance_rest
run_20260429_072220_0b956c,ETH/USDT,crypto,M15,trend_momentum,ema_cross,adx_min=25|fast_period=20|rsi_confirm=False|slow_period=100,both,all,NEEDS_MORE_DATA,16,,,,,,,,,,,,,,1.000000,,only 16 trades < min 20,binance_rest
run_20260429_072220_0b956c,ETH/USDT,crypto,M15,trend_momentum,ema_cross,adx_min=25|fast_period=20|rsi_confirm=True|slow_period=100,both,all,NEEDS_MORE_DATA,13,,,,,,,,,,,,,,1.000000,,only 13 trades < min 20,binance_rest
run_20260429_072220_0b956c,ETH/USDT,crypto,M15,trend_momentum,ema_cross,adx_min=0|fast_period=20|rsi_confirm=False|slow_period=200,both,all,NEEDS_MORE_DATA,12,,,,,,,,,,,,,,1.000000,,only 12 trades < min 20,binance_rest
run_20260429_072220_0b956c,ETH/USDT,crypto,M15,trend_momentum,ema_cross,adx_min=0|fast_period=20|rsi_confirm=True|slow_period=200,both,all,NEEDS_MORE_DATA,9,,,,,,,,,,,,,,,,only 9 trades < min 20,binance_rest
run_20260429_072220_0b956c,ETH/USDT,crypto,M15,trend_momentum,ema_cross,adx_min=20|fast_period=20|rsi_confirm=False|slow_period=200,both,all,NEEDS_MORE_DATA,11,,,,,,,,,,,,,,1.000000,,only 11 trades < min 20,binance_rest
run_20260429_072220_0b956c,ETH/USDT,crypto,M15,trend_momentum,ema_cross,adx_min=20|fast_period=20|rsi_confirm=True|slow_period=200,both,all,NEEDS_MORE_DATA,8,,,,,,,,,,,,,,,,only 8 trades < min 20,binance_rest
run_20260429_072220_0b956c,ETH/USDT,crypto,M15,trend_momentum,ema_cross,adx_min=25|fast_period=20|rsi_confirm=False|slow_period=200,both,all,NEEDS_MORE_DATA,11,,,,,,,,,,,,,,,,only 11 trades < min 20,binance_rest
run_20260429_072220_0b956c,ETH/USDT,crypto,M15,trend_momentum,ema_cross,adx_min=25|fast_period=20|rsi_confirm=True|slow_period=200,both,all,NEEDS_MORE_DATA,8,,,,,,,,,,,,,,,,only 8 trades < min 20,binance_rest
run_20260429_072220_0b956c,ETH/USDT,crypto,M15,trend_momentum,ema_alignment,adx_min=0|ema_long=200|ema_mid=50|ema_short=20,both,all,REJECT,34,0.205882,0.580162,-0.001485,-0.001485,-0.082252,-2.952965,-1.176093,0.034034,14.588235,-0.050142,-0.050142,-0.068765,0.019999,0.317333,,,binance_rest
run_20260429_072220_0b956c,ETH/USDT,crypto,M15,trend_momentum,ema_alignment,adx_min=20|ema_long=200|ema_mid=50|ema_short=20,both,all,REJECT,30,0.233333,0.708436,-0.000957,-0.000957,-0.061976,-1.750552,-0.689124,0.030030,15.933333,-0.029156,-0.029156,-0.048191,0.019999,0.293333,,,binance_rest
run_20260429_072220_0b956c,ETH/USDT,crypto,M15,trend_momentum,ema_alignment,adx_min=25|ema_long=200|ema_mid=50|ema_short=20,both,all,REJECT,21,0.238095,0.653593,-0.001071,-0.001071,-0.055637,-2.117261,-0.840672,0.021021,19.666667,-0.022595,-0.022595,-0.041759,0.019999,0.226000,,,binance_rest
run_20260429_072220_0b956c,ETH/USDT,crypto,M15,trend_momentum,macd_direction,adx_min=0|fast=12|signal_period=9|slow=26,both,all,REJECT,79,0.215190,0.474177,-0.002016,-0.002016,-0.176432,-5.988177,-2.417816,0.079079,12.620253,-0.149186,-0.149186,-0.104819,-0.042177,0.574047,,,binance_rest
run_20260429_072220_0b956c,ETH/USDT,crypto,M15,trend_momentum,macd_direction,adx_min=20|fast=12|signal_period=9|slow=26,both,all,REJECT,73,0.219178,0.430674,-0.002255,-0.002255,-0.180663,-6.487327,-2.644562,0.073073,12.561644,-0.153557,-0.153557,-0.109418,-0.042177,0.568973,,,binance_rest
run_20260429_072220_0b956c,ETH/USDT,crypto,M15,pullback,pullback_ema,pullback_period=20|rsi_reclaim=False|rsi_threshold=50|trend_period=200,both,all,REJECT,86,0.151163,0.319583,-0.002242,-0.002242,-0.190422,-8.915547,-3.731925,0.086086,6.430233,-0.176657,-0.176657,-0.159230,-0.016933,0.431902,,,binance_rest
run_20260429_072220_0b956c,ETH/USDT,crypto,M15,pullback,pullback_ema,pullback_period=20|rsi_reclaim=True|rsi_threshold=50|trend_period=200,both,all,REJECT,80,0.137500,0.301724,-0.002351,-0.002351,-0.185662,-8.889259,-3.741940,0.080080,6.112500,-0.172693,-0.172693,-0.155029,-0.017111,0.433111,,,binance_rest
run_20260429_072220_0b956c,ETH/USDT,crypto,M15,pullback,pullback_ema,pullback_period=50|rsi_reclaim=False|rsi_threshold=50|trend_period=200,both,all,REJECT,58,0.086207,0.242864,-0.002959,-0.002959,-0.168049,-8.934522,-3.897269,0.058058,8.965517,-0.158732,-0.158732,-0.145630,-0.011519,0.423729,,,binance_rest
run_20260429_072220_0b956c,ETH/USDT,crypto,M15,pullback,pullback_ema,pullback_period=50|rsi_reclaim=True|rsi_threshold=50|trend_period=200,both,all,REJECT,47,0.063830,0.217963,-0.003261,-0.003261,-0.154639,-8.320776,-3.667211,0.047047,7.893617,-0.143058,-0.143058,-0.126240,-0.015448,0.418711,,,binance_rest
run_20260429_072220_0b956c,ETH/USDT,crypto,M15,breakout,prev_day_hl,atr_expand_min=0.0,both,all,NEEDS_MORE_DATA,5,,,,,,,,,,,,,,1.000000,,only 5 trades < min 20,binance_rest
run_20260429_072220_0b956c,ETH/USDT,crypto,M15,breakout,prev_day_hl,atr_expand_min=0.5,both,all,NEEDS_MORE_DATA,5,,,,,,,,,,,,,,1.000000,,only 5 trades < min 20,binance_rest
run_20260429_072220_0b956c,ETH/USDT,crypto,M15,breakout,prev_day_hl,atr_expand_min=1.0,both,all,NEEDS_MORE_DATA,5,,,,,,,,,,,,,,1.000000,,only 5 trades < min 20,binance_rest
run_20260429_072220_0b956c,ETH/USDT,crypto,M15,breakout,session_opening_range,atr_expand_min=0.0|range_bars=6,both,all,REJECT,63,0.269841,0.438534,-0.002425,-0.002425,-0.170006,-6.041703,-2.464640,0.063063,15.428571,-0.143494,-0.143494,-0.098732,-0.046831,0.555631,,,binance_rest
run_20260429_072220_0b956c,ETH/USDT,crypto,M15,breakout,session_opening_range,atr_expand_min=0.5|range_bars=6,both,all,REJECT,63,0.269841,0.437497,-0.002435,-0.002435,-0.170549,-6.054711,-2.470427,0.063063,15.396825,-0.144054,-0.144054,-0.098732,-0.047454,0.557524,,,binance_rest
run_20260429_072220_0b956c,ETH/USDT,crypto,M15,breakout,session_opening_range,atr_expand_min=0.0|range_bars=12,both,all,REJECT,37,0.162162,0.331323,-0.004647,-0.004647,-0.165689,-6.440014,-2.752898,0.037037,26.162162,-0.159960,-0.159960,-0.102482,-0.054208,0.480684,,,binance_rest
run_20260429_072220_0b956c,ETH/USDT,crypto,M15,breakout,session_opening_range,atr_expand_min=0.5|range_bars=12,both,all,REJECT,37,0.162162,0.331323,-0.004647,-0.004647,-0.165689,-6.440014,-2.752898,0.037037,26.162162,-0.159960,-0.159960,-0.102482,-0.054208,0.480684,,,binance_rest
run_20260429_072220_0b956c,ETH/USDT,crypto,M15,breakout,london_breakout,atr_expand_min=0.0|utc_end=11|utc_start=7,both,all,NEEDS_MORE_DATA,7,,,,,,,,,,,,,,,,only 7 trades < min 20,binance_rest
run_20260429_072220_0b956c,ETH/USDT,crypto,M15,breakout,london_breakout,atr_expand_min=0.5|utc_end=11|utc_start=7,both,all,NEEDS_MORE_DATA,7,,,,,,,,,,,,,,,,only 7 trades < min 20,binance_rest
run_20260429_072220_0b956c,ETH/USDT,crypto,M15,breakout,ny_breakout,atr_expand_min=0.0|utc_end=16|utc_start=13,both,all,NEEDS_MORE_DATA,12,,,,,,,,,,,,,,1.000000,,only 12 trades < min 20,binance_rest
run_20260429_072220_0b956c,ETH/USDT,crypto,M15,breakout,ny_breakout,atr_expand_min=0.5|utc_end=16|utc_start=13,both,all,NEEDS_MORE_DATA,12,,,,,,,,,,,,,,1.000000,,only 12 trades < min 20,binance_rest
run_20260429_072220_0b956c,ETH/USDT,crypto,M15,mean_reversion,rsi_extreme,overbought=70|oversold=30|period=14,both,all,NEEDS_MORE_DATA,11,,,,,,,,,,,,,,1.000000,,only 11 trades < min 20,binance_rest
run_20260429_072220_0b956c,ETH/USDT,crypto,M15,mean_reversion,rsi_extreme,overbought=75|oversold=30|period=14,both,all,NEEDS_MORE_DATA,9,,,,,,,,,,,,,,,,only 9 trades < min 20,binance_rest
run_20260429_072220_0b956c,ETH/USDT,crypto,M15,mean_reversion,rsi_extreme,overbought=70|oversold=25|period=14,both,all,NEEDS_MORE_DATA,10,,,,,,,,,,,,,,,,only 10 trades < min 20,binance_rest
run_20260429_072220_0b956c,ETH/USDT,crypto,M15,mean_reversion,rsi_extreme,overbought=75|oversold=25|period=14,both,all,NEEDS_MORE_DATA,8,,,,,,,,,,,,,,,,only 8 trades < min 20,binance_rest
run_20260429_072220_0b956c,ETH/USDT,crypto,M15,mean_reversion,bollinger_touch,num_std=2.0|period=20,both,all,REJECT,43,0.674419,0.908309,-0.000240,-0.000240,-0.055570,-0.536627,-0.209748,0.043043,12.325581,-0.011493,-0.011493,-0.009205,-0.002965,0.564127,,,binance_rest
run_20260429_072220_0b956c,ETH/USDT,crypto,M15,mean_reversion,bollinger_touch,num_std=2.5|period=20,both,all,REJECT,25,0.640000,0.926615,-0.000174,-0.000174,-0.036433,-0.355112,-0.138785,0.025025,14.840000,-0.004828,-0.004828,0.003406,-0.010215,0.383333,,,binance_rest
run_20260429_072220_0b956c,ETH/USDT,crypto,M15,mean_reversion,vwap_deviation,std_threshold=1.5,both,all,NEEDS_MORE_DATA,19,,,,,,,,,,,,,,1.000000,,only 19 trades < min 20,binance_rest
run_20260429_072220_0b956c,ETH/USDT,crypto,M15,mean_reversion,vwap_deviation,std_threshold=2.0,both,all,NEEDS_MORE_DATA,16,,,,,,,,,,,,,,,,only 16 trades < min 20,binance_rest
run_20260429_072220_0b956c,ETH/USDT,crypto,M15,engine_b_proxy,ob_bos,require_engulf=False|require_vol_expand=False|swing_period=5,both,all,NEEDS_MORE_DATA,15,,,,,,,,,,,,,,1.000000,,only 15 trades < min 20,binance_rest
run_20260429_072220_0b956c,ETH/USDT,crypto,M15,engine_b_proxy,ob_bos,require_engulf=False|require_vol_expand=True|swing_period=5,both,all,NEEDS_MORE_DATA,15,,,,,,,,,,,,,,1.000000,,only 15 trades < min 20,binance_rest
run_20260429_072220_0b956c,ETH/USDT,crypto,M15,engine_b_proxy,ob_bos,require_engulf=True|require_vol_expand=False|swing_period=5,both,all,NEEDS_MORE_DATA,14,,,,,,,,,,,,,,1.000000,,only 14 trades < min 20,binance_rest
run_20260429_072220_0b956c,ETH/USDT,crypto,M15,engine_b_proxy,ob_bos,require_engulf=True|require_vol_expand=True|swing_period=5,both,all,NEEDS_MORE_DATA,13,,,,,,,,,,,,,,1.000000,,only 13 trades < min 20,binance_rest
run_20260429_072220_0b956c,ETH/USDT,crypto,M15,engine_b_proxy,ob_bos,require_engulf=False|require_vol_expand=False|swing_period=10,both,all,NEEDS_MORE_DATA,13,,,,,,,,,,,,,,,,only 13 trades < min 20,binance_rest
run_20260429_072220_0b956c,ETH/USDT,crypto,M15,engine_b_proxy,ob_bos,require_engulf=False|require_vol_expand=True|swing_period=10,both,all,NEEDS_MORE_DATA,13,,,,,,,,,,,,,,,,only 13 trades < min 20,binance_rest
run_20260429_072220_0b956c,ETH/USDT,crypto,M15,engine_b_proxy,ob_bos,require_engulf=True|require_vol_expand=False|swing_period=10,both,all,NEEDS_MORE_DATA,12,,,,,,,,,,,,,,,,only 12 trades < min 20,binance_rest
run_20260429_072220_0b956c,ETH/USDT,crypto,M15,engine_b_proxy,ob_bos,require_engulf=True|require_vol_expand=True|swing_period=10,both,all,NEEDS_MORE_DATA,10,,,,,,,,,,,,,,,,only 10 trades < min 20,binance_rest
run_20260429_072220_0b956c,ETH/USDT,crypto,M15,engine_b_proxy,structure_filters,fvg_detection=False|strong_close_pct=0.7,both,all,REJECT,326,0.180982,0.257990,-0.001916,-0.001916,-0.467007,-22.151763,-9.413108,0.326326,2.957055,-0.466101,-0.466101,-0.372433,-0.152631,0.536280,,,binance_rest
run_20260429_072220_0b956c,ETH/USDT,crypto,M15,engine_b_proxy,structure_filters,fvg_detection=True|strong_close_pct=0.7,both,all,REJECT,37,0.270270,0.777911,-0.000736,-0.000736,-0.064752,-1.517781,-0.595688,0.037037,12.972973,-0.027891,-0.027891,-0.038907,0.011462,0.322000,,,binance_rest
run_20260429_072220_0b956c,ETH/USDT,crypto,M15,engine_b_proxy,structure_filters,fvg_detection=False|strong_close_pct=0.8,both,all,REJECT,227,0.189427,0.256105,-0.002118,-0.002118,-0.383199,-17.824730,-7.621039,0.227227,3.969163,-0.383199,-0.383199,-0.309740,-0.102780,0.539548,,,binance_rest
run_20260429_072220_0b956c,ETH/USDT,crypto,M15,engine_b_proxy,structure_filters,fvg_detection=True|strong_close_pct=0.8,both,all,REJECT,22,0.227273,0.812117,-0.000551,-0.000551,-0.024860,-0.917500,-0.359470,0.022022,11.409091,-0.012601,-0.012601,-0.017819,0.005312,0.232000,,,binance_rest
run_20260429_072220_0b956c,ADA/USDT,crypto,M15,trend_momentum,ema_cross,adx_min=0|fast_period=10|rsi_confirm=False|slow_period=50,both,all,REJECT,28,0.285714,0.269469,-0.003800,-0.003800,-0.101781,-6.352564,-2.798965,0.028028,33.857143,-0.101781,-0.101781,-0.062142,-0.041493,0.468312,,,binance_rest
run_20260429_072220_0b956c,ADA/USDT,crypto,M15,trend_momentum,ema_cross,adx_min=0|fast_period=10|rsi_confirm=True|slow_period=50,both,all,REJECT,26,0.269231,0.262643,-0.003955,-0.003955,-0.098543,-6.216287,-2.751422,0.026026,34.153846,-0.098543,-0.098543,-0.058762,-0.041493,0.467836,,,binance_rest
run_20260429_072220_0b956c,ADA/USDT,crypto,M15,trend_momentum,ema_cross,adx_min=20|fast_period=10|rsi_confirm=False|slow_period=50,both,all,REJECT,28,0.285714,0.269469,-0.003800,-0.003800,-0.101781,-6.352564,-2.798965,0.028028,33.857143,-0.101781,-0.101781,-0.062142,-0.041493,0.468312,,,binance_rest
run_20260429_072220_0b956c,ADA/USDT,crypto,M15,trend_momentum,ema_cross,adx_min=20|fast_period=10|rsi_confirm=True|slow_period=50,both,all,REJECT,26,0.269231,0.262643,-0.003955,-0.003955,-0.098543,-6.216287,-2.751422,0.026026,34.153846,-0.098543,-0.098543,-0.058762,-0.041493,0.467836,,,binance_rest
run_20260429_072220_0b956c,ADA/USDT,crypto,M15,trend_momentum,ema_cross,adx_min=25|fast_period=10|rsi_confirm=False|slow_period=50,both,all,REJECT,20,0.250000,0.107445,-0.003974,-0.003974,-0.076716,-7.779582,-4.107920,0.020020,33.650000,-0.076716,-0.076716,-0.064539,-0.012220,0.276805,,,binance_rest
run_20260429_072220_0b956c,ADA/USDT,crypto,M15,trend_momentum,ema_cross,adx_min=25|fast_period=10|rsi_confirm=True|slow_period=50,both,all,NEEDS_MORE_DATA,18,,,,,,,,,,,,,,1.000000,,only 18 trades < min 20,binance_rest
run_20260429_072220_0b956c,ADA/USDT,crypto,M15,trend_momentum,ema_cross,adx_min=0|fast_period=10|rsi_confirm=False|slow_period=100,both,all,REJECT,30,0.133333,0.142066,-0.004361,-0.004361,-0.123248,-8.942366,-4.490020,0.030030,32.533333,-0.123248,-0.123248,-0.093266,-0.031903,0.382620,,,binance_rest
run_20260429_072220_0b956c,ADA/USDT,crypto,M15,trend_momentum,ema_cross,adx_min=0|fast_period=10|rsi_confirm=True|slow_period=100,both,all,REJECT,26,0.153846,0.163159,-0.004273,-0.004273,-0.105743,-7.910341,-3.856200,0.026026,32.692308,-0.105743,-0.105743,-0.075347,-0.031903,0.383026,,,binance_rest
run_20260429_072220_0b956c,ADA/USDT,crypto,M15,trend_momentum,ema_cross,adx_min=20|fast_period=10|rsi_confirm=False|slow_period=100,both,all,REJECT,30,0.133333,0.142066,-0.004361,-0.004361,-0.123248,-8.942366,-4.490020,0.030030,32.533333,-0.123248,-0.123248,-0.093266,-0.031903,0.382620,,,binance_rest
run_20260429_072220_0b956c,ADA/USDT,crypto,M15,trend_momentum,ema_cross,adx_min=20|fast_period=10|rsi_confirm=True|slow_period=100,both,all,REJECT,26,0.153846,0.163159,-0.004273,-0.004273,-0.105743,-7.910341,-3.856200,0.026026,32.692308,-0.105743,-0.105743,-0.075347,-0.031903,0.383026,,,binance_rest
run_20260429_072220_0b956c,ADA/USDT,crypto,M15,trend_momentum,ema_cross,adx_min=25|fast_period=10|rsi_confirm=False|slow_period=100,both,all,REJECT,26,0.115385,0.068931,-0.004985,-0.004985,-0.122094,-9.663788,-5.530207,0.026026,31.000000,-0.122094,-0.122094,-0.092072,-0.031903,0.359951,,,binance_rest
run_20260429_072220_0b956c,ADA/USDT,crypto,M15,trend_momentum,ema_cross,adx_min=25|fast_period=10|rsi_confirm=True|slow_period=100,both,all,REJECT,22,0.136364,0.080302,-0.004996,-0.004996,-0.104566,-8.604070,-4.764552,0.022022,30.909091,-0.104566,-0.104566,-0.074129,-0.031903,0.361112,,,binance_rest
run_20260429_072220_0b956c,ADA/USDT,crypto,M15,trend_momentum,ema_cross,adx_min=0|fast_period=10|rsi_confirm=False|slow_period=200,both,all,REJECT,22,0.090909,0.049570,-0.007030,-0.007030,-0.144005,-9.802844,-6.491812,0.022022,44.681818,-0.144005,-0.144005,-0.121894,-0.018899,0.278513,,,binance_rest
run_20260429_072220_0b956c,ADA/USDT,crypto,M15,trend_momentum,ema_cross,adx_min=0|fast_period=10|rsi_confirm=True|slow_period=200,both,all,NEEDS_MORE_DATA,18,,,,,,,,,,,,,,1.000000,,only 18 trades < min 20,binance_rest
run_20260429_072220_0b956c,ADA/USDT,crypto,M15,trend_momentum,ema_cross,adx_min=20|fast_period=10|rsi_confirm=False|slow_period=200,both,all,REJECT,22,0.090909,0.049570,-0.007030,-0.007030,-0.144005,-9.802844,-6.491812,0.022022,44.681818,-0.144005,-0.144005,-0.121894,-0.018899,0.278513,,,binance_rest
run_20260429_072220_0b956c,ADA/USDT,crypto,M15,trend_momentum,ema_cross,adx_min=20|fast_period=10|rsi_confirm=True|slow_period=200,both,all,NEEDS_MORE_DATA,18,,,,,,,,,,,,,,1.000000,,only 18 trades < min 20,binance_rest
run_20260429_072220_0b956c,ADA/USDT,crypto,M15,trend_momentum,ema_cross,adx_min=25|fast_period=10|rsi_confirm=False|slow_period=200,both,all,NEEDS_MORE_DATA,17,,,,,,,,,,,,,,1.000000,,only 17 trades < min 20,binance_rest
run_20260429_072220_0b956c,ADA/USDT,crypto,M15,trend_momentum,ema_cross,adx_min=25|fast_period=10|rsi_confirm=True|slow_period=200,both,all,NEEDS_MORE_DATA,13,,,,,,,,,,,,,,,,only 13 trades < min 20,binance_rest
run_20260429_072220_0b956c,ADA/USDT,crypto,M15,trend_momentum,ema_cross,adx_min=0|fast_period=20|rsi_confirm=False|slow_period=50,both,all,REJECT,26,0.153846,0.151700,-0.005900,-0.005900,-0.143182,-8.345223,-4.202589,0.026026,36.576923,-0.143182,-0.143182,-0.110023,-0.036100,0.354435,,,binance_rest
run_20260429_072220_0b956c,ADA/USDT,crypto,M15,trend_momentum,ema_cross,adx_min=0|fast_period=20|rsi_confirm=True|slow_period=50,both,all,REJECT,24,0.166667,0.161345,-0.005941,-0.005941,-0.133842,-7.864959,-3.914653,0.024024,37.000000,-0.133842,-0.133842,-0.100322,-0.036100,0.351953,,,binance_rest
run_20260429_072220_0b956c,ADA/USDT,crypto,M15,trend_momentum,ema_cross,adx_min=20|fast_period=20|rsi_confirm=False|slow_period=50,both,all,REJECT,26,0.153846,0.151700,-0.005900,-0.005900,-0.143182,-8.345223,-4.202589,0.026026,36.576923,-0.143182,-0.143182,-0.110023,-0.036100,0.354435,,,binance_rest
run_20260429_072220_0b956c,ADA/USDT,crypto,M15,trend_momentum,ema_cross,adx_min=20|fast_period=20|rsi_confirm=True|slow_period=50,both,all,REJECT,24,0.166667,0.161345,-0.005941,-0.005941,-0.133842,-7.864959,-3.914653,0.024024,37.000000,-0.133842,-0.133842,-0.100322,-0.036100,0.351953,,,binance_rest
run_20260429_072220_0b956c,ADA/USDT,crypto,M15,trend_momentum,ema_cross,adx_min=25|fast_period=20|rsi_confirm=False|slow_period=50,both,all,REJECT,23,0.130435,0.086504,-0.006895,-0.006895,-0.147530,-9.053738,-5.167136,0.023023,35.173913,-0.147530,-0.147530,-0.114539,-0.036100,0.332554,,,binance_rest
run_20260429_072220_0b956c,ADA/USDT,crypto,M15,trend_momentum,ema_cross,adx_min=25|fast_period=20|rsi_confirm=True|slow_period=50,both,all,REJECT,21,0.142857,0.092248,-0.007037,-0.007037,-0.138238,-8.565755,-4.840470,0.021021,35.523810,-0.138238,-0.138238,-0.104887,-0.036100,0.329255,,,binance_rest
run_20260429_072220_0b956c,ADA/USDT,crypto,M15,trend_momentum,ema_cross,adx_min=0|fast_period=20|rsi_confirm=False|slow_period=100,both,all,NEEDS_MORE_DATA,18,,,,,,,,,,,,,,1.000000,,only 18 trades < min 20,binance_rest
run_20260429_072220_0b956c,ADA/USDT,crypto,M15,trend_momentum,ema_cross,adx_min=0|fast_period=20|rsi_confirm=True|slow_period=100,both,all,NEEDS_MORE_DATA,16,,,,,,,,,,,,,,1.000000,,only 16 trades < min 20,binance_rest
run_20260429_072220_0b956c,ADA/USDT,crypto,M15,trend_momentum,ema_cross,adx_min=20|fast_period=20|rsi_confirm=False|slow_period=100,both,all,NEEDS_MORE_DATA,18,,,,,,,,,,,,,,1.000000,,only 18 trades < min 20,binance_rest
run_20260429_072220_0b956c,ADA/USDT,crypto,M15,trend_momentum,ema_cross,adx_min=20|fast_period=20|rsi_confirm=True|slow_period=100,both,all,NEEDS_MORE_DATA,16,,,,,,,,,,,,,,1.000000,,only 16 trades < min 20,binance_rest
run_20260429_072220_0b956c,ADA/USDT,crypto,M15,trend_momentum,ema_cross,adx_min=25|fast_period=20|rsi_confirm=False|slow_period=100,both,all,NEEDS_MORE_DATA,16,,,,,,,,,,,,,,1.000000,,only 16 trades < min 20,binance_rest
run_20260429_072220_0b956c,ADA/USDT,crypto,M15,trend_momentum,ema_cross,adx_min=25|fast_period=20|rsi_confirm=True|slow_period=100,both,all,NEEDS_MORE_DATA,14,,,,,,,,,,,,,,1.000000,,only 14 trades < min 20,binance_rest
run_20260429_072220_0b956c,ADA/USDT,crypto,M15,trend_momentum,ema_cross,adx_min=0|fast_period=20|rsi_confirm=False|slow_period=200,both,all,NEEDS_MORE_DATA,16,,,,,,,,,,,,,,1.000000,,only 16 trades < min 20,binance_rest
run_20260429_072220_0b956c,ADA/USDT,crypto,M15,trend_momentum,ema_cross,adx_min=0|fast_period=20|rsi_confirm=True|slow_period=200,both,all,NEEDS_MORE_DATA,14,,,,,,,,,,,,,,,,only 14 trades < min 20,binance_rest
run_20260429_072220_0b956c,ADA/USDT,crypto,M15,trend_momentum,ema_cross,adx_min=20|fast_period=20|rsi_confirm=False|slow_period=200,both,all,NEEDS_MORE_DATA,16,,,,,,,,,,,,,,1.000000,,only 16 trades < min 20,binance_rest
run_20260429_072220_0b956c,ADA/USDT,crypto,M15,trend_momentum,ema_cross,adx_min=20|fast_period=20|rsi_confirm=True|slow_period=200,both,all,NEEDS_MORE_DATA,14,,,,,,,,,,,,,,,,only 14 trades < min 20,binance_rest
run_20260429_072220_0b956c,ADA/USDT,crypto,M15,trend_momentum,ema_cross,adx_min=25|fast_period=20|rsi_confirm=False|slow_period=200,both,all,NEEDS_MORE_DATA,14,,,,,,,,,,,,,,,,only 14 trades < min 20,binance_rest
run_20260429_072220_0b956c,ADA/USDT,crypto,M15,trend_momentum,ema_cross,adx_min=25|fast_period=20|rsi_confirm=True|slow_period=200,both,all,NEEDS_MORE_DATA,12,,,,,,,,,,,,,,,,only 12 trades < min 20,binance_rest
run_20260429_072220_0b956c,ADA/USDT,crypto,M15,trend_momentum,ema_alignment,adx_min=0|ema_long=200|ema_mid=50|ema_short=20,both,all,REJECT,39,0.153846,0.210662,-0.003368,-0.003368,-0.123742,-8.750871,-4.051539,0.039039,11.974359,-0.123742,-0.123742,-0.093730,-0.030007,0.443375,,,binance_rest
run_20260429_072220_0b956c,ADA/USDT,crypto,M15,trend_momentum,ema_alignment,adx_min=20|ema_long=200|ema_mid=50|ema_short=20,both,all,REJECT,39,0.153846,0.210662,-0.003368,-0.003368,-0.123742,-8.750871,-4.051539,0.039039,11.974359,-0.123742,-0.123742,-0.093730,-0.030007,0.443375,,,binance_rest
run_20260429_072220_0b956c,ADA/USDT,crypto,M15,trend_momentum,ema_alignment,adx_min=25|ema_long=200|ema_mid=50|ema_short=20,both,all,REJECT,31,0.193548,0.295729,-0.002693,-0.002693,-0.080584,-6.549901,-2.869281,0.031031,12.903226,-0.080584,-0.080584,-0.050763,-0.028301,0.453253,,,binance_rest
run_20260429_072220_0b956c,ADA/USDT,crypto,M15,trend_momentum,macd_direction,adx_min=0|fast=12|signal_period=9|slow=26,both,all,REJECT,73,0.315068,0.606296,-0.001501,-0.001501,-0.108916,-4.142874,-1.646117,0.073073,13.630137,-0.105840,-0.105840,-0.066643,-0.040621,0.636194,,,binance_rest
run_20260429_072220_0b956c,ADA/USDT,crypto,M15,trend_momentum,macd_direction,adx_min=20|fast=12|signal_period=9|slow=26,both,all,REJECT,73,0.315068,0.606296,-0.001501,-0.001501,-0.108916,-4.142874,-1.646117,0.073073,13.630137,-0.105840,-0.105840,-0.066643,-0.040621,0.636194,,,binance_rest
run_20260429_072220_0b956c,ADA/USDT,crypto,M15,pullback,pullback_ema,pullback_period=20|rsi_reclaim=False|rsi_threshold=50|trend_period=200,both,all,REJECT,84,0.107143,0.043612,-0.003596,-0.003596,-0.261401,-18.299461,-10.744613,0.084084,4.988095,-0.261401,-0.261401,-0.192805,-0.081296,0.526495,,,binance_rest
run_20260429_072220_0b956c,ADA/USDT,crypto,M15,pullback,pullback_ema,pullback_period=20|rsi_reclaim=True|rsi_threshold=50|trend_period=200,both,all,REJECT,77,0.103896,0.042559,-0.003555,-0.003555,-0.240135,-17.312778,-10.063870,0.077077,5.090909,-0.240135,-0.240135,-0.169565,-0.081296,0.543832,,,binance_rest
run_20260429_072220_0b956c,ADA/USDT,crypto,M15,pullback,pullback_ema,pullback_period=50|rsi_reclaim=False|rsi_threshold=50|trend_period=200,both,all,REJECT,55,0.090909,0.180292,-0.003187,-0.003187,-0.161564,-10.558859,-4.903670,0.055055,8.727273,-0.161564,-0.161564,-0.113758,-0.050900,0.534231,,,binance_rest
run_20260429_072220_0b956c,ADA/USDT,crypto,M15,pullback,pullback_ema,pullback_period=50|rsi_reclaim=True|rsi_threshold=50|trend_period=200,both,all,REJECT,41,0.097561,0.185661,-0.003396,-0.003396,-0.130689,-8.886331,-4.096772,0.041041,9.341463,-0.130689,-0.130689,-0.084788,-0.047098,0.512643,,,binance_rest
run_20260429_072220_0b956c,ADA/USDT,crypto,M15,breakout,prev_day_hl,atr_expand_min=0.0,both,all,NEEDS_MORE_DATA,5,,,,,,,,,,,,,,1.000000,,only 5 trades < min 20,binance_rest
run_20260429_072220_0b956c,ADA/USDT,crypto,M15,breakout,prev_day_hl,atr_expand_min=0.5,both,all,NEEDS_MORE_DATA,5,,,,,,,,,,,,,,1.000000,,only 5 trades < min 20,binance_rest
run_20260429_072220_0b956c,ADA/USDT,crypto,M15,breakout,prev_day_hl,atr_expand_min=1.0,both,all,NEEDS_MORE_DATA,5,,,,,,,,,,,,,,1.000000,,only 5 trades < min 20,binance_rest
run_20260429_072220_0b956c,ADA/USDT,crypto,M15,breakout,session_opening_range,atr_expand_min=0.0|range_bars=6,both,all,REJECT,45,0.266667,0.442806,-0.002589,-0.002589,-0.118728,-4.989731,-2.033048,0.045045,21.600000,-0.111567,-0.111567,-0.048169,-0.057145,0.627427,,,binance_rest
run_20260429_072220_0b956c,ADA/USDT,crypto,M15,breakout,session_opening_range,atr_expand_min=0.5|range_bars=6,both,all,REJECT,45,0.266667,0.442806,-0.002589,-0.002589,-0.118728,-4.989731,-2.033048,0.045045,21.600000,-0.111567,-0.111567,-0.048169,-0.057145,0.627427,,,binance_rest
run_20260429_072220_0b956c,ADA/USDT,crypto,M15,breakout,session_opening_range,atr_expand_min=0.0|range_bars=12,both,all,REJECT,25,0.280000,0.566567,-0.002011,-0.002011,-0.078268,-2.651929,-1.058427,0.025025,37.200000,-0.050163,-0.050163,0.002369,-0.052773,0.250000,,,binance_rest
run_20260429_072220_0b956c,ADA/USDT,crypto,M15,breakout,session_opening_range,atr_expand_min=0.5|range_bars=12,both,all,REJECT,25,0.280000,0.566567,-0.002011,-0.002011,-0.078268,-2.651929,-1.058427,0.025025,37.200000,-0.050163,-0.050163,0.002369,-0.052773,0.250000,,,binance_rest
run_20260429_072220_0b956c,ADA/USDT,crypto,M15,breakout,london_breakout,atr_expand_min=0.0|utc_end=11|utc_start=7,both,all,NEEDS_MORE_DATA,9,,,,,,,,,,,,,,,,only 9 trades < min 20,binance_rest
run_20260429_072220_0b956c,ADA/USDT,crypto,M15,breakout,london_breakout,atr_expand_min=0.5|utc_end=11|utc_start=7,both,all,NEEDS_MORE_DATA,9,,,,,,,,,,,,,,,,only 9 trades < min 20,binance_rest
run_20260429_072220_0b956c,ADA/USDT,crypto,M15,breakout,ny_breakout,atr_expand_min=0.0|utc_end=16|utc_start=13,both,all,NEEDS_MORE_DATA,9,,,,,,,,,,,,,,1.000000,,only 9 trades < min 20,binance_rest
run_20260429_072220_0b956c,ADA/USDT,crypto,M15,breakout,ny_breakout,atr_expand_min=0.5|utc_end=16|utc_start=13,both,all,NEEDS_MORE_DATA,9,,,,,,,,,,,,,,1.000000,,only 9 trades < min 20,binance_rest
run_20260429_072220_0b956c,ADA/USDT,crypto,M15,mean_reversion,rsi_extreme,overbought=70|oversold=30|period=14,both,all,NEEDS_MORE_DATA,11,,,,,,,,,,,,,,1.000000,,only 11 trades < min 20,binance_rest
run_20260429_072220_0b956c,ADA/USDT,crypto,M15,mean_reversion,rsi_extreme,overbought=75|oversold=30|period=14,both,all,NEEDS_MORE_DATA,8,,,,,,,,,,,,,,,,only 8 trades < min 20,binance_rest
run_20260429_072220_0b956c,ADA/USDT,crypto,M15,mean_reversion,rsi_extreme,overbought=70|oversold=25|period=14,both,all,NEEDS_MORE_DATA,8,,,,,,,,,,,,,,,,only 8 trades < min 20,binance_rest
run_20260429_072220_0b956c,ADA/USDT,crypto,M15,mean_reversion,rsi_extreme,overbought=75|oversold=25|period=14,both,all,NEEDS_MORE_DATA,5,,,,,,,,,,,,,,,,only 5 trades < min 20,binance_rest
run_20260429_072220_0b956c,ADA/USDT,crypto,M15,mean_reversion,vwap_deviation,std_threshold=1.5,both,all,NEEDS_MORE_DATA,19,,,,,,,,,,,,,,1.000000,,only 19 trades < min 20,binance_rest
run_20260429_072220_0b956c,ADA/USDT,crypto,M15,mean_reversion,vwap_deviation,std_threshold=2.0,both,all,NEEDS_MORE_DATA,16,,,,,,,,,,,,,,,,only 16 trades < min 20,binance_rest
run_20260429_072220_0b956c,ADA/USDT,crypto,M15,engine_b_proxy,ob_bos,require_engulf=False|require_vol_expand=False|swing_period=5,both,all,NEEDS_MORE_DATA,16,,,,,,,,,,,,,,1.000000,,only 16 trades < min 20,binance_rest
run_20260429_072220_0b956c,ADA/USDT,crypto,M15,engine_b_proxy,ob_bos,require_engulf=False|require_vol_expand=True|swing_period=5,both,all,NEEDS_MORE_DATA,16,,,,,,,,,,,,,,1.000000,,only 16 trades < min 20,binance_rest
run_20260429_072220_0b956c,ADA/USDT,crypto,M15,engine_b_proxy,ob_bos,require_engulf=True|require_vol_expand=False|swing_period=5,both,all,NEEDS_MORE_DATA,14,,,,,,,,,,,,,,1.000000,,only 14 trades < min 20,binance_rest
run_20260429_072220_0b956c,ADA/USDT,crypto,M15,engine_b_proxy,ob_bos,require_engulf=True|require_vol_expand=True|swing_period=5,both,all,NEEDS_MORE_DATA,12,,,,,,,,,,,,,,1.000000,,only 12 trades < min 20,binance_rest
run_20260429_072220_0b956c,ADA/USDT,crypto,M15,engine_b_proxy,ob_bos,require_engulf=False|require_vol_expand=False|swing_period=10,both,all,NEEDS_MORE_DATA,14,,,,,,,,,,,,,,,,only 14 trades < min 20,binance_rest
run_20260429_072220_0b956c,ADA/USDT,crypto,M15,engine_b_proxy,ob_bos,require_engulf=False|require_vol_expand=True|swing_period=10,both,all,NEEDS_MORE_DATA,13,,,,,,,,,,,,,,,,only 13 trades < min 20,binance_rest
run_20260429_072220_0b956c,ADA/USDT,crypto,M15,engine_b_proxy,ob_bos,require_engulf=True|require_vol_expand=False|swing_period=10,both,all,NEEDS_MORE_DATA,12,,,,,,,,,,,,,,,,only 12 trades < min 20,binance_rest
run_20260429_072220_0b956c,ADA/USDT,crypto,M15,engine_b_proxy,ob_bos,require_engulf=True|require_vol_expand=True|swing_period=10,both,all,NEEDS_MORE_DATA,10,,,,,,,,,,,,,,,,only 10 trades < min 20,binance_rest
run_20260429_072220_0b956c,ADA/USDT,crypto,M15,engine_b_proxy,structure_filters,fvg_detection=False|strong_close_pct=0.7,both,all,REJECT,313,0.191693,0.217614,-0.002410,-0.002410,-0.531130,-25.276450,-11.137787,0.313313,3.044728,-0.531130,-0.531130,-0.424888,-0.185694,0.544446,,,binance_rest
run_20260429_072220_0b956c,ADA/USDT,crypto,M15,engine_b_proxy,structure_filters,fvg_detection=True|strong_close_pct=0.7,both,all,REJECT,21,0.333333,0.340783,-0.002440,-0.002440,-0.050562,-4.995325,-2.151894,0.021021,13.809524,-0.050282,-0.050282,-0.047119,-0.003319,0.247132,,,binance_rest
run_20260429_072220_0b956c,ADA/USDT,crypto,M15,engine_b_proxy,structure_filters,fvg_detection=False|strong_close_pct=0.8,both,all,REJECT,243,0.156379,0.180090,-0.002911,-0.002911,-0.508637,-23.337419,-10.590561,0.243243,3.621399,-0.508637,-0.508637,-0.405988,-0.173279,0.568042,,,binance_rest
run_20260429_072220_0b956c,ADA/USDT,crypto,M15,engine_b_proxy,structure_filters,fvg_detection=True|strong_close_pct=0.8,both,all,NEEDS_MORE_DATA,16,,,,,,,,,,,,,,1.000000,,only 16 trades < min 20,binance_rest
run_20260429_072220_0b956c,BTC/USDT,crypto,H1,trend_momentum,ema_cross,adx_min=0|fast_period=10|rsi_confirm=False|slow_period=50,both,all,REJECT,27,0.222222,0.505248,-0.005132,-0.005132,-0.172871,-3.511859,-1.483560,0.027027,35.370370,-0.133470,-0.133470,-0.155791,-0.018447,0.297522,,,binance_rest
run_20260429_072220_0b956c,BTC/USDT,crypto,H1,trend_momentum,ema_cross,adx_min=0|fast_period=10|rsi_confirm=True|slow_period=50,both,all,REJECT,25,0.200000,0.509154,-0.005329,-0.005329,-0.168409,-3.391648,-1.433313,0.025025,35.920000,-0.128796,-0.128796,-0.151237,-0.018447,0.286591,,,binance_rest
run_20260429_072220_0b956c,BTC/USDT,crypto,H1,trend_momentum,ema_cross,adx_min=20|fast_period=10|rsi_confirm=False|slow_period=50,both,all,REJECT,26,0.230769,0.515447,-0.005116,-0.005116,-0.172871,-3.376700,-1.424265,0.026026,35.423077,-0.128642,-0.128642,-0.155791,-0.012977,0.280990,,,binance_rest
run_20260429_072220_0b956c,BTC/USDT,crypto,H1,trend_momentum,ema_cross,adx_min=20|fast_period=10|rsi_confirm=True|slow_period=50,both,all,REJECT,24,0.208333,0.519765,-0.005320,-0.005320,-0.168409,-3.255729,-1.373720,0.024024,36.000000,-0.123941,-0.123941,-0.151237,-0.012977,0.269742,,,binance_rest
run_20260429_072220_0b956c,BTC/USDT,crypto,H1,trend_momentum,ema_cross,adx_min=25|fast_period=10|rsi_confirm=False|slow_period=50,both,all,REJECT,23,0.260870,0.596623,-0.004160,-0.004160,-0.146228,-2.500709,-1.039945,0.023023,36.130435,-0.095231,-0.095231,-0.128598,-0.007114,0.254596,,,binance_rest
run_20260429_072220_0b956c,BTC/USDT,crypto,H1,trend_momentum,ema_cross,adx_min=25|fast_period=10|rsi_confirm=True|slow_period=50,both,all,REJECT,21,0.238095,0.604719,-0.004302,-0.004302,-0.141622,-2.372468,-0.986339,0.021021,36.857143,-0.090351,-0.090351,-0.123897,-0.007114,0.243225,,,binance_rest
run_20260429_072220_0b956c,BTC/USDT,crypto,H1,trend_momentum,ema_cross,adx_min=0|fast_period=10|rsi_confirm=False|slow_period=100,both,all,REJECT,21,0.190476,0.560869,-0.004867,-0.004867,-0.151014,-2.609602,-1.090127,0.021021,45.619048,-0.101283,-0.101283,-0.112678,-0.025919,0.295009,,,binance_rest
run_20260429_072220_0b956c,BTC/USDT,crypto,H1,trend_momentum,ema_cross,adx_min=0|fast_period=10|rsi_confirm=True|slow_period=100,both,all,NEEDS_MORE_DATA,18,,,,,,,,,,,,,,1.000000,,only 18 trades < min 20,binance_rest
run_20260429_072220_0b956c,BTC/USDT,crypto,H1,trend_momentum,ema_cross,adx_min=20|fast_period=10|rsi_confirm=False|slow_period=100,both,all,REJECT,21,0.190476,0.560869,-0.004867,-0.004867,-0.151014,-2.609602,-1.090127,0.021021,45.619048,-0.101283,-0.101283,-0.112678,-0.025919,0.295009,,,binance_rest
run_20260429_072220_0b956c,BTC/USDT,crypto,H1,trend_momentum,ema_cross,adx_min=20|fast_period=10|rsi_confirm=True|slow_period=100,both,all,NEEDS_MORE_DATA,18,,,,,,,,,,,,,,1.000000,,only 18 trades < min 20,binance_rest
run_20260429_072220_0b956c,BTC/USDT,crypto,H1,trend_momentum,ema_cross,adx_min=25|fast_period=10|rsi_confirm=False|slow_period=100,both,all,NEEDS_MORE_DATA,19,,,,,,,,,,,,,,1.000000,,only 19 trades < min 20,binance_rest
run_20260429_072220_0b956c,BTC/USDT,crypto,H1,trend_momentum,ema_cross,adx_min=25|fast_period=10|rsi_confirm=True|slow_period=100,both,all,NEEDS_MORE_DATA,16,,,,,,,,,,,,,,1.000000,,only 16 trades < min 20,binance_rest
run_20260429_072220_0b956c,BTC/USDT,crypto,H1,trend_momentum,ema_cross,adx_min=0|fast_period=10|rsi_confirm=False|slow_period=200,both,all,NEEDS_MORE_DATA,11,,,,,,,,,,,,,,1.000000,,only 11 trades < min 20,binance_rest
run_20260429_072220_0b956c,BTC/USDT,crypto,H1,trend_momentum,ema_cross,adx_min=0|fast_period=10|rsi_confirm=True|slow_period=200,both,all,NEEDS_MORE_DATA,8,,,,,,,,,,,,,,1.000000,,only 8 trades < min 20,binance_rest
run_20260429_072220_0b956c,BTC/USDT,crypto,H1,trend_momentum,ema_cross,adx_min=20|fast_period=10|rsi_confirm=False|slow_period=200,both,all,NEEDS_MORE_DATA,11,,,,,,,,,,,,,,1.000000,,only 11 trades < min 20,binance_rest
run_20260429_072220_0b956c,BTC/USDT,crypto,H1,trend_momentum,ema_cross,adx_min=20|fast_period=10|rsi_confirm=True|slow_period=200,both,all,NEEDS_MORE_DATA,8,,,,,,,,,,,,,,1.000000,,only 8 trades < min 20,binance_rest
run_20260429_072220_0b956c,BTC/USDT,crypto,H1,trend_momentum,ema_cross,adx_min=25|fast_period=10|rsi_confirm=False|slow_period=200,both,all,NEEDS_MORE_DATA,11,,,,,,,,,,,,,,1.000000,,only 11 trades < min 20,binance_rest
run_20260429_072220_0b956c,BTC/USDT,crypto,H1,trend_momentum,ema_cross,adx_min=25|fast_period=10|rsi_confirm=True|slow_period=200,both,all,NEEDS_MORE_DATA,8,,,,,,,,,,,,,,,,only 8 trades < min 20,binance_rest
run_20260429_072220_0b956c,BTC/USDT,crypto,H1,trend_momentum,ema_cross,adx_min=0|fast_period=20|rsi_confirm=False|slow_period=50,both,all,NEEDS_MORE_DATA,19,,,,,,,,,,,,,,1.000000,,only 19 trades < min 20,binance_rest
run_20260429_072220_0b956c,BTC/USDT,crypto,H1,trend_momentum,ema_cross,adx_min=0|fast_period=20|rsi_confirm=True|slow_period=50,both,all,NEEDS_MORE_DATA,17,,,,,,,,,,,,,,1.000000,,only 17 trades < min 20,binance_rest
run_20260429_072220_0b956c,BTC/USDT,crypto,H1,trend_momentum,ema_cross,adx_min=20|fast_period=20|rsi_confirm=False|slow_period=50,both,all,NEEDS_MORE_DATA,18,,,,,,,,,,,,,,1.000000,,only 18 trades < min 20,binance_rest
run_20260429_072220_0b956c,BTC/USDT,crypto,H1,trend_momentum,ema_cross,adx_min=20|fast_period=20|rsi_confirm=True|slow_period=50,both,all,NEEDS_MORE_DATA,16,,,,,,,,,,,,,,1.000000,,only 16 trades < min 20,binance_rest
run_20260429_072220_0b956c,BTC/USDT,crypto,H1,trend_momentum,ema_cross,adx_min=25|fast_period=20|rsi_confirm=False|slow_period=50,both,all,NEEDS_MORE_DATA,16,,,,,,,,,,,,,,1.000000,,only 16 trades < min 20,binance_rest
run_20260429_072220_0b956c,BTC/USDT,crypto,H1,trend_momentum,ema_cross,adx_min=25|fast_period=20|rsi_confirm=True|slow_period=50,both,all,NEEDS_MORE_DATA,14,,,,,,,,,,,,,,1.000000,,only 14 trades < min 20,binance_rest
run_20260429_072220_0b956c,BTC/USDT,crypto,H1,trend_momentum,ema_cross,adx_min=0|fast_period=20|rsi_confirm=False|slow_period=100,both,all,NEEDS_MORE_DATA,13,,,,,,,,,,,,,,1.000000,,only 13 trades < min 20,binance_rest
run_20260429_072220_0b956c,BTC/USDT,crypto,H1,trend_momentum,ema_cross,adx_min=0|fast_period=20|rsi_confirm=True|slow_period=100,both,all,NEEDS_MORE_DATA,11,,,,,,,,,,,,,,1.000000,,only 11 trades < min 20,binance_rest
run_20260429_072220_0b956c,BTC/USDT,crypto,H1,trend_momentum,ema_cross,adx_min=20|fast_period=20|rsi_confirm=False|slow_period=100,both,all,NEEDS_MORE_DATA,13,,,,,,,,,,,,,,1.000000,,only 13 trades < min 20,binance_rest
run_20260429_072220_0b956c,BTC/USDT,crypto,H1,trend_momentum,ema_cross,adx_min=20|fast_period=20|rsi_confirm=True|slow_period=100,both,all,NEEDS_MORE_DATA,11,,,,,,,,,,,,,,1.000000,,only 11 trades < min 20,binance_rest
run_20260429_072220_0b956c,BTC/USDT,crypto,H1,trend_momentum,ema_cross,adx_min=25|fast_period=20|rsi_confirm=False|slow_period=100,both,all,NEEDS_MORE_DATA,13,,,,,,,,,,,,,,1.000000,,only 13 trades < min 20,binance_rest
run_20260429_072220_0b956c,BTC/USDT,crypto,H1,trend_momentum,ema_cross,adx_min=25|fast_period=20|rsi_confirm=True|slow_period=100,both,all,NEEDS_MORE_DATA,11,,,,,,,,,,,,,,1.000000,,only 11 trades < min 20,binance_rest
run_20260429_072220_0b956c,BTC/USDT,crypto,H1,trend_momentum,ema_cross,adx_min=0|fast_period=20|rsi_confirm=False|slow_period=200,both,all,NEEDS_MORE_DATA,9,,,,,,,,,,,,,,1.000000,,only 9 trades < min 20,binance_rest
run_20260429_072220_0b956c,BTC/USDT,crypto,H1,trend_momentum,ema_cross,adx_min=0|fast_period=20|rsi_confirm=True|slow_period=200,both,all,NEEDS_MORE_DATA,7,,,,,,,,,,,,,,,,only 7 trades < min 20,binance_rest
run_20260429_072220_0b956c,BTC/USDT,crypto,H1,trend_momentum,ema_cross,adx_min=20|fast_period=20|rsi_confirm=False|slow_period=200,both,all,NEEDS_MORE_DATA,9,,,,,,,,,,,,,,1.000000,,only 9 trades < min 20,binance_rest
run_20260429_072220_0b956c,BTC/USDT,crypto,H1,trend_momentum,ema_cross,adx_min=20|fast_period=20|rsi_confirm=True|slow_period=200,both,all,NEEDS_MORE_DATA,7,,,,,,,,,,,,,,,,only 7 trades < min 20,binance_rest
run_20260429_072220_0b956c,BTC/USDT,crypto,H1,trend_momentum,ema_cross,adx_min=25|fast_period=20|rsi_confirm=False|slow_period=200,both,all,NEEDS_MORE_DATA,9,,,,,,,,,,,,,,,,only 9 trades < min 20,binance_rest
run_20260429_072220_0b956c,BTC/USDT,crypto,H1,trend_momentum,ema_cross,adx_min=25|fast_period=20|rsi_confirm=True|slow_period=200,both,all,NEEDS_MORE_DATA,7,,,,,,,,,,,,,,,,only 7 trades < min 20,binance_rest
run_20260429_072220_0b956c,BTC/USDT,crypto,H1,trend_momentum,ema_alignment,adx_min=0|ema_long=200|ema_mid=50|ema_short=20,both,all,REJECT,20,0.250000,0.548327,-0.002691,-0.002691,-0.070205,-2.469392,-1.029879,0.020020,22.700000,-0.053754,-0.053754,-0.058186,0.008092,0.233333,,,binance_rest
run_20260429_072220_0b956c,BTC/USDT,crypto,H1,trend_momentum,ema_alignment,adx_min=20|ema_long=200|ema_mid=50|ema_short=20,both,all,REJECT,20,0.200000,0.422370,-0.004359,-0.004359,-0.101176,-3.444200,-1.473072,0.020020,21.200000,-0.085272,-0.085272,-0.089557,-0.020797,0.303000,,,binance_rest
run_20260429_072220_0b956c,BTC/USDT,crypto,H1,trend_momentum,ema_alignment,adx_min=25|ema_long=200|ema_mid=50|ema_short=20,both,all,REJECT,20,0.200000,0.422370,-0.004359,-0.004359,-0.101176,-3.444200,-1.473072,0.020020,21.200000,-0.085272,-0.085272,-0.089557,-0.020797,0.289667,,,binance_rest
run_20260429_072220_0b956c,BTC/USDT,crypto,H1,pullback,pullback_ema,pullback_period=20|rsi_reclaim=False|rsi_threshold=50|trend_period=200,both,all,REJECT,68,0.191176,0.500429,-0.002559,-0.002559,-0.186028,-4.997209,-2.092045,0.068068,7.058824,-0.162778,-0.162778,-0.149212,-0.010506,0.421123,,,binance_rest
run_20260429_072220_0b956c,BTC/USDT,crypto,H1,pullback,pullback_ema,pullback_period=20|rsi_reclaim=True|rsi_threshold=50|trend_period=200,both,all,REJECT,60,0.183333,0.376279,-0.003417,-0.003417,-0.206411,-6.817122,-2.955608,0.060060,6.716667,-0.187582,-0.187582,-0.180305,-0.003400,0.405658,,,binance_rest
run_20260429_072220_0b956c,BTC/USDT,crypto,H1,pullback,pullback_ema,pullback_period=50|rsi_reclaim=False|rsi_threshold=50|trend_period=200,both,all,REJECT,37,0.189189,0.678151,-0.001360,-0.001360,-0.070846,-1.984084,-0.813700,0.037037,14.108108,-0.050916,-0.050916,-0.018353,-0.053313,0.322000,,,binance_rest
run_20260429_072220_0b956c,BTC/USDT,crypto,H1,pullback,pullback_ema,pullback_period=50|rsi_reclaim=True|rsi_threshold=50|trend_period=200,both,all,REJECT,21,0.238095,0.874510,-0.000556,-0.000556,-0.044452,-0.516465,-0.210224,0.021021,19.761905,-0.013114,-0.013114,0.010468,-0.023338,0.226000,,,binance_rest
run_20260429_072220_0b956c,BTC/USDT,crypto,H1,breakout,prev_day_hl,atr_expand_min=0.0,both,all,NEEDS_MORE_DATA,14,,,,,,,,,,,,,,1.000000,,only 14 trades < min 20,binance_rest
run_20260429_072220_0b956c,BTC/USDT,crypto,H1,breakout,prev_day_hl,atr_expand_min=0.5,both,all,NEEDS_MORE_DATA,14,,,,,,,,,,,,,,1.000000,,only 14 trades < min 20,binance_rest
run_20260429_072220_0b956c,BTC/USDT,crypto,H1,breakout,prev_day_hl,atr_expand_min=1.0,both,all,NEEDS_MORE_DATA,14,,,,,,,,,,,,,,1.000000,,only 14 trades < min 20,binance_rest
run_20260429_072220_0b956c,BTC/USDT,crypto,H1,breakout,session_opening_range,atr_expand_min=0.0|range_bars=6,both,all,REJECT,63,0.238095,0.571660,-0.003164,-0.003164,-0.245655,-4.002699,-1.660639,0.063063,15.492063,-0.186797,-0.186797,-0.098023,-0.093073,0.698183,,,binance_rest
run_20260429_072220_0b956c,BTC/USDT,crypto,H1,breakout,session_opening_range,atr_expand_min=0.5|range_bars=6,both,all,REJECT,63,0.222222,0.517968,-0.003632,-0.003632,-0.267462,-4.646484,-1.941620,0.063063,15.396825,-0.210306,-0.210306,-0.098023,-0.119292,0.648242,,,binance_rest
run_20260429_072220_0b956c,BTC/USDT,crypto,H1,breakout,session_opening_range,atr_expand_min=0.0|range_bars=12,both,all,REJECT,41,0.243902,0.440055,-0.005974,-0.005974,-0.246326,-5.216453,-2.242409,0.041041,23.829268,-0.222459,-0.222459,-0.138116,-0.102931,0.569576,,,binance_rest
run_20260429_072220_0b956c,BTC/USDT,crypto,H1,breakout,session_opening_range,atr_expand_min=0.5|range_bars=12,both,all,REJECT,41,0.243902,0.440055,-0.005974,-0.005974,-0.246326,-5.216453,-2.242409,0.041041,23.829268,-0.222459,-0.222459,-0.138116,-0.102931,0.569576,,,binance_rest
run_20260429_072220_0b956c,BTC/USDT,crypto,H1,breakout,london_breakout,atr_expand_min=0.0|utc_end=11|utc_start=7,both,all,NEEDS_MORE_DATA,19,,,,,,,,,,,,,,,,only 19 trades < min 20,binance_rest
run_20260429_072220_0b956c,BTC/USDT,crypto,H1,breakout,london_breakout,atr_expand_min=0.5|utc_end=11|utc_start=7,both,all,NEEDS_MORE_DATA,19,,,,,,,,,,,,,,,,only 19 trades < min 20,binance_rest
run_20260429_072220_0b956c,BTC/USDT,crypto,H1,breakout,ny_breakout,atr_expand_min=0.0|utc_end=16|utc_start=13,both,all,REJECT,20,0.250000,0.575442,-0.003969,-0.003969,-0.108466,-2.572849,-1.075420,0.020020,19.650000,-0.078944,-0.078944,-0.016301,-0.063682,0.220000,,,binance_rest
run_20260429_072220_0b956c,BTC/USDT,crypto,H1,breakout,ny_breakout,atr_expand_min=0.5|utc_end=16|utc_start=13,both,all,REJECT,20,0.250000,0.575442,-0.003969,-0.003969,-0.108466,-2.572849,-1.075420,0.020020,19.650000,-0.078944,-0.078944,-0.016301,-0.063682,0.220000,,,binance_rest
run_20260429_072220_0b956c,BTC/USDT,crypto,H1,mean_reversion,rsi_extreme,overbought=70|oversold=30|period=14,both,all,NEEDS_MORE_DATA,14,,,,,,,,,,,,,,1.000000,,only 14 trades < min 20,binance_rest
run_20260429_072220_0b956c,BTC/USDT,crypto,H1,mean_reversion,rsi_extreme,overbought=75|oversold=30|period=14,both,all,NEEDS_MORE_DATA,13,,,,,,,,,,,,,,,,only 13 trades < min 20,binance_rest
run_20260429_072220_0b956c,BTC/USDT,crypto,H1,mean_reversion,rsi_extreme,overbought=70|oversold=25|period=14,both,all,NEEDS_MORE_DATA,12,,,,,,,,,,,,,,,,only 12 trades < min 20,binance_rest
run_20260429_072220_0b956c,BTC/USDT,crypto,H1,mean_reversion,rsi_extreme,overbought=75|oversold=25|period=14,both,all,NEEDS_MORE_DATA,11,,,,,,,,,,,,,,,,only 11 trades < min 20,binance_rest
run_20260429_072220_0b956c,BTC/USDT,crypto,H1,mean_reversion,bollinger_touch,num_std=2.0|period=20,both,all,REJECT,34,0.588235,0.612913,-0.002552,-0.002552,-0.129672,-2.351106,-0.968678,0.034034,15.088235,-0.086968,-0.086968,-0.078619,-0.009061,0.431911,,,binance_rest
run_20260429_072220_0b956c,BTC/USDT,crypto,H1,mean_reversion,bollinger_touch,num_std=2.5|period=20,both,all,REJECT,23,0.478261,0.509898,-0.004045,-0.004045,-0.111758,-2.731425,-1.140961,0.023023,16.739130,-0.092100,-0.092100,-0.071784,-0.021887,0.462804,,,binance_rest
run_20260429_072220_0b956c,BTC/USDT,crypto,H1,mean_reversion,vwap_deviation,std_threshold=1.5,both,all,NEEDS_MORE_DATA,10,,,,,,,,,,,,,,1.000000,,only 10 trades < min 20,binance_rest
run_20260429_072220_0b956c,BTC/USDT,crypto,H1,mean_reversion,vwap_deviation,std_threshold=2.0,both,all,NEEDS_MORE_DATA,7,,,,,,,,,,,,,,,,only 7 trades < min 20,binance_rest
run_20260429_072220_0b956c,BTC/USDT,crypto,H1,engine_b_proxy,ob_bos,require_engulf=False|require_vol_expand=False|swing_period=5,both,all,REJECT,23,0.260870,0.360465,-0.008163,-0.008163,-0.175666,-4.449548,-1.949942,0.023023,32.000000,-0.175666,-0.175666,-0.122012,-0.070939,0.412423,,,binance_rest
run_20260429_072220_0b956c,BTC/USDT,crypto,H1,engine_b_proxy,ob_bos,require_engulf=False|require_vol_expand=True|swing_period=5,both,all,NEEDS_MORE_DATA,19,,,,,,,,,,,,,,1.000000,,only 19 trades < min 20,binance_rest
run_20260429_072220_0b956c,BTC/USDT,crypto,H1,engine_b_proxy,ob_bos,require_engulf=True|require_vol_expand=False|swing_period=5,both,all,NEEDS_MORE_DATA,19,,,,,,,,,,,,,,1.000000,,only 19 trades < min 20,binance_rest
run_20260429_072220_0b956c,BTC/USDT,crypto,H1,engine_b_proxy,ob_bos,require_engulf=True|require_vol_expand=True|swing_period=5,both,all,NEEDS_MORE_DATA,16,,,,,,,,,,,,,,1.000000,,only 16 trades < min 20,binance_rest
run_20260429_072220_0b956c,BTC/USDT,crypto,H1,engine_b_proxy,ob_bos,require_engulf=False|require_vol_expand=False|swing_period=10,both,all,NEEDS_MORE_DATA,10,,,,,,,,,,,,,,,,only 10 trades < min 20,binance_rest
run_20260429_072220_0b956c,BTC/USDT,crypto,H1,engine_b_proxy,ob_bos,require_engulf=False|require_vol_expand=True|swing_period=10,both,all,NEEDS_MORE_DATA,9,,,,,,,,,,,,,,,,only 9 trades < min 20,binance_rest
run_20260429_072220_0b956c,BTC/USDT,crypto,H1,engine_b_proxy,ob_bos,require_engulf=True|require_vol_expand=False|swing_period=10,both,all,NEEDS_MORE_DATA,8,,,,,,,,,,,,,,,,only 8 trades < min 20,binance_rest
run_20260429_072220_0b956c,BTC/USDT,crypto,H1,engine_b_proxy,ob_bos,require_engulf=True|require_vol_expand=True|swing_period=10,both,all,NEEDS_MORE_DATA,7,,,,,,,,,,,,,,,,only 7 trades < min 20,binance_rest
run_20260429_072220_0b956c,BTC/USDT,crypto,H1,engine_b_proxy,structure_filters,fvg_detection=False|strong_close_pct=0.7,both,all,REJECT,315,0.253968,0.380676,-0.002268,-0.002268,-0.520841,-14.509785,-6.136778,0.315315,3.050794,-0.514222,-0.514222,-0.442146,-0.133671,0.504030,,,binance_rest
run_20260429_072220_0b956c,BTC/USDT,crypto,H1,engine_b_proxy,structure_filters,fvg_detection=True|strong_close_pct=0.7,both,all,REJECT,31,0.290323,0.609356,-0.002449,-0.002449,-0.089951,-2.357924,-0.972871,0.031031,13.580645,-0.075964,-0.075964,-0.058284,-0.018774,0.382632,,,binance_rest
run_20260429_072220_0b956c,BTC/USDT,crypto,H1,engine_b_proxy,structure_filters,fvg_detection=False|strong_close_pct=0.8,both,all,REJECT,213,0.215962,0.419889,-0.002459,-0.002459,-0.419182,-10.604269,-4.468127,0.213213,4.239437,-0.412156,-0.412156,-0.352476,-0.088323,0.515174,,,binance_rest
run_20260429_072220_0b956c,BTC/USDT,crypto,H1,engine_b_proxy,structure_filters,fvg_detection=True|strong_close_pct=0.8,both,all,REJECT,21,0.333333,0.560814,-0.002692,-0.002692,-0.059038,-2.636781,-1.102120,0.021021,15.000000,-0.056284,-0.056284,-0.049398,-0.007243,0.269988,,,binance_rest
run_20260429_072220_0b956c,ETH/USDT,crypto,H1,trend_momentum,ema_cross,adx_min=0|fast_period=10|rsi_confirm=False|slow_period=50,both,all,REJECT,30,0.266667,0.281048,-0.008417,-0.008417,-0.227511,-5.917026,-2.668686,0.030030,33.200000,-0.227511,-0.227511,-0.165572,-0.056295,0.382001,,,binance_rest
run_20260429_072220_0b956c,ETH/USDT,crypto,H1,trend_momentum,ema_cross,adx_min=0|fast_period=10|rsi_confirm=True|slow_period=50,both,all,REJECT,28,0.250000,0.297276,-0.008281,-0.008281,-0.211204,-5.547122,-2.485763,0.028028,33.357143,-0.211204,-0.211204,-0.147957,-0.056295,0.382144,,,binance_rest
run_20260429_072220_0b956c,ETH/USDT,crypto,H1,trend_momentum,ema_cross,adx_min=20|fast_period=10|rsi_confirm=False|slow_period=50,both,all,REJECT,28,0.250000,0.283186,-0.008548,-0.008548,-0.217141,-5.687834,-2.562980,0.028028,34.321429,-0.217141,-0.217141,-0.165572,-0.043824,0.347405,,,binance_rest
run_20260429_072220_0b956c,ETH/USDT,crypto,H1,trend_momentum,ema_cross,adx_min=20|fast_period=10|rsi_confirm=True|slow_period=50,both,all,REJECT,26,0.230769,0.300459,-0.008411,-0.008411,-0.200615,-5.309467,-2.376376,0.026026,34.576923,-0.200615,-0.200615,-0.147957,-0.043824,0.344858,,,binance_rest
run_20260429_072220_0b956c,ETH/USDT,crypto,H1,trend_momentum,ema_cross,adx_min=25|fast_period=10|rsi_confirm=False|slow_period=50,both,all,REJECT,24,0.291667,0.313479,-0.008646,-0.008646,-0.191645,-5.029427,-2.244888,0.024024,35.250000,-0.191645,-0.191645,-0.162352,-0.034971,0.308621,,,binance_rest
run_20260429_072220_0b956c,ETH/USDT,crypto,H1,trend_momentum,ema_cross,adx_min=25|fast_period=10|rsi_confirm=True|slow_period=50,both,all,REJECT,22,0.272727,0.334992,-0.008494,-0.008494,-0.174581,-4.631213,-2.051832,0.022022,35.636364,-0.174581,-0.174581,-0.144669,-0.034971,0.304520,,,binance_rest
run_20260429_072220_0b956c,ETH/USDT,crypto,H1,trend_momentum,ema_cross,adx_min=0|fast_period=10|rsi_confirm=False|slow_period=100,both,all,NEEDS_MORE_DATA,18,,,,,,,,,,,,,,1.000000,,only 18 trades < min 20,binance_rest
run_20260429_072220_0b956c,ETH/USDT,crypto,H1,trend_momentum,ema_cross,adx_min=0|fast_period=10|rsi_confirm=True|slow_period=100,both,all,NEEDS_MORE_DATA,15,,,,,,,,,,,,,,1.000000,,only 15 trades < min 20,binance_rest
run_20260429_072220_0b956c,ETH/USDT,crypto,H1,trend_momentum,ema_cross,adx_min=20|fast_period=10|rsi_confirm=False|slow_period=100,both,all,NEEDS_MORE_DATA,17,,,,,,,,,,,,,,1.000000,,only 17 trades < min 20,binance_rest
run_20260429_072220_0b956c,ETH/USDT,crypto,H1,trend_momentum,ema_cross,adx_min=20|fast_period=10|rsi_confirm=True|slow_period=100,both,all,NEEDS_MORE_DATA,14,,,,,,,,,,,,,,1.000000,,only 14 trades < min 20,binance_rest
run_20260429_072220_0b956c,ETH/USDT,crypto,H1,trend_momentum,ema_cross,adx_min=25|fast_period=10|rsi_confirm=False|slow_period=100,both,all,NEEDS_MORE_DATA,17,,,,,,,,,,,,,,1.000000,,only 17 trades < min 20,binance_rest
run_20260429_072220_0b956c,ETH/USDT,crypto,H1,trend_momentum,ema_cross,adx_min=25|fast_period=10|rsi_confirm=True|slow_period=100,both,all,NEEDS_MORE_DATA,14,,,,,,,,,,,,,,1.000000,,only 14 trades < min 20,binance_rest
run_20260429_072220_0b956c,ETH/USDT,crypto,H1,trend_momentum,ema_cross,adx_min=0|fast_period=10|rsi_confirm=False|slow_period=200,both,all,NEEDS_MORE_DATA,17,,,,,,,,,,,,,,1.000000,,only 17 trades < min 20,binance_rest
run_20260429_072220_0b956c,ETH/USDT,crypto,H1,trend_momentum,ema_cross,adx_min=0|fast_period=10|rsi_confirm=True|slow_period=200,both,all,NEEDS_MORE_DATA,14,,,,,,,,,,,,,,1.000000,,only 14 trades < min 20,binance_rest
run_20260429_072220_0b956c,ETH/USDT,crypto,H1,trend_momentum,ema_cross,adx_min=20|fast_period=10|rsi_confirm=False|slow_period=200,both,all,NEEDS_MORE_DATA,16,,,,,,,,,,,,,,1.000000,,only 16 trades < min 20,binance_rest
run_20260429_072220_0b956c,ETH/USDT,crypto,H1,trend_momentum,ema_cross,adx_min=20|fast_period=10|rsi_confirm=True|slow_period=200,both,all,NEEDS_MORE_DATA,13,,,,,,,,,,,,,,1.000000,,only 13 trades < min 20,binance_rest
run_20260429_072220_0b956c,ETH/USDT,crypto,H1,trend_momentum,ema_cross,adx_min=25|fast_period=10|rsi_confirm=False|slow_period=200,both,all,NEEDS_MORE_DATA,13,,,,,,,,,,,,,,1.000000,,only 13 trades < min 20,binance_rest
run_20260429_072220_0b956c,ETH/USDT,crypto,H1,trend_momentum,ema_cross,adx_min=25|fast_period=10|rsi_confirm=True|slow_period=200,both,all,NEEDS_MORE_DATA,11,,,,,,,,,,,,,,,,only 11 trades < min 20,binance_rest
run_20260429_072220_0b956c,ETH/USDT,crypto,H1,trend_momentum,ema_cross,adx_min=0|fast_period=20|rsi_confirm=False|slow_period=50,both,all,NEEDS_MORE_DATA,15,,,,,,,,,,,,,,1.000000,,only 15 trades < min 20,binance_rest
run_20260429_072220_0b956c,ETH/USDT,crypto,H1,trend_momentum,ema_cross,adx_min=0|fast_period=20|rsi_confirm=True|slow_period=50,both,all,NEEDS_MORE_DATA,13,,,,,,,,,,,,,,1.000000,,only 13 trades < min 20,binance_rest
run_20260429_072220_0b956c,ETH/USDT,crypto,H1,trend_momentum,ema_cross,adx_min=20|fast_period=20|rsi_confirm=False|slow_period=50,both,all,NEEDS_MORE_DATA,14,,,,,,,,,,,,,,1.000000,,only 14 trades < min 20,binance_rest
run_20260429_072220_0b956c,ETH/USDT,crypto,H1,trend_momentum,ema_cross,adx_min=20|fast_period=20|rsi_confirm=True|slow_period=50,both,all,NEEDS_MORE_DATA,12,,,,,,,,,,,,,,1.000000,,only 12 trades < min 20,binance_rest
run_20260429_072220_0b956c,ETH/USDT,crypto,H1,trend_momentum,ema_cross,adx_min=25|fast_period=20|rsi_confirm=False|slow_period=50,both,all,NEEDS_MORE_DATA,14,,,,,,,,,,,,,,1.000000,,only 14 trades < min 20,binance_rest
run_20260429_072220_0b956c,ETH/USDT,crypto,H1,trend_momentum,ema_cross,adx_min=25|fast_period=20|rsi_confirm=True|slow_period=50,both,all,NEEDS_MORE_DATA,12,,,,,,,,,,,,,,1.000000,,only 12 trades < min 20,binance_rest
run_20260429_072220_0b956c,ETH/USDT,crypto,H1,trend_momentum,ema_cross,adx_min=0|fast_period=20|rsi_confirm=False|slow_period=100,both,all,NEEDS_MORE_DATA,13,,,,,,,,,,,,,,1.000000,,only 13 trades < min 20,binance_rest
run_20260429_072220_0b956c,ETH/USDT,crypto,H1,trend_momentum,ema_cross,adx_min=0|fast_period=20|rsi_confirm=True|slow_period=100,both,all,NEEDS_MORE_DATA,11,,,,,,,,,,,,,,1.000000,,only 11 trades < min 20,binance_rest
run_20260429_072220_0b956c,ETH/USDT,crypto,H1,trend_momentum,ema_cross,adx_min=20|fast_period=20|rsi_confirm=False|slow_period=100,both,all,NEEDS_MORE_DATA,13,,,,,,,,,,,,,,1.000000,,only 13 trades < min 20,binance_rest
run_20260429_072220_0b956c,ETH/USDT,crypto,H1,trend_momentum,ema_cross,adx_min=20|fast_period=20|rsi_confirm=True|slow_period=100,both,all,NEEDS_MORE_DATA,11,,,,,,,,,,,,,,1.000000,,only 11 trades < min 20,binance_rest
run_20260429_072220_0b956c,ETH/USDT,crypto,H1,trend_momentum,ema_cross,adx_min=25|fast_period=20|rsi_confirm=False|slow_period=100,both,all,NEEDS_MORE_DATA,12,,,,,,,,,,,,,,1.000000,,only 12 trades < min 20,binance_rest
run_20260429_072220_0b956c,ETH/USDT,crypto,H1,trend_momentum,ema_cross,adx_min=25|fast_period=20|rsi_confirm=True|slow_period=100,both,all,NEEDS_MORE_DATA,10,,,,,,,,,,,,,,1.000000,,only 10 trades < min 20,binance_rest
run_20260429_072220_0b956c,ETH/USDT,crypto,H1,trend_momentum,ema_cross,adx_min=0|fast_period=20|rsi_confirm=False|slow_period=200,both,all,NEEDS_MORE_DATA,13,,,,,,,,,,,,,,1.000000,,only 13 trades < min 20,binance_rest
run_20260429_072220_0b956c,ETH/USDT,crypto,H1,trend_momentum,ema_cross,adx_min=0|fast_period=20|rsi_confirm=True|slow_period=200,both,all,NEEDS_MORE_DATA,11,,,,,,,,,,,,,,,,only 11 trades < min 20,binance_rest
run_20260429_072220_0b956c,ETH/USDT,crypto,H1,trend_momentum,ema_cross,adx_min=20|fast_period=20|rsi_confirm=False|slow_period=200,both,all,NEEDS_MORE_DATA,13,,,,,,,,,,,,,,1.000000,,only 13 trades < min 20,binance_rest
run_20260429_072220_0b956c,ETH/USDT,crypto,H1,trend_momentum,ema_cross,adx_min=20|fast_period=20|rsi_confirm=True|slow_period=200,both,all,NEEDS_MORE_DATA,11,,,,,,,,,,,,,,,,only 11 trades < min 20,binance_rest
run_20260429_072220_0b956c,ETH/USDT,crypto,H1,trend_momentum,ema_cross,adx_min=25|fast_period=20|rsi_confirm=False|slow_period=200,both,all,NEEDS_MORE_DATA,13,,,,,,,,,,,,,,,,only 13 trades < min 20,binance_rest
run_20260429_072220_0b956c,ETH/USDT,crypto,H1,trend_momentum,ema_cross,adx_min=25|fast_period=20|rsi_confirm=True|slow_period=200,both,all,NEEDS_MORE_DATA,11,,,,,,,,,,,,,,,,only 11 trades < min 20,binance_rest
run_20260429_072220_0b956c,ETH/USDT,crypto,H1,trend_momentum,ema_alignment,adx_min=0|ema_long=200|ema_mid=50|ema_short=20,both,all,REJECT,27,0.148148,0.216640,-0.006497,-0.006497,-0.162415,-7.211585,-3.529891,0.027027,16.666667,-0.162415,-0.162415,-0.148206,-0.015782,0.307279,,,binance_rest
run_20260429_072220_0b956c,ETH/USDT,crypto,H1,trend_momentum,ema_alignment,adx_min=20|ema_long=200|ema_mid=50|ema_short=20,both,all,REJECT,26,0.153846,0.224617,-0.006441,-0.006441,-0.155699,-6.949645,-3.375547,0.026026,15.500000,-0.155699,-0.155699,-0.148206,-0.007890,0.285303,,,binance_rest
run_20260429_072220_0b956c,ETH/USDT,crypto,H1,trend_momentum,ema_alignment,adx_min=25|ema_long=200|ema_mid=50|ema_short=20,both,all,REJECT,23,0.086957,0.140514,-0.008120,-0.008120,-0.171808,-7.826322,-4.215869,0.023023,14.695652,-0.171808,-0.171808,-0.156683,-0.017935,0.272340,,,binance_rest
run_20260429_072220_0b956c,ETH/USDT,crypto,H1,pullback,pullback_ema,pullback_period=20|rsi_reclaim=False|rsi_threshold=50|trend_period=200,both,all,REJECT,74,0.135135,0.449004,-0.002873,-0.002873,-0.195047,-5.590708,-2.350593,0.074074,6.648649,-0.195047,-0.195047,-0.129368,-0.070724,0.564007,,,binance_rest
run_20260429_072220_0b956c,ETH/USDT,crypto,H1,pullback,pullback_ema,pullback_period=20|rsi_reclaim=True|rsi_threshold=50|trend_period=200,both,all,REJECT,64,0.140625,0.520662,-0.002373,-0.002373,-0.144271,-4.182609,-1.737909,0.064064,6.968750,-0.144271,-0.144271,-0.082845,-0.062216,0.625299,,,binance_rest
run_20260429_072220_0b956c,ETH/USDT,crypto,H1,pullback,pullback_ema,pullback_period=50|rsi_reclaim=False|rsi_threshold=50|trend_period=200,both,all,REJECT,44,0.181818,0.520513,-0.002548,-0.002548,-0.123735,-3.709559,-1.547125,0.044044,10.613636,-0.108506,-0.108506,-0.101538,-0.002695,0.371963,,,binance_rest
run_20260429_072220_0b956c,ETH/USDT,crypto,H1,pullback,pullback_ema,pullback_period=50|rsi_reclaim=True|rsi_threshold=50|trend_period=200,both,all,REJECT,25,0.240000,0.868279,-0.000614,-0.000614,-0.053763,-0.584884,-0.238092,0.025025,15.280000,-0.017258,-0.017258,0.008378,-0.020453,0.250000,,,binance_rest
run_20260429_072220_0b956c,ETH/USDT,crypto,H1,breakout,prev_day_hl,atr_expand_min=0.0,both,all,NEEDS_MORE_DATA,17,,,,,,,,,,,,,,1.000000,,only 17 trades < min 20,binance_rest
run_20260429_072220_0b956c,ETH/USDT,crypto,H1,breakout,prev_day_hl,atr_expand_min=0.5,both,all,NEEDS_MORE_DATA,17,,,,,,,,,,,,,,1.000000,,only 17 trades < min 20,binance_rest
run_20260429_072220_0b956c,ETH/USDT,crypto,H1,breakout,prev_day_hl,atr_expand_min=1.0,both,all,NEEDS_MORE_DATA,17,,,,,,,,,,,,,,1.000000,,only 17 trades < min 20,binance_rest
run_20260429_072220_0b956c,ETH/USDT,crypto,H1,breakout,session_opening_range,atr_expand_min=0.0|range_bars=6,both,all,REJECT,54,0.351852,0.941102,-0.000490,-0.000490,-0.096443,-0.402544,-0.163723,0.054054,18.037037,-0.038512,-0.038512,-0.024021,0.004237,0.413333,,,binance_rest
run_20260429_072220_0b956c,ETH/USDT,crypto,H1,breakout,session_opening_range,atr_expand_min=0.5|range_bars=6,both,all,REJECT,54,0.351852,0.941102,-0.000490,-0.000490,-0.096443,-0.402544,-0.163723,0.054054,18.037037,-0.038512,-0.038512,-0.024021,0.004237,0.413333,,,binance_rest
run_20260429_072220_0b956c,ETH/USDT,crypto,H1,breakout,session_opening_range,atr_expand_min=0.0|range_bars=12,both,all,REJECT,31,0.354839,0.688197,-0.003601,-0.003601,-0.202360,-1.999390,-0.821533,0.031031,31.161290,-0.114045,-0.114045,-0.184432,0.051926,0.286000,,,binance_rest
run_20260429_072220_0b956c,ETH/USDT,crypto,H1,breakout,session_opening_range,atr_expand_min=0.5|range_bars=12,both,all,REJECT,31,0.354839,0.688197,-0.003601,-0.003601,-0.202360,-1.999390,-0.821533,0.031031,31.161290,-0.114045,-0.114045,-0.184432,0.051926,0.286000,,,binance_rest
run_20260429_072220_0b956c,ETH/USDT,crypto,H1,breakout,london_breakout,atr_expand_min=0.0|utc_end=11|utc_start=7,both,all,NEEDS_MORE_DATA,15,,,,,,,,,,,,,,,,only 15 trades < min 20,binance_rest
run_20260429_072220_0b956c,ETH/USDT,crypto,H1,breakout,london_breakout,atr_expand_min=0.5|utc_end=11|utc_start=7,both,all,NEEDS_MORE_DATA,15,,,,,,,,,,,,,,,,only 15 trades < min 20,binance_rest
run_20260429_072220_0b956c,ETH/USDT,crypto,H1,breakout,ny_breakout,atr_expand_min=0.0|utc_end=16|utc_start=13,both,all,REJECT,20,0.200000,0.438898,-0.007241,-0.007241,-0.139340,-3.470010,-1.485299,0.020020,19.300000,-0.139340,-0.139340,-0.081436,-0.063038,0.452226,,,binance_rest
run_20260429_072220_0b956c,ETH/USDT,crypto,H1,breakout,ny_breakout,atr_expand_min=0.5|utc_end=16|utc_start=13,both,all,REJECT,20,0.200000,0.438898,-0.007241,-0.007241,-0.139340,-3.470010,-1.485299,0.020020,19.300000,-0.139340,-0.139340,-0.081436,-0.063038,0.452226,,,binance_rest
run_20260429_072220_0b956c,ETH/USDT,crypto,H1,mean_reversion,rsi_extreme,overbought=70|oversold=30|period=14,both,all,NEEDS_MORE_DATA,17,,,,,,,,,,,,,,1.000000,,only 17 trades < min 20,binance_rest
run_20260429_072220_0b956c,ETH/USDT,crypto,H1,mean_reversion,rsi_extreme,overbought=75|oversold=30|period=14,both,all,NEEDS_MORE_DATA,15,,,,,,,,,,,,,,,,only 15 trades < min 20,binance_rest
run_20260429_072220_0b956c,ETH/USDT,crypto,H1,mean_reversion,rsi_extreme,overbought=70|oversold=25|period=14,both,all,NEEDS_MORE_DATA,14,,,,,,,,,,,,,,,,only 14 trades < min 20,binance_rest
run_20260429_072220_0b956c,ETH/USDT,crypto,H1,mean_reversion,rsi_extreme,overbought=75|oversold=25|period=14,both,all,NEEDS_MORE_DATA,12,,,,,,,,,,,,,,,,only 12 trades < min 20,binance_rest
run_20260429_072220_0b956c,ETH/USDT,crypto,H1,mean_reversion,bollinger_touch,num_std=2.0|period=20,both,all,REJECT,34,0.558824,0.461197,-0.004456,-0.004456,-0.158176,-3.635569,-1.526462,0.034034,15.647059,-0.145226,-0.145226,-0.103277,-0.046780,0.533222,,,binance_rest
run_20260429_072220_0b956c,ETH/USDT,crypto,H1,mean_reversion,bollinger_touch,num_std=2.5|period=20,both,all,REJECT,26,0.576923,0.794049,-0.001408,-0.001408,-0.065346,-1.030743,-0.420512,0.026026,15.884615,-0.039663,-0.039663,-0.019435,-0.020628,0.670914,,,binance_rest
run_20260429_072220_0b956c,ETH/USDT,crypto,H1,mean_reversion,vwap_deviation,std_threshold=1.5,both,all,NEEDS_MORE_DATA,11,,,,,,,,,,,,,,1.000000,,only 11 trades < min 20,binance_rest
run_20260429_072220_0b956c,ETH/USDT,crypto,H1,mean_reversion,vwap_deviation,std_threshold=2.0,both,all,NEEDS_MORE_DATA,10,,,,,,,,,,,,,,,,only 10 trades < min 20,binance_rest
run_20260429_072220_0b956c,ETH/USDT,crypto,H1,engine_b_proxy,ob_bos,require_engulf=False|require_vol_expand=False|swing_period=5,both,all,REJECT,21,0.380952,0.774120,-0.002374,-0.002374,-0.090419,-1.183842,-0.484002,0.021021,38.000000,-0.053727,-0.053727,-0.012181,-0.042058,0.226000,,,binance_rest
run_20260429_072220_0b956c,ETH/USDT,crypto,H1,engine_b_proxy,ob_bos,require_engulf=False|require_vol_expand=True|swing_period=5,both,all,NEEDS_MORE_DATA,15,,,,,,,,,,,,,,1.000000,,only 15 trades < min 20,binance_rest
run_20260429_072220_0b956c,ETH/USDT,crypto,H1,engine_b_proxy,ob_bos,require_engulf=True|require_vol_expand=False|swing_period=5,both,all,NEEDS_MORE_DATA,19,,,,,,,,,,,,,,1.000000,,only 19 trades < min 20,binance_rest
run_20260429_072220_0b956c,ETH/USDT,crypto,H1,engine_b_proxy,ob_bos,require_engulf=True|require_vol_expand=True|swing_period=5,both,all,NEEDS_MORE_DATA,15,,,,,,,,,,,,,,1.000000,,only 15 trades < min 20,binance_rest
run_20260429_072220_0b956c,ETH/USDT,crypto,H1,engine_b_proxy,ob_bos,require_engulf=False|require_vol_expand=False|swing_period=10,both,all,NEEDS_MORE_DATA,12,,,,,,,,,,,,,,,,only 12 trades < min 20,binance_rest
run_20260429_072220_0b956c,ETH/USDT,crypto,H1,engine_b_proxy,ob_bos,require_engulf=False|require_vol_expand=True|swing_period=10,both,all,NEEDS_MORE_DATA,10,,,,,,,,,,,,,,,,only 10 trades < min 20,binance_rest
run_20260429_072220_0b956c,ETH/USDT,crypto,H1,engine_b_proxy,ob_bos,require_engulf=True|require_vol_expand=False|swing_period=10,both,all,NEEDS_MORE_DATA,11,,,,,,,,,,,,,,,,only 11 trades < min 20,binance_rest
run_20260429_072220_0b956c,ETH/USDT,crypto,H1,engine_b_proxy,ob_bos,require_engulf=True|require_vol_expand=True|swing_period=10,both,all,NEEDS_MORE_DATA,10,,,,,,,,,,,,,,,,only 10 trades < min 20,binance_rest
run_20260429_072220_0b956c,ETH/USDT,crypto,H1,engine_b_proxy,structure_filters,fvg_detection=False|strong_close_pct=0.7,both,all,REJECT,293,0.259386,0.526133,-0.002003,-0.002003,-0.475325,-8.953081,-3.700171,0.293293,3.174061,-0.451183,-0.451183,-0.376645,-0.123656,0.511826,,,binance_rest
run_20260429_072220_0b956c,ETH/USDT,crypto,H1,engine_b_proxy,structure_filters,fvg_detection=True|strong_close_pct=0.7,both,all,REJECT,33,0.212121,0.482504,-0.004817,-0.004817,-0.157862,-3.593817,-1.509322,0.033033,12.757576,-0.151966,-0.151966,-0.119785,-0.036560,0.389564,,,binance_rest
run_20260429_072220_0b956c,ETH/USDT,crypto,H1,engine_b_proxy,structure_filters,fvg_detection=False|strong_close_pct=0.8,both,all,REJECT,174,0.304598,0.732039,-0.001273,-0.001273,-0.230180,-3.188512,-1.301733,0.174174,4.747126,-0.210092,-0.210092,-0.153781,-0.068664,0.573951,,,binance_rest
run_20260429_072220_0b956c,ETH/USDT,crypto,H1,engine_b_proxy,structure_filters,fvg_detection=True|strong_close_pct=0.8,both,all,NEEDS_MORE_DATA,19,,,,,,,,,,,,,,1.000000,,only 19 trades < min 20,binance_rest
run_20260429_072220_0b956c,SOL/USDT,crypto,H1,trend_momentum,ema_cross,adx_min=0|fast_period=10|rsi_confirm=False|slow_period=50,both,all,REJECT,39,0.128205,0.152194,-0.013363,-0.013363,-0.411654,-9.514379,-4.869577,0.039039,24.384615,-0.411654,-0.411654,-0.353479,-0.104098,0.422349,,,binance_rest
run_20260429_072220_0b956c,SOL/USDT,crypto,H1,trend_momentum,ema_cross,adx_min=0|fast_period=10|rsi_confirm=True|slow_period=50,both,all,REJECT,36,0.138889,0.164112,-0.013237,-0.013237,-0.384579,-8.859524,-4.459826,0.036036,25.194444,-0.384579,-0.384579,-0.323727,-0.104098,0.412469,,,binance_rest
run_20260429_072220_0b956c,SOL/USDT,crypto,H1,trend_momentum,ema_cross,adx_min=20|fast_period=10|rsi_confirm=False|slow_period=50,both,all,REJECT,37,0.135135,0.161575,-0.013121,-0.013121,-0.390076,-9.018053,-4.548184,0.037037,25.135135,-0.390076,-0.390076,-0.329767,-0.104098,0.416702,,,binance_rest
run_20260429_072220_0b956c,SOL/USDT,crypto,H1,trend_momentum,ema_cross,adx_min=20|fast_period=10|rsi_confirm=True|slow_period=50,both,all,REJECT,34,0.147059,0.175071,-0.012966,-0.012966,-0.362007,-8.345797,-4.137306,0.034034,26.058824,-0.362007,-0.362007,-0.298924,-0.104098,0.408473,,,binance_rest
run_20260429_072220_0b956c,SOL/USDT,crypto,H1,trend_momentum,ema_cross,adx_min=25|fast_period=10|rsi_confirm=False|slow_period=50,both,all,REJECT,27,0.185185,0.208724,-0.013136,-0.013136,-0.304143,-6.972797,-3.364176,0.027027,29.666667,-0.304143,-0.304143,-0.302781,-0.017436,0.279275,,,binance_rest
run_20260429_072220_0b956c,SOL/USDT,crypto,H1,trend_momentum,ema_cross,adx_min=25|fast_period=10|rsi_confirm=True|slow_period=50,both,all,REJECT,25,0.200000,0.222686,-0.013063,-0.013063,-0.284158,-6.503232,-3.100771,0.025025,30.640000,-0.284158,-0.284158,-0.282758,-0.017436,0.268499,,,binance_rest
run_20260429_072220_0b956c,SOL/USDT,crypto,H1,trend_momentum,ema_cross,adx_min=0|fast_period=10|rsi_confirm=False|slow_period=100,both,all,REJECT,29,0.103448,0.137881,-0.014757,-0.014757,-0.353573,-8.259633,-4.257420,0.029029,32.793103,-0.353573,-0.353573,-0.305515,-0.084260,0.356739,,,binance_rest
run_20260429_072220_0b956c,SOL/USDT,crypto,H1,trend_momentum,ema_cross,adx_min=0|fast_period=10|rsi_confirm=True|slow_period=100,both,all,REJECT,26,0.115385,0.154478,-0.014409,-0.014409,-0.317828,-7.445187,-3.735914,0.026026,34.961538,-0.317828,-0.317828,-0.267112,-0.084260,0.350634,,,binance_rest
run_20260429_072220_0b956c,SOL/USDT,crypto,H1,trend_momentum,ema_cross,adx_min=20|fast_period=10|rsi_confirm=False|slow_period=100,both,all,REJECT,29,0.103448,0.137881,-0.014757,-0.014757,-0.353573,-8.259633,-4.257420,0.029029,32.793103,-0.353573,-0.353573,-0.305515,-0.084260,0.356739,,,binance_rest
run_20260429_072220_0b956c,SOL/USDT,crypto,H1,trend_momentum,ema_cross,adx_min=20|fast_period=10|rsi_confirm=True|slow_period=100,both,all,REJECT,26,0.115385,0.154478,-0.014409,-0.014409,-0.317828,-7.445187,-3.735914,0.026026,34.961538,-0.317828,-0.317828,-0.267112,-0.084260,0.350634,,,binance_rest
run_20260429_072220_0b956c,SOL/USDT,crypto,H1,trend_momentum,ema_cross,adx_min=25|fast_period=10|rsi_confirm=False|slow_period=100,both,all,REJECT,21,0.142857,0.165696,-0.016411,-0.016411,-0.297056,-6.843676,-3.481268,0.021021,40.952381,-0.297056,-0.297056,-0.294818,-0.019301,0.245641,,,binance_rest
run_20260429_072220_0b956c,SOL/USDT,crypto,H1,trend_momentum,ema_cross,adx_min=25|fast_period=10|rsi_confirm=True|slow_period=100,both,all,NEEDS_MORE_DATA,19,,,,,,,,,,,,,,1.000000,,only 19 trades < min 20,binance_rest
run_20260429_072220_0b956c,SOL/USDT,crypto,H1,trend_momentum,ema_cross,adx_min=0|fast_period=10|rsi_confirm=False|slow_period=200,both,all,REJECT,29,0.068966,0.143720,-0.015007,-0.015007,-0.359208,-7.724475,-3.838218,0.029029,32.862069,-0.359208,-0.359208,-0.249284,-0.155519,0.461159,,,binance_rest
run_20260429_072220_0b956c,SOL/USDT,crypto,H1,trend_momentum,ema_cross,adx_min=0|fast_period=10|rsi_confirm=True|slow_period=200,both,all,REJECT,24,0.041667,0.143185,-0.015475,-0.015475,-0.316384,-6.900844,-3.403344,0.024024,34.166667,-0.316384,-0.316384,-0.201672,-0.143690,0.457748,,,binance_rest
run_20260429_072220_0b956c,SOL/USDT,crypto,H1,trend_momentum,ema_cross,adx_min=20|fast_period=10|rsi_confirm=False|slow_period=200,both,all,REJECT,29,0.068966,0.143720,-0.015007,-0.015007,-0.359208,-7.724475,-3.838218,0.029029,32.862069,-0.359208,-0.359208,-0.249284,-0.155519,0.461159,,,binance_rest
run_20260429_072220_0b956c,SOL/USDT,crypto,H1,trend_momentum,ema_cross,adx_min=20|fast_period=10|rsi_confirm=True|slow_period=200,both,all,REJECT,24,0.041667,0.143185,-0.015475,-0.015475,-0.316384,-6.900844,-3.403344,0.024024,34.166667,-0.316384,-0.316384,-0.201672,-0.143690,0.457748,,,binance_rest
run_20260429_072220_0b956c,SOL/USDT,crypto,H1,trend_momentum,ema_cross,adx_min=25|fast_period=10|rsi_confirm=False|slow_period=200,both,all,REJECT,23,0.086957,0.192431,-0.013328,-0.013328,-0.269236,-6.360600,-3.056892,0.023023,35.869565,-0.269236,-0.269236,-0.188747,-0.108813,0.410950,,,binance_rest
run_20260429_072220_0b956c,SOL/USDT,crypto,H1,trend_momentum,ema_cross,adx_min=25|fast_period=10|rsi_confirm=True|slow_period=200,both,all,NEEDS_MORE_DATA,19,,,,,,,,,,,,,,,,only 19 trades < min 20,binance_rest
run_20260429_072220_0b956c,SOL/USDT,crypto,H1,trend_momentum,ema_cross,adx_min=0|fast_period=20|rsi_confirm=False|slow_period=50,both,all,REJECT,31,0.096774,0.111346,-0.018606,-0.018606,-0.444866,-9.400172,-5.185621,0.031031,30.709677,-0.444866,-0.444866,-0.388049,-0.103214,0.365794,,,binance_rest
run_20260429_072220_0b956c,SOL/USDT,crypto,H1,trend_momentum,ema_cross,adx_min=0|fast_period=20|rsi_confirm=True|slow_period=50,both,all,REJECT,28,0.107143,0.124843,-0.018093,-0.018093,-0.403994,-8.570302,-4.582132,0.028028,32.285714,-0.403994,-0.403994,-0.342995,-0.103214,0.358276,,,binance_rest
run_20260429_072220_0b956c,SOL/USDT,crypto,H1,trend_momentum,ema_cross,adx_min=20|fast_period=20|rsi_confirm=False|slow_period=50,both,all,REJECT,30,0.100000,0.114955,-0.018547,-0.018547,-0.433315,-9.148499,-5.004385,0.030030,31.166667,-0.433315,-0.433315,-0.375316,-0.103214,0.362501,,,binance_rest
run_20260429_072220_0b956c,SOL/USDT,crypto,H1,trend_momentum,ema_cross,adx_min=20|fast_period=20|rsi_confirm=True|slow_period=50,both,all,REJECT,27,0.111111,0.129398,-0.018009,-0.018009,-0.391593,-8.304841,-4.399966,0.027027,32.851852,-0.391593,-0.391593,-0.329325,-0.103214,0.356023,,,binance_rest
run_20260429_072220_0b956c,SOL/USDT,crypto,H1,trend_momentum,ema_cross,adx_min=25|fast_period=20|rsi_confirm=False|slow_period=50,both,all,REJECT,21,0.142857,0.155420,-0.018701,-0.018701,-0.331464,-6.942292,-3.560750,0.021021,38.190476,-0.331464,-0.331464,-0.324248,-0.021987,0.246343,,,binance_rest
run_20260429_072220_0b956c,SOL/USDT,crypto,H1,trend_momentum,ema_cross,adx_min=25|fast_period=20|rsi_confirm=True|slow_period=50,both,all,NEEDS_MORE_DATA,19,,,,,,,,,,,,,,1.000000,,only 19 trades < min 20,binance_rest
run_20260429_072220_0b956c,SOL/USDT,crypto,H1,trend_momentum,ema_cross,adx_min=0|fast_period=20|rsi_confirm=False|slow_period=100,both,all,REJECT,23,0.086957,0.092915,-0.020206,-0.020206,-0.377694,-8.405815,-4.815804,0.023023,41.434783,-0.377694,-0.377694,-0.322700,-0.089700,0.321390,,,binance_rest
run_20260429_072220_0b956c,SOL/USDT,crypto,H1,trend_momentum,ema_cross,adx_min=0|fast_period=20|rsi_confirm=True|slow_period=100,both,all,REJECT,20,0.100000,0.105910,-0.020094,-0.020094,-0.336853,-7.544759,-4.179421,0.020020,45.350000,-0.336853,-0.336853,-0.278250,-0.089700,0.316711,,,binance_rest
run_20260429_072220_0b956c,SOL/USDT,crypto,H1,trend_momentum,ema_cross,adx_min=20|fast_period=20|rsi_confirm=False|slow_period=100,both,all,REJECT,23,0.086957,0.092915,-0.020206,-0.020206,-0.377694,-8.405815,-4.815804,0.023023,41.434783,-0.377694,-0.377694,-0.322700,-0.089700,0.321390,,,binance_rest
run_20260429_072220_0b956c,SOL/USDT,crypto,H1,trend_momentum,ema_cross,adx_min=20|fast_period=20|rsi_confirm=True|slow_period=100,both,all,REJECT,20,0.100000,0.105910,-0.020094,-0.020094,-0.336853,-7.544759,-4.179421,0.020020,45.350000,-0.336853,-0.336853,-0.278250,-0.089700,0.316711,,,binance_rest
run_20260429_072220_0b956c,SOL/USDT,crypto,H1,trend_momentum,ema_cross,adx_min=25|fast_period=20|rsi_confirm=False|slow_period=100,both,all,REJECT,21,0.095238,0.099198,-0.020585,-0.020585,-0.356993,-7.928071,-4.489935,0.021021,43.666667,-0.356993,-0.356993,-0.312267,-0.073686,0.296791,,,binance_rest
run_20260429_072220_0b956c,SOL/USDT,crypto,H1,trend_momentum,ema_cross,adx_min=25|fast_period=20|rsi_confirm=True|slow_period=100,both,all,NEEDS_MORE_DATA,19,,,,,,,,,,,,,,1.000000,,only 19 trades < min 20,binance_rest
run_20260429_072220_0b956c,SOL/USDT,crypto,H1,trend_momentum,ema_cross,adx_min=0|fast_period=20|rsi_confirm=False|slow_period=200,both,all,REJECT,21,0.095238,0.160871,-0.016322,-0.016322,-0.296074,-6.605031,-3.296663,0.021021,45.476190,-0.296074,-0.296074,-0.238508,-0.082066,0.329225,,,binance_rest
run_20260429_072220_0b956c,SOL/USDT,crypto,H1,trend_momentum,ema_cross,adx_min=0|fast_period=20|rsi_confirm=True|slow_period=200,both,all,NEEDS_MORE_DATA,18,,,,,,,,,,,,,,,,only 18 trades < min 20,binance_rest
run_20260429_072220_0b956c,SOL/USDT,crypto,H1,trend_momentum,ema_cross,adx_min=20|fast_period=20|rsi_confirm=False|slow_period=200,both,all,REJECT,21,0.095238,0.160871,-0.016322,-0.016322,-0.296074,-6.605031,-3.296663,0.021021,45.476190,-0.296074,-0.296074,-0.238508,-0.082066,0.329225,,,binance_rest
run_20260429_072220_0b956c,SOL/USDT,crypto,H1,trend_momentum,ema_cross,adx_min=20|fast_period=20|rsi_confirm=True|slow_period=200,both,all,NEEDS_MORE_DATA,18,,,,,,,,,,,,,,,,only 18 trades < min 20,binance_rest
run_20260429_072220_0b956c,SOL/USDT,crypto,H1,trend_momentum,ema_cross,adx_min=25|fast_period=20|rsi_confirm=False|slow_period=200,both,all,NEEDS_MORE_DATA,17,,,,,,,,,,,,,,,,only 17 trades < min 20,binance_rest
run_20260429_072220_0b956c,SOL/USDT,crypto,H1,trend_momentum,ema_cross,adx_min=25|fast_period=20|rsi_confirm=True|slow_period=200,both,all,NEEDS_MORE_DATA,14,,,,,,,,,,,,,,,,only 14 trades < min 20,binance_rest
run_20260429_072220_0b956c,SOL/USDT,crypto,H1,trend_momentum,ema_alignment,adx_min=0|ema_long=200|ema_mid=50|ema_short=20,both,all,REJECT,28,0.071429,0.126994,-0.009660,-0.009660,-0.239365,-8.494205,-4.512467,0.028028,12.785714,-0.239365,-0.239365,-0.234823,-0.042256,0.335318,,,binance_rest
run_20260429_072220_0b956c,SOL/USDT,crypto,H1,trend_momentum,ema_alignment,adx_min=20|ema_long=200|ema_mid=50|ema_short=20,both,all,REJECT,26,0.076923,0.131154,-0.010025,-0.010025,-0.231834,-8.214446,-4.378150,0.026026,13.615385,-0.231834,-0.231834,-0.227246,-0.042256,0.325118,,,binance_rest
run_20260429_072220_0b956c,SOL/USDT,crypto,H1,trend_momentum,ema_alignment,adx_min=25|ema_long=200|ema_mid=50|ema_short=20,both,all,REJECT,21,0.095238,0.148194,-0.010769,-0.010769,-0.206829,-7.328028,-3.892272,0.021021,15.333333,-0.204735,-0.204735,-0.206829,-0.033994,0.275307,,,binance_rest
run_20260429_072220_0b956c,SOL/USDT,crypto,H1,trend_momentum,macd_direction,adx_min=0|fast=12|signal_period=9|slow=26,both,all,REJECT,84,0.333333,0.904231,-0.000655,-0.000655,-0.162994,-0.827795,-0.336811,0.084084,11.690476,-0.065982,-0.065982,0.055196,-0.124197,0.453333,,,binance_rest
run_20260429_072220_0b956c,SOL/USDT,crypto,H1,trend_momentum,macd_direction,adx_min=20|fast=12|signal_period=9|slow=26,both,all,REJECT,80,0.350000,0.944919,-0.000379,-0.000379,-0.162994,-0.457160,-0.185930,0.080080,12.075000,-0.042517,-0.042517,0.065070,-0.110518,0.453333,,,binance_rest
run_20260429_072220_0b956c,SOL/USDT,crypto,H1,pullback,pullback_ema,pullback_period=20|rsi_reclaim=False|rsi_threshold=50|trend_period=200,both,all,REJECT,71,0.183099,0.414358,-0.003430,-0.003430,-0.234874,-6.423618,-2.737018,0.071071,7.633803,-0.219583,-0.219583,-0.171529,-0.078227,0.536817,,,binance_rest
run_20260429_072220_0b956c,SOL/USDT,crypto,H1,pullback,pullback_ema,pullback_period=20|rsi_reclaim=True|rsi_threshold=50|trend_period=200,both,all,REJECT,64,0.203125,0.457509,-0.003192,-0.003192,-0.204160,-5.469304,-2.309030,0.064064,8.031250,-0.188255,-0.188255,-0.148387,-0.067279,0.536021,,,binance_rest
run_20260429_072220_0b956c,SOL/USDT,crypto,H1,pullback,pullback_ema,pullback_period=50|rsi_reclaim=False|rsi_threshold=50|trend_period=200,both,all,REJECT,59,0.169492,0.285916,-0.004908,-0.004908,-0.264238,-8.466823,-3.823081,0.059059,11.000000,-0.254077,-0.254077,-0.210263,-0.086330,0.523175,,,binance_rest
run_20260429_072220_0b956c,SOL/USDT,crypto,H1,pullback,pullback_ema,pullback_period=50|rsi_reclaim=True|rsi_threshold=50|trend_period=200,both,all,REJECT,46,0.217391,0.366698,-0.004360,-0.004360,-0.195478,-6.167903,-2.689576,0.046046,13.130435,-0.184367,-0.184367,-0.146367,-0.075726,0.531212,,,binance_rest
run_20260429_072220_0b956c,SOL/USDT,crypto,H1,breakout,prev_day_hl,atr_expand_min=0.0,both,all,REJECT,23,0.130435,0.102471,-0.028030,-0.028030,-0.500627,-8.318235,-4.717700,0.023023,42.434783,-0.484988,-0.484988,-0.460996,-0.046454,0.334897,,,binance_rest
run_20260429_072220_0b956c,SOL/USDT,crypto,H1,breakout,prev_day_hl,atr_expand_min=0.5,both,all,REJECT,23,0.130435,0.102471,-0.028030,-0.028030,-0.500627,-8.318235,-4.717700,0.023023,42.434783,-0.484988,-0.484988,-0.460996,-0.046454,0.334897,,,binance_rest
run_20260429_072220_0b956c,SOL/USDT,crypto,H1,breakout,prev_day_hl,atr_expand_min=1.0,both,all,REJECT,23,0.130435,0.102465,-0.028032,-0.028032,-0.500651,-8.318324,-4.717798,0.023023,41.956522,-0.485013,-0.485013,-0.461022,-0.046454,0.334896,,,binance_rest
run_20260429_072220_0b956c,SOL/USDT,crypto,H1,breakout,session_opening_range,atr_expand_min=0.0|range_bars=6,both,all,REJECT,58,0.293103,0.707408,-0.002820,-0.002820,-0.222025,-2.386580,-0.977951,0.058058,16.482759,-0.162674,-0.162674,-0.141605,-0.072845,0.567661,,,binance_rest
run_20260429_072220_0b956c,SOL/USDT,crypto,H1,breakout,session_opening_range,atr_expand_min=0.5|range_bars=6,both,all,REJECT,58,0.293103,0.707408,-0.002820,-0.002820,-0.222025,-2.386580,-0.977951,0.058058,16.482759,-0.162674,-0.162674,-0.141605,-0.072845,0.567661,,,binance_rest
run_20260429_072220_0b956c,SOL/USDT,crypto,H1,breakout,session_opening_range,atr_expand_min=0.0|range_bars=12,both,all,REJECT,37,0.378378,0.743986,-0.002481,-0.002481,-0.151014,-1.633922,-0.668243,0.037037,26.351351,-0.096221,-0.096221,-0.042650,-0.116838,0.322000,,,binance_rest
run_20260429_072220_0b956c,SOL/USDT,crypto,H1,breakout,session_opening_range,atr_expand_min=0.5|range_bars=12,both,all,REJECT,37,0.378378,0.743986,-0.002481,-0.002481,-0.151014,-1.633922,-0.668243,0.037037,26.351351,-0.096221,-0.096221,-0.042650,-0.116838,0.322000,,,binance_rest
run_20260429_072220_0b956c,SOL/USDT,crypto,H1,breakout,london_breakout,atr_expand_min=0.0|utc_end=11|utc_start=7,both,all,NEEDS_MORE_DATA,9,,,,,,,,,,,,,,,,only 9 trades < min 20,binance_rest
run_20260429_072220_0b956c,SOL/USDT,crypto,H1,breakout,london_breakout,atr_expand_min=0.5|utc_end=11|utc_start=7,both,all,NEEDS_MORE_DATA,9,,,,,,,,,,,,,,,,only 9 trades < min 20,binance_rest
run_20260429_072220_0b956c,SOL/USDT,crypto,H1,breakout,ny_breakout,atr_expand_min=0.0|utc_end=16|utc_start=13,both,all,NEEDS_MORE_DATA,17,,,,,,,,,,,,,,1.000000,,only 17 trades < min 20,binance_rest
run_20260429_072220_0b956c,SOL/USDT,crypto,H1,breakout,ny_breakout,atr_expand_min=0.5|utc_end=16|utc_start=13,both,all,NEEDS_MORE_DATA,17,,,,,,,,,,,,,,1.000000,,only 17 trades < min 20,binance_rest
run_20260429_072220_0b956c,SOL/USDT,crypto,H1,mean_reversion,rsi_extreme,overbought=70|oversold=30|period=14,both,all,NEEDS_MORE_DATA,16,,,,,,,,,,,,,,1.000000,,only 16 trades < min 20,binance_rest
run_20260429_072220_0b956c,SOL/USDT,crypto,H1,mean_reversion,rsi_extreme,overbought=75|oversold=30|period=14,both,all,NEEDS_MORE_DATA,11,,,,,,,,,,,,,,,,only 11 trades < min 20,binance_rest
run_20260429_072220_0b956c,SOL/USDT,crypto,H1,mean_reversion,rsi_extreme,overbought=70|oversold=25|period=14,both,all,NEEDS_MORE_DATA,10,,,,,,,,,,,,,,,,only 10 trades < min 20,binance_rest
run_20260429_072220_0b956c,SOL/USDT,crypto,H1,mean_reversion,rsi_extreme,overbought=75|oversold=25|period=14,both,all,NEEDS_MORE_DATA,5,,,,,,,,,,,,,,,,only 5 trades < min 20,binance_rest
run_20260429_072220_0b956c,SOL/USDT,crypto,H1,mean_reversion,bollinger_touch,num_std=2.0|period=20,both,all,REJECT,39,0.615385,0.998182,-0.000012,-0.000012,-0.092916,-0.010078,-0.004098,0.039039,15.076923,-0.007033,-0.007033,-0.009587,0.013453,0.427333,,,binance_rest
run_20260429_072220_0b956c,SOL/USDT,crypto,H1,mean_reversion,bollinger_touch,num_std=2.5|period=20,both,all,REJECT,25,0.600000,0.902988,-0.000729,-0.000729,-0.092916,-0.435259,-0.177096,0.025025,15.920000,-0.023370,-0.023370,-0.045216,0.033974,0.383333,,,binance_rest
run_20260429_072220_0b956c,SOL/USDT,crypto,H1,mean_reversion,vwap_deviation,std_threshold=1.5,both,all,NEEDS_MORE_DATA,17,,,,,,,,,,,,,,1.000000,,only 17 trades < min 20,binance_rest
run_20260429_072220_0b956c,SOL/USDT,crypto,H1,mean_reversion,vwap_deviation,std_threshold=2.0,both,all,NEEDS_MORE_DATA,16,,,,,,,,,,,,,,,,only 16 trades < min 20,binance_rest
run_20260429_072220_0b956c,SOL/USDT,crypto,H1,engine_b_proxy,ob_bos,require_engulf=False|require_vol_expand=False|swing_period=5,both,all,REJECT,27,0.222222,0.321646,-0.011521,-0.011521,-0.301763,-5.358638,-2.393294,0.027027,28.888889,-0.274749,-0.274749,-0.220541,-0.071445,0.359186,,,binance_rest
run_20260429_072220_0b956c,SOL/USDT,crypto,H1,engine_b_proxy,ob_bos,require_engulf=False|require_vol_expand=True|swing_period=5,both,all,REJECT,25,0.240000,0.283283,-0.012002,-0.012002,-0.281074,-5.753089,-2.637699,0.025025,28.200000,-0.265343,-0.265343,-0.210432,-0.071445,0.351855,,,binance_rest
run_20260429_072220_0b956c,SOL/USDT,crypto,H1,engine_b_proxy,ob_bos,require_engulf=True|require_vol_expand=False|swing_period=5,both,all,REJECT,24,0.250000,0.398275,-0.009297,-0.009297,-0.238818,-4.141197,-1.790296,0.024024,30.916667,-0.206926,-0.206926,-0.181119,-0.033491,0.299473,,,binance_rest
run_20260429_072220_0b956c,SOL/USDT,crypto,H1,engine_b_proxy,ob_bos,require_engulf=True|require_vol_expand=True|swing_period=5,both,all,REJECT,22,0.272727,0.358982,-0.009642,-0.009642,-0.216265,-4.468605,-1.967131,0.022022,30.318182,-0.196639,-0.196639,-0.170498,-0.033491,0.290929,,,binance_rest
run_20260429_072220_0b956c,SOL/USDT,crypto,H1,engine_b_proxy,ob_bos,require_engulf=False|require_vol_expand=False|swing_period=10,both,all,NEEDS_MORE_DATA,12,,,,,,,,,,,,,,,,only 12 trades < min 20,binance_rest
run_20260429_072220_0b956c,SOL/USDT,crypto,H1,engine_b_proxy,ob_bos,require_engulf=False|require_vol_expand=True|swing_period=10,both,all,NEEDS_MORE_DATA,12,,,,,,,,,,,,,,,,only 12 trades < min 20,binance_rest
run_20260429_072220_0b956c,SOL/USDT,crypto,H1,engine_b_proxy,ob_bos,require_engulf=True|require_vol_expand=False|swing_period=10,both,all,NEEDS_MORE_DATA,11,,,,,,,,,,,,,,,,only 11 trades < min 20,binance_rest
run_20260429_072220_0b956c,SOL/USDT,crypto,H1,engine_b_proxy,ob_bos,require_engulf=True|require_vol_expand=True|swing_period=10,both,all,NEEDS_MORE_DATA,11,,,,,,,,,,,,,,,,only 11 trades < min 20,binance_rest
run_20260429_072220_0b956c,SOL/USDT,crypto,H1,engine_b_proxy,structure_filters,fvg_detection=False|strong_close_pct=0.7,both,all,REJECT,263,0.304183,0.710914,-0.001197,-0.001197,-0.283420,-4.667033,-1.907379,0.263263,3.642586,-0.279936,-0.279936,-0.257718,-0.066591,0.490849,,,binance_rest
run_20260429_072220_0b956c,SOL/USDT,crypto,H1,engine_b_proxy,structure_filters,fvg_detection=True|strong_close_pct=0.7,both,all,REJECT,28,0.285714,0.360104,-0.006103,-0.006103,-0.170080,-5.241531,-2.322289,0.028028,12.428571,-0.159813,-0.159813,-0.156557,-0.003861,0.275398,,,binance_rest
run_20260429_072220_0b956c,SOL/USDT,crypto,H1,engine_b_proxy,structure_filters,fvg_detection=False|strong_close_pct=0.8,both,all,REJECT,171,0.304094,0.651470,-0.001727,-0.001727,-0.293140,-4.965829,-2.039485,0.171171,5.233918,-0.263589,-0.263589,-0.199434,-0.099703,0.589980,,,binance_rest
run_20260429_072220_0b956c,SOL/USDT,crypto,H1,engine_b_proxy,structure_filters,fvg_detection=True|strong_close_pct=0.8,both,all,NEEDS_MORE_DATA,19,,,,,,,,,,,,,,1.000000,,only 19 trades < min 20,binance_rest
run_20260429_072220_0b956c,BNB/USDT,crypto,H1,trend_momentum,ema_cross,adx_min=0|fast_period=10|rsi_confirm=False|slow_period=50,both,all,REJECT,33,0.151515,0.363952,-0.005931,-0.005931,-0.181132,-5.324879,-2.331272,0.033033,28.787879,-0.181132,-0.181132,-0.177484,-0.043825,0.372077,,,binance_rest
run_20260429_072220_0b956c,BNB/USDT,crypto,H1,trend_momentum,ema_cross,adx_min=0|fast_period=10|rsi_confirm=True|slow_period=50,both,all,REJECT,31,0.161290,0.378240,-0.005939,-0.005939,-0.171511,-5.040854,-2.199225,0.031031,28.516129,-0.171511,-0.171511,-0.167821,-0.043825,0.364343,,,binance_rest
run_20260429_072220_0b956c,BNB/USDT,crypto,H1,trend_momentum,ema_cross,adx_min=20|fast_period=10|rsi_confirm=False|slow_period=50,both,all,REJECT,31,0.161290,0.372912,-0.006076,-0.006076,-0.175036,-5.136550,-2.247496,0.031031,29.419355,-0.175036,-0.175036,-0.172731,-0.042241,0.359365,,,binance_rest
run_20260429_072220_0b956c,BNB/USDT,crypto,H1,trend_momentum,ema_cross,adx_min=20|fast_period=10|rsi_confirm=True|slow_period=50,both,all,REJECT,29,0.172414,0.387660,-0.006101,-0.006101,-0.165511,-4.855557,-2.117402,0.029029,29.172414,-0.165511,-0.165511,-0.163180,-0.042241,0.351659,,,binance_rest
run_20260429_072220_0b956c,BNB/USDT,crypto,H1,trend_momentum,ema_cross,adx_min=25|fast_period=10|rsi_confirm=False|slow_period=50,both,all,REJECT,25,0.160000,0.327846,-0.006700,-0.006700,-0.168933,-5.042691,-2.242570,0.025025,29.640000,-0.157050,-0.157050,-0.168933,-0.025833,0.295875,,,binance_rest
run_20260429_072220_0b956c,BNB/USDT,crypto,H1,trend_momentum,ema_cross,adx_min=25|fast_period=10|rsi_confirm=True|slow_period=50,both,all,REJECT,23,0.173913,0.343600,-0.006786,-0.006786,-0.159338,-4.735290,-2.097742,0.023023,29.347826,-0.147317,-0.147317,-0.159338,-0.025833,0.286638,,,binance_rest
run_20260429_072220_0b956c,BNB/USDT,crypto,H1,trend_momentum,ema_cross,adx_min=0|fast_period=10|rsi_confirm=False|slow_period=100,both,all,REJECT,21,0.238095,0.463226,-0.004159,-0.004159,-0.085181,-3.696615,-1.589158,0.021021,45.190476,-0.085181,-0.085181,-0.083510,-0.026976,0.322909,,,binance_rest
run_20260429_072220_0b956c,BNB/USDT,crypto,H1,trend_momentum,ema_cross,adx_min=0|fast_period=10|rsi_confirm=True|slow_period=100,both,all,NEEDS_MORE_DATA,18,,,,,,,,,,,,,,1.000000,,only 18 trades < min 20,binance_rest
run_20260429_072220_0b956c,BNB/USDT,crypto,H1,trend_momentum,ema_cross,adx_min=20|fast_period=10|rsi_confirm=False|slow_period=100,both,all,REJECT,21,0.238095,0.463226,-0.004159,-0.004159,-0.085181,-3.696615,-1.589158,0.021021,45.190476,-0.085181,-0.085181,-0.083510,-0.026976,0.322909,,,binance_rest
run_20260429_072220_0b956c,BNB/USDT,crypto,H1,trend_momentum,ema_cross,adx_min=20|fast_period=10|rsi_confirm=True|slow_period=100,both,all,NEEDS_MORE_DATA,18,,,,,,,,,,,,,,1.000000,,only 18 trades < min 20,binance_rest
run_20260429_072220_0b956c,BNB/USDT,crypto,H1,trend_momentum,ema_cross,adx_min=25|fast_period=10|rsi_confirm=False|slow_period=100,both,all,NEEDS_MORE_DATA,18,,,,,,,,,,,,,,1.000000,,only 18 trades < min 20,binance_rest
run_20260429_072220_0b956c,BNB/USDT,crypto,H1,trend_momentum,ema_cross,adx_min=25|fast_period=10|rsi_confirm=True|slow_period=100,both,all,NEEDS_MORE_DATA,15,,,,,,,,,,,,,,1.000000,,only 15 trades < min 20,binance_rest
run_20260429_072220_0b956c,BNB/USDT,crypto,H1,trend_momentum,ema_cross,adx_min=0|fast_period=10|rsi_confirm=False|slow_period=200,both,all,NEEDS_MORE_DATA,17,,,,,,,,,,,,,,1.000000,,only 17 trades < min 20,binance_rest
run_20260429_072220_0b956c,BNB/USDT,crypto,H1,trend_momentum,ema_cross,adx_min=0|fast_period=10|rsi_confirm=True|slow_period=200,both,all,NEEDS_MORE_DATA,15,,,,,,,,,,,,,,1.000000,,only 15 trades < min 20,binance_rest
run_20260429_072220_0b956c,BNB/USDT,crypto,H1,trend_momentum,ema_cross,adx_min=20|fast_period=10|rsi_confirm=False|slow_period=200,both,all,NEEDS_MORE_DATA,17,,,,,,,,,,,,,,1.000000,,only 17 trades < min 20,binance_rest
run_20260429_072220_0b956c,BNB/USDT,crypto,H1,trend_momentum,ema_cross,adx_min=20|fast_period=10|rsi_confirm=True|slow_period=200,both,all,NEEDS_MORE_DATA,15,,,,,,,,,,,,,,1.000000,,only 15 trades < min 20,binance_rest
run_20260429_072220_0b956c,BNB/USDT,crypto,H1,trend_momentum,ema_cross,adx_min=25|fast_period=10|rsi_confirm=False|slow_period=200,both,all,NEEDS_MORE_DATA,14,,,,,,,,,,,,,,1.000000,,only 14 trades < min 20,binance_rest
run_20260429_072220_0b956c,BNB/USDT,crypto,H1,trend_momentum,ema_cross,adx_min=25|fast_period=10|rsi_confirm=True|slow_period=200,both,all,NEEDS_MORE_DATA,12,,,,,,,,,,,,,,,,only 12 trades < min 20,binance_rest
run_20260429_072220_0b956c,BNB/USDT,crypto,H1,trend_momentum,ema_cross,adx_min=0|fast_period=20|rsi_confirm=False|slow_period=50,both,all,REJECT,27,0.222222,0.422079,-0.005547,-0.005547,-0.146069,-4.651821,-2.026712,0.027027,35.185185,-0.141794,-0.141794,-0.114068,-0.065759,0.434946,,,binance_rest
run_20260429_072220_0b956c,BNB/USDT,crypto,H1,trend_momentum,ema_cross,adx_min=0|fast_period=20|rsi_confirm=True|slow_period=50,both,all,REJECT,25,0.200000,0.383623,-0.006187,-0.006187,-0.145898,-4.899574,-2.167064,0.025025,33.240000,-0.145898,-0.145898,-0.118305,-0.065759,0.416753,,,binance_rest
run_20260429_072220_0b956c,BNB/USDT,crypto,H1,trend_momentum,ema_cross,adx_min=20|fast_period=20|rsi_confirm=False|slow_period=50,both,all,REJECT,27,0.222222,0.422079,-0.005547,-0.005547,-0.146069,-4.651821,-2.026712,0.027027,35.185185,-0.141794,-0.141794,-0.114068,-0.065759,0.434946,,,binance_rest
run_20260429_072220_0b956c,BNB/USDT,crypto,H1,trend_momentum,ema_cross,adx_min=20|fast_period=20|rsi_confirm=True|slow_period=50,both,all,REJECT,25,0.200000,0.383623,-0.006187,-0.006187,-0.145898,-4.899574,-2.167064,0.025025,33.240000,-0.145898,-0.145898,-0.118305,-0.065759,0.416753,,,binance_rest
run_20260429_072220_0b956c,BNB/USDT,crypto,H1,trend_momentum,ema_cross,adx_min=25|fast_period=20|rsi_confirm=False|slow_period=50,both,all,REJECT,24,0.208333,0.347561,-0.006471,-0.006471,-0.150392,-5.234412,-2.356554,0.024024,34.291667,-0.146139,-0.146139,-0.137061,-0.045722,0.344078,,,binance_rest
run_20260429_072220_0b956c,BNB/USDT,crypto,H1,trend_momentum,ema_cross,adx_min=25|fast_period=20|rsi_confirm=True|slow_period=50,both,all,REJECT,22,0.181818,0.302915,-0.007283,-0.007283,-0.150222,-5.526625,-2.551897,0.022022,32.000000,-0.150222,-0.150222,-0.141188,-0.045722,0.329153,,,binance_rest
run_20260429_072220_0b956c,BNB/USDT,crypto,H1,trend_momentum,ema_cross,adx_min=0|fast_period=20|rsi_confirm=False|slow_period=100,both,all,NEEDS_MORE_DATA,19,,,,,,,,,,,,,,1.000000,,only 19 trades < min 20,binance_rest
run_20260429_072220_0b956c,BNB/USDT,crypto,H1,trend_momentum,ema_cross,adx_min=0|fast_period=20|rsi_confirm=True|slow_period=100,both,all,NEEDS_MORE_DATA,16,,,,,,,,,,,,,,1.000000,,only 16 trades < min 20,binance_rest
run_20260429_072220_0b956c,BNB/USDT,crypto,H1,trend_momentum,ema_cross,adx_min=20|fast_period=20|rsi_confirm=False|slow_period=100,both,all,NEEDS_MORE_DATA,19,,,,,,,,,,,,,,1.000000,,only 19 trades < min 20,binance_rest
run_20260429_072220_0b956c,BNB/USDT,crypto,H1,trend_momentum,ema_cross,adx_min=20|fast_period=20|rsi_confirm=True|slow_period=100,both,all,NEEDS_MORE_DATA,16,,,,,,,,,,,,,,1.000000,,only 16 trades < min 20,binance_rest
run_20260429_072220_0b956c,BNB/USDT,crypto,H1,trend_momentum,ema_cross,adx_min=25|fast_period=20|rsi_confirm=False|slow_period=100,both,all,NEEDS_MORE_DATA,16,,,,,,,,,,,,,,1.000000,,only 16 trades < min 20,binance_rest
run_20260429_072220_0b956c,BNB/USDT,crypto,H1,trend_momentum,ema_cross,adx_min=25|fast_period=20|rsi_confirm=True|slow_period=100,both,all,NEEDS_MORE_DATA,13,,,,,,,,,,,,,,1.000000,,only 13 trades < min 20,binance_rest
run_20260429_072220_0b956c,BNB/USDT,crypto,H1,trend_momentum,ema_cross,adx_min=0|fast_period=20|rsi_confirm=False|slow_period=200,both,all,NEEDS_MORE_DATA,15,,,,,,,,,,,,,,1.000000,,only 15 trades < min 20,binance_rest
run_20260429_072220_0b956c,BNB/USDT,crypto,H1,trend_momentum,ema_cross,adx_min=0|fast_period=20|rsi_confirm=True|slow_period=200,both,all,NEEDS_MORE_DATA,13,,,,,,,,,,,,,,,,only 13 trades < min 20,binance_rest
run_20260429_072220_0b956c,BNB/USDT,crypto,H1,trend_momentum,ema_cross,adx_min=20|fast_period=20|rsi_confirm=False|slow_period=200,both,all,NEEDS_MORE_DATA,15,,,,,,,,,,,,,,1.000000,,only 15 trades < min 20,binance_rest
run_20260429_072220_0b956c,BNB/USDT,crypto,H1,trend_momentum,ema_cross,adx_min=20|fast_period=20|rsi_confirm=True|slow_period=200,both,all,NEEDS_MORE_DATA,13,,,,,,,,,,,,,,,,only 13 trades < min 20,binance_rest
run_20260429_072220_0b956c,BNB/USDT,crypto,H1,trend_momentum,ema_cross,adx_min=25|fast_period=20|rsi_confirm=False|slow_period=200,both,all,NEEDS_MORE_DATA,14,,,,,,,,,,,,,,,,only 14 trades < min 20,binance_rest
run_20260429_072220_0b956c,BNB/USDT,crypto,H1,trend_momentum,ema_cross,adx_min=25|fast_period=20|rsi_confirm=True|slow_period=200,both,all,NEEDS_MORE_DATA,12,,,,,,,,,,,,,,,,only 12 trades < min 20,binance_rest
run_20260429_072220_0b956c,BNB/USDT,crypto,H1,trend_momentum,ema_alignment,adx_min=0|ema_long=200|ema_mid=50|ema_short=20,both,all,REJECT,28,0.250000,0.451232,-0.003074,-0.003074,-0.083831,-3.879426,-1.650362,0.028028,15.535714,-0.083831,-0.083831,-0.068209,-0.024499,0.389084,,,binance_rest
run_20260429_072220_0b956c,BNB/USDT,crypto,H1,trend_momentum,ema_alignment,adx_min=20|ema_long=200|ema_mid=50|ema_short=20,both,all,REJECT,24,0.291667,0.572966,-0.002198,-0.002198,-0.052536,-2.619718,-1.090706,0.024024,17.375000,-0.052536,-0.052536,-0.047534,-0.013076,0.339858,,,binance_rest
run_20260429_072220_0b956c,BNB/USDT,crypto,H1,trend_momentum,ema_alignment,adx_min=25|ema_long=200|ema_mid=50|ema_short=20,both,all,REJECT,20,0.150000,0.306970,-0.005109,-0.005109,-0.100591,-5.054554,-2.308006,0.020020,17.250000,-0.098253,-0.098253,-0.100591,-0.005287,0.235767,,,binance_rest
run_20260429_072220_0b956c,BNB/USDT,crypto,H1,pullback,pullback_ema,pullback_period=20|rsi_reclaim=False|rsi_threshold=50|trend_period=200,both,all,REJECT,68,0.176471,0.351021,-0.002873,-0.002873,-0.179663,-6.599612,-2.826683,0.068068,7.132353,-0.179663,-0.179663,-0.147504,-0.040958,0.483301,,,binance_rest
run_20260429_072220_0b956c,BNB/USDT,crypto,H1,pullback,pullback_ema,pullback_period=20|rsi_reclaim=True|rsi_threshold=50|trend_period=200,both,all,REJECT,62,0.193548,0.395872,-0.002601,-0.002601,-0.151112,-5.546320,-2.347391,0.062062,7.661290,-0.151112,-0.151112,-0.129453,-0.028158,0.465256,,,binance_rest
run_20260429_072220_0b956c,BNB/USDT,crypto,H1,pullback,pullback_ema,pullback_period=50|rsi_reclaim=False|rsi_threshold=50|trend_period=200,both,all,REJECT,54,0.166667,0.364751,-0.003370,-0.003370,-0.171062,-6.418565,-2.781152,0.054054,11.648148,-0.168404,-0.168404,-0.141273,-0.052622,0.511746,,,binance_rest
run_20260429_072220_0b956c,BNB/USDT,crypto,H1,pullback,pullback_ema,pullback_period=50|rsi_reclaim=True|rsi_threshold=50|trend_period=200,both,all,REJECT,41,0.170732,0.346460,-0.003719,-0.003719,-0.152814,-5.871047,-2.564342,0.041041,13.000000,-0.143177,-0.143177,-0.110120,-0.037148,0.447201,,,binance_rest
run_20260429_072220_0b956c,BNB/USDT,crypto,H1,breakout,prev_day_hl,atr_expand_min=0.0,both,all,NEEDS_MORE_DATA,17,,,,,,,,,,,,,,1.000000,,only 17 trades < min 20,binance_rest
run_20260429_072220_0b956c,BNB/USDT,crypto,H1,breakout,prev_day_hl,atr_expand_min=0.5,both,all,NEEDS_MORE_DATA,17,,,,,,,,,,,,,,1.000000,,only 17 trades < min 20,binance_rest
run_20260429_072220_0b956c,BNB/USDT,crypto,H1,breakout,prev_day_hl,atr_expand_min=1.0,both,all,NEEDS_MORE_DATA,13,,,,,,,,,,,,,,1.000000,,only 13 trades < min 20,binance_rest
run_20260429_072220_0b956c,BNB/USDT,crypto,H1,breakout,session_opening_range,atr_expand_min=0.0|range_bars=6,both,all,REJECT,53,0.320755,0.684485,-0.001958,-0.001958,-0.102999,-2.567944,-1.054513,0.053053,18.339623,-0.102999,-0.102999,-0.093297,-0.018869,0.474007,,,binance_rest
run_20260429_072220_0b956c,BNB/USDT,crypto,H1,breakout,session_opening_range,atr_expand_min=0.5|range_bars=6,both,all,REJECT,53,0.320755,0.684485,-0.001958,-0.001958,-0.102999,-2.567944,-1.054513,0.053053,18.339623,-0.102999,-0.102999,-0.093297,-0.018869,0.474007,,,binance_rest
run_20260429_072220_0b956c,BNB/USDT,crypto,H1,breakout,session_opening_range,atr_expand_min=0.0|range_bars=12,both,all,REJECT,35,0.257143,0.431131,-0.004559,-0.004559,-0.153384,-4.551974,-1.945089,0.035035,27.857143,-0.150669,-0.150669,-0.136954,-0.026600,0.368267,,,binance_rest
run_20260429_072220_0b956c,BNB/USDT,crypto,H1,breakout,session_opening_range,atr_expand_min=0.5|range_bars=12,both,all,REJECT,35,0.257143,0.431131,-0.004559,-0.004559,-0.153384,-4.551974,-1.945089,0.035035,27.857143,-0.150669,-0.150669,-0.136954,-0.026600,0.368267,,,binance_rest
run_20260429_072220_0b956c,BNB/USDT,crypto,H1,breakout,london_breakout,atr_expand_min=0.0|utc_end=11|utc_start=7,both,all,NEEDS_MORE_DATA,15,,,,,,,,,,,,,,,,only 15 trades < min 20,binance_rest
run_20260429_072220_0b956c,BNB/USDT,crypto,H1,breakout,london_breakout,atr_expand_min=0.5|utc_end=11|utc_start=7,both,all,NEEDS_MORE_DATA,15,,,,,,,,,,,,,,,,only 15 trades < min 20,binance_rest
run_20260429_072220_0b956c,BNB/USDT,crypto,H1,breakout,ny_breakout,atr_expand_min=0.0|utc_end=16|utc_start=13,both,all,NEEDS_MORE_DATA,16,,,,,,,,,,,,,,1.000000,,only 16 trades < min 20,binance_rest
run_20260429_072220_0b956c,BNB/USDT,crypto,H1,breakout,ny_breakout,atr_expand_min=0.5|utc_end=16|utc_start=13,both,all,NEEDS_MORE_DATA,16,,,,,,,,,,,,,,1.000000,,only 16 trades < min 20,binance_rest
run_20260429_072220_0b956c,BNB/USDT,crypto,H1,mean_reversion,rsi_extreme,overbought=75|oversold=30|period=14,both,all,NEEDS_MORE_DATA,12,,,,,,,,,,,,,,,,only 12 trades < min 20,binance_rest
run_20260429_072220_0b956c,BNB/USDT,crypto,H1,mean_reversion,rsi_extreme,overbought=70|oversold=25|period=14,both,all,NEEDS_MORE_DATA,17,,,,,,,,,,,,,,,,only 17 trades < min 20,binance_rest
run_20260429_072220_0b956c,BNB/USDT,crypto,H1,mean_reversion,rsi_extreme,overbought=75|oversold=25|period=14,both,all,NEEDS_MORE_DATA,8,,,,,,,,,,,,,,,,only 8 trades < min 20,binance_rest
run_20260429_072220_0b956c,BNB/USDT,crypto,H1,mean_reversion,bollinger_touch,num_std=2.0|period=20,both,all,REJECT,36,0.583333,0.967759,-0.000143,-0.000143,-0.068546,-0.173694,-0.070633,0.036036,14.472222,-0.007800,-0.007800,-0.014249,-0.004480,0.503652,,,binance_rest
run_20260429_072220_0b956c,BNB/USDT,crypto,H1,mean_reversion,vwap_deviation,std_threshold=1.5,both,all,NEEDS_MORE_DATA,10,,,,,,,,,,,,,,1.000000,,only 10 trades < min 20,binance_rest
run_20260429_072220_0b956c,BNB/USDT,crypto,H1,mean_reversion,vwap_deviation,std_threshold=2.0,both,all,NEEDS_MORE_DATA,9,,,,,,,,,,,,,,,,only 9 trades < min 20,binance_rest
run_20260429_072220_0b956c,BNB/USDT,crypto,H1,engine_b_proxy,ob_bos,require_engulf=False|require_vol_expand=False|swing_period=5,both,all,REJECT,20,0.300000,0.334276,-0.007796,-0.007796,-0.147646,-4.774340,-2.150016,0.020020,40.900000,-0.147162,-0.147162,-0.091347,-0.071639,0.455278,,,binance_rest
run_20260429_072220_0b956c,BNB/USDT,crypto,H1,engine_b_proxy,ob_bos,require_engulf=False|require_vol_expand=True|swing_period=5,both,all,NEEDS_MORE_DATA,16,,,,,,,,,,,,,,1.000000,,only 16 trades < min 20,binance_rest
run_20260429_072220_0b956c,BNB/USDT,crypto,H1,engine_b_proxy,ob_bos,require_engulf=True|require_vol_expand=False|swing_period=5,both,all,REJECT,20,0.300000,0.334276,-0.007796,-0.007796,-0.147646,-4.774340,-2.150016,0.020020,40.900000,-0.147162,-0.147162,-0.091347,-0.071639,0.455278,,,binance_rest
run_20260429_072220_0b956c,BNB/USDT,crypto,H1,engine_b_proxy,ob_bos,require_engulf=True|require_vol_expand=True|swing_period=5,both,all,NEEDS_MORE_DATA,15,,,,,,,,,,,,,,1.000000,,only 15 trades < min 20,binance_rest
run_20260429_072220_0b956c,BNB/USDT,crypto,H1,engine_b_proxy,ob_bos,require_engulf=False|require_vol_expand=False|swing_period=10,both,all,NEEDS_MORE_DATA,12,,,,,,,,,,,,,,,,only 12 trades < min 20,binance_rest
run_20260429_072220_0b956c,BNB/USDT,crypto,H1,engine_b_proxy,ob_bos,require_engulf=False|require_vol_expand=True|swing_period=10,both,all,NEEDS_MORE_DATA,11,,,,,,,,,,,,,,,,only 11 trades < min 20,binance_rest
run_20260429_072220_0b956c,BNB/USDT,crypto,H1,engine_b_proxy,ob_bos,require_engulf=True|require_vol_expand=False|swing_period=10,both,all,NEEDS_MORE_DATA,12,,,,,,,,,,,,,,,,only 12 trades < min 20,binance_rest
run_20260429_072220_0b956c,BNB/USDT,crypto,H1,engine_b_proxy,ob_bos,require_engulf=True|require_vol_expand=True|swing_period=10,both,all,NEEDS_MORE_DATA,11,,,,,,,,,,,,,,,,only 11 trades < min 20,binance_rest
run_20260429_072220_0b956c,BNB/USDT,crypto,H1,engine_b_proxy,structure_filters,fvg_detection=False|strong_close_pct=0.7,both,all,REJECT,302,0.221854,0.376018,-0.002166,-0.002166,-0.483265,-14.927974,-6.346204,0.302302,3.208609,-0.483265,-0.483265,-0.453012,-0.071079,0.460404,,,binance_rest
run_20260429_072220_0b956c,BNB/USDT,crypto,H1,engine_b_proxy,structure_filters,fvg_detection=True|strong_close_pct=0.7,both,all,REJECT,32,0.218750,0.160959,-0.005032,-0.005032,-0.149670,-8.444498,-4.281007,0.032032,10.375000,-0.149670,-0.149670,-0.114513,-0.040908,0.399171,,,binance_rest
run_20260429_072220_0b956c,BNB/USDT,crypto,H1,engine_b_proxy,structure_filters,fvg_detection=False|strong_close_pct=0.8,both,all,REJECT,222,0.247748,0.474582,-0.001835,-0.001835,-0.338087,-9.760693,-4.083218,0.222222,4.108108,-0.338087,-0.338087,-0.325269,-0.036719,0.473866,,,binance_rest
run_20260429_072220_0b956c,BNB/USDT,crypto,H1,engine_b_proxy,structure_filters,fvg_detection=True|strong_close_pct=0.8,both,all,REJECT,20,0.300000,0.266373,-0.003735,-0.003735,-0.072590,-5.112712,-2.341645,0.020020,11.000000,-0.072590,-0.072590,-0.059174,-0.015496,0.298559,,,binance_rest
run_20260429_072220_0b956c,ADA/USDT,crypto,H1,trend_momentum,ema_cross,adx_min=0|fast_period=10|rsi_confirm=False|slow_period=50,both,all,REJECT,34,0.147059,0.135665,-0.016211,-0.016211,-0.437640,-9.203852,-4.823273,0.034034,29.264706,-0.430165,-0.430165,-0.354832,-0.135126,0.418245,,,binance_rest
run_20260429_072220_0b956c,ADA/USDT,crypto,H1,trend_momentum,ema_cross,adx_min=0|fast_period=10|rsi_confirm=True|slow_period=50,both,all,REJECT,31,0.129032,0.114431,-0.017495,-0.017495,-0.437640,-9.183852,-4.972114,0.031031,28.451613,-0.424956,-0.424956,-0.348935,-0.135126,0.402176,,,binance_rest
run_20260429_072220_0b956c,ADA/USDT,crypto,H1,trend_momentum,ema_cross,adx_min=20|fast_period=10|rsi_confirm=False|slow_period=50,both,all,REJECT,34,0.147059,0.135665,-0.016211,-0.016211,-0.437640,-9.203852,-4.823273,0.034034,29.264706,-0.430165,-0.430165,-0.354832,-0.135126,0.418245,,,binance_rest
run_20260429_072220_0b956c,ADA/USDT,crypto,H1,trend_momentum,ema_cross,adx_min=20|fast_period=10|rsi_confirm=True|slow_period=50,both,all,REJECT,31,0.129032,0.114431,-0.017495,-0.017495,-0.437640,-9.183852,-4.972114,0.031031,28.451613,-0.424956,-0.424956,-0.348935,-0.135126,0.402176,,,binance_rest
run_20260429_072220_0b956c,ADA/USDT,crypto,H1,trend_momentum,ema_cross,adx_min=25|fast_period=10|rsi_confirm=False|slow_period=50,both,all,REJECT,24,0.166667,0.151988,-0.016386,-0.016386,-0.331251,-7.298958,-3.704750,0.024024,31.625000,-0.331251,-0.331251,-0.301056,-0.063278,0.307056,,,binance_rest
run_20260429_072220_0b956c,ADA/USDT,crypto,H1,trend_momentum,ema_cross,adx_min=25|fast_period=10|rsi_confirm=True|slow_period=50,both,all,REJECT,22,0.181818,0.160657,-0.016738,-0.016738,-0.329315,-6.895919,-3.476734,0.022022,32.818182,-0.314189,-0.314189,-0.283224,-0.063278,0.299026,,,binance_rest
run_20260429_072220_0b956c,ADA/USDT,crypto,H1,trend_momentum,ema_cross,adx_min=0|fast_period=10|rsi_confirm=False|slow_period=100,both,all,REJECT,31,0.129032,0.156660,-0.015332,-0.015332,-0.395803,-8.129346,-4.073680,0.031031,30.645161,-0.384930,-0.384930,-0.281718,-0.152323,0.448208,,,binance_rest
run_20260429_072220_0b956c,ADA/USDT,crypto,H1,trend_momentum,ema_cross,adx_min=0|fast_period=10|rsi_confirm=True|slow_period=100,both,all,REJECT,27,0.111111,0.122890,-0.017296,-0.017296,-0.389068,-8.155564,-4.268162,0.027027,29.518519,-0.379531,-0.379531,-0.275557,-0.152323,0.427834,,,binance_rest
run_20260429_072220_0b956c,ADA/USDT,crypto,H1,trend_momentum,ema_cross,adx_min=20|fast_period=10|rsi_confirm=False|slow_period=100,both,all,REJECT,30,0.133333,0.160223,-0.015460,-0.015460,-0.388775,-7.953850,-3.975668,0.030030,31.000000,-0.377777,-0.377777,-0.273363,-0.152323,0.447165,,,binance_rest
run_20260429_072220_0b956c,ADA/USDT,crypto,H1,trend_momentum,ema_cross,adx_min=20|fast_period=10|rsi_confirm=True|slow_period=100,both,all,REJECT,26,0.115385,0.125934,-0.017518,-0.017518,-0.381962,-7.976928,-4.167143,0.026026,29.884615,-0.372314,-0.372314,-0.267131,-0.152323,0.427065,,,binance_rest
run_20260429_072220_0b956c,ADA/USDT,crypto,H1,trend_momentum,ema_cross,adx_min=25|fast_period=10|rsi_confirm=False|slow_period=100,both,all,REJECT,25,0.160000,0.190237,-0.015066,-0.015066,-0.332489,-6.763556,-3.275432,0.025025,34.000000,-0.320478,-0.320478,-0.264977,-0.084825,0.346037,,,binance_rest
run_20260429_072220_0b956c,ADA/USDT,crypto,H1,trend_momentum,ema_cross,adx_min=25|fast_period=10|rsi_confirm=True|slow_period=100,both,all,REJECT,21,0.142857,0.151219,-0.017540,-0.017540,-0.325049,-6.768798,-3.422204,0.021021,33.190476,-0.314513,-0.314513,-0.258673,-0.084825,0.324377,,,binance_rest
run_20260429_072220_0b956c,ADA/USDT,crypto,H1,trend_momentum,ema_cross,adx_min=0|fast_period=10|rsi_confirm=False|slow_period=200,both,all,REJECT,23,0.173913,0.113805,-0.018229,-0.018229,-0.350795,-7.564620,-3.977361,0.023023,41.347826,-0.348773,-0.348773,-0.219736,-0.166727,0.465628,,,binance_rest
run_20260429_072220_0b956c,ADA/USDT,crypto,H1,trend_momentum,ema_cross,adx_min=0|fast_period=10|rsi_confirm=True|slow_period=200,both,all,REJECT,21,0.142857,0.110718,-0.019430,-0.019430,-0.350795,-7.403612,-3.961532,0.021021,38.095238,-0.341334,-0.341334,-0.210824,-0.166727,0.463251,,,binance_rest
run_20260429_072220_0b956c,ADA/USDT,crypto,H1,trend_momentum,ema_cross,adx_min=20|fast_period=10|rsi_confirm=False|slow_period=200,both,all,REJECT,22,0.181818,0.116473,-0.018565,-0.018565,-0.343681,-7.391105,-3.884912,0.022022,42.954545,-0.341637,-0.341637,-0.219736,-0.157596,0.447162,,,binance_rest
run_20260429_072220_0b956c,ADA/USDT,crypto,H1,trend_momentum,ema_cross,adx_min=20|fast_period=10|rsi_confirm=True|slow_period=200,both,all,REJECT,20,0.150000,0.113397,-0.019859,-0.019859,-0.343681,-7.228794,-3.870856,0.020020,39.700000,-0.334117,-0.334117,-0.210824,-0.157596,0.444258,,,binance_rest
run_20260429_072220_0b956c,ADA/USDT,crypto,H1,trend_momentum,ema_cross,adx_min=25|fast_period=10|rsi_confirm=False|slow_period=200,both,all,NEEDS_MORE_DATA,19,,,,,,,,,,,,,,1.000000,,only 19 trades < min 20,binance_rest
run_20260429_072220_0b956c,ADA/USDT,crypto,H1,trend_momentum,ema_cross,adx_min=25|fast_period=10|rsi_confirm=True|slow_period=200,both,all,NEEDS_MORE_DATA,17,,,,,,,,,,,,,,,,only 17 trades < min 20,binance_rest
run_20260429_072220_0b956c,ADA/USDT,crypto,H1,trend_momentum,ema_cross,adx_min=0|fast_period=20|rsi_confirm=False|slow_period=50,both,all,REJECT,29,0.172414,0.160688,-0.018027,-0.018027,-0.426810,-8.314111,-4.302815,0.029029,32.793103,-0.414450,-0.414450,-0.359692,-0.103806,0.360579,,,binance_rest
run_20260429_072220_0b956c,ADA/USDT,crypto,H1,trend_momentum,ema_cross,adx_min=0|fast_period=20|rsi_confirm=True|slow_period=50,both,all,REJECT,27,0.148148,0.119674,-0.019843,-0.019843,-0.426810,-8.696896,-4.771338,0.027027,30.703704,-0.421722,-0.421722,-0.367644,-0.103806,0.346707,,,binance_rest
run_20260429_072220_0b956c,ADA/USDT,crypto,H1,trend_momentum,ema_cross,adx_min=20|fast_period=20|rsi_confirm=False|slow_period=50,both,all,REJECT,29,0.172414,0.160688,-0.018027,-0.018027,-0.426810,-8.314111,-4.302815,0.029029,32.793103,-0.414450,-0.414450,-0.359692,-0.103806,0.360579,,,binance_rest
run_20260429_072220_0b956c,ADA/USDT,crypto,H1,trend_momentum,ema_cross,adx_min=20|fast_period=20|rsi_confirm=True|slow_period=50,both,all,REJECT,27,0.148148,0.119674,-0.019843,-0.019843,-0.426810,-8.696896,-4.771338,0.027027,30.703704,-0.421722,-0.421722,-0.367644,-0.103806,0.346707,,,binance_rest
run_20260429_072220_0b956c,ADA/USDT,crypto,H1,trend_momentum,ema_cross,adx_min=25|fast_period=20|rsi_confirm=False|slow_period=50,both,all,REJECT,23,0.217391,0.193046,-0.018263,-0.018263,-0.364212,-6.932046,-3.463071,0.023023,37.434783,-0.350502,-0.350502,-0.323461,-0.059358,0.293053,,,binance_rest
run_20260429_072220_0b956c,ADA/USDT,crypto,H1,trend_momentum,ema_cross,adx_min=25|fast_period=20|rsi_confirm=True|slow_period=50,both,all,REJECT,21,0.190476,0.144655,-0.020620,-0.020620,-0.364212,-7.305420,-3.871850,0.021021,35.190476,-0.358568,-0.358568,-0.331862,-0.059358,0.279659,,,binance_rest
run_20260429_072220_0b956c,ADA/USDT,crypto,H1,trend_momentum,ema_cross,adx_min=0|fast_period=20|rsi_confirm=False|slow_period=100,both,all,REJECT,21,0.142857,0.070676,-0.023909,-0.023909,-0.402210,-8.003924,-4.574410,0.021021,45.380952,-0.402210,-0.402210,-0.328448,-0.113775,0.329921,,,binance_rest
run_20260429_072220_0b956c,ADA/USDT,crypto,H1,trend_momentum,ema_cross,adx_min=0|fast_period=20|rsi_confirm=True|slow_period=100,both,all,NEEDS_MORE_DATA,19,,,,,,,,,,,,,,1.000000,,only 19 trades < min 20,binance_rest
run_20260429_072220_0b956c,ADA/USDT,crypto,H1,trend_momentum,ema_cross,adx_min=20|fast_period=20|rsi_confirm=False|slow_period=100,both,all,REJECT,20,0.150000,0.072400,-0.024461,-0.024461,-0.394416,-7.824177,-4.481297,0.020020,47.400000,-0.394416,-0.394416,-0.328448,-0.102221,0.313367,,,binance_rest
run_20260429_072220_0b956c,ADA/USDT,crypto,H1,trend_momentum,ema_cross,adx_min=20|fast_period=20|rsi_confirm=True|slow_period=100,both,all,NEEDS_MORE_DATA,18,,,,,,,,,,,,,,1.000000,,only 18 trades < min 20,binance_rest
run_20260429_072220_0b956c,ADA/USDT,crypto,H1,trend_momentum,ema_cross,adx_min=25|fast_period=20|rsi_confirm=False|slow_period=100,both,all,NEEDS_MORE_DATA,18,,,,,,,,,,,,,,1.000000,,only 18 trades < min 20,binance_rest
run_20260429_072220_0b956c,ADA/USDT,crypto,H1,trend_momentum,ema_cross,adx_min=25|fast_period=20|rsi_confirm=True|slow_period=100,both,all,NEEDS_MORE_DATA,16,,,,,,,,,,,,,,1.000000,,only 16 trades < min 20,binance_rest
run_20260429_072220_0b956c,ADA/USDT,crypto,H1,trend_momentum,ema_cross,adx_min=0|fast_period=20|rsi_confirm=False|slow_period=200,both,all,NEEDS_MORE_DATA,15,,,,,,,,,,,,,,1.000000,,only 15 trades < min 20,binance_rest
run_20260429_072220_0b956c,ADA/USDT,crypto,H1,trend_momentum,ema_cross,adx_min=0|fast_period=20|rsi_confirm=True|slow_period=200,both,all,NEEDS_MORE_DATA,14,,,,,,,,,,,,,,,,only 14 trades < min 20,binance_rest
run_20260429_072220_0b956c,ADA/USDT,crypto,H1,trend_momentum,ema_cross,adx_min=20|fast_period=20|rsi_confirm=False|slow_period=200,both,all,NEEDS_MORE_DATA,15,,,,,,,,,,,,,,1.000000,,only 15 trades < min 20,binance_rest
run_20260429_072220_0b956c,ADA/USDT,crypto,H1,trend_momentum,ema_cross,adx_min=20|fast_period=20|rsi_confirm=True|slow_period=200,both,all,NEEDS_MORE_DATA,14,,,,,,,,,,,,,,,,only 14 trades < min 20,binance_rest
run_20260429_072220_0b956c,ADA/USDT,crypto,H1,trend_momentum,ema_cross,adx_min=25|fast_period=20|rsi_confirm=False|slow_period=200,both,all,NEEDS_MORE_DATA,15,,,,,,,,,,,,,,,,only 15 trades < min 20,binance_rest
run_20260429_072220_0b956c,ADA/USDT,crypto,H1,trend_momentum,ema_cross,adx_min=25|fast_period=20|rsi_confirm=True|slow_period=200,both,all,NEEDS_MORE_DATA,14,,,,,,,,,,,,,,,,only 14 trades < min 20,binance_rest
run_20260429_072220_0b956c,ADA/USDT,crypto,H1,trend_momentum,ema_alignment,adx_min=0|ema_long=200|ema_mid=50|ema_short=20,both,all,REJECT,31,0.096774,0.154460,-0.008998,-0.008998,-0.254121,-8.508576,-4.373383,0.031031,11.548387,-0.245921,-0.245921,-0.165626,-0.102619,0.485209,,,binance_rest
run_20260429_072220_0b956c,ADA/USDT,crypto,H1,trend_momentum,ema_alignment,adx_min=20|ema_long=200|ema_mid=50|ema_short=20,both,all,REJECT,30,0.100000,0.162589,-0.008748,-0.008748,-0.241612,-8.172571,-4.144464,0.030030,11.900000,-0.233275,-0.233275,-0.151632,-0.102619,0.496363,,,binance_rest
run_20260429_072220_0b956c,ADA/USDT,crypto,H1,trend_momentum,ema_alignment,adx_min=25|ema_long=200|ema_mid=50|ema_short=20,both,all,REJECT,26,0.115385,0.183212,-0.008737,-0.008737,-0.214230,-7.288290,-3.617955,0.026026,12.500000,-0.205592,-0.205592,-0.143831,-0.078692,0.420135,,,binance_rest
run_20260429_072220_0b956c,ADA/USDT,crypto,H1,pullback,pullback_ema,pullback_period=20|rsi_reclaim=False|rsi_threshold=50|trend_period=200,both,all,REJECT,59,0.186441,0.330904,-0.003469,-0.003469,-0.186792,-7.818376,-3.471191,0.059059,7.423729,-0.186792,-0.186792,-0.112582,-0.083624,0.622836,,,binance_rest
run_20260429_072220_0b956c,ADA/USDT,crypto,H1,pullback,pullback_ema,pullback_period=20|rsi_reclaim=True|rsi_threshold=50|trend_period=200,both,all,REJECT,50,0.200000,0.374605,-0.003241,-0.003241,-0.157449,-6.540090,-2.858319,0.050050,7.680000,-0.151180,-0.151180,-0.075949,-0.081415,0.678408,,,binance_rest
run_20260429_072220_0b956c,ADA/USDT,crypto,H1,pullback,pullback_ema,pullback_period=50|rsi_reclaim=False|rsi_threshold=50|trend_period=200,both,all,REJECT,43,0.116279,0.208249,-0.005812,-0.005812,-0.249826,-7.833070,-3.619869,0.043043,10.976744,-0.223559,-0.223559,-0.157312,-0.078614,0.507920,,,binance_rest
run_20260429_072220_0b956c,ADA/USDT,crypto,H1,pullback,pullback_ema,pullback_period=50|rsi_reclaim=True|rsi_threshold=50|trend_period=200,both,all,REJECT,31,0.064516,0.034793,-0.007038,-0.007038,-0.197302,-9.670931,-5.471040,0.031031,9.741935,-0.197302,-0.197302,-0.138511,-0.068244,0.433810,,,binance_rest
run_20260429_072220_0b956c,ADA/USDT,crypto,H1,breakout,prev_day_hl,atr_expand_min=0.0,both,all,NEEDS_MORE_DATA,17,,,,,,,,,,,,,,1.000000,,only 17 trades < min 20,binance_rest
run_20260429_072220_0b956c,ADA/USDT,crypto,H1,breakout,prev_day_hl,atr_expand_min=0.5,both,all,NEEDS_MORE_DATA,17,,,,,,,,,,,,,,1.000000,,only 17 trades < min 20,binance_rest
run_20260429_072220_0b956c,ADA/USDT,crypto,H1,breakout,prev_day_hl,atr_expand_min=1.0,both,all,NEEDS_MORE_DATA,17,,,,,,,,,,,,,,1.000000,,only 17 trades < min 20,binance_rest
run_20260429_072220_0b956c,ADA/USDT,crypto,H1,breakout,session_opening_range,atr_expand_min=0.0|range_bars=6,both,all,REJECT,55,0.381818,0.799837,-0.001782,-0.001782,-0.229084,-1.487562,-0.606791,0.055055,17.818182,-0.105037,-0.105037,-0.000311,-0.093144,0.413333,,,binance_rest
run_20260429_072220_0b956c,ADA/USDT,crypto,H1,breakout,session_opening_range,atr_expand_min=0.5|range_bars=6,both,all,REJECT,55,0.363636,0.780630,-0.001988,-0.001988,-0.237798,-1.657411,-0.676590,0.055055,17.727273,-0.115153,-0.115153,-0.011611,-0.093144,0.413333,,,binance_rest
run_20260429_072220_0b956c,ADA/USDT,crypto,H1,breakout,session_opening_range,atr_expand_min=0.0|range_bars=12,both,all,REJECT,39,0.282051,0.825603,-0.001597,-0.001597,-0.112142,-1.112489,-0.453511,0.039039,25.128205,-0.069143,-0.069143,-0.059450,-0.074830,0.556390,,,binance_rest
run_20260429_072220_0b956c,ADA/USDT,crypto,H1,breakout,session_opening_range,atr_expand_min=0.5|range_bars=12,both,all,REJECT,39,0.282051,0.825603,-0.001597,-0.001597,-0.112142,-1.112489,-0.453511,0.039039,25.128205,-0.069143,-0.069143,-0.059450,-0.074830,0.556390,,,binance_rest
run_20260429_072220_0b956c,ADA/USDT,crypto,H1,breakout,london_breakout,atr_expand_min=0.0|utc_end=11|utc_start=7,both,all,NEEDS_MORE_DATA,13,,,,,,,,,,,,,,,,only 13 trades < min 20,binance_rest
run_20260429_072220_0b956c,ADA/USDT,crypto,H1,breakout,london_breakout,atr_expand_min=0.5|utc_end=11|utc_start=7,both,all,NEEDS_MORE_DATA,12,,,,,,,,,,,,,,,,only 12 trades < min 20,binance_rest
run_20260429_072220_0b956c,ADA/USDT,crypto,H1,breakout,ny_breakout,atr_expand_min=0.0|utc_end=16|utc_start=13,both,all,NEEDS_MORE_DATA,18,,,,,,,,,,,,,,1.000000,,only 18 trades < min 20,binance_rest
run_20260429_072220_0b956c,ADA/USDT,crypto,H1,breakout,ny_breakout,atr_expand_min=0.5|utc_end=16|utc_start=13,both,all,NEEDS_MORE_DATA,18,,,,,,,,,,,,,,1.000000,,only 18 trades < min 20,binance_rest
run_20260429_072220_0b956c,ADA/USDT,crypto,H1,mean_reversion,rsi_extreme,overbought=70|oversold=30|period=14,both,all,NEEDS_MORE_DATA,18,,,,,,,,,,,,,,1.000000,,only 18 trades < min 20,binance_rest
run_20260429_072220_0b956c,ADA/USDT,crypto,H1,mean_reversion,rsi_extreme,overbought=75|oversold=30|period=14,both,all,NEEDS_MORE_DATA,12,,,,,,,,,,,,,,,,only 12 trades < min 20,binance_rest
run_20260429_072220_0b956c,ADA/USDT,crypto,H1,mean_reversion,rsi_extreme,overbought=70|oversold=25|period=14,both,all,NEEDS_MORE_DATA,14,,,,,,,,,,,,,,,,only 14 trades < min 20,binance_rest
run_20260429_072220_0b956c,ADA/USDT,crypto,H1,mean_reversion,rsi_extreme,overbought=75|oversold=25|period=14,both,all,NEEDS_MORE_DATA,8,,,,,,,,,,,,,,,,only 8 trades < min 20,binance_rest
run_20260429_072220_0b956c,ADA/USDT,crypto,H1,mean_reversion,vwap_deviation,std_threshold=2.0,both,all,NEEDS_MORE_DATA,16,,,,,,,,,,,,,,,,only 16 trades < min 20,binance_rest
run_20260429_072220_0b956c,ADA/USDT,crypto,H1,engine_b_proxy,ob_bos,require_engulf=False|require_vol_expand=False|swing_period=5,both,all,REJECT,22,0.272727,0.432879,-0.008174,-0.008174,-0.219306,-3.692268,-1.582761,0.022022,38.409091,-0.170563,-0.170563,-0.120688,-0.134533,0.497587,,,binance_rest
run_20260429_072220_0b956c,ADA/USDT,crypto,H1,engine_b_proxy,ob_bos,require_engulf=False|require_vol_expand=True|swing_period=5,both,all,REJECT,20,0.300000,0.384045,-0.009658,-0.009658,-0.219634,-3.928044,-1.707529,0.020020,40.200000,-0.181755,-0.181755,-0.143723,-0.123243,0.477251,,,binance_rest
run_20260429_072220_0b956c,ADA/USDT,crypto,H1,engine_b_proxy,ob_bos,require_engulf=True|require_vol_expand=False|swing_period=5,both,all,NEEDS_MORE_DATA,19,,,,,,,,,,,,,,1.000000,,only 19 trades < min 20,binance_rest
run_20260429_072220_0b956c,ADA/USDT,crypto,H1,engine_b_proxy,ob_bos,require_engulf=True|require_vol_expand=True|swing_period=5,both,all,NEEDS_MORE_DATA,18,,,,,,,,,,,,,,1.000000,,only 18 trades < min 20,binance_rest
run_20260429_072220_0b956c,ADA/USDT,crypto,H1,engine_b_proxy,ob_bos,require_engulf=False|require_vol_expand=False|swing_period=10,both,all,NEEDS_MORE_DATA,11,,,,,,,,,,,,,,,,only 11 trades < min 20,binance_rest
run_20260429_072220_0b956c,ADA/USDT,crypto,H1,engine_b_proxy,ob_bos,require_engulf=False|require_vol_expand=True|swing_period=10,both,all,NEEDS_MORE_DATA,11,,,,,,,,,,,,,,,,only 11 trades < min 20,binance_rest
run_20260429_072220_0b956c,ADA/USDT,crypto,H1,engine_b_proxy,ob_bos,require_engulf=True|require_vol_expand=False|swing_period=10,both,all,NEEDS_MORE_DATA,11,,,,,,,,,,,,,,,,only 11 trades < min 20,binance_rest
run_20260429_072220_0b956c,ADA/USDT,crypto,H1,engine_b_proxy,ob_bos,require_engulf=True|require_vol_expand=True|swing_period=10,both,all,NEEDS_MORE_DATA,11,,,,,,,,,,,,,,,,only 11 trades < min 20,binance_rest
run_20260429_072220_0b956c,ADA/USDT,crypto,H1,engine_b_proxy,structure_filters,fvg_detection=False|strong_close_pct=0.7,both,all,REJECT,272,0.290441,0.631900,-0.001687,-0.001687,-0.376979,-6.661809,-2.735848,0.272272,3.503676,-0.376979,-0.376979,-0.269138,-0.160480,0.592216,,,binance_rest
run_20260429_072220_0b956c,ADA/USDT,crypto,H1,engine_b_proxy,structure_filters,fvg_detection=True|strong_close_pct=0.7,both,all,REJECT,30,0.366667,0.909027,-0.000600,-0.000600,-0.063530,-0.456200,-0.185606,0.030030,15.100000,-0.022371,-0.022371,-0.047034,-0.004079,0.306018,,,binance_rest
run_20260429_072220_0b956c,ADA/USDT,crypto,H1,engine_b_proxy,structure_filters,fvg_detection=False|strong_close_pct=0.8,both,all,REJECT,178,0.320225,0.818296,-0.000923,-0.000923,-0.179481,-2.407000,-0.980919,0.178178,4.910112,-0.163311,-0.163311,-0.137604,-0.057648,0.565683,,,binance_rest
run_20260429_072220_0b956c,ADA/USDT,crypto,H1,engine_b_proxy,structure_filters,fvg_detection=True|strong_close_pct=0.8,both,all,NEEDS_MORE_DATA,18,,,,,,,,,,,,,,1.000000,,only 18 trades < min 20,binance_rest
run_20260429_072220_0b956c,BTC/USDT,crypto,H4,trend_momentum,ema_cross,adx_min=0|fast_period=10|rsi_confirm=False|slow_period=50,both,all,REJECT,31,0.258065,0.729100,-0.005632,-0.005632,-0.291928,-0.685995,-0.560620,0.031031,32.064516,-0.197080,-0.197080,-0.215494,0.032110,0.286000,,,binance_rest
run_20260429_072220_0b956c,BTC/USDT,crypto,H4,trend_momentum,ema_cross,adx_min=0|fast_period=10|rsi_confirm=True|slow_period=50,both,all,REJECT,28,0.214286,0.636711,-0.008004,-0.008004,-0.303027,-0.902640,-0.741036,0.028028,30.392857,-0.234115,-0.234115,-0.251680,0.032110,0.268000,,,binance_rest
run_20260429_072220_0b956c,BTC/USDT,crypto,H4,trend_momentum,ema_cross,adx_min=20|fast_period=10|rsi_confirm=False|slow_period=50,both,all,REJECT,27,0.259259,0.771857,-0.004924,-0.004924,-0.260910,-0.527668,-0.430557,0.027027,34.370370,-0.162105,-0.162105,-0.181321,0.032110,0.262000,,,binance_rest
run_20260429_072220_0b956c,BTC/USDT,crypto,H4,trend_momentum,ema_cross,adx_min=20|fast_period=10|rsi_confirm=True|slow_period=50,both,all,REJECT,24,0.208333,0.671320,-0.007603,-0.007603,-0.272667,-0.742726,-0.608554,0.024024,32.708333,-0.200753,-0.200753,-0.219082,0.032110,0.244000,,,binance_rest
run_20260429_072220_0b956c,BTC/USDT,crypto,H4,trend_momentum,ema_cross,adx_min=25|fast_period=10|rsi_confirm=False|slow_period=50,both,all,REJECT,20,0.250000,0.863354,-0.003324,-0.003324,-0.209019,-0.267583,-0.217865,0.020020,39.200000,-0.103277,-0.103277,-0.123842,0.032110,0.220000,,,binance_rest
run_20260429_072220_0b956c,BTC/USDT,crypto,H4,trend_momentum,ema_cross,adx_min=25|fast_period=10|rsi_confirm=True|slow_period=50,both,all,NEEDS_MORE_DATA,17,,,,,,,,,,,,,,1.000000,,only 17 trades < min 20,binance_rest
run_20260429_072220_0b956c,BTC/USDT,crypto,H4,trend_momentum,ema_cross,adx_min=0|fast_period=10|rsi_confirm=False|slow_period=100,both,all,REJECT,26,0.153846,0.645763,-0.006938,-0.006938,-0.260426,-0.785513,-0.643759,0.026026,33.115385,-0.194223,-0.194223,-0.140463,-0.053319,0.369877,,,binance_rest
run_20260429_072220_0b956c,BTC/USDT,crypto,H4,trend_momentum,ema_cross,adx_min=0|fast_period=10|rsi_confirm=True|slow_period=100,both,all,REJECT,23,0.130435,0.596558,-0.008268,-0.008268,-0.252448,-0.844831,-0.694053,0.023023,33.217391,-0.200830,-0.200830,-0.147510,-0.053319,0.346437,,,binance_rest
run_20260429_072220_0b956c,BTC/USDT,crypto,H4,trend_momentum,ema_cross,adx_min=20|fast_period=10|rsi_confirm=False|slow_period=100,both,all,REJECT,26,0.153846,0.645763,-0.006938,-0.006938,-0.260426,-0.785513,-0.643759,0.026026,33.115385,-0.194223,-0.194223,-0.140463,-0.053319,0.369877,,,binance_rest
run_20260429_072220_0b956c,BTC/USDT,crypto,H4,trend_momentum,ema_cross,adx_min=20|fast_period=10|rsi_confirm=True|slow_period=100,both,all,REJECT,23,0.130435,0.596558,-0.008268,-0.008268,-0.252448,-0.844831,-0.694053,0.023023,33.217391,-0.200830,-0.200830,-0.147510,-0.053319,0.346437,,,binance_rest
run_20260429_072220_0b956c,BTC/USDT,crypto,H4,trend_momentum,ema_cross,adx_min=25|fast_period=10|rsi_confirm=False|slow_period=100,both,all,NEEDS_MORE_DATA,18,,,,,,,,,,,,,,1.000000,,only 18 trades < min 20,binance_rest
run_20260429_072220_0b956c,BTC/USDT,crypto,H4,trend_momentum,ema_cross,adx_min=25|fast_period=10|rsi_confirm=True|slow_period=100,both,all,NEEDS_MORE_DATA,15,,,,,,,,,,,,,,1.000000,,only 15 trades < min 20,binance_rest
run_20260429_072220_0b956c,BTC/USDT,crypto,H4,trend_momentum,ema_cross,adx_min=0|fast_period=10|rsi_confirm=False|slow_period=200,both,all,NEEDS_MORE_DATA,12,,,,,,,,,,,,,,1.000000,,only 12 trades < min 20,binance_rest
run_20260429_072220_0b956c,BTC/USDT,crypto,H4,trend_momentum,ema_cross,adx_min=0|fast_period=10|rsi_confirm=True|slow_period=200,both,all,NEEDS_MORE_DATA,9,,,,,,,,,,,,,,1.000000,,only 9 trades < min 20,binance_rest
run_20260429_072220_0b956c,BTC/USDT,crypto,H4,trend_momentum,ema_cross,adx_min=20|fast_period=10|rsi_confirm=False|slow_period=200,both,all,NEEDS_MORE_DATA,12,,,,,,,,,,,,,,1.000000,,only 12 trades < min 20,binance_rest
run_20260429_072220_0b956c,BTC/USDT,crypto,H4,trend_momentum,ema_cross,adx_min=20|fast_period=10|rsi_confirm=True|slow_period=200,both,all,NEEDS_MORE_DATA,9,,,,,,,,,,,,,,1.000000,,only 9 trades < min 20,binance_rest
run_20260429_072220_0b956c,BTC/USDT,crypto,H4,trend_momentum,ema_cross,adx_min=25|fast_period=10|rsi_confirm=False|slow_period=200,both,all,NEEDS_MORE_DATA,12,,,,,,,,,,,,,,1.000000,,only 12 trades < min 20,binance_rest
run_20260429_072220_0b956c,BTC/USDT,crypto,H4,trend_momentum,ema_cross,adx_min=25|fast_period=10|rsi_confirm=True|slow_period=200,both,all,NEEDS_MORE_DATA,9,,,,,,,,,,,,,,,,only 9 trades < min 20,binance_rest
run_20260429_072220_0b956c,BTC/USDT,crypto,H4,trend_momentum,ema_cross,adx_min=0|fast_period=20|rsi_confirm=False|slow_period=50,both,all,REJECT,22,0.272727,0.757438,-0.004957,-0.004957,-0.289596,-0.467998,-0.381831,0.022022,39.090909,-0.136199,-0.136199,-0.136145,-0.004251,0.241368,,,binance_rest
run_20260429_072220_0b956c,BTC/USDT,crypto,H4,trend_momentum,ema_cross,adx_min=0|fast_period=20|rsi_confirm=True|slow_period=50,both,all,REJECT,20,0.250000,0.673923,-0.006883,-0.006883,-0.289454,-0.605363,-0.495262,0.020020,38.850000,-0.158963,-0.158963,-0.158911,-0.004251,0.228026,,,binance_rest
run_20260429_072220_0b956c,BTC/USDT,crypto,H4,trend_momentum,ema_cross,adx_min=20|fast_period=20|rsi_confirm=False|slow_period=50,both,all,REJECT,21,0.285714,0.819491,-0.003572,-0.003572,-0.264563,-0.324169,-0.264059,0.021021,40.714286,-0.105760,-0.105760,-0.105705,-0.004251,0.238065,,,binance_rest
run_20260429_072220_0b956c,BTC/USDT,crypto,H4,trend_momentum,ema_cross,adx_min=20|fast_period=20|rsi_confirm=True|slow_period=50,both,all,NEEDS_MORE_DATA,19,,,,,,,,,,,,,,1.000000,,only 19 trades < min 20,binance_rest
run_20260429_072220_0b956c,BTC/USDT,crypto,H4,trend_momentum,ema_cross,adx_min=25|fast_period=20|rsi_confirm=False|slow_period=50,both,all,NEEDS_MORE_DATA,16,,,,,,,,,,,,,,1.000000,,only 16 trades < min 20,binance_rest
run_20260429_072220_0b956c,BTC/USDT,crypto,H4,trend_momentum,ema_cross,adx_min=25|fast_period=20|rsi_confirm=True|slow_period=50,both,all,NEEDS_MORE_DATA,14,,,,,,,,,,,,,,1.000000,,only 14 trades < min 20,binance_rest
run_20260429_072220_0b956c,BTC/USDT,crypto,H4,trend_momentum,ema_cross,adx_min=0|fast_period=20|rsi_confirm=False|slow_period=100,both,all,NEEDS_MORE_DATA,14,,,,,,,,,,,,,,1.000000,,only 14 trades < min 20,binance_rest
run_20260429_072220_0b956c,BTC/USDT,crypto,H4,trend_momentum,ema_cross,adx_min=0|fast_period=20|rsi_confirm=True|slow_period=100,both,all,NEEDS_MORE_DATA,12,,,,,,,,,,,,,,1.000000,,only 12 trades < min 20,binance_rest
run_20260429_072220_0b956c,BTC/USDT,crypto,H4,trend_momentum,ema_cross,adx_min=20|fast_period=20|rsi_confirm=False|slow_period=100,both,all,NEEDS_MORE_DATA,14,,,,,,,,,,,,,,1.000000,,only 14 trades < min 20,binance_rest
run_20260429_072220_0b956c,BTC/USDT,crypto,H4,trend_momentum,ema_cross,adx_min=20|fast_period=20|rsi_confirm=True|slow_period=100,both,all,NEEDS_MORE_DATA,12,,,,,,,,,,,,,,1.000000,,only 12 trades < min 20,binance_rest
run_20260429_072220_0b956c,BTC/USDT,crypto,H4,trend_momentum,ema_cross,adx_min=25|fast_period=20|rsi_confirm=False|slow_period=100,both,all,NEEDS_MORE_DATA,12,,,,,,,,,,,,,,1.000000,,only 12 trades < min 20,binance_rest
run_20260429_072220_0b956c,BTC/USDT,crypto,H4,trend_momentum,ema_cross,adx_min=25|fast_period=20|rsi_confirm=True|slow_period=100,both,all,NEEDS_MORE_DATA,10,,,,,,,,,,,,,,1.000000,,only 10 trades < min 20,binance_rest
run_20260429_072220_0b956c,BTC/USDT,crypto,H4,trend_momentum,ema_cross,adx_min=0|fast_period=20|rsi_confirm=False|slow_period=200,both,all,NEEDS_MORE_DATA,6,,,,,,,,,,,,,,1.000000,,only 6 trades < min 20,binance_rest
run_20260429_072220_0b956c,BTC/USDT,crypto,H4,trend_momentum,ema_cross,adx_min=0|fast_period=20|rsi_confirm=True|slow_period=200,both,all,NEEDS_MORE_DATA,4,,,,,,,,,,,,,,,,only 4 trades < min 20,binance_rest
run_20260429_072220_0b956c,BTC/USDT,crypto,H4,trend_momentum,ema_cross,adx_min=20|fast_period=20|rsi_confirm=False|slow_period=200,both,all,NEEDS_MORE_DATA,6,,,,,,,,,,,,,,1.000000,,only 6 trades < min 20,binance_rest
run_20260429_072220_0b956c,BTC/USDT,crypto,H4,trend_momentum,ema_cross,adx_min=20|fast_period=20|rsi_confirm=True|slow_period=200,both,all,NEEDS_MORE_DATA,4,,,,,,,,,,,,,,,,only 4 trades < min 20,binance_rest
run_20260429_072220_0b956c,BTC/USDT,crypto,H4,trend_momentum,ema_cross,adx_min=25|fast_period=20|rsi_confirm=False|slow_period=200,both,all,NEEDS_MORE_DATA,6,,,,,,,,,,,,,,,,only 6 trades < min 20,binance_rest
run_20260429_072220_0b956c,BTC/USDT,crypto,H4,trend_momentum,ema_cross,adx_min=25|fast_period=20|rsi_confirm=True|slow_period=200,both,all,NEEDS_MORE_DATA,4,,,,,,,,,,,,,,,,only 4 trades < min 20,binance_rest
run_20260429_072220_0b956c,BTC/USDT,crypto,H4,trend_momentum,ema_alignment,adx_min=25|ema_long=200|ema_mid=50|ema_short=20,both,all,NEEDS_MORE_DATA,19,,,,,,,,,,,,,,1.000000,,only 19 trades < min 20,binance_rest
run_20260429_072220_0b956c,BTC/USDT,crypto,H4,trend_momentum,macd_direction,adx_min=0|fast=12|signal_period=9|slow=26,both,all,REJECT,77,0.350649,0.790732,-0.002773,-0.002773,-0.258123,-1.002747,-0.818754,0.077077,12.818182,-0.219294,-0.219294,-0.010057,-0.229205,0.453333,,,binance_rest
run_20260429_072220_0b956c,BTC/USDT,crypto,H4,trend_momentum,macd_direction,adx_min=20|fast=12|signal_period=9|slow=26,both,all,REJECT,72,0.347222,0.750627,-0.003407,-0.003407,-0.258123,-1.177211,-0.963072,0.072072,12.819444,-0.242664,-0.242664,-0.051298,-0.219774,0.453333,,,binance_rest
run_20260429_072220_0b956c,BTC/USDT,crypto,H4,pullback,pullback_ema,pullback_period=20|rsi_reclaim=False|rsi_threshold=50|trend_period=200,both,all,REJECT,66,0.227273,0.827056,-0.001787,-0.001787,-0.283822,-0.557287,-0.453874,0.066066,7.909091,-0.138909,-0.138909,-0.119218,-0.022355,0.456255,,,binance_rest
run_20260429_072220_0b956c,BTC/USDT,crypto,H4,pullback,pullback_ema,pullback_period=20|rsi_reclaim=True|rsi_threshold=50|trend_period=200,both,all,REJECT,58,0.189655,0.702275,-0.003180,-0.003180,-0.283822,-0.925910,-0.756488,0.058058,7.500000,-0.191318,-0.191318,-0.201546,0.012810,0.400000,,,binance_rest
run_20260429_072220_0b956c,BTC/USDT,crypto,H4,pullback,pullback_ema,pullback_period=50|rsi_reclaim=False|rsi_threshold=50|trend_period=200,both,all,REJECT,41,0.219512,0.873581,-0.001478,-0.001478,-0.243895,-0.289374,-0.235486,0.041041,14.463415,-0.087023,-0.087023,-0.110091,0.025922,0.346000,,,binance_rest
run_20260429_072220_0b956c,BTC/USDT,crypto,H4,pullback,pullback_ema,pullback_period=50|rsi_reclaim=True|rsi_threshold=50|trend_period=200,both,all,REJECT,25,0.160000,0.163577,-0.013064,-0.013064,-0.283485,-3.508276,-3.453458,0.025025,11.240000,-0.283485,-0.283485,-0.263988,-0.026490,0.280104,,,binance_rest
run_20260429_072220_0b956c,BTC/USDT,crypto,H4,breakout,session_opening_range,atr_expand_min=0.0|range_bars=12,both,all,REJECT,30,0.300000,0.775485,-0.004409,-0.004409,-0.219710,-0.639040,-0.521983,0.030030,32.166667,-0.150818,-0.150818,-0.181412,0.000698,0.280000,,,binance_rest
run_20260429_072220_0b956c,BTC/USDT,crypto,H4,breakout,session_opening_range,atr_expand_min=0.5|range_bars=12,both,all,REJECT,30,0.300000,0.775485,-0.004409,-0.004409,-0.219710,-0.639040,-0.521983,0.030030,32.166667,-0.150818,-0.150818,-0.181412,0.000698,0.280000,,,binance_rest
run_20260429_072220_0b956c,BTC/USDT,crypto,H4,breakout,london_breakout,atr_expand_min=0.0|utc_end=11|utc_start=7,both,all,NEEDS_MORE_DATA,14,,,,,,,,,,,,,,,,only 14 trades < min 20,binance_rest
run_20260429_072220_0b956c,BTC/USDT,crypto,H4,breakout,london_breakout,atr_expand_min=0.5|utc_end=11|utc_start=7,both,all,NEEDS_MORE_DATA,14,,,,,,,,,,,,,,,,only 14 trades < min 20,binance_rest
run_20260429_072220_0b956c,BTC/USDT,crypto,H4,breakout,ny_breakout,atr_expand_min=0.0|utc_end=16|utc_start=13,both,all,NEEDS_MORE_DATA,0,,,,,,,,,,,,,,1.000000,,only 0 trades < min 20,binance_rest
run_20260429_072220_0b956c,BTC/USDT,crypto,H4,breakout,ny_breakout,atr_expand_min=0.5|utc_end=16|utc_start=13,both,all,NEEDS_MORE_DATA,0,,,,,,,,,,,,,,1.000000,,only 0 trades < min 20,binance_rest
run_20260429_072220_0b956c,BTC/USDT,crypto,H4,mean_reversion,rsi_extreme,overbought=70|oversold=30|period=14,both,all,NEEDS_MORE_DATA,15,,,,,,,,,,,,,,1.000000,,only 15 trades < min 20,binance_rest
run_20260429_072220_0b956c,BTC/USDT,crypto,H4,mean_reversion,rsi_extreme,overbought=75|oversold=30|period=14,both,all,NEEDS_MORE_DATA,12,,,,,,,,,,,,,,,,only 12 trades < min 20,binance_rest
run_20260429_072220_0b956c,BTC/USDT,crypto,H4,mean_reversion,rsi_extreme,overbought=70|oversold=25|period=14,both,all,NEEDS_MORE_DATA,11,,,,,,,,,,,,,,,,only 11 trades < min 20,binance_rest
run_20260429_072220_0b956c,BTC/USDT,crypto,H4,mean_reversion,rsi_extreme,overbought=75|oversold=25|period=14,both,all,NEEDS_MORE_DATA,8,,,,,,,,,,,,,,,,only 8 trades < min 20,binance_rest
run_20260429_072220_0b956c,BTC/USDT,crypto,H4,mean_reversion,vwap_deviation,std_threshold=1.5,both,all,NEEDS_MORE_DATA,13,,,,,,,,,,,,,,1.000000,,only 13 trades < min 20,binance_rest
run_20260429_072220_0b956c,BTC/USDT,crypto,H4,mean_reversion,vwap_deviation,std_threshold=2.0,both,all,NEEDS_MORE_DATA,10,,,,,,,,,,,,,,,,only 10 trades < min 20,binance_rest
run_20260429_072220_0b956c,BTC/USDT,crypto,H4,engine_b_proxy,ob_bos,require_engulf=False|require_vol_expand=False|swing_period=5,both,all,NEEDS_MORE_DATA,17,,,,,,,,,,,,,,1.000000,,only 17 trades < min 20,binance_rest
run_20260429_072220_0b956c,BTC/USDT,crypto,H4,engine_b_proxy,ob_bos,require_engulf=False|require_vol_expand=True|swing_period=5,both,all,NEEDS_MORE_DATA,16,,,,,,,,,,,,,,1.000000,,only 16 trades < min 20,binance_rest
run_20260429_072220_0b956c,BTC/USDT,crypto,H4,engine_b_proxy,ob_bos,require_engulf=True|require_vol_expand=False|swing_period=5,both,all,NEEDS_MORE_DATA,17,,,,,,,,,,,,,,1.000000,,only 17 trades < min 20,binance_rest
run_20260429_072220_0b956c,BTC/USDT,crypto,H4,engine_b_proxy,ob_bos,require_engulf=True|require_vol_expand=True|swing_period=5,both,all,NEEDS_MORE_DATA,16,,,,,,,,,,,,,,1.000000,,only 16 trades < min 20,binance_rest
run_20260429_072220_0b956c,BTC/USDT,crypto,H4,engine_b_proxy,ob_bos,require_engulf=False|require_vol_expand=False|swing_period=10,both,all,NEEDS_MORE_DATA,7,,,,,,,,,,,,,,,,only 7 trades < min 20,binance_rest
run_20260429_072220_0b956c,BTC/USDT,crypto,H4,engine_b_proxy,ob_bos,require_engulf=False|require_vol_expand=True|swing_period=10,both,all,NEEDS_MORE_DATA,7,,,,,,,,,,,,,,,,only 7 trades < min 20,binance_rest
run_20260429_072220_0b956c,BTC/USDT,crypto,H4,engine_b_proxy,ob_bos,require_engulf=True|require_vol_expand=False|swing_period=10,both,all,NEEDS_MORE_DATA,6,,,,,,,,,,,,,,,,only 6 trades < min 20,binance_rest
run_20260429_072220_0b956c,BTC/USDT,crypto,H4,engine_b_proxy,ob_bos,require_engulf=True|require_vol_expand=True|swing_period=10,both,all,NEEDS_MORE_DATA,6,,,,,,,,,,,,,,,,only 6 trades < min 20,binance_rest
run_20260429_072220_0b956c,BTC/USDT,crypto,H4,engine_b_proxy,structure_filters,fvg_detection=False|strong_close_pct=0.7,both,all,REJECT,274,0.335766,1.000588,0.000004,0.000004,-0.210009,0.003958,0.003219,0.274274,3.470803,-0.044408,-0.044408,-0.003852,-0.052947,0.413333,,,binance_rest
run_20260429_072220_0b956c,BTC/USDT,crypto,H4,engine_b_proxy,structure_filters,fvg_detection=True|strong_close_pct=0.7,both,all,REJECT,31,0.290323,0.532260,-0.006807,-0.006807,-0.296767,-1.393350,-1.156590,0.031031,13.451613,-0.204334,-0.204334,-0.155919,-0.057358,0.396361,,,binance_rest
run_20260429_072220_0b956c,BTC/USDT,crypto,H4,engine_b_proxy,structure_filters,fvg_detection=False|strong_close_pct=0.8,both,all,REJECT,197,0.365482,0.999665,-0.000002,-0.000002,-0.212940,-0.001948,-0.001584,0.197197,4.487310,-0.041728,-0.041728,-0.050347,-0.003793,0.462600,,,binance_rest
run_20260429_072220_0b956c,BTC/USDT,crypto,H4,engine_b_proxy,structure_filters,fvg_detection=True|strong_close_pct=0.8,both,all,NEEDS_MORE_DATA,19,,,,,,,,,,,,,,1.000000,,only 19 trades < min 20,binance_rest
run_20260429_072220_0b956c,ETH/USDT,crypto,H4,trend_momentum,ema_cross,adx_min=0|fast_period=10|rsi_confirm=False|slow_period=50,both,all,REJECT,35,0.257143,0.640116,-0.009400,-0.009400,-0.350627,-1.046600,-0.859777,0.035035,28.228571,-0.327641,-0.327641,-0.285056,-0.097508,0.412620,,,binance_rest
run_20260429_072220_0b956c,ETH/USDT,crypto,H4,trend_momentum,ema_cross,adx_min=0|fast_period=10|rsi_confirm=True|slow_period=50,both,all,REJECT,32,0.250000,0.650140,-0.009438,-0.009438,-0.350627,-0.966881,-0.793775,0.032032,28.500000,-0.308579,-0.308579,-0.264787,-0.097508,0.402476,,,binance_rest
run_20260429_072220_0b956c,ETH/USDT,crypto,H4,trend_momentum,ema_cross,adx_min=20|fast_period=10|rsi_confirm=False|slow_period=50,both,all,REJECT,35,0.257143,0.640116,-0.009400,-0.009400,-0.350627,-1.046600,-0.859777,0.035035,28.228571,-0.327641,-0.327641,-0.285056,-0.097508,0.412620,,,binance_rest
run_20260429_072220_0b956c,ETH/USDT,crypto,H4,trend_momentum,ema_cross,adx_min=20|fast_period=10|rsi_confirm=True|slow_period=50,both,all,REJECT,32,0.250000,0.650140,-0.009438,-0.009438,-0.350627,-0.966881,-0.793775,0.032032,28.500000,-0.308579,-0.308579,-0.264787,-0.097508,0.402476,,,binance_rest
run_20260429_072220_0b956c,ETH/USDT,crypto,H4,trend_momentum,ema_cross,adx_min=25|fast_period=10|rsi_confirm=False|slow_period=50,both,all,REJECT,30,0.233333,0.632988,-0.010319,-0.010319,-0.350627,-0.996279,-0.818962,0.030030,29.266667,-0.313267,-0.313267,-0.269772,-0.097508,0.388434,,,binance_rest
run_20260429_072220_0b956c,ETH/USDT,crypto,H4,trend_momentum,ema_cross,adx_min=25|fast_period=10|rsi_confirm=True|slow_period=50,both,all,REJECT,27,0.222222,0.643448,-0.010466,-0.010466,-0.350627,-0.915373,-0.751974,0.027027,29.703704,-0.293797,-0.293797,-0.249069,-0.097508,0.379447,,,binance_rest
run_20260429_072220_0b956c,ETH/USDT,crypto,H4,trend_momentum,ema_cross,adx_min=0|fast_period=10|rsi_confirm=False|slow_period=100,both,all,REJECT,24,0.250000,0.590824,-0.013871,-0.013871,-0.391801,-0.985607,-0.812226,0.024024,41.583333,-0.335938,-0.335938,-0.162948,-0.173962,0.523723,,,binance_rest
run_20260429_072220_0b956c,ETH/USDT,crypto,H4,trend_momentum,ema_cross,adx_min=0|fast_period=10|rsi_confirm=True|slow_period=100,both,all,REJECT,20,0.250000,0.631564,-0.013323,-0.013323,-0.391801,-0.796824,-0.654789,0.020020,45.700000,-0.289047,-0.289047,-0.103842,-0.173962,0.317425,,,binance_rest
run_20260429_072220_0b956c,ETH/USDT,crypto,H4,trend_momentum,ema_cross,adx_min=20|fast_period=10|rsi_confirm=False|slow_period=100,both,all,REJECT,24,0.250000,0.590824,-0.013871,-0.013871,-0.391801,-0.985607,-0.812226,0.024024,41.583333,-0.335938,-0.335938,-0.162948,-0.173962,0.523723,,,binance_rest
run_20260429_072220_0b956c,ETH/USDT,crypto,H4,trend_momentum,ema_cross,adx_min=20|fast_period=10|rsi_confirm=True|slow_period=100,both,all,REJECT,20,0.250000,0.631564,-0.013323,-0.013323,-0.391801,-0.796824,-0.654789,0.020020,45.700000,-0.289047,-0.289047,-0.103842,-0.173962,0.317425,,,binance_rest
run_20260429_072220_0b956c,ETH/USDT,crypto,H4,trend_momentum,ema_cross,adx_min=25|fast_period=10|rsi_confirm=False|slow_period=100,both,all,REJECT,23,0.260870,0.654995,-0.011009,-0.011009,-0.339127,-0.763671,-0.626207,0.023023,42.695652,-0.278426,-0.278426,-0.090651,-0.173962,0.262292,,,binance_rest
run_20260429_072220_0b956c,ETH/USDT,crypto,H4,trend_momentum,ema_cross,adx_min=25|fast_period=10|rsi_confirm=True|slow_period=100,both,all,NEEDS_MORE_DATA,19,,,,,,,,,,,,,,1.000000,,only 19 trades < min 20,binance_rest
run_20260429_072220_0b956c,ETH/USDT,crypto,H4,trend_momentum,ema_cross,adx_min=0|fast_period=10|rsi_confirm=False|slow_period=200,both,all,NEEDS_MORE_DATA,16,,,,,,,,,,,,,,1.000000,,only 16 trades < min 20,binance_rest
run_20260429_072220_0b956c,ETH/USDT,crypto,H4,trend_momentum,ema_cross,adx_min=0|fast_period=10|rsi_confirm=True|slow_period=200,both,all,NEEDS_MORE_DATA,13,,,,,,,,,,,,,,1.000000,,only 13 trades < min 20,binance_rest
run_20260429_072220_0b956c,ETH/USDT,crypto,H4,trend_momentum,ema_cross,adx_min=20|fast_period=10|rsi_confirm=False|slow_period=200,both,all,NEEDS_MORE_DATA,16,,,,,,,,,,,,,,1.000000,,only 16 trades < min 20,binance_rest
run_20260429_072220_0b956c,ETH/USDT,crypto,H4,trend_momentum,ema_cross,adx_min=20|fast_period=10|rsi_confirm=True|slow_period=200,both,all,NEEDS_MORE_DATA,13,,,,,,,,,,,,,,1.000000,,only 13 trades < min 20,binance_rest
run_20260429_072220_0b956c,ETH/USDT,crypto,H4,trend_momentum,ema_cross,adx_min=25|fast_period=10|rsi_confirm=False|slow_period=200,both,all,NEEDS_MORE_DATA,16,,,,,,,,,,,,,,1.000000,,only 16 trades < min 20,binance_rest
run_20260429_072220_0b956c,ETH/USDT,crypto,H4,trend_momentum,ema_cross,adx_min=25|fast_period=10|rsi_confirm=True|slow_period=200,both,all,NEEDS_MORE_DATA,13,,,,,,,,,,,,,,,,only 13 trades < min 20,binance_rest
run_20260429_072220_0b956c,ETH/USDT,crypto,H4,trend_momentum,ema_cross,adx_min=0|fast_period=20|rsi_confirm=False|slow_period=50,both,all,REJECT,25,0.280000,0.662377,-0.010766,-0.010766,-0.418588,-0.805916,-0.660971,0.025025,39.560000,-0.291069,-0.291069,-0.127935,-0.142299,0.516316,,,binance_rest
run_20260429_072220_0b956c,ETH/USDT,crypto,H4,trend_momentum,ema_cross,adx_min=0|fast_period=20|rsi_confirm=True|slow_period=50,both,all,REJECT,23,0.260870,0.665002,-0.011049,-0.011049,-0.418588,-0.765604,-0.627818,0.023023,39.565217,-0.279590,-0.279590,-0.113814,-0.142299,0.462915,,,binance_rest
run_20260429_072220_0b956c,ETH/USDT,crypto,H4,trend_momentum,ema_cross,adx_min=20|fast_period=20|rsi_confirm=False|slow_period=50,both,all,REJECT,25,0.280000,0.662377,-0.010766,-0.010766,-0.418588,-0.805916,-0.660971,0.025025,39.560000,-0.291069,-0.291069,-0.127935,-0.142299,0.516316,,,binance_rest
run_20260429_072220_0b956c,ETH/USDT,crypto,H4,trend_momentum,ema_cross,adx_min=20|fast_period=20|rsi_confirm=True|slow_period=50,both,all,REJECT,23,0.260870,0.665002,-0.011049,-0.011049,-0.418588,-0.765604,-0.627818,0.023023,39.565217,-0.279590,-0.279590,-0.113814,-0.142299,0.462915,,,binance_rest
run_20260429_072220_0b956c,ETH/USDT,crypto,H4,trend_momentum,ema_cross,adx_min=25|fast_period=20|rsi_confirm=False|slow_period=50,both,all,REJECT,24,0.250000,0.614780,-0.012792,-0.012792,-0.418588,-0.923356,-0.759680,0.024024,38.500000,-0.316925,-0.316925,-0.159741,-0.142299,0.511244,,,binance_rest
run_20260429_072220_0b956c,ETH/USDT,crypto,H4,trend_momentum,ema_cross,adx_min=25|fast_period=20|rsi_confirm=True|slow_period=50,both,all,REJECT,22,0.227273,0.614984,-0.013272,-0.013272,-0.418588,-0.883608,-0.726987,0.022022,38.409091,-0.305864,-0.305864,-0.146135,-0.142299,0.524126,,,binance_rest
run_20260429_072220_0b956c,ETH/USDT,crypto,H4,trend_momentum,ema_cross,adx_min=0|fast_period=20|rsi_confirm=False|slow_period=100,both,all,NEEDS_MORE_DATA,18,,,,,,,,,,,,,,1.000000,,only 18 trades < min 20,binance_rest
run_20260429_072220_0b956c,ETH/USDT,crypto,H4,trend_momentum,ema_cross,adx_min=0|fast_period=20|rsi_confirm=True|slow_period=100,both,all,NEEDS_MORE_DATA,15,,,,,,,,,,,,,,1.000000,,only 15 trades < min 20,binance_rest
run_20260429_072220_0b956c,ETH/USDT,crypto,H4,trend_momentum,ema_cross,adx_min=20|fast_period=20|rsi_confirm=False|slow_period=100,both,all,NEEDS_MORE_DATA,18,,,,,,,,,,,,,,1.000000,,only 18 trades < min 20,binance_rest
run_20260429_072220_0b956c,ETH/USDT,crypto,H4,trend_momentum,ema_cross,adx_min=20|fast_period=20|rsi_confirm=True|slow_period=100,both,all,NEEDS_MORE_DATA,15,,,,,,,,,,,,,,1.000000,,only 15 trades < min 20,binance_rest
run_20260429_072220_0b956c,ETH/USDT,crypto,H4,trend_momentum,ema_cross,adx_min=25|fast_period=20|rsi_confirm=False|slow_period=100,both,all,NEEDS_MORE_DATA,16,,,,,,,,,,,,,,1.000000,,only 16 trades < min 20,binance_rest
run_20260429_072220_0b956c,ETH/USDT,crypto,H4,trend_momentum,ema_cross,adx_min=25|fast_period=20|rsi_confirm=True|slow_period=100,both,all,NEEDS_MORE_DATA,13,,,,,,,,,,,,,,1.000000,,only 13 trades < min 20,binance_rest
run_20260429_072220_0b956c,ETH/USDT,crypto,H4,trend_momentum,ema_cross,adx_min=0|fast_period=20|rsi_confirm=False|slow_period=200,both,all,NEEDS_MORE_DATA,14,,,,,,,,,,,,,,1.000000,,only 14 trades < min 20,binance_rest
run_20260429_072220_0b956c,ETH/USDT,crypto,H4,trend_momentum,ema_cross,adx_min=0|fast_period=20|rsi_confirm=True|slow_period=200,both,all,NEEDS_MORE_DATA,12,,,,,,,,,,,,,,,,only 12 trades < min 20,binance_rest
run_20260429_072220_0b956c,ETH/USDT,crypto,H4,trend_momentum,ema_cross,adx_min=20|fast_period=20|rsi_confirm=False|slow_period=200,both,all,NEEDS_MORE_DATA,14,,,,,,,,,,,,,,1.000000,,only 14 trades < min 20,binance_rest
run_20260429_072220_0b956c,ETH/USDT,crypto,H4,trend_momentum,ema_cross,adx_min=20|fast_period=20|rsi_confirm=True|slow_period=200,both,all,NEEDS_MORE_DATA,12,,,,,,,,,,,,,,,,only 12 trades < min 20,binance_rest
run_20260429_072220_0b956c,ETH/USDT,crypto,H4,trend_momentum,ema_cross,adx_min=25|fast_period=20|rsi_confirm=False|slow_period=200,both,all,NEEDS_MORE_DATA,14,,,,,,,,,,,,,,,,only 14 trades < min 20,binance_rest
run_20260429_072220_0b956c,ETH/USDT,crypto,H4,trend_momentum,ema_cross,adx_min=25|fast_period=20|rsi_confirm=True|slow_period=200,both,all,NEEDS_MORE_DATA,12,,,,,,,,,,,,,,,,only 12 trades < min 20,binance_rest
run_20260429_072220_0b956c,ETH/USDT,crypto,H4,trend_momentum,ema_alignment,adx_min=0|ema_long=200|ema_mid=50|ema_short=20,both,all,REJECT,28,0.142857,0.856771,-0.002490,-0.002490,-0.197872,-0.269137,-0.219058,0.028028,17.428571,-0.107687,-0.107687,-0.046272,-0.064395,0.463838,,,binance_rest
run_20260429_072220_0b956c,ETH/USDT,crypto,H4,trend_momentum,ema_alignment,adx_min=20|ema_long=200|ema_mid=50|ema_short=20,both,all,REJECT,28,0.142857,0.856771,-0.002490,-0.002490,-0.197872,-0.269137,-0.219058,0.028028,17.428571,-0.107687,-0.107687,-0.046272,-0.064395,0.463838,,,binance_rest
run_20260429_072220_0b956c,ETH/USDT,crypto,H4,trend_momentum,ema_alignment,adx_min=25|ema_long=200|ema_mid=50|ema_short=20,both,all,REJECT,27,0.111111,0.760438,-0.004550,-0.004550,-0.238365,-0.474374,-0.386823,0.027027,17.185185,-0.153888,-0.153888,-0.096400,-0.063621,0.459991,,,binance_rest
run_20260429_072220_0b956c,ETH/USDT,crypto,H4,trend_momentum,macd_direction,adx_min=0|fast=12|signal_period=9|slow=26,both,all,REJECT,78,0.346154,0.698847,-0.005997,-0.005997,-0.516988,-1.437118,-1.178288,0.078078,12.794872,-0.420581,-0.420581,-0.206280,-0.301460,0.614908,,,binance_rest
run_20260429_072220_0b956c,ETH/USDT,crypto,H4,trend_momentum,macd_direction,adx_min=20|fast=12|signal_period=9|slow=26,both,all,REJECT,78,0.346154,0.698847,-0.005997,-0.005997,-0.516988,-1.437118,-1.178288,0.078078,12.794872,-0.420581,-0.420581,-0.206280,-0.301460,0.614908,,,binance_rest
run_20260429_072220_0b956c,ETH/USDT,crypto,H4,pullback,pullback_ema,pullback_period=20|rsi_reclaim=False|rsi_threshold=50|trend_period=200,both,all,REJECT,66,0.257576,0.809648,-0.002452,-0.002452,-0.334969,-0.558130,-0.454562,0.066066,7.696970,-0.196295,-0.196295,-0.206867,0.013330,0.400000,,,binance_rest
run_20260429_072220_0b956c,ETH/USDT,crypto,H4,pullback,pullback_ema,pullback_period=20|rsi_reclaim=True|rsi_threshold=50|trend_period=200,both,all,REJECT,55,0.290909,0.979354,-0.000261,-0.000261,-0.252060,-0.050205,-0.040830,0.055055,8.454545,-0.066684,-0.066684,-0.082036,0.016724,0.400000,,,binance_rest
run_20260429_072220_0b956c,ETH/USDT,crypto,H4,pullback,pullback_ema,pullback_period=50|rsi_reclaim=False|rsi_threshold=50|trend_period=200,both,all,REJECT,55,0.127273,0.582973,-0.006481,-0.006481,-0.372396,-1.273621,-1.045452,0.055055,11.272727,-0.335865,-0.335865,-0.286553,-0.069117,0.472361,,,binance_rest
run_20260429_072220_0b956c,ETH/USDT,crypto,H4,pullback,pullback_ema,pullback_period=50|rsi_reclaim=True|rsi_threshold=50|trend_period=200,both,all,REJECT,36,0.138889,0.674044,-0.005729,-0.005729,-0.303812,-0.759585,-0.620913,0.036036,12.222222,-0.225506,-0.225506,-0.211728,-0.017479,0.340766,,,binance_rest
run_20260429_072220_0b956c,ETH/USDT,crypto,H4,breakout,session_opening_range,atr_expand_min=0.0|range_bars=6,both,all,REJECT,55,0.345455,1.070955,0.001064,0.001064,-0.246360,0.187137,0.152219,0.055055,17.836364,-0.008137,-0.008137,0.192649,-0.184857,0.413333,,,binance_rest
run_20260429_072220_0b956c,ETH/USDT,crypto,H4,breakout,session_opening_range,atr_expand_min=0.5|range_bars=6,both,all,REJECT,55,0.345455,1.052059,0.000781,0.000781,-0.246360,0.137907,0.112165,0.055055,17.763636,-0.022871,-0.022871,0.174931,-0.184857,0.413333,,,binance_rest
run_20260429_072220_0b956c,ETH/USDT,crypto,H4,breakout,session_opening_range,atr_expand_min=0.0|range_bars=12,both,all,REJECT,34,0.205882,0.451749,-0.019284,-0.019284,-0.519453,-2.104313,-1.787305,0.034034,28.382353,-0.516481,-0.516481,-0.423251,-0.146075,0.407538,,,binance_rest
run_20260429_072220_0b956c,ETH/USDT,crypto,H4,breakout,session_opening_range,atr_expand_min=0.5|range_bars=12,both,all,REJECT,34,0.205882,0.451749,-0.019284,-0.019284,-0.519453,-2.104313,-1.787305,0.034034,28.382353,-0.516481,-0.516481,-0.423251,-0.146075,0.407538,,,binance_rest
run_20260429_072220_0b956c,ETH/USDT,crypto,H4,breakout,london_breakout,atr_expand_min=0.0|utc_end=11|utc_start=7,both,all,NEEDS_MORE_DATA,19,,,,,,,,,,,,,,,,only 19 trades < min 20,binance_rest
run_20260429_072220_0b956c,ETH/USDT,crypto,H4,breakout,london_breakout,atr_expand_min=0.5|utc_end=11|utc_start=7,both,all,NEEDS_MORE_DATA,18,,,,,,,,,,,,,,,,only 18 trades < min 20,binance_rest
run_20260429_072220_0b956c,ETH/USDT,crypto,H4,breakout,ny_breakout,atr_expand_min=0.0|utc_end=16|utc_start=13,both,all,NEEDS_MORE_DATA,0,,,,,,,,,,,,,,1.000000,,only 0 trades < min 20,binance_rest
run_20260429_072220_0b956c,ETH/USDT,crypto,H4,breakout,ny_breakout,atr_expand_min=0.5|utc_end=16|utc_start=13,both,all,NEEDS_MORE_DATA,0,,,,,,,,,,,,,,1.000000,,only 0 trades < min 20,binance_rest
run_20260429_072220_0b956c,ETH/USDT,crypto,H4,mean_reversion,rsi_extreme,overbought=70|oversold=30|period=14,both,all,NEEDS_MORE_DATA,18,,,,,,,,,,,,,,1.000000,,only 18 trades < min 20,binance_rest
run_20260429_072220_0b956c,ETH/USDT,crypto,H4,mean_reversion,rsi_extreme,overbought=75|oversold=30|period=14,both,all,NEEDS_MORE_DATA,11,,,,,,,,,,,,,,,,only 11 trades < min 20,binance_rest
run_20260429_072220_0b956c,ETH/USDT,crypto,H4,mean_reversion,rsi_extreme,overbought=70|oversold=25|period=14,both,all,NEEDS_MORE_DATA,14,,,,,,,,,,,,,,,,only 14 trades < min 20,binance_rest
run_20260429_072220_0b956c,ETH/USDT,crypto,H4,mean_reversion,rsi_extreme,overbought=75|oversold=25|period=14,both,all,NEEDS_MORE_DATA,7,,,,,,,,,,,,,,,,only 7 trades < min 20,binance_rest
run_20260429_072220_0b956c,ETH/USDT,crypto,H4,mean_reversion,vwap_deviation,std_threshold=1.5,both,all,NEEDS_MORE_DATA,9,,,,,,,,,,,,,,1.000000,,only 9 trades < min 20,binance_rest
run_20260429_072220_0b956c,ETH/USDT,crypto,H4,mean_reversion,vwap_deviation,std_threshold=2.0,both,all,NEEDS_MORE_DATA,9,,,,,,,,,,,,,,,,only 9 trades < min 20,binance_rest
run_20260429_072220_0b956c,ETH/USDT,crypto,H4,engine_b_proxy,ob_bos,require_engulf=False|require_vol_expand=False|swing_period=5,both,all,NEEDS_MORE_DATA,16,,,,,,,,,,,,,,1.000000,,only 16 trades < min 20,binance_rest
run_20260429_072220_0b956c,ETH/USDT,crypto,H4,engine_b_proxy,ob_bos,require_engulf=False|require_vol_expand=True|swing_period=5,both,all,NEEDS_MORE_DATA,13,,,,,,,,,,,,,,1.000000,,only 13 trades < min 20,binance_rest
run_20260429_072220_0b956c,ETH/USDT,crypto,H4,engine_b_proxy,ob_bos,require_engulf=True|require_vol_expand=False|swing_period=5,both,all,NEEDS_MORE_DATA,14,,,,,,,,,,,,,,1.000000,,only 14 trades < min 20,binance_rest
run_20260429_072220_0b956c,ETH/USDT,crypto,H4,engine_b_proxy,ob_bos,require_engulf=True|require_vol_expand=True|swing_period=5,both,all,NEEDS_MORE_DATA,13,,,,,,,,,,,,,,1.000000,,only 13 trades < min 20,binance_rest
run_20260429_072220_0b956c,ETH/USDT,crypto,H4,engine_b_proxy,ob_bos,require_engulf=False|require_vol_expand=False|swing_period=10,both,all,NEEDS_MORE_DATA,8,,,,,,,,,,,,,,,,only 8 trades < min 20,binance_rest
run_20260429_072220_0b956c,ETH/USDT,crypto,H4,engine_b_proxy,ob_bos,require_engulf=False|require_vol_expand=True|swing_period=10,both,all,NEEDS_MORE_DATA,8,,,,,,,,,,,,,,,,only 8 trades < min 20,binance_rest
run_20260429_072220_0b956c,ETH/USDT,crypto,H4,engine_b_proxy,ob_bos,require_engulf=True|require_vol_expand=False|swing_period=10,both,all,NEEDS_MORE_DATA,8,,,,,,,,,,,,,,,,only 8 trades < min 20,binance_rest
run_20260429_072220_0b956c,ETH/USDT,crypto,H4,engine_b_proxy,ob_bos,require_engulf=True|require_vol_expand=True|swing_period=10,both,all,NEEDS_MORE_DATA,8,,,,,,,,,,,,,,,,only 8 trades < min 20,binance_rest
run_20260429_072220_0b956c,ETH/USDT,crypto,H4,engine_b_proxy,structure_filters,fvg_detection=False|strong_close_pct=0.7,both,all,REJECT,275,0.309091,0.810315,-0.001807,-0.001807,-0.512967,-1.480426,-1.206263,0.275275,3.490909,-0.440715,-0.440715,-0.417537,-0.052749,0.451234,,,binance_rest
run_20260429_072220_0b956c,ETH/USDT,crypto,H4,engine_b_proxy,structure_filters,fvg_detection=True|strong_close_pct=0.7,both,all,REJECT,26,0.269231,0.432022,-0.016436,-0.016436,-0.520065,-1.484684,-1.241805,0.026026,13.807692,-0.389465,-0.389465,-0.294928,-0.134082,0.392387,,,binance_rest
run_20260429_072220_0b956c,ETH/USDT,crypto,H4,engine_b_proxy,structure_filters,fvg_detection=False|strong_close_pct=0.8,both,all,REJECT,165,0.375758,1.043378,0.000435,0.000435,-0.260083,0.229709,0.186827,0.165165,5.406061,-0.001007,-0.001007,0.105256,-0.053302,0.440000,,,binance_rest
run_20260429_072220_0b956c,ETH/USDT,crypto,H4,engine_b_proxy,structure_filters,fvg_detection=True|strong_close_pct=0.8,both,all,REJECT,21,0.333333,0.504606,-0.015196,-0.015196,-0.470327,-1.123696,-0.932172,0.021021,13.238095,-0.318495,-0.318495,-0.247162,-0.094752,0.341008,,,binance_rest
run_20260429_072220_0b956c,SOL/USDT,crypto,H4,trend_momentum,ema_cross,adx_min=0|fast_period=10|rsi_confirm=False|slow_period=50,both,all,REJECT,35,0.171429,0.388390,-0.022809,-0.022809,-0.590877,-2.164221,-1.840399,0.035035,28.228571,-0.590877,-0.590877,-0.481905,-0.202461,0.436038,,,binance_rest
run_20260429_072220_0b956c,SOL/USDT,crypto,H4,trend_momentum,ema_cross,adx_min=0|fast_period=10|rsi_confirm=True|slow_period=50,both,all,REJECT,32,0.156250,0.383820,-0.023950,-0.023950,-0.577015,-2.091573,-1.780679,0.032032,28.718750,-0.577015,-0.577015,-0.464351,-0.202461,0.422803,,,binance_rest
run_20260429_072220_0b956c,SOL/USDT,crypto,H4,trend_momentum,ema_cross,adx_min=20|fast_period=10|rsi_confirm=False|slow_period=50,both,all,REJECT,33,0.151515,0.342615,-0.025524,-0.025524,-0.607507,-2.312830,-1.986703,0.033033,25.363636,-0.607507,-0.607507,-0.514890,-0.182853,0.404539,,,binance_rest
run_20260429_072220_0b956c,SOL/USDT,crypto,H4,trend_momentum,ema_cross,adx_min=20|fast_period=10|rsi_confirm=True|slow_period=50,both,all,REJECT,30,0.133333,0.335648,-0.027013,-0.027013,-0.594208,-2.240428,-1.928463,0.030030,25.600000,-0.594208,-0.594208,-0.498454,-0.182853,0.390052,,,binance_rest
run_20260429_072220_0b956c,SOL/USDT,crypto,H4,trend_momentum,ema_cross,adx_min=25|fast_period=10|rsi_confirm=False|slow_period=50,both,all,REJECT,27,0.185185,0.410384,-0.023360,-0.023360,-0.512455,-1.775882,-1.501780,0.027027,29.629630,-0.512455,-0.512455,-0.418718,-0.152897,0.371546,,,binance_rest
run_20260429_072220_0b956c,SOL/USDT,crypto,H4,trend_momentum,ema_cross,adx_min=25|fast_period=10|rsi_confirm=True|slow_period=50,both,all,REJECT,24,0.166667,0.406088,-0.024950,-0.024950,-0.495936,-1.698218,-1.437970,0.024024,30.458333,-0.495936,-0.495936,-0.399023,-0.152897,0.358953,,,binance_rest
run_20260429_072220_0b956c,SOL/USDT,crypto,H4,trend_momentum,ema_cross,adx_min=0|fast_period=10|rsi_confirm=False|slow_period=100,both,all,REJECT,27,0.148148,0.456064,-0.020141,-0.020141,-0.463688,-1.585721,-1.330058,0.027027,36.629630,-0.463688,-0.463688,-0.215098,-0.280782,0.470390,,,binance_rest
run_20260429_072220_0b956c,SOL/USDT,crypto,H4,trend_momentum,ema_cross,adx_min=0|fast_period=10|rsi_confirm=True|slow_period=100,both,all,REJECT,24,0.166667,0.473235,-0.021148,-0.021148,-0.443729,-1.481951,-1.242449,0.024024,38.166667,-0.443729,-0.443729,-0.185888,-0.280782,0.390854,,,binance_rest
run_20260429_072220_0b956c,SOL/USDT,crypto,H4,trend_momentum,ema_cross,adx_min=20|fast_period=10|rsi_confirm=False|slow_period=100,both,all,REJECT,27,0.148148,0.456064,-0.020141,-0.020141,-0.463688,-1.585721,-1.330058,0.027027,36.629630,-0.463688,-0.463688,-0.215098,-0.280782,0.470390,,,binance_rest
run_20260429_072220_0b956c,SOL/USDT,crypto,H4,trend_momentum,ema_cross,adx_min=20|fast_period=10|rsi_confirm=True|slow_period=100,both,all,REJECT,24,0.166667,0.473235,-0.021148,-0.021148,-0.443729,-1.481951,-1.242449,0.024024,38.166667,-0.443729,-0.443729,-0.185888,-0.280782,0.390854,,,binance_rest
run_20260429_072220_0b956c,SOL/USDT,crypto,H4,trend_momentum,ema_cross,adx_min=25|fast_period=10|rsi_confirm=False|slow_period=100,both,all,REJECT,27,0.148148,0.456064,-0.020141,-0.020141,-0.463688,-1.585721,-1.330058,0.027027,36.629630,-0.463688,-0.463688,-0.215098,-0.280782,0.470390,,,binance_rest
run_20260429_072220_0b956c,SOL/USDT,crypto,H4,trend_momentum,ema_cross,adx_min=25|fast_period=10|rsi_confirm=True|slow_period=100,both,all,REJECT,24,0.166667,0.473235,-0.021148,-0.021148,-0.443729,-1.481951,-1.242449,0.024024,38.166667,-0.443729,-0.443729,-0.185888,-0.280782,0.390854,,,binance_rest
run_20260429_072220_0b956c,SOL/USDT,crypto,H4,trend_momentum,ema_cross,adx_min=0|fast_period=10|rsi_confirm=False|slow_period=200,both,all,NEEDS_MORE_DATA,15,,,,,,,,,,,,,,1.000000,,only 15 trades < min 20,binance_rest
run_20260429_072220_0b956c,SOL/USDT,crypto,H4,trend_momentum,ema_cross,adx_min=0|fast_period=10|rsi_confirm=True|slow_period=200,both,all,NEEDS_MORE_DATA,12,,,,,,,,,,,,,,1.000000,,only 12 trades < min 20,binance_rest
run_20260429_072220_0b956c,SOL/USDT,crypto,H4,trend_momentum,ema_cross,adx_min=20|fast_period=10|rsi_confirm=False|slow_period=200,both,all,NEEDS_MORE_DATA,15,,,,,,,,,,,,,,1.000000,,only 15 trades < min 20,binance_rest
run_20260429_072220_0b956c,SOL/USDT,crypto,H4,trend_momentum,ema_cross,adx_min=20|fast_period=10|rsi_confirm=True|slow_period=200,both,all,NEEDS_MORE_DATA,12,,,,,,,,,,,,,,1.000000,,only 12 trades < min 20,binance_rest
run_20260429_072220_0b956c,SOL/USDT,crypto,H4,trend_momentum,ema_cross,adx_min=25|fast_period=10|rsi_confirm=False|slow_period=200,both,all,NEEDS_MORE_DATA,14,,,,,,,,,,,,,,1.000000,,only 14 trades < min 20,binance_rest
run_20260429_072220_0b956c,SOL/USDT,crypto,H4,trend_momentum,ema_cross,adx_min=25|fast_period=10|rsi_confirm=True|slow_period=200,both,all,NEEDS_MORE_DATA,11,,,,,,,,,,,,,,,,only 11 trades < min 20,binance_rest
run_20260429_072220_0b956c,SOL/USDT,crypto,H4,trend_momentum,ema_cross,adx_min=0|fast_period=20|rsi_confirm=False|slow_period=50,both,all,REJECT,27,0.222222,0.460371,-0.020199,-0.020199,-0.470465,-1.544131,-1.293042,0.027027,36.629630,-0.468138,-0.468138,-0.363859,-0.134502,0.372897,,,binance_rest
run_20260429_072220_0b956c,SOL/USDT,crypto,H4,trend_momentum,ema_cross,adx_min=0|fast_period=20|rsi_confirm=True|slow_period=50,both,all,REJECT,24,0.208333,0.469651,-0.021733,-0.021733,-0.457584,-1.478489,-1.239366,0.024024,38.208333,-0.455200,-0.455200,-0.348384,-0.134502,0.359822,,,binance_rest
run_20260429_072220_0b956c,SOL/USDT,crypto,H4,trend_momentum,ema_cross,adx_min=20|fast_period=20|rsi_confirm=False|slow_period=50,both,all,REJECT,26,0.192308,0.402287,-0.023234,-0.023234,-0.499840,-1.726145,-1.458660,0.026026,33.615385,-0.497642,-0.497642,-0.399147,-0.134502,0.357092,,,binance_rest
run_20260429_072220_0b956c,SOL/USDT,crypto,H4,trend_momentum,ema_cross,adx_min=20|fast_period=20|rsi_confirm=True|slow_period=50,both,all,REJECT,23,0.173913,0.409962,-0.025230,-0.025230,-0.487673,-1.660117,-1.405602,0.023023,34.869565,-0.485422,-0.485422,-0.384531,-0.134502,0.342935,,,binance_rest
run_20260429_072220_0b956c,SOL/USDT,crypto,H4,trend_momentum,ema_cross,adx_min=25|fast_period=20|rsi_confirm=False|slow_period=50,both,all,REJECT,25,0.200000,0.410935,-0.023313,-0.023313,-0.488972,-1.667299,-1.407324,0.025025,34.600000,-0.486726,-0.486726,-0.386091,-0.134502,0.354511,,,binance_rest
run_20260429_072220_0b956c,SOL/USDT,crypto,H4,trend_momentum,ema_cross,adx_min=25|fast_period=20|rsi_confirm=True|slow_period=50,both,all,REJECT,22,0.181818,0.419023,-0.025410,-0.025410,-0.476541,-1.601132,-1.354153,0.022022,36.045455,-0.474241,-0.474241,-0.371157,-0.134502,0.340716,,,binance_rest
run_20260429_072220_0b956c,SOL/USDT,crypto,H4,trend_momentum,ema_cross,adx_min=0|fast_period=20|rsi_confirm=False|slow_period=100,both,all,NEEDS_MORE_DATA,19,,,,,,,,,,,,,,1.000000,,only 19 trades < min 20,binance_rest
run_20260429_072220_0b956c,SOL/USDT,crypto,H4,trend_momentum,ema_cross,adx_min=0|fast_period=20|rsi_confirm=True|slow_period=100,both,all,NEEDS_MORE_DATA,17,,,,,,,,,,,,,,1.000000,,only 17 trades < min 20,binance_rest
run_20260429_072220_0b956c,SOL/USDT,crypto,H4,trend_momentum,ema_cross,adx_min=20|fast_period=20|rsi_confirm=False|slow_period=100,both,all,NEEDS_MORE_DATA,19,,,,,,,,,,,,,,1.000000,,only 19 trades < min 20,binance_rest
run_20260429_072220_0b956c,SOL/USDT,crypto,H4,trend_momentum,ema_cross,adx_min=20|fast_period=20|rsi_confirm=True|slow_period=100,both,all,NEEDS_MORE_DATA,17,,,,,,,,,,,,,,1.000000,,only 17 trades < min 20,binance_rest
run_20260429_072220_0b956c,SOL/USDT,crypto,H4,trend_momentum,ema_cross,adx_min=25|fast_period=20|rsi_confirm=False|slow_period=100,both,all,NEEDS_MORE_DATA,17,,,,,,,,,,,,,,1.000000,,only 17 trades < min 20,binance_rest
run_20260429_072220_0b956c,SOL/USDT,crypto,H4,trend_momentum,ema_cross,adx_min=25|fast_period=20|rsi_confirm=True|slow_period=100,both,all,NEEDS_MORE_DATA,15,,,,,,,,,,,,,,1.000000,,only 15 trades < min 20,binance_rest
run_20260429_072220_0b956c,SOL/USDT,crypto,H4,trend_momentum,ema_cross,adx_min=0|fast_period=20|rsi_confirm=False|slow_period=200,both,all,NEEDS_MORE_DATA,13,,,,,,,,,,,,,,1.000000,,only 13 trades < min 20,binance_rest
run_20260429_072220_0b956c,SOL/USDT,crypto,H4,trend_momentum,ema_cross,adx_min=0|fast_period=20|rsi_confirm=True|slow_period=200,both,all,NEEDS_MORE_DATA,11,,,,,,,,,,,,,,,,only 11 trades < min 20,binance_rest
run_20260429_072220_0b956c,SOL/USDT,crypto,H4,trend_momentum,ema_cross,adx_min=20|fast_period=20|rsi_confirm=False|slow_period=200,both,all,NEEDS_MORE_DATA,13,,,,,,,,,,,,,,1.000000,,only 13 trades < min 20,binance_rest
run_20260429_072220_0b956c,SOL/USDT,crypto,H4,trend_momentum,ema_cross,adx_min=20|fast_period=20|rsi_confirm=True|slow_period=200,both,all,NEEDS_MORE_DATA,11,,,,,,,,,,,,,,,,only 11 trades < min 20,binance_rest
run_20260429_072220_0b956c,SOL/USDT,crypto,H4,trend_momentum,ema_cross,adx_min=25|fast_period=20|rsi_confirm=False|slow_period=200,both,all,NEEDS_MORE_DATA,12,,,,,,,,,,,,,,,,only 12 trades < min 20,binance_rest
run_20260429_072220_0b956c,SOL/USDT,crypto,H4,trend_momentum,ema_cross,adx_min=25|fast_period=20|rsi_confirm=True|slow_period=200,both,all,NEEDS_MORE_DATA,10,,,,,,,,,,,,,,,,only 10 trades < min 20,binance_rest
run_20260429_072220_0b956c,SOL/USDT,crypto,H4,trend_momentum,ema_alignment,adx_min=0|ema_long=200|ema_mid=50|ema_short=20,both,all,REJECT,33,0.212121,0.778115,-0.003452,-0.003452,-0.235390,-0.427938,-0.348640,0.033033,14.484848,-0.147942,-0.147942,-0.054112,-0.099197,0.361376,,,binance_rest
run_20260429_072220_0b956c,SOL/USDT,crypto,H4,trend_momentum,ema_alignment,adx_min=20|ema_long=200|ema_mid=50|ema_short=20,both,all,REJECT,31,0.225806,0.813586,-0.002953,-0.002953,-0.235390,-0.344377,-0.280409,0.031031,15.000000,-0.128507,-0.128507,-0.054112,-0.078651,0.463285,,,binance_rest
run_20260429_072220_0b956c,SOL/USDT,crypto,H4,trend_momentum,ema_alignment,adx_min=25|ema_long=200|ema_mid=50|ema_short=20,both,all,REJECT,23,0.260870,0.993696,-0.000106,-0.000106,-0.213635,-0.009287,-0.007553,0.023023,17.130435,-0.046306,-0.046306,-0.033005,-0.013755,0.363033,,,binance_rest
run_20260429_072220_0b956c,SOL/USDT,crypto,H4,trend_momentum,macd_direction,adx_min=0|fast=12|signal_period=9|slow=26,both,all,REJECT,85,0.305882,0.470493,-0.013219,-0.013219,-0.703792,-3.218546,-2.719686,0.085085,11.611765,-0.703792,-0.703792,-0.544256,-0.376755,0.661005,,,binance_rest
run_20260429_072220_0b956c,SOL/USDT,crypto,H4,trend_momentum,macd_direction,adx_min=20|fast=12|signal_period=9|slow=26,both,all,REJECT,79,0.316456,0.482490,-0.013525,-0.013525,-0.686873,-3.066055,-2.589060,0.079079,11.974684,-0.686873,-0.686873,-0.539980,-0.347280,0.646274,,,binance_rest
run_20260429_072220_0b956c,SOL/USDT,crypto,H4,pullback,pullback_ema,pullback_period=20|rsi_reclaim=False|rsi_threshold=50|trend_period=200,both,all,REJECT,79,0.164557,0.560023,-0.005696,-0.005696,-0.404935,-1.598912,-1.313323,0.079079,6.493671,-0.395364,-0.395364,-0.247350,-0.196657,0.638516,,,binance_rest
run_20260429_072220_0b956c,SOL/USDT,crypto,H4,pullback,pullback_ema,pullback_period=20|rsi_reclaim=True|rsi_threshold=50|trend_period=200,both,all,REJECT,63,0.174603,0.639296,-0.004599,-0.004599,-0.324872,-1.057854,-0.865074,0.063063,7.031746,-0.287940,-0.287940,-0.158815,-0.153503,0.689966,,,binance_rest
run_20260429_072220_0b956c,SOL/USDT,crypto,H4,pullback,pullback_ema,pullback_period=50|rsi_reclaim=False|rsi_threshold=50|trend_period=200,both,all,REJECT,63,0.111111,0.467201,-0.008251,-0.008251,-0.438042,-1.786392,-1.476136,0.063063,9.095238,-0.438042,-0.438042,-0.285625,-0.213356,0.624094,,,binance_rest
run_20260429_072220_0b956c,SOL/USDT,crypto,H4,pullback,pullback_ema,pullback_period=50|rsi_reclaim=True|rsi_threshold=50|trend_period=200,both,all,REJECT,46,0.108696,0.189615,-0.013173,-0.013173,-0.462453,-4.379183,-4.148512,0.046046,8.673913,-0.462453,-0.462453,-0.347072,-0.176713,0.528746,,,binance_rest
run_20260429_072220_0b956c,SOL/USDT,crypto,H4,breakout,prev_day_hl,atr_expand_min=0.0,both,all,REJECT,52,0.307692,0.621953,-0.009042,-0.009042,-0.428317,-1.312488,-1.078642,0.052052,18.903846,-0.428317,-0.428317,-0.071998,-0.406893,0.466667,,,binance_rest
run_20260429_072220_0b956c,SOL/USDT,crypto,H4,breakout,prev_day_hl,atr_expand_min=0.5,both,all,REJECT,52,0.307692,0.615209,-0.009305,-0.009305,-0.436261,-1.348160,-1.108606,0.052052,18.846154,-0.436261,-0.436261,-0.084894,-0.406893,0.466667,,,binance_rest
run_20260429_072220_0b956c,SOL/USDT,crypto,H4,breakout,prev_day_hl,atr_expand_min=1.0,both,all,REJECT,46,0.282609,0.613478,-0.009578,-0.009578,-0.410349,-1.240184,-1.019390,0.046046,18.565217,-0.410349,-0.410349,-0.188506,-0.300421,0.564557,,,binance_rest
run_20260429_072220_0b956c,SOL/USDT,crypto,H4,breakout,session_opening_range,atr_expand_min=0.0|range_bars=6,both,all,REJECT,60,0.350000,0.754856,-0.005490,-0.005490,-0.394819,-0.930526,-0.760169,0.060060,16.150000,-0.341750,-0.341750,0.087690,-0.417344,0.413333,,,binance_rest
run_20260429_072220_0b956c,SOL/USDT,crypto,H4,breakout,session_opening_range,atr_expand_min=0.5|range_bars=6,both,all,REJECT,60,0.350000,0.754856,-0.005490,-0.005490,-0.394819,-0.930526,-0.760169,0.060060,16.150000,-0.341750,-0.341750,0.087690,-0.417344,0.413333,,,binance_rest
run_20260429_072220_0b956c,SOL/USDT,crypto,H4,breakout,session_opening_range,atr_expand_min=0.0|range_bars=12,both,all,REJECT,28,0.321429,1.026584,0.000763,0.000763,-0.293507,0.057496,0.046761,0.028028,34.607143,-0.071511,-0.071511,-0.148324,0.049617,0.268000,,,binance_rest
run_20260429_072220_0b956c,SOL/USDT,crypto,H4,breakout,session_opening_range,atr_expand_min=0.5|range_bars=12,both,all,REJECT,28,0.321429,1.026584,0.000763,0.000763,-0.293507,0.057496,0.046761,0.028028,34.607143,-0.071511,-0.071511,-0.148324,0.049617,0.268000,,,binance_rest
run_20260429_072220_0b956c,SOL/USDT,crypto,H4,breakout,london_breakout,atr_expand_min=0.0|utc_end=11|utc_start=7,both,all,NEEDS_MORE_DATA,18,,,,,,,,,,,,,,,,only 18 trades < min 20,binance_rest
run_20260429_072220_0b956c,SOL/USDT,crypto,H4,breakout,london_breakout,atr_expand_min=0.5|utc_end=11|utc_start=7,both,all,NEEDS_MORE_DATA,18,,,,,,,,,,,,,,,,only 18 trades < min 20,binance_rest
run_20260429_072220_0b956c,SOL/USDT,crypto,H4,breakout,ny_breakout,atr_expand_min=0.0|utc_end=16|utc_start=13,both,all,NEEDS_MORE_DATA,0,,,,,,,,,,,,,,1.000000,,only 0 trades < min 20,binance_rest
run_20260429_072220_0b956c,SOL/USDT,crypto,H4,breakout,ny_breakout,atr_expand_min=0.5|utc_end=16|utc_start=13,both,all,NEEDS_MORE_DATA,0,,,,,,,,,,,,,,1.000000,,only 0 trades < min 20,binance_rest
run_20260429_072220_0b956c,SOL/USDT,crypto,H4,mean_reversion,rsi_extreme,overbought=70|oversold=30|period=14,both,all,NEEDS_MORE_DATA,12,,,,,,,,,,,,,,1.000000,,only 12 trades < min 20,binance_rest
run_20260429_072220_0b956c,SOL/USDT,crypto,H4,mean_reversion,rsi_extreme,overbought=75|oversold=30|period=14,both,all,NEEDS_MORE_DATA,8,,,,,,,,,,,,,,,,only 8 trades < min 20,binance_rest
run_20260429_072220_0b956c,SOL/USDT,crypto,H4,mean_reversion,rsi_extreme,overbought=70|oversold=25|period=14,both,all,NEEDS_MORE_DATA,10,,,,,,,,,,,,,,,,only 10 trades < min 20,binance_rest
run_20260429_072220_0b956c,SOL/USDT,crypto,H4,mean_reversion,rsi_extreme,overbought=75|oversold=25|period=14,both,all,NEEDS_MORE_DATA,6,,,,,,,,,,,,,,,,only 6 trades < min 20,binance_rest
run_20260429_072220_0b956c,SOL/USDT,crypto,H4,mean_reversion,vwap_deviation,std_threshold=1.5,both,all,NEEDS_MORE_DATA,10,,,,,,,,,,,,,,1.000000,,only 10 trades < min 20,binance_rest
run_20260429_072220_0b956c,SOL/USDT,crypto,H4,mean_reversion,vwap_deviation,std_threshold=2.0,both,all,NEEDS_MORE_DATA,9,,,,,,,,,,,,,,,,only 9 trades < min 20,binance_rest
run_20260429_072220_0b956c,SOL/USDT,crypto,H4,engine_b_proxy,ob_bos,require_engulf=False|require_vol_expand=False|swing_period=5,both,all,REJECT,24,0.250000,0.330582,-0.037518,-0.037518,-0.632662,-2.689852,-2.437507,0.024024,36.916667,-0.627740,-0.627740,-0.528965,-0.129754,0.317589,,,binance_rest
run_20260429_072220_0b956c,SOL/USDT,crypto,H4,engine_b_proxy,ob_bos,require_engulf=False|require_vol_expand=True|swing_period=5,both,all,REJECT,20,0.300000,0.358409,-0.033109,-0.033109,-0.518501,-2.233246,-1.983543,0.020020,41.000000,-0.518501,-0.518501,-0.456359,-0.114307,0.295143,,,binance_rest
run_20260429_072220_0b956c,SOL/USDT,crypto,H4,engine_b_proxy,ob_bos,require_engulf=True|require_vol_expand=False|swing_period=5,both,all,NEEDS_MORE_DATA,19,,,,,,,,,,,,,,1.000000,,only 19 trades < min 20,binance_rest
run_20260429_072220_0b956c,SOL/USDT,crypto,H4,engine_b_proxy,ob_bos,require_engulf=True|require_vol_expand=True|swing_period=5,both,all,NEEDS_MORE_DATA,17,,,,,,,,,,,,,,1.000000,,only 17 trades < min 20,binance_rest
run_20260429_072220_0b956c,SOL/USDT,crypto,H4,engine_b_proxy,ob_bos,require_engulf=False|require_vol_expand=False|swing_period=10,both,all,NEEDS_MORE_DATA,8,,,,,,,,,,,,,,,,only 8 trades < min 20,binance_rest
run_20260429_072220_0b956c,SOL/USDT,crypto,H4,engine_b_proxy,ob_bos,require_engulf=False|require_vol_expand=True|swing_period=10,both,all,NEEDS_MORE_DATA,7,,,,,,,,,,,,,,,,only 7 trades < min 20,binance_rest
run_20260429_072220_0b956c,SOL/USDT,crypto,H4,engine_b_proxy,ob_bos,require_engulf=True|require_vol_expand=False|swing_period=10,both,all,NEEDS_MORE_DATA,8,,,,,,,,,,,,,,,,only 8 trades < min 20,binance_rest
run_20260429_072220_0b956c,SOL/USDT,crypto,H4,engine_b_proxy,ob_bos,require_engulf=True|require_vol_expand=True|swing_period=10,both,all,NEEDS_MORE_DATA,7,,,,,,,,,,,,,,,,only 7 trades < min 20,binance_rest
run_20260429_072220_0b956c,SOL/USDT,crypto,H4,engine_b_proxy,structure_filters,fvg_detection=True|strong_close_pct=0.7,both,all,REJECT,34,0.264706,0.716505,-0.005213,-0.005213,-0.323830,-0.655701,-0.535416,0.034034,12.000000,-0.202890,-0.202890,-0.093660,-0.120517,0.517974,,,binance_rest
run_20260429_072220_0b956c,SOL/USDT,crypto,H4,engine_b_proxy,structure_filters,fvg_detection=True|strong_close_pct=0.8,both,all,REJECT,21,0.142857,0.850531,-0.002609,-0.002609,-0.217573,-0.224170,-0.182448,0.021021,10.095238,-0.089674,-0.089674,0.034557,-0.120081,0.226000,,,binance_rest
run_20260429_072220_0b956c,BNB/USDT,crypto,H4,trend_momentum,ema_cross,adx_min=0|fast_period=10|rsi_confirm=False|slow_period=50,both,all,REJECT,31,0.225806,0.483117,-0.013238,-0.013238,-0.375104,-1.497786,-1.247342,0.031031,31.870968,-0.370107,-0.370107,-0.294647,-0.112443,0.400486,,,binance_rest
run_20260429_072220_0b956c,BNB/USDT,crypto,H4,trend_momentum,ema_cross,adx_min=0|fast_period=10|rsi_confirm=True|slow_period=50,both,all,REJECT,29,0.241379,0.517793,-0.012318,-0.012318,-0.340491,-1.311909,-1.087842,0.029029,33.034483,-0.335217,-0.335217,-0.255577,-0.112443,0.405987,,,binance_rest
run_20260429_072220_0b956c,BNB/USDT,crypto,H4,trend_momentum,ema_cross,adx_min=20|fast_period=10|rsi_confirm=False|slow_period=50,both,all,REJECT,26,0.269231,0.568780,-0.011191,-0.011191,-0.294520,-1.079128,-0.890542,0.026026,33.923077,-0.288879,-0.288879,-0.203687,-0.112443,0.421611,,,binance_rest
run_20260429_072220_0b956c,BNB/USDT,crypto,H4,trend_momentum,ema_cross,adx_min=20|fast_period=10|rsi_confirm=True|slow_period=50,both,all,REJECT,24,0.291667,0.617434,-0.009908,-0.009908,-0.271827,-0.887699,-0.729696,0.024024,35.500000,-0.249490,-0.249490,-0.159579,-0.112443,0.455387,,,binance_rest
run_20260429_072220_0b956c,BNB/USDT,crypto,H4,trend_momentum,ema_cross,adx_min=25|fast_period=10|rsi_confirm=False|slow_period=50,both,all,REJECT,21,0.333333,0.764903,-0.005617,-0.005617,-0.195970,-0.453834,-0.370259,0.021021,38.952381,-0.151106,-0.151106,-0.093383,-0.069394,0.448934,,,binance_rest
run_20260429_072220_0b956c,BNB/USDT,crypto,H4,trend_momentum,ema_cross,adx_min=25|fast_period=10|rsi_confirm=True|slow_period=50,both,all,NEEDS_MORE_DATA,19,,,,,,,,,,,,,,1.000000,,only 19 trades < min 20,binance_rest
run_20260429_072220_0b956c,BNB/USDT,crypto,H4,trend_momentum,ema_cross,adx_min=0|fast_period=10|rsi_confirm=False|slow_period=100,both,all,REJECT,23,0.173913,0.631974,-0.008245,-0.008245,-0.364993,-0.784673,-0.643727,0.023023,43.173913,-0.204714,-0.204714,-0.234911,0.041373,0.238000,,,binance_rest
run_20260429_072220_0b956c,BNB/USDT,crypto,H4,trend_momentum,ema_cross,adx_min=0|fast_period=10|rsi_confirm=True|slow_period=100,both,all,REJECT,20,0.200000,0.745188,-0.005571,-0.005571,-0.312510,-0.467202,-0.381303,0.020020,47.850000,-0.138984,-0.138984,-0.171676,0.041373,0.220000,,,binance_rest
run_20260429_072220_0b956c,BNB/USDT,crypto,H4,trend_momentum,ema_cross,adx_min=20|fast_period=10|rsi_confirm=False|slow_period=100,both,all,REJECT,20,0.200000,0.766413,-0.004963,-0.004963,-0.303574,-0.419646,-0.342256,0.020020,44.250000,-0.127793,-0.127793,-0.160910,0.041373,0.220000,,,binance_rest
run_20260429_072220_0b956c,BNB/USDT,crypto,H4,trend_momentum,ema_cross,adx_min=20|fast_period=10|rsi_confirm=True|slow_period=100,both,all,NEEDS_MORE_DATA,17,,,,,,,,,,,,,,1.000000,,only 17 trades < min 20,binance_rest
run_20260429_072220_0b956c,BNB/USDT,crypto,H4,trend_momentum,ema_cross,adx_min=25|fast_period=10|rsi_confirm=False|slow_period=100,both,all,REJECT,20,0.200000,0.766413,-0.004963,-0.004963,-0.303574,-0.419646,-0.342256,0.020020,44.250000,-0.127793,-0.127793,-0.160910,0.041373,0.220000,,,binance_rest
run_20260429_072220_0b956c,BNB/USDT,crypto,H4,trend_momentum,ema_cross,adx_min=25|fast_period=10|rsi_confirm=True|slow_period=100,both,all,NEEDS_MORE_DATA,17,,,,,,,,,,,,,,1.000000,,only 17 trades < min 20,binance_rest
run_20260429_072220_0b956c,BNB/USDT,crypto,H4,trend_momentum,ema_cross,adx_min=0|fast_period=10|rsi_confirm=False|slow_period=200,both,all,NEEDS_MORE_DATA,17,,,,,,,,,,,,,,1.000000,,only 17 trades < min 20,binance_rest
run_20260429_072220_0b956c,BNB/USDT,crypto,H4,trend_momentum,ema_cross,adx_min=0|fast_period=10|rsi_confirm=True|slow_period=200,both,all,NEEDS_MORE_DATA,14,,,,,,,,,,,,,,1.000000,,only 14 trades < min 20,binance_rest
run_20260429_072220_0b956c,BNB/USDT,crypto,H4,trend_momentum,ema_cross,adx_min=20|fast_period=10|rsi_confirm=False|slow_period=200,both,all,NEEDS_MORE_DATA,14,,,,,,,,,,,,,,1.000000,,only 14 trades < min 20,binance_rest
run_20260429_072220_0b956c,BNB/USDT,crypto,H4,trend_momentum,ema_cross,adx_min=20|fast_period=10|rsi_confirm=True|slow_period=200,both,all,NEEDS_MORE_DATA,11,,,,,,,,,,,,,,1.000000,,only 11 trades < min 20,binance_rest
run_20260429_072220_0b956c,BNB/USDT,crypto,H4,trend_momentum,ema_cross,adx_min=25|fast_period=10|rsi_confirm=False|slow_period=200,both,all,NEEDS_MORE_DATA,14,,,,,,,,,,,,,,1.000000,,only 14 trades < min 20,binance_rest
run_20260429_072220_0b956c,BNB/USDT,crypto,H4,trend_momentum,ema_cross,adx_min=25|fast_period=10|rsi_confirm=True|slow_period=200,both,all,NEEDS_MORE_DATA,11,,,,,,,,,,,,,,,,only 11 trades < min 20,binance_rest
run_20260429_072220_0b956c,BNB/USDT,crypto,H4,trend_momentum,ema_cross,adx_min=0|fast_period=20|rsi_confirm=False|slow_period=50,both,all,REJECT,29,0.137931,0.451571,-0.014800,-0.014800,-0.387731,-1.571922,-1.314844,0.029029,34.103448,-0.381537,-0.381537,-0.324293,-0.076267,0.344554,,,binance_rest
run_20260429_072220_0b956c,BNB/USDT,crypto,H4,trend_momentum,ema_cross,adx_min=0|fast_period=20|rsi_confirm=True|slow_period=50,both,all,REJECT,27,0.148148,0.474588,-0.014491,-0.014491,-0.363808,-1.437398,-1.198855,0.027027,35.592593,-0.357372,-0.357372,-0.297891,-0.076267,0.338807,,,binance_rest
run_20260429_072220_0b956c,BNB/USDT,crypto,H4,trend_momentum,ema_cross,adx_min=20|fast_period=20|rsi_confirm=False|slow_period=50,both,all,REJECT,24,0.166667,0.539768,-0.012563,-0.012563,-0.303000,-1.122524,-0.928766,0.024024,36.791667,-0.295949,-0.295949,-0.230783,-0.076267,0.343141,,,binance_rest
run_20260429_072220_0b956c,BNB/USDT,crypto,H4,trend_momentum,ema_cross,adx_min=20|fast_period=20|rsi_confirm=True|slow_period=50,both,all,REJECT,22,0.181818,0.572964,-0.011980,-0.011980,-0.275767,-0.984430,-0.812243,0.022022,38.863636,-0.268440,-0.268440,-0.200728,-0.076267,0.345986,,,binance_rest
run_20260429_072220_0b956c,BNB/USDT,crypto,H4,trend_momentum,ema_cross,adx_min=25|fast_period=20|rsi_confirm=False|slow_period=50,both,all,REJECT,20,0.200000,0.602059,-0.011686,-0.011686,-0.291260,-0.875542,-0.721047,0.020020,43.300000,-0.246048,-0.246048,-0.230783,-0.010796,0.234033,,,binance_rest
run_20260429_072220_0b956c,BNB/USDT,crypto,H4,trend_momentum,ema_cross,adx_min=25|fast_period=20|rsi_confirm=True|slow_period=50,both,all,NEEDS_MORE_DATA,18,,,,,,,,,,,,,,1.000000,,only 18 trades < min 20,binance_rest
run_20260429_072220_0b956c,BNB/USDT,crypto,H4,trend_momentum,ema_cross,adx_min=0|fast_period=20|rsi_confirm=False|slow_period=100,both,all,NEEDS_MORE_DATA,12,,,,,,,,,,,,,,1.000000,,only 12 trades < min 20,binance_rest
run_20260429_072220_0b956c,BNB/USDT,crypto,H4,trend_momentum,ema_cross,adx_min=0|fast_period=20|rsi_confirm=True|slow_period=100,both,all,NEEDS_MORE_DATA,11,,,,,,,,,,,,,,1.000000,,only 11 trades < min 20,binance_rest
run_20260429_072220_0b956c,BNB/USDT,crypto,H4,trend_momentum,ema_cross,adx_min=20|fast_period=20|rsi_confirm=False|slow_period=100,both,all,NEEDS_MORE_DATA,9,,,,,,,,,,,,,,1.000000,,only 9 trades < min 20,binance_rest
run_20260429_072220_0b956c,BNB/USDT,crypto,H4,trend_momentum,ema_cross,adx_min=20|fast_period=20|rsi_confirm=True|slow_period=100,both,all,NEEDS_MORE_DATA,8,,,,,,,,,,,,,,1.000000,,only 8 trades < min 20,binance_rest
run_20260429_072220_0b956c,BNB/USDT,crypto,H4,trend_momentum,ema_cross,adx_min=25|fast_period=20|rsi_confirm=False|slow_period=100,both,all,NEEDS_MORE_DATA,8,,,,,,,,,,,,,,1.000000,,only 8 trades < min 20,binance_rest
run_20260429_072220_0b956c,BNB/USDT,crypto,H4,trend_momentum,ema_cross,adx_min=25|fast_period=20|rsi_confirm=True|slow_period=100,both,all,NEEDS_MORE_DATA,7,,,,,,,,,,,,,,1.000000,,only 7 trades < min 20,binance_rest
run_20260429_072220_0b956c,BNB/USDT,crypto,H4,trend_momentum,ema_cross,adx_min=0|fast_period=20|rsi_confirm=False|slow_period=200,both,all,NEEDS_MORE_DATA,10,,,,,,,,,,,,,,1.000000,,only 10 trades < min 20,binance_rest
run_20260429_072220_0b956c,BNB/USDT,crypto,H4,trend_momentum,ema_cross,adx_min=0|fast_period=20|rsi_confirm=True|slow_period=200,both,all,NEEDS_MORE_DATA,9,,,,,,,,,,,,,,,,only 9 trades < min 20,binance_rest
run_20260429_072220_0b956c,BNB/USDT,crypto,H4,trend_momentum,ema_cross,adx_min=20|fast_period=20|rsi_confirm=False|slow_period=200,both,all,NEEDS_MORE_DATA,8,,,,,,,,,,,,,,1.000000,,only 8 trades < min 20,binance_rest
run_20260429_072220_0b956c,BNB/USDT,crypto,H4,trend_momentum,ema_cross,adx_min=20|fast_period=20|rsi_confirm=True|slow_period=200,both,all,NEEDS_MORE_DATA,7,,,,,,,,,,,,,,,,only 7 trades < min 20,binance_rest
run_20260429_072220_0b956c,BNB/USDT,crypto,H4,trend_momentum,ema_cross,adx_min=25|fast_period=20|rsi_confirm=False|slow_period=200,both,all,NEEDS_MORE_DATA,7,,,,,,,,,,,,,,,,only 7 trades < min 20,binance_rest
run_20260429_072220_0b956c,BNB/USDT,crypto,H4,trend_momentum,ema_cross,adx_min=25|fast_period=20|rsi_confirm=True|slow_period=200,both,all,NEEDS_MORE_DATA,6,,,,,,,,,,,,,,,,only 6 trades < min 20,binance_rest
run_20260429_072220_0b956c,BNB/USDT,crypto,H4,trend_momentum,ema_alignment,adx_min=0|ema_long=200|ema_mid=50|ema_short=20,both,all,REJECT,27,0.148148,0.726554,-0.004733,-0.004733,-0.257192,-0.538679,-0.439604,0.027027,17.296296,-0.152711,-0.152711,-0.102672,-0.055765,0.438274,,,binance_rest
run_20260429_072220_0b956c,BNB/USDT,crypto,H4,trend_momentum,ema_alignment,adx_min=20|ema_long=200|ema_mid=50|ema_short=20,both,all,REJECT,25,0.200000,0.758839,-0.004366,-0.004366,-0.213469,-0.458526,-0.373911,0.025025,17.560000,-0.137014,-0.137014,-0.086048,-0.055765,0.457751,,,binance_rest
run_20260429_072220_0b956c,BNB/USDT,crypto,H4,trend_momentum,ema_alignment,adx_min=25|ema_long=200|ema_mid=50|ema_short=20,both,all,REJECT,22,0.227273,0.813090,-0.003588,-0.003588,-0.205955,-0.332437,-0.270795,0.022022,19.727273,-0.110378,-0.110378,-0.077318,-0.035830,0.371023,,,binance_rest
run_20260429_072220_0b956c,BNB/USDT,crypto,H4,trend_momentum,macd_direction,adx_min=0|fast=12|signal_period=9|slow=26,both,all,REJECT,84,0.321429,0.737528,-0.003044,-0.003044,-0.322774,-1.214709,-0.993161,0.084084,11.880952,-0.250974,-0.250974,-0.155560,-0.151111,0.744753,,,binance_rest
run_20260429_072220_0b956c,BNB/USDT,crypto,H4,trend_momentum,macd_direction,adx_min=20|fast=12|signal_period=9|slow=26,both,all,REJECT,77,0.324675,0.760943,-0.002845,-0.002845,-0.297109,-1.050811,-0.858337,0.077077,12.129870,-0.222587,-0.222587,-0.123557,-0.151111,0.686434,,,binance_rest
run_20260429_072220_0b956c,BNB/USDT,crypto,H4,pullback,pullback_ema,pullback_period=20|rsi_reclaim=False|rsi_threshold=50|trend_period=200,both,all,REJECT,67,0.223881,0.855612,-0.001126,-0.001126,-0.245845,-0.307073,-0.249836,0.067067,6.761194,-0.108513,-0.108513,-0.034538,-0.076622,0.400000,,,binance_rest
run_20260429_072220_0b956c,BNB/USDT,crypto,H4,pullback,pullback_ema,pullback_period=20|rsi_reclaim=True|rsi_threshold=50|trend_period=200,both,all,REJECT,60,0.250000,0.998146,-0.000014,-0.000014,-0.197136,-0.003403,-0.002767,0.060060,7.166667,-0.038850,-0.038850,0.036037,-0.072282,0.400000,,,binance_rest
run_20260429_072220_0b956c,BNB/USDT,crypto,H4,pullback,pullback_ema,pullback_period=50|rsi_reclaim=False|rsi_threshold=50|trend_period=200,both,all,REJECT,44,0.181818,0.745008,-0.002883,-0.002883,-0.290627,-0.551313,-0.449338,0.044044,13.045455,-0.149633,-0.149633,-0.131200,-0.021217,0.412514,,,binance_rest
run_20260429_072220_0b956c,BNB/USDT,crypto,H4,pullback,pullback_ema,pullback_period=50|rsi_reclaim=True|rsi_threshold=50|trend_period=200,both,all,REJECT,29,0.137931,0.918612,-0.000977,-0.000977,-0.216886,-0.126333,-0.102759,0.029029,13.206897,-0.059715,-0.059715,-0.072975,0.014303,0.274000,,,binance_rest
run_20260429_072220_0b956c,BNB/USDT,crypto,H4,breakout,prev_day_hl,atr_expand_min=0.0,both,all,REJECT,49,0.387755,0.932274,-0.001066,-0.001066,-0.332450,-0.224988,-0.183031,0.049049,19.959184,-0.087815,-0.087815,-0.117421,-0.007139,0.478906,,,binance_rest
run_20260429_072220_0b956c,BNB/USDT,crypto,H4,breakout,prev_day_hl,atr_expand_min=0.5,both,all,REJECT,47,0.404255,1.035493,0.000524,0.000524,-0.309676,0.108181,0.087985,0.047047,20.446809,-0.013418,-0.013418,-0.045439,-0.007139,0.495799,,,binance_rest
run_20260429_072220_0b956c,BNB/USDT,crypto,H4,breakout,prev_day_hl,atr_expand_min=1.0,both,all,REJECT,41,0.390244,0.983667,-0.000247,-0.000247,-0.291475,-0.047092,-0.038298,0.041041,20.341463,-0.043069,-0.043069,-0.022434,-0.021109,0.694942,,,binance_rest
run_20260429_072220_0b956c,BNB/USDT,crypto,H4,breakout,session_opening_range,atr_expand_min=0.0|range_bars=6,both,all,REJECT,63,0.380952,1.012016,0.000149,0.000149,-0.229280,0.039926,0.032470,0.063063,15.523810,-0.030048,-0.030048,0.057197,-0.096449,0.413333,,,binance_rest
run_20260429_072220_0b956c,BNB/USDT,crypto,H4,breakout,session_opening_range,atr_expand_min=0.5|range_bars=6,both,all,REJECT,62,0.387097,1.027948,0.000344,0.000344,-0.229280,0.090789,0.073838,0.062062,15.596774,-0.018191,-0.018191,0.070121,-0.096449,0.413333,,,binance_rest
run_20260429_072220_0b956c,BNB/USDT,crypto,H4,breakout,session_opening_range,atr_expand_min=0.0|range_bars=12,both,all,REJECT,30,0.366667,0.959486,-0.000753,-0.000753,-0.236303,-0.084403,-0.068646,0.030030,31.766667,-0.069079,-0.069079,-0.146013,0.073546,0.280000,,,binance_rest
run_20260429_072220_0b956c,BNB/USDT,crypto,H4,breakout,session_opening_range,atr_expand_min=0.5|range_bars=12,both,all,REJECT,30,0.366667,0.959486,-0.000753,-0.000753,-0.236303,-0.084403,-0.068646,0.030030,31.766667,-0.069079,-0.069079,-0.146013,0.073546,0.280000,,,binance_rest
run_20260429_072220_0b956c,BNB/USDT,crypto,H4,breakout,london_breakout,atr_expand_min=0.0|utc_end=11|utc_start=7,both,all,NEEDS_MORE_DATA,12,,,,,,,,,,,,,,,,only 12 trades < min 20,binance_rest
run_20260429_072220_0b956c,BNB/USDT,crypto,H4,breakout,london_breakout,atr_expand_min=0.5|utc_end=11|utc_start=7,both,all,NEEDS_MORE_DATA,12,,,,,,,,,,,,,,,,only 12 trades < min 20,binance_rest
run_20260429_072220_0b956c,BNB/USDT,crypto,H4,breakout,ny_breakout,atr_expand_min=0.0|utc_end=16|utc_start=13,both,all,NEEDS_MORE_DATA,0,,,,,,,,,,,,,,1.000000,,only 0 trades < min 20,binance_rest
run_20260429_072220_0b956c,BNB/USDT,crypto,H4,breakout,ny_breakout,atr_expand_min=0.5|utc_end=16|utc_start=13,both,all,NEEDS_MORE_DATA,0,,,,,,,,,,,,,,1.000000,,only 0 trades < min 20,binance_rest
run_20260429_072220_0b956c,BNB/USDT,crypto,H4,mean_reversion,rsi_extreme,overbought=70|oversold=30|period=14,both,all,NEEDS_MORE_DATA,13,,,,,,,,,,,,,,1.000000,,only 13 trades < min 20,binance_rest
run_20260429_072220_0b956c,BNB/USDT,crypto,H4,mean_reversion,rsi_extreme,overbought=75|oversold=30|period=14,both,all,NEEDS_MORE_DATA,11,,,,,,,,,,,,,,,,only 11 trades < min 20,binance_rest
run_20260429_072220_0b956c,BNB/USDT,crypto,H4,mean_reversion,rsi_extreme,overbought=70|oversold=25|period=14,both,all,NEEDS_MORE_DATA,9,,,,,,,,,,,,,,,,only 9 trades < min 20,binance_rest
run_20260429_072220_0b956c,BNB/USDT,crypto,H4,mean_reversion,rsi_extreme,overbought=75|oversold=25|period=14,both,all,NEEDS_MORE_DATA,7,,,,,,,,,,,,,,,,only 7 trades < min 20,binance_rest
run_20260429_072220_0b956c,BNB/USDT,crypto,H4,mean_reversion,vwap_deviation,std_threshold=1.5,both,all,NEEDS_MORE_DATA,9,,,,,,,,,,,,,,1.000000,,only 9 trades < min 20,binance_rest
run_20260429_072220_0b956c,BNB/USDT,crypto,H4,mean_reversion,vwap_deviation,std_threshold=2.0,both,all,NEEDS_MORE_DATA,7,,,,,,,,,,,,,,,,only 7 trades < min 20,binance_rest
run_20260429_072220_0b956c,BNB/USDT,crypto,H4,engine_b_proxy,ob_bos,require_engulf=False|require_vol_expand=False|swing_period=5,both,all,REJECT,24,0.166667,0.409715,-0.022442,-0.022442,-0.466528,-1.845043,-1.574279,0.024024,36.250000,-0.450842,-0.450842,-0.429488,0.019848,0.244000,,,binance_rest
run_20260429_072220_0b956c,BNB/USDT,crypto,H4,engine_b_proxy,ob_bos,require_engulf=False|require_vol_expand=True|swing_period=5,both,all,NEEDS_MORE_DATA,19,,,,,,,,,,,,,,1.000000,,only 19 trades < min 20,binance_rest
run_20260429_072220_0b956c,BNB/USDT,crypto,H4,engine_b_proxy,ob_bos,require_engulf=True|require_vol_expand=False|swing_period=5,both,all,REJECT,22,0.181818,0.456911,-0.019960,-0.019960,-0.406062,-1.545586,-1.303558,0.022022,36.772727,-0.391208,-0.391208,-0.356678,0.002435,0.232000,,,binance_rest
run_20260429_072220_0b956c,BNB/USDT,crypto,H4,engine_b_proxy,ob_bos,require_engulf=True|require_vol_expand=True|swing_period=5,both,all,NEEDS_MORE_DATA,18,,,,,,,,,,,,,,1.000000,,only 18 trades < min 20,binance_rest
run_20260429_072220_0b956c,BNB/USDT,crypto,H4,engine_b_proxy,ob_bos,require_engulf=False|require_vol_expand=False|swing_period=10,both,all,NEEDS_MORE_DATA,10,,,,,,,,,,,,,,,,only 10 trades < min 20,binance_rest
run_20260429_072220_0b956c,BNB/USDT,crypto,H4,engine_b_proxy,ob_bos,require_engulf=False|require_vol_expand=True|swing_period=10,both,all,NEEDS_MORE_DATA,9,,,,,,,,,,,,,,,,only 9 trades < min 20,binance_rest
run_20260429_072220_0b956c,BNB/USDT,crypto,H4,engine_b_proxy,ob_bos,require_engulf=True|require_vol_expand=False|swing_period=10,both,all,NEEDS_MORE_DATA,9,,,,,,,,,,,,,,,,only 9 trades < min 20,binance_rest
run_20260429_072220_0b956c,BNB/USDT,crypto,H4,engine_b_proxy,ob_bos,require_engulf=True|require_vol_expand=True|swing_period=10,both,all,NEEDS_MORE_DATA,9,,,,,,,,,,,,,,,,only 9 trades < min 20,binance_rest
run_20260429_072220_0b956c,BNB/USDT,crypto,H4,engine_b_proxy,structure_filters,fvg_detection=False|strong_close_pct=0.7,both,all,REJECT,307,0.355049,0.943417,-0.000355,-0.000355,-0.291026,-0.413165,-0.336049,0.307307,3.153094,-0.147920,-0.147920,-0.067402,-0.062665,0.692250,,,binance_rest
run_20260429_072220_0b956c,BNB/USDT,crypto,H4,engine_b_proxy,structure_filters,fvg_detection=True|strong_close_pct=0.7,both,all,REJECT,29,0.275862,0.714181,-0.003729,-0.003729,-0.212634,-0.622353,-0.508314,0.029029,14.206897,-0.121468,-0.121468,-0.096272,-0.027881,0.360881,,,binance_rest
run_20260429_072220_0b956c,BNB/USDT,crypto,H4,engine_b_proxy,structure_filters,fvg_detection=True|strong_close_pct=0.8,both,all,NEEDS_MORE_DATA,19,,,,,,,,,,,,,,1.000000,,only 19 trades < min 20,binance_rest
run_20260429_072220_0b956c,ADA/USDT,crypto,H4,trend_momentum,ema_cross,adx_min=0|fast_period=10|rsi_confirm=False|slow_period=50,both,all,REJECT,39,0.128205,0.359226,-0.024681,-0.024681,-0.686184,-2.609415,-2.250647,0.039039,25.333333,-0.654138,-0.654138,-0.395733,-0.430040,0.607992,,,binance_rest
run_20260429_072220_0b956c,ADA/USDT,crypto,H4,trend_momentum,ema_cross,adx_min=0|fast_period=10|rsi_confirm=True|slow_period=50,both,all,REJECT,37,0.108108,0.273531,-0.028884,-0.028884,-0.686121,-3.049435,-2.705956,0.037037,23.567568,-0.686121,-0.686121,-0.451613,-0.430040,0.607670,,,binance_rest
run_20260429_072220_0b956c,ADA/USDT,crypto,H4,trend_momentum,ema_cross,adx_min=20|fast_period=10|rsi_confirm=False|slow_period=50,both,all,REJECT,38,0.131579,0.367961,-0.024398,-0.024398,-0.674675,-2.520138,-2.168008,0.038038,25.552632,-0.641453,-0.641453,-0.373572,-0.430040,0.582652,,,binance_rest
run_20260429_072220_0b956c,ADA/USDT,crypto,H4,trend_momentum,ema_cross,adx_min=20|fast_period=10|rsi_confirm=True|slow_period=50,both,all,REJECT,36,0.111111,0.280351,-0.028703,-0.028703,-0.674610,-2.957073,-2.615901,0.036036,23.750000,-0.674610,-0.674610,-0.431500,-0.430040,0.614985,,,binance_rest
run_20260429_072220_0b956c,ADA/USDT,crypto,H4,trend_momentum,ema_cross,adx_min=25|fast_period=10|rsi_confirm=False|slow_period=50,both,all,REJECT,29,0.137931,0.420441,-0.025446,-0.025446,-0.605907,-2.029416,-1.731256,0.029029,28.965517,-0.565663,-0.565663,-0.335692,-0.346181,0.564626,,,binance_rest
run_20260429_072220_0b956c,ADA/USDT,crypto,H4,trend_momentum,ema_cross,adx_min=25|fast_period=10|rsi_confirm=True|slow_period=50,both,all,REJECT,27,0.111111,0.320487,-0.031263,-0.031263,-0.605828,-2.446863,-2.149147,0.027027,26.814815,-0.605828,-0.605828,-0.397124,-0.346181,0.523516,,,binance_rest
run_20260429_072220_0b956c,ADA/USDT,crypto,H4,trend_momentum,ema_cross,adx_min=0|fast_period=10|rsi_confirm=False|slow_period=100,both,all,REJECT,27,0.148148,0.381887,-0.024232,-0.024232,-0.554060,-2.166602,-1.869679,0.027027,36.592593,-0.514075,-0.514075,-0.204700,-0.372092,0.316676,,,binance_rest
run_20260429_072220_0b956c,ADA/USDT,crypto,H4,trend_momentum,ema_cross,adx_min=0|fast_period=10|rsi_confirm=True|slow_period=100,both,all,REJECT,23,0.130435,0.300381,-0.028339,-0.028339,-0.507968,-2.344828,-2.073811,0.023023,34.478261,-0.507968,-0.507968,-0.233072,-0.340679,0.399493,,,binance_rest
run_20260429_072220_0b956c,ADA/USDT,crypto,H4,trend_momentum,ema_cross,adx_min=20|fast_period=10|rsi_confirm=False|slow_period=100,both,all,REJECT,27,0.148148,0.381887,-0.024232,-0.024232,-0.554060,-2.166602,-1.869679,0.027027,36.592593,-0.514075,-0.514075,-0.204700,-0.372092,0.316676,,,binance_rest
run_20260429_072220_0b956c,ADA/USDT,crypto,H4,trend_momentum,ema_cross,adx_min=20|fast_period=10|rsi_confirm=True|slow_period=100,both,all,REJECT,23,0.130435,0.300381,-0.028339,-0.028339,-0.507968,-2.344828,-2.073811,0.023023,34.478261,-0.507968,-0.507968,-0.233072,-0.340679,0.399493,,,binance_rest
run_20260429_072220_0b956c,ADA/USDT,crypto,H4,trend_momentum,ema_cross,adx_min=25|fast_period=10|rsi_confirm=False|slow_period=100,both,all,REJECT,21,0.190476,0.459903,-0.022605,-0.022605,-0.464761,-1.604951,-1.360364,0.021021,44.047619,-0.416769,-0.416769,-0.204700,-0.246353,0.464954,,,binance_rest
run_20260429_072220_0b956c,ADA/USDT,crypto,H4,trend_momentum,ema_cross,adx_min=25|fast_period=10|rsi_confirm=True|slow_period=100,both,all,NEEDS_MORE_DATA,17,,,,,,,,,,,,,,1.000000,,only 17 trades < min 20,binance_rest
run_20260429_072220_0b956c,ADA/USDT,crypto,H4,trend_momentum,ema_cross,adx_min=0|fast_period=10|rsi_confirm=False|slow_period=200,both,all,NEEDS_MORE_DATA,13,,,,,,,,,,,,,,1.000000,,only 13 trades < min 20,binance_rest
run_20260429_072220_0b956c,ADA/USDT,crypto,H4,trend_momentum,ema_cross,adx_min=0|fast_period=10|rsi_confirm=True|slow_period=200,both,all,NEEDS_MORE_DATA,11,,,,,,,,,,,,,,1.000000,,only 11 trades < min 20,binance_rest
run_20260429_072220_0b956c,ADA/USDT,crypto,H4,trend_momentum,ema_cross,adx_min=20|fast_period=10|rsi_confirm=False|slow_period=200,both,all,NEEDS_MORE_DATA,12,,,,,,,,,,,,,,1.000000,,only 12 trades < min 20,binance_rest
run_20260429_072220_0b956c,ADA/USDT,crypto,H4,trend_momentum,ema_cross,adx_min=20|fast_period=10|rsi_confirm=True|slow_period=200,both,all,NEEDS_MORE_DATA,10,,,,,,,,,,,,,,1.000000,,only 10 trades < min 20,binance_rest
run_20260429_072220_0b956c,ADA/USDT,crypto,H4,trend_momentum,ema_cross,adx_min=25|fast_period=10|rsi_confirm=False|slow_period=200,both,all,NEEDS_MORE_DATA,10,,,,,,,,,,,,,,1.000000,,only 10 trades < min 20,binance_rest
run_20260429_072220_0b956c,ADA/USDT,crypto,H4,trend_momentum,ema_cross,adx_min=25|fast_period=10|rsi_confirm=True|slow_period=200,both,all,NEEDS_MORE_DATA,8,,,,,,,,,,,,,,,,only 8 trades < min 20,binance_rest
run_20260429_072220_0b956c,ADA/USDT,crypto,H4,trend_momentum,ema_cross,adx_min=0|fast_period=20|rsi_confirm=False|slow_period=50,both,all,REJECT,35,0.114286,0.288692,-0.030769,-0.030769,-0.715017,-3.180447,-2.864086,0.035035,28.257143,-0.687098,-0.687098,-0.465955,-0.410755,0.574460,,,binance_rest
run_20260429_072220_0b956c,ADA/USDT,crypto,H4,trend_momentum,ema_cross,adx_min=0|fast_period=20|rsi_confirm=True|slow_period=50,both,all,REJECT,33,0.090909,0.205094,-0.035722,-0.035722,-0.714960,-3.687979,-3.495038,0.033033,26.363636,-0.714960,-0.714960,-0.513508,-0.410755,0.537970,,,binance_rest
run_20260429_072220_0b956c,ADA/USDT,crypto,H4,trend_momentum,ema_cross,adx_min=20|fast_period=20|rsi_confirm=False|slow_period=50,both,all,REJECT,33,0.121212,0.310024,-0.029477,-0.029477,-0.682837,-2.917012,-2.595933,0.033033,29.272727,-0.651766,-0.651766,-0.405652,-0.410755,0.594226,,,binance_rest
run_20260429_072220_0b956c,ADA/USDT,crypto,H4,trend_momentum,ema_cross,adx_min=20|fast_period=20|rsi_confirm=True|slow_period=50,both,all,REJECT,31,0.096774,0.220589,-0.034666,-0.034666,-0.682774,-3.420059,-3.194238,0.031031,27.322581,-0.682774,-0.682774,-0.458574,-0.410755,0.554717,,,binance_rest
run_20260429_072220_0b956c,ADA/USDT,crypto,H4,trend_momentum,ema_cross,adx_min=25|fast_period=20|rsi_confirm=False|slow_period=50,both,all,REJECT,26,0.153846,0.372624,-0.028304,-0.028304,-0.595512,-2.288289,-1.994842,0.026026,32.230769,-0.555885,-0.555885,-0.347045,-0.319839,0.532482,,,binance_rest
run_20260429_072220_0b956c,ADA/USDT,crypto,H4,trend_momentum,ema_cross,adx_min=25|fast_period=20|rsi_confirm=True|slow_period=50,both,all,REJECT,24,0.125000,0.266342,-0.034908,-0.034908,-0.595431,-2.777529,-2.537349,0.024024,29.958333,-0.595431,-0.595431,-0.405186,-0.319839,0.480809,,,binance_rest
run_20260429_072220_0b956c,ADA/USDT,crypto,H4,trend_momentum,ema_cross,adx_min=0|fast_period=20|rsi_confirm=False|slow_period=100,both,all,NEEDS_MORE_DATA,19,,,,,,,,,,,,,,1.000000,,only 19 trades < min 20,binance_rest
run_20260429_072220_0b956c,ADA/USDT,crypto,H4,trend_momentum,ema_cross,adx_min=0|fast_period=20|rsi_confirm=True|slow_period=100,both,all,NEEDS_MORE_DATA,17,,,,,,,,,,,,,,1.000000,,only 17 trades < min 20,binance_rest
run_20260429_072220_0b956c,ADA/USDT,crypto,H4,trend_momentum,ema_cross,adx_min=20|fast_period=20|rsi_confirm=False|slow_period=100,both,all,NEEDS_MORE_DATA,19,,,,,,,,,,,,,,1.000000,,only 19 trades < min 20,binance_rest
run_20260429_072220_0b956c,ADA/USDT,crypto,H4,trend_momentum,ema_cross,adx_min=20|fast_period=20|rsi_confirm=True|slow_period=100,both,all,NEEDS_MORE_DATA,17,,,,,,,,,,,,,,1.000000,,only 17 trades < min 20,binance_rest
run_20260429_072220_0b956c,ADA/USDT,crypto,H4,trend_momentum,ema_cross,adx_min=25|fast_period=20|rsi_confirm=False|slow_period=100,both,all,NEEDS_MORE_DATA,14,,,,,,,,,,,,,,1.000000,,only 14 trades < min 20,binance_rest
run_20260429_072220_0b956c,ADA/USDT,crypto,H4,trend_momentum,ema_cross,adx_min=25|fast_period=20|rsi_confirm=True|slow_period=100,both,all,NEEDS_MORE_DATA,12,,,,,,,,,,,,,,1.000000,,only 12 trades < min 20,binance_rest
run_20260429_072220_0b956c,ADA/USDT,crypto,H4,trend_momentum,ema_cross,adx_min=0|fast_period=20|rsi_confirm=False|slow_period=200,both,all,NEEDS_MORE_DATA,9,,,,,,,,,,,,,,1.000000,,only 9 trades < min 20,binance_rest
run_20260429_072220_0b956c,ADA/USDT,crypto,H4,trend_momentum,ema_cross,adx_min=0|fast_period=20|rsi_confirm=True|slow_period=200,both,all,NEEDS_MORE_DATA,7,,,,,,,,,,,,,,,,only 7 trades < min 20,binance_rest
run_20260429_072220_0b956c,ADA/USDT,crypto,H4,trend_momentum,ema_cross,adx_min=20|fast_period=20|rsi_confirm=False|slow_period=200,both,all,NEEDS_MORE_DATA,6,,,,,,,,,,,,,,1.000000,,only 6 trades < min 20,binance_rest
run_20260429_072220_0b956c,ADA/USDT,crypto,H4,trend_momentum,ema_cross,adx_min=20|fast_period=20|rsi_confirm=True|slow_period=200,both,all,NEEDS_MORE_DATA,4,,,,,,,,,,,,,,,,only 4 trades < min 20,binance_rest
run_20260429_072220_0b956c,ADA/USDT,crypto,H4,trend_momentum,ema_cross,adx_min=25|fast_period=20|rsi_confirm=False|slow_period=200,both,all,NEEDS_MORE_DATA,5,,,,,,,,,,,,,,,,only 5 trades < min 20,binance_rest
run_20260429_072220_0b956c,ADA/USDT,crypto,H4,trend_momentum,ema_cross,adx_min=25|fast_period=20|rsi_confirm=True|slow_period=200,both,all,NEEDS_MORE_DATA,3,,,,,,,,,,,,,,,,only 3 trades < min 20,binance_rest
run_20260429_072220_0b956c,ADA/USDT,crypto,H4,trend_momentum,ema_alignment,adx_min=0|ema_long=200|ema_mid=50|ema_short=20,both,all,REJECT,27,0.259259,0.861768,-0.003096,-0.003096,-0.344220,-0.316869,-0.258003,0.027027,16.740741,-0.124001,-0.124001,0.074496,-0.206245,0.275333,,,binance_rest
run_20260429_072220_0b956c,ADA/USDT,crypto,H4,trend_momentum,ema_alignment,adx_min=20|ema_long=200|ema_mid=50|ema_short=20,both,all,REJECT,25,0.280000,0.966186,-0.000730,-0.000730,-0.311569,-0.069993,-0.056925,0.025025,17.920000,-0.063594,-0.063594,0.148591,-0.206245,0.263333,,,binance_rest
run_20260429_072220_0b956c,ADA/USDT,crypto,H4,trend_momentum,ema_alignment,adx_min=25|ema_long=200|ema_mid=50|ema_short=20,both,all,REJECT,20,0.300000,1.079413,0.001818,0.001818,-0.297608,0.141698,0.115274,0.020020,19.700000,-0.009451,-0.009451,0.255500,-0.179770,0.220000,,,binance_rest
run_20260429_072220_0b956c,ADA/USDT,crypto,H4,trend_momentum,macd_direction,adx_min=0|fast=12|signal_period=9|slow=26,both,all,REJECT,82,0.317073,0.693541,-0.005915,-0.005915,-0.455566,-1.582657,-1.299199,0.082082,12.170732,-0.425601,-0.425601,-0.130100,-0.355335,0.453333,,,binance_rest
run_20260429_072220_0b956c,ADA/USDT,crypto,H4,trend_momentum,macd_direction,adx_min=20|fast=12|signal_period=9|slow=26,both,all,REJECT,75,0.320000,0.681283,-0.006378,-0.006378,-0.443788,-1.585881,-1.303154,0.075075,12.506667,-0.420512,-0.420512,-0.174278,-0.314964,0.511157,,,binance_rest
run_20260429_072220_0b956c,ADA/USDT,crypto,H4,pullback,pullback_ema,pullback_period=20|rsi_reclaim=False|rsi_threshold=50|trend_period=200,both,all,REJECT,71,0.211268,0.772269,-0.003089,-0.003089,-0.402300,-0.859145,-0.700942,0.071071,7.943662,-0.233637,-0.233637,0.112701,-0.311259,0.400000,,,binance_rest
run_20260429_072220_0b956c,ADA/USDT,crypto,H4,pullback,pullback_ema,pullback_period=20|rsi_reclaim=True|rsi_threshold=50|trend_period=200,both,all,REJECT,60,0.183333,0.603584,-0.005586,-0.005586,-0.390096,-1.606178,-1.324040,0.060060,7.333333,-0.307220,-0.307220,-0.031086,-0.284993,0.400000,,,binance_rest
run_20260429_072220_0b956c,ADA/USDT,crypto,H4,pullback,pullback_ema,pullback_period=50|rsi_reclaim=False|rsi_threshold=50|trend_period=200,both,all,REJECT,53,0.150943,0.729107,-0.004504,-0.004504,-0.361985,-0.819011,-0.668717,0.053053,12.245283,-0.257481,-0.257481,-0.038565,-0.253232,0.400000,,,binance_rest
run_20260429_072220_0b956c,ADA/USDT,crypto,H4,pullback,pullback_ema,pullback_period=50|rsi_reclaim=True|rsi_threshold=50|trend_period=200,both,all,REJECT,35,0.114286,0.306982,-0.013006,-0.013006,-0.418012,-2.680971,-2.338956,0.035035,10.971429,-0.379133,-0.379133,-0.232947,-0.190582,0.555441,,,binance_rest
run_20260429_072220_0b956c,ADA/USDT,crypto,H4,breakout,prev_day_hl,atr_expand_min=0.0,both,all,REJECT,53,0.339623,0.695772,-0.007985,-0.007985,-0.507430,-1.223703,-1.004101,0.053053,18.754717,-0.400645,-0.400645,-0.116828,-0.352251,0.466667,,,binance_rest
run_20260429_072220_0b956c,ADA/USDT,crypto,H4,breakout,prev_day_hl,atr_expand_min=0.5,both,all,REJECT,53,0.320755,0.613997,-0.010244,-0.010244,-0.550938,-1.638012,-1.353747,0.053053,17.943396,-0.464778,-0.464778,-0.211331,-0.352251,0.566620,,,binance_rest
run_20260429_072220_0b956c,ADA/USDT,crypto,H4,breakout,prev_day_hl,atr_expand_min=1.0,both,all,REJECT,47,0.319149,0.592202,-0.010227,-0.010227,-0.471279,-1.624896,-1.345481,0.047047,17.276596,-0.421125,-0.421125,-0.294961,-0.216319,0.668680,,,binance_rest
run_20260429_072220_0b956c,ADA/USDT,crypto,H4,breakout,session_opening_range,atr_expand_min=0.0|range_bars=6,both,all,REJECT,61,0.360656,0.822529,-0.004058,-0.004058,-0.508428,-0.709199,-0.578239,0.061061,16.245902,-0.285776,-0.285776,0.224220,-0.410058,0.413333,,,binance_rest
run_20260429_072220_0b956c,ADA/USDT,crypto,H4,breakout,session_opening_range,atr_expand_min=0.5|range_bars=6,both,all,REJECT,61,0.360656,0.822529,-0.004058,-0.004058,-0.508428,-0.709199,-0.578239,0.061061,16.245902,-0.285776,-0.285776,0.224220,-0.410058,0.413333,,,binance_rest
run_20260429_072220_0b956c,ADA/USDT,crypto,H4,breakout,session_opening_range,atr_expand_min=0.0|range_bars=12,both,all,REJECT,32,0.343750,0.769321,-0.006720,-0.006720,-0.327089,-0.757253,-0.619400,0.032032,30.312500,-0.240923,-0.240923,-0.158298,-0.156052,0.587744,,,binance_rest
run_20260429_072220_0b956c,ADA/USDT,crypto,H4,breakout,session_opening_range,atr_expand_min=0.5|range_bars=12,both,all,REJECT,32,0.343750,0.769321,-0.006720,-0.006720,-0.327089,-0.757253,-0.619400,0.032032,30.312500,-0.240923,-0.240923,-0.158298,-0.156052,0.587744,,,binance_rest
run_20260429_072220_0b956c,ADA/USDT,crypto,H4,breakout,london_breakout,atr_expand_min=0.0|utc_end=11|utc_start=7,both,all,NEEDS_MORE_DATA,16,,,,,,,,,,,,,,,,only 16 trades < min 20,binance_rest
run_20260429_072220_0b956c,ADA/USDT,crypto,H4,breakout,london_breakout,atr_expand_min=0.5|utc_end=11|utc_start=7,both,all,NEEDS_MORE_DATA,15,,,,,,,,,,,,,,,,only 15 trades < min 20,binance_rest
run_20260429_072220_0b956c,ADA/USDT,crypto,H4,breakout,ny_breakout,atr_expand_min=0.0|utc_end=16|utc_start=13,both,all,NEEDS_MORE_DATA,0,,,,,,,,,,,,,,1.000000,,only 0 trades < min 20,binance_rest
run_20260429_072220_0b956c,ADA/USDT,crypto,H4,breakout,ny_breakout,atr_expand_min=0.5|utc_end=16|utc_start=13,both,all,NEEDS_MORE_DATA,0,,,,,,,,,,,,,,1.000000,,only 0 trades < min 20,binance_rest
run_20260429_072220_0b956c,ADA/USDT,crypto,H4,mean_reversion,rsi_extreme,overbought=70|oversold=30|period=14,both,all,NEEDS_MORE_DATA,15,,,,,,,,,,,,,,1.000000,,only 15 trades < min 20,binance_rest
run_20260429_072220_0b956c,ADA/USDT,crypto,H4,mean_reversion,rsi_extreme,overbought=75|oversold=30|period=14,both,all,NEEDS_MORE_DATA,14,,,,,,,,,,,,,,,,only 14 trades < min 20,binance_rest
run_20260429_072220_0b956c,ADA/USDT,crypto,H4,mean_reversion,rsi_extreme,overbought=70|oversold=25|period=14,both,all,NEEDS_MORE_DATA,12,,,,,,,,,,,,,,,,only 12 trades < min 20,binance_rest
run_20260429_072220_0b956c,ADA/USDT,crypto,H4,mean_reversion,rsi_extreme,overbought=75|oversold=25|period=14,both,all,NEEDS_MORE_DATA,11,,,,,,,,,,,,,,,,only 11 trades < min 20,binance_rest
run_20260429_072220_0b956c,ADA/USDT,crypto,H4,mean_reversion,vwap_deviation,std_threshold=1.5,both,all,NEEDS_MORE_DATA,5,,,,,,,,,,,,,,1.000000,,only 5 trades < min 20,binance_rest
run_20260429_072220_0b956c,ADA/USDT,crypto,H4,mean_reversion,vwap_deviation,std_threshold=2.0,both,all,NEEDS_MORE_DATA,5,,,,,,,,,,,,,,,,only 5 trades < min 20,binance_rest
run_20260429_072220_0b956c,ADA/USDT,crypto,H4,engine_b_proxy,ob_bos,require_engulf=False|require_vol_expand=False|swing_period=5,both,all,REJECT,23,0.260870,0.435088,-0.028784,-0.028784,-0.570849,-1.923511,-1.652537,0.023023,40.869565,-0.528834,-0.528834,-0.354718,-0.157725,0.371394,,,binance_rest
run_20260429_072220_0b956c,ADA/USDT,crypto,H4,engine_b_proxy,ob_bos,require_engulf=False|require_vol_expand=True|swing_period=5,both,all,REJECT,22,0.227273,0.299902,-0.038126,-0.038126,-0.631237,-2.624822,-2.390426,0.022022,40.545455,-0.601007,-0.601007,-0.466066,-0.138000,0.320829,,,binance_rest
run_20260429_072220_0b956c,ADA/USDT,crypto,H4,engine_b_proxy,ob_bos,require_engulf=True|require_vol_expand=False|swing_period=5,both,all,REJECT,22,0.272727,0.437386,-0.028991,-0.028991,-0.559850,-1.863959,-1.599772,0.022022,41.272727,-0.516759,-0.516759,-0.361330,-0.127195,0.337606,,,binance_rest
run_20260429_072220_0b956c,ADA/USDT,crypto,H4,engine_b_proxy,ob_bos,require_engulf=True|require_vol_expand=True|swing_period=5,both,all,NEEDS_MORE_DATA,19,,,,,,,,,,,,,,1.000000,,only 19 trades < min 20,binance_rest
run_20260429_072220_0b956c,ADA/USDT,crypto,H4,engine_b_proxy,ob_bos,require_engulf=False|require_vol_expand=False|swing_period=10,both,all,NEEDS_MORE_DATA,10,,,,,,,,,,,,,,,,only 10 trades < min 20,binance_rest
run_20260429_072220_0b956c,ADA/USDT,crypto,H4,engine_b_proxy,ob_bos,require_engulf=False|require_vol_expand=True|swing_period=10,both,all,NEEDS_MORE_DATA,10,,,,,,,,,,,,,,,,only 10 trades < min 20,binance_rest
run_20260429_072220_0b956c,ADA/USDT,crypto,H4,engine_b_proxy,ob_bos,require_engulf=True|require_vol_expand=False|swing_period=10,both,all,NEEDS_MORE_DATA,9,,,,,,,,,,,,,,,,only 9 trades < min 20,binance_rest
run_20260429_072220_0b956c,ADA/USDT,crypto,H4,engine_b_proxy,ob_bos,require_engulf=True|require_vol_expand=True|swing_period=10,both,all,NEEDS_MORE_DATA,9,,,,,,,,,,,,,,,,only 9 trades < min 20,binance_rest
run_20260429_072220_0b956c,ADA/USDT,crypto,H4,engine_b_proxy,structure_filters,fvg_detection=False|strong_close_pct=0.7,both,all,REJECT,292,0.342466,0.952884,-0.000486,-0.000486,-0.537406,-0.363886,-0.295962,0.292292,3.277397,-0.224290,-0.224290,-0.350223,0.193809,0.413333,,,binance_rest
run_20260429_072220_0b956c,ADA/USDT,crypto,H4,engine_b_proxy,structure_filters,fvg_detection=True|strong_close_pct=0.7,both,all,REJECT,32,0.312500,0.782707,-0.005298,-0.005298,-0.441784,-0.643004,-0.525099,0.032032,11.750000,-0.197991,-0.197991,0.067402,-0.248635,0.292000,,,binance_rest
run_20260429_072220_0b956c,ADA/USDT,crypto,H4,engine_b_proxy,structure_filters,fvg_detection=True|strong_close_pct=0.8,both,all,REJECT,22,0.409091,0.955589,-0.001182,-0.001182,-0.319267,-0.107227,-0.087217,0.022022,14.727273,-0.067191,-0.067191,0.075956,-0.133041,0.232000,,,binance_rest
