run_id,symbol,asset_class,timeframe,family,strategy_name,params_str,direction,session,status,trade_count,win_rate,profit_factor,avg_return,expectancy,max_drawdown,sharpe,sqn,exposure_pct,avg_duration_bars,gross_return,net_return,is_return,oos_return,robustness_score,param_sensitivity,skip_reason,data_source
run_20260427_185231_ab6e47,AUD/USD,forex,H1,pullback,pullback_ema,pullback_period=20|rsi_reclaim=False|rsi_threshold=50|trend_period=200,both,all,REJECT,67,0.149254,0.312175,-0.001361,-0.001361,-0.088797,-7.989211,-3.517314,0.067067,6.447761,-0.087486,-0.087486,-0.063335,-0.023395,0.510814,,,mt5
run_20260427_185231_ab6e47,AUD/USD,forex,H1,pullback,pullback_ema,pullback_period=20|rsi_reclaim=True|rsi_threshold=50|trend_period=200,both,all,REJECT,56,0.160714,0.344651,-0.001392,-0.001392,-0.081062,-6.926058,-3.025835,0.056056,7.125000,-0.075339,-0.075339,-0.054560,-0.019579,0.507653,,,mt5
run_20260427_185231_ab6e47,AUD/USD,forex,H1,pullback,pullback_ema,pullback_period=50|rsi_reclaim=False|rsi_threshold=50|trend_period=200,both,all,REJECT,42,0.166667,0.405062,-0.001321,-0.001321,-0.054326,-4.968554,-2.121507,0.042042,11.880952,-0.054326,-0.054326,-0.041067,-0.013827,0.453010,,,mt5
run_20260427_185231_ab6e47,AUD/USD,forex,H1,pullback,pullback_ema,pullback_period=50|rsi_reclaim=True|rsi_threshold=50|trend_period=200,both,all,REJECT,31,0.161290,0.525726,-0.001023,-0.001023,-0.035999,-3.043838,-1.268442,0.031031,13.645161,-0.031537,-0.031537,-0.020804,-0.010961,0.444055,,,mt5
run_20260427_185231_ab6e47,AUD/USD,forex,H1,trend_momentum,ema_cross,adx_min=0|fast_period=10|rsi_confirm=False|slow_period=50,both,all,WEAK_CANDIDATE,24,0.333333,1.116700,0.000281,0.000281,-0.015763,0.490100,0.199448,0.024024,40.583333,0.006191,0.006191,0.003460,-0.012279,0.360667,,,mt5
run_20260427_185231_ab6e47,AUD/USD,forex,H1,trend_momentum,ema_cross,adx_min=0|fast_period=10|rsi_confirm=True|slow_period=50,both,all,WEAK_CANDIDATE,22,0.318182,1.125019,0.000321,0.000321,-0.015763,0.513722,0.209095,0.022022,42.181818,0.006508,0.006508,0.003776,-0.012279,0.348667,,,mt5
run_20260427_185231_ab6e47,AUD/USD,forex,H1,trend_momentum,ema_cross,adx_min=20|fast_period=10|rsi_confirm=False|slow_period=50,both,all,WEAK_CANDIDATE,24,0.333333,1.116700,0.000281,0.000281,-0.015763,0.490100,0.199448,0.024024,40.583333,0.006191,0.006191,0.003460,-0.012279,0.360667,,,mt5
run_20260427_185231_ab6e47,AUD/USD,forex,H1,trend_momentum,ema_cross,adx_min=20|fast_period=10|rsi_confirm=True|slow_period=50,both,all,WEAK_CANDIDATE,22,0.318182,1.125019,0.000321,0.000321,-0.015763,0.513722,0.209095,0.022022,42.181818,0.006508,0.006508,0.003776,-0.012279,0.348667,,,mt5
run_20260427_185231_ab6e47,AUD/USD,forex,H1,trend_momentum,ema_cross,adx_min=25|fast_period=10|rsi_confirm=False|slow_period=50,both,all,NEEDS_MORE_DATA,18,,,,,,,,,,,,,,1.000000,,only 18 trades < min 20,mt5
run_20260427_185231_ab6e47,AUD/USD,forex,H1,trend_momentum,ema_cross,adx_min=25|fast_period=10|rsi_confirm=True|slow_period=50,both,all,NEEDS_MORE_DATA,16,,,,,,,,,,,,,,1.000000,,only 16 trades < min 20,mt5
run_20260427_185231_ab6e47,AUD/USD,forex,H1,trend_momentum,ema_cross,adx_min=0|fast_period=10|rsi_confirm=False|slow_period=100,both,all,REJECT,20,0.200000,0.759739,-0.000814,-0.000814,-0.037000,-1.012744,-0.413529,0.020020,49.050000,-0.016913,-0.016913,-0.033801,-0.013047,0.335797,,,mt5
run_20260427_185231_ab6e47,AUD/USD,forex,H1,trend_momentum,ema_cross,adx_min=0|fast_period=10|rsi_confirm=True|slow_period=100,both,all,NEEDS_MORE_DATA,17,,,,,,,,,,,,,,1.000000,,only 17 trades < min 20,mt5
run_20260427_185231_ab6e47,AUD/USD,forex,H1,trend_momentum,ema_cross,adx_min=20|fast_period=10|rsi_confirm=False|slow_period=100,both,all,REJECT,20,0.200000,0.759739,-0.000814,-0.000814,-0.037000,-1.012744,-0.413529,0.020020,49.050000,-0.016913,-0.016913,-0.033801,-0.013047,0.335797,,,mt5
run_20260427_185231_ab6e47,AUD/USD,forex,H1,trend_momentum,ema_cross,adx_min=20|fast_period=10|rsi_confirm=True|slow_period=100,both,all,NEEDS_MORE_DATA,17,,,,,,,,,,,,,,1.000000,,only 17 trades < min 20,mt5
run_20260427_185231_ab6e47,AUD/USD,forex,H1,trend_momentum,ema_cross,adx_min=25|fast_period=10|rsi_confirm=False|slow_period=100,both,all,REJECT,20,0.200000,0.759739,-0.000814,-0.000814,-0.037000,-1.012744,-0.413529,0.020020,49.050000,-0.016913,-0.016913,-0.033801,-0.013047,0.335797,,,mt5
run_20260427_185231_ab6e47,AUD/USD,forex,H1,trend_momentum,ema_cross,adx_min=25|fast_period=10|rsi_confirm=True|slow_period=100,both,all,NEEDS_MORE_DATA,17,,,,,,,,,,,,,,1.000000,,only 17 trades < min 20,mt5
run_20260427_185231_ab6e47,AUD/USD,forex,H1,trend_momentum,ema_cross,adx_min=0|fast_period=10|rsi_confirm=False|slow_period=200,both,all,NEEDS_MORE_DATA,14,,,,,,,,,,,,,,,,only 14 trades < min 20,mt5
run_20260427_185231_ab6e47,AUD/USD,forex,H1,trend_momentum,ema_cross,adx_min=0|fast_period=10|rsi_confirm=True|slow_period=200,both,all,NEEDS_MORE_DATA,10,,,,,,,,,,,,,,,,only 10 trades < min 20,mt5
run_20260427_185231_ab6e47,AUD/USD,forex,H1,trend_momentum,ema_cross,adx_min=20|fast_period=10|rsi_confirm=False|slow_period=200,both,all,NEEDS_MORE_DATA,14,,,,,,,,,,,,,,,,only 14 trades < min 20,mt5
run_20260427_185231_ab6e47,AUD/USD,forex,H1,trend_momentum,ema_cross,adx_min=20|fast_period=10|rsi_confirm=True|slow_period=200,both,all,NEEDS_MORE_DATA,10,,,,,,,,,,,,,,,,only 10 trades < min 20,mt5
run_20260427_185231_ab6e47,AUD/USD,forex,H1,trend_momentum,ema_cross,adx_min=25|fast_period=10|rsi_confirm=False|slow_period=200,both,all,NEEDS_MORE_DATA,14,,,,,,,,,,,,,,,,only 14 trades < min 20,mt5
run_20260427_185231_ab6e47,AUD/USD,forex,H1,trend_momentum,ema_cross,adx_min=25|fast_period=10|rsi_confirm=True|slow_period=200,both,all,NEEDS_MORE_DATA,10,,,,,,,,,,,,,,,,only 10 trades < min 20,mt5
run_20260427_185231_ab6e47,AUD/USD,forex,H1,trend_momentum,ema_cross,adx_min=0|fast_period=20|rsi_confirm=False|slow_period=50,both,all,REJECT,22,0.272727,0.813283,-0.000605,-0.000605,-0.021799,-0.976503,-0.398470,0.022022,44.590909,-0.013769,-0.013769,-0.016722,-0.011362,0.435844,,,mt5
run_20260427_185231_ab6e47,AUD/USD,forex,H1,trend_momentum,ema_cross,adx_min=0|fast_period=20|rsi_confirm=True|slow_period=50,both,all,REJECT,20,0.250000,0.747900,-0.000881,-0.000881,-0.021799,-1.315053,-0.538520,0.020020,44.650000,-0.018005,-0.018005,-0.020946,-0.011362,0.382740,,,mt5
run_20260427_185231_ab6e47,AUD/USD,forex,H1,trend_momentum,ema_cross,adx_min=20|fast_period=20|rsi_confirm=False|slow_period=50,both,all,REJECT,22,0.272727,0.813283,-0.000605,-0.000605,-0.021799,-0.976503,-0.398470,0.022022,44.590909,-0.013769,-0.013769,-0.016722,-0.011362,0.435844,,,mt5
run_20260427_185231_ab6e47,AUD/USD,forex,H1,trend_momentum,ema_cross,adx_min=20|fast_period=20|rsi_confirm=True|slow_period=50,both,all,REJECT,20,0.250000,0.747900,-0.000881,-0.000881,-0.021799,-1.315053,-0.538520,0.020020,44.650000,-0.018005,-0.018005,-0.020946,-0.011362,0.382740,,,mt5
run_20260427_185231_ab6e47,AUD/USD,forex,H1,trend_momentum,ema_cross,adx_min=25|fast_period=20|rsi_confirm=False|slow_period=50,both,all,NEEDS_MORE_DATA,19,,,,,,,,,,,,,,1.000000,,only 19 trades < min 20,mt5
run_20260427_185231_ab6e47,AUD/USD,forex,H1,trend_momentum,ema_cross,adx_min=25|fast_period=20|rsi_confirm=True|slow_period=50,both,all,NEEDS_MORE_DATA,17,,,,,,,,,,,,,,,,only 17 trades < min 20,mt5
run_20260427_185231_ab6e47,AUD/USD,forex,H1,trend_momentum,ema_cross,adx_min=0|fast_period=20|rsi_confirm=False|slow_period=100,both,all,NEEDS_MORE_DATA,14,,,,,,,,,,,,,,1.000000,,only 14 trades < min 20,mt5
run_20260427_185231_ab6e47,AUD/USD,forex,H1,trend_momentum,ema_cross,adx_min=0|fast_period=20|rsi_confirm=True|slow_period=100,both,all,NEEDS_MORE_DATA,12,,,,,,,,,,,,,,,,only 12 trades < min 20,mt5
run_20260427_185231_ab6e47,AUD/USD,forex,H1,trend_momentum,ema_cross,adx_min=20|fast_period=20|rsi_confirm=False|slow_period=100,both,all,NEEDS_MORE_DATA,14,,,,,,,,,,,,,,,,only 14 trades < min 20,mt5
run_20260427_185231_ab6e47,AUD/USD,forex,H1,trend_momentum,ema_cross,adx_min=20|fast_period=20|rsi_confirm=True|slow_period=100,both,all,NEEDS_MORE_DATA,12,,,,,,,,,,,,,,,,only 12 trades < min 20,mt5
run_20260427_185231_ab6e47,AUD/USD,forex,H1,trend_momentum,ema_cross,adx_min=25|fast_period=20|rsi_confirm=False|slow_period=100,both,all,NEEDS_MORE_DATA,14,,,,,,,,,,,,,,,,only 14 trades < min 20,mt5
run_20260427_185231_ab6e47,AUD/USD,forex,H1,trend_momentum,ema_cross,adx_min=25|fast_period=20|rsi_confirm=True|slow_period=100,both,all,NEEDS_MORE_DATA,12,,,,,,,,,,,,,,,,only 12 trades < min 20,mt5
run_20260427_185231_ab6e47,AUD/USD,forex,H1,trend_momentum,ema_cross,adx_min=0|fast_period=20|rsi_confirm=False|slow_period=200,both,all,NEEDS_MORE_DATA,10,,,,,,,,,,,,,,,,only 10 trades < min 20,mt5
run_20260427_185231_ab6e47,AUD/USD,forex,H1,trend_momentum,ema_cross,adx_min=0|fast_period=20|rsi_confirm=True|slow_period=200,both,all,NEEDS_MORE_DATA,8,,,,,,,,,,,,,,,,only 8 trades < min 20,mt5
run_20260427_185231_ab6e47,AUD/USD,forex,H1,trend_momentum,ema_cross,adx_min=20|fast_period=20|rsi_confirm=False|slow_period=200,both,all,NEEDS_MORE_DATA,10,,,,,,,,,,,,,,,,only 10 trades < min 20,mt5
run_20260427_185231_ab6e47,AUD/USD,forex,H1,trend_momentum,ema_cross,adx_min=20|fast_period=20|rsi_confirm=True|slow_period=200,both,all,NEEDS_MORE_DATA,8,,,,,,,,,,,,,,,,only 8 trades < min 20,mt5
run_20260427_185231_ab6e47,AUD/USD,forex,H1,trend_momentum,ema_cross,adx_min=25|fast_period=20|rsi_confirm=False|slow_period=200,both,all,NEEDS_MORE_DATA,10,,,,,,,,,,,,,,,,only 10 trades < min 20,mt5
run_20260427_185231_ab6e47,AUD/USD,forex,H1,trend_momentum,ema_cross,adx_min=25|fast_period=20|rsi_confirm=True|slow_period=200,both,all,NEEDS_MORE_DATA,8,,,,,,,,,,,,,,,,only 8 trades < min 20,mt5
run_20260427_185231_ab6e47,AUD/USD,forex,H1,trend_momentum,ema_alignment,adx_min=0|ema_long=200|ema_mid=50|ema_short=20,both,all,REJECT,20,0.300000,0.444094,-0.001847,-0.001847,-0.045385,-3.510276,-1.504434,0.020020,20.650000,-0.036587,-0.036587,-0.036130,0.000562,0.220000,,,mt5
run_20260427_185231_ab6e47,AUD/USD,forex,H1,trend_momentum,ema_alignment,adx_min=20|ema_long=200|ema_mid=50|ema_short=20,both,all,REJECT,20,0.300000,0.444094,-0.001847,-0.001847,-0.045385,-3.510276,-1.504434,0.020020,20.650000,-0.036587,-0.036587,-0.036130,0.000562,0.220000,,,mt5
run_20260427_185231_ab6e47,AUD/USD,forex,H1,trend_momentum,ema_alignment,adx_min=25|ema_long=200|ema_mid=50|ema_short=20,both,all,NEEDS_MORE_DATA,18,,,,,,,,,,,,,,1.000000,,only 18 trades < min 20,mt5
run_20260427_185231_ab6e47,AUD/USD,forex,H1,trend_momentum,macd_direction,adx_min=0|fast=12|signal_period=9|slow=26,both,all,REJECT,75,0.346667,0.617101,-0.000887,-0.000887,-0.071148,-3.981673,-1.645870,0.075075,13.306667,-0.065141,-0.065141,-0.044999,-0.016471,0.526474,,,mt5
run_20260427_185231_ab6e47,AUD/USD,forex,H1,trend_momentum,macd_direction,adx_min=20|fast=12|signal_period=9|slow=26,both,all,REJECT,71,0.352113,0.623979,-0.000896,-0.000896,-0.068466,-3.821948,-1.579253,0.071071,13.535211,-0.062442,-0.062442,-0.045883,-0.012716,0.499811,,,mt5
run_20260427_185231_ab6e47,GBP/USD,forex,H1,pullback,pullback_ema,pullback_period=20|rsi_reclaim=False|rsi_threshold=50|trend_period=200,both,all,REJECT,67,0.134328,0.285437,-0.001084,-0.001084,-0.070524,-8.879645,-3.991069,0.067067,6.626866,-0.070261,-0.070261,-0.045627,-0.025812,0.569715,,,mt5
run_20260427_185231_ab6e47,GBP/USD,forex,H1,pullback,pullback_ema,pullback_period=20|rsi_reclaim=True|rsi_threshold=50|trend_period=200,both,all,REJECT,60,0.150000,0.314420,-0.001062,-0.001062,-0.062363,-7.892696,-3.504541,0.060060,7.066667,-0.061910,-0.061910,-0.041191,-0.021609,0.557384,,,mt5
run_20260427_185231_ab6e47,GBP/USD,forex,H1,pullback,pullback_ema,pullback_period=50|rsi_reclaim=False|rsi_threshold=50|trend_period=200,both,all,REJECT,39,0.102564,0.278082,-0.001403,-0.001403,-0.056804,-7.264134,-3.333786,0.039039,11.820513,-0.053393,-0.053393,-0.039751,-0.014207,0.441223,,,mt5
run_20260427_185231_ab6e47,GBP/USD,forex,H1,pullback,pullback_ema,pullback_period=50|rsi_reclaim=True|rsi_threshold=50|trend_period=200,both,all,REJECT,29,0.137931,0.360425,-0.001314,-0.001314,-0.042992,-5.243383,-2.315580,0.029029,14.620690,-0.037531,-0.037531,-0.023660,-0.014207,0.454141,,,mt5
run_20260427_185231_ab6e47,GBP/USD,forex,H1,trend_momentum,ema_cross,adx_min=0|fast_period=10|rsi_confirm=False|slow_period=50,both,all,REJECT,27,0.222222,0.467911,-0.001669,-0.001669,-0.051619,-4.104953,-1.759860,0.027027,35.925926,-0.044416,-0.044416,-0.038206,-0.017067,0.412678,,,mt5
run_20260427_185231_ab6e47,GBP/USD,forex,H1,trend_momentum,ema_cross,adx_min=0|fast_period=10|rsi_confirm=True|slow_period=50,both,all,REJECT,27,0.222222,0.467911,-0.001669,-0.001669,-0.051619,-4.104953,-1.759860,0.027027,35.925926,-0.044416,-0.044416,-0.038206,-0.017067,0.412678,,,mt5
run_20260427_185231_ab6e47,GBP/USD,forex,H1,trend_momentum,ema_cross,adx_min=20|fast_period=10|rsi_confirm=False|slow_period=50,both,all,REJECT,24,0.250000,0.540964,-0.001401,-0.001401,-0.040686,-3.168943,-1.334410,0.024024,38.708333,-0.033400,-0.033400,-0.027118,-0.017067,0.449472,,,mt5
run_20260427_185231_ab6e47,GBP/USD,forex,H1,trend_momentum,ema_cross,adx_min=20|fast_period=10|rsi_confirm=True|slow_period=50,both,all,REJECT,24,0.250000,0.540964,-0.001401,-0.001401,-0.040686,-3.168943,-1.334410,0.024024,38.708333,-0.033400,-0.033400,-0.027118,-0.017067,0.449472,,,mt5
run_20260427_185231_ab6e47,GBP/USD,forex,H1,trend_momentum,ema_cross,adx_min=25|fast_period=10|rsi_confirm=False|slow_period=50,both,all,NEEDS_MORE_DATA,17,,,,,,,,,,,,,,1.000000,,only 17 trades < min 20,mt5
run_20260427_185231_ab6e47,GBP/USD,forex,H1,trend_momentum,ema_cross,adx_min=25|fast_period=10|rsi_confirm=True|slow_period=50,both,all,NEEDS_MORE_DATA,17,,,,,,,,,,,,,,1.000000,,only 17 trades < min 20,mt5
run_20260427_185231_ab6e47,GBP/USD,forex,H1,trend_momentum,ema_cross,adx_min=0|fast_period=10|rsi_confirm=False|slow_period=100,both,all,REJECT,21,0.190476,0.377068,-0.002139,-0.002139,-0.050701,-4.395093,-1.937183,0.021021,46.285714,-0.044224,-0.044224,-0.043697,-0.014512,0.325635,,,mt5
run_20260427_185231_ab6e47,GBP/USD,forex,H1,trend_momentum,ema_cross,adx_min=0|fast_period=10|rsi_confirm=True|slow_period=100,both,all,REJECT,20,0.200000,0.406037,-0.002003,-0.002003,-0.046081,-3.969082,-1.727962,0.020020,47.800000,-0.039572,-0.039572,-0.039234,-0.014512,0.330966,,,mt5
run_20260427_185231_ab6e47,GBP/USD,forex,H1,trend_momentum,ema_cross,adx_min=20|fast_period=10|rsi_confirm=False|slow_period=100,both,all,REJECT,21,0.190476,0.377068,-0.002139,-0.002139,-0.050701,-4.395093,-1.937183,0.021021,46.285714,-0.044224,-0.044224,-0.043697,-0.014512,0.325635,,,mt5
run_20260427_185231_ab6e47,GBP/USD,forex,H1,trend_momentum,ema_cross,adx_min=20|fast_period=10|rsi_confirm=True|slow_period=100,both,all,REJECT,20,0.200000,0.406037,-0.002003,-0.002003,-0.046081,-3.969082,-1.727962,0.020020,47.800000,-0.039572,-0.039572,-0.039234,-0.014512,0.330966,,,mt5
run_20260427_185231_ab6e47,GBP/USD,forex,H1,trend_momentum,ema_cross,adx_min=25|fast_period=10|rsi_confirm=False|slow_period=100,both,all,NEEDS_MORE_DATA,17,,,,,,,,,,,,,,1.000000,,only 17 trades < min 20,mt5
run_20260427_185231_ab6e47,GBP/USD,forex,H1,trend_momentum,ema_cross,adx_min=25|fast_period=10|rsi_confirm=True|slow_period=100,both,all,NEEDS_MORE_DATA,16,,,,,,,,,,,,,,1.000000,,only 16 trades < min 20,mt5
run_20260427_185231_ab6e47,GBP/USD,forex,H1,trend_momentum,ema_cross,adx_min=0|fast_period=10|rsi_confirm=False|slow_period=200,both,all,NEEDS_MORE_DATA,17,,,,,,,,,,,,,,,,only 17 trades < min 20,mt5
run_20260427_185231_ab6e47,GBP/USD,forex,H1,trend_momentum,ema_cross,adx_min=0|fast_period=10|rsi_confirm=True|slow_period=200,both,all,NEEDS_MORE_DATA,17,,,,,,,,,,,,,,,,only 17 trades < min 20,mt5
run_20260427_185231_ab6e47,GBP/USD,forex,H1,trend_momentum,ema_cross,adx_min=20|fast_period=10|rsi_confirm=False|slow_period=200,both,all,NEEDS_MORE_DATA,17,,,,,,,,,,,,,,,,only 17 trades < min 20,mt5
run_20260427_185231_ab6e47,GBP/USD,forex,H1,trend_momentum,ema_cross,adx_min=20|fast_period=10|rsi_confirm=True|slow_period=200,both,all,NEEDS_MORE_DATA,17,,,,,,,,,,,,,,,,only 17 trades < min 20,mt5
run_20260427_185231_ab6e47,GBP/USD,forex,H1,trend_momentum,ema_cross,adx_min=25|fast_period=10|rsi_confirm=False|slow_period=200,both,all,NEEDS_MORE_DATA,17,,,,,,,,,,,,,,,,only 17 trades < min 20,mt5
run_20260427_185231_ab6e47,GBP/USD,forex,H1,trend_momentum,ema_cross,adx_min=25|fast_period=10|rsi_confirm=True|slow_period=200,both,all,NEEDS_MORE_DATA,17,,,,,,,,,,,,,,,,only 17 trades < min 20,mt5
run_20260427_185231_ab6e47,GBP/USD,forex,H1,trend_momentum,ema_cross,adx_min=0|fast_period=20|rsi_confirm=False|slow_period=50,both,all,REJECT,23,0.173913,0.352116,-0.002951,-0.002951,-0.079673,-4.720615,-2.090032,0.023023,42.304348,-0.066217,-0.066217,-0.072164,-0.012777,0.291117,,,mt5
run_20260427_185231_ab6e47,GBP/USD,forex,H1,trend_momentum,ema_cross,adx_min=0|fast_period=20|rsi_confirm=True|slow_period=50,both,all,REJECT,23,0.173913,0.352116,-0.002951,-0.002951,-0.079673,-4.720615,-2.090032,0.023023,42.304348,-0.066217,-0.066217,-0.072164,-0.012777,0.291117,,,mt5
run_20260427_185231_ab6e47,GBP/USD,forex,H1,trend_momentum,ema_cross,adx_min=20|fast_period=20|rsi_confirm=False|slow_period=50,both,all,REJECT,21,0.190476,0.390355,-0.002744,-0.002744,-0.070152,-4.094805,-1.784347,0.021021,45.809524,-0.056558,-0.056558,-0.062566,-0.012777,0.287266,,,mt5
run_20260427_185231_ab6e47,GBP/USD,forex,H1,trend_momentum,ema_cross,adx_min=20|fast_period=20|rsi_confirm=True|slow_period=50,both,all,REJECT,21,0.190476,0.390355,-0.002744,-0.002744,-0.070152,-4.094805,-1.784347,0.021021,45.809524,-0.056558,-0.056558,-0.062566,-0.012777,0.287266,,,mt5
run_20260427_185231_ab6e47,GBP/USD,forex,H1,trend_momentum,ema_cross,adx_min=25|fast_period=20|rsi_confirm=False|slow_period=50,both,all,NEEDS_MORE_DATA,17,,,,,,,,,,,,,,1.000000,,only 17 trades < min 20,mt5
run_20260427_185231_ab6e47,GBP/USD,forex,H1,trend_momentum,ema_cross,adx_min=25|fast_period=20|rsi_confirm=True|slow_period=50,both,all,NEEDS_MORE_DATA,17,,,,,,,,,,,,,,,,only 17 trades < min 20,mt5
run_20260427_185231_ab6e47,GBP/USD,forex,H1,trend_momentum,ema_cross,adx_min=0|fast_period=20|rsi_confirm=False|slow_period=100,both,all,NEEDS_MORE_DATA,15,,,,,,,,,,,,,,1.000000,,only 15 trades < min 20,mt5
run_20260427_185231_ab6e47,GBP/USD,forex,H1,trend_momentum,ema_cross,adx_min=0|fast_period=20|rsi_confirm=True|slow_period=100,both,all,NEEDS_MORE_DATA,15,,,,,,,,,,,,,,,,only 15 trades < min 20,mt5
run_20260427_185231_ab6e47,GBP/USD,forex,H1,trend_momentum,ema_cross,adx_min=20|fast_period=20|rsi_confirm=False|slow_period=100,both,all,NEEDS_MORE_DATA,15,,,,,,,,,,,,,,,,only 15 trades < min 20,mt5
run_20260427_185231_ab6e47,GBP/USD,forex,H1,trend_momentum,ema_cross,adx_min=20|fast_period=20|rsi_confirm=True|slow_period=100,both,all,NEEDS_MORE_DATA,15,,,,,,,,,,,,,,,,only 15 trades < min 20,mt5
run_20260427_185231_ab6e47,GBP/USD,forex,H1,trend_momentum,ema_cross,adx_min=25|fast_period=20|rsi_confirm=False|slow_period=100,both,all,NEEDS_MORE_DATA,13,,,,,,,,,,,,,,,,only 13 trades < min 20,mt5
run_20260427_185231_ab6e47,GBP/USD,forex,H1,trend_momentum,ema_cross,adx_min=25|fast_period=20|rsi_confirm=True|slow_period=100,both,all,NEEDS_MORE_DATA,13,,,,,,,,,,,,,,,,only 13 trades < min 20,mt5
run_20260427_185231_ab6e47,GBP/USD,forex,H1,trend_momentum,ema_cross,adx_min=0|fast_period=20|rsi_confirm=False|slow_period=200,both,all,NEEDS_MORE_DATA,11,,,,,,,,,,,,,,,,only 11 trades < min 20,mt5
run_20260427_185231_ab6e47,GBP/USD,forex,H1,trend_momentum,ema_cross,adx_min=0|fast_period=20|rsi_confirm=True|slow_period=200,both,all,NEEDS_MORE_DATA,11,,,,,,,,,,,,,,,,only 11 trades < min 20,mt5
run_20260427_185231_ab6e47,GBP/USD,forex,H1,trend_momentum,ema_cross,adx_min=20|fast_period=20|rsi_confirm=False|slow_period=200,both,all,NEEDS_MORE_DATA,11,,,,,,,,,,,,,,,,only 11 trades < min 20,mt5
run_20260427_185231_ab6e47,GBP/USD,forex,H1,trend_momentum,ema_cross,adx_min=20|fast_period=20|rsi_confirm=True|slow_period=200,both,all,NEEDS_MORE_DATA,11,,,,,,,,,,,,,,,,only 11 trades < min 20,mt5
run_20260427_185231_ab6e47,GBP/USD,forex,H1,trend_momentum,ema_cross,adx_min=25|fast_period=20|rsi_confirm=False|slow_period=200,both,all,NEEDS_MORE_DATA,10,,,,,,,,,,,,,,,,only 10 trades < min 20,mt5
run_20260427_185231_ab6e47,GBP/USD,forex,H1,trend_momentum,ema_cross,adx_min=25|fast_period=20|rsi_confirm=True|slow_period=200,both,all,NEEDS_MORE_DATA,10,,,,,,,,,,,,,,,,only 10 trades < min 20,mt5
run_20260427_185231_ab6e47,GBP/USD,forex,H1,trend_momentum,ema_alignment,adx_min=0|ema_long=200|ema_mid=50|ema_short=20,both,all,REJECT,26,0.153846,0.404819,-0.001443,-0.001443,-0.047902,-4.754902,-2.084953,0.026026,16.538462,-0.037003,-0.037003,-0.039555,0.002881,0.256000,,,mt5
run_20260427_185231_ab6e47,GBP/USD,forex,H1,trend_momentum,ema_alignment,adx_min=20|ema_long=200|ema_mid=50|ema_short=20,both,all,REJECT,26,0.153846,0.416091,-0.001377,-0.001377,-0.046270,-4.600656,-2.006916,0.026026,16.153846,-0.035353,-0.035353,-0.037908,0.002881,0.256000,,,mt5
run_20260427_185231_ab6e47,GBP/USD,forex,H1,trend_momentum,ema_alignment,adx_min=25|ema_long=200|ema_mid=50|ema_short=20,both,all,REJECT,21,0.190476,0.519926,-0.001122,-0.001122,-0.034502,-3.164387,-1.339449,0.021021,19.047619,-0.023450,-0.023450,-0.026037,0.002881,0.226000,,,mt5
run_20260427_185231_ab6e47,GBP/USD,forex,H1,trend_momentum,macd_direction,adx_min=0|fast=12|signal_period=9|slow=26,both,all,REJECT,76,0.289474,0.561050,-0.000845,-0.000845,-0.066513,-4.926606,-2.054014,0.076076,13.065789,-0.062718,-0.062718,-0.041219,-0.022552,0.580803,,,mt5
run_20260427_185231_ab6e47,GBP/USD,forex,H1,trend_momentum,macd_direction,adx_min=20|fast=12|signal_period=9|slow=26,both,all,REJECT,75,0.293333,0.588007,-0.000767,-0.000767,-0.060206,-4.510221,-1.873231,0.075075,13.146667,-0.056385,-0.056385,-0.034742,-0.022552,0.611408,,,mt5
run_20260427_185231_ab6e47,EUR/USD,forex,H1,pullback,pullback_ema,pullback_period=20|rsi_reclaim=False|rsi_threshold=50|trend_period=200,both,all,REJECT,62,0.193548,0.435560,-0.000729,-0.000729,-0.044351,-5.778049,-2.454208,0.062062,7.580645,-0.044351,-0.044351,-0.028979,-0.015832,0.563898,,,mt5
run_20260427_185231_ab6e47,EUR/USD,forex,H1,pullback,pullback_ema,pullback_period=20|rsi_reclaim=True|rsi_threshold=50|trend_period=200,both,all,REJECT,52,0.211538,0.506656,-0.000647,-0.000647,-0.033256,-4.394353,-1.841243,0.052052,8.480769,-0.033256,-0.033256,-0.025075,-0.008392,0.500403,,,mt5
run_20260427_185231_ab6e47,EUR/USD,forex,H1,pullback,pullback_ema,pullback_period=50|rsi_reclaim=False|rsi_threshold=50|trend_period=200,both,all,REJECT,35,0.114286,0.507217,-0.000764,-0.000764,-0.029915,-3.396119,-1.418748,0.035035,12.771429,-0.026583,-0.026583,-0.029915,-0.006265,0.372824,,,mt5
run_20260427_185231_ab6e47,EUR/USD,forex,H1,pullback,pullback_ema,pullback_period=50|rsi_reclaim=True|rsi_threshold=50|trend_period=200,both,all,REJECT,25,0.160000,0.719134,-0.000430,-0.000430,-0.020193,-1.426600,-0.583936,0.025025,16.760000,-0.010867,-0.010867,-0.019660,-0.000784,0.261964,,,mt5
run_20260427_185231_ab6e47,EUR/USD,forex,H1,trend_momentum,ema_cross,adx_min=0|fast_period=10|rsi_confirm=False|slow_period=50,both,all,REJECT,23,0.304348,0.746095,-0.000606,-0.000606,-0.028993,-1.395957,-0.571556,0.023023,42.260870,-0.014135,-0.014135,-0.019281,-0.005379,0.338355,,,mt5
run_20260427_185231_ab6e47,EUR/USD,forex,H1,trend_momentum,ema_cross,adx_min=0|fast_period=10|rsi_confirm=True|slow_period=50,both,all,REJECT,22,0.318182,0.820242,-0.000410,-0.000410,-0.028993,-0.916300,-0.373746,0.022022,44.000000,-0.009266,-0.009266,-0.014437,-0.005379,0.360432,,,mt5
run_20260427_185231_ab6e47,EUR/USD,forex,H1,trend_momentum,ema_cross,adx_min=20|fast_period=10|rsi_confirm=False|slow_period=50,both,all,REJECT,22,0.318182,0.771330,-0.000552,-0.000552,-0.028993,-1.220490,-0.499021,0.022022,43.590909,-0.012361,-0.012361,-0.017516,-0.005379,0.340786,,,mt5
run_20260427_185231_ab6e47,EUR/USD,forex,H1,trend_momentum,ema_cross,adx_min=20|fast_period=10|rsi_confirm=True|slow_period=50,both,all,REJECT,21,0.333333,0.847204,-0.000353,-0.000353,-0.028993,-0.755703,-0.307967,0.021021,45.476190,-0.007682,-0.007682,-0.012861,-0.005379,0.368126,,,mt5
run_20260427_185231_ab6e47,EUR/USD,forex,H1,trend_momentum,ema_cross,adx_min=25|fast_period=10|rsi_confirm=False|slow_period=50,both,all,NEEDS_MORE_DATA,18,,,,,,,,,,,,,,1.000000,,only 18 trades < min 20,mt5
run_20260427_185231_ab6e47,EUR/USD,forex,H1,trend_momentum,ema_cross,adx_min=25|fast_period=10|rsi_confirm=True|slow_period=50,both,all,NEEDS_MORE_DATA,17,,,,,,,,,,,,,,1.000000,,only 17 trades < min 20,mt5
run_20260427_185231_ab6e47,EUR/USD,forex,H1,trend_momentum,ema_cross,adx_min=0|fast_period=10|rsi_confirm=False|slow_period=100,both,all,NEEDS_MORE_DATA,19,,,,,,,,,,,,,,1.000000,,only 19 trades < min 20,mt5
run_20260427_185231_ab6e47,EUR/USD,forex,H1,trend_momentum,ema_cross,adx_min=0|fast_period=10|rsi_confirm=True|slow_period=100,both,all,NEEDS_MORE_DATA,18,,,,,,,,,,,,,,1.000000,,only 18 trades < min 20,mt5
run_20260427_185231_ab6e47,EUR/USD,forex,H1,trend_momentum,ema_cross,adx_min=20|fast_period=10|rsi_confirm=False|slow_period=100,both,all,NEEDS_MORE_DATA,18,,,,,,,,,,,,,,1.000000,,only 18 trades < min 20,mt5
run_20260427_185231_ab6e47,EUR/USD,forex,H1,trend_momentum,ema_cross,adx_min=20|fast_period=10|rsi_confirm=True|slow_period=100,both,all,NEEDS_MORE_DATA,17,,,,,,,,,,,,,,1.000000,,only 17 trades < min 20,mt5
run_20260427_185231_ab6e47,EUR/USD,forex,H1,trend_momentum,ema_cross,adx_min=25|fast_period=10|rsi_confirm=False|slow_period=100,both,all,NEEDS_MORE_DATA,16,,,,,,,,,,,,,,1.000000,,only 16 trades < min 20,mt5
run_20260427_185231_ab6e47,EUR/USD,forex,H1,trend_momentum,ema_cross,adx_min=25|fast_period=10|rsi_confirm=True|slow_period=100,both,all,NEEDS_MORE_DATA,15,,,,,,,,,,,,,,1.000000,,only 15 trades < min 20,mt5
run_20260427_185231_ab6e47,EUR/USD,forex,H1,trend_momentum,ema_cross,adx_min=0|fast_period=10|rsi_confirm=False|slow_period=200,both,all,NEEDS_MORE_DATA,15,,,,,,,,,,,,,,,,only 15 trades < min 20,mt5
run_20260427_185231_ab6e47,EUR/USD,forex,H1,trend_momentum,ema_cross,adx_min=0|fast_period=10|rsi_confirm=True|slow_period=200,both,all,NEEDS_MORE_DATA,13,,,,,,,,,,,,,,,,only 13 trades < min 20,mt5
run_20260427_185231_ab6e47,EUR/USD,forex,H1,trend_momentum,ema_cross,adx_min=20|fast_period=10|rsi_confirm=False|slow_period=200,both,all,NEEDS_MORE_DATA,14,,,,,,,,,,,,,,,,only 14 trades < min 20,mt5
run_20260427_185231_ab6e47,EUR/USD,forex,H1,trend_momentum,ema_cross,adx_min=20|fast_period=10|rsi_confirm=True|slow_period=200,both,all,NEEDS_MORE_DATA,12,,,,,,,,,,,,,,,,only 12 trades < min 20,mt5
run_20260427_185231_ab6e47,EUR/USD,forex,H1,trend_momentum,ema_cross,adx_min=25|fast_period=10|rsi_confirm=False|slow_period=200,both,all,NEEDS_MORE_DATA,12,,,,,,,,,,,,,,,,only 12 trades < min 20,mt5
run_20260427_185231_ab6e47,EUR/USD,forex,H1,trend_momentum,ema_cross,adx_min=25|fast_period=10|rsi_confirm=True|slow_period=200,both,all,NEEDS_MORE_DATA,10,,,,,,,,,,,,,,,,only 10 trades < min 20,mt5
run_20260427_185231_ab6e47,EUR/USD,forex,H1,trend_momentum,ema_cross,adx_min=0|fast_period=20|rsi_confirm=False|slow_period=50,both,all,NEEDS_MORE_DATA,19,,,,,,,,,,,,,,1.000000,,only 19 trades < min 20,mt5
run_20260427_185231_ab6e47,EUR/USD,forex,H1,trend_momentum,ema_cross,adx_min=0|fast_period=20|rsi_confirm=True|slow_period=50,both,all,NEEDS_MORE_DATA,18,,,,,,,,,,,,,,1.000000,,only 18 trades < min 20,mt5
run_20260427_185231_ab6e47,EUR/USD,forex,H1,trend_momentum,ema_cross,adx_min=20|fast_period=20|rsi_confirm=False|slow_period=50,both,all,NEEDS_MORE_DATA,18,,,,,,,,,,,,,,1.000000,,only 18 trades < min 20,mt5
run_20260427_185231_ab6e47,EUR/USD,forex,H1,trend_momentum,ema_cross,adx_min=20|fast_period=20|rsi_confirm=True|slow_period=50,both,all,NEEDS_MORE_DATA,17,,,,,,,,,,,,,,1.000000,,only 17 trades < min 20,mt5
run_20260427_185231_ab6e47,EUR/USD,forex,H1,trend_momentum,ema_cross,adx_min=25|fast_period=20|rsi_confirm=False|slow_period=50,both,all,NEEDS_MORE_DATA,15,,,,,,,,,,,,,,1.000000,,only 15 trades < min 20,mt5
run_20260427_185231_ab6e47,EUR/USD,forex,H1,trend_momentum,ema_cross,adx_min=25|fast_period=20|rsi_confirm=True|slow_period=50,both,all,NEEDS_MORE_DATA,14,,,,,,,,,,,,,,,,only 14 trades < min 20,mt5
run_20260427_185231_ab6e47,EUR/USD,forex,H1,trend_momentum,ema_cross,adx_min=0|fast_period=20|rsi_confirm=False|slow_period=100,both,all,NEEDS_MORE_DATA,15,,,,,,,,,,,,,,1.000000,,only 15 trades < min 20,mt5
run_20260427_185231_ab6e47,EUR/USD,forex,H1,trend_momentum,ema_cross,adx_min=0|fast_period=20|rsi_confirm=True|slow_period=100,both,all,NEEDS_MORE_DATA,14,,,,,,,,,,,,,,,,only 14 trades < min 20,mt5
run_20260427_185231_ab6e47,EUR/USD,forex,H1,trend_momentum,ema_cross,adx_min=20|fast_period=20|rsi_confirm=False|slow_period=100,both,all,NEEDS_MORE_DATA,14,,,,,,,,,,,,,,,,only 14 trades < min 20,mt5
run_20260427_185231_ab6e47,EUR/USD,forex,H1,trend_momentum,ema_cross,adx_min=20|fast_period=20|rsi_confirm=True|slow_period=100,both,all,NEEDS_MORE_DATA,13,,,,,,,,,,,,,,,,only 13 trades < min 20,mt5
run_20260427_185231_ab6e47,EUR/USD,forex,H1,trend_momentum,ema_cross,adx_min=25|fast_period=20|rsi_confirm=False|slow_period=100,both,all,NEEDS_MORE_DATA,13,,,,,,,,,,,,,,,,only 13 trades < min 20,mt5
run_20260427_185231_ab6e47,EUR/USD,forex,H1,trend_momentum,ema_cross,adx_min=25|fast_period=20|rsi_confirm=True|slow_period=100,both,all,NEEDS_MORE_DATA,12,,,,,,,,,,,,,,,,only 12 trades < min 20,mt5
run_20260427_185231_ab6e47,EUR/USD,forex,H1,trend_momentum,ema_cross,adx_min=0|fast_period=20|rsi_confirm=False|slow_period=200,both,all,NEEDS_MORE_DATA,11,,,,,,,,,,,,,,,,only 11 trades < min 20,mt5
run_20260427_185231_ab6e47,EUR/USD,forex,H1,trend_momentum,ema_cross,adx_min=0|fast_period=20|rsi_confirm=True|slow_period=200,both,all,NEEDS_MORE_DATA,11,,,,,,,,,,,,,,,,only 11 trades < min 20,mt5
run_20260427_185231_ab6e47,EUR/USD,forex,H1,trend_momentum,ema_cross,adx_min=20|fast_period=20|rsi_confirm=False|slow_period=200,both,all,NEEDS_MORE_DATA,10,,,,,,,,,,,,,,,,only 10 trades < min 20,mt5
run_20260427_185231_ab6e47,EUR/USD,forex,H1,trend_momentum,ema_cross,adx_min=20|fast_period=20|rsi_confirm=True|slow_period=200,both,all,NEEDS_MORE_DATA,10,,,,,,,,,,,,,,,,only 10 trades < min 20,mt5
run_20260427_185231_ab6e47,EUR/USD,forex,H1,trend_momentum,ema_cross,adx_min=25|fast_period=20|rsi_confirm=False|slow_period=200,both,all,NEEDS_MORE_DATA,9,,,,,,,,,,,,,,,,only 9 trades < min 20,mt5
run_20260427_185231_ab6e47,EUR/USD,forex,H1,trend_momentum,ema_cross,adx_min=25|fast_period=20|rsi_confirm=True|slow_period=200,both,all,NEEDS_MORE_DATA,9,,,,,,,,,,,,,,,,only 9 trades < min 20,mt5
run_20260427_185231_ab6e47,EUR/USD,forex,H1,trend_momentum,ema_alignment,adx_min=0|ema_long=200|ema_mid=50|ema_short=20,both,all,REJECT,23,0.173913,0.645108,-0.000608,-0.000608,-0.016145,-2.041916,-0.842725,0.023023,19.478261,-0.014031,-0.014031,-0.016145,-0.006320,0.355441,,,mt5
run_20260427_185231_ab6e47,EUR/USD,forex,H1,trend_momentum,ema_alignment,adx_min=20|ema_long=200|ema_mid=50|ema_short=20,both,all,REJECT,23,0.173913,0.556681,-0.000880,-0.000880,-0.022300,-2.813744,-1.177341,0.023023,18.695652,-0.020199,-0.020199,-0.022300,-0.006320,0.323025,,,mt5
run_20260427_185231_ab6e47,EUR/USD,forex,H1,trend_momentum,ema_alignment,adx_min=25|ema_long=200|ema_mid=50|ema_short=20,both,all,REJECT,22,0.181818,0.593961,-0.000790,-0.000790,-0.019489,-2.447271,-1.017776,0.022022,19.227273,-0.017382,-0.017382,-0.019489,-0.006320,0.329288,,,mt5
run_20260427_185231_ab6e47,EUR/USD,forex,H1,trend_momentum,macd_direction,adx_min=0|fast=12|signal_period=9|slow=26,both,all,REJECT,66,0.318182,0.618893,-0.000687,-0.000687,-0.047768,-3.858672,-1.597099,0.066066,15.075758,-0.044745,-0.044745,-0.024585,-0.019978,0.660454,,,mt5
run_20260427_185231_ab6e47,EUR/USD,forex,H1,trend_momentum,macd_direction,adx_min=20|fast=12|signal_period=9|slow=26,both,all,REJECT,64,0.328125,0.634318,-0.000664,-0.000664,-0.045794,-3.628466,-1.499487,0.064064,15.093750,-0.041973,-0.041973,-0.021754,-0.019978,0.692178,,,mt5
run_20260427_185231_ab6e47,USD/CHF,forex,H1,pullback,pullback_ema,pullback_period=20|rsi_reclaim=False|rsi_threshold=50|trend_period=200,both,all,REJECT,66,0.136364,0.415451,-0.000892,-0.000892,-0.057414,-6.056322,-2.575651,0.066066,7.712121,-0.057414,-0.057414,-0.037873,-0.018656,0.547778,,,mt5
run_20260427_185231_ab6e47,USD/CHF,forex,H1,pullback,pullback_ema,pullback_period=20|rsi_reclaim=True|rsi_threshold=50|trend_period=200,both,all,REJECT,58,0.120690,0.423364,-0.000913,-0.000913,-0.051812,-5.544840,-2.353933,0.058058,7.655172,-0.051812,-0.051812,-0.030717,-0.020113,0.596433,,,mt5
run_20260427_185231_ab6e47,USD/CHF,forex,H1,pullback,pullback_ema,pullback_period=50|rsi_reclaim=False|rsi_threshold=50|trend_period=200,both,all,REJECT,44,0.159091,0.523682,-0.000812,-0.000812,-0.040178,-3.794906,-1.584639,0.044044,13.659091,-0.035356,-0.035356,-0.031736,-0.003738,0.399339,,,mt5
run_20260427_185231_ab6e47,USD/CHF,forex,H1,pullback,pullback_ema,pullback_period=50|rsi_reclaim=True|rsi_threshold=50|trend_period=200,both,all,REJECT,31,0.225806,0.743877,-0.000441,-0.000441,-0.029947,-1.493926,-0.611002,0.031031,16.387097,-0.013820,-0.013820,-0.014678,0.000872,0.286000,,,mt5
run_20260427_185231_ab6e47,USD/CHF,forex,H1,trend_momentum,ema_cross,adx_min=0|fast_period=10|rsi_confirm=False|slow_period=50,both,all,REJECT,33,0.181818,0.410825,-0.001772,-0.001772,-0.062386,-5.392306,-2.365597,0.033033,29.909091,-0.057122,-0.057122,-0.046436,-0.016306,0.420011,,,mt5
run_20260427_185231_ab6e47,USD/CHF,forex,H1,trend_momentum,ema_cross,adx_min=0|fast_period=10|rsi_confirm=True|slow_period=50,both,all,REJECT,31,0.193548,0.435116,-0.001716,-0.001716,-0.062386,-4.938331,-2.147968,0.031031,30.903226,-0.052127,-0.052127,-0.041385,-0.016306,0.420868,,,mt5
run_20260427_185231_ab6e47,USD/CHF,forex,H1,trend_momentum,ema_cross,adx_min=20|fast_period=10|rsi_confirm=False|slow_period=50,both,all,REJECT,28,0.178571,0.384621,-0.001809,-0.001809,-0.057450,-5.318225,-2.362797,0.028028,30.928571,-0.049646,-0.049646,-0.038876,-0.016306,0.410498,,,mt5
run_20260427_185231_ab6e47,USD/CHF,forex,H1,trend_momentum,ema_cross,adx_min=20|fast_period=10|rsi_confirm=True|slow_period=50,both,all,REJECT,27,0.185185,0.398863,-0.001778,-0.001778,-0.057450,-5.054311,-2.232095,0.027027,31.259259,-0.047137,-0.047137,-0.036338,-0.016306,0.413285,,,mt5
run_20260427_185231_ab6e47,USD/CHF,forex,H1,trend_momentum,ema_cross,adx_min=25|fast_period=10|rsi_confirm=False|slow_period=50,both,all,REJECT,20,0.200000,0.455007,-0.001573,-0.001573,-0.039134,-3.763988,-1.626737,0.020020,32.550000,-0.031179,-0.031179,-0.019799,-0.011610,0.395924,,,mt5
run_20260427_185231_ab6e47,USD/CHF,forex,H1,trend_momentum,ema_cross,adx_min=25|fast_period=10|rsi_confirm=True|slow_period=50,both,all,NEEDS_MORE_DATA,19,,,,,,,,,,,,,,1.000000,,only 19 trades < min 20,mt5
run_20260427_185231_ab6e47,USD/CHF,forex,H1,trend_momentum,ema_cross,adx_min=0|fast_period=10|rsi_confirm=False|slow_period=100,both,all,NEEDS_MORE_DATA,18,,,,,,,,,,,,,,1.000000,,only 18 trades < min 20,mt5
run_20260427_185231_ab6e47,USD/CHF,forex,H1,trend_momentum,ema_cross,adx_min=0|fast_period=10|rsi_confirm=True|slow_period=100,both,all,NEEDS_MORE_DATA,16,,,,,,,,,,,,,,1.000000,,only 16 trades < min 20,mt5
run_20260427_185231_ab6e47,USD/CHF,forex,H1,trend_momentum,ema_cross,adx_min=20|fast_period=10|rsi_confirm=False|slow_period=100,both,all,NEEDS_MORE_DATA,16,,,,,,,,,,,,,,1.000000,,only 16 trades < min 20,mt5
run_20260427_185231_ab6e47,USD/CHF,forex,H1,trend_momentum,ema_cross,adx_min=20|fast_period=10|rsi_confirm=True|slow_period=100,both,all,NEEDS_MORE_DATA,15,,,,,,,,,,,,,,1.000000,,only 15 trades < min 20,mt5
run_20260427_185231_ab6e47,USD/CHF,forex,H1,trend_momentum,ema_cross,adx_min=25|fast_period=10|rsi_confirm=False|slow_period=100,both,all,NEEDS_MORE_DATA,14,,,,,,,,,,,,,,1.000000,,only 14 trades < min 20,mt5
run_20260427_185231_ab6e47,USD/CHF,forex,H1,trend_momentum,ema_cross,adx_min=25|fast_period=10|rsi_confirm=True|slow_period=100,both,all,NEEDS_MORE_DATA,13,,,,,,,,,,,,,,1.000000,,only 13 trades < min 20,mt5
run_20260427_185231_ab6e47,USD/CHF,forex,H1,trend_momentum,ema_cross,adx_min=0|fast_period=10|rsi_confirm=False|slow_period=200,both,all,NEEDS_MORE_DATA,12,,,,,,,,,,,,,,,,only 12 trades < min 20,mt5
run_20260427_185231_ab6e47,USD/CHF,forex,H1,trend_momentum,ema_cross,adx_min=0|fast_period=10|rsi_confirm=True|slow_period=200,both,all,NEEDS_MORE_DATA,10,,,,,,,,,,,,,,,,only 10 trades < min 20,mt5
run_20260427_185231_ab6e47,USD/CHF,forex,H1,trend_momentum,ema_cross,adx_min=20|fast_period=10|rsi_confirm=False|slow_period=200,both,all,NEEDS_MORE_DATA,10,,,,,,,,,,,,,,,,only 10 trades < min 20,mt5
run_20260427_185231_ab6e47,USD/CHF,forex,H1,trend_momentum,ema_cross,adx_min=20|fast_period=10|rsi_confirm=True|slow_period=200,both,all,NEEDS_MORE_DATA,9,,,,,,,,,,,,,,,,only 9 trades < min 20,mt5
run_20260427_185231_ab6e47,USD/CHF,forex,H1,trend_momentum,ema_cross,adx_min=25|fast_period=10|rsi_confirm=False|slow_period=200,both,all,NEEDS_MORE_DATA,8,,,,,,,,,,,,,,,,only 8 trades < min 20,mt5
run_20260427_185231_ab6e47,USD/CHF,forex,H1,trend_momentum,ema_cross,adx_min=25|fast_period=10|rsi_confirm=True|slow_period=200,both,all,NEEDS_MORE_DATA,7,,,,,,,,,,,,,,,,only 7 trades < min 20,mt5
run_20260427_185231_ab6e47,USD/CHF,forex,H1,trend_momentum,ema_cross,adx_min=0|fast_period=20|rsi_confirm=False|slow_period=50,both,all,REJECT,23,0.217391,0.371608,-0.002109,-0.002109,-0.050698,-4.871168,-2.169773,0.023023,43.043478,-0.047638,-0.047638,-0.044326,-0.008463,0.295280,,,mt5
run_20260427_185231_ab6e47,USD/CHF,forex,H1,trend_momentum,ema_cross,adx_min=0|fast_period=20|rsi_confirm=True|slow_period=50,both,all,REJECT,21,0.238095,0.437178,-0.001759,-0.001759,-0.043812,-4.003754,-1.739004,0.021021,45.666667,-0.036506,-0.036506,-0.033155,-0.008463,0.302579,,,mt5
run_20260427_185231_ab6e47,USD/CHF,forex,H1,trend_momentum,ema_cross,adx_min=20|fast_period=20|rsi_confirm=False|slow_period=50,both,all,REJECT,20,0.200000,0.297288,-0.002446,-0.002446,-0.051038,-5.368495,-2.493388,0.020020,43.000000,-0.047979,-0.047979,-0.044668,-0.008463,0.276841,,,mt5
run_20260427_185231_ab6e47,USD/CHF,forex,H1,trend_momentum,ema_cross,adx_min=20|fast_period=20|rsi_confirm=True|slow_period=50,both,all,NEEDS_MORE_DATA,19,,,,,,,,,,,,,,1.000000,,only 19 trades < min 20,mt5
run_20260427_185231_ab6e47,USD/CHF,forex,H1,trend_momentum,ema_cross,adx_min=25|fast_period=20|rsi_confirm=False|slow_period=50,both,all,NEEDS_MORE_DATA,17,,,,,,,,,,,,,,1.000000,,only 17 trades < min 20,mt5
run_20260427_185231_ab6e47,USD/CHF,forex,H1,trend_momentum,ema_cross,adx_min=25|fast_period=20|rsi_confirm=True|slow_period=50,both,all,NEEDS_MORE_DATA,16,,,,,,,,,,,,,,,,only 16 trades < min 20,mt5
run_20260427_185231_ab6e47,USD/CHF,forex,H1,trend_momentum,ema_cross,adx_min=0|fast_period=20|rsi_confirm=False|slow_period=100,both,all,NEEDS_MORE_DATA,18,,,,,,,,,,,,,,1.000000,,only 18 trades < min 20,mt5
run_20260427_185231_ab6e47,USD/CHF,forex,H1,trend_momentum,ema_cross,adx_min=0|fast_period=20|rsi_confirm=True|slow_period=100,both,all,NEEDS_MORE_DATA,16,,,,,,,,,,,,,,,,only 16 trades < min 20,mt5
run_20260427_185231_ab6e47,USD/CHF,forex,H1,trend_momentum,ema_cross,adx_min=20|fast_period=20|rsi_confirm=False|slow_period=100,both,all,NEEDS_MORE_DATA,16,,,,,,,,,,,,,,,,only 16 trades < min 20,mt5
run_20260427_185231_ab6e47,USD/CHF,forex,H1,trend_momentum,ema_cross,adx_min=20|fast_period=20|rsi_confirm=True|slow_period=100,both,all,NEEDS_MORE_DATA,15,,,,,,,,,,,,,,,,only 15 trades < min 20,mt5
run_20260427_185231_ab6e47,USD/CHF,forex,H1,trend_momentum,ema_cross,adx_min=25|fast_period=20|rsi_confirm=False|slow_period=100,both,all,NEEDS_MORE_DATA,12,,,,,,,,,,,,,,,,only 12 trades < min 20,mt5
run_20260427_185231_ab6e47,USD/CHF,forex,H1,trend_momentum,ema_cross,adx_min=25|fast_period=20|rsi_confirm=True|slow_period=100,both,all,NEEDS_MORE_DATA,11,,,,,,,,,,,,,,,,only 11 trades < min 20,mt5
run_20260427_185231_ab6e47,USD/CHF,forex,H1,trend_momentum,ema_cross,adx_min=0|fast_period=20|rsi_confirm=False|slow_period=200,both,all,NEEDS_MORE_DATA,6,,,,,,,,,,,,,,,,only 6 trades < min 20,mt5
run_20260427_185231_ab6e47,USD/CHF,forex,H1,trend_momentum,ema_cross,adx_min=0|fast_period=20|rsi_confirm=True|slow_period=200,both,all,NEEDS_MORE_DATA,4,,,,,,,,,,,,,,,,only 4 trades < min 20,mt5
run_20260427_185231_ab6e47,USD/CHF,forex,H1,trend_momentum,ema_cross,adx_min=20|fast_period=20|rsi_confirm=False|slow_period=200,both,all,NEEDS_MORE_DATA,4,,,,,,,,,,,,,,,,only 4 trades < min 20,mt5
run_20260427_185231_ab6e47,USD/CHF,forex,H1,trend_momentum,ema_cross,adx_min=20|fast_period=20|rsi_confirm=True|slow_period=200,both,all,NEEDS_MORE_DATA,3,,,,,,,,,,,,,,,,only 3 trades < min 20,mt5
run_20260427_185231_ab6e47,USD/CHF,forex,H1,trend_momentum,ema_cross,adx_min=25|fast_period=20|rsi_confirm=False|slow_period=200,both,all,NEEDS_MORE_DATA,4,,,,,,,,,,,,,,,,only 4 trades < min 20,mt5
run_20260427_185231_ab6e47,USD/CHF,forex,H1,trend_momentum,ema_cross,adx_min=25|fast_period=20|rsi_confirm=True|slow_period=200,both,all,NEEDS_MORE_DATA,3,,,,,,,,,,,,,,,,only 3 trades < min 20,mt5
run_20260427_185231_ab6e47,USD/CHF,forex,H1,trend_momentum,ema_alignment,adx_min=0|ema_long=200|ema_mid=50|ema_short=20,both,all,REJECT,26,0.153846,0.508915,-0.001090,-0.001090,-0.028167,-3.252601,-1.368176,0.026026,18.461538,-0.028167,-0.028167,-0.021766,-0.005915,0.337528,,,mt5
run_20260427_185231_ab6e47,USD/CHF,forex,H1,trend_momentum,ema_alignment,adx_min=20|ema_long=200|ema_mid=50|ema_short=20,both,all,REJECT,25,0.120000,0.455976,-0.001231,-0.001231,-0.030513,-3.700705,-1.575996,0.025025,17.840000,-0.030513,-0.030513,-0.022817,-0.007248,0.345292,,,mt5
run_20260427_185231_ab6e47,USD/CHF,forex,H1,trend_momentum,ema_alignment,adx_min=25|ema_long=200|ema_mid=50|ema_short=20,both,all,NEEDS_MORE_DATA,16,,,,,,,,,,,,,,1.000000,,only 16 trades < min 20,mt5
run_20260427_185231_ab6e47,USD/CHF,forex,H1,trend_momentum,macd_direction,adx_min=0|fast=12|signal_period=9|slow=26,both,all,REJECT,80,0.275000,0.511620,-0.000927,-0.000927,-0.088741,-5.579674,-2.339121,0.080080,12.450000,-0.071992,-0.071992,-0.058920,-0.012918,0.482443,,,mt5
run_20260427_185231_ab6e47,USD/CHF,forex,H1,trend_momentum,macd_direction,adx_min=20|fast=12|signal_period=9|slow=26,both,all,REJECT,75,0.266667,0.464151,-0.001040,-0.001040,-0.091340,-6.196856,-2.624651,0.075075,12.426667,-0.075461,-0.075461,-0.062625,-0.012918,0.478551,,,mt5
run_20260427_185231_ab6e47,GBP/USD,forex,M15,pullback,pullback_ema,pullback_period=20|rsi_reclaim=False|rsi_threshold=50|trend_period=200,both,all,REJECT,72,0.069444,0.137977,-0.000832,-0.000832,-0.060230,-14.388781,-7.301293,0.072072,7.611111,-0.058225,-0.058225,-0.041215,-0.016786,0.522185,,,mt5
run_20260427_185231_ab6e47,GBP/USD,forex,M15,pullback,pullback_ema,pullback_period=20|rsi_reclaim=True|rsi_threshold=50|trend_period=200,both,all,REJECT,65,0.076923,0.160075,-0.000791,-0.000791,-0.055539,-12.832597,-6.274104,0.065065,8.169231,-0.050140,-0.050140,-0.032985,-0.016786,0.552674,,,mt5
run_20260427_185231_ab6e47,GBP/USD,forex,M15,pullback,pullback_ema,pullback_period=50|rsi_reclaim=False|rsi_threshold=50|trend_period=200,both,all,REJECT,48,0.062500,0.203457,-0.000923,-0.000923,-0.047700,-9.106173,-4.110626,0.048048,11.187500,-0.043395,-0.043395,-0.034625,-0.007923,0.456644,,,mt5
run_20260427_185231_ab6e47,GBP/USD,forex,M15,pullback,pullback_ema,pullback_period=50|rsi_reclaim=True|rsi_threshold=50|trend_period=200,both,all,REJECT,32,0.062500,0.264454,-0.000877,-0.000877,-0.034845,-6.175535,-2.657925,0.032032,10.906250,-0.027752,-0.027752,-0.019148,-0.007611,0.411242,,,mt5
run_20260427_185231_ab6e47,GBP/USD,forex,M15,trend_momentum,ema_cross,adx_min=0|fast_period=10|rsi_confirm=False|slow_period=50,both,all,REJECT,21,0.238095,0.522555,-0.000649,-0.000649,-0.026383,-2.824269,-1.136074,0.021021,47.238095,-0.013605,-0.013605,-0.005251,-0.006942,0.491938,,,mt5
run_20260427_185231_ab6e47,GBP/USD,forex,M15,trend_momentum,ema_cross,adx_min=0|fast_period=10|rsi_confirm=True|slow_period=50,both,all,REJECT,20,0.200000,0.213226,-0.001115,-0.001115,-0.026188,-6.695204,-3.208049,0.020020,40.500000,-0.022080,-0.022080,-0.013798,-0.006942,0.387605,,,mt5
run_20260427_185231_ab6e47,GBP/USD,forex,M15,trend_momentum,ema_cross,adx_min=20|fast_period=10|rsi_confirm=False|slow_period=50,both,all,REJECT,20,0.200000,0.213226,-0.001115,-0.001115,-0.026188,-6.695204,-3.208049,0.020020,40.500000,-0.022080,-0.022080,-0.013798,-0.006942,0.387605,,,mt5
run_20260427_185231_ab6e47,GBP/USD,forex,M15,trend_momentum,ema_cross,adx_min=20|fast_period=10|rsi_confirm=True|slow_period=50,both,all,REJECT,20,0.200000,0.213226,-0.001115,-0.001115,-0.026188,-6.695204,-3.208049,0.020020,40.500000,-0.022080,-0.022080,-0.013798,-0.006942,0.387605,,,mt5
run_20260427_185231_ab6e47,GBP/USD,forex,M15,trend_momentum,ema_cross,adx_min=25|fast_period=10|rsi_confirm=False|slow_period=50,both,all,NEEDS_MORE_DATA,7,,,,,,,,,,,,,,1.000000,,only 7 trades < min 20,mt5
run_20260427_185231_ab6e47,GBP/USD,forex,M15,trend_momentum,ema_cross,adx_min=25|fast_period=10|rsi_confirm=True|slow_period=50,both,all,NEEDS_MORE_DATA,7,,,,,,,,,,,,,,1.000000,,only 7 trades < min 20,mt5
run_20260427_185231_ab6e47,GBP/USD,forex,M15,trend_momentum,ema_cross,adx_min=0|fast_period=10|rsi_confirm=False|slow_period=100,both,all,NEEDS_MORE_DATA,16,,,,,,,,,,,,,,1.000000,,only 16 trades < min 20,mt5
run_20260427_185231_ab6e47,GBP/USD,forex,M15,trend_momentum,ema_cross,adx_min=0|fast_period=10|rsi_confirm=True|slow_period=100,both,all,NEEDS_MORE_DATA,15,,,,,,,,,,,,,,1.000000,,only 15 trades < min 20,mt5
run_20260427_185231_ab6e47,GBP/USD,forex,M15,trend_momentum,ema_cross,adx_min=20|fast_period=10|rsi_confirm=False|slow_period=100,both,all,NEEDS_MORE_DATA,13,,,,,,,,,,,,,,1.000000,,only 13 trades < min 20,mt5
run_20260427_185231_ab6e47,GBP/USD,forex,M15,trend_momentum,ema_cross,adx_min=20|fast_period=10|rsi_confirm=True|slow_period=100,both,all,NEEDS_MORE_DATA,13,,,,,,,,,,,,,,1.000000,,only 13 trades < min 20,mt5
run_20260427_185231_ab6e47,GBP/USD,forex,M15,trend_momentum,ema_cross,adx_min=25|fast_period=10|rsi_confirm=False|slow_period=100,both,all,NEEDS_MORE_DATA,7,,,,,,,,,,,,,,1.000000,,only 7 trades < min 20,mt5
run_20260427_185231_ab6e47,GBP/USD,forex,M15,trend_momentum,ema_cross,adx_min=25|fast_period=10|rsi_confirm=True|slow_period=100,both,all,NEEDS_MORE_DATA,7,,,,,,,,,,,,,,1.000000,,only 7 trades < min 20,mt5
run_20260427_185231_ab6e47,GBP/USD,forex,M15,trend_momentum,ema_cross,adx_min=0|fast_period=10|rsi_confirm=False|slow_period=200,both,all,NEEDS_MORE_DATA,10,,,,,,,,,,,,,,,,only 10 trades < min 20,mt5
run_20260427_185231_ab6e47,GBP/USD,forex,M15,trend_momentum,ema_cross,adx_min=0|fast_period=10|rsi_confirm=True|slow_period=200,both,all,NEEDS_MORE_DATA,9,,,,,,,,,,,,,,,,only 9 trades < min 20,mt5
run_20260427_185231_ab6e47,GBP/USD,forex,M15,trend_momentum,ema_cross,adx_min=20|fast_period=10|rsi_confirm=False|slow_period=200,both,all,NEEDS_MORE_DATA,9,,,,,,,,,,,,,,,,only 9 trades < min 20,mt5
run_20260427_185231_ab6e47,GBP/USD,forex,M15,trend_momentum,ema_cross,adx_min=20|fast_period=10|rsi_confirm=True|slow_period=200,both,all,NEEDS_MORE_DATA,9,,,,,,,,,,,,,,,,only 9 trades < min 20,mt5
run_20260427_185231_ab6e47,GBP/USD,forex,M15,trend_momentum,ema_cross,adx_min=25|fast_period=10|rsi_confirm=False|slow_period=200,both,all,NEEDS_MORE_DATA,6,,,,,,,,,,,,,,,,only 6 trades < min 20,mt5
run_20260427_185231_ab6e47,GBP/USD,forex,M15,trend_momentum,ema_cross,adx_min=25|fast_period=10|rsi_confirm=True|slow_period=200,both,all,NEEDS_MORE_DATA,6,,,,,,,,,,,,,,,,only 6 trades < min 20,mt5
run_20260427_185231_ab6e47,GBP/USD,forex,M15,trend_momentum,ema_cross,adx_min=0|fast_period=20|rsi_confirm=False|slow_period=50,both,all,NEEDS_MORE_DATA,19,,,,,,,,,,,,,,1.000000,,only 19 trades < min 20,mt5
run_20260427_185231_ab6e47,GBP/USD,forex,M15,trend_momentum,ema_cross,adx_min=0|fast_period=20|rsi_confirm=True|slow_period=50,both,all,NEEDS_MORE_DATA,18,,,,,,,,,,,,,,1.000000,,only 18 trades < min 20,mt5
run_20260427_185231_ab6e47,GBP/USD,forex,M15,trend_momentum,ema_cross,adx_min=20|fast_period=20|rsi_confirm=False|slow_period=50,both,all,NEEDS_MORE_DATA,16,,,,,,,,,,,,,,1.000000,,only 16 trades < min 20,mt5
run_20260427_185231_ab6e47,GBP/USD,forex,M15,trend_momentum,ema_cross,adx_min=20|fast_period=20|rsi_confirm=True|slow_period=50,both,all,NEEDS_MORE_DATA,16,,,,,,,,,,,,,,1.000000,,only 16 trades < min 20,mt5
run_20260427_185231_ab6e47,GBP/USD,forex,M15,trend_momentum,ema_cross,adx_min=25|fast_period=20|rsi_confirm=False|slow_period=50,both,all,NEEDS_MORE_DATA,8,,,,,,,,,,,,,,1.000000,,only 8 trades < min 20,mt5
run_20260427_185231_ab6e47,GBP/USD,forex,M15,trend_momentum,ema_cross,adx_min=25|fast_period=20|rsi_confirm=True|slow_period=50,both,all,NEEDS_MORE_DATA,8,,,,,,,,,,,,,,,,only 8 trades < min 20,mt5
run_20260427_185231_ab6e47,GBP/USD,forex,M15,trend_momentum,ema_cross,adx_min=0|fast_period=20|rsi_confirm=False|slow_period=100,both,all,NEEDS_MORE_DATA,14,,,,,,,,,,,,,,1.000000,,only 14 trades < min 20,mt5
run_20260427_185231_ab6e47,GBP/USD,forex,M15,trend_momentum,ema_cross,adx_min=0|fast_period=20|rsi_confirm=True|slow_period=100,both,all,NEEDS_MORE_DATA,13,,,,,,,,,,,,,,,,only 13 trades < min 20,mt5
run_20260427_185231_ab6e47,GBP/USD,forex,M15,trend_momentum,ema_cross,adx_min=20|fast_period=20|rsi_confirm=False|slow_period=100,both,all,NEEDS_MORE_DATA,10,,,,,,,,,,,,,,,,only 10 trades < min 20,mt5
run_20260427_185231_ab6e47,GBP/USD,forex,M15,trend_momentum,ema_cross,adx_min=20|fast_period=20|rsi_confirm=True|slow_period=100,both,all,NEEDS_MORE_DATA,10,,,,,,,,,,,,,,,,only 10 trades < min 20,mt5
run_20260427_185231_ab6e47,GBP/USD,forex,M15,trend_momentum,ema_cross,adx_min=25|fast_period=20|rsi_confirm=False|slow_period=100,both,all,NEEDS_MORE_DATA,8,,,,,,,,,,,,,,,,only 8 trades < min 20,mt5
run_20260427_185231_ab6e47,GBP/USD,forex,M15,trend_momentum,ema_cross,adx_min=25|fast_period=20|rsi_confirm=True|slow_period=100,both,all,NEEDS_MORE_DATA,8,,,,,,,,,,,,,,,,only 8 trades < min 20,mt5
run_20260427_185231_ab6e47,GBP/USD,forex,M15,trend_momentum,ema_cross,adx_min=0|fast_period=20|rsi_confirm=False|slow_period=200,both,all,NEEDS_MORE_DATA,8,,,,,,,,,,,,,,,,only 8 trades < min 20,mt5
run_20260427_185231_ab6e47,GBP/USD,forex,M15,trend_momentum,ema_cross,adx_min=0|fast_period=20|rsi_confirm=True|slow_period=200,both,all,NEEDS_MORE_DATA,7,,,,,,,,,,,,,,,,only 7 trades < min 20,mt5
run_20260427_185231_ab6e47,GBP/USD,forex,M15,trend_momentum,ema_cross,adx_min=20|fast_period=20|rsi_confirm=False|slow_period=200,both,all,NEEDS_MORE_DATA,7,,,,,,,,,,,,,,,,only 7 trades < min 20,mt5
run_20260427_185231_ab6e47,GBP/USD,forex,M15,trend_momentum,ema_cross,adx_min=20|fast_period=20|rsi_confirm=True|slow_period=200,both,all,NEEDS_MORE_DATA,7,,,,,,,,,,,,,,,,only 7 trades < min 20,mt5
run_20260427_185231_ab6e47,GBP/USD,forex,M15,trend_momentum,ema_cross,adx_min=25|fast_period=20|rsi_confirm=False|slow_period=200,both,all,NEEDS_MORE_DATA,7,,,,,,,,,,,,,,,,only 7 trades < min 20,mt5
run_20260427_185231_ab6e47,GBP/USD,forex,M15,trend_momentum,ema_cross,adx_min=25|fast_period=20|rsi_confirm=True|slow_period=200,both,all,NEEDS_MORE_DATA,7,,,,,,,,,,,,,,,,only 7 trades < min 20,mt5
run_20260427_185231_ab6e47,GBP/USD,forex,M15,trend_momentum,ema_alignment,adx_min=0|ema_long=200|ema_mid=50|ema_short=20,both,all,REJECT,32,0.093750,0.254586,-0.000894,-0.000894,-0.033697,-6.459513,-2.808525,0.032032,16.843750,-0.028258,-0.028258,-0.020625,-0.008265,0.412211,,,mt5
run_20260427_185231_ab6e47,GBP/USD,forex,M15,trend_momentum,ema_alignment,adx_min=20|ema_long=200|ema_mid=50|ema_short=20,both,all,REJECT,30,0.100000,0.277079,-0.000850,-0.000850,-0.030832,-5.864671,-2.514470,0.030030,17.333333,-0.025224,-0.025224,-0.017567,-0.008265,0.421133,,,mt5
run_20260427_185231_ab6e47,GBP/USD,forex,M15,trend_momentum,ema_alignment,adx_min=25|ema_long=200|ema_mid=50|ema_short=20,both,all,REJECT,21,0.142857,0.433662,-0.000607,-0.000607,-0.018405,-3.224219,-1.308954,0.021021,22.000000,-0.012726,-0.012726,-0.005938,-0.007300,0.485133,,,mt5
run_20260427_185231_ab6e47,GBP/USD,forex,M15,trend_momentum,macd_direction,adx_min=0|fast=12|signal_period=9|slow=26,both,all,REJECT,83,0.120482,0.137267,-0.001253,-0.001253,-0.098987,-16.091666,-8.375381,0.083083,11.734940,-0.098938,-0.098938,-0.061877,-0.037444,0.598205,,,mt5
run_20260427_185231_ab6e47,GBP/USD,forex,M15,trend_momentum,macd_direction,adx_min=20|fast=12|signal_period=9|slow=26,both,all,REJECT,80,0.112500,0.140522,-0.001251,-0.001251,-0.097071,-15.695853,-8.138902,0.080080,11.700000,-0.095376,-0.095376,-0.058170,-0.037444,0.609776,,,mt5
run_20260427_185231_ab6e47,AUD/USD,forex,M15,pullback,pullback_ema,pullback_period=20|rsi_reclaim=False|rsi_threshold=50|trend_period=200,both,all,REJECT,86,0.116279,0.228452,-0.000863,-0.000863,-0.076585,-13.002211,-5.962413,0.086086,6.046512,-0.071623,-0.071623,-0.046799,-0.026042,0.566941,,,mt5
run_20260427_185231_ab6e47,AUD/USD,forex,M15,pullback,pullback_ema,pullback_period=20|rsi_reclaim=True|rsi_threshold=50|trend_period=200,both,all,REJECT,75,0.133333,0.264585,-0.000822,-0.000822,-0.069449,-11.082751,-4.937999,0.075075,6.613333,-0.059868,-0.059868,-0.036071,-0.024688,0.605327,,,mt5
run_20260427_185231_ab6e47,AUD/USD,forex,M15,pullback,pullback_ema,pullback_period=50|rsi_reclaim=False|rsi_threshold=50|trend_period=200,both,all,REJECT,60,0.066667,0.184328,-0.000964,-0.000964,-0.056319,-11.994770,-5.785668,0.060060,8.800000,-0.056269,-0.056269,-0.033207,-0.023853,0.615495,,,mt5
run_20260427_185231_ab6e47,AUD/USD,forex,M15,pullback,pullback_ema,pullback_period=50|rsi_reclaim=True|rsi_threshold=50|trend_period=200,both,all,REJECT,39,0.076923,0.202741,-0.000949,-0.000949,-0.041910,-9.072488,-4.265512,0.039039,10.358974,-0.036398,-0.036398,-0.020623,-0.016107,0.568299,,,mt5
run_20260427_185231_ab6e47,AUD/USD,forex,M15,trend_momentum,ema_cross,adx_min=0|fast_period=10|rsi_confirm=False|slow_period=50,both,all,REJECT,26,0.192308,0.351378,-0.001016,-0.001016,-0.030626,-4.540652,-1.888719,0.026026,35.307692,-0.026188,-0.026188,-0.006925,-0.016983,0.272667,,,mt5
run_20260427_185231_ab6e47,AUD/USD,forex,M15,trend_momentum,ema_cross,adx_min=0|fast_period=10|rsi_confirm=True|slow_period=50,both,all,REJECT,24,0.208333,0.428413,-0.000807,-0.000807,-0.030626,-3.517528,-1.430216,0.024024,37.500000,-0.019278,-0.019278,0.000121,-0.016983,0.260667,,,mt5
run_20260427_185231_ab6e47,AUD/USD,forex,M15,trend_momentum,ema_cross,adx_min=20|fast_period=10|rsi_confirm=False|slow_period=50,both,all,REJECT,21,0.238095,0.429722,-0.000917,-0.000917,-0.026796,-3.415165,-1.393275,0.021021,39.333333,-0.019181,-0.019181,-0.003716,-0.013099,0.261177,,,mt5
run_20260427_185231_ab6e47,AUD/USD,forex,M15,trend_momentum,ema_cross,adx_min=20|fast_period=10|rsi_confirm=True|slow_period=50,both,all,REJECT,20,0.250000,0.493229,-0.000756,-0.000756,-0.026796,-2.778861,-1.118399,0.020020,40.900000,-0.015101,-0.015101,0.000427,-0.013099,0.236667,,,mt5
run_20260427_185231_ab6e47,AUD/USD,forex,M15,trend_momentum,ema_cross,adx_min=25|fast_period=10|rsi_confirm=False|slow_period=50,both,all,NEEDS_MORE_DATA,16,,,,,,,,,,,,,,1.000000,,only 16 trades < min 20,mt5
run_20260427_185231_ab6e47,AUD/USD,forex,M15,trend_momentum,ema_cross,adx_min=25|fast_period=10|rsi_confirm=True|slow_period=50,both,all,NEEDS_MORE_DATA,15,,,,,,,,,,,,,,1.000000,,only 15 trades < min 20,mt5
run_20260427_185231_ab6e47,AUD/USD,forex,M15,trend_momentum,ema_cross,adx_min=0|fast_period=10|rsi_confirm=False|slow_period=100,both,all,REJECT,24,0.041667,0.255424,-0.001587,-0.001587,-0.042834,-5.534172,-2.402413,0.024024,36.333333,-0.037528,-0.037528,-0.023586,-0.012612,0.404415,,,mt5
run_20260427_185231_ab6e47,AUD/USD,forex,M15,trend_momentum,ema_cross,adx_min=0|fast_period=10|rsi_confirm=True|slow_period=100,both,all,REJECT,22,0.045455,0.303530,-0.001384,-0.001384,-0.042834,-4.604095,-1.943906,0.022022,38.772727,-0.030131,-0.030131,-0.016082,-0.012612,0.467269,,,mt5
run_20260427_185231_ab6e47,AUD/USD,forex,M15,trend_momentum,ema_cross,adx_min=20|fast_period=10|rsi_confirm=False|slow_period=100,both,all,REJECT,21,0.047619,0.285295,-0.001559,-0.001559,-0.040492,-4.859321,-2.081275,0.021021,34.333333,-0.032352,-0.032352,-0.019732,-0.011204,0.396342,,,mt5
run_20260427_185231_ab6e47,AUD/USD,forex,M15,trend_momentum,ema_cross,adx_min=20|fast_period=10|rsi_confirm=True|slow_period=100,both,all,REJECT,20,0.050000,0.321483,-0.001400,-0.001400,-0.040492,-4.265382,-1.792790,0.020020,35.600000,-0.027758,-0.027758,-0.015078,-0.011204,0.442914,,,mt5
run_20260427_185231_ab6e47,AUD/USD,forex,M15,trend_momentum,ema_cross,adx_min=25|fast_period=10|rsi_confirm=False|slow_period=100,both,all,NEEDS_MORE_DATA,14,,,,,,,,,,,,,,1.000000,,only 14 trades < min 20,mt5
run_20260427_185231_ab6e47,AUD/USD,forex,M15,trend_momentum,ema_cross,adx_min=25|fast_period=10|rsi_confirm=True|slow_period=100,both,all,NEEDS_MORE_DATA,13,,,,,,,,,,,,,,1.000000,,only 13 trades < min 20,mt5
run_20260427_185231_ab6e47,AUD/USD,forex,M15,trend_momentum,ema_cross,adx_min=0|fast_period=10|rsi_confirm=False|slow_period=200,both,all,NEEDS_MORE_DATA,12,,,,,,,,,,,,,,,,only 12 trades < min 20,mt5
run_20260427_185231_ab6e47,AUD/USD,forex,M15,trend_momentum,ema_cross,adx_min=0|fast_period=10|rsi_confirm=True|slow_period=200,both,all,NEEDS_MORE_DATA,10,,,,,,,,,,,,,,,,only 10 trades < min 20,mt5
run_20260427_185231_ab6e47,AUD/USD,forex,M15,trend_momentum,ema_cross,adx_min=20|fast_period=10|rsi_confirm=False|slow_period=200,both,all,NEEDS_MORE_DATA,11,,,,,,,,,,,,,,,,only 11 trades < min 20,mt5
run_20260427_185231_ab6e47,AUD/USD,forex,M15,trend_momentum,ema_cross,adx_min=20|fast_period=10|rsi_confirm=True|slow_period=200,both,all,NEEDS_MORE_DATA,10,,,,,,,,,,,,,,,,only 10 trades < min 20,mt5
run_20260427_185231_ab6e47,AUD/USD,forex,M15,trend_momentum,ema_cross,adx_min=25|fast_period=10|rsi_confirm=False|slow_period=200,both,all,NEEDS_MORE_DATA,9,,,,,,,,,,,,,,,,only 9 trades < min 20,mt5
run_20260427_185231_ab6e47,AUD/USD,forex,M15,trend_momentum,ema_cross,adx_min=25|fast_period=10|rsi_confirm=True|slow_period=200,both,all,NEEDS_MORE_DATA,8,,,,,,,,,,,,,,,,only 8 trades < min 20,mt5
run_20260427_185231_ab6e47,AUD/USD,forex,M15,trend_momentum,ema_cross,adx_min=0|fast_period=20|rsi_confirm=False|slow_period=50,both,all,NEEDS_MORE_DATA,16,,,,,,,,,,,,,,1.000000,,only 16 trades < min 20,mt5
run_20260427_185231_ab6e47,AUD/USD,forex,M15,trend_momentum,ema_cross,adx_min=0|fast_period=20|rsi_confirm=True|slow_period=50,both,all,NEEDS_MORE_DATA,14,,,,,,,,,,,,,,1.000000,,only 14 trades < min 20,mt5
run_20260427_185231_ab6e47,AUD/USD,forex,M15,trend_momentum,ema_cross,adx_min=20|fast_period=20|rsi_confirm=False|slow_period=50,both,all,NEEDS_MORE_DATA,14,,,,,,,,,,,,,,1.000000,,only 14 trades < min 20,mt5
run_20260427_185231_ab6e47,AUD/USD,forex,M15,trend_momentum,ema_cross,adx_min=20|fast_period=20|rsi_confirm=True|slow_period=50,both,all,NEEDS_MORE_DATA,13,,,,,,,,,,,,,,1.000000,,only 13 trades < min 20,mt5
run_20260427_185231_ab6e47,AUD/USD,forex,M15,trend_momentum,ema_cross,adx_min=25|fast_period=20|rsi_confirm=False|slow_period=50,both,all,NEEDS_MORE_DATA,11,,,,,,,,,,,,,,1.000000,,only 11 trades < min 20,mt5
run_20260427_185231_ab6e47,AUD/USD,forex,M15,trend_momentum,ema_cross,adx_min=25|fast_period=20|rsi_confirm=True|slow_period=50,both,all,NEEDS_MORE_DATA,10,,,,,,,,,,,,,,,,only 10 trades < min 20,mt5
run_20260427_185231_ab6e47,AUD/USD,forex,M15,trend_momentum,ema_cross,adx_min=0|fast_period=20|rsi_confirm=False|slow_period=100,both,all,REJECT,20,0.050000,0.207776,-0.002265,-0.002265,-0.048609,-6.091036,-2.799449,0.020020,44.150000,-0.044458,-0.044458,-0.026238,-0.016389,0.407385,,,mt5
run_20260427_185231_ab6e47,AUD/USD,forex,M15,trend_momentum,ema_cross,adx_min=0|fast_period=20|rsi_confirm=True|slow_period=100,both,all,NEEDS_MORE_DATA,18,,,,,,,,,,,,,,,,only 18 trades < min 20,mt5
run_20260427_185231_ab6e47,AUD/USD,forex,M15,trend_momentum,ema_cross,adx_min=20|fast_period=20|rsi_confirm=False|slow_period=100,both,all,NEEDS_MORE_DATA,17,,,,,,,,,,,,,,,,only 17 trades < min 20,mt5
run_20260427_185231_ab6e47,AUD/USD,forex,M15,trend_momentum,ema_cross,adx_min=20|fast_period=20|rsi_confirm=True|slow_period=100,both,all,NEEDS_MORE_DATA,16,,,,,,,,,,,,,,,,only 16 trades < min 20,mt5
run_20260427_185231_ab6e47,AUD/USD,forex,M15,trend_momentum,ema_cross,adx_min=25|fast_period=20|rsi_confirm=False|slow_period=100,both,all,NEEDS_MORE_DATA,11,,,,,,,,,,,,,,,,only 11 trades < min 20,mt5
run_20260427_185231_ab6e47,AUD/USD,forex,M15,trend_momentum,ema_cross,adx_min=25|fast_period=20|rsi_confirm=True|slow_period=100,both,all,NEEDS_MORE_DATA,10,,,,,,,,,,,,,,,,only 10 trades < min 20,mt5
run_20260427_185231_ab6e47,AUD/USD,forex,M15,trend_momentum,ema_cross,adx_min=0|fast_period=20|rsi_confirm=False|slow_period=200,both,all,NEEDS_MORE_DATA,10,,,,,,,,,,,,,,,,only 10 trades < min 20,mt5
run_20260427_185231_ab6e47,AUD/USD,forex,M15,trend_momentum,ema_cross,adx_min=0|fast_period=20|rsi_confirm=True|slow_period=200,both,all,NEEDS_MORE_DATA,8,,,,,,,,,,,,,,,,only 8 trades < min 20,mt5
run_20260427_185231_ab6e47,AUD/USD,forex,M15,trend_momentum,ema_cross,adx_min=20|fast_period=20|rsi_confirm=False|slow_period=200,both,all,NEEDS_MORE_DATA,9,,,,,,,,,,,,,,,,only 9 trades < min 20,mt5
run_20260427_185231_ab6e47,AUD/USD,forex,M15,trend_momentum,ema_cross,adx_min=20|fast_period=20|rsi_confirm=True|slow_period=200,both,all,NEEDS_MORE_DATA,8,,,,,,,,,,,,,,,,only 8 trades < min 20,mt5
run_20260427_185231_ab6e47,AUD/USD,forex,M15,trend_momentum,ema_cross,adx_min=25|fast_period=20|rsi_confirm=False|slow_period=200,both,all,NEEDS_MORE_DATA,9,,,,,,,,,,,,,,,,only 9 trades < min 20,mt5
run_20260427_185231_ab6e47,AUD/USD,forex,M15,trend_momentum,ema_cross,adx_min=25|fast_period=20|rsi_confirm=True|slow_period=200,both,all,NEEDS_MORE_DATA,8,,,,,,,,,,,,,,,,only 8 trades < min 20,mt5
run_20260427_185231_ab6e47,AUD/USD,forex,M15,trend_momentum,ema_alignment,adx_min=0|ema_long=200|ema_mid=50|ema_short=20,both,all,REJECT,35,0.114286,0.202518,-0.001107,-0.001107,-0.038752,-8.885792,-4.248169,0.035035,12.285714,-0.038078,-0.038078,-0.025457,-0.012951,0.462619,,,mt5
run_20260427_185231_ab6e47,AUD/USD,forex,M15,trend_momentum,ema_alignment,adx_min=20|ema_long=200|ema_mid=50|ema_short=20,both,all,REJECT,31,0.129032,0.225786,-0.001089,-0.001089,-0.034996,-7.939871,-3.709451,0.031031,13.064516,-0.033245,-0.033245,-0.022770,-0.010719,0.427226,,,mt5
run_20260427_185231_ab6e47,AUD/USD,forex,M15,trend_momentum,ema_alignment,adx_min=25|ema_long=200|ema_mid=50|ema_short=20,both,all,REJECT,27,0.148148,0.281214,-0.000932,-0.000932,-0.026657,-6.651561,-2.987349,0.027027,14.518519,-0.024890,-0.024890,-0.015733,-0.009303,0.439395,,,mt5
run_20260427_185231_ab6e47,AUD/USD,forex,M15,trend_momentum,macd_direction,adx_min=0|fast=12|signal_period=9|slow=26,both,all,REJECT,71,0.183099,0.253608,-0.001047,-0.001047,-0.075162,-10.314796,-4.540847,0.071071,13.619718,-0.071831,-0.071831,-0.045825,-0.025542,0.583883,,,mt5
run_20260427_185231_ab6e47,AUD/USD,forex,M15,trend_momentum,macd_direction,adx_min=20|fast=12|signal_period=9|slow=26,both,all,REJECT,67,0.194030,0.280857,-0.000966,-0.000966,-0.067894,-9.353628,-4.050083,0.067067,13.955224,-0.062802,-0.062802,-0.044055,-0.017884,0.538449,,,mt5
run_20260427_185231_ab6e47,EUR/USD,forex,M15,pullback,pullback_ema,pullback_period=20|rsi_reclaim=False|rsi_threshold=50|trend_period=200,both,all,REJECT,68,0.073529,0.133654,-0.000853,-0.000853,-0.058291,-14.312133,-7.395957,0.068068,7.617647,-0.056392,-0.056392,-0.041426,-0.016838,0.521936,,,mt5
run_20260427_185231_ab6e47,EUR/USD,forex,M15,pullback,pullback_ema,pullback_period=20|rsi_reclaim=True|rsi_threshold=50|trend_period=200,both,all,REJECT,60,0.083333,0.158524,-0.000809,-0.000809,-0.052382,-12.458541,-6.137552,0.060060,8.200000,-0.047444,-0.047444,-0.034614,-0.014517,0.525822,,,mt5
run_20260427_185231_ab6e47,EUR/USD,forex,M15,pullback,pullback_ema,pullback_period=50|rsi_reclaim=False|rsi_threshold=50|trend_period=200,both,all,REJECT,32,0.125000,0.408782,-0.000551,-0.000551,-0.022728,-4.468425,-1.832181,0.032032,17.187500,-0.017525,-0.017525,-0.018038,-0.001910,0.323764,,,mt5
run_20260427_185231_ab6e47,EUR/USD,forex,M15,pullback,pullback_ema,pullback_period=50|rsi_reclaim=True|rsi_threshold=50|trend_period=200,both,all,NEEDS_MORE_DATA,18,,,,,,,,,,,,,,1.000000,,only 18 trades < min 20,mt5
run_20260427_185231_ab6e47,EUR/USD,forex,M15,trend_momentum,ema_cross,adx_min=0|fast_period=10|rsi_confirm=False|slow_period=50,both,all,REJECT,21,0.380952,0.601521,-0.000385,-0.000385,-0.016220,-2.060265,-0.817327,0.021021,47.000000,-0.008103,-0.008103,-0.003839,-0.005469,0.493755,,,mt5
run_20260427_185231_ab6e47,EUR/USD,forex,M15,trend_momentum,ema_cross,adx_min=0|fast_period=10|rsi_confirm=True|slow_period=50,both,all,REJECT,20,0.350000,0.228024,-0.000775,-0.000775,-0.016022,-6.125391,-2.821374,0.020020,41.200000,-0.015411,-0.015411,-0.011178,-0.005469,0.383447,,,mt5
run_20260427_185231_ab6e47,EUR/USD,forex,M15,trend_momentum,ema_cross,adx_min=20|fast_period=10|rsi_confirm=False|slow_period=50,both,all,REJECT,21,0.380952,0.601521,-0.000385,-0.000385,-0.016220,-2.060265,-0.817327,0.021021,47.000000,-0.008103,-0.008103,-0.003839,-0.005469,0.493755,,,mt5
run_20260427_185231_ab6e47,EUR/USD,forex,M15,trend_momentum,ema_cross,adx_min=20|fast_period=10|rsi_confirm=True|slow_period=50,both,all,REJECT,20,0.350000,0.228024,-0.000775,-0.000775,-0.016022,-6.125391,-2.821374,0.020020,41.200000,-0.015411,-0.015411,-0.011178,-0.005469,0.383447,,,mt5
run_20260427_185231_ab6e47,EUR/USD,forex,M15,trend_momentum,ema_cross,adx_min=25|fast_period=10|rsi_confirm=False|slow_period=50,both,all,NEEDS_MORE_DATA,14,,,,,,,,,,,,,,1.000000,,only 14 trades < min 20,mt5
run_20260427_185231_ab6e47,EUR/USD,forex,M15,trend_momentum,ema_cross,adx_min=25|fast_period=10|rsi_confirm=True|slow_period=50,both,all,NEEDS_MORE_DATA,13,,,,,,,,,,,,,,1.000000,,only 13 trades < min 20,mt5
run_20260427_185231_ab6e47,EUR/USD,forex,M15,trend_momentum,ema_cross,adx_min=0|fast_period=10|rsi_confirm=False|slow_period=100,both,all,NEEDS_MORE_DATA,13,,,,,,,,,,,,,,1.000000,,only 13 trades < min 20,mt5
run_20260427_185231_ab6e47,EUR/USD,forex,M15,trend_momentum,ema_cross,adx_min=0|fast_period=10|rsi_confirm=True|slow_period=100,both,all,NEEDS_MORE_DATA,12,,,,,,,,,,,,,,1.000000,,only 12 trades < min 20,mt5
run_20260427_185231_ab6e47,EUR/USD,forex,M15,trend_momentum,ema_cross,adx_min=20|fast_period=10|rsi_confirm=False|slow_period=100,both,all,NEEDS_MORE_DATA,13,,,,,,,,,,,,,,1.000000,,only 13 trades < min 20,mt5
run_20260427_185231_ab6e47,EUR/USD,forex,M15,trend_momentum,ema_cross,adx_min=20|fast_period=10|rsi_confirm=True|slow_period=100,both,all,NEEDS_MORE_DATA,12,,,,,,,,,,,,,,1.000000,,only 12 trades < min 20,mt5
run_20260427_185231_ab6e47,EUR/USD,forex,M15,trend_momentum,ema_cross,adx_min=25|fast_period=10|rsi_confirm=False|slow_period=100,both,all,NEEDS_MORE_DATA,12,,,,,,,,,,,,,,1.000000,,only 12 trades < min 20,mt5
run_20260427_185231_ab6e47,EUR/USD,forex,M15,trend_momentum,ema_cross,adx_min=25|fast_period=10|rsi_confirm=True|slow_period=100,both,all,NEEDS_MORE_DATA,11,,,,,,,,,,,,,,1.000000,,only 11 trades < min 20,mt5
run_20260427_185231_ab6e47,EUR/USD,forex,M15,trend_momentum,ema_cross,adx_min=0|fast_period=10|rsi_confirm=False|slow_period=200,both,all,NEEDS_MORE_DATA,10,,,,,,,,,,,,,,,,only 10 trades < min 20,mt5
run_20260427_185231_ab6e47,EUR/USD,forex,M15,trend_momentum,ema_cross,adx_min=0|fast_period=10|rsi_confirm=True|slow_period=200,both,all,NEEDS_MORE_DATA,9,,,,,,,,,,,,,,,,only 9 trades < min 20,mt5
run_20260427_185231_ab6e47,EUR/USD,forex,M15,trend_momentum,ema_cross,adx_min=20|fast_period=10|rsi_confirm=False|slow_period=200,both,all,NEEDS_MORE_DATA,10,,,,,,,,,,,,,,,,only 10 trades < min 20,mt5
run_20260427_185231_ab6e47,EUR/USD,forex,M15,trend_momentum,ema_cross,adx_min=20|fast_period=10|rsi_confirm=True|slow_period=200,both,all,NEEDS_MORE_DATA,9,,,,,,,,,,,,,,,,only 9 trades < min 20,mt5
run_20260427_185231_ab6e47,EUR/USD,forex,M15,trend_momentum,ema_cross,adx_min=25|fast_period=10|rsi_confirm=False|slow_period=200,both,all,NEEDS_MORE_DATA,7,,,,,,,,,,,,,,,,only 7 trades < min 20,mt5
run_20260427_185231_ab6e47,EUR/USD,forex,M15,trend_momentum,ema_cross,adx_min=25|fast_period=10|rsi_confirm=True|slow_period=200,both,all,NEEDS_MORE_DATA,6,,,,,,,,,,,,,,,,only 6 trades < min 20,mt5
run_20260427_185231_ab6e47,EUR/USD,forex,M15,trend_momentum,ema_cross,adx_min=0|fast_period=20|rsi_confirm=False|slow_period=50,both,all,NEEDS_MORE_DATA,13,,,,,,,,,,,,,,1.000000,,only 13 trades < min 20,mt5
run_20260427_185231_ab6e47,EUR/USD,forex,M15,trend_momentum,ema_cross,adx_min=0|fast_period=20|rsi_confirm=True|slow_period=50,both,all,NEEDS_MORE_DATA,12,,,,,,,,,,,,,,1.000000,,only 12 trades < min 20,mt5
run_20260427_185231_ab6e47,EUR/USD,forex,M15,trend_momentum,ema_cross,adx_min=20|fast_period=20|rsi_confirm=False|slow_period=50,both,all,NEEDS_MORE_DATA,12,,,,,,,,,,,,,,1.000000,,only 12 trades < min 20,mt5
run_20260427_185231_ab6e47,EUR/USD,forex,M15,trend_momentum,ema_cross,adx_min=20|fast_period=20|rsi_confirm=True|slow_period=50,both,all,NEEDS_MORE_DATA,11,,,,,,,,,,,,,,1.000000,,only 11 trades < min 20,mt5
run_20260427_185231_ab6e47,EUR/USD,forex,M15,trend_momentum,ema_cross,adx_min=25|fast_period=20|rsi_confirm=False|slow_period=50,both,all,NEEDS_MORE_DATA,11,,,,,,,,,,,,,,1.000000,,only 11 trades < min 20,mt5
run_20260427_185231_ab6e47,EUR/USD,forex,M15,trend_momentum,ema_cross,adx_min=25|fast_period=20|rsi_confirm=True|slow_period=50,both,all,NEEDS_MORE_DATA,10,,,,,,,,,,,,,,,,only 10 trades < min 20,mt5
run_20260427_185231_ab6e47,EUR/USD,forex,M15,trend_momentum,ema_cross,adx_min=0|fast_period=20|rsi_confirm=False|slow_period=100,both,all,NEEDS_MORE_DATA,8,,,,,,,,,,,,,,1.000000,,only 8 trades < min 20,mt5
run_20260427_185231_ab6e47,EUR/USD,forex,M15,trend_momentum,ema_cross,adx_min=0|fast_period=20|rsi_confirm=True|slow_period=100,both,all,NEEDS_MORE_DATA,7,,,,,,,,,,,,,,,,only 7 trades < min 20,mt5
run_20260427_185231_ab6e47,EUR/USD,forex,M15,trend_momentum,ema_cross,adx_min=20|fast_period=20|rsi_confirm=False|slow_period=100,both,all,NEEDS_MORE_DATA,8,,,,,,,,,,,,,,,,only 8 trades < min 20,mt5
run_20260427_185231_ab6e47,EUR/USD,forex,M15,trend_momentum,ema_cross,adx_min=20|fast_period=20|rsi_confirm=True|slow_period=100,both,all,NEEDS_MORE_DATA,7,,,,,,,,,,,,,,,,only 7 trades < min 20,mt5
run_20260427_185231_ab6e47,EUR/USD,forex,M15,trend_momentum,ema_cross,adx_min=25|fast_period=20|rsi_confirm=False|slow_period=100,both,all,NEEDS_MORE_DATA,7,,,,,,,,,,,,,,,,only 7 trades < min 20,mt5
run_20260427_185231_ab6e47,EUR/USD,forex,M15,trend_momentum,ema_cross,adx_min=25|fast_period=20|rsi_confirm=True|slow_period=100,both,all,NEEDS_MORE_DATA,6,,,,,,,,,,,,,,,,only 6 trades < min 20,mt5
run_20260427_185231_ab6e47,EUR/USD,forex,M15,trend_momentum,ema_cross,adx_min=0|fast_period=20|rsi_confirm=False|slow_period=200,both,all,NEEDS_MORE_DATA,6,,,,,,,,,,,,,,,,only 6 trades < min 20,mt5
run_20260427_185231_ab6e47,EUR/USD,forex,M15,trend_momentum,ema_cross,adx_min=0|fast_period=20|rsi_confirm=True|slow_period=200,both,all,NEEDS_MORE_DATA,5,,,,,,,,,,,,,,,,only 5 trades < min 20,mt5
run_20260427_185231_ab6e47,EUR/USD,forex,M15,trend_momentum,ema_cross,adx_min=20|fast_period=20|rsi_confirm=False|slow_period=200,both,all,NEEDS_MORE_DATA,6,,,,,,,,,,,,,,,,only 6 trades < min 20,mt5
run_20260427_185231_ab6e47,EUR/USD,forex,M15,trend_momentum,ema_cross,adx_min=20|fast_period=20|rsi_confirm=True|slow_period=200,both,all,NEEDS_MORE_DATA,5,,,,,,,,,,,,,,,,only 5 trades < min 20,mt5
run_20260427_185231_ab6e47,EUR/USD,forex,M15,trend_momentum,ema_cross,adx_min=25|fast_period=20|rsi_confirm=False|slow_period=200,both,all,NEEDS_MORE_DATA,5,,,,,,,,,,,,,,,,only 5 trades < min 20,mt5
run_20260427_185231_ab6e47,EUR/USD,forex,M15,trend_momentum,ema_cross,adx_min=25|fast_period=20|rsi_confirm=True|slow_period=200,both,all,NEEDS_MORE_DATA,4,,,,,,,,,,,,,,,,only 4 trades < min 20,mt5
run_20260427_185231_ab6e47,EUR/USD,forex,M15,trend_momentum,ema_alignment,adx_min=0|ema_long=200|ema_mid=50|ema_short=20,both,all,REJECT,21,0.142857,0.511092,-0.000485,-0.000485,-0.018115,-2.716358,-1.090211,0.021021,25.761905,-0.010178,-0.010178,-0.011795,-0.001479,0.263609,,,mt5
run_20260427_185231_ab6e47,EUR/USD,forex,M15,trend_momentum,ema_alignment,adx_min=20|ema_long=200|ema_mid=50|ema_short=20,both,all,NEEDS_MORE_DATA,19,,,,,,,,,,,,,,1.000000,,only 19 trades < min 20,mt5
run_20260427_185231_ab6e47,EUR/USD,forex,M15,trend_momentum,ema_alignment,adx_min=25|ema_long=200|ema_mid=50|ema_short=20,both,all,NEEDS_MORE_DATA,16,,,,,,,,,,,,,,1.000000,,only 16 trades < min 20,mt5
run_20260427_185231_ab6e47,EUR/USD,forex,M15,trend_momentum,macd_direction,adx_min=0|fast=12|signal_period=9|slow=26,both,all,REJECT,63,0.158730,0.198367,-0.000980,-0.000980,-0.061124,-11.719904,-5.519158,0.063063,15.301587,-0.059986,-0.059986,-0.044989,-0.015992,0.523309,,,mt5
run_20260427_185231_ab6e47,EUR/USD,forex,M15,trend_momentum,macd_direction,adx_min=20|fast=12|signal_period=9|slow=26,both,all,REJECT,61,0.163934,0.211451,-0.000947,-0.000947,-0.057336,-11.175883,-5.194169,0.061061,15.377049,-0.056194,-0.056194,-0.041136,-0.015992,0.533298,,,mt5
run_20260427_185231_ab6e47,USD/CHF,forex,M15,pullback,pullback_ema,pullback_period=20|rsi_reclaim=False|rsi_threshold=50|trend_period=200,both,all,REJECT,67,0.044776,0.177078,-0.000884,-0.000884,-0.060961,-11.814585,-5.503575,0.067067,6.970149,-0.057599,-0.057599,-0.033144,-0.025294,0.628948,,,mt5
run_20260427_185231_ab6e47,USD/CHF,forex,M15,pullback,pullback_ema,pullback_period=20|rsi_reclaim=True|rsi_threshold=50|trend_period=200,both,all,REJECT,58,0.034483,0.080295,-0.001015,-0.001015,-0.057230,-15.163702,-9.033512,0.058058,6.655172,-0.057230,-0.057230,-0.034668,-0.023372,0.602253,,,mt5
run_20260427_185231_ab6e47,USD/CHF,forex,M15,pullback,pullback_ema,pullback_period=50|rsi_reclaim=False|rsi_threshold=50|trend_period=200,both,all,REJECT,55,0.072727,0.256936,-0.000905,-0.000905,-0.051370,-8.478116,-3.676744,0.055055,11.072727,-0.048668,-0.048668,-0.037462,-0.015568,0.524673,,,mt5
run_20260427_185231_ab6e47,USD/CHF,forex,M15,pullback,pullback_ema,pullback_period=50|rsi_reclaim=True|rsi_threshold=50|trend_period=200,both,all,REJECT,34,0.088235,0.163390,-0.001068,-0.001068,-0.035700,-9.713842,-4.937064,0.034034,11.823529,-0.035700,-0.035700,-0.028500,-0.011354,0.423511,,,mt5
run_20260427_185231_ab6e47,USD/CHF,forex,M15,trend_momentum,ema_cross,adx_min=0|fast_period=10|rsi_confirm=False|slow_period=50,both,all,REJECT,36,0.138889,0.299742,-0.001070,-0.001070,-0.044141,-6.443450,-2.762537,0.036036,27.444444,-0.037903,-0.037903,-0.022110,-0.018713,0.586569,,,mt5
run_20260427_185231_ab6e47,USD/CHF,forex,M15,trend_momentum,ema_cross,adx_min=0|fast_period=10|rsi_confirm=True|slow_period=50,both,all,REJECT,31,0.129032,0.128020,-0.001353,-0.001353,-0.041117,-10.104458,-5.511904,0.031031,26.064516,-0.041117,-0.041117,-0.028136,-0.015927,0.472490,,,mt5
run_20260427_185231_ab6e47,USD/CHF,forex,M15,trend_momentum,ema_cross,adx_min=20|fast_period=10|rsi_confirm=False|slow_period=50,both,all,REJECT,35,0.142857,0.321779,-0.001005,-0.001005,-0.040934,-5.993384,-2.541385,0.035035,27.714286,-0.034676,-0.034676,-0.019026,-0.018713,0.621726,,,mt5
run_20260427_185231_ab6e47,USD/CHF,forex,M15,trend_momentum,ema_cross,adx_min=20|fast_period=10|rsi_confirm=True|slow_period=50,both,all,REJECT,30,0.133333,0.141441,-0.001286,-0.001286,-0.037900,-9.667348,-5.145198,0.030030,26.333333,-0.037900,-0.037900,-0.025071,-0.015927,0.487252,,,mt5
run_20260427_185231_ab6e47,USD/CHF,forex,M15,trend_momentum,ema_cross,adx_min=25|fast_period=10|rsi_confirm=False|slow_period=50,both,all,REJECT,25,0.120000,0.338411,-0.001031,-0.001031,-0.031870,-4.715265,-1.977628,0.025025,28.160000,-0.025552,-0.025552,-0.006970,-0.018713,0.250000,,,mt5
run_20260427_185231_ab6e47,USD/CHF,forex,M15,trend_momentum,ema_cross,adx_min=25|fast_period=10|rsi_confirm=True|slow_period=50,both,all,REJECT,21,0.095238,0.084944,-0.001465,-0.001465,-0.030340,-8.980825,-5.374748,0.021021,25.000000,-0.030340,-0.030340,-0.014646,-0.015927,0.499772,,,mt5
run_20260427_185231_ab6e47,USD/CHF,forex,M15,trend_momentum,ema_cross,adx_min=0|fast_period=10|rsi_confirm=False|slow_period=100,both,all,REJECT,22,0.136364,0.352260,-0.001161,-0.001161,-0.030073,-4.816163,-2.049733,0.022022,45.045455,-0.025310,-0.025310,-0.018301,-0.011227,0.416031,,,mt5
run_20260427_185231_ab6e47,USD/CHF,forex,M15,trend_momentum,ema_cross,adx_min=0|fast_period=10|rsi_confirm=True|slow_period=100,both,all,NEEDS_MORE_DATA,19,,,,,,,,,,,,,,1.000000,,only 19 trades < min 20,mt5
run_20260427_185231_ab6e47,USD/CHF,forex,M15,trend_momentum,ema_cross,adx_min=20|fast_period=10|rsi_confirm=False|slow_period=100,both,all,REJECT,21,0.142857,0.387216,-0.001062,-0.001062,-0.026920,-4.290847,-1.798234,0.021021,46.380952,-0.022141,-0.022141,-0.015307,-0.011227,0.446033,,,mt5
run_20260427_185231_ab6e47,USD/CHF,forex,M15,trend_momentum,ema_cross,adx_min=20|fast_period=10|rsi_confirm=True|slow_period=100,both,all,NEEDS_MORE_DATA,18,,,,,,,,,,,,,,1.000000,,only 18 trades < min 20,mt5
run_20260427_185231_ab6e47,USD/CHF,forex,M15,trend_momentum,ema_cross,adx_min=25|fast_period=10|rsi_confirm=False|slow_period=100,both,all,NEEDS_MORE_DATA,17,,,,,,,,,,,,,,1.000000,,only 17 trades < min 20,mt5
run_20260427_185231_ab6e47,USD/CHF,forex,M15,trend_momentum,ema_cross,adx_min=25|fast_period=10|rsi_confirm=True|slow_period=100,both,all,NEEDS_MORE_DATA,14,,,,,,,,,,,,,,1.000000,,only 14 trades < min 20,mt5
run_20260427_185231_ab6e47,USD/CHF,forex,M15,trend_momentum,ema_cross,adx_min=0|fast_period=10|rsi_confirm=False|slow_period=200,both,all,NEEDS_MORE_DATA,12,,,,,,,,,,,,,,,,only 12 trades < min 20,mt5
run_20260427_185231_ab6e47,USD/CHF,forex,M15,trend_momentum,ema_cross,adx_min=0|fast_period=10|rsi_confirm=True|slow_period=200,both,all,NEEDS_MORE_DATA,10,,,,,,,,,,,,,,,,only 10 trades < min 20,mt5
run_20260427_185231_ab6e47,USD/CHF,forex,M15,trend_momentum,ema_cross,adx_min=20|fast_period=10|rsi_confirm=False|slow_period=200,both,all,NEEDS_MORE_DATA,11,,,,,,,,,,,,,,,,only 11 trades < min 20,mt5
run_20260427_185231_ab6e47,USD/CHF,forex,M15,trend_momentum,ema_cross,adx_min=20|fast_period=10|rsi_confirm=True|slow_period=200,both,all,NEEDS_MORE_DATA,9,,,,,,,,,,,,,,,,only 9 trades < min 20,mt5
run_20260427_185231_ab6e47,USD/CHF,forex,M15,trend_momentum,ema_cross,adx_min=25|fast_period=10|rsi_confirm=False|slow_period=200,both,all,NEEDS_MORE_DATA,10,,,,,,,,,,,,,,,,only 10 trades < min 20,mt5
run_20260427_185231_ab6e47,USD/CHF,forex,M15,trend_momentum,ema_cross,adx_min=25|fast_period=10|rsi_confirm=True|slow_period=200,both,all,NEEDS_MORE_DATA,8,,,,,,,,,,,,,,,,only 8 trades < min 20,mt5
run_20260427_185231_ab6e47,USD/CHF,forex,M15,trend_momentum,ema_cross,adx_min=0|fast_period=20|rsi_confirm=False|slow_period=50,both,all,REJECT,20,0.150000,0.415310,-0.001026,-0.001026,-0.029250,-3.738441,-1.543390,0.020020,49.550000,-0.020412,-0.020412,-0.010145,-0.012722,0.443802,,,mt5
run_20260427_185231_ab6e47,USD/CHF,forex,M15,trend_momentum,ema_cross,adx_min=0|fast_period=20|rsi_confirm=True|slow_period=50,both,all,NEEDS_MORE_DATA,18,,,,,,,,,,,,,,1.000000,,only 18 trades < min 20,mt5
run_20260427_185231_ab6e47,USD/CHF,forex,M15,trend_momentum,ema_cross,adx_min=20|fast_period=20|rsi_confirm=False|slow_period=50,both,all,NEEDS_MORE_DATA,18,,,,,,,,,,,,,,1.000000,,only 18 trades < min 20,mt5
run_20260427_185231_ab6e47,USD/CHF,forex,M15,trend_momentum,ema_cross,adx_min=20|fast_period=20|rsi_confirm=True|slow_period=50,both,all,NEEDS_MORE_DATA,16,,,,,,,,,,,,,,1.000000,,only 16 trades < min 20,mt5
run_20260427_185231_ab6e47,USD/CHF,forex,M15,trend_momentum,ema_cross,adx_min=25|fast_period=20|rsi_confirm=False|slow_period=50,both,all,NEEDS_MORE_DATA,15,,,,,,,,,,,,,,1.000000,,only 15 trades < min 20,mt5
run_20260427_185231_ab6e47,USD/CHF,forex,M15,trend_momentum,ema_cross,adx_min=25|fast_period=20|rsi_confirm=True|slow_period=50,both,all,NEEDS_MORE_DATA,13,,,,,,,,,,,,,,,,only 13 trades < min 20,mt5
run_20260427_185231_ab6e47,USD/CHF,forex,M15,trend_momentum,ema_cross,adx_min=0|fast_period=20|rsi_confirm=False|slow_period=100,both,all,NEEDS_MORE_DATA,18,,,,,,,,,,,,,,1.000000,,only 18 trades < min 20,mt5
run_20260427_185231_ab6e47,USD/CHF,forex,M15,trend_momentum,ema_cross,adx_min=0|fast_period=20|rsi_confirm=True|slow_period=100,both,all,NEEDS_MORE_DATA,16,,,,,,,,,,,,,,,,only 16 trades < min 20,mt5
run_20260427_185231_ab6e47,USD/CHF,forex,M15,trend_momentum,ema_cross,adx_min=20|fast_period=20|rsi_confirm=False|slow_period=100,both,all,NEEDS_MORE_DATA,18,,,,,,,,,,,,,,,,only 18 trades < min 20,mt5
run_20260427_185231_ab6e47,USD/CHF,forex,M15,trend_momentum,ema_cross,adx_min=20|fast_period=20|rsi_confirm=True|slow_period=100,both,all,NEEDS_MORE_DATA,16,,,,,,,,,,,,,,,,only 16 trades < min 20,mt5
run_20260427_185231_ab6e47,USD/CHF,forex,M15,trend_momentum,ema_cross,adx_min=25|fast_period=20|rsi_confirm=False|slow_period=100,both,all,NEEDS_MORE_DATA,15,,,,,,,,,,,,,,,,only 15 trades < min 20,mt5
run_20260427_185231_ab6e47,USD/CHF,forex,M15,trend_momentum,ema_cross,adx_min=25|fast_period=20|rsi_confirm=True|slow_period=100,both,all,NEEDS_MORE_DATA,13,,,,,,,,,,,,,,,,only 13 trades < min 20,mt5
run_20260427_185231_ab6e47,USD/CHF,forex,M15,trend_momentum,ema_cross,adx_min=0|fast_period=20|rsi_confirm=False|slow_period=200,both,all,NEEDS_MORE_DATA,10,,,,,,,,,,,,,,,,only 10 trades < min 20,mt5
run_20260427_185231_ab6e47,USD/CHF,forex,M15,trend_momentum,ema_cross,adx_min=0|fast_period=20|rsi_confirm=True|slow_period=200,both,all,NEEDS_MORE_DATA,8,,,,,,,,,,,,,,,,only 8 trades < min 20,mt5
run_20260427_185231_ab6e47,USD/CHF,forex,M15,trend_momentum,ema_cross,adx_min=20|fast_period=20|rsi_confirm=False|slow_period=200,both,all,NEEDS_MORE_DATA,10,,,,,,,,,,,,,,,,only 10 trades < min 20,mt5
run_20260427_185231_ab6e47,USD/CHF,forex,M15,trend_momentum,ema_cross,adx_min=20|fast_period=20|rsi_confirm=True|slow_period=200,both,all,NEEDS_MORE_DATA,8,,,,,,,,,,,,,,,,only 8 trades < min 20,mt5
run_20260427_185231_ab6e47,USD/CHF,forex,M15,trend_momentum,ema_cross,adx_min=25|fast_period=20|rsi_confirm=False|slow_period=200,both,all,NEEDS_MORE_DATA,9,,,,,,,,,,,,,,,,only 9 trades < min 20,mt5
run_20260427_185231_ab6e47,USD/CHF,forex,M15,trend_momentum,ema_cross,adx_min=25|fast_period=20|rsi_confirm=True|slow_period=200,both,all,NEEDS_MORE_DATA,7,,,,,,,,,,,,,,,,only 7 trades < min 20,mt5
run_20260427_185231_ab6e47,USD/CHF,forex,M15,trend_momentum,ema_alignment,adx_min=0|ema_long=200|ema_mid=50|ema_short=20,both,all,REJECT,31,0.064516,0.328259,-0.000809,-0.000809,-0.031186,-4.938403,-2.052383,0.031031,13.935484,-0.024849,-0.024849,-0.016039,-0.008953,0.453464,,,mt5
run_20260427_185231_ab6e47,USD/CHF,forex,M15,trend_momentum,ema_alignment,adx_min=20|ema_long=200|ema_mid=50|ema_short=20,both,all,REJECT,28,0.071429,0.368509,-0.000750,-0.000750,-0.027225,-4.208269,-1.727075,0.028028,14.464286,-0.020862,-0.020862,-0.012016,-0.008953,0.491539,,,mt5
run_20260427_185231_ab6e47,USD/CHF,forex,M15,trend_momentum,ema_alignment,adx_min=25|ema_long=200|ema_mid=50|ema_short=20,both,all,REJECT,20,0.100000,0.519725,-0.000566,-0.000566,-0.017760,-2.357733,-0.940867,0.020020,18.250000,-0.011336,-0.011336,-0.002404,-0.008953,0.323504,,,mt5
run_20260427_185231_ab6e47,USD/CHF,forex,M15,trend_momentum,macd_direction,adx_min=0|fast=12|signal_period=9|slow=26,both,all,REJECT,80,0.100000,0.163042,-0.001137,-0.001137,-0.087658,-14.411204,-7.062407,0.080080,12.287500,-0.087073,-0.087073,-0.043286,-0.045414,0.701920,,,mt5
run_20260427_185231_ab6e47,USD/CHF,forex,M15,trend_momentum,macd_direction,adx_min=20|fast=12|signal_period=9|slow=26,both,all,REJECT,75,0.120000,0.177752,-0.001110,-0.001110,-0.080554,-13.486542,-6.497064,0.075075,12.346667,-0.079964,-0.079964,-0.036675,-0.044583,0.651982,,,mt5
run_20260427_185231_ab6e47,EUR/USD,forex,H4,pullback,pullback_ema,pullback_period=20|rsi_reclaim=False|rsi_threshold=50|trend_period=200,both,all,REJECT,66,0.181818,0.376518,-0.001248,-0.001248,-0.079376,-3.962921,-3.489470,0.066066,6.818182,-0.079376,-0.079376,-0.037944,-0.043066,0.659505,,,mt5
run_20260427_185231_ab6e47,EUR/USD,forex,H4,pullback,pullback_ema,pullback_period=20|rsi_reclaim=True|rsi_threshold=50|trend_period=200,both,all,REJECT,56,0.160714,0.308134,-0.001484,-0.001484,-0.080021,-4.267718,-3.887800,0.056056,6.321429,-0.080021,-0.080021,-0.039231,-0.042455,0.675346,,,mt5
run_20260427_185231_ab6e47,EUR/USD,forex,H4,pullback,pullback_ema,pullback_period=50|rsi_reclaim=False|rsi_threshold=50|trend_period=200,both,all,REJECT,51,0.196078,0.279577,-0.001412,-0.001412,-0.069689,-4.357581,-4.048212,0.051051,8.803922,-0.069689,-0.069689,-0.042863,-0.028027,0.596165,,,mt5
run_20260427_185231_ab6e47,EUR/USD,forex,H4,pullback,pullback_ema,pullback_period=50|rsi_reclaim=True|rsi_threshold=50|trend_period=200,both,all,REJECT,36,0.194444,0.256474,-0.001426,-0.001426,-0.050176,-3.805486,-3.589083,0.036036,9.388889,-0.050176,-0.050176,-0.025722,-0.025100,0.608753,,,mt5
run_20260427_185231_ab6e47,EUR/USD,forex,H4,trend_momentum,ema_cross,adx_min=0|fast_period=10|rsi_confirm=False|slow_period=50,both,all,REJECT,26,0.269231,0.781023,-0.000655,-0.000655,-0.028667,-0.588647,-0.480786,0.026026,37.692308,-0.017515,-0.017515,-0.028391,-0.011574,0.394964,,,mt5
run_20260427_185231_ab6e47,EUR/USD,forex,H4,trend_momentum,ema_cross,adx_min=0|fast_period=10|rsi_confirm=True|slow_period=50,both,all,REJECT,24,0.250000,0.776312,-0.000689,-0.000689,-0.028164,-0.577532,-0.471799,0.024024,37.958333,-0.017006,-0.017006,-0.027888,-0.011574,0.385171,,,mt5
run_20260427_185231_ab6e47,EUR/USD,forex,H4,trend_momentum,ema_cross,adx_min=20|fast_period=10|rsi_confirm=False|slow_period=50,both,all,REJECT,26,0.269231,0.781023,-0.000655,-0.000655,-0.028667,-0.588647,-0.480786,0.026026,37.692308,-0.017515,-0.017515,-0.028391,-0.011574,0.394964,,,mt5
run_20260427_185231_ab6e47,EUR/USD,forex,H4,trend_momentum,ema_cross,adx_min=20|fast_period=10|rsi_confirm=True|slow_period=50,both,all,REJECT,24,0.250000,0.776312,-0.000689,-0.000689,-0.028164,-0.577532,-0.471799,0.024024,37.958333,-0.017006,-0.017006,-0.027888,-0.011574,0.385171,,,mt5
run_20260427_185231_ab6e47,EUR/USD,forex,H4,trend_momentum,ema_cross,adx_min=25|fast_period=10|rsi_confirm=False|slow_period=50,both,all,REJECT,25,0.280000,0.809682,-0.000573,-0.000573,-0.028667,-0.495439,-0.404198,0.025025,38.040000,-0.014851,-0.014851,-0.025757,-0.011574,0.384806,,,mt5
run_20260427_185231_ab6e47,EUR/USD,forex,H4,trend_momentum,ema_cross,adx_min=25|fast_period=10|rsi_confirm=True|slow_period=50,both,all,REJECT,23,0.260870,0.806368,-0.000601,-0.000601,-0.028164,-0.483292,-0.394334,0.023023,38.347826,-0.014341,-0.014341,-0.025252,-0.011574,0.375500,,,mt5
run_20260427_185231_ab6e47,EUR/USD,forex,H4,trend_momentum,ema_cross,adx_min=0|fast_period=10|rsi_confirm=False|slow_period=100,both,all,REJECT,27,0.222222,0.375972,-0.002051,-0.002051,-0.056608,-2.447336,-2.149631,0.027027,36.666667,-0.054241,-0.054241,-0.040989,-0.011962,0.349549,,,mt5
run_20260427_185231_ab6e47,EUR/USD,forex,H4,trend_momentum,ema_cross,adx_min=0|fast_period=10|rsi_confirm=True|slow_period=100,both,all,REJECT,24,0.208333,0.400458,-0.002078,-0.002078,-0.051382,-2.222029,-1.940496,0.024024,35.541667,-0.049002,-0.049002,-0.037489,-0.011962,0.339723,,,mt5
run_20260427_185231_ab6e47,EUR/USD,forex,H4,trend_momentum,ema_cross,adx_min=20|fast_period=10|rsi_confirm=False|slow_period=100,both,all,REJECT,27,0.222222,0.375972,-0.002051,-0.002051,-0.056608,-2.447336,-2.149631,0.027027,36.666667,-0.054241,-0.054241,-0.040989,-0.011962,0.349549,,,mt5
run_20260427_185231_ab6e47,EUR/USD,forex,H4,trend_momentum,ema_cross,adx_min=20|fast_period=10|rsi_confirm=True|slow_period=100,both,all,REJECT,24,0.208333,0.400458,-0.002078,-0.002078,-0.051382,-2.222029,-1.940496,0.024024,35.541667,-0.049002,-0.049002,-0.037489,-0.011962,0.339723,,,mt5
run_20260427_185231_ab6e47,EUR/USD,forex,H4,trend_momentum,ema_cross,adx_min=25|fast_period=10|rsi_confirm=False|slow_period=100,both,all,REJECT,24,0.250000,0.435748,-0.001822,-0.001822,-0.045533,-1.978843,-1.701379,0.024024,36.875000,-0.043138,-0.043138,-0.029730,-0.011962,0.364703,,,mt5
run_20260427_185231_ab6e47,EUR/USD,forex,H4,trend_momentum,ema_cross,adx_min=25|fast_period=10|rsi_confirm=True|slow_period=100,both,all,REJECT,21,0.238095,0.468700,-0.001819,-0.001819,-0.040246,-1.744559,-1.490414,0.021021,35.619048,-0.037838,-0.037838,-0.026189,-0.011962,0.363024,,,mt5
run_20260427_185231_ab6e47,EUR/USD,forex,H4,trend_momentum,ema_cross,adx_min=0|fast_period=10|rsi_confirm=False|slow_period=200,both,all,NEEDS_MORE_DATA,19,,,,,,,,,,,,,,,,only 19 trades < min 20,mt5
run_20260427_185231_ab6e47,EUR/USD,forex,H4,trend_momentum,ema_cross,adx_min=0|fast_period=10|rsi_confirm=True|slow_period=200,both,all,NEEDS_MORE_DATA,17,,,,,,,,,,,,,,,,only 17 trades < min 20,mt5
run_20260427_185231_ab6e47,EUR/USD,forex,H4,trend_momentum,ema_cross,adx_min=20|fast_period=10|rsi_confirm=False|slow_period=200,both,all,NEEDS_MORE_DATA,19,,,,,,,,,,,,,,,,only 19 trades < min 20,mt5
run_20260427_185231_ab6e47,EUR/USD,forex,H4,trend_momentum,ema_cross,adx_min=20|fast_period=10|rsi_confirm=True|slow_period=200,both,all,NEEDS_MORE_DATA,17,,,,,,,,,,,,,,,,only 17 trades < min 20,mt5
run_20260427_185231_ab6e47,EUR/USD,forex,H4,trend_momentum,ema_cross,adx_min=25|fast_period=10|rsi_confirm=False|slow_period=200,both,all,NEEDS_MORE_DATA,13,,,,,,,,,,,,,,,,only 13 trades < min 20,mt5
run_20260427_185231_ab6e47,EUR/USD,forex,H4,trend_momentum,ema_cross,adx_min=25|fast_period=10|rsi_confirm=True|slow_period=200,both,all,NEEDS_MORE_DATA,11,,,,,,,,,,,,,,,,only 11 trades < min 20,mt5
run_20260427_185231_ab6e47,EUR/USD,forex,H4,trend_momentum,ema_cross,adx_min=0|fast_period=20|rsi_confirm=False|slow_period=50,both,all,REJECT,22,0.318182,0.555404,-0.001882,-0.001882,-0.049931,-1.434061,-1.203192,0.022022,44.727273,-0.041167,-0.041167,-0.028833,-0.004287,0.276600,,,mt5
run_20260427_185231_ab6e47,EUR/USD,forex,H4,trend_momentum,ema_cross,adx_min=0|fast_period=20|rsi_confirm=True|slow_period=50,both,all,REJECT,20,0.300000,0.534833,-0.002080,-0.002080,-0.050106,-1.458229,-1.229007,0.020020,44.750000,-0.041344,-0.041344,-0.029012,-0.004287,0.264325,,,mt5
run_20260427_185231_ab6e47,EUR/USD,forex,H4,trend_momentum,ema_cross,adx_min=20|fast_period=20|rsi_confirm=False|slow_period=50,both,all,REJECT,22,0.318182,0.555404,-0.001882,-0.001882,-0.049931,-1.434061,-1.203192,0.022022,44.727273,-0.041167,-0.041167,-0.028833,-0.004287,0.276600,,,mt5
run_20260427_185231_ab6e47,EUR/USD,forex,H4,trend_momentum,ema_cross,adx_min=20|fast_period=20|rsi_confirm=True|slow_period=50,both,all,REJECT,20,0.300000,0.534833,-0.002080,-0.002080,-0.050106,-1.458229,-1.229007,0.020020,44.750000,-0.041344,-0.041344,-0.029012,-0.004287,0.264325,,,mt5
run_20260427_185231_ab6e47,EUR/USD,forex,H4,trend_momentum,ema_cross,adx_min=25|fast_period=20|rsi_confirm=False|slow_period=50,both,all,REJECT,21,0.333333,0.594153,-0.001689,-0.001689,-0.044452,-1.242685,-1.035568,0.021021,46.380952,-0.035445,-0.035445,-0.028833,0.001656,0.226000,,,mt5
run_20260427_185231_ab6e47,EUR/USD,forex,H4,trend_momentum,ema_cross,adx_min=25|fast_period=20|rsi_confirm=True|slow_period=50,both,all,NEEDS_MORE_DATA,19,,,,,,,,,,,,,,,,only 19 trades < min 20,mt5
run_20260427_185231_ab6e47,EUR/USD,forex,H4,trend_momentum,ema_cross,adx_min=0|fast_period=20|rsi_confirm=False|slow_period=100,both,all,NEEDS_MORE_DATA,11,,,,,,,,,,,,,,1.000000,,only 11 trades < min 20,mt5
run_20260427_185231_ab6e47,EUR/USD,forex,H4,trend_momentum,ema_cross,adx_min=0|fast_period=20|rsi_confirm=True|slow_period=100,both,all,NEEDS_MORE_DATA,9,,,,,,,,,,,,,,,,only 9 trades < min 20,mt5
run_20260427_185231_ab6e47,EUR/USD,forex,H4,trend_momentum,ema_cross,adx_min=20|fast_period=20|rsi_confirm=False|slow_period=100,both,all,NEEDS_MORE_DATA,11,,,,,,,,,,,,,,,,only 11 trades < min 20,mt5
run_20260427_185231_ab6e47,EUR/USD,forex,H4,trend_momentum,ema_cross,adx_min=20|fast_period=20|rsi_confirm=True|slow_period=100,both,all,NEEDS_MORE_DATA,9,,,,,,,,,,,,,,,,only 9 trades < min 20,mt5
run_20260427_185231_ab6e47,EUR/USD,forex,H4,trend_momentum,ema_cross,adx_min=25|fast_period=20|rsi_confirm=False|slow_period=100,both,all,NEEDS_MORE_DATA,11,,,,,,,,,,,,,,,,only 11 trades < min 20,mt5
run_20260427_185231_ab6e47,EUR/USD,forex,H4,trend_momentum,ema_cross,adx_min=25|fast_period=20|rsi_confirm=True|slow_period=100,both,all,NEEDS_MORE_DATA,9,,,,,,,,,,,,,,,,only 9 trades < min 20,mt5
run_20260427_185231_ab6e47,EUR/USD,forex,H4,trend_momentum,ema_cross,adx_min=0|fast_period=20|rsi_confirm=False|slow_period=200,both,all,NEEDS_MORE_DATA,11,,,,,,,,,,,,,,,,only 11 trades < min 20,mt5
run_20260427_185231_ab6e47,EUR/USD,forex,H4,trend_momentum,ema_cross,adx_min=0|fast_period=20|rsi_confirm=True|slow_period=200,both,all,NEEDS_MORE_DATA,9,,,,,,,,,,,,,,,,only 9 trades < min 20,mt5
run_20260427_185231_ab6e47,EUR/USD,forex,H4,trend_momentum,ema_cross,adx_min=20|fast_period=20|rsi_confirm=False|slow_period=200,both,all,NEEDS_MORE_DATA,11,,,,,,,,,,,,,,,,only 11 trades < min 20,mt5
run_20260427_185231_ab6e47,EUR/USD,forex,H4,trend_momentum,ema_cross,adx_min=20|fast_period=20|rsi_confirm=True|slow_period=200,both,all,NEEDS_MORE_DATA,9,,,,,,,,,,,,,,,,only 9 trades < min 20,mt5
run_20260427_185231_ab6e47,EUR/USD,forex,H4,trend_momentum,ema_cross,adx_min=25|fast_period=20|rsi_confirm=False|slow_period=200,both,all,NEEDS_MORE_DATA,8,,,,,,,,,,,,,,,,only 8 trades < min 20,mt5
run_20260427_185231_ab6e47,EUR/USD,forex,H4,trend_momentum,ema_cross,adx_min=25|fast_period=20|rsi_confirm=True|slow_period=200,both,all,NEEDS_MORE_DATA,6,,,,,,,,,,,,,,,,only 6 trades < min 20,mt5
run_20260427_185231_ab6e47,EUR/USD,forex,H4,trend_momentum,ema_alignment,adx_min=0|ema_long=200|ema_mid=50|ema_short=20,both,all,REJECT,25,0.240000,0.366029,-0.001666,-0.001666,-0.044656,-2.533302,-2.255308,0.025025,14.400000,-0.041000,-0.041000,-0.030501,-0.010829,0.356508,,,mt5
run_20260427_185231_ab6e47,EUR/USD,forex,H4,trend_momentum,ema_alignment,adx_min=20|ema_long=200|ema_mid=50|ema_short=20,both,all,REJECT,25,0.240000,0.366029,-0.001666,-0.001666,-0.044656,-2.533302,-2.255308,0.025025,14.400000,-0.041000,-0.041000,-0.030501,-0.010829,0.356508,,,mt5
run_20260427_185231_ab6e47,EUR/USD,forex,H4,trend_momentum,ema_alignment,adx_min=25|ema_long=200|ema_mid=50|ema_short=20,both,all,REJECT,24,0.208333,0.371814,-0.001619,-0.001619,-0.041959,-2.513812,-2.243919,0.024024,14.166667,-0.038292,-0.038292,-0.035527,-0.002867,0.268212,,,mt5
run_20260427_185231_ab6e47,EUR/USD,forex,H4,trend_momentum,macd_direction,adx_min=0|fast=12|signal_period=9|slow=26,both,all,WEAK_CANDIDATE,69,0.405797,1.067009,0.000131,0.000131,-0.026948,0.269317,0.219093,0.069069,14.362319,0.008246,0.008246,0.017117,-0.013884,0.516667,,,mt5
run_20260427_185231_ab6e47,EUR/USD,forex,H4,trend_momentum,macd_direction,adx_min=20|fast=12|signal_period=9|slow=26,both,all,WEAK_CANDIDATE,69,0.405797,1.067009,0.000131,0.000131,-0.026948,0.269317,0.219093,0.069069,14.362319,0.008246,0.008246,0.017117,-0.013884,0.516667,,,mt5
run_20260427_185231_ab6e47,GBP/USD,forex,H4,pullback,pullback_ema,pullback_period=20|rsi_reclaim=False|rsi_threshold=50|trend_period=200,both,all,REJECT,69,0.188406,0.576965,-0.000887,-0.000887,-0.066323,-2.029401,-1.681599,0.069069,7.753623,-0.060014,-0.060014,-0.028182,-0.032755,0.651311,,,mt5
run_20260427_185231_ab6e47,GBP/USD,forex,H4,pullback,pullback_ema,pullback_period=20|rsi_reclaim=True|rsi_threshold=50|trend_period=200,both,all,REJECT,63,0.190476,0.565979,-0.000949,-0.000949,-0.068379,-2.012007,-1.669849,0.063063,7.777778,-0.058659,-0.058659,-0.021218,-0.038253,0.459138,,,mt5
run_20260427_185231_ab6e47,GBP/USD,forex,H4,pullback,pullback_ema,pullback_period=50|rsi_reclaim=False|rsi_threshold=50|trend_period=200,both,all,REJECT,46,0.195652,0.378427,-0.001421,-0.001421,-0.073463,-3.024356,-2.630061,0.046046,11.782609,-0.063594,-0.063594,-0.031755,-0.032882,0.665353,,,mt5
run_20260427_185231_ab6e47,GBP/USD,forex,H4,pullback,pullback_ema,pullback_period=50|rsi_reclaim=True|rsi_threshold=50|trend_period=200,both,all,REJECT,36,0.222222,0.364066,-0.001508,-0.001508,-0.054934,-2.779730,-2.433219,0.036036,12.361111,-0.053114,-0.053114,-0.030154,-0.023674,0.551531,,,mt5
run_20260427_185231_ab6e47,GBP/USD,forex,H4,trend_momentum,ema_cross,adx_min=0|fast_period=10|rsi_confirm=False|slow_period=50,both,all,REJECT,34,0.264706,0.432056,-0.002381,-0.002381,-0.083475,-2.500066,-2.164237,0.034034,29.176471,-0.078509,-0.078509,-0.040007,-0.043259,0.596284,,,mt5
run_20260427_185231_ab6e47,GBP/USD,forex,H4,trend_momentum,ema_cross,adx_min=0|fast_period=10|rsi_confirm=True|slow_period=50,both,all,REJECT,32,0.218750,0.363164,-0.002833,-0.002833,-0.088180,-2.849425,-2.532047,0.032032,27.250000,-0.087376,-0.087376,-0.044338,-0.048170,0.582739,,,mt5
run_20260427_185231_ab6e47,GBP/USD,forex,H4,trend_momentum,ema_cross,adx_min=20|fast_period=10|rsi_confirm=False|slow_period=50,both,all,REJECT,34,0.264706,0.432056,-0.002381,-0.002381,-0.083475,-2.500066,-2.164237,0.034034,29.176471,-0.078509,-0.078509,-0.040007,-0.043259,0.596284,,,mt5
run_20260427_185231_ab6e47,GBP/USD,forex,H4,trend_momentum,ema_cross,adx_min=20|fast_period=10|rsi_confirm=True|slow_period=50,both,all,REJECT,32,0.218750,0.363164,-0.002833,-0.002833,-0.088180,-2.849425,-2.532047,0.032032,27.250000,-0.087376,-0.087376,-0.044338,-0.048170,0.582739,,,mt5
run_20260427_185231_ab6e47,GBP/USD,forex,H4,trend_momentum,ema_cross,adx_min=25|fast_period=10|rsi_confirm=False|slow_period=50,both,all,REJECT,32,0.218750,0.288281,-0.003162,-0.003162,-0.101676,-3.487642,-3.260674,0.032032,24.187500,-0.096809,-0.096809,-0.055971,-0.043259,0.523863,,,mt5
run_20260427_185231_ab6e47,GBP/USD,forex,H4,trend_momentum,ema_cross,adx_min=25|fast_period=10|rsi_confirm=True|slow_period=50,both,all,REJECT,30,0.166667,0.218994,-0.003696,-0.003696,-0.106287,-3.908106,-3.873063,0.030030,21.800000,-0.105499,-0.105499,-0.060230,-0.048170,0.519930,,,mt5
run_20260427_185231_ab6e47,GBP/USD,forex,H4,trend_momentum,ema_cross,adx_min=0|fast_period=10|rsi_confirm=False|slow_period=100,both,all,REJECT,20,0.300000,0.763247,-0.000726,-0.000726,-0.044210,-0.579296,-0.473696,0.020020,45.800000,-0.014891,-0.014891,-0.012525,0.004708,0.220000,,,mt5
run_20260427_185231_ab6e47,GBP/USD,forex,H4,trend_momentum,ema_cross,adx_min=0|fast_period=10|rsi_confirm=True|slow_period=100,both,all,NEEDS_MORE_DATA,18,,,,,,,,,,,,,,1.000000,,only 18 trades < min 20,mt5
run_20260427_185231_ab6e47,GBP/USD,forex,H4,trend_momentum,ema_cross,adx_min=20|fast_period=10|rsi_confirm=False|slow_period=100,both,all,REJECT,20,0.300000,0.763247,-0.000726,-0.000726,-0.044210,-0.579296,-0.473696,0.020020,45.800000,-0.014891,-0.014891,-0.012525,0.004708,0.220000,,,mt5
run_20260427_185231_ab6e47,GBP/USD,forex,H4,trend_momentum,ema_cross,adx_min=20|fast_period=10|rsi_confirm=True|slow_period=100,both,all,NEEDS_MORE_DATA,18,,,,,,,,,,,,,,1.000000,,only 18 trades < min 20,mt5
run_20260427_185231_ab6e47,GBP/USD,forex,H4,trend_momentum,ema_cross,adx_min=25|fast_period=10|rsi_confirm=False|slow_period=100,both,all,NEEDS_MORE_DATA,15,,,,,,,,,,,,,,1.000000,,only 15 trades < min 20,mt5
run_20260427_185231_ab6e47,GBP/USD,forex,H4,trend_momentum,ema_cross,adx_min=25|fast_period=10|rsi_confirm=True|slow_period=100,both,all,NEEDS_MORE_DATA,13,,,,,,,,,,,,,,1.000000,,only 13 trades < min 20,mt5
run_20260427_185231_ab6e47,GBP/USD,forex,H4,trend_momentum,ema_cross,adx_min=0|fast_period=10|rsi_confirm=False|slow_period=200,both,all,NEEDS_MORE_DATA,8,,,,,,,,,,,,,,,,only 8 trades < min 20,mt5
run_20260427_185231_ab6e47,GBP/USD,forex,H4,trend_momentum,ema_cross,adx_min=0|fast_period=10|rsi_confirm=True|slow_period=200,both,all,NEEDS_MORE_DATA,7,,,,,,,,,,,,,,,,only 7 trades < min 20,mt5
run_20260427_185231_ab6e47,GBP/USD,forex,H4,trend_momentum,ema_cross,adx_min=20|fast_period=10|rsi_confirm=False|slow_period=200,both,all,NEEDS_MORE_DATA,8,,,,,,,,,,,,,,,,only 8 trades < min 20,mt5
run_20260427_185231_ab6e47,GBP/USD,forex,H4,trend_momentum,ema_cross,adx_min=20|fast_period=10|rsi_confirm=True|slow_period=200,both,all,NEEDS_MORE_DATA,7,,,,,,,,,,,,,,,,only 7 trades < min 20,mt5
run_20260427_185231_ab6e47,GBP/USD,forex,H4,trend_momentum,ema_cross,adx_min=25|fast_period=10|rsi_confirm=False|slow_period=200,both,all,NEEDS_MORE_DATA,8,,,,,,,,,,,,,,,,only 8 trades < min 20,mt5
run_20260427_185231_ab6e47,GBP/USD,forex,H4,trend_momentum,ema_cross,adx_min=25|fast_period=10|rsi_confirm=True|slow_period=200,both,all,NEEDS_MORE_DATA,7,,,,,,,,,,,,,,,,only 7 trades < min 20,mt5
run_20260427_185231_ab6e47,GBP/USD,forex,H4,trend_momentum,ema_cross,adx_min=0|fast_period=20|rsi_confirm=False|slow_period=50,both,all,NEEDS_MORE_DATA,16,,,,,,,,,,,,,,1.000000,,only 16 trades < min 20,mt5
run_20260427_185231_ab6e47,GBP/USD,forex,H4,trend_momentum,ema_cross,adx_min=0|fast_period=20|rsi_confirm=True|slow_period=50,both,all,NEEDS_MORE_DATA,15,,,,,,,,,,,,,,1.000000,,only 15 trades < min 20,mt5
run_20260427_185231_ab6e47,GBP/USD,forex,H4,trend_momentum,ema_cross,adx_min=20|fast_period=20|rsi_confirm=False|slow_period=50,both,all,NEEDS_MORE_DATA,16,,,,,,,,,,,,,,1.000000,,only 16 trades < min 20,mt5
run_20260427_185231_ab6e47,GBP/USD,forex,H4,trend_momentum,ema_cross,adx_min=20|fast_period=20|rsi_confirm=True|slow_period=50,both,all,NEEDS_MORE_DATA,15,,,,,,,,,,,,,,1.000000,,only 15 trades < min 20,mt5
run_20260427_185231_ab6e47,GBP/USD,forex,H4,trend_momentum,ema_cross,adx_min=25|fast_period=20|rsi_confirm=False|slow_period=50,both,all,NEEDS_MORE_DATA,13,,,,,,,,,,,,,,1.000000,,only 13 trades < min 20,mt5
run_20260427_185231_ab6e47,GBP/USD,forex,H4,trend_momentum,ema_cross,adx_min=25|fast_period=20|rsi_confirm=True|slow_period=50,both,all,NEEDS_MORE_DATA,12,,,,,,,,,,,,,,,,only 12 trades < min 20,mt5
run_20260427_185231_ab6e47,GBP/USD,forex,H4,trend_momentum,ema_cross,adx_min=0|fast_period=20|rsi_confirm=False|slow_period=100,both,all,NEEDS_MORE_DATA,10,,,,,,,,,,,,,,1.000000,,only 10 trades < min 20,mt5
run_20260427_185231_ab6e47,GBP/USD,forex,H4,trend_momentum,ema_cross,adx_min=0|fast_period=20|rsi_confirm=True|slow_period=100,both,all,NEEDS_MORE_DATA,9,,,,,,,,,,,,,,,,only 9 trades < min 20,mt5
run_20260427_185231_ab6e47,GBP/USD,forex,H4,trend_momentum,ema_cross,adx_min=20|fast_period=20|rsi_confirm=False|slow_period=100,both,all,NEEDS_MORE_DATA,10,,,,,,,,,,,,,,,,only 10 trades < min 20,mt5
run_20260427_185231_ab6e47,GBP/USD,forex,H4,trend_momentum,ema_cross,adx_min=20|fast_period=20|rsi_confirm=True|slow_period=100,both,all,NEEDS_MORE_DATA,9,,,,,,,,,,,,,,,,only 9 trades < min 20,mt5
run_20260427_185231_ab6e47,GBP/USD,forex,H4,trend_momentum,ema_cross,adx_min=25|fast_period=20|rsi_confirm=False|slow_period=100,both,all,NEEDS_MORE_DATA,8,,,,,,,,,,,,,,,,only 8 trades < min 20,mt5
run_20260427_185231_ab6e47,GBP/USD,forex,H4,trend_momentum,ema_cross,adx_min=25|fast_period=20|rsi_confirm=True|slow_period=100,both,all,NEEDS_MORE_DATA,7,,,,,,,,,,,,,,,,only 7 trades < min 20,mt5
run_20260427_185231_ab6e47,GBP/USD,forex,H4,trend_momentum,ema_cross,adx_min=0|fast_period=20|rsi_confirm=False|slow_period=200,both,all,NEEDS_MORE_DATA,4,,,,,,,,,,,,,,,,only 4 trades < min 20,mt5
run_20260427_185231_ab6e47,GBP/USD,forex,H4,trend_momentum,ema_cross,adx_min=0|fast_period=20|rsi_confirm=True|slow_period=200,both,all,NEEDS_MORE_DATA,3,,,,,,,,,,,,,,,,only 3 trades < min 20,mt5
run_20260427_185231_ab6e47,GBP/USD,forex,H4,trend_momentum,ema_cross,adx_min=20|fast_period=20|rsi_confirm=False|slow_period=200,both,all,NEEDS_MORE_DATA,3,,,,,,,,,,,,,,,,only 3 trades < min 20,mt5
run_20260427_185231_ab6e47,GBP/USD,forex,H4,trend_momentum,ema_cross,adx_min=20|fast_period=20|rsi_confirm=True|slow_period=200,both,all,NEEDS_MORE_DATA,2,,,,,,,,,,,,,,,,only 2 trades < min 20,mt5
run_20260427_185231_ab6e47,GBP/USD,forex,H4,trend_momentum,ema_cross,adx_min=25|fast_period=20|rsi_confirm=False|slow_period=200,both,all,NEEDS_MORE_DATA,3,,,,,,,,,,,,,,,,only 3 trades < min 20,mt5
run_20260427_185231_ab6e47,GBP/USD,forex,H4,trend_momentum,ema_cross,adx_min=25|fast_period=20|rsi_confirm=True|slow_period=200,both,all,NEEDS_MORE_DATA,2,,,,,,,,,,,,,,,,only 2 trades < min 20,mt5
run_20260427_185231_ab6e47,GBP/USD,forex,H4,trend_momentum,ema_alignment,adx_min=0|ema_long=200|ema_mid=50|ema_short=20,both,all,REJECT,28,0.214286,0.419114,-0.001724,-0.001724,-0.055681,-2.249891,-1.946314,0.028028,18.214286,-0.047457,-0.047457,-0.011540,-0.036336,0.268000,,,mt5
run_20260427_185231_ab6e47,GBP/USD,forex,H4,trend_momentum,ema_alignment,adx_min=20|ema_long=200|ema_mid=50|ema_short=20,both,all,REJECT,28,0.214286,0.419114,-0.001724,-0.001724,-0.055681,-2.249891,-1.946314,0.028028,18.214286,-0.047457,-0.047457,-0.011540,-0.036336,0.268000,,,mt5
run_20260427_185231_ab6e47,GBP/USD,forex,H4,trend_momentum,ema_alignment,adx_min=25|ema_long=200|ema_mid=50|ema_short=20,both,all,REJECT,28,0.142857,0.217396,-0.002841,-0.002841,-0.084773,-3.601558,-3.495300,0.028028,15.821429,-0.076803,-0.076803,-0.041993,-0.036336,0.527591,,,mt5
run_20260427_185231_ab6e47,GBP/USD,forex,H4,trend_momentum,macd_direction,adx_min=0|fast=12|signal_period=9|slow=26,both,all,REJECT,74,0.391892,0.827509,-0.000466,-0.000466,-0.058773,-0.829937,-0.676878,0.074074,13.391892,-0.035160,-0.035160,-0.034706,-0.009540,0.499128,,,mt5
run_20260427_185231_ab6e47,GBP/USD,forex,H4,trend_momentum,macd_direction,adx_min=20|fast=12|signal_period=9|slow=26,both,all,REJECT,71,0.366197,0.730280,-0.000757,-0.000757,-0.068219,-1.335420,-1.094509,0.071071,13.197183,-0.053510,-0.053510,-0.044394,-0.009540,0.481132,,,mt5
run_20260427_185231_ab6e47,AUD/USD,forex,H4,pullback,pullback_ema,pullback_period=20|rsi_reclaim=False|rsi_threshold=50|trend_period=200,both,all,REJECT,66,0.151515,0.643275,-0.000984,-0.000984,-0.084719,-1.359453,-1.115263,0.066066,7.318182,-0.064478,-0.064478,-0.009380,-0.055620,0.400000,,,mt5
run_20260427_185231_ab6e47,AUD/USD,forex,H4,pullback,pullback_ema,pullback_period=20|rsi_reclaim=True|rsi_threshold=50|trend_period=200,both,all,REJECT,64,0.156250,0.658877,-0.000947,-0.000947,-0.083181,-1.270909,-1.041737,0.064064,7.468750,-0.060431,-0.060431,-0.005095,-0.055620,0.400000,,,mt5
run_20260427_185231_ab6e47,AUD/USD,forex,H4,pullback,pullback_ema,pullback_period=50|rsi_reclaim=False|rsi_threshold=50|trend_period=200,both,all,REJECT,50,0.160000,0.503170,-0.001527,-0.001527,-0.085686,-1.946143,-1.621763,0.050050,10.820000,-0.074582,-0.074582,-0.013330,-0.072396,0.400000,,,mt5
run_20260427_185231_ab6e47,AUD/USD,forex,H4,pullback,pullback_ema,pullback_period=50|rsi_reclaim=True|rsi_threshold=50|trend_period=200,both,all,REJECT,35,0.200000,0.565428,-0.001454,-0.001454,-0.064560,-1.366421,-1.130656,0.035035,12.571429,-0.050597,-0.050597,0.003408,-0.053822,0.310000,,,mt5
run_20260427_185231_ab6e47,AUD/USD,forex,H4,trend_momentum,ema_cross,adx_min=0|fast_period=10|rsi_confirm=False|slow_period=50,both,all,REJECT,28,0.250000,0.711886,-0.001417,-0.001417,-0.084929,-0.762787,-0.624522,0.028028,32.571429,-0.040829,-0.040829,-0.014022,-0.072480,0.284667,,,mt5
run_20260427_185231_ab6e47,AUD/USD,forex,H4,trend_momentum,ema_cross,adx_min=0|fast_period=10|rsi_confirm=True|slow_period=50,both,all,REJECT,26,0.269231,0.765698,-0.001156,-0.001156,-0.084929,-0.580801,-0.474323,0.026026,34.653846,-0.031541,-0.031541,-0.004474,-0.072480,0.272667,,,mt5
run_20260427_185231_ab6e47,AUD/USD,forex,H4,trend_momentum,ema_cross,adx_min=20|fast_period=10|rsi_confirm=False|slow_period=50,both,all,REJECT,28,0.250000,0.711886,-0.001417,-0.001417,-0.084929,-0.762787,-0.624522,0.028028,32.571429,-0.040829,-0.040829,-0.014022,-0.072480,0.284667,,,mt5
run_20260427_185231_ab6e47,AUD/USD,forex,H4,trend_momentum,ema_cross,adx_min=20|fast_period=10|rsi_confirm=True|slow_period=50,both,all,REJECT,26,0.269231,0.765698,-0.001156,-0.001156,-0.084929,-0.580801,-0.474323,0.026026,34.653846,-0.031541,-0.031541,-0.004474,-0.072480,0.272667,,,mt5
run_20260427_185231_ab6e47,AUD/USD,forex,H4,trend_momentum,ema_cross,adx_min=25|fast_period=10|rsi_confirm=False|slow_period=50,both,all,REJECT,24,0.208333,0.317343,-0.003765,-0.003765,-0.102130,-2.766983,-2.525211,0.024024,25.291667,-0.087147,-0.087147,-0.015814,-0.072480,0.244000,,,mt5
run_20260427_185231_ab6e47,AUD/USD,forex,H4,trend_momentum,ema_cross,adx_min=25|fast_period=10|rsi_confirm=True|slow_period=50,both,all,REJECT,22,0.227273,0.343280,-0.003671,-0.003671,-0.102130,-2.503494,-2.254224,0.022022,27.090909,-0.078308,-0.078308,-0.006283,-0.072480,0.232000,,,mt5
run_20260427_185231_ab6e47,AUD/USD,forex,H4,trend_momentum,ema_cross,adx_min=0|fast_period=10|rsi_confirm=False|slow_period=100,both,all,REJECT,26,0.153846,0.553119,-0.002469,-0.002469,-0.070916,-1.227038,-1.017039,0.026026,35.192308,-0.064076,-0.064076,-0.038883,-0.070727,0.310303,,,mt5
run_20260427_185231_ab6e47,AUD/USD,forex,H4,trend_momentum,ema_cross,adx_min=0|fast_period=10|rsi_confirm=True|slow_period=100,both,all,REJECT,23,0.173913,0.602524,-0.002284,-0.002284,-0.070916,-1.009961,-0.833379,0.023023,39.260870,-0.053092,-0.053092,-0.027603,-0.070727,0.238000,,,mt5
run_20260427_185231_ab6e47,AUD/USD,forex,H4,trend_momentum,ema_cross,adx_min=20|fast_period=10|rsi_confirm=False|slow_period=100,both,all,REJECT,26,0.153846,0.553119,-0.002469,-0.002469,-0.070916,-1.227038,-1.017039,0.026026,35.192308,-0.064076,-0.064076,-0.038883,-0.070727,0.310303,,,mt5
run_20260427_185231_ab6e47,AUD/USD,forex,H4,trend_momentum,ema_cross,adx_min=20|fast_period=10|rsi_confirm=True|slow_period=100,both,all,REJECT,23,0.173913,0.602524,-0.002284,-0.002284,-0.070916,-1.009961,-0.833379,0.023023,39.260870,-0.053092,-0.053092,-0.027603,-0.070727,0.238000,,,mt5
run_20260427_185231_ab6e47,AUD/USD,forex,H4,trend_momentum,ema_cross,adx_min=25|fast_period=10|rsi_confirm=False|slow_period=100,both,all,NEEDS_MORE_DATA,19,,,,,,,,,,,,,,1.000000,,only 19 trades < min 20,mt5
run_20260427_185231_ab6e47,AUD/USD,forex,H4,trend_momentum,ema_cross,adx_min=25|fast_period=10|rsi_confirm=True|slow_period=100,both,all,NEEDS_MORE_DATA,17,,,,,,,,,,,,,,1.000000,,only 17 trades < min 20,mt5
run_20260427_185231_ab6e47,AUD/USD,forex,H4,trend_momentum,ema_cross,adx_min=0|fast_period=10|rsi_confirm=False|slow_period=200,both,all,NEEDS_MORE_DATA,16,,,,,,,,,,,,,,,,only 16 trades < min 20,mt5
run_20260427_185231_ab6e47,AUD/USD,forex,H4,trend_momentum,ema_cross,adx_min=0|fast_period=10|rsi_confirm=True|slow_period=200,both,all,NEEDS_MORE_DATA,14,,,,,,,,,,,,,,,,only 14 trades < min 20,mt5
run_20260427_185231_ab6e47,AUD/USD,forex,H4,trend_momentum,ema_cross,adx_min=20|fast_period=10|rsi_confirm=False|slow_period=200,both,all,NEEDS_MORE_DATA,16,,,,,,,,,,,,,,,,only 16 trades < min 20,mt5
run_20260427_185231_ab6e47,AUD/USD,forex,H4,trend_momentum,ema_cross,adx_min=20|fast_period=10|rsi_confirm=True|slow_period=200,both,all,NEEDS_MORE_DATA,14,,,,,,,,,,,,,,,,only 14 trades < min 20,mt5
run_20260427_185231_ab6e47,AUD/USD,forex,H4,trend_momentum,ema_cross,adx_min=25|fast_period=10|rsi_confirm=False|slow_period=200,both,all,NEEDS_MORE_DATA,12,,,,,,,,,,,,,,,,only 12 trades < min 20,mt5
run_20260427_185231_ab6e47,AUD/USD,forex,H4,trend_momentum,ema_cross,adx_min=25|fast_period=10|rsi_confirm=True|slow_period=200,both,all,NEEDS_MORE_DATA,10,,,,,,,,,,,,,,,,only 10 trades < min 20,mt5
run_20260427_185231_ab6e47,AUD/USD,forex,H4,trend_momentum,ema_cross,adx_min=0|fast_period=20|rsi_confirm=False|slow_period=50,both,all,NEEDS_MORE_DATA,18,,,,,,,,,,,,,,1.000000,,only 18 trades < min 20,mt5
run_20260427_185231_ab6e47,AUD/USD,forex,H4,trend_momentum,ema_cross,adx_min=0|fast_period=20|rsi_confirm=True|slow_period=50,both,all,NEEDS_MORE_DATA,17,,,,,,,,,,,,,,1.000000,,only 17 trades < min 20,mt5
run_20260427_185231_ab6e47,AUD/USD,forex,H4,trend_momentum,ema_cross,adx_min=20|fast_period=20|rsi_confirm=False|slow_period=50,both,all,NEEDS_MORE_DATA,18,,,,,,,,,,,,,,1.000000,,only 18 trades < min 20,mt5
run_20260427_185231_ab6e47,AUD/USD,forex,H4,trend_momentum,ema_cross,adx_min=20|fast_period=20|rsi_confirm=True|slow_period=50,both,all,NEEDS_MORE_DATA,17,,,,,,,,,,,,,,1.000000,,only 17 trades < min 20,mt5
run_20260427_185231_ab6e47,AUD/USD,forex,H4,trend_momentum,ema_cross,adx_min=25|fast_period=20|rsi_confirm=False|slow_period=50,both,all,NEEDS_MORE_DATA,15,,,,,,,,,,,,,,1.000000,,only 15 trades < min 20,mt5
run_20260427_185231_ab6e47,AUD/USD,forex,H4,trend_momentum,ema_cross,adx_min=25|fast_period=20|rsi_confirm=True|slow_period=50,both,all,NEEDS_MORE_DATA,14,,,,,,,,,,,,,,,,only 14 trades < min 20,mt5
run_20260427_185231_ab6e47,AUD/USD,forex,H4,trend_momentum,ema_cross,adx_min=0|fast_period=20|rsi_confirm=False|slow_period=100,both,all,NEEDS_MORE_DATA,16,,,,,,,,,,,,,,1.000000,,only 16 trades < min 20,mt5
run_20260427_185231_ab6e47,AUD/USD,forex,H4,trend_momentum,ema_cross,adx_min=0|fast_period=20|rsi_confirm=True|slow_period=100,both,all,NEEDS_MORE_DATA,15,,,,,,,,,,,,,,,,only 15 trades < min 20,mt5
run_20260427_185231_ab6e47,AUD/USD,forex,H4,trend_momentum,ema_cross,adx_min=20|fast_period=20|rsi_confirm=False|slow_period=100,both,all,NEEDS_MORE_DATA,16,,,,,,,,,,,,,,,,only 16 trades < min 20,mt5
run_20260427_185231_ab6e47,AUD/USD,forex,H4,trend_momentum,ema_cross,adx_min=20|fast_period=20|rsi_confirm=True|slow_period=100,both,all,NEEDS_MORE_DATA,15,,,,,,,,,,,,,,,,only 15 trades < min 20,mt5
run_20260427_185231_ab6e47,AUD/USD,forex,H4,trend_momentum,ema_cross,adx_min=25|fast_period=20|rsi_confirm=False|slow_period=100,both,all,NEEDS_MORE_DATA,14,,,,,,,,,,,,,,,,only 14 trades < min 20,mt5
run_20260427_185231_ab6e47,AUD/USD,forex,H4,trend_momentum,ema_cross,adx_min=25|fast_period=20|rsi_confirm=True|slow_period=100,both,all,NEEDS_MORE_DATA,13,,,,,,,,,,,,,,,,only 13 trades < min 20,mt5
run_20260427_185231_ab6e47,AUD/USD,forex,H4,trend_momentum,ema_cross,adx_min=0|fast_period=20|rsi_confirm=False|slow_period=200,both,all,NEEDS_MORE_DATA,10,,,,,,,,,,,,,,,,only 10 trades < min 20,mt5
run_20260427_185231_ab6e47,AUD/USD,forex,H4,trend_momentum,ema_cross,adx_min=0|fast_period=20|rsi_confirm=True|slow_period=200,both,all,NEEDS_MORE_DATA,9,,,,,,,,,,,,,,,,only 9 trades < min 20,mt5
run_20260427_185231_ab6e47,AUD/USD,forex,H4,trend_momentum,ema_cross,adx_min=20|fast_period=20|rsi_confirm=False|slow_period=200,both,all,NEEDS_MORE_DATA,10,,,,,,,,,,,,,,,,only 10 trades < min 20,mt5
run_20260427_185231_ab6e47,AUD/USD,forex,H4,trend_momentum,ema_cross,adx_min=20|fast_period=20|rsi_confirm=True|slow_period=200,both,all,NEEDS_MORE_DATA,9,,,,,,,,,,,,,,,,only 9 trades < min 20,mt5
run_20260427_185231_ab6e47,AUD/USD,forex,H4,trend_momentum,ema_cross,adx_min=25|fast_period=20|rsi_confirm=False|slow_period=200,both,all,NEEDS_MORE_DATA,9,,,,,,,,,,,,,,,,only 9 trades < min 20,mt5
run_20260427_185231_ab6e47,AUD/USD,forex,H4,trend_momentum,ema_cross,adx_min=25|fast_period=20|rsi_confirm=True|slow_period=200,both,all,NEEDS_MORE_DATA,8,,,,,,,,,,,,,,,,only 8 trades < min 20,mt5
run_20260427_185231_ab6e47,AUD/USD,forex,H4,trend_momentum,ema_alignment,adx_min=0|ema_long=200|ema_mid=50|ema_short=20,both,all,REJECT,30,0.133333,0.277881,-0.003041,-0.003041,-0.107561,-3.181247,-2.922656,0.030030,13.633333,-0.087753,-0.087753,-0.043143,-0.054594,0.500368,,,mt5
run_20260427_185231_ab6e47,AUD/USD,forex,H4,trend_momentum,ema_alignment,adx_min=20|ema_long=200|ema_mid=50|ema_short=20,both,all,REJECT,30,0.133333,0.277881,-0.003041,-0.003041,-0.107561,-3.181247,-2.922656,0.030030,13.633333,-0.087753,-0.087753,-0.043143,-0.054594,0.500368,,,mt5
run_20260427_185231_ab6e47,AUD/USD,forex,H4,trend_momentum,ema_alignment,adx_min=25|ema_long=200|ema_mid=50|ema_short=20,both,all,REJECT,28,0.142857,0.297942,-0.002954,-0.002954,-0.099922,-2.925738,-2.654442,0.028028,14.142857,-0.079945,-0.079945,-0.034952,-0.054594,0.399406,,,mt5
run_20260427_185231_ab6e47,AUD/USD,forex,H4,trend_momentum,macd_direction,adx_min=0|fast=12|signal_period=9|slow=26,both,all,REJECT,76,0.368421,0.771139,-0.000793,-0.000793,-0.081919,-1.091390,-0.891855,0.076076,13.065789,-0.060652,-0.060652,-0.035221,-0.026593,0.643175,,,mt5
run_20260427_185231_ab6e47,AUD/USD,forex,H4,trend_momentum,macd_direction,adx_min=20|fast=12|signal_period=9|slow=26,both,all,REJECT,70,0.371429,0.706700,-0.001053,-0.001053,-0.085419,-1.392423,-1.142159,0.070070,13.414286,-0.073002,-0.073002,-0.038899,-0.035714,0.692099,,,mt5
run_20260427_185231_ab6e47,USD/CHF,forex,H4,pullback,pullback_ema,pullback_period=20|rsi_reclaim=False|rsi_threshold=50|trend_period=200,both,all,REJECT,74,0.148649,0.386530,-0.001422,-0.001422,-0.101979,-3.323163,-2.835222,0.074074,5.783784,-0.100566,-0.100566,-0.056491,-0.046714,0.648077,,,mt5
run_20260427_185231_ab6e47,USD/CHF,forex,H4,pullback,pullback_ema,pullback_period=20|rsi_reclaim=True|rsi_threshold=50|trend_period=200,both,all,REJECT,63,0.158730,0.398127,-0.001452,-0.001452,-0.092073,-2.963981,-2.521880,0.063063,6.158730,-0.088063,-0.088063,-0.048036,-0.042047,0.662597,,,mt5
run_20260427_185231_ab6e47,USD/CHF,forex,H4,pullback,pullback_ema,pullback_period=50|rsi_reclaim=False|rsi_threshold=50|trend_period=200,both,all,REJECT,49,0.102041,0.249295,-0.001989,-0.001989,-0.093928,-4.426269,-4.160614,0.049049,8.591837,-0.093209,-0.093209,-0.059089,-0.040669,0.600476,,,mt5
run_20260427_185231_ab6e47,USD/CHF,forex,H4,pullback,pullback_ema,pullback_period=50|rsi_reclaim=True|rsi_threshold=50|trend_period=200,both,all,REJECT,32,0.125000,0.255115,-0.002129,-0.002129,-0.068092,-3.557829,-3.348255,0.032032,9.937500,-0.066110,-0.066110,-0.043833,-0.027764,0.482020,,,mt5
run_20260427_185231_ab6e47,USD/CHF,forex,H4,trend_momentum,ema_cross,adx_min=0|fast_period=10|rsi_confirm=False|slow_period=50,both,all,REJECT,32,0.250000,0.541765,-0.001494,-0.001494,-0.063131,-1.609021,-1.343800,0.032032,30.781250,-0.047302,-0.047302,-0.034982,-0.015091,0.438088,,,mt5
run_20260427_185231_ab6e47,USD/CHF,forex,H4,trend_momentum,ema_cross,adx_min=0|fast_period=10|rsi_confirm=True|slow_period=50,both,all,REJECT,29,0.241379,0.545705,-0.001537,-0.001537,-0.060093,-1.517913,-1.267193,0.029029,31.655172,-0.044212,-0.044212,-0.031853,-0.015091,0.432803,,,mt5
run_20260427_185231_ab6e47,USD/CHF,forex,H4,trend_momentum,ema_cross,adx_min=20|fast_period=10|rsi_confirm=False|slow_period=50,both,all,REJECT,27,0.259259,0.553017,-0.001350,-0.001350,-0.049982,-1.396682,-1.163214,0.027027,30.185185,-0.036282,-0.036282,-0.032561,-0.006192,0.335721,,,mt5
run_20260427_185231_ab6e47,USD/CHF,forex,H4,trend_momentum,ema_cross,adx_min=20|fast_period=10|rsi_confirm=True|slow_period=50,both,all,REJECT,24,0.250000,0.559072,-0.001384,-0.001384,-0.046902,-1.292443,-1.075517,0.024024,31.166667,-0.033157,-0.033157,-0.029424,-0.006192,0.323804,,,mt5
run_20260427_185231_ab6e47,USD/CHF,forex,H4,trend_momentum,ema_cross,adx_min=25|fast_period=10|rsi_confirm=False|slow_period=50,both,all,REJECT,21,0.285714,0.686568,-0.000925,-0.000925,-0.042905,-0.780768,-0.641013,0.021021,32.857143,-0.019683,-0.019683,-0.021068,0.001415,0.226000,,,mt5
run_20260427_185231_ab6e47,USD/CHF,forex,H4,trend_momentum,ema_cross,adx_min=25|fast_period=10|rsi_confirm=True|slow_period=50,both,all,NEEDS_MORE_DATA,18,,,,,,,,,,,,,,1.000000,,only 18 trades < min 20,mt5
run_20260427_185231_ab6e47,USD/CHF,forex,H4,trend_momentum,ema_cross,adx_min=0|fast_period=10|rsi_confirm=False|slow_period=100,both,all,REJECT,25,0.160000,0.312711,-0.003057,-0.003057,-0.085610,-2.769056,-2.514243,0.025025,36.760000,-0.074107,-0.074107,-0.079365,-0.011601,0.293851,,,mt5
run_20260427_185231_ab6e47,USD/CHF,forex,H4,trend_momentum,ema_cross,adx_min=0|fast_period=10|rsi_confirm=True|slow_period=100,both,all,REJECT,22,0.181818,0.338807,-0.003084,-0.003084,-0.077732,-2.488831,-2.238070,0.022022,37.727273,-0.066130,-0.066130,-0.071434,-0.011601,0.280720,,,mt5
run_20260427_185231_ab6e47,USD/CHF,forex,H4,trend_momentum,ema_cross,adx_min=20|fast_period=10|rsi_confirm=False|slow_period=100,both,all,REJECT,22,0.181818,0.378124,-0.002614,-0.002614,-0.079365,-2.212143,-1.944324,0.022022,40.772727,-0.056377,-0.056377,-0.079365,0.007326,0.232000,,,mt5
run_20260427_185231_ab6e47,USD/CHF,forex,H4,trend_momentum,ema_cross,adx_min=20|fast_period=10|rsi_confirm=True|slow_period=100,both,all,NEEDS_MORE_DATA,19,,,,,,,,,,,,,,1.000000,,only 19 trades < min 20,mt5
run_20260427_185231_ab6e47,USD/CHF,forex,H4,trend_momentum,ema_cross,adx_min=25|fast_period=10|rsi_confirm=False|slow_period=100,both,all,NEEDS_MORE_DATA,16,,,,,,,,,,,,,,1.000000,,only 16 trades < min 20,mt5
run_20260427_185231_ab6e47,USD/CHF,forex,H4,trend_momentum,ema_cross,adx_min=25|fast_period=10|rsi_confirm=True|slow_period=100,both,all,NEEDS_MORE_DATA,13,,,,,,,,,,,,,,1.000000,,only 13 trades < min 20,mt5
run_20260427_185231_ab6e47,USD/CHF,forex,H4,trend_momentum,ema_cross,adx_min=0|fast_period=10|rsi_confirm=False|slow_period=200,both,all,NEEDS_MORE_DATA,17,,,,,,,,,,,,,,,,only 17 trades < min 20,mt5
run_20260427_185231_ab6e47,USD/CHF,forex,H4,trend_momentum,ema_cross,adx_min=0|fast_period=10|rsi_confirm=True|slow_period=200,both,all,NEEDS_MORE_DATA,14,,,,,,,,,,,,,,,,only 14 trades < min 20,mt5
run_20260427_185231_ab6e47,USD/CHF,forex,H4,trend_momentum,ema_cross,adx_min=20|fast_period=10|rsi_confirm=False|slow_period=200,both,all,NEEDS_MORE_DATA,16,,,,,,,,,,,,,,,,only 16 trades < min 20,mt5
run_20260427_185231_ab6e47,USD/CHF,forex,H4,trend_momentum,ema_cross,adx_min=20|fast_period=10|rsi_confirm=True|slow_period=200,both,all,NEEDS_MORE_DATA,13,,,,,,,,,,,,,,,,only 13 trades < min 20,mt5
run_20260427_185231_ab6e47,USD/CHF,forex,H4,trend_momentum,ema_cross,adx_min=25|fast_period=10|rsi_confirm=False|slow_period=200,both,all,NEEDS_MORE_DATA,15,,,,,,,,,,,,,,,,only 15 trades < min 20,mt5
run_20260427_185231_ab6e47,USD/CHF,forex,H4,trend_momentum,ema_cross,adx_min=25|fast_period=10|rsi_confirm=True|slow_period=200,both,all,NEEDS_MORE_DATA,12,,,,,,,,,,,,,,,,only 12 trades < min 20,mt5
run_20260427_185231_ab6e47,USD/CHF,forex,H4,trend_momentum,ema_cross,adx_min=0|fast_period=20|rsi_confirm=False|slow_period=50,both,all,REJECT,22,0.181818,0.449088,-0.002188,-0.002188,-0.061831,-1.679214,-1.426010,0.022022,45.000000,-0.047585,-0.047585,-0.058979,-0.008545,0.275465,,,mt5
run_20260427_185231_ab6e47,USD/CHF,forex,H4,trend_momentum,ema_cross,adx_min=0|fast_period=20|rsi_confirm=True|slow_period=50,both,all,NEEDS_MORE_DATA,18,,,,,,,,,,,,,,1.000000,,only 18 trades < min 20,mt5
run_20260427_185231_ab6e47,USD/CHF,forex,H4,trend_momentum,ema_cross,adx_min=20|fast_period=20|rsi_confirm=False|slow_period=50,both,all,REJECT,22,0.181818,0.449088,-0.002188,-0.002188,-0.061831,-1.679214,-1.426010,0.022022,45.000000,-0.047585,-0.047585,-0.058979,-0.008545,0.275465,,,mt5
run_20260427_185231_ab6e47,USD/CHF,forex,H4,trend_momentum,ema_cross,adx_min=20|fast_period=20|rsi_confirm=True|slow_period=50,both,all,NEEDS_MORE_DATA,18,,,,,,,,,,,,,,1.000000,,only 18 trades < min 20,mt5
run_20260427_185231_ab6e47,USD/CHF,forex,H4,trend_momentum,ema_cross,adx_min=25|fast_period=20|rsi_confirm=False|slow_period=50,both,all,NEEDS_MORE_DATA,19,,,,,,,,,,,,,,1.000000,,only 19 trades < min 20,mt5
run_20260427_185231_ab6e47,USD/CHF,forex,H4,trend_momentum,ema_cross,adx_min=25|fast_period=20|rsi_confirm=True|slow_period=50,both,all,NEEDS_MORE_DATA,15,,,,,,,,,,,,,,,,only 15 trades < min 20,mt5
run_20260427_185231_ab6e47,USD/CHF,forex,H4,trend_momentum,ema_cross,adx_min=0|fast_period=20|rsi_confirm=False|slow_period=100,both,all,REJECT,21,0.142857,0.294811,-0.003727,-0.003727,-0.088271,-2.608921,-2.386890,0.021021,44.095238,-0.075905,-0.075905,-0.088271,-0.002856,0.235707,,,mt5
run_20260427_185231_ab6e47,USD/CHF,forex,H4,trend_momentum,ema_cross,adx_min=0|fast_period=20|rsi_confirm=True|slow_period=100,both,all,NEEDS_MORE_DATA,17,,,,,,,,,,,,,,,,only 17 trades < min 20,mt5
run_20260427_185231_ab6e47,USD/CHF,forex,H4,trend_momentum,ema_cross,adx_min=20|fast_period=20|rsi_confirm=False|slow_period=100,both,all,NEEDS_MORE_DATA,17,,,,,,,,,,,,,,,,only 17 trades < min 20,mt5
run_20260427_185231_ab6e47,USD/CHF,forex,H4,trend_momentum,ema_cross,adx_min=20|fast_period=20|rsi_confirm=True|slow_period=100,both,all,NEEDS_MORE_DATA,13,,,,,,,,,,,,,,,,only 13 trades < min 20,mt5
run_20260427_185231_ab6e47,USD/CHF,forex,H4,trend_momentum,ema_cross,adx_min=25|fast_period=20|rsi_confirm=False|slow_period=100,both,all,NEEDS_MORE_DATA,15,,,,,,,,,,,,,,,,only 15 trades < min 20,mt5
run_20260427_185231_ab6e47,USD/CHF,forex,H4,trend_momentum,ema_cross,adx_min=25|fast_period=20|rsi_confirm=True|slow_period=100,both,all,NEEDS_MORE_DATA,12,,,,,,,,,,,,,,,,only 12 trades < min 20,mt5
run_20260427_185231_ab6e47,USD/CHF,forex,H4,trend_momentum,ema_cross,adx_min=0|fast_period=20|rsi_confirm=False|slow_period=200,both,all,NEEDS_MORE_DATA,15,,,,,,,,,,,,,,,,only 15 trades < min 20,mt5
run_20260427_185231_ab6e47,USD/CHF,forex,H4,trend_momentum,ema_cross,adx_min=0|fast_period=20|rsi_confirm=True|slow_period=200,both,all,NEEDS_MORE_DATA,12,,,,,,,,,,,,,,,,only 12 trades < min 20,mt5
run_20260427_185231_ab6e47,USD/CHF,forex,H4,trend_momentum,ema_cross,adx_min=20|fast_period=20|rsi_confirm=False|slow_period=200,both,all,NEEDS_MORE_DATA,15,,,,,,,,,,,,,,,,only 15 trades < min 20,mt5
run_20260427_185231_ab6e47,USD/CHF,forex,H4,trend_momentum,ema_cross,adx_min=20|fast_period=20|rsi_confirm=True|slow_period=200,both,all,NEEDS_MORE_DATA,12,,,,,,,,,,,,,,,,only 12 trades < min 20,mt5
run_20260427_185231_ab6e47,USD/CHF,forex,H4,trend_momentum,ema_cross,adx_min=25|fast_period=20|rsi_confirm=False|slow_period=200,both,all,NEEDS_MORE_DATA,15,,,,,,,,,,,,,,,,only 15 trades < min 20,mt5
run_20260427_185231_ab6e47,USD/CHF,forex,H4,trend_momentum,ema_cross,adx_min=25|fast_period=20|rsi_confirm=True|slow_period=200,both,all,NEEDS_MORE_DATA,12,,,,,,,,,,,,,,,,only 12 trades < min 20,mt5
run_20260427_185231_ab6e47,USD/CHF,forex,H4,trend_momentum,ema_alignment,adx_min=0|ema_long=200|ema_mid=50|ema_short=20,both,all,REJECT,27,0.185185,0.441673,-0.001575,-0.001575,-0.047707,-1.906053,-1.621907,0.027027,13.777778,-0.041993,-0.041993,-0.033922,-0.016310,0.406246,,,mt5
run_20260427_185231_ab6e47,USD/CHF,forex,H4,trend_momentum,ema_alignment,adx_min=20|ema_long=200|ema_mid=50|ema_short=20,both,all,REJECT,27,0.185185,0.441673,-0.001575,-0.001575,-0.047707,-1.906053,-1.621907,0.027027,13.777778,-0.041993,-0.041993,-0.033922,-0.016310,0.406246,,,mt5
run_20260427_185231_ab6e47,USD/CHF,forex,H4,trend_momentum,ema_alignment,adx_min=25|ema_long=200|ema_mid=50|ema_short=20,both,all,REJECT,25,0.160000,0.390885,-0.001811,-0.001811,-0.044603,-2.061258,-1.776485,0.025025,13.480000,-0.044603,-0.044603,-0.027245,-0.016310,0.429597,,,mt5
run_20260427_185231_ab6e47,USD/CHF,forex,H4,trend_momentum,macd_direction,adx_min=0|fast=12|signal_period=9|slow=26,both,all,REJECT,71,0.380282,0.936829,-0.000162,-0.000162,-0.056647,-0.271065,-0.220514,0.071071,14.000000,-0.012815,-0.012815,0.023524,-0.035557,0.416667,,,mt5
run_20260427_185231_ab6e47,USD/CHF,forex,H4,trend_momentum,macd_direction,adx_min=20|fast=12|signal_period=9|slow=26,both,all,REJECT,68,0.382353,0.946832,-0.000134,-0.000134,-0.054246,-0.220347,-0.179237,0.068068,14.161765,-0.010302,-0.010302,0.023524,-0.033102,0.416667,,,mt5
