run_id,symbol,asset_class,timeframe,family,strategy_name,params_str,direction,session,status,trade_count,win_rate,profit_factor,avg_return,expectancy,max_drawdown,sharpe,sqn,exposure_pct,avg_duration_bars,gross_return,net_return,is_return,oos_return,robustness_score,param_sensitivity,skip_reason
run_20260426_095404,GBP/USD,forex,H1,trend_momentum,ema_cross,adx_min=0|fast_period=10|rsi_confirm=False|slow_period=50,both,all,REJECT,27,0.222222,0.523629,-0.001488,-0.001488,-0.051286,-0.705917,-1.459173,0.027027,36.740741,-0.039777,-0.039777,-0.033537,-0.017067,0.414670,,
run_20260426_095404,GBP/USD,forex,H1,trend_momentum,ema_cross,adx_min=0|fast_period=10|rsi_confirm=True|slow_period=50,both,all,REJECT,27,0.222222,0.523629,-0.001488,-0.001488,-0.051286,-0.705917,-1.459173,0.027027,36.740741,-0.039777,-0.039777,-0.033537,-0.017067,0.414670,,
run_20260426_095404,GBP/USD,forex,H1,trend_momentum,ema_cross,adx_min=20|fast_period=10|rsi_confirm=False|slow_period=50,both,all,REJECT,24,0.250000,0.605774,-0.001198,-0.001198,-0.040349,-0.520497,-1.060293,0.024024,39.625000,-0.028707,-0.028707,-0.022395,-0.017067,0.472626,,
run_20260426_095404,GBP/USD,forex,H1,trend_momentum,ema_cross,adx_min=20|fast_period=10|rsi_confirm=True|slow_period=50,both,all,REJECT,24,0.250000,0.605774,-0.001198,-0.001198,-0.040349,-0.520497,-1.060293,0.024024,39.625000,-0.028707,-0.028707,-0.022395,-0.017067,0.472626,,
run_20260426_095404,GBP/USD,forex,H1,trend_momentum,ema_cross,adx_min=25|fast_period=10|rsi_confirm=False|slow_period=50,both,all,NEEDS_MORE_DATA,17,,,,,,,,,,,,,,,,only 17 trades < min 20
run_20260426_095404,GBP/USD,forex,H1,trend_momentum,ema_cross,adx_min=25|fast_period=10|rsi_confirm=True|slow_period=50,both,all,NEEDS_MORE_DATA,17,,,,,,,,,,,,,,,,only 17 trades < min 20
run_20260426_095404,GBP/USD,forex,H1,trend_momentum,ema_cross,adx_min=0|fast_period=10|rsi_confirm=False|slow_period=100,both,all,REJECT,21,0.190476,0.444863,-0.001842,-0.001842,-0.048431,-0.749303,-1.576779,0.021021,47.333333,-0.038272,-0.038272,-0.037741,-0.014512,0.341356,,
run_20260426_095404,GBP/USD,forex,H1,trend_momentum,ema_cross,adx_min=0|fast_period=10|rsi_confirm=True|slow_period=100,both,all,REJECT,20,0.200000,0.479746,-0.001692,-0.001692,-0.043800,-0.663037,-1.381149,0.020020,48.900000,-0.033591,-0.033591,-0.033252,-0.014512,0.350932,,
run_20260426_095404,GBP/USD,forex,H1,trend_momentum,ema_cross,adx_min=20|fast_period=10|rsi_confirm=False|slow_period=100,both,all,REJECT,21,0.190476,0.444863,-0.001842,-0.001842,-0.048431,-0.749303,-1.576779,0.021021,47.333333,-0.038272,-0.038272,-0.037741,-0.014512,0.341356,,
run_20260426_095404,GBP/USD,forex,H1,trend_momentum,ema_cross,adx_min=20|fast_period=10|rsi_confirm=True|slow_period=100,both,all,REJECT,20,0.200000,0.479746,-0.001692,-0.001692,-0.043800,-0.663037,-1.381149,0.020020,48.900000,-0.033591,-0.033591,-0.033252,-0.014512,0.350932,,
run_20260426_095404,GBP/USD,forex,H1,trend_momentum,ema_cross,adx_min=25|fast_period=10|rsi_confirm=False|slow_period=100,both,all,NEEDS_MORE_DATA,17,,,,,,,,,,,,,,,,only 17 trades < min 20
run_20260426_095404,GBP/USD,forex,H1,trend_momentum,ema_cross,adx_min=25|fast_period=10|rsi_confirm=True|slow_period=100,both,all,NEEDS_MORE_DATA,16,,,,,,,,,,,,,,,,only 16 trades < min 20
run_20260426_095404,GBP/USD,forex,H1,trend_momentum,ema_cross,adx_min=0|fast_period=10|rsi_confirm=False|slow_period=200,both,all,NEEDS_MORE_DATA,17,,,,,,,,,,,,,,,,only 17 trades < min 20
run_20260426_095404,GBP/USD,forex,H1,trend_momentum,ema_cross,adx_min=0|fast_period=10|rsi_confirm=True|slow_period=200,both,all,NEEDS_MORE_DATA,17,,,,,,,,,,,,,,,,only 17 trades < min 20
run_20260426_095404,GBP/USD,forex,H1,trend_momentum,ema_cross,adx_min=20|fast_period=10|rsi_confirm=False|slow_period=200,both,all,NEEDS_MORE_DATA,17,,,,,,,,,,,,,,,,only 17 trades < min 20
run_20260426_095404,GBP/USD,forex,H1,trend_momentum,ema_cross,adx_min=20|fast_period=10|rsi_confirm=True|slow_period=200,both,all,NEEDS_MORE_DATA,17,,,,,,,,,,,,,,,,only 17 trades < min 20
run_20260426_095404,GBP/USD,forex,H1,trend_momentum,ema_cross,adx_min=25|fast_period=10|rsi_confirm=False|slow_period=200,both,all,NEEDS_MORE_DATA,16,,,,,,,,,,,,,,,,only 16 trades < min 20
run_20260426_095404,GBP/USD,forex,H1,trend_momentum,ema_cross,adx_min=25|fast_period=10|rsi_confirm=True|slow_period=200,both,all,NEEDS_MORE_DATA,16,,,,,,,,,,,,,,,,only 16 trades < min 20
run_20260426_095404,GBP/USD,forex,H1,trend_momentum,ema_cross,adx_min=0|fast_period=20|rsi_confirm=False|slow_period=50,both,all,REJECT,23,0.173913,0.391480,-0.002773,-0.002773,-0.079714,-0.875928,-1.869997,0.023023,43.260870,-0.062423,-0.062423,-0.068394,-0.012777,0.294045,,
run_20260426_095404,GBP/USD,forex,H1,trend_momentum,ema_cross,adx_min=0|fast_period=20|rsi_confirm=True|slow_period=50,both,all,REJECT,23,0.173913,0.391480,-0.002773,-0.002773,-0.079714,-0.875928,-1.869997,0.023023,43.260870,-0.062423,-0.062423,-0.068394,-0.012777,0.294045,,
run_20260426_095404,GBP/USD,forex,H1,trend_momentum,ema_cross,adx_min=20|fast_period=20|rsi_confirm=False|slow_period=50,both,all,REJECT,21,0.190476,0.434179,-0.002547,-0.002547,-0.070152,-0.749556,-1.577374,0.021021,46.904762,-0.052682,-0.052682,-0.058715,-0.012777,0.291284,,
run_20260426_095404,GBP/USD,forex,H1,trend_momentum,ema_cross,adx_min=20|fast_period=20|rsi_confirm=True|slow_period=50,both,all,REJECT,21,0.190476,0.434179,-0.002547,-0.002547,-0.070152,-0.749556,-1.577374,0.021021,46.904762,-0.052682,-0.052682,-0.058715,-0.012777,0.291284,,
run_20260426_095404,GBP/USD,forex,H1,trend_momentum,ema_cross,adx_min=25|fast_period=20|rsi_confirm=False|slow_period=50,both,all,NEEDS_MORE_DATA,17,,,,,,,,,,,,,,,,only 17 trades < min 20
run_20260426_095404,GBP/USD,forex,H1,trend_momentum,ema_cross,adx_min=25|fast_period=20|rsi_confirm=True|slow_period=50,both,all,NEEDS_MORE_DATA,17,,,,,,,,,,,,,,,,only 17 trades < min 20
run_20260426_095404,GBP/USD,forex,H1,trend_momentum,ema_cross,adx_min=0|fast_period=20|rsi_confirm=False|slow_period=100,both,all,NEEDS_MORE_DATA,15,,,,,,,,,,,,,,,,only 15 trades < min 20
run_20260426_095404,GBP/USD,forex,H1,trend_momentum,ema_cross,adx_min=0|fast_period=20|rsi_confirm=True|slow_period=100,both,all,NEEDS_MORE_DATA,15,,,,,,,,,,,,,,,,only 15 trades < min 20
run_20260426_095404,GBP/USD,forex,H1,trend_momentum,ema_cross,adx_min=20|fast_period=20|rsi_confirm=False|slow_period=100,both,all,NEEDS_MORE_DATA,15,,,,,,,,,,,,,,,,only 15 trades < min 20
run_20260426_095404,GBP/USD,forex,H1,trend_momentum,ema_cross,adx_min=20|fast_period=20|rsi_confirm=True|slow_period=100,both,all,NEEDS_MORE_DATA,15,,,,,,,,,,,,,,,,only 15 trades < min 20
run_20260426_095404,GBP/USD,forex,H1,trend_momentum,ema_cross,adx_min=25|fast_period=20|rsi_confirm=False|slow_period=100,both,all,NEEDS_MORE_DATA,13,,,,,,,,,,,,,,,,only 13 trades < min 20
run_20260426_095404,GBP/USD,forex,H1,trend_momentum,ema_cross,adx_min=25|fast_period=20|rsi_confirm=True|slow_period=100,both,all,NEEDS_MORE_DATA,13,,,,,,,,,,,,,,,,only 13 trades < min 20
run_20260426_095404,GBP/USD,forex,H1,trend_momentum,ema_cross,adx_min=0|fast_period=20|rsi_confirm=False|slow_period=200,both,all,NEEDS_MORE_DATA,11,,,,,,,,,,,,,,,,only 11 trades < min 20
run_20260426_095404,GBP/USD,forex,H1,trend_momentum,ema_cross,adx_min=0|fast_period=20|rsi_confirm=True|slow_period=200,both,all,NEEDS_MORE_DATA,11,,,,,,,,,,,,,,,,only 11 trades < min 20
run_20260426_095404,GBP/USD,forex,H1,trend_momentum,ema_cross,adx_min=20|fast_period=20|rsi_confirm=False|slow_period=200,both,all,NEEDS_MORE_DATA,11,,,,,,,,,,,,,,,,only 11 trades < min 20
run_20260426_095404,GBP/USD,forex,H1,trend_momentum,ema_cross,adx_min=20|fast_period=20|rsi_confirm=True|slow_period=200,both,all,NEEDS_MORE_DATA,11,,,,,,,,,,,,,,,,only 11 trades < min 20
run_20260426_095404,GBP/USD,forex,H1,trend_momentum,ema_cross,adx_min=25|fast_period=20|rsi_confirm=False|slow_period=200,both,all,NEEDS_MORE_DATA,9,,,,,,,,,,,,,,,,only 9 trades < min 20
run_20260426_095404,GBP/USD,forex,H1,trend_momentum,ema_cross,adx_min=25|fast_period=20|rsi_confirm=True|slow_period=200,both,all,NEEDS_MORE_DATA,9,,,,,,,,,,,,,,,,only 9 trades < min 20
run_20260426_095404,GBP/USD,forex,H1,trend_momentum,ema_alignment,adx_min=0|ema_long=200|ema_mid=50|ema_short=20,both,all,NEEDS_MORE_DATA,16,,,,,,,,,,,,,,,,only 16 trades < min 20
run_20260426_095404,GBP/USD,forex,H1,trend_momentum,ema_alignment,adx_min=20|ema_long=200|ema_mid=50|ema_short=20,both,all,NEEDS_MORE_DATA,16,,,,,,,,,,,,,,,,only 16 trades < min 20
run_20260426_095404,GBP/USD,forex,H1,trend_momentum,ema_alignment,adx_min=25|ema_long=200|ema_mid=50|ema_short=20,both,all,NEEDS_MORE_DATA,15,,,,,,,,,,,,,,,,only 15 trades < min 20
run_20260426_095404,GBP/USD,forex,H1,trend_momentum,macd_direction,adx_min=0|fast=12|signal_period=9|slow=26,both,all,REJECT,79,0.278481,0.508355,-0.000995,-0.000995,-0.079110,-1.208566,-2.493226,0.079079,12.468354,-0.076120,-0.076120,-0.062547,-0.026186,0.525599,,
run_20260426_095404,GBP/USD,forex,H1,trend_momentum,macd_direction,adx_min=20|fast=12|signal_period=9|slow=26,both,all,REJECT,78,0.282051,0.530619,-0.000922,-0.000922,-0.072888,-1.129008,-2.319441,0.078078,12.538462,-0.069878,-0.069878,-0.056213,-0.026186,0.539751,,
run_20260426_095404,GBP/USD,forex,H1,pullback,pullback_ema,pullback_period=20|rsi_reclaim=False|rsi_threshold=50|trend_period=200,both,all,REJECT,69,0.144928,0.288656,-0.001056,-0.001056,-0.070758,-1.814225,-3.981851,0.069069,6.724638,-0.070495,-0.070495,-0.044241,-0.027470,0.586277,,
run_20260426_095404,GBP/USD,forex,H1,pullback,pullback_ema,pullback_period=20|rsi_reclaim=True|rsi_threshold=50|trend_period=200,both,all,REJECT,62,0.161290,0.316565,-0.001037,-0.001037,-0.062910,-1.622374,-3.522066,0.062062,7.161290,-0.062458,-0.062458,-0.040117,-0.023275,0.574049,,
run_20260426_095404,GBP/USD,forex,H1,pullback,pullback_ema,pullback_period=50|rsi_reclaim=False|rsi_threshold=50|trend_period=200,both,all,REJECT,38,0.105263,0.350608,-0.001259,-0.001259,-0.057827,-1.161898,-2.489514,0.038038,12.736842,-0.046913,-0.046913,-0.033177,-0.014207,0.456469,,
run_20260426_095404,GBP/USD,forex,H1,pullback,pullback_ema,pullback_period=50|rsi_reclaim=True|rsi_threshold=50|trend_period=200,both,all,REJECT,28,0.142857,0.446784,-0.001151,-0.001151,-0.042992,-0.806071,-1.682807,0.028028,15.964286,-0.031906,-0.031906,-0.017953,-0.014207,0.505403,,
run_20260426_095404,GBP/USD,forex,H1,breakout,prev_day_hl,atr_expand_min=0.0,both,all,NEEDS_MORE_DATA,13,,,,,,,,,,,,,,,,only 13 trades < min 20
run_20260426_095404,GBP/USD,forex,H1,breakout,prev_day_hl,atr_expand_min=0.5,both,all,NEEDS_MORE_DATA,13,,,,,,,,,,,,,,,,only 13 trades < min 20
run_20260426_095404,GBP/USD,forex,H1,breakout,prev_day_hl,atr_expand_min=1.0,both,all,NEEDS_MORE_DATA,13,,,,,,,,,,,,,,,,only 13 trades < min 20
run_20260426_095404,GBP/USD,forex,H1,breakout,session_opening_range,atr_expand_min=0.0|range_bars=6,both,all,REJECT,63,0.253968,0.501866,-0.001016,-0.001016,-0.064031,-1.073218,-2.214492,0.063063,15.507937,-0.062452,-0.062452,-0.050402,-0.028617,0.570334,,
run_20260426_095404,GBP/USD,forex,H1,breakout,session_opening_range,atr_expand_min=0.5|range_bars=6,both,all,REJECT,62,0.258065,0.521252,-0.000956,-0.000956,-0.059534,-1.006051,-2.067911,0.062062,15.661290,-0.057948,-0.057948,-0.045840,-0.028617,0.587287,,
run_20260426_095404,GBP/USD,forex,H1,breakout,session_opening_range,atr_expand_min=0.0|range_bars=12,both,all,REJECT,39,0.333333,0.483784,-0.001354,-0.001354,-0.054135,-0.906314,-1.882605,0.039039,24.487179,-0.051840,-0.051840,-0.034057,-0.033757,0.631350,,
run_20260426_095404,GBP/USD,forex,H1,breakout,session_opening_range,atr_expand_min=0.5|range_bars=12,both,all,REJECT,38,0.342105,0.507505,-0.001264,-0.001264,-0.049591,-0.835600,-1.726194,0.038038,24.973684,-0.047285,-0.047285,-0.029417,-0.033757,0.583741,,
run_20260426_095404,GBP/USD,forex,H1,breakout,london_breakout,atr_expand_min=0.0|utc_end=11|utc_start=7,both,all,NEEDS_MORE_DATA,17,,,,,,,,,,,,,,,,only 17 trades < min 20
run_20260426_095404,GBP/USD,forex,H1,breakout,london_breakout,atr_expand_min=0.5|utc_end=11|utc_start=7,both,all,NEEDS_MORE_DATA,17,,,,,,,,,,,,,,,,only 17 trades < min 20
run_20260426_095404,GBP/USD,forex,H1,breakout,ny_breakout,atr_expand_min=0.0|utc_end=16|utc_start=13,both,all,NEEDS_MORE_DATA,18,,,,,,,,,,,,,,,,only 18 trades < min 20
run_20260426_095404,GBP/USD,forex,H1,breakout,ny_breakout,atr_expand_min=0.5|utc_end=16|utc_start=13,both,all,NEEDS_MORE_DATA,18,,,,,,,,,,,,,,,,only 18 trades < min 20
run_20260426_095404,GBP/USD,forex,H1,mean_reversion,rsi_extreme,overbought=70|oversold=30|period=14,both,all,NEEDS_MORE_DATA,13,,,,,,,,,,,,,,,,only 13 trades < min 20
run_20260426_095404,GBP/USD,forex,H1,mean_reversion,rsi_extreme,overbought=75|oversold=30|period=14,both,all,NEEDS_MORE_DATA,10,,,,,,,,,,,,,,,,only 10 trades < min 20
run_20260426_095404,GBP/USD,forex,H1,mean_reversion,rsi_extreme,overbought=70|oversold=25|period=14,both,all,NEEDS_MORE_DATA,9,,,,,,,,,,,,,,,,only 9 trades < min 20
run_20260426_095404,GBP/USD,forex,H1,mean_reversion,rsi_extreme,overbought=75|oversold=25|period=14,both,all,NEEDS_MORE_DATA,6,,,,,,,,,,,,,,,,only 6 trades < min 20
run_20260426_095404,GBP/USD,forex,H1,mean_reversion,bollinger_touch,num_std=2.0|period=20,both,all,REJECT,39,0.564103,0.716283,-0.000352,-0.000352,-0.024116,-0.369872,-0.741781,0.039039,13.743590,-0.013805,-0.013805,-0.004754,0.001685,0.440834,,
run_20260426_095404,GBP/USD,forex,H1,mean_reversion,vwap_deviation,std_threshold=1.5,both,all,NEEDS_MORE_DATA,9,,,,,,,,,,,,,,,,only 9 trades < min 20
run_20260426_095404,GBP/USD,forex,H1,mean_reversion,vwap_deviation,std_threshold=2.0,both,all,NEEDS_MORE_DATA,9,,,,,,,,,,,,,,,,only 9 trades < min 20
run_20260426_095404,EUR/USD,forex,H1,trend_momentum,ema_cross,adx_min=0|fast_period=10|rsi_confirm=False|slow_period=50,both,all,REJECT,23,0.304348,0.758021,-0.000568,-0.000568,-0.028993,-0.267937,-0.537002,0.023023,43.217391,-0.013282,-0.013282,-0.018432,-0.005379,0.325541,,
run_20260426_095404,EUR/USD,forex,H1,trend_momentum,ema_cross,adx_min=0|fast_period=10|rsi_confirm=True|slow_period=50,both,all,REJECT,23,0.304348,0.758021,-0.000568,-0.000568,-0.028993,-0.267937,-0.537002,0.023023,43.217391,-0.013282,-0.013282,-0.018432,-0.005379,0.325541,,
run_20260426_095404,EUR/USD,forex,H1,trend_momentum,ema_cross,adx_min=20|fast_period=10|rsi_confirm=False|slow_period=50,both,all,REJECT,23,0.304348,0.758021,-0.000568,-0.000568,-0.028993,-0.267937,-0.537002,0.023023,43.217391,-0.013282,-0.013282,-0.018432,-0.005379,0.325541,,
run_20260426_095404,EUR/USD,forex,H1,trend_momentum,ema_cross,adx_min=20|fast_period=10|rsi_confirm=True|slow_period=50,both,all,REJECT,23,0.304348,0.758021,-0.000568,-0.000568,-0.028993,-0.267937,-0.537002,0.023023,43.217391,-0.013282,-0.013282,-0.018432,-0.005379,0.325541,,
run_20260426_095404,EUR/USD,forex,H1,trend_momentum,ema_cross,adx_min=25|fast_period=10|rsi_confirm=False|slow_period=50,both,all,NEEDS_MORE_DATA,19,,,,,,,,,,,,,,,,only 19 trades < min 20
run_20260426_095404,EUR/USD,forex,H1,trend_momentum,ema_cross,adx_min=25|fast_period=10|rsi_confirm=True|slow_period=50,both,all,NEEDS_MORE_DATA,19,,,,,,,,,,,,,,,,only 19 trades < min 20
run_20260426_095404,EUR/USD,forex,H1,trend_momentum,ema_cross,adx_min=0|fast_period=10|rsi_confirm=False|slow_period=100,both,all,NEEDS_MORE_DATA,18,,,,,,,,,,,,,,,,only 18 trades < min 20
run_20260426_095404,EUR/USD,forex,H1,trend_momentum,ema_cross,adx_min=0|fast_period=10|rsi_confirm=True|slow_period=100,both,all,NEEDS_MORE_DATA,18,,,,,,,,,,,,,,,,only 18 trades < min 20
run_20260426_095404,EUR/USD,forex,H1,trend_momentum,ema_cross,adx_min=20|fast_period=10|rsi_confirm=False|slow_period=100,both,all,NEEDS_MORE_DATA,18,,,,,,,,,,,,,,,,only 18 trades < min 20
run_20260426_095404,EUR/USD,forex,H1,trend_momentum,ema_cross,adx_min=20|fast_period=10|rsi_confirm=True|slow_period=100,both,all,NEEDS_MORE_DATA,18,,,,,,,,,,,,,,,,only 18 trades < min 20
run_20260426_095404,EUR/USD,forex,H1,trend_momentum,ema_cross,adx_min=25|fast_period=10|rsi_confirm=False|slow_period=100,both,all,NEEDS_MORE_DATA,16,,,,,,,,,,,,,,,,only 16 trades < min 20
run_20260426_095404,EUR/USD,forex,H1,trend_momentum,ema_cross,adx_min=25|fast_period=10|rsi_confirm=True|slow_period=100,both,all,NEEDS_MORE_DATA,16,,,,,,,,,,,,,,,,only 16 trades < min 20
run_20260426_095404,EUR/USD,forex,H1,trend_momentum,ema_cross,adx_min=0|fast_period=10|rsi_confirm=False|slow_period=200,both,all,NEEDS_MORE_DATA,12,,,,,,,,,,,,,,,,only 12 trades < min 20
run_20260426_095404,EUR/USD,forex,H1,trend_momentum,ema_cross,adx_min=0|fast_period=10|rsi_confirm=True|slow_period=200,both,all,NEEDS_MORE_DATA,11,,,,,,,,,,,,,,,,only 11 trades < min 20
run_20260426_095404,EUR/USD,forex,H1,trend_momentum,ema_cross,adx_min=20|fast_period=10|rsi_confirm=False|slow_period=200,both,all,NEEDS_MORE_DATA,12,,,,,,,,,,,,,,,,only 12 trades < min 20
run_20260426_095404,EUR/USD,forex,H1,trend_momentum,ema_cross,adx_min=20|fast_period=10|rsi_confirm=True|slow_period=200,both,all,NEEDS_MORE_DATA,11,,,,,,,,,,,,,,,,only 11 trades < min 20
run_20260426_095404,EUR/USD,forex,H1,trend_momentum,ema_cross,adx_min=25|fast_period=10|rsi_confirm=False|slow_period=200,both,all,NEEDS_MORE_DATA,10,,,,,,,,,,,,,,,,only 10 trades < min 20
run_20260426_095404,EUR/USD,forex,H1,trend_momentum,ema_cross,adx_min=25|fast_period=10|rsi_confirm=True|slow_period=200,both,all,NEEDS_MORE_DATA,9,,,,,,,,,,,,,,,,only 9 trades < min 20
run_20260426_095404,EUR/USD,forex,H1,trend_momentum,ema_cross,adx_min=0|fast_period=20|rsi_confirm=False|slow_period=50,both,all,NEEDS_MORE_DATA,18,,,,,,,,,,,,,,,,only 18 trades < min 20
run_20260426_095404,EUR/USD,forex,H1,trend_momentum,ema_cross,adx_min=0|fast_period=20|rsi_confirm=True|slow_period=50,both,all,NEEDS_MORE_DATA,18,,,,,,,,,,,,,,,,only 18 trades < min 20
run_20260426_095404,EUR/USD,forex,H1,trend_momentum,ema_cross,adx_min=20|fast_period=20|rsi_confirm=False|slow_period=50,both,all,NEEDS_MORE_DATA,18,,,,,,,,,,,,,,,,only 18 trades < min 20
run_20260426_095404,EUR/USD,forex,H1,trend_momentum,ema_cross,adx_min=20|fast_period=20|rsi_confirm=True|slow_period=50,both,all,NEEDS_MORE_DATA,18,,,,,,,,,,,,,,,,only 18 trades < min 20
run_20260426_095404,EUR/USD,forex,H1,trend_momentum,ema_cross,adx_min=25|fast_period=20|rsi_confirm=False|slow_period=50,both,all,NEEDS_MORE_DATA,16,,,,,,,,,,,,,,,,only 16 trades < min 20
run_20260426_095404,EUR/USD,forex,H1,trend_momentum,ema_cross,adx_min=25|fast_period=20|rsi_confirm=True|slow_period=50,both,all,NEEDS_MORE_DATA,16,,,,,,,,,,,,,,,,only 16 trades < min 20
run_20260426_095404,EUR/USD,forex,H1,trend_momentum,ema_cross,adx_min=0|fast_period=20|rsi_confirm=False|slow_period=100,both,all,NEEDS_MORE_DATA,12,,,,,,,,,,,,,,,,only 12 trades < min 20
run_20260426_095404,EUR/USD,forex,H1,trend_momentum,ema_cross,adx_min=0|fast_period=20|rsi_confirm=True|slow_period=100,both,all,NEEDS_MORE_DATA,12,,,,,,,,,,,,,,,,only 12 trades < min 20
run_20260426_095404,EUR/USD,forex,H1,trend_momentum,ema_cross,adx_min=20|fast_period=20|rsi_confirm=False|slow_period=100,both,all,NEEDS_MORE_DATA,12,,,,,,,,,,,,,,,,only 12 trades < min 20
run_20260426_095404,EUR/USD,forex,H1,trend_momentum,ema_cross,adx_min=20|fast_period=20|rsi_confirm=True|slow_period=100,both,all,NEEDS_MORE_DATA,12,,,,,,,,,,,,,,,,only 12 trades < min 20
run_20260426_095404,EUR/USD,forex,H1,trend_momentum,ema_cross,adx_min=25|fast_period=20|rsi_confirm=False|slow_period=100,both,all,NEEDS_MORE_DATA,11,,,,,,,,,,,,,,,,only 11 trades < min 20
run_20260426_095404,EUR/USD,forex,H1,trend_momentum,ema_cross,adx_min=25|fast_period=20|rsi_confirm=True|slow_period=100,both,all,NEEDS_MORE_DATA,11,,,,,,,,,,,,,,,,only 11 trades < min 20
run_20260426_095404,EUR/USD,forex,H1,trend_momentum,ema_cross,adx_min=0|fast_period=20|rsi_confirm=False|slow_period=200,both,all,NEEDS_MORE_DATA,10,,,,,,,,,,,,,,,,only 10 trades < min 20
run_20260426_095404,EUR/USD,forex,H1,trend_momentum,ema_cross,adx_min=0|fast_period=20|rsi_confirm=True|slow_period=200,both,all,NEEDS_MORE_DATA,10,,,,,,,,,,,,,,,,only 10 trades < min 20
run_20260426_095404,EUR/USD,forex,H1,trend_momentum,ema_cross,adx_min=20|fast_period=20|rsi_confirm=False|slow_period=200,both,all,NEEDS_MORE_DATA,10,,,,,,,,,,,,,,,,only 10 trades < min 20
run_20260426_095404,EUR/USD,forex,H1,trend_momentum,ema_cross,adx_min=20|fast_period=20|rsi_confirm=True|slow_period=200,both,all,NEEDS_MORE_DATA,10,,,,,,,,,,,,,,,,only 10 trades < min 20
run_20260426_095404,EUR/USD,forex,H1,trend_momentum,ema_cross,adx_min=25|fast_period=20|rsi_confirm=False|slow_period=200,both,all,NEEDS_MORE_DATA,9,,,,,,,,,,,,,,,,only 9 trades < min 20
run_20260426_095404,EUR/USD,forex,H1,trend_momentum,ema_cross,adx_min=25|fast_period=20|rsi_confirm=True|slow_period=200,both,all,NEEDS_MORE_DATA,9,,,,,,,,,,,,,,,,only 9 trades < min 20
run_20260426_095404,EUR/USD,forex,H1,trend_momentum,ema_alignment,adx_min=0|ema_long=200|ema_mid=50|ema_short=20,both,all,NEEDS_MORE_DATA,13,,,,,,,,,,,,,,,,only 13 trades < min 20
run_20260426_095404,EUR/USD,forex,H1,trend_momentum,ema_alignment,adx_min=20|ema_long=200|ema_mid=50|ema_short=20,both,all,NEEDS_MORE_DATA,13,,,,,,,,,,,,,,,,only 13 trades < min 20
run_20260426_095404,EUR/USD,forex,H1,trend_momentum,ema_alignment,adx_min=25|ema_long=200|ema_mid=50|ema_short=20,both,all,NEEDS_MORE_DATA,12,,,,,,,,,,,,,,,,only 12 trades < min 20
run_20260426_095404,EUR/USD,forex,H1,trend_momentum,macd_direction,adx_min=0|fast=12|signal_period=9|slow=26,both,all,REJECT,67,0.313433,0.590011,-0.000734,-0.000734,-0.048633,-0.862558,-1.754704,0.067067,14.671642,-0.048371,-0.048371,-0.034293,-0.023572,0.606213,,
run_20260426_095404,EUR/USD,forex,H1,trend_momentum,macd_direction,adx_min=20|fast=12|signal_period=9|slow=26,both,all,REJECT,66,0.318182,0.593689,-0.000734,-0.000734,-0.047925,-0.850433,-1.729588,0.066066,14.621212,-0.047663,-0.047663,-0.033575,-0.023572,0.610626,,
run_20260426_095404,EUR/USD,forex,H1,pullback,pullback_ema,pullback_period=20|rsi_reclaim=False|rsi_threshold=50|trend_period=200,both,all,REJECT,61,0.196721,0.445537,-0.000711,-0.000711,-0.042636,-1.136428,-2.358766,0.061061,7.885246,-0.042636,-0.042636,-0.035544,-0.015361,0.529654,,
run_20260426_095404,EUR/USD,forex,H1,pullback,pullback_ema,pullback_period=20|rsi_reclaim=True|rsi_threshold=50|trend_period=200,both,all,REJECT,54,0.203704,0.487337,-0.000673,-0.000673,-0.035868,-0.963937,-1.985398,0.054054,8.425926,-0.035868,-0.035868,-0.033295,-0.010708,0.496480,,
run_20260426_095404,EUR/USD,forex,H1,pullback,pullback_ema,pullback_period=50|rsi_reclaim=False|rsi_threshold=50|trend_period=200,both,all,REJECT,34,0.117647,0.557393,-0.000643,-0.000643,-0.026798,-0.584260,-1.186939,0.034034,13.500000,-0.021803,-0.021803,-0.026798,-0.004583,0.355312,,
run_20260426_095404,EUR/USD,forex,H1,pullback,pullback_ema,pullback_period=50|rsi_reclaim=True|rsi_threshold=50|trend_period=200,both,all,REJECT,26,0.153846,0.748782,-0.000355,-0.000355,-0.020193,-0.256468,-0.513413,0.026026,16.653846,-0.009358,-0.009358,-0.018164,-0.000784,0.268949,,
run_20260426_095404,EUR/USD,forex,H1,breakout,prev_day_hl,atr_expand_min=0.0,both,all,NEEDS_MORE_DATA,18,,,,,,,,,,,,,,,,only 18 trades < min 20
run_20260426_095404,EUR/USD,forex,H1,breakout,prev_day_hl,atr_expand_min=0.5,both,all,NEEDS_MORE_DATA,18,,,,,,,,,,,,,,,,only 18 trades < min 20
run_20260426_095404,EUR/USD,forex,H1,breakout,prev_day_hl,atr_expand_min=1.0,both,all,NEEDS_MORE_DATA,16,,,,,,,,,,,,,,,,only 16 trades < min 20
run_20260426_095404,EUR/USD,forex,H1,breakout,session_opening_range,atr_expand_min=0.0|range_bars=6,both,all,REJECT,63,0.238095,0.456803,-0.001144,-0.001144,-0.074248,-1.203177,-2.506236,0.063063,15.206349,-0.069938,-0.069938,-0.072076,-0.012016,0.450015,,
run_20260426_095404,EUR/USD,forex,H1,breakout,session_opening_range,atr_expand_min=0.5|range_bars=6,both,all,REJECT,60,0.233333,0.491595,-0.001022,-0.001022,-0.064222,-1.056838,-2.182400,0.060060,15.516667,-0.059865,-0.059865,-0.062026,-0.012016,0.458119,,
run_20260426_095404,EUR/USD,forex,H1,breakout,london_breakout,atr_expand_min=0.0|utc_end=11|utc_start=7,both,all,NEEDS_MORE_DATA,17,,,,,,,,,,,,,,,,only 17 trades < min 20
run_20260426_095404,EUR/USD,forex,H1,breakout,london_breakout,atr_expand_min=0.5|utc_end=11|utc_start=7,both,all,NEEDS_MORE_DATA,17,,,,,,,,,,,,,,,,only 17 trades < min 20
run_20260426_095404,EUR/USD,forex,H1,breakout,ny_breakout,atr_expand_min=0.0|utc_end=16|utc_start=13,both,all,NEEDS_MORE_DATA,16,,,,,,,,,,,,,,,,only 16 trades < min 20
run_20260426_095404,EUR/USD,forex,H1,breakout,ny_breakout,atr_expand_min=0.5|utc_end=16|utc_start=13,both,all,NEEDS_MORE_DATA,16,,,,,,,,,,,,,,,,only 16 trades < min 20
run_20260426_095404,EUR/USD,forex,H1,mean_reversion,rsi_extreme,overbought=70|oversold=30|period=14,both,all,NEEDS_MORE_DATA,17,,,,,,,,,,,,,,,,only 17 trades < min 20
run_20260426_095404,EUR/USD,forex,H1,mean_reversion,rsi_extreme,overbought=75|oversold=30|period=14,both,all,NEEDS_MORE_DATA,14,,,,,,,,,,,,,,,,only 14 trades < min 20
run_20260426_095404,EUR/USD,forex,H1,mean_reversion,rsi_extreme,overbought=70|oversold=25|period=14,both,all,NEEDS_MORE_DATA,12,,,,,,,,,,,,,,,,only 12 trades < min 20
run_20260426_095404,EUR/USD,forex,H1,mean_reversion,rsi_extreme,overbought=75|oversold=25|period=14,both,all,NEEDS_MORE_DATA,9,,,,,,,,,,,,,,,,only 9 trades < min 20
run_20260426_095404,EUR/USD,forex,H1,mean_reversion,bollinger_touch,num_std=2.0|period=20,both,all,REJECT,38,0.500000,0.429163,-0.001064,-0.001064,-0.044277,-0.820839,-1.693465,0.038038,17.000000,-0.039909,-0.039909,-0.030659,0.000013,0.328000,,
run_20260426_095404,EUR/USD,forex,H1,mean_reversion,bollinger_touch,num_std=2.5|period=20,both,all,REJECT,22,0.454545,0.301991,-0.001647,-0.001647,-0.040896,-0.812715,-1.722419,0.022022,18.681818,-0.035829,-0.035829,-0.022191,-0.004434,0.291939,,
run_20260426_095404,EUR/USD,forex,H1,mean_reversion,vwap_deviation,std_threshold=1.5,both,all,NEEDS_MORE_DATA,9,,,,,,,,,,,,,,,,only 9 trades < min 20
run_20260426_095404,EUR/USD,forex,H1,mean_reversion,vwap_deviation,std_threshold=2.0,both,all,NEEDS_MORE_DATA,7,,,,,,,,,,,,,,,,only 7 trades < min 20
run_20260426_095404,BTC/USDT,crypto,H1,trend_momentum,ema_cross,adx_min=0|fast_period=10|rsi_confirm=False|slow_period=50,both,all,REJECT,24,0.291667,0.654965,-0.003473,-0.003473,-0.148282,-0.437054,-0.884369,0.024024,41.458333,-0.084160,-0.084160,-0.113197,-0.012418,0.276911,,
run_20260426_095404,BTC/USDT,crypto,H1,trend_momentum,ema_cross,adx_min=0|fast_period=10|rsi_confirm=True|slow_period=50,both,all,REJECT,23,0.260870,0.615545,-0.004038,-0.004038,-0.148282,-0.489451,-0.995312,0.023023,40.434783,-0.092799,-0.092799,-0.121562,-0.012418,0.268646,,
run_20260426_095404,BTC/USDT,crypto,H1,trend_momentum,ema_cross,adx_min=20|fast_period=10|rsi_confirm=False|slow_period=50,both,all,REJECT,22,0.272727,0.629465,-0.003979,-0.003979,-0.148282,-0.462000,-0.938157,0.022022,40.727273,-0.087926,-0.087926,-0.121562,-0.007114,0.249556,,
run_20260426_095404,BTC/USDT,crypto,H1,trend_momentum,ema_cross,adx_min=20|fast_period=10|rsi_confirm=True|slow_period=50,both,all,REJECT,22,0.272727,0.629465,-0.003979,-0.003979,-0.148282,-0.462000,-0.938157,0.022022,40.727273,-0.087926,-0.087926,-0.121562,-0.007114,0.249556,,
run_20260426_095404,BTC/USDT,crypto,H1,trend_momentum,ema_cross,adx_min=25|fast_period=10|rsi_confirm=False|slow_period=50,both,all,REJECT,21,0.285714,0.668999,-0.003503,-0.003503,-0.136222,-0.392563,-0.793395,0.021021,41.857143,-0.075013,-0.075013,-0.109125,-0.007114,0.245557,,
run_20260426_095404,BTC/USDT,crypto,H1,trend_momentum,ema_cross,adx_min=25|fast_period=10|rsi_confirm=True|slow_period=50,both,all,REJECT,21,0.285714,0.668999,-0.003503,-0.003503,-0.136222,-0.392563,-0.793395,0.021021,41.857143,-0.075013,-0.075013,-0.109125,-0.007114,0.245557,,
run_20260426_095404,BTC/USDT,crypto,H1,trend_momentum,ema_cross,adx_min=0|fast_period=10|rsi_confirm=False|slow_period=100,both,all,REJECT,20,0.150000,0.537219,-0.005455,-0.005455,-0.148516,-0.553797,-1.137633,0.020020,43.100000,-0.107687,-0.107687,-0.110067,-0.035698,0.317300,,
run_20260426_095404,BTC/USDT,crypto,H1,trend_momentum,ema_cross,adx_min=0|fast_period=10|rsi_confirm=True|slow_period=100,both,all,NEEDS_MORE_DATA,18,,,,,,,,,,,,,,,,only 18 trades < min 20
run_20260426_095404,BTC/USDT,crypto,H1,trend_momentum,ema_cross,adx_min=20|fast_period=10|rsi_confirm=False|slow_period=100,both,all,NEEDS_MORE_DATA,19,,,,,,,,,,,,,,,,only 19 trades < min 20
run_20260426_095404,BTC/USDT,crypto,H1,trend_momentum,ema_cross,adx_min=20|fast_period=10|rsi_confirm=True|slow_period=100,both,all,NEEDS_MORE_DATA,18,,,,,,,,,,,,,,,,only 18 trades < min 20
run_20260426_095404,BTC/USDT,crypto,H1,trend_momentum,ema_cross,adx_min=25|fast_period=10|rsi_confirm=False|slow_period=100,both,all,NEEDS_MORE_DATA,17,,,,,,,,,,,,,,,,only 17 trades < min 20
run_20260426_095404,BTC/USDT,crypto,H1,trend_momentum,ema_cross,adx_min=25|fast_period=10|rsi_confirm=True|slow_period=100,both,all,NEEDS_MORE_DATA,16,,,,,,,,,,,,,,,,only 16 trades < min 20
run_20260426_095404,BTC/USDT,crypto,H1,trend_momentum,ema_cross,adx_min=0|fast_period=10|rsi_confirm=False|slow_period=200,both,all,NEEDS_MORE_DATA,10,,,,,,,,,,,,,,,,only 10 trades < min 20
run_20260426_095404,BTC/USDT,crypto,H1,trend_momentum,ema_cross,adx_min=0|fast_period=10|rsi_confirm=True|slow_period=200,both,all,NEEDS_MORE_DATA,8,,,,,,,,,,,,,,,,only 8 trades < min 20
run_20260426_095404,BTC/USDT,crypto,H1,trend_momentum,ema_cross,adx_min=20|fast_period=10|rsi_confirm=False|slow_period=200,both,all,NEEDS_MORE_DATA,9,,,,,,,,,,,,,,,,only 9 trades < min 20
run_20260426_095404,BTC/USDT,crypto,H1,trend_momentum,ema_cross,adx_min=20|fast_period=10|rsi_confirm=True|slow_period=200,both,all,NEEDS_MORE_DATA,8,,,,,,,,,,,,,,,,only 8 trades < min 20
run_20260426_095404,BTC/USDT,crypto,H1,trend_momentum,ema_cross,adx_min=25|fast_period=10|rsi_confirm=False|slow_period=200,both,all,NEEDS_MORE_DATA,9,,,,,,,,,,,,,,,,only 9 trades < min 20
run_20260426_095404,BTC/USDT,crypto,H1,trend_momentum,ema_cross,adx_min=25|fast_period=10|rsi_confirm=True|slow_period=200,both,all,NEEDS_MORE_DATA,8,,,,,,,,,,,,,,,,only 8 trades < min 20
run_20260426_095404,BTC/USDT,crypto,H1,trend_momentum,ema_cross,adx_min=0|fast_period=20|rsi_confirm=False|slow_period=50,both,all,NEEDS_MORE_DATA,16,,,,,,,,,,,,,,,,only 16 trades < min 20
run_20260426_095404,BTC/USDT,crypto,H1,trend_momentum,ema_cross,adx_min=0|fast_period=20|rsi_confirm=True|slow_period=50,both,all,NEEDS_MORE_DATA,15,,,,,,,,,,,,,,,,only 15 trades < min 20
run_20260426_095404,BTC/USDT,crypto,H1,trend_momentum,ema_cross,adx_min=20|fast_period=20|rsi_confirm=False|slow_period=50,both,all,NEEDS_MORE_DATA,15,,,,,,,,,,,,,,,,only 15 trades < min 20
run_20260426_095404,BTC/USDT,crypto,H1,trend_momentum,ema_cross,adx_min=20|fast_period=20|rsi_confirm=True|slow_period=50,both,all,NEEDS_MORE_DATA,15,,,,,,,,,,,,,,,,only 15 trades < min 20
run_20260426_095404,BTC/USDT,crypto,H1,trend_momentum,ema_cross,adx_min=25|fast_period=20|rsi_confirm=False|slow_period=50,both,all,NEEDS_MORE_DATA,13,,,,,,,,,,,,,,,,only 13 trades < min 20
run_20260426_095404,BTC/USDT,crypto,H1,trend_momentum,ema_cross,adx_min=25|fast_period=20|rsi_confirm=True|slow_period=50,both,all,NEEDS_MORE_DATA,13,,,,,,,,,,,,,,,,only 13 trades < min 20
run_20260426_095404,BTC/USDT,crypto,H1,trend_momentum,ema_cross,adx_min=0|fast_period=20|rsi_confirm=False|slow_period=100,both,all,NEEDS_MORE_DATA,12,,,,,,,,,,,,,,,,only 12 trades < min 20
run_20260426_095404,BTC/USDT,crypto,H1,trend_momentum,ema_cross,adx_min=0|fast_period=20|rsi_confirm=True|slow_period=100,both,all,NEEDS_MORE_DATA,11,,,,,,,,,,,,,,,,only 11 trades < min 20
run_20260426_095404,BTC/USDT,crypto,H1,trend_momentum,ema_cross,adx_min=20|fast_period=20|rsi_confirm=False|slow_period=100,both,all,NEEDS_MORE_DATA,11,,,,,,,,,,,,,,,,only 11 trades < min 20
run_20260426_095404,BTC/USDT,crypto,H1,trend_momentum,ema_cross,adx_min=20|fast_period=20|rsi_confirm=True|slow_period=100,both,all,NEEDS_MORE_DATA,11,,,,,,,,,,,,,,,,only 11 trades < min 20
run_20260426_095404,BTC/USDT,crypto,H1,trend_momentum,ema_cross,adx_min=25|fast_period=20|rsi_confirm=False|slow_period=100,both,all,NEEDS_MORE_DATA,11,,,,,,,,,,,,,,,,only 11 trades < min 20
run_20260426_095404,BTC/USDT,crypto,H1,trend_momentum,ema_cross,adx_min=25|fast_period=20|rsi_confirm=True|slow_period=100,both,all,NEEDS_MORE_DATA,11,,,,,,,,,,,,,,,,only 11 trades < min 20
run_20260426_095404,BTC/USDT,crypto,H1,trend_momentum,ema_cross,adx_min=0|fast_period=20|rsi_confirm=False|slow_period=200,both,all,NEEDS_MORE_DATA,8,,,,,,,,,,,,,,,,only 8 trades < min 20
run_20260426_095404,BTC/USDT,crypto,H1,trend_momentum,ema_cross,adx_min=0|fast_period=20|rsi_confirm=True|slow_period=200,both,all,NEEDS_MORE_DATA,7,,,,,,,,,,,,,,,,only 7 trades < min 20
run_20260426_095404,BTC/USDT,crypto,H1,trend_momentum,ema_cross,adx_min=20|fast_period=20|rsi_confirm=False|slow_period=200,both,all,NEEDS_MORE_DATA,7,,,,,,,,,,,,,,,,only 7 trades < min 20
run_20260426_095404,BTC/USDT,crypto,H1,trend_momentum,ema_cross,adx_min=20|fast_period=20|rsi_confirm=True|slow_period=200,both,all,NEEDS_MORE_DATA,7,,,,,,,,,,,,,,,,only 7 trades < min 20
run_20260426_095404,BTC/USDT,crypto,H1,trend_momentum,ema_cross,adx_min=25|fast_period=20|rsi_confirm=False|slow_period=200,both,all,NEEDS_MORE_DATA,7,,,,,,,,,,,,,,,,only 7 trades < min 20
run_20260426_095404,BTC/USDT,crypto,H1,trend_momentum,ema_cross,adx_min=25|fast_period=20|rsi_confirm=True|slow_period=200,both,all,NEEDS_MORE_DATA,7,,,,,,,,,,,,,,,,only 7 trades < min 20
run_20260426_095404,BTC/USDT,crypto,H1,trend_momentum,ema_alignment,adx_min=0|ema_long=200|ema_mid=50|ema_short=20,both,all,NEEDS_MORE_DATA,10,,,,,,,,,,,,,,,,only 10 trades < min 20
run_20260426_095404,BTC/USDT,crypto,H1,trend_momentum,ema_alignment,adx_min=20|ema_long=200|ema_mid=50|ema_short=20,both,all,NEEDS_MORE_DATA,10,,,,,,,,,,,,,,,,only 10 trades < min 20
run_20260426_095404,BTC/USDT,crypto,H1,trend_momentum,ema_alignment,adx_min=25|ema_long=200|ema_mid=50|ema_short=20,both,all,NEEDS_MORE_DATA,10,,,,,,,,,,,,,,,,only 10 trades < min 20
run_20260426_095404,BTC/USDT,crypto,H1,trend_momentum,macd_direction,adx_min=20|fast=12|signal_period=9|slow=26,both,all,REJECT,66,0.318182,1.004585,0.000027,0.000027,-0.076806,0.007303,0.014548,0.066066,14.196970,-0.005422,-0.005422,0.014676,-0.057628,0.400000,,
run_20260426_095404,BTC/USDT,crypto,H1,pullback,pullback_ema,pullback_period=20|rsi_reclaim=False|rsi_threshold=50|trend_period=200,both,all,REJECT,71,0.169014,0.517552,-0.002523,-0.002523,-0.201446,-0.979959,-2.002689,0.071071,6.394366,-0.167524,-0.167524,-0.175034,-0.030370,0.452053,,
run_20260426_095404,BTC/USDT,crypto,H1,pullback,pullback_ema,pullback_period=20|rsi_reclaim=True|rsi_threshold=50|trend_period=200,both,all,REJECT,65,0.153846,0.329899,-0.003700,-0.003700,-0.217313,-1.613329,-3.482946,0.065065,5.846154,-0.216001,-0.216001,-0.197210,-0.023407,0.435607,,
run_20260426_095404,BTC/USDT,crypto,H1,pullback,pullback_ema,pullback_period=50|rsi_reclaim=False|rsi_threshold=50|trend_period=200,both,all,REJECT,37,0.189189,0.816670,-0.000758,-0.000758,-0.068156,-0.218108,-0.435553,0.037037,14.135135,-0.029675,-0.029675,-0.016993,-0.039944,0.322000,,
run_20260426_095404,BTC/USDT,crypto,H1,pullback,pullback_ema,pullback_period=50|rsi_reclaim=True|rsi_threshold=50|trend_period=200,both,all,NEEDS_MORE_DATA,19,,,,,,,,,,,,,,,,only 19 trades < min 20
run_20260426_095404,BTC/USDT,crypto,H1,breakout,prev_day_hl,atr_expand_min=0.0,both,all,REJECT,22,0.318182,0.489584,-0.005657,-0.005657,-0.173309,-0.661887,-1.372616,0.022022,44.818182,-0.120960,-0.120960,-0.107630,-0.033774,0.326139,,
run_20260426_095404,BTC/USDT,crypto,H1,breakout,prev_day_hl,atr_expand_min=0.5,both,all,REJECT,22,0.318182,0.489584,-0.005657,-0.005657,-0.173309,-0.661887,-1.372616,0.022022,44.818182,-0.120960,-0.120960,-0.107630,-0.033774,0.326139,,
run_20260426_095404,BTC/USDT,crypto,H1,breakout,prev_day_hl,atr_expand_min=1.0,both,all,REJECT,22,0.318182,0.447481,-0.006511,-0.006511,-0.189057,-0.727703,-1.522474,0.022022,40.818182,-0.137705,-0.137705,-0.122410,-0.045901,0.344493,,
run_20260426_095404,BTC/USDT,crypto,H1,breakout,session_opening_range,atr_expand_min=0.0|range_bars=6,both,all,REJECT,58,0.258621,0.707376,-0.002157,-0.002157,-0.219012,-0.487264,-0.978166,0.058058,16.982759,-0.124808,-0.124808,-0.079859,-0.101264,0.619590,,
run_20260426_095404,BTC/USDT,crypto,H1,breakout,session_opening_range,atr_expand_min=0.5|range_bars=6,both,all,REJECT,58,0.241379,0.646130,-0.002665,-0.002665,-0.241590,-0.608143,-1.226151,0.058058,16.879310,-0.150109,-0.150109,-0.079859,-0.127245,0.521986,,
run_20260426_095404,BTC/USDT,crypto,H1,breakout,session_opening_range,atr_expand_min=0.0|range_bars=12,both,all,REJECT,40,0.250000,0.483862,-0.005790,-0.005790,-0.245002,-0.947024,-1.972640,0.040040,24.100000,-0.212713,-0.212713,-0.107737,-0.162526,0.487440,,
run_20260426_095404,BTC/USDT,crypto,H1,breakout,session_opening_range,atr_expand_min=0.5|range_bars=12,both,all,REJECT,40,0.250000,0.483862,-0.005790,-0.005790,-0.245002,-0.947024,-1.972640,0.040040,24.100000,-0.212713,-0.212713,-0.107737,-0.162526,0.487440,,
run_20260426_095404,BTC/USDT,crypto,H1,breakout,london_breakout,atr_expand_min=0.0|utc_end=11|utc_start=7,both,all,REJECT,20,0.250000,0.447138,-0.006469,-0.006469,-0.163341,-0.695802,-1.456310,0.020020,16.300000,-0.125185,-0.125185,-0.084935,-0.043986,0.375363,,
run_20260426_095404,BTC/USDT,crypto,H1,breakout,london_breakout,atr_expand_min=0.5|utc_end=11|utc_start=7,both,all,REJECT,20,0.250000,0.447138,-0.006469,-0.006469,-0.163341,-0.695802,-1.456310,0.020020,16.300000,-0.125185,-0.125185,-0.084935,-0.043986,0.375363,,
run_20260426_095404,BTC/USDT,crypto,H1,breakout,ny_breakout,atr_expand_min=0.0|utc_end=16|utc_start=13,both,all,NEEDS_MORE_DATA,19,,,,,,,,,,,,,,,,only 19 trades < min 20
run_20260426_095404,BTC/USDT,crypto,H1,breakout,ny_breakout,atr_expand_min=0.5|utc_end=16|utc_start=13,both,all,NEEDS_MORE_DATA,19,,,,,,,,,,,,,,,,only 19 trades < min 20
run_20260426_095404,BTC/USDT,crypto,H1,mean_reversion,rsi_extreme,overbought=70|oversold=30|period=14,both,all,NEEDS_MORE_DATA,13,,,,,,,,,,,,,,,,only 13 trades < min 20
run_20260426_095404,BTC/USDT,crypto,H1,mean_reversion,rsi_extreme,overbought=75|oversold=30|period=14,both,all,NEEDS_MORE_DATA,12,,,,,,,,,,,,,,,,only 12 trades < min 20
run_20260426_095404,BTC/USDT,crypto,H1,mean_reversion,rsi_extreme,overbought=70|oversold=25|period=14,both,all,NEEDS_MORE_DATA,12,,,,,,,,,,,,,,,,only 12 trades < min 20
run_20260426_095404,BTC/USDT,crypto,H1,mean_reversion,rsi_extreme,overbought=75|oversold=25|period=14,both,all,NEEDS_MORE_DATA,11,,,,,,,,,,,,,,,,only 11 trades < min 20
run_20260426_095404,BTC/USDT,crypto,H1,mean_reversion,bollinger_touch,num_std=2.0|period=20,both,all,REJECT,32,0.531250,0.472654,-0.004325,-0.004325,-0.154793,-0.710430,-1.460132,0.032032,15.593750,-0.133495,-0.133495,-0.098148,-0.003830,0.303707,,
run_20260426_095404,BTC/USDT,crypto,H1,mean_reversion,bollinger_touch,num_std=2.5|period=20,both,all,REJECT,22,0.409091,0.327864,-0.006968,-0.006968,-0.145736,-0.848863,-1.809914,0.022022,18.363636,-0.145736,-0.145736,-0.098739,-0.017259,0.284439,,
run_20260426_095404,BTC/USDT,crypto,H1,mean_reversion,vwap_deviation,std_threshold=1.5,both,all,NEEDS_MORE_DATA,6,,,,,,,,,,,,,,,,only 6 trades < min 20
run_20260426_095404,BTC/USDT,crypto,H1,mean_reversion,vwap_deviation,std_threshold=2.0,both,all,NEEDS_MORE_DATA,5,,,,,,,,,,,,,,,,only 5 trades < min 20
run_20260426_095404,ETH/USDT,crypto,H1,trend_momentum,ema_cross,adx_min=0|fast_period=10|rsi_confirm=False|slow_period=50,both,all,REJECT,26,0.346154,0.752969,-0.002207,-0.002207,-0.133894,-0.282696,-0.566520,0.026026,38.307692,-0.060620,-0.060620,-0.006581,-0.084234,0.256000,,
run_20260426_095404,ETH/USDT,crypto,H1,trend_momentum,ema_cross,adx_min=0|fast_period=10|rsi_confirm=True|slow_period=50,both,all,REJECT,25,0.320000,0.511518,-0.004539,-0.004539,-0.133894,-0.670650,-1.385040,0.025025,37.200000,-0.110509,-0.110509,-0.059339,-0.084234,0.424142,,
run_20260426_095404,ETH/USDT,crypto,H1,trend_momentum,ema_cross,adx_min=20|fast_period=10|rsi_confirm=False|slow_period=50,both,all,REJECT,24,0.333333,0.794343,-0.001842,-0.001842,-0.118618,-0.221126,-0.442242,0.024024,40.041667,-0.048010,-0.048010,-0.006581,-0.071940,0.244000,,
run_20260426_095404,ETH/USDT,crypto,H1,trend_momentum,ema_cross,adx_min=20|fast_period=10|rsi_confirm=True|slow_period=50,both,all,REJECT,23,0.304348,0.533422,-0.004361,-0.004361,-0.118618,-0.605924,-1.246208,0.023023,38.913043,-0.098568,-0.098568,-0.059339,-0.071940,0.474294,,
run_20260426_095404,ETH/USDT,crypto,H1,trend_momentum,ema_cross,adx_min=25|fast_period=10|rsi_confirm=False|slow_period=50,both,all,REJECT,20,0.400000,0.932472,-0.000619,-0.000619,-0.089913,-0.063275,-0.126096,0.020020,42.300000,-0.017006,-0.017006,-0.002747,-0.045400,0.220000,,
run_20260426_095404,ETH/USDT,crypto,H1,trend_momentum,ema_cross,adx_min=25|fast_period=10|rsi_confirm=True|slow_period=50,both,all,NEEDS_MORE_DATA,19,,,,,,,,,,,,,,,,only 19 trades < min 20
run_20260426_095404,ETH/USDT,crypto,H1,trend_momentum,ema_cross,adx_min=0|fast_period=10|rsi_confirm=False|slow_period=100,both,all,NEEDS_MORE_DATA,16,,,,,,,,,,,,,,,,only 16 trades < min 20
run_20260426_095404,ETH/USDT,crypto,H1,trend_momentum,ema_cross,adx_min=0|fast_period=10|rsi_confirm=True|slow_period=100,both,all,NEEDS_MORE_DATA,15,,,,,,,,,,,,,,,,only 15 trades < min 20
run_20260426_095404,ETH/USDT,crypto,H1,trend_momentum,ema_cross,adx_min=20|fast_period=10|rsi_confirm=False|slow_period=100,both,all,NEEDS_MORE_DATA,15,,,,,,,,,,,,,,,,only 15 trades < min 20
run_20260426_095404,ETH/USDT,crypto,H1,trend_momentum,ema_cross,adx_min=20|fast_period=10|rsi_confirm=True|slow_period=100,both,all,NEEDS_MORE_DATA,14,,,,,,,,,,,,,,,,only 14 trades < min 20
run_20260426_095404,ETH/USDT,crypto,H1,trend_momentum,ema_cross,adx_min=25|fast_period=10|rsi_confirm=False|slow_period=100,both,all,NEEDS_MORE_DATA,15,,,,,,,,,,,,,,,,only 15 trades < min 20
run_20260426_095404,ETH/USDT,crypto,H1,trend_momentum,ema_cross,adx_min=25|fast_period=10|rsi_confirm=True|slow_period=100,both,all,NEEDS_MORE_DATA,14,,,,,,,,,,,,,,,,only 14 trades < min 20
run_20260426_095404,ETH/USDT,crypto,H1,trend_momentum,ema_cross,adx_min=0|fast_period=10|rsi_confirm=False|slow_period=200,both,all,NEEDS_MORE_DATA,18,,,,,,,,,,,,,,,,only 18 trades < min 20
run_20260426_095404,ETH/USDT,crypto,H1,trend_momentum,ema_cross,adx_min=0|fast_period=10|rsi_confirm=True|slow_period=200,both,all,NEEDS_MORE_DATA,15,,,,,,,,,,,,,,,,only 15 trades < min 20
run_20260426_095404,ETH/USDT,crypto,H1,trend_momentum,ema_cross,adx_min=20|fast_period=10|rsi_confirm=False|slow_period=200,both,all,NEEDS_MORE_DATA,17,,,,,,,,,,,,,,,,only 17 trades < min 20
run_20260426_095404,ETH/USDT,crypto,H1,trend_momentum,ema_cross,adx_min=20|fast_period=10|rsi_confirm=True|slow_period=200,both,all,NEEDS_MORE_DATA,14,,,,,,,,,,,,,,,,only 14 trades < min 20
run_20260426_095404,ETH/USDT,crypto,H1,trend_momentum,ema_cross,adx_min=25|fast_period=10|rsi_confirm=False|slow_period=200,both,all,NEEDS_MORE_DATA,14,,,,,,,,,,,,,,,,only 14 trades < min 20
run_20260426_095404,ETH/USDT,crypto,H1,trend_momentum,ema_cross,adx_min=25|fast_period=10|rsi_confirm=True|slow_period=200,both,all,NEEDS_MORE_DATA,12,,,,,,,,,,,,,,,,only 12 trades < min 20
run_20260426_095404,ETH/USDT,crypto,H1,trend_momentum,ema_cross,adx_min=0|fast_period=20|rsi_confirm=False|slow_period=50,both,all,NEEDS_MORE_DATA,14,,,,,,,,,,,,,,,,only 14 trades < min 20
run_20260426_095404,ETH/USDT,crypto,H1,trend_momentum,ema_cross,adx_min=0|fast_period=20|rsi_confirm=True|slow_period=50,both,all,NEEDS_MORE_DATA,13,,,,,,,,,,,,,,,,only 13 trades < min 20
run_20260426_095404,ETH/USDT,crypto,H1,trend_momentum,ema_cross,adx_min=20|fast_period=20|rsi_confirm=False|slow_period=50,both,all,NEEDS_MORE_DATA,13,,,,,,,,,,,,,,,,only 13 trades < min 20
run_20260426_095404,ETH/USDT,crypto,H1,trend_momentum,ema_cross,adx_min=20|fast_period=20|rsi_confirm=True|slow_period=50,both,all,NEEDS_MORE_DATA,12,,,,,,,,,,,,,,,,only 12 trades < min 20
run_20260426_095404,ETH/USDT,crypto,H1,trend_momentum,ema_cross,adx_min=25|fast_period=20|rsi_confirm=False|slow_period=50,both,all,NEEDS_MORE_DATA,13,,,,,,,,,,,,,,,,only 13 trades < min 20
run_20260426_095404,ETH/USDT,crypto,H1,trend_momentum,ema_cross,adx_min=25|fast_period=20|rsi_confirm=True|slow_period=50,both,all,NEEDS_MORE_DATA,12,,,,,,,,,,,,,,,,only 12 trades < min 20
run_20260426_095404,ETH/USDT,crypto,H1,trend_momentum,ema_cross,adx_min=0|fast_period=20|rsi_confirm=False|slow_period=100,both,all,NEEDS_MORE_DATA,11,,,,,,,,,,,,,,,,only 11 trades < min 20
run_20260426_095404,ETH/USDT,crypto,H1,trend_momentum,ema_cross,adx_min=0|fast_period=20|rsi_confirm=True|slow_period=100,both,all,NEEDS_MORE_DATA,10,,,,,,,,,,,,,,,,only 10 trades < min 20
run_20260426_095404,ETH/USDT,crypto,H1,trend_momentum,ema_cross,adx_min=20|fast_period=20|rsi_confirm=False|slow_period=100,both,all,NEEDS_MORE_DATA,11,,,,,,,,,,,,,,,,only 11 trades < min 20
run_20260426_095404,ETH/USDT,crypto,H1,trend_momentum,ema_cross,adx_min=20|fast_period=20|rsi_confirm=True|slow_period=100,both,all,NEEDS_MORE_DATA,10,,,,,,,,,,,,,,,,only 10 trades < min 20
run_20260426_095404,ETH/USDT,crypto,H1,trend_momentum,ema_cross,adx_min=25|fast_period=20|rsi_confirm=False|slow_period=100,both,all,NEEDS_MORE_DATA,10,,,,,,,,,,,,,,,,only 10 trades < min 20
run_20260426_095404,ETH/USDT,crypto,H1,trend_momentum,ema_cross,adx_min=25|fast_period=20|rsi_confirm=True|slow_period=100,both,all,NEEDS_MORE_DATA,9,,,,,,,,,,,,,,,,only 9 trades < min 20
run_20260426_095404,ETH/USDT,crypto,H1,trend_momentum,ema_cross,adx_min=0|fast_period=20|rsi_confirm=False|slow_period=200,both,all,NEEDS_MORE_DATA,11,,,,,,,,,,,,,,,,only 11 trades < min 20
run_20260426_095404,ETH/USDT,crypto,H1,trend_momentum,ema_cross,adx_min=0|fast_period=20|rsi_confirm=True|slow_period=200,both,all,NEEDS_MORE_DATA,10,,,,,,,,,,,,,,,,only 10 trades < min 20
run_20260426_095404,ETH/USDT,crypto,H1,trend_momentum,ema_cross,adx_min=20|fast_period=20|rsi_confirm=False|slow_period=200,both,all,NEEDS_MORE_DATA,11,,,,,,,,,,,,,,,,only 11 trades < min 20
run_20260426_095404,ETH/USDT,crypto,H1,trend_momentum,ema_cross,adx_min=20|fast_period=20|rsi_confirm=True|slow_period=200,both,all,NEEDS_MORE_DATA,10,,,,,,,,,,,,,,,,only 10 trades < min 20
run_20260426_095404,ETH/USDT,crypto,H1,trend_momentum,ema_cross,adx_min=25|fast_period=20|rsi_confirm=False|slow_period=200,both,all,NEEDS_MORE_DATA,11,,,,,,,,,,,,,,,,only 11 trades < min 20
run_20260426_095404,ETH/USDT,crypto,H1,trend_momentum,ema_cross,adx_min=25|fast_period=20|rsi_confirm=True|slow_period=200,both,all,NEEDS_MORE_DATA,10,,,,,,,,,,,,,,,,only 10 trades < min 20
run_20260426_095404,ETH/USDT,crypto,H1,trend_momentum,ema_alignment,adx_min=0|ema_long=200|ema_mid=50|ema_short=20,both,all,NEEDS_MORE_DATA,11,,,,,,,,,,,,,,,,only 11 trades < min 20
run_20260426_095404,ETH/USDT,crypto,H1,trend_momentum,ema_alignment,adx_min=20|ema_long=200|ema_mid=50|ema_short=20,both,all,NEEDS_MORE_DATA,11,,,,,,,,,,,,,,,,only 11 trades < min 20
run_20260426_095404,ETH/USDT,crypto,H1,trend_momentum,ema_alignment,adx_min=25|ema_long=200|ema_mid=50|ema_short=20,both,all,NEEDS_MORE_DATA,11,,,,,,,,,,,,,,,,only 11 trades < min 20
run_20260426_095404,ETH/USDT,crypto,H1,pullback,pullback_ema,pullback_period=20|rsi_reclaim=False|rsi_threshold=50|trend_period=200,both,all,REJECT,72,0.125000,0.649723,-0.001818,-0.001818,-0.201677,-0.511908,-1.026648,0.072072,6.611111,-0.129676,-0.129676,-0.080957,-0.099840,0.630028,,
run_20260426_095404,ETH/USDT,crypto,H1,pullback,pullback_ema,pullback_period=20|rsi_reclaim=True|rsi_threshold=50|trend_period=200,both,all,REJECT,66,0.121212,0.464810,-0.002663,-0.002663,-0.164418,-0.999353,-2.049044,0.066066,6.484848,-0.164418,-0.164418,-0.135375,-0.081380,0.580345,,
run_20260426_095404,ETH/USDT,crypto,H1,pullback,pullback_ema,pullback_period=50|rsi_reclaim=True|rsi_threshold=50|trend_period=200,both,all,NEEDS_MORE_DATA,19,,,,,,,,,,,,,,,,only 19 trades < min 20
run_20260426_095404,ETH/USDT,crypto,H1,breakout,prev_day_hl,atr_expand_min=0.0,both,all,REJECT,20,0.350000,0.545520,-0.007428,-0.007428,-0.279921,-0.530995,-1.088012,0.020020,49.400000,-0.146577,-0.146577,0.021326,-0.116325,0.220000,,
run_20260426_095404,ETH/USDT,crypto,H1,breakout,prev_day_hl,atr_expand_min=0.5,both,all,REJECT,20,0.350000,0.545520,-0.007428,-0.007428,-0.279921,-0.530995,-1.088012,0.020020,49.400000,-0.146577,-0.146577,0.021326,-0.116325,0.220000,,
run_20260426_095404,ETH/USDT,crypto,H1,breakout,prev_day_hl,atr_expand_min=1.0,both,all,NEEDS_MORE_DATA,19,,,,,,,,,,,,,,,,only 19 trades < min 20
run_20260426_095404,ETH/USDT,crypto,H1,breakout,session_opening_range,atr_expand_min=0.0|range_bars=12,both,all,REJECT,30,0.366667,0.785386,-0.002567,-0.002567,-0.189111,-0.267172,-0.534674,0.030030,32.400000,-0.083760,-0.083760,-0.170831,0.042154,0.280000,,
run_20260426_095404,ETH/USDT,crypto,H1,breakout,session_opening_range,atr_expand_min=0.5|range_bars=12,both,all,REJECT,30,0.366667,0.785386,-0.002567,-0.002567,-0.189111,-0.267172,-0.534674,0.030030,32.400000,-0.083760,-0.083760,-0.170831,0.042154,0.280000,,
run_20260426_095404,ETH/USDT,crypto,H1,breakout,london_breakout,atr_expand_min=0.0|utc_end=11|utc_start=7,both,all,NEEDS_MORE_DATA,15,,,,,,,,,,,,,,,,only 15 trades < min 20
run_20260426_095404,ETH/USDT,crypto,H1,breakout,london_breakout,atr_expand_min=0.5|utc_end=11|utc_start=7,both,all,NEEDS_MORE_DATA,15,,,,,,,,,,,,,,,,only 15 trades < min 20
run_20260426_095404,ETH/USDT,crypto,H1,breakout,ny_breakout,atr_expand_min=0.0|utc_end=16|utc_start=13,both,all,NEEDS_MORE_DATA,19,,,,,,,,,,,,,,,,only 19 trades < min 20
run_20260426_095404,ETH/USDT,crypto,H1,breakout,ny_breakout,atr_expand_min=0.5|utc_end=16|utc_start=13,both,all,NEEDS_MORE_DATA,19,,,,,,,,,,,,,,,,only 19 trades < min 20
run_20260426_095404,ETH/USDT,crypto,H1,mean_reversion,rsi_extreme,overbought=70|oversold=30|period=14,both,all,NEEDS_MORE_DATA,16,,,,,,,,,,,,,,,,only 16 trades < min 20
run_20260426_095404,ETH/USDT,crypto,H1,mean_reversion,rsi_extreme,overbought=75|oversold=30|period=14,both,all,NEEDS_MORE_DATA,14,,,,,,,,,,,,,,,,only 14 trades < min 20
run_20260426_095404,ETH/USDT,crypto,H1,mean_reversion,rsi_extreme,overbought=70|oversold=25|period=14,both,all,NEEDS_MORE_DATA,13,,,,,,,,,,,,,,,,only 13 trades < min 20
run_20260426_095404,ETH/USDT,crypto,H1,mean_reversion,rsi_extreme,overbought=75|oversold=25|period=14,both,all,NEEDS_MORE_DATA,11,,,,,,,,,,,,,,,,only 11 trades < min 20
run_20260426_095404,ETH/USDT,crypto,H1,mean_reversion,bollinger_touch,num_std=2.0|period=20,both,all,REJECT,33,0.515152,0.364235,-0.006453,-0.006453,-0.198827,-0.926214,-1.944600,0.033033,16.151515,-0.197348,-0.197348,-0.120634,-0.024835,0.359762,,
run_20260426_095404,ETH/USDT,crypto,H1,mean_reversion,bollinger_touch,num_std=2.5|period=20,both,all,REJECT,25,0.520000,0.576432,-0.003922,-0.003922,-0.115588,-0.481294,-0.976422,0.025025,16.560000,-0.098222,-0.098222,-0.051392,0.005961,0.250000,,
run_20260426_095404,ETH/USDT,crypto,H1,mean_reversion,vwap_deviation,std_threshold=1.5,both,all,NEEDS_MORE_DATA,4,,,,,,,,,,,,,,,,only 4 trades < min 20
run_20260426_095404,ETH/USDT,crypto,H1,mean_reversion,vwap_deviation,std_threshold=2.0,both,all,NEEDS_MORE_DATA,4,,,,,,,,,,,,,,,,only 4 trades < min 20
run_20260426_095404,XAU/USD,commodity,H1,trend_momentum,ema_cross,adx_min=0|fast_period=10|rsi_confirm=False|slow_period=50,both,all,REJECT,27,0.148148,0.484088,-0.005521,-0.005521,-0.145732,-0.561642,-1.144938,0.027027,33.814815,-0.145732,-0.145732,-0.063146,-0.088639,0.440887,,
run_20260426_095404,XAU/USD,commodity,H1,trend_momentum,ema_cross,adx_min=0|fast_period=10|rsi_confirm=True|slow_period=50,both,all,REJECT,26,0.153846,0.503442,-0.005306,-0.005306,-0.141969,-0.521583,-1.060688,0.026026,34.192308,-0.136136,-0.136136,-0.052623,-0.088639,0.350673,,
run_20260426_095404,XAU/USD,commodity,H1,trend_momentum,ema_cross,adx_min=20|fast_period=10|rsi_confirm=False|slow_period=50,both,all,REJECT,26,0.153846,0.506471,-0.005250,-0.005250,-0.134857,-0.516442,-1.049799,0.026026,34.269231,-0.134857,-0.134857,-0.051409,-0.088639,0.338745,,
run_20260426_095404,XAU/USD,commodity,H1,trend_momentum,ema_cross,adx_min=20|fast_period=10|rsi_confirm=True|slow_period=50,both,all,REJECT,25,0.160000,0.527663,-0.005015,-0.005015,-0.131045,-0.476068,-0.965433,0.025025,34.680000,-0.125139,-0.125139,-0.040754,-0.088639,0.250000,,
run_20260426_095404,XAU/USD,commodity,H1,trend_momentum,ema_cross,adx_min=25|fast_period=10|rsi_confirm=False|slow_period=50,both,all,REJECT,20,0.100000,0.581227,-0.004832,-0.004832,-0.119185,-0.373220,-0.753750,0.020020,32.650000,-0.099358,-0.099358,-0.007020,-0.092991,0.220000,,
run_20260426_095404,XAU/USD,commodity,H1,trend_momentum,ema_cross,adx_min=25|fast_period=10|rsi_confirm=True|slow_period=50,both,all,NEEDS_MORE_DATA,19,,,,,,,,,,,,,,,,only 19 trades < min 20
run_20260426_095404,XAU/USD,commodity,H1,trend_momentum,ema_cross,adx_min=0|fast_period=10|rsi_confirm=False|slow_period=100,both,all,NEEDS_MORE_DATA,15,,,,,,,,,,,,,,,,only 15 trades < min 20
run_20260426_095404,XAU/USD,commodity,H1,trend_momentum,ema_cross,adx_min=0|fast_period=10|rsi_confirm=True|slow_period=100,both,all,NEEDS_MORE_DATA,13,,,,,,,,,,,,,,,,only 13 trades < min 20
run_20260426_095404,XAU/USD,commodity,H1,trend_momentum,ema_cross,adx_min=20|fast_period=10|rsi_confirm=False|slow_period=100,both,all,NEEDS_MORE_DATA,14,,,,,,,,,,,,,,,,only 14 trades < min 20
run_20260426_095404,XAU/USD,commodity,H1,trend_momentum,ema_cross,adx_min=20|fast_period=10|rsi_confirm=True|slow_period=100,both,all,NEEDS_MORE_DATA,12,,,,,,,,,,,,,,,,only 12 trades < min 20
run_20260426_095404,XAU/USD,commodity,H1,trend_momentum,ema_cross,adx_min=25|fast_period=10|rsi_confirm=False|slow_period=100,both,all,NEEDS_MORE_DATA,12,,,,,,,,,,,,,,,,only 12 trades < min 20
run_20260426_095404,XAU/USD,commodity,H1,trend_momentum,ema_cross,adx_min=25|fast_period=10|rsi_confirm=True|slow_period=100,both,all,NEEDS_MORE_DATA,11,,,,,,,,,,,,,,,,only 11 trades < min 20
run_20260426_095404,XAU/USD,commodity,H1,trend_momentum,ema_cross,adx_min=0|fast_period=10|rsi_confirm=False|slow_period=200,both,all,NEEDS_MORE_DATA,9,,,,,,,,,,,,,,,,only 9 trades < min 20
run_20260426_095404,XAU/USD,commodity,H1,trend_momentum,ema_cross,adx_min=0|fast_period=10|rsi_confirm=True|slow_period=200,both,all,NEEDS_MORE_DATA,8,,,,,,,,,,,,,,,,only 8 trades < min 20
run_20260426_095404,XAU/USD,commodity,H1,trend_momentum,ema_cross,adx_min=20|fast_period=10|rsi_confirm=False|slow_period=200,both,all,NEEDS_MORE_DATA,9,,,,,,,,,,,,,,,,only 9 trades < min 20
run_20260426_095404,XAU/USD,commodity,H1,trend_momentum,ema_cross,adx_min=20|fast_period=10|rsi_confirm=True|slow_period=200,both,all,NEEDS_MORE_DATA,8,,,,,,,,,,,,,,,,only 8 trades < min 20
run_20260426_095404,XAU/USD,commodity,H1,trend_momentum,ema_cross,adx_min=25|fast_period=10|rsi_confirm=False|slow_period=200,both,all,NEEDS_MORE_DATA,8,,,,,,,,,,,,,,,,only 8 trades < min 20
run_20260426_095404,XAU/USD,commodity,H1,trend_momentum,ema_cross,adx_min=25|fast_period=10|rsi_confirm=True|slow_period=200,both,all,NEEDS_MORE_DATA,7,,,,,,,,,,,,,,,,only 7 trades < min 20
run_20260426_095404,XAU/USD,commodity,H1,trend_momentum,ema_cross,adx_min=0|fast_period=20|rsi_confirm=False|slow_period=50,both,all,REJECT,21,0.142857,0.488367,-0.006455,-0.006455,-0.163924,-0.525285,-1.074168,0.021021,43.523810,-0.133778,-0.133778,-0.056514,-0.074442,0.430833,,
run_20260426_095404,XAU/USD,commodity,H1,trend_momentum,ema_cross,adx_min=0|fast_period=20|rsi_confirm=True|slow_period=50,both,all,REJECT,20,0.150000,0.504484,-0.006355,-0.006355,-0.163924,-0.493550,-1.007320,0.020020,44.450000,-0.126381,-0.126381,-0.048458,-0.074442,0.359135,,
run_20260426_095404,XAU/USD,commodity,H1,trend_momentum,ema_cross,adx_min=20|fast_period=20|rsi_confirm=False|slow_period=50,both,all,REJECT,20,0.150000,0.523512,-0.005889,-0.005889,-0.148785,-0.460606,-0.937081,0.020020,44.800000,-0.118093,-0.118093,-0.039622,-0.074442,0.256368,,
run_20260426_095404,XAU/USD,commodity,H1,trend_momentum,ema_cross,adx_min=20|fast_period=20|rsi_confirm=True|slow_period=50,both,all,NEEDS_MORE_DATA,19,,,,,,,,,,,,,,,,only 19 trades < min 20
run_20260426_095404,XAU/USD,commodity,H1,trend_momentum,ema_cross,adx_min=25|fast_period=20|rsi_confirm=False|slow_period=50,both,all,NEEDS_MORE_DATA,18,,,,,,,,,,,,,,,,only 18 trades < min 20
run_20260426_095404,XAU/USD,commodity,H1,trend_momentum,ema_cross,adx_min=25|fast_period=20|rsi_confirm=True|slow_period=50,both,all,NEEDS_MORE_DATA,17,,,,,,,,,,,,,,,,only 17 trades < min 20
run_20260426_095404,XAU/USD,commodity,H1,trend_momentum,ema_cross,adx_min=0|fast_period=20|rsi_confirm=False|slow_period=100,both,all,NEEDS_MORE_DATA,9,,,,,,,,,,,,,,,,only 9 trades < min 20
run_20260426_095404,XAU/USD,commodity,H1,trend_momentum,ema_cross,adx_min=0|fast_period=20|rsi_confirm=True|slow_period=100,both,all,NEEDS_MORE_DATA,8,,,,,,,,,,,,,,,,only 8 trades < min 20
run_20260426_095404,XAU/USD,commodity,H1,trend_momentum,ema_cross,adx_min=20|fast_period=20|rsi_confirm=False|slow_period=100,both,all,NEEDS_MORE_DATA,7,,,,,,,,,,,,,,,,only 7 trades < min 20
run_20260426_095404,XAU/USD,commodity,H1,trend_momentum,ema_cross,adx_min=20|fast_period=20|rsi_confirm=True|slow_period=100,both,all,NEEDS_MORE_DATA,6,,,,,,,,,,,,,,,,only 6 trades < min 20
run_20260426_095404,XAU/USD,commodity,H1,trend_momentum,ema_cross,adx_min=25|fast_period=20|rsi_confirm=False|slow_period=100,both,all,NEEDS_MORE_DATA,6,,,,,,,,,,,,,,,,only 6 trades < min 20
run_20260426_095404,XAU/USD,commodity,H1,trend_momentum,ema_cross,adx_min=25|fast_period=20|rsi_confirm=True|slow_period=100,both,all,NEEDS_MORE_DATA,5,,,,,,,,,,,,,,,,only 5 trades < min 20
run_20260426_095404,XAU/USD,commodity,H1,trend_momentum,ema_cross,adx_min=0|fast_period=20|rsi_confirm=False|slow_period=200,both,all,NEEDS_MORE_DATA,7,,,,,,,,,,,,,,,,only 7 trades < min 20
run_20260426_095404,XAU/USD,commodity,H1,trend_momentum,ema_cross,adx_min=0|fast_period=20|rsi_confirm=True|slow_period=200,both,all,NEEDS_MORE_DATA,6,,,,,,,,,,,,,,,,only 6 trades < min 20
run_20260426_095404,XAU/USD,commodity,H1,trend_momentum,ema_cross,adx_min=20|fast_period=20|rsi_confirm=False|slow_period=200,both,all,NEEDS_MORE_DATA,7,,,,,,,,,,,,,,,,only 7 trades < min 20
run_20260426_095404,XAU/USD,commodity,H1,trend_momentum,ema_cross,adx_min=20|fast_period=20|rsi_confirm=True|slow_period=200,both,all,NEEDS_MORE_DATA,6,,,,,,,,,,,,,,,,only 6 trades < min 20
run_20260426_095404,XAU/USD,commodity,H1,trend_momentum,ema_cross,adx_min=25|fast_period=20|rsi_confirm=False|slow_period=200,both,all,NEEDS_MORE_DATA,6,,,,,,,,,,,,,,,,only 6 trades < min 20
run_20260426_095404,XAU/USD,commodity,H1,trend_momentum,ema_cross,adx_min=25|fast_period=20|rsi_confirm=True|slow_period=200,both,all,NEEDS_MORE_DATA,5,,,,,,,,,,,,,,,,only 5 trades < min 20
run_20260426_095404,XAU/USD,commodity,H1,trend_momentum,ema_alignment,adx_min=0|ema_long=200|ema_mid=50|ema_short=20,both,all,NEEDS_MORE_DATA,13,,,,,,,,,,,,,,,,only 13 trades < min 20
run_20260426_095404,XAU/USD,commodity,H1,trend_momentum,ema_alignment,adx_min=20|ema_long=200|ema_mid=50|ema_short=20,both,all,NEEDS_MORE_DATA,13,,,,,,,,,,,,,,,,only 13 trades < min 20
run_20260426_095404,XAU/USD,commodity,H1,trend_momentum,ema_alignment,adx_min=25|ema_long=200|ema_mid=50|ema_short=20,both,all,NEEDS_MORE_DATA,13,,,,,,,,,,,,,,,,only 13 trades < min 20
run_20260426_095404,XAU/USD,commodity,H1,trend_momentum,macd_direction,adx_min=0|fast=12|signal_period=9|slow=26,both,all,REJECT,80,0.300000,0.860335,-0.000725,-0.000725,-0.118147,-0.247668,-0.494058,0.080080,12.325000,-0.062814,-0.062814,-0.037132,-0.046788,0.621988,,
run_20260426_095404,XAU/USD,commodity,H1,trend_momentum,macd_direction,adx_min=20|fast=12|signal_period=9|slow=26,both,all,REJECT,78,0.294872,0.776169,-0.001181,-0.001181,-0.118147,-0.415801,-0.831675,0.078078,12.269231,-0.093597,-0.093597,-0.068758,-0.046788,0.604141,,
run_20260426_095404,XAU/USD,commodity,H1,pullback,pullback_ema,pullback_period=20|rsi_reclaim=False|rsi_threshold=50|trend_period=200,both,all,REJECT,81,0.135802,0.640858,-0.001358,-0.001358,-0.107889,-0.598240,-1.201442,0.081081,6.407407,-0.107889,-0.107889,-0.084752,-0.040556,0.543556,,
run_20260426_095404,XAU/USD,commodity,H1,pullback,pullback_ema,pullback_period=20|rsi_reclaim=True|rsi_threshold=50|trend_period=200,both,all,REJECT,73,0.136986,0.660320,-0.001271,-0.001271,-0.096364,-0.519661,-1.042305,0.073073,6.520548,-0.092174,-0.092174,-0.059653,-0.034585,0.573929,,
run_20260426_095404,XAU/USD,commodity,H1,pullback,pullback_ema,pullback_period=50|rsi_reclaim=False|rsi_threshold=50|trend_period=200,both,all,REJECT,51,0.117647,0.783181,-0.000953,-0.000953,-0.091292,-0.177390,-0.353780,0.051051,11.627451,-0.055804,-0.055804,-0.034750,-0.026583,0.629492,,
run_20260426_095404,XAU/USD,commodity,H1,pullback,pullback_ema,pullback_period=50|rsi_reclaim=True|rsi_threshold=50|trend_period=200,both,all,REJECT,38,0.105263,0.971480,-0.000127,-0.000127,-0.066961,-0.017875,-0.035608,0.038038,13.236842,-0.013275,-0.013275,-0.005375,-0.012782,0.405786,,
run_20260426_095404,XAU/USD,commodity,H1,breakout,prev_day_hl,atr_expand_min=0.0,both,all,NEEDS_MORE_DATA,0,,,,,,,,,,,,,,,,only 0 trades < min 20
run_20260426_095404,XAU/USD,commodity,H1,breakout,prev_day_hl,atr_expand_min=0.5,both,all,NEEDS_MORE_DATA,0,,,,,,,,,,,,,,,,only 0 trades < min 20
run_20260426_095404,XAU/USD,commodity,H1,breakout,prev_day_hl,atr_expand_min=1.0,both,all,NEEDS_MORE_DATA,0,,,,,,,,,,,,,,,,only 0 trades < min 20
run_20260426_095404,XAU/USD,commodity,H1,breakout,session_opening_range,atr_expand_min=0.0|range_bars=6,both,all,REJECT,62,0.258065,0.532288,-0.003547,-0.003547,-0.208370,-0.905145,-1.849139,0.062062,15.822581,-0.203318,-0.203318,-0.165668,-0.071780,0.529983,,
run_20260426_095404,XAU/USD,commodity,H1,breakout,session_opening_range,atr_expand_min=0.5|range_bars=6,both,all,REJECT,62,0.241935,0.515299,-0.003749,-0.003749,-0.218234,-0.954324,-1.955262,0.062062,15.612903,-0.213245,-0.213245,-0.176063,-0.071780,0.522308,,
run_20260426_095404,XAU/USD,commodity,H1,breakout,session_opening_range,atr_expand_min=0.0|range_bars=12,both,all,REJECT,33,0.393939,0.683303,-0.002853,-0.002853,-0.174863,-0.427170,-0.860117,0.033033,29.333333,-0.095390,-0.095390,-0.023585,-0.099400,0.298000,,
run_20260426_095404,XAU/USD,commodity,H1,breakout,session_opening_range,atr_expand_min=0.5|range_bars=12,both,all,REJECT,33,0.393939,0.683303,-0.002853,-0.002853,-0.174863,-0.427170,-0.860117,0.033033,29.333333,-0.095390,-0.095390,-0.023585,-0.099400,0.298000,,
run_20260426_095404,XAU/USD,commodity,H1,breakout,london_breakout,atr_expand_min=0.0|utc_end=11|utc_start=7,both,all,NEEDS_MORE_DATA,19,,,,,,,,,,,,,,,,only 19 trades < min 20
run_20260426_095404,XAU/USD,commodity,H1,breakout,london_breakout,atr_expand_min=0.5|utc_end=11|utc_start=7,both,all,NEEDS_MORE_DATA,19,,,,,,,,,,,,,,,,only 19 trades < min 20
run_20260426_095404,XAU/USD,commodity,H1,breakout,ny_breakout,atr_expand_min=0.0|utc_end=16|utc_start=13,both,all,REJECT,20,0.200000,0.747251,-0.002386,-0.002386,-0.113524,-0.243492,-0.487869,0.020020,18.950000,-0.051125,-0.051125,0.015006,-0.065153,0.220000,,
run_20260426_095404,XAU/USD,commodity,H1,breakout,ny_breakout,atr_expand_min=0.5|utc_end=16|utc_start=13,both,all,NEEDS_MORE_DATA,19,,,,,,,,,,,,,,,,only 19 trades < min 20
run_20260426_095404,XAU/USD,commodity,H1,mean_reversion,rsi_extreme,overbought=70|oversold=30|period=14,both,all,NEEDS_MORE_DATA,17,,,,,,,,,,,,,,,,only 17 trades < min 20
run_20260426_095404,XAU/USD,commodity,H1,mean_reversion,rsi_extreme,overbought=75|oversold=30|period=14,both,all,NEEDS_MORE_DATA,12,,,,,,,,,,,,,,,,only 12 trades < min 20
run_20260426_095404,XAU/USD,commodity,H1,mean_reversion,rsi_extreme,overbought=70|oversold=25|period=14,both,all,NEEDS_MORE_DATA,13,,,,,,,,,,,,,,,,only 13 trades < min 20
run_20260426_095404,XAU/USD,commodity,H1,mean_reversion,rsi_extreme,overbought=75|oversold=25|period=14,both,all,NEEDS_MORE_DATA,8,,,,,,,,,,,,,,,,only 8 trades < min 20
run_20260426_095404,XAU/USD,commodity,H1,mean_reversion,bollinger_touch,num_std=2.0|period=20,both,all,REJECT,29,0.448276,0.416306,-0.004772,-0.004772,-0.166969,-0.800520,-1.667230,0.029029,16.448276,-0.132604,-0.132604,-0.131151,0.016437,0.274000,,
run_20260426_095404,XAU/USD,commodity,H1,mean_reversion,bollinger_touch,num_std=2.5|period=20,both,all,REJECT,21,0.476190,0.415063,-0.005519,-0.005519,-0.139342,-0.697247,-1.455962,0.021021,17.523810,-0.112603,-0.112603,-0.118807,0.032492,0.226000,,
run_20260426_095404,XAU/USD,commodity,H1,mean_reversion,vwap_deviation,std_threshold=1.5,both,all,NEEDS_MORE_DATA,9,,,,,,,,,,,,,,,,only 9 trades < min 20
run_20260426_095404,XAU/USD,commodity,H1,mean_reversion,vwap_deviation,std_threshold=2.0,both,all,NEEDS_MORE_DATA,5,,,,,,,,,,,,,,,,only 5 trades < min 20
run_20260426_095404,US500,index,H1,trend_momentum,ema_cross,adx_min=0|fast_period=10|rsi_confirm=False|slow_period=50,both,all,REJECT,37,0.162162,0.632788,-0.001723,-0.001723,-0.094755,-0.520326,-1.051317,0.037037,26.108108,-0.063516,-0.063516,-0.094755,0.012533,0.322000,,
run_20260426_095404,US500,index,H1,trend_momentum,ema_cross,adx_min=0|fast_period=10|rsi_confirm=True|slow_period=50,both,all,REJECT,35,0.171429,0.657038,-0.001641,-0.001641,-0.089025,-0.469400,-0.946546,0.035035,26.228571,-0.057588,-0.057588,-0.089025,0.012533,0.310000,,
run_20260426_095404,US500,index,H1,trend_momentum,ema_cross,adx_min=20|fast_period=10|rsi_confirm=False|slow_period=50,both,all,REJECT,35,0.142857,0.623620,-0.001783,-0.001783,-0.093479,-0.516203,-1.043625,0.035035,25.685714,-0.062195,-0.062195,-0.093479,0.012533,0.310000,,
run_20260426_095404,US500,index,H1,trend_momentum,ema_cross,adx_min=20|fast_period=10|rsi_confirm=True|slow_period=50,both,all,REJECT,33,0.151515,0.648710,-0.001700,-0.001700,-0.087740,-0.464583,-0.937309,0.033033,25.787879,-0.056259,-0.056259,-0.087740,0.012533,0.298000,,
run_20260426_095404,US500,index,H1,trend_momentum,ema_cross,adx_min=25|fast_period=10|rsi_confirm=False|slow_period=50,both,all,REJECT,25,0.120000,0.459474,-0.002769,-0.002769,-0.087719,-0.700378,-1.451364,0.025025,26.280000,-0.068011,-0.068011,-0.079547,0.012533,0.250000,,
run_20260426_095404,US500,index,H1,trend_momentum,ema_cross,adx_min=25|fast_period=10|rsi_confirm=True|slow_period=50,both,all,REJECT,24,0.125000,0.470270,-0.002761,-0.002761,-0.085029,-0.671722,-1.389650,0.024024,25.416667,-0.065264,-0.065264,-0.076834,0.012533,0.244000,,
run_20260426_095404,US500,index,H1,trend_momentum,ema_cross,adx_min=0|fast_period=10|rsi_confirm=False|slow_period=100,both,all,NEEDS_MORE_DATA,13,,,,,,,,,,,,,,,,only 13 trades < min 20
run_20260426_095404,US500,index,H1,trend_momentum,ema_cross,adx_min=0|fast_period=10|rsi_confirm=True|slow_period=100,both,all,NEEDS_MORE_DATA,12,,,,,,,,,,,,,,,,only 12 trades < min 20
run_20260426_095404,US500,index,H1,trend_momentum,ema_cross,adx_min=20|fast_period=10|rsi_confirm=False|slow_period=100,both,all,NEEDS_MORE_DATA,13,,,,,,,,,,,,,,,,only 13 trades < min 20
run_20260426_095404,US500,index,H1,trend_momentum,ema_cross,adx_min=20|fast_period=10|rsi_confirm=True|slow_period=100,both,all,NEEDS_MORE_DATA,12,,,,,,,,,,,,,,,,only 12 trades < min 20
run_20260426_095404,US500,index,H1,trend_momentum,ema_cross,adx_min=25|fast_period=10|rsi_confirm=False|slow_period=100,both,all,NEEDS_MORE_DATA,9,,,,,,,,,,,,,,,,only 9 trades < min 20
run_20260426_095404,US500,index,H1,trend_momentum,ema_cross,adx_min=25|fast_period=10|rsi_confirm=True|slow_period=100,both,all,NEEDS_MORE_DATA,8,,,,,,,,,,,,,,,,only 8 trades < min 20
run_20260426_095404,US500,index,H1,trend_momentum,ema_cross,adx_min=0|fast_period=10|rsi_confirm=False|slow_period=200,both,all,NEEDS_MORE_DATA,13,,,,,,,,,,,,,,,,only 13 trades < min 20
run_20260426_095404,US500,index,H1,trend_momentum,ema_cross,adx_min=0|fast_period=10|rsi_confirm=True|slow_period=200,both,all,NEEDS_MORE_DATA,11,,,,,,,,,,,,,,,,only 11 trades < min 20
run_20260426_095404,US500,index,H1,trend_momentum,ema_cross,adx_min=20|fast_period=10|rsi_confirm=False|slow_period=200,both,all,NEEDS_MORE_DATA,13,,,,,,,,,,,,,,,,only 13 trades < min 20
run_20260426_095404,US500,index,H1,trend_momentum,ema_cross,adx_min=20|fast_period=10|rsi_confirm=True|slow_period=200,both,all,NEEDS_MORE_DATA,11,,,,,,,,,,,,,,,,only 11 trades < min 20
run_20260426_095404,US500,index,H1,trend_momentum,ema_cross,adx_min=25|fast_period=10|rsi_confirm=False|slow_period=200,both,all,NEEDS_MORE_DATA,10,,,,,,,,,,,,,,,,only 10 trades < min 20
run_20260426_095404,US500,index,H1,trend_momentum,ema_cross,adx_min=25|fast_period=10|rsi_confirm=True|slow_period=200,both,all,NEEDS_MORE_DATA,8,,,,,,,,,,,,,,,,only 8 trades < min 20
run_20260426_095404,US500,index,H1,trend_momentum,ema_cross,adx_min=0|fast_period=20|rsi_confirm=False|slow_period=50,both,all,NEEDS_MORE_DATA,17,,,,,,,,,,,,,,,,only 17 trades < min 20
run_20260426_095404,US500,index,H1,trend_momentum,ema_cross,adx_min=0|fast_period=20|rsi_confirm=True|slow_period=50,both,all,NEEDS_MORE_DATA,16,,,,,,,,,,,,,,,,only 16 trades < min 20
run_20260426_095404,US500,index,H1,trend_momentum,ema_cross,adx_min=20|fast_period=20|rsi_confirm=False|slow_period=50,both,all,NEEDS_MORE_DATA,15,,,,,,,,,,,,,,,,only 15 trades < min 20
run_20260426_095404,US500,index,H1,trend_momentum,ema_cross,adx_min=20|fast_period=20|rsi_confirm=True|slow_period=50,both,all,NEEDS_MORE_DATA,14,,,,,,,,,,,,,,,,only 14 trades < min 20
run_20260426_095404,US500,index,H1,trend_momentum,ema_cross,adx_min=25|fast_period=20|rsi_confirm=False|slow_period=50,both,all,NEEDS_MORE_DATA,11,,,,,,,,,,,,,,,,only 11 trades < min 20
run_20260426_095404,US500,index,H1,trend_momentum,ema_cross,adx_min=25|fast_period=20|rsi_confirm=True|slow_period=50,both,all,NEEDS_MORE_DATA,10,,,,,,,,,,,,,,,,only 10 trades < min 20
run_20260426_095404,US500,index,H1,trend_momentum,ema_cross,adx_min=0|fast_period=20|rsi_confirm=False|slow_period=100,both,all,NEEDS_MORE_DATA,11,,,,,,,,,,,,,,,,only 11 trades < min 20
run_20260426_095404,US500,index,H1,trend_momentum,ema_cross,adx_min=0|fast_period=20|rsi_confirm=True|slow_period=100,both,all,NEEDS_MORE_DATA,10,,,,,,,,,,,,,,,,only 10 trades < min 20
run_20260426_095404,US500,index,H1,trend_momentum,ema_cross,adx_min=20|fast_period=20|rsi_confirm=False|slow_period=100,both,all,NEEDS_MORE_DATA,10,,,,,,,,,,,,,,,,only 10 trades < min 20
run_20260426_095404,US500,index,H1,trend_momentum,ema_cross,adx_min=20|fast_period=20|rsi_confirm=True|slow_period=100,both,all,NEEDS_MORE_DATA,9,,,,,,,,,,,,,,,,only 9 trades < min 20
run_20260426_095404,US500,index,H1,trend_momentum,ema_cross,adx_min=25|fast_period=20|rsi_confirm=False|slow_period=100,both,all,NEEDS_MORE_DATA,8,,,,,,,,,,,,,,,,only 8 trades < min 20
run_20260426_095404,US500,index,H1,trend_momentum,ema_cross,adx_min=25|fast_period=20|rsi_confirm=True|slow_period=100,both,all,NEEDS_MORE_DATA,7,,,,,,,,,,,,,,,,only 7 trades < min 20
run_20260426_095404,US500,index,H1,trend_momentum,ema_cross,adx_min=0|fast_period=20|rsi_confirm=False|slow_period=200,both,all,NEEDS_MORE_DATA,11,,,,,,,,,,,,,,,,only 11 trades < min 20
run_20260426_095404,US500,index,H1,trend_momentum,ema_cross,adx_min=0|fast_period=20|rsi_confirm=True|slow_period=200,both,all,NEEDS_MORE_DATA,9,,,,,,,,,,,,,,,,only 9 trades < min 20
run_20260426_095404,US500,index,H1,trend_momentum,ema_cross,adx_min=20|fast_period=20|rsi_confirm=False|slow_period=200,both,all,NEEDS_MORE_DATA,11,,,,,,,,,,,,,,,,only 11 trades < min 20
run_20260426_095404,US500,index,H1,trend_momentum,ema_cross,adx_min=20|fast_period=20|rsi_confirm=True|slow_period=200,both,all,NEEDS_MORE_DATA,9,,,,,,,,,,,,,,,,only 9 trades < min 20
run_20260426_095404,US500,index,H1,trend_momentum,ema_cross,adx_min=25|fast_period=20|rsi_confirm=False|slow_period=200,both,all,NEEDS_MORE_DATA,7,,,,,,,,,,,,,,,,only 7 trades < min 20
run_20260426_095404,US500,index,H1,trend_momentum,ema_cross,adx_min=25|fast_period=20|rsi_confirm=True|slow_period=200,both,all,NEEDS_MORE_DATA,6,,,,,,,,,,,,,,,,only 6 trades < min 20
run_20260426_095404,US500,index,H1,trend_momentum,ema_alignment,adx_min=0|ema_long=200|ema_mid=50|ema_short=20,both,all,NEEDS_MORE_DATA,10,,,,,,,,,,,,,,,,only 10 trades < min 20
run_20260426_095404,US500,index,H1,trend_momentum,ema_alignment,adx_min=20|ema_long=200|ema_mid=50|ema_short=20,both,all,NEEDS_MORE_DATA,9,,,,,,,,,,,,,,,,only 9 trades < min 20
run_20260426_095404,US500,index,H1,trend_momentum,ema_alignment,adx_min=25|ema_long=200|ema_mid=50|ema_short=20,both,all,NEEDS_MORE_DATA,9,,,,,,,,,,,,,,,,only 9 trades < min 20
run_20260426_095404,US500,index,H1,trend_momentum,macd_direction,adx_min=0|fast=12|signal_period=9|slow=26,both,all,REJECT,81,0.296296,0.680035,-0.001069,-0.001069,-0.105956,-0.647148,-1.301478,0.081081,12.197531,-0.084979,-0.084979,-0.060107,-0.047749,0.638322,,
run_20260426_095404,US500,index,H1,trend_momentum,macd_direction,adx_min=20|fast=12|signal_period=9|slow=26,both,all,REJECT,81,0.296296,0.680035,-0.001069,-0.001069,-0.105956,-0.647148,-1.301478,0.081081,12.197531,-0.084979,-0.084979,-0.060107,-0.047749,0.638322,,
run_20260426_095404,US500,index,H1,pullback,pullback_ema,pullback_period=20|rsi_reclaim=False|rsi_threshold=50|trend_period=200,both,all,REJECT,65,0.215385,0.805987,-0.000520,-0.000520,-0.070660,-0.281505,-0.562044,0.065065,9.538462,-0.034986,-0.034986,-0.064315,0.011076,0.400000,,
run_20260426_095404,US500,index,H1,pullback,pullback_ema,pullback_period=20|rsi_reclaim=True|rsi_threshold=50|trend_period=200,both,all,REJECT,56,0.214286,0.675638,-0.000860,-0.000860,-0.048119,-0.500737,-1.005964,0.056056,8.892857,-0.048119,-0.048119,-0.046011,-0.021819,0.542260,,
run_20260426_095404,US500,index,H1,breakout,prev_day_hl,atr_expand_min=0.0,both,all,NEEDS_MORE_DATA,0,,,,,,,,,,,,,,,,only 0 trades < min 20
run_20260426_095404,US500,index,H1,breakout,prev_day_hl,atr_expand_min=0.5,both,all,NEEDS_MORE_DATA,0,,,,,,,,,,,,,,,,only 0 trades < min 20
run_20260426_095404,US500,index,H1,breakout,prev_day_hl,atr_expand_min=1.0,both,all,NEEDS_MORE_DATA,0,,,,,,,,,,,,,,,,only 0 trades < min 20
run_20260426_095404,US500,index,H1,breakout,session_opening_range,atr_expand_min=0.0|range_bars=6,both,all,REJECT,59,0.338983,0.915770,-0.000314,-0.000314,-0.059903,-0.132039,-0.263174,0.059059,16.644068,-0.020771,-0.020771,-0.029044,-0.015808,0.563283,,
run_20260426_095404,US500,index,H1,breakout,session_opening_range,atr_expand_min=0.5|range_bars=6,both,all,REJECT,59,0.338983,0.897988,-0.000385,-0.000385,-0.061429,-0.161461,-0.321903,0.059059,16.389831,-0.024856,-0.024856,-0.030621,-0.016050,0.557250,,
run_20260426_095404,US500,index,H1,breakout,session_opening_range,atr_expand_min=0.0|range_bars=12,both,all,REJECT,34,0.294118,0.629883,-0.002168,-0.002168,-0.121700,-0.534666,-1.082669,0.034034,28.735294,-0.073270,-0.073270,-0.028287,-0.014191,0.454502,,
run_20260426_095404,US500,index,H1,breakout,session_opening_range,atr_expand_min=0.5|range_bars=12,both,all,REJECT,34,0.294118,0.629883,-0.002168,-0.002168,-0.121700,-0.534666,-1.082669,0.034034,28.735294,-0.073270,-0.073270,-0.028287,-0.014191,0.454502,,
run_20260426_095404,US500,index,H1,breakout,london_breakout,atr_expand_min=0.0|utc_end=11|utc_start=7,both,all,NEEDS_MORE_DATA,14,,,,,,,,,,,,,,,,only 14 trades < min 20
run_20260426_095404,US500,index,H1,breakout,london_breakout,atr_expand_min=0.5|utc_end=11|utc_start=7,both,all,NEEDS_MORE_DATA,13,,,,,,,,,,,,,,,,only 13 trades < min 20
run_20260426_095404,US500,index,H1,breakout,ny_breakout,atr_expand_min=0.0|utc_end=16|utc_start=13,both,all,NEEDS_MORE_DATA,17,,,,,,,,,,,,,,,,only 17 trades < min 20
run_20260426_095404,US500,index,H1,breakout,ny_breakout,atr_expand_min=0.5|utc_end=16|utc_start=13,both,all,NEEDS_MORE_DATA,17,,,,,,,,,,,,,,,,only 17 trades < min 20
run_20260426_095404,US500,index,H1,mean_reversion,rsi_extreme,overbought=70|oversold=30|period=14,both,all,NEEDS_MORE_DATA,15,,,,,,,,,,,,,,,,only 15 trades < min 20
run_20260426_095404,US500,index,H1,mean_reversion,rsi_extreme,overbought=75|oversold=30|period=14,both,all,NEEDS_MORE_DATA,13,,,,,,,,,,,,,,,,only 13 trades < min 20
run_20260426_095404,US500,index,H1,mean_reversion,rsi_extreme,overbought=70|oversold=25|period=14,both,all,NEEDS_MORE_DATA,11,,,,,,,,,,,,,,,,only 11 trades < min 20
run_20260426_095404,US500,index,H1,mean_reversion,rsi_extreme,overbought=75|oversold=25|period=14,both,all,NEEDS_MORE_DATA,9,,,,,,,,,,,,,,,,only 9 trades < min 20
run_20260426_095404,US500,index,H1,mean_reversion,bollinger_touch,num_std=2.0|period=20,both,all,REJECT,37,0.648649,0.810495,-0.000553,-0.000553,-0.043887,-0.218304,-0.435947,0.037037,15.945946,-0.021357,-0.021357,-0.005090,-0.016350,0.322000,,
run_20260426_095404,US500,index,H1,mean_reversion,vwap_deviation,std_threshold=1.5,both,all,NEEDS_MORE_DATA,8,,,,,,,,,,,,,,,,only 8 trades < min 20
run_20260426_095404,US500,index,H1,mean_reversion,vwap_deviation,std_threshold=2.0,both,all,NEEDS_MORE_DATA,6,,,,,,,,,,,,,,,,only 6 trades < min 20
run_20260426_095404,BTC/USDT,crypto,H4,trend_momentum,ema_cross,adx_min=0|fast_period=10|rsi_confirm=False|slow_period=50,both,all,REJECT,30,0.233333,0.681881,-0.006780,-0.006780,-0.296071,-0.322293,-0.646345,0.030030,29.200000,-0.220658,-0.220658,-0.111880,-0.068130,0.462686,,
run_20260426_095404,BTC/USDT,crypto,H4,trend_momentum,ema_cross,adx_min=0|fast_period=10|rsi_confirm=True|slow_period=50,both,all,REJECT,27,0.185185,0.471987,-0.012159,-0.012159,-0.307105,-0.569178,-1.161043,0.027027,26.481481,-0.306881,-0.306881,-0.210138,-0.068130,0.359264,,
run_20260426_095404,BTC/USDT,crypto,H4,trend_momentum,ema_cross,adx_min=20|fast_period=10|rsi_confirm=False|slow_period=50,both,all,REJECT,26,0.230769,0.719968,-0.006222,-0.006222,-0.265234,-0.258841,-0.518211,0.026026,31.153846,-0.186710,-0.186710,-0.073193,-0.068130,0.535246,,
run_20260426_095404,BTC/USDT,crypto,H4,trend_momentum,ema_cross,adx_min=20|fast_period=10|rsi_confirm=True|slow_period=50,both,all,REJECT,23,0.173913,0.488135,-0.012463,-0.012463,-0.276922,-0.502833,-1.023721,0.023023,28.217391,-0.276689,-0.276689,-0.175731,-0.068130,0.354308,,
run_20260426_095404,BTC/USDT,crypto,H4,trend_momentum,ema_cross,adx_min=25|fast_period=10|rsi_confirm=False|slow_period=50,both,all,NEEDS_MORE_DATA,19,,,,,,,,,,,,,,,,only 19 trades < min 20
run_20260426_095404,BTC/USDT,crypto,H4,trend_momentum,ema_cross,adx_min=25|fast_period=10|rsi_confirm=True|slow_period=50,both,all,NEEDS_MORE_DATA,16,,,,,,,,,,,,,,,,only 16 trades < min 20
run_20260426_095404,BTC/USDT,crypto,H4,trend_momentum,ema_cross,adx_min=0|fast_period=10|rsi_confirm=False|slow_period=100,both,all,REJECT,22,0.181818,0.876580,-0.002541,-0.002541,-0.226358,-0.092747,-0.184896,0.022022,39.909091,-0.092388,-0.092388,0.043276,-0.110657,0.232000,,
run_20260426_095404,BTC/USDT,crypto,H4,trend_momentum,ema_cross,adx_min=0|fast_period=10|rsi_confirm=True|slow_period=100,both,all,REJECT,20,0.150000,0.643803,-0.007756,-0.007756,-0.226203,-0.279515,-0.561086,0.020020,37.150000,-0.172773,-0.172773,-0.049124,-0.110657,0.220000,,
run_20260426_095404,BTC/USDT,crypto,H4,trend_momentum,ema_cross,adx_min=20|fast_period=10|rsi_confirm=False|slow_period=100,both,all,REJECT,22,0.181818,0.876580,-0.002541,-0.002541,-0.226358,-0.092747,-0.184896,0.022022,39.909091,-0.092388,-0.092388,0.043276,-0.110657,0.232000,,
run_20260426_095404,BTC/USDT,crypto,H4,trend_momentum,ema_cross,adx_min=20|fast_period=10|rsi_confirm=True|slow_period=100,both,all,REJECT,20,0.150000,0.643803,-0.007756,-0.007756,-0.226203,-0.279515,-0.561086,0.020020,37.150000,-0.172773,-0.172773,-0.049124,-0.110657,0.220000,,
run_20260426_095404,BTC/USDT,crypto,H4,trend_momentum,ema_cross,adx_min=25|fast_period=10|rsi_confirm=False|slow_period=100,both,all,NEEDS_MORE_DATA,14,,,,,,,,,,,,,,,,only 14 trades < min 20
run_20260426_095404,BTC/USDT,crypto,H4,trend_momentum,ema_cross,adx_min=25|fast_period=10|rsi_confirm=True|slow_period=100,both,all,NEEDS_MORE_DATA,12,,,,,,,,,,,,,,,,only 12 trades < min 20
run_20260426_095404,BTC/USDT,crypto,H4,trend_momentum,ema_cross,adx_min=0|fast_period=10|rsi_confirm=False|slow_period=200,both,all,NEEDS_MORE_DATA,10,,,,,,,,,,,,,,,,only 10 trades < min 20
run_20260426_095404,BTC/USDT,crypto,H4,trend_momentum,ema_cross,adx_min=0|fast_period=10|rsi_confirm=True|slow_period=200,both,all,NEEDS_MORE_DATA,7,,,,,,,,,,,,,,,,only 7 trades < min 20
run_20260426_095404,BTC/USDT,crypto,H4,trend_momentum,ema_cross,adx_min=20|fast_period=10|rsi_confirm=False|slow_period=200,both,all,NEEDS_MORE_DATA,10,,,,,,,,,,,,,,,,only 10 trades < min 20
run_20260426_095404,BTC/USDT,crypto,H4,trend_momentum,ema_cross,adx_min=20|fast_period=10|rsi_confirm=True|slow_period=200,both,all,NEEDS_MORE_DATA,7,,,,,,,,,,,,,,,,only 7 trades < min 20
run_20260426_095404,BTC/USDT,crypto,H4,trend_momentum,ema_cross,adx_min=25|fast_period=10|rsi_confirm=False|slow_period=200,both,all,NEEDS_MORE_DATA,10,,,,,,,,,,,,,,,,only 10 trades < min 20
run_20260426_095404,BTC/USDT,crypto,H4,trend_momentum,ema_cross,adx_min=25|fast_period=10|rsi_confirm=True|slow_period=200,both,all,NEEDS_MORE_DATA,7,,,,,,,,,,,,,,,,only 7 trades < min 20
run_20260426_095404,BTC/USDT,crypto,H4,trend_momentum,ema_cross,adx_min=0|fast_period=20|rsi_confirm=False|slow_period=50,both,all,REJECT,22,0.272727,0.955921,-0.000862,-0.000862,-0.282522,-0.031067,-0.061891,0.022022,39.863636,-0.059750,-0.059750,0.006985,-0.044419,0.232000,,
run_20260426_095404,BTC/USDT,crypto,H4,trend_momentum,ema_cross,adx_min=0|fast_period=20|rsi_confirm=True|slow_period=50,both,all,REJECT,20,0.250000,0.689497,-0.006406,-0.006406,-0.282379,-0.231072,-0.462714,0.020020,38.800000,-0.150588,-0.150588,-0.090300,-0.044419,0.367571,,
run_20260426_095404,BTC/USDT,crypto,H4,trend_momentum,ema_cross,adx_min=20|fast_period=20|rsi_confirm=False|slow_period=50,both,all,REJECT,21,0.285714,1.038083,0.000718,0.000718,-0.257240,0.024869,0.049544,0.021021,41.523810,-0.026618,-0.026618,0.042468,-0.044419,0.226000,,
run_20260426_095404,BTC/USDT,crypto,H4,trend_momentum,ema_cross,adx_min=20|fast_period=20|rsi_confirm=True|slow_period=50,both,all,NEEDS_MORE_DATA,19,,,,,,,,,,,,,,,,only 19 trades < min 20
run_20260426_095404,BTC/USDT,crypto,H4,trend_momentum,ema_cross,adx_min=25|fast_period=20|rsi_confirm=False|slow_period=50,both,all,NEEDS_MORE_DATA,16,,,,,,,,,,,,,,,,only 16 trades < min 20
run_20260426_095404,BTC/USDT,crypto,H4,trend_momentum,ema_cross,adx_min=25|fast_period=20|rsi_confirm=True|slow_period=50,both,all,NEEDS_MORE_DATA,14,,,,,,,,,,,,,,,,only 14 trades < min 20
run_20260426_095404,BTC/USDT,crypto,H4,trend_momentum,ema_cross,adx_min=0|fast_period=20|rsi_confirm=False|slow_period=100,both,all,NEEDS_MORE_DATA,14,,,,,,,,,,,,,,,,only 14 trades < min 20
run_20260426_095404,BTC/USDT,crypto,H4,trend_momentum,ema_cross,adx_min=0|fast_period=20|rsi_confirm=True|slow_period=100,both,all,NEEDS_MORE_DATA,12,,,,,,,,,,,,,,,,only 12 trades < min 20
run_20260426_095404,BTC/USDT,crypto,H4,trend_momentum,ema_cross,adx_min=20|fast_period=20|rsi_confirm=False|slow_period=100,both,all,NEEDS_MORE_DATA,14,,,,,,,,,,,,,,,,only 14 trades < min 20
run_20260426_095404,BTC/USDT,crypto,H4,trend_momentum,ema_cross,adx_min=20|fast_period=20|rsi_confirm=True|slow_period=100,both,all,NEEDS_MORE_DATA,12,,,,,,,,,,,,,,,,only 12 trades < min 20
run_20260426_095404,BTC/USDT,crypto,H4,trend_momentum,ema_cross,adx_min=25|fast_period=20|rsi_confirm=False|slow_period=100,both,all,NEEDS_MORE_DATA,12,,,,,,,,,,,,,,,,only 12 trades < min 20
run_20260426_095404,BTC/USDT,crypto,H4,trend_momentum,ema_cross,adx_min=25|fast_period=20|rsi_confirm=True|slow_period=100,both,all,NEEDS_MORE_DATA,10,,,,,,,,,,,,,,,,only 10 trades < min 20
run_20260426_095404,BTC/USDT,crypto,H4,trend_momentum,ema_cross,adx_min=0|fast_period=20|rsi_confirm=False|slow_period=200,both,all,NEEDS_MORE_DATA,6,,,,,,,,,,,,,,,,only 6 trades < min 20
run_20260426_095404,BTC/USDT,crypto,H4,trend_momentum,ema_cross,adx_min=0|fast_period=20|rsi_confirm=True|slow_period=200,both,all,NEEDS_MORE_DATA,4,,,,,,,,,,,,,,,,only 4 trades < min 20
run_20260426_095404,BTC/USDT,crypto,H4,trend_momentum,ema_cross,adx_min=20|fast_period=20|rsi_confirm=False|slow_period=200,both,all,NEEDS_MORE_DATA,6,,,,,,,,,,,,,,,,only 6 trades < min 20
run_20260426_095404,BTC/USDT,crypto,H4,trend_momentum,ema_cross,adx_min=20|fast_period=20|rsi_confirm=True|slow_period=200,both,all,NEEDS_MORE_DATA,4,,,,,,,,,,,,,,,,only 4 trades < min 20
run_20260426_095404,BTC/USDT,crypto,H4,trend_momentum,ema_cross,adx_min=25|fast_period=20|rsi_confirm=False|slow_period=200,both,all,NEEDS_MORE_DATA,6,,,,,,,,,,,,,,,,only 6 trades < min 20
run_20260426_095404,BTC/USDT,crypto,H4,trend_momentum,ema_cross,adx_min=25|fast_period=20|rsi_confirm=True|slow_period=200,both,all,NEEDS_MORE_DATA,4,,,,,,,,,,,,,,,,only 4 trades < min 20
run_20260426_095404,BTC/USDT,crypto,H4,trend_momentum,ema_alignment,adx_min=0|ema_long=200|ema_mid=50|ema_short=20,both,all,NEEDS_MORE_DATA,14,,,,,,,,,,,,,,,,only 14 trades < min 20
run_20260426_095404,BTC/USDT,crypto,H4,trend_momentum,ema_alignment,adx_min=20|ema_long=200|ema_mid=50|ema_short=20,both,all,NEEDS_MORE_DATA,14,,,,,,,,,,,,,,,,only 14 trades < min 20
run_20260426_095404,BTC/USDT,crypto,H4,trend_momentum,ema_alignment,adx_min=25|ema_long=200|ema_mid=50|ema_short=20,both,all,NEEDS_MORE_DATA,13,,,,,,,,,,,,,,,,only 13 trades < min 20
run_20260426_095404,BTC/USDT,crypto,H4,trend_momentum,macd_direction,adx_min=0|fast=12|signal_period=9|slow=26,both,all,REJECT,75,0.346667,0.850057,-0.002060,-0.002060,-0.258123,-0.279462,-0.557768,0.075075,13.106667,-0.175142,-0.175142,-0.000565,-0.196026,0.400000,,
run_20260426_095404,BTC/USDT,crypto,H4,trend_momentum,macd_direction,adx_min=20|fast=12|signal_period=9|slow=26,both,all,REJECT,71,0.338028,0.802774,-0.002794,-0.002794,-0.274778,-0.365434,-0.730499,0.071071,12.985915,-0.209506,-0.209506,-0.042201,-0.196026,0.400000,,
run_20260426_095404,BTC/USDT,crypto,H4,pullback,pullback_ema,pullback_period=20|rsi_reclaim=False|rsi_threshold=50|trend_period=200,both,all,REJECT,63,0.222222,0.991544,-0.000081,-0.000081,-0.236816,-0.009062,-0.018053,0.063063,8.269841,-0.041396,-0.041396,-0.044289,-0.014408,0.497592,,
run_20260426_095404,BTC/USDT,crypto,H4,pullback,pullback_ema,pullback_period=20|rsi_reclaim=True|rsi_threshold=50|trend_period=200,both,all,REJECT,55,0.200000,0.792730,-0.002069,-0.002069,-0.236816,-0.237196,-0.473415,0.055055,7.563636,-0.131234,-0.131234,-0.149139,0.021044,0.400000,,
run_20260426_095404,BTC/USDT,crypto,H4,pullback,pullback_ema,pullback_period=50|rsi_reclaim=True|rsi_threshold=50|trend_period=200,both,all,REJECT,23,0.173913,0.195277,-0.011479,-0.011479,-0.236457,-1.252490,-2.909116,0.023023,11.652174,-0.236457,-0.236457,-0.210217,-0.026490,0.275804,,
run_20260426_095404,BTC/USDT,crypto,H4,breakout,session_opening_range,atr_expand_min=0.0|range_bars=12,both,all,REJECT,29,0.275862,0.881461,-0.002408,-0.002408,-0.219710,-0.127288,-0.253837,0.029029,32.689655,-0.100694,-0.100694,-0.122643,0.003144,0.274000,,
run_20260426_095404,BTC/USDT,crypto,H4,breakout,session_opening_range,atr_expand_min=0.5|range_bars=12,both,all,REJECT,29,0.275862,0.881461,-0.002408,-0.002408,-0.219710,-0.127288,-0.253837,0.029029,32.689655,-0.100694,-0.100694,-0.122643,0.003144,0.274000,,
run_20260426_095404,BTC/USDT,crypto,H4,breakout,london_breakout,atr_expand_min=0.0|utc_end=11|utc_start=7,both,all,NEEDS_MORE_DATA,14,,,,,,,,,,,,,,,,only 14 trades < min 20
run_20260426_095404,BTC/USDT,crypto,H4,breakout,london_breakout,atr_expand_min=0.5|utc_end=11|utc_start=7,both,all,NEEDS_MORE_DATA,14,,,,,,,,,,,,,,,,only 14 trades < min 20
run_20260426_095404,BTC/USDT,crypto,H4,breakout,ny_breakout,atr_expand_min=0.0|utc_end=16|utc_start=13,both,all,NEEDS_MORE_DATA,0,,,,,,,,,,,,,,,,only 0 trades < min 20
run_20260426_095404,BTC/USDT,crypto,H4,breakout,ny_breakout,atr_expand_min=0.5|utc_end=16|utc_start=13,both,all,NEEDS_MORE_DATA,0,,,,,,,,,,,,,,,,only 0 trades < min 20
run_20260426_095404,BTC/USDT,crypto,H4,mean_reversion,rsi_extreme,overbought=70|oversold=30|period=14,both,all,NEEDS_MORE_DATA,15,,,,,,,,,,,,,,,,only 15 trades < min 20
run_20260426_095404,BTC/USDT,crypto,H4,mean_reversion,rsi_extreme,overbought=75|oversold=30|period=14,both,all,NEEDS_MORE_DATA,12,,,,,,,,,,,,,,,,only 12 trades < min 20
run_20260426_095404,BTC/USDT,crypto,H4,mean_reversion,rsi_extreme,overbought=70|oversold=25|period=14,both,all,NEEDS_MORE_DATA,11,,,,,,,,,,,,,,,,only 11 trades < min 20
run_20260426_095404,BTC/USDT,crypto,H4,mean_reversion,rsi_extreme,overbought=75|oversold=25|period=14,both,all,NEEDS_MORE_DATA,8,,,,,,,,,,,,,,,,only 8 trades < min 20
run_20260426_095404,BTC/USDT,crypto,H4,mean_reversion,vwap_deviation,std_threshold=1.5,both,all,NEEDS_MORE_DATA,8,,,,,,,,,,,,,,,,only 8 trades < min 20
run_20260426_095404,BTC/USDT,crypto,H4,mean_reversion,vwap_deviation,std_threshold=2.0,both,all,NEEDS_MORE_DATA,7,,,,,,,,,,,,,,,,only 7 trades < min 20
run_20260426_095404,ETH/USDT,crypto,H4,trend_momentum,ema_cross,adx_min=0|fast_period=10|rsi_confirm=False|slow_period=50,both,all,REJECT,31,0.290323,0.830616,-0.004528,-0.004528,-0.350627,-0.173903,-0.347074,0.031031,31.903226,-0.193556,-0.193556,-0.156154,-0.011245,0.307603,,
run_20260426_095404,ETH/USDT,crypto,H4,trend_momentum,ema_cross,adx_min=0|fast_period=10|rsi_confirm=True|slow_period=50,both,all,REJECT,29,0.275862,0.708210,-0.007973,-0.007973,-0.350627,-0.303084,-0.607477,0.029029,30.862069,-0.257565,-0.257565,-0.223132,-0.011245,0.289118,,
run_20260426_095404,ETH/USDT,crypto,H4,trend_momentum,ema_cross,adx_min=20|fast_period=10|rsi_confirm=False|slow_period=50,both,all,REJECT,31,0.290323,0.830616,-0.004528,-0.004528,-0.350627,-0.173903,-0.347074,0.031031,31.903226,-0.193556,-0.193556,-0.156154,-0.011245,0.307603,,
run_20260426_095404,ETH/USDT,crypto,H4,trend_momentum,ema_cross,adx_min=20|fast_period=10|rsi_confirm=True|slow_period=50,both,all,REJECT,29,0.275862,0.708210,-0.007973,-0.007973,-0.350627,-0.303084,-0.607477,0.029029,30.862069,-0.257565,-0.257565,-0.223132,-0.011245,0.289118,,
run_20260426_095404,ETH/USDT,crypto,H4,trend_momentum,ema_cross,adx_min=25|fast_period=10|rsi_confirm=False|slow_period=50,both,all,REJECT,26,0.269231,0.840447,-0.004652,-0.004652,-0.350627,-0.151429,-0.302168,0.026026,33.807692,-0.176315,-0.176315,-0.138115,-0.011245,0.280424,,
run_20260426_095404,ETH/USDT,crypto,H4,trend_momentum,ema_cross,adx_min=25|fast_period=10|rsi_confirm=True|slow_period=50,both,all,REJECT,24,0.250000,0.706549,-0.008825,-0.008825,-0.350627,-0.280922,-0.563208,0.024024,32.708333,-0.241693,-0.241693,-0.206524,-0.011245,0.260334,,
run_20260426_095404,ETH/USDT,crypto,H4,trend_momentum,ema_cross,adx_min=0|fast_period=10|rsi_confirm=False|slow_period=100,both,all,NEEDS_MORE_DATA,18,,,,,,,,,,,,,,,,only 18 trades < min 20
run_20260426_095404,ETH/USDT,crypto,H4,trend_momentum,ema_cross,adx_min=0|fast_period=10|rsi_confirm=True|slow_period=100,both,all,NEEDS_MORE_DATA,16,,,,,,,,,,,,,,,,only 16 trades < min 20
run_20260426_095404,ETH/USDT,crypto,H4,trend_momentum,ema_cross,adx_min=20|fast_period=10|rsi_confirm=False|slow_period=100,both,all,NEEDS_MORE_DATA,18,,,,,,,,,,,,,,,,only 18 trades < min 20
run_20260426_095404,ETH/USDT,crypto,H4,trend_momentum,ema_cross,adx_min=20|fast_period=10|rsi_confirm=True|slow_period=100,both,all,NEEDS_MORE_DATA,16,,,,,,,,,,,,,,,,only 16 trades < min 20
run_20260426_095404,ETH/USDT,crypto,H4,trend_momentum,ema_cross,adx_min=25|fast_period=10|rsi_confirm=False|slow_period=100,both,all,NEEDS_MORE_DATA,17,,,,,,,,,,,,,,,,only 17 trades < min 20
run_20260426_095404,ETH/USDT,crypto,H4,trend_momentum,ema_cross,adx_min=25|fast_period=10|rsi_confirm=True|slow_period=100,both,all,NEEDS_MORE_DATA,15,,,,,,,,,,,,,,,,only 15 trades < min 20
run_20260426_095404,ETH/USDT,crypto,H4,trend_momentum,ema_cross,adx_min=0|fast_period=10|rsi_confirm=False|slow_period=200,both,all,NEEDS_MORE_DATA,12,,,,,,,,,,,,,,,,only 12 trades < min 20
run_20260426_095404,ETH/USDT,crypto,H4,trend_momentum,ema_cross,adx_min=0|fast_period=10|rsi_confirm=True|slow_period=200,both,all,NEEDS_MORE_DATA,10,,,,,,,,,,,,,,,,only 10 trades < min 20
run_20260426_095404,ETH/USDT,crypto,H4,trend_momentum,ema_cross,adx_min=20|fast_period=10|rsi_confirm=False|slow_period=200,both,all,NEEDS_MORE_DATA,12,,,,,,,,,,,,,,,,only 12 trades < min 20
run_20260426_095404,ETH/USDT,crypto,H4,trend_momentum,ema_cross,adx_min=20|fast_period=10|rsi_confirm=True|slow_period=200,both,all,NEEDS_MORE_DATA,10,,,,,,,,,,,,,,,,only 10 trades < min 20
run_20260426_095404,ETH/USDT,crypto,H4,trend_momentum,ema_cross,adx_min=25|fast_period=10|rsi_confirm=False|slow_period=200,both,all,NEEDS_MORE_DATA,11,,,,,,,,,,,,,,,,only 11 trades < min 20
run_20260426_095404,ETH/USDT,crypto,H4,trend_momentum,ema_cross,adx_min=25|fast_period=10|rsi_confirm=True|slow_period=200,both,all,NEEDS_MORE_DATA,9,,,,,,,,,,,,,,,,only 9 trades < min 20
run_20260426_095404,ETH/USDT,crypto,H4,trend_momentum,ema_cross,adx_min=0|fast_period=20|rsi_confirm=False|slow_period=50,both,all,REJECT,23,0.260870,0.838486,-0.005325,-0.005325,-0.418588,-0.143031,-0.285416,0.023023,43.217391,-0.185078,-0.185078,0.019306,-0.157684,0.238000,,
run_20260426_095404,ETH/USDT,crypto,H4,trend_momentum,ema_cross,adx_min=0|fast_period=20|rsi_confirm=True|slow_period=50,both,all,REJECT,21,0.238095,0.696014,-0.010451,-0.010451,-0.418588,-0.270700,-0.542939,0.021021,42.619048,-0.253834,-0.253834,-0.066694,-0.157684,0.226000,,
run_20260426_095404,ETH/USDT,crypto,H4,trend_momentum,ema_cross,adx_min=20|fast_period=20|rsi_confirm=False|slow_period=50,both,all,REJECT,23,0.260870,0.838486,-0.005325,-0.005325,-0.418588,-0.143031,-0.285416,0.023023,43.217391,-0.185078,-0.185078,0.019306,-0.157684,0.238000,,
run_20260426_095404,ETH/USDT,crypto,H4,trend_momentum,ema_cross,adx_min=20|fast_period=20|rsi_confirm=True|slow_period=50,both,all,REJECT,21,0.238095,0.696014,-0.010451,-0.010451,-0.418588,-0.270700,-0.542939,0.021021,42.619048,-0.253834,-0.253834,-0.066694,-0.157684,0.226000,,
run_20260426_095404,ETH/USDT,crypto,H4,trend_momentum,ema_cross,adx_min=25|fast_period=20|rsi_confirm=False|slow_period=50,both,all,REJECT,22,0.227273,0.788498,-0.007289,-0.007289,-0.418588,-0.187996,-0.375670,0.022022,42.227273,-0.214800,-0.214800,-0.017870,-0.157684,0.232000,,
run_20260426_095404,ETH/USDT,crypto,H4,trend_momentum,ema_cross,adx_min=25|fast_period=20|rsi_confirm=True|slow_period=50,both,all,REJECT,20,0.200000,0.643469,-0.012867,-0.012867,-0.418588,-0.318825,-0.641485,0.020020,41.500000,-0.281048,-0.281048,-0.100734,-0.157684,0.350392,,
run_20260426_095404,ETH/USDT,crypto,H4,trend_momentum,ema_cross,adx_min=0|fast_period=20|rsi_confirm=False|slow_period=100,both,all,NEEDS_MORE_DATA,14,,,,,,,,,,,,,,,,only 14 trades < min 20
run_20260426_095404,ETH/USDT,crypto,H4,trend_momentum,ema_cross,adx_min=0|fast_period=20|rsi_confirm=True|slow_period=100,both,all,NEEDS_MORE_DATA,12,,,,,,,,,,,,,,,,only 12 trades < min 20
run_20260426_095404,ETH/USDT,crypto,H4,trend_momentum,ema_cross,adx_min=20|fast_period=20|rsi_confirm=False|slow_period=100,both,all,NEEDS_MORE_DATA,14,,,,,,,,,,,,,,,,only 14 trades < min 20
run_20260426_095404,ETH/USDT,crypto,H4,trend_momentum,ema_cross,adx_min=20|fast_period=20|rsi_confirm=True|slow_period=100,both,all,NEEDS_MORE_DATA,12,,,,,,,,,,,,,,,,only 12 trades < min 20
run_20260426_095404,ETH/USDT,crypto,H4,trend_momentum,ema_cross,adx_min=25|fast_period=20|rsi_confirm=False|slow_period=100,both,all,NEEDS_MORE_DATA,13,,,,,,,,,,,,,,,,only 13 trades < min 20
run_20260426_095404,ETH/USDT,crypto,H4,trend_momentum,ema_cross,adx_min=25|fast_period=20|rsi_confirm=True|slow_period=100,both,all,NEEDS_MORE_DATA,11,,,,,,,,,,,,,,,,only 11 trades < min 20
run_20260426_095404,ETH/USDT,crypto,H4,trend_momentum,ema_cross,adx_min=0|fast_period=20|rsi_confirm=False|slow_period=200,both,all,NEEDS_MORE_DATA,14,,,,,,,,,,,,,,,,only 14 trades < min 20
run_20260426_095404,ETH/USDT,crypto,H4,trend_momentum,ema_cross,adx_min=0|fast_period=20|rsi_confirm=True|slow_period=200,both,all,NEEDS_MORE_DATA,12,,,,,,,,,,,,,,,,only 12 trades < min 20
run_20260426_095404,ETH/USDT,crypto,H4,trend_momentum,ema_cross,adx_min=20|fast_period=20|rsi_confirm=False|slow_period=200,both,all,NEEDS_MORE_DATA,14,,,,,,,,,,,,,,,,only 14 trades < min 20
run_20260426_095404,ETH/USDT,crypto,H4,trend_momentum,ema_cross,adx_min=20|fast_period=20|rsi_confirm=True|slow_period=200,both,all,NEEDS_MORE_DATA,12,,,,,,,,,,,,,,,,only 12 trades < min 20
run_20260426_095404,ETH/USDT,crypto,H4,trend_momentum,ema_cross,adx_min=25|fast_period=20|rsi_confirm=False|slow_period=200,both,all,NEEDS_MORE_DATA,14,,,,,,,,,,,,,,,,only 14 trades < min 20
run_20260426_095404,ETH/USDT,crypto,H4,trend_momentum,ema_cross,adx_min=25|fast_period=20|rsi_confirm=True|slow_period=200,both,all,NEEDS_MORE_DATA,12,,,,,,,,,,,,,,,,only 12 trades < min 20
run_20260426_095404,ETH/USDT,crypto,H4,trend_momentum,ema_alignment,adx_min=0|ema_long=200|ema_mid=50|ema_short=20,both,all,NEEDS_MORE_DATA,16,,,,,,,,,,,,,,,,only 16 trades < min 20
run_20260426_095404,ETH/USDT,crypto,H4,trend_momentum,ema_alignment,adx_min=20|ema_long=200|ema_mid=50|ema_short=20,both,all,NEEDS_MORE_DATA,16,,,,,,,,,,,,,,,,only 16 trades < min 20
run_20260426_095404,ETH/USDT,crypto,H4,trend_momentum,ema_alignment,adx_min=25|ema_long=200|ema_mid=50|ema_short=20,both,all,NEEDS_MORE_DATA,16,,,,,,,,,,,,,,,,only 16 trades < min 20
run_20260426_095404,ETH/USDT,crypto,H4,trend_momentum,macd_direction,adx_min=0|fast=12|signal_period=9|slow=26,both,all,REJECT,80,0.350000,0.650413,-0.007382,-0.007382,-0.494778,-0.719141,-1.449773,0.080080,12.462500,-0.490247,-0.490247,-0.362165,-0.232359,0.592475,,
run_20260426_095404,ETH/USDT,crypto,H4,trend_momentum,macd_direction,adx_min=20|fast=12|signal_period=9|slow=26,both,all,REJECT,80,0.350000,0.650413,-0.007382,-0.007382,-0.494778,-0.719141,-1.449773,0.080080,12.462500,-0.490247,-0.490247,-0.362165,-0.232359,0.592475,,
run_20260426_095404,ETH/USDT,crypto,H4,pullback,pullback_ema,pullback_period=20|rsi_reclaim=False|rsi_threshold=50|trend_period=200,both,all,REJECT,63,0.269841,0.919286,-0.001020,-0.001020,-0.284339,-0.089422,-0.178174,0.063063,7.968254,-0.115055,-0.115055,-0.160151,0.021860,0.400000,,
run_20260426_095404,ETH/USDT,crypto,H4,pullback,pullback_ema,pullback_period=20|rsi_reclaim=True|rsi_threshold=50|trend_period=200,both,all,REJECT,53,0.283019,0.986851,-0.000169,-0.000169,-0.269702,-0.012698,-0.025295,0.053053,8.433962,-0.062263,-0.062263,-0.113020,0.025282,0.400000,,
run_20260426_095404,ETH/USDT,crypto,H4,pullback,pullback_ema,pullback_period=50|rsi_reclaim=False|rsi_threshold=50|trend_period=200,both,all,REJECT,51,0.137255,0.725451,-0.004464,-0.004464,-0.319158,-0.305482,-0.610642,0.051051,12.392157,-0.251895,-0.251895,-0.167882,-0.078494,0.540267,,
run_20260426_095404,ETH/USDT,crypto,H4,pullback,pullback_ema,pullback_period=50|rsi_reclaim=True|rsi_threshold=50|trend_period=200,both,all,REJECT,32,0.156250,0.746346,-0.004530,-0.004530,-0.265523,-0.219130,-0.437781,0.032032,13.406250,-0.176032,-0.176032,-0.131668,-0.027376,0.354375,,
run_20260426_095404,ETH/USDT,crypto,H4,breakout,prev_day_hl,atr_expand_min=0.0,both,all,REJECT,81,0.320988,0.850128,-0.002547,-0.002547,-0.372330,-0.237466,-0.473646,0.081081,12.296296,-0.254943,-0.254943,-0.086181,-0.221895,0.400000,,
run_20260426_095404,ETH/USDT,crypto,H4,breakout,prev_day_hl,atr_expand_min=0.5,both,all,REJECT,79,0.316456,0.844161,-0.002668,-0.002668,-0.386903,-0.244044,-0.486819,0.079079,12.265823,-0.257422,-0.257422,-0.114323,-0.199843,0.475582,,
run_20260426_095404,ETH/USDT,crypto,H4,breakout,prev_day_hl,atr_expand_min=1.0,both,all,REJECT,59,0.338983,1.011756,0.000189,0.000189,-0.324291,0.013946,0.027781,0.059059,13.254237,-0.059948,-0.059948,0.089836,-0.137437,0.400000,,
run_20260426_095404,ETH/USDT,crypto,H4,breakout,session_opening_range,atr_expand_min=0.0|range_bars=12,both,all,REJECT,33,0.212121,0.524987,-0.016646,-0.016646,-0.499682,-0.710442,-1.458686,0.033033,28.969697,-0.463145,-0.463145,-0.384937,-0.137896,0.405469,,
run_20260426_095404,ETH/USDT,crypto,H4,breakout,session_opening_range,atr_expand_min=0.5|range_bars=12,both,all,REJECT,33,0.212121,0.524987,-0.016646,-0.016646,-0.499682,-0.710442,-1.458686,0.033033,28.969697,-0.463145,-0.463145,-0.384937,-0.137896,0.405469,,
run_20260426_095404,ETH/USDT,crypto,H4,breakout,london_breakout,atr_expand_min=0.0|utc_end=11|utc_start=7,both,all,NEEDS_MORE_DATA,19,,,,,,,,,,,,,,,,only 19 trades < min 20
run_20260426_095404,ETH/USDT,crypto,H4,breakout,london_breakout,atr_expand_min=0.5|utc_end=11|utc_start=7,both,all,NEEDS_MORE_DATA,18,,,,,,,,,,,,,,,,only 18 trades < min 20
run_20260426_095404,ETH/USDT,crypto,H4,breakout,ny_breakout,atr_expand_min=0.0|utc_end=16|utc_start=13,both,all,NEEDS_MORE_DATA,0,,,,,,,,,,,,,,,,only 0 trades < min 20
run_20260426_095404,ETH/USDT,crypto,H4,breakout,ny_breakout,atr_expand_min=0.5|utc_end=16|utc_start=13,both,all,NEEDS_MORE_DATA,0,,,,,,,,,,,,,,,,only 0 trades < min 20
run_20260426_095404,ETH/USDT,crypto,H4,mean_reversion,rsi_extreme,overbought=70|oversold=30|period=14,both,all,NEEDS_MORE_DATA,18,,,,,,,,,,,,,,,,only 18 trades < min 20
run_20260426_095404,ETH/USDT,crypto,H4,mean_reversion,rsi_extreme,overbought=75|oversold=30|period=14,both,all,NEEDS_MORE_DATA,11,,,,,,,,,,,,,,,,only 11 trades < min 20
run_20260426_095404,ETH/USDT,crypto,H4,mean_reversion,rsi_extreme,overbought=70|oversold=25|period=14,both,all,NEEDS_MORE_DATA,14,,,,,,,,,,,,,,,,only 14 trades < min 20
run_20260426_095404,ETH/USDT,crypto,H4,mean_reversion,rsi_extreme,overbought=75|oversold=25|period=14,both,all,NEEDS_MORE_DATA,7,,,,,,,,,,,,,,,,only 7 trades < min 20
run_20260426_095404,ETH/USDT,crypto,H4,mean_reversion,vwap_deviation,std_threshold=1.5,both,all,NEEDS_MORE_DATA,8,,,,,,,,,,,,,,,,only 8 trades < min 20
run_20260426_095404,ETH/USDT,crypto,H4,mean_reversion,vwap_deviation,std_threshold=2.0,both,all,NEEDS_MORE_DATA,7,,,,,,,,,,,,,,,,only 7 trades < min 20
run_20260426_095404,EUR/USD,forex,H4,trend_momentum,ema_cross,adx_min=0|fast_period=10|rsi_confirm=False|slow_period=50,both,all,REJECT,24,0.291667,0.844362,-0.000472,-0.000472,-0.023106,-0.159852,-0.319092,0.024024,41.083333,-0.011891,-0.011891,-0.017558,0.011387,0.244000,,
run_20260426_095404,EUR/USD,forex,H4,trend_momentum,ema_cross,adx_min=0|fast_period=10|rsi_confirm=True|slow_period=50,both,all,REJECT,23,0.260870,0.790330,-0.000662,-0.000662,-0.026892,-0.216387,-0.432765,0.023023,39.652174,-0.015721,-0.015721,-0.021365,0.011387,0.238000,,
run_20260426_095404,EUR/USD,forex,H4,trend_momentum,ema_cross,adx_min=20|fast_period=10|rsi_confirm=False|slow_period=50,both,all,REJECT,24,0.291667,0.844362,-0.000472,-0.000472,-0.023106,-0.159852,-0.319092,0.024024,41.083333,-0.011891,-0.011891,-0.017558,0.011387,0.244000,,
run_20260426_095404,EUR/USD,forex,H4,trend_momentum,ema_cross,adx_min=20|fast_period=10|rsi_confirm=True|slow_period=50,both,all,REJECT,23,0.260870,0.790330,-0.000662,-0.000662,-0.026892,-0.216387,-0.432765,0.023023,39.652174,-0.015721,-0.015721,-0.021365,0.011387,0.238000,,
run_20260426_095404,EUR/USD,forex,H4,trend_momentum,ema_cross,adx_min=25|fast_period=10|rsi_confirm=False|slow_period=50,both,all,REJECT,23,0.304348,0.877316,-0.000375,-0.000375,-0.023106,-0.121747,-0.242828,0.023023,41.608696,-0.009212,-0.009212,-0.014894,0.011387,0.238000,,
run_20260426_095404,EUR/USD,forex,H4,trend_momentum,ema_cross,adx_min=25|fast_period=10|rsi_confirm=True|slow_period=50,both,all,REJECT,22,0.272727,0.821448,-0.000569,-0.000569,-0.026892,-0.178026,-0.355631,0.022022,40.136364,-0.013052,-0.013052,-0.018712,0.011387,0.232000,,
run_20260426_095404,EUR/USD,forex,H4,trend_momentum,ema_cross,adx_min=0|fast_period=10|rsi_confirm=False|slow_period=100,both,all,REJECT,25,0.200000,0.377912,-0.002180,-0.002180,-0.055793,-0.963939,-2.075208,0.025025,39.840000,-0.053424,-0.053424,-0.040160,-0.011962,0.339355,,
run_20260426_095404,EUR/USD,forex,H4,trend_momentum,ema_cross,adx_min=0|fast_period=10|rsi_confirm=True|slow_period=100,both,all,REJECT,23,0.217391,0.394908,-0.002219,-0.002219,-0.052511,-0.903730,-1.938659,0.023023,37.086957,-0.050133,-0.050133,-0.038634,-0.011962,0.330886,,
run_20260426_095404,EUR/USD,forex,H4,trend_momentum,ema_cross,adx_min=20|fast_period=10|rsi_confirm=False|slow_period=100,both,all,REJECT,25,0.200000,0.377912,-0.002180,-0.002180,-0.055793,-0.963939,-2.075208,0.025025,39.840000,-0.053424,-0.053424,-0.040160,-0.011962,0.339355,,
run_20260426_095404,EUR/USD,forex,H4,trend_momentum,ema_cross,adx_min=20|fast_period=10|rsi_confirm=True|slow_period=100,both,all,REJECT,23,0.217391,0.394908,-0.002219,-0.002219,-0.052511,-0.903730,-1.938659,0.023023,37.086957,-0.050133,-0.050133,-0.038634,-0.011962,0.330886,,
run_20260426_095404,EUR/USD,forex,H4,trend_momentum,ema_cross,adx_min=25|fast_period=10|rsi_confirm=False|slow_period=100,both,all,REJECT,21,0.238095,0.457053,-0.001896,-0.001896,-0.041796,-0.724587,-1.519068,0.021021,42.333333,-0.039392,-0.039392,-0.025932,-0.011962,0.364384,,
run_20260426_095404,EUR/USD,forex,H4,trend_momentum,ema_cross,adx_min=25|fast_period=10|rsi_confirm=True|slow_period=100,both,all,NEEDS_MORE_DATA,19,,,,,,,,,,,,,,,,only 19 trades < min 20
run_20260426_095404,EUR/USD,forex,H4,trend_momentum,ema_cross,adx_min=0|fast_period=10|rsi_confirm=False|slow_period=200,both,all,NEEDS_MORE_DATA,17,,,,,,,,,,,,,,,,only 17 trades < min 20
run_20260426_095404,EUR/USD,forex,H4,trend_momentum,ema_cross,adx_min=0|fast_period=10|rsi_confirm=True|slow_period=200,both,all,NEEDS_MORE_DATA,16,,,,,,,,,,,,,,,,only 16 trades < min 20
run_20260426_095404,EUR/USD,forex,H4,trend_momentum,ema_cross,adx_min=20|fast_period=10|rsi_confirm=False|slow_period=200,both,all,NEEDS_MORE_DATA,17,,,,,,,,,,,,,,,,only 17 trades < min 20
run_20260426_095404,EUR/USD,forex,H4,trend_momentum,ema_cross,adx_min=20|fast_period=10|rsi_confirm=True|slow_period=200,both,all,NEEDS_MORE_DATA,16,,,,,,,,,,,,,,,,only 16 trades < min 20
run_20260426_095404,EUR/USD,forex,H4,trend_momentum,ema_cross,adx_min=25|fast_period=10|rsi_confirm=False|slow_period=200,both,all,NEEDS_MORE_DATA,12,,,,,,,,,,,,,,,,only 12 trades < min 20
run_20260426_095404,EUR/USD,forex,H4,trend_momentum,ema_cross,adx_min=25|fast_period=10|rsi_confirm=True|slow_period=200,both,all,NEEDS_MORE_DATA,11,,,,,,,,,,,,,,,,only 11 trades < min 20
run_20260426_095404,EUR/USD,forex,H4,trend_momentum,ema_cross,adx_min=0|fast_period=20|rsi_confirm=False|slow_period=50,both,all,REJECT,20,0.350000,0.594935,-0.001785,-0.001785,-0.045500,-0.504587,-1.031007,0.020020,49.500000,-0.035679,-0.035679,-0.023274,-0.004287,0.275254,,
run_20260426_095404,EUR/USD,forex,H4,trend_momentum,ema_cross,adx_min=0|fast_period=20|rsi_confirm=True|slow_period=50,both,all,NEEDS_MORE_DATA,19,,,,,,,,,,,,,,,,only 19 trades < min 20
run_20260426_095404,EUR/USD,forex,H4,trend_momentum,ema_cross,adx_min=20|fast_period=20|rsi_confirm=False|slow_period=50,both,all,REJECT,20,0.350000,0.594935,-0.001785,-0.001785,-0.045500,-0.504587,-1.031007,0.020020,49.500000,-0.035679,-0.035679,-0.023274,-0.004287,0.275254,,
run_20260426_095404,EUR/USD,forex,H4,trend_momentum,ema_cross,adx_min=20|fast_period=20|rsi_confirm=True|slow_period=50,both,all,NEEDS_MORE_DATA,19,,,,,,,,,,,,,,,,only 19 trades < min 20
run_20260426_095404,EUR/USD,forex,H4,trend_momentum,ema_cross,adx_min=25|fast_period=20|rsi_confirm=False|slow_period=50,both,all,NEEDS_MORE_DATA,19,,,,,,,,,,,,,,,,only 19 trades < min 20
run_20260426_095404,EUR/USD,forex,H4,trend_momentum,ema_cross,adx_min=25|fast_period=20|rsi_confirm=True|slow_period=50,both,all,NEEDS_MORE_DATA,18,,,,,,,,,,,,,,,,only 18 trades < min 20
run_20260426_095404,EUR/USD,forex,H4,trend_momentum,ema_cross,adx_min=0|fast_period=20|rsi_confirm=False|slow_period=100,both,all,NEEDS_MORE_DATA,9,,,,,,,,,,,,,,,,only 9 trades < min 20
run_20260426_095404,EUR/USD,forex,H4,trend_momentum,ema_cross,adx_min=0|fast_period=20|rsi_confirm=True|slow_period=100,both,all,NEEDS_MORE_DATA,8,,,,,,,,,,,,,,,,only 8 trades < min 20
run_20260426_095404,EUR/USD,forex,H4,trend_momentum,ema_cross,adx_min=20|fast_period=20|rsi_confirm=False|slow_period=100,both,all,NEEDS_MORE_DATA,9,,,,,,,,,,,,,,,,only 9 trades < min 20
run_20260426_095404,EUR/USD,forex,H4,trend_momentum,ema_cross,adx_min=20|fast_period=20|rsi_confirm=True|slow_period=100,both,all,NEEDS_MORE_DATA,8,,,,,,,,,,,,,,,,only 8 trades < min 20
run_20260426_095404,EUR/USD,forex,H4,trend_momentum,ema_cross,adx_min=25|fast_period=20|rsi_confirm=False|slow_period=100,both,all,NEEDS_MORE_DATA,9,,,,,,,,,,,,,,,,only 9 trades < min 20
run_20260426_095404,EUR/USD,forex,H4,trend_momentum,ema_cross,adx_min=25|fast_period=20|rsi_confirm=True|slow_period=100,both,all,NEEDS_MORE_DATA,8,,,,,,,,,,,,,,,,only 8 trades < min 20
run_20260426_095404,EUR/USD,forex,H4,trend_momentum,ema_cross,adx_min=0|fast_period=20|rsi_confirm=False|slow_period=200,both,all,NEEDS_MORE_DATA,9,,,,,,,,,,,,,,,,only 9 trades < min 20
run_20260426_095404,EUR/USD,forex,H4,trend_momentum,ema_cross,adx_min=0|fast_period=20|rsi_confirm=True|slow_period=200,both,all,NEEDS_MORE_DATA,8,,,,,,,,,,,,,,,,only 8 trades < min 20
run_20260426_095404,EUR/USD,forex,H4,trend_momentum,ema_cross,adx_min=20|fast_period=20|rsi_confirm=False|slow_period=200,both,all,NEEDS_MORE_DATA,9,,,,,,,,,,,,,,,,only 9 trades < min 20
run_20260426_095404,EUR/USD,forex,H4,trend_momentum,ema_cross,adx_min=20|fast_period=20|rsi_confirm=True|slow_period=200,both,all,NEEDS_MORE_DATA,8,,,,,,,,,,,,,,,,only 8 trades < min 20
run_20260426_095404,EUR/USD,forex,H4,trend_momentum,ema_cross,adx_min=25|fast_period=20|rsi_confirm=False|slow_period=200,both,all,NEEDS_MORE_DATA,7,,,,,,,,,,,,,,,,only 7 trades < min 20
run_20260426_095404,EUR/USD,forex,H4,trend_momentum,ema_cross,adx_min=25|fast_period=20|rsi_confirm=True|slow_period=200,both,all,NEEDS_MORE_DATA,6,,,,,,,,,,,,,,,,only 6 trades < min 20
run_20260426_095404,EUR/USD,forex,H4,trend_momentum,ema_alignment,adx_min=0|ema_long=200|ema_mid=50|ema_short=20,both,all,NEEDS_MORE_DATA,14,,,,,,,,,,,,,,,,only 14 trades < min 20
run_20260426_095404,EUR/USD,forex,H4,trend_momentum,ema_alignment,adx_min=20|ema_long=200|ema_mid=50|ema_short=20,both,all,NEEDS_MORE_DATA,14,,,,,,,,,,,,,,,,only 14 trades < min 20
run_20260426_095404,EUR/USD,forex,H4,trend_momentum,ema_alignment,adx_min=25|ema_long=200|ema_mid=50|ema_short=20,both,all,NEEDS_MORE_DATA,14,,,,,,,,,,,,,,,,only 14 trades < min 20
run_20260426_095404,EUR/USD,forex,H4,pullback,pullback_ema,pullback_period=20|rsi_reclaim=False|rsi_threshold=50|trend_period=200,both,all,REJECT,63,0.190476,0.399977,-0.001207,-0.001207,-0.075300,-1.496941,-3.201150,0.063063,7.079365,-0.073523,-0.073523,-0.032446,-0.042455,0.607451,,
run_20260426_095404,EUR/USD,forex,H4,pullback,pullback_ema,pullback_period=20|rsi_reclaim=True|rsi_threshold=50|trend_period=200,both,all,REJECT,54,0.166667,0.313932,-0.001498,-0.001498,-0.077976,-1.698603,-3.784430,0.054054,6.425926,-0.077976,-0.077976,-0.037096,-0.042455,0.656659,,
run_20260426_095404,EUR/USD,forex,H4,pullback,pullback_ema,pullback_period=50|rsi_reclaim=False|rsi_threshold=50|trend_period=200,both,all,REJECT,47,0.212766,0.308183,-0.001368,-0.001368,-0.062449,-1.608810,-3.601723,0.047047,9.595745,-0.062449,-0.062449,-0.033885,-0.027183,0.622667,,
run_20260426_095404,EUR/USD,forex,H4,pullback,pullback_ema,pullback_period=50|rsi_reclaim=True|rsi_threshold=50|trend_period=200,both,all,REJECT,33,0.181818,0.217782,-0.001587,-0.001587,-0.051161,-1.620539,-3.873293,0.033033,9.060606,-0.051161,-0.051161,-0.025188,-0.024253,0.586864,,
run_20260426_095404,EUR/USD,forex,H4,breakout,prev_day_hl,atr_expand_min=0.0,both,all,REJECT,54,0.444444,0.948064,-0.000115,-0.000115,-0.038122,-0.076181,-0.151786,0.054054,18.370370,-0.007029,-0.007029,0.024624,-0.030488,0.400000,,
run_20260426_095404,EUR/USD,forex,H4,breakout,prev_day_hl,atr_expand_min=0.5,both,all,REJECT,52,0.442308,0.979833,-0.000044,-0.000044,-0.031667,-0.028455,-0.056686,0.052052,18.442308,-0.003100,-0.003100,0.021821,-0.023982,0.400000,,
run_20260426_095404,EUR/USD,forex,H4,breakout,prev_day_hl,atr_expand_min=1.0,both,all,REJECT,42,0.428571,1.001142,0.000003,0.000003,-0.033867,0.001421,0.002831,0.042042,19.166667,-0.000603,-0.000603,0.029334,-0.033659,0.352000,,
run_20260426_095404,EUR/USD,forex,H4,breakout,session_opening_range,atr_expand_min=0.0|range_bars=12,both,all,REJECT,32,0.406250,0.897707,-0.000293,-0.000293,-0.042109,-0.117949,-0.235157,0.032032,30.656250,-0.010121,-0.010121,0.015186,-0.022298,0.292000,,
run_20260426_095404,EUR/USD,forex,H4,breakout,session_opening_range,atr_expand_min=0.5|range_bars=12,both,all,REJECT,32,0.406250,0.897707,-0.000293,-0.000293,-0.042109,-0.117949,-0.235157,0.032032,30.656250,-0.010121,-0.010121,0.015186,-0.022298,0.292000,,
run_20260426_095404,EUR/USD,forex,H4,breakout,london_breakout,atr_expand_min=0.0|utc_end=11|utc_start=7,both,all,NEEDS_MORE_DATA,17,,,,,,,,,,,,,,,,only 17 trades < min 20
run_20260426_095404,EUR/USD,forex,H4,breakout,london_breakout,atr_expand_min=0.5|utc_end=11|utc_start=7,both,all,NEEDS_MORE_DATA,17,,,,,,,,,,,,,,,,only 17 trades < min 20
run_20260426_095404,EUR/USD,forex,H4,breakout,ny_breakout,atr_expand_min=0.0|utc_end=16|utc_start=13,both,all,NEEDS_MORE_DATA,0,,,,,,,,,,,,,,,,only 0 trades < min 20
run_20260426_095404,EUR/USD,forex,H4,breakout,ny_breakout,atr_expand_min=0.5|utc_end=16|utc_start=13,both,all,NEEDS_MORE_DATA,0,,,,,,,,,,,,,,,,only 0 trades < min 20
run_20260426_095404,EUR/USD,forex,H4,mean_reversion,rsi_extreme,overbought=70|oversold=30|period=14,both,all,NEEDS_MORE_DATA,19,,,,,,,,,,,,,,,,only 19 trades < min 20
run_20260426_095404,EUR/USD,forex,H4,mean_reversion,rsi_extreme,overbought=75|oversold=30|period=14,both,all,NEEDS_MORE_DATA,15,,,,,,,,,,,,,,,,only 15 trades < min 20
run_20260426_095404,EUR/USD,forex,H4,mean_reversion,rsi_extreme,overbought=70|oversold=25|period=14,both,all,NEEDS_MORE_DATA,10,,,,,,,,,,,,,,,,only 10 trades < min 20
run_20260426_095404,EUR/USD,forex,H4,mean_reversion,rsi_extreme,overbought=75|oversold=25|period=14,both,all,NEEDS_MORE_DATA,6,,,,,,,,,,,,,,,,only 6 trades < min 20
run_20260426_095404,EUR/USD,forex,H4,mean_reversion,bollinger_touch,num_std=2.0|period=20,both,all,REJECT,34,0.411765,0.477928,-0.001409,-0.001409,-0.067723,-0.696677,-1.427417,0.034034,16.500000,-0.047351,-0.047351,-0.052603,0.005544,0.304000,,
run_20260426_095404,EUR/USD,forex,H4,mean_reversion,bollinger_touch,num_std=2.5|period=20,both,all,NEEDS_MORE_DATA,19,,,,,,,,,,,,,,,,only 19 trades < min 20
run_20260426_095404,EUR/USD,forex,H4,mean_reversion,vwap_deviation,std_threshold=1.5,both,all,NEEDS_MORE_DATA,14,,,,,,,,,,,,,,,,only 14 trades < min 20
run_20260426_095404,EUR/USD,forex,H4,mean_reversion,vwap_deviation,std_threshold=2.0,both,all,NEEDS_MORE_DATA,10,,,,,,,,,,,,,,,,only 10 trades < min 20
run_20260426_095404,XAU/USD,commodity,H4,trend_momentum,ema_cross,adx_min=0|fast_period=10|rsi_confirm=False|slow_period=50,both,all,NEEDS_MORE_DATA,18,,,,,,,,,,,,,,,,only 18 trades < min 20
run_20260426_095404,XAU/USD,commodity,H4,trend_momentum,ema_cross,adx_min=0|fast_period=10|rsi_confirm=True|slow_period=50,both,all,NEEDS_MORE_DATA,17,,,,,,,,,,,,,,,,only 17 trades < min 20
run_20260426_095404,XAU/USD,commodity,H4,trend_momentum,ema_cross,adx_min=20|fast_period=10|rsi_confirm=False|slow_period=50,both,all,NEEDS_MORE_DATA,18,,,,,,,,,,,,,,,,only 18 trades < min 20
run_20260426_095404,XAU/USD,commodity,H4,trend_momentum,ema_cross,adx_min=20|fast_period=10|rsi_confirm=True|slow_period=50,both,all,NEEDS_MORE_DATA,17,,,,,,,,,,,,,,,,only 17 trades < min 20
run_20260426_095404,XAU/USD,commodity,H4,trend_momentum,ema_cross,adx_min=25|fast_period=10|rsi_confirm=False|slow_period=50,both,all,NEEDS_MORE_DATA,16,,,,,,,,,,,,,,,,only 16 trades < min 20
run_20260426_095404,XAU/USD,commodity,H4,trend_momentum,ema_cross,adx_min=25|fast_period=10|rsi_confirm=True|slow_period=50,both,all,NEEDS_MORE_DATA,15,,,,,,,,,,,,,,,,only 15 trades < min 20
run_20260426_095404,XAU/USD,commodity,H4,trend_momentum,ema_cross,adx_min=0|fast_period=10|rsi_confirm=False|slow_period=100,both,all,REJECT,26,0.192308,0.762553,-0.003900,-0.003900,-0.244096,-0.251952,-0.504286,0.026026,37.884615,-0.113883,-0.113883,-0.059203,-0.038945,0.453348,,
run_20260426_095404,XAU/USD,commodity,H4,trend_momentum,ema_cross,adx_min=0|fast_period=10|rsi_confirm=True|slow_period=100,both,all,REJECT,22,0.181818,0.511597,-0.007970,-0.007970,-0.197633,-0.641741,-1.327509,0.022022,33.181818,-0.168633,-0.168633,-0.134539,-0.019838,0.276235,,
run_20260426_095404,XAU/USD,commodity,H4,trend_momentum,ema_cross,adx_min=20|fast_period=10|rsi_confirm=False|slow_period=100,both,all,REJECT,26,0.192308,0.762553,-0.003900,-0.003900,-0.244096,-0.251952,-0.504286,0.026026,37.884615,-0.113883,-0.113883,-0.059203,-0.038945,0.453348,,
run_20260426_095404,XAU/USD,commodity,H4,trend_momentum,ema_cross,adx_min=20|fast_period=10|rsi_confirm=True|slow_period=100,both,all,REJECT,22,0.181818,0.511597,-0.007970,-0.007970,-0.197633,-0.641741,-1.327509,0.022022,33.181818,-0.168633,-0.168633,-0.134539,-0.019838,0.276235,,
run_20260426_095404,XAU/USD,commodity,H4,trend_momentum,ema_cross,adx_min=25|fast_period=10|rsi_confirm=False|slow_period=100,both,all,REJECT,23,0.173913,0.708023,-0.005101,-0.005101,-0.255276,-0.299278,-0.600729,0.023023,35.739130,-0.126988,-0.126988,-0.073117,-0.038945,0.397793,,
run_20260426_095404,XAU/USD,commodity,H4,trend_momentum,ema_cross,adx_min=25|fast_period=10|rsi_confirm=True|slow_period=100,both,all,NEEDS_MORE_DATA,19,,,,,,,,,,,,,,,,only 19 trades < min 20
run_20260426_095404,XAU/USD,commodity,H4,trend_momentum,ema_cross,adx_min=0|fast_period=10|rsi_confirm=False|slow_period=200,both,all,NEEDS_MORE_DATA,4,,,,,,,,,,,,,,,,only 4 trades < min 20
run_20260426_095404,XAU/USD,commodity,H4,trend_momentum,ema_cross,adx_min=0|fast_period=10|rsi_confirm=True|slow_period=200,both,all,NEEDS_MORE_DATA,3,,,,,,,,,,,,,,,,only 3 trades < min 20
run_20260426_095404,XAU/USD,commodity,H4,trend_momentum,ema_cross,adx_min=20|fast_period=10|rsi_confirm=False|slow_period=200,both,all,NEEDS_MORE_DATA,4,,,,,,,,,,,,,,,,only 4 trades < min 20
run_20260426_095404,XAU/USD,commodity,H4,trend_momentum,ema_cross,adx_min=20|fast_period=10|rsi_confirm=True|slow_period=200,both,all,NEEDS_MORE_DATA,3,,,,,,,,,,,,,,,,only 3 trades < min 20
run_20260426_095404,XAU/USD,commodity,H4,trend_momentum,ema_cross,adx_min=25|fast_period=10|rsi_confirm=False|slow_period=200,both,all,NEEDS_MORE_DATA,3,,,,,,,,,,,,,,,,only 3 trades < min 20
run_20260426_095404,XAU/USD,commodity,H4,trend_momentum,ema_cross,adx_min=25|fast_period=10|rsi_confirm=True|slow_period=200,both,all,NEEDS_MORE_DATA,2,,,,,,,,,,,,,,,,only 2 trades < min 20
run_20260426_095404,XAU/USD,commodity,H4,trend_momentum,ema_cross,adx_min=0|fast_period=20|rsi_confirm=False|slow_period=50,both,all,NEEDS_MORE_DATA,16,,,,,,,,,,,,,,,,only 16 trades < min 20
run_20260426_095404,XAU/USD,commodity,H4,trend_momentum,ema_cross,adx_min=0|fast_period=20|rsi_confirm=True|slow_period=50,both,all,NEEDS_MORE_DATA,15,,,,,,,,,,,,,,,,only 15 trades < min 20
run_20260426_095404,XAU/USD,commodity,H4,trend_momentum,ema_cross,adx_min=20|fast_period=20|rsi_confirm=False|slow_period=50,both,all,NEEDS_MORE_DATA,16,,,,,,,,,,,,,,,,only 16 trades < min 20
run_20260426_095404,XAU/USD,commodity,H4,trend_momentum,ema_cross,adx_min=20|fast_period=20|rsi_confirm=True|slow_period=50,both,all,NEEDS_MORE_DATA,15,,,,,,,,,,,,,,,,only 15 trades < min 20
run_20260426_095404,XAU/USD,commodity,H4,trend_momentum,ema_cross,adx_min=25|fast_period=20|rsi_confirm=False|slow_period=50,both,all,NEEDS_MORE_DATA,15,,,,,,,,,,,,,,,,only 15 trades < min 20
run_20260426_095404,XAU/USD,commodity,H4,trend_momentum,ema_cross,adx_min=25|fast_period=20|rsi_confirm=True|slow_period=50,both,all,NEEDS_MORE_DATA,14,,,,,,,,,,,,,,,,only 14 trades < min 20
run_20260426_095404,XAU/USD,commodity,H4,trend_momentum,ema_cross,adx_min=0|fast_period=20|rsi_confirm=False|slow_period=100,both,all,NEEDS_MORE_DATA,10,,,,,,,,,,,,,,,,only 10 trades < min 20
run_20260426_095404,XAU/USD,commodity,H4,trend_momentum,ema_cross,adx_min=0|fast_period=20|rsi_confirm=True|slow_period=100,both,all,NEEDS_MORE_DATA,9,,,,,,,,,,,,,,,,only 9 trades < min 20
run_20260426_095404,XAU/USD,commodity,H4,trend_momentum,ema_cross,adx_min=20|fast_period=20|rsi_confirm=False|slow_period=100,both,all,NEEDS_MORE_DATA,10,,,,,,,,,,,,,,,,only 10 trades < min 20
run_20260426_095404,XAU/USD,commodity,H4,trend_momentum,ema_cross,adx_min=20|fast_period=20|rsi_confirm=True|slow_period=100,both,all,NEEDS_MORE_DATA,9,,,,,,,,,,,,,,,,only 9 trades < min 20
run_20260426_095404,XAU/USD,commodity,H4,trend_momentum,ema_cross,adx_min=25|fast_period=20|rsi_confirm=False|slow_period=100,both,all,NEEDS_MORE_DATA,8,,,,,,,,,,,,,,,,only 8 trades < min 20
run_20260426_095404,XAU/USD,commodity,H4,trend_momentum,ema_cross,adx_min=25|fast_period=20|rsi_confirm=True|slow_period=100,both,all,NEEDS_MORE_DATA,7,,,,,,,,,,,,,,,,only 7 trades < min 20
run_20260426_095404,XAU/USD,commodity,H4,trend_momentum,ema_cross,adx_min=0|fast_period=20|rsi_confirm=False|slow_period=200,both,all,NEEDS_MORE_DATA,4,,,,,,,,,,,,,,,,only 4 trades < min 20
run_20260426_095404,XAU/USD,commodity,H4,trend_momentum,ema_cross,adx_min=0|fast_period=20|rsi_confirm=True|slow_period=200,both,all,NEEDS_MORE_DATA,3,,,,,,,,,,,,,,,,only 3 trades < min 20
run_20260426_095404,XAU/USD,commodity,H4,trend_momentum,ema_cross,adx_min=20|fast_period=20|rsi_confirm=False|slow_period=200,both,all,NEEDS_MORE_DATA,4,,,,,,,,,,,,,,,,only 4 trades < min 20
run_20260426_095404,XAU/USD,commodity,H4,trend_momentum,ema_cross,adx_min=20|fast_period=20|rsi_confirm=True|slow_period=200,both,all,NEEDS_MORE_DATA,3,,,,,,,,,,,,,,,,only 3 trades < min 20
run_20260426_095404,XAU/USD,commodity,H4,trend_momentum,ema_cross,adx_min=25|fast_period=20|rsi_confirm=False|slow_period=200,both,all,NEEDS_MORE_DATA,4,,,,,,,,,,,,,,,,only 4 trades < min 20
run_20260426_095404,XAU/USD,commodity,H4,trend_momentum,ema_cross,adx_min=25|fast_period=20|rsi_confirm=True|slow_period=200,both,all,NEEDS_MORE_DATA,3,,,,,,,,,,,,,,,,only 3 trades < min 20
run_20260426_095404,XAU/USD,commodity,H4,trend_momentum,ema_alignment,adx_min=0|ema_long=200|ema_mid=50|ema_short=20,both,all,NEEDS_MORE_DATA,9,,,,,,,,,,,,,,,,only 9 trades < min 20
run_20260426_095404,XAU/USD,commodity,H4,trend_momentum,ema_alignment,adx_min=20|ema_long=200|ema_mid=50|ema_short=20,both,all,NEEDS_MORE_DATA,9,,,,,,,,,,,,,,,,only 9 trades < min 20
run_20260426_095404,XAU/USD,commodity,H4,trend_momentum,ema_alignment,adx_min=25|ema_long=200|ema_mid=50|ema_short=20,both,all,NEEDS_MORE_DATA,8,,,,,,,,,,,,,,,,only 8 trades < min 20
run_20260426_095404,XAU/USD,commodity,H4,trend_momentum,macd_direction,adx_min=0|fast=12|signal_period=9|slow=26,both,all,REJECT,85,0.352941,1.000016,0.000000,0.000000,-0.138030,0.000028,0.000057,0.085085,11.741176,-0.021030,-0.021030,0.009579,-0.042973,0.400000,,
run_20260426_095404,XAU/USD,commodity,H4,trend_momentum,macd_direction,adx_min=20|fast=12|signal_period=9|slow=26,both,all,REJECT,81,0.358025,1.003419,0.000031,0.000031,-0.135719,0.006009,0.011971,0.081081,11.950617,-0.018405,-0.018405,0.012286,-0.042973,0.400000,,
run_20260426_095404,XAU/USD,commodity,H4,pullback,pullback_ema,pullback_period=20|rsi_reclaim=True|rsi_threshold=50|trend_period=200,both,all,REJECT,47,0.276596,0.933176,-0.000328,-0.000328,-0.116527,-0.085337,-0.170045,0.047047,8.127660,-0.019303,-0.019303,0.101141,-0.109381,0.382000,,
run_20260426_095404,XAU/USD,commodity,H4,breakout,session_opening_range,atr_expand_min=0.0|range_bars=12,both,all,NEEDS_MORE_DATA,17,,,,,,,,,,,,,,,,only 17 trades < min 20
run_20260426_095404,XAU/USD,commodity,H4,breakout,session_opening_range,atr_expand_min=0.5|range_bars=12,both,all,NEEDS_MORE_DATA,17,,,,,,,,,,,,,,,,only 17 trades < min 20
run_20260426_095404,XAU/USD,commodity,H4,breakout,london_breakout,atr_expand_min=0.0|utc_end=11|utc_start=7,both,all,NEEDS_MORE_DATA,19,,,,,,,,,,,,,,,,only 19 trades < min 20
run_20260426_095404,XAU/USD,commodity,H4,breakout,london_breakout,atr_expand_min=0.5|utc_end=11|utc_start=7,both,all,NEEDS_MORE_DATA,19,,,,,,,,,,,,,,,,only 19 trades < min 20
run_20260426_095404,XAU/USD,commodity,H4,breakout,ny_breakout,atr_expand_min=0.0|utc_end=16|utc_start=13,both,all,NEEDS_MORE_DATA,0,,,,,,,,,,,,,,,,only 0 trades < min 20
run_20260426_095404,XAU/USD,commodity,H4,breakout,ny_breakout,atr_expand_min=0.5|utc_end=16|utc_start=13,both,all,NEEDS_MORE_DATA,0,,,,,,,,,,,,,,,,only 0 trades < min 20
run_20260426_095404,XAU/USD,commodity,H4,mean_reversion,rsi_extreme,overbought=70|oversold=30|period=14,both,all,NEEDS_MORE_DATA,15,,,,,,,,,,,,,,,,only 15 trades < min 20
run_20260426_095404,XAU/USD,commodity,H4,mean_reversion,rsi_extreme,overbought=75|oversold=30|period=14,both,all,NEEDS_MORE_DATA,12,,,,,,,,,,,,,,,,only 12 trades < min 20
run_20260426_095404,XAU/USD,commodity,H4,mean_reversion,rsi_extreme,overbought=70|oversold=25|period=14,both,all,NEEDS_MORE_DATA,13,,,,,,,,,,,,,,,,only 13 trades < min 20
run_20260426_095404,XAU/USD,commodity,H4,mean_reversion,rsi_extreme,overbought=75|oversold=25|period=14,both,all,NEEDS_MORE_DATA,10,,,,,,,,,,,,,,,,only 10 trades < min 20
run_20260426_095404,XAU/USD,commodity,H4,mean_reversion,bollinger_touch,num_std=2.0|period=20,both,all,REJECT,31,0.548387,0.455510,-0.007072,-0.007072,-0.250207,-0.635227,-1.298311,0.031031,18.483871,-0.209606,-0.209606,-0.222073,-0.003127,0.290225,,
run_20260426_095404,XAU/USD,commodity,H4,mean_reversion,bollinger_touch,num_std=2.5|period=20,both,all,REJECT,20,0.500000,0.423007,-0.007918,-0.007918,-0.195148,-0.547356,-1.123576,0.020020,19.200000,-0.155964,-0.155964,-0.152236,-0.023165,0.265649,,
run_20260426_095404,XAU/USD,commodity,H4,mean_reversion,vwap_deviation,std_threshold=1.5,both,all,NEEDS_MORE_DATA,1,,,,,,,,,,,,,,,,only 1 trades < min 20
run_20260426_095404,XAU/USD,commodity,H4,mean_reversion,vwap_deviation,std_threshold=2.0,both,all,NEEDS_MORE_DATA,1,,,,,,,,,,,,,,,,only 1 trades < min 20
run_20260426_095404,US500,index,H4,trend_momentum,ema_cross,adx_min=0|fast_period=10|rsi_confirm=False|slow_period=50,both,all,REJECT,29,0.137931,0.256840,-0.007020,-0.007020,-0.198955,-1.299226,-2.938531,0.029029,31.103448,-0.186728,-0.186728,-0.149595,-0.032894,0.339967,,
run_20260426_095404,US500,index,H4,trend_momentum,ema_cross,adx_min=0|fast_period=10|rsi_confirm=True|slow_period=50,both,all,REJECT,29,0.137931,0.256840,-0.007020,-0.007020,-0.198955,-1.299226,-2.938531,0.029029,31.103448,-0.186728,-0.186728,-0.149595,-0.032894,0.339967,,
run_20260426_095404,US500,index,H4,trend_momentum,ema_cross,adx_min=20|fast_period=10|rsi_confirm=False|slow_period=50,both,all,REJECT,29,0.137931,0.256840,-0.007020,-0.007020,-0.198955,-1.299226,-2.938531,0.029029,31.103448,-0.186728,-0.186728,-0.149595,-0.032894,0.339967,,
run_20260426_095404,US500,index,H4,trend_momentum,ema_cross,adx_min=20|fast_period=10|rsi_confirm=True|slow_period=50,both,all,REJECT,29,0.137931,0.256840,-0.007020,-0.007020,-0.198955,-1.299226,-2.938531,0.029029,31.103448,-0.186728,-0.186728,-0.149595,-0.032894,0.339967,,
run_20260426_095404,US500,index,H4,trend_momentum,ema_cross,adx_min=25|fast_period=10|rsi_confirm=False|slow_period=50,both,all,REJECT,23,0.130435,0.278271,-0.007274,-0.007274,-0.169360,-1.101863,-2.461208,0.023023,35.130435,-0.156526,-0.156526,-0.154530,0.008673,0.238000,,
run_20260426_095404,US500,index,H4,trend_momentum,ema_cross,adx_min=25|fast_period=10|rsi_confirm=True|slow_period=50,both,all,REJECT,23,0.130435,0.278271,-0.007274,-0.007274,-0.169360,-1.101863,-2.461208,0.023023,35.130435,-0.156526,-0.156526,-0.154530,0.008673,0.238000,,
run_20260426_095404,US500,index,H4,trend_momentum,ema_cross,adx_min=0|fast_period=10|rsi_confirm=False|slow_period=100,both,all,REJECT,21,0.142857,0.252373,-0.007799,-0.007799,-0.190468,-1.190521,-2.761003,0.021021,43.523810,-0.153111,-0.153111,-0.164085,0.025449,0.226000,,
run_20260426_095404,US500,index,H4,trend_momentum,ema_cross,adx_min=0|fast_period=10|rsi_confirm=True|slow_period=100,both,all,REJECT,21,0.142857,0.252373,-0.007799,-0.007799,-0.190468,-1.190521,-2.761003,0.021021,43.523810,-0.153111,-0.153111,-0.164085,0.025449,0.226000,,
run_20260426_095404,US500,index,H4,trend_momentum,ema_cross,adx_min=20|fast_period=10|rsi_confirm=False|slow_period=100,both,all,REJECT,21,0.142857,0.252373,-0.007799,-0.007799,-0.190468,-1.190521,-2.761003,0.021021,43.523810,-0.153111,-0.153111,-0.164085,0.025449,0.226000,,
run_20260426_095404,US500,index,H4,trend_momentum,ema_cross,adx_min=20|fast_period=10|rsi_confirm=True|slow_period=100,both,all,REJECT,21,0.142857,0.252373,-0.007799,-0.007799,-0.190468,-1.190521,-2.761003,0.021021,43.523810,-0.153111,-0.153111,-0.164085,0.025449,0.226000,,
run_20260426_095404,US500,index,H4,trend_momentum,ema_cross,adx_min=25|fast_period=10|rsi_confirm=False|slow_period=100,both,all,NEEDS_MORE_DATA,18,,,,,,,,,,,,,,,,only 18 trades < min 20
run_20260426_095404,US500,index,H4,trend_momentum,ema_cross,adx_min=25|fast_period=10|rsi_confirm=True|slow_period=100,both,all,NEEDS_MORE_DATA,18,,,,,,,,,,,,,,,,only 18 trades < min 20
run_20260426_095404,US500,index,H4,trend_momentum,ema_cross,adx_min=0|fast_period=10|rsi_confirm=False|slow_period=200,both,all,NEEDS_MORE_DATA,17,,,,,,,,,,,,,,,,only 17 trades < min 20
run_20260426_095404,US500,index,H4,trend_momentum,ema_cross,adx_min=0|fast_period=10|rsi_confirm=True|slow_period=200,both,all,NEEDS_MORE_DATA,16,,,,,,,,,,,,,,,,only 16 trades < min 20
run_20260426_095404,US500,index,H4,trend_momentum,ema_cross,adx_min=20|fast_period=10|rsi_confirm=False|slow_period=200,both,all,NEEDS_MORE_DATA,17,,,,,,,,,,,,,,,,only 17 trades < min 20
run_20260426_095404,US500,index,H4,trend_momentum,ema_cross,adx_min=20|fast_period=10|rsi_confirm=True|slow_period=200,both,all,NEEDS_MORE_DATA,16,,,,,,,,,,,,,,,,only 16 trades < min 20
run_20260426_095404,US500,index,H4,trend_momentum,ema_cross,adx_min=25|fast_period=10|rsi_confirm=False|slow_period=200,both,all,NEEDS_MORE_DATA,16,,,,,,,,,,,,,,,,only 16 trades < min 20
run_20260426_095404,US500,index,H4,trend_momentum,ema_cross,adx_min=25|fast_period=10|rsi_confirm=True|slow_period=200,both,all,NEEDS_MORE_DATA,15,,,,,,,,,,,,,,,,only 15 trades < min 20
run_20260426_095404,US500,index,H4,trend_momentum,ema_cross,adx_min=0|fast_period=20|rsi_confirm=False|slow_period=50,both,all,REJECT,21,0.047619,0.138227,-0.010244,-0.010244,-0.222661,-1.448117,-3.687274,0.021021,43.142857,-0.195838,-0.195838,-0.201878,0.019031,0.226000,,
run_20260426_095404,US500,index,H4,trend_momentum,ema_cross,adx_min=0|fast_period=20|rsi_confirm=True|slow_period=50,both,all,REJECT,21,0.047619,0.138227,-0.010244,-0.010244,-0.222661,-1.448117,-3.687274,0.021021,43.142857,-0.195838,-0.195838,-0.201878,0.019031,0.226000,,
run_20260426_095404,US500,index,H4,trend_momentum,ema_cross,adx_min=20|fast_period=20|rsi_confirm=False|slow_period=50,both,all,REJECT,21,0.047619,0.138227,-0.010244,-0.010244,-0.222661,-1.448117,-3.687274,0.021021,43.142857,-0.195838,-0.195838,-0.201878,0.019031,0.226000,,
run_20260426_095404,US500,index,H4,trend_momentum,ema_cross,adx_min=20|fast_period=20|rsi_confirm=True|slow_period=50,both,all,REJECT,21,0.047619,0.138227,-0.010244,-0.010244,-0.222661,-1.448117,-3.687274,0.021021,43.142857,-0.195838,-0.195838,-0.201878,0.019031,0.226000,,
run_20260426_095404,US500,index,H4,trend_momentum,ema_cross,adx_min=25|fast_period=20|rsi_confirm=False|slow_period=50,both,all,NEEDS_MORE_DATA,19,,,,,,,,,,,,,,,,only 19 trades < min 20
run_20260426_095404,US500,index,H4,trend_momentum,ema_cross,adx_min=25|fast_period=20|rsi_confirm=True|slow_period=50,both,all,NEEDS_MORE_DATA,19,,,,,,,,,,,,,,,,only 19 trades < min 20
run_20260426_095404,US500,index,H4,trend_momentum,ema_cross,adx_min=0|fast_period=20|rsi_confirm=False|slow_period=100,both,all,NEEDS_MORE_DATA,19,,,,,,,,,,,,,,,,only 19 trades < min 20
run_20260426_095404,US500,index,H4,trend_momentum,ema_cross,adx_min=0|fast_period=20|rsi_confirm=True|slow_period=100,both,all,NEEDS_MORE_DATA,19,,,,,,,,,,,,,,,,only 19 trades < min 20
run_20260426_095404,US500,index,H4,trend_momentum,ema_cross,adx_min=20|fast_period=20|rsi_confirm=False|slow_period=100,both,all,NEEDS_MORE_DATA,19,,,,,,,,,,,,,,,,only 19 trades < min 20
run_20260426_095404,US500,index,H4,trend_momentum,ema_cross,adx_min=20|fast_period=20|rsi_confirm=True|slow_period=100,both,all,NEEDS_MORE_DATA,19,,,,,,,,,,,,,,,,only 19 trades < min 20
run_20260426_095404,US500,index,H4,trend_momentum,ema_cross,adx_min=25|fast_period=20|rsi_confirm=False|slow_period=100,both,all,NEEDS_MORE_DATA,16,,,,,,,,,,,,,,,,only 16 trades < min 20
run_20260426_095404,US500,index,H4,trend_momentum,ema_cross,adx_min=25|fast_period=20|rsi_confirm=True|slow_period=100,both,all,NEEDS_MORE_DATA,16,,,,,,,,,,,,,,,,only 16 trades < min 20
run_20260426_095404,US500,index,H4,trend_momentum,ema_cross,adx_min=0|fast_period=20|rsi_confirm=False|slow_period=200,both,all,NEEDS_MORE_DATA,13,,,,,,,,,,,,,,,,only 13 trades < min 20
run_20260426_095404,US500,index,H4,trend_momentum,ema_cross,adx_min=0|fast_period=20|rsi_confirm=True|slow_period=200,both,all,NEEDS_MORE_DATA,13,,,,,,,,,,,,,,,,only 13 trades < min 20
run_20260426_095404,US500,index,H4,trend_momentum,ema_cross,adx_min=20|fast_period=20|rsi_confirm=False|slow_period=200,both,all,NEEDS_MORE_DATA,13,,,,,,,,,,,,,,,,only 13 trades < min 20
run_20260426_095404,US500,index,H4,trend_momentum,ema_cross,adx_min=20|fast_period=20|rsi_confirm=True|slow_period=200,both,all,NEEDS_MORE_DATA,13,,,,,,,,,,,,,,,,only 13 trades < min 20
run_20260426_095404,US500,index,H4,trend_momentum,ema_cross,adx_min=25|fast_period=20|rsi_confirm=False|slow_period=200,both,all,NEEDS_MORE_DATA,13,,,,,,,,,,,,,,,,only 13 trades < min 20
run_20260426_095404,US500,index,H4,trend_momentum,ema_cross,adx_min=25|fast_period=20|rsi_confirm=True|slow_period=200,both,all,NEEDS_MORE_DATA,13,,,,,,,,,,,,,,,,only 13 trades < min 20
run_20260426_095404,US500,index,H4,trend_momentum,ema_alignment,adx_min=0|ema_long=200|ema_mid=50|ema_short=20,both,all,NEEDS_MORE_DATA,13,,,,,,,,,,,,,,,,only 13 trades < min 20
run_20260426_095404,US500,index,H4,trend_momentum,ema_alignment,adx_min=20|ema_long=200|ema_mid=50|ema_short=20,both,all,NEEDS_MORE_DATA,13,,,,,,,,,,,,,,,,only 13 trades < min 20
run_20260426_095404,US500,index,H4,trend_momentum,ema_alignment,adx_min=25|ema_long=200|ema_mid=50|ema_short=20,both,all,NEEDS_MORE_DATA,13,,,,,,,,,,,,,,,,only 13 trades < min 20
run_20260426_095404,US500,index,H4,trend_momentum,macd_direction,adx_min=0|fast=12|signal_period=9|slow=26,both,all,REJECT,75,0.360000,0.714382,-0.001470,-0.001470,-0.119151,-0.578129,-1.161196,0.075075,13.306667,-0.108483,-0.108483,-0.086970,-0.036039,0.524315,,
run_20260426_095404,US500,index,H4,trend_momentum,macd_direction,adx_min=20|fast=12|signal_period=9|slow=26,both,all,REJECT,74,0.364865,0.724167,-0.001419,-0.001419,-0.114532,-0.551584,-1.107176,0.074074,13.270270,-0.103808,-0.103808,-0.082182,-0.036039,0.531557,,
run_20260426_095404,US500,index,H4,pullback,pullback_ema,pullback_period=20|rsi_reclaim=False|rsi_threshold=50|trend_period=200,both,all,REJECT,62,0.258065,0.605057,-0.001567,-0.001567,-0.165168,-0.661472,-1.335339,0.062062,10.064516,-0.095007,-0.095007,-0.105295,0.013960,0.400000,,
run_20260426_095404,US500,index,H4,pullback,pullback_ema,pullback_period=20|rsi_reclaim=True|rsi_threshold=50|trend_period=200,both,all,REJECT,55,0.254545,0.586671,-0.001661,-0.001661,-0.146286,-0.650953,-1.315877,0.055055,10.072727,-0.089540,-0.089540,-0.099890,0.013960,0.400000,,
run_20260426_095404,US500,index,H4,pullback,pullback_ema,pullback_period=50|rsi_reclaim=False|rsi_threshold=50|trend_period=200,both,all,REJECT,48,0.166667,0.213719,-0.004466,-0.004466,-0.206843,-1.752578,-4.009266,0.048048,11.750000,-0.194506,-0.194506,-0.134911,-0.063537,0.529287,,
run_20260426_095404,US500,index,H4,pullback,pullback_ema,pullback_period=50|rsi_reclaim=True|rsi_threshold=50|trend_period=200,both,all,REJECT,34,0.205882,0.267494,-0.004639,-0.004639,-0.162406,-1.345479,-3.004323,0.034034,12.352941,-0.147415,-0.147415,-0.103044,-0.044006,0.432116,,
run_20260426_095404,US500,index,H4,breakout,prev_day_hl,atr_expand_min=0.0,both,all,REJECT,66,0.272727,0.373323,-0.004160,-0.004160,-0.266900,-1.551911,-3.324444,0.066066,13.939394,-0.243127,-0.243127,-0.193988,-0.074923,0.515868,,
run_20260426_095404,US500,index,H4,breakout,prev_day_hl,atr_expand_min=0.5,both,all,REJECT,66,0.242424,0.295138,-0.004738,-0.004738,-0.294163,-1.831560,-4.049882,0.066066,13.530303,-0.271274,-0.271274,-0.211118,-0.090548,0.528670,,
run_20260426_095404,US500,index,H4,breakout,prev_day_hl,atr_expand_min=1.0,both,all,REJECT,52,0.288462,0.317440,-0.004521,-0.004521,-0.233691,-1.589342,-3.502153,0.052052,14.230769,-0.211692,-0.211692,-0.152107,-0.081159,0.560069,,
run_20260426_095404,US500,index,H4,breakout,session_opening_range,atr_expand_min=0.0|range_bars=6,both,all,REJECT,60,0.316667,0.474819,-0.003789,-0.003789,-0.249935,-1.156162,-2.405233,0.060060,16.433333,-0.207237,-0.207237,-0.150915,-0.084670,0.568313,,
run_20260426_095404,US500,index,H4,breakout,session_opening_range,atr_expand_min=0.5|range_bars=6,both,all,REJECT,60,0.316667,0.474819,-0.003789,-0.003789,-0.249935,-1.156162,-2.405233,0.060060,16.433333,-0.207237,-0.207237,-0.150915,-0.084670,0.568313,,
run_20260426_095404,US500,index,H4,breakout,session_opening_range,atr_expand_min=0.0|range_bars=12,both,all,REJECT,32,0.218750,0.263902,-0.006907,-0.006907,-0.225380,-1.337927,-3.007888,0.032032,27.343750,-0.201087,-0.201087,-0.203325,0.008774,0.292000,,
run_20260426_095404,US500,index,H4,breakout,session_opening_range,atr_expand_min=0.5|range_bars=12,both,all,REJECT,32,0.218750,0.263902,-0.006907,-0.006907,-0.225380,-1.337927,-3.007888,0.032032,27.343750,-0.201087,-0.201087,-0.203325,0.008774,0.292000,,
run_20260426_095404,US500,index,H4,breakout,london_breakout,atr_expand_min=0.0|utc_end=11|utc_start=7,both,all,NEEDS_MORE_DATA,13,,,,,,,,,,,,,,,,only 13 trades < min 20
run_20260426_095404,US500,index,H4,breakout,london_breakout,atr_expand_min=0.5|utc_end=11|utc_start=7,both,all,NEEDS_MORE_DATA,12,,,,,,,,,,,,,,,,only 12 trades < min 20
run_20260426_095404,US500,index,H4,breakout,ny_breakout,atr_expand_min=0.0|utc_end=16|utc_start=13,both,all,NEEDS_MORE_DATA,0,,,,,,,,,,,,,,,,only 0 trades < min 20
run_20260426_095404,US500,index,H4,breakout,ny_breakout,atr_expand_min=0.5|utc_end=16|utc_start=13,both,all,NEEDS_MORE_DATA,0,,,,,,,,,,,,,,,,only 0 trades < min 20
run_20260426_095404,US500,index,H4,mean_reversion,rsi_extreme,overbought=70|oversold=30|period=14,both,all,NEEDS_MORE_DATA,15,,,,,,,,,,,,,,,,only 15 trades < min 20
run_20260426_095404,US500,index,H4,mean_reversion,rsi_extreme,overbought=75|oversold=30|period=14,both,all,NEEDS_MORE_DATA,11,,,,,,,,,,,,,,,,only 11 trades < min 20
run_20260426_095404,US500,index,H4,mean_reversion,rsi_extreme,overbought=70|oversold=25|period=14,both,all,NEEDS_MORE_DATA,10,,,,,,,,,,,,,,,,only 10 trades < min 20
run_20260426_095404,US500,index,H4,mean_reversion,rsi_extreme,overbought=75|oversold=25|period=14,both,all,NEEDS_MORE_DATA,6,,,,,,,,,,,,,,,,only 6 trades < min 20
run_20260426_095404,US500,index,H4,mean_reversion,bollinger_touch,num_std=2.5|period=20,both,all,NEEDS_MORE_DATA,18,,,,,,,,,,,,,,,,only 18 trades < min 20
run_20260426_095404,US500,index,H4,mean_reversion,vwap_deviation,std_threshold=1.5,both,all,NEEDS_MORE_DATA,13,,,,,,,,,,,,,,,,only 13 trades < min 20
run_20260426_095404,US500,index,H4,mean_reversion,vwap_deviation,std_threshold=2.0,both,all,NEEDS_MORE_DATA,10,,,,,,,,,,,,,,,,only 10 trades < min 20
run_20260426_095404,GBP/USD,forex,H4,trend_momentum,ema_cross,adx_min=0|fast_period=10|rsi_confirm=False|slow_period=50,both,all,REJECT,35,0.257143,0.397824,-0.002588,-0.002588,-0.087334,-1.125381,-2.415390,0.035035,28.514286,-0.087334,-0.087334,-0.049201,-0.043259,0.573769,,
run_20260426_095404,GBP/USD,forex,H4,trend_momentum,ema_cross,adx_min=0|fast_period=10|rsi_confirm=True|slow_period=50,both,all,REJECT,33,0.212121,0.344219,-0.002985,-0.002985,-0.094527,-1.239780,-2.725214,0.033033,26.666667,-0.094527,-0.094527,-0.051826,-0.048170,0.576836,,
run_20260426_095404,GBP/USD,forex,H4,trend_momentum,ema_cross,adx_min=20|fast_period=10|rsi_confirm=False|slow_period=50,both,all,REJECT,35,0.257143,0.397824,-0.002588,-0.002588,-0.087334,-1.125381,-2.415390,0.035035,28.514286,-0.087334,-0.087334,-0.049201,-0.043259,0.573769,,
run_20260426_095404,GBP/USD,forex,H4,trend_momentum,ema_cross,adx_min=20|fast_period=10|rsi_confirm=True|slow_period=50,both,all,REJECT,33,0.212121,0.344219,-0.002985,-0.002985,-0.094527,-1.239780,-2.725214,0.033033,26.666667,-0.094527,-0.094527,-0.051826,-0.048170,0.576836,,
run_20260426_095404,GBP/USD,forex,H4,trend_momentum,ema_cross,adx_min=25|fast_period=10|rsi_confirm=False|slow_period=50,both,all,REJECT,33,0.212121,0.261468,-0.003357,-0.003357,-0.105458,-1.531592,-3.577705,0.033033,23.636364,-0.105458,-0.105458,-0.065012,-0.043259,0.497620,,
run_20260426_095404,GBP/USD,forex,H4,trend_momentum,ema_cross,adx_min=25|fast_period=10|rsi_confirm=True|slow_period=50,both,all,REJECT,31,0.161290,0.207539,-0.003829,-0.003829,-0.112508,-1.667881,-4.105442,0.031031,21.354839,-0.112508,-0.112508,-0.067594,-0.048170,0.499792,,
run_20260426_095404,GBP/USD,forex,H4,trend_momentum,ema_cross,adx_min=0|fast_period=10|rsi_confirm=False|slow_period=100,both,all,REJECT,21,0.285714,0.651407,-0.001149,-0.001149,-0.044210,-0.381739,-0.770905,0.021021,43.904762,-0.024325,-0.024325,-0.021982,0.004708,0.226000,,
run_20260426_095404,GBP/USD,forex,H4,trend_momentum,ema_cross,adx_min=0|fast_period=10|rsi_confirm=True|slow_period=100,both,all,NEEDS_MORE_DATA,19,,,,,,,,,,,,,,,,only 19 trades < min 20
run_20260426_095404,GBP/USD,forex,H4,trend_momentum,ema_cross,adx_min=20|fast_period=10|rsi_confirm=False|slow_period=100,both,all,REJECT,21,0.285714,0.651407,-0.001149,-0.001149,-0.044210,-0.381739,-0.770905,0.021021,43.904762,-0.024325,-0.024325,-0.021982,0.004708,0.226000,,
run_20260426_095404,GBP/USD,forex,H4,trend_momentum,ema_cross,adx_min=20|fast_period=10|rsi_confirm=True|slow_period=100,both,all,NEEDS_MORE_DATA,19,,,,,,,,,,,,,,,,only 19 trades < min 20
run_20260426_095404,GBP/USD,forex,H4,trend_momentum,ema_cross,adx_min=25|fast_period=10|rsi_confirm=False|slow_period=100,both,all,NEEDS_MORE_DATA,16,,,,,,,,,,,,,,,,only 16 trades < min 20
run_20260426_095404,GBP/USD,forex,H4,trend_momentum,ema_cross,adx_min=25|fast_period=10|rsi_confirm=True|slow_period=100,both,all,NEEDS_MORE_DATA,14,,,,,,,,,,,,,,,,only 14 trades < min 20
run_20260426_095404,GBP/USD,forex,H4,trend_momentum,ema_cross,adx_min=0|fast_period=10|rsi_confirm=False|slow_period=200,both,all,NEEDS_MORE_DATA,9,,,,,,,,,,,,,,,,only 9 trades < min 20
run_20260426_095404,GBP/USD,forex,H4,trend_momentum,ema_cross,adx_min=0|fast_period=10|rsi_confirm=True|slow_period=200,both,all,NEEDS_MORE_DATA,7,,,,,,,,,,,,,,,,only 7 trades < min 20
run_20260426_095404,GBP/USD,forex,H4,trend_momentum,ema_cross,adx_min=20|fast_period=10|rsi_confirm=False|slow_period=200,both,all,NEEDS_MORE_DATA,9,,,,,,,,,,,,,,,,only 9 trades < min 20
run_20260426_095404,GBP/USD,forex,H4,trend_momentum,ema_cross,adx_min=20|fast_period=10|rsi_confirm=True|slow_period=200,both,all,NEEDS_MORE_DATA,7,,,,,,,,,,,,,,,,only 7 trades < min 20
run_20260426_095404,GBP/USD,forex,H4,trend_momentum,ema_cross,adx_min=25|fast_period=10|rsi_confirm=False|slow_period=200,both,all,NEEDS_MORE_DATA,9,,,,,,,,,,,,,,,,only 9 trades < min 20
run_20260426_095404,GBP/USD,forex,H4,trend_momentum,ema_cross,adx_min=25|fast_period=10|rsi_confirm=True|slow_period=200,both,all,NEEDS_MORE_DATA,7,,,,,,,,,,,,,,,,only 7 trades < min 20
run_20260426_095404,GBP/USD,forex,H4,trend_momentum,ema_cross,adx_min=0|fast_period=20|rsi_confirm=False|slow_period=50,both,all,NEEDS_MORE_DATA,17,,,,,,,,,,,,,,,,only 17 trades < min 20
run_20260426_095404,GBP/USD,forex,H4,trend_momentum,ema_cross,adx_min=0|fast_period=20|rsi_confirm=True|slow_period=50,both,all,NEEDS_MORE_DATA,16,,,,,,,,,,,,,,,,only 16 trades < min 20
run_20260426_095404,GBP/USD,forex,H4,trend_momentum,ema_cross,adx_min=20|fast_period=20|rsi_confirm=False|slow_period=50,both,all,NEEDS_MORE_DATA,17,,,,,,,,,,,,,,,,only 17 trades < min 20
run_20260426_095404,GBP/USD,forex,H4,trend_momentum,ema_cross,adx_min=20|fast_period=20|rsi_confirm=True|slow_period=50,both,all,NEEDS_MORE_DATA,16,,,,,,,,,,,,,,,,only 16 trades < min 20
run_20260426_095404,GBP/USD,forex,H4,trend_momentum,ema_cross,adx_min=25|fast_period=20|rsi_confirm=False|slow_period=50,both,all,NEEDS_MORE_DATA,14,,,,,,,,,,,,,,,,only 14 trades < min 20
run_20260426_095404,GBP/USD,forex,H4,trend_momentum,ema_cross,adx_min=25|fast_period=20|rsi_confirm=True|slow_period=50,both,all,NEEDS_MORE_DATA,13,,,,,,,,,,,,,,,,only 13 trades < min 20
run_20260426_095404,GBP/USD,forex,H4,trend_momentum,ema_cross,adx_min=0|fast_period=20|rsi_confirm=False|slow_period=100,both,all,NEEDS_MORE_DATA,11,,,,,,,,,,,,,,,,only 11 trades < min 20
run_20260426_095404,GBP/USD,forex,H4,trend_momentum,ema_cross,adx_min=0|fast_period=20|rsi_confirm=True|slow_period=100,both,all,NEEDS_MORE_DATA,10,,,,,,,,,,,,,,,,only 10 trades < min 20
run_20260426_095404,GBP/USD,forex,H4,trend_momentum,ema_cross,adx_min=20|fast_period=20|rsi_confirm=False|slow_period=100,both,all,NEEDS_MORE_DATA,11,,,,,,,,,,,,,,,,only 11 trades < min 20
run_20260426_095404,GBP/USD,forex,H4,trend_momentum,ema_cross,adx_min=20|fast_period=20|rsi_confirm=True|slow_period=100,both,all,NEEDS_MORE_DATA,10,,,,,,,,,,,,,,,,only 10 trades < min 20
run_20260426_095404,GBP/USD,forex,H4,trend_momentum,ema_cross,adx_min=25|fast_period=20|rsi_confirm=False|slow_period=100,both,all,NEEDS_MORE_DATA,9,,,,,,,,,,,,,,,,only 9 trades < min 20
run_20260426_095404,GBP/USD,forex,H4,trend_momentum,ema_cross,adx_min=25|fast_period=20|rsi_confirm=True|slow_period=100,both,all,NEEDS_MORE_DATA,8,,,,,,,,,,,,,,,,only 8 trades < min 20
run_20260426_095404,GBP/USD,forex,H4,trend_momentum,ema_cross,adx_min=0|fast_period=20|rsi_confirm=False|slow_period=200,both,all,NEEDS_MORE_DATA,5,,,,,,,,,,,,,,,,only 5 trades < min 20
run_20260426_095404,GBP/USD,forex,H4,trend_momentum,ema_cross,adx_min=0|fast_period=20|rsi_confirm=True|slow_period=200,both,all,NEEDS_MORE_DATA,4,,,,,,,,,,,,,,,,only 4 trades < min 20
run_20260426_095404,GBP/USD,forex,H4,trend_momentum,ema_cross,adx_min=20|fast_period=20|rsi_confirm=False|slow_period=200,both,all,NEEDS_MORE_DATA,4,,,,,,,,,,,,,,,,only 4 trades < min 20
run_20260426_095404,GBP/USD,forex,H4,trend_momentum,ema_cross,adx_min=20|fast_period=20|rsi_confirm=True|slow_period=200,both,all,NEEDS_MORE_DATA,3,,,,,,,,,,,,,,,,only 3 trades < min 20
run_20260426_095404,GBP/USD,forex,H4,trend_momentum,ema_cross,adx_min=25|fast_period=20|rsi_confirm=False|slow_period=200,both,all,NEEDS_MORE_DATA,4,,,,,,,,,,,,,,,,only 4 trades < min 20
run_20260426_095404,GBP/USD,forex,H4,trend_momentum,ema_cross,adx_min=25|fast_period=20|rsi_confirm=True|slow_period=200,both,all,NEEDS_MORE_DATA,3,,,,,,,,,,,,,,,,only 3 trades < min 20
run_20260426_095404,GBP/USD,forex,H4,trend_momentum,ema_alignment,adx_min=0|ema_long=200|ema_mid=50|ema_short=20,both,all,NEEDS_MORE_DATA,11,,,,,,,,,,,,,,,,only 11 trades < min 20
run_20260426_095404,GBP/USD,forex,H4,trend_momentum,ema_alignment,adx_min=20|ema_long=200|ema_mid=50|ema_short=20,both,all,NEEDS_MORE_DATA,11,,,,,,,,,,,,,,,,only 11 trades < min 20
run_20260426_095404,GBP/USD,forex,H4,trend_momentum,ema_alignment,adx_min=25|ema_long=200|ema_mid=50|ema_short=20,both,all,NEEDS_MORE_DATA,11,,,,,,,,,,,,,,,,only 11 trades < min 20
run_20260426_095404,GBP/USD,forex,H4,trend_momentum,macd_direction,adx_min=0|fast=12|signal_period=9|slow=26,both,all,REJECT,75,0.373333,0.793848,-0.000565,-0.000565,-0.060109,-0.414109,-0.828410,0.075075,13.293333,-0.042762,-0.042762,-0.039889,-0.000275,0.402067,,
run_20260426_095404,GBP/USD,forex,H4,trend_momentum,macd_direction,adx_min=20|fast=12|signal_period=9|slow=26,both,all,REJECT,72,0.347222,0.699199,-0.000856,-0.000856,-0.069541,-0.621645,-1.250768,0.072072,13.097222,-0.060967,-0.060967,-0.049525,-0.009540,0.457787,,
run_20260426_095404,GBP/USD,forex,H4,pullback,pullback_ema,pullback_period=20|rsi_reclaim=False|rsi_threshold=50|trend_period=200,both,all,REJECT,68,0.176471,0.527912,-0.001031,-0.001031,-0.068356,-0.950499,-1.941744,0.068068,7.441176,-0.068356,-0.068356,-0.034946,-0.032755,0.681194,,
run_20260426_095404,GBP/USD,forex,H4,pullback,pullback_ema,pullback_period=20|rsi_reclaim=True|rsi_threshold=50|trend_period=200,both,all,REJECT,61,0.163934,0.489407,-0.001181,-0.001181,-0.070092,-0.997192,-2.049677,0.061061,7.229508,-0.070092,-0.070092,-0.031238,-0.038253,0.632630,,
run_20260426_095404,GBP/USD,forex,H4,pullback,pullback_ema,pullback_period=50|rsi_reclaim=False|rsi_threshold=50|trend_period=200,both,all,REJECT,47,0.191489,0.355320,-0.001528,-0.001528,-0.073463,-1.324567,-2.847203,0.047047,11.659574,-0.069651,-0.069651,-0.034957,-0.034506,0.678130,,
run_20260426_095404,GBP/USD,forex,H4,pullback,pullback_ema,pullback_period=50|rsi_reclaim=True|rsi_threshold=50|trend_period=200,both,all,REJECT,37,0.216216,0.339157,-0.001637,-0.001637,-0.059050,-1.225543,-2.656016,0.037037,12.189189,-0.059050,-0.059050,-0.033167,-0.025313,0.550958,,
run_20260426_095404,GBP/USD,forex,H4,breakout,prev_day_hl,atr_expand_min=0.0,both,all,REJECT,64,0.312500,0.712834,-0.000793,-0.000793,-0.086919,-0.527926,-1.060264,0.064064,15.484375,-0.050592,-0.050592,-0.021001,-0.026602,0.619995,,
run_20260426_095404,GBP/USD,forex,H4,breakout,prev_day_hl,atr_expand_min=0.5,both,all,REJECT,62,0.306452,0.689532,-0.000869,-0.000869,-0.083508,-0.566784,-1.140109,0.062062,15.306452,-0.053555,-0.053555,-0.027690,-0.026602,0.688218,,
run_20260426_095404,GBP/USD,forex,H4,breakout,prev_day_hl,atr_expand_min=1.0,both,all,REJECT,53,0.283019,0.611098,-0.001160,-0.001160,-0.084369,-0.672660,-1.361996,0.053053,15.830189,-0.060624,-0.060624,-0.026334,-0.035218,0.598796,,
run_20260426_095404,GBP/USD,forex,H4,breakout,session_opening_range,atr_expand_min=0.0|range_bars=6,both,all,REJECT,56,0.357143,0.648397,-0.001019,-0.001019,-0.085482,-0.639415,-1.291528,0.056056,17.696429,-0.056411,-0.056411,-0.020193,-0.038542,0.427389,,
run_20260426_095404,GBP/USD,forex,H4,breakout,session_opening_range,atr_expand_min=0.5|range_bars=6,both,all,REJECT,56,0.357143,0.578148,-0.001223,-0.001223,-0.085482,-0.806331,-1.642361,0.056056,17.035714,-0.067021,-0.067021,-0.031209,-0.038542,0.629514,,
run_20260426_095404,GBP/USD,forex,H4,breakout,session_opening_range,atr_expand_min=0.0|range_bars=12,both,all,REJECT,34,0.323529,0.692119,-0.001199,-0.001199,-0.080861,-0.424757,-0.854876,0.034034,28.852941,-0.041060,-0.041060,-0.023352,-0.023616,0.600618,,
run_20260426_095404,GBP/USD,forex,H4,breakout,session_opening_range,atr_expand_min=0.5|range_bars=12,both,all,REJECT,34,0.294118,0.639105,-0.001434,-0.001434,-0.080861,-0.510250,-1.031696,0.034034,28.088235,-0.048663,-0.048663,-0.031095,-0.023616,0.531838,,
run_20260426_095404,GBP/USD,forex,H4,breakout,london_breakout,atr_expand_min=0.0|utc_end=11|utc_start=7,both,all,REJECT,26,0.307692,0.821934,-0.000537,-0.000537,-0.044599,-0.210602,-0.420919,0.026026,18.500000,-0.014414,-0.014414,-0.001666,-0.012769,0.256000,,
run_20260426_095404,GBP/USD,forex,H4,breakout,london_breakout,atr_expand_min=0.5|utc_end=11|utc_start=7,both,all,REJECT,26,0.307692,0.715550,-0.000858,-0.000858,-0.044599,-0.354018,-0.711885,0.026026,17.115385,-0.022552,-0.022552,-0.009909,-0.012769,0.470219,,
run_20260426_095404,GBP/USD,forex,H4,breakout,ny_breakout,atr_expand_min=0.0|utc_end=16|utc_start=13,both,all,NEEDS_MORE_DATA,0,,,,,,,,,,,,,,,,only 0 trades < min 20
run_20260426_095404,GBP/USD,forex,H4,breakout,ny_breakout,atr_expand_min=0.5|utc_end=16|utc_start=13,both,all,NEEDS_MORE_DATA,0,,,,,,,,,,,,,,,,only 0 trades < min 20
run_20260426_095404,GBP/USD,forex,H4,mean_reversion,rsi_extreme,overbought=70|oversold=30|period=14,both,all,NEEDS_MORE_DATA,16,,,,,,,,,,,,,,,,only 16 trades < min 20
run_20260426_095404,GBP/USD,forex,H4,mean_reversion,rsi_extreme,overbought=75|oversold=30|period=14,both,all,NEEDS_MORE_DATA,12,,,,,,,,,,,,,,,,only 12 trades < min 20
run_20260426_095404,GBP/USD,forex,H4,mean_reversion,rsi_extreme,overbought=70|oversold=25|period=14,both,all,NEEDS_MORE_DATA,11,,,,,,,,,,,,,,,,only 11 trades < min 20
run_20260426_095404,GBP/USD,forex,H4,mean_reversion,rsi_extreme,overbought=75|oversold=25|period=14,both,all,NEEDS_MORE_DATA,7,,,,,,,,,,,,,,,,only 7 trades < min 20
run_20260426_095404,GBP/USD,forex,H4,mean_reversion,bollinger_touch,num_std=2.0|period=20,both,all,REJECT,43,0.581395,0.858651,-0.000328,-0.000328,-0.038183,-0.187315,-0.373719,0.043043,12.953488,-0.014731,-0.014731,-0.028870,0.014559,0.358000,,
run_20260426_095404,GBP/USD,forex,H4,mean_reversion,bollinger_touch,num_std=2.5|period=20,both,all,REJECT,25,0.600000,0.847177,-0.000363,-0.000363,-0.026251,-0.149545,-0.298418,0.025025,14.840000,-0.009492,-0.009492,-0.017180,0.007822,0.250000,,
run_20260426_095404,GBP/USD,forex,H4,mean_reversion,vwap_deviation,std_threshold=1.5,both,all,NEEDS_MORE_DATA,11,,,,,,,,,,,,,,,,only 11 trades < min 20
run_20260426_095404,GBP/USD,forex,H4,mean_reversion,vwap_deviation,std_threshold=2.0,both,all,NEEDS_MORE_DATA,9,,,,,,,,,,,,,,,,only 9 trades < min 20
