run_id,symbol,asset_class,timeframe,family,strategy_name,params_str,direction,session,status,trade_count,win_rate,profit_factor,avg_return,expectancy,max_drawdown,sharpe,sqn,exposure_pct,avg_duration_bars,gross_return,net_return,is_return,oos_return,robustness_score,param_sensitivity,skip_reason,data_source
run_20260427_080943,AUD/USD,forex,M15,trend_momentum,ema_cross,adx_min=0|fast_period=10|rsi_confirm=False|slow_period=50,both,all,REJECT,24,0.208333,0.611118,-0.000549,-0.000549,-0.030626,-2.064583,-0.817462,0.024024,40.125000,-0.013221,-0.013221,0.010191,-0.021442,0.244000,,,mt5
run_20260427_080943,AUD/USD,forex,M15,trend_momentum,ema_cross,adx_min=0|fast_period=10|rsi_confirm=True|slow_period=50,both,all,REJECT,23,0.173913,0.359675,-0.000938,-0.000938,-0.030626,-3.985122,-1.643800,0.023023,36.304348,-0.021431,-0.021431,0.001787,-0.021442,0.238000,,,mt5
run_20260427_080943,AUD/USD,forex,M15,trend_momentum,ema_cross,adx_min=20|fast_period=10|rsi_confirm=False|slow_period=50,both,all,REJECT,20,0.250000,0.700722,-0.000446,-0.000446,-0.026796,-1.411574,-0.555619,0.020020,44.050000,-0.009019,-0.009019,0.010501,-0.017576,0.220000,,,mt5
run_20260427_080943,AUD/USD,forex,M15,trend_momentum,ema_cross,adx_min=20|fast_period=10|rsi_confirm=True|slow_period=50,both,all,NEEDS_MORE_DATA,19,,,,,,,,,,,,,,1.000000,,only 19 trades < min 20,mt5
run_20260427_080943,AUD/USD,forex,M15,trend_momentum,ema_cross,adx_min=25|fast_period=10|rsi_confirm=False|slow_period=50,both,all,NEEDS_MORE_DATA,15,,,,,,,,,,,,,,1.000000,,only 15 trades < min 20,mt5
run_20260427_080943,AUD/USD,forex,M15,trend_momentum,ema_cross,adx_min=25|fast_period=10|rsi_confirm=True|slow_period=50,both,all,NEEDS_MORE_DATA,14,,,,,,,,,,,,,,1.000000,,only 14 trades < min 20,mt5
run_20260427_080943,AUD/USD,forex,M15,trend_momentum,ema_cross,adx_min=0|fast_period=10|rsi_confirm=False|slow_period=100,both,all,REJECT,22,0.045455,0.460208,-0.001073,-0.001073,-0.042834,-2.660137,-1.065127,0.022022,41.681818,-0.023574,-0.023574,0.001657,-0.021937,0.232000,,,mt5
run_20260427_080943,AUD/USD,forex,M15,trend_momentum,ema_cross,adx_min=0|fast_period=10|rsi_confirm=True|slow_period=100,both,all,REJECT,21,0.000000,0.000000,-0.002072,-0.002072,-0.042641,-10.685719,-9.639177,0.021021,26.428571,-0.042641,-0.042641,-0.017903,-0.021937,0.458390,,,mt5
run_20260427_080943,AUD/USD,forex,M15,trend_momentum,ema_cross,adx_min=20|fast_period=10|rsi_confirm=False|slow_period=100,both,all,REJECT,20,0.050000,0.487428,-0.001058,-0.001058,-0.040492,-2.394498,-0.956190,0.020020,38.800000,-0.021185,-0.021185,0.002678,-0.020543,0.220000,,,mt5
run_20260427_080943,AUD/USD,forex,M15,trend_momentum,ema_cross,adx_min=20|fast_period=10|rsi_confirm=True|slow_period=100,both,all,NEEDS_MORE_DATA,19,,,,,,,,,,,,,,1.000000,,only 19 trades < min 20,mt5
run_20260427_080943,AUD/USD,forex,M15,trend_momentum,ema_cross,adx_min=25|fast_period=10|rsi_confirm=False|slow_period=100,both,all,NEEDS_MORE_DATA,13,,,,,,,,,,,,,,1.000000,,only 13 trades < min 20,mt5
run_20260427_080943,AUD/USD,forex,M15,trend_momentum,ema_cross,adx_min=25|fast_period=10|rsi_confirm=True|slow_period=100,both,all,NEEDS_MORE_DATA,12,,,,,,,,,,,,,,1.000000,,only 12 trades < min 20,mt5
run_20260427_080943,AUD/USD,forex,M15,trend_momentum,ema_cross,adx_min=0|fast_period=10|rsi_confirm=False|slow_period=200,both,all,NEEDS_MORE_DATA,10,,,,,,,,,,,,,,1.000000,,only 10 trades < min 20,mt5
run_20260427_080943,AUD/USD,forex,M15,trend_momentum,ema_cross,adx_min=0|fast_period=10|rsi_confirm=True|slow_period=200,both,all,NEEDS_MORE_DATA,9,,,,,,,,,,,,,,,,only 9 trades < min 20,mt5
run_20260427_080943,AUD/USD,forex,M15,trend_momentum,ema_cross,adx_min=20|fast_period=10|rsi_confirm=False|slow_period=200,both,all,NEEDS_MORE_DATA,10,,,,,,,,,,,,,,1.000000,,only 10 trades < min 20,mt5
run_20260427_080943,AUD/USD,forex,M15,trend_momentum,ema_cross,adx_min=20|fast_period=10|rsi_confirm=True|slow_period=200,both,all,NEEDS_MORE_DATA,9,,,,,,,,,,,,,,,,only 9 trades < min 20,mt5
run_20260427_080943,AUD/USD,forex,M15,trend_momentum,ema_cross,adx_min=25|fast_period=10|rsi_confirm=False|slow_period=200,both,all,NEEDS_MORE_DATA,7,,,,,,,,,,,,,,1.000000,,only 7 trades < min 20,mt5
run_20260427_080943,AUD/USD,forex,M15,trend_momentum,ema_cross,adx_min=25|fast_period=10|rsi_confirm=True|slow_period=200,both,all,NEEDS_MORE_DATA,6,,,,,,,,,,,,,,,,only 6 trades < min 20,mt5
run_20260427_080943,AUD/USD,forex,M15,trend_momentum,ema_cross,adx_min=0|fast_period=20|rsi_confirm=False|slow_period=50,both,all,NEEDS_MORE_DATA,14,,,,,,,,,,,,,,1.000000,,only 14 trades < min 20,mt5
run_20260427_080943,AUD/USD,forex,M15,trend_momentum,ema_cross,adx_min=0|fast_period=20|rsi_confirm=True|slow_period=50,both,all,NEEDS_MORE_DATA,13,,,,,,,,,,,,,,1.000000,,only 13 trades < min 20,mt5
run_20260427_080943,AUD/USD,forex,M15,trend_momentum,ema_cross,adx_min=20|fast_period=20|rsi_confirm=False|slow_period=50,both,all,NEEDS_MORE_DATA,13,,,,,,,,,,,,,,1.000000,,only 13 trades < min 20,mt5
run_20260427_080943,AUD/USD,forex,M15,trend_momentum,ema_cross,adx_min=20|fast_period=20|rsi_confirm=True|slow_period=50,both,all,NEEDS_MORE_DATA,12,,,,,,,,,,,,,,1.000000,,only 12 trades < min 20,mt5
run_20260427_080943,AUD/USD,forex,M15,trend_momentum,ema_cross,adx_min=25|fast_period=20|rsi_confirm=False|slow_period=50,both,all,NEEDS_MORE_DATA,10,,,,,,,,,,,,,,1.000000,,only 10 trades < min 20,mt5
run_20260427_080943,AUD/USD,forex,M15,trend_momentum,ema_cross,adx_min=25|fast_period=20|rsi_confirm=True|slow_period=50,both,all,NEEDS_MORE_DATA,9,,,,,,,,,,,,,,1.000000,,only 9 trades < min 20,mt5
run_20260427_080943,AUD/USD,forex,M15,trend_momentum,ema_cross,adx_min=0|fast_period=20|rsi_confirm=False|slow_period=100,both,all,NEEDS_MORE_DATA,18,,,,,,,,,,,,,,1.000000,,only 18 trades < min 20,mt5
run_20260427_080943,AUD/USD,forex,M15,trend_momentum,ema_cross,adx_min=0|fast_period=20|rsi_confirm=True|slow_period=100,both,all,NEEDS_MORE_DATA,17,,,,,,,,,,,,,,,,only 17 trades < min 20,mt5
run_20260427_080943,AUD/USD,forex,M15,trend_momentum,ema_cross,adx_min=20|fast_period=20|rsi_confirm=False|slow_period=100,both,all,NEEDS_MORE_DATA,16,,,,,,,,,,,,,,1.000000,,only 16 trades < min 20,mt5
run_20260427_080943,AUD/USD,forex,M15,trend_momentum,ema_cross,adx_min=20|fast_period=20|rsi_confirm=True|slow_period=100,both,all,NEEDS_MORE_DATA,15,,,,,,,,,,,,,,,,only 15 trades < min 20,mt5
run_20260427_080943,AUD/USD,forex,M15,trend_momentum,ema_cross,adx_min=25|fast_period=20|rsi_confirm=False|slow_period=100,both,all,NEEDS_MORE_DATA,10,,,,,,,,,,,,,,1.000000,,only 10 trades < min 20,mt5
run_20260427_080943,AUD/USD,forex,M15,trend_momentum,ema_cross,adx_min=25|fast_period=20|rsi_confirm=True|slow_period=100,both,all,NEEDS_MORE_DATA,9,,,,,,,,,,,,,,,,only 9 trades < min 20,mt5
run_20260427_080943,AUD/USD,forex,M15,trend_momentum,ema_cross,adx_min=0|fast_period=20|rsi_confirm=False|slow_period=200,both,all,NEEDS_MORE_DATA,8,,,,,,,,,,,,,,,,only 8 trades < min 20,mt5
run_20260427_080943,AUD/USD,forex,M15,trend_momentum,ema_cross,adx_min=0|fast_period=20|rsi_confirm=True|slow_period=200,both,all,NEEDS_MORE_DATA,7,,,,,,,,,,,,,,,,only 7 trades < min 20,mt5
run_20260427_080943,AUD/USD,forex,M15,trend_momentum,ema_cross,adx_min=20|fast_period=20|rsi_confirm=False|slow_period=200,both,all,NEEDS_MORE_DATA,8,,,,,,,,,,,,,,,,only 8 trades < min 20,mt5
run_20260427_080943,AUD/USD,forex,M15,trend_momentum,ema_cross,adx_min=20|fast_period=20|rsi_confirm=True|slow_period=200,both,all,NEEDS_MORE_DATA,7,,,,,,,,,,,,,,,,only 7 trades < min 20,mt5
run_20260427_080943,AUD/USD,forex,M15,trend_momentum,ema_cross,adx_min=25|fast_period=20|rsi_confirm=False|slow_period=200,both,all,NEEDS_MORE_DATA,8,,,,,,,,,,,,,,,,only 8 trades < min 20,mt5
run_20260427_080943,AUD/USD,forex,M15,trend_momentum,ema_cross,adx_min=25|fast_period=20|rsi_confirm=True|slow_period=200,both,all,NEEDS_MORE_DATA,7,,,,,,,,,,,,,,,,only 7 trades < min 20,mt5
run_20260427_080943,AUD/USD,forex,M15,trend_momentum,ema_alignment,adx_min=0|ema_long=200|ema_mid=50|ema_short=20,both,all,REJECT,34,0.176471,0.374689,-0.000826,-0.000826,-0.038752,-5.903506,-2.503230,0.034034,15.529412,-0.027765,-0.027765,-0.010719,-0.017230,0.421756,,,mt5
run_20260427_080943,AUD/USD,forex,M15,trend_momentum,ema_alignment,adx_min=20|ema_long=200|ema_mid=50|ema_short=20,both,all,REJECT,31,0.193548,0.410288,-0.000780,-0.000780,-0.034996,-5.175857,-2.165151,0.031031,16.290323,-0.023966,-0.023966,-0.009094,-0.015008,0.408576,,,mt5
run_20260427_080943,AUD/USD,forex,M15,trend_momentum,ema_alignment,adx_min=25|ema_long=200|ema_mid=50|ema_short=20,both,all,REJECT,27,0.222222,0.519026,-0.000578,-0.000578,-0.026657,-3.670644,-1.490303,0.027027,18.222222,-0.015531,-0.015531,-0.003384,-0.012189,0.297855,,,mt5
run_20260427_080943,AUD/USD,forex,M15,trend_momentum,macd_direction,adx_min=0|fast=12|signal_period=9|slow=26,both,all,REJECT,71,0.197183,0.261145,-0.001045,-0.001045,-0.075509,-10.331942,-4.550438,0.071071,13.901408,-0.071700,-0.071700,-0.039054,-0.030886,0.670589,,,mt5
run_20260427_080943,AUD/USD,forex,M15,trend_momentum,macd_direction,adx_min=20|fast=12|signal_period=9|slow=26,both,all,REJECT,68,0.205882,0.283175,-0.000977,-0.000977,-0.068243,-9.589055,-4.168433,0.068068,14.176471,-0.064404,-0.064404,-0.039054,-0.023270,0.612082,,,mt5
run_20260427_080943,AUD/USD,forex,M15,pullback,pullback_ema,pullback_period=20|rsi_reclaim=False|rsi_threshold=50|trend_period=200,both,all,REJECT,82,0.121951,0.256228,-0.000827,-0.000827,-0.076585,-11.767514,-5.261595,0.082082,6.317073,-0.065663,-0.065663,-0.031897,-0.033250,0.687268,,,mt5
run_20260427_080943,AUD/USD,forex,M15,pullback,pullback_ema,pullback_period=20|rsi_reclaim=True|rsi_threshold=50|trend_period=200,both,all,REJECT,74,0.121622,0.233941,-0.000864,-0.000864,-0.069449,-11.731566,-5.338102,0.074074,6.175676,-0.062037,-0.062037,-0.029489,-0.031906,0.675409,,,mt5
run_20260427_080943,AUD/USD,forex,M15,pullback,pullback_ema,pullback_period=50|rsi_reclaim=False|rsi_threshold=50|trend_period=200,both,all,REJECT,56,0.089286,0.253140,-0.000855,-0.000855,-0.056319,-9.788804,-4.405606,0.056056,10.178571,-0.046842,-0.046842,-0.020997,-0.026400,0.622812,,,mt5
run_20260427_080943,AUD/USD,forex,M15,pullback,pullback_ema,pullback_period=50|rsi_reclaim=True|rsi_threshold=50|trend_period=200,both,all,REJECT,37,0.081081,0.230450,-0.000917,-0.000917,-0.041910,-8.167481,-3.721786,0.037037,10.837838,-0.033401,-0.033401,-0.015008,-0.018673,0.548733,,,mt5
run_20260427_080943,AUD/USD,forex,M15,breakout,prev_day_hl,atr_expand_min=0.0,both,all,NEEDS_MORE_DATA,1,,,,,,,,,,,,,,1.000000,,only 1 trades < min 20,mt5
run_20260427_080943,AUD/USD,forex,M15,breakout,prev_day_hl,atr_expand_min=0.5,both,all,NEEDS_MORE_DATA,1,,,,,,,,,,,,,,1.000000,,only 1 trades < min 20,mt5
run_20260427_080943,AUD/USD,forex,M15,breakout,prev_day_hl,atr_expand_min=1.0,both,all,NEEDS_MORE_DATA,1,,,,,,,,,,,,,,1.000000,,only 1 trades < min 20,mt5
run_20260427_080943,AUD/USD,forex,M15,breakout,session_opening_range,atr_expand_min=0.0|range_bars=6,both,all,REJECT,62,0.209677,0.330600,-0.000922,-0.000922,-0.057598,-8.396954,-3.585257,0.062062,15.919355,-0.055697,-0.055697,-0.025294,-0.029199,0.687019,,,mt5
run_20260427_080943,AUD/USD,forex,M15,breakout,session_opening_range,atr_expand_min=0.5|range_bars=6,both,all,REJECT,59,0.220339,0.354041,-0.000873,-0.000873,-0.052250,-7.688928,-3.246515,0.059059,16.491525,-0.050339,-0.050339,-0.021475,-0.027501,0.649145,,,mt5
run_20260427_080943,AUD/USD,forex,M15,breakout,session_opening_range,atr_expand_min=0.0|range_bars=12,both,all,REJECT,29,0.241379,0.443088,-0.000811,-0.000811,-0.031251,-4.319319,-1.774129,0.029029,33.793103,-0.023345,-0.023345,0.000925,-0.026081,0.290667,,,mt5
run_20260427_080943,AUD/USD,forex,M15,breakout,session_opening_range,atr_expand_min=0.5|range_bars=12,both,all,REJECT,29,0.241379,0.442172,-0.000813,-0.000813,-0.031251,-4.331829,-1.779812,0.029029,33.206897,-0.023383,-0.023383,0.000886,-0.026081,0.290667,,,mt5
run_20260427_080943,AUD/USD,forex,M15,breakout,london_breakout,atr_expand_min=0.0|utc_end=11|utc_start=7,both,all,NEEDS_MORE_DATA,15,,,,,,,,,,,,,,1.000000,,only 15 trades < min 20,mt5
run_20260427_080943,AUD/USD,forex,M15,breakout,london_breakout,atr_expand_min=0.5|utc_end=11|utc_start=7,both,all,NEEDS_MORE_DATA,15,,,,,,,,,,,,,,1.000000,,only 15 trades < min 20,mt5
run_20260427_080943,AUD/USD,forex,M15,breakout,ny_breakout,atr_expand_min=0.0|utc_end=16|utc_start=13,both,all,NEEDS_MORE_DATA,9,,,,,,,,,,,,,,,,only 9 trades < min 20,mt5
run_20260427_080943,AUD/USD,forex,M15,breakout,ny_breakout,atr_expand_min=0.5|utc_end=16|utc_start=13,both,all,NEEDS_MORE_DATA,9,,,,,,,,,,,,,,,,only 9 trades < min 20,mt5
run_20260427_080943,AUD/USD,forex,M15,mean_reversion,rsi_extreme,overbought=70|oversold=30|period=14,both,all,NEEDS_MORE_DATA,16,,,,,,,,,,,,,,,,only 16 trades < min 20,mt5
run_20260427_080943,AUD/USD,forex,M15,mean_reversion,rsi_extreme,overbought=75|oversold=30|period=14,both,all,NEEDS_MORE_DATA,13,,,,,,,,,,,,,,,,only 13 trades < min 20,mt5
run_20260427_080943,AUD/USD,forex,M15,mean_reversion,rsi_extreme,overbought=70|oversold=25|period=14,both,all,NEEDS_MORE_DATA,11,,,,,,,,,,,,,,,,only 11 trades < min 20,mt5
run_20260427_080943,AUD/USD,forex,M15,mean_reversion,rsi_extreme,overbought=75|oversold=25|period=14,both,all,NEEDS_MORE_DATA,8,,,,,,,,,,,,,,,,only 8 trades < min 20,mt5
run_20260427_080943,AUD/USD,forex,M15,mean_reversion,bollinger_touch,num_std=2.0|period=20,both,all,REJECT,40,0.450000,0.571837,-0.000334,-0.000334,-0.020495,-2.972818,-1.180666,0.040040,12.475000,-0.013320,-0.013320,-0.014772,0.001474,0.340000,,,mt5
run_20260427_080943,AUD/USD,forex,M15,mean_reversion,bollinger_touch,num_std=2.5|period=20,both,all,WEAK_CANDIDATE,26,0.538462,1.238740,0.000117,0.000117,-0.009239,0.945023,0.370141,0.026026,12.076923,0.003015,0.003015,-0.002737,0.005767,0.440875,,,mt5
run_20260427_080943,AUD/USD,forex,M15,mean_reversion,vwap_deviation,std_threshold=1.5,both,all,NEEDS_MORE_DATA,14,,,,,,,,,,,,,,,,only 14 trades < min 20,mt5
run_20260427_080943,AUD/USD,forex,M15,mean_reversion,vwap_deviation,std_threshold=2.0,both,all,NEEDS_MORE_DATA,12,,,,,,,,,,,,,,,,only 12 trades < min 20,mt5
run_20260427_080943,AUD/USD,forex,M15,engine_b_proxy,ob_bos,require_engulf=False|require_vol_expand=False|swing_period=5,both,all,REJECT,21,0.333333,0.298490,-0.001297,-0.001297,-0.031762,-5.318948,-2.325122,0.021021,40.714286,-0.026962,-0.026962,-0.006803,-0.021208,0.226000,,,mt5
run_20260427_080943,AUD/USD,forex,M15,engine_b_proxy,ob_bos,require_engulf=False|require_vol_expand=True|swing_period=5,both,all,NEEDS_MORE_DATA,17,,,,,,,,,,,,,,1.000000,,only 17 trades < min 20,mt5
run_20260427_080943,AUD/USD,forex,M15,engine_b_proxy,ob_bos,require_engulf=True|require_vol_expand=False|swing_period=5,both,all,NEEDS_MORE_DATA,19,,,,,,,,,,,,,,1.000000,,only 19 trades < min 20,mt5
run_20260427_080943,AUD/USD,forex,M15,engine_b_proxy,ob_bos,require_engulf=True|require_vol_expand=True|swing_period=5,both,all,NEEDS_MORE_DATA,15,,,,,,,,,,,,,,,,only 15 trades < min 20,mt5
run_20260427_080943,AUD/USD,forex,M15,engine_b_proxy,ob_bos,require_engulf=False|require_vol_expand=False|swing_period=10,both,all,NEEDS_MORE_DATA,11,,,,,,,,,,,,,,,,only 11 trades < min 20,mt5
run_20260427_080943,AUD/USD,forex,M15,engine_b_proxy,ob_bos,require_engulf=False|require_vol_expand=True|swing_period=10,both,all,NEEDS_MORE_DATA,9,,,,,,,,,,,,,,,,only 9 trades < min 20,mt5
run_20260427_080943,AUD/USD,forex,M15,engine_b_proxy,ob_bos,require_engulf=True|require_vol_expand=False|swing_period=10,both,all,NEEDS_MORE_DATA,10,,,,,,,,,,,,,,,,only 10 trades < min 20,mt5
run_20260427_080943,AUD/USD,forex,M15,engine_b_proxy,ob_bos,require_engulf=True|require_vol_expand=True|swing_period=10,both,all,NEEDS_MORE_DATA,9,,,,,,,,,,,,,,,,only 9 trades < min 20,mt5
run_20260427_080943,AUD/USD,forex,M15,engine_b_proxy,structure_filters,fvg_detection=False|strong_close_pct=0.7,both,all,REJECT,310,0.096774,0.093362,-0.000997,-0.000997,-0.267595,-36.157879,-18.943291,0.310310,3.022581,-0.265978,-0.265978,-0.185088,-0.098387,0.559470,,,mt5
run_20260427_080943,AUD/USD,forex,M15,engine_b_proxy,structure_filters,fvg_detection=True|strong_close_pct=0.7,both,all,REJECT,34,0.147059,0.279744,-0.001123,-0.001123,-0.043110,-6.953406,-3.055642,0.034034,10.941176,-0.037555,-0.037555,-0.019806,-0.018107,0.594927,,,mt5
run_20260427_080943,AUD/USD,forex,M15,engine_b_proxy,structure_filters,fvg_detection=False|strong_close_pct=0.8,both,all,REJECT,225,0.120000,0.119213,-0.001028,-0.001028,-0.207700,-27.589849,-13.915740,0.225225,3.928889,-0.206651,-0.206651,-0.151536,-0.064959,0.528600,,,mt5
run_20260427_080943,AUD/USD,forex,M15,engine_b_proxy,structure_filters,fvg_detection=True|strong_close_pct=0.8,both,all,REJECT,28,0.178571,0.343570,-0.001012,-0.001012,-0.033752,-5.443624,-2.316261,0.028028,11.714286,-0.028021,-0.028021,-0.015586,-0.012632,0.527806,,,mt5
run_20260427_080943,USD/JPY,forex,M15,trend_momentum,ema_cross,adx_min=0|fast_period=10|rsi_confirm=False|slow_period=50,both,all,REJECT,35,0.114286,0.122768,-0.001362,-0.001362,-0.046627,-11.051929,-6.193331,0.035035,27.771429,-0.046627,-0.046627,-0.019215,-0.025434,0.512907,,,mt5
run_20260427_080943,USD/JPY,forex,M15,trend_momentum,ema_cross,adx_min=0|fast_period=10|rsi_confirm=True|slow_period=50,both,all,REJECT,34,0.117647,0.123346,-0.001395,-0.001395,-0.046384,-11.014393,-6.250425,0.034034,27.323529,-0.046384,-0.046384,-0.018965,-0.025434,0.501675,,,mt5
run_20260427_080943,USD/JPY,forex,M15,trend_momentum,ema_cross,adx_min=20|fast_period=10|rsi_confirm=False|slow_period=50,both,all,REJECT,33,0.121212,0.130896,-0.001343,-0.001343,-0.043400,-10.516331,-5.779087,0.033033,27.818182,-0.043400,-0.043400,-0.015896,-0.025434,0.417994,,,mt5
run_20260427_080943,USD/JPY,forex,M15,trend_momentum,ema_cross,adx_min=20|fast_period=10|rsi_confirm=True|slow_period=50,both,all,REJECT,32,0.125000,0.131553,-0.001377,-0.001377,-0.043157,-10.477403,-5.828538,0.032032,27.343750,-0.043157,-0.043157,-0.015645,-0.025434,0.404302,,,mt5
run_20260427_080943,USD/JPY,forex,M15,trend_momentum,ema_cross,adx_min=25|fast_period=10|rsi_confirm=False|slow_period=50,both,all,REJECT,30,0.133333,0.149435,-0.001304,-0.001304,-0.038423,-9.664954,-5.142834,0.030030,28.800000,-0.038423,-0.038423,-0.015192,-0.021064,0.464034,,,mt5
run_20260427_080943,USD/JPY,forex,M15,trend_momentum,ema_cross,adx_min=25|fast_period=10|rsi_confirm=True|slow_period=50,both,all,REJECT,29,0.137931,0.150266,-0.001340,-0.001340,-0.038178,-9.623574,-5.180300,0.029029,28.310345,-0.038178,-0.038178,-0.014941,-0.021064,0.451049,,,mt5
run_20260427_080943,USD/JPY,forex,M15,trend_momentum,ema_cross,adx_min=0|fast_period=10|rsi_confirm=False|slow_period=100,both,all,REJECT,27,0.074074,0.062651,-0.001693,-0.001693,-0.044726,-10.951258,-7.333193,0.027027,35.851852,-0.044726,-0.044726,-0.028204,-0.017529,0.448452,,,mt5
run_20260427_080943,USD/JPY,forex,M15,trend_momentum,ema_cross,adx_min=0|fast_period=10|rsi_confirm=True|slow_period=100,both,all,REJECT,26,0.076923,0.063879,-0.001722,-0.001722,-0.043830,-10.788053,-7.286134,0.026026,34.576923,-0.043830,-0.043830,-0.027291,-0.017529,0.448685,,,mt5
run_20260427_080943,USD/JPY,forex,M15,trend_momentum,ema_cross,adx_min=20|fast_period=10|rsi_confirm=False|slow_period=100,both,all,REJECT,27,0.074074,0.062651,-0.001693,-0.001693,-0.044726,-10.951258,-7.333193,0.027027,35.851852,-0.044726,-0.044726,-0.028204,-0.017529,0.448452,,,mt5
run_20260427_080943,USD/JPY,forex,M15,trend_momentum,ema_cross,adx_min=20|fast_period=10|rsi_confirm=True|slow_period=100,both,all,REJECT,26,0.076923,0.063879,-0.001722,-0.001722,-0.043830,-10.788053,-7.286134,0.026026,34.576923,-0.043830,-0.043830,-0.027291,-0.017529,0.448685,,,mt5
run_20260427_080943,USD/JPY,forex,M15,trend_momentum,ema_cross,adx_min=25|fast_period=10|rsi_confirm=False|slow_period=100,both,all,REJECT,23,0.043478,0.054285,-0.001756,-0.001756,-0.039625,-10.243354,-7.076996,0.023023,33.565217,-0.039625,-0.039625,-0.023854,-0.016157,0.441198,,,mt5
run_20260427_080943,USD/JPY,forex,M15,trend_momentum,ema_cross,adx_min=25|fast_period=10|rsi_confirm=True|slow_period=100,both,all,REJECT,22,0.045455,0.055504,-0.001793,-0.001793,-0.038724,-10.070336,-7.043941,0.022022,31.954545,-0.038724,-0.038724,-0.022937,-0.016157,0.443316,,,mt5
run_20260427_080943,USD/JPY,forex,M15,trend_momentum,ema_cross,adx_min=0|fast_period=10|rsi_confirm=False|slow_period=200,both,all,NEEDS_MORE_DATA,15,,,,,,,,,,,,,,1.000000,,only 15 trades < min 20,mt5
run_20260427_080943,USD/JPY,forex,M15,trend_momentum,ema_cross,adx_min=0|fast_period=10|rsi_confirm=True|slow_period=200,both,all,NEEDS_MORE_DATA,14,,,,,,,,,,,,,,,,only 14 trades < min 20,mt5
run_20260427_080943,USD/JPY,forex,M15,trend_momentum,ema_cross,adx_min=20|fast_period=10|rsi_confirm=False|slow_period=200,both,all,NEEDS_MORE_DATA,12,,,,,,,,,,,,,,1.000000,,only 12 trades < min 20,mt5
run_20260427_080943,USD/JPY,forex,M15,trend_momentum,ema_cross,adx_min=20|fast_period=10|rsi_confirm=True|slow_period=200,both,all,NEEDS_MORE_DATA,11,,,,,,,,,,,,,,,,only 11 trades < min 20,mt5
run_20260427_080943,USD/JPY,forex,M15,trend_momentum,ema_cross,adx_min=25|fast_period=10|rsi_confirm=False|slow_period=200,both,all,NEEDS_MORE_DATA,11,,,,,,,,,,,,,,1.000000,,only 11 trades < min 20,mt5
run_20260427_080943,USD/JPY,forex,M15,trend_momentum,ema_cross,adx_min=25|fast_period=10|rsi_confirm=True|slow_period=200,both,all,NEEDS_MORE_DATA,10,,,,,,,,,,,,,,,,only 10 trades < min 20,mt5
run_20260427_080943,USD/JPY,forex,M15,trend_momentum,ema_cross,adx_min=0|fast_period=20|rsi_confirm=False|slow_period=50,both,all,REJECT,27,0.074074,0.085322,-0.001567,-0.001567,-0.041482,-10.526509,-6.580437,0.027027,35.925926,-0.041482,-0.041482,-0.024368,-0.018574,0.490665,,,mt5
run_20260427_080943,USD/JPY,forex,M15,trend_momentum,ema_cross,adx_min=0|fast_period=20|rsi_confirm=True|slow_period=50,both,all,REJECT,26,0.076923,0.087087,-0.001591,-0.001591,-0.040583,-10.359434,-6.510594,0.026026,34.653846,-0.040583,-0.040583,-0.023452,-0.018574,0.493595,,,mt5
run_20260427_080943,USD/JPY,forex,M15,trend_momentum,ema_cross,adx_min=20|fast_period=20|rsi_confirm=False|slow_period=50,both,all,REJECT,26,0.076923,0.089826,-0.001538,-0.001538,-0.039254,-10.203510,-6.265701,0.026026,36.307692,-0.039254,-0.039254,-0.022100,-0.018574,0.508134,,,mt5
run_20260427_080943,USD/JPY,forex,M15,trend_momentum,ema_cross,adx_min=20|fast_period=20|rsi_confirm=True|slow_period=50,both,all,REJECT,25,0.080000,0.091784,-0.001562,-0.001562,-0.038352,-10.031932,-6.189312,0.025025,35.000000,-0.038352,-0.038352,-0.021182,-0.018574,0.513061,,,mt5
run_20260427_080943,USD/JPY,forex,M15,trend_momentum,ema_cross,adx_min=25|fast_period=20|rsi_confirm=False|slow_period=50,both,all,REJECT,23,0.043478,0.068554,-0.001592,-0.001592,-0.035988,-9.963846,-6.520642,0.023023,34.347826,-0.035988,-0.035988,-0.019359,-0.016957,0.500780,,,mt5
run_20260427_080943,USD/JPY,forex,M15,trend_momentum,ema_cross,adx_min=25|fast_period=20|rsi_confirm=True|slow_period=50,both,all,REJECT,22,0.045455,0.070229,-0.001621,-0.001621,-0.035083,-9.784106,-6.456345,0.022022,32.772727,-0.035083,-0.035083,-0.018438,-0.016957,0.507900,,,mt5
run_20260427_080943,USD/JPY,forex,M15,trend_momentum,ema_cross,adx_min=0|fast_period=20|rsi_confirm=False|slow_period=100,both,all,NEEDS_MORE_DATA,13,,,,,,,,,,,,,,1.000000,,only 13 trades < min 20,mt5
run_20260427_080943,USD/JPY,forex,M15,trend_momentum,ema_cross,adx_min=0|fast_period=20|rsi_confirm=True|slow_period=100,both,all,NEEDS_MORE_DATA,12,,,,,,,,,,,,,,,,only 12 trades < min 20,mt5
run_20260427_080943,USD/JPY,forex,M15,trend_momentum,ema_cross,adx_min=20|fast_period=20|rsi_confirm=False|slow_period=100,both,all,NEEDS_MORE_DATA,13,,,,,,,,,,,,,,1.000000,,only 13 trades < min 20,mt5
run_20260427_080943,USD/JPY,forex,M15,trend_momentum,ema_cross,adx_min=20|fast_period=20|rsi_confirm=True|slow_period=100,both,all,NEEDS_MORE_DATA,12,,,,,,,,,,,,,,,,only 12 trades < min 20,mt5
run_20260427_080943,USD/JPY,forex,M15,trend_momentum,ema_cross,adx_min=25|fast_period=20|rsi_confirm=False|slow_period=100,both,all,NEEDS_MORE_DATA,12,,,,,,,,,,,,,,1.000000,,only 12 trades < min 20,mt5
run_20260427_080943,USD/JPY,forex,M15,trend_momentum,ema_cross,adx_min=25|fast_period=20|rsi_confirm=True|slow_period=100,both,all,NEEDS_MORE_DATA,11,,,,,,,,,,,,,,,,only 11 trades < min 20,mt5
run_20260427_080943,USD/JPY,forex,M15,trend_momentum,ema_cross,adx_min=0|fast_period=20|rsi_confirm=False|slow_period=200,both,all,NEEDS_MORE_DATA,11,,,,,,,,,,,,,,,,only 11 trades < min 20,mt5
run_20260427_080943,USD/JPY,forex,M15,trend_momentum,ema_cross,adx_min=0|fast_period=20|rsi_confirm=True|slow_period=200,both,all,NEEDS_MORE_DATA,10,,,,,,,,,,,,,,,,only 10 trades < min 20,mt5
run_20260427_080943,USD/JPY,forex,M15,trend_momentum,ema_cross,adx_min=20|fast_period=20|rsi_confirm=False|slow_period=200,both,all,NEEDS_MORE_DATA,10,,,,,,,,,,,,,,,,only 10 trades < min 20,mt5
run_20260427_080943,USD/JPY,forex,M15,trend_momentum,ema_cross,adx_min=20|fast_period=20|rsi_confirm=True|slow_period=200,both,all,NEEDS_MORE_DATA,9,,,,,,,,,,,,,,,,only 9 trades < min 20,mt5
run_20260427_080943,USD/JPY,forex,M15,trend_momentum,ema_cross,adx_min=25|fast_period=20|rsi_confirm=False|slow_period=200,both,all,NEEDS_MORE_DATA,10,,,,,,,,,,,,,,,,only 10 trades < min 20,mt5
run_20260427_080943,USD/JPY,forex,M15,trend_momentum,ema_cross,adx_min=25|fast_period=20|rsi_confirm=True|slow_period=200,both,all,NEEDS_MORE_DATA,9,,,,,,,,,,,,,,,,only 9 trades < min 20,mt5
run_20260427_080943,USD/JPY,forex,M15,trend_momentum,ema_alignment,adx_min=0|ema_long=200|ema_mid=50|ema_short=20,both,all,REJECT,29,0.068966,0.116561,-0.000956,-0.000956,-0.027356,-9.736068,-5.297115,0.029029,16.034483,-0.027356,-0.027356,-0.019248,-0.007186,0.386008,,,mt5
run_20260427_080943,USD/JPY,forex,M15,trend_momentum,ema_alignment,adx_min=20|ema_long=200|ema_mid=50|ema_short=20,both,all,REJECT,27,0.074074,0.126909,-0.000932,-0.000932,-0.024863,-9.110639,-4.828040,0.027027,17.111111,-0.024863,-0.024863,-0.016735,-0.007186,0.390830,,,mt5
run_20260427_080943,USD/JPY,forex,M15,trend_momentum,ema_alignment,adx_min=25|ema_long=200|ema_mid=50|ema_short=20,both,all,REJECT,22,0.090909,0.152783,-0.000922,-0.000922,-0.020091,-7.787379,-3.965631,0.022022,18.090909,-0.020091,-0.020091,-0.013014,-0.007170,0.397288,,,mt5
run_20260427_080943,USD/JPY,forex,M15,trend_momentum,macd_direction,adx_min=0|fast=12|signal_period=9|slow=26,both,all,REJECT,85,0.164706,0.134235,-0.001058,-0.001058,-0.086378,-15.650731,-7.909380,0.085085,11.741176,-0.086142,-0.086142,-0.050200,-0.035352,0.644601,,,mt5
run_20260427_080943,USD/JPY,forex,M15,trend_momentum,macd_direction,adx_min=20|fast=12|signal_period=9|slow=26,both,all,REJECT,83,0.156627,0.135451,-0.001072,-0.001072,-0.085484,-15.522758,-7.870243,0.083083,11.506024,-0.085247,-0.085247,-0.049271,-0.035352,0.648587,,,mt5
run_20260427_080943,USD/JPY,forex,M15,pullback,pullback_ema,pullback_period=20|rsi_reclaim=False|rsi_threshold=50|trend_period=200,both,all,REJECT,77,0.103896,0.042068,-0.000966,-0.000966,-0.072068,-19.804438,-14.557007,0.077077,7.038961,-0.071697,-0.071697,-0.056751,-0.014773,0.478091,,,mt5
run_20260427_080943,USD/JPY,forex,M15,pullback,pullback_ema,pullback_period=20|rsi_reclaim=True|rsi_threshold=50|trend_period=200,both,all,REJECT,71,0.084507,0.038990,-0.000995,-0.000995,-0.068228,-19.193396,-14.583167,0.071071,7.000000,-0.068228,-0.068228,-0.053893,-0.014079,0.478372,,,mt5
run_20260427_080943,USD/JPY,forex,M15,pullback,pullback_ema,pullback_period=50|rsi_reclaim=False|rsi_threshold=50|trend_period=200,both,all,REJECT,43,0.046512,0.029067,-0.000999,-0.000999,-0.042089,-14.862607,-11.620029,0.043043,11.023256,-0.042089,-0.042089,-0.031006,-0.010360,0.458241,,,mt5
run_20260427_080943,USD/JPY,forex,M15,pullback,pullback_ema,pullback_period=50|rsi_reclaim=True|rsi_threshold=50|trend_period=200,both,all,REJECT,29,0.000000,0.000000,-0.001174,-0.001174,-0.033485,-13.096389,-14.557325,0.029029,10.344828,-0.033485,-0.033485,-0.024488,-0.008144,0.373766,,,mt5
run_20260427_080943,USD/JPY,forex,M15,breakout,prev_day_hl,atr_expand_min=0.0,both,all,NEEDS_MORE_DATA,3,,,,,,,,,,,,,,1.000000,,only 3 trades < min 20,mt5
run_20260427_080943,USD/JPY,forex,M15,breakout,prev_day_hl,atr_expand_min=0.5,both,all,NEEDS_MORE_DATA,3,,,,,,,,,,,,,,1.000000,,only 3 trades < min 20,mt5
run_20260427_080943,USD/JPY,forex,M15,breakout,prev_day_hl,atr_expand_min=1.0,both,all,NEEDS_MORE_DATA,3,,,,,,,,,,,,,,1.000000,,only 3 trades < min 20,mt5
run_20260427_080943,USD/JPY,forex,M15,breakout,session_opening_range,atr_expand_min=0.0|range_bars=6,both,all,REJECT,64,0.078125,0.085404,-0.001260,-0.001260,-0.077560,-15.333920,-8.690227,0.064064,15.437500,-0.077560,-0.077560,-0.053996,-0.025806,0.576710,,,mt5
run_20260427_080943,USD/JPY,forex,M15,breakout,session_opening_range,atr_expand_min=0.5|range_bars=6,both,all,REJECT,62,0.080645,0.088446,-0.001252,-0.001252,-0.074756,-14.919281,-8.360113,0.062062,15.322581,-0.074756,-0.074756,-0.052639,-0.024244,0.571505,,,mt5
run_20260427_080943,USD/JPY,forex,M15,breakout,session_opening_range,atr_expand_min=0.0|range_bars=12,both,all,REJECT,33,0.121212,0.183866,-0.001152,-0.001152,-0.037372,-8.420947,-3.981138,0.033033,28.969697,-0.037372,-0.037372,-0.026907,-0.011509,0.442985,,,mt5
run_20260427_080943,USD/JPY,forex,M15,breakout,session_opening_range,atr_expand_min=0.5|range_bars=12,both,all,REJECT,33,0.121212,0.183913,-0.001152,-0.001152,-0.037361,-8.419392,-3.980061,0.033033,28.787879,-0.037361,-0.037361,-0.026907,-0.011497,0.442853,,,mt5
run_20260427_080943,USD/JPY,forex,M15,breakout,london_breakout,atr_expand_min=0.0|utc_end=11|utc_start=7,both,all,NEEDS_MORE_DATA,17,,,,,,,,,,,,,,1.000000,,only 17 trades < min 20,mt5
run_20260427_080943,USD/JPY,forex,M15,breakout,london_breakout,atr_expand_min=0.5|utc_end=11|utc_start=7,both,all,NEEDS_MORE_DATA,17,,,,,,,,,,,,,,1.000000,,only 17 trades < min 20,mt5
run_20260427_080943,USD/JPY,forex,M15,breakout,ny_breakout,atr_expand_min=0.0|utc_end=16|utc_start=13,both,all,NEEDS_MORE_DATA,14,,,,,,,,,,,,,,,,only 14 trades < min 20,mt5
run_20260427_080943,USD/JPY,forex,M15,breakout,ny_breakout,atr_expand_min=0.5|utc_end=16|utc_start=13,both,all,NEEDS_MORE_DATA,14,,,,,,,,,,,,,,,,only 14 trades < min 20,mt5
run_20260427_080943,USD/JPY,forex,M15,mean_reversion,rsi_extreme,overbought=70|oversold=30|period=14,both,all,NEEDS_MORE_DATA,15,,,,,,,,,,,,,,,,only 15 trades < min 20,mt5
run_20260427_080943,USD/JPY,forex,M15,mean_reversion,rsi_extreme,overbought=75|oversold=30|period=14,both,all,NEEDS_MORE_DATA,10,,,,,,,,,,,,,,,,only 10 trades < min 20,mt5
run_20260427_080943,USD/JPY,forex,M15,mean_reversion,rsi_extreme,overbought=70|oversold=25|period=14,both,all,NEEDS_MORE_DATA,11,,,,,,,,,,,,,,,,only 11 trades < min 20,mt5
run_20260427_080943,USD/JPY,forex,M15,mean_reversion,rsi_extreme,overbought=75|oversold=25|period=14,both,all,NEEDS_MORE_DATA,6,,,,,,,,,,,,,,,,only 6 trades < min 20,mt5
run_20260427_080943,USD/JPY,forex,M15,mean_reversion,bollinger_touch,num_std=2.0|period=20,both,all,REJECT,44,0.386364,0.166653,-0.000511,-0.000511,-0.022551,-7.234218,-3.108805,0.044044,11.272727,-0.022259,-0.022259,-0.019151,-0.003170,0.413652,,,mt5
run_20260427_080943,USD/JPY,forex,M15,mean_reversion,bollinger_touch,num_std=2.5|period=20,both,all,REJECT,27,0.518519,0.438293,-0.000186,-0.000186,-0.005975,-3.597981,-1.458515,0.027027,11.185185,-0.005004,-0.005004,-0.005587,0.000586,0.416837,,,mt5
run_20260427_080943,USD/JPY,forex,M15,mean_reversion,vwap_deviation,std_threshold=1.5,both,all,NEEDS_MORE_DATA,9,,,,,,,,,,,,,,,,only 9 trades < min 20,mt5
run_20260427_080943,USD/JPY,forex,M15,mean_reversion,vwap_deviation,std_threshold=2.0,both,all,NEEDS_MORE_DATA,8,,,,,,,,,,,,,,,,only 8 trades < min 20,mt5
run_20260427_080943,USD/JPY,forex,M15,engine_b_proxy,ob_bos,require_engulf=False|require_vol_expand=False|swing_period=5,both,all,REJECT,25,0.080000,0.062260,-0.001888,-0.001888,-0.046483,-10.277175,-6.588870,0.025025,33.240000,-0.046181,-0.046181,-0.030715,-0.015541,0.401793,,,mt5
run_20260427_080943,USD/JPY,forex,M15,engine_b_proxy,ob_bos,require_engulf=False|require_vol_expand=True|swing_period=5,both,all,NEEDS_MORE_DATA,19,,,,,,,,,,,,,,1.000000,,only 19 trades < min 20,mt5
run_20260427_080943,USD/JPY,forex,M15,engine_b_proxy,ob_bos,require_engulf=True|require_vol_expand=False|swing_period=5,both,all,REJECT,24,0.083333,0.063141,-0.001938,-0.001938,-0.045812,-10.159289,-6.620371,0.024024,32.500000,-0.045510,-0.045510,-0.031222,-0.014333,0.381715,,,mt5
run_20260427_080943,USD/JPY,forex,M15,engine_b_proxy,ob_bos,require_engulf=True|require_vol_expand=True|swing_period=5,both,all,NEEDS_MORE_DATA,19,,,,,,,,,,,,,,,,only 19 trades < min 20,mt5
run_20260427_080943,USD/JPY,forex,M15,engine_b_proxy,ob_bos,require_engulf=False|require_vol_expand=False|swing_period=10,both,all,NEEDS_MORE_DATA,11,,,,,,,,,,,,,,,,only 11 trades < min 20,mt5
run_20260427_080943,USD/JPY,forex,M15,engine_b_proxy,ob_bos,require_engulf=False|require_vol_expand=True|swing_period=10,both,all,NEEDS_MORE_DATA,10,,,,,,,,,,,,,,,,only 10 trades < min 20,mt5
run_20260427_080943,USD/JPY,forex,M15,engine_b_proxy,ob_bos,require_engulf=True|require_vol_expand=False|swing_period=10,both,all,NEEDS_MORE_DATA,9,,,,,,,,,,,,,,,,only 9 trades < min 20,mt5
run_20260427_080943,USD/JPY,forex,M15,engine_b_proxy,ob_bos,require_engulf=True|require_vol_expand=True|swing_period=10,both,all,NEEDS_MORE_DATA,9,,,,,,,,,,,,,,,,only 9 trades < min 20,mt5
run_20260427_080943,USD/JPY,forex,M15,engine_b_proxy,structure_filters,fvg_detection=False|strong_close_pct=0.7,both,all,REJECT,285,0.070175,0.043965,-0.000961,-0.000961,-0.240477,-40.322176,-25.632192,0.285285,3.347368,-0.239643,-0.239643,-0.177483,-0.073326,0.523944,,,mt5
run_20260427_080943,USD/JPY,forex,M15,engine_b_proxy,structure_filters,fvg_detection=True|strong_close_pct=0.7,both,all,REJECT,46,0.086957,0.053005,-0.001238,-0.001238,-0.055387,-14.659537,-10.127313,0.046046,8.543478,-0.055387,-0.055387,-0.038441,-0.017624,0.530205,,,mt5
run_20260427_080943,USD/JPY,forex,M15,engine_b_proxy,structure_filters,fvg_detection=False|strong_close_pct=0.8,both,all,REJECT,217,0.064516,0.050328,-0.000990,-0.000990,-0.194077,-33.792828,-21.666405,0.217217,4.156682,-0.193375,-0.193375,-0.147081,-0.051979,0.506021,,,mt5
run_20260427_080943,USD/JPY,forex,M15,engine_b_proxy,structure_filters,fvg_detection=True|strong_close_pct=0.8,both,all,REJECT,37,0.108108,0.066578,-0.001207,-0.001207,-0.044021,-12.551601,-8.016007,0.037037,9.270270,-0.043731,-0.043731,-0.033466,-0.010621,0.433874,,,mt5
run_20260427_080943,GBP/USD,forex,M15,trend_momentum,ema_cross,adx_min=0|fast_period=10|rsi_confirm=False|slow_period=50,both,all,REJECT,21,0.190476,0.433398,-0.000805,-0.000805,-0.026383,-3.272892,-1.330331,0.021021,43.047619,-0.016851,-0.016851,-0.002749,-0.011925,0.250733,,,mt5
run_20260427_080943,GBP/USD,forex,M15,trend_momentum,ema_cross,adx_min=0|fast_period=10|rsi_confirm=True|slow_period=50,both,all,REJECT,20,0.150000,0.076615,-0.001368,-0.001368,-0.027461,-9.053967,-5.686190,0.020020,34.500000,-0.027027,-0.027027,-0.013072,-0.011925,0.493683,,,mt5
run_20260427_080943,GBP/USD,forex,M15,trend_momentum,ema_cross,adx_min=20|fast_period=10|rsi_confirm=False|slow_period=50,both,all,REJECT,21,0.190476,0.433398,-0.000805,-0.000805,-0.026383,-3.272892,-1.330331,0.021021,43.047619,-0.016851,-0.016851,-0.002749,-0.011925,0.250733,,,mt5
run_20260427_080943,GBP/USD,forex,M15,trend_momentum,ema_cross,adx_min=20|fast_period=10|rsi_confirm=True|slow_period=50,both,all,REJECT,20,0.150000,0.076615,-0.001368,-0.001368,-0.027461,-9.053967,-5.686190,0.020020,34.500000,-0.027027,-0.027027,-0.013072,-0.011925,0.493683,,,mt5
run_20260427_080943,GBP/USD,forex,M15,trend_momentum,ema_cross,adx_min=25|fast_period=10|rsi_confirm=False|slow_period=50,both,all,NEEDS_MORE_DATA,9,,,,,,,,,,,,,,1.000000,,only 9 trades < min 20,mt5
run_20260427_080943,GBP/USD,forex,M15,trend_momentum,ema_cross,adx_min=25|fast_period=10|rsi_confirm=True|slow_period=50,both,all,NEEDS_MORE_DATA,8,,,,,,,,,,,,,,1.000000,,only 8 trades < min 20,mt5
run_20260427_080943,GBP/USD,forex,M15,trend_momentum,ema_cross,adx_min=0|fast_period=10|rsi_confirm=False|slow_period=100,both,all,NEEDS_MORE_DATA,17,,,,,,,,,,,,,,1.000000,,only 17 trades < min 20,mt5
run_20260427_080943,GBP/USD,forex,M15,trend_momentum,ema_cross,adx_min=0|fast_period=10|rsi_confirm=True|slow_period=100,both,all,NEEDS_MORE_DATA,16,,,,,,,,,,,,,,1.000000,,only 16 trades < min 20,mt5
run_20260427_080943,GBP/USD,forex,M15,trend_momentum,ema_cross,adx_min=20|fast_period=10|rsi_confirm=False|slow_period=100,both,all,NEEDS_MORE_DATA,15,,,,,,,,,,,,,,1.000000,,only 15 trades < min 20,mt5
run_20260427_080943,GBP/USD,forex,M15,trend_momentum,ema_cross,adx_min=20|fast_period=10|rsi_confirm=True|slow_period=100,both,all,NEEDS_MORE_DATA,14,,,,,,,,,,,,,,1.000000,,only 14 trades < min 20,mt5
run_20260427_080943,GBP/USD,forex,M15,trend_momentum,ema_cross,adx_min=25|fast_period=10|rsi_confirm=False|slow_period=100,both,all,NEEDS_MORE_DATA,9,,,,,,,,,,,,,,1.000000,,only 9 trades < min 20,mt5
run_20260427_080943,GBP/USD,forex,M15,trend_momentum,ema_cross,adx_min=25|fast_period=10|rsi_confirm=True|slow_period=100,both,all,NEEDS_MORE_DATA,8,,,,,,,,,,,,,,1.000000,,only 8 trades < min 20,mt5
run_20260427_080943,GBP/USD,forex,M15,trend_momentum,ema_cross,adx_min=0|fast_period=10|rsi_confirm=False|slow_period=200,both,all,NEEDS_MORE_DATA,11,,,,,,,,,,,,,,1.000000,,only 11 trades < min 20,mt5
run_20260427_080943,GBP/USD,forex,M15,trend_momentum,ema_cross,adx_min=0|fast_period=10|rsi_confirm=True|slow_period=200,both,all,NEEDS_MORE_DATA,10,,,,,,,,,,,,,,,,only 10 trades < min 20,mt5
run_20260427_080943,GBP/USD,forex,M15,trend_momentum,ema_cross,adx_min=20|fast_period=10|rsi_confirm=False|slow_period=200,both,all,NEEDS_MORE_DATA,11,,,,,,,,,,,,,,1.000000,,only 11 trades < min 20,mt5
run_20260427_080943,GBP/USD,forex,M15,trend_momentum,ema_cross,adx_min=20|fast_period=10|rsi_confirm=True|slow_period=200,both,all,NEEDS_MORE_DATA,10,,,,,,,,,,,,,,,,only 10 trades < min 20,mt5
run_20260427_080943,GBP/USD,forex,M15,trend_momentum,ema_cross,adx_min=25|fast_period=10|rsi_confirm=False|slow_period=200,both,all,NEEDS_MORE_DATA,8,,,,,,,,,,,,,,1.000000,,only 8 trades < min 20,mt5
run_20260427_080943,GBP/USD,forex,M15,trend_momentum,ema_cross,adx_min=25|fast_period=10|rsi_confirm=True|slow_period=200,both,all,NEEDS_MORE_DATA,7,,,,,,,,,,,,,,,,only 7 trades < min 20,mt5
run_20260427_080943,GBP/USD,forex,M15,trend_momentum,ema_cross,adx_min=0|fast_period=20|rsi_confirm=False|slow_period=50,both,all,NEEDS_MORE_DATA,19,,,,,,,,,,,,,,1.000000,,only 19 trades < min 20,mt5
run_20260427_080943,GBP/USD,forex,M15,trend_momentum,ema_cross,adx_min=0|fast_period=20|rsi_confirm=True|slow_period=50,both,all,NEEDS_MORE_DATA,18,,,,,,,,,,,,,,1.000000,,only 18 trades < min 20,mt5
run_20260427_080943,GBP/USD,forex,M15,trend_momentum,ema_cross,adx_min=20|fast_period=20|rsi_confirm=False|slow_period=50,both,all,NEEDS_MORE_DATA,17,,,,,,,,,,,,,,1.000000,,only 17 trades < min 20,mt5
run_20260427_080943,GBP/USD,forex,M15,trend_momentum,ema_cross,adx_min=20|fast_period=20|rsi_confirm=True|slow_period=50,both,all,NEEDS_MORE_DATA,16,,,,,,,,,,,,,,1.000000,,only 16 trades < min 20,mt5
run_20260427_080943,GBP/USD,forex,M15,trend_momentum,ema_cross,adx_min=25|fast_period=20|rsi_confirm=False|slow_period=50,both,all,NEEDS_MORE_DATA,9,,,,,,,,,,,,,,1.000000,,only 9 trades < min 20,mt5
run_20260427_080943,GBP/USD,forex,M15,trend_momentum,ema_cross,adx_min=25|fast_period=20|rsi_confirm=True|slow_period=50,both,all,NEEDS_MORE_DATA,8,,,,,,,,,,,,,,1.000000,,only 8 trades < min 20,mt5
run_20260427_080943,GBP/USD,forex,M15,trend_momentum,ema_cross,adx_min=0|fast_period=20|rsi_confirm=False|slow_period=100,both,all,NEEDS_MORE_DATA,15,,,,,,,,,,,,,,1.000000,,only 15 trades < min 20,mt5
run_20260427_080943,GBP/USD,forex,M15,trend_momentum,ema_cross,adx_min=0|fast_period=20|rsi_confirm=True|slow_period=100,both,all,NEEDS_MORE_DATA,14,,,,,,,,,,,,,,,,only 14 trades < min 20,mt5
run_20260427_080943,GBP/USD,forex,M15,trend_momentum,ema_cross,adx_min=20|fast_period=20|rsi_confirm=False|slow_period=100,both,all,NEEDS_MORE_DATA,12,,,,,,,,,,,,,,1.000000,,only 12 trades < min 20,mt5
run_20260427_080943,GBP/USD,forex,M15,trend_momentum,ema_cross,adx_min=20|fast_period=20|rsi_confirm=True|slow_period=100,both,all,NEEDS_MORE_DATA,11,,,,,,,,,,,,,,,,only 11 trades < min 20,mt5
run_20260427_080943,GBP/USD,forex,M15,trend_momentum,ema_cross,adx_min=25|fast_period=20|rsi_confirm=False|slow_period=100,both,all,NEEDS_MORE_DATA,10,,,,,,,,,,,,,,1.000000,,only 10 trades < min 20,mt5
run_20260427_080943,GBP/USD,forex,M15,trend_momentum,ema_cross,adx_min=25|fast_period=20|rsi_confirm=True|slow_period=100,both,all,NEEDS_MORE_DATA,9,,,,,,,,,,,,,,,,only 9 trades < min 20,mt5
run_20260427_080943,GBP/USD,forex,M15,trend_momentum,ema_cross,adx_min=0|fast_period=20|rsi_confirm=False|slow_period=200,both,all,NEEDS_MORE_DATA,9,,,,,,,,,,,,,,,,only 9 trades < min 20,mt5
run_20260427_080943,GBP/USD,forex,M15,trend_momentum,ema_cross,adx_min=0|fast_period=20|rsi_confirm=True|slow_period=200,both,all,NEEDS_MORE_DATA,8,,,,,,,,,,,,,,,,only 8 trades < min 20,mt5
run_20260427_080943,GBP/USD,forex,M15,trend_momentum,ema_cross,adx_min=20|fast_period=20|rsi_confirm=False|slow_period=200,both,all,NEEDS_MORE_DATA,9,,,,,,,,,,,,,,,,only 9 trades < min 20,mt5
run_20260427_080943,GBP/USD,forex,M15,trend_momentum,ema_cross,adx_min=20|fast_period=20|rsi_confirm=True|slow_period=200,both,all,NEEDS_MORE_DATA,8,,,,,,,,,,,,,,,,only 8 trades < min 20,mt5
run_20260427_080943,GBP/USD,forex,M15,trend_momentum,ema_cross,adx_min=25|fast_period=20|rsi_confirm=False|slow_period=200,both,all,NEEDS_MORE_DATA,9,,,,,,,,,,,,,,,,only 9 trades < min 20,mt5
run_20260427_080943,GBP/USD,forex,M15,trend_momentum,ema_cross,adx_min=25|fast_period=20|rsi_confirm=True|slow_period=200,both,all,NEEDS_MORE_DATA,8,,,,,,,,,,,,,,,,only 8 trades < min 20,mt5
run_20260427_080943,GBP/USD,forex,M15,trend_momentum,ema_alignment,adx_min=0|ema_long=200|ema_mid=50|ema_short=20,both,all,REJECT,29,0.068966,0.310142,-0.000838,-0.000838,-0.033380,-4.787172,-1.990393,0.029029,17.517241,-0.024098,-0.024098,-0.015385,-0.008849,0.446563,,,mt5
run_20260427_080943,GBP/USD,forex,M15,trend_momentum,ema_alignment,adx_min=20|ema_long=200|ema_mid=50|ema_short=20,both,all,REJECT,27,0.074074,0.338568,-0.000791,-0.000791,-0.030514,-4.260718,-1.754436,0.027027,18.222222,-0.021204,-0.021204,-0.012465,-0.008849,0.474979,,,mt5
run_20260427_080943,GBP/USD,forex,M15,trend_momentum,ema_alignment,adx_min=25|ema_long=200|ema_mid=50|ema_short=20,both,all,NEEDS_MORE_DATA,18,,,,,,,,,,,,,,1.000000,,only 18 trades < min 20,mt5
run_20260427_080943,GBP/USD,forex,M15,trend_momentum,macd_direction,adx_min=0|fast=12|signal_period=9|slow=26,both,all,REJECT,82,0.134146,0.145001,-0.001236,-0.001236,-0.096973,-15.804248,-8.154767,0.082082,12.048780,-0.096540,-0.096540,-0.054931,-0.041279,0.658774,,,mt5
run_20260427_080943,GBP/USD,forex,M15,trend_momentum,macd_direction,adx_min=20|fast=12|signal_period=9|slow=26,both,all,REJECT,80,0.125000,0.146268,-0.001241,-0.001241,-0.095053,-15.596907,-8.049158,0.080080,12.000000,-0.094619,-0.094619,-0.054919,-0.039445,0.648807,,,mt5
run_20260427_080943,GBP/USD,forex,M15,pullback,pullback_ema,pullback_period=20|rsi_reclaim=False|rsi_threshold=50|trend_period=200,both,all,REJECT,69,0.057971,0.155503,-0.000809,-0.000809,-0.061540,-13.302138,-6.518252,0.069069,7.521739,-0.054336,-0.054336,-0.034169,-0.019711,0.573057,,,mt5
run_20260427_080943,GBP/USD,forex,M15,pullback,pullback_ema,pullback_period=20|rsi_reclaim=True|rsi_threshold=50|trend_period=200,both,all,REJECT,62,0.064516,0.177606,-0.000767,-0.000767,-0.053786,-11.823894,-5.613251,0.062062,8.193548,-0.046522,-0.046522,-0.027566,-0.018322,0.599401,,,mt5
run_20260427_080943,GBP/USD,forex,M15,pullback,pullback_ema,pullback_period=50|rsi_reclaim=False|rsi_threshold=50|trend_period=200,both,all,REJECT,44,0.045455,0.230918,-0.000894,-0.000894,-0.047700,-7.422548,-3.207548,0.044044,11.568182,-0.038668,-0.038668,-0.023295,-0.014565,0.551569,,,mt5
run_20260427_080943,GBP/USD,forex,M15,pullback,pullback_ema,pullback_period=50|rsi_reclaim=True|rsi_threshold=50|trend_period=200,both,all,REJECT,31,0.032258,0.029077,-0.001183,-0.001183,-0.036021,-12.919675,-11.183344,0.031031,7.193548,-0.036021,-0.036021,-0.022563,-0.012591,0.453418,,,mt5
run_20260427_080943,GBP/USD,forex,M15,breakout,prev_day_hl,atr_expand_min=0.0,both,all,NEEDS_MORE_DATA,2,,,,,,,,,,,,,,1.000000,,only 2 trades < min 20,mt5
run_20260427_080943,GBP/USD,forex,M15,breakout,prev_day_hl,atr_expand_min=0.5,both,all,NEEDS_MORE_DATA,2,,,,,,,,,,,,,,1.000000,,only 2 trades < min 20,mt5
run_20260427_080943,GBP/USD,forex,M15,breakout,prev_day_hl,atr_expand_min=1.0,both,all,NEEDS_MORE_DATA,2,,,,,,,,,,,,,,1.000000,,only 2 trades < min 20,mt5
run_20260427_080943,GBP/USD,forex,M15,breakout,session_opening_range,atr_expand_min=0.0|range_bars=6,both,all,REJECT,70,0.128571,0.129803,-0.001272,-0.001272,-0.085728,-14.953140,-7.901236,0.070070,14.071429,-0.085321,-0.085321,-0.059051,-0.026173,0.566300,,,mt5
run_20260427_080943,GBP/USD,forex,M15,breakout,session_opening_range,atr_expand_min=0.5|range_bars=6,both,all,REJECT,70,0.128571,0.129367,-0.001277,-0.001277,-0.086044,-14.990721,-7.937678,0.070070,13.942857,-0.085637,-0.085637,-0.059376,-0.026173,0.565572,,,mt5
run_20260427_080943,GBP/USD,forex,M15,breakout,session_opening_range,atr_expand_min=0.0|range_bars=12,both,all,REJECT,35,0.200000,0.248012,-0.001003,-0.001003,-0.036038,-8.177633,-3.768751,0.035035,27.971429,-0.034543,-0.034543,-0.020940,-0.015127,0.543387,,,mt5
run_20260427_080943,GBP/USD,forex,M15,breakout,session_opening_range,atr_expand_min=0.5|range_bars=12,both,all,REJECT,35,0.200000,0.248012,-0.001003,-0.001003,-0.036038,-8.177633,-3.768751,0.035035,27.971429,-0.034543,-0.034543,-0.020940,-0.015127,0.543387,,,mt5
run_20260427_080943,GBP/USD,forex,M15,breakout,london_breakout,atr_expand_min=0.0|utc_end=11|utc_start=7,both,all,NEEDS_MORE_DATA,16,,,,,,,,,,,,,,1.000000,,only 16 trades < min 20,mt5
run_20260427_080943,GBP/USD,forex,M15,breakout,london_breakout,atr_expand_min=0.5|utc_end=11|utc_start=7,both,all,NEEDS_MORE_DATA,16,,,,,,,,,,,,,,1.000000,,only 16 trades < min 20,mt5
run_20260427_080943,GBP/USD,forex,M15,breakout,ny_breakout,atr_expand_min=0.0|utc_end=16|utc_start=13,both,all,NEEDS_MORE_DATA,12,,,,,,,,,,,,,,,,only 12 trades < min 20,mt5
run_20260427_080943,GBP/USD,forex,M15,breakout,ny_breakout,atr_expand_min=0.5|utc_end=16|utc_start=13,both,all,NEEDS_MORE_DATA,12,,,,,,,,,,,,,,,,only 12 trades < min 20,mt5
run_20260427_080943,GBP/USD,forex,M15,mean_reversion,rsi_extreme,overbought=70|oversold=30|period=14,both,all,NEEDS_MORE_DATA,14,,,,,,,,,,,,,,,,only 14 trades < min 20,mt5
run_20260427_080943,GBP/USD,forex,M15,mean_reversion,rsi_extreme,overbought=75|oversold=30|period=14,both,all,NEEDS_MORE_DATA,12,,,,,,,,,,,,,,,,only 12 trades < min 20,mt5
run_20260427_080943,GBP/USD,forex,M15,mean_reversion,rsi_extreme,overbought=70|oversold=25|period=14,both,all,NEEDS_MORE_DATA,10,,,,,,,,,,,,,,,,only 10 trades < min 20,mt5
run_20260427_080943,GBP/USD,forex,M15,mean_reversion,rsi_extreme,overbought=75|oversold=25|period=14,both,all,NEEDS_MORE_DATA,8,,,,,,,,,,,,,,,,only 8 trades < min 20,mt5
run_20260427_080943,GBP/USD,forex,M15,mean_reversion,bollinger_touch,num_std=2.0|period=20,both,all,REJECT,39,0.333333,0.294777,-0.000469,-0.000469,-0.020069,-5.547709,-2.304823,0.039039,12.076923,-0.018142,-0.018142,-0.015940,-0.002237,0.376110,,,mt5
run_20260427_080943,GBP/USD,forex,M15,mean_reversion,bollinger_touch,num_std=2.5|period=20,both,all,REJECT,24,0.333333,0.372661,-0.000390,-0.000390,-0.010941,-3.452021,-1.401432,0.024024,13.291667,-0.009348,-0.009348,-0.007266,-0.002098,0.428953,,,mt5
run_20260427_080943,GBP/USD,forex,M15,mean_reversion,vwap_deviation,std_threshold=1.5,both,all,NEEDS_MORE_DATA,16,,,,,,,,,,,,,,,,only 16 trades < min 20,mt5
run_20260427_080943,GBP/USD,forex,M15,mean_reversion,vwap_deviation,std_threshold=2.0,both,all,NEEDS_MORE_DATA,10,,,,,,,,,,,,,,,,only 10 trades < min 20,mt5
run_20260427_080943,GBP/USD,forex,M15,engine_b_proxy,ob_bos,require_engulf=False|require_vol_expand=False|swing_period=5,both,all,REJECT,22,0.181818,0.278883,-0.001153,-0.001153,-0.029002,-5.397521,-2.354121,0.022022,34.272727,-0.025122,-0.025122,-0.011470,-0.010754,0.513262,,,mt5
run_20260427_080943,GBP/USD,forex,M15,engine_b_proxy,ob_bos,require_engulf=False|require_vol_expand=True|swing_period=5,both,all,NEEDS_MORE_DATA,17,,,,,,,,,,,,,,1.000000,,only 17 trades < min 20,mt5
run_20260427_080943,GBP/USD,forex,M15,engine_b_proxy,ob_bos,require_engulf=True|require_vol_expand=False|swing_period=5,both,all,NEEDS_MORE_DATA,19,,,,,,,,,,,,,,1.000000,,only 19 trades < min 20,mt5
run_20260427_080943,GBP/USD,forex,M15,engine_b_proxy,ob_bos,require_engulf=True|require_vol_expand=True|swing_period=5,both,all,NEEDS_MORE_DATA,14,,,,,,,,,,,,,,,,only 14 trades < min 20,mt5
run_20260427_080943,GBP/USD,forex,M15,engine_b_proxy,ob_bos,require_engulf=False|require_vol_expand=False|swing_period=10,both,all,NEEDS_MORE_DATA,11,,,,,,,,,,,,,,,,only 11 trades < min 20,mt5
run_20260427_080943,GBP/USD,forex,M15,engine_b_proxy,ob_bos,require_engulf=False|require_vol_expand=True|swing_period=10,both,all,NEEDS_MORE_DATA,9,,,,,,,,,,,,,,,,only 9 trades < min 20,mt5
run_20260427_080943,GBP/USD,forex,M15,engine_b_proxy,ob_bos,require_engulf=True|require_vol_expand=False|swing_period=10,both,all,NEEDS_MORE_DATA,11,,,,,,,,,,,,,,,,only 11 trades < min 20,mt5
run_20260427_080943,GBP/USD,forex,M15,engine_b_proxy,ob_bos,require_engulf=True|require_vol_expand=True|swing_period=10,both,all,NEEDS_MORE_DATA,9,,,,,,,,,,,,,,,,only 9 trades < min 20,mt5
run_20260427_080943,GBP/USD,forex,M15,engine_b_proxy,structure_filters,fvg_detection=False|strong_close_pct=0.7,both,all,REJECT,341,0.043988,0.025691,-0.001058,-0.001058,-0.303108,-48.401830,-33.997566,0.341341,2.832845,-0.303108,-0.303108,-0.220499,-0.103528,0.540855,,,mt5
run_20260427_080943,GBP/USD,forex,M15,engine_b_proxy,structure_filters,fvg_detection=True|strong_close_pct=0.7,both,all,REJECT,39,0.102564,0.211394,-0.000994,-0.000994,-0.039750,-9.271633,-4.403168,0.039039,10.897436,-0.038065,-0.038065,-0.026290,-0.012093,0.488666,,,mt5
run_20260427_080943,GBP/USD,forex,M15,engine_b_proxy,structure_filters,fvg_detection=False|strong_close_pct=0.8,both,all,REJECT,222,0.067568,0.051647,-0.001015,-0.001015,-0.201853,-33.977745,-21.458345,0.222222,4.085586,-0.201853,-0.201853,-0.149270,-0.061808,0.524221,,,mt5
run_20260427_080943,GBP/USD,forex,M15,engine_b_proxy,structure_filters,fvg_detection=True|strong_close_pct=0.8,both,all,REJECT,26,0.153846,0.248424,-0.001002,-0.001002,-0.030218,-7.119917,-3.300718,0.026026,11.807692,-0.025764,-0.025764,-0.017699,-0.008211,0.411840,,,mt5
run_20260427_080943,EUR/USD,forex,M15,trend_momentum,ema_cross,adx_min=0|fast_period=10|rsi_confirm=False|slow_period=50,both,all,REJECT,20,0.350000,0.625781,-0.000380,-0.000380,-0.016220,-1.783547,-0.705222,0.020020,48.450000,-0.007623,-0.007623,-0.001628,-0.006906,0.361666,,,mt5
run_20260427_080943,EUR/USD,forex,M15,trend_momentum,ema_cross,adx_min=0|fast_period=10|rsi_confirm=True|slow_period=50,both,all,NEEDS_MORE_DATA,19,,,,,,,,,,,,,,1.000000,,only 19 trades < min 20,mt5
run_20260427_080943,EUR/USD,forex,M15,trend_momentum,ema_cross,adx_min=20|fast_period=10|rsi_confirm=False|slow_period=50,both,all,REJECT,20,0.350000,0.625781,-0.000380,-0.000380,-0.016220,-1.783547,-0.705222,0.020020,48.450000,-0.007623,-0.007623,-0.001628,-0.006906,0.361666,,,mt5
run_20260427_080943,EUR/USD,forex,M15,trend_momentum,ema_cross,adx_min=20|fast_period=10|rsi_confirm=True|slow_period=50,both,all,NEEDS_MORE_DATA,19,,,,,,,,,,,,,,1.000000,,only 19 trades < min 20,mt5
run_20260427_080943,EUR/USD,forex,M15,trend_momentum,ema_cross,adx_min=25|fast_period=10|rsi_confirm=False|slow_period=50,both,all,NEEDS_MORE_DATA,14,,,,,,,,,,,,,,1.000000,,only 14 trades < min 20,mt5
run_20260427_080943,EUR/USD,forex,M15,trend_momentum,ema_cross,adx_min=25|fast_period=10|rsi_confirm=True|slow_period=50,both,all,NEEDS_MORE_DATA,13,,,,,,,,,,,,,,1.000000,,only 13 trades < min 20,mt5
run_20260427_080943,EUR/USD,forex,M15,trend_momentum,ema_cross,adx_min=0|fast_period=10|rsi_confirm=False|slow_period=100,both,all,NEEDS_MORE_DATA,12,,,,,,,,,,,,,,1.000000,,only 12 trades < min 20,mt5
run_20260427_080943,EUR/USD,forex,M15,trend_momentum,ema_cross,adx_min=0|fast_period=10|rsi_confirm=True|slow_period=100,both,all,NEEDS_MORE_DATA,11,,,,,,,,,,,,,,1.000000,,only 11 trades < min 20,mt5
run_20260427_080943,EUR/USD,forex,M15,trend_momentum,ema_cross,adx_min=20|fast_period=10|rsi_confirm=False|slow_period=100,both,all,NEEDS_MORE_DATA,12,,,,,,,,,,,,,,1.000000,,only 12 trades < min 20,mt5
run_20260427_080943,EUR/USD,forex,M15,trend_momentum,ema_cross,adx_min=20|fast_period=10|rsi_confirm=True|slow_period=100,both,all,NEEDS_MORE_DATA,11,,,,,,,,,,,,,,1.000000,,only 11 trades < min 20,mt5
run_20260427_080943,EUR/USD,forex,M15,trend_momentum,ema_cross,adx_min=25|fast_period=10|rsi_confirm=False|slow_period=100,both,all,NEEDS_MORE_DATA,11,,,,,,,,,,,,,,1.000000,,only 11 trades < min 20,mt5
run_20260427_080943,EUR/USD,forex,M15,trend_momentum,ema_cross,adx_min=25|fast_period=10|rsi_confirm=True|slow_period=100,both,all,NEEDS_MORE_DATA,10,,,,,,,,,,,,,,1.000000,,only 10 trades < min 20,mt5
run_20260427_080943,EUR/USD,forex,M15,trend_momentum,ema_cross,adx_min=0|fast_period=10|rsi_confirm=False|slow_period=200,both,all,NEEDS_MORE_DATA,10,,,,,,,,,,,,,,1.000000,,only 10 trades < min 20,mt5
run_20260427_080943,EUR/USD,forex,M15,trend_momentum,ema_cross,adx_min=0|fast_period=10|rsi_confirm=True|slow_period=200,both,all,NEEDS_MORE_DATA,9,,,,,,,,,,,,,,,,only 9 trades < min 20,mt5
run_20260427_080943,EUR/USD,forex,M15,trend_momentum,ema_cross,adx_min=20|fast_period=10|rsi_confirm=False|slow_period=200,both,all,NEEDS_MORE_DATA,10,,,,,,,,,,,,,,1.000000,,only 10 trades < min 20,mt5
run_20260427_080943,EUR/USD,forex,M15,trend_momentum,ema_cross,adx_min=20|fast_period=10|rsi_confirm=True|slow_period=200,both,all,NEEDS_MORE_DATA,9,,,,,,,,,,,,,,,,only 9 trades < min 20,mt5
run_20260427_080943,EUR/USD,forex,M15,trend_momentum,ema_cross,adx_min=25|fast_period=10|rsi_confirm=False|slow_period=200,both,all,NEEDS_MORE_DATA,7,,,,,,,,,,,,,,1.000000,,only 7 trades < min 20,mt5
run_20260427_080943,EUR/USD,forex,M15,trend_momentum,ema_cross,adx_min=25|fast_period=10|rsi_confirm=True|slow_period=200,both,all,NEEDS_MORE_DATA,6,,,,,,,,,,,,,,,,only 6 trades < min 20,mt5
run_20260427_080943,EUR/USD,forex,M15,trend_momentum,ema_cross,adx_min=0|fast_period=20|rsi_confirm=False|slow_period=50,both,all,NEEDS_MORE_DATA,12,,,,,,,,,,,,,,1.000000,,only 12 trades < min 20,mt5
run_20260427_080943,EUR/USD,forex,M15,trend_momentum,ema_cross,adx_min=0|fast_period=20|rsi_confirm=True|slow_period=50,both,all,NEEDS_MORE_DATA,11,,,,,,,,,,,,,,1.000000,,only 11 trades < min 20,mt5
run_20260427_080943,EUR/USD,forex,M15,trend_momentum,ema_cross,adx_min=20|fast_period=20|rsi_confirm=False|slow_period=50,both,all,NEEDS_MORE_DATA,11,,,,,,,,,,,,,,1.000000,,only 11 trades < min 20,mt5
run_20260427_080943,EUR/USD,forex,M15,trend_momentum,ema_cross,adx_min=20|fast_period=20|rsi_confirm=True|slow_period=50,both,all,NEEDS_MORE_DATA,10,,,,,,,,,,,,,,1.000000,,only 10 trades < min 20,mt5
run_20260427_080943,EUR/USD,forex,M15,trend_momentum,ema_cross,adx_min=25|fast_period=20|rsi_confirm=False|slow_period=50,both,all,NEEDS_MORE_DATA,10,,,,,,,,,,,,,,1.000000,,only 10 trades < min 20,mt5
run_20260427_080943,EUR/USD,forex,M15,trend_momentum,ema_cross,adx_min=25|fast_period=20|rsi_confirm=True|slow_period=50,both,all,NEEDS_MORE_DATA,9,,,,,,,,,,,,,,1.000000,,only 9 trades < min 20,mt5
run_20260427_080943,EUR/USD,forex,M15,trend_momentum,ema_cross,adx_min=0|fast_period=20|rsi_confirm=False|slow_period=100,both,all,NEEDS_MORE_DATA,8,,,,,,,,,,,,,,1.000000,,only 8 trades < min 20,mt5
run_20260427_080943,EUR/USD,forex,M15,trend_momentum,ema_cross,adx_min=0|fast_period=20|rsi_confirm=True|slow_period=100,both,all,NEEDS_MORE_DATA,7,,,,,,,,,,,,,,,,only 7 trades < min 20,mt5
run_20260427_080943,EUR/USD,forex,M15,trend_momentum,ema_cross,adx_min=20|fast_period=20|rsi_confirm=False|slow_period=100,both,all,NEEDS_MORE_DATA,8,,,,,,,,,,,,,,1.000000,,only 8 trades < min 20,mt5
run_20260427_080943,EUR/USD,forex,M15,trend_momentum,ema_cross,adx_min=20|fast_period=20|rsi_confirm=True|slow_period=100,both,all,NEEDS_MORE_DATA,7,,,,,,,,,,,,,,,,only 7 trades < min 20,mt5
run_20260427_080943,EUR/USD,forex,M15,trend_momentum,ema_cross,adx_min=25|fast_period=20|rsi_confirm=False|slow_period=100,both,all,NEEDS_MORE_DATA,7,,,,,,,,,,,,,,1.000000,,only 7 trades < min 20,mt5
run_20260427_080943,EUR/USD,forex,M15,trend_momentum,ema_cross,adx_min=25|fast_period=20|rsi_confirm=True|slow_period=100,both,all,NEEDS_MORE_DATA,6,,,,,,,,,,,,,,,,only 6 trades < min 20,mt5
run_20260427_080943,EUR/USD,forex,M15,trend_momentum,ema_cross,adx_min=0|fast_period=20|rsi_confirm=False|slow_period=200,both,all,NEEDS_MORE_DATA,6,,,,,,,,,,,,,,,,only 6 trades < min 20,mt5
run_20260427_080943,EUR/USD,forex,M15,trend_momentum,ema_cross,adx_min=0|fast_period=20|rsi_confirm=True|slow_period=200,both,all,NEEDS_MORE_DATA,5,,,,,,,,,,,,,,,,only 5 trades < min 20,mt5
run_20260427_080943,EUR/USD,forex,M15,trend_momentum,ema_cross,adx_min=20|fast_period=20|rsi_confirm=False|slow_period=200,both,all,NEEDS_MORE_DATA,6,,,,,,,,,,,,,,,,only 6 trades < min 20,mt5
run_20260427_080943,EUR/USD,forex,M15,trend_momentum,ema_cross,adx_min=20|fast_period=20|rsi_confirm=True|slow_period=200,both,all,NEEDS_MORE_DATA,5,,,,,,,,,,,,,,,,only 5 trades < min 20,mt5
run_20260427_080943,EUR/USD,forex,M15,trend_momentum,ema_cross,adx_min=25|fast_period=20|rsi_confirm=False|slow_period=200,both,all,NEEDS_MORE_DATA,5,,,,,,,,,,,,,,,,only 5 trades < min 20,mt5
run_20260427_080943,EUR/USD,forex,M15,trend_momentum,ema_cross,adx_min=25|fast_period=20|rsi_confirm=True|slow_period=200,both,all,NEEDS_MORE_DATA,4,,,,,,,,,,,,,,,,only 4 trades < min 20,mt5
run_20260427_080943,EUR/USD,forex,M15,trend_momentum,ema_alignment,adx_min=0|ema_long=200|ema_mid=50|ema_short=20,both,all,REJECT,23,0.086957,0.391312,-0.000624,-0.000624,-0.018265,-3.796484,-1.557748,0.023023,23.000000,-0.014297,-0.014297,-0.012340,0.000216,0.238000,,,mt5
run_20260427_080943,EUR/USD,forex,M15,trend_momentum,ema_alignment,adx_min=20|ema_long=200|ema_mid=50|ema_short=20,both,all,REJECT,21,0.095238,0.462073,-0.000512,-0.000512,-0.014710,-2.949393,-1.189652,0.021021,24.523810,-0.010727,-0.010727,-0.010941,0.000216,0.226000,,,mt5
run_20260427_080943,EUR/USD,forex,M15,trend_momentum,ema_alignment,adx_min=25|ema_long=200|ema_mid=50|ema_short=20,both,all,NEEDS_MORE_DATA,18,,,,,,,,,,,,,,1.000000,,only 18 trades < min 20,mt5
run_20260427_080943,EUR/USD,forex,M15,trend_momentum,macd_direction,adx_min=0|fast=12|signal_period=9|slow=26,both,all,REJECT,66,0.166667,0.186001,-0.001039,-0.001039,-0.066714,-12.491994,-5.993721,0.066066,15.106061,-0.066358,-0.066358,-0.046927,-0.017828,0.547307,,,mt5
run_20260427_080943,EUR/USD,forex,M15,trend_momentum,macd_direction,adx_min=20|fast=12|signal_period=9|slow=26,both,all,REJECT,64,0.171875,0.197330,-0.001008,-0.001008,-0.062949,-11.973796,-5.672730,0.064064,15.171875,-0.062591,-0.062591,-0.046927,-0.016435,0.538403,,,mt5
run_20260427_080943,EUR/USD,forex,M15,pullback,pullback_ema,pullback_period=20|rsi_reclaim=False|rsi_threshold=50|trend_period=200,both,all,REJECT,73,0.068493,0.124044,-0.000869,-0.000869,-0.061726,-15.154044,-7.947195,0.073073,7.150685,-0.061492,-0.061492,-0.045420,-0.015898,0.505011,,,mt5
run_20260427_080943,EUR/USD,forex,M15,pullback,pullback_ema,pullback_period=20|rsi_reclaim=True|rsi_threshold=50|trend_period=200,both,all,REJECT,64,0.078125,0.148003,-0.000826,-0.000826,-0.051755,-13.271909,-6.655893,0.064064,7.906250,-0.051518,-0.051518,-0.037546,-0.013576,0.508475,,,mt5
run_20260427_080943,EUR/USD,forex,M15,pullback,pullback_ema,pullback_period=50|rsi_reclaim=False|rsi_threshold=50|trend_period=200,both,all,REJECT,35,0.085714,0.321605,-0.000649,-0.000649,-0.022728,-5.708443,-2.400800,0.035035,15.257143,-0.022513,-0.022513,-0.018998,-0.001874,0.339596,,,mt5
run_20260427_080943,EUR/USD,forex,M15,pullback,pullback_ema,pullback_period=50|rsi_reclaim=True|rsi_threshold=50|trend_period=200,both,all,NEEDS_MORE_DATA,19,,,,,,,,,,,,,,1.000000,,only 19 trades < min 20,mt5
run_20260427_080943,EUR/USD,forex,M15,breakout,prev_day_hl,atr_expand_min=0.0,both,all,NEEDS_MORE_DATA,4,,,,,,,,,,,,,,1.000000,,only 4 trades < min 20,mt5
run_20260427_080943,EUR/USD,forex,M15,breakout,prev_day_hl,atr_expand_min=0.5,both,all,NEEDS_MORE_DATA,4,,,,,,,,,,,,,,1.000000,,only 4 trades < min 20,mt5
run_20260427_080943,EUR/USD,forex,M15,breakout,prev_day_hl,atr_expand_min=1.0,both,all,NEEDS_MORE_DATA,4,,,,,,,,,,,,,,1.000000,,only 4 trades < min 20,mt5
run_20260427_080943,EUR/USD,forex,M15,breakout,session_opening_range,atr_expand_min=0.0|range_bars=6,both,all,REJECT,72,0.111111,0.121946,-0.001268,-0.001268,-0.087386,-15.175287,-8.015854,0.072072,13.708333,-0.087386,-0.087386,-0.066986,-0.019141,0.519059,,,mt5
run_20260427_080943,EUR/USD,forex,M15,breakout,session_opening_range,atr_expand_min=0.5|range_bars=6,both,all,REJECT,72,0.097222,0.118939,-0.001282,-0.001282,-0.088258,-15.301679,-8.139184,0.072072,13.583333,-0.088258,-0.088258,-0.067506,-0.019532,0.520134,,,mt5
run_20260427_080943,EUR/USD,forex,M15,breakout,session_opening_range,atr_expand_min=0.0|range_bars=12,both,all,REJECT,39,0.205128,0.177137,-0.001208,-0.001208,-0.046071,-10.061147,-4.994638,0.039039,24.820513,-0.046071,-0.046071,-0.031112,-0.016214,0.507005,,,mt5
run_20260427_080943,EUR/USD,forex,M15,breakout,session_opening_range,atr_expand_min=0.5|range_bars=12,both,all,REJECT,39,0.205128,0.177137,-0.001208,-0.001208,-0.046071,-10.061147,-4.994638,0.039039,24.820513,-0.046071,-0.046071,-0.031112,-0.016214,0.507005,,,mt5
run_20260427_080943,EUR/USD,forex,M15,breakout,london_breakout,atr_expand_min=0.0|utc_end=11|utc_start=7,both,all,NEEDS_MORE_DATA,16,,,,,,,,,,,,,,1.000000,,only 16 trades < min 20,mt5
run_20260427_080943,EUR/USD,forex,M15,breakout,london_breakout,atr_expand_min=0.5|utc_end=11|utc_start=7,both,all,NEEDS_MORE_DATA,16,,,,,,,,,,,,,,1.000000,,only 16 trades < min 20,mt5
run_20260427_080943,EUR/USD,forex,M15,breakout,ny_breakout,atr_expand_min=0.0|utc_end=16|utc_start=13,both,all,NEEDS_MORE_DATA,11,,,,,,,,,,,,,,,,only 11 trades < min 20,mt5
run_20260427_080943,EUR/USD,forex,M15,breakout,ny_breakout,atr_expand_min=0.5|utc_end=16|utc_start=13,both,all,NEEDS_MORE_DATA,11,,,,,,,,,,,,,,,,only 11 trades < min 20,mt5
run_20260427_080943,EUR/USD,forex,M15,mean_reversion,rsi_extreme,overbought=70|oversold=30|period=14,both,all,NEEDS_MORE_DATA,14,,,,,,,,,,,,,,,,only 14 trades < min 20,mt5
run_20260427_080943,EUR/USD,forex,M15,mean_reversion,rsi_extreme,overbought=75|oversold=30|period=14,both,all,NEEDS_MORE_DATA,11,,,,,,,,,,,,,,,,only 11 trades < min 20,mt5
run_20260427_080943,EUR/USD,forex,M15,mean_reversion,rsi_extreme,overbought=70|oversold=25|period=14,both,all,NEEDS_MORE_DATA,10,,,,,,,,,,,,,,,,only 10 trades < min 20,mt5
run_20260427_080943,EUR/USD,forex,M15,mean_reversion,rsi_extreme,overbought=75|oversold=25|period=14,both,all,NEEDS_MORE_DATA,7,,,,,,,,,,,,,,,,only 7 trades < min 20,mt5
run_20260427_080943,EUR/USD,forex,M15,mean_reversion,bollinger_touch,num_std=2.0|period=20,both,all,REJECT,36,0.250000,0.095727,-0.000717,-0.000717,-0.025974,-7.555171,-3.370843,0.036036,13.694444,-0.025511,-0.025511,-0.019411,-0.006220,0.412132,,,mt5
run_20260427_080943,EUR/USD,forex,M15,mean_reversion,bollinger_touch,num_std=2.5|period=20,both,all,REJECT,21,0.380952,0.116122,-0.000587,-0.000587,-0.012640,-5.556608,-2.457469,0.021021,15.380952,-0.012265,-0.012265,-0.006937,-0.005366,0.518883,,,mt5
run_20260427_080943,EUR/USD,forex,M15,mean_reversion,vwap_deviation,std_threshold=1.5,both,all,NEEDS_MORE_DATA,7,,,,,,,,,,,,,,,,only 7 trades < min 20,mt5
run_20260427_080943,EUR/USD,forex,M15,mean_reversion,vwap_deviation,std_threshold=2.0,both,all,NEEDS_MORE_DATA,7,,,,,,,,,,,,,,,,only 7 trades < min 20,mt5
run_20260427_080943,EUR/USD,forex,M15,engine_b_proxy,ob_bos,require_engulf=False|require_vol_expand=False|swing_period=5,both,all,REJECT,24,0.083333,0.154908,-0.001276,-0.001276,-0.030210,-7.547338,-3.667222,0.024024,35.541667,-0.030210,-0.030210,-0.010014,-0.019019,0.274271,,,mt5
run_20260427_080943,EUR/USD,forex,M15,engine_b_proxy,ob_bos,require_engulf=False|require_vol_expand=True|swing_period=5,both,all,NEEDS_MORE_DATA,18,,,,,,,,,,,,,,1.000000,,only 18 trades < min 20,mt5
run_20260427_080943,EUR/USD,forex,M15,engine_b_proxy,ob_bos,require_engulf=True|require_vol_expand=False|swing_period=5,both,all,REJECT,22,0.090909,0.199834,-0.001147,-0.001147,-0.024963,-6.322115,-2.893114,0.022022,36.863636,-0.024963,-0.024963,-0.009708,-0.014016,0.402760,,,mt5
run_20260427_080943,EUR/USD,forex,M15,engine_b_proxy,ob_bos,require_engulf=True|require_vol_expand=True|swing_period=5,both,all,NEEDS_MORE_DATA,18,,,,,,,,,,,,,,,,only 18 trades < min 20,mt5
run_20260427_080943,EUR/USD,forex,M15,engine_b_proxy,ob_bos,require_engulf=False|require_vol_expand=False|swing_period=10,both,all,NEEDS_MORE_DATA,12,,,,,,,,,,,,,,,,only 12 trades < min 20,mt5
run_20260427_080943,EUR/USD,forex,M15,engine_b_proxy,ob_bos,require_engulf=False|require_vol_expand=True|swing_period=10,both,all,NEEDS_MORE_DATA,10,,,,,,,,,,,,,,,,only 10 trades < min 20,mt5
run_20260427_080943,EUR/USD,forex,M15,engine_b_proxy,ob_bos,require_engulf=True|require_vol_expand=False|swing_period=10,both,all,NEEDS_MORE_DATA,12,,,,,,,,,,,,,,,,only 12 trades < min 20,mt5
run_20260427_080943,EUR/USD,forex,M15,engine_b_proxy,ob_bos,require_engulf=True|require_vol_expand=True|swing_period=10,both,all,NEEDS_MORE_DATA,10,,,,,,,,,,,,,,,,only 10 trades < min 20,mt5
run_20260427_080943,EUR/USD,forex,M15,engine_b_proxy,structure_filters,fvg_detection=False|strong_close_pct=0.7,both,all,REJECT,311,0.045016,0.028131,-0.001032,-0.001032,-0.274647,-45.147727,-31.623090,0.311311,3.099678,-0.274647,-0.274647,-0.203688,-0.086768,0.527795,,,mt5
run_20260427_080943,EUR/USD,forex,M15,engine_b_proxy,structure_filters,fvg_detection=True|strong_close_pct=0.7,both,all,REJECT,33,0.090909,0.242393,-0.000992,-0.000992,-0.032256,-7.731283,-3.528636,0.033033,10.060606,-0.032256,-0.032256,-0.017287,-0.015232,0.578999,,,mt5
run_20260427_080943,EUR/USD,forex,M15,engine_b_proxy,structure_filters,fvg_detection=False|strong_close_pct=0.8,both,all,REJECT,235,0.046809,0.026113,-0.001069,-0.001069,-0.222355,-37.659687,-27.062148,0.235235,3.936170,-0.222355,-0.222355,-0.162745,-0.068948,0.527097,,,mt5
run_20260427_080943,EUR/USD,forex,M15,engine_b_proxy,structure_filters,fvg_detection=True|strong_close_pct=0.8,both,all,REJECT,23,0.130435,0.308474,-0.000899,-0.000899,-0.022667,-5.628710,-2.466879,0.023023,11.173913,-0.020504,-0.020504,-0.008860,-0.011748,0.468025,,,mt5
run_20260427_080943,USD/JPY,forex,H1,trend_momentum,ema_cross,adx_min=0|fast_period=10|rsi_confirm=False|slow_period=50,both,all,REJECT,30,0.200000,0.152219,-0.002183,-0.002183,-0.065010,-8.921862,-4.786506,0.030030,32.733333,-0.063558,-0.063558,-0.047885,-0.014285,0.369498,,,mt5
run_20260427_080943,USD/JPY,forex,H1,trend_momentum,ema_cross,adx_min=0|fast_period=10|rsi_confirm=True|slow_period=50,both,all,REJECT,30,0.200000,0.152219,-0.002183,-0.002183,-0.065010,-8.921862,-4.786506,0.030030,32.733333,-0.063558,-0.063558,-0.047885,-0.014285,0.369498,,,mt5
run_20260427_080943,USD/JPY,forex,H1,trend_momentum,ema_cross,adx_min=20|fast_period=10|rsi_confirm=False|slow_period=50,both,all,REJECT,30,0.200000,0.152219,-0.002183,-0.002183,-0.065010,-8.921862,-4.786506,0.030030,32.733333,-0.063558,-0.063558,-0.047885,-0.014285,0.369498,,,mt5
run_20260427_080943,USD/JPY,forex,H1,trend_momentum,ema_cross,adx_min=20|fast_period=10|rsi_confirm=True|slow_period=50,both,all,REJECT,30,0.200000,0.152219,-0.002183,-0.002183,-0.065010,-8.921862,-4.786506,0.030030,32.733333,-0.063558,-0.063558,-0.047885,-0.014285,0.369498,,,mt5
run_20260427_080943,USD/JPY,forex,H1,trend_momentum,ema_cross,adx_min=25|fast_period=10|rsi_confirm=False|slow_period=50,both,all,REJECT,21,0.142857,0.113942,-0.002436,-0.002436,-0.049983,-8.042507,-4.618281,0.021021,31.523810,-0.049983,-0.049983,-0.036383,-0.014113,0.342374,,,mt5
run_20260427_080943,USD/JPY,forex,H1,trend_momentum,ema_cross,adx_min=25|fast_period=10|rsi_confirm=True|slow_period=50,both,all,REJECT,21,0.142857,0.113942,-0.002436,-0.002436,-0.049983,-8.042507,-4.618281,0.021021,31.523810,-0.049983,-0.049983,-0.036383,-0.014113,0.342374,,,mt5
run_20260427_080943,USD/JPY,forex,H1,trend_momentum,ema_cross,adx_min=0|fast_period=10|rsi_confirm=False|slow_period=100,both,all,REJECT,26,0.076923,0.066392,-0.002971,-0.002971,-0.074528,-9.245038,-5.479928,0.026026,38.192308,-0.074528,-0.074528,-0.057224,-0.015816,0.338918,,,mt5
run_20260427_080943,USD/JPY,forex,H1,trend_momentum,ema_cross,adx_min=0|fast_period=10|rsi_confirm=True|slow_period=100,both,all,REJECT,23,0.043478,0.062083,-0.003219,-0.003219,-0.071553,-8.968831,-5.529235,0.023023,40.086957,-0.071553,-0.071553,-0.054193,-0.015816,0.325555,,,mt5
run_20260427_080943,USD/JPY,forex,H1,trend_momentum,ema_cross,adx_min=20|fast_period=10|rsi_confirm=False|slow_period=100,both,all,REJECT,26,0.076923,0.066392,-0.002971,-0.002971,-0.074528,-9.245038,-5.479928,0.026026,38.192308,-0.074528,-0.074528,-0.057224,-0.015816,0.338918,,,mt5
run_20260427_080943,USD/JPY,forex,H1,trend_momentum,ema_cross,adx_min=20|fast_period=10|rsi_confirm=True|slow_period=100,both,all,REJECT,23,0.043478,0.062083,-0.003219,-0.003219,-0.071553,-8.968831,-5.529235,0.023023,40.086957,-0.071553,-0.071553,-0.054193,-0.015816,0.325555,,,mt5
run_20260427_080943,USD/JPY,forex,H1,trend_momentum,ema_cross,adx_min=25|fast_period=10|rsi_confirm=False|slow_period=100,both,all,REJECT,21,0.095238,0.075089,-0.003222,-0.003222,-0.065605,-8.322647,-4.957007,0.021021,34.952381,-0.065605,-0.065605,-0.051223,-0.015159,0.314786,,,mt5
run_20260427_080943,USD/JPY,forex,H1,trend_momentum,ema_cross,adx_min=25|fast_period=10|rsi_confirm=True|slow_period=100,both,all,NEEDS_MORE_DATA,18,,,,,,,,,,,,,,1.000000,,only 18 trades < min 20,mt5
run_20260427_080943,USD/JPY,forex,H1,trend_momentum,ema_cross,adx_min=0|fast_period=10|rsi_confirm=False|slow_period=200,both,all,NEEDS_MORE_DATA,15,,,,,,,,,,,,,,1.000000,,only 15 trades < min 20,mt5
run_20260427_080943,USD/JPY,forex,H1,trend_momentum,ema_cross,adx_min=0|fast_period=10|rsi_confirm=True|slow_period=200,both,all,NEEDS_MORE_DATA,15,,,,,,,,,,,,,,,,only 15 trades < min 20,mt5
run_20260427_080943,USD/JPY,forex,H1,trend_momentum,ema_cross,adx_min=20|fast_period=10|rsi_confirm=False|slow_period=200,both,all,NEEDS_MORE_DATA,15,,,,,,,,,,,,,,1.000000,,only 15 trades < min 20,mt5
run_20260427_080943,USD/JPY,forex,H1,trend_momentum,ema_cross,adx_min=20|fast_period=10|rsi_confirm=True|slow_period=200,both,all,NEEDS_MORE_DATA,15,,,,,,,,,,,,,,,,only 15 trades < min 20,mt5
run_20260427_080943,USD/JPY,forex,H1,trend_momentum,ema_cross,adx_min=25|fast_period=10|rsi_confirm=False|slow_period=200,both,all,NEEDS_MORE_DATA,12,,,,,,,,,,,,,,1.000000,,only 12 trades < min 20,mt5
run_20260427_080943,USD/JPY,forex,H1,trend_momentum,ema_cross,adx_min=25|fast_period=10|rsi_confirm=True|slow_period=200,both,all,NEEDS_MORE_DATA,12,,,,,,,,,,,,,,,,only 12 trades < min 20,mt5
run_20260427_080943,USD/JPY,forex,H1,trend_momentum,ema_cross,adx_min=0|fast_period=20|rsi_confirm=False|slow_period=50,both,all,REJECT,26,0.153846,0.119579,-0.002943,-0.002943,-0.075156,-8.519727,-4.669558,0.026026,38.115385,-0.073896,-0.073896,-0.052365,-0.019275,0.366426,,,mt5
run_20260427_080943,USD/JPY,forex,H1,trend_momentum,ema_cross,adx_min=0|fast_period=20|rsi_confirm=True|slow_period=50,both,all,REJECT,25,0.120000,0.080808,-0.003188,-0.003188,-0.076835,-9.006982,-5.303575,0.025025,37.080000,-0.076835,-0.076835,-0.055372,-0.019275,0.354430,,,mt5
run_20260427_080943,USD/JPY,forex,H1,trend_momentum,ema_cross,adx_min=20|fast_period=20|rsi_confirm=False|slow_period=50,both,all,REJECT,26,0.153846,0.119579,-0.002943,-0.002943,-0.075156,-8.519727,-4.669558,0.026026,38.115385,-0.073896,-0.073896,-0.052365,-0.019275,0.366426,,,mt5
run_20260427_080943,USD/JPY,forex,H1,trend_momentum,ema_cross,adx_min=20|fast_period=20|rsi_confirm=True|slow_period=50,both,all,REJECT,25,0.120000,0.080808,-0.003188,-0.003188,-0.076835,-9.006982,-5.303575,0.025025,37.080000,-0.076835,-0.076835,-0.055372,-0.019275,0.354430,,,mt5
run_20260427_080943,USD/JPY,forex,H1,trend_momentum,ema_cross,adx_min=25|fast_period=20|rsi_confirm=False|slow_period=50,both,all,REJECT,23,0.086957,0.086657,-0.003392,-0.003392,-0.076535,-8.774689,-5.265123,0.023023,33.086957,-0.075277,-0.075277,-0.053030,-0.020051,0.351430,,,mt5
run_20260427_080943,USD/JPY,forex,H1,trend_momentum,ema_cross,adx_min=25|fast_period=20|rsi_confirm=True|slow_period=50,both,all,REJECT,22,0.045455,0.047129,-0.003691,-0.003691,-0.078211,-9.272361,-6.214772,0.022022,31.681818,-0.078211,-0.078211,-0.056034,-0.020051,0.339348,,,mt5
run_20260427_080943,USD/JPY,forex,H1,trend_momentum,ema_cross,adx_min=0|fast_period=20|rsi_confirm=False|slow_period=100,both,all,NEEDS_MORE_DATA,16,,,,,,,,,,,,,,1.000000,,only 16 trades < min 20,mt5
run_20260427_080943,USD/JPY,forex,H1,trend_momentum,ema_cross,adx_min=0|fast_period=20|rsi_confirm=True|slow_period=100,both,all,NEEDS_MORE_DATA,16,,,,,,,,,,,,,,,,only 16 trades < min 20,mt5
run_20260427_080943,USD/JPY,forex,H1,trend_momentum,ema_cross,adx_min=20|fast_period=20|rsi_confirm=False|slow_period=100,both,all,NEEDS_MORE_DATA,15,,,,,,,,,,,,,,1.000000,,only 15 trades < min 20,mt5
run_20260427_080943,USD/JPY,forex,H1,trend_momentum,ema_cross,adx_min=20|fast_period=20|rsi_confirm=True|slow_period=100,both,all,NEEDS_MORE_DATA,15,,,,,,,,,,,,,,,,only 15 trades < min 20,mt5
run_20260427_080943,USD/JPY,forex,H1,trend_momentum,ema_cross,adx_min=25|fast_period=20|rsi_confirm=False|slow_period=100,both,all,NEEDS_MORE_DATA,15,,,,,,,,,,,,,,1.000000,,only 15 trades < min 20,mt5
run_20260427_080943,USD/JPY,forex,H1,trend_momentum,ema_cross,adx_min=25|fast_period=20|rsi_confirm=True|slow_period=100,both,all,NEEDS_MORE_DATA,15,,,,,,,,,,,,,,,,only 15 trades < min 20,mt5
run_20260427_080943,USD/JPY,forex,H1,trend_momentum,ema_cross,adx_min=0|fast_period=20|rsi_confirm=False|slow_period=200,both,all,NEEDS_MORE_DATA,15,,,,,,,,,,,,,,,,only 15 trades < min 20,mt5
run_20260427_080943,USD/JPY,forex,H1,trend_momentum,ema_cross,adx_min=0|fast_period=20|rsi_confirm=True|slow_period=200,both,all,NEEDS_MORE_DATA,15,,,,,,,,,,,,,,,,only 15 trades < min 20,mt5
run_20260427_080943,USD/JPY,forex,H1,trend_momentum,ema_cross,adx_min=20|fast_period=20|rsi_confirm=False|slow_period=200,both,all,NEEDS_MORE_DATA,15,,,,,,,,,,,,,,,,only 15 trades < min 20,mt5
run_20260427_080943,USD/JPY,forex,H1,trend_momentum,ema_cross,adx_min=20|fast_period=20|rsi_confirm=True|slow_period=200,both,all,NEEDS_MORE_DATA,15,,,,,,,,,,,,,,,,only 15 trades < min 20,mt5
run_20260427_080943,USD/JPY,forex,H1,trend_momentum,ema_cross,adx_min=25|fast_period=20|rsi_confirm=False|slow_period=200,both,all,NEEDS_MORE_DATA,11,,,,,,,,,,,,,,,,only 11 trades < min 20,mt5
run_20260427_080943,USD/JPY,forex,H1,trend_momentum,ema_cross,adx_min=25|fast_period=20|rsi_confirm=True|slow_period=200,both,all,NEEDS_MORE_DATA,11,,,,,,,,,,,,,,,,only 11 trades < min 20,mt5
run_20260427_080943,USD/JPY,forex,H1,trend_momentum,ema_alignment,adx_min=0|ema_long=200|ema_mid=50|ema_short=20,both,all,REJECT,31,0.096774,0.192594,-0.001528,-0.001528,-0.049000,-8.118879,-4.065722,0.031031,14.483871,-0.046353,-0.046353,-0.024047,-0.019398,0.528006,,,mt5
run_20260427_080943,USD/JPY,forex,H1,trend_momentum,ema_alignment,adx_min=20|ema_long=200|ema_mid=50|ema_short=20,both,all,REJECT,31,0.096774,0.192594,-0.001528,-0.001528,-0.049000,-8.118879,-4.065722,0.031031,14.483871,-0.046353,-0.046353,-0.024047,-0.019398,0.528006,,,mt5
run_20260427_080943,USD/JPY,forex,H1,trend_momentum,ema_alignment,adx_min=25|ema_long=200|ema_mid=50|ema_short=20,both,all,REJECT,25,0.120000,0.159326,-0.001676,-0.001676,-0.044257,-7.820862,-4.086586,0.025025,14.800000,-0.041128,-0.041128,-0.019679,-0.018418,0.530779,,,mt5
run_20260427_080943,USD/JPY,forex,H1,trend_momentum,macd_direction,adx_min=0|fast=12|signal_period=9|slow=26,both,all,REJECT,76,0.263158,0.527454,-0.000766,-0.000766,-0.062404,-5.687809,-2.391884,0.076076,13.039474,-0.056854,-0.056854,-0.029032,-0.030458,0.718593,,,mt5
run_20260427_080943,USD/JPY,forex,H1,trend_momentum,macd_direction,adx_min=20|fast=12|signal_period=9|slow=26,both,all,REJECT,72,0.250000,0.482106,-0.000849,-0.000849,-0.065112,-6.304982,-2.679779,0.072072,13.125000,-0.059578,-0.059578,-0.034198,-0.028281,0.681425,,,mt5
run_20260427_080943,USD/JPY,forex,H1,pullback,pullback_ema,pullback_period=20|rsi_reclaim=False|rsi_threshold=50|trend_period=200,both,all,REJECT,70,0.185714,0.129720,-0.001133,-0.001133,-0.076340,-13.996396,-7.540291,0.070070,6.757143,-0.076340,-0.076340,-0.051264,-0.025472,0.549064,,,mt5
run_20260427_080943,USD/JPY,forex,H1,pullback,pullback_ema,pullback_period=20|rsi_reclaim=True|rsi_threshold=50|trend_period=200,both,all,REJECT,62,0.209677,0.150610,-0.001094,-0.001094,-0.065639,-12.431543,-6.454084,0.062062,7.338710,-0.065639,-0.065639,-0.043483,-0.022201,0.553172,,,mt5
run_20260427_080943,USD/JPY,forex,H1,pullback,pullback_ema,pullback_period=50|rsi_reclaim=False|rsi_threshold=50|trend_period=200,both,all,REJECT,47,0.106383,0.243873,-0.001173,-0.001173,-0.056947,-8.432688,-3.929118,0.047047,12.212766,-0.053768,-0.053768,-0.028413,-0.026097,0.657554,,,mt5
run_20260427_080943,USD/JPY,forex,H1,pullback,pullback_ema,pullback_period=50|rsi_reclaim=True|rsi_threshold=50|trend_period=200,both,all,REJECT,29,0.137931,0.399560,-0.000906,-0.000906,-0.029287,-4.709184,-2.044480,0.029029,16.034483,-0.026016,-0.026016,-0.016022,-0.010157,0.464176,,,mt5
run_20260427_080943,USD/JPY,forex,H1,breakout,prev_day_hl,atr_expand_min=0.0,both,all,NEEDS_MORE_DATA,17,,,,,,,,,,,,,,1.000000,,only 17 trades < min 20,mt5
run_20260427_080943,USD/JPY,forex,H1,breakout,prev_day_hl,atr_expand_min=0.5,both,all,NEEDS_MORE_DATA,17,,,,,,,,,,,,,,1.000000,,only 17 trades < min 20,mt5
run_20260427_080943,USD/JPY,forex,H1,breakout,prev_day_hl,atr_expand_min=1.0,both,all,NEEDS_MORE_DATA,16,,,,,,,,,,,,,,1.000000,,only 16 trades < min 20,mt5
run_20260427_080943,USD/JPY,forex,H1,breakout,session_opening_range,atr_expand_min=0.0|range_bars=6,both,all,REJECT,56,0.321429,0.532951,-0.000869,-0.000869,-0.055202,-4.829506,-2.030919,0.056056,17.285714,-0.047816,-0.047816,-0.014479,-0.034413,0.433333,,,mt5
run_20260427_080943,USD/JPY,forex,H1,breakout,session_opening_range,atr_expand_min=0.5|range_bars=6,both,all,REJECT,56,0.321429,0.532951,-0.000869,-0.000869,-0.055202,-4.829506,-2.030919,0.056056,17.285714,-0.047816,-0.047816,-0.014479,-0.034413,0.433333,,,mt5
run_20260427_080943,USD/JPY,forex,H1,breakout,session_opening_range,atr_expand_min=0.0|range_bars=12,both,all,REJECT,29,0.448276,0.650747,-0.000688,-0.000688,-0.035444,-2.482492,-1.027117,0.029029,32.724138,-0.019935,-0.019935,-0.010095,-0.010540,0.577443,,,mt5
run_20260427_080943,USD/JPY,forex,H1,breakout,session_opening_range,atr_expand_min=0.5|range_bars=12,both,all,REJECT,29,0.448276,0.608531,-0.000771,-0.000771,-0.037762,-2.814753,-1.170507,0.029029,32.413793,-0.022291,-0.022291,-0.012474,-0.010540,0.544159,,,mt5
run_20260427_080943,USD/JPY,forex,H1,breakout,london_breakout,atr_expand_min=0.0|utc_end=11|utc_start=7,both,all,NEEDS_MORE_DATA,19,,,,,,,,,,,,,,1.000000,,only 19 trades < min 20,mt5
run_20260427_080943,USD/JPY,forex,H1,breakout,london_breakout,atr_expand_min=0.5|utc_end=11|utc_start=7,both,all,NEEDS_MORE_DATA,18,,,,,,,,,,,,,,1.000000,,only 18 trades < min 20,mt5
run_20260427_080943,USD/JPY,forex,H1,breakout,ny_breakout,atr_expand_min=0.0|utc_end=16|utc_start=13,both,all,NEEDS_MORE_DATA,16,,,,,,,,,,,,,,,,only 16 trades < min 20,mt5
run_20260427_080943,USD/JPY,forex,H1,breakout,ny_breakout,atr_expand_min=0.5|utc_end=16|utc_start=13,both,all,NEEDS_MORE_DATA,16,,,,,,,,,,,,,,,,only 16 trades < min 20,mt5
run_20260427_080943,USD/JPY,forex,H1,mean_reversion,rsi_extreme,overbought=70|oversold=30|period=14,both,all,NEEDS_MORE_DATA,12,,,,,,,,,,,,,,,,only 12 trades < min 20,mt5
run_20260427_080943,USD/JPY,forex,H1,mean_reversion,rsi_extreme,overbought=75|oversold=30|period=14,both,all,NEEDS_MORE_DATA,9,,,,,,,,,,,,,,,,only 9 trades < min 20,mt5
run_20260427_080943,USD/JPY,forex,H1,mean_reversion,rsi_extreme,overbought=70|oversold=25|period=14,both,all,NEEDS_MORE_DATA,10,,,,,,,,,,,,,,,,only 10 trades < min 20,mt5
run_20260427_080943,USD/JPY,forex,H1,mean_reversion,rsi_extreme,overbought=75|oversold=25|period=14,both,all,NEEDS_MORE_DATA,7,,,,,,,,,,,,,,,,only 7 trades < min 20,mt5
run_20260427_080943,USD/JPY,forex,H1,mean_reversion,bollinger_touch,num_std=2.0|period=20,both,all,REJECT,36,0.416667,0.314178,-0.000824,-0.000824,-0.031464,-5.298491,-2.302329,0.036036,14.527778,-0.029338,-0.029338,-0.026821,-0.002586,0.344926,,,mt5
run_20260427_080943,USD/JPY,forex,H1,mean_reversion,bollinger_touch,num_std=2.5|period=20,both,all,REJECT,21,0.523810,0.555085,-0.000483,-0.000483,-0.014678,-2.559397,-1.068028,0.021021,14.666667,-0.010143,-0.010143,-0.010067,-0.000077,0.268293,,,mt5
run_20260427_080943,USD/JPY,forex,H1,mean_reversion,vwap_deviation,std_threshold=1.5,both,all,NEEDS_MORE_DATA,9,,,,,,,,,,,,,,,,only 9 trades < min 20,mt5
run_20260427_080943,USD/JPY,forex,H1,mean_reversion,vwap_deviation,std_threshold=2.0,both,all,NEEDS_MORE_DATA,8,,,,,,,,,,,,,,,,only 8 trades < min 20,mt5
run_20260427_080943,USD/JPY,forex,H1,engine_b_proxy,ob_bos,require_engulf=False|require_vol_expand=False|swing_period=5,both,all,REJECT,26,0.269231,0.212769,-0.002051,-0.002051,-0.052851,-6.736307,-3.230512,0.026026,34.846154,-0.052102,-0.052102,-0.041333,-0.010019,0.328716,,,mt5
run_20260427_080943,USD/JPY,forex,H1,engine_b_proxy,ob_bos,require_engulf=False|require_vol_expand=True|swing_period=5,both,all,NEEDS_MORE_DATA,17,,,,,,,,,,,,,,1.000000,,only 17 trades < min 20,mt5
run_20260427_080943,USD/JPY,forex,H1,engine_b_proxy,ob_bos,require_engulf=True|require_vol_expand=False|swing_period=5,both,all,REJECT,24,0.291667,0.227646,-0.001957,-0.001957,-0.046811,-6.161197,-2.903026,0.024024,35.166667,-0.046057,-0.046057,-0.034157,-0.012919,0.357466,,,mt5
run_20260427_080943,USD/JPY,forex,H1,engine_b_proxy,ob_bos,require_engulf=True|require_vol_expand=True|swing_period=5,both,all,NEEDS_MORE_DATA,15,,,,,,,,,,,,,,,,only 15 trades < min 20,mt5
run_20260427_080943,USD/JPY,forex,H1,engine_b_proxy,ob_bos,require_engulf=False|require_vol_expand=False|swing_period=10,both,all,NEEDS_MORE_DATA,15,,,,,,,,,,,,,,,,only 15 trades < min 20,mt5
run_20260427_080943,USD/JPY,forex,H1,engine_b_proxy,ob_bos,require_engulf=False|require_vol_expand=True|swing_period=10,both,all,NEEDS_MORE_DATA,10,,,,,,,,,,,,,,,,only 10 trades < min 20,mt5
run_20260427_080943,USD/JPY,forex,H1,engine_b_proxy,ob_bos,require_engulf=True|require_vol_expand=False|swing_period=10,both,all,NEEDS_MORE_DATA,15,,,,,,,,,,,,,,,,only 15 trades < min 20,mt5
run_20260427_080943,USD/JPY,forex,H1,engine_b_proxy,ob_bos,require_engulf=True|require_vol_expand=True|swing_period=10,both,all,NEEDS_MORE_DATA,9,,,,,,,,,,,,,,,,only 9 trades < min 20,mt5
run_20260427_080943,USD/JPY,forex,H1,engine_b_proxy,structure_filters,fvg_detection=False|strong_close_pct=0.7,both,all,REJECT,318,0.141509,0.136103,-0.001149,-0.001149,-0.306425,-31.325793,-15.772869,0.318318,3.031447,-0.306425,-0.306425,-0.227990,-0.100354,0.532050,,,mt5
run_20260427_080943,USD/JPY,forex,H1,engine_b_proxy,structure_filters,fvg_detection=True|strong_close_pct=0.7,both,all,REJECT,39,0.205128,0.216512,-0.001207,-0.001207,-0.046082,-8.782048,-4.312160,0.039039,10.512821,-0.046082,-0.046082,-0.041759,-0.004511,0.383076,,,mt5
run_20260427_080943,USD/JPY,forex,H1,engine_b_proxy,structure_filters,fvg_detection=False|strong_close_pct=0.8,both,all,REJECT,251,0.131474,0.165126,-0.001131,-0.001131,-0.247675,-24.893739,-12.147775,0.251251,3.693227,-0.247554,-0.247554,-0.177897,-0.083463,0.540749,,,mt5
run_20260427_080943,USD/JPY,forex,H1,engine_b_proxy,structure_filters,fvg_detection=True|strong_close_pct=0.8,both,all,REJECT,31,0.193548,0.181665,-0.001322,-0.001322,-0.040222,-8.559926,-4.415786,0.031031,11.193548,-0.040222,-0.040222,-0.031852,-0.008645,0.384094,,,mt5
run_20260427_080943,EUR/USD,forex,H1,trend_momentum,ema_cross,adx_min=0|fast_period=10|rsi_confirm=False|slow_period=50,both,all,REJECT,22,0.318182,0.809362,-0.000442,-0.000442,-0.028993,-0.982302,-0.400853,0.022022,44.636364,-0.009963,-0.009963,-0.015131,-0.005379,0.338642,,,mt5
run_20260427_080943,EUR/USD,forex,H1,trend_momentum,ema_cross,adx_min=0|fast_period=10|rsi_confirm=True|slow_period=50,both,all,REJECT,21,0.333333,0.853585,-0.000339,-0.000339,-0.028993,-0.719049,-0.292968,0.021021,45.380952,-0.007378,-0.007378,-0.012559,-0.005379,0.354475,,,mt5
run_20260427_080943,EUR/USD,forex,H1,trend_momentum,ema_cross,adx_min=20|fast_period=10|rsi_confirm=False|slow_period=50,both,all,REJECT,22,0.318182,0.809362,-0.000442,-0.000442,-0.028993,-0.982302,-0.400853,0.022022,44.636364,-0.009963,-0.009963,-0.015131,-0.005379,0.338642,,,mt5
run_20260427_080943,EUR/USD,forex,H1,trend_momentum,ema_cross,adx_min=20|fast_period=10|rsi_confirm=True|slow_period=50,both,all,REJECT,21,0.333333,0.853585,-0.000339,-0.000339,-0.028993,-0.719049,-0.292968,0.021021,45.380952,-0.007378,-0.007378,-0.012559,-0.005379,0.354475,,,mt5
run_20260427_080943,EUR/USD,forex,H1,trend_momentum,ema_cross,adx_min=25|fast_period=10|rsi_confirm=False|slow_period=50,both,all,NEEDS_MORE_DATA,18,,,,,,,,,,,,,,1.000000,,only 18 trades < min 20,mt5
run_20260427_080943,EUR/USD,forex,H1,trend_momentum,ema_cross,adx_min=25|fast_period=10|rsi_confirm=True|slow_period=50,both,all,NEEDS_MORE_DATA,17,,,,,,,,,,,,,,1.000000,,only 17 trades < min 20,mt5
run_20260427_080943,EUR/USD,forex,H1,trend_momentum,ema_cross,adx_min=0|fast_period=10|rsi_confirm=False|slow_period=100,both,all,NEEDS_MORE_DATA,18,,,,,,,,,,,,,,1.000000,,only 18 trades < min 20,mt5
run_20260427_080943,EUR/USD,forex,H1,trend_momentum,ema_cross,adx_min=0|fast_period=10|rsi_confirm=True|slow_period=100,both,all,NEEDS_MORE_DATA,16,,,,,,,,,,,,,,1.000000,,only 16 trades < min 20,mt5
run_20260427_080943,EUR/USD,forex,H1,trend_momentum,ema_cross,adx_min=20|fast_period=10|rsi_confirm=False|slow_period=100,both,all,NEEDS_MORE_DATA,18,,,,,,,,,,,,,,1.000000,,only 18 trades < min 20,mt5
run_20260427_080943,EUR/USD,forex,H1,trend_momentum,ema_cross,adx_min=20|fast_period=10|rsi_confirm=True|slow_period=100,both,all,NEEDS_MORE_DATA,16,,,,,,,,,,,,,,1.000000,,only 16 trades < min 20,mt5
run_20260427_080943,EUR/USD,forex,H1,trend_momentum,ema_cross,adx_min=25|fast_period=10|rsi_confirm=False|slow_period=100,both,all,NEEDS_MORE_DATA,16,,,,,,,,,,,,,,1.000000,,only 16 trades < min 20,mt5
run_20260427_080943,EUR/USD,forex,H1,trend_momentum,ema_cross,adx_min=25|fast_period=10|rsi_confirm=True|slow_period=100,both,all,NEEDS_MORE_DATA,14,,,,,,,,,,,,,,1.000000,,only 14 trades < min 20,mt5
run_20260427_080943,EUR/USD,forex,H1,trend_momentum,ema_cross,adx_min=0|fast_period=10|rsi_confirm=False|slow_period=200,both,all,NEEDS_MORE_DATA,14,,,,,,,,,,,,,,1.000000,,only 14 trades < min 20,mt5
run_20260427_080943,EUR/USD,forex,H1,trend_momentum,ema_cross,adx_min=0|fast_period=10|rsi_confirm=True|slow_period=200,both,all,NEEDS_MORE_DATA,12,,,,,,,,,,,,,,,,only 12 trades < min 20,mt5
run_20260427_080943,EUR/USD,forex,H1,trend_momentum,ema_cross,adx_min=20|fast_period=10|rsi_confirm=False|slow_period=200,both,all,NEEDS_MORE_DATA,14,,,,,,,,,,,,,,1.000000,,only 14 trades < min 20,mt5
run_20260427_080943,EUR/USD,forex,H1,trend_momentum,ema_cross,adx_min=20|fast_period=10|rsi_confirm=True|slow_period=200,both,all,NEEDS_MORE_DATA,12,,,,,,,,,,,,,,,,only 12 trades < min 20,mt5
run_20260427_080943,EUR/USD,forex,H1,trend_momentum,ema_cross,adx_min=25|fast_period=10|rsi_confirm=False|slow_period=200,both,all,NEEDS_MORE_DATA,12,,,,,,,,,,,,,,1.000000,,only 12 trades < min 20,mt5
run_20260427_080943,EUR/USD,forex,H1,trend_momentum,ema_cross,adx_min=25|fast_period=10|rsi_confirm=True|slow_period=200,both,all,NEEDS_MORE_DATA,10,,,,,,,,,,,,,,,,only 10 trades < min 20,mt5
run_20260427_080943,EUR/USD,forex,H1,trend_momentum,ema_cross,adx_min=0|fast_period=20|rsi_confirm=False|slow_period=50,both,all,NEEDS_MORE_DATA,18,,,,,,,,,,,,,,1.000000,,only 18 trades < min 20,mt5
run_20260427_080943,EUR/USD,forex,H1,trend_momentum,ema_cross,adx_min=0|fast_period=20|rsi_confirm=True|slow_period=50,both,all,NEEDS_MORE_DATA,17,,,,,,,,,,,,,,1.000000,,only 17 trades < min 20,mt5
run_20260427_080943,EUR/USD,forex,H1,trend_momentum,ema_cross,adx_min=20|fast_period=20|rsi_confirm=False|slow_period=50,both,all,NEEDS_MORE_DATA,18,,,,,,,,,,,,,,1.000000,,only 18 trades < min 20,mt5
run_20260427_080943,EUR/USD,forex,H1,trend_momentum,ema_cross,adx_min=20|fast_period=20|rsi_confirm=True|slow_period=50,both,all,NEEDS_MORE_DATA,17,,,,,,,,,,,,,,1.000000,,only 17 trades < min 20,mt5
run_20260427_080943,EUR/USD,forex,H1,trend_momentum,ema_cross,adx_min=25|fast_period=20|rsi_confirm=False|slow_period=50,both,all,NEEDS_MORE_DATA,15,,,,,,,,,,,,,,1.000000,,only 15 trades < min 20,mt5
run_20260427_080943,EUR/USD,forex,H1,trend_momentum,ema_cross,adx_min=25|fast_period=20|rsi_confirm=True|slow_period=50,both,all,NEEDS_MORE_DATA,14,,,,,,,,,,,,,,1.000000,,only 14 trades < min 20,mt5
run_20260427_080943,EUR/USD,forex,H1,trend_momentum,ema_cross,adx_min=0|fast_period=20|rsi_confirm=False|slow_period=100,both,all,NEEDS_MORE_DATA,14,,,,,,,,,,,,,,1.000000,,only 14 trades < min 20,mt5
run_20260427_080943,EUR/USD,forex,H1,trend_momentum,ema_cross,adx_min=0|fast_period=20|rsi_confirm=True|slow_period=100,both,all,NEEDS_MORE_DATA,13,,,,,,,,,,,,,,,,only 13 trades < min 20,mt5
run_20260427_080943,EUR/USD,forex,H1,trend_momentum,ema_cross,adx_min=20|fast_period=20|rsi_confirm=False|slow_period=100,both,all,NEEDS_MORE_DATA,14,,,,,,,,,,,,,,1.000000,,only 14 trades < min 20,mt5
run_20260427_080943,EUR/USD,forex,H1,trend_momentum,ema_cross,adx_min=20|fast_period=20|rsi_confirm=True|slow_period=100,both,all,NEEDS_MORE_DATA,13,,,,,,,,,,,,,,,,only 13 trades < min 20,mt5
run_20260427_080943,EUR/USD,forex,H1,trend_momentum,ema_cross,adx_min=25|fast_period=20|rsi_confirm=False|slow_period=100,both,all,NEEDS_MORE_DATA,13,,,,,,,,,,,,,,1.000000,,only 13 trades < min 20,mt5
run_20260427_080943,EUR/USD,forex,H1,trend_momentum,ema_cross,adx_min=25|fast_period=20|rsi_confirm=True|slow_period=100,both,all,NEEDS_MORE_DATA,12,,,,,,,,,,,,,,,,only 12 trades < min 20,mt5
run_20260427_080943,EUR/USD,forex,H1,trend_momentum,ema_cross,adx_min=0|fast_period=20|rsi_confirm=False|slow_period=200,both,all,NEEDS_MORE_DATA,11,,,,,,,,,,,,,,,,only 11 trades < min 20,mt5
run_20260427_080943,EUR/USD,forex,H1,trend_momentum,ema_cross,adx_min=0|fast_period=20|rsi_confirm=True|slow_period=200,both,all,NEEDS_MORE_DATA,10,,,,,,,,,,,,,,,,only 10 trades < min 20,mt5
run_20260427_080943,EUR/USD,forex,H1,trend_momentum,ema_cross,adx_min=20|fast_period=20|rsi_confirm=False|slow_period=200,both,all,NEEDS_MORE_DATA,11,,,,,,,,,,,,,,,,only 11 trades < min 20,mt5
run_20260427_080943,EUR/USD,forex,H1,trend_momentum,ema_cross,adx_min=20|fast_period=20|rsi_confirm=True|slow_period=200,both,all,NEEDS_MORE_DATA,10,,,,,,,,,,,,,,,,only 10 trades < min 20,mt5
run_20260427_080943,EUR/USD,forex,H1,trend_momentum,ema_cross,adx_min=25|fast_period=20|rsi_confirm=False|slow_period=200,both,all,NEEDS_MORE_DATA,10,,,,,,,,,,,,,,,,only 10 trades < min 20,mt5
run_20260427_080943,EUR/USD,forex,H1,trend_momentum,ema_cross,adx_min=25|fast_period=20|rsi_confirm=True|slow_period=200,both,all,NEEDS_MORE_DATA,9,,,,,,,,,,,,,,,,only 9 trades < min 20,mt5
run_20260427_080943,EUR/USD,forex,H1,trend_momentum,ema_alignment,adx_min=0|ema_long=200|ema_mid=50|ema_short=20,both,all,REJECT,23,0.173913,0.621239,-0.000674,-0.000674,-0.017638,-2.228160,-0.922247,0.023023,20.130435,-0.015527,-0.015527,-0.017638,-0.005741,0.335642,,,mt5
run_20260427_080943,EUR/USD,forex,H1,trend_momentum,ema_alignment,adx_min=20|ema_long=200|ema_mid=50|ema_short=20,both,all,REJECT,23,0.173913,0.542718,-0.000932,-0.000932,-0.023452,-2.940260,-1.233622,0.023023,19.391304,-0.021354,-0.021354,-0.023452,-0.005741,0.311435,,,mt5
run_20260427_080943,EUR/USD,forex,H1,trend_momentum,ema_alignment,adx_min=25|ema_long=200|ema_mid=50|ema_short=20,both,all,REJECT,22,0.181818,0.578091,-0.000844,-0.000844,-0.020645,-2.579574,-1.075552,0.022022,19.954545,-0.018540,-0.018540,-0.020645,-0.005741,0.315422,,,mt5
run_20260427_080943,EUR/USD,forex,H1,trend_momentum,macd_direction,adx_min=0|fast=12|signal_period=9|slow=26,both,all,REJECT,66,0.303030,0.584097,-0.000760,-0.000760,-0.049345,-4.282492,-1.779977,0.066066,14.712121,-0.049345,-0.049345,-0.026200,-0.023080,0.697609,,,mt5
run_20260427_080943,EUR/USD,forex,H1,trend_momentum,macd_direction,adx_min=20|fast=12|signal_period=9|slow=26,both,all,REJECT,65,0.307692,0.587715,-0.000761,-0.000761,-0.048638,-4.223540,-1.755029,0.065065,14.661538,-0.048638,-0.048638,-0.025476,-0.023080,0.705126,,,mt5
run_20260427_080943,EUR/USD,forex,H1,pullback,pullback_ema,pullback_period=20|rsi_reclaim=False|rsi_threshold=50|trend_period=200,both,all,REJECT,63,0.190476,0.414877,-0.000780,-0.000780,-0.048164,-6.177698,-2.638881,0.063063,7.650794,-0.048164,-0.048164,-0.030588,-0.018130,0.577813,,,mt5
run_20260427_080943,EUR/USD,forex,H1,pullback,pullback_ema,pullback_period=20|rsi_reclaim=True|rsi_threshold=50|trend_period=200,both,all,REJECT,53,0.207547,0.476461,-0.000716,-0.000716,-0.037432,-4.863169,-2.050413,0.053053,8.452830,-0.037432,-0.037432,-0.027014,-0.010708,0.518913,,,mt5
run_20260427_080943,EUR/USD,forex,H1,pullback,pullback_ema,pullback_period=50|rsi_reclaim=False|rsi_threshold=50|trend_period=200,both,all,REJECT,33,0.121212,0.571466,-0.000626,-0.000626,-0.024718,-2.712967,-1.123372,0.033033,13.818182,-0.020611,-0.020611,-0.023963,-0.006265,0.376428,,,mt5
run_20260427_080943,EUR/USD,forex,H1,pullback,pullback_ema,pullback_period=50|rsi_reclaim=True|rsi_threshold=50|trend_period=200,both,all,REJECT,23,0.173913,0.841299,-0.000226,-0.000226,-0.020193,-0.713818,-0.290777,0.023023,17.869565,-0.005340,-0.005340,-0.014182,-0.000784,0.254586,,,mt5
run_20260427_080943,EUR/USD,forex,H1,breakout,prev_day_hl,atr_expand_min=0.0,both,all,NEEDS_MORE_DATA,14,,,,,,,,,,,,,,1.000000,,only 14 trades < min 20,mt5
run_20260427_080943,EUR/USD,forex,H1,breakout,prev_day_hl,atr_expand_min=0.5,both,all,NEEDS_MORE_DATA,14,,,,,,,,,,,,,,1.000000,,only 14 trades < min 20,mt5
run_20260427_080943,EUR/USD,forex,H1,breakout,prev_day_hl,atr_expand_min=1.0,both,all,NEEDS_MORE_DATA,13,,,,,,,,,,,,,,1.000000,,only 13 trades < min 20,mt5
run_20260427_080943,EUR/USD,forex,H1,breakout,session_opening_range,atr_expand_min=0.0|range_bars=6,both,all,REJECT,62,0.241935,0.470845,-0.001098,-0.001098,-0.072308,-5.615771,-2.379286,0.062062,15.274194,-0.066245,-0.066245,-0.058814,-0.006934,0.468701,,,mt5
run_20260427_080943,EUR/USD,forex,H1,breakout,session_opening_range,atr_expand_min=0.5|range_bars=6,both,all,REJECT,59,0.237288,0.508270,-0.000972,-0.000972,-0.062261,-4.885373,-2.052141,0.059059,15.593220,-0.056132,-0.056132,-0.048620,-0.006934,0.476116,,,mt5
run_20260427_080943,EUR/USD,forex,H1,breakout,session_opening_range,atr_expand_min=0.0|range_bars=12,both,all,REJECT,30,0.400000,1.003503,0.000006,0.000006,-0.025488,0.019127,0.007778,0.030030,32.033333,-0.000090,-0.000090,0.020244,-0.016886,0.296667,,,mt5
run_20260427_080943,EUR/USD,forex,H1,breakout,session_opening_range,atr_expand_min=0.5|range_bars=12,both,all,REJECT,30,0.400000,1.003503,0.000006,0.000006,-0.025488,0.019127,0.007778,0.030030,32.033333,-0.000090,-0.000090,0.020244,-0.016886,0.296667,,,mt5
run_20260427_080943,EUR/USD,forex,H1,breakout,london_breakout,atr_expand_min=0.0|utc_end=11|utc_start=7,both,all,NEEDS_MORE_DATA,17,,,,,,,,,,,,,,1.000000,,only 17 trades < min 20,mt5
run_20260427_080943,EUR/USD,forex,H1,breakout,london_breakout,atr_expand_min=0.5|utc_end=11|utc_start=7,both,all,NEEDS_MORE_DATA,17,,,,,,,,,,,,,,1.000000,,only 17 trades < min 20,mt5
run_20260427_080943,EUR/USD,forex,H1,breakout,ny_breakout,atr_expand_min=0.0|utc_end=16|utc_start=13,both,all,NEEDS_MORE_DATA,16,,,,,,,,,,,,,,,,only 16 trades < min 20,mt5
run_20260427_080943,EUR/USD,forex,H1,breakout,ny_breakout,atr_expand_min=0.5|utc_end=16|utc_start=13,both,all,NEEDS_MORE_DATA,16,,,,,,,,,,,,,,,,only 16 trades < min 20,mt5
run_20260427_080943,EUR/USD,forex,H1,mean_reversion,rsi_extreme,overbought=70|oversold=30|period=14,both,all,NEEDS_MORE_DATA,17,,,,,,,,,,,,,,,,only 17 trades < min 20,mt5
run_20260427_080943,EUR/USD,forex,H1,mean_reversion,rsi_extreme,overbought=75|oversold=30|period=14,both,all,NEEDS_MORE_DATA,14,,,,,,,,,,,,,,,,only 14 trades < min 20,mt5
run_20260427_080943,EUR/USD,forex,H1,mean_reversion,rsi_extreme,overbought=70|oversold=25|period=14,both,all,NEEDS_MORE_DATA,12,,,,,,,,,,,,,,,,only 12 trades < min 20,mt5
run_20260427_080943,EUR/USD,forex,H1,mean_reversion,rsi_extreme,overbought=75|oversold=25|period=14,both,all,NEEDS_MORE_DATA,9,,,,,,,,,,,,,,,,only 9 trades < min 20,mt5
run_20260427_080943,EUR/USD,forex,H1,mean_reversion,bollinger_touch,num_std=2.0|period=20,both,all,REJECT,38,0.500000,0.429163,-0.001064,-0.001064,-0.044277,-4.021272,-1.693465,0.038038,17.000000,-0.039909,-0.039909,-0.039922,-0.001082,0.336130,,,mt5
run_20260427_080943,EUR/USD,forex,H1,mean_reversion,bollinger_touch,num_std=2.5|period=20,both,all,REJECT,22,0.454545,0.301991,-0.001647,-0.001647,-0.040896,-3.981475,-1.722419,0.022022,18.681818,-0.035829,-0.035829,-0.031535,-0.005524,0.324550,,,mt5
run_20260427_080943,EUR/USD,forex,H1,mean_reversion,vwap_deviation,std_threshold=1.5,both,all,NEEDS_MORE_DATA,10,,,,,,,,,,,,,,,,only 10 trades < min 20,mt5
run_20260427_080943,EUR/USD,forex,H1,mean_reversion,vwap_deviation,std_threshold=2.0,both,all,NEEDS_MORE_DATA,8,,,,,,,,,,,,,,,,only 8 trades < min 20,mt5
run_20260427_080943,EUR/USD,forex,H1,engine_b_proxy,ob_bos,require_engulf=False|require_vol_expand=False|swing_period=5,both,all,NEEDS_MORE_DATA,19,,,,,,,,,,,,,,1.000000,,only 19 trades < min 20,mt5
run_20260427_080943,EUR/USD,forex,H1,engine_b_proxy,ob_bos,require_engulf=False|require_vol_expand=True|swing_period=5,both,all,NEEDS_MORE_DATA,16,,,,,,,,,,,,,,1.000000,,only 16 trades < min 20,mt5
run_20260427_080943,EUR/USD,forex,H1,engine_b_proxy,ob_bos,require_engulf=True|require_vol_expand=False|swing_period=5,both,all,NEEDS_MORE_DATA,16,,,,,,,,,,,,,,1.000000,,only 16 trades < min 20,mt5
run_20260427_080943,EUR/USD,forex,H1,engine_b_proxy,ob_bos,require_engulf=True|require_vol_expand=True|swing_period=5,both,all,NEEDS_MORE_DATA,14,,,,,,,,,,,,,,,,only 14 trades < min 20,mt5
run_20260427_080943,EUR/USD,forex,H1,engine_b_proxy,ob_bos,require_engulf=False|require_vol_expand=False|swing_period=10,both,all,NEEDS_MORE_DATA,11,,,,,,,,,,,,,,,,only 11 trades < min 20,mt5
run_20260427_080943,EUR/USD,forex,H1,engine_b_proxy,ob_bos,require_engulf=False|require_vol_expand=True|swing_period=10,both,all,NEEDS_MORE_DATA,8,,,,,,,,,,,,,,,,only 8 trades < min 20,mt5
run_20260427_080943,EUR/USD,forex,H1,engine_b_proxy,ob_bos,require_engulf=True|require_vol_expand=False|swing_period=10,both,all,NEEDS_MORE_DATA,10,,,,,,,,,,,,,,,,only 10 trades < min 20,mt5
run_20260427_080943,EUR/USD,forex,H1,engine_b_proxy,ob_bos,require_engulf=True|require_vol_expand=True|swing_period=10,both,all,NEEDS_MORE_DATA,8,,,,,,,,,,,,,,,,only 8 trades < min 20,mt5
run_20260427_080943,EUR/USD,forex,H1,engine_b_proxy,structure_filters,fvg_detection=False|strong_close_pct=0.7,both,all,REJECT,312,0.153846,0.164676,-0.001135,-0.001135,-0.298623,-27.013871,-12.820888,0.312312,3.057692,-0.298623,-0.298623,-0.228957,-0.088254,0.515638,,,mt5
run_20260427_080943,EUR/USD,forex,H1,engine_b_proxy,structure_filters,fvg_detection=True|strong_close_pct=0.7,both,all,REJECT,33,0.242424,0.526364,-0.000788,-0.000788,-0.036852,-3.291637,-1.375040,0.033033,12.848485,-0.025849,-0.025849,-0.013485,-0.012533,0.593494,,,mt5
run_20260427_080943,EUR/USD,forex,H1,engine_b_proxy,structure_filters,fvg_detection=False|strong_close_pct=0.8,both,all,REJECT,226,0.185841,0.291170,-0.000954,-0.000954,-0.194312,-16.966166,-7.540550,0.226226,4.053097,-0.194312,-0.194312,-0.149504,-0.052015,0.504374,,,mt5
run_20260427_080943,EUR/USD,forex,H1,engine_b_proxy,structure_filters,fvg_detection=True|strong_close_pct=0.8,both,all,REJECT,25,0.280000,0.686830,-0.000509,-0.000509,-0.023936,-1.744998,-0.716631,0.025025,14.840000,-0.012793,-0.012793,-0.005192,-0.007640,0.493235,,,mt5
run_20260427_080943,GBP/USD,forex,H1,trend_momentum,ema_cross,adx_min=0|fast_period=10|rsi_confirm=False|slow_period=50,both,all,REJECT,28,0.214286,0.407024,-0.001878,-0.001878,-0.051619,-4.877912,-2.134590,0.028028,35.000000,-0.051565,-0.051565,-0.045401,-0.017067,0.380774,,,mt5
run_20260427_080943,GBP/USD,forex,H1,trend_momentum,ema_cross,adx_min=0|fast_period=10|rsi_confirm=True|slow_period=50,both,all,REJECT,26,0.192308,0.379132,-0.002018,-0.002018,-0.051430,-4.987568,-2.205048,0.026026,33.961538,-0.051430,-0.051430,-0.045265,-0.017067,0.369113,,,mt5
run_20260427_080943,GBP/USD,forex,H1,trend_momentum,ema_cross,adx_min=20|fast_period=10|rsi_confirm=False|slow_period=50,both,all,REJECT,25,0.240000,0.467291,-0.001646,-0.001646,-0.040686,-3.953454,-1.695271,0.025025,37.560000,-0.040631,-0.040631,-0.034396,-0.017067,0.398857,,,mt5
run_20260427_080943,GBP/USD,forex,H1,trend_momentum,ema_cross,adx_min=20|fast_period=10|rsi_confirm=True|slow_period=50,both,all,REJECT,23,0.217391,0.438485,-0.001784,-0.001784,-0.040494,-4.047092,-1.749341,0.023023,36.608696,-0.040494,-0.040494,-0.034258,-0.017067,0.387454,,,mt5
run_20260427_080943,GBP/USD,forex,H1,trend_momentum,ema_cross,adx_min=25|fast_period=10|rsi_confirm=False|slow_period=50,both,all,NEEDS_MORE_DATA,18,,,,,,,,,,,,,,1.000000,,only 18 trades < min 20,mt5
run_20260427_080943,GBP/USD,forex,H1,trend_momentum,ema_cross,adx_min=25|fast_period=10|rsi_confirm=True|slow_period=50,both,all,NEEDS_MORE_DATA,16,,,,,,,,,,,,,,1.000000,,only 16 trades < min 20,mt5
run_20260427_080943,GBP/USD,forex,H1,trend_momentum,ema_cross,adx_min=0|fast_period=10|rsi_confirm=False|slow_period=100,both,all,REJECT,24,0.166667,0.252286,-0.002643,-0.002643,-0.061758,-6.155098,-2.899169,0.024024,40.916667,-0.061758,-0.061758,-0.061240,-0.014512,0.315092,,,mt5
run_20260427_080943,GBP/USD,forex,H1,trend_momentum,ema_cross,adx_min=0|fast_period=10|rsi_confirm=True|slow_period=100,both,all,REJECT,21,0.190476,0.294615,-0.002463,-0.002463,-0.050695,-5.178619,-2.364250,0.021021,44.761905,-0.050695,-0.050695,-0.050362,-0.014512,0.312448,,,mt5
run_20260427_080943,GBP/USD,forex,H1,trend_momentum,ema_cross,adx_min=20|fast_period=10|rsi_confirm=False|slow_period=100,both,all,REJECT,24,0.166667,0.252286,-0.002643,-0.002643,-0.061758,-6.155098,-2.899169,0.024024,40.916667,-0.061758,-0.061758,-0.061240,-0.014512,0.315092,,,mt5
run_20260427_080943,GBP/USD,forex,H1,trend_momentum,ema_cross,adx_min=20|fast_period=10|rsi_confirm=True|slow_period=100,both,all,REJECT,21,0.190476,0.294615,-0.002463,-0.002463,-0.050695,-5.178619,-2.364250,0.021021,44.761905,-0.050695,-0.050695,-0.050362,-0.014512,0.312448,,,mt5
run_20260427_080943,GBP/USD,forex,H1,trend_momentum,ema_cross,adx_min=25|fast_period=10|rsi_confirm=False|slow_period=100,both,all,REJECT,20,0.150000,0.222451,-0.002984,-0.002984,-0.065094,-5.991123,-2.892796,0.020020,38.900000,-0.058227,-0.058227,-0.065094,-0.006727,0.251001,,,mt5
run_20260427_080943,GBP/USD,forex,H1,trend_momentum,ema_cross,adx_min=25|fast_period=10|rsi_confirm=True|slow_period=100,both,all,NEEDS_MORE_DATA,17,,,,,,,,,,,,,,1.000000,,only 17 trades < min 20,mt5
run_20260427_080943,GBP/USD,forex,H1,trend_momentum,ema_cross,adx_min=0|fast_period=10|rsi_confirm=False|slow_period=200,both,all,REJECT,20,0.150000,0.198468,-0.003130,-0.003130,-0.060972,-6.226155,-3.056834,0.020020,49.050000,-0.060972,-0.060972,-0.060873,-0.013878,0.288396,,,mt5
run_20260427_080943,GBP/USD,forex,H1,trend_momentum,ema_cross,adx_min=0|fast_period=10|rsi_confirm=True|slow_period=200,both,all,NEEDS_MORE_DATA,18,,,,,,,,,,,,,,,,only 18 trades < min 20,mt5
run_20260427_080943,GBP/USD,forex,H1,trend_momentum,ema_cross,adx_min=20|fast_period=10|rsi_confirm=False|slow_period=200,both,all,REJECT,20,0.150000,0.198468,-0.003130,-0.003130,-0.060972,-6.226155,-3.056834,0.020020,49.050000,-0.060972,-0.060972,-0.060873,-0.013878,0.288396,,,mt5
run_20260427_080943,GBP/USD,forex,H1,trend_momentum,ema_cross,adx_min=20|fast_period=10|rsi_confirm=True|slow_period=200,both,all,NEEDS_MORE_DATA,18,,,,,,,,,,,,,,,,only 18 trades < min 20,mt5
run_20260427_080943,GBP/USD,forex,H1,trend_momentum,ema_cross,adx_min=25|fast_period=10|rsi_confirm=False|slow_period=200,both,all,REJECT,20,0.150000,0.198468,-0.003130,-0.003130,-0.060972,-6.226155,-3.056834,0.020020,49.050000,-0.060972,-0.060972,-0.060873,-0.013878,0.288396,,,mt5
run_20260427_080943,GBP/USD,forex,H1,trend_momentum,ema_cross,adx_min=25|fast_period=10|rsi_confirm=True|slow_period=200,both,all,NEEDS_MORE_DATA,18,,,,,,,,,,,,,,,,only 18 trades < min 20,mt5
run_20260427_080943,GBP/USD,forex,H1,trend_momentum,ema_cross,adx_min=0|fast_period=20|rsi_confirm=False|slow_period=50,both,all,REJECT,26,0.153846,0.263340,-0.003348,-0.003348,-0.089768,-6.056137,-2.801228,0.026026,37.807692,-0.083934,-0.083934,-0.089768,-0.012777,0.298701,,,mt5
run_20260427_080943,GBP/USD,forex,H1,trend_momentum,ema_cross,adx_min=0|fast_period=20|rsi_confirm=True|slow_period=50,both,all,REJECT,24,0.166667,0.281893,-0.003303,-0.003303,-0.082648,-5.581992,-2.552901,0.024024,39.875000,-0.076768,-0.076768,-0.082648,-0.012777,0.290379,,,mt5
run_20260427_080943,GBP/USD,forex,H1,trend_momentum,ema_cross,adx_min=20|fast_period=20|rsi_confirm=False|slow_period=50,both,all,REJECT,24,0.166667,0.288393,-0.003199,-0.003199,-0.080352,-5.458455,-2.482046,0.024024,40.500000,-0.074457,-0.074457,-0.080352,-0.012777,0.291705,,,mt5
run_20260427_080943,GBP/USD,forex,H1,trend_momentum,ema_cross,adx_min=20|fast_period=20|rsi_confirm=True|slow_period=50,both,all,REJECT,22,0.181818,0.310794,-0.003136,-0.003136,-0.073158,-4.968131,-2.232833,0.022022,43.000000,-0.067218,-0.067218,-0.073158,-0.012777,0.284395,,,mt5
run_20260427_080943,GBP/USD,forex,H1,trend_momentum,ema_cross,adx_min=25|fast_period=20|rsi_confirm=False|slow_period=50,both,all,REJECT,20,0.150000,0.268420,-0.003587,-0.003587,-0.077583,-5.289082,-2.445590,0.020020,37.450000,-0.069743,-0.069743,-0.077583,-0.010727,0.261480,,,mt5
run_20260427_080943,GBP/USD,forex,H1,trend_momentum,ema_cross,adx_min=25|fast_period=20|rsi_confirm=True|slow_period=50,both,all,NEEDS_MORE_DATA,18,,,,,,,,,,,,,,1.000000,,only 18 trades < min 20,mt5
run_20260427_080943,GBP/USD,forex,H1,trend_momentum,ema_cross,adx_min=0|fast_period=20|rsi_confirm=False|slow_period=100,both,all,NEEDS_MORE_DATA,18,,,,,,,,,,,,,,1.000000,,only 18 trades < min 20,mt5
run_20260427_080943,GBP/USD,forex,H1,trend_momentum,ema_cross,adx_min=0|fast_period=20|rsi_confirm=True|slow_period=100,both,all,NEEDS_MORE_DATA,16,,,,,,,,,,,,,,,,only 16 trades < min 20,mt5
run_20260427_080943,GBP/USD,forex,H1,trend_momentum,ema_cross,adx_min=20|fast_period=20|rsi_confirm=False|slow_period=100,both,all,NEEDS_MORE_DATA,18,,,,,,,,,,,,,,1.000000,,only 18 trades < min 20,mt5
run_20260427_080943,GBP/USD,forex,H1,trend_momentum,ema_cross,adx_min=20|fast_period=20|rsi_confirm=True|slow_period=100,both,all,NEEDS_MORE_DATA,16,,,,,,,,,,,,,,,,only 16 trades < min 20,mt5
run_20260427_080943,GBP/USD,forex,H1,trend_momentum,ema_cross,adx_min=25|fast_period=20|rsi_confirm=False|slow_period=100,both,all,NEEDS_MORE_DATA,16,,,,,,,,,,,,,,1.000000,,only 16 trades < min 20,mt5
run_20260427_080943,GBP/USD,forex,H1,trend_momentum,ema_cross,adx_min=25|fast_period=20|rsi_confirm=True|slow_period=100,both,all,NEEDS_MORE_DATA,14,,,,,,,,,,,,,,,,only 14 trades < min 20,mt5
run_20260427_080943,GBP/USD,forex,H1,trend_momentum,ema_cross,adx_min=0|fast_period=20|rsi_confirm=False|slow_period=200,both,all,NEEDS_MORE_DATA,12,,,,,,,,,,,,,,,,only 12 trades < min 20,mt5
run_20260427_080943,GBP/USD,forex,H1,trend_momentum,ema_cross,adx_min=0|fast_period=20|rsi_confirm=True|slow_period=200,both,all,NEEDS_MORE_DATA,11,,,,,,,,,,,,,,,,only 11 trades < min 20,mt5
run_20260427_080943,GBP/USD,forex,H1,trend_momentum,ema_cross,adx_min=20|fast_period=20|rsi_confirm=False|slow_period=200,both,all,NEEDS_MORE_DATA,12,,,,,,,,,,,,,,,,only 12 trades < min 20,mt5
run_20260427_080943,GBP/USD,forex,H1,trend_momentum,ema_cross,adx_min=20|fast_period=20|rsi_confirm=True|slow_period=200,both,all,NEEDS_MORE_DATA,11,,,,,,,,,,,,,,,,only 11 trades < min 20,mt5
run_20260427_080943,GBP/USD,forex,H1,trend_momentum,ema_cross,adx_min=25|fast_period=20|rsi_confirm=False|slow_period=200,both,all,NEEDS_MORE_DATA,11,,,,,,,,,,,,,,,,only 11 trades < min 20,mt5
run_20260427_080943,GBP/USD,forex,H1,trend_momentum,ema_cross,adx_min=25|fast_period=20|rsi_confirm=True|slow_period=200,both,all,NEEDS_MORE_DATA,10,,,,,,,,,,,,,,,,only 10 trades < min 20,mt5
run_20260427_080943,GBP/USD,forex,H1,trend_momentum,ema_alignment,adx_min=0|ema_long=200|ema_mid=50|ema_short=20,both,all,REJECT,28,0.142857,0.294912,-0.001809,-0.001809,-0.054960,-6.452851,-3.007821,0.028028,14.714286,-0.049566,-0.049566,-0.052083,0.002881,0.268000,,,mt5
run_20260427_080943,GBP/USD,forex,H1,trend_momentum,ema_alignment,adx_min=20|ema_long=200|ema_mid=50|ema_short=20,both,all,REJECT,28,0.142857,0.302093,-0.001748,-0.001748,-0.053340,-6.321241,-2.927970,0.028028,14.357143,-0.047936,-0.047936,-0.050459,0.002881,0.268000,,,mt5
run_20260427_080943,GBP/USD,forex,H1,trend_momentum,ema_alignment,adx_min=25|ema_long=200|ema_mid=50|ema_short=20,both,all,REJECT,23,0.173913,0.366019,-0.001595,-0.001595,-0.041659,-4.954292,-2.214434,0.023023,16.608696,-0.036189,-0.036189,-0.038742,0.002881,0.238000,,,mt5
run_20260427_080943,GBP/USD,forex,H1,trend_momentum,macd_direction,adx_min=0|fast=12|signal_period=9|slow=26,both,all,REJECT,80,0.262500,0.493209,-0.001003,-0.001003,-0.077559,-6.135369,-2.589169,0.080080,12.162500,-0.077559,-0.077559,-0.052565,-0.026510,0.584629,,,mt5
run_20260427_080943,GBP/USD,forex,H1,trend_momentum,macd_direction,adx_min=20|fast=12|signal_period=9|slow=26,both,all,REJECT,79,0.265823,0.515048,-0.000930,-0.000930,-0.071327,-5.745900,-2.414515,0.079079,12.227848,-0.071327,-0.071327,-0.046164,-0.026510,0.605608,,,mt5
run_20260427_080943,GBP/USD,forex,H1,pullback,pullback_ema,pullback_period=20|rsi_reclaim=False|rsi_threshold=50|trend_period=200,both,all,REJECT,67,0.134328,0.272055,-0.001159,-0.001159,-0.075173,-9.188476,-4.162676,0.067067,6.686567,-0.074912,-0.074912,-0.050401,-0.025812,0.553640,,,mt5
run_20260427_080943,GBP/USD,forex,H1,pullback,pullback_ema,pullback_period=20|rsi_reclaim=True|rsi_threshold=50|trend_period=200,both,all,REJECT,60,0.150000,0.298480,-0.001145,-0.001145,-0.067017,-8.235213,-3.688226,0.060060,6.966667,-0.066567,-0.066567,-0.045950,-0.021609,0.541082,,,mt5
run_20260427_080943,GBP/USD,forex,H1,pullback,pullback_ema,pullback_period=50|rsi_reclaim=False|rsi_threshold=50|trend_period=200,both,all,REJECT,40,0.075000,0.170207,-0.001736,-0.001736,-0.067231,-9.410237,-4.751178,0.040040,10.200000,-0.067231,-0.067231,-0.053787,-0.014207,0.419241,,,mt5
run_20260427_080943,GBP/USD,forex,H1,pullback,pullback_ema,pullback_period=50|rsi_reclaim=True|rsi_threshold=50|trend_period=200,both,all,REJECT,29,0.103448,0.219563,-0.001770,-0.001770,-0.050176,-7.300750,-3.535820,0.029029,12.275862,-0.050176,-0.050176,-0.036487,-0.014207,0.390813,,,mt5
run_20260427_080943,GBP/USD,forex,H1,breakout,prev_day_hl,atr_expand_min=0.0,both,all,NEEDS_MORE_DATA,12,,,,,,,,,,,,,,1.000000,,only 12 trades < min 20,mt5
run_20260427_080943,GBP/USD,forex,H1,breakout,prev_day_hl,atr_expand_min=0.5,both,all,NEEDS_MORE_DATA,12,,,,,,,,,,,,,,1.000000,,only 12 trades < min 20,mt5
run_20260427_080943,GBP/USD,forex,H1,breakout,prev_day_hl,atr_expand_min=1.0,both,all,NEEDS_MORE_DATA,12,,,,,,,,,,,,,,1.000000,,only 12 trades < min 20,mt5
run_20260427_080943,GBP/USD,forex,H1,breakout,session_opening_range,atr_expand_min=0.0|range_bars=6,both,all,REJECT,63,0.238095,0.482479,-0.001070,-0.001070,-0.065593,-5.534777,-2.340457,0.063063,15.269841,-0.065593,-0.065593,-0.042155,-0.022597,0.594147,,,mt5
run_20260427_080943,GBP/USD,forex,H1,breakout,session_opening_range,atr_expand_min=0.5|range_bars=6,both,all,REJECT,62,0.241935,0.500867,-0.001010,-0.001010,-0.061104,-5.209173,-2.193946,0.062062,15.419355,-0.061104,-0.061104,-0.037553,-0.022597,0.613853,,,mt5
run_20260427_080943,GBP/USD,forex,H1,breakout,session_opening_range,atr_expand_min=0.0|range_bars=12,both,all,REJECT,39,0.333333,0.483784,-0.001354,-0.001354,-0.054135,-4.440014,-1.882605,0.039039,24.487179,-0.051840,-0.051840,-0.025328,-0.022882,0.621689,,,mt5
run_20260427_080943,GBP/USD,forex,H1,breakout,session_opening_range,atr_expand_min=0.5|range_bars=12,both,all,REJECT,38,0.342105,0.507505,-0.001264,-0.001264,-0.049591,-4.093586,-1.726194,0.038038,24.973684,-0.047285,-0.047285,-0.020645,-0.022882,0.612172,,,mt5
run_20260427_080943,GBP/USD,forex,H1,breakout,london_breakout,atr_expand_min=0.0|utc_end=11|utc_start=7,both,all,NEEDS_MORE_DATA,17,,,,,,,,,,,,,,1.000000,,only 17 trades < min 20,mt5
run_20260427_080943,GBP/USD,forex,H1,breakout,london_breakout,atr_expand_min=0.5|utc_end=11|utc_start=7,both,all,NEEDS_MORE_DATA,17,,,,,,,,,,,,,,1.000000,,only 17 trades < min 20,mt5
run_20260427_080943,GBP/USD,forex,H1,breakout,ny_breakout,atr_expand_min=0.0|utc_end=16|utc_start=13,both,all,NEEDS_MORE_DATA,18,,,,,,,,,,,,,,,,only 18 trades < min 20,mt5
run_20260427_080943,GBP/USD,forex,H1,breakout,ny_breakout,atr_expand_min=0.5|utc_end=16|utc_start=13,both,all,NEEDS_MORE_DATA,18,,,,,,,,,,,,,,,,only 18 trades < min 20,mt5
run_20260427_080943,GBP/USD,forex,H1,mean_reversion,rsi_extreme,overbought=70|oversold=30|period=14,both,all,NEEDS_MORE_DATA,13,,,,,,,,,,,,,,,,only 13 trades < min 20,mt5
run_20260427_080943,GBP/USD,forex,H1,mean_reversion,rsi_extreme,overbought=75|oversold=30|period=14,both,all,NEEDS_MORE_DATA,10,,,,,,,,,,,,,,,,only 10 trades < min 20,mt5
run_20260427_080943,GBP/USD,forex,H1,mean_reversion,rsi_extreme,overbought=70|oversold=25|period=14,both,all,NEEDS_MORE_DATA,9,,,,,,,,,,,,,,,,only 9 trades < min 20,mt5
run_20260427_080943,GBP/USD,forex,H1,mean_reversion,rsi_extreme,overbought=75|oversold=25|period=14,both,all,NEEDS_MORE_DATA,6,,,,,,,,,,,,,,,,only 6 trades < min 20,mt5
run_20260427_080943,GBP/USD,forex,H1,mean_reversion,bollinger_touch,num_std=2.0|period=20,both,all,REJECT,38,0.552632,0.676110,-0.000412,-0.000412,-0.024116,-2.080088,-0.853581,0.038038,13.947368,-0.015718,-0.015718,-0.017374,0.001685,0.328000,,,mt5
run_20260427_080943,GBP/USD,forex,H1,mean_reversion,bollinger_touch,num_std=2.5|period=20,both,all,WEAK_CANDIDATE,25,0.600000,1.405236,0.000292,0.000292,-0.007950,1.757792,0.721991,0.025025,12.800000,0.007268,0.007268,-0.000689,0.007962,0.430465,,,mt5
run_20260427_080943,GBP/USD,forex,H1,mean_reversion,vwap_deviation,std_threshold=1.5,both,all,NEEDS_MORE_DATA,10,,,,,,,,,,,,,,,,only 10 trades < min 20,mt5
run_20260427_080943,GBP/USD,forex,H1,mean_reversion,vwap_deviation,std_threshold=2.0,both,all,NEEDS_MORE_DATA,10,,,,,,,,,,,,,,,,only 10 trades < min 20,mt5
run_20260427_080943,GBP/USD,forex,H1,engine_b_proxy,ob_bos,require_engulf=False|require_vol_expand=False|swing_period=5,both,all,REJECT,22,0.227273,0.292696,-0.003378,-0.003378,-0.072472,-5.578675,-2.583017,0.022022,33.590909,-0.072117,-0.072117,-0.071275,-0.008855,0.269272,,,mt5
run_20260427_080943,GBP/USD,forex,H1,engine_b_proxy,ob_bos,require_engulf=False|require_vol_expand=True|swing_period=5,both,all,NEEDS_MORE_DATA,17,,,,,,,,,,,,,,1.000000,,only 17 trades < min 20,mt5
run_20260427_080943,GBP/USD,forex,H1,engine_b_proxy,ob_bos,require_engulf=True|require_vol_expand=False|swing_period=5,both,all,REJECT,22,0.227273,0.270691,-0.003564,-0.003564,-0.076271,-5.843876,-2.745733,0.022022,32.409091,-0.075917,-0.075917,-0.071275,-0.012914,0.286355,,,mt5
run_20260427_080943,GBP/USD,forex,H1,engine_b_proxy,ob_bos,require_engulf=True|require_vol_expand=True|swing_period=5,both,all,NEEDS_MORE_DATA,15,,,,,,,,,,,,,,,,only 15 trades < min 20,mt5
run_20260427_080943,GBP/USD,forex,H1,engine_b_proxy,ob_bos,require_engulf=False|require_vol_expand=False|swing_period=10,both,all,NEEDS_MORE_DATA,12,,,,,,,,,,,,,,,,only 12 trades < min 20,mt5
run_20260427_080943,GBP/USD,forex,H1,engine_b_proxy,ob_bos,require_engulf=False|require_vol_expand=True|swing_period=10,both,all,NEEDS_MORE_DATA,8,,,,,,,,,,,,,,,,only 8 trades < min 20,mt5
run_20260427_080943,GBP/USD,forex,H1,engine_b_proxy,ob_bos,require_engulf=True|require_vol_expand=False|swing_period=10,both,all,NEEDS_MORE_DATA,11,,,,,,,,,,,,,,,,only 11 trades < min 20,mt5
run_20260427_080943,GBP/USD,forex,H1,engine_b_proxy,ob_bos,require_engulf=True|require_vol_expand=True|swing_period=10,both,all,NEEDS_MORE_DATA,5,,,,,,,,,,,,,,,,only 5 trades < min 20,mt5
run_20260427_080943,GBP/USD,forex,H1,engine_b_proxy,structure_filters,fvg_detection=False|strong_close_pct=0.7,both,all,REJECT,302,0.178808,0.250524,-0.001048,-0.001048,-0.271809,-21.463546,-9.614478,0.302302,3.185430,-0.271809,-0.271809,-0.212524,-0.075231,0.506197,,,mt5
run_20260427_080943,GBP/USD,forex,H1,engine_b_proxy,structure_filters,fvg_detection=True|strong_close_pct=0.7,both,all,REJECT,47,0.212766,0.303382,-0.001264,-0.001264,-0.057869,-7.459598,-3.363133,0.047047,10.744681,-0.057869,-0.057869,-0.050523,-0.006266,0.435874,,,mt5
run_20260427_080943,GBP/USD,forex,H1,engine_b_proxy,structure_filters,fvg_detection=False|strong_close_pct=0.8,both,all,REJECT,218,0.215596,0.326884,-0.000948,-0.000948,-0.187205,-14.497624,-6.300783,0.218218,4.215596,-0.187205,-0.187205,-0.141466,-0.053220,0.512861,,,mt5
run_20260427_080943,GBP/USD,forex,H1,engine_b_proxy,structure_filters,fvg_detection=True|strong_close_pct=0.8,both,all,REJECT,41,0.170732,0.248302,-0.001559,-0.001559,-0.062092,-8.061916,-3.788729,0.041041,10.268293,-0.062092,-0.062092,-0.050376,-0.010874,0.427424,,,mt5
run_20260427_080943,AUD/USD,forex,H1,trend_momentum,ema_cross,adx_min=0|fast_period=10|rsi_confirm=False|slow_period=50,both,all,REJECT,24,0.250000,0.758898,-0.000815,-0.000815,-0.034528,-1.314676,-0.537714,0.024024,41.000000,-0.020022,-0.020022,-0.022682,-0.012279,0.406413,,,mt5
run_20260427_080943,AUD/USD,forex,H1,trend_momentum,ema_cross,adx_min=0|fast_period=10|rsi_confirm=True|slow_period=50,both,all,REJECT,23,0.260870,0.854467,-0.000456,-0.000456,-0.025688,-0.727327,-0.296300,0.023023,41.608696,-0.011049,-0.011049,-0.013733,-0.012279,0.506241,,,mt5
run_20260427_080943,AUD/USD,forex,H1,trend_momentum,ema_cross,adx_min=20|fast_period=10|rsi_confirm=False|slow_period=50,both,all,REJECT,24,0.250000,0.758898,-0.000815,-0.000815,-0.034528,-1.314676,-0.537714,0.024024,41.000000,-0.020022,-0.020022,-0.022682,-0.012279,0.406413,,,mt5
run_20260427_080943,AUD/USD,forex,H1,trend_momentum,ema_cross,adx_min=20|fast_period=10|rsi_confirm=True|slow_period=50,both,all,REJECT,23,0.260870,0.854467,-0.000456,-0.000456,-0.025688,-0.727327,-0.296300,0.023023,41.608696,-0.011049,-0.011049,-0.013733,-0.012279,0.506241,,,mt5
run_20260427_080943,AUD/USD,forex,H1,trend_momentum,ema_cross,adx_min=25|fast_period=10|rsi_confirm=False|slow_period=50,both,all,NEEDS_MORE_DATA,17,,,,,,,,,,,,,,1.000000,,only 17 trades < min 20,mt5
run_20260427_080943,AUD/USD,forex,H1,trend_momentum,ema_cross,adx_min=25|fast_period=10|rsi_confirm=True|slow_period=50,both,all,NEEDS_MORE_DATA,16,,,,,,,,,,,,,,1.000000,,only 16 trades < min 20,mt5
run_20260427_080943,AUD/USD,forex,H1,trend_momentum,ema_cross,adx_min=0|fast_period=10|rsi_confirm=False|slow_period=100,both,all,REJECT,24,0.208333,0.588108,-0.001530,-0.001530,-0.053417,-2.175473,-0.899022,0.024024,41.291667,-0.036872,-0.036872,-0.053417,-0.013047,0.317273,,,mt5
run_20260427_080943,AUD/USD,forex,H1,trend_momentum,ema_cross,adx_min=0|fast_period=10|rsi_confirm=True|slow_period=100,both,all,REJECT,21,0.238095,0.706391,-0.001038,-0.001038,-0.039137,-1.327066,-0.543319,0.021021,45.761905,-0.022343,-0.022343,-0.039137,-0.013047,0.326009,,,mt5
run_20260427_080943,AUD/USD,forex,H1,trend_momentum,ema_cross,adx_min=20|fast_period=10|rsi_confirm=False|slow_period=100,both,all,REJECT,24,0.208333,0.588108,-0.001530,-0.001530,-0.053417,-2.175473,-0.899022,0.024024,41.291667,-0.036872,-0.036872,-0.053417,-0.013047,0.317273,,,mt5
run_20260427_080943,AUD/USD,forex,H1,trend_momentum,ema_cross,adx_min=20|fast_period=10|rsi_confirm=True|slow_period=100,both,all,REJECT,21,0.238095,0.706391,-0.001038,-0.001038,-0.039137,-1.327066,-0.543319,0.021021,45.761905,-0.022343,-0.022343,-0.039137,-0.013047,0.326009,,,mt5
run_20260427_080943,AUD/USD,forex,H1,trend_momentum,ema_cross,adx_min=25|fast_period=10|rsi_confirm=False|slow_period=100,both,all,REJECT,22,0.227273,0.633500,-0.001379,-0.001379,-0.047337,-1.813481,-0.746485,0.022022,43.136364,-0.030686,-0.030686,-0.047337,-0.013047,0.314685,,,mt5
run_20260427_080943,AUD/USD,forex,H1,trend_momentum,ema_cross,adx_min=25|fast_period=10|rsi_confirm=True|slow_period=100,both,all,NEEDS_MORE_DATA,19,,,,,,,,,,,,,,1.000000,,only 19 trades < min 20,mt5
run_20260427_080943,AUD/USD,forex,H1,trend_momentum,ema_cross,adx_min=0|fast_period=10|rsi_confirm=False|slow_period=200,both,all,NEEDS_MORE_DATA,16,,,,,,,,,,,,,,1.000000,,only 16 trades < min 20,mt5
run_20260427_080943,AUD/USD,forex,H1,trend_momentum,ema_cross,adx_min=0|fast_period=10|rsi_confirm=True|slow_period=200,both,all,NEEDS_MORE_DATA,12,,,,,,,,,,,,,,,,only 12 trades < min 20,mt5
run_20260427_080943,AUD/USD,forex,H1,trend_momentum,ema_cross,adx_min=20|fast_period=10|rsi_confirm=False|slow_period=200,both,all,NEEDS_MORE_DATA,16,,,,,,,,,,,,,,1.000000,,only 16 trades < min 20,mt5
run_20260427_080943,AUD/USD,forex,H1,trend_momentum,ema_cross,adx_min=20|fast_period=10|rsi_confirm=True|slow_period=200,both,all,NEEDS_MORE_DATA,12,,,,,,,,,,,,,,,,only 12 trades < min 20,mt5
run_20260427_080943,AUD/USD,forex,H1,trend_momentum,ema_cross,adx_min=25|fast_period=10|rsi_confirm=False|slow_period=200,both,all,NEEDS_MORE_DATA,14,,,,,,,,,,,,,,1.000000,,only 14 trades < min 20,mt5
run_20260427_080943,AUD/USD,forex,H1,trend_momentum,ema_cross,adx_min=25|fast_period=10|rsi_confirm=True|slow_period=200,both,all,NEEDS_MORE_DATA,11,,,,,,,,,,,,,,,,only 11 trades < min 20,mt5
run_20260427_080943,AUD/USD,forex,H1,trend_momentum,ema_cross,adx_min=0|fast_period=20|rsi_confirm=False|slow_period=50,both,all,REJECT,24,0.250000,0.586101,-0.001560,-0.001560,-0.040236,-2.619190,-1.090476,0.024024,41.291667,-0.037353,-0.037353,-0.040236,-0.011362,0.328719,,,mt5
run_20260427_080943,AUD/USD,forex,H1,trend_momentum,ema_cross,adx_min=0|fast_period=20|rsi_confirm=True|slow_period=50,both,all,REJECT,23,0.260870,0.645733,-0.001265,-0.001265,-0.032148,-2.094116,-0.864945,0.023023,41.869565,-0.029241,-0.029241,-0.032148,-0.011362,0.344031,,,mt5
run_20260427_080943,AUD/USD,forex,H1,trend_momentum,ema_cross,adx_min=20|fast_period=20|rsi_confirm=False|slow_period=50,both,all,REJECT,24,0.250000,0.586101,-0.001560,-0.001560,-0.040236,-2.619190,-1.090476,0.024024,41.291667,-0.037353,-0.037353,-0.040236,-0.011362,0.328719,,,mt5
run_20260427_080943,AUD/USD,forex,H1,trend_momentum,ema_cross,adx_min=20|fast_period=20|rsi_confirm=True|slow_period=50,both,all,REJECT,23,0.260870,0.645733,-0.001265,-0.001265,-0.032148,-2.094116,-0.864945,0.023023,41.869565,-0.029241,-0.029241,-0.032148,-0.011362,0.344031,,,mt5
run_20260427_080943,AUD/USD,forex,H1,trend_momentum,ema_cross,adx_min=25|fast_period=20|rsi_confirm=False|slow_period=50,both,all,REJECT,20,0.200000,0.498627,-0.002062,-0.002062,-0.040914,-3.096576,-1.311102,0.020020,38.050000,-0.040914,-0.040914,-0.040750,-0.014492,0.326687,,,mt5
run_20260427_080943,AUD/USD,forex,H1,trend_momentum,ema_cross,adx_min=25|fast_period=20|rsi_confirm=True|slow_period=50,both,all,NEEDS_MORE_DATA,19,,,,,,,,,,,,,,1.000000,,only 19 trades < min 20,mt5
run_20260427_080943,AUD/USD,forex,H1,trend_momentum,ema_cross,adx_min=0|fast_period=20|rsi_confirm=False|slow_period=100,both,all,NEEDS_MORE_DATA,16,,,,,,,,,,,,,,1.000000,,only 16 trades < min 20,mt5
run_20260427_080943,AUD/USD,forex,H1,trend_momentum,ema_cross,adx_min=0|fast_period=20|rsi_confirm=True|slow_period=100,both,all,NEEDS_MORE_DATA,15,,,,,,,,,,,,,,,,only 15 trades < min 20,mt5
run_20260427_080943,AUD/USD,forex,H1,trend_momentum,ema_cross,adx_min=20|fast_period=20|rsi_confirm=False|slow_period=100,both,all,NEEDS_MORE_DATA,16,,,,,,,,,,,,,,1.000000,,only 16 trades < min 20,mt5
run_20260427_080943,AUD/USD,forex,H1,trend_momentum,ema_cross,adx_min=20|fast_period=20|rsi_confirm=True|slow_period=100,both,all,NEEDS_MORE_DATA,15,,,,,,,,,,,,,,,,only 15 trades < min 20,mt5
run_20260427_080943,AUD/USD,forex,H1,trend_momentum,ema_cross,adx_min=25|fast_period=20|rsi_confirm=False|slow_period=100,both,all,NEEDS_MORE_DATA,16,,,,,,,,,,,,,,1.000000,,only 16 trades < min 20,mt5
run_20260427_080943,AUD/USD,forex,H1,trend_momentum,ema_cross,adx_min=25|fast_period=20|rsi_confirm=True|slow_period=100,both,all,NEEDS_MORE_DATA,15,,,,,,,,,,,,,,,,only 15 trades < min 20,mt5
run_20260427_080943,AUD/USD,forex,H1,trend_momentum,ema_cross,adx_min=0|fast_period=20|rsi_confirm=False|slow_period=200,both,all,NEEDS_MORE_DATA,10,,,,,,,,,,,,,,,,only 10 trades < min 20,mt5
run_20260427_080943,AUD/USD,forex,H1,trend_momentum,ema_cross,adx_min=0|fast_period=20|rsi_confirm=True|slow_period=200,both,all,NEEDS_MORE_DATA,9,,,,,,,,,,,,,,,,only 9 trades < min 20,mt5
run_20260427_080943,AUD/USD,forex,H1,trend_momentum,ema_cross,adx_min=20|fast_period=20|rsi_confirm=False|slow_period=200,both,all,NEEDS_MORE_DATA,10,,,,,,,,,,,,,,,,only 10 trades < min 20,mt5
run_20260427_080943,AUD/USD,forex,H1,trend_momentum,ema_cross,adx_min=20|fast_period=20|rsi_confirm=True|slow_period=200,both,all,NEEDS_MORE_DATA,9,,,,,,,,,,,,,,,,only 9 trades < min 20,mt5
run_20260427_080943,AUD/USD,forex,H1,trend_momentum,ema_cross,adx_min=25|fast_period=20|rsi_confirm=False|slow_period=200,both,all,NEEDS_MORE_DATA,10,,,,,,,,,,,,,,,,only 10 trades < min 20,mt5
run_20260427_080943,AUD/USD,forex,H1,trend_momentum,ema_cross,adx_min=25|fast_period=20|rsi_confirm=True|slow_period=200,both,all,NEEDS_MORE_DATA,9,,,,,,,,,,,,,,,,only 9 trades < min 20,mt5
run_20260427_080943,AUD/USD,forex,H1,trend_momentum,ema_alignment,adx_min=0|ema_long=200|ema_mid=50|ema_short=20,both,all,REJECT,22,0.227273,0.340854,-0.002515,-0.002515,-0.060643,-4.761394,-2.120853,0.022022,18.545455,-0.054206,-0.054206,-0.053757,0.001244,0.232000,,,mt5
run_20260427_080943,AUD/USD,forex,H1,trend_momentum,ema_alignment,adx_min=20|ema_long=200|ema_mid=50|ema_short=20,both,all,REJECT,22,0.227273,0.340854,-0.002515,-0.002515,-0.060643,-4.761394,-2.120853,0.022022,18.545455,-0.054206,-0.054206,-0.053757,0.001244,0.232000,,,mt5
run_20260427_080943,AUD/USD,forex,H1,trend_momentum,ema_alignment,adx_min=25|ema_long=200|ema_mid=50|ema_short=20,both,all,REJECT,20,0.200000,0.189158,-0.003050,-0.003050,-0.062495,-6.375127,-3.165261,0.020020,17.300000,-0.059432,-0.059432,-0.055623,-0.002322,0.232523,,,mt5
run_20260427_080943,AUD/USD,forex,H1,trend_momentum,macd_direction,adx_min=0|fast=12|signal_period=9|slow=26,both,all,REJECT,70,0.371429,0.744745,-0.000510,-0.000510,-0.036994,-2.354529,-0.963294,0.070070,13.900000,-0.035721,-0.035721,-0.008574,-0.022791,0.433333,,,mt5
run_20260427_080943,AUD/USD,forex,H1,trend_momentum,macd_direction,adx_min=20|fast=12|signal_period=9|slow=26,both,all,REJECT,66,0.378788,0.757568,-0.000497,-0.000497,-0.034214,-2.173452,-0.888705,0.066066,14.181818,-0.032937,-0.032937,-0.009493,-0.019061,0.446299,,,mt5
run_20260427_080943,AUD/USD,forex,H1,pullback,pullback_ema,pullback_period=20|rsi_reclaim=False|rsi_threshold=50|trend_period=200,both,all,REJECT,65,0.138462,0.288939,-0.001544,-0.001544,-0.095926,-8.173820,-3.624048,0.065065,6.738462,-0.095926,-0.095926,-0.069420,-0.025784,0.511427,,,mt5
run_20260427_080943,AUD/USD,forex,H1,pullback,pullback_ema,pullback_period=20|rsi_reclaim=True|rsi_threshold=50|trend_period=200,both,all,REJECT,57,0.140351,0.307936,-0.001585,-0.001585,-0.086791,-7.436643,-3.282362,0.057057,7.070175,-0.086791,-0.086791,-0.063676,-0.021978,0.503545,,,mt5
run_20260427_080943,AUD/USD,forex,H1,pullback,pullback_ema,pullback_period=50|rsi_reclaim=False|rsi_threshold=50|trend_period=200,both,all,REJECT,46,0.130435,0.323597,-0.001655,-0.001655,-0.073712,-6.418138,-2.816236,0.046046,10.978261,-0.073712,-0.073712,-0.060724,-0.013827,0.444312,,,mt5
run_20260427_080943,AUD/USD,forex,H1,pullback,pullback_ema,pullback_period=50|rsi_reclaim=True|rsi_threshold=50|trend_period=200,both,all,REJECT,35,0.142857,0.423244,-0.001369,-0.001369,-0.047138,-4.305007,-1.829513,0.035035,12.742857,-0.047138,-0.047138,-0.036578,-0.010961,0.399896,,,mt5
run_20260427_080943,AUD/USD,forex,H1,breakout,prev_day_hl,atr_expand_min=0.0,both,all,NEEDS_MORE_DATA,11,,,,,,,,,,,,,,1.000000,,only 11 trades < min 20,mt5
run_20260427_080943,AUD/USD,forex,H1,breakout,prev_day_hl,atr_expand_min=0.5,both,all,NEEDS_MORE_DATA,11,,,,,,,,,,,,,,1.000000,,only 11 trades < min 20,mt5
run_20260427_080943,AUD/USD,forex,H1,breakout,prev_day_hl,atr_expand_min=1.0,both,all,NEEDS_MORE_DATA,10,,,,,,,,,,,,,,1.000000,,only 10 trades < min 20,mt5
run_20260427_080943,AUD/USD,forex,H1,breakout,session_opening_range,atr_expand_min=0.0|range_bars=6,both,all,REJECT,62,0.258065,0.510338,-0.001568,-0.001568,-0.095838,-5.157915,-2.170810,0.062062,15.645161,-0.093643,-0.093643,-0.048245,-0.048216,0.733153,,,mt5
run_20260427_080943,AUD/USD,forex,H1,breakout,session_opening_range,atr_expand_min=0.5|range_bars=6,both,all,REJECT,62,0.258065,0.496457,-0.001613,-0.001613,-0.098321,-5.322695,-2.245363,0.062062,15.516129,-0.096132,-0.096132,-0.048245,-0.050830,0.717263,,,mt5
run_20260427_080943,AUD/USD,forex,H1,breakout,session_opening_range,atr_expand_min=0.0|range_bars=12,both,all,REJECT,35,0.285714,0.564845,-0.001516,-0.001516,-0.052487,-3.190006,-1.328312,0.035035,26.542857,-0.052487,-0.052487,-0.031310,-0.018015,0.499283,,,mt5
run_20260427_080943,AUD/USD,forex,H1,breakout,session_opening_range,atr_expand_min=0.5|range_bars=12,both,all,REJECT,35,0.285714,0.564845,-0.001516,-0.001516,-0.052487,-3.190006,-1.328312,0.035035,26.542857,-0.052487,-0.052487,-0.031310,-0.018015,0.499283,,,mt5
run_20260427_080943,AUD/USD,forex,H1,breakout,london_breakout,atr_expand_min=0.0|utc_end=11|utc_start=7,both,all,NEEDS_MORE_DATA,16,,,,,,,,,,,,,,1.000000,,only 16 trades < min 20,mt5
run_20260427_080943,AUD/USD,forex,H1,breakout,london_breakout,atr_expand_min=0.5|utc_end=11|utc_start=7,both,all,NEEDS_MORE_DATA,15,,,,,,,,,,,,,,1.000000,,only 15 trades < min 20,mt5
run_20260427_080943,AUD/USD,forex,H1,breakout,ny_breakout,atr_expand_min=0.0|utc_end=16|utc_start=13,both,all,NEEDS_MORE_DATA,13,,,,,,,,,,,,,,,,only 13 trades < min 20,mt5
run_20260427_080943,AUD/USD,forex,H1,breakout,ny_breakout,atr_expand_min=0.5|utc_end=16|utc_start=13,both,all,NEEDS_MORE_DATA,13,,,,,,,,,,,,,,,,only 13 trades < min 20,mt5
run_20260427_080943,AUD/USD,forex,H1,mean_reversion,rsi_extreme,overbought=70|oversold=30|period=14,both,all,NEEDS_MORE_DATA,16,,,,,,,,,,,,,,,,only 16 trades < min 20,mt5
run_20260427_080943,AUD/USD,forex,H1,mean_reversion,rsi_extreme,overbought=75|oversold=30|period=14,both,all,NEEDS_MORE_DATA,12,,,,,,,,,,,,,,,,only 12 trades < min 20,mt5
run_20260427_080943,AUD/USD,forex,H1,mean_reversion,rsi_extreme,overbought=70|oversold=25|period=14,both,all,NEEDS_MORE_DATA,11,,,,,,,,,,,,,,,,only 11 trades < min 20,mt5
run_20260427_080943,AUD/USD,forex,H1,mean_reversion,rsi_extreme,overbought=75|oversold=25|period=14,both,all,NEEDS_MORE_DATA,7,,,,,,,,,,,,,,,,only 7 trades < min 20,mt5
run_20260427_080943,AUD/USD,forex,H1,mean_reversion,bollinger_touch,num_std=2.0|period=20,both,all,REJECT,33,0.606061,0.531736,-0.001200,-0.001200,-0.059798,-2.836121,-1.176388,0.033033,17.333333,-0.039403,-0.039403,-0.045751,0.005513,0.298000,,,mt5
run_20260427_080943,AUD/USD,forex,H1,mean_reversion,bollinger_touch,num_std=2.5|period=20,both,all,REJECT,24,0.625000,0.873812,-0.000259,-0.000259,-0.032458,-0.561465,-0.228548,0.024024,16.416667,-0.006567,-0.006567,-0.020977,0.014719,0.284000,,,mt5
run_20260427_080943,AUD/USD,forex,H1,mean_reversion,vwap_deviation,std_threshold=1.5,both,all,NEEDS_MORE_DATA,13,,,,,,,,,,,,,,,,only 13 trades < min 20,mt5
run_20260427_080943,AUD/USD,forex,H1,mean_reversion,vwap_deviation,std_threshold=2.0,both,all,NEEDS_MORE_DATA,10,,,,,,,,,,,,,,,,only 10 trades < min 20,mt5
run_20260427_080943,AUD/USD,forex,H1,engine_b_proxy,ob_bos,require_engulf=False|require_vol_expand=False|swing_period=5,both,all,REJECT,23,0.260870,0.382472,-0.002997,-0.002997,-0.067290,-4.431068,-1.940545,0.023023,36.956522,-0.067290,-0.067290,-0.042598,-0.017102,0.358446,,,mt5
run_20260427_080943,AUD/USD,forex,H1,engine_b_proxy,ob_bos,require_engulf=False|require_vol_expand=True|swing_period=5,both,all,NEEDS_MORE_DATA,18,,,,,,,,,,,,,,1.000000,,only 18 trades < min 20,mt5
run_20260427_080943,AUD/USD,forex,H1,engine_b_proxy,ob_bos,require_engulf=True|require_vol_expand=False|swing_period=5,both,all,REJECT,23,0.260870,0.395555,-0.002933,-0.002933,-0.065937,-4.305493,-1.877181,0.023023,36.869565,-0.065937,-0.065937,-0.041209,-0.017102,0.362505,,,mt5
run_20260427_080943,AUD/USD,forex,H1,engine_b_proxy,ob_bos,require_engulf=True|require_vol_expand=True|swing_period=5,both,all,NEEDS_MORE_DATA,18,,,,,,,,,,,,,,,,only 18 trades < min 20,mt5
run_20260427_080943,AUD/USD,forex,H1,engine_b_proxy,ob_bos,require_engulf=False|require_vol_expand=False|swing_period=10,both,all,NEEDS_MORE_DATA,6,,,,,,,,,,,,,,,,only 6 trades < min 20,mt5
run_20260427_080943,AUD/USD,forex,H1,engine_b_proxy,ob_bos,require_engulf=False|require_vol_expand=True|swing_period=10,both,all,NEEDS_MORE_DATA,6,,,,,,,,,,,,,,,,only 6 trades < min 20,mt5
run_20260427_080943,AUD/USD,forex,H1,engine_b_proxy,ob_bos,require_engulf=True|require_vol_expand=False|swing_period=10,both,all,NEEDS_MORE_DATA,6,,,,,,,,,,,,,,,,only 6 trades < min 20,mt5
run_20260427_080943,AUD/USD,forex,H1,engine_b_proxy,ob_bos,require_engulf=True|require_vol_expand=True|swing_period=10,both,all,NEEDS_MORE_DATA,6,,,,,,,,,,,,,,,,only 6 trades < min 20,mt5
run_20260427_080943,AUD/USD,forex,H1,engine_b_proxy,structure_filters,fvg_detection=False|strong_close_pct=0.7,both,all,REJECT,316,0.186709,0.242429,-0.001383,-0.001383,-0.354876,-21.803529,-9.731922,0.316316,3.031646,-0.354876,-0.354876,-0.301772,-0.074735,0.474296,,,mt5
run_20260427_080943,AUD/USD,forex,H1,engine_b_proxy,structure_filters,fvg_detection=True|strong_close_pct=0.7,both,all,REJECT,42,0.166667,0.166234,-0.002568,-0.002568,-0.102704,-8.457969,-4.024715,0.042042,11.404762,-0.102704,-0.102704,-0.098576,-0.004579,0.382603,,,mt5
run_20260427_080943,AUD/USD,forex,H1,engine_b_proxy,structure_filters,fvg_detection=False|strong_close_pct=0.8,both,all,REJECT,237,0.198312,0.224029,-0.001553,-0.001553,-0.308772,-19.066982,-8.633037,0.237237,3.839662,-0.308772,-0.308772,-0.271497,-0.047831,0.452852,,,mt5
run_20260427_080943,AUD/USD,forex,H1,engine_b_proxy,structure_filters,fvg_detection=True|strong_close_pct=0.8,both,all,REJECT,29,0.206897,0.260403,-0.002253,-0.002253,-0.069352,-5.576249,-2.492057,0.029029,13.724138,-0.063645,-0.063645,-0.064457,0.000868,0.290667,,,mt5
run_20260427_080943,EUR/USD,forex,H4,trend_momentum,ema_cross,adx_min=0|fast_period=10|rsi_confirm=False|slow_period=50,both,all,REJECT,24,0.291667,0.903372,-0.000281,-0.000281,-0.022026,-0.234059,-0.190489,0.024024,40.958333,-0.007345,-0.007345,-0.013038,0.011387,0.244000,,,mt5
run_20260427_080943,EUR/USD,forex,H4,trend_momentum,ema_cross,adx_min=0|fast_period=10|rsi_confirm=True|slow_period=50,both,all,REJECT,23,0.260870,0.824178,-0.000532,-0.000532,-0.023973,-0.430657,-0.351148,0.023023,39.434783,-0.012768,-0.012768,-0.018430,0.011387,0.238000,,,mt5
run_20260427_080943,EUR/USD,forex,H4,trend_momentum,ema_cross,adx_min=20|fast_period=10|rsi_confirm=False|slow_period=50,both,all,REJECT,24,0.291667,0.903372,-0.000281,-0.000281,-0.022026,-0.234059,-0.190489,0.024024,40.958333,-0.007345,-0.007345,-0.013038,0.011387,0.244000,,,mt5
run_20260427_080943,EUR/USD,forex,H4,trend_momentum,ema_cross,adx_min=20|fast_period=10|rsi_confirm=True|slow_period=50,both,all,REJECT,23,0.260870,0.824178,-0.000532,-0.000532,-0.023973,-0.430657,-0.351148,0.023023,39.434783,-0.012768,-0.012768,-0.018430,0.011387,0.238000,,,mt5
run_20260427_080943,EUR/USD,forex,H4,trend_momentum,ema_cross,adx_min=25|fast_period=10|rsi_confirm=False|slow_period=50,both,all,REJECT,23,0.304348,0.939981,-0.000176,-0.000176,-0.022026,-0.140257,-0.114095,0.023023,41.478261,-0.004654,-0.004654,-0.010362,0.011387,0.238000,,,mt5
run_20260427_080943,EUR/USD,forex,H4,trend_momentum,ema_cross,adx_min=25|fast_period=10|rsi_confirm=True|slow_period=50,both,all,REJECT,22,0.272727,0.857942,-0.000433,-0.000433,-0.023973,-0.335653,-0.273423,0.022022,39.909091,-0.010091,-0.010091,-0.015768,0.011387,0.232000,,,mt5
run_20260427_080943,EUR/USD,forex,H4,trend_momentum,ema_cross,adx_min=0|fast_period=10|rsi_confirm=False|slow_period=100,both,all,REJECT,25,0.240000,0.400251,-0.001997,-0.001997,-0.051449,-2.200168,-1.912673,0.025025,39.720000,-0.049069,-0.049069,-0.035744,-0.011962,0.350395,,,mt5
run_20260427_080943,EUR/USD,forex,H4,trend_momentum,ema_cross,adx_min=0|fast_period=10|rsi_confirm=True|slow_period=100,both,all,REJECT,23,0.217391,0.409385,-0.002089,-0.002089,-0.049669,-2.118017,-1.842488,0.023023,36.869565,-0.047284,-0.047284,-0.035750,-0.011962,0.338379,,,mt5
run_20260427_080943,EUR/USD,forex,H4,trend_momentum,ema_cross,adx_min=20|fast_period=10|rsi_confirm=False|slow_period=100,both,all,REJECT,25,0.240000,0.400251,-0.001997,-0.001997,-0.051449,-2.200168,-1.912673,0.025025,39.720000,-0.049069,-0.049069,-0.035744,-0.011962,0.350395,,,mt5
run_20260427_080943,EUR/USD,forex,H4,trend_momentum,ema_cross,adx_min=20|fast_period=10|rsi_confirm=True|slow_period=100,both,all,REJECT,23,0.217391,0.409385,-0.002089,-0.002089,-0.049669,-2.118017,-1.842488,0.023023,36.869565,-0.047284,-0.047284,-0.035750,-0.011962,0.338379,,,mt5
run_20260427_080943,EUR/USD,forex,H4,trend_momentum,ema_cross,adx_min=25|fast_period=10|rsi_confirm=False|slow_period=100,both,all,REJECT,21,0.285714,0.489035,-0.001678,-0.001678,-0.037387,-1.599690,-1.355522,0.021021,42.190476,-0.034972,-0.034972,-0.021450,-0.011962,0.393295,,,mt5
run_20260427_080943,EUR/USD,forex,H4,trend_momentum,ema_cross,adx_min=25|fast_period=10|rsi_confirm=True|slow_period=100,both,all,NEEDS_MORE_DATA,19,,,,,,,,,,,,,,1.000000,,only 19 trades < min 20,mt5
run_20260427_080943,EUR/USD,forex,H4,trend_momentum,ema_cross,adx_min=0|fast_period=10|rsi_confirm=False|slow_period=200,both,all,NEEDS_MORE_DATA,17,,,,,,,,,,,,,,1.000000,,only 17 trades < min 20,mt5
run_20260427_080943,EUR/USD,forex,H4,trend_momentum,ema_cross,adx_min=0|fast_period=10|rsi_confirm=True|slow_period=200,both,all,NEEDS_MORE_DATA,16,,,,,,,,,,,,,,,,only 16 trades < min 20,mt5
run_20260427_080943,EUR/USD,forex,H4,trend_momentum,ema_cross,adx_min=20|fast_period=10|rsi_confirm=False|slow_period=200,both,all,NEEDS_MORE_DATA,17,,,,,,,,,,,,,,1.000000,,only 17 trades < min 20,mt5
run_20260427_080943,EUR/USD,forex,H4,trend_momentum,ema_cross,adx_min=20|fast_period=10|rsi_confirm=True|slow_period=200,both,all,NEEDS_MORE_DATA,16,,,,,,,,,,,,,,,,only 16 trades < min 20,mt5
run_20260427_080943,EUR/USD,forex,H4,trend_momentum,ema_cross,adx_min=25|fast_period=10|rsi_confirm=False|slow_period=200,both,all,NEEDS_MORE_DATA,12,,,,,,,,,,,,,,1.000000,,only 12 trades < min 20,mt5
run_20260427_080943,EUR/USD,forex,H4,trend_momentum,ema_cross,adx_min=25|fast_period=10|rsi_confirm=True|slow_period=200,both,all,NEEDS_MORE_DATA,11,,,,,,,,,,,,,,,,only 11 trades < min 20,mt5
run_20260427_080943,EUR/USD,forex,H4,trend_momentum,ema_cross,adx_min=0|fast_period=20|rsi_confirm=False|slow_period=50,both,all,REJECT,20,0.350000,0.648299,-0.001485,-0.001485,-0.045500,-1.028747,-0.851356,0.020020,49.350000,-0.029874,-0.029874,-0.017395,-0.004287,0.293928,,,mt5
run_20260427_080943,EUR/USD,forex,H4,trend_momentum,ema_cross,adx_min=0|fast_period=20|rsi_confirm=True|slow_period=50,both,all,NEEDS_MORE_DATA,19,,,,,,,,,,,,,,1.000000,,only 19 trades < min 20,mt5
run_20260427_080943,EUR/USD,forex,H4,trend_momentum,ema_cross,adx_min=20|fast_period=20|rsi_confirm=False|slow_period=50,both,all,REJECT,20,0.350000,0.648299,-0.001485,-0.001485,-0.045500,-1.028747,-0.851356,0.020020,49.350000,-0.029874,-0.029874,-0.017395,-0.004287,0.293928,,,mt5
run_20260427_080943,EUR/USD,forex,H4,trend_momentum,ema_cross,adx_min=20|fast_period=20|rsi_confirm=True|slow_period=50,both,all,NEEDS_MORE_DATA,19,,,,,,,,,,,,,,1.000000,,only 19 trades < min 20,mt5
run_20260427_080943,EUR/USD,forex,H4,trend_momentum,ema_cross,adx_min=25|fast_period=20|rsi_confirm=False|slow_period=50,both,all,NEEDS_MORE_DATA,19,,,,,,,,,,,,,,1.000000,,only 19 trades < min 20,mt5
run_20260427_080943,EUR/USD,forex,H4,trend_momentum,ema_cross,adx_min=25|fast_period=20|rsi_confirm=True|slow_period=50,both,all,NEEDS_MORE_DATA,18,,,,,,,,,,,,,,1.000000,,only 18 trades < min 20,mt5
run_20260427_080943,EUR/USD,forex,H4,trend_momentum,ema_cross,adx_min=0|fast_period=20|rsi_confirm=False|slow_period=100,both,all,NEEDS_MORE_DATA,11,,,,,,,,,,,,,,1.000000,,only 11 trades < min 20,mt5
run_20260427_080943,EUR/USD,forex,H4,trend_momentum,ema_cross,adx_min=0|fast_period=20|rsi_confirm=True|slow_period=100,both,all,NEEDS_MORE_DATA,10,,,,,,,,,,,,,,,,only 10 trades < min 20,mt5
run_20260427_080943,EUR/USD,forex,H4,trend_momentum,ema_cross,adx_min=20|fast_period=20|rsi_confirm=False|slow_period=100,both,all,NEEDS_MORE_DATA,11,,,,,,,,,,,,,,1.000000,,only 11 trades < min 20,mt5
run_20260427_080943,EUR/USD,forex,H4,trend_momentum,ema_cross,adx_min=20|fast_period=20|rsi_confirm=True|slow_period=100,both,all,NEEDS_MORE_DATA,10,,,,,,,,,,,,,,,,only 10 trades < min 20,mt5
run_20260427_080943,EUR/USD,forex,H4,trend_momentum,ema_cross,adx_min=25|fast_period=20|rsi_confirm=False|slow_period=100,both,all,NEEDS_MORE_DATA,11,,,,,,,,,,,,,,1.000000,,only 11 trades < min 20,mt5
run_20260427_080943,EUR/USD,forex,H4,trend_momentum,ema_cross,adx_min=25|fast_period=20|rsi_confirm=True|slow_period=100,both,all,NEEDS_MORE_DATA,10,,,,,,,,,,,,,,,,only 10 trades < min 20,mt5
run_20260427_080943,EUR/USD,forex,H4,trend_momentum,ema_cross,adx_min=0|fast_period=20|rsi_confirm=False|slow_period=200,both,all,NEEDS_MORE_DATA,9,,,,,,,,,,,,,,,,only 9 trades < min 20,mt5
run_20260427_080943,EUR/USD,forex,H4,trend_momentum,ema_cross,adx_min=0|fast_period=20|rsi_confirm=True|slow_period=200,both,all,NEEDS_MORE_DATA,8,,,,,,,,,,,,,,,,only 8 trades < min 20,mt5
run_20260427_080943,EUR/USD,forex,H4,trend_momentum,ema_cross,adx_min=20|fast_period=20|rsi_confirm=False|slow_period=200,both,all,NEEDS_MORE_DATA,9,,,,,,,,,,,,,,,,only 9 trades < min 20,mt5
run_20260427_080943,EUR/USD,forex,H4,trend_momentum,ema_cross,adx_min=20|fast_period=20|rsi_confirm=True|slow_period=200,both,all,NEEDS_MORE_DATA,8,,,,,,,,,,,,,,,,only 8 trades < min 20,mt5
run_20260427_080943,EUR/USD,forex,H4,trend_momentum,ema_cross,adx_min=25|fast_period=20|rsi_confirm=False|slow_period=200,both,all,NEEDS_MORE_DATA,7,,,,,,,,,,,,,,,,only 7 trades < min 20,mt5
run_20260427_080943,EUR/USD,forex,H4,trend_momentum,ema_cross,adx_min=25|fast_period=20|rsi_confirm=True|slow_period=200,both,all,NEEDS_MORE_DATA,6,,,,,,,,,,,,,,,,only 6 trades < min 20,mt5
run_20260427_080943,EUR/USD,forex,H4,trend_momentum,ema_alignment,adx_min=0|ema_long=200|ema_mid=50|ema_short=20,both,all,REJECT,24,0.291667,0.448964,-0.001369,-0.001369,-0.037603,-2.022943,-1.743928,0.024024,16.208333,-0.032515,-0.032515,-0.019522,-0.010829,0.410409,,,mt5
run_20260427_080943,EUR/USD,forex,H4,trend_momentum,ema_alignment,adx_min=20|ema_long=200|ema_mid=50|ema_short=20,both,all,REJECT,24,0.291667,0.448964,-0.001369,-0.001369,-0.037603,-2.022943,-1.743928,0.024024,16.208333,-0.032515,-0.032515,-0.019522,-0.010829,0.410409,,,mt5
run_20260427_080943,EUR/USD,forex,H4,trend_momentum,ema_alignment,adx_min=25|ema_long=200|ema_mid=50|ema_short=20,both,all,REJECT,23,0.260870,0.461096,-0.001307,-0.001307,-0.034886,-1.972096,-1.699326,0.023023,16.043478,-0.029784,-0.029784,-0.024605,-0.002867,0.272960,,,mt5
run_20260427_080943,EUR/USD,forex,H4,trend_momentum,macd_direction,adx_min=0|fast=12|signal_period=9|slow=26,both,all,WEAK_CANDIDATE,69,0.405797,1.086741,0.000168,0.000168,-0.026948,0.344337,0.280180,0.069069,14.405797,0.010781,0.010781,0.019674,-0.013884,0.533333,,,mt5
run_20260427_080943,EUR/USD,forex,H4,trend_momentum,macd_direction,adx_min=20|fast=12|signal_period=9|slow=26,both,all,WEAK_CANDIDATE,69,0.405797,1.086741,0.000168,0.000168,-0.026948,0.344337,0.280180,0.069069,14.405797,0.010781,0.010781,0.019674,-0.013884,0.533333,,,mt5
run_20260427_080943,EUR/USD,forex,H4,pullback,pullback_ema,pullback_period=20|rsi_reclaim=False|rsi_threshold=50|trend_period=200,both,all,REJECT,62,0.193548,0.407620,-0.001188,-0.001188,-0.075300,-3.567898,-3.106139,0.062062,7.161290,-0.071316,-0.071316,-0.030141,-0.042455,0.577436,,,mt5
run_20260427_080943,EUR/USD,forex,H4,pullback,pullback_ema,pullback_period=20|rsi_reclaim=True|rsi_threshold=50|trend_period=200,both,all,REJECT,54,0.166667,0.317626,-0.001473,-0.001473,-0.077789,-4.107639,-3.724334,0.054054,6.500000,-0.076708,-0.076708,-0.035772,-0.042455,0.643953,,,mt5
run_20260427_080943,EUR/USD,forex,H4,pullback,pullback_ema,pullback_period=50|rsi_reclaim=False|rsi_threshold=50|trend_period=200,both,all,REJECT,47,0.212766,0.305465,-0.001376,-0.001376,-0.062796,-3.967354,-3.632500,0.047047,9.595745,-0.062796,-0.062796,-0.034242,-0.027183,0.620153,,,mt5
run_20260427_080943,EUR/USD,forex,H4,pullback,pullback_ema,pullback_period=50|rsi_reclaim=True|rsi_threshold=50|trend_period=200,both,all,REJECT,34,0.205882,0.266824,-0.001431,-0.001431,-0.047626,-3.637873,-3.413162,0.034034,9.794118,-0.047626,-0.047626,-0.021557,-0.024253,0.566481,,,mt5
run_20260427_080943,EUR/USD,forex,H4,breakout,prev_day_hl,atr_expand_min=0.0,both,all,REJECT,37,0.459459,0.846512,-0.000386,-0.000386,-0.052995,-0.462966,-0.377204,0.037037,25.918919,-0.014908,-0.014908,0.016953,-0.028497,0.422000,,,mt5
run_20260427_080943,EUR/USD,forex,H4,breakout,prev_day_hl,atr_expand_min=0.5,both,all,REJECT,37,0.459459,0.846512,-0.000386,-0.000386,-0.052995,-0.462966,-0.377204,0.037037,25.918919,-0.014908,-0.014908,0.016953,-0.028497,0.422000,,,mt5
run_20260427_080943,EUR/USD,forex,H4,breakout,prev_day_hl,atr_expand_min=1.0,both,all,REJECT,30,0.433333,0.978413,-0.000053,-0.000053,-0.042691,-0.054480,-0.044307,0.030030,27.066667,-0.002215,-0.002215,0.019274,-0.024348,0.430000,,,mt5
run_20260427_080943,EUR/USD,forex,H4,breakout,session_opening_range,atr_expand_min=0.0|range_bars=6,both,all,WEAK_CANDIDATE,50,0.480000,1.019241,0.000041,0.000041,-0.057103,0.066836,0.054356,0.050050,19.600000,0.001343,0.001343,0.008736,-0.008575,0.533333,,,mt5
run_20260427_080943,EUR/USD,forex,H4,breakout,session_opening_range,atr_expand_min=0.5|range_bars=6,both,all,WEAK_CANDIDATE,50,0.480000,1.014032,0.000030,0.000030,-0.057103,0.048818,0.039702,0.050050,19.560000,0.000788,0.000788,0.008177,-0.008575,0.533333,,,mt5
run_20260427_080943,EUR/USD,forex,H4,breakout,session_opening_range,atr_expand_min=0.0|range_bars=12,both,all,REJECT,32,0.406250,0.897707,-0.000293,-0.000293,-0.042109,-0.288916,-0.235157,0.032032,30.656250,-0.010121,-0.010121,0.015186,-0.022298,0.308667,,,mt5
run_20260427_080943,EUR/USD,forex,H4,breakout,session_opening_range,atr_expand_min=0.5|range_bars=12,both,all,REJECT,32,0.406250,0.897707,-0.000293,-0.000293,-0.042109,-0.288916,-0.235157,0.032032,30.656250,-0.010121,-0.010121,0.015186,-0.022298,0.308667,,,mt5
run_20260427_080943,EUR/USD,forex,H4,breakout,london_breakout,atr_expand_min=0.0|utc_end=11|utc_start=7,both,all,NEEDS_MORE_DATA,17,,,,,,,,,,,,,,1.000000,,only 17 trades < min 20,mt5
run_20260427_080943,EUR/USD,forex,H4,breakout,london_breakout,atr_expand_min=0.5|utc_end=11|utc_start=7,both,all,NEEDS_MORE_DATA,17,,,,,,,,,,,,,,1.000000,,only 17 trades < min 20,mt5
run_20260427_080943,EUR/USD,forex,H4,breakout,ny_breakout,atr_expand_min=0.0|utc_end=16|utc_start=13,both,all,NEEDS_MORE_DATA,0,,,,,,,,,,,,,,,,only 0 trades < min 20,mt5
run_20260427_080943,EUR/USD,forex,H4,breakout,ny_breakout,atr_expand_min=0.5|utc_end=16|utc_start=13,both,all,NEEDS_MORE_DATA,0,,,,,,,,,,,,,,,,only 0 trades < min 20,mt5
run_20260427_080943,EUR/USD,forex,H4,mean_reversion,rsi_extreme,overbought=70|oversold=30|period=14,both,all,NEEDS_MORE_DATA,19,,,,,,,,,,,,,,,,only 19 trades < min 20,mt5
run_20260427_080943,EUR/USD,forex,H4,mean_reversion,rsi_extreme,overbought=75|oversold=30|period=14,both,all,NEEDS_MORE_DATA,15,,,,,,,,,,,,,,,,only 15 trades < min 20,mt5
run_20260427_080943,EUR/USD,forex,H4,mean_reversion,rsi_extreme,overbought=70|oversold=25|period=14,both,all,NEEDS_MORE_DATA,10,,,,,,,,,,,,,,,,only 10 trades < min 20,mt5
run_20260427_080943,EUR/USD,forex,H4,mean_reversion,rsi_extreme,overbought=75|oversold=25|period=14,both,all,NEEDS_MORE_DATA,6,,,,,,,,,,,,,,,,only 6 trades < min 20,mt5
run_20260427_080943,EUR/USD,forex,H4,mean_reversion,bollinger_touch,num_std=2.0|period=20,both,all,REJECT,34,0.411765,0.477928,-0.001409,-0.001409,-0.067723,-1.706502,-1.427417,0.034034,16.500000,-0.047351,-0.047351,-0.052603,0.005544,0.304000,,,mt5
run_20260427_080943,EUR/USD,forex,H4,mean_reversion,bollinger_touch,num_std=2.5|period=20,both,all,NEEDS_MORE_DATA,19,,,,,,,,,,,,,,1.000000,,only 19 trades < min 20,mt5
run_20260427_080943,EUR/USD,forex,H4,mean_reversion,vwap_deviation,std_threshold=1.5,both,all,NEEDS_MORE_DATA,14,,,,,,,,,,,,,,,,only 14 trades < min 20,mt5
run_20260427_080943,EUR/USD,forex,H4,mean_reversion,vwap_deviation,std_threshold=2.0,both,all,NEEDS_MORE_DATA,10,,,,,,,,,,,,,,,,only 10 trades < min 20,mt5
run_20260427_080943,EUR/USD,forex,H4,engine_b_proxy,ob_bos,require_engulf=False|require_vol_expand=False|swing_period=5,both,all,NEEDS_MORE_DATA,19,,,,,,,,,,,,,,1.000000,,only 19 trades < min 20,mt5
run_20260427_080943,EUR/USD,forex,H4,engine_b_proxy,ob_bos,require_engulf=False|require_vol_expand=True|swing_period=5,both,all,NEEDS_MORE_DATA,16,,,,,,,,,,,,,,1.000000,,only 16 trades < min 20,mt5
run_20260427_080943,EUR/USD,forex,H4,engine_b_proxy,ob_bos,require_engulf=True|require_vol_expand=False|swing_period=5,both,all,NEEDS_MORE_DATA,18,,,,,,,,,,,,,,1.000000,,only 18 trades < min 20,mt5
run_20260427_080943,EUR/USD,forex,H4,engine_b_proxy,ob_bos,require_engulf=True|require_vol_expand=True|swing_period=5,both,all,NEEDS_MORE_DATA,13,,,,,,,,,,,,,,,,only 13 trades < min 20,mt5
run_20260427_080943,EUR/USD,forex,H4,engine_b_proxy,ob_bos,require_engulf=False|require_vol_expand=False|swing_period=10,both,all,NEEDS_MORE_DATA,7,,,,,,,,,,,,,,,,only 7 trades < min 20,mt5
run_20260427_080943,EUR/USD,forex,H4,engine_b_proxy,ob_bos,require_engulf=False|require_vol_expand=True|swing_period=10,both,all,NEEDS_MORE_DATA,6,,,,,,,,,,,,,,,,only 6 trades < min 20,mt5
run_20260427_080943,EUR/USD,forex,H4,engine_b_proxy,ob_bos,require_engulf=True|require_vol_expand=False|swing_period=10,both,all,NEEDS_MORE_DATA,7,,,,,,,,,,,,,,,,only 7 trades < min 20,mt5
run_20260427_080943,EUR/USD,forex,H4,engine_b_proxy,ob_bos,require_engulf=True|require_vol_expand=True|swing_period=10,both,all,NEEDS_MORE_DATA,6,,,,,,,,,,,,,,,,only 6 trades < min 20,mt5
run_20260427_080943,EUR/USD,forex,H4,engine_b_proxy,structure_filters,fvg_detection=False|strong_close_pct=0.7,both,all,REJECT,314,0.222930,0.367971,-0.001057,-0.001057,-0.296660,-8.271597,-7.086091,0.314314,3.101911,-0.283456,-0.283456,-0.230132,-0.070646,0.492094,,,mt5
run_20260427_080943,EUR/USD,forex,H4,engine_b_proxy,structure_filters,fvg_detection=True|strong_close_pct=0.7,both,all,REJECT,38,0.236842,0.419593,-0.001510,-0.001510,-0.057397,-2.027898,-1.709075,0.038038,11.131579,-0.056336,-0.056336,-0.021406,-0.035694,0.444421,,,mt5
run_20260427_080943,EUR/USD,forex,H4,engine_b_proxy,structure_filters,fvg_detection=False|strong_close_pct=0.8,both,all,REJECT,233,0.257511,0.480893,-0.000878,-0.000878,-0.215173,-4.860462,-4.058489,0.233233,4.008584,-0.186174,-0.186174,-0.183099,-0.003764,0.406167,,,mt5
run_20260427_080943,EUR/USD,forex,H4,engine_b_proxy,structure_filters,fvg_detection=True|strong_close_pct=0.8,both,all,REJECT,33,0.090909,0.145399,-0.002916,-0.002916,-0.093156,-4.080474,-4.032151,0.033033,9.636364,-0.092136,-0.092136,-0.051402,-0.042941,0.565285,,,mt5
run_20260427_080943,GBP/USD,forex,H4,trend_momentum,ema_cross,adx_min=0|fast_period=10|rsi_confirm=False|slow_period=50,both,all,REJECT,35,0.257143,0.417547,-0.002447,-0.002447,-0.083475,-2.630010,-2.288008,0.035035,28.428571,-0.082814,-0.082814,-0.044492,-0.043259,0.601686,,,mt5
run_20260427_080943,GBP/USD,forex,H4,trend_momentum,ema_cross,adx_min=0|fast_period=10|rsi_confirm=True|slow_period=50,both,all,REJECT,33,0.212121,0.352103,-0.002883,-0.002883,-0.091457,-2.971438,-2.654257,0.033033,26.515152,-0.091457,-0.091457,-0.048612,-0.048170,0.595272,,,mt5
run_20260427_080943,GBP/USD,forex,H4,trend_momentum,ema_cross,adx_min=20|fast_period=10|rsi_confirm=False|slow_period=50,both,all,REJECT,35,0.257143,0.417547,-0.002447,-0.002447,-0.083475,-2.630010,-2.288008,0.035035,28.428571,-0.082814,-0.082814,-0.044492,-0.043259,0.601686,,,mt5
run_20260427_080943,GBP/USD,forex,H4,trend_momentum,ema_cross,adx_min=20|fast_period=10|rsi_confirm=True|slow_period=50,both,all,REJECT,33,0.212121,0.352103,-0.002883,-0.002883,-0.091457,-2.971438,-2.654257,0.033033,26.515152,-0.091457,-0.091457,-0.048612,-0.048170,0.595272,,,mt5
run_20260427_080943,GBP/USD,forex,H4,trend_momentum,ema_cross,adx_min=25|fast_period=10|rsi_confirm=False|slow_period=50,both,all,REJECT,33,0.212121,0.278118,-0.003208,-0.003208,-0.101676,-3.624361,-3.413914,0.033033,23.545455,-0.101028,-0.101028,-0.060381,-0.043259,0.512928,,,mt5
run_20260427_080943,GBP/USD,forex,H4,trend_momentum,ema_cross,adx_min=25|fast_period=10|rsi_confirm=True|slow_period=50,both,all,REJECT,31,0.161290,0.212306,-0.003721,-0.003721,-0.109499,-4.034394,-4.027858,0.031031,21.193548,-0.109499,-0.109499,-0.064433,-0.048170,0.510280,,,mt5
run_20260427_080943,GBP/USD,forex,H4,trend_momentum,ema_cross,adx_min=0|fast_period=10|rsi_confirm=False|slow_period=100,both,all,REJECT,21,0.285714,0.728700,-0.000839,-0.000839,-0.044210,-0.698659,-0.572509,0.021021,43.761905,-0.017932,-0.017932,-0.015573,0.004708,0.226000,,,mt5
run_20260427_080943,GBP/USD,forex,H4,trend_momentum,ema_cross,adx_min=0|fast_period=10|rsi_confirm=True|slow_period=100,both,all,NEEDS_MORE_DATA,19,,,,,,,,,,,,,,1.000000,,only 19 trades < min 20,mt5
run_20260427_080943,GBP/USD,forex,H4,trend_momentum,ema_cross,adx_min=20|fast_period=10|rsi_confirm=False|slow_period=100,both,all,REJECT,21,0.285714,0.728700,-0.000839,-0.000839,-0.044210,-0.698659,-0.572509,0.021021,43.761905,-0.017932,-0.017932,-0.015573,0.004708,0.226000,,,mt5
run_20260427_080943,GBP/USD,forex,H4,trend_momentum,ema_cross,adx_min=20|fast_period=10|rsi_confirm=True|slow_period=100,both,all,NEEDS_MORE_DATA,19,,,,,,,,,,,,,,1.000000,,only 19 trades < min 20,mt5
run_20260427_080943,GBP/USD,forex,H4,trend_momentum,ema_cross,adx_min=25|fast_period=10|rsi_confirm=False|slow_period=100,both,all,NEEDS_MORE_DATA,16,,,,,,,,,,,,,,1.000000,,only 16 trades < min 20,mt5
run_20260427_080943,GBP/USD,forex,H4,trend_momentum,ema_cross,adx_min=25|fast_period=10|rsi_confirm=True|slow_period=100,both,all,NEEDS_MORE_DATA,14,,,,,,,,,,,,,,1.000000,,only 14 trades < min 20,mt5
run_20260427_080943,GBP/USD,forex,H4,trend_momentum,ema_cross,adx_min=0|fast_period=10|rsi_confirm=False|slow_period=200,both,all,NEEDS_MORE_DATA,9,,,,,,,,,,,,,,1.000000,,only 9 trades < min 20,mt5
run_20260427_080943,GBP/USD,forex,H4,trend_momentum,ema_cross,adx_min=0|fast_period=10|rsi_confirm=True|slow_period=200,both,all,NEEDS_MORE_DATA,8,,,,,,,,,,,,,,,,only 8 trades < min 20,mt5
run_20260427_080943,GBP/USD,forex,H4,trend_momentum,ema_cross,adx_min=20|fast_period=10|rsi_confirm=False|slow_period=200,both,all,NEEDS_MORE_DATA,9,,,,,,,,,,,,,,1.000000,,only 9 trades < min 20,mt5
run_20260427_080943,GBP/USD,forex,H4,trend_momentum,ema_cross,adx_min=20|fast_period=10|rsi_confirm=True|slow_period=200,both,all,NEEDS_MORE_DATA,8,,,,,,,,,,,,,,,,only 8 trades < min 20,mt5
run_20260427_080943,GBP/USD,forex,H4,trend_momentum,ema_cross,adx_min=25|fast_period=10|rsi_confirm=False|slow_period=200,both,all,NEEDS_MORE_DATA,9,,,,,,,,,,,,,,1.000000,,only 9 trades < min 20,mt5
run_20260427_080943,GBP/USD,forex,H4,trend_momentum,ema_cross,adx_min=25|fast_period=10|rsi_confirm=True|slow_period=200,both,all,NEEDS_MORE_DATA,8,,,,,,,,,,,,,,,,only 8 trades < min 20,mt5
run_20260427_080943,GBP/USD,forex,H4,trend_momentum,ema_cross,adx_min=0|fast_period=20|rsi_confirm=False|slow_period=50,both,all,NEEDS_MORE_DATA,17,,,,,,,,,,,,,,1.000000,,only 17 trades < min 20,mt5
run_20260427_080943,GBP/USD,forex,H4,trend_momentum,ema_cross,adx_min=0|fast_period=20|rsi_confirm=True|slow_period=50,both,all,NEEDS_MORE_DATA,16,,,,,,,,,,,,,,1.000000,,only 16 trades < min 20,mt5
run_20260427_080943,GBP/USD,forex,H4,trend_momentum,ema_cross,adx_min=20|fast_period=20|rsi_confirm=False|slow_period=50,both,all,NEEDS_MORE_DATA,17,,,,,,,,,,,,,,1.000000,,only 17 trades < min 20,mt5
run_20260427_080943,GBP/USD,forex,H4,trend_momentum,ema_cross,adx_min=20|fast_period=20|rsi_confirm=True|slow_period=50,both,all,NEEDS_MORE_DATA,16,,,,,,,,,,,,,,1.000000,,only 16 trades < min 20,mt5
run_20260427_080943,GBP/USD,forex,H4,trend_momentum,ema_cross,adx_min=25|fast_period=20|rsi_confirm=False|slow_period=50,both,all,NEEDS_MORE_DATA,14,,,,,,,,,,,,,,1.000000,,only 14 trades < min 20,mt5
run_20260427_080943,GBP/USD,forex,H4,trend_momentum,ema_cross,adx_min=25|fast_period=20|rsi_confirm=True|slow_period=50,both,all,NEEDS_MORE_DATA,13,,,,,,,,,,,,,,1.000000,,only 13 trades < min 20,mt5
run_20260427_080943,GBP/USD,forex,H4,trend_momentum,ema_cross,adx_min=0|fast_period=20|rsi_confirm=False|slow_period=100,both,all,NEEDS_MORE_DATA,11,,,,,,,,,,,,,,1.000000,,only 11 trades < min 20,mt5
run_20260427_080943,GBP/USD,forex,H4,trend_momentum,ema_cross,adx_min=0|fast_period=20|rsi_confirm=True|slow_period=100,both,all,NEEDS_MORE_DATA,10,,,,,,,,,,,,,,,,only 10 trades < min 20,mt5
run_20260427_080943,GBP/USD,forex,H4,trend_momentum,ema_cross,adx_min=20|fast_period=20|rsi_confirm=False|slow_period=100,both,all,NEEDS_MORE_DATA,11,,,,,,,,,,,,,,1.000000,,only 11 trades < min 20,mt5
run_20260427_080943,GBP/USD,forex,H4,trend_momentum,ema_cross,adx_min=20|fast_period=20|rsi_confirm=True|slow_period=100,both,all,NEEDS_MORE_DATA,10,,,,,,,,,,,,,,,,only 10 trades < min 20,mt5
run_20260427_080943,GBP/USD,forex,H4,trend_momentum,ema_cross,adx_min=25|fast_period=20|rsi_confirm=False|slow_period=100,both,all,NEEDS_MORE_DATA,9,,,,,,,,,,,,,,1.000000,,only 9 trades < min 20,mt5
run_20260427_080943,GBP/USD,forex,H4,trend_momentum,ema_cross,adx_min=25|fast_period=20|rsi_confirm=True|slow_period=100,both,all,NEEDS_MORE_DATA,8,,,,,,,,,,,,,,,,only 8 trades < min 20,mt5
run_20260427_080943,GBP/USD,forex,H4,trend_momentum,ema_cross,adx_min=0|fast_period=20|rsi_confirm=False|slow_period=200,both,all,NEEDS_MORE_DATA,5,,,,,,,,,,,,,,,,only 5 trades < min 20,mt5
run_20260427_080943,GBP/USD,forex,H4,trend_momentum,ema_cross,adx_min=0|fast_period=20|rsi_confirm=True|slow_period=200,both,all,NEEDS_MORE_DATA,4,,,,,,,,,,,,,,,,only 4 trades < min 20,mt5
run_20260427_080943,GBP/USD,forex,H4,trend_momentum,ema_cross,adx_min=20|fast_period=20|rsi_confirm=False|slow_period=200,both,all,NEEDS_MORE_DATA,4,,,,,,,,,,,,,,,,only 4 trades < min 20,mt5
run_20260427_080943,GBP/USD,forex,H4,trend_momentum,ema_cross,adx_min=20|fast_period=20|rsi_confirm=True|slow_period=200,both,all,NEEDS_MORE_DATA,3,,,,,,,,,,,,,,,,only 3 trades < min 20,mt5
run_20260427_080943,GBP/USD,forex,H4,trend_momentum,ema_cross,adx_min=25|fast_period=20|rsi_confirm=False|slow_period=200,both,all,NEEDS_MORE_DATA,4,,,,,,,,,,,,,,,,only 4 trades < min 20,mt5
run_20260427_080943,GBP/USD,forex,H4,trend_momentum,ema_cross,adx_min=25|fast_period=20|rsi_confirm=True|slow_period=200,both,all,NEEDS_MORE_DATA,3,,,,,,,,,,,,,,,,only 3 trades < min 20,mt5
run_20260427_080943,GBP/USD,forex,H4,trend_momentum,ema_alignment,adx_min=0|ema_long=200|ema_mid=50|ema_short=20,both,all,REJECT,29,0.206897,0.407007,-0.001763,-0.001763,-0.055681,-2.359214,-2.049058,0.029029,17.413793,-0.050180,-0.050180,-0.014366,-0.036336,0.274000,,,mt5
run_20260427_080943,GBP/USD,forex,H4,trend_momentum,ema_alignment,adx_min=20|ema_long=200|ema_mid=50|ema_short=20,both,all,REJECT,29,0.206897,0.407007,-0.001763,-0.001763,-0.055681,-2.359214,-2.049058,0.029029,17.413793,-0.050180,-0.050180,-0.014366,-0.036336,0.274000,,,mt5
run_20260427_080943,GBP/USD,forex,H4,trend_momentum,ema_alignment,adx_min=25|ema_long=200|ema_mid=50|ema_short=20,both,all,REJECT,29,0.137931,0.213436,-0.002841,-0.002841,-0.084773,-3.696145,-3.599213,0.029029,15.103448,-0.079442,-0.079442,-0.044731,-0.036336,0.517698,,,mt5
run_20260427_080943,GBP/USD,forex,H4,trend_momentum,macd_direction,adx_min=0|fast=12|signal_period=9|slow=26,both,all,REJECT,75,0.373333,0.800849,-0.000541,-0.000541,-0.060109,-0.974889,-0.795920,0.075075,13.253333,-0.041031,-0.041031,-0.038152,-0.000275,0.435495,,,mt5
run_20260427_080943,GBP/USD,forex,H4,trend_momentum,macd_direction,adx_min=20|fast=12|signal_period=9|slow=26,both,all,REJECT,72,0.347222,0.705383,-0.000832,-0.000832,-0.069541,-1.484055,-1.218399,0.072072,13.055556,-0.059268,-0.059268,-0.047806,-0.009540,0.493198,,,mt5
run_20260427_080943,GBP/USD,forex,H4,pullback,pullback_ema,pullback_period=20|rsi_reclaim=False|rsi_threshold=50|trend_period=200,both,all,REJECT,69,0.188406,0.582168,-0.000889,-0.000889,-0.066323,-2.009602,-1.664577,0.069069,7.811594,-0.060130,-0.060130,-0.026424,-0.032755,0.628125,,,mt5
run_20260427_080943,GBP/USD,forex,H4,pullback,pullback_ema,pullback_period=20|rsi_reclaim=True|rsi_threshold=50|trend_period=200,both,all,REJECT,63,0.174603,0.517506,-0.001079,-0.001079,-0.068379,-2.302018,-1.922902,0.063063,7.380952,-0.066321,-0.066321,-0.027310,-0.038253,0.579794,,,mt5
run_20260427_080943,GBP/USD,forex,H4,pullback,pullback_ema,pullback_period=50|rsi_reclaim=False|rsi_threshold=50|trend_period=200,both,all,REJECT,47,0.191489,0.378244,-0.001432,-0.001432,-0.073463,-3.048723,-2.650019,0.047047,11.595745,-0.065440,-0.065440,-0.032039,-0.032882,0.674107,,,mt5
run_20260427_080943,GBP/USD,forex,H4,pullback,pullback_ema,pullback_period=50|rsi_reclaim=True|rsi_threshold=50|trend_period=200,both,all,REJECT,37,0.216216,0.351235,-0.001551,-0.001551,-0.056067,-2.915807,-2.566502,0.037037,12.081081,-0.056067,-0.056067,-0.031552,-0.023674,0.547092,,,mt5
run_20260427_080943,GBP/USD,forex,H4,breakout,prev_day_hl,atr_expand_min=0.0,both,all,REJECT,41,0.439024,0.912979,-0.000256,-0.000256,-0.052265,-0.271335,-0.220789,0.041041,24.146341,-0.011570,-0.011570,0.007921,-0.030198,0.446000,,,mt5
run_20260427_080943,GBP/USD,forex,H4,breakout,prev_day_hl,atr_expand_min=0.5,both,all,REJECT,41,0.439024,0.897772,-0.000306,-0.000306,-0.054218,-0.321820,-0.261930,0.041041,24.073171,-0.013606,-0.013606,0.005844,-0.030198,0.446000,,,mt5
run_20260427_080943,GBP/USD,forex,H4,breakout,prev_day_hl,atr_expand_min=1.0,both,all,WEAK_CANDIDATE,35,0.428571,1.063103,0.000172,0.000172,-0.035996,0.162754,0.132392,0.035035,26.285714,0.005015,0.005015,0.014101,-0.020129,0.560000,,,mt5
run_20260427_080943,GBP/USD,forex,H4,breakout,session_opening_range,atr_expand_min=0.0|range_bars=6,both,all,REJECT,56,0.357143,0.627516,-0.001079,-0.001079,-0.085482,-1.694963,-1.401048,0.056056,17.500000,-0.059565,-0.059565,-0.023467,-0.038542,0.540624,,,mt5
run_20260427_080943,GBP/USD,forex,H4,breakout,session_opening_range,atr_expand_min=0.5|range_bars=6,both,all,REJECT,56,0.357143,0.627516,-0.001079,-0.001079,-0.085482,-1.694963,-1.401048,0.056056,17.500000,-0.059565,-0.059565,-0.023467,-0.038542,0.540624,,,mt5
run_20260427_080943,GBP/USD,forex,H4,breakout,session_opening_range,atr_expand_min=0.0|range_bars=12,both,all,REJECT,34,0.323529,0.692119,-0.001199,-0.001199,-0.080861,-1.040438,-0.854876,0.034034,28.852941,-0.041060,-0.041060,-0.023352,-0.023616,0.617285,,,mt5
run_20260427_080943,GBP/USD,forex,H4,breakout,session_opening_range,atr_expand_min=0.5|range_bars=12,both,all,REJECT,34,0.323529,0.692119,-0.001199,-0.001199,-0.080861,-1.040438,-0.854876,0.034034,28.852941,-0.041060,-0.041060,-0.023352,-0.023616,0.617285,,,mt5
run_20260427_080943,GBP/USD,forex,H4,breakout,london_breakout,atr_expand_min=0.0|utc_end=11|utc_start=7,both,all,REJECT,26,0.307692,0.821934,-0.000537,-0.000537,-0.044599,-0.515867,-0.420919,0.026026,18.500000,-0.014414,-0.014414,-0.001666,-0.012769,0.256000,,,mt5
run_20260427_080943,GBP/USD,forex,H4,breakout,london_breakout,atr_expand_min=0.5|utc_end=11|utc_start=7,both,all,REJECT,26,0.307692,0.821934,-0.000537,-0.000537,-0.044599,-0.515867,-0.420919,0.026026,18.500000,-0.014414,-0.014414,-0.001666,-0.012769,0.256000,,,mt5
run_20260427_080943,GBP/USD,forex,H4,breakout,ny_breakout,atr_expand_min=0.0|utc_end=16|utc_start=13,both,all,NEEDS_MORE_DATA,0,,,,,,,,,,,,,,,,only 0 trades < min 20,mt5
run_20260427_080943,GBP/USD,forex,H4,breakout,ny_breakout,atr_expand_min=0.5|utc_end=16|utc_start=13,both,all,NEEDS_MORE_DATA,0,,,,,,,,,,,,,,,,only 0 trades < min 20,mt5
run_20260427_080943,GBP/USD,forex,H4,mean_reversion,rsi_extreme,overbought=70|oversold=30|period=14,both,all,NEEDS_MORE_DATA,16,,,,,,,,,,,,,,,,only 16 trades < min 20,mt5
run_20260427_080943,GBP/USD,forex,H4,mean_reversion,rsi_extreme,overbought=75|oversold=30|period=14,both,all,NEEDS_MORE_DATA,12,,,,,,,,,,,,,,,,only 12 trades < min 20,mt5
run_20260427_080943,GBP/USD,forex,H4,mean_reversion,rsi_extreme,overbought=70|oversold=25|period=14,both,all,NEEDS_MORE_DATA,11,,,,,,,,,,,,,,,,only 11 trades < min 20,mt5
run_20260427_080943,GBP/USD,forex,H4,mean_reversion,rsi_extreme,overbought=75|oversold=25|period=14,both,all,NEEDS_MORE_DATA,7,,,,,,,,,,,,,,,,only 7 trades < min 20,mt5
run_20260427_080943,GBP/USD,forex,H4,mean_reversion,bollinger_touch,num_std=2.0|period=20,both,all,REJECT,43,0.581395,0.858651,-0.000328,-0.000328,-0.038183,-0.458825,-0.373719,0.043043,12.953488,-0.014731,-0.014731,-0.028870,0.014559,0.358000,,,mt5
run_20260427_080943,GBP/USD,forex,H4,mean_reversion,bollinger_touch,num_std=2.5|period=20,both,all,REJECT,25,0.600000,0.847177,-0.000363,-0.000363,-0.026251,-0.366309,-0.298418,0.025025,14.840000,-0.009492,-0.009492,-0.017180,0.007822,0.290000,,,mt5
run_20260427_080943,GBP/USD,forex,H4,mean_reversion,vwap_deviation,std_threshold=1.5,both,all,NEEDS_MORE_DATA,11,,,,,,,,,,,,,,,,only 11 trades < min 20,mt5
run_20260427_080943,GBP/USD,forex,H4,mean_reversion,vwap_deviation,std_threshold=2.0,both,all,NEEDS_MORE_DATA,10,,,,,,,,,,,,,,,,only 10 trades < min 20,mt5
run_20260427_080943,GBP/USD,forex,H4,engine_b_proxy,ob_bos,require_engulf=False|require_vol_expand=False|swing_period=5,both,all,REJECT,26,0.269231,0.485552,-0.002360,-0.002360,-0.072399,-1.762151,-1.491594,0.026026,34.384615,-0.060390,-0.060390,-0.030010,-0.044229,0.413853,,,mt5
run_20260427_080943,GBP/USD,forex,H4,engine_b_proxy,ob_bos,require_engulf=False|require_vol_expand=True|swing_period=5,both,all,REJECT,22,0.227273,0.455795,-0.002686,-0.002686,-0.066962,-1.834247,-1.571447,0.022022,33.500000,-0.058123,-0.058123,-0.045213,-0.026668,0.408949,,,mt5
run_20260427_080943,GBP/USD,forex,H4,engine_b_proxy,ob_bos,require_engulf=True|require_vol_expand=False|swing_period=5,both,all,REJECT,21,0.333333,0.732896,-0.001005,-0.001005,-0.035234,-0.695488,-0.569872,0.021021,37.047619,-0.021570,-0.021570,-0.012246,-0.022640,0.271388,,,mt5
run_20260427_080943,GBP/USD,forex,H4,engine_b_proxy,ob_bos,require_engulf=True|require_vol_expand=True|swing_period=5,both,all,NEEDS_MORE_DATA,19,,,,,,,,,,,,,,,,only 19 trades < min 20,mt5
run_20260427_080943,GBP/USD,forex,H4,engine_b_proxy,ob_bos,require_engulf=False|require_vol_expand=False|swing_period=10,both,all,NEEDS_MORE_DATA,12,,,,,,,,,,,,,,,,only 12 trades < min 20,mt5
run_20260427_080943,GBP/USD,forex,H4,engine_b_proxy,ob_bos,require_engulf=False|require_vol_expand=True|swing_period=10,both,all,NEEDS_MORE_DATA,11,,,,,,,,,,,,,,,,only 11 trades < min 20,mt5
run_20260427_080943,GBP/USD,forex,H4,engine_b_proxy,ob_bos,require_engulf=True|require_vol_expand=False|swing_period=10,both,all,NEEDS_MORE_DATA,11,,,,,,,,,,,,,,,,only 11 trades < min 20,mt5
run_20260427_080943,GBP/USD,forex,H4,engine_b_proxy,ob_bos,require_engulf=True|require_vol_expand=True|swing_period=10,both,all,NEEDS_MORE_DATA,11,,,,,,,,,,,,,,,,only 11 trades < min 20,mt5
run_20260427_080943,GBP/USD,forex,H4,engine_b_proxy,structure_filters,fvg_detection=False|strong_close_pct=0.7,both,all,REJECT,303,0.250825,0.413590,-0.001033,-0.001033,-0.273624,-7.208009,-6.108183,0.303303,3.151815,-0.269886,-0.269886,-0.217925,-0.066407,0.491418,,,mt5
run_20260427_080943,GBP/USD,forex,H4,engine_b_proxy,structure_filters,fvg_detection=True|strong_close_pct=0.7,both,all,REJECT,32,0.343750,0.501939,-0.001509,-0.001509,-0.058869,-1.894347,-1.599047,0.032032,12.906250,-0.047609,-0.047609,-0.005586,-0.042259,0.308667,,,mt5
run_20260427_080943,GBP/USD,forex,H4,engine_b_proxy,structure_filters,fvg_detection=False|strong_close_pct=0.8,both,all,REJECT,231,0.212121,0.358278,-0.001342,-0.001342,-0.273599,-7.254427,-6.274234,0.231231,4.034632,-0.267640,-0.267640,-0.214025,-0.068181,0.495570,,,mt5
run_20260427_080943,GBP/USD,forex,H4,engine_b_proxy,structure_filters,fvg_detection=True|strong_close_pct=0.8,both,all,REJECT,28,0.357143,0.531795,-0.001445,-0.001445,-0.051095,-1.641334,-1.378114,0.028028,13.392857,-0.040089,-0.040089,-0.004379,-0.035867,0.284667,,,mt5
run_20260427_080943,AUD/USD,forex,H4,trend_momentum,ema_cross,adx_min=0|fast_period=10|rsi_confirm=False|slow_period=50,both,all,REJECT,27,0.259259,0.772408,-0.001101,-0.001101,-0.084929,-0.570503,-0.465772,0.027027,33.888889,-0.031256,-0.031256,-0.004181,-0.072480,0.262000,,,mt5
run_20260427_080943,AUD/USD,forex,H4,trend_momentum,ema_cross,adx_min=0|fast_period=10|rsi_confirm=True|slow_period=50,both,all,REJECT,26,0.230769,0.688634,-0.001562,-0.001562,-0.084929,-0.791428,-0.648682,0.026026,32.461538,-0.041684,-0.041684,-0.014900,-0.072480,0.256000,,,mt5
run_20260427_080943,AUD/USD,forex,H4,trend_momentum,ema_cross,adx_min=20|fast_period=10|rsi_confirm=False|slow_period=50,both,all,REJECT,27,0.259259,0.772408,-0.001101,-0.001101,-0.084929,-0.570503,-0.465772,0.027027,33.888889,-0.031256,-0.031256,-0.004181,-0.072480,0.262000,,,mt5
run_20260427_080943,AUD/USD,forex,H4,trend_momentum,ema_cross,adx_min=20|fast_period=10|rsi_confirm=True|slow_period=50,both,all,REJECT,26,0.230769,0.688634,-0.001562,-0.001562,-0.084929,-0.791428,-0.648682,0.026026,32.461538,-0.041684,-0.041684,-0.014900,-0.072480,0.256000,,,mt5
run_20260427_080943,AUD/USD,forex,H4,trend_momentum,ema_cross,adx_min=25|fast_period=10|rsi_confirm=False|slow_period=50,both,all,REJECT,23,0.217391,0.358252,-0.003497,-0.003497,-0.102130,-2.448747,-2.183868,0.023023,26.521739,-0.078037,-0.078037,-0.005991,-0.072480,0.238000,,,mt5
run_20260427_080943,AUD/USD,forex,H4,trend_momentum,ema_cross,adx_min=25|fast_period=10|rsi_confirm=True|slow_period=50,both,all,REJECT,22,0.181818,0.269810,-0.004160,-0.004160,-0.102130,-2.899307,-2.717450,0.022022,24.500000,-0.088144,-0.088144,-0.016888,-0.072480,0.232000,,,mt5
run_20260427_080943,AUD/USD,forex,H4,trend_momentum,ema_cross,adx_min=0|fast_period=10|rsi_confirm=False|slow_period=100,both,all,REJECT,25,0.160000,0.594953,-0.002224,-0.002224,-0.070916,-1.062126,-0.876622,0.025025,36.720000,-0.056002,-0.056002,-0.030591,-0.070727,0.250000,,,mt5
run_20260427_080943,AUD/USD,forex,H4,trend_momentum,ema_cross,adx_min=0|fast_period=10|rsi_confirm=True|slow_period=100,both,all,REJECT,23,0.130435,0.535043,-0.002729,-0.002729,-0.070916,-1.213614,-1.008048,0.023023,36.391304,-0.062717,-0.062717,-0.037487,-0.070727,0.271981,,,mt5
run_20260427_080943,AUD/USD,forex,H4,trend_momentum,ema_cross,adx_min=20|fast_period=10|rsi_confirm=False|slow_period=100,both,all,REJECT,25,0.160000,0.594953,-0.002224,-0.002224,-0.070916,-1.062126,-0.876622,0.025025,36.720000,-0.056002,-0.056002,-0.030591,-0.070727,0.250000,,,mt5
run_20260427_080943,AUD/USD,forex,H4,trend_momentum,ema_cross,adx_min=20|fast_period=10|rsi_confirm=True|slow_period=100,both,all,REJECT,23,0.130435,0.535043,-0.002729,-0.002729,-0.070916,-1.213614,-1.008048,0.023023,36.391304,-0.062717,-0.062717,-0.037487,-0.070727,0.271981,,,mt5
run_20260427_080943,AUD/USD,forex,H4,trend_momentum,ema_cross,adx_min=25|fast_period=10|rsi_confirm=False|slow_period=100,both,all,NEEDS_MORE_DATA,18,,,,,,,,,,,,,,1.000000,,only 18 trades < min 20,mt5
run_20260427_080943,AUD/USD,forex,H4,trend_momentum,ema_cross,adx_min=25|fast_period=10|rsi_confirm=True|slow_period=100,both,all,NEEDS_MORE_DATA,17,,,,,,,,,,,,,,1.000000,,only 17 trades < min 20,mt5
run_20260427_080943,AUD/USD,forex,H4,trend_momentum,ema_cross,adx_min=0|fast_period=10|rsi_confirm=False|slow_period=200,both,all,NEEDS_MORE_DATA,13,,,,,,,,,,,,,,1.000000,,only 13 trades < min 20,mt5
run_20260427_080943,AUD/USD,forex,H4,trend_momentum,ema_cross,adx_min=0|fast_period=10|rsi_confirm=True|slow_period=200,both,all,NEEDS_MORE_DATA,12,,,,,,,,,,,,,,,,only 12 trades < min 20,mt5
run_20260427_080943,AUD/USD,forex,H4,trend_momentum,ema_cross,adx_min=20|fast_period=10|rsi_confirm=False|slow_period=200,both,all,NEEDS_MORE_DATA,13,,,,,,,,,,,,,,1.000000,,only 13 trades < min 20,mt5
run_20260427_080943,AUD/USD,forex,H4,trend_momentum,ema_cross,adx_min=20|fast_period=10|rsi_confirm=True|slow_period=200,both,all,NEEDS_MORE_DATA,12,,,,,,,,,,,,,,,,only 12 trades < min 20,mt5
run_20260427_080943,AUD/USD,forex,H4,trend_momentum,ema_cross,adx_min=25|fast_period=10|rsi_confirm=False|slow_period=200,both,all,NEEDS_MORE_DATA,11,,,,,,,,,,,,,,1.000000,,only 11 trades < min 20,mt5
run_20260427_080943,AUD/USD,forex,H4,trend_momentum,ema_cross,adx_min=25|fast_period=10|rsi_confirm=True|slow_period=200,both,all,NEEDS_MORE_DATA,10,,,,,,,,,,,,,,,,only 10 trades < min 20,mt5
run_20260427_080943,AUD/USD,forex,H4,trend_momentum,ema_cross,adx_min=0|fast_period=20|rsi_confirm=False|slow_period=50,both,all,NEEDS_MORE_DATA,19,,,,,,,,,,,,,,1.000000,,only 19 trades < min 20,mt5
run_20260427_080943,AUD/USD,forex,H4,trend_momentum,ema_cross,adx_min=0|fast_period=20|rsi_confirm=True|slow_period=50,both,all,NEEDS_MORE_DATA,18,,,,,,,,,,,,,,1.000000,,only 18 trades < min 20,mt5
run_20260427_080943,AUD/USD,forex,H4,trend_momentum,ema_cross,adx_min=20|fast_period=20|rsi_confirm=False|slow_period=50,both,all,NEEDS_MORE_DATA,19,,,,,,,,,,,,,,1.000000,,only 19 trades < min 20,mt5
run_20260427_080943,AUD/USD,forex,H4,trend_momentum,ema_cross,adx_min=20|fast_period=20|rsi_confirm=True|slow_period=50,both,all,NEEDS_MORE_DATA,18,,,,,,,,,,,,,,1.000000,,only 18 trades < min 20,mt5
run_20260427_080943,AUD/USD,forex,H4,trend_momentum,ema_cross,adx_min=25|fast_period=20|rsi_confirm=False|slow_period=50,both,all,NEEDS_MORE_DATA,16,,,,,,,,,,,,,,1.000000,,only 16 trades < min 20,mt5
run_20260427_080943,AUD/USD,forex,H4,trend_momentum,ema_cross,adx_min=25|fast_period=20|rsi_confirm=True|slow_period=50,both,all,NEEDS_MORE_DATA,15,,,,,,,,,,,,,,1.000000,,only 15 trades < min 20,mt5
run_20260427_080943,AUD/USD,forex,H4,trend_momentum,ema_cross,adx_min=0|fast_period=20|rsi_confirm=False|slow_period=100,both,all,NEEDS_MORE_DATA,17,,,,,,,,,,,,,,1.000000,,only 17 trades < min 20,mt5
run_20260427_080943,AUD/USD,forex,H4,trend_momentum,ema_cross,adx_min=0|fast_period=20|rsi_confirm=True|slow_period=100,both,all,NEEDS_MORE_DATA,16,,,,,,,,,,,,,,,,only 16 trades < min 20,mt5
run_20260427_080943,AUD/USD,forex,H4,trend_momentum,ema_cross,adx_min=20|fast_period=20|rsi_confirm=False|slow_period=100,both,all,NEEDS_MORE_DATA,17,,,,,,,,,,,,,,1.000000,,only 17 trades < min 20,mt5
run_20260427_080943,AUD/USD,forex,H4,trend_momentum,ema_cross,adx_min=20|fast_period=20|rsi_confirm=True|slow_period=100,both,all,NEEDS_MORE_DATA,16,,,,,,,,,,,,,,,,only 16 trades < min 20,mt5
run_20260427_080943,AUD/USD,forex,H4,trend_momentum,ema_cross,adx_min=25|fast_period=20|rsi_confirm=False|slow_period=100,both,all,NEEDS_MORE_DATA,15,,,,,,,,,,,,,,1.000000,,only 15 trades < min 20,mt5
run_20260427_080943,AUD/USD,forex,H4,trend_momentum,ema_cross,adx_min=25|fast_period=20|rsi_confirm=True|slow_period=100,both,all,NEEDS_MORE_DATA,14,,,,,,,,,,,,,,,,only 14 trades < min 20,mt5
run_20260427_080943,AUD/USD,forex,H4,trend_momentum,ema_cross,adx_min=0|fast_period=20|rsi_confirm=False|slow_period=200,both,all,NEEDS_MORE_DATA,11,,,,,,,,,,,,,,,,only 11 trades < min 20,mt5
run_20260427_080943,AUD/USD,forex,H4,trend_momentum,ema_cross,adx_min=0|fast_period=20|rsi_confirm=True|slow_period=200,both,all,NEEDS_MORE_DATA,10,,,,,,,,,,,,,,,,only 10 trades < min 20,mt5
run_20260427_080943,AUD/USD,forex,H4,trend_momentum,ema_cross,adx_min=20|fast_period=20|rsi_confirm=False|slow_period=200,both,all,NEEDS_MORE_DATA,11,,,,,,,,,,,,,,,,only 11 trades < min 20,mt5
run_20260427_080943,AUD/USD,forex,H4,trend_momentum,ema_cross,adx_min=20|fast_period=20|rsi_confirm=True|slow_period=200,both,all,NEEDS_MORE_DATA,10,,,,,,,,,,,,,,,,only 10 trades < min 20,mt5
run_20260427_080943,AUD/USD,forex,H4,trend_momentum,ema_cross,adx_min=25|fast_period=20|rsi_confirm=False|slow_period=200,both,all,NEEDS_MORE_DATA,10,,,,,,,,,,,,,,,,only 10 trades < min 20,mt5
run_20260427_080943,AUD/USD,forex,H4,trend_momentum,ema_cross,adx_min=25|fast_period=20|rsi_confirm=True|slow_period=200,both,all,NEEDS_MORE_DATA,9,,,,,,,,,,,,,,,,only 9 trades < min 20,mt5
run_20260427_080943,AUD/USD,forex,H4,trend_momentum,ema_alignment,adx_min=0|ema_long=200|ema_mid=50|ema_short=20,both,all,REJECT,30,0.133333,0.282073,-0.002998,-0.002998,-0.107561,-3.133207,-2.866679,0.030030,13.533333,-0.086583,-0.086583,-0.041915,-0.054594,0.489246,,,mt5
run_20260427_080943,AUD/USD,forex,H4,trend_momentum,ema_alignment,adx_min=20|ema_long=200|ema_mid=50|ema_short=20,both,all,REJECT,30,0.133333,0.282073,-0.002998,-0.002998,-0.107561,-3.133207,-2.866679,0.030030,13.533333,-0.086583,-0.086583,-0.041915,-0.054594,0.489246,,,mt5
run_20260427_080943,AUD/USD,forex,H4,trend_momentum,ema_alignment,adx_min=25|ema_long=200|ema_mid=50|ema_short=20,both,all,REJECT,28,0.142857,0.302620,-0.002908,-0.002908,-0.099922,-2.877267,-2.600038,0.028028,14.035714,-0.078764,-0.078764,-0.033714,-0.054594,0.382192,,,mt5
run_20260427_080943,AUD/USD,forex,H4,trend_momentum,macd_direction,adx_min=0|fast=12|signal_period=9|slow=26,both,all,REJECT,79,0.354430,0.755155,-0.000834,-0.000834,-0.087026,-1.191427,-0.974274,0.079079,12.607595,-0.065878,-0.065878,-0.040588,-0.026593,0.629891,,,mt5
run_20260427_080943,AUD/USD,forex,H4,trend_momentum,macd_direction,adx_min=20|fast=12|signal_period=9|slow=26,both,all,REJECT,73,0.356164,0.691361,-0.001086,-0.001086,-0.090507,-1.496544,-1.228675,0.073073,12.904110,-0.078158,-0.078158,-0.044246,-0.035714,0.675484,,,mt5
run_20260427_080943,AUD/USD,forex,H4,pullback,pullback_ema,pullback_period=20|rsi_reclaim=False|rsi_threshold=50|trend_period=200,both,all,REJECT,67,0.164179,0.648662,-0.000950,-0.000950,-0.084719,-1.330923,-1.091312,0.067067,7.268657,-0.063252,-0.063252,-0.008082,-0.055620,0.400000,,,mt5
run_20260427_080943,AUD/USD,forex,H4,pullback,pullback_ema,pullback_period=20|rsi_reclaim=True|rsi_threshold=50|trend_period=200,both,all,REJECT,64,0.140625,0.541416,-0.001286,-0.001286,-0.084731,-1.834322,-1.516646,0.064064,6.687500,-0.080379,-0.080379,-0.026218,-0.055620,0.400000,,,mt5
run_20260427_080943,AUD/USD,forex,H4,pullback,pullback_ema,pullback_period=50|rsi_reclaim=False|rsi_threshold=50|trend_period=200,both,all,REJECT,52,0.153846,0.497266,-0.001504,-0.001504,-0.085686,-1.993164,-1.661214,0.052052,10.557692,-0.076298,-0.076298,-0.015160,-0.072396,0.400000,,,mt5
run_20260427_080943,AUD/USD,forex,H4,pullback,pullback_ema,pullback_period=50|rsi_reclaim=True|rsi_threshold=50|trend_period=200,both,all,REJECT,36,0.166667,0.425664,-0.001922,-0.001922,-0.067720,-1.963525,-1.654313,0.036036,10.833333,-0.067720,-0.067720,-0.014688,-0.053822,0.316000,,,mt5
run_20260427_080943,AUD/USD,forex,H4,breakout,prev_day_hl,atr_expand_min=0.0,both,all,WEAK_CANDIDATE,33,0.363636,1.194096,0.000742,0.000742,-0.058031,0.452682,0.368877,0.033033,27.757576,0.022564,0.022564,0.044198,-0.024017,0.498000,,,mt5
run_20260427_080943,AUD/USD,forex,H4,breakout,prev_day_hl,atr_expand_min=0.5,both,all,WEAK_CANDIDATE,33,0.363636,1.194096,0.000742,0.000742,-0.058031,0.452682,0.368877,0.033033,27.757576,0.022564,0.022564,0.044198,-0.024017,0.498000,,,mt5
run_20260427_080943,AUD/USD,forex,H4,breakout,prev_day_hl,atr_expand_min=1.0,both,all,WEAK_CANDIDATE,27,0.333333,1.321570,0.001278,0.001278,-0.045938,0.650856,0.532001,0.027027,28.851852,0.032947,0.032947,0.039450,-0.006256,0.512000,,,mt5
run_20260427_080943,AUD/USD,forex,H4,breakout,session_opening_range,atr_expand_min=0.0|range_bars=6,both,all,WEAK_CANDIDATE,44,0.431818,1.879591,0.002210,0.002210,-0.030675,1.771600,1.474385,0.044044,22.318182,0.099657,0.099657,0.108173,-0.013353,0.497333,,,mt5
run_20260427_080943,AUD/USD,forex,H4,breakout,session_opening_range,atr_expand_min=0.5|range_bars=6,both,all,WEAK_CANDIDATE,44,0.431818,1.879591,0.002210,0.002210,-0.030675,1.771600,1.474385,0.044044,22.318182,0.099657,0.099657,0.108173,-0.013353,0.497333,,,mt5
run_20260427_080943,AUD/USD,forex,H4,breakout,session_opening_range,atr_expand_min=0.0|range_bars=12,both,all,WEAK_CANDIDATE,28,0.464286,1.719502,0.002237,0.002237,-0.050554,1.165168,0.962695,0.028028,35.071429,0.062335,0.062335,0.052597,0.004355,0.409504,,,mt5
run_20260427_080943,AUD/USD,forex,H4,breakout,session_opening_range,atr_expand_min=0.5|range_bars=12,both,all,WEAK_CANDIDATE,28,0.464286,1.719502,0.002237,0.002237,-0.050554,1.165168,0.962695,0.028028,35.071429,0.062335,0.062335,0.052597,0.004355,0.409504,,,mt5
run_20260427_080943,AUD/USD,forex,H4,breakout,london_breakout,atr_expand_min=0.0|utc_end=11|utc_start=7,both,all,NEEDS_MORE_DATA,13,,,,,,,,,,,,,,1.000000,,only 13 trades < min 20,mt5
run_20260427_080943,AUD/USD,forex,H4,breakout,london_breakout,atr_expand_min=0.5|utc_end=11|utc_start=7,both,all,NEEDS_MORE_DATA,13,,,,,,,,,,,,,,1.000000,,only 13 trades < min 20,mt5
run_20260427_080943,AUD/USD,forex,H4,breakout,ny_breakout,atr_expand_min=0.0|utc_end=16|utc_start=13,both,all,NEEDS_MORE_DATA,0,,,,,,,,,,,,,,,,only 0 trades < min 20,mt5
run_20260427_080943,AUD/USD,forex,H4,breakout,ny_breakout,atr_expand_min=0.5|utc_end=16|utc_start=13,both,all,NEEDS_MORE_DATA,0,,,,,,,,,,,,,,,,only 0 trades < min 20,mt5
run_20260427_080943,AUD/USD,forex,H4,mean_reversion,rsi_extreme,overbought=70|oversold=30|period=14,both,all,NEEDS_MORE_DATA,15,,,,,,,,,,,,,,,,only 15 trades < min 20,mt5
run_20260427_080943,AUD/USD,forex,H4,mean_reversion,rsi_extreme,overbought=75|oversold=30|period=14,both,all,NEEDS_MORE_DATA,12,,,,,,,,,,,,,,,,only 12 trades < min 20,mt5
run_20260427_080943,AUD/USD,forex,H4,mean_reversion,rsi_extreme,overbought=70|oversold=25|period=14,both,all,NEEDS_MORE_DATA,11,,,,,,,,,,,,,,,,only 11 trades < min 20,mt5
run_20260427_080943,AUD/USD,forex,H4,mean_reversion,rsi_extreme,overbought=75|oversold=25|period=14,both,all,NEEDS_MORE_DATA,8,,,,,,,,,,,,,,,,only 8 trades < min 20,mt5
run_20260427_080943,AUD/USD,forex,H4,mean_reversion,bollinger_touch,num_std=2.0|period=20,both,all,REJECT,32,0.531250,0.502969,-0.002170,-0.002170,-0.089189,-1.425915,-1.183956,0.032032,17.343750,-0.068785,-0.068785,-0.071756,0.003201,0.292000,,,mt5
run_20260427_080943,AUD/USD,forex,H4,mean_reversion,bollinger_touch,num_std=2.5|period=20,both,all,NEEDS_MORE_DATA,17,,,,,,,,,,,,,,1.000000,,only 17 trades < min 20,mt5
run_20260427_080943,AUD/USD,forex,H4,mean_reversion,vwap_deviation,std_threshold=1.5,both,all,NEEDS_MORE_DATA,8,,,,,,,,,,,,,,,,only 8 trades < min 20,mt5
run_20260427_080943,AUD/USD,forex,H4,mean_reversion,vwap_deviation,std_threshold=2.0,both,all,NEEDS_MORE_DATA,7,,,,,,,,,,,,,,,,only 7 trades < min 20,mt5
run_20260427_080943,AUD/USD,forex,H4,engine_b_proxy,ob_bos,require_engulf=False|require_vol_expand=False|swing_period=5,both,all,NEEDS_MORE_DATA,16,,,,,,,,,,,,,,1.000000,,only 16 trades < min 20,mt5
run_20260427_080943,AUD/USD,forex,H4,engine_b_proxy,ob_bos,require_engulf=False|require_vol_expand=True|swing_period=5,both,all,NEEDS_MORE_DATA,13,,,,,,,,,,,,,,1.000000,,only 13 trades < min 20,mt5
run_20260427_080943,AUD/USD,forex,H4,engine_b_proxy,ob_bos,require_engulf=True|require_vol_expand=False|swing_period=5,both,all,NEEDS_MORE_DATA,15,,,,,,,,,,,,,,1.000000,,only 15 trades < min 20,mt5
run_20260427_080943,AUD/USD,forex,H4,engine_b_proxy,ob_bos,require_engulf=True|require_vol_expand=True|swing_period=5,both,all,NEEDS_MORE_DATA,11,,,,,,,,,,,,,,,,only 11 trades < min 20,mt5
run_20260427_080943,AUD/USD,forex,H4,engine_b_proxy,ob_bos,require_engulf=False|require_vol_expand=False|swing_period=10,both,all,NEEDS_MORE_DATA,11,,,,,,,,,,,,,,,,only 11 trades < min 20,mt5
run_20260427_080943,AUD/USD,forex,H4,engine_b_proxy,ob_bos,require_engulf=False|require_vol_expand=True|swing_period=10,both,all,NEEDS_MORE_DATA,8,,,,,,,,,,,,,,,,only 8 trades < min 20,mt5
run_20260427_080943,AUD/USD,forex,H4,engine_b_proxy,ob_bos,require_engulf=True|require_vol_expand=False|swing_period=10,both,all,NEEDS_MORE_DATA,10,,,,,,,,,,,,,,,,only 10 trades < min 20,mt5
run_20260427_080943,AUD/USD,forex,H4,engine_b_proxy,ob_bos,require_engulf=True|require_vol_expand=True|swing_period=10,both,all,NEEDS_MORE_DATA,7,,,,,,,,,,,,,,,,only 7 trades < min 20,mt5
run_20260427_080943,AUD/USD,forex,H4,engine_b_proxy,structure_filters,fvg_detection=False|strong_close_pct=0.7,both,all,REJECT,327,0.259939,0.414075,-0.001256,-0.001256,-0.355769,-7.057910,-5.944832,0.327327,2.926606,-0.338476,-0.338476,-0.278399,-0.084534,0.491093,,,mt5
run_20260427_080943,AUD/USD,forex,H4,engine_b_proxy,structure_filters,fvg_detection=True|strong_close_pct=0.7,both,all,WEAK_CANDIDATE,29,0.413793,1.511883,0.001173,0.001173,-0.032704,1.041334,0.857220,0.029029,15.965517,0.033767,0.033767,0.048330,-0.013892,0.390667,,,mt5
run_20260427_080943,AUD/USD,forex,H4,engine_b_proxy,structure_filters,fvg_detection=False|strong_close_pct=0.8,both,all,REJECT,217,0.281106,0.558074,-0.001015,-0.001015,-0.238964,-3.768267,-3.117812,0.217217,4.193548,-0.199811,-0.199811,-0.134163,-0.078904,0.576437,,,mt5
run_20260427_080943,AUD/USD,forex,H4,engine_b_proxy,structure_filters,fvg_detection=True|strong_close_pct=0.8,both,all,WEAK_CANDIDATE,26,0.346154,1.141187,0.000372,0.000372,-0.024668,0.322660,0.262743,0.026026,17.000000,0.009037,0.009037,0.034557,-0.024668,0.372667,,,mt5
run_20260427_080943,USD/JPY,forex,H4,trend_momentum,ema_cross,adx_min=0|fast_period=10|rsi_confirm=False|slow_period=50,both,all,REJECT,36,0.166667,0.299915,-0.003020,-0.003020,-0.103932,-2.963494,-2.622626,0.036036,27.111111,-0.103932,-0.103932,-0.051090,-0.056597,0.583665,,,mt5
run_20260427_080943,USD/JPY,forex,H4,trend_momentum,ema_cross,adx_min=0|fast_period=10|rsi_confirm=True|slow_period=50,both,all,REJECT,32,0.125000,0.322399,-0.003053,-0.003053,-0.093983,-2.700628,-2.376499,0.032032,25.125000,-0.093983,-0.093983,-0.040555,-0.056597,0.473330,,,mt5
run_20260427_080943,USD/JPY,forex,H4,trend_momentum,ema_cross,adx_min=20|fast_period=10|rsi_confirm=False|slow_period=50,both,all,REJECT,36,0.166667,0.299915,-0.003020,-0.003020,-0.103932,-2.963494,-2.622626,0.036036,27.111111,-0.103932,-0.103932,-0.051090,-0.056597,0.583665,,,mt5
run_20260427_080943,USD/JPY,forex,H4,trend_momentum,ema_cross,adx_min=20|fast_period=10|rsi_confirm=True|slow_period=50,both,all,REJECT,32,0.125000,0.322399,-0.003053,-0.003053,-0.093983,-2.700628,-2.376499,0.032032,25.125000,-0.093983,-0.093983,-0.040555,-0.056597,0.473330,,,mt5
run_20260427_080943,USD/JPY,forex,H4,trend_momentum,ema_cross,adx_min=25|fast_period=10|rsi_confirm=False|slow_period=50,both,all,REJECT,34,0.176471,0.324312,-0.002854,-0.002854,-0.093369,-2.694073,-2.357612,0.034034,27.588235,-0.093369,-0.093369,-0.047387,-0.049186,0.592609,,,mt5
run_20260427_080943,USD/JPY,forex,H4,trend_momentum,ema_cross,adx_min=25|fast_period=10|rsi_confirm=True|slow_period=50,both,all,REJECT,30,0.133333,0.350821,-0.002867,-0.002867,-0.083303,-2.423235,-2.107447,0.030030,25.533333,-0.083303,-0.083303,-0.036810,-0.049186,0.479138,,,mt5
run_20260427_080943,USD/JPY,forex,H4,trend_momentum,ema_cross,adx_min=0|fast_period=10|rsi_confirm=False|slow_period=100,both,all,REJECT,22,0.090909,0.414829,-0.003240,-0.003240,-0.069912,-1.785687,-1.525476,0.022022,44.363636,-0.069912,-0.069912,-0.046814,-0.023973,0.385626,,,mt5
run_20260427_080943,USD/JPY,forex,H4,trend_momentum,ema_cross,adx_min=0|fast_period=10|rsi_confirm=True|slow_period=100,both,all,NEEDS_MORE_DATA,19,,,,,,,,,,,,,,1.000000,,only 19 trades < min 20,mt5
run_20260427_080943,USD/JPY,forex,H4,trend_momentum,ema_cross,adx_min=20|fast_period=10|rsi_confirm=False|slow_period=100,both,all,REJECT,22,0.090909,0.414829,-0.003240,-0.003240,-0.069912,-1.785687,-1.525476,0.022022,44.363636,-0.069912,-0.069912,-0.046814,-0.023973,0.385626,,,mt5
run_20260427_080943,USD/JPY,forex,H4,trend_momentum,ema_cross,adx_min=20|fast_period=10|rsi_confirm=True|slow_period=100,both,all,NEEDS_MORE_DATA,19,,,,,,,,,,,,,,1.000000,,only 19 trades < min 20,mt5
run_20260427_080943,USD/JPY,forex,H4,trend_momentum,ema_cross,adx_min=25|fast_period=10|rsi_confirm=False|slow_period=100,both,all,REJECT,22,0.090909,0.414829,-0.003240,-0.003240,-0.069912,-1.785687,-1.525476,0.022022,44.363636,-0.069912,-0.069912,-0.046814,-0.023973,0.385626,,,mt5
run_20260427_080943,USD/JPY,forex,H4,trend_momentum,ema_cross,adx_min=25|fast_period=10|rsi_confirm=True|slow_period=100,both,all,NEEDS_MORE_DATA,19,,,,,,,,,,,,,,1.000000,,only 19 trades < min 20,mt5
run_20260427_080943,USD/JPY,forex,H4,trend_momentum,ema_cross,adx_min=0|fast_period=10|rsi_confirm=False|slow_period=200,both,all,NEEDS_MORE_DATA,12,,,,,,,,,,,,,,1.000000,,only 12 trades < min 20,mt5
run_20260427_080943,USD/JPY,forex,H4,trend_momentum,ema_cross,adx_min=0|fast_period=10|rsi_confirm=True|slow_period=200,both,all,NEEDS_MORE_DATA,8,,,,,,,,,,,,,,,,only 8 trades < min 20,mt5
run_20260427_080943,USD/JPY,forex,H4,trend_momentum,ema_cross,adx_min=20|fast_period=10|rsi_confirm=False|slow_period=200,both,all,NEEDS_MORE_DATA,11,,,,,,,,,,,,,,1.000000,,only 11 trades < min 20,mt5
run_20260427_080943,USD/JPY,forex,H4,trend_momentum,ema_cross,adx_min=20|fast_period=10|rsi_confirm=True|slow_period=200,both,all,NEEDS_MORE_DATA,7,,,,,,,,,,,,,,,,only 7 trades < min 20,mt5
run_20260427_080943,USD/JPY,forex,H4,trend_momentum,ema_cross,adx_min=25|fast_period=10|rsi_confirm=False|slow_period=200,both,all,NEEDS_MORE_DATA,10,,,,,,,,,,,,,,1.000000,,only 10 trades < min 20,mt5
run_20260427_080943,USD/JPY,forex,H4,trend_momentum,ema_cross,adx_min=25|fast_period=10|rsi_confirm=True|slow_period=200,both,all,NEEDS_MORE_DATA,7,,,,,,,,,,,,,,,,only 7 trades < min 20,mt5
run_20260427_080943,USD/JPY,forex,H4,trend_momentum,ema_cross,adx_min=0|fast_period=20|rsi_confirm=False|slow_period=50,both,all,REJECT,22,0.090909,0.251633,-0.005446,-0.005446,-0.114078,-2.890436,-2.706422,0.022022,44.454545,-0.114078,-0.114078,-0.095547,-0.015236,0.279837,,,mt5
run_20260427_080943,USD/JPY,forex,H4,trend_momentum,ema_cross,adx_min=0|fast_period=20|rsi_confirm=True|slow_period=50,both,all,NEEDS_MORE_DATA,19,,,,,,,,,,,,,,1.000000,,only 19 trades < min 20,mt5
run_20260427_080943,USD/JPY,forex,H4,trend_momentum,ema_cross,adx_min=20|fast_period=20|rsi_confirm=False|slow_period=50,both,all,REJECT,22,0.090909,0.251633,-0.005446,-0.005446,-0.114078,-2.890436,-2.706422,0.022022,44.454545,-0.114078,-0.114078,-0.095547,-0.015236,0.279837,,,mt5
run_20260427_080943,USD/JPY,forex,H4,trend_momentum,ema_cross,adx_min=20|fast_period=20|rsi_confirm=True|slow_period=50,both,all,NEEDS_MORE_DATA,19,,,,,,,,,,,,,,1.000000,,only 19 trades < min 20,mt5
run_20260427_080943,USD/JPY,forex,H4,trend_momentum,ema_cross,adx_min=25|fast_period=20|rsi_confirm=False|slow_period=50,both,all,REJECT,22,0.090909,0.251633,-0.005446,-0.005446,-0.114078,-2.890436,-2.706422,0.022022,44.454545,-0.114078,-0.114078,-0.095547,-0.015236,0.279837,,,mt5
run_20260427_080943,USD/JPY,forex,H4,trend_momentum,ema_cross,adx_min=25|fast_period=20|rsi_confirm=True|slow_period=50,both,all,NEEDS_MORE_DATA,19,,,,,,,,,,,,,,1.000000,,only 19 trades < min 20,mt5
run_20260427_080943,USD/JPY,forex,H4,trend_momentum,ema_cross,adx_min=0|fast_period=20|rsi_confirm=False|slow_period=100,both,all,REJECT,22,0.136364,0.312752,-0.004737,-0.004737,-0.100280,-2.383300,-2.123636,0.022022,44.409091,-0.100280,-0.100280,-0.076833,-0.014793,0.289759,,,mt5
run_20260427_080943,USD/JPY,forex,H4,trend_momentum,ema_cross,adx_min=0|fast_period=20|rsi_confirm=True|slow_period=100,both,all,NEEDS_MORE_DATA,19,,,,,,,,,,,,,,,,only 19 trades < min 20,mt5
run_20260427_080943,USD/JPY,forex,H4,trend_momentum,ema_cross,adx_min=20|fast_period=20|rsi_confirm=False|slow_period=100,both,all,REJECT,22,0.136364,0.312752,-0.004737,-0.004737,-0.100280,-2.383300,-2.123636,0.022022,44.409091,-0.100280,-0.100280,-0.076833,-0.014793,0.289759,,,mt5
run_20260427_080943,USD/JPY,forex,H4,trend_momentum,ema_cross,adx_min=20|fast_period=20|rsi_confirm=True|slow_period=100,both,all,NEEDS_MORE_DATA,19,,,,,,,,,,,,,,,,only 19 trades < min 20,mt5
run_20260427_080943,USD/JPY,forex,H4,trend_momentum,ema_cross,adx_min=25|fast_period=20|rsi_confirm=False|slow_period=100,both,all,REJECT,20,0.150000,0.343752,-0.004527,-0.004527,-0.087844,-2.107072,-1.851979,0.020020,46.550000,-0.087844,-0.087844,-0.071368,-0.007054,0.249651,,,mt5
run_20260427_080943,USD/JPY,forex,H4,trend_momentum,ema_cross,adx_min=25|fast_period=20|rsi_confirm=True|slow_period=100,both,all,NEEDS_MORE_DATA,17,,,,,,,,,,,,,,,,only 17 trades < min 20,mt5
run_20260427_080943,USD/JPY,forex,H4,trend_momentum,ema_cross,adx_min=0|fast_period=20|rsi_confirm=False|slow_period=200,both,all,NEEDS_MORE_DATA,10,,,,,,,,,,,,,,,,only 10 trades < min 20,mt5
run_20260427_080943,USD/JPY,forex,H4,trend_momentum,ema_cross,adx_min=0|fast_period=20|rsi_confirm=True|slow_period=200,both,all,NEEDS_MORE_DATA,7,,,,,,,,,,,,,,,,only 7 trades < min 20,mt5
run_20260427_080943,USD/JPY,forex,H4,trend_momentum,ema_cross,adx_min=20|fast_period=20|rsi_confirm=False|slow_period=200,both,all,NEEDS_MORE_DATA,10,,,,,,,,,,,,,,,,only 10 trades < min 20,mt5
run_20260427_080943,USD/JPY,forex,H4,trend_momentum,ema_cross,adx_min=20|fast_period=20|rsi_confirm=True|slow_period=200,both,all,NEEDS_MORE_DATA,7,,,,,,,,,,,,,,,,only 7 trades < min 20,mt5
run_20260427_080943,USD/JPY,forex,H4,trend_momentum,ema_cross,adx_min=25|fast_period=20|rsi_confirm=False|slow_period=200,both,all,NEEDS_MORE_DATA,9,,,,,,,,,,,,,,,,only 9 trades < min 20,mt5
run_20260427_080943,USD/JPY,forex,H4,trend_momentum,ema_cross,adx_min=25|fast_period=20|rsi_confirm=True|slow_period=200,both,all,NEEDS_MORE_DATA,6,,,,,,,,,,,,,,,,only 6 trades < min 20,mt5
run_20260427_080943,USD/JPY,forex,H4,trend_momentum,ema_alignment,adx_min=0|ema_long=200|ema_mid=50|ema_short=20,both,all,REJECT,31,0.129032,0.336342,-0.002196,-0.002196,-0.066297,-2.609219,-2.289141,0.031031,13.903226,-0.066297,-0.066297,-0.051529,-0.016790,0.383750,,,mt5
run_20260427_080943,USD/JPY,forex,H4,trend_momentum,ema_alignment,adx_min=20|ema_long=200|ema_mid=50|ema_short=20,both,all,REJECT,31,0.096774,0.261087,-0.002601,-0.002601,-0.077952,-3.083219,-2.797313,0.031031,12.967742,-0.077952,-0.077952,-0.063369,-0.016790,0.365486,,,mt5
run_20260427_080943,USD/JPY,forex,H4,trend_momentum,ema_alignment,adx_min=25|ema_long=200|ema_mid=50|ema_short=20,both,all,REJECT,28,0.107143,0.216942,-0.002818,-0.002818,-0.076286,-3.222701,-3.003262,0.028028,13.500000,-0.076286,-0.076286,-0.057886,-0.014814,0.344776,,,mt5
run_20260427_080943,USD/JPY,forex,H4,trend_momentum,macd_direction,adx_min=0|fast=12|signal_period=9|slow=26,both,all,WEAK_CANDIDATE,65,0.415385,1.348899,0.000838,0.000838,-0.091616,0.972979,0.794863,0.065065,15.292308,0.053529,0.053529,0.152196,-0.090019,0.533333,,,mt5
run_20260427_080943,USD/JPY,forex,H4,trend_momentum,macd_direction,adx_min=20|fast=12|signal_period=9|slow=26,both,all,WEAK_CANDIDATE,62,0.403226,1.262713,0.000658,0.000658,-0.091616,0.738013,0.601831,0.062062,15.161290,0.039281,0.039281,0.136614,-0.090019,0.533333,,,mt5
run_20260427_080943,USD/JPY,forex,H4,pullback,pullback_ema,pullback_period=20|rsi_reclaim=False|rsi_threshold=50|trend_period=200,both,all,REJECT,70,0.214286,0.515114,-0.001045,-0.001045,-0.071187,-2.412363,-2.014020,0.070070,7.400000,-0.071187,-0.071187,-0.033673,-0.037197,0.668605,,,mt5
run_20260427_080943,USD/JPY,forex,H4,pullback,pullback_ema,pullback_period=20|rsi_reclaim=True|rsi_threshold=50|trend_period=200,both,all,REJECT,58,0.224138,0.597176,-0.000865,-0.000865,-0.049572,-1.719624,-1.421238,0.058058,7.655172,-0.049572,-0.049572,-0.012005,-0.036398,0.400000,,,mt5
run_20260427_080943,USD/JPY,forex,H4,pullback,pullback_ema,pullback_period=50|rsi_reclaim=False|rsi_threshold=50|trend_period=200,both,all,REJECT,55,0.181818,0.445016,-0.001268,-0.001268,-0.067888,-2.613016,-2.212601,0.055055,10.109091,-0.067888,-0.067888,-0.050758,-0.029615,0.575035,,,mt5
run_20260427_080943,USD/JPY,forex,H4,pullback,pullback_ema,pullback_period=50|rsi_reclaim=True|rsi_threshold=50|trend_period=200,both,all,REJECT,28,0.178571,0.623935,-0.000696,-0.000696,-0.026159,-1.166964,-0.964227,0.028028,11.785714,-0.019512,-0.019512,-0.005037,-0.026159,0.268000,,,mt5
run_20260427_080943,USD/JPY,forex,H4,breakout,prev_day_hl,atr_expand_min=0.0,both,all,WEAK_CANDIDATE,39,0.358974,1.101805,0.000293,0.000293,-0.059317,0.266199,0.216612,0.039039,23.051282,0.010093,0.010093,0.045987,-0.041563,0.534000,,,mt5
run_20260427_080943,USD/JPY,forex,H4,breakout,prev_day_hl,atr_expand_min=0.5,both,all,WEAK_CANDIDATE,38,0.368421,1.121649,0.000353,0.000353,-0.057447,0.312685,0.254500,0.038038,23.394737,0.012101,0.012101,0.045987,-0.039657,0.528000,,,mt5
run_20260427_080943,USD/JPY,forex,H4,breakout,prev_day_hl,atr_expand_min=1.0,both,all,WEAK_CANDIDATE,29,0.448276,1.212631,0.000635,0.000635,-0.049432,0.465892,0.379800,0.029029,24.000000,0.017402,0.017402,0.052193,-0.040513,0.524000,,,mt5
run_20260427_080943,USD/JPY,forex,H4,breakout,session_opening_range,atr_expand_min=0.0|range_bars=6,both,all,REJECT,60,0.350000,0.977123,-0.000062,-0.000062,-0.039060,-0.080740,-0.065664,0.060060,16.366667,-0.005254,-0.005254,0.018468,-0.041641,0.433333,,,mt5
run_20260427_080943,USD/JPY,forex,H4,breakout,session_opening_range,atr_expand_min=0.5|range_bars=6,both,all,REJECT,60,0.350000,0.977123,-0.000062,-0.000062,-0.039060,-0.080740,-0.065664,0.060060,16.366667,-0.005254,-0.005254,0.018468,-0.041641,0.433333,,,mt5
run_20260427_080943,USD/JPY,forex,H4,breakout,session_opening_range,atr_expand_min=0.0|range_bars=12,both,all,REJECT,38,0.368421,0.485678,-0.002100,-0.002100,-0.077660,-2.158337,-1.828002,0.038038,25.842105,-0.077660,-0.077660,-0.023924,-0.065817,0.344667,,,mt5
run_20260427_080943,USD/JPY,forex,H4,breakout,session_opening_range,atr_expand_min=0.5|range_bars=12,both,all,REJECT,38,0.368421,0.478826,-0.002158,-0.002158,-0.079717,-2.204665,-1.870676,0.038038,25.736842,-0.079717,-0.079717,-0.023924,-0.067901,0.344667,,,mt5
run_20260427_080943,USD/JPY,forex,H4,breakout,london_breakout,atr_expand_min=0.0|utc_end=11|utc_start=7,both,all,NEEDS_MORE_DATA,19,,,,,,,,,,,,,,1.000000,,only 19 trades < min 20,mt5
run_20260427_080943,USD/JPY,forex,H4,breakout,london_breakout,atr_expand_min=0.5|utc_end=11|utc_start=7,both,all,NEEDS_MORE_DATA,18,,,,,,,,,,,,,,1.000000,,only 18 trades < min 20,mt5
run_20260427_080943,USD/JPY,forex,H4,breakout,ny_breakout,atr_expand_min=0.0|utc_end=16|utc_start=13,both,all,NEEDS_MORE_DATA,0,,,,,,,,,,,,,,,,only 0 trades < min 20,mt5
run_20260427_080943,USD/JPY,forex,H4,breakout,ny_breakout,atr_expand_min=0.5|utc_end=16|utc_start=13,both,all,NEEDS_MORE_DATA,0,,,,,,,,,,,,,,,,only 0 trades < min 20,mt5
run_20260427_080943,USD/JPY,forex,H4,mean_reversion,rsi_extreme,overbought=70|oversold=30|period=14,both,all,NEEDS_MORE_DATA,19,,,,,,,,,,,,,,,,only 19 trades < min 20,mt5
run_20260427_080943,USD/JPY,forex,H4,mean_reversion,rsi_extreme,overbought=75|oversold=30|period=14,both,all,NEEDS_MORE_DATA,12,,,,,,,,,,,,,,,,only 12 trades < min 20,mt5
run_20260427_080943,USD/JPY,forex,H4,mean_reversion,rsi_extreme,overbought=70|oversold=25|period=14,both,all,NEEDS_MORE_DATA,16,,,,,,,,,,,,,,,,only 16 trades < min 20,mt5
run_20260427_080943,USD/JPY,forex,H4,mean_reversion,rsi_extreme,overbought=75|oversold=25|period=14,both,all,NEEDS_MORE_DATA,9,,,,,,,,,,,,,,,,only 9 trades < min 20,mt5
run_20260427_080943,USD/JPY,forex,H4,mean_reversion,bollinger_touch,num_std=2.0|period=20,both,all,REJECT,35,0.600000,0.734827,-0.000784,-0.000784,-0.065751,-0.818933,-0.670107,0.035035,12.885714,-0.027916,-0.027916,-0.051456,0.024817,0.310000,,,mt5
run_20260427_080943,USD/JPY,forex,H4,mean_reversion,bollinger_touch,num_std=2.5|period=20,both,all,REJECT,23,0.695652,0.968479,-0.000089,-0.000089,-0.038370,-0.071438,-0.058101,0.023023,13.000000,-0.002678,-0.002678,-0.027816,0.025857,0.278000,,,mt5
run_20260427_080943,USD/JPY,forex,H4,mean_reversion,vwap_deviation,std_threshold=1.5,both,all,NEEDS_MORE_DATA,7,,,,,,,,,,,,,,,,only 7 trades < min 20,mt5
run_20260427_080943,USD/JPY,forex,H4,mean_reversion,vwap_deviation,std_threshold=2.0,both,all,NEEDS_MORE_DATA,7,,,,,,,,,,,,,,,,only 7 trades < min 20,mt5
run_20260427_080943,USD/JPY,forex,H4,engine_b_proxy,ob_bos,require_engulf=False|require_vol_expand=False|swing_period=5,both,all,REJECT,24,0.291667,0.440905,-0.003424,-0.003424,-0.079978,-2.086178,-1.805544,0.024024,36.625000,-0.079978,-0.079978,-0.036669,-0.044444,0.480392,,,mt5
run_20260427_080943,USD/JPY,forex,H4,engine_b_proxy,ob_bos,require_engulf=False|require_vol_expand=True|swing_period=5,both,all,NEEDS_MORE_DATA,16,,,,,,,,,,,,,,1.000000,,only 16 trades < min 20,mt5
run_20260427_080943,USD/JPY,forex,H4,engine_b_proxy,ob_bos,require_engulf=True|require_vol_expand=False|swing_period=5,both,all,REJECT,22,0.272727,0.443802,-0.003649,-0.003649,-0.078220,-2.042110,-1.772990,0.022022,37.000000,-0.078220,-0.078220,-0.044240,-0.035034,0.469575,,,mt5
run_20260427_080943,USD/JPY,forex,H4,engine_b_proxy,ob_bos,require_engulf=True|require_vol_expand=True|swing_period=5,both,all,NEEDS_MORE_DATA,15,,,,,,,,,,,,,,,,only 15 trades < min 20,mt5
run_20260427_080943,USD/JPY,forex,H4,engine_b_proxy,ob_bos,require_engulf=False|require_vol_expand=False|swing_period=10,both,all,NEEDS_MORE_DATA,10,,,,,,,,,,,,,,,,only 10 trades < min 20,mt5
run_20260427_080943,USD/JPY,forex,H4,engine_b_proxy,ob_bos,require_engulf=False|require_vol_expand=True|swing_period=10,both,all,NEEDS_MORE_DATA,9,,,,,,,,,,,,,,,,only 9 trades < min 20,mt5
run_20260427_080943,USD/JPY,forex,H4,engine_b_proxy,ob_bos,require_engulf=True|require_vol_expand=False|swing_period=10,both,all,NEEDS_MORE_DATA,10,,,,,,,,,,,,,,,,only 10 trades < min 20,mt5
run_20260427_080943,USD/JPY,forex,H4,engine_b_proxy,ob_bos,require_engulf=True|require_vol_expand=True|swing_period=10,both,all,NEEDS_MORE_DATA,9,,,,,,,,,,,,,,,,only 9 trades < min 20,mt5
run_20260427_080943,USD/JPY,forex,H4,engine_b_proxy,structure_filters,fvg_detection=False|strong_close_pct=0.7,both,all,REJECT,299,0.270903,0.472279,-0.000939,-0.000939,-0.246032,-5.862088,-4.899612,0.299299,3.173913,-0.246032,-0.246032,-0.219850,-0.032742,0.444679,,,mt5
run_20260427_080943,USD/JPY,forex,H4,engine_b_proxy,structure_filters,fvg_detection=True|strong_close_pct=0.7,both,all,REJECT,44,0.227273,0.606710,-0.001086,-0.001086,-0.066293,-1.597175,-1.323385,0.044044,10.818182,-0.047298,-0.047298,0.001192,-0.046014,0.380667,,,mt5
run_20260427_080943,USD/JPY,forex,H4,engine_b_proxy,structure_filters,fvg_detection=False|strong_close_pct=0.8,both,all,REJECT,206,0.271845,0.525107,-0.000941,-0.000941,-0.177775,-3.978750,-3.303035,0.206206,4.334951,-0.177775,-0.177775,-0.147875,-0.032707,0.466354,,,mt5
run_20260427_080943,USD/JPY,forex,H4,engine_b_proxy,structure_filters,fvg_detection=True|strong_close_pct=0.8,both,all,REJECT,32,0.281250,0.824508,-0.000475,-0.000475,-0.047053,-0.559223,-0.456218,0.032032,12.500000,-0.015638,-0.015638,0.032967,-0.044631,0.308667,,,mt5
