run_id,symbol,asset_class,timeframe,family,strategy_name,params_str,direction,session,status,trade_count,win_rate,profit_factor,avg_return,expectancy,max_drawdown,sharpe,sqn,exposure_pct,avg_duration_bars,gross_return,net_return,is_return,oos_return,robustness_score,param_sensitivity,skip_reason,data_source
run_20260429_075458_22a2d8,NAS100,index,M15,trend_momentum,ema_cross,adx_min=0|fast_period=10|rsi_confirm=False|slow_period=50,both,all,REJECT,20,0.250000,0.864992,-0.000441,-0.000441,-0.044849,-0.602007,-0.235507,0.020020,48.100000,-0.009461,-0.009461,-0.019096,-0.003200,0.270266,,,mt5
run_20260429_075458_22a2d8,NAS100,index,M15,trend_momentum,ema_cross,adx_min=0|fast_period=10|rsi_confirm=True|slow_period=50,both,all,NEEDS_MORE_DATA,18,,,,,,,,,,,,,,1.000000,,only 18 trades < min 20,mt5
run_20260429_075458_22a2d8,NAS100,index,M15,trend_momentum,ema_cross,adx_min=20|fast_period=10|rsi_confirm=False|slow_period=50,both,all,NEEDS_MORE_DATA,18,,,,,,,,,,,,,,1.000000,,only 18 trades < min 20,mt5
run_20260429_075458_22a2d8,NAS100,index,M15,trend_momentum,ema_cross,adx_min=20|fast_period=10|rsi_confirm=True|slow_period=50,both,all,NEEDS_MORE_DATA,17,,,,,,,,,,,,,,1.000000,,only 17 trades < min 20,mt5
run_20260429_075458_22a2d8,NAS100,index,M15,trend_momentum,ema_cross,adx_min=25|fast_period=10|rsi_confirm=False|slow_period=50,both,all,NEEDS_MORE_DATA,16,,,,,,,,,,,,,,1.000000,,only 16 trades < min 20,mt5
run_20260429_075458_22a2d8,NAS100,index,M15,trend_momentum,ema_cross,adx_min=25|fast_period=10|rsi_confirm=True|slow_period=50,both,all,NEEDS_MORE_DATA,15,,,,,,,,,,,,,,1.000000,,only 15 trades < min 20,mt5
run_20260429_075458_22a2d8,NAS100,index,M15,trend_momentum,ema_cross,adx_min=0|fast_period=10|rsi_confirm=False|slow_period=100,both,all,NEEDS_MORE_DATA,14,,,,,,,,,,,,,,1.000000,,only 14 trades < min 20,mt5
run_20260429_075458_22a2d8,NAS100,index,M15,trend_momentum,ema_cross,adx_min=0|fast_period=10|rsi_confirm=True|slow_period=100,both,all,NEEDS_MORE_DATA,11,,,,,,,,,,,,,,1.000000,,only 11 trades < min 20,mt5
run_20260429_075458_22a2d8,NAS100,index,M15,trend_momentum,ema_cross,adx_min=20|fast_period=10|rsi_confirm=False|slow_period=100,both,all,NEEDS_MORE_DATA,12,,,,,,,,,,,,,,1.000000,,only 12 trades < min 20,mt5
run_20260429_075458_22a2d8,NAS100,index,M15,trend_momentum,ema_cross,adx_min=20|fast_period=10|rsi_confirm=True|slow_period=100,both,all,NEEDS_MORE_DATA,10,,,,,,,,,,,,,,1.000000,,only 10 trades < min 20,mt5
run_20260429_075458_22a2d8,NAS100,index,M15,trend_momentum,ema_cross,adx_min=25|fast_period=10|rsi_confirm=False|slow_period=100,both,all,NEEDS_MORE_DATA,12,,,,,,,,,,,,,,1.000000,,only 12 trades < min 20,mt5
run_20260429_075458_22a2d8,NAS100,index,M15,trend_momentum,ema_cross,adx_min=25|fast_period=10|rsi_confirm=True|slow_period=100,both,all,NEEDS_MORE_DATA,10,,,,,,,,,,,,,,1.000000,,only 10 trades < min 20,mt5
run_20260429_075458_22a2d8,NAS100,index,M15,trend_momentum,ema_cross,adx_min=0|fast_period=10|rsi_confirm=False|slow_period=200,both,all,NEEDS_MORE_DATA,8,,,,,,,,,,,,,,,,only 8 trades < min 20,mt5
run_20260429_075458_22a2d8,NAS100,index,M15,trend_momentum,ema_cross,adx_min=0|fast_period=10|rsi_confirm=True|slow_period=200,both,all,NEEDS_MORE_DATA,6,,,,,,,,,,,,,,,,only 6 trades < min 20,mt5
run_20260429_075458_22a2d8,NAS100,index,M15,trend_momentum,ema_cross,adx_min=20|fast_period=10|rsi_confirm=False|slow_period=200,both,all,NEEDS_MORE_DATA,7,,,,,,,,,,,,,,,,only 7 trades < min 20,mt5
run_20260429_075458_22a2d8,NAS100,index,M15,trend_momentum,ema_cross,adx_min=20|fast_period=10|rsi_confirm=True|slow_period=200,both,all,NEEDS_MORE_DATA,6,,,,,,,,,,,,,,,,only 6 trades < min 20,mt5
run_20260429_075458_22a2d8,NAS100,index,M15,trend_momentum,ema_cross,adx_min=25|fast_period=10|rsi_confirm=False|slow_period=200,both,all,NEEDS_MORE_DATA,6,,,,,,,,,,,,,,,,only 6 trades < min 20,mt5
run_20260429_075458_22a2d8,NAS100,index,M15,trend_momentum,ema_cross,adx_min=25|fast_period=10|rsi_confirm=True|slow_period=200,both,all,NEEDS_MORE_DATA,5,,,,,,,,,,,,,,,,only 5 trades < min 20,mt5
run_20260429_075458_22a2d8,NAS100,index,M15,trend_momentum,ema_cross,adx_min=0|fast_period=20|rsi_confirm=False|slow_period=50,both,all,NEEDS_MORE_DATA,18,,,,,,,,,,,,,,1.000000,,only 18 trades < min 20,mt5
run_20260429_075458_22a2d8,NAS100,index,M15,trend_momentum,ema_cross,adx_min=0|fast_period=20|rsi_confirm=True|slow_period=50,both,all,NEEDS_MORE_DATA,17,,,,,,,,,,,,,,1.000000,,only 17 trades < min 20,mt5
run_20260429_075458_22a2d8,NAS100,index,M15,trend_momentum,ema_cross,adx_min=20|fast_period=20|rsi_confirm=False|slow_period=50,both,all,NEEDS_MORE_DATA,17,,,,,,,,,,,,,,1.000000,,only 17 trades < min 20,mt5
run_20260429_075458_22a2d8,NAS100,index,M15,trend_momentum,ema_cross,adx_min=20|fast_period=20|rsi_confirm=True|slow_period=50,both,all,NEEDS_MORE_DATA,17,,,,,,,,,,,,,,1.000000,,only 17 trades < min 20,mt5
run_20260429_075458_22a2d8,NAS100,index,M15,trend_momentum,ema_cross,adx_min=25|fast_period=20|rsi_confirm=False|slow_period=50,both,all,NEEDS_MORE_DATA,13,,,,,,,,,,,,,,1.000000,,only 13 trades < min 20,mt5
run_20260429_075458_22a2d8,NAS100,index,M15,trend_momentum,ema_cross,adx_min=25|fast_period=20|rsi_confirm=True|slow_period=50,both,all,NEEDS_MORE_DATA,13,,,,,,,,,,,,,,1.000000,,only 13 trades < min 20,mt5
run_20260429_075458_22a2d8,NAS100,index,M15,trend_momentum,ema_cross,adx_min=0|fast_period=20|rsi_confirm=False|slow_period=100,both,all,NEEDS_MORE_DATA,6,,,,,,,,,,,,,,,,only 6 trades < min 20,mt5
run_20260429_075458_22a2d8,NAS100,index,M15,trend_momentum,ema_cross,adx_min=0|fast_period=20|rsi_confirm=True|slow_period=100,both,all,NEEDS_MORE_DATA,5,,,,,,,,,,,,,,,,only 5 trades < min 20,mt5
run_20260429_075458_22a2d8,NAS100,index,M15,trend_momentum,ema_cross,adx_min=20|fast_period=20|rsi_confirm=False|slow_period=100,both,all,NEEDS_MORE_DATA,5,,,,,,,,,,,,,,,,only 5 trades < min 20,mt5
run_20260429_075458_22a2d8,NAS100,index,M15,trend_momentum,ema_cross,adx_min=20|fast_period=20|rsi_confirm=True|slow_period=100,both,all,NEEDS_MORE_DATA,5,,,,,,,,,,,,,,,,only 5 trades < min 20,mt5
run_20260429_075458_22a2d8,NAS100,index,M15,trend_momentum,ema_cross,adx_min=25|fast_period=20|rsi_confirm=False|slow_period=100,both,all,NEEDS_MORE_DATA,4,,,,,,,,,,,,,,,,only 4 trades < min 20,mt5
run_20260429_075458_22a2d8,NAS100,index,M15,trend_momentum,ema_cross,adx_min=25|fast_period=20|rsi_confirm=True|slow_period=100,both,all,NEEDS_MORE_DATA,4,,,,,,,,,,,,,,,,only 4 trades < min 20,mt5
run_20260429_075458_22a2d8,NAS100,index,M15,trend_momentum,ema_cross,adx_min=0|fast_period=20|rsi_confirm=False|slow_period=200,both,all,NEEDS_MORE_DATA,4,,,,,,,,,,,,,,,,only 4 trades < min 20,mt5
run_20260429_075458_22a2d8,NAS100,index,M15,trend_momentum,ema_cross,adx_min=0|fast_period=20|rsi_confirm=True|slow_period=200,both,all,NEEDS_MORE_DATA,3,,,,,,,,,,,,,,,,only 3 trades < min 20,mt5
run_20260429_075458_22a2d8,NAS100,index,M15,trend_momentum,ema_cross,adx_min=20|fast_period=20|rsi_confirm=False|slow_period=200,both,all,NEEDS_MORE_DATA,3,,,,,,,,,,,,,,,,only 3 trades < min 20,mt5
run_20260429_075458_22a2d8,NAS100,index,M15,trend_momentum,ema_cross,adx_min=20|fast_period=20|rsi_confirm=True|slow_period=200,both,all,NEEDS_MORE_DATA,3,,,,,,,,,,,,,,,,only 3 trades < min 20,mt5
run_20260429_075458_22a2d8,NAS100,index,M15,trend_momentum,ema_cross,adx_min=25|fast_period=20|rsi_confirm=False|slow_period=200,both,all,NEEDS_MORE_DATA,3,,,,,,,,,,,,,,,,only 3 trades < min 20,mt5
run_20260429_075458_22a2d8,NAS100,index,M15,trend_momentum,ema_cross,adx_min=25|fast_period=20|rsi_confirm=True|slow_period=200,both,all,NEEDS_MORE_DATA,3,,,,,,,,,,,,,,,,only 3 trades < min 20,mt5
run_20260429_075458_22a2d8,NAS100,index,M15,trend_momentum,ema_alignment,adx_min=0|ema_long=200|ema_mid=50|ema_short=20,both,all,WEAK_CANDIDATE,23,0.260870,1.567698,0.000790,0.000790,-0.014779,1.840428,0.727032,0.023023,26.391304,0.018012,0.018012,0.009654,0.008278,0.676699,,,mt5
run_20260429_075458_22a2d8,NAS100,index,M15,trend_momentum,ema_alignment,adx_min=20|ema_long=200|ema_mid=50|ema_short=20,both,all,STRONG_CANDIDATE,23,0.260870,1.551170,0.000767,0.000767,-0.014779,1.805894,0.713093,0.023023,26.347826,0.017480,0.017480,0.009127,0.008278,0.712517,,,mt5
run_20260429_075458_22a2d8,NAS100,index,M15,trend_momentum,ema_alignment,adx_min=25|ema_long=200|ema_mid=50|ema_short=20,both,all,REJECT,23,0.130435,0.754044,-0.000522,-0.000522,-0.039368,-1.236120,-0.485328,0.023023,20.695652,-0.012243,-0.012243,-0.018608,0.006485,0.238000,,,mt5
run_20260429_075458_22a2d8,NAS100,index,M15,trend_momentum,macd_direction,adx_min=0|fast=12|signal_period=9|slow=26,both,all,REJECT,73,0.260274,0.495555,-0.000990,-0.000990,-0.079516,-6.190793,-2.513729,0.073073,13.547945,-0.070156,-0.070156,-0.055307,-0.018740,0.501650,,,mt5
run_20260429_075458_22a2d8,NAS100,index,M15,trend_momentum,macd_direction,adx_min=20|fast=12|signal_period=9|slow=26,both,all,REJECT,68,0.264706,0.449857,-0.001098,-0.001098,-0.072303,-6.849078,-2.817549,0.068068,13.617647,-0.072303,-0.072303,-0.057489,-0.018740,0.497792,,,mt5
run_20260429_075458_22a2d8,NAS100,index,M15,pullback,pullback_ema,pullback_period=20|rsi_reclaim=False|rsi_threshold=50|trend_period=200,both,all,REJECT,60,0.200000,0.571538,-0.000665,-0.000665,-0.057209,-3.606201,-1.431273,0.060060,10.100000,-0.039523,-0.039523,-0.033441,-0.006293,0.456457,,,mt5
run_20260429_075458_22a2d8,NAS100,index,M15,pullback,pullback_ema,pullback_period=20|rsi_reclaim=True|rsi_threshold=50|trend_period=200,both,all,REJECT,50,0.200000,0.507060,-0.000759,-0.000759,-0.043019,-4.147374,-1.662251,0.050050,10.540000,-0.037486,-0.037486,-0.035428,-0.002134,0.418072,,,mt5
run_20260429_075458_22a2d8,NAS100,index,M15,pullback,pullback_ema,pullback_period=50|rsi_reclaim=False|rsi_threshold=50|trend_period=200,both,all,REJECT,36,0.194444,0.939727,-0.000092,-0.000092,-0.032702,-0.301424,-0.117780,0.036036,19.277778,-0.003715,-0.003715,-0.008727,0.005056,0.382667,,,mt5
run_20260429_075458_22a2d8,NAS100,index,M15,pullback,pullback_ema,pullback_period=50|rsi_reclaim=True|rsi_threshold=50|trend_period=200,both,all,REJECT,20,0.250000,0.689137,-0.000570,-0.000570,-0.027914,-1.431006,-0.563386,0.020020,21.000000,-0.011532,-0.011532,-0.007783,-0.003778,0.466514,,,mt5
run_20260429_075458_22a2d8,NAS100,index,M15,breakout,prev_day_hl,atr_expand_min=0.0,both,all,NEEDS_MORE_DATA,1,,,,,,,,,,,,,,1.000000,,only 1 trades < min 20,mt5
run_20260429_075458_22a2d8,NAS100,index,M15,breakout,prev_day_hl,atr_expand_min=0.5,both,all,NEEDS_MORE_DATA,1,,,,,,,,,,,,,,1.000000,,only 1 trades < min 20,mt5
run_20260429_075458_22a2d8,NAS100,index,M15,breakout,prev_day_hl,atr_expand_min=1.0,both,all,NEEDS_MORE_DATA,1,,,,,,,,,,,,,,1.000000,,only 1 trades < min 20,mt5
run_20260429_075458_22a2d8,NAS100,index,M15,breakout,session_opening_range,atr_expand_min=0.0|range_bars=6,both,all,REJECT,63,0.238095,0.321879,-0.001504,-0.001504,-0.098815,-8.020449,-3.390678,0.063063,15.634921,-0.090811,-0.090811,-0.087985,-0.003732,0.446059,,,mt5
run_20260429_075458_22a2d8,NAS100,index,M15,breakout,session_opening_range,atr_expand_min=0.5|range_bars=6,both,all,REJECT,63,0.222222,0.311759,-0.001569,-0.001569,-0.102495,-8.311819,-3.536291,0.063063,15.301587,-0.094524,-0.094524,-0.090646,-0.004896,0.449536,,,mt5
run_20260429_075458_22a2d8,NAS100,index,M15,breakout,session_opening_range,atr_expand_min=0.0|range_bars=12,both,all,REJECT,41,0.219512,0.415027,-0.001670,-0.001670,-0.084995,-5.615233,-2.328687,0.041041,23.975610,-0.066629,-0.066629,-0.073483,0.008136,0.346000,,,mt5
run_20260429_075458_22a2d8,NAS100,index,M15,breakout,session_opening_range,atr_expand_min=0.5|range_bars=12,both,all,REJECT,40,0.225000,0.428275,-0.001628,-0.001628,-0.081917,-5.367564,-2.217213,0.040040,24.175000,-0.063490,-0.063490,-0.070367,0.008136,0.340000,,,mt5
run_20260429_075458_22a2d8,NAS100,index,M15,breakout,london_breakout,atr_expand_min=0.0|utc_end=11|utc_start=7,both,all,NEEDS_MORE_DATA,16,,,,,,,,,,,,,,1.000000,,only 16 trades < min 20,mt5
run_20260429_075458_22a2d8,NAS100,index,M15,breakout,london_breakout,atr_expand_min=0.5|utc_end=11|utc_start=7,both,all,NEEDS_MORE_DATA,16,,,,,,,,,,,,,,1.000000,,only 16 trades < min 20,mt5
run_20260429_075458_22a2d8,NAS100,index,M15,breakout,ny_breakout,atr_expand_min=0.0|utc_end=16|utc_start=13,both,all,NEEDS_MORE_DATA,11,,,,,,,,,,,,,,,,only 11 trades < min 20,mt5
run_20260429_075458_22a2d8,NAS100,index,M15,breakout,ny_breakout,atr_expand_min=0.5|utc_end=16|utc_start=13,both,all,NEEDS_MORE_DATA,11,,,,,,,,,,,,,,,,only 11 trades < min 20,mt5
run_20260429_075458_22a2d8,NAS100,index,M15,mean_reversion,rsi_extreme,overbought=70|oversold=30|period=14,both,all,NEEDS_MORE_DATA,13,,,,,,,,,,,,,,,,only 13 trades < min 20,mt5
run_20260429_075458_22a2d8,NAS100,index,M15,mean_reversion,rsi_extreme,overbought=75|oversold=30|period=14,both,all,NEEDS_MORE_DATA,10,,,,,,,,,,,,,,,,only 10 trades < min 20,mt5
run_20260429_075458_22a2d8,NAS100,index,M15,mean_reversion,rsi_extreme,overbought=70|oversold=25|period=14,both,all,NEEDS_MORE_DATA,10,,,,,,,,,,,,,,,,only 10 trades < min 20,mt5
run_20260429_075458_22a2d8,NAS100,index,M15,mean_reversion,rsi_extreme,overbought=75|oversold=25|period=14,both,all,NEEDS_MORE_DATA,7,,,,,,,,,,,,,,,,only 7 trades < min 20,mt5
run_20260429_075458_22a2d8,NAS100,index,M15,mean_reversion,bollinger_touch,num_std=2.0|period=20,both,all,REJECT,39,0.589744,0.621405,-0.000527,-0.000527,-0.028138,-2.152777,-0.848458,0.039039,13.871795,-0.020630,-0.020630,-0.009069,-0.011667,0.622706,,,mt5
run_20260429_075458_22a2d8,NAS100,index,M15,mean_reversion,bollinger_touch,num_std=2.5|period=20,both,all,REJECT,23,0.695652,0.989628,-0.000014,-0.000014,-0.018357,-0.038766,-0.015145,0.023023,12.869565,-0.000536,-0.000536,0.000092,-0.000627,0.596435,,,mt5
run_20260429_075458_22a2d8,NAS100,index,M15,mean_reversion,vwap_deviation,std_threshold=1.5,both,all,NEEDS_MORE_DATA,0,,,,,,,,,,,,,,,,only 0 trades < min 20,mt5
run_20260429_075458_22a2d8,NAS100,index,M15,mean_reversion,vwap_deviation,std_threshold=2.0,both,all,NEEDS_MORE_DATA,0,,,,,,,,,,,,,,,,only 0 trades < min 20,mt5
run_20260429_075458_22a2d8,NAS100,index,M15,engine_b_proxy,ob_bos,require_engulf=False|require_vol_expand=False|swing_period=5,both,all,NEEDS_MORE_DATA,19,,,,,,,,,,,,,,1.000000,,only 19 trades < min 20,mt5
run_20260429_075458_22a2d8,NAS100,index,M15,engine_b_proxy,ob_bos,require_engulf=False|require_vol_expand=True|swing_period=5,both,all,NEEDS_MORE_DATA,13,,,,,,,,,,,,,,1.000000,,only 13 trades < min 20,mt5
run_20260429_075458_22a2d8,NAS100,index,M15,engine_b_proxy,ob_bos,require_engulf=True|require_vol_expand=False|swing_period=5,both,all,NEEDS_MORE_DATA,17,,,,,,,,,,,,,,1.000000,,only 17 trades < min 20,mt5
run_20260429_075458_22a2d8,NAS100,index,M15,engine_b_proxy,ob_bos,require_engulf=True|require_vol_expand=True|swing_period=5,both,all,NEEDS_MORE_DATA,12,,,,,,,,,,,,,,1.000000,,only 12 trades < min 20,mt5
run_20260429_075458_22a2d8,NAS100,index,M15,engine_b_proxy,ob_bos,require_engulf=False|require_vol_expand=False|swing_period=10,both,all,NEEDS_MORE_DATA,10,,,,,,,,,,,,,,,,only 10 trades < min 20,mt5
run_20260429_075458_22a2d8,NAS100,index,M15,engine_b_proxy,ob_bos,require_engulf=False|require_vol_expand=True|swing_period=10,both,all,NEEDS_MORE_DATA,9,,,,,,,,,,,,,,,,only 9 trades < min 20,mt5
run_20260429_075458_22a2d8,NAS100,index,M15,engine_b_proxy,ob_bos,require_engulf=True|require_vol_expand=False|swing_period=10,both,all,NEEDS_MORE_DATA,9,,,,,,,,,,,,,,,,only 9 trades < min 20,mt5
run_20260429_075458_22a2d8,NAS100,index,M15,engine_b_proxy,ob_bos,require_engulf=True|require_vol_expand=True|swing_period=10,both,all,NEEDS_MORE_DATA,9,,,,,,,,,,,,,,,,only 9 trades < min 20,mt5
run_20260429_075458_22a2d8,NAS100,index,M15,engine_b_proxy,structure_filters,fvg_detection=False|strong_close_pct=0.7,both,all,REJECT,300,0.153333,0.165257,-0.001237,-0.001237,-0.310522,-27.531983,-12.587488,0.300300,3.230000,-0.310522,-0.310522,-0.226840,-0.106069,0.540278,,,mt5
run_20260429_075458_22a2d8,NAS100,index,M15,engine_b_proxy,structure_filters,fvg_detection=True|strong_close_pct=0.7,both,all,REJECT,35,0.228571,0.608004,-0.000633,-0.000633,-0.040004,-2.566388,-1.016808,0.035035,13.342857,-0.022157,-0.022157,-0.016794,-0.004090,0.383059,,,mt5
run_20260429_075458_22a2d8,NAS100,index,M15,engine_b_proxy,structure_filters,fvg_detection=False|strong_close_pct=0.8,both,all,REJECT,216,0.203704,0.196511,-0.001231,-0.001231,-0.233985,-20.425173,-9.099743,0.216216,4.254630,-0.233985,-0.233985,-0.181929,-0.063869,0.505320,,,mt5
run_20260429_075458_22a2d8,NAS100,index,M15,engine_b_proxy,structure_filters,fvg_detection=True|strong_close_pct=0.8,both,all,REJECT,26,0.307692,0.681446,-0.000584,-0.000584,-0.036718,-1.744324,-0.687466,0.026026,15.615385,-0.015303,-0.015303,-0.011835,-0.002141,0.310280,,,mt5
run_20260429_075458_22a2d8,US30,index,H1,trend_momentum,ema_cross,adx_min=0|fast_period=10|rsi_confirm=False|slow_period=50,both,all,REJECT,23,0.304348,0.954570,-0.000199,-0.000199,-0.036716,-0.231697,-0.094232,0.023023,43.173913,-0.005732,-0.005732,-0.011615,-0.008700,0.462712,,,mt5
run_20260429_075458_22a2d8,US30,index,H1,trend_momentum,ema_cross,adx_min=0|fast_period=10|rsi_confirm=True|slow_period=50,both,all,REJECT,23,0.304348,0.954570,-0.000199,-0.000199,-0.036716,-0.231697,-0.094232,0.023023,43.173913,-0.005732,-0.005732,-0.011615,-0.008700,0.462712,,,mt5
run_20260429_075458_22a2d8,US30,index,H1,trend_momentum,ema_cross,adx_min=20|fast_period=10|rsi_confirm=False|slow_period=50,both,all,REJECT,22,0.272727,0.807370,-0.000880,-0.000880,-0.050245,-1.032255,-0.421394,0.022022,41.954545,-0.020214,-0.020214,-0.011615,-0.008700,0.456712,,,mt5
run_20260429_075458_22a2d8,US30,index,H1,trend_momentum,ema_cross,adx_min=20|fast_period=10|rsi_confirm=True|slow_period=50,both,all,REJECT,22,0.272727,0.807370,-0.000880,-0.000880,-0.050245,-1.032255,-0.421394,0.022022,41.954545,-0.020214,-0.020214,-0.011615,-0.008700,0.456712,,,mt5
run_20260429_075458_22a2d8,US30,index,H1,trend_momentum,ema_cross,adx_min=25|fast_period=10|rsi_confirm=False|slow_period=50,both,all,NEEDS_MORE_DATA,17,,,,,,,,,,,,,,1.000000,,only 17 trades < min 20,mt5
run_20260429_075458_22a2d8,US30,index,H1,trend_momentum,ema_cross,adx_min=25|fast_period=10|rsi_confirm=True|slow_period=50,both,all,NEEDS_MORE_DATA,17,,,,,,,,,,,,,,1.000000,,only 17 trades < min 20,mt5
run_20260429_075458_22a2d8,US30,index,H1,trend_momentum,ema_cross,adx_min=0|fast_period=10|rsi_confirm=False|slow_period=100,both,all,NEEDS_MORE_DATA,19,,,,,,,,,,,,,,1.000000,,only 19 trades < min 20,mt5
run_20260429_075458_22a2d8,US30,index,H1,trend_momentum,ema_cross,adx_min=0|fast_period=10|rsi_confirm=True|slow_period=100,both,all,NEEDS_MORE_DATA,18,,,,,,,,,,,,,,1.000000,,only 18 trades < min 20,mt5
run_20260429_075458_22a2d8,US30,index,H1,trend_momentum,ema_cross,adx_min=20|fast_period=10|rsi_confirm=False|slow_period=100,both,all,NEEDS_MORE_DATA,18,,,,,,,,,,,,,,1.000000,,only 18 trades < min 20,mt5
run_20260429_075458_22a2d8,US30,index,H1,trend_momentum,ema_cross,adx_min=20|fast_period=10|rsi_confirm=True|slow_period=100,both,all,NEEDS_MORE_DATA,18,,,,,,,,,,,,,,1.000000,,only 18 trades < min 20,mt5
run_20260429_075458_22a2d8,US30,index,H1,trend_momentum,ema_cross,adx_min=25|fast_period=10|rsi_confirm=False|slow_period=100,both,all,NEEDS_MORE_DATA,14,,,,,,,,,,,,,,1.000000,,only 14 trades < min 20,mt5
run_20260429_075458_22a2d8,US30,index,H1,trend_momentum,ema_cross,adx_min=25|fast_period=10|rsi_confirm=True|slow_period=100,both,all,NEEDS_MORE_DATA,14,,,,,,,,,,,,,,1.000000,,only 14 trades < min 20,mt5
run_20260429_075458_22a2d8,US30,index,H1,trend_momentum,ema_cross,adx_min=0|fast_period=10|rsi_confirm=False|slow_period=200,both,all,NEEDS_MORE_DATA,5,,,,,,,,,,,,,,,,only 5 trades < min 20,mt5
run_20260429_075458_22a2d8,US30,index,H1,trend_momentum,ema_cross,adx_min=0|fast_period=10|rsi_confirm=True|slow_period=200,both,all,NEEDS_MORE_DATA,4,,,,,,,,,,,,,,,,only 4 trades < min 20,mt5
run_20260429_075458_22a2d8,US30,index,H1,trend_momentum,ema_cross,adx_min=20|fast_period=10|rsi_confirm=False|slow_period=200,both,all,NEEDS_MORE_DATA,5,,,,,,,,,,,,,,,,only 5 trades < min 20,mt5
run_20260429_075458_22a2d8,US30,index,H1,trend_momentum,ema_cross,adx_min=20|fast_period=10|rsi_confirm=True|slow_period=200,both,all,NEEDS_MORE_DATA,4,,,,,,,,,,,,,,,,only 4 trades < min 20,mt5
run_20260429_075458_22a2d8,US30,index,H1,trend_momentum,ema_cross,adx_min=25|fast_period=10|rsi_confirm=False|slow_period=200,both,all,NEEDS_MORE_DATA,5,,,,,,,,,,,,,,,,only 5 trades < min 20,mt5
run_20260429_075458_22a2d8,US30,index,H1,trend_momentum,ema_cross,adx_min=25|fast_period=10|rsi_confirm=True|slow_period=200,both,all,NEEDS_MORE_DATA,4,,,,,,,,,,,,,,,,only 4 trades < min 20,mt5
run_20260429_075458_22a2d8,US30,index,H1,trend_momentum,ema_cross,adx_min=0|fast_period=20|rsi_confirm=False|slow_period=50,both,all,NEEDS_MORE_DATA,17,,,,,,,,,,,,,,1.000000,,only 17 trades < min 20,mt5
run_20260429_075458_22a2d8,US30,index,H1,trend_momentum,ema_cross,adx_min=0|fast_period=20|rsi_confirm=True|slow_period=50,both,all,NEEDS_MORE_DATA,17,,,,,,,,,,,,,,1.000000,,only 17 trades < min 20,mt5
run_20260429_075458_22a2d8,US30,index,H1,trend_momentum,ema_cross,adx_min=20|fast_period=20|rsi_confirm=False|slow_period=50,both,all,NEEDS_MORE_DATA,17,,,,,,,,,,,,,,1.000000,,only 17 trades < min 20,mt5
run_20260429_075458_22a2d8,US30,index,H1,trend_momentum,ema_cross,adx_min=20|fast_period=20|rsi_confirm=True|slow_period=50,both,all,NEEDS_MORE_DATA,17,,,,,,,,,,,,,,1.000000,,only 17 trades < min 20,mt5
run_20260429_075458_22a2d8,US30,index,H1,trend_momentum,ema_cross,adx_min=25|fast_period=20|rsi_confirm=False|slow_period=50,both,all,NEEDS_MORE_DATA,16,,,,,,,,,,,,,,1.000000,,only 16 trades < min 20,mt5
run_20260429_075458_22a2d8,US30,index,H1,trend_momentum,ema_cross,adx_min=25|fast_period=20|rsi_confirm=True|slow_period=50,both,all,NEEDS_MORE_DATA,16,,,,,,,,,,,,,,1.000000,,only 16 trades < min 20,mt5
run_20260429_075458_22a2d8,US30,index,H1,trend_momentum,ema_cross,adx_min=0|fast_period=20|rsi_confirm=False|slow_period=100,both,all,NEEDS_MORE_DATA,13,,,,,,,,,,,,,,,,only 13 trades < min 20,mt5
run_20260429_075458_22a2d8,US30,index,H1,trend_momentum,ema_cross,adx_min=0|fast_period=20|rsi_confirm=True|slow_period=100,both,all,NEEDS_MORE_DATA,13,,,,,,,,,,,,,,,,only 13 trades < min 20,mt5
run_20260429_075458_22a2d8,US30,index,H1,trend_momentum,ema_cross,adx_min=20|fast_period=20|rsi_confirm=False|slow_period=100,both,all,NEEDS_MORE_DATA,13,,,,,,,,,,,,,,,,only 13 trades < min 20,mt5
run_20260429_075458_22a2d8,US30,index,H1,trend_momentum,ema_cross,adx_min=20|fast_period=20|rsi_confirm=True|slow_period=100,both,all,NEEDS_MORE_DATA,13,,,,,,,,,,,,,,,,only 13 trades < min 20,mt5
run_20260429_075458_22a2d8,US30,index,H1,trend_momentum,ema_cross,adx_min=25|fast_period=20|rsi_confirm=False|slow_period=100,both,all,NEEDS_MORE_DATA,10,,,,,,,,,,,,,,,,only 10 trades < min 20,mt5
run_20260429_075458_22a2d8,US30,index,H1,trend_momentum,ema_cross,adx_min=25|fast_period=20|rsi_confirm=True|slow_period=100,both,all,NEEDS_MORE_DATA,10,,,,,,,,,,,,,,,,only 10 trades < min 20,mt5
run_20260429_075458_22a2d8,US30,index,H1,trend_momentum,ema_cross,adx_min=0|fast_period=20|rsi_confirm=False|slow_period=200,both,all,NEEDS_MORE_DATA,1,,,,,,,,,,,,,,,,only 1 trades < min 20,mt5
run_20260429_075458_22a2d8,US30,index,H1,trend_momentum,ema_cross,adx_min=0|fast_period=20|rsi_confirm=True|slow_period=200,both,all,NEEDS_MORE_DATA,1,,,,,,,,,,,,,,,,only 1 trades < min 20,mt5
run_20260429_075458_22a2d8,US30,index,H1,trend_momentum,ema_cross,adx_min=20|fast_period=20|rsi_confirm=False|slow_period=200,both,all,NEEDS_MORE_DATA,1,,,,,,,,,,,,,,,,only 1 trades < min 20,mt5
run_20260429_075458_22a2d8,US30,index,H1,trend_momentum,ema_cross,adx_min=20|fast_period=20|rsi_confirm=True|slow_period=200,both,all,NEEDS_MORE_DATA,1,,,,,,,,,,,,,,,,only 1 trades < min 20,mt5
run_20260429_075458_22a2d8,US30,index,H1,trend_momentum,ema_cross,adx_min=25|fast_period=20|rsi_confirm=False|slow_period=200,both,all,NEEDS_MORE_DATA,1,,,,,,,,,,,,,,,,only 1 trades < min 20,mt5
run_20260429_075458_22a2d8,US30,index,H1,trend_momentum,ema_cross,adx_min=25|fast_period=20|rsi_confirm=True|slow_period=200,both,all,NEEDS_MORE_DATA,1,,,,,,,,,,,,,,,,only 1 trades < min 20,mt5
run_20260429_075458_22a2d8,US30,index,H1,trend_momentum,ema_alignment,adx_min=0|ema_long=200|ema_mid=50|ema_short=20,both,all,REJECT,20,0.350000,0.884776,-0.000410,-0.000410,-0.033337,-0.524825,-0.213646,0.020020,23.700000,-0.008894,-0.008894,-0.019422,-0.022133,0.558122,,,mt5
run_20260429_075458_22a2d8,US30,index,H1,trend_momentum,ema_alignment,adx_min=20|ema_long=200|ema_mid=50|ema_short=20,both,all,NEEDS_MORE_DATA,19,,,,,,,,,,,,,,1.000000,,only 19 trades < min 20,mt5
run_20260429_075458_22a2d8,US30,index,H1,trend_momentum,ema_alignment,adx_min=25|ema_long=200|ema_mid=50|ema_short=20,both,all,NEEDS_MORE_DATA,18,,,,,,,,,,,,,,1.000000,,only 18 trades < min 20,mt5
run_20260429_075458_22a2d8,US30,index,H1,trend_momentum,macd_direction,adx_min=0|fast=12|signal_period=9|slow=26,both,all,REJECT,90,0.233333,0.516515,-0.001765,-0.001765,-0.167973,-5.668272,-2.369369,0.090090,11.088889,-0.148864,-0.148864,-0.076275,-0.085984,0.661811,,,mt5
run_20260429_075458_22a2d8,US30,index,H1,trend_momentum,macd_direction,adx_min=20|fast=12|signal_period=9|slow=26,both,all,REJECT,84,0.214286,0.412090,-0.002222,-0.002222,-0.183616,-7.191361,-3.070849,0.084084,10.666667,-0.171968,-0.171968,-0.096898,-0.090489,0.680155,,,mt5
run_20260429_075458_22a2d8,US30,index,H1,pullback,pullback_ema,pullback_period=20|rsi_reclaim=False|rsi_threshold=50|trend_period=200,both,all,REJECT,72,0.180556,0.875535,-0.000297,-0.000297,-0.067324,-0.905367,-0.368467,0.072072,8.375000,-0.022755,-0.022755,0.004115,-0.029824,0.400000,,,mt5
run_20260429_075458_22a2d8,US30,index,H1,pullback,pullback_ema,pullback_period=20|rsi_reclaim=True|rsi_threshold=50|trend_period=200,both,all,REJECT,60,0.200000,0.850450,-0.000347,-0.000347,-0.049154,-1.084783,-0.441774,0.060060,8.583333,-0.021677,-0.021677,-0.003678,-0.021157,0.400000,,,mt5
run_20260429_075458_22a2d8,US30,index,H1,pullback,pullback_ema,pullback_period=50|rsi_reclaim=False|rsi_threshold=50|trend_period=200,both,all,WEAK_CANDIDATE,38,0.289474,1.036994,0.000105,0.000105,-0.029514,0.218796,0.088977,0.038038,17.815789,0.002991,0.002991,-0.010401,-0.002899,0.578277,,,mt5
run_20260429_075458_22a2d8,US30,index,H1,pullback,pullback_ema,pullback_period=50|rsi_reclaim=True|rsi_threshold=50|trend_period=200,both,all,WEAK_CANDIDATE,30,0.266667,1.147790,0.000444,0.000444,-0.027953,0.751877,0.306195,0.030030,18.933333,0.012456,0.012456,-0.000955,-0.003005,0.685176,,,mt5
run_20260429_075458_22a2d8,US30,index,H1,breakout,prev_day_hl,atr_expand_min=0.0,both,all,NEEDS_MORE_DATA,10,,,,,,,,,,,,,,1.000000,,only 10 trades < min 20,mt5
run_20260429_075458_22a2d8,US30,index,H1,breakout,prev_day_hl,atr_expand_min=0.5,both,all,NEEDS_MORE_DATA,10,,,,,,,,,,,,,,1.000000,,only 10 trades < min 20,mt5
run_20260429_075458_22a2d8,US30,index,H1,breakout,prev_day_hl,atr_expand_min=1.0,both,all,NEEDS_MORE_DATA,9,,,,,,,,,,,,,,1.000000,,only 9 trades < min 20,mt5
run_20260429_075458_22a2d8,US30,index,H1,breakout,session_opening_range,atr_expand_min=0.0|range_bars=6,both,all,REJECT,63,0.238095,0.756273,-0.000901,-0.000901,-0.102652,-2.079718,-0.850199,0.063063,15.380952,-0.057310,-0.057310,-0.014770,-0.043886,0.433333,,,mt5
run_20260429_075458_22a2d8,US30,index,H1,breakout,session_opening_range,atr_expand_min=0.5|range_bars=6,both,all,REJECT,60,0.250000,0.800002,-0.000735,-0.000735,-0.097682,-1.624108,-0.662671,0.060060,15.900000,-0.045252,-0.045252,-0.002168,-0.043886,0.433333,,,mt5
run_20260429_075458_22a2d8,US30,index,H1,breakout,session_opening_range,atr_expand_min=0.0|range_bars=12,both,all,REJECT,37,0.297297,0.643597,-0.001736,-0.001736,-0.104270,-2.693726,-1.112849,0.037037,25.378378,-0.063814,-0.063814,-0.034027,-0.031564,0.600285,,,mt5
run_20260429_075458_22a2d8,US30,index,H1,breakout,session_opening_range,atr_expand_min=0.5|range_bars=12,both,all,REJECT,37,0.297297,0.638501,-0.001775,-0.001775,-0.105568,-2.744769,-1.134636,0.037037,25.297297,-0.065170,-0.065170,-0.035426,-0.031564,0.589291,,,mt5
run_20260429_075458_22a2d8,US30,index,H1,breakout,london_breakout,atr_expand_min=0.0|utc_end=11|utc_start=7,both,all,REJECT,21,0.142857,0.197911,-0.003854,-0.003854,-0.085564,-6.831470,-3.471565,0.021021,12.047619,-0.078136,-0.078136,-0.082479,-0.003630,0.239205,,,mt5
run_20260429_075458_22a2d8,US30,index,H1,breakout,london_breakout,atr_expand_min=0.5|utc_end=11|utc_start=7,both,all,REJECT,20,0.150000,0.206429,-0.003838,-0.003838,-0.081741,-6.544633,-3.293272,0.020020,12.500000,-0.074282,-0.074282,-0.078643,-0.003630,0.233849,,,mt5
run_20260429_075458_22a2d8,US30,index,H1,breakout,ny_breakout,atr_expand_min=0.0|utc_end=16|utc_start=13,both,all,NEEDS_MORE_DATA,17,,,,,,,,,,,,,,,,only 17 trades < min 20,mt5
run_20260429_075458_22a2d8,US30,index,H1,breakout,ny_breakout,atr_expand_min=0.5|utc_end=16|utc_start=13,both,all,NEEDS_MORE_DATA,17,,,,,,,,,,,,,,,,only 17 trades < min 20,mt5
run_20260429_075458_22a2d8,US30,index,H1,mean_reversion,rsi_extreme,overbought=70|oversold=30|period=14,both,all,NEEDS_MORE_DATA,15,,,,,,,,,,,,,,,,only 15 trades < min 20,mt5
run_20260429_075458_22a2d8,US30,index,H1,mean_reversion,rsi_extreme,overbought=75|oversold=30|period=14,both,all,NEEDS_MORE_DATA,11,,,,,,,,,,,,,,,,only 11 trades < min 20,mt5
run_20260429_075458_22a2d8,US30,index,H1,mean_reversion,rsi_extreme,overbought=70|oversold=25|period=14,both,all,NEEDS_MORE_DATA,12,,,,,,,,,,,,,,,,only 12 trades < min 20,mt5
run_20260429_075458_22a2d8,US30,index,H1,mean_reversion,rsi_extreme,overbought=75|oversold=25|period=14,both,all,NEEDS_MORE_DATA,8,,,,,,,,,,,,,,,,only 8 trades < min 20,mt5
run_20260429_075458_22a2d8,US30,index,H1,mean_reversion,bollinger_touch,num_std=2.0|period=20,both,all,REJECT,40,0.700000,0.903461,-0.000269,-0.000269,-0.040118,-0.556064,-0.226249,0.040040,13.350000,-0.011857,-0.011857,-0.002749,-0.008281,0.540715,,,mt5
run_20260429_075458_22a2d8,US30,index,H1,mean_reversion,bollinger_touch,num_std=2.5|period=20,both,all,REJECT,21,0.523810,0.784284,-0.000660,-0.000660,-0.033437,-0.980207,-0.400061,0.021021,15.714286,-0.014375,-0.014375,-0.008944,-0.004625,0.476431,,,mt5
run_20260429_075458_22a2d8,US30,index,H1,mean_reversion,vwap_deviation,std_threshold=1.5,both,all,NEEDS_MORE_DATA,3,,,,,,,,,,,,,,,,only 3 trades < min 20,mt5
run_20260429_075458_22a2d8,US30,index,H1,mean_reversion,vwap_deviation,std_threshold=2.0,both,all,NEEDS_MORE_DATA,3,,,,,,,,,,,,,,,,only 3 trades < min 20,mt5
run_20260429_075458_22a2d8,US30,index,H1,engine_b_proxy,ob_bos,require_engulf=False|require_vol_expand=False|swing_period=5,both,all,NEEDS_MORE_DATA,16,,,,,,,,,,,,,,1.000000,,only 16 trades < min 20,mt5
run_20260429_075458_22a2d8,US30,index,H1,engine_b_proxy,ob_bos,require_engulf=False|require_vol_expand=True|swing_period=5,both,all,NEEDS_MORE_DATA,14,,,,,,,,,,,,,,1.000000,,only 14 trades < min 20,mt5
run_20260429_075458_22a2d8,US30,index,H1,engine_b_proxy,ob_bos,require_engulf=True|require_vol_expand=False|swing_period=5,both,all,NEEDS_MORE_DATA,15,,,,,,,,,,,,,,1.000000,,only 15 trades < min 20,mt5
run_20260429_075458_22a2d8,US30,index,H1,engine_b_proxy,ob_bos,require_engulf=True|require_vol_expand=True|swing_period=5,both,all,NEEDS_MORE_DATA,14,,,,,,,,,,,,,,1.000000,,only 14 trades < min 20,mt5
run_20260429_075458_22a2d8,US30,index,H1,engine_b_proxy,ob_bos,require_engulf=False|require_vol_expand=False|swing_period=10,both,all,NEEDS_MORE_DATA,8,,,,,,,,,,,,,,,,only 8 trades < min 20,mt5
run_20260429_075458_22a2d8,US30,index,H1,engine_b_proxy,ob_bos,require_engulf=False|require_vol_expand=True|swing_period=10,both,all,NEEDS_MORE_DATA,8,,,,,,,,,,,,,,,,only 8 trades < min 20,mt5
run_20260429_075458_22a2d8,US30,index,H1,engine_b_proxy,ob_bos,require_engulf=True|require_vol_expand=False|swing_period=10,both,all,NEEDS_MORE_DATA,8,,,,,,,,,,,,,,,,only 8 trades < min 20,mt5
run_20260429_075458_22a2d8,US30,index,H1,engine_b_proxy,ob_bos,require_engulf=True|require_vol_expand=True|swing_period=10,both,all,NEEDS_MORE_DATA,8,,,,,,,,,,,,,,,,only 8 trades < min 20,mt5
run_20260429_075458_22a2d8,US30,index,H1,engine_b_proxy,structure_filters,fvg_detection=False|strong_close_pct=0.7,both,all,REJECT,310,0.229032,0.320813,-0.001683,-0.001683,-0.413597,-16.306354,-6.980761,0.310310,3.080645,-0.408508,-0.408508,-0.314271,-0.133124,0.527079,,,mt5
run_20260429_075458_22a2d8,US30,index,H1,engine_b_proxy,structure_filters,fvg_detection=True|strong_close_pct=0.7,both,all,REJECT,41,0.292683,0.644643,-0.001252,-0.001252,-0.075230,-2.772643,-1.144569,0.041041,11.731707,-0.051024,-0.051024,-0.049517,0.004354,0.346000,,,mt5
run_20260429_075458_22a2d8,US30,index,H1,engine_b_proxy,structure_filters,fvg_detection=False|strong_close_pct=0.8,both,all,REJECT,224,0.254464,0.428565,-0.001445,-0.001445,-0.283240,-10.675071,-4.489714,0.224224,4.017857,-0.278637,-0.278637,-0.181772,-0.114054,0.588237,,,mt5
run_20260429_075458_22a2d8,US30,index,H1,engine_b_proxy,structure_filters,fvg_detection=True|strong_close_pct=0.8,both,all,REJECT,33,0.242424,0.443156,-0.002278,-0.002278,-0.087896,-4.519159,-1.935872,0.033033,10.757576,-0.073200,-0.073200,-0.056168,-0.018046,0.394384,,,mt5
run_20260429_075458_22a2d8,US30,index,M15,trend_momentum,ema_cross,adx_min=0|fast_period=10|rsi_confirm=False|slow_period=50,both,all,REJECT,39,0.102564,0.152983,-0.002561,-0.002561,-0.100603,-10.384753,-5.262076,0.039039,25.589744,-0.095324,-0.095324,-0.051209,-0.042179,0.581101,,,mt5
run_20260429_075458_22a2d8,US30,index,M15,trend_momentum,ema_cross,adx_min=0|fast_period=10|rsi_confirm=True|slow_period=50,both,all,REJECT,38,0.078947,0.103380,-0.002777,-0.002777,-0.100422,-11.319073,-6.222816,0.038038,23.973684,-0.100422,-0.100422,-0.056555,-0.042179,0.551739,,,mt5
run_20260429_075458_22a2d8,US30,index,M15,trend_momentum,ema_cross,adx_min=20|fast_period=10|rsi_confirm=False|slow_period=50,both,all,REJECT,36,0.083333,0.109874,-0.002783,-0.002783,-0.095600,-10.880922,-5.916891,0.036036,24.138889,-0.095600,-0.095600,-0.054966,-0.038664,0.527027,,,mt5
run_20260429_075458_22a2d8,US30,index,M15,trend_momentum,ema_cross,adx_min=20|fast_period=10|rsi_confirm=True|slow_period=50,both,all,REJECT,36,0.083333,0.109874,-0.002783,-0.002783,-0.095600,-10.880922,-5.916891,0.036036,24.138889,-0.095600,-0.095600,-0.054966,-0.038664,0.527027,,,mt5
run_20260429_075458_22a2d8,US30,index,M15,trend_momentum,ema_cross,adx_min=25|fast_period=10|rsi_confirm=False|slow_period=50,both,all,REJECT,26,0.038462,0.013232,-0.003347,-0.003347,-0.083528,-11.204767,-8.240263,0.026026,19.230769,-0.083528,-0.083528,-0.056196,-0.024562,0.387121,,,mt5
run_20260429_075458_22a2d8,US30,index,M15,trend_momentum,ema_cross,adx_min=25|fast_period=10|rsi_confirm=True|slow_period=50,both,all,REJECT,26,0.038462,0.013232,-0.003347,-0.003347,-0.083528,-11.204767,-8.240263,0.026026,19.230769,-0.083528,-0.083528,-0.056196,-0.024562,0.387121,,,mt5
run_20260429_075458_22a2d8,US30,index,M15,trend_momentum,ema_cross,adx_min=0|fast_period=10|rsi_confirm=False|slow_period=100,both,all,REJECT,27,0.074074,0.202282,-0.002679,-0.002679,-0.072305,-7.019611,-3.211932,0.027027,36.962963,-0.070094,-0.070094,-0.028273,-0.034356,0.497445,,,mt5
run_20260429_075458_22a2d8,US30,index,M15,trend_momentum,ema_cross,adx_min=0|fast_period=10|rsi_confirm=True|slow_period=100,both,all,REJECT,26,0.038462,0.176390,-0.002866,-0.002866,-0.072118,-7.271391,-3.400915,0.026026,34.230769,-0.072118,-0.072118,-0.030387,-0.034356,0.516813,,,mt5
run_20260429_075458_22a2d8,US30,index,M15,trend_momentum,ema_cross,adx_min=20|fast_period=10|rsi_confirm=False|slow_period=100,both,all,REJECT,26,0.038462,0.176390,-0.002866,-0.002866,-0.072118,-7.271391,-3.400915,0.026026,34.230769,-0.072118,-0.072118,-0.030387,-0.034356,0.516813,,,mt5
run_20260429_075458_22a2d8,US30,index,M15,trend_momentum,ema_cross,adx_min=20|fast_period=10|rsi_confirm=True|slow_period=100,both,all,REJECT,26,0.038462,0.176390,-0.002866,-0.002866,-0.072118,-7.271391,-3.400915,0.026026,34.230769,-0.072118,-0.072118,-0.030387,-0.034356,0.516813,,,mt5
run_20260429_075458_22a2d8,US30,index,M15,trend_momentum,ema_cross,adx_min=25|fast_period=10|rsi_confirm=False|slow_period=100,both,all,REJECT,20,0.000000,0.000000,-0.003427,-0.003427,-0.066385,-10.436119,-9.466335,0.020020,26.300000,-0.066385,-0.066385,-0.032068,-0.026900,0.471649,,,mt5
run_20260429_075458_22a2d8,US30,index,M15,trend_momentum,ema_cross,adx_min=25|fast_period=10|rsi_confirm=True|slow_period=100,both,all,REJECT,20,0.000000,0.000000,-0.003427,-0.003427,-0.066385,-10.436119,-9.466335,0.020020,26.300000,-0.066385,-0.066385,-0.032068,-0.026900,0.471649,,,mt5
run_20260429_075458_22a2d8,US30,index,M15,trend_momentum,ema_cross,adx_min=0|fast_period=10|rsi_confirm=False|slow_period=200,both,all,NEEDS_MORE_DATA,16,,,,,,,,,,,,,,,,only 16 trades < min 20,mt5
run_20260429_075458_22a2d8,US30,index,M15,trend_momentum,ema_cross,adx_min=0|fast_period=10|rsi_confirm=True|slow_period=200,both,all,NEEDS_MORE_DATA,14,,,,,,,,,,,,,,,,only 14 trades < min 20,mt5
run_20260429_075458_22a2d8,US30,index,M15,trend_momentum,ema_cross,adx_min=20|fast_period=10|rsi_confirm=False|slow_period=200,both,all,NEEDS_MORE_DATA,15,,,,,,,,,,,,,,,,only 15 trades < min 20,mt5
run_20260429_075458_22a2d8,US30,index,M15,trend_momentum,ema_cross,adx_min=20|fast_period=10|rsi_confirm=True|slow_period=200,both,all,NEEDS_MORE_DATA,14,,,,,,,,,,,,,,,,only 14 trades < min 20,mt5
run_20260429_075458_22a2d8,US30,index,M15,trend_momentum,ema_cross,adx_min=25|fast_period=10|rsi_confirm=False|slow_period=200,both,all,NEEDS_MORE_DATA,12,,,,,,,,,,,,,,,,only 12 trades < min 20,mt5
run_20260429_075458_22a2d8,US30,index,M15,trend_momentum,ema_cross,adx_min=25|fast_period=10|rsi_confirm=True|slow_period=200,both,all,NEEDS_MORE_DATA,11,,,,,,,,,,,,,,,,only 11 trades < min 20,mt5
run_20260429_075458_22a2d8,US30,index,M15,trend_momentum,ema_cross,adx_min=0|fast_period=20|rsi_confirm=False|slow_period=50,both,all,REJECT,34,0.088235,0.183663,-0.001940,-0.001940,-0.068390,-9.298975,-4.595077,0.034034,28.558824,-0.063986,-0.063986,-0.039947,-0.022857,0.475652,,,mt5
run_20260429_075458_22a2d8,US30,index,M15,trend_momentum,ema_cross,adx_min=0|fast_period=20|rsi_confirm=True|slow_period=50,both,all,REJECT,33,0.060606,0.125459,-0.002136,-0.002136,-0.068203,-10.320612,-5.571887,0.033033,26.212121,-0.068203,-0.068203,-0.044273,-0.022857,0.452882,,,mt5
run_20260429_075458_22a2d8,US30,index,M15,trend_momentum,ema_cross,adx_min=20|fast_period=20|rsi_confirm=False|slow_period=50,both,all,REJECT,31,0.096774,0.136134,-0.002089,-0.002089,-0.062848,-9.735679,-5.138766,0.031031,26.483871,-0.062848,-0.062848,-0.042177,-0.019391,0.423927,,,mt5
run_20260429_075458_22a2d8,US30,index,M15,trend_momentum,ema_cross,adx_min=20|fast_period=20|rsi_confirm=True|slow_period=50,both,all,REJECT,31,0.096774,0.136134,-0.002089,-0.002089,-0.062848,-9.735679,-5.138766,0.031031,26.483871,-0.062848,-0.062848,-0.042177,-0.019391,0.423927,,,mt5
run_20260429_075458_22a2d8,US30,index,M15,trend_momentum,ema_cross,adx_min=25|fast_period=20|rsi_confirm=False|slow_period=50,both,all,REJECT,24,0.083333,0.038738,-0.002533,-0.002533,-0.059090,-10.878577,-8.248262,0.024024,28.541667,-0.059090,-0.059090,-0.038337,-0.019391,0.395744,,,mt5
run_20260429_075458_22a2d8,US30,index,M15,trend_momentum,ema_cross,adx_min=25|fast_period=20|rsi_confirm=True|slow_period=50,both,all,REJECT,24,0.083333,0.038738,-0.002533,-0.002533,-0.059090,-10.878577,-8.248262,0.024024,28.541667,-0.059090,-0.059090,-0.038337,-0.019391,0.395744,,,mt5
run_20260429_075458_22a2d8,US30,index,M15,trend_momentum,ema_cross,adx_min=0|fast_period=20|rsi_confirm=False|slow_period=100,both,all,NEEDS_MORE_DATA,16,,,,,,,,,,,,,,,,only 16 trades < min 20,mt5
run_20260429_075458_22a2d8,US30,index,M15,trend_momentum,ema_cross,adx_min=0|fast_period=20|rsi_confirm=True|slow_period=100,both,all,NEEDS_MORE_DATA,15,,,,,,,,,,,,,,,,only 15 trades < min 20,mt5
run_20260429_075458_22a2d8,US30,index,M15,trend_momentum,ema_cross,adx_min=20|fast_period=20|rsi_confirm=False|slow_period=100,both,all,NEEDS_MORE_DATA,15,,,,,,,,,,,,,,,,only 15 trades < min 20,mt5
run_20260429_075458_22a2d8,US30,index,M15,trend_momentum,ema_cross,adx_min=20|fast_period=20|rsi_confirm=True|slow_period=100,both,all,NEEDS_MORE_DATA,15,,,,,,,,,,,,,,,,only 15 trades < min 20,mt5
run_20260429_075458_22a2d8,US30,index,M15,trend_momentum,ema_cross,adx_min=25|fast_period=20|rsi_confirm=False|slow_period=100,both,all,NEEDS_MORE_DATA,13,,,,,,,,,,,,,,,,only 13 trades < min 20,mt5
run_20260429_075458_22a2d8,US30,index,M15,trend_momentum,ema_cross,adx_min=25|fast_period=20|rsi_confirm=True|slow_period=100,both,all,NEEDS_MORE_DATA,13,,,,,,,,,,,,,,,,only 13 trades < min 20,mt5
run_20260429_075458_22a2d8,US30,index,M15,trend_momentum,ema_cross,adx_min=0|fast_period=20|rsi_confirm=False|slow_period=200,both,all,NEEDS_MORE_DATA,8,,,,,,,,,,,,,,,,only 8 trades < min 20,mt5
run_20260429_075458_22a2d8,US30,index,M15,trend_momentum,ema_cross,adx_min=0|fast_period=20|rsi_confirm=True|slow_period=200,both,all,NEEDS_MORE_DATA,7,,,,,,,,,,,,,,,,only 7 trades < min 20,mt5
run_20260429_075458_22a2d8,US30,index,M15,trend_momentum,ema_cross,adx_min=20|fast_period=20|rsi_confirm=False|slow_period=200,both,all,NEEDS_MORE_DATA,7,,,,,,,,,,,,,,,,only 7 trades < min 20,mt5
run_20260429_075458_22a2d8,US30,index,M15,trend_momentum,ema_cross,adx_min=20|fast_period=20|rsi_confirm=True|slow_period=200,both,all,NEEDS_MORE_DATA,7,,,,,,,,,,,,,,,,only 7 trades < min 20,mt5
run_20260429_075458_22a2d8,US30,index,M15,trend_momentum,ema_cross,adx_min=25|fast_period=20|rsi_confirm=False|slow_period=200,both,all,NEEDS_MORE_DATA,5,,,,,,,,,,,,,,,,only 5 trades < min 20,mt5
run_20260429_075458_22a2d8,US30,index,M15,trend_momentum,ema_cross,adx_min=25|fast_period=20|rsi_confirm=True|slow_period=200,both,all,NEEDS_MORE_DATA,5,,,,,,,,,,,,,,,,only 5 trades < min 20,mt5
run_20260429_075458_22a2d8,US30,index,M15,trend_momentum,ema_alignment,adx_min=0|ema_long=200|ema_mid=50|ema_short=20,both,all,REJECT,31,0.096774,0.449276,-0.000887,-0.000887,-0.036697,-4.239826,-1.732330,0.031031,15.387097,-0.027257,-0.027257,0.000411,-0.028705,0.366000,,,mt5
run_20260429_075458_22a2d8,US30,index,M15,trend_momentum,ema_alignment,adx_min=20|ema_long=200|ema_mid=50|ema_short=20,both,all,REJECT,28,0.107143,0.382839,-0.001032,-0.001032,-0.033677,-4.803275,-2.002911,0.028028,16.000000,-0.028586,-0.028586,-0.005308,-0.024456,0.368000,,,mt5
run_20260429_075458_22a2d8,US30,index,M15,trend_momentum,ema_alignment,adx_min=25|ema_long=200|ema_mid=50|ema_short=20,both,all,REJECT,21,0.142857,0.459180,-0.000909,-0.000909,-0.024226,-3.525325,-1.442502,0.021021,18.952381,-0.019013,-0.019013,-0.002553,-0.017562,0.226000,,,mt5
run_20260429_075458_22a2d8,US30,index,M15,trend_momentum,macd_direction,adx_min=0|fast=12|signal_period=9|slow=26,both,all,REJECT,73,0.191781,0.319085,-0.001315,-0.001315,-0.101086,-8.733198,-3.695878,0.073073,13.424658,-0.091922,-0.091922,-0.041110,-0.051122,0.626931,,,mt5
run_20260429_075458_22a2d8,US30,index,M15,trend_momentum,macd_direction,adx_min=20|fast=12|signal_period=9|slow=26,both,all,REJECT,71,0.183099,0.285808,-0.001409,-0.001409,-0.100372,-9.260566,-3.974097,0.071071,13.239437,-0.095519,-0.095519,-0.044908,-0.051122,0.658489,,,mt5
run_20260429_075458_22a2d8,US30,index,M15,pullback,pullback_ema,pullback_period=20|rsi_reclaim=False|rsi_threshold=50|trend_period=200,both,all,REJECT,85,0.117647,0.206332,-0.001418,-0.001418,-0.119927,-11.166565,-4.892234,0.085085,7.152941,-0.113922,-0.113922,-0.068353,-0.049082,0.615419,,,mt5
run_20260429_075458_22a2d8,US30,index,M15,pullback,pullback_ema,pullback_period=20|rsi_reclaim=True|rsi_threshold=50|trend_period=200,both,all,REJECT,77,0.103896,0.167804,-0.001501,-0.001501,-0.109463,-11.563013,-5.197490,0.077077,6.350649,-0.109463,-0.109463,-0.064678,-0.048052,0.622885,,,mt5
run_20260429_075458_22a2d8,US30,index,M15,pullback,pullback_ema,pullback_period=50|rsi_reclaim=False|rsi_threshold=50|trend_period=200,both,all,REJECT,61,0.049180,0.214574,-0.001427,-0.001427,-0.089099,-10.596680,-4.824863,0.061061,11.180328,-0.083545,-0.083545,-0.039296,-0.045666,0.718030,,,mt5
run_20260429_075458_22a2d8,US30,index,M15,pullback,pullback_ema,pullback_period=50|rsi_reclaim=True|rsi_threshold=50|trend_period=200,both,all,REJECT,53,0.037736,0.178082,-0.001539,-0.001539,-0.078520,-10.631167,-4.993501,0.053053,10.811321,-0.078520,-0.078520,-0.036838,-0.042882,0.717451,,,mt5
run_20260429_075458_22a2d8,US30,index,M15,breakout,prev_day_hl,atr_expand_min=0.0,both,all,NEEDS_MORE_DATA,1,,,,,,,,,,,,,,1.000000,,only 1 trades < min 20,mt5
run_20260429_075458_22a2d8,US30,index,M15,breakout,prev_day_hl,atr_expand_min=0.5,both,all,NEEDS_MORE_DATA,1,,,,,,,,,,,,,,1.000000,,only 1 trades < min 20,mt5
run_20260429_075458_22a2d8,US30,index,M15,breakout,prev_day_hl,atr_expand_min=1.0,both,all,NEEDS_MORE_DATA,1,,,,,,,,,,,,,,1.000000,,only 1 trades < min 20,mt5
run_20260429_075458_22a2d8,US30,index,M15,breakout,session_opening_range,atr_expand_min=0.0|range_bars=6,both,all,REJECT,61,0.131148,0.287712,-0.001611,-0.001611,-0.102667,-8.438657,-3.612774,0.061061,16.163934,-0.094013,-0.094013,-0.047892,-0.045634,0.719191,,,mt5
run_20260429_075458_22a2d8,US30,index,M15,breakout,session_opening_range,atr_expand_min=0.5|range_bars=6,both,all,REJECT,59,0.135593,0.296384,-0.001597,-0.001597,-0.099032,-8.131946,-3.468304,0.059059,16.305085,-0.090343,-0.090343,-0.046847,-0.045634,0.725569,,,mt5
run_20260429_075458_22a2d8,US30,index,M15,breakout,session_opening_range,atr_expand_min=0.0|range_bars=12,both,all,REJECT,37,0.162162,0.414987,-0.001357,-0.001357,-0.059200,-5.085304,-2.097331,0.037037,26.594595,-0.049279,-0.049279,-0.008579,-0.040273,0.322000,,,mt5
run_20260429_075458_22a2d8,US30,index,M15,breakout,session_opening_range,atr_expand_min=0.5|range_bars=12,both,all,REJECT,37,0.162162,0.414987,-0.001357,-0.001357,-0.059200,-5.085304,-2.097331,0.037037,26.594595,-0.049279,-0.049279,-0.008579,-0.040273,0.322000,,,mt5
run_20260429_075458_22a2d8,US30,index,M15,breakout,london_breakout,atr_expand_min=0.0|utc_end=11|utc_start=7,both,all,NEEDS_MORE_DATA,16,,,,,,,,,,,,,,1.000000,,only 16 trades < min 20,mt5
run_20260429_075458_22a2d8,US30,index,M15,breakout,london_breakout,atr_expand_min=0.5|utc_end=11|utc_start=7,both,all,NEEDS_MORE_DATA,15,,,,,,,,,,,,,,1.000000,,only 15 trades < min 20,mt5
run_20260429_075458_22a2d8,US30,index,M15,breakout,ny_breakout,atr_expand_min=0.0|utc_end=16|utc_start=13,both,all,NEEDS_MORE_DATA,11,,,,,,,,,,,,,,,,only 11 trades < min 20,mt5
run_20260429_075458_22a2d8,US30,index,M15,breakout,ny_breakout,atr_expand_min=0.5|utc_end=16|utc_start=13,both,all,NEEDS_MORE_DATA,11,,,,,,,,,,,,,,,,only 11 trades < min 20,mt5
run_20260429_075458_22a2d8,US30,index,M15,mean_reversion,rsi_extreme,overbought=70|oversold=30|period=14,both,all,NEEDS_MORE_DATA,13,,,,,,,,,,,,,,,,only 13 trades < min 20,mt5
run_20260429_075458_22a2d8,US30,index,M15,mean_reversion,rsi_extreme,overbought=75|oversold=30|period=14,both,all,NEEDS_MORE_DATA,9,,,,,,,,,,,,,,,,only 9 trades < min 20,mt5
run_20260429_075458_22a2d8,US30,index,M15,mean_reversion,rsi_extreme,overbought=70|oversold=25|period=14,both,all,NEEDS_MORE_DATA,11,,,,,,,,,,,,,,,,only 11 trades < min 20,mt5
run_20260429_075458_22a2d8,US30,index,M15,mean_reversion,rsi_extreme,overbought=75|oversold=25|period=14,both,all,NEEDS_MORE_DATA,7,,,,,,,,,,,,,,,,only 7 trades < min 20,mt5
run_20260429_075458_22a2d8,US30,index,M15,mean_reversion,bollinger_touch,num_std=2.0|period=20,both,all,REJECT,38,0.473684,0.573266,-0.000453,-0.000453,-0.029897,-2.136162,-0.841996,0.038038,12.052632,-0.017285,-0.017285,-0.024696,0.007598,0.394667,,,mt5
run_20260429_075458_22a2d8,US30,index,M15,mean_reversion,bollinger_touch,num_std=2.5|period=20,both,all,REJECT,24,0.625000,0.997036,-0.000004,-0.000004,-0.028502,-0.010861,-0.004243,0.024024,12.708333,-0.000332,-0.000332,-0.009068,0.008816,0.324000,,,mt5
run_20260429_075458_22a2d8,US30,index,M15,mean_reversion,vwap_deviation,std_threshold=1.5,both,all,NEEDS_MORE_DATA,11,,,,,,,,,,,,,,,,only 11 trades < min 20,mt5
run_20260429_075458_22a2d8,US30,index,M15,mean_reversion,vwap_deviation,std_threshold=2.0,both,all,NEEDS_MORE_DATA,9,,,,,,,,,,,,,,,,only 9 trades < min 20,mt5
run_20260429_075458_22a2d8,US30,index,M15,engine_b_proxy,ob_bos,require_engulf=False|require_vol_expand=False|swing_period=5,both,all,REJECT,23,0.130435,0.362628,-0.001938,-0.001938,-0.043902,-4.471269,-1.872353,0.023023,38.739130,-0.043902,-0.043902,-0.014629,-0.029708,0.238000,,,mt5
run_20260429_075458_22a2d8,US30,index,M15,engine_b_proxy,ob_bos,require_engulf=False|require_vol_expand=True|swing_period=5,both,all,NEEDS_MORE_DATA,18,,,,,,,,,,,,,,1.000000,,only 18 trades < min 20,mt5
run_20260429_075458_22a2d8,US30,index,M15,engine_b_proxy,ob_bos,require_engulf=True|require_vol_expand=False|swing_period=5,both,all,REJECT,20,0.150000,0.412054,-0.001783,-0.001783,-0.035369,-3.690522,-1.521347,0.020020,38.300000,-0.035332,-0.035332,-0.014539,-0.021099,0.384644,,,mt5
run_20260429_075458_22a2d8,US30,index,M15,engine_b_proxy,ob_bos,require_engulf=True|require_vol_expand=True|swing_period=5,both,all,NEEDS_MORE_DATA,15,,,,,,,,,,,,,,1.000000,,only 15 trades < min 20,mt5
run_20260429_075458_22a2d8,US30,index,M15,engine_b_proxy,ob_bos,require_engulf=False|require_vol_expand=False|swing_period=10,both,all,NEEDS_MORE_DATA,15,,,,,,,,,,,,,,,,only 15 trades < min 20,mt5
run_20260429_075458_22a2d8,US30,index,M15,engine_b_proxy,ob_bos,require_engulf=False|require_vol_expand=True|swing_period=10,both,all,NEEDS_MORE_DATA,13,,,,,,,,,,,,,,,,only 13 trades < min 20,mt5
run_20260429_075458_22a2d8,US30,index,M15,engine_b_proxy,ob_bos,require_engulf=True|require_vol_expand=False|swing_period=10,both,all,NEEDS_MORE_DATA,13,,,,,,,,,,,,,,,,only 13 trades < min 20,mt5
run_20260429_075458_22a2d8,US30,index,M15,engine_b_proxy,ob_bos,require_engulf=True|require_vol_expand=True|swing_period=10,both,all,NEEDS_MORE_DATA,12,,,,,,,,,,,,,,,,only 12 trades < min 20,mt5
run_20260429_075458_22a2d8,US30,index,M15,engine_b_proxy,structure_filters,fvg_detection=False|strong_close_pct=0.7,both,all,REJECT,313,0.083067,0.083595,-0.001389,-0.001389,-0.353093,-33.669377,-16.699665,0.313313,3.076677,-0.353093,-0.353093,-0.265415,-0.120414,0.536104,,,mt5
run_20260429_075458_22a2d8,US30,index,M15,engine_b_proxy,structure_filters,fvg_detection=True|strong_close_pct=0.7,both,all,REJECT,34,0.117647,0.316750,-0.001334,-0.001334,-0.049401,-5.236597,-2.179473,0.034034,11.176471,-0.044581,-0.044581,-0.029696,-0.015340,0.458973,,,mt5
run_20260429_075458_22a2d8,US30,index,M15,engine_b_proxy,structure_filters,fvg_detection=False|strong_close_pct=0.8,both,all,REJECT,227,0.105727,0.127660,-0.001310,-0.001310,-0.259779,-25.548219,-12.277722,0.227227,3.969163,-0.257592,-0.257592,-0.177983,-0.096847,0.563240,,,mt5
run_20260429_075458_22a2d8,US30,index,M15,engine_b_proxy,structure_filters,fvg_detection=True|strong_close_pct=0.8,both,all,REJECT,23,0.173913,0.437031,-0.001062,-0.001062,-0.037564,-3.222050,-1.303394,0.023023,12.347826,-0.024319,-0.024319,-0.014337,-0.010127,0.449894,,,mt5
run_20260429_075458_22a2d8,NAS100,index,H1,trend_momentum,ema_cross,adx_min=0|fast_period=10|rsi_confirm=False|slow_period=50,both,all,REJECT,26,0.230769,0.929348,-0.000423,-0.000423,-0.100503,-0.284021,-0.115519,0.026026,37.653846,-0.015278,-0.015278,-0.100503,0.064229,0.256000,,,mt5
run_20260429_075458_22a2d8,NAS100,index,H1,trend_momentum,ema_cross,adx_min=0|fast_period=10|rsi_confirm=True|slow_period=50,both,all,REJECT,26,0.230769,0.929348,-0.000423,-0.000423,-0.100503,-0.284021,-0.115519,0.026026,37.653846,-0.015278,-0.015278,-0.100503,0.064229,0.256000,,,mt5
run_20260429_075458_22a2d8,NAS100,index,H1,trend_momentum,ema_cross,adx_min=20|fast_period=10|rsi_confirm=False|slow_period=50,both,all,REJECT,26,0.230769,0.929348,-0.000423,-0.000423,-0.100503,-0.284021,-0.115519,0.026026,37.653846,-0.015278,-0.015278,-0.100503,0.064229,0.256000,,,mt5
run_20260429_075458_22a2d8,NAS100,index,H1,trend_momentum,ema_cross,adx_min=20|fast_period=10|rsi_confirm=True|slow_period=50,both,all,REJECT,26,0.230769,0.929348,-0.000423,-0.000423,-0.100503,-0.284021,-0.115519,0.026026,37.653846,-0.015278,-0.015278,-0.100503,0.064229,0.256000,,,mt5
run_20260429_075458_22a2d8,NAS100,index,H1,trend_momentum,ema_cross,adx_min=25|fast_period=10|rsi_confirm=False|slow_period=50,both,all,REJECT,20,0.100000,0.107085,-0.006568,-0.006568,-0.123860,-7.853263,-4.514531,0.020020,25.150000,-0.123860,-0.123860,-0.120272,-0.004079,0.230174,,,mt5
run_20260429_075458_22a2d8,NAS100,index,H1,trend_momentum,ema_cross,adx_min=25|fast_period=10|rsi_confirm=True|slow_period=50,both,all,REJECT,20,0.100000,0.107085,-0.006568,-0.006568,-0.123860,-7.853263,-4.514531,0.020020,25.150000,-0.123860,-0.123860,-0.120272,-0.004079,0.230174,,,mt5
run_20260429_075458_22a2d8,NAS100,index,H1,trend_momentum,ema_cross,adx_min=0|fast_period=10|rsi_confirm=False|slow_period=100,both,all,NEEDS_MORE_DATA,11,,,,,,,,,,,,,,1.000000,,only 11 trades < min 20,mt5
run_20260429_075458_22a2d8,NAS100,index,H1,trend_momentum,ema_cross,adx_min=0|fast_period=10|rsi_confirm=True|slow_period=100,both,all,NEEDS_MORE_DATA,11,,,,,,,,,,,,,,1.000000,,only 11 trades < min 20,mt5
run_20260429_075458_22a2d8,NAS100,index,H1,trend_momentum,ema_cross,adx_min=20|fast_period=10|rsi_confirm=False|slow_period=100,both,all,NEEDS_MORE_DATA,11,,,,,,,,,,,,,,1.000000,,only 11 trades < min 20,mt5
run_20260429_075458_22a2d8,NAS100,index,H1,trend_momentum,ema_cross,adx_min=20|fast_period=10|rsi_confirm=True|slow_period=100,both,all,NEEDS_MORE_DATA,11,,,,,,,,,,,,,,1.000000,,only 11 trades < min 20,mt5
run_20260429_075458_22a2d8,NAS100,index,H1,trend_momentum,ema_cross,adx_min=25|fast_period=10|rsi_confirm=False|slow_period=100,both,all,NEEDS_MORE_DATA,9,,,,,,,,,,,,,,1.000000,,only 9 trades < min 20,mt5
run_20260429_075458_22a2d8,NAS100,index,H1,trend_momentum,ema_cross,adx_min=25|fast_period=10|rsi_confirm=True|slow_period=100,both,all,NEEDS_MORE_DATA,9,,,,,,,,,,,,,,1.000000,,only 9 trades < min 20,mt5
run_20260429_075458_22a2d8,NAS100,index,H1,trend_momentum,ema_cross,adx_min=0|fast_period=10|rsi_confirm=False|slow_period=200,both,all,NEEDS_MORE_DATA,11,,,,,,,,,,,,,,,,only 11 trades < min 20,mt5
run_20260429_075458_22a2d8,NAS100,index,H1,trend_momentum,ema_cross,adx_min=0|fast_period=10|rsi_confirm=True|slow_period=200,both,all,NEEDS_MORE_DATA,11,,,,,,,,,,,,,,,,only 11 trades < min 20,mt5
run_20260429_075458_22a2d8,NAS100,index,H1,trend_momentum,ema_cross,adx_min=20|fast_period=10|rsi_confirm=False|slow_period=200,both,all,NEEDS_MORE_DATA,11,,,,,,,,,,,,,,,,only 11 trades < min 20,mt5
run_20260429_075458_22a2d8,NAS100,index,H1,trend_momentum,ema_cross,adx_min=20|fast_period=10|rsi_confirm=True|slow_period=200,both,all,NEEDS_MORE_DATA,11,,,,,,,,,,,,,,,,only 11 trades < min 20,mt5
run_20260429_075458_22a2d8,NAS100,index,H1,trend_momentum,ema_cross,adx_min=25|fast_period=10|rsi_confirm=False|slow_period=200,both,all,NEEDS_MORE_DATA,8,,,,,,,,,,,,,,,,only 8 trades < min 20,mt5
run_20260429_075458_22a2d8,NAS100,index,H1,trend_momentum,ema_cross,adx_min=25|fast_period=10|rsi_confirm=True|slow_period=200,both,all,NEEDS_MORE_DATA,8,,,,,,,,,,,,,,,,only 8 trades < min 20,mt5
run_20260429_075458_22a2d8,NAS100,index,H1,trend_momentum,ema_cross,adx_min=0|fast_period=20|rsi_confirm=False|slow_period=50,both,all,NEEDS_MORE_DATA,14,,,,,,,,,,,,,,1.000000,,only 14 trades < min 20,mt5
run_20260429_075458_22a2d8,NAS100,index,H1,trend_momentum,ema_cross,adx_min=0|fast_period=20|rsi_confirm=True|slow_period=50,both,all,NEEDS_MORE_DATA,14,,,,,,,,,,,,,,1.000000,,only 14 trades < min 20,mt5
run_20260429_075458_22a2d8,NAS100,index,H1,trend_momentum,ema_cross,adx_min=20|fast_period=20|rsi_confirm=False|slow_period=50,both,all,NEEDS_MORE_DATA,14,,,,,,,,,,,,,,1.000000,,only 14 trades < min 20,mt5
run_20260429_075458_22a2d8,NAS100,index,H1,trend_momentum,ema_cross,adx_min=20|fast_period=20|rsi_confirm=True|slow_period=50,both,all,NEEDS_MORE_DATA,14,,,,,,,,,,,,,,1.000000,,only 14 trades < min 20,mt5
run_20260429_075458_22a2d8,NAS100,index,H1,trend_momentum,ema_cross,adx_min=25|fast_period=20|rsi_confirm=False|slow_period=50,both,all,NEEDS_MORE_DATA,13,,,,,,,,,,,,,,1.000000,,only 13 trades < min 20,mt5
run_20260429_075458_22a2d8,NAS100,index,H1,trend_momentum,ema_cross,adx_min=25|fast_period=20|rsi_confirm=True|slow_period=50,both,all,NEEDS_MORE_DATA,13,,,,,,,,,,,,,,1.000000,,only 13 trades < min 20,mt5
run_20260429_075458_22a2d8,NAS100,index,H1,trend_momentum,ema_cross,adx_min=0|fast_period=20|rsi_confirm=False|slow_period=100,both,all,NEEDS_MORE_DATA,7,,,,,,,,,,,,,,,,only 7 trades < min 20,mt5
run_20260429_075458_22a2d8,NAS100,index,H1,trend_momentum,ema_cross,adx_min=0|fast_period=20|rsi_confirm=True|slow_period=100,both,all,NEEDS_MORE_DATA,7,,,,,,,,,,,,,,,,only 7 trades < min 20,mt5
run_20260429_075458_22a2d8,NAS100,index,H1,trend_momentum,ema_cross,adx_min=20|fast_period=20|rsi_confirm=False|slow_period=100,both,all,NEEDS_MORE_DATA,7,,,,,,,,,,,,,,,,only 7 trades < min 20,mt5
run_20260429_075458_22a2d8,NAS100,index,H1,trend_momentum,ema_cross,adx_min=20|fast_period=20|rsi_confirm=True|slow_period=100,both,all,NEEDS_MORE_DATA,7,,,,,,,,,,,,,,,,only 7 trades < min 20,mt5
run_20260429_075458_22a2d8,NAS100,index,H1,trend_momentum,ema_cross,adx_min=25|fast_period=20|rsi_confirm=False|slow_period=100,both,all,NEEDS_MORE_DATA,7,,,,,,,,,,,,,,,,only 7 trades < min 20,mt5
run_20260429_075458_22a2d8,NAS100,index,H1,trend_momentum,ema_cross,adx_min=25|fast_period=20|rsi_confirm=True|slow_period=100,both,all,NEEDS_MORE_DATA,7,,,,,,,,,,,,,,,,only 7 trades < min 20,mt5
run_20260429_075458_22a2d8,NAS100,index,H1,trend_momentum,ema_cross,adx_min=0|fast_period=20|rsi_confirm=False|slow_period=200,both,all,NEEDS_MORE_DATA,9,,,,,,,,,,,,,,,,only 9 trades < min 20,mt5
run_20260429_075458_22a2d8,NAS100,index,H1,trend_momentum,ema_cross,adx_min=0|fast_period=20|rsi_confirm=True|slow_period=200,both,all,NEEDS_MORE_DATA,9,,,,,,,,,,,,,,,,only 9 trades < min 20,mt5
run_20260429_075458_22a2d8,NAS100,index,H1,trend_momentum,ema_cross,adx_min=20|fast_period=20|rsi_confirm=False|slow_period=200,both,all,NEEDS_MORE_DATA,9,,,,,,,,,,,,,,,,only 9 trades < min 20,mt5
run_20260429_075458_22a2d8,NAS100,index,H1,trend_momentum,ema_cross,adx_min=20|fast_period=20|rsi_confirm=True|slow_period=200,both,all,NEEDS_MORE_DATA,9,,,,,,,,,,,,,,,,only 9 trades < min 20,mt5
run_20260429_075458_22a2d8,NAS100,index,H1,trend_momentum,ema_cross,adx_min=25|fast_period=20|rsi_confirm=False|slow_period=200,both,all,NEEDS_MORE_DATA,9,,,,,,,,,,,,,,,,only 9 trades < min 20,mt5
run_20260429_075458_22a2d8,NAS100,index,H1,trend_momentum,ema_cross,adx_min=25|fast_period=20|rsi_confirm=True|slow_period=200,both,all,NEEDS_MORE_DATA,9,,,,,,,,,,,,,,,,only 9 trades < min 20,mt5
run_20260429_075458_22a2d8,NAS100,index,H1,trend_momentum,ema_alignment,adx_min=0|ema_long=200|ema_mid=50|ema_short=20,both,all,WEAK_CANDIDATE,23,0.434783,1.877635,0.002514,0.002514,-0.037138,2.040522,0.842132,0.023023,26.043478,0.057043,0.057043,-0.033233,0.054249,0.418000,,,mt5
run_20260429_075458_22a2d8,NAS100,index,H1,trend_momentum,ema_alignment,adx_min=20|ema_long=200|ema_mid=50|ema_short=20,both,all,WEAK_CANDIDATE,23,0.434783,1.877635,0.002514,0.002514,-0.037138,2.040522,0.842132,0.023023,26.043478,0.057043,0.057043,-0.033233,0.054249,0.438000,,,mt5
run_20260429_075458_22a2d8,NAS100,index,H1,trend_momentum,ema_alignment,adx_min=25|ema_long=200|ema_mid=50|ema_short=20,both,all,NEEDS_MORE_DATA,17,,,,,,,,,,,,,,1.000000,,only 17 trades < min 20,mt5
run_20260429_075458_22a2d8,NAS100,index,H1,trend_momentum,macd_direction,adx_min=0|fast=12|signal_period=9|slow=26,both,all,REJECT,71,0.352113,0.982014,-0.000076,-0.000076,-0.050577,-0.148588,-0.060421,0.071071,13.929577,-0.009264,-0.009264,-0.001868,-0.008503,0.500972,,,mt5
run_20260429_075458_22a2d8,NAS100,index,H1,trend_momentum,macd_direction,adx_min=20|fast=12|signal_period=9|slow=26,both,all,REJECT,71,0.352113,0.982014,-0.000076,-0.000076,-0.050577,-0.148588,-0.060421,0.071071,13.929577,-0.009264,-0.009264,-0.001868,-0.008503,0.500972,,,mt5
run_20260429_075458_22a2d8,NAS100,index,H1,pullback,pullback_ema,pullback_period=20|rsi_reclaim=False|rsi_threshold=50|trend_period=200,both,all,REJECT,63,0.222222,0.924602,-0.000225,-0.000225,-0.064126,-0.467754,-0.190252,0.063063,9.746032,-0.016775,-0.016775,-0.046608,0.034872,0.400000,,,mt5
run_20260429_075458_22a2d8,NAS100,index,H1,pullback,pullback_ema,pullback_period=20|rsi_reclaim=True|rsi_threshold=50|trend_period=200,both,all,REJECT,60,0.233333,0.965289,-0.000104,-0.000104,-0.058362,-0.206674,-0.084044,0.060060,9.983333,-0.008936,-0.008936,-0.040736,0.036738,0.400000,,,mt5
run_20260429_075458_22a2d8,NAS100,index,H1,pullback,pullback_ema,pullback_period=50|rsi_reclaim=False|rsi_threshold=50|trend_period=200,both,all,WEAK_CANDIDATE,35,0.285714,1.809053,0.002147,0.002147,-0.036163,2.351061,0.968278,0.035035,19.971429,0.074794,0.074794,-0.015262,0.065889,0.476667,,,mt5
run_20260429_075458_22a2d8,NAS100,index,H1,pullback,pullback_ema,pullback_period=50|rsi_reclaim=True|rsi_threshold=50|trend_period=200,both,all,WEAK_CANDIDATE,23,0.304348,2.125632,0.003345,0.003345,-0.032368,2.468003,1.025732,0.023023,23.391304,0.076881,0.076881,-0.003670,0.055533,0.404667,,,mt5
run_20260429_075458_22a2d8,NAS100,index,H1,breakout,prev_day_hl,atr_expand_min=0.0,both,all,NEEDS_MORE_DATA,10,,,,,,,,,,,,,,1.000000,,only 10 trades < min 20,mt5
run_20260429_075458_22a2d8,NAS100,index,H1,breakout,prev_day_hl,atr_expand_min=0.5,both,all,NEEDS_MORE_DATA,10,,,,,,,,,,,,,,1.000000,,only 10 trades < min 20,mt5
run_20260429_075458_22a2d8,NAS100,index,H1,breakout,prev_day_hl,atr_expand_min=1.0,both,all,NEEDS_MORE_DATA,9,,,,,,,,,,,,,,1.000000,,only 9 trades < min 20,mt5
run_20260429_075458_22a2d8,NAS100,index,H1,breakout,session_opening_range,atr_expand_min=0.0|range_bars=6,both,all,WEAK_CANDIDATE,54,0.388889,1.046517,0.000211,0.000211,-0.072953,0.325357,0.132319,0.054054,18.074074,0.007741,0.007741,-0.004186,0.012498,0.533333,,,mt5
run_20260429_075458_22a2d8,NAS100,index,H1,breakout,session_opening_range,atr_expand_min=0.5|range_bars=6,both,all,STRONG_CANDIDATE,52,0.403846,1.099780,0.000447,0.000447,-0.066219,0.667921,0.271776,0.052052,18.576923,0.019815,0.019815,0.007745,0.012498,0.690742,,,mt5
run_20260429_075458_22a2d8,NAS100,index,H1,breakout,session_opening_range,atr_expand_min=0.0|range_bars=12,both,all,REJECT,35,0.314286,0.725977,-0.001743,-0.001743,-0.126601,-1.749940,-0.716589,0.035035,27.885714,-0.062628,-0.062628,-0.082695,0.017305,0.310000,,,mt5
run_20260429_075458_22a2d8,NAS100,index,H1,breakout,session_opening_range,atr_expand_min=0.5|range_bars=12,both,all,REJECT,35,0.314286,0.725977,-0.001743,-0.001743,-0.126601,-1.749940,-0.716589,0.035035,27.885714,-0.062628,-0.062628,-0.082695,0.017305,0.310000,,,mt5
run_20260429_075458_22a2d8,NAS100,index,H1,breakout,london_breakout,atr_expand_min=0.0|utc_end=11|utc_start=7,both,all,NEEDS_MORE_DATA,16,,,,,,,,,,,,,,1.000000,,only 16 trades < min 20,mt5
run_20260429_075458_22a2d8,NAS100,index,H1,breakout,london_breakout,atr_expand_min=0.5|utc_end=11|utc_start=7,both,all,NEEDS_MORE_DATA,14,,,,,,,,,,,,,,1.000000,,only 14 trades < min 20,mt5
run_20260429_075458_22a2d8,NAS100,index,H1,breakout,ny_breakout,atr_expand_min=0.0|utc_end=16|utc_start=13,both,all,NEEDS_MORE_DATA,17,,,,,,,,,,,,,,,,only 17 trades < min 20,mt5
run_20260429_075458_22a2d8,NAS100,index,H1,breakout,ny_breakout,atr_expand_min=0.5|utc_end=16|utc_start=13,both,all,NEEDS_MORE_DATA,17,,,,,,,,,,,,,,,,only 17 trades < min 20,mt5
run_20260429_075458_22a2d8,NAS100,index,H1,mean_reversion,rsi_extreme,overbought=70|oversold=30|period=14,both,all,NEEDS_MORE_DATA,16,,,,,,,,,,,,,,,,only 16 trades < min 20,mt5
run_20260429_075458_22a2d8,NAS100,index,H1,mean_reversion,rsi_extreme,overbought=75|oversold=30|period=14,both,all,NEEDS_MORE_DATA,13,,,,,,,,,,,,,,,,only 13 trades < min 20,mt5
run_20260429_075458_22a2d8,NAS100,index,H1,mean_reversion,rsi_extreme,overbought=70|oversold=25|period=14,both,all,NEEDS_MORE_DATA,12,,,,,,,,,,,,,,,,only 12 trades < min 20,mt5
run_20260429_075458_22a2d8,NAS100,index,H1,mean_reversion,rsi_extreme,overbought=75|oversold=25|period=14,both,all,NEEDS_MORE_DATA,9,,,,,,,,,,,,,,,,only 9 trades < min 20,mt5
run_20260429_075458_22a2d8,NAS100,index,H1,mean_reversion,bollinger_touch,num_std=2.0|period=20,both,all,REJECT,36,0.611111,0.795451,-0.000810,-0.000810,-0.075345,-1.211386,-0.494188,0.036036,16.722222,-0.030476,-0.030476,0.015357,-0.038813,0.382667,,,mt5
run_20260429_075458_22a2d8,NAS100,index,H1,mean_reversion,bollinger_touch,num_std=2.5|period=20,both,all,WEAK_CANDIDATE,22,0.681818,1.340582,0.000990,0.000990,-0.028484,1.396347,0.571903,0.022022,15.545455,0.021263,0.021263,0.023003,0.002432,0.443712,,,mt5
run_20260429_075458_22a2d8,NAS100,index,H1,mean_reversion,vwap_deviation,std_threshold=1.5,both,all,NEEDS_MORE_DATA,11,,,,,,,,,,,,,,,,only 11 trades < min 20,mt5
run_20260429_075458_22a2d8,NAS100,index,H1,mean_reversion,vwap_deviation,std_threshold=2.0,both,all,NEEDS_MORE_DATA,10,,,,,,,,,,,,,,,,only 10 trades < min 20,mt5
run_20260429_075458_22a2d8,NAS100,index,H1,engine_b_proxy,ob_bos,require_engulf=False|require_vol_expand=False|swing_period=5,both,all,NEEDS_MORE_DATA,16,,,,,,,,,,,,,,1.000000,,only 16 trades < min 20,mt5
run_20260429_075458_22a2d8,NAS100,index,H1,engine_b_proxy,ob_bos,require_engulf=False|require_vol_expand=True|swing_period=5,both,all,NEEDS_MORE_DATA,11,,,,,,,,,,,,,,1.000000,,only 11 trades < min 20,mt5
run_20260429_075458_22a2d8,NAS100,index,H1,engine_b_proxy,ob_bos,require_engulf=True|require_vol_expand=False|swing_period=5,both,all,NEEDS_MORE_DATA,12,,,,,,,,,,,,,,1.000000,,only 12 trades < min 20,mt5
run_20260429_075458_22a2d8,NAS100,index,H1,engine_b_proxy,ob_bos,require_engulf=True|require_vol_expand=True|swing_period=5,both,all,NEEDS_MORE_DATA,9,,,,,,,,,,,,,,1.000000,,only 9 trades < min 20,mt5
run_20260429_075458_22a2d8,NAS100,index,H1,engine_b_proxy,ob_bos,require_engulf=False|require_vol_expand=False|swing_period=10,both,all,NEEDS_MORE_DATA,5,,,,,,,,,,,,,,,,only 5 trades < min 20,mt5
run_20260429_075458_22a2d8,NAS100,index,H1,engine_b_proxy,ob_bos,require_engulf=False|require_vol_expand=True|swing_period=10,both,all,NEEDS_MORE_DATA,5,,,,,,,,,,,,,,,,only 5 trades < min 20,mt5
run_20260429_075458_22a2d8,NAS100,index,H1,engine_b_proxy,ob_bos,require_engulf=True|require_vol_expand=False|swing_period=10,both,all,NEEDS_MORE_DATA,5,,,,,,,,,,,,,,,,only 5 trades < min 20,mt5
run_20260429_075458_22a2d8,NAS100,index,H1,engine_b_proxy,ob_bos,require_engulf=True|require_vol_expand=True|swing_period=10,both,all,NEEDS_MORE_DATA,5,,,,,,,,,,,,,,,,only 5 trades < min 20,mt5
run_20260429_075458_22a2d8,NAS100,index,H1,engine_b_proxy,structure_filters,fvg_detection=False|strong_close_pct=0.7,both,all,REJECT,317,0.242902,0.386452,-0.001671,-0.001671,-0.416347,-14.049484,-5.924886,0.317317,3.063091,-0.413743,-0.413743,-0.342771,-0.109962,0.496241,,,mt5
run_20260429_075458_22a2d8,NAS100,index,H1,engine_b_proxy,structure_filters,fvg_detection=True|strong_close_pct=0.7,both,all,REJECT,40,0.300000,0.505878,-0.002342,-0.002342,-0.123592,-3.710875,-1.551932,0.040040,12.475000,-0.091158,-0.091158,-0.122594,0.035828,0.340000,,,mt5
run_20260429_075458_22a2d8,NAS100,index,H1,engine_b_proxy,structure_filters,fvg_detection=False|strong_close_pct=0.8,both,all,REJECT,227,0.229075,0.378521,-0.002117,-0.002117,-0.384678,-11.907391,-5.047447,0.227227,4.101322,-0.384678,-0.384678,-0.325513,-0.089753,0.482718,,,mt5
run_20260429_075458_22a2d8,NAS100,index,H1,engine_b_proxy,structure_filters,fvg_detection=True|strong_close_pct=0.8,both,all,REJECT,31,0.322581,0.600586,-0.001967,-0.001967,-0.094894,-2.501767,-1.034145,0.031031,13.516129,-0.060844,-0.060844,-0.093864,0.036440,0.286000,,,mt5
run_20260429_075458_22a2d8,US30,index,H4,trend_momentum,ema_cross,adx_min=0|fast_period=10|rsi_confirm=False|slow_period=50,both,all,REJECT,24,0.208333,0.495021,-0.003498,-0.003498,-0.138382,-1.421483,-1.188775,0.024024,36.625000,-0.082904,-0.082904,-0.116652,0.045116,0.244000,,,mt5
run_20260429_075458_22a2d8,US30,index,H4,trend_momentum,ema_cross,adx_min=0|fast_period=10|rsi_confirm=True|slow_period=50,both,all,REJECT,23,0.173913,0.433274,-0.004091,-0.004091,-0.138207,-1.610579,-1.360307,0.023023,34.217391,-0.092116,-0.092116,-0.125525,0.045116,0.238000,,,mt5
run_20260429_075458_22a2d8,US30,index,H4,trend_momentum,ema_cross,adx_min=20|fast_period=10|rsi_confirm=False|slow_period=50,both,all,REJECT,24,0.208333,0.495021,-0.003498,-0.003498,-0.138382,-1.421483,-1.188775,0.024024,36.625000,-0.082904,-0.082904,-0.116652,0.045116,0.244000,,,mt5
run_20260429_075458_22a2d8,US30,index,H4,trend_momentum,ema_cross,adx_min=20|fast_period=10|rsi_confirm=True|slow_period=50,both,all,REJECT,23,0.173913,0.433274,-0.004091,-0.004091,-0.138207,-1.610579,-1.360307,0.023023,34.217391,-0.092116,-0.092116,-0.125525,0.045116,0.238000,,,mt5
run_20260429_075458_22a2d8,US30,index,H4,trend_momentum,ema_cross,adx_min=25|fast_period=10|rsi_confirm=False|slow_period=50,both,all,REJECT,23,0.173913,0.473431,-0.003801,-0.003801,-0.141370,-1.483115,-1.245232,0.023023,35.434783,-0.086084,-0.086084,-0.119715,0.045116,0.238000,,,mt5
run_20260429_075458_22a2d8,US30,index,H4,trend_momentum,ema_cross,adx_min=25|fast_period=10|rsi_confirm=True|slow_period=50,both,all,REJECT,22,0.136364,0.411583,-0.004435,-0.004435,-0.141195,-1.673267,-1.420506,0.022022,32.863636,-0.095264,-0.095264,-0.128557,0.045116,0.232000,,,mt5
run_20260429_075458_22a2d8,US30,index,H4,trend_momentum,ema_cross,adx_min=0|fast_period=10|rsi_confirm=False|slow_period=100,both,all,NEEDS_MORE_DATA,14,,,,,,,,,,,,,,1.000000,,only 14 trades < min 20,mt5
run_20260429_075458_22a2d8,US30,index,H4,trend_momentum,ema_cross,adx_min=0|fast_period=10|rsi_confirm=True|slow_period=100,both,all,NEEDS_MORE_DATA,13,,,,,,,,,,,,,,1.000000,,only 13 trades < min 20,mt5
run_20260429_075458_22a2d8,US30,index,H4,trend_momentum,ema_cross,adx_min=20|fast_period=10|rsi_confirm=False|slow_period=100,both,all,NEEDS_MORE_DATA,14,,,,,,,,,,,,,,1.000000,,only 14 trades < min 20,mt5
run_20260429_075458_22a2d8,US30,index,H4,trend_momentum,ema_cross,adx_min=20|fast_period=10|rsi_confirm=True|slow_period=100,both,all,NEEDS_MORE_DATA,13,,,,,,,,,,,,,,1.000000,,only 13 trades < min 20,mt5
run_20260429_075458_22a2d8,US30,index,H4,trend_momentum,ema_cross,adx_min=25|fast_period=10|rsi_confirm=False|slow_period=100,both,all,NEEDS_MORE_DATA,12,,,,,,,,,,,,,,1.000000,,only 12 trades < min 20,mt5
run_20260429_075458_22a2d8,US30,index,H4,trend_momentum,ema_cross,adx_min=25|fast_period=10|rsi_confirm=True|slow_period=100,both,all,NEEDS_MORE_DATA,11,,,,,,,,,,,,,,1.000000,,only 11 trades < min 20,mt5
run_20260429_075458_22a2d8,US30,index,H4,trend_momentum,ema_cross,adx_min=0|fast_period=10|rsi_confirm=False|slow_period=200,both,all,NEEDS_MORE_DATA,12,,,,,,,,,,,,,,,,only 12 trades < min 20,mt5
run_20260429_075458_22a2d8,US30,index,H4,trend_momentum,ema_cross,adx_min=0|fast_period=10|rsi_confirm=True|slow_period=200,both,all,NEEDS_MORE_DATA,10,,,,,,,,,,,,,,,,only 10 trades < min 20,mt5
run_20260429_075458_22a2d8,US30,index,H4,trend_momentum,ema_cross,adx_min=20|fast_period=10|rsi_confirm=False|slow_period=200,both,all,NEEDS_MORE_DATA,12,,,,,,,,,,,,,,,,only 12 trades < min 20,mt5
run_20260429_075458_22a2d8,US30,index,H4,trend_momentum,ema_cross,adx_min=20|fast_period=10|rsi_confirm=True|slow_period=200,both,all,NEEDS_MORE_DATA,10,,,,,,,,,,,,,,,,only 10 trades < min 20,mt5
run_20260429_075458_22a2d8,US30,index,H4,trend_momentum,ema_cross,adx_min=25|fast_period=10|rsi_confirm=False|slow_period=200,both,all,NEEDS_MORE_DATA,11,,,,,,,,,,,,,,,,only 11 trades < min 20,mt5
run_20260429_075458_22a2d8,US30,index,H4,trend_momentum,ema_cross,adx_min=25|fast_period=10|rsi_confirm=True|slow_period=200,both,all,NEEDS_MORE_DATA,9,,,,,,,,,,,,,,,,only 9 trades < min 20,mt5
run_20260429_075458_22a2d8,US30,index,H4,trend_momentum,ema_cross,adx_min=0|fast_period=20|rsi_confirm=False|slow_period=50,both,all,REJECT,20,0.200000,0.510149,-0.003730,-0.003730,-0.126322,-1.272921,-1.063502,0.020020,44.150000,-0.074264,-0.074264,-0.121401,,0.220000,,,mt5
run_20260429_075458_22a2d8,US30,index,H4,trend_momentum,ema_cross,adx_min=0|fast_period=20|rsi_confirm=True|slow_period=50,both,all,NEEDS_MORE_DATA,19,,,,,,,,,,,,,,1.000000,,only 19 trades < min 20,mt5
run_20260429_075458_22a2d8,US30,index,H4,trend_momentum,ema_cross,adx_min=20|fast_period=20|rsi_confirm=False|slow_period=50,both,all,REJECT,20,0.200000,0.510149,-0.003730,-0.003730,-0.126322,-1.272921,-1.063502,0.020020,44.150000,-0.074264,-0.074264,-0.121401,,0.220000,,,mt5
run_20260429_075458_22a2d8,US30,index,H4,trend_momentum,ema_cross,adx_min=20|fast_period=20|rsi_confirm=True|slow_period=50,both,all,NEEDS_MORE_DATA,19,,,,,,,,,,,,,,1.000000,,only 19 trades < min 20,mt5
run_20260429_075458_22a2d8,US30,index,H4,trend_momentum,ema_cross,adx_min=25|fast_period=20|rsi_confirm=False|slow_period=50,both,all,NEEDS_MORE_DATA,19,,,,,,,,,,,,,,1.000000,,only 19 trades < min 20,mt5
run_20260429_075458_22a2d8,US30,index,H4,trend_momentum,ema_cross,adx_min=25|fast_period=20|rsi_confirm=True|slow_period=50,both,all,NEEDS_MORE_DATA,18,,,,,,,,,,,,,,1.000000,,only 18 trades < min 20,mt5
run_20260429_075458_22a2d8,US30,index,H4,trend_momentum,ema_cross,adx_min=0|fast_period=20|rsi_confirm=False|slow_period=100,both,all,NEEDS_MORE_DATA,10,,,,,,,,,,,,,,,,only 10 trades < min 20,mt5
run_20260429_075458_22a2d8,US30,index,H4,trend_momentum,ema_cross,adx_min=0|fast_period=20|rsi_confirm=True|slow_period=100,both,all,NEEDS_MORE_DATA,9,,,,,,,,,,,,,,,,only 9 trades < min 20,mt5
run_20260429_075458_22a2d8,US30,index,H4,trend_momentum,ema_cross,adx_min=20|fast_period=20|rsi_confirm=False|slow_period=100,both,all,NEEDS_MORE_DATA,10,,,,,,,,,,,,,,,,only 10 trades < min 20,mt5
run_20260429_075458_22a2d8,US30,index,H4,trend_momentum,ema_cross,adx_min=20|fast_period=20|rsi_confirm=True|slow_period=100,both,all,NEEDS_MORE_DATA,9,,,,,,,,,,,,,,,,only 9 trades < min 20,mt5
run_20260429_075458_22a2d8,US30,index,H4,trend_momentum,ema_cross,adx_min=25|fast_period=20|rsi_confirm=False|slow_period=100,both,all,NEEDS_MORE_DATA,7,,,,,,,,,,,,,,,,only 7 trades < min 20,mt5
run_20260429_075458_22a2d8,US30,index,H4,trend_momentum,ema_cross,adx_min=25|fast_period=20|rsi_confirm=True|slow_period=100,both,all,NEEDS_MORE_DATA,6,,,,,,,,,,,,,,,,only 6 trades < min 20,mt5
run_20260429_075458_22a2d8,US30,index,H4,trend_momentum,ema_cross,adx_min=0|fast_period=20|rsi_confirm=False|slow_period=200,both,all,NEEDS_MORE_DATA,6,,,,,,,,,,,,,,,,only 6 trades < min 20,mt5
run_20260429_075458_22a2d8,US30,index,H4,trend_momentum,ema_cross,adx_min=0|fast_period=20|rsi_confirm=True|slow_period=200,both,all,NEEDS_MORE_DATA,5,,,,,,,,,,,,,,,,only 5 trades < min 20,mt5
run_20260429_075458_22a2d8,US30,index,H4,trend_momentum,ema_cross,adx_min=20|fast_period=20|rsi_confirm=False|slow_period=200,both,all,NEEDS_MORE_DATA,6,,,,,,,,,,,,,,,,only 6 trades < min 20,mt5
run_20260429_075458_22a2d8,US30,index,H4,trend_momentum,ema_cross,adx_min=20|fast_period=20|rsi_confirm=True|slow_period=200,both,all,NEEDS_MORE_DATA,5,,,,,,,,,,,,,,,,only 5 trades < min 20,mt5
run_20260429_075458_22a2d8,US30,index,H4,trend_momentum,ema_cross,adx_min=25|fast_period=20|rsi_confirm=False|slow_period=200,both,all,NEEDS_MORE_DATA,5,,,,,,,,,,,,,,,,only 5 trades < min 20,mt5
run_20260429_075458_22a2d8,US30,index,H4,trend_momentum,ema_cross,adx_min=25|fast_period=20|rsi_confirm=True|slow_period=200,both,all,NEEDS_MORE_DATA,4,,,,,,,,,,,,,,,,only 4 trades < min 20,mt5
run_20260429_075458_22a2d8,US30,index,H4,trend_momentum,ema_alignment,adx_min=0|ema_long=200|ema_mid=50|ema_short=20,both,all,NEEDS_MORE_DATA,18,,,,,,,,,,,,,,1.000000,,only 18 trades < min 20,mt5
run_20260429_075458_22a2d8,US30,index,H4,trend_momentum,ema_alignment,adx_min=20|ema_long=200|ema_mid=50|ema_short=20,both,all,NEEDS_MORE_DATA,18,,,,,,,,,,,,,,1.000000,,only 18 trades < min 20,mt5
run_20260429_075458_22a2d8,US30,index,H4,trend_momentum,ema_alignment,adx_min=25|ema_long=200|ema_mid=50|ema_short=20,both,all,NEEDS_MORE_DATA,18,,,,,,,,,,,,,,1.000000,,only 18 trades < min 20,mt5
run_20260429_075458_22a2d8,US30,index,H4,trend_momentum,macd_direction,adx_min=0|fast=12|signal_period=9|slow=26,both,all,REJECT,85,0.294118,0.372256,-0.003540,-0.003540,-0.262687,-4.255154,-3.707701,0.085085,11.694118,-0.262687,-0.262687,-0.122430,-0.154003,0.622634,,,mt5
run_20260429_075458_22a2d8,US30,index,H4,trend_momentum,macd_direction,adx_min=20|fast=12|signal_period=9|slow=26,both,all,REJECT,85,0.294118,0.372256,-0.003540,-0.003540,-0.262687,-4.255154,-3.707701,0.085085,11.694118,-0.262687,-0.262687,-0.122430,-0.154003,0.622634,,,mt5
run_20260429_075458_22a2d8,US30,index,H4,pullback,pullback_ema,pullback_period=20|rsi_reclaim=False|rsi_threshold=50|trend_period=200,both,all,REJECT,69,0.246377,0.668670,-0.001073,-0.001073,-0.084591,-1.585464,-1.304088,0.069069,8.014493,-0.072921,-0.072921,-0.051223,-0.021661,0.526865,,,mt5
run_20260429_075458_22a2d8,US30,index,H4,pullback,pullback_ema,pullback_period=20|rsi_reclaim=True|rsi_threshold=50|trend_period=200,both,all,REJECT,59,0.254237,0.642497,-0.001168,-0.001168,-0.085493,-1.602340,-1.321115,0.059059,8.440678,-0.067904,-0.067904,-0.057075,-0.011484,0.460361,,,mt5
run_20260429_075458_22a2d8,US30,index,H4,pullback,pullback_ema,pullback_period=50|rsi_reclaim=False|rsi_threshold=50|trend_period=200,both,all,REJECT,30,0.300000,0.869166,-0.000413,-0.000413,-0.047231,-0.378965,-0.308668,0.030030,17.400000,-0.013100,-0.013100,0.010259,-0.018451,0.346667,,,mt5
run_20260429_075458_22a2d8,US30,index,H4,pullback,pullback_ema,pullback_period=50|rsi_reclaim=True|rsi_threshold=50|trend_period=200,both,all,REJECT,22,0.318182,0.966824,-0.000100,-0.000100,-0.042998,-0.075725,-0.061589,0.022022,17.681818,-0.002818,-0.002818,0.028510,-0.025823,0.298667,,,mt5
run_20260429_075458_22a2d8,US30,index,H4,breakout,prev_day_hl,atr_expand_min=0.0,both,all,REJECT,43,0.255814,0.396149,-0.005519,-0.005519,-0.261721,-2.842620,-2.462857,0.043043,21.976744,-0.215441,-0.215441,-0.234003,0.030255,0.358000,,,mt5
run_20260429_075458_22a2d8,US30,index,H4,breakout,prev_day_hl,atr_expand_min=0.5,both,all,REJECT,43,0.255814,0.379713,-0.005756,-0.005756,-0.266183,-2.967572,-2.586850,0.043043,21.790698,-0.223377,-0.223377,-0.238633,0.026037,0.358000,,,mt5
run_20260429_075458_22a2d8,US30,index,H4,breakout,prev_day_hl,atr_expand_min=1.0,both,all,REJECT,39,0.230769,0.340780,-0.006617,-0.006617,-0.260952,-3.114134,-2.760041,0.039039,22.205128,-0.231481,-0.231481,-0.238191,0.014740,0.334000,,,mt5
run_20260429_075458_22a2d8,US30,index,H4,breakout,session_opening_range,atr_expand_min=0.0|range_bars=6,both,all,REJECT,56,0.285714,0.344972,-0.004505,-0.004505,-0.225957,-3.568139,-3.132608,0.056056,16.053571,-0.225957,-0.225957,-0.173827,-0.055844,0.529712,,,mt5
run_20260429_075458_22a2d8,US30,index,H4,breakout,session_opening_range,atr_expand_min=0.5|range_bars=6,both,all,REJECT,56,0.285714,0.329083,-0.004682,-0.004682,-0.233615,-3.696610,-3.265255,0.056056,15.946429,-0.233615,-0.233615,-0.178525,-0.059839,0.533889,,,mt5
run_20260429_075458_22a2d8,US30,index,H4,breakout,session_opening_range,atr_expand_min=0.0|range_bars=12,both,all,REJECT,36,0.250000,0.288765,-0.006713,-0.006713,-0.235930,-3.487299,-3.201703,0.036036,25.055556,-0.217571,-0.217571,-0.160764,-0.062207,0.432083,,,mt5
run_20260429_075458_22a2d8,US30,index,H4,breakout,session_opening_range,atr_expand_min=0.5|range_bars=12,both,all,REJECT,36,0.250000,0.285898,-0.006808,-0.006808,-0.238555,-3.521253,-3.241594,0.036036,24.277778,-0.220259,-0.220259,-0.163647,-0.062207,0.430038,,,mt5
run_20260429_075458_22a2d8,US30,index,H4,breakout,london_breakout,atr_expand_min=0.0|utc_end=11|utc_start=7,both,all,NEEDS_MORE_DATA,13,,,,,,,,,,,,,,1.000000,,only 13 trades < min 20,mt5
run_20260429_075458_22a2d8,US30,index,H4,breakout,london_breakout,atr_expand_min=0.5|utc_end=11|utc_start=7,both,all,NEEDS_MORE_DATA,12,,,,,,,,,,,,,,1.000000,,only 12 trades < min 20,mt5
run_20260429_075458_22a2d8,US30,index,H4,breakout,ny_breakout,atr_expand_min=0.0|utc_end=16|utc_start=13,both,all,NEEDS_MORE_DATA,0,,,,,,,,,,,,,,,,only 0 trades < min 20,mt5
run_20260429_075458_22a2d8,US30,index,H4,breakout,ny_breakout,atr_expand_min=0.5|utc_end=16|utc_start=13,both,all,NEEDS_MORE_DATA,0,,,,,,,,,,,,,,,,only 0 trades < min 20,mt5
run_20260429_075458_22a2d8,US30,index,H4,mean_reversion,rsi_extreme,overbought=70|oversold=30|period=14,both,all,NEEDS_MORE_DATA,19,,,,,,,,,,,,,,,,only 19 trades < min 20,mt5
run_20260429_075458_22a2d8,US30,index,H4,mean_reversion,rsi_extreme,overbought=75|oversold=30|period=14,both,all,NEEDS_MORE_DATA,17,,,,,,,,,,,,,,,,only 17 trades < min 20,mt5
run_20260429_075458_22a2d8,US30,index,H4,mean_reversion,rsi_extreme,overbought=70|oversold=25|period=14,both,all,NEEDS_MORE_DATA,16,,,,,,,,,,,,,,,,only 16 trades < min 20,mt5
run_20260429_075458_22a2d8,US30,index,H4,mean_reversion,rsi_extreme,overbought=75|oversold=25|period=14,both,all,NEEDS_MORE_DATA,14,,,,,,,,,,,,,,,,only 14 trades < min 20,mt5
run_20260429_075458_22a2d8,US30,index,H4,mean_reversion,bollinger_touch,num_std=2.0|period=20,both,all,WEAK_CANDIDATE,37,0.648649,3.149711,0.002576,0.002576,-0.010903,2.867759,2.517167,0.037037,12.810811,0.099068,0.099068,0.080056,0.017603,0.554633,,,mt5
run_20260429_075458_22a2d8,US30,index,H4,mean_reversion,bollinger_touch,num_std=2.5|period=20,both,all,WEAK_CANDIDATE,22,0.727273,6.535763,0.003708,0.003708,-0.005576,3.082300,2.952763,0.022022,13.863636,0.084431,0.084431,0.054419,0.028463,0.568909,,,mt5
run_20260429_075458_22a2d8,US30,index,H4,mean_reversion,vwap_deviation,std_threshold=1.5,both,all,NEEDS_MORE_DATA,9,,,,,,,,,,,,,,,,only 9 trades < min 20,mt5
run_20260429_075458_22a2d8,US30,index,H4,mean_reversion,vwap_deviation,std_threshold=2.0,both,all,NEEDS_MORE_DATA,9,,,,,,,,,,,,,,,,only 9 trades < min 20,mt5
run_20260429_075458_22a2d8,US30,index,H4,engine_b_proxy,ob_bos,require_engulf=False|require_vol_expand=False|swing_period=5,both,all,REJECT,22,0.181818,0.215708,-0.007854,-0.007854,-0.178885,-3.251842,-3.185745,0.022022,37.545455,-0.160503,-0.160503,-0.156921,0.022387,0.232000,,,mt5
run_20260429_075458_22a2d8,US30,index,H4,engine_b_proxy,ob_bos,require_engulf=False|require_vol_expand=True|swing_period=5,both,all,REJECT,20,0.200000,0.127735,-0.008998,-0.008998,-0.175477,-3.672832,-3.981364,0.020020,36.500000,-0.166241,-0.166241,-0.169593,0.011202,0.220000,,,mt5
run_20260429_075458_22a2d8,US30,index,H4,engine_b_proxy,ob_bos,require_engulf=True|require_vol_expand=False|swing_period=5,both,all,REJECT,22,0.181818,0.218060,-0.007957,-0.007957,-0.180808,-3.243331,-3.173667,0.022022,37.409091,-0.162468,-0.162468,-0.158895,0.022387,0.232000,,,mt5
run_20260429_075458_22a2d8,US30,index,H4,engine_b_proxy,ob_bos,require_engulf=True|require_vol_expand=True|swing_period=5,both,all,REJECT,20,0.200000,0.127735,-0.008998,-0.008998,-0.175477,-3.672832,-3.981364,0.020020,36.500000,-0.166241,-0.166241,-0.169593,0.011202,0.220000,,,mt5
run_20260429_075458_22a2d8,US30,index,H4,engine_b_proxy,ob_bos,require_engulf=False|require_vol_expand=False|swing_period=10,both,all,NEEDS_MORE_DATA,11,,,,,,,,,,,,,,,,only 11 trades < min 20,mt5
run_20260429_075458_22a2d8,US30,index,H4,engine_b_proxy,ob_bos,require_engulf=False|require_vol_expand=True|swing_period=10,both,all,NEEDS_MORE_DATA,11,,,,,,,,,,,,,,,,only 11 trades < min 20,mt5
run_20260429_075458_22a2d8,US30,index,H4,engine_b_proxy,ob_bos,require_engulf=True|require_vol_expand=False|swing_period=10,both,all,NEEDS_MORE_DATA,11,,,,,,,,,,,,,,,,only 11 trades < min 20,mt5
run_20260429_075458_22a2d8,US30,index,H4,engine_b_proxy,ob_bos,require_engulf=True|require_vol_expand=True|swing_period=10,both,all,NEEDS_MORE_DATA,11,,,,,,,,,,,,,,,,only 11 trades < min 20,mt5
run_20260429_075458_22a2d8,US30,index,H4,engine_b_proxy,structure_filters,fvg_detection=False|strong_close_pct=0.7,both,all,REJECT,335,0.220896,0.515096,-0.001341,-0.001341,-0.371082,-5.118884,-4.236404,0.335335,2.880597,-0.365568,-0.365568,-0.318576,-0.068735,0.464727,,,mt5
run_20260429_075458_22a2d8,US30,index,H4,engine_b_proxy,structure_filters,fvg_detection=True|strong_close_pct=0.7,both,all,REJECT,46,0.260870,0.336785,-0.003235,-0.003235,-0.150249,-3.542715,-3.166525,0.046046,11.043478,-0.139410,-0.139410,-0.068556,-0.076069,0.643126,,,mt5
run_20260429_075458_22a2d8,US30,index,H4,engine_b_proxy,structure_filters,fvg_detection=False|strong_close_pct=0.8,both,all,REJECT,239,0.251046,0.568077,-0.001356,-0.001356,-0.285804,-3.725829,-3.075302,0.239239,3.891213,-0.280990,-0.280990,-0.218471,-0.079771,0.509540,,,mt5
run_20260429_075458_22a2d8,US30,index,H4,engine_b_proxy,structure_filters,fvg_detection=True|strong_close_pct=0.8,both,all,REJECT,32,0.187500,0.212880,-0.004413,-0.004413,-0.133084,-3.993592,-3.935836,0.032032,11.500000,-0.132541,-0.132541,-0.071193,-0.066050,0.570328,,,mt5
run_20260429_075458_22a2d8,NAS100,index,H4,trend_momentum,ema_cross,adx_min=0|fast_period=10|rsi_confirm=False|slow_period=50,both,all,REJECT,32,0.156250,0.150699,-0.010534,-0.010534,-0.303996,-4.509258,-4.761295,0.032032,27.750000,-0.289232,-0.289232,-0.178495,-0.122572,0.498009,,,mt5
run_20260429_075458_22a2d8,NAS100,index,H4,trend_momentum,ema_cross,adx_min=0|fast_period=10|rsi_confirm=True|slow_period=50,both,all,REJECT,31,0.129032,0.097304,-0.011551,-0.011551,-0.303846,-4.932529,-5.689836,0.031031,23.580645,-0.303846,-0.303846,-0.195385,-0.122572,0.474200,,,mt5
run_20260429_075458_22a2d8,NAS100,index,H4,trend_momentum,ema_cross,adx_min=20|fast_period=10|rsi_confirm=False|slow_period=50,both,all,REJECT,31,0.161290,0.159684,-0.010153,-0.010153,-0.288100,-4.335649,-4.509376,0.031031,28.580645,-0.272999,-0.272999,-0.159905,-0.122572,0.515958,,,mt5
run_20260429_075458_22a2d8,NAS100,index,H4,trend_momentum,ema_cross,adx_min=20|fast_period=10|rsi_confirm=True|slow_period=50,both,all,REJECT,30,0.133333,0.103108,-0.011192,-0.011192,-0.287946,-4.770744,-5.415309,0.030030,24.300000,-0.287946,-0.287946,-0.177178,-0.122572,0.487540,,,mt5
run_20260429_075458_22a2d8,NAS100,index,H4,trend_momentum,ema_cross,adx_min=25|fast_period=10|rsi_confirm=False|slow_period=50,both,all,REJECT,23,0.173913,0.139740,-0.010932,-0.010932,-0.240974,-3.847944,-4.094829,0.023023,29.086957,-0.224874,-0.224874,-0.125733,-0.113398,0.508568,,,mt5
run_20260429_075458_22a2d8,NAS100,index,H4,trend_momentum,ema_cross,adx_min=25|fast_period=10|rsi_confirm=True|slow_period=50,both,all,REJECT,22,0.136364,0.067210,-0.012383,-0.012383,-0.240810,-4.332476,-5.263234,0.022022,23.272727,-0.240810,-0.240810,-0.143708,-0.113398,0.468726,,,mt5
run_20260429_075458_22a2d8,NAS100,index,H4,trend_momentum,ema_cross,adx_min=0|fast_period=10|rsi_confirm=False|slow_period=100,both,all,REJECT,24,0.125000,0.219662,-0.010512,-0.010512,-0.271235,-3.481115,-3.448160,0.024024,37.416667,-0.226098,-0.226098,-0.181174,-0.053775,0.333044,,,mt5
run_20260429_075458_22a2d8,NAS100,index,H4,trend_momentum,ema_cross,adx_min=0|fast_period=10|rsi_confirm=True|slow_period=100,both,all,REJECT,23,0.086957,0.098526,-0.012664,-0.012664,-0.271084,-4.484689,-5.530011,0.023023,31.782609,-0.255125,-0.255125,-0.211886,-0.053775,0.314138,,,mt5
run_20260429_075458_22a2d8,NAS100,index,H4,trend_momentum,ema_cross,adx_min=20|fast_period=10|rsi_confirm=False|slow_period=100,both,all,REJECT,24,0.125000,0.219662,-0.010512,-0.010512,-0.271235,-3.481115,-3.448160,0.024024,37.416667,-0.226098,-0.226098,-0.181174,-0.053775,0.333044,,,mt5
run_20260429_075458_22a2d8,NAS100,index,H4,trend_momentum,ema_cross,adx_min=20|fast_period=10|rsi_confirm=True|slow_period=100,both,all,REJECT,23,0.086957,0.098526,-0.012664,-0.012664,-0.271084,-4.484689,-5.530011,0.023023,31.782609,-0.255125,-0.255125,-0.211886,-0.053775,0.314138,,,mt5
run_20260429_075458_22a2d8,NAS100,index,H4,trend_momentum,ema_cross,adx_min=25|fast_period=10|rsi_confirm=False|slow_period=100,both,all,NEEDS_MORE_DATA,17,,,,,,,,,,,,,,1.000000,,only 17 trades < min 20,mt5
run_20260429_075458_22a2d8,NAS100,index,H4,trend_momentum,ema_cross,adx_min=25|fast_period=10|rsi_confirm=True|slow_period=100,both,all,NEEDS_MORE_DATA,16,,,,,,,,,,,,,,1.000000,,only 16 trades < min 20,mt5
run_20260429_075458_22a2d8,NAS100,index,H4,trend_momentum,ema_cross,adx_min=0|fast_period=10|rsi_confirm=False|slow_period=200,both,all,NEEDS_MORE_DATA,14,,,,,,,,,,,,,,,,only 14 trades < min 20,mt5
run_20260429_075458_22a2d8,NAS100,index,H4,trend_momentum,ema_cross,adx_min=0|fast_period=10|rsi_confirm=True|slow_period=200,both,all,NEEDS_MORE_DATA,12,,,,,,,,,,,,,,,,only 12 trades < min 20,mt5
run_20260429_075458_22a2d8,NAS100,index,H4,trend_momentum,ema_cross,adx_min=20|fast_period=10|rsi_confirm=False|slow_period=200,both,all,NEEDS_MORE_DATA,14,,,,,,,,,,,,,,,,only 14 trades < min 20,mt5
run_20260429_075458_22a2d8,NAS100,index,H4,trend_momentum,ema_cross,adx_min=20|fast_period=10|rsi_confirm=True|slow_period=200,both,all,NEEDS_MORE_DATA,12,,,,,,,,,,,,,,,,only 12 trades < min 20,mt5
run_20260429_075458_22a2d8,NAS100,index,H4,trend_momentum,ema_cross,adx_min=25|fast_period=10|rsi_confirm=False|slow_period=200,both,all,NEEDS_MORE_DATA,13,,,,,,,,,,,,,,,,only 13 trades < min 20,mt5
run_20260429_075458_22a2d8,NAS100,index,H4,trend_momentum,ema_cross,adx_min=25|fast_period=10|rsi_confirm=True|slow_period=200,both,all,NEEDS_MORE_DATA,11,,,,,,,,,,,,,,,,only 11 trades < min 20,mt5
run_20260429_075458_22a2d8,NAS100,index,H4,trend_momentum,ema_cross,adx_min=0|fast_period=20|rsi_confirm=False|slow_period=50,both,all,REJECT,24,0.250000,0.406911,-0.006713,-0.006713,-0.210327,-2.264334,-1.983286,0.024024,37.250000,-0.152053,-0.152053,-0.088582,-0.078413,0.509560,,,mt5
run_20260429_075458_22a2d8,NAS100,index,H4,trend_momentum,ema_cross,adx_min=0|fast_period=20|rsi_confirm=True|slow_period=50,both,all,REJECT,23,0.217391,0.237150,-0.009003,-0.009003,-0.210327,-3.433280,-3.414042,0.023023,31.869565,-0.189303,-0.189303,-0.128619,-0.078413,0.420895,,,mt5
run_20260429_075458_22a2d8,NAS100,index,H4,trend_momentum,ema_cross,adx_min=20|fast_period=20|rsi_confirm=False|slow_period=50,both,all,REJECT,24,0.250000,0.406911,-0.006713,-0.006713,-0.210327,-2.264334,-1.983286,0.024024,37.250000,-0.152053,-0.152053,-0.088582,-0.078413,0.509560,,,mt5
run_20260429_075458_22a2d8,NAS100,index,H4,trend_momentum,ema_cross,adx_min=20|fast_period=20|rsi_confirm=True|slow_period=50,both,all,REJECT,23,0.217391,0.237150,-0.009003,-0.009003,-0.210327,-3.433280,-3.414042,0.023023,31.869565,-0.189303,-0.189303,-0.128619,-0.078413,0.420895,,,mt5
run_20260429_075458_22a2d8,NAS100,index,H4,trend_momentum,ema_cross,adx_min=25|fast_period=20|rsi_confirm=False|slow_period=50,both,all,NEEDS_MORE_DATA,16,,,,,,,,,,,,,,1.000000,,only 16 trades < min 20,mt5
run_20260429_075458_22a2d8,NAS100,index,H4,trend_momentum,ema_cross,adx_min=25|fast_period=20|rsi_confirm=True|slow_period=50,both,all,NEEDS_MORE_DATA,15,,,,,,,,,,,,,,1.000000,,only 15 trades < min 20,mt5
run_20260429_075458_22a2d8,NAS100,index,H4,trend_momentum,ema_cross,adx_min=0|fast_period=20|rsi_confirm=False|slow_period=100,both,all,NEEDS_MORE_DATA,16,,,,,,,,,,,,,,,,only 16 trades < min 20,mt5
run_20260429_075458_22a2d8,NAS100,index,H4,trend_momentum,ema_cross,adx_min=0|fast_period=20|rsi_confirm=True|slow_period=100,both,all,NEEDS_MORE_DATA,15,,,,,,,,,,,,,,,,only 15 trades < min 20,mt5
run_20260429_075458_22a2d8,NAS100,index,H4,trend_momentum,ema_cross,adx_min=20|fast_period=20|rsi_confirm=False|slow_period=100,both,all,NEEDS_MORE_DATA,16,,,,,,,,,,,,,,,,only 16 trades < min 20,mt5
run_20260429_075458_22a2d8,NAS100,index,H4,trend_momentum,ema_cross,adx_min=20|fast_period=20|rsi_confirm=True|slow_period=100,both,all,NEEDS_MORE_DATA,15,,,,,,,,,,,,,,,,only 15 trades < min 20,mt5
run_20260429_075458_22a2d8,NAS100,index,H4,trend_momentum,ema_cross,adx_min=25|fast_period=20|rsi_confirm=False|slow_period=100,both,all,NEEDS_MORE_DATA,14,,,,,,,,,,,,,,,,only 14 trades < min 20,mt5
run_20260429_075458_22a2d8,NAS100,index,H4,trend_momentum,ema_cross,adx_min=25|fast_period=20|rsi_confirm=True|slow_period=100,both,all,NEEDS_MORE_DATA,13,,,,,,,,,,,,,,,,only 13 trades < min 20,mt5
run_20260429_075458_22a2d8,NAS100,index,H4,trend_momentum,ema_cross,adx_min=0|fast_period=20|rsi_confirm=False|slow_period=200,both,all,NEEDS_MORE_DATA,8,,,,,,,,,,,,,,,,only 8 trades < min 20,mt5
run_20260429_075458_22a2d8,NAS100,index,H4,trend_momentum,ema_cross,adx_min=0|fast_period=20|rsi_confirm=True|slow_period=200,both,all,NEEDS_MORE_DATA,7,,,,,,,,,,,,,,,,only 7 trades < min 20,mt5
run_20260429_075458_22a2d8,NAS100,index,H4,trend_momentum,ema_cross,adx_min=20|fast_period=20|rsi_confirm=False|slow_period=200,both,all,NEEDS_MORE_DATA,8,,,,,,,,,,,,,,,,only 8 trades < min 20,mt5
run_20260429_075458_22a2d8,NAS100,index,H4,trend_momentum,ema_cross,adx_min=20|fast_period=20|rsi_confirm=True|slow_period=200,both,all,NEEDS_MORE_DATA,7,,,,,,,,,,,,,,,,only 7 trades < min 20,mt5
run_20260429_075458_22a2d8,NAS100,index,H4,trend_momentum,ema_cross,adx_min=25|fast_period=20|rsi_confirm=False|slow_period=200,both,all,NEEDS_MORE_DATA,8,,,,,,,,,,,,,,,,only 8 trades < min 20,mt5
run_20260429_075458_22a2d8,NAS100,index,H4,trend_momentum,ema_cross,adx_min=25|fast_period=20|rsi_confirm=True|slow_period=200,both,all,NEEDS_MORE_DATA,7,,,,,,,,,,,,,,,,only 7 trades < min 20,mt5
run_20260429_075458_22a2d8,NAS100,index,H4,trend_momentum,ema_alignment,adx_min=0|ema_long=200|ema_mid=50|ema_short=20,both,all,REJECT,28,0.214286,0.446117,-0.004653,-0.004653,-0.185586,-2.050029,-1.753949,0.028028,16.071429,-0.124825,-0.124825,-0.066450,-0.050532,0.576133,,,mt5
run_20260429_075458_22a2d8,NAS100,index,H4,trend_momentum,ema_alignment,adx_min=20|ema_long=200|ema_mid=50|ema_short=20,both,all,REJECT,28,0.214286,0.446117,-0.004653,-0.004653,-0.185586,-2.050029,-1.753949,0.028028,16.071429,-0.124825,-0.124825,-0.066450,-0.050532,0.596133,,,mt5
run_20260429_075458_22a2d8,NAS100,index,H4,trend_momentum,ema_alignment,adx_min=25|ema_long=200|ema_mid=50|ema_short=20,both,all,REJECT,24,0.250000,0.555872,-0.003493,-0.003493,-0.146594,-1.393459,-1.164033,0.024024,17.375000,-0.082924,-0.082924,-0.039640,-0.045070,0.502906,,,mt5
run_20260429_075458_22a2d8,NAS100,index,H4,trend_momentum,macd_direction,adx_min=0|fast=12|signal_period=9|slow=26,both,all,REJECT,77,0.389610,0.682523,-0.002248,-0.002248,-0.181794,-1.576083,-1.294560,0.077077,12.857143,-0.166545,-0.166545,-0.108716,-0.063074,0.574052,,,mt5
run_20260429_075458_22a2d8,NAS100,index,H4,trend_momentum,macd_direction,adx_min=20|fast=12|signal_period=9|slow=26,both,all,REJECT,76,0.381579,0.652915,-0.002489,-0.002489,-0.194732,-1.735492,-1.428796,0.076076,12.815789,-0.179724,-0.179724,-0.122810,-0.063074,0.554077,,,mt5
run_20260429_075458_22a2d8,NAS100,index,H4,pullback,pullback_ema,pullback_period=20|rsi_reclaim=False|rsi_threshold=50|trend_period=200,both,all,REJECT,52,0.250000,0.440490,-0.003259,-0.003259,-0.205511,-2.622837,-2.227394,0.052052,8.673077,-0.158581,-0.158581,-0.134840,-0.027441,0.461051,,,mt5
run_20260429_075458_22a2d8,NAS100,index,H4,pullback,pullback_ema,pullback_period=20|rsi_reclaim=True|rsi_threshold=50|trend_period=200,both,all,REJECT,47,0.234043,0.368058,-0.003764,-0.003764,-0.190308,-2.995394,-2.597260,0.047047,8.042553,-0.164384,-0.164384,-0.140807,-0.027441,0.440464,,,mt5
run_20260429_075458_22a2d8,NAS100,index,H4,pullback,pullback_ema,pullback_period=50|rsi_reclaim=False|rsi_threshold=50|trend_period=200,both,all,REJECT,50,0.160000,0.334962,-0.004097,-0.004097,-0.231008,-3.026604,-2.616579,0.050050,11.260000,-0.188047,-0.188047,-0.145638,-0.037475,0.543862,,,mt5
run_20260429_075458_22a2d8,NAS100,index,H4,pullback,pullback_ema,pullback_period=50|rsi_reclaim=True|rsi_threshold=50|trend_period=200,both,all,REJECT,36,0.166667,0.272055,-0.004942,-0.004942,-0.185528,-3.024739,-2.687180,0.036036,9.972222,-0.165205,-0.165205,-0.135433,-0.022077,0.431570,,,mt5
run_20260429_075458_22a2d8,NAS100,index,H4,breakout,prev_day_hl,atr_expand_min=0.0,both,all,REJECT,41,0.317073,0.426444,-0.006761,-0.006761,-0.315677,-2.311087,-1.962305,0.041041,22.512195,-0.250262,-0.250262,-0.216220,-0.046764,0.410883,,,mt5
run_20260429_075458_22a2d8,NAS100,index,H4,breakout,prev_day_hl,atr_expand_min=0.5,both,all,REJECT,40,0.300000,0.386112,-0.007082,-0.007082,-0.319392,-2.434389,-2.080010,0.040040,22.600000,-0.254332,-0.254332,-0.237991,-0.024853,0.371328,,,mt5
run_20260429_075458_22a2d8,NAS100,index,H4,breakout,prev_day_hl,atr_expand_min=1.0,both,all,REJECT,34,0.294118,0.404256,-0.006900,-0.006900,-0.284719,-2.120496,-1.802314,0.034034,23.117647,-0.216345,-0.216345,-0.181899,-0.038350,0.367250,,,mt5
run_20260429_075458_22a2d8,NAS100,index,H4,breakout,session_opening_range,atr_expand_min=0.0|range_bars=6,both,all,REJECT,63,0.317460,0.476945,-0.004604,-0.004604,-0.326603,-2.642976,-2.227279,0.063063,15.460317,-0.258525,-0.258525,-0.249565,-0.030562,0.470072,,,mt5
run_20260429_075458_22a2d8,NAS100,index,H4,breakout,session_opening_range,atr_expand_min=0.5|range_bars=6,both,all,REJECT,62,0.322581,0.488766,-0.004465,-0.004465,-0.317596,-2.533711,-2.130086,0.062062,15.661290,-0.248608,-0.248608,-0.249565,-0.017596,0.454485,,,mt5
run_20260429_075458_22a2d8,NAS100,index,H4,breakout,session_opening_range,atr_expand_min=0.0|range_bars=12,both,all,REJECT,36,0.277778,0.276849,-0.008486,-0.008486,-0.297648,-3.506668,-3.224419,0.036036,23.777778,-0.267535,-0.267535,-0.182102,-0.092625,0.468594,,,mt5
run_20260429_075458_22a2d8,NAS100,index,H4,breakout,session_opening_range,atr_expand_min=0.5|range_bars=12,both,all,REJECT,35,0.257143,0.227800,-0.009078,-0.009078,-0.306043,-3.783999,-3.579977,0.035035,23.742857,-0.276155,-0.276155,-0.209888,-0.071769,0.412581,,,mt5
run_20260429_075458_22a2d8,NAS100,index,H4,breakout,london_breakout,atr_expand_min=0.0|utc_end=11|utc_start=7,both,all,NEEDS_MORE_DATA,18,,,,,,,,,,,,,,1.000000,,only 18 trades < min 20,mt5
run_20260429_075458_22a2d8,NAS100,index,H4,breakout,london_breakout,atr_expand_min=0.5|utc_end=11|utc_start=7,both,all,NEEDS_MORE_DATA,16,,,,,,,,,,,,,,1.000000,,only 16 trades < min 20,mt5
run_20260429_075458_22a2d8,NAS100,index,H4,breakout,ny_breakout,atr_expand_min=0.0|utc_end=16|utc_start=13,both,all,NEEDS_MORE_DATA,0,,,,,,,,,,,,,,,,only 0 trades < min 20,mt5
run_20260429_075458_22a2d8,NAS100,index,H4,breakout,ny_breakout,atr_expand_min=0.5|utc_end=16|utc_start=13,both,all,NEEDS_MORE_DATA,0,,,,,,,,,,,,,,,,only 0 trades < min 20,mt5
run_20260429_075458_22a2d8,NAS100,index,H4,mean_reversion,rsi_extreme,overbought=70|oversold=30|period=14,both,all,NEEDS_MORE_DATA,14,,,,,,,,,,,,,,,,only 14 trades < min 20,mt5
run_20260429_075458_22a2d8,NAS100,index,H4,mean_reversion,rsi_extreme,overbought=75|oversold=30|period=14,both,all,NEEDS_MORE_DATA,11,,,,,,,,,,,,,,,,only 11 trades < min 20,mt5
run_20260429_075458_22a2d8,NAS100,index,H4,mean_reversion,rsi_extreme,overbought=70|oversold=25|period=14,both,all,NEEDS_MORE_DATA,12,,,,,,,,,,,,,,,,only 12 trades < min 20,mt5
run_20260429_075458_22a2d8,NAS100,index,H4,mean_reversion,rsi_extreme,overbought=75|oversold=25|period=14,both,all,NEEDS_MORE_DATA,9,,,,,,,,,,,,,,,,only 9 trades < min 20,mt5
run_20260429_075458_22a2d8,NAS100,index,H4,mean_reversion,bollinger_touch,num_std=2.0|period=20,both,all,WEAK_CANDIDATE,43,0.697674,2.032530,0.004198,0.004198,-0.110876,1.944513,1.627307,0.043043,13.116279,0.189922,0.189922,0.182868,0.005963,0.534450,,,mt5
run_20260429_075458_22a2d8,NAS100,index,H4,mean_reversion,bollinger_touch,num_std=2.5|period=20,both,all,NEEDS_MORE_DATA,18,,,,,,,,,,,,,,1.000000,,only 18 trades < min 20,mt5
run_20260429_075458_22a2d8,NAS100,index,H4,mean_reversion,vwap_deviation,std_threshold=1.5,both,all,NEEDS_MORE_DATA,16,,,,,,,,,,,,,,,,only 16 trades < min 20,mt5
run_20260429_075458_22a2d8,NAS100,index,H4,mean_reversion,vwap_deviation,std_threshold=2.0,both,all,NEEDS_MORE_DATA,13,,,,,,,,,,,,,,,,only 13 trades < min 20,mt5
run_20260429_075458_22a2d8,NAS100,index,H4,engine_b_proxy,ob_bos,require_engulf=False|require_vol_expand=False|swing_period=5,both,all,REJECT,22,0.227273,0.153540,-0.011317,-0.011317,-0.242278,-3.368911,-3.356397,0.022022,38.090909,-0.223690,-0.223690,-0.091657,-0.147987,0.347628,,,mt5
run_20260429_075458_22a2d8,NAS100,index,H4,engine_b_proxy,ob_bos,require_engulf=False|require_vol_expand=True|swing_period=5,both,all,NEEDS_MORE_DATA,19,,,,,,,,,,,,,,1.000000,,only 19 trades < min 20,mt5
run_20260429_075458_22a2d8,NAS100,index,H4,engine_b_proxy,ob_bos,require_engulf=True|require_vol_expand=False|swing_period=5,both,all,REJECT,21,0.190476,0.146606,-0.011606,-0.011606,-0.238079,-3.415396,-3.471027,0.021021,38.476190,-0.219387,-0.219387,-0.099497,-0.122828,0.455654,,,mt5
run_20260429_075458_22a2d8,NAS100,index,H4,engine_b_proxy,ob_bos,require_engulf=True|require_vol_expand=True|swing_period=5,both,all,NEEDS_MORE_DATA,19,,,,,,,,,,,,,,1.000000,,only 19 trades < min 20,mt5
run_20260429_075458_22a2d8,NAS100,index,H4,engine_b_proxy,ob_bos,require_engulf=False|require_vol_expand=False|swing_period=10,both,all,NEEDS_MORE_DATA,14,,,,,,,,,,,,,,,,only 14 trades < min 20,mt5
run_20260429_075458_22a2d8,NAS100,index,H4,engine_b_proxy,ob_bos,require_engulf=False|require_vol_expand=True|swing_period=10,both,all,NEEDS_MORE_DATA,13,,,,,,,,,,,,,,,,only 13 trades < min 20,mt5
run_20260429_075458_22a2d8,NAS100,index,H4,engine_b_proxy,ob_bos,require_engulf=True|require_vol_expand=False|swing_period=10,both,all,NEEDS_MORE_DATA,14,,,,,,,,,,,,,,,,only 14 trades < min 20,mt5
run_20260429_075458_22a2d8,NAS100,index,H4,engine_b_proxy,ob_bos,require_engulf=True|require_vol_expand=True|swing_period=10,both,all,NEEDS_MORE_DATA,13,,,,,,,,,,,,,,,,only 13 trades < min 20,mt5
run_20260429_075458_22a2d8,NAS100,index,H4,engine_b_proxy,structure_filters,fvg_detection=False|strong_close_pct=0.7,both,all,REJECT,294,0.350340,0.684636,-0.001135,-0.001135,-0.345298,-2.794185,-2.286587,0.294294,3.326531,-0.291468,-0.291468,-0.263824,-0.041829,0.447565,,,mt5
run_20260429_075458_22a2d8,NAS100,index,H4,engine_b_proxy,structure_filters,fvg_detection=True|strong_close_pct=0.7,both,all,REJECT,39,0.282051,0.690199,-0.002401,-0.002401,-0.209576,-0.808322,-0.660896,0.039039,14.487179,-0.098158,-0.098158,-0.143007,0.052333,0.334000,,,mt5
run_20260429_075458_22a2d8,NAS100,index,H4,engine_b_proxy,structure_filters,fvg_detection=False|strong_close_pct=0.8,both,all,REJECT,203,0.374384,0.761219,-0.000937,-0.000937,-0.242596,-1.610105,-1.313847,0.203203,4.650246,-0.181870,-0.181870,-0.159487,-0.025384,0.447748,,,mt5
run_20260429_075458_22a2d8,NAS100,index,H4,engine_b_proxy,structure_filters,fvg_detection=True|strong_close_pct=0.8,both,all,REJECT,32,0.375000,0.987004,-0.000088,-0.000088,-0.152180,-0.025465,-0.020710,0.032032,16.875000,-0.011562,-0.011562,-0.060717,0.052333,0.292000,,,mt5
