run_id,symbol,asset_class,timeframe,family,strategy_name,params_str,direction,session,status,trade_count,win_rate,profit_factor,avg_return,expectancy,max_drawdown,sharpe,sqn,exposure_pct,avg_duration_bars,gross_return,net_return,is_return,oos_return,robustness_score,param_sensitivity,skip_reason,data_source
run_20260427_180242_a66738,EUR/USD,forex,M15,trend_momentum,ema_cross,adx_min=0|fast_period=10|rsi_confirm=False|slow_period=50,both,all,REJECT,24,0.333333,0.418196,-0.000639,-0.000639,-0.016220,-3.980482,-1.637673,0.024024,41.291667,-0.015277,-0.015277,-0.011043,-0.005469,0.392569,,,mt5
run_20260427_180242_a66738,EUR/USD,forex,M15,trend_momentum,ema_cross,adx_min=0|fast_period=10|rsi_confirm=True|slow_period=50,both,all,REJECT,24,0.333333,0.418196,-0.000639,-0.000639,-0.016220,-3.980482,-1.637673,0.024024,41.291667,-0.015277,-0.015277,-0.011043,-0.005469,0.409236,,,mt5
run_20260427_180242_a66738,EUR/USD,forex,M15,trend_momentum,ema_cross,adx_min=20|fast_period=10|rsi_confirm=False|slow_period=50,both,all,REJECT,24,0.333333,0.418196,-0.000639,-0.000639,-0.016220,-3.980482,-1.637673,0.024024,41.291667,-0.015277,-0.015277,-0.011043,-0.005469,0.392569,,,mt5
run_20260427_180242_a66738,EUR/USD,forex,M15,trend_momentum,ema_cross,adx_min=20|fast_period=10|rsi_confirm=True|slow_period=50,both,all,REJECT,24,0.333333,0.418196,-0.000639,-0.000639,-0.016220,-3.980482,-1.637673,0.024024,41.291667,-0.015277,-0.015277,-0.011043,-0.005469,0.409236,,,mt5
run_20260427_180242_a66738,EUR/USD,forex,M15,trend_momentum,ema_cross,adx_min=25|fast_period=10|rsi_confirm=False|slow_period=50,both,all,NEEDS_MORE_DATA,17,,,,,,,,,,,,,,1.000000,,only 17 trades < min 20,mt5
run_20260427_180242_a66738,EUR/USD,forex,M15,trend_momentum,ema_cross,adx_min=25|fast_period=10|rsi_confirm=True|slow_period=50,both,all,NEEDS_MORE_DATA,17,,,,,,,,,,,,,,1.000000,,only 17 trades < min 20,mt5
run_20260427_180242_a66738,EUR/USD,forex,M15,trend_momentum,ema_cross,adx_min=0|fast_period=10|rsi_confirm=False|slow_period=100,both,all,NEEDS_MORE_DATA,15,,,,,,,,,,,,,,1.000000,,only 15 trades < min 20,mt5
run_20260427_180242_a66738,EUR/USD,forex,M15,trend_momentum,ema_cross,adx_min=0|fast_period=10|rsi_confirm=True|slow_period=100,both,all,NEEDS_MORE_DATA,15,,,,,,,,,,,,,,1.000000,,only 15 trades < min 20,mt5
run_20260427_180242_a66738,EUR/USD,forex,M15,trend_momentum,ema_cross,adx_min=20|fast_period=10|rsi_confirm=False|slow_period=100,both,all,NEEDS_MORE_DATA,15,,,,,,,,,,,,,,1.000000,,only 15 trades < min 20,mt5
run_20260427_180242_a66738,EUR/USD,forex,M15,trend_momentum,ema_cross,adx_min=20|fast_period=10|rsi_confirm=True|slow_period=100,both,all,NEEDS_MORE_DATA,15,,,,,,,,,,,,,,1.000000,,only 15 trades < min 20,mt5
run_20260427_180242_a66738,EUR/USD,forex,M15,trend_momentum,ema_cross,adx_min=25|fast_period=10|rsi_confirm=False|slow_period=100,both,all,NEEDS_MORE_DATA,14,,,,,,,,,,,,,,1.000000,,only 14 trades < min 20,mt5
run_20260427_180242_a66738,EUR/USD,forex,M15,trend_momentum,ema_cross,adx_min=25|fast_period=10|rsi_confirm=True|slow_period=100,both,all,NEEDS_MORE_DATA,14,,,,,,,,,,,,,,1.000000,,only 14 trades < min 20,mt5
run_20260427_180242_a66738,EUR/USD,forex,M15,trend_momentum,ema_cross,adx_min=0|fast_period=10|rsi_confirm=False|slow_period=200,both,all,NEEDS_MORE_DATA,9,,,,,,,,,,,,,,,,only 9 trades < min 20,mt5
run_20260427_180242_a66738,EUR/USD,forex,M15,trend_momentum,ema_cross,adx_min=0|fast_period=10|rsi_confirm=True|slow_period=200,both,all,NEEDS_MORE_DATA,9,,,,,,,,,,,,,,,,only 9 trades < min 20,mt5
run_20260427_180242_a66738,EUR/USD,forex,M15,trend_momentum,ema_cross,adx_min=20|fast_period=10|rsi_confirm=False|slow_period=200,both,all,NEEDS_MORE_DATA,9,,,,,,,,,,,,,,,,only 9 trades < min 20,mt5
run_20260427_180242_a66738,EUR/USD,forex,M15,trend_momentum,ema_cross,adx_min=20|fast_period=10|rsi_confirm=True|slow_period=200,both,all,NEEDS_MORE_DATA,9,,,,,,,,,,,,,,,,only 9 trades < min 20,mt5
run_20260427_180242_a66738,EUR/USD,forex,M15,trend_momentum,ema_cross,adx_min=25|fast_period=10|rsi_confirm=False|slow_period=200,both,all,NEEDS_MORE_DATA,8,,,,,,,,,,,,,,,,only 8 trades < min 20,mt5
run_20260427_180242_a66738,EUR/USD,forex,M15,trend_momentum,ema_cross,adx_min=25|fast_period=10|rsi_confirm=True|slow_period=200,both,all,NEEDS_MORE_DATA,8,,,,,,,,,,,,,,,,only 8 trades < min 20,mt5
run_20260427_180242_a66738,EUR/USD,forex,M15,trend_momentum,ema_cross,adx_min=0|fast_period=20|rsi_confirm=False|slow_period=50,both,all,NEEDS_MORE_DATA,14,,,,,,,,,,,,,,1.000000,,only 14 trades < min 20,mt5
run_20260427_180242_a66738,EUR/USD,forex,M15,trend_momentum,ema_cross,adx_min=0|fast_period=20|rsi_confirm=True|slow_period=50,both,all,NEEDS_MORE_DATA,14,,,,,,,,,,,,,,1.000000,,only 14 trades < min 20,mt5
run_20260427_180242_a66738,EUR/USD,forex,M15,trend_momentum,ema_cross,adx_min=20|fast_period=20|rsi_confirm=False|slow_period=50,both,all,NEEDS_MORE_DATA,13,,,,,,,,,,,,,,1.000000,,only 13 trades < min 20,mt5
run_20260427_180242_a66738,EUR/USD,forex,M15,trend_momentum,ema_cross,adx_min=20|fast_period=20|rsi_confirm=True|slow_period=50,both,all,NEEDS_MORE_DATA,13,,,,,,,,,,,,,,1.000000,,only 13 trades < min 20,mt5
run_20260427_180242_a66738,EUR/USD,forex,M15,trend_momentum,ema_cross,adx_min=25|fast_period=20|rsi_confirm=False|slow_period=50,both,all,NEEDS_MORE_DATA,12,,,,,,,,,,,,,,1.000000,,only 12 trades < min 20,mt5
run_20260427_180242_a66738,EUR/USD,forex,M15,trend_momentum,ema_cross,adx_min=25|fast_period=20|rsi_confirm=True|slow_period=50,both,all,NEEDS_MORE_DATA,12,,,,,,,,,,,,,,1.000000,,only 12 trades < min 20,mt5
run_20260427_180242_a66738,EUR/USD,forex,M15,trend_momentum,ema_cross,adx_min=0|fast_period=20|rsi_confirm=False|slow_period=100,both,all,NEEDS_MORE_DATA,9,,,,,,,,,,,,,,1.000000,,only 9 trades < min 20,mt5
run_20260427_180242_a66738,EUR/USD,forex,M15,trend_momentum,ema_cross,adx_min=0|fast_period=20|rsi_confirm=True|slow_period=100,both,all,NEEDS_MORE_DATA,9,,,,,,,,,,,,,,,,only 9 trades < min 20,mt5
run_20260427_180242_a66738,EUR/USD,forex,M15,trend_momentum,ema_cross,adx_min=20|fast_period=20|rsi_confirm=False|slow_period=100,both,all,NEEDS_MORE_DATA,9,,,,,,,,,,,,,,,,only 9 trades < min 20,mt5
run_20260427_180242_a66738,EUR/USD,forex,M15,trend_momentum,ema_cross,adx_min=20|fast_period=20|rsi_confirm=True|slow_period=100,both,all,NEEDS_MORE_DATA,9,,,,,,,,,,,,,,,,only 9 trades < min 20,mt5
run_20260427_180242_a66738,EUR/USD,forex,M15,trend_momentum,ema_cross,adx_min=25|fast_period=20|rsi_confirm=False|slow_period=100,both,all,NEEDS_MORE_DATA,8,,,,,,,,,,,,,,,,only 8 trades < min 20,mt5
run_20260427_180242_a66738,EUR/USD,forex,M15,trend_momentum,ema_cross,adx_min=25|fast_period=20|rsi_confirm=True|slow_period=100,both,all,NEEDS_MORE_DATA,8,,,,,,,,,,,,,,,,only 8 trades < min 20,mt5
run_20260427_180242_a66738,EUR/USD,forex,M15,trend_momentum,ema_cross,adx_min=0|fast_period=20|rsi_confirm=False|slow_period=200,both,all,NEEDS_MORE_DATA,7,,,,,,,,,,,,,,,,only 7 trades < min 20,mt5
run_20260427_180242_a66738,EUR/USD,forex,M15,trend_momentum,ema_cross,adx_min=0|fast_period=20|rsi_confirm=True|slow_period=200,both,all,NEEDS_MORE_DATA,7,,,,,,,,,,,,,,,,only 7 trades < min 20,mt5
run_20260427_180242_a66738,EUR/USD,forex,M15,trend_momentum,ema_cross,adx_min=20|fast_period=20|rsi_confirm=False|slow_period=200,both,all,NEEDS_MORE_DATA,7,,,,,,,,,,,,,,,,only 7 trades < min 20,mt5
run_20260427_180242_a66738,EUR/USD,forex,M15,trend_momentum,ema_cross,adx_min=20|fast_period=20|rsi_confirm=True|slow_period=200,both,all,NEEDS_MORE_DATA,7,,,,,,,,,,,,,,,,only 7 trades < min 20,mt5
run_20260427_180242_a66738,EUR/USD,forex,M15,trend_momentum,ema_cross,adx_min=25|fast_period=20|rsi_confirm=False|slow_period=200,both,all,NEEDS_MORE_DATA,6,,,,,,,,,,,,,,,,only 6 trades < min 20,mt5
run_20260427_180242_a66738,EUR/USD,forex,M15,trend_momentum,ema_cross,adx_min=25|fast_period=20|rsi_confirm=True|slow_period=200,both,all,NEEDS_MORE_DATA,6,,,,,,,,,,,,,,,,only 6 trades < min 20,mt5
run_20260427_180242_a66738,EUR/USD,forex,M15,trend_momentum,ema_alignment,adx_min=0|ema_long=200|ema_mid=50|ema_short=20,both,all,REJECT,22,0.136364,0.200807,-0.000825,-0.000825,-0.019610,-7.462964,-3.696477,0.022022,22.181818,-0.018006,-0.018006,-0.019610,-0.001479,0.254621,,,mt5
run_20260427_180242_a66738,EUR/USD,forex,M15,trend_momentum,ema_alignment,adx_min=20|ema_long=200|ema_mid=50|ema_short=20,both,all,REJECT,20,0.150000,0.238772,-0.000727,-0.000727,-0.016060,-6.574263,-3.122043,0.020020,23.700000,-0.014450,-0.014450,-0.016060,-0.001479,0.247622,,,mt5
run_20260427_180242_a66738,EUR/USD,forex,M15,trend_momentum,ema_alignment,adx_min=25|ema_long=200|ema_mid=50|ema_short=20,both,all,NEEDS_MORE_DATA,17,,,,,,,,,,,,,,1.000000,,only 17 trades < min 20,mt5
run_20260427_180242_a66738,EUR/USD,forex,M15,trend_momentum,macd_direction,adx_min=0|fast=12|signal_period=9|slow=26,both,all,REJECT,64,0.156250,0.188812,-0.001002,-0.001002,-0.062201,-12.117202,-5.773500,0.064064,15.125000,-0.062201,-0.062201,-0.047239,-0.015992,0.534896,,,mt5
run_20260427_180242_a66738,EUR/USD,forex,M15,trend_momentum,macd_direction,adx_min=20|fast=12|signal_period=9|slow=26,both,all,REJECT,62,0.161290,0.201062,-0.000969,-0.000969,-0.058418,-11.581789,-5.445957,0.062062,15.193548,-0.058418,-0.058418,-0.043395,-0.015992,0.543893,,,mt5
run_20260427_180242_a66738,EUR/USD,forex,M15,pullback,pullback_ema,pullback_period=20|rsi_reclaim=False|rsi_threshold=50|trend_period=200,both,all,REJECT,68,0.058824,0.057393,-0.000951,-0.000951,-0.062637,-17.966142,-12.315109,0.068068,6.897059,-0.062637,-0.062637,-0.047770,-0.016838,0.505742,,,mt5
run_20260427_180242_a66738,EUR/USD,forex,M15,pullback,pullback_ema,pullback_period=20|rsi_reclaim=True|rsi_threshold=50|trend_period=200,both,all,REJECT,62,0.064516,0.063150,-0.000942,-0.000942,-0.056756,-16.815751,-11.150576,0.062062,7.354839,-0.056756,-0.056756,-0.044052,-0.014517,0.498866,,,mt5
run_20260427_180242_a66738,EUR/USD,forex,M15,pullback,pullback_ema,pullback_period=50|rsi_reclaim=False|rsi_threshold=50|trend_period=200,both,all,REJECT,32,0.125000,0.357996,-0.000629,-0.000629,-0.022728,-5.322742,-2.230431,0.032032,17.343750,-0.019983,-0.019983,-0.020494,-0.001910,0.319956,,,mt5
run_20260427_180242_a66738,EUR/USD,forex,M15,pullback,pullback_ema,pullback_period=50|rsi_reclaim=True|rsi_threshold=50|trend_period=200,both,all,REJECT,20,0.200000,0.609983,-0.000359,-0.000359,-0.011230,-2.062332,-0.818825,0.020020,25.650000,-0.007194,-0.007194,-0.009858,0.000254,0.220000,,,mt5
run_20260427_180242_a66738,EUR/USD,forex,M15,breakout,prev_day_hl,atr_expand_min=0.0,both,all,NEEDS_MORE_DATA,4,,,,,,,,,,,,,,1.000000,,only 4 trades < min 20,mt5
run_20260427_180242_a66738,EUR/USD,forex,M15,breakout,prev_day_hl,atr_expand_min=0.5,both,all,NEEDS_MORE_DATA,4,,,,,,,,,,,,,,1.000000,,only 4 trades < min 20,mt5
run_20260427_180242_a66738,EUR/USD,forex,M15,breakout,prev_day_hl,atr_expand_min=1.0,both,all,NEEDS_MORE_DATA,4,,,,,,,,,,,,,,1.000000,,only 4 trades < min 20,mt5
run_20260427_180242_a66738,EUR/USD,forex,M15,breakout,session_opening_range,atr_expand_min=0.0|range_bars=6,both,all,REJECT,71,0.112676,0.125143,-0.001249,-0.001249,-0.084956,-14.912378,-7.813531,0.071071,13.690141,-0.084956,-0.084956,-0.071741,-0.014434,0.493692,,,mt5
run_20260427_180242_a66738,EUR/USD,forex,M15,breakout,session_opening_range,atr_expand_min=0.5|range_bars=6,both,all,REJECT,71,0.098592,0.122034,-0.001262,-0.001262,-0.085830,-15.040307,-7.935359,0.071071,13.563380,-0.085830,-0.085830,-0.072259,-0.014827,0.494889,,,mt5
run_20260427_180242_a66738,EUR/USD,forex,M15,breakout,session_opening_range,atr_expand_min=0.0|range_bars=12,both,all,REJECT,38,0.210526,0.185635,-0.001170,-0.001170,-0.044246,-9.727596,-4.771323,0.038038,25.789474,-0.043566,-0.043566,-0.028476,-0.017396,0.527930,,,mt5
run_20260427_180242_a66738,EUR/USD,forex,M15,breakout,session_opening_range,atr_expand_min=0.5|range_bars=12,both,all,REJECT,38,0.210526,0.185635,-0.001170,-0.001170,-0.044246,-9.727596,-4.771323,0.038038,25.789474,-0.043566,-0.043566,-0.028476,-0.017396,0.527930,,,mt5
run_20260427_180242_a66738,EUR/USD,forex,M15,breakout,london_breakout,atr_expand_min=0.0|utc_end=11|utc_start=7,both,all,NEEDS_MORE_DATA,15,,,,,,,,,,,,,,1.000000,,only 15 trades < min 20,mt5
run_20260427_180242_a66738,EUR/USD,forex,M15,breakout,london_breakout,atr_expand_min=0.5|utc_end=11|utc_start=7,both,all,NEEDS_MORE_DATA,15,,,,,,,,,,,,,,1.000000,,only 15 trades < min 20,mt5
run_20260427_180242_a66738,EUR/USD,forex,M15,breakout,ny_breakout,atr_expand_min=0.0|utc_end=16|utc_start=13,both,all,NEEDS_MORE_DATA,12,,,,,,,,,,,,,,,,only 12 trades < min 20,mt5
run_20260427_180242_a66738,EUR/USD,forex,M15,breakout,ny_breakout,atr_expand_min=0.5|utc_end=16|utc_start=13,both,all,NEEDS_MORE_DATA,12,,,,,,,,,,,,,,,,only 12 trades < min 20,mt5
run_20260427_180242_a66738,EUR/USD,forex,M15,mean_reversion,rsi_extreme,overbought=70|oversold=30|period=14,both,all,NEEDS_MORE_DATA,15,,,,,,,,,,,,,,,,only 15 trades < min 20,mt5
run_20260427_180242_a66738,EUR/USD,forex,M15,mean_reversion,rsi_extreme,overbought=75|oversold=30|period=14,both,all,NEEDS_MORE_DATA,12,,,,,,,,,,,,,,,,only 12 trades < min 20,mt5
run_20260427_180242_a66738,EUR/USD,forex,M15,mean_reversion,rsi_extreme,overbought=70|oversold=25|period=14,both,all,NEEDS_MORE_DATA,11,,,,,,,,,,,,,,,,only 11 trades < min 20,mt5
run_20260427_180242_a66738,EUR/USD,forex,M15,mean_reversion,rsi_extreme,overbought=75|oversold=25|period=14,both,all,NEEDS_MORE_DATA,8,,,,,,,,,,,,,,,,only 8 trades < min 20,mt5
run_20260427_180242_a66738,EUR/USD,forex,M15,mean_reversion,bollinger_touch,num_std=2.0|period=20,both,all,REJECT,35,0.228571,0.093362,-0.000752,-0.000752,-0.026016,-7.694519,-3.469073,0.035035,14.314286,-0.026016,-0.026016,-0.019395,-0.003248,0.360235,,,mt5
run_20260427_180242_a66738,EUR/USD,forex,M15,mean_reversion,bollinger_touch,num_std=2.5|period=20,both,all,REJECT,20,0.350000,0.110666,-0.000642,-0.000642,-0.012778,-5.766967,-2.599318,0.020020,16.550000,-0.012778,-0.012778,-0.006920,-0.002391,0.424134,,,mt5
run_20260427_180242_a66738,EUR/USD,forex,M15,mean_reversion,vwap_deviation,std_threshold=1.5,both,all,NEEDS_MORE_DATA,9,,,,,,,,,,,,,,,,only 9 trades < min 20,mt5
run_20260427_180242_a66738,EUR/USD,forex,M15,mean_reversion,vwap_deviation,std_threshold=2.0,both,all,NEEDS_MORE_DATA,7,,,,,,,,,,,,,,,,only 7 trades < min 20,mt5
run_20260427_180242_a66738,EUR/USD,forex,M15,engine_b_proxy,ob_bos,require_engulf=False|require_vol_expand=False|swing_period=5,both,all,REJECT,23,0.130435,0.178574,-0.001125,-0.001125,-0.028625,-6.729627,-3.128101,0.023023,38.304348,-0.025581,-0.025581,-0.009377,-0.016752,0.316772,,,mt5
run_20260427_180242_a66738,EUR/USD,forex,M15,engine_b_proxy,ob_bos,require_engulf=False|require_vol_expand=True|swing_period=5,both,all,NEEDS_MORE_DATA,16,,,,,,,,,,,,,,1.000000,,only 16 trades < min 20,mt5
run_20260427_180242_a66738,EUR/USD,forex,M15,engine_b_proxy,ob_bos,require_engulf=True|require_vol_expand=False|swing_period=5,both,all,REJECT,21,0.142857,0.235621,-0.000975,-0.000975,-0.024036,-5.427483,-2.384989,0.021021,39.952381,-0.020309,-0.020309,-0.009071,-0.011737,0.445993,,,mt5
run_20260427_180242_a66738,EUR/USD,forex,M15,engine_b_proxy,ob_bos,require_engulf=True|require_vol_expand=True|swing_period=5,both,all,NEEDS_MORE_DATA,16,,,,,,,,,,,,,,,,only 16 trades < min 20,mt5
run_20260427_180242_a66738,EUR/USD,forex,M15,engine_b_proxy,ob_bos,require_engulf=False|require_vol_expand=False|swing_period=10,both,all,NEEDS_MORE_DATA,12,,,,,,,,,,,,,,,,only 12 trades < min 20,mt5
run_20260427_180242_a66738,EUR/USD,forex,M15,engine_b_proxy,ob_bos,require_engulf=False|require_vol_expand=True|swing_period=10,both,all,NEEDS_MORE_DATA,10,,,,,,,,,,,,,,,,only 10 trades < min 20,mt5
run_20260427_180242_a66738,EUR/USD,forex,M15,engine_b_proxy,ob_bos,require_engulf=True|require_vol_expand=False|swing_period=10,both,all,NEEDS_MORE_DATA,12,,,,,,,,,,,,,,,,only 12 trades < min 20,mt5
run_20260427_180242_a66738,EUR/USD,forex,M15,engine_b_proxy,ob_bos,require_engulf=True|require_vol_expand=True|swing_period=10,both,all,NEEDS_MORE_DATA,10,,,,,,,,,,,,,,,,only 10 trades < min 20,mt5
run_20260427_180242_a66738,EUR/USD,forex,M15,engine_b_proxy,structure_filters,fvg_detection=False|strong_close_pct=0.7,both,all,REJECT,304,0.046053,0.028462,-0.001028,-0.001028,-0.268518,-44.325371,-30.914903,0.304304,3.174342,-0.268518,-0.268518,-0.199773,-0.086065,0.529244,,,mt5
run_20260427_180242_a66738,EUR/USD,forex,M15,engine_b_proxy,structure_filters,fvg_detection=True|strong_close_pct=0.7,both,all,REJECT,32,0.093750,0.248768,-0.000988,-0.000988,-0.031807,-7.512086,-3.412822,0.032032,10.468750,-0.031184,-0.031184,-0.016240,-0.015190,0.589266,,,mt5
run_20260427_180242_a66738,EUR/USD,forex,M15,engine_b_proxy,structure_filters,fvg_detection=False|strong_close_pct=0.8,both,all,REJECT,228,0.057018,0.028395,-0.001062,-0.001062,-0.215264,-36.733871,-26.076664,0.228228,4.061404,-0.215210,-0.215210,-0.161101,-0.064374,0.519876,,,mt5
run_20260427_180242_a66738,EUR/USD,forex,M15,engine_b_proxy,structure_filters,fvg_detection=True|strong_close_pct=0.8,both,all,REJECT,22,0.136364,0.315005,-0.000912,-0.000912,-0.022667,-5.457163,-2.386675,0.022022,11.136364,-0.019897,-0.019897,-0.009217,-0.010780,0.501774,,,mt5
run_20260427_180242_a66738,USD/JPY,forex,M15,trend_momentum,ema_cross,adx_min=0|fast_period=10|rsi_confirm=False|slow_period=50,both,all,REJECT,35,0.114286,0.122010,-0.001372,-0.001372,-0.046949,-11.139039,-6.295046,0.035035,28.314286,-0.046949,-0.046949,-0.028892,-0.014677,0.462398,,,mt5
run_20260427_180242_a66738,USD/JPY,forex,M15,trend_momentum,ema_cross,adx_min=0|fast_period=10|rsi_confirm=True|slow_period=50,both,all,REJECT,34,0.117647,0.126689,-0.001353,-0.001353,-0.045020,-10.846681,-6.054542,0.034034,28.529412,-0.045020,-0.045020,-0.026927,-0.014677,0.484189,,,mt5
run_20260427_180242_a66738,USD/JPY,forex,M15,trend_momentum,ema_cross,adx_min=20|fast_period=10|rsi_confirm=False|slow_period=50,both,all,REJECT,33,0.121212,0.130035,-0.001353,-0.001353,-0.043723,-10.605202,-5.876937,0.033033,28.393939,-0.043723,-0.043723,-0.025606,-0.014677,0.469958,,,mt5
run_20260427_180242_a66738,USD/JPY,forex,M15,trend_momentum,ema_cross,adx_min=20|fast_period=10|rsi_confirm=True|slow_period=50,both,all,REJECT,32,0.125000,0.135362,-0.001332,-0.001332,-0.041788,-10.301554,-5.635149,0.032032,28.625000,-0.041788,-0.041788,-0.023634,-0.014677,0.494974,,,mt5
run_20260427_180242_a66738,USD/JPY,forex,M15,trend_momentum,ema_cross,adx_min=25|fast_period=10|rsi_confirm=False|slow_period=50,both,all,REJECT,30,0.133333,0.148989,-0.001309,-0.001309,-0.038555,-9.715891,-5.193460,0.030030,29.433333,-0.038555,-0.038555,-0.024908,-0.010259,0.403563,,,mt5
run_20260427_180242_a66738,USD/JPY,forex,M15,trend_momentum,ema_cross,adx_min=25|fast_period=10|rsi_confirm=True|slow_period=50,both,all,REJECT,29,0.137931,0.155810,-0.001284,-0.001284,-0.036609,-9.391436,-4.950454,0.029029,29.724138,-0.036609,-0.036609,-0.022935,-0.010259,0.408196,,,mt5
run_20260427_180242_a66738,USD/JPY,forex,M15,trend_momentum,ema_cross,adx_min=0|fast_period=10|rsi_confirm=False|slow_period=100,both,all,REJECT,29,0.068966,0.063449,-0.001644,-0.001644,-0.046616,-11.269526,-7.431331,0.029029,34.344828,-0.046616,-0.046616,-0.035183,-0.010680,0.365069,,,mt5
run_20260427_180242_a66738,USD/JPY,forex,M15,trend_momentum,ema_cross,adx_min=0|fast_period=10|rsi_confirm=True|slow_period=100,both,all,REJECT,27,0.074074,0.066527,-0.001679,-0.001679,-0.044366,-10.884058,-7.203300,0.027027,33.518519,-0.044366,-0.044366,-0.033328,-0.010249,0.354259,,,mt5
run_20260427_180242_a66738,USD/JPY,forex,M15,trend_momentum,ema_cross,adx_min=20|fast_period=10|rsi_confirm=False|slow_period=100,both,all,REJECT,29,0.068966,0.063449,-0.001644,-0.001644,-0.046616,-11.269526,-7.431331,0.029029,34.344828,-0.046616,-0.046616,-0.035183,-0.010680,0.365069,,,mt5
run_20260427_180242_a66738,USD/JPY,forex,M15,trend_momentum,ema_cross,adx_min=20|fast_period=10|rsi_confirm=True|slow_period=100,both,all,REJECT,27,0.074074,0.066527,-0.001679,-0.001679,-0.044366,-10.884058,-7.203300,0.027027,33.518519,-0.044366,-0.044366,-0.033328,-0.010249,0.354259,,,mt5
run_20260427_180242_a66738,USD/JPY,forex,M15,trend_momentum,ema_cross,adx_min=25|fast_period=10|rsi_confirm=False|slow_period=100,both,all,REJECT,24,0.041667,0.056139,-0.001747,-0.001747,-0.041107,-10.479156,-7.254858,0.024024,30.458333,-0.041107,-0.041107,-0.031384,-0.008867,0.328763,,,mt5
run_20260427_180242_a66738,USD/JPY,forex,M15,trend_momentum,ema_cross,adx_min=25|fast_period=10|rsi_confirm=True|slow_period=100,both,all,REJECT,23,0.043478,0.058675,-0.001739,-0.001739,-0.039263,-10.172161,-6.926490,0.023023,30.826087,-0.039263,-0.039263,-0.029521,-0.008867,0.328112,,,mt5
run_20260427_180242_a66738,USD/JPY,forex,M15,trend_momentum,ema_cross,adx_min=0|fast_period=10|rsi_confirm=False|slow_period=200,both,all,NEEDS_MORE_DATA,18,,,,,,,,,,,,,,,,only 18 trades < min 20,mt5
run_20260427_180242_a66738,USD/JPY,forex,M15,trend_momentum,ema_cross,adx_min=0|fast_period=10|rsi_confirm=True|slow_period=200,both,all,NEEDS_MORE_DATA,17,,,,,,,,,,,,,,,,only 17 trades < min 20,mt5
run_20260427_180242_a66738,USD/JPY,forex,M15,trend_momentum,ema_cross,adx_min=20|fast_period=10|rsi_confirm=False|slow_period=200,both,all,NEEDS_MORE_DATA,15,,,,,,,,,,,,,,,,only 15 trades < min 20,mt5
run_20260427_180242_a66738,USD/JPY,forex,M15,trend_momentum,ema_cross,adx_min=20|fast_period=10|rsi_confirm=True|slow_period=200,both,all,NEEDS_MORE_DATA,14,,,,,,,,,,,,,,,,only 14 trades < min 20,mt5
run_20260427_180242_a66738,USD/JPY,forex,M15,trend_momentum,ema_cross,adx_min=25|fast_period=10|rsi_confirm=False|slow_period=200,both,all,NEEDS_MORE_DATA,14,,,,,,,,,,,,,,,,only 14 trades < min 20,mt5
run_20260427_180242_a66738,USD/JPY,forex,M15,trend_momentum,ema_cross,adx_min=25|fast_period=10|rsi_confirm=True|slow_period=200,both,all,NEEDS_MORE_DATA,13,,,,,,,,,,,,,,,,only 13 trades < min 20,mt5
run_20260427_180242_a66738,USD/JPY,forex,M15,trend_momentum,ema_cross,adx_min=0|fast_period=20|rsi_confirm=False|slow_period=50,both,all,REJECT,29,0.068966,0.080105,-0.001563,-0.001563,-0.044369,-11.004458,-6.963429,0.029029,34.275862,-0.044369,-0.044369,-0.029291,-0.013319,0.410419,,,mt5
run_20260427_180242_a66738,USD/JPY,forex,M15,trend_momentum,ema_cross,adx_min=0|fast_period=20|rsi_confirm=True|slow_period=50,both,all,REJECT,28,0.071429,0.084041,-0.001536,-0.001536,-0.042158,-10.693375,-6.654066,0.028028,34.714286,-0.042158,-0.042158,-0.027046,-0.013319,0.415744,,,mt5
run_20260427_180242_a66738,USD/JPY,forex,M15,trend_momentum,ema_cross,adx_min=20|fast_period=20|rsi_confirm=False|slow_period=50,both,all,REJECT,28,0.071429,0.084062,-0.001536,-0.001536,-0.042147,-10.694057,-6.655142,0.028028,34.571429,-0.042147,-0.042147,-0.027034,-0.013319,0.415806,,,mt5
run_20260427_180242_a66738,USD/JPY,forex,M15,trend_momentum,ema_cross,adx_min=20|fast_period=20|rsi_confirm=True|slow_period=50,both,all,REJECT,27,0.074074,0.088407,-0.001507,-0.001507,-0.039931,-10.374513,-6.345040,0.027027,35.037037,-0.039931,-0.039931,-0.024784,-0.013319,0.423228,,,mt5
run_20260427_180242_a66738,USD/JPY,forex,M15,trend_momentum,ema_cross,adx_min=25|fast_period=20|rsi_confirm=False|slow_period=50,both,all,REJECT,24,0.041667,0.064325,-0.001633,-0.001633,-0.038478,-10.368107,-7.021313,0.024024,31.208333,-0.038478,-0.038478,-0.025332,-0.011269,0.377461,,,mt5
run_20260427_180242_a66738,USD/JPY,forex,M15,trend_momentum,ema_cross,adx_min=25|fast_period=20|rsi_confirm=True|slow_period=50,both,all,REJECT,23,0.043478,0.068076,-0.001604,-0.001604,-0.036254,-10.037515,-6.658705,0.023023,31.608696,-0.036254,-0.036254,-0.023078,-0.011269,0.384498,,,mt5
run_20260427_180242_a66738,USD/JPY,forex,M15,trend_momentum,ema_cross,adx_min=0|fast_period=20|rsi_confirm=False|slow_period=100,both,all,NEEDS_MORE_DATA,16,,,,,,,,,,,,,,1.000000,,only 16 trades < min 20,mt5
run_20260427_180242_a66738,USD/JPY,forex,M15,trend_momentum,ema_cross,adx_min=0|fast_period=20|rsi_confirm=True|slow_period=100,both,all,NEEDS_MORE_DATA,15,,,,,,,,,,,,,,,,only 15 trades < min 20,mt5
run_20260427_180242_a66738,USD/JPY,forex,M15,trend_momentum,ema_cross,adx_min=20|fast_period=20|rsi_confirm=False|slow_period=100,both,all,NEEDS_MORE_DATA,16,,,,,,,,,,,,,,,,only 16 trades < min 20,mt5
run_20260427_180242_a66738,USD/JPY,forex,M15,trend_momentum,ema_cross,adx_min=20|fast_period=20|rsi_confirm=True|slow_period=100,both,all,NEEDS_MORE_DATA,15,,,,,,,,,,,,,,,,only 15 trades < min 20,mt5
run_20260427_180242_a66738,USD/JPY,forex,M15,trend_momentum,ema_cross,adx_min=25|fast_period=20|rsi_confirm=False|slow_period=100,both,all,NEEDS_MORE_DATA,15,,,,,,,,,,,,,,,,only 15 trades < min 20,mt5
run_20260427_180242_a66738,USD/JPY,forex,M15,trend_momentum,ema_cross,adx_min=25|fast_period=20|rsi_confirm=True|slow_period=100,both,all,NEEDS_MORE_DATA,14,,,,,,,,,,,,,,,,only 14 trades < min 20,mt5
run_20260427_180242_a66738,USD/JPY,forex,M15,trend_momentum,ema_cross,adx_min=0|fast_period=20|rsi_confirm=False|slow_period=200,both,all,NEEDS_MORE_DATA,14,,,,,,,,,,,,,,,,only 14 trades < min 20,mt5
run_20260427_180242_a66738,USD/JPY,forex,M15,trend_momentum,ema_cross,adx_min=0|fast_period=20|rsi_confirm=True|slow_period=200,both,all,NEEDS_MORE_DATA,13,,,,,,,,,,,,,,,,only 13 trades < min 20,mt5
run_20260427_180242_a66738,USD/JPY,forex,M15,trend_momentum,ema_cross,adx_min=20|fast_period=20|rsi_confirm=False|slow_period=200,both,all,NEEDS_MORE_DATA,13,,,,,,,,,,,,,,,,only 13 trades < min 20,mt5
run_20260427_180242_a66738,USD/JPY,forex,M15,trend_momentum,ema_cross,adx_min=20|fast_period=20|rsi_confirm=True|slow_period=200,both,all,NEEDS_MORE_DATA,12,,,,,,,,,,,,,,,,only 12 trades < min 20,mt5
run_20260427_180242_a66738,USD/JPY,forex,M15,trend_momentum,ema_cross,adx_min=25|fast_period=20|rsi_confirm=False|slow_period=200,both,all,NEEDS_MORE_DATA,13,,,,,,,,,,,,,,,,only 13 trades < min 20,mt5
run_20260427_180242_a66738,USD/JPY,forex,M15,trend_momentum,ema_cross,adx_min=25|fast_period=20|rsi_confirm=True|slow_period=200,both,all,NEEDS_MORE_DATA,12,,,,,,,,,,,,,,,,only 12 trades < min 20,mt5
run_20260427_180242_a66738,USD/JPY,forex,M15,trend_momentum,ema_alignment,adx_min=0|ema_long=200|ema_mid=50|ema_short=20,both,all,REJECT,30,0.066667,0.109329,-0.000993,-0.000993,-0.029373,-10.190583,-5.701748,0.030030,15.300000,-0.029373,-0.029373,-0.021274,-0.008275,0.396693,,,mt5
run_20260427_180242_a66738,USD/JPY,forex,M15,trend_momentum,ema_alignment,adx_min=20|ema_long=200|ema_mid=50|ema_short=20,both,all,REJECT,28,0.071429,0.118384,-0.000972,-0.000972,-0.026886,-9.586969,-5.228956,0.028028,16.285714,-0.026886,-0.026886,-0.018766,-0.008275,0.400289,,,mt5
run_20260427_180242_a66738,USD/JPY,forex,M15,trend_momentum,ema_alignment,adx_min=25|ema_long=200|ema_mid=50|ema_short=20,both,all,REJECT,22,0.090909,0.149225,-0.000947,-0.000947,-0.020651,-7.941471,-4.101809,0.022022,17.727273,-0.020651,-0.020651,-0.013980,-0.006765,0.377173,,,mt5
run_20260427_180242_a66738,USD/JPY,forex,M15,trend_momentum,macd_direction,adx_min=0|fast=12|signal_period=9|slow=26,both,all,REJECT,85,0.152941,0.130307,-0.001075,-0.001075,-0.087424,-15.860843,-8.089522,0.085085,11.376471,-0.087424,-0.087424,-0.060896,-0.027368,0.568158,,,mt5
run_20260427_180242_a66738,USD/JPY,forex,M15,trend_momentum,macd_direction,adx_min=20|fast=12|signal_period=9|slow=26,both,all,REJECT,83,0.144578,0.131472,-0.001089,-0.001089,-0.086531,-15.733524,-8.052786,0.083083,11.132530,-0.086531,-0.086531,-0.059977,-0.027368,0.570224,,,mt5
run_20260427_180242_a66738,USD/JPY,forex,M15,pullback,pullback_ema,pullback_period=20|rsi_reclaim=False|rsi_threshold=50|trend_period=200,both,all,REJECT,77,0.090909,0.040222,-0.000980,-0.000980,-0.072736,-19.995708,-15.073846,0.077077,7.051948,-0.072736,-0.072736,-0.058101,-0.016005,0.482640,,,mt5
run_20260427_180242_a66738,USD/JPY,forex,M15,pullback,pullback_ema,pullback_period=20|rsi_reclaim=True|rsi_threshold=50|trend_period=200,both,all,REJECT,71,0.084507,0.038974,-0.000995,-0.000995,-0.068256,-19.181021,-14.547698,0.071071,7.098592,-0.068256,-0.068256,-0.053269,-0.016298,0.491785,,,mt5
run_20260427_180242_a66738,USD/JPY,forex,M15,pullback,pullback_ema,pullback_period=50|rsi_reclaim=False|rsi_threshold=50|trend_period=200,both,all,REJECT,44,0.045455,0.028308,-0.001004,-0.001004,-0.043226,-15.054671,-11.799390,0.044044,10.704545,-0.043226,-0.043226,-0.034454,-0.008168,0.435121,,,mt5
run_20260427_180242_a66738,USD/JPY,forex,M15,pullback,pullback_ema,pullback_period=50|rsi_reclaim=True|rsi_threshold=50|trend_period=200,both,all,REJECT,29,0.000000,0.000000,-0.001143,-0.001143,-0.032631,-13.140451,-14.968617,0.029029,9.758621,-0.032631,-0.032631,-0.026988,-0.004879,0.328234,,,mt5
run_20260427_180242_a66738,USD/JPY,forex,M15,breakout,prev_day_hl,atr_expand_min=0.0,both,all,NEEDS_MORE_DATA,3,,,,,,,,,,,,,,1.000000,,only 3 trades < min 20,mt5
run_20260427_180242_a66738,USD/JPY,forex,M15,breakout,prev_day_hl,atr_expand_min=0.5,both,all,NEEDS_MORE_DATA,3,,,,,,,,,,,,,,1.000000,,only 3 trades < min 20,mt5
run_20260427_180242_a66738,USD/JPY,forex,M15,breakout,prev_day_hl,atr_expand_min=1.0,both,all,NEEDS_MORE_DATA,3,,,,,,,,,,,,,,1.000000,,only 3 trades < min 20,mt5
run_20260427_180242_a66738,USD/JPY,forex,M15,breakout,session_opening_range,atr_expand_min=0.0|range_bars=6,both,all,REJECT,66,0.075758,0.081625,-0.001284,-0.001284,-0.081322,-15.765422,-9.049677,0.066066,14.803030,-0.081322,-0.081322,-0.056173,-0.027495,0.580172,,,mt5
run_20260427_180242_a66738,USD/JPY,forex,M15,breakout,session_opening_range,atr_expand_min=0.5|range_bars=6,both,all,REJECT,64,0.078125,0.084400,-0.001276,-0.001276,-0.078529,-15.359790,-8.721167,0.064064,14.671875,-0.078529,-0.078529,-0.054820,-0.025936,0.575266,,,mt5
run_20260427_180242_a66738,USD/JPY,forex,M15,breakout,session_opening_range,atr_expand_min=0.0|range_bars=12,both,all,REJECT,34,0.117647,0.175532,-0.001183,-0.001183,-0.039502,-8.752374,-4.184142,0.034034,28.411765,-0.039502,-0.039502,-0.026254,-0.014546,0.486880,,,mt5
run_20260427_180242_a66738,USD/JPY,forex,M15,breakout,session_opening_range,atr_expand_min=0.5|range_bars=12,both,all,REJECT,34,0.117647,0.175575,-0.001183,-0.001183,-0.039490,-8.750867,-4.183063,0.034034,28.235294,-0.039490,-0.039490,-0.026254,-0.014534,0.486745,,,mt5
run_20260427_180242_a66738,USD/JPY,forex,M15,breakout,london_breakout,atr_expand_min=0.0|utc_end=11|utc_start=7,both,all,NEEDS_MORE_DATA,16,,,,,,,,,,,,,,1.000000,,only 16 trades < min 20,mt5
run_20260427_180242_a66738,USD/JPY,forex,M15,breakout,london_breakout,atr_expand_min=0.5|utc_end=11|utc_start=7,both,all,NEEDS_MORE_DATA,16,,,,,,,,,,,,,,1.000000,,only 16 trades < min 20,mt5
run_20260427_180242_a66738,USD/JPY,forex,M15,breakout,ny_breakout,atr_expand_min=0.0|utc_end=16|utc_start=13,both,all,NEEDS_MORE_DATA,14,,,,,,,,,,,,,,,,only 14 trades < min 20,mt5
run_20260427_180242_a66738,USD/JPY,forex,M15,breakout,ny_breakout,atr_expand_min=0.5|utc_end=16|utc_start=13,both,all,NEEDS_MORE_DATA,14,,,,,,,,,,,,,,,,only 14 trades < min 20,mt5
run_20260427_180242_a66738,USD/JPY,forex,M15,mean_reversion,rsi_extreme,overbought=70|oversold=30|period=14,both,all,NEEDS_MORE_DATA,16,,,,,,,,,,,,,,,,only 16 trades < min 20,mt5
run_20260427_180242_a66738,USD/JPY,forex,M15,mean_reversion,rsi_extreme,overbought=75|oversold=30|period=14,both,all,NEEDS_MORE_DATA,11,,,,,,,,,,,,,,,,only 11 trades < min 20,mt5
run_20260427_180242_a66738,USD/JPY,forex,M15,mean_reversion,rsi_extreme,overbought=70|oversold=25|period=14,both,all,NEEDS_MORE_DATA,11,,,,,,,,,,,,,,,,only 11 trades < min 20,mt5
run_20260427_180242_a66738,USD/JPY,forex,M15,mean_reversion,rsi_extreme,overbought=75|oversold=25|period=14,both,all,NEEDS_MORE_DATA,6,,,,,,,,,,,,,,,,only 6 trades < min 20,mt5
run_20260427_180242_a66738,USD/JPY,forex,M15,mean_reversion,bollinger_touch,num_std=2.0|period=20,both,all,REJECT,41,0.414634,0.170829,-0.000532,-0.000532,-0.022239,-7.029981,-3.026320,0.041041,11.756098,-0.021614,-0.021614,-0.018409,-0.002626,0.388800,,,mt5
run_20260427_180242_a66738,USD/JPY,forex,M15,mean_reversion,bollinger_touch,num_std=2.5|period=20,both,all,REJECT,25,0.560000,0.456086,-0.000186,-0.000186,-0.005967,-3.357667,-1.358109,0.025025,11.640000,-0.004658,-0.004658,-0.004955,0.000299,0.432384,,,mt5
run_20260427_180242_a66738,USD/JPY,forex,M15,mean_reversion,vwap_deviation,std_threshold=1.5,both,all,NEEDS_MORE_DATA,15,,,,,,,,,,,,,,,,only 15 trades < min 20,mt5
run_20260427_180242_a66738,USD/JPY,forex,M15,mean_reversion,vwap_deviation,std_threshold=2.0,both,all,NEEDS_MORE_DATA,13,,,,,,,,,,,,,,,,only 13 trades < min 20,mt5
run_20260427_180242_a66738,USD/JPY,forex,M15,engine_b_proxy,ob_bos,require_engulf=False|require_vol_expand=False|swing_period=5,both,all,REJECT,26,0.076923,0.060704,-0.001865,-0.001865,-0.047713,-10.499684,-6.746361,0.026026,33.846154,-0.047412,-0.047412,-0.033452,-0.014876,0.389413,,,mt5
run_20260427_180242_a66738,USD/JPY,forex,M15,engine_b_proxy,ob_bos,require_engulf=False|require_vol_expand=True|swing_period=5,both,all,NEEDS_MORE_DATA,18,,,,,,,,,,,,,,1.000000,,only 18 trades < min 20,mt5
run_20260427_180242_a66738,USD/JPY,forex,M15,engine_b_proxy,ob_bos,require_engulf=True|require_vol_expand=False|swing_period=5,both,all,REJECT,25,0.080000,0.061542,-0.001912,-0.001912,-0.047043,-10.382954,-6.776440,0.025025,33.160000,-0.046741,-0.046741,-0.033957,-0.013667,0.370742,,,mt5
run_20260427_180242_a66738,USD/JPY,forex,M15,engine_b_proxy,ob_bos,require_engulf=True|require_vol_expand=True|swing_period=5,both,all,NEEDS_MORE_DATA,18,,,,,,,,,,,,,,,,only 18 trades < min 20,mt5
run_20260427_180242_a66738,USD/JPY,forex,M15,engine_b_proxy,ob_bos,require_engulf=False|require_vol_expand=False|swing_period=10,both,all,NEEDS_MORE_DATA,11,,,,,,,,,,,,,,,,only 11 trades < min 20,mt5
run_20260427_180242_a66738,USD/JPY,forex,M15,engine_b_proxy,ob_bos,require_engulf=False|require_vol_expand=True|swing_period=10,both,all,NEEDS_MORE_DATA,10,,,,,,,,,,,,,,,,only 10 trades < min 20,mt5
run_20260427_180242_a66738,USD/JPY,forex,M15,engine_b_proxy,ob_bos,require_engulf=True|require_vol_expand=False|swing_period=10,both,all,NEEDS_MORE_DATA,9,,,,,,,,,,,,,,,,only 9 trades < min 20,mt5
run_20260427_180242_a66738,USD/JPY,forex,M15,engine_b_proxy,ob_bos,require_engulf=True|require_vol_expand=True|swing_period=10,both,all,NEEDS_MORE_DATA,9,,,,,,,,,,,,,,,,only 9 trades < min 20,mt5
run_20260427_180242_a66738,USD/JPY,forex,M15,engine_b_proxy,structure_filters,fvg_detection=False|strong_close_pct=0.7,both,all,REJECT,277,0.072202,0.044407,-0.000955,-0.000955,-0.232569,-39.314964,-24.770106,0.277277,3.451264,-0.232569,-0.232569,-0.170391,-0.074947,0.531955,,,mt5
run_20260427_180242_a66738,USD/JPY,forex,M15,engine_b_proxy,structure_filters,fvg_detection=True|strong_close_pct=0.7,both,all,REJECT,46,0.086957,0.053653,-0.001222,-0.001222,-0.054701,-14.596519,-9.993017,0.046046,8.543478,-0.054701,-0.054701,-0.041048,-0.014237,0.496719,,,mt5
run_20260427_180242_a66738,USD/JPY,forex,M15,engine_b_proxy,structure_filters,fvg_detection=False|strong_close_pct=0.8,both,all,REJECT,211,0.066351,0.051831,-0.000980,-0.000980,-0.186999,-32.914530,-20.808624,0.211211,4.289100,-0.186999,-0.186999,-0.141940,-0.053120,0.512272,,,mt5
run_20260427_180242_a66738,USD/JPY,forex,M15,engine_b_proxy,structure_filters,fvg_detection=True|strong_close_pct=0.8,both,all,REJECT,36,0.111111,0.068835,-0.001197,-0.001197,-0.042519,-12.283944,-7.751234,0.036036,9.222222,-0.042228,-0.042228,-0.034714,-0.007784,0.399939,,,mt5
run_20260427_180242_a66738,AUD/USD,forex,M15,trend_momentum,ema_cross,adx_min=0|fast_period=10|rsi_confirm=False|slow_period=50,both,all,REJECT,26,0.192308,0.346701,-0.000958,-0.000958,-0.030626,-4.460530,-1.851071,0.026026,35.461538,-0.024707,-0.024707,-0.005416,-0.016983,0.256000,,,mt5
run_20260427_180242_a66738,AUD/USD,forex,M15,trend_momentum,ema_cross,adx_min=0|fast_period=10|rsi_confirm=True|slow_period=50,both,all,REJECT,24,0.208333,0.398142,-0.000845,-0.000845,-0.030626,-3.730804,-1.524878,0.024024,37.416667,-0.020181,-0.020181,-0.000800,-0.016983,0.260667,,,mt5
run_20260427_180242_a66738,AUD/USD,forex,M15,trend_momentum,ema_cross,adx_min=20|fast_period=10|rsi_confirm=False|slow_period=50,both,all,REJECT,22,0.227273,0.393726,-0.000939,-0.000939,-0.026796,-3.742559,-1.536970,0.022022,38.181818,-0.020554,-0.020554,-0.005111,-0.013099,0.292347,,,mt5
run_20260427_180242_a66738,AUD/USD,forex,M15,trend_momentum,ema_cross,adx_min=20|fast_period=10|rsi_confirm=True|slow_period=50,both,all,REJECT,20,0.250000,0.459198,-0.000802,-0.000802,-0.026796,-2.985864,-1.207443,0.020020,40.800000,-0.016008,-0.016008,-0.000494,-0.013099,0.236667,,,mt5
run_20260427_180242_a66738,AUD/USD,forex,M15,trend_momentum,ema_cross,adx_min=25|fast_period=10|rsi_confirm=False|slow_period=50,both,all,NEEDS_MORE_DATA,17,,,,,,,,,,,,,,1.000000,,only 17 trades < min 20,mt5
run_20260427_180242_a66738,AUD/USD,forex,M15,trend_momentum,ema_cross,adx_min=25|fast_period=10|rsi_confirm=True|slow_period=50,both,all,NEEDS_MORE_DATA,15,,,,,,,,,,,,,,1.000000,,only 15 trades < min 20,mt5
run_20260427_180242_a66738,AUD/USD,forex,M15,trend_momentum,ema_cross,adx_min=0|fast_period=10|rsi_confirm=False|slow_period=100,both,all,REJECT,24,0.041667,0.257128,-0.001490,-0.001490,-0.042834,-5.523627,-2.396764,0.024024,36.500000,-0.035267,-0.035267,-0.016535,-0.016919,0.537042,,,mt5
run_20260427_180242_a66738,AUD/USD,forex,M15,trend_momentum,ema_cross,adx_min=0|fast_period=10|rsi_confirm=True|slow_period=100,both,all,REJECT,22,0.045455,0.287781,-0.001415,-0.001415,-0.042834,-4.861992,-2.072942,0.022022,38.727273,-0.030790,-0.030790,-0.011971,-0.016919,0.408011,,,mt5
run_20260427_180242_a66738,AUD/USD,forex,M15,trend_momentum,ema_cross,adx_min=20|fast_period=10|rsi_confirm=False|slow_period=100,both,all,REJECT,22,0.045455,0.270864,-0.001515,-0.001515,-0.040492,-5.184931,-2.240192,0.022022,33.409091,-0.032907,-0.032907,-0.015533,-0.015517,0.531704,,,mt5
run_20260427_180242_a66738,AUD/USD,forex,M15,trend_momentum,ema_cross,adx_min=20|fast_period=10|rsi_confirm=True|slow_period=100,both,all,REJECT,20,0.050000,0.304802,-0.001435,-0.001435,-0.040492,-4.515123,-1.916031,0.020020,35.550000,-0.028419,-0.028419,-0.010964,-0.015517,0.395404,,,mt5
run_20260427_180242_a66738,AUD/USD,forex,M15,trend_momentum,ema_cross,adx_min=25|fast_period=10|rsi_confirm=False|slow_period=100,both,all,NEEDS_MORE_DATA,15,,,,,,,,,,,,,,1.000000,,only 15 trades < min 20,mt5
run_20260427_180242_a66738,AUD/USD,forex,M15,trend_momentum,ema_cross,adx_min=25|fast_period=10|rsi_confirm=True|slow_period=100,both,all,NEEDS_MORE_DATA,13,,,,,,,,,,,,,,1.000000,,only 13 trades < min 20,mt5
run_20260427_180242_a66738,AUD/USD,forex,M15,trend_momentum,ema_cross,adx_min=0|fast_period=10|rsi_confirm=False|slow_period=200,both,all,NEEDS_MORE_DATA,12,,,,,,,,,,,,,,,,only 12 trades < min 20,mt5
run_20260427_180242_a66738,AUD/USD,forex,M15,trend_momentum,ema_cross,adx_min=0|fast_period=10|rsi_confirm=True|slow_period=200,both,all,NEEDS_MORE_DATA,10,,,,,,,,,,,,,,,,only 10 trades < min 20,mt5
run_20260427_180242_a66738,AUD/USD,forex,M15,trend_momentum,ema_cross,adx_min=20|fast_period=10|rsi_confirm=False|slow_period=200,both,all,NEEDS_MORE_DATA,12,,,,,,,,,,,,,,,,only 12 trades < min 20,mt5
run_20260427_180242_a66738,AUD/USD,forex,M15,trend_momentum,ema_cross,adx_min=20|fast_period=10|rsi_confirm=True|slow_period=200,both,all,NEEDS_MORE_DATA,10,,,,,,,,,,,,,,,,only 10 trades < min 20,mt5
run_20260427_180242_a66738,AUD/USD,forex,M15,trend_momentum,ema_cross,adx_min=25|fast_period=10|rsi_confirm=False|slow_period=200,both,all,NEEDS_MORE_DATA,10,,,,,,,,,,,,,,,,only 10 trades < min 20,mt5
run_20260427_180242_a66738,AUD/USD,forex,M15,trend_momentum,ema_cross,adx_min=25|fast_period=10|rsi_confirm=True|slow_period=200,both,all,NEEDS_MORE_DATA,8,,,,,,,,,,,,,,,,only 8 trades < min 20,mt5
run_20260427_180242_a66738,AUD/USD,forex,M15,trend_momentum,ema_cross,adx_min=0|fast_period=20|rsi_confirm=False|slow_period=50,both,all,NEEDS_MORE_DATA,16,,,,,,,,,,,,,,1.000000,,only 16 trades < min 20,mt5
run_20260427_180242_a66738,AUD/USD,forex,M15,trend_momentum,ema_cross,adx_min=0|fast_period=20|rsi_confirm=True|slow_period=50,both,all,NEEDS_MORE_DATA,14,,,,,,,,,,,,,,1.000000,,only 14 trades < min 20,mt5
run_20260427_180242_a66738,AUD/USD,forex,M15,trend_momentum,ema_cross,adx_min=20|fast_period=20|rsi_confirm=False|slow_period=50,both,all,NEEDS_MORE_DATA,15,,,,,,,,,,,,,,1.000000,,only 15 trades < min 20,mt5
run_20260427_180242_a66738,AUD/USD,forex,M15,trend_momentum,ema_cross,adx_min=20|fast_period=20|rsi_confirm=True|slow_period=50,both,all,NEEDS_MORE_DATA,13,,,,,,,,,,,,,,1.000000,,only 13 trades < min 20,mt5
run_20260427_180242_a66738,AUD/USD,forex,M15,trend_momentum,ema_cross,adx_min=25|fast_period=20|rsi_confirm=False|slow_period=50,both,all,NEEDS_MORE_DATA,12,,,,,,,,,,,,,,1.000000,,only 12 trades < min 20,mt5
run_20260427_180242_a66738,AUD/USD,forex,M15,trend_momentum,ema_cross,adx_min=25|fast_period=20|rsi_confirm=True|slow_period=50,both,all,NEEDS_MORE_DATA,10,,,,,,,,,,,,,,1.000000,,only 10 trades < min 20,mt5
run_20260427_180242_a66738,AUD/USD,forex,M15,trend_momentum,ema_cross,adx_min=0|fast_period=20|rsi_confirm=False|slow_period=100,both,all,REJECT,20,0.050000,0.210166,-0.002133,-0.002133,-0.048609,-6.001768,-2.743140,0.020020,44.350000,-0.041915,-0.041915,-0.023646,-0.016389,0.427925,,,mt5
run_20260427_180242_a66738,AUD/USD,forex,M15,trend_momentum,ema_cross,adx_min=0|fast_period=20|rsi_confirm=True|slow_period=100,both,all,NEEDS_MORE_DATA,18,,,,,,,,,,,,,,,,only 18 trades < min 20,mt5
run_20260427_180242_a66738,AUD/USD,forex,M15,trend_momentum,ema_cross,adx_min=20|fast_period=20|rsi_confirm=False|slow_period=100,both,all,NEEDS_MORE_DATA,18,,,,,,,,,,,,,,,,only 18 trades < min 20,mt5
run_20260427_180242_a66738,AUD/USD,forex,M15,trend_momentum,ema_cross,adx_min=20|fast_period=20|rsi_confirm=True|slow_period=100,both,all,NEEDS_MORE_DATA,16,,,,,,,,,,,,,,,,only 16 trades < min 20,mt5
run_20260427_180242_a66738,AUD/USD,forex,M15,trend_momentum,ema_cross,adx_min=25|fast_period=20|rsi_confirm=False|slow_period=100,both,all,NEEDS_MORE_DATA,12,,,,,,,,,,,,,,,,only 12 trades < min 20,mt5
run_20260427_180242_a66738,AUD/USD,forex,M15,trend_momentum,ema_cross,adx_min=25|fast_period=20|rsi_confirm=True|slow_period=100,both,all,NEEDS_MORE_DATA,10,,,,,,,,,,,,,,,,only 10 trades < min 20,mt5
run_20260427_180242_a66738,AUD/USD,forex,M15,trend_momentum,ema_cross,adx_min=0|fast_period=20|rsi_confirm=False|slow_period=200,both,all,NEEDS_MORE_DATA,10,,,,,,,,,,,,,,,,only 10 trades < min 20,mt5
run_20260427_180242_a66738,AUD/USD,forex,M15,trend_momentum,ema_cross,adx_min=0|fast_period=20|rsi_confirm=True|slow_period=200,both,all,NEEDS_MORE_DATA,8,,,,,,,,,,,,,,,,only 8 trades < min 20,mt5
run_20260427_180242_a66738,AUD/USD,forex,M15,trend_momentum,ema_cross,adx_min=20|fast_period=20|rsi_confirm=False|slow_period=200,both,all,NEEDS_MORE_DATA,10,,,,,,,,,,,,,,,,only 10 trades < min 20,mt5
run_20260427_180242_a66738,AUD/USD,forex,M15,trend_momentum,ema_cross,adx_min=20|fast_period=20|rsi_confirm=True|slow_period=200,both,all,NEEDS_MORE_DATA,8,,,,,,,,,,,,,,,,only 8 trades < min 20,mt5
run_20260427_180242_a66738,AUD/USD,forex,M15,trend_momentum,ema_cross,adx_min=25|fast_period=20|rsi_confirm=False|slow_period=200,both,all,NEEDS_MORE_DATA,10,,,,,,,,,,,,,,,,only 10 trades < min 20,mt5
run_20260427_180242_a66738,AUD/USD,forex,M15,trend_momentum,ema_cross,adx_min=25|fast_period=20|rsi_confirm=True|slow_period=200,both,all,NEEDS_MORE_DATA,8,,,,,,,,,,,,,,,,only 8 trades < min 20,mt5
run_20260427_180242_a66738,AUD/USD,forex,M15,trend_momentum,ema_alignment,adx_min=0|ema_long=200|ema_mid=50|ema_short=20,both,all,REJECT,35,0.114286,0.202338,-0.001109,-0.001109,-0.038752,-8.898197,-4.257060,0.035035,12.628571,-0.038120,-0.038120,-0.024391,-0.014072,0.483073,,,mt5
run_20260427_180242_a66738,AUD/USD,forex,M15,trend_momentum,ema_alignment,adx_min=20|ema_long=200|ema_mid=50|ema_short=20,both,all,REJECT,32,0.125000,0.219958,-0.001091,-0.001091,-0.034996,-8.174059,-3.840127,0.032032,13.093750,-0.034362,-0.034362,-0.022789,-0.011842,0.447896,,,mt5
run_20260427_180242_a66738,AUD/USD,forex,M15,trend_momentum,ema_alignment,adx_min=25|ema_long=200|ema_mid=50|ema_short=20,both,all,REJECT,28,0.142857,0.272231,-0.000940,-0.000940,-0.026657,-6.916123,-3.127080,0.028028,14.500000,-0.026016,-0.026016,-0.015752,-0.010428,0.466604,,,mt5
run_20260427_180242_a66738,AUD/USD,forex,M15,trend_momentum,macd_direction,adx_min=0|fast=12|signal_period=9|slow=26,both,all,REJECT,73,0.178082,0.257326,-0.001030,-0.001030,-0.075162,-10.266485,-4.496252,0.073073,13.301370,-0.072605,-0.072605,-0.046620,-0.025542,0.597699,,,mt5
run_20260427_180242_a66738,AUD/USD,forex,M15,trend_momentum,macd_direction,adx_min=20|fast=12|signal_period=9|slow=26,both,all,REJECT,70,0.185714,0.278851,-0.000963,-0.000963,-0.067894,-9.528803,-4.121291,0.070070,13.542857,-0.065316,-0.065316,-0.046620,-0.017884,0.548417,,,mt5
run_20260427_180242_a66738,AUD/USD,forex,M15,pullback,pullback_ema,pullback_period=20|rsi_reclaim=False|rsi_threshold=50|trend_period=200,both,all,REJECT,83,0.108434,0.177511,-0.000936,-0.000936,-0.078076,-14.649458,-7.164261,0.083083,5.795181,-0.074815,-0.074815,-0.048712,-0.026004,0.560146,,,mt5
run_20260427_180242_a66738,AUD/USD,forex,M15,pullback,pullback_ema,pullback_period=20|rsi_reclaim=True|rsi_threshold=50|trend_period=200,both,all,REJECT,72,0.125000,0.205340,-0.000901,-0.000901,-0.069449,-12.714525,-6.014740,0.072072,6.222222,-0.062892,-0.062892,-0.037791,-0.024649,0.595674,,,mt5
run_20260427_180242_a66738,AUD/USD,forex,M15,pullback,pullback_ema,pullback_period=50|rsi_reclaim=False|rsi_threshold=50|trend_period=200,both,all,REJECT,56,0.053571,0.138118,-0.001031,-0.001031,-0.056319,-12.857250,-6.625755,0.056056,8.607143,-0.056146,-0.056146,-0.030553,-0.024962,0.645100,,,mt5
run_20260427_180242_a66738,AUD/USD,forex,M15,pullback,pullback_ema,pullback_period=50|rsi_reclaim=True|rsi_threshold=50|trend_period=200,both,all,REJECT,36,0.055556,0.122368,-0.001074,-0.001074,-0.041910,-10.439477,-5.476447,0.036036,9.722222,-0.037983,-0.037983,-0.019677,-0.017224,0.578595,,,mt5
run_20260427_180242_a66738,AUD/USD,forex,M15,breakout,prev_day_hl,atr_expand_min=0.0,both,all,NEEDS_MORE_DATA,1,,,,,,,,,,,,,,1.000000,,only 1 trades < min 20,mt5
run_20260427_180242_a66738,AUD/USD,forex,M15,breakout,prev_day_hl,atr_expand_min=0.5,both,all,NEEDS_MORE_DATA,1,,,,,,,,,,,,,,1.000000,,only 1 trades < min 20,mt5
run_20260427_180242_a66738,AUD/USD,forex,M15,breakout,prev_day_hl,atr_expand_min=1.0,both,all,NEEDS_MORE_DATA,1,,,,,,,,,,,,,,1.000000,,only 1 trades < min 20,mt5
run_20260427_180242_a66738,AUD/USD,forex,M15,breakout,session_opening_range,atr_expand_min=0.0|range_bars=6,both,all,REJECT,60,0.200000,0.314807,-0.000951,-0.000951,-0.056306,-8.504220,-3.653203,0.060060,15.733333,-0.055593,-0.055593,-0.028545,-0.025586,0.702240,,,mt5
run_20260427_180242_a66738,AUD/USD,forex,M15,breakout,session_opening_range,atr_expand_min=0.5|range_bars=6,both,all,REJECT,57,0.210526,0.337739,-0.000902,-0.000902,-0.050951,-7.789332,-3.306901,0.057057,16.315789,-0.050234,-0.050234,-0.024738,-0.023882,0.722952,,,mt5
run_20260427_180242_a66738,AUD/USD,forex,M15,breakout,session_opening_range,atr_expand_min=0.0|range_bars=12,both,all,REJECT,29,0.241379,0.415108,-0.000909,-0.000909,-0.034002,-4.737520,-1.967059,0.029029,32.586207,-0.026126,-0.026126,-0.001387,-0.022046,0.290667,,,mt5
run_20260427_180242_a66738,AUD/USD,forex,M15,breakout,session_opening_range,atr_expand_min=0.5|range_bars=12,both,all,REJECT,29,0.241379,0.414250,-0.000911,-0.000911,-0.034002,-4.750148,-1.972984,0.029029,32.000000,-0.026164,-0.026164,-0.001425,-0.022046,0.290667,,,mt5
run_20260427_180242_a66738,AUD/USD,forex,M15,breakout,london_breakout,atr_expand_min=0.0|utc_end=11|utc_start=7,both,all,NEEDS_MORE_DATA,14,,,,,,,,,,,,,,1.000000,,only 14 trades < min 20,mt5
run_20260427_180242_a66738,AUD/USD,forex,M15,breakout,london_breakout,atr_expand_min=0.5|utc_end=11|utc_start=7,both,all,NEEDS_MORE_DATA,14,,,,,,,,,,,,,,1.000000,,only 14 trades < min 20,mt5
run_20260427_180242_a66738,AUD/USD,forex,M15,breakout,ny_breakout,atr_expand_min=0.0|utc_end=16|utc_start=13,both,all,NEEDS_MORE_DATA,9,,,,,,,,,,,,,,,,only 9 trades < min 20,mt5
run_20260427_180242_a66738,AUD/USD,forex,M15,breakout,ny_breakout,atr_expand_min=0.5|utc_end=16|utc_start=13,both,all,NEEDS_MORE_DATA,9,,,,,,,,,,,,,,,,only 9 trades < min 20,mt5
run_20260427_180242_a66738,AUD/USD,forex,M15,mean_reversion,rsi_extreme,overbought=70|oversold=30|period=14,both,all,NEEDS_MORE_DATA,17,,,,,,,,,,,,,,,,only 17 trades < min 20,mt5
run_20260427_180242_a66738,AUD/USD,forex,M15,mean_reversion,rsi_extreme,overbought=75|oversold=30|period=14,both,all,NEEDS_MORE_DATA,14,,,,,,,,,,,,,,,,only 14 trades < min 20,mt5
run_20260427_180242_a66738,AUD/USD,forex,M15,mean_reversion,rsi_extreme,overbought=70|oversold=25|period=14,both,all,NEEDS_MORE_DATA,12,,,,,,,,,,,,,,,,only 12 trades < min 20,mt5
run_20260427_180242_a66738,AUD/USD,forex,M15,mean_reversion,rsi_extreme,overbought=75|oversold=25|period=14,both,all,NEEDS_MORE_DATA,9,,,,,,,,,,,,,,,,only 9 trades < min 20,mt5
run_20260427_180242_a66738,AUD/USD,forex,M15,mean_reversion,bollinger_touch,num_std=2.0|period=20,both,all,REJECT,40,0.450000,0.552749,-0.000349,-0.000349,-0.020305,-3.119565,-1.241049,0.040040,12.775000,-0.013940,-0.013940,-0.014865,0.000938,0.340000,,,mt5
run_20260427_180242_a66738,AUD/USD,forex,M15,mean_reversion,bollinger_touch,num_std=2.5|period=20,both,all,WEAK_CANDIDATE,25,0.560000,1.244441,0.000120,0.000120,-0.009239,0.936141,0.366683,0.025025,12.240000,0.002965,0.002965,-0.003129,0.006114,0.412712,,,mt5
run_20260427_180242_a66738,AUD/USD,forex,M15,mean_reversion,vwap_deviation,std_threshold=1.5,both,all,NEEDS_MORE_DATA,14,,,,,,,,,,,,,,,,only 14 trades < min 20,mt5
run_20260427_180242_a66738,AUD/USD,forex,M15,mean_reversion,vwap_deviation,std_threshold=2.0,both,all,NEEDS_MORE_DATA,11,,,,,,,,,,,,,,,,only 11 trades < min 20,mt5
run_20260427_180242_a66738,AUD/USD,forex,M15,engine_b_proxy,ob_bos,require_engulf=False|require_vol_expand=False|swing_period=5,both,all,REJECT,20,0.350000,0.306597,-0.001311,-0.001311,-0.031762,-5.133407,-2.238106,0.020020,41.800000,-0.025961,-0.025961,-0.007386,-0.018713,0.220000,,,mt5
run_20260427_180242_a66738,AUD/USD,forex,M15,engine_b_proxy,ob_bos,require_engulf=False|require_vol_expand=True|swing_period=5,both,all,NEEDS_MORE_DATA,15,,,,,,,,,,,,,,1.000000,,only 15 trades < min 20,mt5
run_20260427_180242_a66738,AUD/USD,forex,M15,engine_b_proxy,ob_bos,require_engulf=True|require_vol_expand=False|swing_period=5,both,all,NEEDS_MORE_DATA,18,,,,,,,,,,,,,,1.000000,,only 18 trades < min 20,mt5
run_20260427_180242_a66738,AUD/USD,forex,M15,engine_b_proxy,ob_bos,require_engulf=True|require_vol_expand=True|swing_period=5,both,all,NEEDS_MORE_DATA,13,,,,,,,,,,,,,,,,only 13 trades < min 20,mt5
run_20260427_180242_a66738,AUD/USD,forex,M15,engine_b_proxy,ob_bos,require_engulf=False|require_vol_expand=False|swing_period=10,both,all,NEEDS_MORE_DATA,11,,,,,,,,,,,,,,,,only 11 trades < min 20,mt5
run_20260427_180242_a66738,AUD/USD,forex,M15,engine_b_proxy,ob_bos,require_engulf=False|require_vol_expand=True|swing_period=10,both,all,NEEDS_MORE_DATA,9,,,,,,,,,,,,,,,,only 9 trades < min 20,mt5
run_20260427_180242_a66738,AUD/USD,forex,M15,engine_b_proxy,ob_bos,require_engulf=True|require_vol_expand=False|swing_period=10,both,all,NEEDS_MORE_DATA,10,,,,,,,,,,,,,,,,only 10 trades < min 20,mt5
run_20260427_180242_a66738,AUD/USD,forex,M15,engine_b_proxy,ob_bos,require_engulf=True|require_vol_expand=True|swing_period=10,both,all,NEEDS_MORE_DATA,9,,,,,,,,,,,,,,,,only 9 trades < min 20,mt5
run_20260427_180242_a66738,AUD/USD,forex,M15,engine_b_proxy,structure_filters,fvg_detection=False|strong_close_pct=0.7,both,all,REJECT,306,0.094771,0.092553,-0.000998,-0.000998,-0.263452,-35.961699,-18.900409,0.306306,3.081699,-0.263452,-0.263452,-0.188635,-0.090853,0.544490,,,mt5
run_20260427_180242_a66738,AUD/USD,forex,M15,engine_b_proxy,structure_filters,fvg_detection=True|strong_close_pct=0.7,both,all,REJECT,34,0.147059,0.253663,-0.001175,-0.001175,-0.043110,-7.341154,-3.276235,0.034034,10.735294,-0.039260,-0.039260,-0.025110,-0.014514,0.494075,,,mt5
run_20260427_180242_a66738,AUD/USD,forex,M15,engine_b_proxy,structure_filters,fvg_detection=False|strong_close_pct=0.8,both,all,REJECT,222,0.117117,0.119564,-0.001026,-0.001026,-0.203931,-27.343219,-13.788280,0.222222,4.004505,-0.203931,-0.203931,-0.155963,-0.055421,0.506604,,,mt5
run_20260427_180242_a66738,AUD/USD,forex,M15,engine_b_proxy,structure_filters,fvg_detection=True|strong_close_pct=0.8,both,all,REJECT,28,0.142857,0.272526,-0.001137,-0.001137,-0.033752,-6.227671,-2.729524,0.028028,11.357143,-0.031418,-0.031418,-0.020912,-0.010730,0.438595,,,mt5
run_20260427_180242_a66738,GBP/USD,forex,M15,trend_momentum,ema_cross,adx_min=0|fast_period=10|rsi_confirm=False|slow_period=50,both,all,REJECT,21,0.238095,0.524926,-0.000645,-0.000645,-0.026383,-2.799193,-1.125389,0.021021,47.428571,-0.013539,-0.013539,-0.005184,-0.006942,0.473270,,,mt5
run_20260427_180242_a66738,GBP/USD,forex,M15,trend_momentum,ema_cross,adx_min=0|fast_period=10|rsi_confirm=True|slow_period=50,both,all,REJECT,20,0.200000,0.213226,-0.001115,-0.001115,-0.026188,-6.695204,-3.208049,0.020020,40.500000,-0.022080,-0.022080,-0.013798,-0.006942,0.387605,,,mt5
run_20260427_180242_a66738,GBP/USD,forex,M15,trend_momentum,ema_cross,adx_min=20|fast_period=10|rsi_confirm=False|slow_period=50,both,all,REJECT,21,0.238095,0.524926,-0.000645,-0.000645,-0.026383,-2.799193,-1.125389,0.021021,47.428571,-0.013539,-0.013539,-0.005184,-0.006942,0.473270,,,mt5
run_20260427_180242_a66738,GBP/USD,forex,M15,trend_momentum,ema_cross,adx_min=20|fast_period=10|rsi_confirm=True|slow_period=50,both,all,REJECT,20,0.200000,0.213226,-0.001115,-0.001115,-0.026188,-6.695204,-3.208049,0.020020,40.500000,-0.022080,-0.022080,-0.013798,-0.006942,0.387605,,,mt5
run_20260427_180242_a66738,GBP/USD,forex,M15,trend_momentum,ema_cross,adx_min=25|fast_period=10|rsi_confirm=False|slow_period=50,both,all,NEEDS_MORE_DATA,8,,,,,,,,,,,,,,1.000000,,only 8 trades < min 20,mt5
run_20260427_180242_a66738,GBP/USD,forex,M15,trend_momentum,ema_cross,adx_min=25|fast_period=10|rsi_confirm=True|slow_period=50,both,all,NEEDS_MORE_DATA,7,,,,,,,,,,,,,,1.000000,,only 7 trades < min 20,mt5
run_20260427_180242_a66738,GBP/USD,forex,M15,trend_momentum,ema_cross,adx_min=0|fast_period=10|rsi_confirm=False|slow_period=100,both,all,NEEDS_MORE_DATA,16,,,,,,,,,,,,,,1.000000,,only 16 trades < min 20,mt5
run_20260427_180242_a66738,GBP/USD,forex,M15,trend_momentum,ema_cross,adx_min=0|fast_period=10|rsi_confirm=True|slow_period=100,both,all,NEEDS_MORE_DATA,15,,,,,,,,,,,,,,1.000000,,only 15 trades < min 20,mt5
run_20260427_180242_a66738,GBP/USD,forex,M15,trend_momentum,ema_cross,adx_min=20|fast_period=10|rsi_confirm=False|slow_period=100,both,all,NEEDS_MORE_DATA,14,,,,,,,,,,,,,,1.000000,,only 14 trades < min 20,mt5
run_20260427_180242_a66738,GBP/USD,forex,M15,trend_momentum,ema_cross,adx_min=20|fast_period=10|rsi_confirm=True|slow_period=100,both,all,NEEDS_MORE_DATA,13,,,,,,,,,,,,,,1.000000,,only 13 trades < min 20,mt5
run_20260427_180242_a66738,GBP/USD,forex,M15,trend_momentum,ema_cross,adx_min=25|fast_period=10|rsi_confirm=False|slow_period=100,both,all,NEEDS_MORE_DATA,8,,,,,,,,,,,,,,1.000000,,only 8 trades < min 20,mt5
run_20260427_180242_a66738,GBP/USD,forex,M15,trend_momentum,ema_cross,adx_min=25|fast_period=10|rsi_confirm=True|slow_period=100,both,all,NEEDS_MORE_DATA,7,,,,,,,,,,,,,,1.000000,,only 7 trades < min 20,mt5
run_20260427_180242_a66738,GBP/USD,forex,M15,trend_momentum,ema_cross,adx_min=0|fast_period=10|rsi_confirm=False|slow_period=200,both,all,NEEDS_MORE_DATA,10,,,,,,,,,,,,,,,,only 10 trades < min 20,mt5
run_20260427_180242_a66738,GBP/USD,forex,M15,trend_momentum,ema_cross,adx_min=0|fast_period=10|rsi_confirm=True|slow_period=200,both,all,NEEDS_MORE_DATA,9,,,,,,,,,,,,,,,,only 9 trades < min 20,mt5
run_20260427_180242_a66738,GBP/USD,forex,M15,trend_momentum,ema_cross,adx_min=20|fast_period=10|rsi_confirm=False|slow_period=200,both,all,NEEDS_MORE_DATA,10,,,,,,,,,,,,,,,,only 10 trades < min 20,mt5
run_20260427_180242_a66738,GBP/USD,forex,M15,trend_momentum,ema_cross,adx_min=20|fast_period=10|rsi_confirm=True|slow_period=200,both,all,NEEDS_MORE_DATA,9,,,,,,,,,,,,,,,,only 9 trades < min 20,mt5
run_20260427_180242_a66738,GBP/USD,forex,M15,trend_momentum,ema_cross,adx_min=25|fast_period=10|rsi_confirm=False|slow_period=200,both,all,NEEDS_MORE_DATA,7,,,,,,,,,,,,,,,,only 7 trades < min 20,mt5
run_20260427_180242_a66738,GBP/USD,forex,M15,trend_momentum,ema_cross,adx_min=25|fast_period=10|rsi_confirm=True|slow_period=200,both,all,NEEDS_MORE_DATA,6,,,,,,,,,,,,,,,,only 6 trades < min 20,mt5
run_20260427_180242_a66738,GBP/USD,forex,M15,trend_momentum,ema_cross,adx_min=0|fast_period=20|rsi_confirm=False|slow_period=50,both,all,NEEDS_MORE_DATA,18,,,,,,,,,,,,,,1.000000,,only 18 trades < min 20,mt5
run_20260427_180242_a66738,GBP/USD,forex,M15,trend_momentum,ema_cross,adx_min=0|fast_period=20|rsi_confirm=True|slow_period=50,both,all,NEEDS_MORE_DATA,17,,,,,,,,,,,,,,1.000000,,only 17 trades < min 20,mt5
run_20260427_180242_a66738,GBP/USD,forex,M15,trend_momentum,ema_cross,adx_min=20|fast_period=20|rsi_confirm=False|slow_period=50,both,all,NEEDS_MORE_DATA,16,,,,,,,,,,,,,,1.000000,,only 16 trades < min 20,mt5
run_20260427_180242_a66738,GBP/USD,forex,M15,trend_momentum,ema_cross,adx_min=20|fast_period=20|rsi_confirm=True|slow_period=50,both,all,NEEDS_MORE_DATA,15,,,,,,,,,,,,,,1.000000,,only 15 trades < min 20,mt5
run_20260427_180242_a66738,GBP/USD,forex,M15,trend_momentum,ema_cross,adx_min=25|fast_period=20|rsi_confirm=False|slow_period=50,both,all,NEEDS_MORE_DATA,8,,,,,,,,,,,,,,1.000000,,only 8 trades < min 20,mt5
run_20260427_180242_a66738,GBP/USD,forex,M15,trend_momentum,ema_cross,adx_min=25|fast_period=20|rsi_confirm=True|slow_period=50,both,all,NEEDS_MORE_DATA,7,,,,,,,,,,,,,,1.000000,,only 7 trades < min 20,mt5
run_20260427_180242_a66738,GBP/USD,forex,M15,trend_momentum,ema_cross,adx_min=0|fast_period=20|rsi_confirm=False|slow_period=100,both,all,NEEDS_MORE_DATA,14,,,,,,,,,,,,,,1.000000,,only 14 trades < min 20,mt5
run_20260427_180242_a66738,GBP/USD,forex,M15,trend_momentum,ema_cross,adx_min=0|fast_period=20|rsi_confirm=True|slow_period=100,both,all,NEEDS_MORE_DATA,13,,,,,,,,,,,,,,,,only 13 trades < min 20,mt5
run_20260427_180242_a66738,GBP/USD,forex,M15,trend_momentum,ema_cross,adx_min=20|fast_period=20|rsi_confirm=False|slow_period=100,both,all,NEEDS_MORE_DATA,11,,,,,,,,,,,,,,,,only 11 trades < min 20,mt5
run_20260427_180242_a66738,GBP/USD,forex,M15,trend_momentum,ema_cross,adx_min=20|fast_period=20|rsi_confirm=True|slow_period=100,both,all,NEEDS_MORE_DATA,10,,,,,,,,,,,,,,,,only 10 trades < min 20,mt5
run_20260427_180242_a66738,GBP/USD,forex,M15,trend_momentum,ema_cross,adx_min=25|fast_period=20|rsi_confirm=False|slow_period=100,both,all,NEEDS_MORE_DATA,9,,,,,,,,,,,,,,,,only 9 trades < min 20,mt5
run_20260427_180242_a66738,GBP/USD,forex,M15,trend_momentum,ema_cross,adx_min=25|fast_period=20|rsi_confirm=True|slow_period=100,both,all,NEEDS_MORE_DATA,8,,,,,,,,,,,,,,,,only 8 trades < min 20,mt5
run_20260427_180242_a66738,GBP/USD,forex,M15,trend_momentum,ema_cross,adx_min=0|fast_period=20|rsi_confirm=False|slow_period=200,both,all,NEEDS_MORE_DATA,8,,,,,,,,,,,,,,,,only 8 trades < min 20,mt5
run_20260427_180242_a66738,GBP/USD,forex,M15,trend_momentum,ema_cross,adx_min=0|fast_period=20|rsi_confirm=True|slow_period=200,both,all,NEEDS_MORE_DATA,7,,,,,,,,,,,,,,,,only 7 trades < min 20,mt5
run_20260427_180242_a66738,GBP/USD,forex,M15,trend_momentum,ema_cross,adx_min=20|fast_period=20|rsi_confirm=False|slow_period=200,both,all,NEEDS_MORE_DATA,8,,,,,,,,,,,,,,,,only 8 trades < min 20,mt5
run_20260427_180242_a66738,GBP/USD,forex,M15,trend_momentum,ema_cross,adx_min=20|fast_period=20|rsi_confirm=True|slow_period=200,both,all,NEEDS_MORE_DATA,7,,,,,,,,,,,,,,,,only 7 trades < min 20,mt5
run_20260427_180242_a66738,GBP/USD,forex,M15,trend_momentum,ema_cross,adx_min=25|fast_period=20|rsi_confirm=False|slow_period=200,both,all,NEEDS_MORE_DATA,8,,,,,,,,,,,,,,,,only 8 trades < min 20,mt5
run_20260427_180242_a66738,GBP/USD,forex,M15,trend_momentum,ema_cross,adx_min=25|fast_period=20|rsi_confirm=True|slow_period=200,both,all,NEEDS_MORE_DATA,7,,,,,,,,,,,,,,,,only 7 trades < min 20,mt5
run_20260427_180242_a66738,GBP/USD,forex,M15,trend_momentum,ema_alignment,adx_min=0|ema_long=200|ema_mid=50|ema_short=20,both,all,REJECT,34,0.088235,0.241295,-0.000903,-0.000903,-0.033697,-6.880496,-3.015270,0.034034,15.911765,-0.030311,-0.030311,-0.022694,-0.008559,0.417146,,,mt5
run_20260427_180242_a66738,GBP/USD,forex,M15,trend_momentum,ema_alignment,adx_min=20|ema_long=200|ema_mid=50|ema_short=20,both,all,REJECT,32,0.093750,0.260319,-0.000867,-0.000867,-0.030832,-6.324906,-2.736568,0.032032,16.406250,-0.027435,-0.027435,-0.019796,-0.008559,0.421709,,,mt5
run_20260427_180242_a66738,GBP/USD,forex,M15,trend_momentum,ema_alignment,adx_min=25|ema_long=200|ema_mid=50|ema_short=20,both,all,REJECT,23,0.130435,0.393964,-0.000653,-0.000653,-0.018405,-3.752471,-1.537863,0.023023,20.304348,-0.014966,-0.014966,-0.008193,-0.007595,0.520063,,,mt5
run_20260427_180242_a66738,GBP/USD,forex,M15,trend_momentum,macd_direction,adx_min=0|fast=12|signal_period=9|slow=26,both,all,REJECT,87,0.114943,0.131702,-0.001254,-0.001254,-0.103520,-16.709200,-8.779365,0.087087,11.241379,-0.103520,-0.103520,-0.064461,-0.039312,0.616291,,,mt5
run_20260427_180242_a66738,GBP/USD,forex,M15,trend_momentum,macd_direction,adx_min=20|fast=12|signal_period=9|slow=26,both,all,REJECT,85,0.105882,0.132648,-0.001259,-0.001259,-0.101614,-16.509359,-8.679225,0.085085,11.176471,-0.101614,-0.101614,-0.062472,-0.039312,0.622116,,,mt5
run_20260427_180242_a66738,GBP/USD,forex,M15,pullback,pullback_ema,pullback_period=20|rsi_reclaim=False|rsi_threshold=50|trend_period=200,both,all,REJECT,77,0.064935,0.125976,-0.000864,-0.000864,-0.064445,-15.436949,-8.029917,0.077077,7.181818,-0.064445,-0.064445,-0.047548,-0.016786,0.505911,,,mt5
run_20260427_180242_a66738,GBP/USD,forex,M15,pullback,pullback_ema,pullback_period=20|rsi_reclaim=True|rsi_threshold=50|trend_period=200,both,all,REJECT,67,0.074627,0.154712,-0.000799,-0.000799,-0.055539,-13.234874,-6.525921,0.067067,8.000000,-0.052153,-0.052153,-0.035035,-0.016786,0.543741,,,mt5
run_20260427_180242_a66738,GBP/USD,forex,M15,pullback,pullback_ema,pullback_period=50|rsi_reclaim=False|rsi_threshold=50|trend_period=200,both,all,REJECT,53,0.056604,0.181801,-0.000961,-0.000961,-0.049865,-10.197535,-4.706769,0.053053,10.226415,-0.049713,-0.049713,-0.041002,-0.007923,0.457968,,,mt5
run_20260427_180242_a66738,GBP/USD,forex,M15,pullback,pullback_ema,pullback_period=50|rsi_reclaim=True|rsi_threshold=50|trend_period=200,both,all,REJECT,34,0.058824,0.250534,-0.000888,-0.000888,-0.034845,-6.590383,-2.857824,0.034034,10.411765,-0.029813,-0.029813,-0.021227,-0.007611,0.411563,,,mt5
run_20260427_180242_a66738,GBP/USD,forex,M15,breakout,prev_day_hl,atr_expand_min=0.0,both,all,NEEDS_MORE_DATA,2,,,,,,,,,,,,,,1.000000,,only 2 trades < min 20,mt5
run_20260427_180242_a66738,GBP/USD,forex,M15,breakout,prev_day_hl,atr_expand_min=0.5,both,all,NEEDS_MORE_DATA,2,,,,,,,,,,,,,,1.000000,,only 2 trades < min 20,mt5
run_20260427_180242_a66738,GBP/USD,forex,M15,breakout,prev_day_hl,atr_expand_min=1.0,both,all,NEEDS_MORE_DATA,2,,,,,,,,,,,,,,1.000000,,only 2 trades < min 20,mt5
run_20260427_180242_a66738,GBP/USD,forex,M15,breakout,session_opening_range,atr_expand_min=0.0|range_bars=6,both,all,REJECT,71,0.112676,0.122334,-0.001297,-0.001297,-0.088110,-15.350111,-8.241344,0.071071,13.633803,-0.088110,-0.088110,-0.064163,-0.024917,0.549835,,,mt5
run_20260427_180242_a66738,GBP/USD,forex,M15,breakout,session_opening_range,atr_expand_min=0.5|range_bars=6,both,all,REJECT,71,0.112676,0.121933,-0.001302,-0.001302,-0.088425,-15.387100,-8.278972,0.071071,13.507042,-0.088425,-0.088425,-0.064487,-0.024917,0.549250,,,mt5
run_20260427_180242_a66738,GBP/USD,forex,M15,breakout,session_opening_range,atr_expand_min=0.0|range_bars=12,both,all,REJECT,36,0.166667,0.225605,-0.001096,-0.001096,-0.040353,-8.881993,-4.215407,0.036036,27.250000,-0.038749,-0.038749,-0.021749,-0.017873,0.579195,,,mt5
run_20260427_180242_a66738,GBP/USD,forex,M15,breakout,session_opening_range,atr_expand_min=0.5|range_bars=12,both,all,REJECT,36,0.166667,0.225605,-0.001096,-0.001096,-0.040353,-8.881993,-4.215407,0.036036,27.250000,-0.038749,-0.038749,-0.021749,-0.017873,0.579195,,,mt5
run_20260427_180242_a66738,GBP/USD,forex,M15,breakout,london_breakout,atr_expand_min=0.0|utc_end=11|utc_start=7,both,all,NEEDS_MORE_DATA,16,,,,,,,,,,,,,,1.000000,,only 16 trades < min 20,mt5
run_20260427_180242_a66738,GBP/USD,forex,M15,breakout,london_breakout,atr_expand_min=0.5|utc_end=11|utc_start=7,both,all,NEEDS_MORE_DATA,16,,,,,,,,,,,,,,1.000000,,only 16 trades < min 20,mt5
run_20260427_180242_a66738,GBP/USD,forex,M15,breakout,ny_breakout,atr_expand_min=0.0|utc_end=16|utc_start=13,both,all,NEEDS_MORE_DATA,13,,,,,,,,,,,,,,,,only 13 trades < min 20,mt5
run_20260427_180242_a66738,GBP/USD,forex,M15,breakout,ny_breakout,atr_expand_min=0.5|utc_end=16|utc_start=13,both,all,NEEDS_MORE_DATA,13,,,,,,,,,,,,,,,,only 13 trades < min 20,mt5
run_20260427_180242_a66738,GBP/USD,forex,M15,mean_reversion,rsi_extreme,overbought=70|oversold=30|period=14,both,all,NEEDS_MORE_DATA,13,,,,,,,,,,,,,,,,only 13 trades < min 20,mt5
run_20260427_180242_a66738,GBP/USD,forex,M15,mean_reversion,rsi_extreme,overbought=75|oversold=30|period=14,both,all,NEEDS_MORE_DATA,11,,,,,,,,,,,,,,,,only 11 trades < min 20,mt5
run_20260427_180242_a66738,GBP/USD,forex,M15,mean_reversion,rsi_extreme,overbought=70|oversold=25|period=14,both,all,NEEDS_MORE_DATA,9,,,,,,,,,,,,,,,,only 9 trades < min 20,mt5
run_20260427_180242_a66738,GBP/USD,forex,M15,mean_reversion,rsi_extreme,overbought=75|oversold=25|period=14,both,all,NEEDS_MORE_DATA,7,,,,,,,,,,,,,,,,only 7 trades < min 20,mt5
run_20260427_180242_a66738,GBP/USD,forex,M15,mean_reversion,bollinger_touch,num_std=2.0|period=20,both,all,REJECT,39,0.358974,0.346630,-0.000410,-0.000410,-0.018655,-4.898414,-2.006339,0.039039,11.564103,-0.015895,-0.015895,-0.014521,-0.001394,0.362789,,,mt5
run_20260427_180242_a66738,GBP/USD,forex,M15,mean_reversion,bollinger_touch,num_std=2.5|period=20,both,all,REJECT,23,0.347826,0.412483,-0.000345,-0.000345,-0.009513,-2.984992,-1.201370,0.023023,12.869565,-0.007918,-0.007918,-0.005988,-0.001941,0.456581,,,mt5
run_20260427_180242_a66738,GBP/USD,forex,M15,mean_reversion,vwap_deviation,std_threshold=1.5,both,all,NEEDS_MORE_DATA,14,,,,,,,,,,,,,,,,only 14 trades < min 20,mt5
run_20260427_180242_a66738,GBP/USD,forex,M15,mean_reversion,vwap_deviation,std_threshold=2.0,both,all,NEEDS_MORE_DATA,10,,,,,,,,,,,,,,,,only 10 trades < min 20,mt5
run_20260427_180242_a66738,GBP/USD,forex,M15,engine_b_proxy,ob_bos,require_engulf=False|require_vol_expand=False|swing_period=5,both,all,REJECT,22,0.227273,0.391758,-0.000936,-0.000936,-0.029002,-4.241484,-1.768472,0.022022,39.409091,-0.020466,-0.020466,-0.015614,-0.004928,0.326689,,,mt5
run_20260427_180242_a66738,GBP/USD,forex,M15,engine_b_proxy,ob_bos,require_engulf=False|require_vol_expand=True|swing_period=5,both,all,NEEDS_MORE_DATA,16,,,,,,,,,,,,,,1.000000,,only 16 trades < min 20,mt5
run_20260427_180242_a66738,GBP/USD,forex,M15,engine_b_proxy,ob_bos,require_engulf=True|require_vol_expand=False|swing_period=5,both,all,NEEDS_MORE_DATA,19,,,,,,,,,,,,,,1.000000,,only 19 trades < min 20,mt5
run_20260427_180242_a66738,GBP/USD,forex,M15,engine_b_proxy,ob_bos,require_engulf=True|require_vol_expand=True|swing_period=5,both,all,NEEDS_MORE_DATA,13,,,,,,,,,,,,,,,,only 13 trades < min 20,mt5
run_20260427_180242_a66738,GBP/USD,forex,M15,engine_b_proxy,ob_bos,require_engulf=False|require_vol_expand=False|swing_period=10,both,all,NEEDS_MORE_DATA,12,,,,,,,,,,,,,,,,only 12 trades < min 20,mt5
run_20260427_180242_a66738,GBP/USD,forex,M15,engine_b_proxy,ob_bos,require_engulf=False|require_vol_expand=True|swing_period=10,both,all,NEEDS_MORE_DATA,10,,,,,,,,,,,,,,,,only 10 trades < min 20,mt5
run_20260427_180242_a66738,GBP/USD,forex,M15,engine_b_proxy,ob_bos,require_engulf=True|require_vol_expand=False|swing_period=10,both,all,NEEDS_MORE_DATA,12,,,,,,,,,,,,,,,,only 12 trades < min 20,mt5
run_20260427_180242_a66738,GBP/USD,forex,M15,engine_b_proxy,ob_bos,require_engulf=True|require_vol_expand=True|swing_period=10,both,all,NEEDS_MORE_DATA,10,,,,,,,,,,,,,,,,only 10 trades < min 20,mt5
run_20260427_180242_a66738,GBP/USD,forex,M15,engine_b_proxy,structure_filters,fvg_detection=False|strong_close_pct=0.7,both,all,REJECT,335,0.038806,0.025398,-0.001064,-0.001064,-0.300109,-47.862801,-33.786861,0.335335,2.862687,-0.300109,-0.300109,-0.216631,-0.106205,0.547077,,,mt5
run_20260427_180242_a66738,GBP/USD,forex,M15,engine_b_proxy,structure_filters,fvg_detection=True|strong_close_pct=0.7,both,all,REJECT,40,0.100000,0.205762,-0.001002,-0.001002,-0.040178,-9.450910,-4.501245,0.040040,10.850000,-0.039359,-0.039359,-0.029484,-0.010175,0.460201,,,mt5
run_20260427_180242_a66738,GBP/USD,forex,M15,engine_b_proxy,structure_filters,fvg_detection=False|strong_close_pct=0.8,both,all,REJECT,222,0.063063,0.050586,-0.001032,-0.001032,-0.204844,-34.168309,-21.777185,0.222222,4.031532,-0.204844,-0.204844,-0.147230,-0.067188,0.536904,,,mt5
run_20260427_180242_a66738,GBP/USD,forex,M15,engine_b_proxy,structure_filters,fvg_detection=True|strong_close_pct=0.8,both,all,REJECT,27,0.148148,0.245272,-0.000982,-0.000982,-0.030650,-7.234471,-3.349165,0.027027,12.222222,-0.026198,-0.026198,-0.017699,-0.008653,0.425332,,,mt5
run_20260427_180242_a66738,GBP/USD,forex,H1,trend_momentum,ema_cross,adx_min=0|fast_period=10|rsi_confirm=False|slow_period=50,both,all,REJECT,27,0.222222,0.467911,-0.001669,-0.001669,-0.051619,-4.104953,-1.759860,0.027027,35.925926,-0.044416,-0.044416,-0.038206,-0.017067,0.396012,,,mt5
run_20260427_180242_a66738,GBP/USD,forex,H1,trend_momentum,ema_cross,adx_min=0|fast_period=10|rsi_confirm=True|slow_period=50,both,all,REJECT,27,0.222222,0.467911,-0.001669,-0.001669,-0.051619,-4.104953,-1.759860,0.027027,35.925926,-0.044416,-0.044416,-0.038206,-0.017067,0.412678,,,mt5
run_20260427_180242_a66738,GBP/USD,forex,H1,trend_momentum,ema_cross,adx_min=20|fast_period=10|rsi_confirm=False|slow_period=50,both,all,REJECT,24,0.250000,0.540964,-0.001401,-0.001401,-0.040686,-3.168943,-1.334410,0.024024,38.708333,-0.033400,-0.033400,-0.027118,-0.017067,0.432806,,,mt5
run_20260427_180242_a66738,GBP/USD,forex,H1,trend_momentum,ema_cross,adx_min=20|fast_period=10|rsi_confirm=True|slow_period=50,both,all,REJECT,24,0.250000,0.540964,-0.001401,-0.001401,-0.040686,-3.168943,-1.334410,0.024024,38.708333,-0.033400,-0.033400,-0.027118,-0.017067,0.449472,,,mt5
run_20260427_180242_a66738,GBP/USD,forex,H1,trend_momentum,ema_cross,adx_min=25|fast_period=10|rsi_confirm=False|slow_period=50,both,all,NEEDS_MORE_DATA,17,,,,,,,,,,,,,,1.000000,,only 17 trades < min 20,mt5
run_20260427_180242_a66738,GBP/USD,forex,H1,trend_momentum,ema_cross,adx_min=25|fast_period=10|rsi_confirm=True|slow_period=50,both,all,NEEDS_MORE_DATA,17,,,,,,,,,,,,,,1.000000,,only 17 trades < min 20,mt5
run_20260427_180242_a66738,GBP/USD,forex,H1,trend_momentum,ema_cross,adx_min=0|fast_period=10|rsi_confirm=False|slow_period=100,both,all,REJECT,21,0.190476,0.377068,-0.002139,-0.002139,-0.050701,-4.395093,-1.937183,0.021021,46.285714,-0.044224,-0.044224,-0.043697,-0.014512,0.325635,,,mt5
run_20260427_180242_a66738,GBP/USD,forex,H1,trend_momentum,ema_cross,adx_min=0|fast_period=10|rsi_confirm=True|slow_period=100,both,all,REJECT,20,0.200000,0.406037,-0.002003,-0.002003,-0.046081,-3.969082,-1.727962,0.020020,47.800000,-0.039572,-0.039572,-0.039234,-0.014512,0.330966,,,mt5
run_20260427_180242_a66738,GBP/USD,forex,H1,trend_momentum,ema_cross,adx_min=20|fast_period=10|rsi_confirm=False|slow_period=100,both,all,REJECT,21,0.190476,0.377068,-0.002139,-0.002139,-0.050701,-4.395093,-1.937183,0.021021,46.285714,-0.044224,-0.044224,-0.043697,-0.014512,0.325635,,,mt5
run_20260427_180242_a66738,GBP/USD,forex,H1,trend_momentum,ema_cross,adx_min=20|fast_period=10|rsi_confirm=True|slow_period=100,both,all,REJECT,20,0.200000,0.406037,-0.002003,-0.002003,-0.046081,-3.969082,-1.727962,0.020020,47.800000,-0.039572,-0.039572,-0.039234,-0.014512,0.330966,,,mt5
run_20260427_180242_a66738,GBP/USD,forex,H1,trend_momentum,ema_cross,adx_min=25|fast_period=10|rsi_confirm=False|slow_period=100,both,all,NEEDS_MORE_DATA,17,,,,,,,,,,,,,,1.000000,,only 17 trades < min 20,mt5
run_20260427_180242_a66738,GBP/USD,forex,H1,trend_momentum,ema_cross,adx_min=25|fast_period=10|rsi_confirm=True|slow_period=100,both,all,NEEDS_MORE_DATA,16,,,,,,,,,,,,,,1.000000,,only 16 trades < min 20,mt5
run_20260427_180242_a66738,GBP/USD,forex,H1,trend_momentum,ema_cross,adx_min=0|fast_period=10|rsi_confirm=False|slow_period=200,both,all,NEEDS_MORE_DATA,17,,,,,,,,,,,,,,,,only 17 trades < min 20,mt5
run_20260427_180242_a66738,GBP/USD,forex,H1,trend_momentum,ema_cross,adx_min=0|fast_period=10|rsi_confirm=True|slow_period=200,both,all,NEEDS_MORE_DATA,17,,,,,,,,,,,,,,,,only 17 trades < min 20,mt5
run_20260427_180242_a66738,GBP/USD,forex,H1,trend_momentum,ema_cross,adx_min=20|fast_period=10|rsi_confirm=False|slow_period=200,both,all,NEEDS_MORE_DATA,17,,,,,,,,,,,,,,,,only 17 trades < min 20,mt5
run_20260427_180242_a66738,GBP/USD,forex,H1,trend_momentum,ema_cross,adx_min=20|fast_period=10|rsi_confirm=True|slow_period=200,both,all,NEEDS_MORE_DATA,17,,,,,,,,,,,,,,,,only 17 trades < min 20,mt5
run_20260427_180242_a66738,GBP/USD,forex,H1,trend_momentum,ema_cross,adx_min=25|fast_period=10|rsi_confirm=False|slow_period=200,both,all,NEEDS_MORE_DATA,17,,,,,,,,,,,,,,,,only 17 trades < min 20,mt5
run_20260427_180242_a66738,GBP/USD,forex,H1,trend_momentum,ema_cross,adx_min=25|fast_period=10|rsi_confirm=True|slow_period=200,both,all,NEEDS_MORE_DATA,17,,,,,,,,,,,,,,,,only 17 trades < min 20,mt5
run_20260427_180242_a66738,GBP/USD,forex,H1,trend_momentum,ema_cross,adx_min=0|fast_period=20|rsi_confirm=False|slow_period=50,both,all,REJECT,23,0.173913,0.352116,-0.002951,-0.002951,-0.079673,-4.720615,-2.090032,0.023023,42.304348,-0.066217,-0.066217,-0.072164,-0.012777,0.291117,,,mt5
run_20260427_180242_a66738,GBP/USD,forex,H1,trend_momentum,ema_cross,adx_min=0|fast_period=20|rsi_confirm=True|slow_period=50,both,all,REJECT,23,0.173913,0.352116,-0.002951,-0.002951,-0.079673,-4.720615,-2.090032,0.023023,42.304348,-0.066217,-0.066217,-0.072164,-0.012777,0.291117,,,mt5
run_20260427_180242_a66738,GBP/USD,forex,H1,trend_momentum,ema_cross,adx_min=20|fast_period=20|rsi_confirm=False|slow_period=50,both,all,REJECT,21,0.190476,0.390355,-0.002744,-0.002744,-0.070152,-4.094805,-1.784347,0.021021,45.809524,-0.056558,-0.056558,-0.062566,-0.012777,0.287266,,,mt5
run_20260427_180242_a66738,GBP/USD,forex,H1,trend_momentum,ema_cross,adx_min=20|fast_period=20|rsi_confirm=True|slow_period=50,both,all,REJECT,21,0.190476,0.390355,-0.002744,-0.002744,-0.070152,-4.094805,-1.784347,0.021021,45.809524,-0.056558,-0.056558,-0.062566,-0.012777,0.287266,,,mt5
run_20260427_180242_a66738,GBP/USD,forex,H1,trend_momentum,ema_cross,adx_min=25|fast_period=20|rsi_confirm=False|slow_period=50,both,all,NEEDS_MORE_DATA,17,,,,,,,,,,,,,,1.000000,,only 17 trades < min 20,mt5
run_20260427_180242_a66738,GBP/USD,forex,H1,trend_momentum,ema_cross,adx_min=25|fast_period=20|rsi_confirm=True|slow_period=50,both,all,NEEDS_MORE_DATA,17,,,,,,,,,,,,,,1.000000,,only 17 trades < min 20,mt5
run_20260427_180242_a66738,GBP/USD,forex,H1,trend_momentum,ema_cross,adx_min=0|fast_period=20|rsi_confirm=False|slow_period=100,both,all,NEEDS_MORE_DATA,15,,,,,,,,,,,,,,1.000000,,only 15 trades < min 20,mt5
run_20260427_180242_a66738,GBP/USD,forex,H1,trend_momentum,ema_cross,adx_min=0|fast_period=20|rsi_confirm=True|slow_period=100,both,all,NEEDS_MORE_DATA,15,,,,,,,,,,,,,,,,only 15 trades < min 20,mt5
run_20260427_180242_a66738,GBP/USD,forex,H1,trend_momentum,ema_cross,adx_min=20|fast_period=20|rsi_confirm=False|slow_period=100,both,all,NEEDS_MORE_DATA,15,,,,,,,,,,,,,,,,only 15 trades < min 20,mt5
run_20260427_180242_a66738,GBP/USD,forex,H1,trend_momentum,ema_cross,adx_min=20|fast_period=20|rsi_confirm=True|slow_period=100,both,all,NEEDS_MORE_DATA,15,,,,,,,,,,,,,,,,only 15 trades < min 20,mt5
run_20260427_180242_a66738,GBP/USD,forex,H1,trend_momentum,ema_cross,adx_min=25|fast_period=20|rsi_confirm=False|slow_period=100,both,all,NEEDS_MORE_DATA,13,,,,,,,,,,,,,,,,only 13 trades < min 20,mt5
run_20260427_180242_a66738,GBP/USD,forex,H1,trend_momentum,ema_cross,adx_min=25|fast_period=20|rsi_confirm=True|slow_period=100,both,all,NEEDS_MORE_DATA,13,,,,,,,,,,,,,,,,only 13 trades < min 20,mt5
run_20260427_180242_a66738,GBP/USD,forex,H1,trend_momentum,ema_cross,adx_min=0|fast_period=20|rsi_confirm=False|slow_period=200,both,all,NEEDS_MORE_DATA,11,,,,,,,,,,,,,,,,only 11 trades < min 20,mt5
run_20260427_180242_a66738,GBP/USD,forex,H1,trend_momentum,ema_cross,adx_min=0|fast_period=20|rsi_confirm=True|slow_period=200,both,all,NEEDS_MORE_DATA,11,,,,,,,,,,,,,,,,only 11 trades < min 20,mt5
run_20260427_180242_a66738,GBP/USD,forex,H1,trend_momentum,ema_cross,adx_min=20|fast_period=20|rsi_confirm=False|slow_period=200,both,all,NEEDS_MORE_DATA,11,,,,,,,,,,,,,,,,only 11 trades < min 20,mt5
run_20260427_180242_a66738,GBP/USD,forex,H1,trend_momentum,ema_cross,adx_min=20|fast_period=20|rsi_confirm=True|slow_period=200,both,all,NEEDS_MORE_DATA,11,,,,,,,,,,,,,,,,only 11 trades < min 20,mt5
run_20260427_180242_a66738,GBP/USD,forex,H1,trend_momentum,ema_cross,adx_min=25|fast_period=20|rsi_confirm=False|slow_period=200,both,all,NEEDS_MORE_DATA,10,,,,,,,,,,,,,,,,only 10 trades < min 20,mt5
run_20260427_180242_a66738,GBP/USD,forex,H1,trend_momentum,ema_cross,adx_min=25|fast_period=20|rsi_confirm=True|slow_period=200,both,all,NEEDS_MORE_DATA,10,,,,,,,,,,,,,,,,only 10 trades < min 20,mt5
run_20260427_180242_a66738,GBP/USD,forex,H1,trend_momentum,ema_alignment,adx_min=0|ema_long=200|ema_mid=50|ema_short=20,both,all,REJECT,26,0.153846,0.404819,-0.001443,-0.001443,-0.047902,-4.754902,-2.084953,0.026026,16.538462,-0.037003,-0.037003,-0.039555,0.002881,0.256000,,,mt5
run_20260427_180242_a66738,GBP/USD,forex,H1,trend_momentum,ema_alignment,adx_min=20|ema_long=200|ema_mid=50|ema_short=20,both,all,REJECT,26,0.153846,0.416091,-0.001377,-0.001377,-0.046270,-4.600656,-2.006916,0.026026,16.153846,-0.035353,-0.035353,-0.037908,0.002881,0.256000,,,mt5
run_20260427_180242_a66738,GBP/USD,forex,H1,trend_momentum,ema_alignment,adx_min=25|ema_long=200|ema_mid=50|ema_short=20,both,all,REJECT,21,0.190476,0.519926,-0.001122,-0.001122,-0.034502,-3.164387,-1.339449,0.021021,19.047619,-0.023450,-0.023450,-0.026037,0.002881,0.226000,,,mt5
run_20260427_180242_a66738,GBP/USD,forex,H1,trend_momentum,macd_direction,adx_min=0|fast=12|signal_period=9|slow=26,both,all,REJECT,76,0.289474,0.561050,-0.000845,-0.000845,-0.066513,-4.926606,-2.054014,0.076076,13.065789,-0.062718,-0.062718,-0.041219,-0.022552,0.597470,,,mt5
run_20260427_180242_a66738,GBP/USD,forex,H1,trend_momentum,macd_direction,adx_min=20|fast=12|signal_period=9|slow=26,both,all,REJECT,75,0.293333,0.588007,-0.000767,-0.000767,-0.060206,-4.510221,-1.873231,0.075075,13.146667,-0.056385,-0.056385,-0.034742,-0.022552,0.628075,,,mt5
run_20260427_180242_a66738,GBP/USD,forex,H1,pullback,pullback_ema,pullback_period=20|rsi_reclaim=False|rsi_threshold=50|trend_period=200,both,all,REJECT,67,0.134328,0.285437,-0.001084,-0.001084,-0.070524,-8.879645,-3.991069,0.067067,6.626866,-0.070261,-0.070261,-0.045627,-0.025812,0.569715,,,mt5
run_20260427_180242_a66738,GBP/USD,forex,H1,pullback,pullback_ema,pullback_period=20|rsi_reclaim=True|rsi_threshold=50|trend_period=200,both,all,REJECT,60,0.150000,0.314420,-0.001062,-0.001062,-0.062363,-7.892696,-3.504541,0.060060,7.066667,-0.061910,-0.061910,-0.041191,-0.021609,0.557384,,,mt5
run_20260427_180242_a66738,GBP/USD,forex,H1,pullback,pullback_ema,pullback_period=50|rsi_reclaim=False|rsi_threshold=50|trend_period=200,both,all,REJECT,39,0.102564,0.278082,-0.001403,-0.001403,-0.056804,-7.264134,-3.333786,0.039039,11.820513,-0.053393,-0.053393,-0.039751,-0.014207,0.441223,,,mt5
run_20260427_180242_a66738,GBP/USD,forex,H1,pullback,pullback_ema,pullback_period=50|rsi_reclaim=True|rsi_threshold=50|trend_period=200,both,all,REJECT,29,0.137931,0.360425,-0.001314,-0.001314,-0.042992,-5.243383,-2.315580,0.029029,14.620690,-0.037531,-0.037531,-0.023660,-0.014207,0.454141,,,mt5
run_20260427_180242_a66738,GBP/USD,forex,H1,breakout,prev_day_hl,atr_expand_min=0.0,both,all,NEEDS_MORE_DATA,11,,,,,,,,,,,,,,1.000000,,only 11 trades < min 20,mt5
run_20260427_180242_a66738,GBP/USD,forex,H1,breakout,prev_day_hl,atr_expand_min=0.5,both,all,NEEDS_MORE_DATA,11,,,,,,,,,,,,,,1.000000,,only 11 trades < min 20,mt5
run_20260427_180242_a66738,GBP/USD,forex,H1,breakout,prev_day_hl,atr_expand_min=1.0,both,all,NEEDS_MORE_DATA,11,,,,,,,,,,,,,,1.000000,,only 11 trades < min 20,mt5
run_20260427_180242_a66738,GBP/USD,forex,H1,breakout,session_opening_range,atr_expand_min=0.0|range_bars=6,both,all,REJECT,63,0.238095,0.475624,-0.001100,-0.001100,-0.067350,-5.658918,-2.397386,0.063063,15.158730,-0.067350,-0.067350,-0.043956,-0.022597,0.587559,,,mt5
run_20260427_180242_a66738,GBP/USD,forex,H1,breakout,session_opening_range,atr_expand_min=0.5|range_bars=6,both,all,REJECT,62,0.241935,0.493484,-0.001040,-0.001040,-0.062869,-5.336239,-2.251514,0.062062,15.306452,-0.062869,-0.062869,-0.039363,-0.022597,0.605556,,,mt5
run_20260427_180242_a66738,GBP/USD,forex,H1,breakout,session_opening_range,atr_expand_min=0.0|range_bars=12,both,all,REJECT,39,0.307692,0.471402,-0.001412,-0.001412,-0.055908,-4.621379,-1.966677,0.039039,24.256410,-0.053980,-0.053980,-0.027527,-0.022882,0.600038,,,mt5
run_20260427_180242_a66738,GBP/USD,forex,H1,breakout,session_opening_range,atr_expand_min=0.5|range_bars=12,both,all,REJECT,38,0.315789,0.494080,-0.001323,-0.001323,-0.051372,-4.277918,-1.810222,0.038038,24.736842,-0.049435,-0.049435,-0.022855,-0.022882,0.644318,,,mt5
run_20260427_180242_a66738,GBP/USD,forex,H1,breakout,london_breakout,atr_expand_min=0.0|utc_end=11|utc_start=7,both,all,NEEDS_MORE_DATA,17,,,,,,,,,,,,,,1.000000,,only 17 trades < min 20,mt5
run_20260427_180242_a66738,GBP/USD,forex,H1,breakout,london_breakout,atr_expand_min=0.5|utc_end=11|utc_start=7,both,all,NEEDS_MORE_DATA,17,,,,,,,,,,,,,,1.000000,,only 17 trades < min 20,mt5
run_20260427_180242_a66738,GBP/USD,forex,H1,breakout,ny_breakout,atr_expand_min=0.0|utc_end=16|utc_start=13,both,all,NEEDS_MORE_DATA,18,,,,,,,,,,,,,,,,only 18 trades < min 20,mt5
run_20260427_180242_a66738,GBP/USD,forex,H1,breakout,ny_breakout,atr_expand_min=0.5|utc_end=16|utc_start=13,both,all,NEEDS_MORE_DATA,18,,,,,,,,,,,,,,,,only 18 trades < min 20,mt5
run_20260427_180242_a66738,GBP/USD,forex,H1,mean_reversion,rsi_extreme,overbought=70|oversold=30|period=14,both,all,NEEDS_MORE_DATA,13,,,,,,,,,,,,,,,,only 13 trades < min 20,mt5
run_20260427_180242_a66738,GBP/USD,forex,H1,mean_reversion,rsi_extreme,overbought=75|oversold=30|period=14,both,all,NEEDS_MORE_DATA,10,,,,,,,,,,,,,,,,only 10 trades < min 20,mt5
run_20260427_180242_a66738,GBP/USD,forex,H1,mean_reversion,rsi_extreme,overbought=70|oversold=25|period=14,both,all,NEEDS_MORE_DATA,10,,,,,,,,,,,,,,,,only 10 trades < min 20,mt5
run_20260427_180242_a66738,GBP/USD,forex,H1,mean_reversion,rsi_extreme,overbought=75|oversold=25|period=14,both,all,NEEDS_MORE_DATA,7,,,,,,,,,,,,,,,,only 7 trades < min 20,mt5
run_20260427_180242_a66738,GBP/USD,forex,H1,mean_reversion,bollinger_touch,num_std=2.0|period=20,both,all,REJECT,39,0.564103,0.662745,-0.000449,-0.000449,-0.024137,-2.258964,-0.928251,0.039039,14.179487,-0.017532,-0.017532,-0.015031,-0.002540,0.384694,,,mt5
run_20260427_180242_a66738,GBP/USD,forex,H1,mean_reversion,bollinger_touch,num_std=2.5|period=20,both,all,WEAK_CANDIDATE,25,0.640000,1.557238,0.000386,0.000386,-0.007950,2.300975,0.952027,0.025025,12.520000,0.009648,0.009648,0.001694,0.007940,0.502635,,,mt5
run_20260427_180242_a66738,GBP/USD,forex,H1,mean_reversion,vwap_deviation,std_threshold=1.5,both,all,NEEDS_MORE_DATA,14,,,,,,,,,,,,,,,,only 14 trades < min 20,mt5
run_20260427_180242_a66738,GBP/USD,forex,H1,mean_reversion,vwap_deviation,std_threshold=2.0,both,all,NEEDS_MORE_DATA,13,,,,,,,,,,,,,,,,only 13 trades < min 20,mt5
run_20260427_180242_a66738,GBP/USD,forex,H1,engine_b_proxy,ob_bos,require_engulf=False|require_vol_expand=False|swing_period=5,both,all,REJECT,22,0.181818,0.287655,-0.003418,-0.003418,-0.072945,-5.645747,-2.623500,0.022022,33.090909,-0.072945,-0.072945,-0.072104,-0.008855,0.268844,,,mt5
run_20260427_180242_a66738,GBP/USD,forex,H1,engine_b_proxy,ob_bos,require_engulf=False|require_vol_expand=True|swing_period=5,both,all,NEEDS_MORE_DATA,17,,,,,,,,,,,,,,1.000000,,only 17 trades < min 20,mt5
run_20260427_180242_a66738,GBP/USD,forex,H1,engine_b_proxy,ob_bos,require_engulf=True|require_vol_expand=False|swing_period=5,both,all,REJECT,22,0.181818,0.265867,-0.003604,-0.003604,-0.076741,-5.910488,-2.787762,0.022022,31.909091,-0.076741,-0.076741,-0.072104,-0.012914,0.285730,,,mt5
run_20260427_180242_a66738,GBP/USD,forex,H1,engine_b_proxy,ob_bos,require_engulf=True|require_vol_expand=True|swing_period=5,both,all,NEEDS_MORE_DATA,15,,,,,,,,,,,,,,,,only 15 trades < min 20,mt5
run_20260427_180242_a66738,GBP/USD,forex,H1,engine_b_proxy,ob_bos,require_engulf=False|require_vol_expand=False|swing_period=10,both,all,NEEDS_MORE_DATA,12,,,,,,,,,,,,,,,,only 12 trades < min 20,mt5
run_20260427_180242_a66738,GBP/USD,forex,H1,engine_b_proxy,ob_bos,require_engulf=False|require_vol_expand=True|swing_period=10,both,all,NEEDS_MORE_DATA,8,,,,,,,,,,,,,,,,only 8 trades < min 20,mt5
run_20260427_180242_a66738,GBP/USD,forex,H1,engine_b_proxy,ob_bos,require_engulf=True|require_vol_expand=False|swing_period=10,both,all,NEEDS_MORE_DATA,11,,,,,,,,,,,,,,,,only 11 trades < min 20,mt5
run_20260427_180242_a66738,GBP/USD,forex,H1,engine_b_proxy,ob_bos,require_engulf=True|require_vol_expand=True|swing_period=10,both,all,NEEDS_MORE_DATA,5,,,,,,,,,,,,,,,,only 5 trades < min 20,mt5
run_20260427_180242_a66738,GBP/USD,forex,H1,engine_b_proxy,structure_filters,fvg_detection=False|strong_close_pct=0.7,both,all,REJECT,300,0.183333,0.253118,-0.001041,-0.001041,-0.269564,-21.208378,-9.485697,0.300300,3.193333,-0.268754,-0.268754,-0.208953,-0.076013,0.509134,,,mt5
run_20260427_180242_a66738,GBP/USD,forex,H1,engine_b_proxy,structure_filters,fvg_detection=True|strong_close_pct=0.7,both,all,REJECT,48,0.229167,0.304207,-0.001246,-0.001246,-0.058493,-7.488039,-3.370399,0.048048,10.916667,-0.058237,-0.058237,-0.051152,-0.005996,0.439834,,,mt5
run_20260427_180242_a66738,GBP/USD,forex,H1,engine_b_proxy,structure_filters,fvg_detection=False|strong_close_pct=0.8,both,all,REJECT,214,0.219626,0.333722,-0.000936,-0.000936,-0.183648,-14.102581,-6.115556,0.214214,4.275701,-0.182071,-0.182071,-0.138117,-0.051425,0.511699,,,mt5
run_20260427_180242_a66738,GBP/USD,forex,H1,engine_b_proxy,structure_filters,fvg_detection=True|strong_close_pct=0.8,both,all,REJECT,42,0.190476,0.249555,-0.001531,-0.001531,-0.062713,-8.088773,-3.789713,0.042042,10.476190,-0.062458,-0.062458,-0.051005,-0.010605,0.431046,,,mt5
run_20260427_180242_a66738,EUR/USD,forex,H1,trend_momentum,ema_cross,adx_min=0|fast_period=10|rsi_confirm=False|slow_period=50,both,all,REJECT,24,0.291667,0.665612,-0.000832,-0.000832,-0.028993,-2.004975,-0.826520,0.024024,40.541667,-0.020056,-0.020056,-0.025171,-0.005379,0.308105,,,mt5
run_20260427_180242_a66738,EUR/USD,forex,H1,trend_momentum,ema_cross,adx_min=0|fast_period=10|rsi_confirm=True|slow_period=50,both,all,REJECT,22,0.318182,0.726786,-0.000679,-0.000679,-0.028993,-1.518881,-0.622919,0.022022,43.681818,-0.015112,-0.015112,-0.020253,-0.005379,0.328336,,,mt5
run_20260427_180242_a66738,EUR/USD,forex,H1,trend_momentum,ema_cross,adx_min=20|fast_period=10|rsi_confirm=False|slow_period=50,both,all,REJECT,24,0.291667,0.665612,-0.000832,-0.000832,-0.028993,-2.004975,-0.826520,0.024024,40.541667,-0.020056,-0.020056,-0.025171,-0.005379,0.308105,,,mt5
run_20260427_180242_a66738,EUR/USD,forex,H1,trend_momentum,ema_cross,adx_min=20|fast_period=10|rsi_confirm=True|slow_period=50,both,all,REJECT,22,0.318182,0.726786,-0.000679,-0.000679,-0.028993,-1.518881,-0.622919,0.022022,43.681818,-0.015112,-0.015112,-0.020253,-0.005379,0.328336,,,mt5
run_20260427_180242_a66738,EUR/USD,forex,H1,trend_momentum,ema_cross,adx_min=25|fast_period=10|rsi_confirm=False|slow_period=50,both,all,REJECT,20,0.250000,0.549183,-0.001067,-0.001067,-0.025139,-2.660052,-1.114048,0.020020,38.800000,-0.021302,-0.021302,-0.016928,-0.004449,0.298837,,,mt5
run_20260427_180242_a66738,EUR/USD,forex,H1,trend_momentum,ema_cross,adx_min=25|fast_period=10|rsi_confirm=True|slow_period=50,both,all,NEEDS_MORE_DATA,18,,,,,,,,,,,,,,1.000000,,only 18 trades < min 20,mt5
run_20260427_180242_a66738,EUR/USD,forex,H1,trend_momentum,ema_cross,adx_min=0|fast_period=10|rsi_confirm=False|slow_period=100,both,all,REJECT,20,0.250000,0.478691,-0.001834,-0.001834,-0.047504,-3.098867,-1.312154,0.020020,49.250000,-0.036420,-0.036420,-0.045739,-0.005853,0.258389,,,mt5
run_20260427_180242_a66738,EUR/USD,forex,H1,trend_momentum,ema_cross,adx_min=0|fast_period=10|rsi_confirm=True|slow_period=100,both,all,NEEDS_MORE_DATA,18,,,,,,,,,,,,,,1.000000,,only 18 trades < min 20,mt5
run_20260427_180242_a66738,EUR/USD,forex,H1,trend_momentum,ema_cross,adx_min=20|fast_period=10|rsi_confirm=False|slow_period=100,both,all,REJECT,20,0.250000,0.478691,-0.001834,-0.001834,-0.047504,-3.098867,-1.312154,0.020020,49.250000,-0.036420,-0.036420,-0.045739,-0.005853,0.258389,,,mt5
run_20260427_180242_a66738,EUR/USD,forex,H1,trend_momentum,ema_cross,adx_min=20|fast_period=10|rsi_confirm=True|slow_period=100,both,all,NEEDS_MORE_DATA,18,,,,,,,,,,,,,,1.000000,,only 18 trades < min 20,mt5
run_20260427_180242_a66738,EUR/USD,forex,H1,trend_momentum,ema_cross,adx_min=25|fast_period=10|rsi_confirm=False|slow_period=100,both,all,NEEDS_MORE_DATA,18,,,,,,,,,,,,,,1.000000,,only 18 trades < min 20,mt5
run_20260427_180242_a66738,EUR/USD,forex,H1,trend_momentum,ema_cross,adx_min=25|fast_period=10|rsi_confirm=True|slow_period=100,both,all,NEEDS_MORE_DATA,16,,,,,,,,,,,,,,1.000000,,only 16 trades < min 20,mt5
run_20260427_180242_a66738,EUR/USD,forex,H1,trend_momentum,ema_cross,adx_min=0|fast_period=10|rsi_confirm=False|slow_period=200,both,all,NEEDS_MORE_DATA,16,,,,,,,,,,,,,,,,only 16 trades < min 20,mt5
run_20260427_180242_a66738,EUR/USD,forex,H1,trend_momentum,ema_cross,adx_min=0|fast_period=10|rsi_confirm=True|slow_period=200,both,all,NEEDS_MORE_DATA,13,,,,,,,,,,,,,,,,only 13 trades < min 20,mt5
run_20260427_180242_a66738,EUR/USD,forex,H1,trend_momentum,ema_cross,adx_min=20|fast_period=10|rsi_confirm=False|slow_period=200,both,all,NEEDS_MORE_DATA,16,,,,,,,,,,,,,,,,only 16 trades < min 20,mt5
run_20260427_180242_a66738,EUR/USD,forex,H1,trend_momentum,ema_cross,adx_min=20|fast_period=10|rsi_confirm=True|slow_period=200,both,all,NEEDS_MORE_DATA,13,,,,,,,,,,,,,,,,only 13 trades < min 20,mt5
run_20260427_180242_a66738,EUR/USD,forex,H1,trend_momentum,ema_cross,adx_min=25|fast_period=10|rsi_confirm=False|slow_period=200,both,all,NEEDS_MORE_DATA,14,,,,,,,,,,,,,,,,only 14 trades < min 20,mt5
run_20260427_180242_a66738,EUR/USD,forex,H1,trend_momentum,ema_cross,adx_min=25|fast_period=10|rsi_confirm=True|slow_period=200,both,all,NEEDS_MORE_DATA,11,,,,,,,,,,,,,,,,only 11 trades < min 20,mt5
run_20260427_180242_a66738,EUR/USD,forex,H1,trend_momentum,ema_cross,adx_min=0|fast_period=20|rsi_confirm=False|slow_period=50,both,all,REJECT,20,0.250000,0.467454,-0.002193,-0.002193,-0.046368,-3.334790,-1.421560,0.020020,49.050000,-0.043404,-0.043404,-0.046253,-0.014789,0.315922,,,mt5
run_20260427_180242_a66738,EUR/USD,forex,H1,trend_momentum,ema_cross,adx_min=0|fast_period=20|rsi_confirm=True|slow_period=50,both,all,NEEDS_MORE_DATA,18,,,,,,,,,,,,,,1.000000,,only 18 trades < min 20,mt5
run_20260427_180242_a66738,EUR/USD,forex,H1,trend_momentum,ema_cross,adx_min=20|fast_period=20|rsi_confirm=False|slow_period=50,both,all,REJECT,20,0.250000,0.467454,-0.002193,-0.002193,-0.046368,-3.334790,-1.421560,0.020020,49.050000,-0.043404,-0.043404,-0.046253,-0.014789,0.315922,,,mt5
run_20260427_180242_a66738,EUR/USD,forex,H1,trend_momentum,ema_cross,adx_min=20|fast_period=20|rsi_confirm=True|slow_period=50,both,all,NEEDS_MORE_DATA,18,,,,,,,,,,,,,,1.000000,,only 18 trades < min 20,mt5
run_20260427_180242_a66738,EUR/USD,forex,H1,trend_momentum,ema_cross,adx_min=25|fast_period=20|rsi_confirm=False|slow_period=50,both,all,NEEDS_MORE_DATA,17,,,,,,,,,,,,,,1.000000,,only 17 trades < min 20,mt5
run_20260427_180242_a66738,EUR/USD,forex,H1,trend_momentum,ema_cross,adx_min=25|fast_period=20|rsi_confirm=True|slow_period=50,both,all,NEEDS_MORE_DATA,15,,,,,,,,,,,,,,1.000000,,only 15 trades < min 20,mt5
run_20260427_180242_a66738,EUR/USD,forex,H1,trend_momentum,ema_cross,adx_min=0|fast_period=20|rsi_confirm=False|slow_period=100,both,all,NEEDS_MORE_DATA,16,,,,,,,,,,,,,,1.000000,,only 16 trades < min 20,mt5
run_20260427_180242_a66738,EUR/USD,forex,H1,trend_momentum,ema_cross,adx_min=0|fast_period=20|rsi_confirm=True|slow_period=100,both,all,NEEDS_MORE_DATA,14,,,,,,,,,,,,,,,,only 14 trades < min 20,mt5
run_20260427_180242_a66738,EUR/USD,forex,H1,trend_momentum,ema_cross,adx_min=20|fast_period=20|rsi_confirm=False|slow_period=100,both,all,NEEDS_MORE_DATA,16,,,,,,,,,,,,,,,,only 16 trades < min 20,mt5
run_20260427_180242_a66738,EUR/USD,forex,H1,trend_momentum,ema_cross,adx_min=20|fast_period=20|rsi_confirm=True|slow_period=100,both,all,NEEDS_MORE_DATA,14,,,,,,,,,,,,,,,,only 14 trades < min 20,mt5
run_20260427_180242_a66738,EUR/USD,forex,H1,trend_momentum,ema_cross,adx_min=25|fast_period=20|rsi_confirm=False|slow_period=100,both,all,NEEDS_MORE_DATA,15,,,,,,,,,,,,,,,,only 15 trades < min 20,mt5
run_20260427_180242_a66738,EUR/USD,forex,H1,trend_momentum,ema_cross,adx_min=25|fast_period=20|rsi_confirm=True|slow_period=100,both,all,NEEDS_MORE_DATA,13,,,,,,,,,,,,,,,,only 13 trades < min 20,mt5
run_20260427_180242_a66738,EUR/USD,forex,H1,trend_momentum,ema_cross,adx_min=0|fast_period=20|rsi_confirm=False|slow_period=200,both,all,NEEDS_MORE_DATA,14,,,,,,,,,,,,,,,,only 14 trades < min 20,mt5
run_20260427_180242_a66738,EUR/USD,forex,H1,trend_momentum,ema_cross,adx_min=0|fast_period=20|rsi_confirm=True|slow_period=200,both,all,NEEDS_MORE_DATA,12,,,,,,,,,,,,,,,,only 12 trades < min 20,mt5
run_20260427_180242_a66738,EUR/USD,forex,H1,trend_momentum,ema_cross,adx_min=20|fast_period=20|rsi_confirm=False|slow_period=200,both,all,NEEDS_MORE_DATA,14,,,,,,,,,,,,,,,,only 14 trades < min 20,mt5
run_20260427_180242_a66738,EUR/USD,forex,H1,trend_momentum,ema_cross,adx_min=20|fast_period=20|rsi_confirm=True|slow_period=200,both,all,NEEDS_MORE_DATA,12,,,,,,,,,,,,,,,,only 12 trades < min 20,mt5
run_20260427_180242_a66738,EUR/USD,forex,H1,trend_momentum,ema_cross,adx_min=25|fast_period=20|rsi_confirm=False|slow_period=200,both,all,NEEDS_MORE_DATA,13,,,,,,,,,,,,,,,,only 13 trades < min 20,mt5
run_20260427_180242_a66738,EUR/USD,forex,H1,trend_momentum,ema_cross,adx_min=25|fast_period=20|rsi_confirm=True|slow_period=200,both,all,NEEDS_MORE_DATA,11,,,,,,,,,,,,,,,,only 11 trades < min 20,mt5
run_20260427_180242_a66738,EUR/USD,forex,H1,trend_momentum,ema_alignment,adx_min=0|ema_long=200|ema_mid=50|ema_short=20,both,all,REJECT,23,0.173913,0.630337,-0.000648,-0.000648,-0.017055,-2.164292,-0.894899,0.023023,19.347826,-0.014943,-0.014943,-0.017055,-0.006320,0.349174,,,mt5
run_20260427_180242_a66738,EUR/USD,forex,H1,trend_momentum,ema_alignment,adx_min=20|ema_long=200|ema_mid=50|ema_short=20,both,all,REJECT,23,0.173913,0.549648,-0.000906,-0.000906,-0.022872,-2.884710,-1.208854,0.023023,18.608696,-0.020773,-0.020773,-0.022872,-0.006320,0.320897,,,mt5
run_20260427_180242_a66738,EUR/USD,forex,H1,trend_momentum,ema_alignment,adx_min=25|ema_long=200|ema_mid=50|ema_short=20,both,all,REJECT,22,0.181818,0.585961,-0.000817,-0.000817,-0.020063,-2.520352,-1.049635,0.022022,19.136364,-0.017957,-0.017957,-0.020063,-0.006320,0.326505,,,mt5
run_20260427_180242_a66738,EUR/USD,forex,H1,trend_momentum,macd_direction,adx_min=0|fast=12|signal_period=9|slow=26,both,all,REJECT,67,0.313433,0.601458,-0.000728,-0.000728,-0.051054,-4.124838,-1.711112,0.067067,14.865672,-0.048041,-0.048041,-0.027950,-0.019978,0.647771,,,mt5
run_20260427_180242_a66738,EUR/USD,forex,H1,trend_momentum,macd_direction,adx_min=20|fast=12|signal_period=9|slow=26,both,all,REJECT,66,0.318182,0.605128,-0.000728,-0.000728,-0.050347,-4.066252,-1.686382,0.066066,14.818182,-0.047332,-0.047332,-0.027227,-0.019978,0.653467,,,mt5
run_20260427_180242_a66738,EUR/USD,forex,H1,pullback,pullback_ema,pullback_period=20|rsi_reclaim=False|rsi_threshold=50|trend_period=200,both,all,REJECT,63,0.190476,0.405156,-0.000812,-0.000812,-0.050085,-6.365788,-2.727972,0.063063,7.571429,-0.050085,-0.050085,-0.034804,-0.015832,0.536464,,,mt5
run_20260427_180242_a66738,EUR/USD,forex,H1,pullback,pullback_ema,pullback_period=20|rsi_reclaim=True|rsi_threshold=50|trend_period=200,both,all,REJECT,52,0.211538,0.477671,-0.000727,-0.000727,-0.037257,-4.822497,-2.033518,0.052052,8.480769,-0.037257,-0.037257,-0.029109,-0.008392,0.486488,,,mt5
run_20260427_180242_a66738,EUR/USD,forex,H1,pullback,pullback_ema,pullback_period=50|rsi_reclaim=False|rsi_threshold=50|trend_period=200,both,all,REJECT,34,0.117647,0.527140,-0.000727,-0.000727,-0.027917,-3.182294,-1.325924,0.034034,13.176471,-0.024578,-0.024578,-0.027917,-0.006265,0.371320,,,mt5
run_20260427_180242_a66738,EUR/USD,forex,H1,pullback,pullback_ema,pullback_period=50|rsi_reclaim=True|rsi_threshold=50|trend_period=200,both,all,REJECT,23,0.173913,0.819716,-0.000263,-0.000263,-0.020193,-0.825225,-0.336363,0.023023,17.826087,-0.006200,-0.006200,-0.015034,-0.000784,0.253646,,,mt5
run_20260427_180242_a66738,EUR/USD,forex,H1,breakout,prev_day_hl,atr_expand_min=0.0,both,all,NEEDS_MORE_DATA,13,,,,,,,,,,,,,,1.000000,,only 13 trades < min 20,mt5
run_20260427_180242_a66738,EUR/USD,forex,H1,breakout,prev_day_hl,atr_expand_min=0.5,both,all,NEEDS_MORE_DATA,13,,,,,,,,,,,,,,1.000000,,only 13 trades < min 20,mt5
run_20260427_180242_a66738,EUR/USD,forex,H1,breakout,prev_day_hl,atr_expand_min=1.0,both,all,NEEDS_MORE_DATA,12,,,,,,,,,,,,,,1.000000,,only 12 trades < min 20,mt5
run_20260427_180242_a66738,EUR/USD,forex,H1,breakout,session_opening_range,atr_expand_min=0.0|range_bars=6,both,all,REJECT,62,0.258065,0.484510,-0.001052,-0.001052,-0.072308,-5.391840,-2.276803,0.062062,15.919355,-0.063586,-0.063586,-0.056833,-0.006198,0.466048,,,mt5
run_20260427_180242_a66738,EUR/USD,forex,H1,breakout,session_opening_range,atr_expand_min=0.5|range_bars=6,both,all,REJECT,59,0.254237,0.524059,-0.000924,-0.000924,-0.062261,-4.653083,-1.948501,0.059059,16.271186,-0.053445,-0.053445,-0.046618,-0.006198,0.473216,,,mt5
run_20260427_180242_a66738,EUR/USD,forex,H1,breakout,session_opening_range,atr_expand_min=0.0|range_bars=12,both,all,REJECT,30,0.400000,0.992534,-0.000013,-0.000013,-0.025488,-0.041015,-0.016678,0.030030,31.733333,-0.000666,-0.000666,0.019657,-0.016886,0.296667,,,mt5
run_20260427_180242_a66738,EUR/USD,forex,H1,breakout,session_opening_range,atr_expand_min=0.5|range_bars=12,both,all,REJECT,30,0.400000,0.992534,-0.000013,-0.000013,-0.025488,-0.041015,-0.016678,0.030030,31.733333,-0.000666,-0.000666,0.019657,-0.016886,0.296667,,,mt5
run_20260427_180242_a66738,EUR/USD,forex,H1,breakout,london_breakout,atr_expand_min=0.0|utc_end=11|utc_start=7,both,all,NEEDS_MORE_DATA,17,,,,,,,,,,,,,,1.000000,,only 17 trades < min 20,mt5
run_20260427_180242_a66738,EUR/USD,forex,H1,breakout,london_breakout,atr_expand_min=0.5|utc_end=11|utc_start=7,both,all,NEEDS_MORE_DATA,17,,,,,,,,,,,,,,1.000000,,only 17 trades < min 20,mt5
run_20260427_180242_a66738,EUR/USD,forex,H1,breakout,ny_breakout,atr_expand_min=0.0|utc_end=16|utc_start=13,both,all,NEEDS_MORE_DATA,17,,,,,,,,,,,,,,,,only 17 trades < min 20,mt5
run_20260427_180242_a66738,EUR/USD,forex,H1,breakout,ny_breakout,atr_expand_min=0.5|utc_end=16|utc_start=13,both,all,NEEDS_MORE_DATA,17,,,,,,,,,,,,,,,,only 17 trades < min 20,mt5
run_20260427_180242_a66738,EUR/USD,forex,H1,mean_reversion,rsi_extreme,overbought=70|oversold=30|period=14,both,all,NEEDS_MORE_DATA,18,,,,,,,,,,,,,,,,only 18 trades < min 20,mt5
run_20260427_180242_a66738,EUR/USD,forex,H1,mean_reversion,rsi_extreme,overbought=75|oversold=30|period=14,both,all,NEEDS_MORE_DATA,14,,,,,,,,,,,,,,,,only 14 trades < min 20,mt5
run_20260427_180242_a66738,EUR/USD,forex,H1,mean_reversion,rsi_extreme,overbought=70|oversold=25|period=14,both,all,NEEDS_MORE_DATA,13,,,,,,,,,,,,,,,,only 13 trades < min 20,mt5
run_20260427_180242_a66738,EUR/USD,forex,H1,mean_reversion,rsi_extreme,overbought=75|oversold=25|period=14,both,all,NEEDS_MORE_DATA,9,,,,,,,,,,,,,,,,only 9 trades < min 20,mt5
run_20260427_180242_a66738,EUR/USD,forex,H1,mean_reversion,bollinger_touch,num_std=2.0|period=20,both,all,REJECT,38,0.473684,0.387930,-0.001126,-0.001126,-0.042117,-4.655698,-1.985326,0.038038,17.421053,-0.042117,-0.042117,-0.039481,-0.003837,0.357152,,,mt5
run_20260427_180242_a66738,EUR/USD,forex,H1,mean_reversion,bollinger_touch,num_std=2.5|period=20,both,all,REJECT,22,0.409091,0.247867,-0.001710,-0.001710,-0.037309,-4.648981,-2.061188,0.022022,19.363636,-0.037113,-0.037113,-0.031090,-0.007305,0.342486,,,mt5
run_20260427_180242_a66738,EUR/USD,forex,H1,mean_reversion,vwap_deviation,std_threshold=1.5,both,all,NEEDS_MORE_DATA,10,,,,,,,,,,,,,,,,only 10 trades < min 20,mt5
run_20260427_180242_a66738,EUR/USD,forex,H1,mean_reversion,vwap_deviation,std_threshold=2.0,both,all,NEEDS_MORE_DATA,7,,,,,,,,,,,,,,,,only 7 trades < min 20,mt5
run_20260427_180242_a66738,EUR/USD,forex,H1,engine_b_proxy,ob_bos,require_engulf=False|require_vol_expand=False|swing_period=5,both,all,NEEDS_MORE_DATA,19,,,,,,,,,,,,,,1.000000,,only 19 trades < min 20,mt5
run_20260427_180242_a66738,EUR/USD,forex,H1,engine_b_proxy,ob_bos,require_engulf=False|require_vol_expand=True|swing_period=5,both,all,NEEDS_MORE_DATA,15,,,,,,,,,,,,,,1.000000,,only 15 trades < min 20,mt5
run_20260427_180242_a66738,EUR/USD,forex,H1,engine_b_proxy,ob_bos,require_engulf=True|require_vol_expand=False|swing_period=5,both,all,NEEDS_MORE_DATA,16,,,,,,,,,,,,,,1.000000,,only 16 trades < min 20,mt5
run_20260427_180242_a66738,EUR/USD,forex,H1,engine_b_proxy,ob_bos,require_engulf=True|require_vol_expand=True|swing_period=5,both,all,NEEDS_MORE_DATA,14,,,,,,,,,,,,,,,,only 14 trades < min 20,mt5
run_20260427_180242_a66738,EUR/USD,forex,H1,engine_b_proxy,ob_bos,require_engulf=False|require_vol_expand=False|swing_period=10,both,all,NEEDS_MORE_DATA,11,,,,,,,,,,,,,,,,only 11 trades < min 20,mt5
run_20260427_180242_a66738,EUR/USD,forex,H1,engine_b_proxy,ob_bos,require_engulf=False|require_vol_expand=True|swing_period=10,both,all,NEEDS_MORE_DATA,8,,,,,,,,,,,,,,,,only 8 trades < min 20,mt5
run_20260427_180242_a66738,EUR/USD,forex,H1,engine_b_proxy,ob_bos,require_engulf=True|require_vol_expand=False|swing_period=10,both,all,NEEDS_MORE_DATA,10,,,,,,,,,,,,,,,,only 10 trades < min 20,mt5
run_20260427_180242_a66738,EUR/USD,forex,H1,engine_b_proxy,ob_bos,require_engulf=True|require_vol_expand=True|swing_period=10,both,all,NEEDS_MORE_DATA,8,,,,,,,,,,,,,,,,only 8 trades < min 20,mt5
run_20260427_180242_a66738,EUR/USD,forex,H1,engine_b_proxy,structure_filters,fvg_detection=False|strong_close_pct=0.7,both,all,REJECT,310,0.158065,0.165562,-0.001136,-0.001136,-0.297230,-26.874749,-12.752577,0.310310,3.077419,-0.297230,-0.297230,-0.229433,-0.087406,0.514290,,,mt5
run_20260427_180242_a66738,EUR/USD,forex,H1,engine_b_proxy,structure_filters,fvg_detection=True|strong_close_pct=0.7,both,all,REJECT,34,0.235294,0.518407,-0.000789,-0.000789,-0.037664,-3.395313,-1.419593,0.034034,12.882353,-0.026669,-0.026669,-0.013485,-0.013365,0.618004,,,mt5
run_20260427_180242_a66738,EUR/USD,forex,H1,engine_b_proxy,structure_filters,fvg_detection=False|strong_close_pct=0.8,both,all,REJECT,224,0.191964,0.292540,-0.000957,-0.000957,-0.193274,-16.868870,-7.497286,0.224224,4.080357,-0.193274,-0.193274,-0.146989,-0.054893,0.512034,,,mt5
run_20260427_180242_a66738,EUR/USD,forex,H1,engine_b_proxy,structure_filters,fvg_detection=True|strong_close_pct=0.8,both,all,REJECT,25,0.280000,0.686830,-0.000509,-0.000509,-0.023936,-1.744998,-0.716631,0.025025,14.840000,-0.012793,-0.012793,-0.005192,-0.007640,0.493235,,,mt5
run_20260427_180242_a66738,USD/JPY,forex,H1,trend_momentum,ema_cross,adx_min=0|fast_period=10|rsi_confirm=False|slow_period=50,both,all,REJECT,29,0.206897,0.243675,-0.001894,-0.001894,-0.062189,-7.113819,-3.409404,0.029029,33.517241,-0.053631,-0.053631,-0.037792,-0.014285,0.387401,,,mt5
run_20260427_180242_a66738,USD/JPY,forex,H1,trend_momentum,ema_cross,adx_min=0|fast_period=10|rsi_confirm=True|slow_period=50,both,all,REJECT,28,0.178571,0.141607,-0.002221,-0.002221,-0.062189,-8.777367,-4.778780,0.028028,31.785714,-0.060434,-0.060434,-0.044708,-0.014285,0.380524,,,mt5
run_20260427_180242_a66738,USD/JPY,forex,H1,trend_momentum,ema_cross,adx_min=20|fast_period=10|rsi_confirm=False|slow_period=50,both,all,REJECT,28,0.178571,0.141607,-0.002221,-0.002221,-0.062189,-8.777367,-4.778780,0.028028,31.785714,-0.060434,-0.060434,-0.044708,-0.014285,0.363857,,,mt5
run_20260427_180242_a66738,USD/JPY,forex,H1,trend_momentum,ema_cross,adx_min=20|fast_period=10|rsi_confirm=True|slow_period=50,both,all,REJECT,28,0.178571,0.141607,-0.002221,-0.002221,-0.062189,-8.777367,-4.778780,0.028028,31.785714,-0.060434,-0.060434,-0.044708,-0.014285,0.380524,,,mt5
run_20260427_180242_a66738,USD/JPY,forex,H1,trend_momentum,ema_cross,adx_min=25|fast_period=10|rsi_confirm=False|slow_period=50,both,all,NEEDS_MORE_DATA,19,,,,,,,,,,,,,,1.000000,,only 19 trades < min 20,mt5
run_20260427_180242_a66738,USD/JPY,forex,H1,trend_momentum,ema_cross,adx_min=25|fast_period=10|rsi_confirm=True|slow_period=50,both,all,NEEDS_MORE_DATA,19,,,,,,,,,,,,,,1.000000,,only 19 trades < min 20,mt5
run_20260427_180242_a66738,USD/JPY,forex,H1,trend_momentum,ema_cross,adx_min=0|fast_period=10|rsi_confirm=False|slow_period=100,both,all,REJECT,23,0.086957,0.178940,-0.002693,-0.002693,-0.068288,-7.037817,-3.543776,0.023023,42.739130,-0.060277,-0.060277,-0.042707,-0.015816,0.349104,,,mt5
run_20260427_180242_a66738,USD/JPY,forex,H1,trend_momentum,ema_cross,adx_min=0|fast_period=10|rsi_confirm=True|slow_period=100,both,all,REJECT,20,0.050000,0.068827,-0.003315,-0.003315,-0.064330,-8.340381,-5.133608,0.020020,40.350000,-0.064330,-0.064330,-0.046835,-0.015816,0.321311,,,mt5
run_20260427_180242_a66738,USD/JPY,forex,H1,trend_momentum,ema_cross,adx_min=20|fast_period=10|rsi_confirm=False|slow_period=100,both,all,REJECT,22,0.045455,0.065138,-0.003197,-0.003197,-0.068100,-8.739464,-5.365865,0.022022,36.909091,-0.068100,-0.068100,-0.050676,-0.015816,0.325633,,,mt5
run_20260427_180242_a66738,USD/JPY,forex,H1,trend_momentum,ema_cross,adx_min=20|fast_period=10|rsi_confirm=True|slow_period=100,both,all,REJECT,20,0.050000,0.068827,-0.003315,-0.003315,-0.064330,-8.340381,-5.133608,0.020020,40.350000,-0.064330,-0.064330,-0.046835,-0.015816,0.321311,,,mt5
run_20260427_180242_a66738,USD/JPY,forex,H1,trend_momentum,ema_cross,adx_min=25|fast_period=10|rsi_confirm=False|slow_period=100,both,all,NEEDS_MORE_DATA,17,,,,,,,,,,,,,,1.000000,,only 17 trades < min 20,mt5
run_20260427_180242_a66738,USD/JPY,forex,H1,trend_momentum,ema_cross,adx_min=25|fast_period=10|rsi_confirm=True|slow_period=100,both,all,NEEDS_MORE_DATA,15,,,,,,,,,,,,,,1.000000,,only 15 trades < min 20,mt5
run_20260427_180242_a66738,USD/JPY,forex,H1,trend_momentum,ema_cross,adx_min=0|fast_period=10|rsi_confirm=False|slow_period=200,both,all,NEEDS_MORE_DATA,16,,,,,,,,,,,,,,,,only 16 trades < min 20,mt5
run_20260427_180242_a66738,USD/JPY,forex,H1,trend_momentum,ema_cross,adx_min=0|fast_period=10|rsi_confirm=True|slow_period=200,both,all,NEEDS_MORE_DATA,15,,,,,,,,,,,,,,,,only 15 trades < min 20,mt5
run_20260427_180242_a66738,USD/JPY,forex,H1,trend_momentum,ema_cross,adx_min=20|fast_period=10|rsi_confirm=False|slow_period=200,both,all,NEEDS_MORE_DATA,15,,,,,,,,,,,,,,,,only 15 trades < min 20,mt5
run_20260427_180242_a66738,USD/JPY,forex,H1,trend_momentum,ema_cross,adx_min=20|fast_period=10|rsi_confirm=True|slow_period=200,both,all,NEEDS_MORE_DATA,15,,,,,,,,,,,,,,,,only 15 trades < min 20,mt5
run_20260427_180242_a66738,USD/JPY,forex,H1,trend_momentum,ema_cross,adx_min=25|fast_period=10|rsi_confirm=False|slow_period=200,both,all,NEEDS_MORE_DATA,12,,,,,,,,,,,,,,,,only 12 trades < min 20,mt5
run_20260427_180242_a66738,USD/JPY,forex,H1,trend_momentum,ema_cross,adx_min=25|fast_period=10|rsi_confirm=True|slow_period=200,both,all,NEEDS_MORE_DATA,12,,,,,,,,,,,,,,,,only 12 trades < min 20,mt5
run_20260427_180242_a66738,USD/JPY,forex,H1,trend_momentum,ema_cross,adx_min=0|fast_period=20|rsi_confirm=False|slow_period=50,both,all,REJECT,25,0.160000,0.169084,-0.002804,-0.002804,-0.074655,-7.559607,-3.868189,0.025025,39.240000,-0.067940,-0.067940,-0.046271,-0.019275,0.374970,,,mt5
run_20260427_180242_a66738,USD/JPY,forex,H1,trend_momentum,ema_cross,adx_min=0|fast_period=20|rsi_confirm=True|slow_period=50,both,all,REJECT,24,0.125000,0.083261,-0.003215,-0.003215,-0.074468,-8.806326,-5.176328,0.024024,37.250000,-0.074468,-0.074468,-0.052951,-0.019275,0.353205,,,mt5
run_20260427_180242_a66738,USD/JPY,forex,H1,trend_momentum,ema_cross,adx_min=20|fast_period=20|rsi_confirm=False|slow_period=50,both,all,REJECT,24,0.125000,0.083261,-0.003215,-0.003215,-0.074468,-8.806326,-5.176328,0.024024,37.250000,-0.074468,-0.074468,-0.052951,-0.019275,0.353205,,,mt5
run_20260427_180242_a66738,USD/JPY,forex,H1,trend_momentum,ema_cross,adx_min=20|fast_period=20|rsi_confirm=True|slow_period=50,both,all,REJECT,24,0.125000,0.083261,-0.003215,-0.003215,-0.074468,-8.806326,-5.176328,0.024024,37.250000,-0.074468,-0.074468,-0.052951,-0.019275,0.353205,,,mt5
run_20260427_180242_a66738,USD/JPY,forex,H1,trend_momentum,ema_cross,adx_min=25|fast_period=20|rsi_confirm=False|slow_period=50,both,all,REJECT,21,0.047619,0.048585,-0.003745,-0.003745,-0.075848,-9.073194,-6.102926,0.021021,31.619048,-0.075848,-0.075848,-0.053615,-0.020051,0.338192,,,mt5
run_20260427_180242_a66738,USD/JPY,forex,H1,trend_momentum,ema_cross,adx_min=25|fast_period=20|rsi_confirm=True|slow_period=50,both,all,REJECT,21,0.047619,0.048585,-0.003745,-0.003745,-0.075848,-9.073194,-6.102926,0.021021,31.619048,-0.075848,-0.075848,-0.053615,-0.020051,0.338192,,,mt5
run_20260427_180242_a66738,USD/JPY,forex,H1,trend_momentum,ema_cross,adx_min=0|fast_period=20|rsi_confirm=False|slow_period=100,both,all,NEEDS_MORE_DATA,15,,,,,,,,,,,,,,1.000000,,only 15 trades < min 20,mt5
run_20260427_180242_a66738,USD/JPY,forex,H1,trend_momentum,ema_cross,adx_min=0|fast_period=20|rsi_confirm=True|slow_period=100,both,all,NEEDS_MORE_DATA,14,,,,,,,,,,,,,,,,only 14 trades < min 20,mt5
run_20260427_180242_a66738,USD/JPY,forex,H1,trend_momentum,ema_cross,adx_min=20|fast_period=20|rsi_confirm=False|slow_period=100,both,all,NEEDS_MORE_DATA,13,,,,,,,,,,,,,,,,only 13 trades < min 20,mt5
run_20260427_180242_a66738,USD/JPY,forex,H1,trend_momentum,ema_cross,adx_min=20|fast_period=20|rsi_confirm=True|slow_period=100,both,all,NEEDS_MORE_DATA,13,,,,,,,,,,,,,,,,only 13 trades < min 20,mt5
run_20260427_180242_a66738,USD/JPY,forex,H1,trend_momentum,ema_cross,adx_min=25|fast_period=20|rsi_confirm=False|slow_period=100,both,all,NEEDS_MORE_DATA,13,,,,,,,,,,,,,,,,only 13 trades < min 20,mt5
run_20260427_180242_a66738,USD/JPY,forex,H1,trend_momentum,ema_cross,adx_min=25|fast_period=20|rsi_confirm=True|slow_period=100,both,all,NEEDS_MORE_DATA,13,,,,,,,,,,,,,,,,only 13 trades < min 20,mt5
run_20260427_180242_a66738,USD/JPY,forex,H1,trend_momentum,ema_cross,adx_min=0|fast_period=20|rsi_confirm=False|slow_period=200,both,all,NEEDS_MORE_DATA,14,,,,,,,,,,,,,,,,only 14 trades < min 20,mt5
run_20260427_180242_a66738,USD/JPY,forex,H1,trend_momentum,ema_cross,adx_min=0|fast_period=20|rsi_confirm=True|slow_period=200,both,all,NEEDS_MORE_DATA,13,,,,,,,,,,,,,,,,only 13 trades < min 20,mt5
run_20260427_180242_a66738,USD/JPY,forex,H1,trend_momentum,ema_cross,adx_min=20|fast_period=20|rsi_confirm=False|slow_period=200,both,all,NEEDS_MORE_DATA,13,,,,,,,,,,,,,,,,only 13 trades < min 20,mt5
run_20260427_180242_a66738,USD/JPY,forex,H1,trend_momentum,ema_cross,adx_min=20|fast_period=20|rsi_confirm=True|slow_period=200,both,all,NEEDS_MORE_DATA,13,,,,,,,,,,,,,,,,only 13 trades < min 20,mt5
run_20260427_180242_a66738,USD/JPY,forex,H1,trend_momentum,ema_cross,adx_min=25|fast_period=20|rsi_confirm=False|slow_period=200,both,all,NEEDS_MORE_DATA,9,,,,,,,,,,,,,,,,only 9 trades < min 20,mt5
run_20260427_180242_a66738,USD/JPY,forex,H1,trend_momentum,ema_cross,adx_min=25|fast_period=20|rsi_confirm=True|slow_period=200,both,all,NEEDS_MORE_DATA,9,,,,,,,,,,,,,,,,only 9 trades < min 20,mt5
run_20260427_180242_a66738,USD/JPY,forex,H1,trend_momentum,ema_alignment,adx_min=0|ema_long=200|ema_mid=50|ema_short=20,both,all,REJECT,27,0.148148,0.377559,-0.001176,-0.001176,-0.045507,-4.860439,-2.132124,0.027027,17.333333,-0.031366,-0.031366,-0.008709,-0.019398,0.262000,,,mt5
run_20260427_180242_a66738,USD/JPY,forex,H1,trend_momentum,ema_alignment,adx_min=20|ema_long=200|ema_mid=50|ema_short=20,both,all,REJECT,27,0.148148,0.349427,-0.001229,-0.001229,-0.045507,-5.298926,-2.361231,0.027027,16.888889,-0.032745,-0.032745,-0.010120,-0.019398,0.286968,,,mt5
run_20260427_180242_a66738,USD/JPY,forex,H1,trend_momentum,ema_alignment,adx_min=25|ema_long=200|ema_mid=50|ema_short=20,both,all,REJECT,22,0.181818,0.328690,-0.001343,-0.001343,-0.042489,-5.037704,-2.271211,0.022022,17.227273,-0.029211,-0.029211,-0.007495,-0.018418,0.232000,,,mt5
run_20260427_180242_a66738,USD/JPY,forex,H1,trend_momentum,macd_direction,adx_min=0|fast=12|signal_period=9|slow=26,both,all,REJECT,80,0.262500,0.466235,-0.000876,-0.000876,-0.068314,-6.877980,-2.931710,0.080080,12.425000,-0.067959,-0.067959,-0.040162,-0.030764,0.663135,,,mt5
run_20260427_180242_a66738,USD/JPY,forex,H1,trend_momentum,macd_direction,adx_min=20|fast=12|signal_period=9|slow=26,both,all,REJECT,75,0.240000,0.418941,-0.000976,-0.000976,-0.070818,-7.592203,-3.286348,0.075075,12.453333,-0.070818,-0.070818,-0.045441,-0.028588,0.622070,,,mt5
run_20260427_180242_a66738,USD/JPY,forex,H1,pullback,pullback_ema,pullback_period=20|rsi_reclaim=False|rsi_threshold=50|trend_period=200,both,all,REJECT,68,0.205882,0.229440,-0.000984,-0.000984,-0.072410,-10.322521,-4.819359,0.068068,7.426471,-0.064828,-0.064828,-0.040384,-0.025472,0.589224,,,mt5
run_20260427_180242_a66738,USD/JPY,forex,H1,pullback,pullback_ema,pullback_period=20|rsi_reclaim=True|rsi_threshold=50|trend_period=200,both,all,REJECT,59,0.220339,0.159223,-0.001076,-0.001076,-0.061663,-11.873353,-6.091159,0.059059,7.423729,-0.061592,-0.061592,-0.040285,-0.022201,0.565333,,,mt5
run_20260427_180242_a66738,USD/JPY,forex,H1,pullback,pullback_ema,pullback_period=50|rsi_reclaim=False|rsi_threshold=50|trend_period=200,both,all,REJECT,46,0.130435,0.350507,-0.000950,-0.000950,-0.056518,-6.227962,-2.719760,0.046046,12.847826,-0.042889,-0.042889,-0.017242,-0.026097,0.521927,,,mt5
run_20260427_180242_a66738,USD/JPY,forex,H1,pullback,pullback_ema,pullback_period=50|rsi_reclaim=True|rsi_threshold=50|trend_period=200,both,all,REJECT,26,0.153846,0.417250,-0.000833,-0.000833,-0.028651,-4.182102,-1.800889,0.026026,15.576923,-0.021516,-0.021516,-0.011476,-0.010157,0.521506,,,mt5
run_20260427_180242_a66738,USD/JPY,forex,H1,breakout,prev_day_hl,atr_expand_min=0.0,both,all,NEEDS_MORE_DATA,16,,,,,,,,,,,,,,1.000000,,only 16 trades < min 20,mt5
run_20260427_180242_a66738,USD/JPY,forex,H1,breakout,prev_day_hl,atr_expand_min=0.5,both,all,NEEDS_MORE_DATA,16,,,,,,,,,,,,,,1.000000,,only 16 trades < min 20,mt5
run_20260427_180242_a66738,USD/JPY,forex,H1,breakout,prev_day_hl,atr_expand_min=1.0,both,all,NEEDS_MORE_DATA,15,,,,,,,,,,,,,,1.000000,,only 15 trades < min 20,mt5
run_20260427_180242_a66738,USD/JPY,forex,H1,breakout,session_opening_range,atr_expand_min=0.0|range_bars=6,both,all,REJECT,56,0.321429,0.517016,-0.000871,-0.000871,-0.055892,-5.018066,-2.116077,0.056056,17.464286,-0.047890,-0.047890,-0.013836,-0.037119,0.433333,,,mt5
run_20260427_180242_a66738,USD/JPY,forex,H1,breakout,session_opening_range,atr_expand_min=0.5|range_bars=6,both,all,REJECT,56,0.321429,0.517016,-0.000871,-0.000871,-0.055892,-5.018066,-2.116077,0.056056,17.464286,-0.047890,-0.047890,-0.013836,-0.037119,0.433333,,,mt5
run_20260427_180242_a66738,USD/JPY,forex,H1,breakout,session_opening_range,atr_expand_min=0.0|range_bars=12,both,all,REJECT,29,0.448276,0.650747,-0.000688,-0.000688,-0.035444,-2.482492,-1.027117,0.029029,32.724138,-0.019935,-0.019935,-0.010095,-0.012592,0.516466,,,mt5
run_20260427_180242_a66738,USD/JPY,forex,H1,breakout,session_opening_range,atr_expand_min=0.5|range_bars=12,both,all,REJECT,29,0.448276,0.608531,-0.000771,-0.000771,-0.037762,-2.814753,-1.170507,0.029029,32.413793,-0.022291,-0.022291,-0.012474,-0.012592,0.587826,,,mt5
run_20260427_180242_a66738,USD/JPY,forex,H1,breakout,london_breakout,atr_expand_min=0.0|utc_end=11|utc_start=7,both,all,NEEDS_MORE_DATA,19,,,,,,,,,,,,,,1.000000,,only 19 trades < min 20,mt5
run_20260427_180242_a66738,USD/JPY,forex,H1,breakout,london_breakout,atr_expand_min=0.5|utc_end=11|utc_start=7,both,all,NEEDS_MORE_DATA,18,,,,,,,,,,,,,,1.000000,,only 18 trades < min 20,mt5
run_20260427_180242_a66738,USD/JPY,forex,H1,breakout,ny_breakout,atr_expand_min=0.0|utc_end=16|utc_start=13,both,all,NEEDS_MORE_DATA,17,,,,,,,,,,,,,,,,only 17 trades < min 20,mt5
run_20260427_180242_a66738,USD/JPY,forex,H1,breakout,ny_breakout,atr_expand_min=0.5|utc_end=16|utc_start=13,both,all,NEEDS_MORE_DATA,17,,,,,,,,,,,,,,,,only 17 trades < min 20,mt5
run_20260427_180242_a66738,USD/JPY,forex,H1,mean_reversion,rsi_extreme,overbought=70|oversold=30|period=14,both,all,NEEDS_MORE_DATA,11,,,,,,,,,,,,,,,,only 11 trades < min 20,mt5
run_20260427_180242_a66738,USD/JPY,forex,H1,mean_reversion,rsi_extreme,overbought=75|oversold=30|period=14,both,all,NEEDS_MORE_DATA,9,,,,,,,,,,,,,,,,only 9 trades < min 20,mt5
run_20260427_180242_a66738,USD/JPY,forex,H1,mean_reversion,rsi_extreme,overbought=70|oversold=25|period=14,both,all,NEEDS_MORE_DATA,9,,,,,,,,,,,,,,,,only 9 trades < min 20,mt5
run_20260427_180242_a66738,USD/JPY,forex,H1,mean_reversion,rsi_extreme,overbought=75|oversold=25|period=14,both,all,NEEDS_MORE_DATA,7,,,,,,,,,,,,,,,,only 7 trades < min 20,mt5
run_20260427_180242_a66738,USD/JPY,forex,H1,mean_reversion,bollinger_touch,num_std=2.0|period=20,both,all,REJECT,36,0.416667,0.323809,-0.000789,-0.000789,-0.030211,-5.215108,-2.261092,0.036036,14.361111,-0.028082,-0.028082,-0.025562,-0.002397,0.344134,,,mt5
run_20260427_180242_a66738,USD/JPY,forex,H1,mean_reversion,bollinger_touch,num_std=2.5|period=20,both,all,REJECT,21,0.523810,0.588286,-0.000422,-0.000422,-0.014678,-2.370198,-0.985353,0.021021,14.380952,-0.008863,-0.008863,-0.008787,-0.000077,0.304701,,,mt5
run_20260427_180242_a66738,USD/JPY,forex,H1,mean_reversion,vwap_deviation,std_threshold=1.5,both,all,NEEDS_MORE_DATA,11,,,,,,,,,,,,,,,,only 11 trades < min 20,mt5
run_20260427_180242_a66738,USD/JPY,forex,H1,mean_reversion,vwap_deviation,std_threshold=2.0,both,all,NEEDS_MORE_DATA,9,,,,,,,,,,,,,,,,only 9 trades < min 20,mt5
run_20260427_180242_a66738,USD/JPY,forex,H1,engine_b_proxy,ob_bos,require_engulf=False|require_vol_expand=False|swing_period=5,both,all,REJECT,26,0.269231,0.212769,-0.002051,-0.002051,-0.052851,-6.736307,-3.230512,0.026026,34.846154,-0.052102,-0.052102,-0.041333,-0.013206,0.351852,,,mt5
run_20260427_180242_a66738,USD/JPY,forex,H1,engine_b_proxy,ob_bos,require_engulf=False|require_vol_expand=True|swing_period=5,both,all,NEEDS_MORE_DATA,17,,,,,,,,,,,,,,1.000000,,only 17 trades < min 20,mt5
run_20260427_180242_a66738,USD/JPY,forex,H1,engine_b_proxy,ob_bos,require_engulf=True|require_vol_expand=False|swing_period=5,both,all,REJECT,24,0.291667,0.227646,-0.001957,-0.001957,-0.046811,-6.161197,-2.903026,0.024024,35.166667,-0.046057,-0.046057,-0.034157,-0.014291,0.369515,,,mt5
run_20260427_180242_a66738,USD/JPY,forex,H1,engine_b_proxy,ob_bos,require_engulf=True|require_vol_expand=True|swing_period=5,both,all,NEEDS_MORE_DATA,15,,,,,,,,,,,,,,,,only 15 trades < min 20,mt5
run_20260427_180242_a66738,USD/JPY,forex,H1,engine_b_proxy,ob_bos,require_engulf=False|require_vol_expand=False|swing_period=10,both,all,NEEDS_MORE_DATA,15,,,,,,,,,,,,,,,,only 15 trades < min 20,mt5
run_20260427_180242_a66738,USD/JPY,forex,H1,engine_b_proxy,ob_bos,require_engulf=False|require_vol_expand=True|swing_period=10,both,all,NEEDS_MORE_DATA,10,,,,,,,,,,,,,,,,only 10 trades < min 20,mt5
run_20260427_180242_a66738,USD/JPY,forex,H1,engine_b_proxy,ob_bos,require_engulf=True|require_vol_expand=False|swing_period=10,both,all,NEEDS_MORE_DATA,14,,,,,,,,,,,,,,,,only 14 trades < min 20,mt5
run_20260427_180242_a66738,USD/JPY,forex,H1,engine_b_proxy,ob_bos,require_engulf=True|require_vol_expand=True|swing_period=10,both,all,NEEDS_MORE_DATA,8,,,,,,,,,,,,,,,,only 8 trades < min 20,mt5
run_20260427_180242_a66738,USD/JPY,forex,H1,engine_b_proxy,structure_filters,fvg_detection=False|strong_close_pct=0.7,both,all,REJECT,317,0.145110,0.138493,-0.001136,-0.001136,-0.303444,-31.027530,-15.562996,0.317317,3.044164,-0.302830,-0.302830,-0.223756,-0.100343,0.534534,,,mt5
run_20260427_180242_a66738,USD/JPY,forex,H1,engine_b_proxy,structure_filters,fvg_detection=True|strong_close_pct=0.7,both,all,REJECT,38,0.236842,0.353071,-0.000924,-0.000924,-0.040470,-6.214316,-2.759767,0.038038,11.552632,-0.034578,-0.034578,-0.030203,-0.003068,0.375142,,,mt5
run_20260427_180242_a66738,USD/JPY,forex,H1,engine_b_proxy,structure_filters,fvg_detection=False|strong_close_pct=0.8,both,all,REJECT,250,0.128000,0.163066,-0.001130,-0.001130,-0.250012,-24.920701,-12.181114,0.250250,3.692000,-0.246444,-0.246444,-0.177484,-0.082287,0.539089,,,mt5
run_20260427_180242_a66738,USD/JPY,forex,H1,engine_b_proxy,structure_filters,fvg_detection=True|strong_close_pct=0.8,both,all,REJECT,30,0.233333,0.344552,-0.000966,-0.000966,-0.034576,-5.680689,-2.539308,0.030030,12.533333,-0.028648,-0.028648,-0.020177,-0.007208,0.403841,,,mt5
run_20260427_180242_a66738,AUD/USD,forex,H1,trend_momentum,ema_cross,adx_min=0|fast_period=10|rsi_confirm=False|slow_period=50,both,all,REJECT,24,0.250000,0.985689,-0.000037,-0.000037,-0.016252,-0.064417,-0.026194,0.024024,40.625000,-0.001471,-0.001471,-0.004181,-0.012279,0.301061,,,mt5
run_20260427_180242_a66738,AUD/USD,forex,H1,trend_momentum,ema_cross,adx_min=0|fast_period=10|rsi_confirm=True|slow_period=50,both,all,WEAK_CANDIDATE,22,0.272727,1.054241,0.000144,0.000144,-0.015763,0.229411,0.093302,0.022022,42.181818,0.002598,0.002598,-0.000123,-0.012279,0.348667,,,mt5
run_20260427_180242_a66738,AUD/USD,forex,H1,trend_momentum,ema_cross,adx_min=20|fast_period=10|rsi_confirm=False|slow_period=50,both,all,REJECT,24,0.250000,0.985689,-0.000037,-0.000037,-0.016252,-0.064417,-0.026194,0.024024,40.625000,-0.001471,-0.001471,-0.004181,-0.012279,0.301061,,,mt5
run_20260427_180242_a66738,AUD/USD,forex,H1,trend_momentum,ema_cross,adx_min=20|fast_period=10|rsi_confirm=True|slow_period=50,both,all,WEAK_CANDIDATE,22,0.272727,1.054241,0.000144,0.000144,-0.015763,0.229411,0.093302,0.022022,42.181818,0.002598,0.002598,-0.000123,-0.012279,0.348667,,,mt5
run_20260427_180242_a66738,AUD/USD,forex,H1,trend_momentum,ema_cross,adx_min=25|fast_period=10|rsi_confirm=False|slow_period=50,both,all,NEEDS_MORE_DATA,18,,,,,,,,,,,,,,1.000000,,only 18 trades < min 20,mt5
run_20260427_180242_a66738,AUD/USD,forex,H1,trend_momentum,ema_cross,adx_min=25|fast_period=10|rsi_confirm=True|slow_period=50,both,all,NEEDS_MORE_DATA,16,,,,,,,,,,,,,,1.000000,,only 16 trades < min 20,mt5
run_20260427_180242_a66738,AUD/USD,forex,H1,trend_momentum,ema_cross,adx_min=0|fast_period=10|rsi_confirm=False|slow_period=100,both,all,REJECT,20,0.250000,0.849237,-0.000490,-0.000490,-0.028995,-0.609604,-0.248254,0.020020,49.100000,-0.010513,-0.010513,-0.027510,-0.013047,0.362275,,,mt5
run_20260427_180242_a66738,AUD/USD,forex,H1,trend_momentum,ema_cross,adx_min=0|fast_period=10|rsi_confirm=True|slow_period=100,both,all,NEEDS_MORE_DATA,17,,,,,,,,,,,,,,1.000000,,only 17 trades < min 20,mt5
run_20260427_180242_a66738,AUD/USD,forex,H1,trend_momentum,ema_cross,adx_min=20|fast_period=10|rsi_confirm=False|slow_period=100,both,all,REJECT,20,0.250000,0.849237,-0.000490,-0.000490,-0.028995,-0.609604,-0.248254,0.020020,49.100000,-0.010513,-0.010513,-0.027510,-0.013047,0.362275,,,mt5
run_20260427_180242_a66738,AUD/USD,forex,H1,trend_momentum,ema_cross,adx_min=20|fast_period=10|rsi_confirm=True|slow_period=100,both,all,NEEDS_MORE_DATA,17,,,,,,,,,,,,,,1.000000,,only 17 trades < min 20,mt5
run_20260427_180242_a66738,AUD/USD,forex,H1,trend_momentum,ema_cross,adx_min=25|fast_period=10|rsi_confirm=False|slow_period=100,both,all,REJECT,20,0.250000,0.849237,-0.000490,-0.000490,-0.028995,-0.609604,-0.248254,0.020020,49.100000,-0.010513,-0.010513,-0.027510,-0.013047,0.362275,,,mt5
run_20260427_180242_a66738,AUD/USD,forex,H1,trend_momentum,ema_cross,adx_min=25|fast_period=10|rsi_confirm=True|slow_period=100,both,all,NEEDS_MORE_DATA,17,,,,,,,,,,,,,,1.000000,,only 17 trades < min 20,mt5
run_20260427_180242_a66738,AUD/USD,forex,H1,trend_momentum,ema_cross,adx_min=0|fast_period=10|rsi_confirm=False|slow_period=200,both,all,NEEDS_MORE_DATA,14,,,,,,,,,,,,,,,,only 14 trades < min 20,mt5
run_20260427_180242_a66738,AUD/USD,forex,H1,trend_momentum,ema_cross,adx_min=0|fast_period=10|rsi_confirm=True|slow_period=200,both,all,NEEDS_MORE_DATA,10,,,,,,,,,,,,,,,,only 10 trades < min 20,mt5
run_20260427_180242_a66738,AUD/USD,forex,H1,trend_momentum,ema_cross,adx_min=20|fast_period=10|rsi_confirm=False|slow_period=200,both,all,NEEDS_MORE_DATA,14,,,,,,,,,,,,,,,,only 14 trades < min 20,mt5
run_20260427_180242_a66738,AUD/USD,forex,H1,trend_momentum,ema_cross,adx_min=20|fast_period=10|rsi_confirm=True|slow_period=200,both,all,NEEDS_MORE_DATA,10,,,,,,,,,,,,,,,,only 10 trades < min 20,mt5
run_20260427_180242_a66738,AUD/USD,forex,H1,trend_momentum,ema_cross,adx_min=25|fast_period=10|rsi_confirm=False|slow_period=200,both,all,NEEDS_MORE_DATA,14,,,,,,,,,,,,,,,,only 14 trades < min 20,mt5
run_20260427_180242_a66738,AUD/USD,forex,H1,trend_momentum,ema_cross,adx_min=25|fast_period=10|rsi_confirm=True|slow_period=200,both,all,NEEDS_MORE_DATA,10,,,,,,,,,,,,,,,,only 10 trades < min 20,mt5
run_20260427_180242_a66738,AUD/USD,forex,H1,trend_momentum,ema_cross,adx_min=0|fast_period=20|rsi_confirm=False|slow_period=50,both,all,REJECT,22,0.272727,0.766691,-0.000775,-0.000775,-0.021799,-1.257106,-0.514166,0.022022,44.636364,-0.017444,-0.017444,-0.020387,-0.011362,0.399203,,,mt5
run_20260427_180242_a66738,AUD/USD,forex,H1,trend_momentum,ema_cross,adx_min=0|fast_period=20|rsi_confirm=True|slow_period=50,both,all,REJECT,20,0.250000,0.747900,-0.000881,-0.000881,-0.021799,-1.315053,-0.538520,0.020020,44.650000,-0.018005,-0.018005,-0.020946,-0.011362,0.382740,,,mt5
run_20260427_180242_a66738,AUD/USD,forex,H1,trend_momentum,ema_cross,adx_min=20|fast_period=20|rsi_confirm=False|slow_period=50,both,all,REJECT,22,0.272727,0.766691,-0.000775,-0.000775,-0.021799,-1.257106,-0.514166,0.022022,44.636364,-0.017444,-0.017444,-0.020387,-0.011362,0.399203,,,mt5
run_20260427_180242_a66738,AUD/USD,forex,H1,trend_momentum,ema_cross,adx_min=20|fast_period=20|rsi_confirm=True|slow_period=50,both,all,REJECT,20,0.250000,0.747900,-0.000881,-0.000881,-0.021799,-1.315053,-0.538520,0.020020,44.650000,-0.018005,-0.018005,-0.020946,-0.011362,0.382740,,,mt5
run_20260427_180242_a66738,AUD/USD,forex,H1,trend_momentum,ema_cross,adx_min=25|fast_period=20|rsi_confirm=False|slow_period=50,both,all,NEEDS_MORE_DATA,19,,,,,,,,,,,,,,1.000000,,only 19 trades < min 20,mt5
run_20260427_180242_a66738,AUD/USD,forex,H1,trend_momentum,ema_cross,adx_min=25|fast_period=20|rsi_confirm=True|slow_period=50,both,all,NEEDS_MORE_DATA,17,,,,,,,,,,,,,,1.000000,,only 17 trades < min 20,mt5
run_20260427_180242_a66738,AUD/USD,forex,H1,trend_momentum,ema_cross,adx_min=0|fast_period=20|rsi_confirm=False|slow_period=100,both,all,NEEDS_MORE_DATA,14,,,,,,,,,,,,,,1.000000,,only 14 trades < min 20,mt5
run_20260427_180242_a66738,AUD/USD,forex,H1,trend_momentum,ema_cross,adx_min=0|fast_period=20|rsi_confirm=True|slow_period=100,both,all,NEEDS_MORE_DATA,12,,,,,,,,,,,,,,,,only 12 trades < min 20,mt5
run_20260427_180242_a66738,AUD/USD,forex,H1,trend_momentum,ema_cross,adx_min=20|fast_period=20|rsi_confirm=False|slow_period=100,both,all,NEEDS_MORE_DATA,14,,,,,,,,,,,,,,,,only 14 trades < min 20,mt5
run_20260427_180242_a66738,AUD/USD,forex,H1,trend_momentum,ema_cross,adx_min=20|fast_period=20|rsi_confirm=True|slow_period=100,both,all,NEEDS_MORE_DATA,12,,,,,,,,,,,,,,,,only 12 trades < min 20,mt5
run_20260427_180242_a66738,AUD/USD,forex,H1,trend_momentum,ema_cross,adx_min=25|fast_period=20|rsi_confirm=False|slow_period=100,both,all,NEEDS_MORE_DATA,14,,,,,,,,,,,,,,,,only 14 trades < min 20,mt5
run_20260427_180242_a66738,AUD/USD,forex,H1,trend_momentum,ema_cross,adx_min=25|fast_period=20|rsi_confirm=True|slow_period=100,both,all,NEEDS_MORE_DATA,12,,,,,,,,,,,,,,,,only 12 trades < min 20,mt5
run_20260427_180242_a66738,AUD/USD,forex,H1,trend_momentum,ema_cross,adx_min=0|fast_period=20|rsi_confirm=False|slow_period=200,both,all,NEEDS_MORE_DATA,10,,,,,,,,,,,,,,,,only 10 trades < min 20,mt5
run_20260427_180242_a66738,AUD/USD,forex,H1,trend_momentum,ema_cross,adx_min=0|fast_period=20|rsi_confirm=True|slow_period=200,both,all,NEEDS_MORE_DATA,8,,,,,,,,,,,,,,,,only 8 trades < min 20,mt5
run_20260427_180242_a66738,AUD/USD,forex,H1,trend_momentum,ema_cross,adx_min=20|fast_period=20|rsi_confirm=False|slow_period=200,both,all,NEEDS_MORE_DATA,10,,,,,,,,,,,,,,,,only 10 trades < min 20,mt5
run_20260427_180242_a66738,AUD/USD,forex,H1,trend_momentum,ema_cross,adx_min=20|fast_period=20|rsi_confirm=True|slow_period=200,both,all,NEEDS_MORE_DATA,8,,,,,,,,,,,,,,,,only 8 trades < min 20,mt5
run_20260427_180242_a66738,AUD/USD,forex,H1,trend_momentum,ema_cross,adx_min=25|fast_period=20|rsi_confirm=False|slow_period=200,both,all,NEEDS_MORE_DATA,10,,,,,,,,,,,,,,,,only 10 trades < min 20,mt5
run_20260427_180242_a66738,AUD/USD,forex,H1,trend_momentum,ema_cross,adx_min=25|fast_period=20|rsi_confirm=True|slow_period=200,both,all,NEEDS_MORE_DATA,8,,,,,,,,,,,,,,,,only 8 trades < min 20,mt5
run_20260427_180242_a66738,AUD/USD,forex,H1,trend_momentum,ema_alignment,adx_min=0|ema_long=200|ema_mid=50|ema_short=20,both,all,REJECT,22,0.272727,0.402707,-0.001981,-0.001981,-0.049487,-4.080738,-1.771267,0.022022,18.409091,-0.042974,-0.042974,-0.042520,0.000562,0.232000,,,mt5
run_20260427_180242_a66738,AUD/USD,forex,H1,trend_momentum,ema_alignment,adx_min=20|ema_long=200|ema_mid=50|ema_short=20,both,all,REJECT,22,0.272727,0.402707,-0.001981,-0.001981,-0.049487,-4.080738,-1.771267,0.022022,18.409091,-0.042974,-0.042974,-0.042520,0.000562,0.232000,,,mt5
run_20260427_180242_a66738,AUD/USD,forex,H1,trend_momentum,ema_alignment,adx_min=25|ema_long=200|ema_mid=50|ema_short=20,both,all,REJECT,20,0.250000,0.233500,-0.002463,-0.002463,-0.051361,-5.861185,-2.805484,0.020020,17.150000,-0.048262,-0.048262,-0.044407,-0.003002,0.240279,,,mt5
run_20260427_180242_a66738,AUD/USD,forex,H1,trend_momentum,macd_direction,adx_min=0|fast=12|signal_period=9|slow=26,both,all,REJECT,72,0.347222,0.602310,-0.000924,-0.000924,-0.065102,-4.072431,-1.686014,0.072072,13.388889,-0.065102,-0.065102,-0.038782,-0.022791,0.609631,,,mt5
run_20260427_180242_a66738,AUD/USD,forex,H1,trend_momentum,macd_direction,adx_min=20|fast=12|signal_period=9|slow=26,both,all,REJECT,68,0.352941,0.609054,-0.000936,-0.000936,-0.062403,-3.909649,-1.618031,0.068068,13.632353,-0.062403,-0.062403,-0.039673,-0.019061,0.577467,,,mt5
run_20260427_180242_a66738,AUD/USD,forex,H1,pullback,pullback_ema,pullback_period=20|rsi_reclaim=False|rsi_threshold=50|trend_period=200,both,all,REJECT,66,0.151515,0.308187,-0.001407,-0.001407,-0.089054,-8.091439,-3.575407,0.066066,6.575758,-0.089054,-0.089054,-0.064944,-0.023395,0.508068,,,mt5
run_20260427_180242_a66738,AUD/USD,forex,H1,pullback,pullback_ema,pullback_period=20|rsi_reclaim=True|rsi_threshold=50|trend_period=200,both,all,REJECT,55,0.145455,0.337423,-0.001435,-0.001435,-0.081062,-7.013411,-3.074725,0.055055,7.054545,-0.076254,-0.076254,-0.055496,-0.019579,0.505839,,,mt5
run_20260427_180242_a66738,AUD/USD,forex,H1,pullback,pullback_ema,pullback_period=50|rsi_reclaim=False|rsi_threshold=50|trend_period=200,both,all,REJECT,45,0.155556,0.366268,-0.001430,-0.001430,-0.062705,-5.685236,-2.455171,0.045045,11.111111,-0.062705,-0.062705,-0.049563,-0.013827,0.453696,,,mt5
run_20260427_180242_a66738,AUD/USD,forex,H1,pullback,pullback_ema,pullback_period=50|rsi_reclaim=True|rsi_threshold=50|trend_period=200,both,all,REJECT,32,0.156250,0.496527,-0.001114,-0.001114,-0.039168,-3.387869,-1.418922,0.032032,13.343750,-0.035344,-0.035344,-0.024654,-0.010961,0.425374,,,mt5
run_20260427_180242_a66738,AUD/USD,forex,H1,breakout,prev_day_hl,atr_expand_min=0.0,both,all,NEEDS_MORE_DATA,10,,,,,,,,,,,,,,1.000000,,only 10 trades < min 20,mt5
run_20260427_180242_a66738,AUD/USD,forex,H1,breakout,prev_day_hl,atr_expand_min=0.5,both,all,NEEDS_MORE_DATA,10,,,,,,,,,,,,,,1.000000,,only 10 trades < min 20,mt5
run_20260427_180242_a66738,AUD/USD,forex,H1,breakout,prev_day_hl,atr_expand_min=1.0,both,all,NEEDS_MORE_DATA,9,,,,,,,,,,,,,,1.000000,,only 9 trades < min 20,mt5
run_20260427_180242_a66738,AUD/USD,forex,H1,breakout,session_opening_range,atr_expand_min=0.0|range_bars=6,both,all,REJECT,61,0.262295,0.515966,-0.001559,-0.001559,-0.095838,-5.048581,-2.122889,0.061061,15.770492,-0.091676,-0.091676,-0.046179,-0.048216,0.720098,,,mt5
run_20260427_180242_a66738,AUD/USD,forex,H1,breakout,session_opening_range,atr_expand_min=0.5|range_bars=6,both,all,REJECT,61,0.262295,0.501932,-0.001604,-0.001604,-0.098321,-5.213166,-2.197152,0.061061,15.639344,-0.094170,-0.094170,-0.046179,-0.050830,0.703121,,,mt5
run_20260427_180242_a66738,AUD/USD,forex,H1,breakout,session_opening_range,atr_expand_min=0.0|range_bars=12,both,all,REJECT,35,0.285714,0.564845,-0.001516,-0.001516,-0.052487,-3.190006,-1.328312,0.035035,26.542857,-0.052487,-0.052487,-0.031310,-0.018015,0.499283,,,mt5
run_20260427_180242_a66738,AUD/USD,forex,H1,breakout,session_opening_range,atr_expand_min=0.5|range_bars=12,both,all,REJECT,35,0.285714,0.564845,-0.001516,-0.001516,-0.052487,-3.190006,-1.328312,0.035035,26.542857,-0.052487,-0.052487,-0.031310,-0.018015,0.499283,,,mt5
run_20260427_180242_a66738,AUD/USD,forex,H1,breakout,london_breakout,atr_expand_min=0.0|utc_end=11|utc_start=7,both,all,NEEDS_MORE_DATA,16,,,,,,,,,,,,,,1.000000,,only 16 trades < min 20,mt5
run_20260427_180242_a66738,AUD/USD,forex,H1,breakout,london_breakout,atr_expand_min=0.5|utc_end=11|utc_start=7,both,all,NEEDS_MORE_DATA,15,,,,,,,,,,,,,,1.000000,,only 15 trades < min 20,mt5
run_20260427_180242_a66738,AUD/USD,forex,H1,breakout,ny_breakout,atr_expand_min=0.0|utc_end=16|utc_start=13,both,all,NEEDS_MORE_DATA,13,,,,,,,,,,,,,,,,only 13 trades < min 20,mt5
run_20260427_180242_a66738,AUD/USD,forex,H1,breakout,ny_breakout,atr_expand_min=0.5|utc_end=16|utc_start=13,both,all,NEEDS_MORE_DATA,13,,,,,,,,,,,,,,,,only 13 trades < min 20,mt5
run_20260427_180242_a66738,AUD/USD,forex,H1,mean_reversion,rsi_extreme,overbought=70|oversold=30|period=14,both,all,NEEDS_MORE_DATA,16,,,,,,,,,,,,,,,,only 16 trades < min 20,mt5
run_20260427_180242_a66738,AUD/USD,forex,H1,mean_reversion,rsi_extreme,overbought=75|oversold=30|period=14,both,all,NEEDS_MORE_DATA,12,,,,,,,,,,,,,,,,only 12 trades < min 20,mt5
run_20260427_180242_a66738,AUD/USD,forex,H1,mean_reversion,rsi_extreme,overbought=70|oversold=25|period=14,both,all,NEEDS_MORE_DATA,11,,,,,,,,,,,,,,,,only 11 trades < min 20,mt5
run_20260427_180242_a66738,AUD/USD,forex,H1,mean_reversion,rsi_extreme,overbought=75|oversold=25|period=14,both,all,NEEDS_MORE_DATA,7,,,,,,,,,,,,,,,,only 7 trades < min 20,mt5
run_20260427_180242_a66738,AUD/USD,forex,H1,mean_reversion,bollinger_touch,num_std=2.0|period=20,both,all,REJECT,32,0.593750,0.448167,-0.001459,-0.001459,-0.059798,-3.416315,-1.431571,0.032032,17.781250,-0.046145,-0.046145,-0.052449,0.005513,0.292000,,,mt5
run_20260427_180242_a66738,AUD/USD,forex,H1,mean_reversion,bollinger_touch,num_std=2.5|period=20,both,all,REJECT,23,0.608696,0.730325,-0.000578,-0.000578,-0.032458,-1.242622,-0.508044,0.023023,17.000000,-0.013540,-0.013540,-0.027848,0.014719,0.278000,,,mt5
run_20260427_180242_a66738,AUD/USD,forex,H1,mean_reversion,vwap_deviation,std_threshold=1.5,both,all,NEEDS_MORE_DATA,11,,,,,,,,,,,,,,,,only 11 trades < min 20,mt5
run_20260427_180242_a66738,AUD/USD,forex,H1,mean_reversion,vwap_deviation,std_threshold=2.0,both,all,NEEDS_MORE_DATA,9,,,,,,,,,,,,,,,,only 9 trades < min 20,mt5
run_20260427_180242_a66738,AUD/USD,forex,H1,engine_b_proxy,ob_bos,require_engulf=False|require_vol_expand=False|swing_period=5,both,all,REJECT,23,0.260870,0.382472,-0.002997,-0.002997,-0.067290,-4.431068,-1.940545,0.023023,36.956522,-0.067290,-0.067290,-0.042598,-0.017102,0.358446,,,mt5
run_20260427_180242_a66738,AUD/USD,forex,H1,engine_b_proxy,ob_bos,require_engulf=False|require_vol_expand=True|swing_period=5,both,all,NEEDS_MORE_DATA,18,,,,,,,,,,,,,,1.000000,,only 18 trades < min 20,mt5
run_20260427_180242_a66738,AUD/USD,forex,H1,engine_b_proxy,ob_bos,require_engulf=True|require_vol_expand=False|swing_period=5,both,all,REJECT,23,0.260870,0.395555,-0.002933,-0.002933,-0.065937,-4.305493,-1.877181,0.023023,36.869565,-0.065937,-0.065937,-0.041209,-0.017102,0.362505,,,mt5
run_20260427_180242_a66738,AUD/USD,forex,H1,engine_b_proxy,ob_bos,require_engulf=True|require_vol_expand=True|swing_period=5,both,all,NEEDS_MORE_DATA,18,,,,,,,,,,,,,,,,only 18 trades < min 20,mt5
run_20260427_180242_a66738,AUD/USD,forex,H1,engine_b_proxy,ob_bos,require_engulf=False|require_vol_expand=False|swing_period=10,both,all,NEEDS_MORE_DATA,6,,,,,,,,,,,,,,,,only 6 trades < min 20,mt5
run_20260427_180242_a66738,AUD/USD,forex,H1,engine_b_proxy,ob_bos,require_engulf=False|require_vol_expand=True|swing_period=10,both,all,NEEDS_MORE_DATA,6,,,,,,,,,,,,,,,,only 6 trades < min 20,mt5
run_20260427_180242_a66738,AUD/USD,forex,H1,engine_b_proxy,ob_bos,require_engulf=True|require_vol_expand=False|swing_period=10,both,all,NEEDS_MORE_DATA,6,,,,,,,,,,,,,,,,only 6 trades < min 20,mt5
run_20260427_180242_a66738,AUD/USD,forex,H1,engine_b_proxy,ob_bos,require_engulf=True|require_vol_expand=True|swing_period=10,both,all,NEEDS_MORE_DATA,6,,,,,,,,,,,,,,,,only 6 trades < min 20,mt5
run_20260427_180242_a66738,AUD/USD,forex,H1,engine_b_proxy,structure_filters,fvg_detection=False|strong_close_pct=0.7,both,all,REJECT,312,0.189103,0.248044,-0.001359,-0.001359,-0.346361,-21.590382,-9.635729,0.312312,3.035256,-0.346361,-0.346361,-0.296532,-0.066490,0.467268,,,mt5
run_20260427_180242_a66738,AUD/USD,forex,H1,engine_b_proxy,structure_filters,fvg_detection=True|strong_close_pct=0.7,both,all,REJECT,40,0.175000,0.172274,-0.002583,-0.002583,-0.098619,-8.144693,-3.858356,0.040040,11.800000,-0.098619,-0.098619,-0.094473,-0.004579,0.371208,,,mt5
run_20260427_180242_a66738,AUD/USD,forex,H1,engine_b_proxy,structure_filters,fvg_detection=False|strong_close_pct=0.8,both,all,REJECT,234,0.200855,0.229475,-0.001525,-0.001525,-0.300911,-18.881681,-8.546208,0.234234,3.846154,-0.300911,-0.300911,-0.265646,-0.044103,0.449807,,,mt5
run_20260427_180242_a66738,AUD/USD,forex,H1,engine_b_proxy,structure_filters,fvg_detection=True|strong_close_pct=0.8,both,all,REJECT,28,0.214286,0.269343,-0.002229,-0.002229,-0.069352,-5.352560,-2.381042,0.028028,14.000000,-0.060891,-0.060891,-0.061706,0.000868,0.284667,,,mt5
run_20260427_180242_a66738,GBP/USD,forex,H4,trend_momentum,ema_cross,adx_min=0|fast_period=10|rsi_confirm=False|slow_period=50,both,all,REJECT,34,0.264706,0.432056,-0.002381,-0.002381,-0.083475,-2.500066,-2.164237,0.034034,29.176471,-0.078509,-0.078509,-0.040007,-0.043259,0.579618,,,mt5
run_20260427_180242_a66738,GBP/USD,forex,H4,trend_momentum,ema_cross,adx_min=0|fast_period=10|rsi_confirm=True|slow_period=50,both,all,REJECT,32,0.218750,0.363164,-0.002833,-0.002833,-0.088180,-2.849425,-2.532047,0.032032,27.250000,-0.087376,-0.087376,-0.044338,-0.048170,0.582739,,,mt5
run_20260427_180242_a66738,GBP/USD,forex,H4,trend_momentum,ema_cross,adx_min=20|fast_period=10|rsi_confirm=False|slow_period=50,both,all,REJECT,34,0.264706,0.432056,-0.002381,-0.002381,-0.083475,-2.500066,-2.164237,0.034034,29.176471,-0.078509,-0.078509,-0.040007,-0.043259,0.579618,,,mt5
run_20260427_180242_a66738,GBP/USD,forex,H4,trend_momentum,ema_cross,adx_min=20|fast_period=10|rsi_confirm=True|slow_period=50,both,all,REJECT,32,0.218750,0.363164,-0.002833,-0.002833,-0.088180,-2.849425,-2.532047,0.032032,27.250000,-0.087376,-0.087376,-0.044338,-0.048170,0.582739,,,mt5
run_20260427_180242_a66738,GBP/USD,forex,H4,trend_momentum,ema_cross,adx_min=25|fast_period=10|rsi_confirm=False|slow_period=50,both,all,REJECT,32,0.218750,0.288281,-0.003162,-0.003162,-0.101676,-3.487642,-3.260674,0.032032,24.187500,-0.096809,-0.096809,-0.055971,-0.043259,0.523863,,,mt5
run_20260427_180242_a66738,GBP/USD,forex,H4,trend_momentum,ema_cross,adx_min=25|fast_period=10|rsi_confirm=True|slow_period=50,both,all,REJECT,30,0.166667,0.218994,-0.003696,-0.003696,-0.106287,-3.908106,-3.873063,0.030030,21.800000,-0.105499,-0.105499,-0.060230,-0.048170,0.519930,,,mt5
run_20260427_180242_a66738,GBP/USD,forex,H4,trend_momentum,ema_cross,adx_min=0|fast_period=10|rsi_confirm=False|slow_period=100,both,all,REJECT,20,0.300000,0.763247,-0.000726,-0.000726,-0.044210,-0.579296,-0.473696,0.020020,45.800000,-0.014891,-0.014891,-0.012525,0.004708,0.220000,,,mt5
run_20260427_180242_a66738,GBP/USD,forex,H4,trend_momentum,ema_cross,adx_min=0|fast_period=10|rsi_confirm=True|slow_period=100,both,all,NEEDS_MORE_DATA,18,,,,,,,,,,,,,,1.000000,,only 18 trades < min 20,mt5
run_20260427_180242_a66738,GBP/USD,forex,H4,trend_momentum,ema_cross,adx_min=20|fast_period=10|rsi_confirm=False|slow_period=100,both,all,REJECT,20,0.300000,0.763247,-0.000726,-0.000726,-0.044210,-0.579296,-0.473696,0.020020,45.800000,-0.014891,-0.014891,-0.012525,0.004708,0.220000,,,mt5
run_20260427_180242_a66738,GBP/USD,forex,H4,trend_momentum,ema_cross,adx_min=20|fast_period=10|rsi_confirm=True|slow_period=100,both,all,NEEDS_MORE_DATA,18,,,,,,,,,,,,,,1.000000,,only 18 trades < min 20,mt5
run_20260427_180242_a66738,GBP/USD,forex,H4,trend_momentum,ema_cross,adx_min=25|fast_period=10|rsi_confirm=False|slow_period=100,both,all,NEEDS_MORE_DATA,15,,,,,,,,,,,,,,1.000000,,only 15 trades < min 20,mt5
run_20260427_180242_a66738,GBP/USD,forex,H4,trend_momentum,ema_cross,adx_min=25|fast_period=10|rsi_confirm=True|slow_period=100,both,all,NEEDS_MORE_DATA,13,,,,,,,,,,,,,,1.000000,,only 13 trades < min 20,mt5
run_20260427_180242_a66738,GBP/USD,forex,H4,trend_momentum,ema_cross,adx_min=0|fast_period=10|rsi_confirm=False|slow_period=200,both,all,NEEDS_MORE_DATA,8,,,,,,,,,,,,,,,,only 8 trades < min 20,mt5
run_20260427_180242_a66738,GBP/USD,forex,H4,trend_momentum,ema_cross,adx_min=0|fast_period=10|rsi_confirm=True|slow_period=200,both,all,NEEDS_MORE_DATA,7,,,,,,,,,,,,,,,,only 7 trades < min 20,mt5
run_20260427_180242_a66738,GBP/USD,forex,H4,trend_momentum,ema_cross,adx_min=20|fast_period=10|rsi_confirm=False|slow_period=200,both,all,NEEDS_MORE_DATA,8,,,,,,,,,,,,,,,,only 8 trades < min 20,mt5
run_20260427_180242_a66738,GBP/USD,forex,H4,trend_momentum,ema_cross,adx_min=20|fast_period=10|rsi_confirm=True|slow_period=200,both,all,NEEDS_MORE_DATA,7,,,,,,,,,,,,,,,,only 7 trades < min 20,mt5
run_20260427_180242_a66738,GBP/USD,forex,H4,trend_momentum,ema_cross,adx_min=25|fast_period=10|rsi_confirm=False|slow_period=200,both,all,NEEDS_MORE_DATA,8,,,,,,,,,,,,,,,,only 8 trades < min 20,mt5
run_20260427_180242_a66738,GBP/USD,forex,H4,trend_momentum,ema_cross,adx_min=25|fast_period=10|rsi_confirm=True|slow_period=200,both,all,NEEDS_MORE_DATA,7,,,,,,,,,,,,,,,,only 7 trades < min 20,mt5
run_20260427_180242_a66738,GBP/USD,forex,H4,trend_momentum,ema_cross,adx_min=0|fast_period=20|rsi_confirm=False|slow_period=50,both,all,NEEDS_MORE_DATA,16,,,,,,,,,,,,,,1.000000,,only 16 trades < min 20,mt5
run_20260427_180242_a66738,GBP/USD,forex,H4,trend_momentum,ema_cross,adx_min=0|fast_period=20|rsi_confirm=True|slow_period=50,both,all,NEEDS_MORE_DATA,15,,,,,,,,,,,,,,1.000000,,only 15 trades < min 20,mt5
run_20260427_180242_a66738,GBP/USD,forex,H4,trend_momentum,ema_cross,adx_min=20|fast_period=20|rsi_confirm=False|slow_period=50,both,all,NEEDS_MORE_DATA,16,,,,,,,,,,,,,,1.000000,,only 16 trades < min 20,mt5
run_20260427_180242_a66738,GBP/USD,forex,H4,trend_momentum,ema_cross,adx_min=20|fast_period=20|rsi_confirm=True|slow_period=50,both,all,NEEDS_MORE_DATA,15,,,,,,,,,,,,,,1.000000,,only 15 trades < min 20,mt5
run_20260427_180242_a66738,GBP/USD,forex,H4,trend_momentum,ema_cross,adx_min=25|fast_period=20|rsi_confirm=False|slow_period=50,both,all,NEEDS_MORE_DATA,13,,,,,,,,,,,,,,1.000000,,only 13 trades < min 20,mt5
run_20260427_180242_a66738,GBP/USD,forex,H4,trend_momentum,ema_cross,adx_min=25|fast_period=20|rsi_confirm=True|slow_period=50,both,all,NEEDS_MORE_DATA,12,,,,,,,,,,,,,,1.000000,,only 12 trades < min 20,mt5
run_20260427_180242_a66738,GBP/USD,forex,H4,trend_momentum,ema_cross,adx_min=0|fast_period=20|rsi_confirm=False|slow_period=100,both,all,NEEDS_MORE_DATA,10,,,,,,,,,,,,,,1.000000,,only 10 trades < min 20,mt5
run_20260427_180242_a66738,GBP/USD,forex,H4,trend_momentum,ema_cross,adx_min=0|fast_period=20|rsi_confirm=True|slow_period=100,both,all,NEEDS_MORE_DATA,9,,,,,,,,,,,,,,,,only 9 trades < min 20,mt5
run_20260427_180242_a66738,GBP/USD,forex,H4,trend_momentum,ema_cross,adx_min=20|fast_period=20|rsi_confirm=False|slow_period=100,both,all,NEEDS_MORE_DATA,10,,,,,,,,,,,,,,,,only 10 trades < min 20,mt5
run_20260427_180242_a66738,GBP/USD,forex,H4,trend_momentum,ema_cross,adx_min=20|fast_period=20|rsi_confirm=True|slow_period=100,both,all,NEEDS_MORE_DATA,9,,,,,,,,,,,,,,,,only 9 trades < min 20,mt5
run_20260427_180242_a66738,GBP/USD,forex,H4,trend_momentum,ema_cross,adx_min=25|fast_period=20|rsi_confirm=False|slow_period=100,both,all,NEEDS_MORE_DATA,8,,,,,,,,,,,,,,,,only 8 trades < min 20,mt5
run_20260427_180242_a66738,GBP/USD,forex,H4,trend_momentum,ema_cross,adx_min=25|fast_period=20|rsi_confirm=True|slow_period=100,both,all,NEEDS_MORE_DATA,7,,,,,,,,,,,,,,,,only 7 trades < min 20,mt5
run_20260427_180242_a66738,GBP/USD,forex,H4,trend_momentum,ema_cross,adx_min=0|fast_period=20|rsi_confirm=False|slow_period=200,both,all,NEEDS_MORE_DATA,4,,,,,,,,,,,,,,,,only 4 trades < min 20,mt5
run_20260427_180242_a66738,GBP/USD,forex,H4,trend_momentum,ema_cross,adx_min=0|fast_period=20|rsi_confirm=True|slow_period=200,both,all,NEEDS_MORE_DATA,3,,,,,,,,,,,,,,,,only 3 trades < min 20,mt5
run_20260427_180242_a66738,GBP/USD,forex,H4,trend_momentum,ema_cross,adx_min=20|fast_period=20|rsi_confirm=False|slow_period=200,both,all,NEEDS_MORE_DATA,3,,,,,,,,,,,,,,,,only 3 trades < min 20,mt5
run_20260427_180242_a66738,GBP/USD,forex,H4,trend_momentum,ema_cross,adx_min=20|fast_period=20|rsi_confirm=True|slow_period=200,both,all,NEEDS_MORE_DATA,2,,,,,,,,,,,,,,,,only 2 trades < min 20,mt5
run_20260427_180242_a66738,GBP/USD,forex,H4,trend_momentum,ema_cross,adx_min=25|fast_period=20|rsi_confirm=False|slow_period=200,both,all,NEEDS_MORE_DATA,3,,,,,,,,,,,,,,,,only 3 trades < min 20,mt5
run_20260427_180242_a66738,GBP/USD,forex,H4,trend_momentum,ema_cross,adx_min=25|fast_period=20|rsi_confirm=True|slow_period=200,both,all,NEEDS_MORE_DATA,2,,,,,,,,,,,,,,,,only 2 trades < min 20,mt5
run_20260427_180242_a66738,GBP/USD,forex,H4,trend_momentum,ema_alignment,adx_min=0|ema_long=200|ema_mid=50|ema_short=20,both,all,REJECT,28,0.214286,0.419114,-0.001724,-0.001724,-0.055681,-2.249891,-1.946314,0.028028,18.214286,-0.047457,-0.047457,-0.011540,-0.036336,0.268000,,,mt5
run_20260427_180242_a66738,GBP/USD,forex,H4,trend_momentum,ema_alignment,adx_min=20|ema_long=200|ema_mid=50|ema_short=20,both,all,REJECT,28,0.214286,0.419114,-0.001724,-0.001724,-0.055681,-2.249891,-1.946314,0.028028,18.214286,-0.047457,-0.047457,-0.011540,-0.036336,0.268000,,,mt5
run_20260427_180242_a66738,GBP/USD,forex,H4,trend_momentum,ema_alignment,adx_min=25|ema_long=200|ema_mid=50|ema_short=20,both,all,REJECT,28,0.142857,0.217396,-0.002841,-0.002841,-0.084773,-3.601558,-3.495300,0.028028,15.821429,-0.076803,-0.076803,-0.041993,-0.036336,0.527591,,,mt5
run_20260427_180242_a66738,GBP/USD,forex,H4,trend_momentum,macd_direction,adx_min=0|fast=12|signal_period=9|slow=26,both,all,REJECT,74,0.391892,0.827509,-0.000466,-0.000466,-0.058773,-0.829937,-0.676878,0.074074,13.391892,-0.035160,-0.035160,-0.034706,-0.009540,0.515794,,,mt5
run_20260427_180242_a66738,GBP/USD,forex,H4,trend_momentum,macd_direction,adx_min=20|fast=12|signal_period=9|slow=26,both,all,REJECT,71,0.366197,0.730280,-0.000757,-0.000757,-0.068219,-1.335420,-1.094509,0.071071,13.197183,-0.053510,-0.053510,-0.044394,-0.009540,0.497799,,,mt5
run_20260427_180242_a66738,GBP/USD,forex,H4,pullback,pullback_ema,pullback_period=20|rsi_reclaim=False|rsi_threshold=50|trend_period=200,both,all,REJECT,69,0.188406,0.576965,-0.000887,-0.000887,-0.066323,-2.029401,-1.681599,0.069069,7.753623,-0.060014,-0.060014,-0.028182,-0.032755,0.651311,,,mt5
run_20260427_180242_a66738,GBP/USD,forex,H4,pullback,pullback_ema,pullback_period=20|rsi_reclaim=True|rsi_threshold=50|trend_period=200,both,all,REJECT,63,0.190476,0.565979,-0.000949,-0.000949,-0.068379,-2.012007,-1.669849,0.063063,7.777778,-0.058659,-0.058659,-0.021218,-0.038253,0.459138,,,mt5
run_20260427_180242_a66738,GBP/USD,forex,H4,pullback,pullback_ema,pullback_period=50|rsi_reclaim=False|rsi_threshold=50|trend_period=200,both,all,REJECT,46,0.195652,0.378427,-0.001421,-0.001421,-0.073463,-3.024356,-2.630061,0.046046,11.782609,-0.063594,-0.063594,-0.031755,-0.032882,0.665353,,,mt5
run_20260427_180242_a66738,GBP/USD,forex,H4,pullback,pullback_ema,pullback_period=50|rsi_reclaim=True|rsi_threshold=50|trend_period=200,both,all,REJECT,36,0.222222,0.364066,-0.001508,-0.001508,-0.054934,-2.779730,-2.433219,0.036036,12.361111,-0.053114,-0.053114,-0.030154,-0.023674,0.551531,,,mt5
run_20260427_180242_a66738,GBP/USD,forex,H4,breakout,prev_day_hl,atr_expand_min=0.0,both,all,REJECT,40,0.450000,0.902189,-0.000286,-0.000286,-0.052265,-0.303960,-0.247377,0.040040,24.425000,-0.012452,-0.012452,0.007022,-0.030198,0.440000,,,mt5
run_20260427_180242_a66738,GBP/USD,forex,H4,breakout,prev_day_hl,atr_expand_min=0.5,both,all,REJECT,40,0.450000,0.819579,-0.000538,-0.000538,-0.054218,-0.577645,-0.471019,0.040040,23.700000,-0.022299,-0.022299,-0.003020,-0.030198,0.440000,,,mt5
run_20260427_180242_a66738,GBP/USD,forex,H4,breakout,prev_day_hl,atr_expand_min=1.0,both,all,REJECT,35,0.428571,0.929779,-0.000192,-0.000192,-0.035996,-0.190367,-0.154867,0.035035,25.200000,-0.007625,-0.007625,0.001347,-0.020129,0.410000,,,mt5
run_20260427_180242_a66738,GBP/USD,forex,H4,breakout,session_opening_range,atr_expand_min=0.0|range_bars=6,both,all,REJECT,56,0.357143,0.627516,-0.001079,-0.001079,-0.085482,-1.694963,-1.401048,0.056056,17.500000,-0.059565,-0.059565,-0.023467,-0.047326,0.433333,,,mt5
run_20260427_180242_a66738,GBP/USD,forex,H4,breakout,session_opening_range,atr_expand_min=0.5|range_bars=6,both,all,REJECT,56,0.357143,0.586717,-0.001198,-0.001198,-0.085482,-1.930048,-1.603256,0.056056,17.321429,-0.065727,-0.065727,-0.029866,-0.047326,0.557941,,,mt5
run_20260427_180242_a66738,GBP/USD,forex,H4,breakout,session_opening_range,atr_expand_min=0.0|range_bars=12,both,all,REJECT,34,0.294118,0.645720,-0.001393,-0.001393,-0.080861,-1.215760,-1.002740,0.034034,28.558824,-0.047343,-0.047343,-0.029751,-0.023616,0.558797,,,mt5
run_20260427_180242_a66738,GBP/USD,forex,H4,breakout,session_opening_range,atr_expand_min=0.5|range_bars=12,both,all,REJECT,34,0.294118,0.645720,-0.001393,-0.001393,-0.080861,-1.215760,-1.002740,0.034034,28.558824,-0.047343,-0.047343,-0.029751,-0.023616,0.558797,,,mt5
run_20260427_180242_a66738,GBP/USD,forex,H4,breakout,london_breakout,atr_expand_min=0.0|utc_end=11|utc_start=7,both,all,REJECT,26,0.307692,0.821934,-0.000537,-0.000537,-0.044599,-0.515867,-0.420919,0.026026,18.500000,-0.014414,-0.014414,-0.001666,-0.012769,0.256000,,,mt5
run_20260427_180242_a66738,GBP/USD,forex,H4,breakout,london_breakout,atr_expand_min=0.5|utc_end=11|utc_start=7,both,all,REJECT,26,0.307692,0.715550,-0.000858,-0.000858,-0.044599,-0.867165,-0.711885,0.026026,17.115385,-0.022552,-0.022552,-0.009909,-0.012769,0.470219,,,mt5
run_20260427_180242_a66738,GBP/USD,forex,H4,breakout,ny_breakout,atr_expand_min=0.0|utc_end=16|utc_start=13,both,all,NEEDS_MORE_DATA,0,,,,,,,,,,,,,,,,only 0 trades < min 20,mt5
run_20260427_180242_a66738,GBP/USD,forex,H4,breakout,ny_breakout,atr_expand_min=0.5|utc_end=16|utc_start=13,both,all,NEEDS_MORE_DATA,0,,,,,,,,,,,,,,,,only 0 trades < min 20,mt5
run_20260427_180242_a66738,GBP/USD,forex,H4,mean_reversion,rsi_extreme,overbought=70|oversold=30|period=14,both,all,NEEDS_MORE_DATA,15,,,,,,,,,,,,,,,,only 15 trades < min 20,mt5
run_20260427_180242_a66738,GBP/USD,forex,H4,mean_reversion,rsi_extreme,overbought=75|oversold=30|period=14,both,all,NEEDS_MORE_DATA,12,,,,,,,,,,,,,,,,only 12 trades < min 20,mt5
run_20260427_180242_a66738,GBP/USD,forex,H4,mean_reversion,rsi_extreme,overbought=70|oversold=25|period=14,both,all,NEEDS_MORE_DATA,10,,,,,,,,,,,,,,,,only 10 trades < min 20,mt5
run_20260427_180242_a66738,GBP/USD,forex,H4,mean_reversion,rsi_extreme,overbought=75|oversold=25|period=14,both,all,NEEDS_MORE_DATA,7,,,,,,,,,,,,,,,,only 7 trades < min 20,mt5
run_20260427_180242_a66738,GBP/USD,forex,H4,mean_reversion,bollinger_touch,num_std=2.0|period=20,both,all,REJECT,43,0.581395,0.858651,-0.000328,-0.000328,-0.038183,-0.458825,-0.373719,0.043043,12.953488,-0.014731,-0.014731,-0.028870,0.014559,0.358000,,,mt5
run_20260427_180242_a66738,GBP/USD,forex,H4,mean_reversion,bollinger_touch,num_std=2.5|period=20,both,all,REJECT,25,0.600000,0.847177,-0.000363,-0.000363,-0.026251,-0.366309,-0.298418,0.025025,14.840000,-0.009492,-0.009492,-0.017180,0.007822,0.290000,,,mt5
run_20260427_180242_a66738,GBP/USD,forex,H4,mean_reversion,vwap_deviation,std_threshold=1.5,both,all,NEEDS_MORE_DATA,11,,,,,,,,,,,,,,,,only 11 trades < min 20,mt5
run_20260427_180242_a66738,GBP/USD,forex,H4,mean_reversion,vwap_deviation,std_threshold=2.0,both,all,NEEDS_MORE_DATA,10,,,,,,,,,,,,,,,,only 10 trades < min 20,mt5
run_20260427_180242_a66738,GBP/USD,forex,H4,engine_b_proxy,ob_bos,require_engulf=False|require_vol_expand=False|swing_period=5,both,all,REJECT,26,0.269231,0.485552,-0.002360,-0.002360,-0.072399,-1.762151,-1.491594,0.026026,34.384615,-0.060390,-0.060390,-0.030010,-0.044229,0.413853,,,mt5
run_20260427_180242_a66738,GBP/USD,forex,H4,engine_b_proxy,ob_bos,require_engulf=False|require_vol_expand=True|swing_period=5,both,all,REJECT,22,0.227273,0.455795,-0.002686,-0.002686,-0.066962,-1.834247,-1.571447,0.022022,33.500000,-0.058123,-0.058123,-0.045213,-0.026668,0.408949,,,mt5
run_20260427_180242_a66738,GBP/USD,forex,H4,engine_b_proxy,ob_bos,require_engulf=True|require_vol_expand=False|swing_period=5,both,all,REJECT,21,0.333333,0.732896,-0.001005,-0.001005,-0.035234,-0.695488,-0.569872,0.021021,37.047619,-0.021570,-0.021570,-0.012246,-0.022640,0.271388,,,mt5
run_20260427_180242_a66738,GBP/USD,forex,H4,engine_b_proxy,ob_bos,require_engulf=True|require_vol_expand=True|swing_period=5,both,all,NEEDS_MORE_DATA,19,,,,,,,,,,,,,,,,only 19 trades < min 20,mt5
run_20260427_180242_a66738,GBP/USD,forex,H4,engine_b_proxy,ob_bos,require_engulf=False|require_vol_expand=False|swing_period=10,both,all,NEEDS_MORE_DATA,12,,,,,,,,,,,,,,,,only 12 trades < min 20,mt5
run_20260427_180242_a66738,GBP/USD,forex,H4,engine_b_proxy,ob_bos,require_engulf=False|require_vol_expand=True|swing_period=10,both,all,NEEDS_MORE_DATA,11,,,,,,,,,,,,,,,,only 11 trades < min 20,mt5
run_20260427_180242_a66738,GBP/USD,forex,H4,engine_b_proxy,ob_bos,require_engulf=True|require_vol_expand=False|swing_period=10,both,all,NEEDS_MORE_DATA,11,,,,,,,,,,,,,,,,only 11 trades < min 20,mt5
run_20260427_180242_a66738,GBP/USD,forex,H4,engine_b_proxy,ob_bos,require_engulf=True|require_vol_expand=True|swing_period=10,both,all,NEEDS_MORE_DATA,11,,,,,,,,,,,,,,,,only 11 trades < min 20,mt5
run_20260427_180242_a66738,GBP/USD,forex,H4,engine_b_proxy,structure_filters,fvg_detection=False|strong_close_pct=0.7,both,all,REJECT,303,0.250825,0.423895,-0.001010,-0.001010,-0.272188,-7.024764,-5.940123,0.303303,3.171617,-0.264816,-0.264816,-0.216565,-0.063169,0.487506,,,mt5
run_20260427_180242_a66738,GBP/USD,forex,H4,engine_b_proxy,structure_filters,fvg_detection=True|strong_close_pct=0.7,both,all,REJECT,33,0.333333,0.475279,-0.001579,-0.001579,-0.058869,-2.048435,-1.738057,0.033033,12.333333,-0.051227,-0.051227,-0.009363,-0.042259,0.314667,,,mt5
run_20260427_180242_a66738,GBP/USD,forex,H4,engine_b_proxy,structure_filters,fvg_detection=False|strong_close_pct=0.8,both,all,REJECT,231,0.212121,0.364275,-0.001323,-0.001323,-0.272163,-7.150547,-6.172903,0.231231,4.047619,-0.264357,-0.264357,-0.212659,-0.072854,0.502777,,,mt5
run_20260427_180242_a66738,GBP/USD,forex,H4,engine_b_proxy,structure_filters,fvg_detection=True|strong_close_pct=0.8,both,all,REJECT,29,0.344828,0.501182,-0.001526,-0.001526,-0.051095,-1.800188,-1.519541,0.029029,12.724138,-0.043736,-0.043736,-0.008162,-0.035867,0.290667,,,mt5
run_20260427_180242_a66738,EUR/USD,forex,H4,trend_momentum,ema_cross,adx_min=0|fast_period=10|rsi_confirm=False|slow_period=50,both,all,REJECT,26,0.269231,0.781023,-0.000655,-0.000655,-0.028667,-0.588647,-0.480786,0.026026,37.692308,-0.017515,-0.017515,-0.028391,-0.011574,0.378297,,,mt5
run_20260427_180242_a66738,EUR/USD,forex,H4,trend_momentum,ema_cross,adx_min=0|fast_period=10|rsi_confirm=True|slow_period=50,both,all,REJECT,24,0.250000,0.776312,-0.000689,-0.000689,-0.028164,-0.577532,-0.471799,0.024024,37.958333,-0.017006,-0.017006,-0.027888,-0.011574,0.385171,,,mt5
run_20260427_180242_a66738,EUR/USD,forex,H4,trend_momentum,ema_cross,adx_min=20|fast_period=10|rsi_confirm=False|slow_period=50,both,all,REJECT,26,0.269231,0.781023,-0.000655,-0.000655,-0.028667,-0.588647,-0.480786,0.026026,37.692308,-0.017515,-0.017515,-0.028391,-0.011574,0.378297,,,mt5
run_20260427_180242_a66738,EUR/USD,forex,H4,trend_momentum,ema_cross,adx_min=20|fast_period=10|rsi_confirm=True|slow_period=50,both,all,REJECT,24,0.250000,0.776312,-0.000689,-0.000689,-0.028164,-0.577532,-0.471799,0.024024,37.958333,-0.017006,-0.017006,-0.027888,-0.011574,0.385171,,,mt5
run_20260427_180242_a66738,EUR/USD,forex,H4,trend_momentum,ema_cross,adx_min=25|fast_period=10|rsi_confirm=False|slow_period=50,both,all,REJECT,25,0.280000,0.809682,-0.000573,-0.000573,-0.028667,-0.495439,-0.404198,0.025025,38.040000,-0.014851,-0.014851,-0.025757,-0.011574,0.384806,,,mt5
run_20260427_180242_a66738,EUR/USD,forex,H4,trend_momentum,ema_cross,adx_min=25|fast_period=10|rsi_confirm=True|slow_period=50,both,all,REJECT,23,0.260870,0.806368,-0.000601,-0.000601,-0.028164,-0.483292,-0.394334,0.023023,38.347826,-0.014341,-0.014341,-0.025252,-0.011574,0.375500,,,mt5
run_20260427_180242_a66738,EUR/USD,forex,H4,trend_momentum,ema_cross,adx_min=0|fast_period=10|rsi_confirm=False|slow_period=100,both,all,REJECT,27,0.222222,0.375972,-0.002051,-0.002051,-0.056608,-2.447336,-2.149631,0.027027,36.666667,-0.054241,-0.054241,-0.040989,-0.011962,0.349549,,,mt5
run_20260427_180242_a66738,EUR/USD,forex,H4,trend_momentum,ema_cross,adx_min=0|fast_period=10|rsi_confirm=True|slow_period=100,both,all,REJECT,24,0.208333,0.400458,-0.002078,-0.002078,-0.051382,-2.222029,-1.940496,0.024024,35.541667,-0.049002,-0.049002,-0.037489,-0.011962,0.339723,,,mt5
run_20260427_180242_a66738,EUR/USD,forex,H4,trend_momentum,ema_cross,adx_min=20|fast_period=10|rsi_confirm=False|slow_period=100,both,all,REJECT,27,0.222222,0.375972,-0.002051,-0.002051,-0.056608,-2.447336,-2.149631,0.027027,36.666667,-0.054241,-0.054241,-0.040989,-0.011962,0.349549,,,mt5
run_20260427_180242_a66738,EUR/USD,forex,H4,trend_momentum,ema_cross,adx_min=20|fast_period=10|rsi_confirm=True|slow_period=100,both,all,REJECT,24,0.208333,0.400458,-0.002078,-0.002078,-0.051382,-2.222029,-1.940496,0.024024,35.541667,-0.049002,-0.049002,-0.037489,-0.011962,0.339723,,,mt5
run_20260427_180242_a66738,EUR/USD,forex,H4,trend_momentum,ema_cross,adx_min=25|fast_period=10|rsi_confirm=False|slow_period=100,both,all,REJECT,24,0.250000,0.435748,-0.001822,-0.001822,-0.045533,-1.978843,-1.701379,0.024024,36.875000,-0.043138,-0.043138,-0.029730,-0.011962,0.364703,,,mt5
run_20260427_180242_a66738,EUR/USD,forex,H4,trend_momentum,ema_cross,adx_min=25|fast_period=10|rsi_confirm=True|slow_period=100,both,all,REJECT,21,0.238095,0.468700,-0.001819,-0.001819,-0.040246,-1.744559,-1.490414,0.021021,35.619048,-0.037838,-0.037838,-0.026189,-0.011962,0.363024,,,mt5
run_20260427_180242_a66738,EUR/USD,forex,H4,trend_momentum,ema_cross,adx_min=0|fast_period=10|rsi_confirm=False|slow_period=200,both,all,NEEDS_MORE_DATA,19,,,,,,,,,,,,,,,,only 19 trades < min 20,mt5
run_20260427_180242_a66738,EUR/USD,forex,H4,trend_momentum,ema_cross,adx_min=0|fast_period=10|rsi_confirm=True|slow_period=200,both,all,NEEDS_MORE_DATA,17,,,,,,,,,,,,,,,,only 17 trades < min 20,mt5
run_20260427_180242_a66738,EUR/USD,forex,H4,trend_momentum,ema_cross,adx_min=20|fast_period=10|rsi_confirm=False|slow_period=200,both,all,NEEDS_MORE_DATA,19,,,,,,,,,,,,,,,,only 19 trades < min 20,mt5
run_20260427_180242_a66738,EUR/USD,forex,H4,trend_momentum,ema_cross,adx_min=20|fast_period=10|rsi_confirm=True|slow_period=200,both,all,NEEDS_MORE_DATA,17,,,,,,,,,,,,,,,,only 17 trades < min 20,mt5
run_20260427_180242_a66738,EUR/USD,forex,H4,trend_momentum,ema_cross,adx_min=25|fast_period=10|rsi_confirm=False|slow_period=200,both,all,NEEDS_MORE_DATA,13,,,,,,,,,,,,,,,,only 13 trades < min 20,mt5
run_20260427_180242_a66738,EUR/USD,forex,H4,trend_momentum,ema_cross,adx_min=25|fast_period=10|rsi_confirm=True|slow_period=200,both,all,NEEDS_MORE_DATA,11,,,,,,,,,,,,,,,,only 11 trades < min 20,mt5
run_20260427_180242_a66738,EUR/USD,forex,H4,trend_momentum,ema_cross,adx_min=0|fast_period=20|rsi_confirm=False|slow_period=50,both,all,REJECT,22,0.318182,0.555404,-0.001882,-0.001882,-0.049931,-1.434061,-1.203192,0.022022,44.727273,-0.041167,-0.041167,-0.028833,-0.004287,0.276600,,,mt5
run_20260427_180242_a66738,EUR/USD,forex,H4,trend_momentum,ema_cross,adx_min=0|fast_period=20|rsi_confirm=True|slow_period=50,both,all,REJECT,20,0.300000,0.534833,-0.002080,-0.002080,-0.050106,-1.458229,-1.229007,0.020020,44.750000,-0.041344,-0.041344,-0.029012,-0.004287,0.264325,,,mt5
run_20260427_180242_a66738,EUR/USD,forex,H4,trend_momentum,ema_cross,adx_min=20|fast_period=20|rsi_confirm=False|slow_period=50,both,all,REJECT,22,0.318182,0.555404,-0.001882,-0.001882,-0.049931,-1.434061,-1.203192,0.022022,44.727273,-0.041167,-0.041167,-0.028833,-0.004287,0.276600,,,mt5
run_20260427_180242_a66738,EUR/USD,forex,H4,trend_momentum,ema_cross,adx_min=20|fast_period=20|rsi_confirm=True|slow_period=50,both,all,REJECT,20,0.300000,0.534833,-0.002080,-0.002080,-0.050106,-1.458229,-1.229007,0.020020,44.750000,-0.041344,-0.041344,-0.029012,-0.004287,0.264325,,,mt5
run_20260427_180242_a66738,EUR/USD,forex,H4,trend_momentum,ema_cross,adx_min=25|fast_period=20|rsi_confirm=False|slow_period=50,both,all,REJECT,21,0.333333,0.594153,-0.001689,-0.001689,-0.044452,-1.242685,-1.035568,0.021021,46.380952,-0.035445,-0.035445,-0.028833,0.001656,0.226000,,,mt5
run_20260427_180242_a66738,EUR/USD,forex,H4,trend_momentum,ema_cross,adx_min=25|fast_period=20|rsi_confirm=True|slow_period=50,both,all,NEEDS_MORE_DATA,19,,,,,,,,,,,,,,1.000000,,only 19 trades < min 20,mt5
run_20260427_180242_a66738,EUR/USD,forex,H4,trend_momentum,ema_cross,adx_min=0|fast_period=20|rsi_confirm=False|slow_period=100,both,all,NEEDS_MORE_DATA,11,,,,,,,,,,,,,,1.000000,,only 11 trades < min 20,mt5
run_20260427_180242_a66738,EUR/USD,forex,H4,trend_momentum,ema_cross,adx_min=0|fast_period=20|rsi_confirm=True|slow_period=100,both,all,NEEDS_MORE_DATA,9,,,,,,,,,,,,,,,,only 9 trades < min 20,mt5
run_20260427_180242_a66738,EUR/USD,forex,H4,trend_momentum,ema_cross,adx_min=20|fast_period=20|rsi_confirm=False|slow_period=100,both,all,NEEDS_MORE_DATA,11,,,,,,,,,,,,,,,,only 11 trades < min 20,mt5
run_20260427_180242_a66738,EUR/USD,forex,H4,trend_momentum,ema_cross,adx_min=20|fast_period=20|rsi_confirm=True|slow_period=100,both,all,NEEDS_MORE_DATA,9,,,,,,,,,,,,,,,,only 9 trades < min 20,mt5
run_20260427_180242_a66738,EUR/USD,forex,H4,trend_momentum,ema_cross,adx_min=25|fast_period=20|rsi_confirm=False|slow_period=100,both,all,NEEDS_MORE_DATA,11,,,,,,,,,,,,,,,,only 11 trades < min 20,mt5
run_20260427_180242_a66738,EUR/USD,forex,H4,trend_momentum,ema_cross,adx_min=25|fast_period=20|rsi_confirm=True|slow_period=100,both,all,NEEDS_MORE_DATA,9,,,,,,,,,,,,,,,,only 9 trades < min 20,mt5
run_20260427_180242_a66738,EUR/USD,forex,H4,trend_momentum,ema_cross,adx_min=0|fast_period=20|rsi_confirm=False|slow_period=200,both,all,NEEDS_MORE_DATA,11,,,,,,,,,,,,,,,,only 11 trades < min 20,mt5
run_20260427_180242_a66738,EUR/USD,forex,H4,trend_momentum,ema_cross,adx_min=0|fast_period=20|rsi_confirm=True|slow_period=200,both,all,NEEDS_MORE_DATA,9,,,,,,,,,,,,,,,,only 9 trades < min 20,mt5
run_20260427_180242_a66738,EUR/USD,forex,H4,trend_momentum,ema_cross,adx_min=20|fast_period=20|rsi_confirm=False|slow_period=200,both,all,NEEDS_MORE_DATA,11,,,,,,,,,,,,,,,,only 11 trades < min 20,mt5
run_20260427_180242_a66738,EUR/USD,forex,H4,trend_momentum,ema_cross,adx_min=20|fast_period=20|rsi_confirm=True|slow_period=200,both,all,NEEDS_MORE_DATA,9,,,,,,,,,,,,,,,,only 9 trades < min 20,mt5
run_20260427_180242_a66738,EUR/USD,forex,H4,trend_momentum,ema_cross,adx_min=25|fast_period=20|rsi_confirm=False|slow_period=200,both,all,NEEDS_MORE_DATA,8,,,,,,,,,,,,,,,,only 8 trades < min 20,mt5
run_20260427_180242_a66738,EUR/USD,forex,H4,trend_momentum,ema_cross,adx_min=25|fast_period=20|rsi_confirm=True|slow_period=200,both,all,NEEDS_MORE_DATA,6,,,,,,,,,,,,,,,,only 6 trades < min 20,mt5
run_20260427_180242_a66738,EUR/USD,forex,H4,trend_momentum,ema_alignment,adx_min=0|ema_long=200|ema_mid=50|ema_short=20,both,all,REJECT,25,0.240000,0.366029,-0.001666,-0.001666,-0.044656,-2.533302,-2.255308,0.025025,14.400000,-0.041000,-0.041000,-0.030501,-0.010829,0.356508,,,mt5
run_20260427_180242_a66738,EUR/USD,forex,H4,trend_momentum,ema_alignment,adx_min=20|ema_long=200|ema_mid=50|ema_short=20,both,all,REJECT,25,0.240000,0.366029,-0.001666,-0.001666,-0.044656,-2.533302,-2.255308,0.025025,14.400000,-0.041000,-0.041000,-0.030501,-0.010829,0.356508,,,mt5
run_20260427_180242_a66738,EUR/USD,forex,H4,trend_momentum,ema_alignment,adx_min=25|ema_long=200|ema_mid=50|ema_short=20,both,all,REJECT,24,0.208333,0.371814,-0.001619,-0.001619,-0.041959,-2.513812,-2.243919,0.024024,14.166667,-0.038292,-0.038292,-0.035527,-0.002867,0.268212,,,mt5
run_20260427_180242_a66738,EUR/USD,forex,H4,trend_momentum,macd_direction,adx_min=0|fast=12|signal_period=9|slow=26,both,all,WEAK_CANDIDATE,69,0.405797,1.067009,0.000131,0.000131,-0.026948,0.269317,0.219093,0.069069,14.362319,0.008246,0.008246,0.017117,-0.013884,0.533333,,,mt5
run_20260427_180242_a66738,EUR/USD,forex,H4,trend_momentum,macd_direction,adx_min=20|fast=12|signal_period=9|slow=26,both,all,WEAK_CANDIDATE,69,0.405797,1.067009,0.000131,0.000131,-0.026948,0.269317,0.219093,0.069069,14.362319,0.008246,0.008246,0.017117,-0.013884,0.533333,,,mt5
run_20260427_180242_a66738,EUR/USD,forex,H4,pullback,pullback_ema,pullback_period=20|rsi_reclaim=False|rsi_threshold=50|trend_period=200,both,all,REJECT,65,0.184615,0.378345,-0.001257,-0.001257,-0.078788,-3.933143,-3.463625,0.065065,6.815385,-0.078788,-0.078788,-0.037944,-0.042455,0.664334,,,mt5
run_20260427_180242_a66738,EUR/USD,forex,H4,pullback,pullback_ema,pullback_period=20|rsi_reclaim=True|rsi_threshold=50|trend_period=200,both,all,REJECT,56,0.160714,0.308134,-0.001484,-0.001484,-0.080021,-4.267718,-3.887800,0.056056,6.321429,-0.080021,-0.080021,-0.039231,-0.042455,0.675346,,,mt5
run_20260427_180242_a66738,EUR/USD,forex,H4,pullback,pullback_ema,pullback_period=50|rsi_reclaim=False|rsi_threshold=50|trend_period=200,both,all,REJECT,51,0.196078,0.279577,-0.001412,-0.001412,-0.069689,-4.357581,-4.048212,0.051051,8.803922,-0.069689,-0.069689,-0.042863,-0.028027,0.596165,,,mt5
run_20260427_180242_a66738,EUR/USD,forex,H4,pullback,pullback_ema,pullback_period=50|rsi_reclaim=True|rsi_threshold=50|trend_period=200,both,all,REJECT,36,0.194444,0.256474,-0.001426,-0.001426,-0.050176,-3.805486,-3.589083,0.036036,9.388889,-0.050176,-0.050176,-0.025722,-0.025100,0.608753,,,mt5
run_20260427_180242_a66738,EUR/USD,forex,H4,breakout,prev_day_hl,atr_expand_min=0.0,both,all,REJECT,37,0.459459,0.821816,-0.000449,-0.000449,-0.052995,-0.538779,-0.439261,0.037037,25.594595,-0.017169,-0.017169,0.014619,-0.028497,0.422000,,,mt5
run_20260427_180242_a66738,EUR/USD,forex,H4,breakout,prev_day_hl,atr_expand_min=0.5,both,all,REJECT,37,0.459459,0.821816,-0.000449,-0.000449,-0.052995,-0.538779,-0.439261,0.037037,25.594595,-0.017169,-0.017169,0.014619,-0.028497,0.422000,,,mt5
run_20260427_180242_a66738,EUR/USD,forex,H4,breakout,prev_day_hl,atr_expand_min=1.0,both,all,REJECT,29,0.413793,0.941926,-0.000147,-0.000147,-0.042691,-0.146975,-0.119556,0.029029,27.034483,-0.004875,-0.004875,0.016557,-0.024348,0.374000,,,mt5
run_20260427_180242_a66738,EUR/USD,forex,H4,breakout,session_opening_range,atr_expand_min=0.0|range_bars=6,both,all,WEAK_CANDIDATE,50,0.480000,1.019241,0.000041,0.000041,-0.057103,0.066836,0.054356,0.050050,19.600000,0.001343,0.001343,0.008736,-0.010458,0.533333,,,mt5
run_20260427_180242_a66738,EUR/USD,forex,H4,breakout,session_opening_range,atr_expand_min=0.5|range_bars=6,both,all,WEAK_CANDIDATE,50,0.480000,1.014032,0.000030,0.000030,-0.057103,0.048818,0.039702,0.050050,19.560000,0.000788,0.000788,0.008177,-0.010458,0.533333,,,mt5
run_20260427_180242_a66738,EUR/USD,forex,H4,breakout,session_opening_range,atr_expand_min=0.0|range_bars=12,both,all,REJECT,32,0.375000,0.835334,-0.000505,-0.000505,-0.042109,-0.491319,-0.400534,0.032032,30.375000,-0.016822,-0.016822,0.008314,-0.024155,0.308667,,,mt5
run_20260427_180242_a66738,EUR/USD,forex,H4,breakout,session_opening_range,atr_expand_min=0.5|range_bars=12,both,all,REJECT,32,0.375000,0.835334,-0.000505,-0.000505,-0.042109,-0.491319,-0.400534,0.032032,30.375000,-0.016822,-0.016822,0.008314,-0.024155,0.308667,,,mt5
run_20260427_180242_a66738,EUR/USD,forex,H4,breakout,london_breakout,atr_expand_min=0.0|utc_end=11|utc_start=7,both,all,NEEDS_MORE_DATA,17,,,,,,,,,,,,,,1.000000,,only 17 trades < min 20,mt5
run_20260427_180242_a66738,EUR/USD,forex,H4,breakout,london_breakout,atr_expand_min=0.5|utc_end=11|utc_start=7,both,all,NEEDS_MORE_DATA,17,,,,,,,,,,,,,,1.000000,,only 17 trades < min 20,mt5
run_20260427_180242_a66738,EUR/USD,forex,H4,breakout,ny_breakout,atr_expand_min=0.0|utc_end=16|utc_start=13,both,all,NEEDS_MORE_DATA,0,,,,,,,,,,,,,,,,only 0 trades < min 20,mt5
run_20260427_180242_a66738,EUR/USD,forex,H4,breakout,ny_breakout,atr_expand_min=0.5|utc_end=16|utc_start=13,both,all,NEEDS_MORE_DATA,0,,,,,,,,,,,,,,,,only 0 trades < min 20,mt5
run_20260427_180242_a66738,EUR/USD,forex,H4,mean_reversion,rsi_extreme,overbought=70|oversold=30|period=14,both,all,NEEDS_MORE_DATA,19,,,,,,,,,,,,,,,,only 19 trades < min 20,mt5
run_20260427_180242_a66738,EUR/USD,forex,H4,mean_reversion,rsi_extreme,overbought=75|oversold=30|period=14,both,all,NEEDS_MORE_DATA,15,,,,,,,,,,,,,,,,only 15 trades < min 20,mt5
run_20260427_180242_a66738,EUR/USD,forex,H4,mean_reversion,rsi_extreme,overbought=70|oversold=25|period=14,both,all,NEEDS_MORE_DATA,10,,,,,,,,,,,,,,,,only 10 trades < min 20,mt5
run_20260427_180242_a66738,EUR/USD,forex,H4,mean_reversion,rsi_extreme,overbought=75|oversold=25|period=14,both,all,NEEDS_MORE_DATA,6,,,,,,,,,,,,,,,,only 6 trades < min 20,mt5
run_20260427_180242_a66738,EUR/USD,forex,H4,mean_reversion,bollinger_touch,num_std=2.0|period=20,both,all,REJECT,34,0.411765,0.477928,-0.001409,-0.001409,-0.067723,-1.706502,-1.427417,0.034034,16.500000,-0.047351,-0.047351,-0.052603,0.007756,0.304000,,,mt5
run_20260427_180242_a66738,EUR/USD,forex,H4,mean_reversion,bollinger_touch,num_std=2.5|period=20,both,all,NEEDS_MORE_DATA,19,,,,,,,,,,,,,,1.000000,,only 19 trades < min 20,mt5
run_20260427_180242_a66738,EUR/USD,forex,H4,mean_reversion,vwap_deviation,std_threshold=1.5,both,all,NEEDS_MORE_DATA,14,,,,,,,,,,,,,,,,only 14 trades < min 20,mt5
run_20260427_180242_a66738,EUR/USD,forex,H4,mean_reversion,vwap_deviation,std_threshold=2.0,both,all,NEEDS_MORE_DATA,10,,,,,,,,,,,,,,,,only 10 trades < min 20,mt5
run_20260427_180242_a66738,EUR/USD,forex,H4,engine_b_proxy,ob_bos,require_engulf=False|require_vol_expand=False|swing_period=5,both,all,NEEDS_MORE_DATA,19,,,,,,,,,,,,,,1.000000,,only 19 trades < min 20,mt5
run_20260427_180242_a66738,EUR/USD,forex,H4,engine_b_proxy,ob_bos,require_engulf=False|require_vol_expand=True|swing_period=5,both,all,NEEDS_MORE_DATA,16,,,,,,,,,,,,,,1.000000,,only 16 trades < min 20,mt5
run_20260427_180242_a66738,EUR/USD,forex,H4,engine_b_proxy,ob_bos,require_engulf=True|require_vol_expand=False|swing_period=5,both,all,NEEDS_MORE_DATA,18,,,,,,,,,,,,,,1.000000,,only 18 trades < min 20,mt5
run_20260427_180242_a66738,EUR/USD,forex,H4,engine_b_proxy,ob_bos,require_engulf=True|require_vol_expand=True|swing_period=5,both,all,NEEDS_MORE_DATA,13,,,,,,,,,,,,,,,,only 13 trades < min 20,mt5
run_20260427_180242_a66738,EUR/USD,forex,H4,engine_b_proxy,ob_bos,require_engulf=False|require_vol_expand=False|swing_period=10,both,all,NEEDS_MORE_DATA,7,,,,,,,,,,,,,,,,only 7 trades < min 20,mt5
run_20260427_180242_a66738,EUR/USD,forex,H4,engine_b_proxy,ob_bos,require_engulf=False|require_vol_expand=True|swing_period=10,both,all,NEEDS_MORE_DATA,6,,,,,,,,,,,,,,,,only 6 trades < min 20,mt5
run_20260427_180242_a66738,EUR/USD,forex,H4,engine_b_proxy,ob_bos,require_engulf=True|require_vol_expand=False|swing_period=10,both,all,NEEDS_MORE_DATA,7,,,,,,,,,,,,,,,,only 7 trades < min 20,mt5
run_20260427_180242_a66738,EUR/USD,forex,H4,engine_b_proxy,ob_bos,require_engulf=True|require_vol_expand=True|swing_period=10,both,all,NEEDS_MORE_DATA,6,,,,,,,,,,,,,,,,only 6 trades < min 20,mt5
run_20260427_180242_a66738,EUR/USD,forex,H4,engine_b_proxy,structure_filters,fvg_detection=False|strong_close_pct=0.7,both,all,REJECT,314,0.226115,0.373704,-0.001045,-0.001045,-0.296660,-8.166978,-6.986844,0.314314,3.121019,-0.280656,-0.280656,-0.229037,-0.067534,0.488458,,,mt5
run_20260427_180242_a66738,EUR/USD,forex,H4,engine_b_proxy,structure_filters,fvg_detection=True|strong_close_pct=0.7,both,all,REJECT,37,0.243243,0.434044,-0.001462,-0.001462,-0.056403,-1.919892,-1.613374,0.037037,11.297297,-0.053220,-0.053220,-0.018174,-0.035694,0.349473,,,mt5
run_20260427_180242_a66738,EUR/USD,forex,H4,engine_b_proxy,structure_filters,fvg_detection=False|strong_close_pct=0.8,both,all,REJECT,234,0.260684,0.479297,-0.000882,-0.000882,-0.215173,-4.894067,-4.087460,0.234234,4.038462,-0.187618,-0.187618,-0.184729,-0.002681,0.404355,,,mt5
run_20260427_180242_a66738,EUR/USD,forex,H4,engine_b_proxy,structure_filters,fvg_detection=True|strong_close_pct=0.8,both,all,REJECT,32,0.093750,0.149777,-0.002904,-0.002904,-0.092200,-3.965056,-3.894740,0.032032,9.781250,-0.089138,-0.089138,-0.048269,-0.042941,0.575549,,,mt5
run_20260427_180242_a66738,AUD/USD,forex,H4,trend_momentum,ema_cross,adx_min=0|fast_period=10|rsi_confirm=False|slow_period=50,both,all,REJECT,28,0.250000,0.711886,-0.001417,-0.001417,-0.084929,-0.762787,-0.624522,0.028028,32.571429,-0.040829,-0.040829,-0.014022,-0.072480,0.268000,,,mt5
run_20260427_180242_a66738,AUD/USD,forex,H4,trend_momentum,ema_cross,adx_min=0|fast_period=10|rsi_confirm=True|slow_period=50,both,all,REJECT,26,0.269231,0.765698,-0.001156,-0.001156,-0.084929,-0.580801,-0.474323,0.026026,34.653846,-0.031541,-0.031541,-0.004474,-0.072480,0.272667,,,mt5
run_20260427_180242_a66738,AUD/USD,forex,H4,trend_momentum,ema_cross,adx_min=20|fast_period=10|rsi_confirm=False|slow_period=50,both,all,REJECT,28,0.250000,0.711886,-0.001417,-0.001417,-0.084929,-0.762787,-0.624522,0.028028,32.571429,-0.040829,-0.040829,-0.014022,-0.072480,0.268000,,,mt5
run_20260427_180242_a66738,AUD/USD,forex,H4,trend_momentum,ema_cross,adx_min=20|fast_period=10|rsi_confirm=True|slow_period=50,both,all,REJECT,26,0.269231,0.765698,-0.001156,-0.001156,-0.084929,-0.580801,-0.474323,0.026026,34.653846,-0.031541,-0.031541,-0.004474,-0.072480,0.272667,,,mt5
run_20260427_180242_a66738,AUD/USD,forex,H4,trend_momentum,ema_cross,adx_min=25|fast_period=10|rsi_confirm=False|slow_period=50,both,all,REJECT,24,0.208333,0.317343,-0.003765,-0.003765,-0.102130,-2.766983,-2.525211,0.024024,25.291667,-0.087147,-0.087147,-0.015814,-0.072480,0.244000,,,mt5
run_20260427_180242_a66738,AUD/USD,forex,H4,trend_momentum,ema_cross,adx_min=25|fast_period=10|rsi_confirm=True|slow_period=50,both,all,REJECT,22,0.227273,0.343280,-0.003671,-0.003671,-0.102130,-2.503494,-2.254224,0.022022,27.090909,-0.078308,-0.078308,-0.006283,-0.072480,0.232000,,,mt5
run_20260427_180242_a66738,AUD/USD,forex,H4,trend_momentum,ema_cross,adx_min=0|fast_period=10|rsi_confirm=False|slow_period=100,both,all,REJECT,26,0.153846,0.553119,-0.002469,-0.002469,-0.070916,-1.227038,-1.017039,0.026026,35.192308,-0.064076,-0.064076,-0.038883,-0.070727,0.310303,,,mt5
run_20260427_180242_a66738,AUD/USD,forex,H4,trend_momentum,ema_cross,adx_min=0|fast_period=10|rsi_confirm=True|slow_period=100,both,all,REJECT,23,0.173913,0.602524,-0.002284,-0.002284,-0.070916,-1.009961,-0.833379,0.023023,39.260870,-0.053092,-0.053092,-0.027603,-0.070727,0.238000,,,mt5
run_20260427_180242_a66738,AUD/USD,forex,H4,trend_momentum,ema_cross,adx_min=20|fast_period=10|rsi_confirm=False|slow_period=100,both,all,REJECT,26,0.153846,0.553119,-0.002469,-0.002469,-0.070916,-1.227038,-1.017039,0.026026,35.192308,-0.064076,-0.064076,-0.038883,-0.070727,0.310303,,,mt5
run_20260427_180242_a66738,AUD/USD,forex,H4,trend_momentum,ema_cross,adx_min=20|fast_period=10|rsi_confirm=True|slow_period=100,both,all,REJECT,23,0.173913,0.602524,-0.002284,-0.002284,-0.070916,-1.009961,-0.833379,0.023023,39.260870,-0.053092,-0.053092,-0.027603,-0.070727,0.238000,,,mt5
run_20260427_180242_a66738,AUD/USD,forex,H4,trend_momentum,ema_cross,adx_min=25|fast_period=10|rsi_confirm=False|slow_period=100,both,all,NEEDS_MORE_DATA,19,,,,,,,,,,,,,,1.000000,,only 19 trades < min 20,mt5
run_20260427_180242_a66738,AUD/USD,forex,H4,trend_momentum,ema_cross,adx_min=25|fast_period=10|rsi_confirm=True|slow_period=100,both,all,NEEDS_MORE_DATA,17,,,,,,,,,,,,,,1.000000,,only 17 trades < min 20,mt5
run_20260427_180242_a66738,AUD/USD,forex,H4,trend_momentum,ema_cross,adx_min=0|fast_period=10|rsi_confirm=False|slow_period=200,both,all,NEEDS_MORE_DATA,16,,,,,,,,,,,,,,,,only 16 trades < min 20,mt5
run_20260427_180242_a66738,AUD/USD,forex,H4,trend_momentum,ema_cross,adx_min=0|fast_period=10|rsi_confirm=True|slow_period=200,both,all,NEEDS_MORE_DATA,14,,,,,,,,,,,,,,,,only 14 trades < min 20,mt5
run_20260427_180242_a66738,AUD/USD,forex,H4,trend_momentum,ema_cross,adx_min=20|fast_period=10|rsi_confirm=False|slow_period=200,both,all,NEEDS_MORE_DATA,16,,,,,,,,,,,,,,,,only 16 trades < min 20,mt5
run_20260427_180242_a66738,AUD/USD,forex,H4,trend_momentum,ema_cross,adx_min=20|fast_period=10|rsi_confirm=True|slow_period=200,both,all,NEEDS_MORE_DATA,14,,,,,,,,,,,,,,,,only 14 trades < min 20,mt5
run_20260427_180242_a66738,AUD/USD,forex,H4,trend_momentum,ema_cross,adx_min=25|fast_period=10|rsi_confirm=False|slow_period=200,both,all,NEEDS_MORE_DATA,12,,,,,,,,,,,,,,,,only 12 trades < min 20,mt5
run_20260427_180242_a66738,AUD/USD,forex,H4,trend_momentum,ema_cross,adx_min=25|fast_period=10|rsi_confirm=True|slow_period=200,both,all,NEEDS_MORE_DATA,10,,,,,,,,,,,,,,,,only 10 trades < min 20,mt5
run_20260427_180242_a66738,AUD/USD,forex,H4,trend_momentum,ema_cross,adx_min=0|fast_period=20|rsi_confirm=False|slow_period=50,both,all,NEEDS_MORE_DATA,18,,,,,,,,,,,,,,1.000000,,only 18 trades < min 20,mt5
run_20260427_180242_a66738,AUD/USD,forex,H4,trend_momentum,ema_cross,adx_min=0|fast_period=20|rsi_confirm=True|slow_period=50,both,all,NEEDS_MORE_DATA,17,,,,,,,,,,,,,,1.000000,,only 17 trades < min 20,mt5
run_20260427_180242_a66738,AUD/USD,forex,H4,trend_momentum,ema_cross,adx_min=20|fast_period=20|rsi_confirm=False|slow_period=50,both,all,NEEDS_MORE_DATA,18,,,,,,,,,,,,,,1.000000,,only 18 trades < min 20,mt5
run_20260427_180242_a66738,AUD/USD,forex,H4,trend_momentum,ema_cross,adx_min=20|fast_period=20|rsi_confirm=True|slow_period=50,both,all,NEEDS_MORE_DATA,17,,,,,,,,,,,,,,1.000000,,only 17 trades < min 20,mt5
run_20260427_180242_a66738,AUD/USD,forex,H4,trend_momentum,ema_cross,adx_min=25|fast_period=20|rsi_confirm=False|slow_period=50,both,all,NEEDS_MORE_DATA,15,,,,,,,,,,,,,,1.000000,,only 15 trades < min 20,mt5
run_20260427_180242_a66738,AUD/USD,forex,H4,trend_momentum,ema_cross,adx_min=25|fast_period=20|rsi_confirm=True|slow_period=50,both,all,NEEDS_MORE_DATA,14,,,,,,,,,,,,,,1.000000,,only 14 trades < min 20,mt5
run_20260427_180242_a66738,AUD/USD,forex,H4,trend_momentum,ema_cross,adx_min=0|fast_period=20|rsi_confirm=False|slow_period=100,both,all,NEEDS_MORE_DATA,16,,,,,,,,,,,,,,1.000000,,only 16 trades < min 20,mt5
run_20260427_180242_a66738,AUD/USD,forex,H4,trend_momentum,ema_cross,adx_min=0|fast_period=20|rsi_confirm=True|slow_period=100,both,all,NEEDS_MORE_DATA,15,,,,,,,,,,,,,,,,only 15 trades < min 20,mt5
run_20260427_180242_a66738,AUD/USD,forex,H4,trend_momentum,ema_cross,adx_min=20|fast_period=20|rsi_confirm=False|slow_period=100,both,all,NEEDS_MORE_DATA,16,,,,,,,,,,,,,,,,only 16 trades < min 20,mt5
run_20260427_180242_a66738,AUD/USD,forex,H4,trend_momentum,ema_cross,adx_min=20|fast_period=20|rsi_confirm=True|slow_period=100,both,all,NEEDS_MORE_DATA,15,,,,,,,,,,,,,,,,only 15 trades < min 20,mt5
run_20260427_180242_a66738,AUD/USD,forex,H4,trend_momentum,ema_cross,adx_min=25|fast_period=20|rsi_confirm=False|slow_period=100,both,all,NEEDS_MORE_DATA,14,,,,,,,,,,,,,,,,only 14 trades < min 20,mt5
run_20260427_180242_a66738,AUD/USD,forex,H4,trend_momentum,ema_cross,adx_min=25|fast_period=20|rsi_confirm=True|slow_period=100,both,all,NEEDS_MORE_DATA,13,,,,,,,,,,,,,,,,only 13 trades < min 20,mt5
run_20260427_180242_a66738,AUD/USD,forex,H4,trend_momentum,ema_cross,adx_min=0|fast_period=20|rsi_confirm=False|slow_period=200,both,all,NEEDS_MORE_DATA,10,,,,,,,,,,,,,,,,only 10 trades < min 20,mt5
run_20260427_180242_a66738,AUD/USD,forex,H4,trend_momentum,ema_cross,adx_min=0|fast_period=20|rsi_confirm=True|slow_period=200,both,all,NEEDS_MORE_DATA,9,,,,,,,,,,,,,,,,only 9 trades < min 20,mt5
run_20260427_180242_a66738,AUD/USD,forex,H4,trend_momentum,ema_cross,adx_min=20|fast_period=20|rsi_confirm=False|slow_period=200,both,all,NEEDS_MORE_DATA,10,,,,,,,,,,,,,,,,only 10 trades < min 20,mt5
run_20260427_180242_a66738,AUD/USD,forex,H4,trend_momentum,ema_cross,adx_min=20|fast_period=20|rsi_confirm=True|slow_period=200,both,all,NEEDS_MORE_DATA,9,,,,,,,,,,,,,,,,only 9 trades < min 20,mt5
run_20260427_180242_a66738,AUD/USD,forex,H4,trend_momentum,ema_cross,adx_min=25|fast_period=20|rsi_confirm=False|slow_period=200,both,all,NEEDS_MORE_DATA,9,,,,,,,,,,,,,,,,only 9 trades < min 20,mt5
run_20260427_180242_a66738,AUD/USD,forex,H4,trend_momentum,ema_cross,adx_min=25|fast_period=20|rsi_confirm=True|slow_period=200,both,all,NEEDS_MORE_DATA,8,,,,,,,,,,,,,,,,only 8 trades < min 20,mt5
run_20260427_180242_a66738,AUD/USD,forex,H4,trend_momentum,ema_alignment,adx_min=0|ema_long=200|ema_mid=50|ema_short=20,both,all,REJECT,30,0.133333,0.277881,-0.003041,-0.003041,-0.107561,-3.181247,-2.922656,0.030030,13.633333,-0.087753,-0.087753,-0.043143,-0.054594,0.500368,,,mt5
run_20260427_180242_a66738,AUD/USD,forex,H4,trend_momentum,ema_alignment,adx_min=20|ema_long=200|ema_mid=50|ema_short=20,both,all,REJECT,30,0.133333,0.277881,-0.003041,-0.003041,-0.107561,-3.181247,-2.922656,0.030030,13.633333,-0.087753,-0.087753,-0.043143,-0.054594,0.500368,,,mt5
run_20260427_180242_a66738,AUD/USD,forex,H4,trend_momentum,ema_alignment,adx_min=25|ema_long=200|ema_mid=50|ema_short=20,both,all,REJECT,28,0.142857,0.297942,-0.002954,-0.002954,-0.099922,-2.925738,-2.654442,0.028028,14.142857,-0.079945,-0.079945,-0.034952,-0.054594,0.399406,,,mt5
run_20260427_180242_a66738,AUD/USD,forex,H4,trend_momentum,macd_direction,adx_min=0|fast=12|signal_period=9|slow=26,both,all,REJECT,76,0.368421,0.771139,-0.000793,-0.000793,-0.081919,-1.091390,-0.891855,0.076076,13.065789,-0.060652,-0.060652,-0.035221,-0.026593,0.659841,,,mt5
run_20260427_180242_a66738,AUD/USD,forex,H4,trend_momentum,macd_direction,adx_min=20|fast=12|signal_period=9|slow=26,both,all,REJECT,70,0.371429,0.706700,-0.001053,-0.001053,-0.085419,-1.392423,-1.142159,0.070070,13.414286,-0.073002,-0.073002,-0.038899,-0.035714,0.708766,,,mt5
run_20260427_180242_a66738,AUD/USD,forex,H4,pullback,pullback_ema,pullback_period=20|rsi_reclaim=False|rsi_threshold=50|trend_period=200,both,all,REJECT,66,0.151515,0.643275,-0.000984,-0.000984,-0.084719,-1.359453,-1.115263,0.066066,7.318182,-0.064478,-0.064478,-0.009380,-0.055620,0.400000,,,mt5
run_20260427_180242_a66738,AUD/USD,forex,H4,pullback,pullback_ema,pullback_period=20|rsi_reclaim=True|rsi_threshold=50|trend_period=200,both,all,REJECT,64,0.156250,0.658877,-0.000947,-0.000947,-0.083181,-1.270909,-1.041737,0.064064,7.468750,-0.060431,-0.060431,-0.005095,-0.055620,0.400000,,,mt5
run_20260427_180242_a66738,AUD/USD,forex,H4,pullback,pullback_ema,pullback_period=50|rsi_reclaim=False|rsi_threshold=50|trend_period=200,both,all,REJECT,50,0.160000,0.503170,-0.001527,-0.001527,-0.085686,-1.946143,-1.621763,0.050050,10.820000,-0.074582,-0.074582,-0.013330,-0.072396,0.400000,,,mt5
run_20260427_180242_a66738,AUD/USD,forex,H4,pullback,pullback_ema,pullback_period=50|rsi_reclaim=True|rsi_threshold=50|trend_period=200,both,all,REJECT,35,0.200000,0.565428,-0.001454,-0.001454,-0.064560,-1.366421,-1.130656,0.035035,12.571429,-0.050597,-0.050597,0.003408,-0.053822,0.310000,,,mt5
run_20260427_180242_a66738,AUD/USD,forex,H4,breakout,prev_day_hl,atr_expand_min=0.0,both,all,WEAK_CANDIDATE,33,0.363636,1.137094,0.000524,0.000524,-0.058031,0.327839,0.266893,0.033033,27.363636,0.015341,0.015341,0.036823,-0.024017,0.498000,,,mt5
run_20260427_180242_a66738,AUD/USD,forex,H4,breakout,prev_day_hl,atr_expand_min=0.5,both,all,WEAK_CANDIDATE,33,0.363636,1.137094,0.000524,0.000524,-0.058031,0.327839,0.266893,0.033033,27.363636,0.015341,0.015341,0.036823,-0.024017,0.498000,,,mt5
run_20260427_180242_a66738,AUD/USD,forex,H4,breakout,prev_day_hl,atr_expand_min=1.0,both,all,WEAK_CANDIDATE,27,0.333333,1.254534,0.001012,0.001012,-0.045938,0.528783,0.431473,0.027027,28.370370,0.025651,0.025651,0.032108,-0.006256,0.462000,,,mt5
run_20260427_180242_a66738,AUD/USD,forex,H4,breakout,session_opening_range,atr_expand_min=0.0|range_bars=6,both,all,WEAK_CANDIDATE,44,0.431818,1.879591,0.002210,0.002210,-0.030675,1.771600,1.474385,0.044044,22.318182,0.099657,0.099657,0.108173,-0.013353,0.497333,,,mt5
run_20260427_180242_a66738,AUD/USD,forex,H4,breakout,session_opening_range,atr_expand_min=0.5|range_bars=6,both,all,WEAK_CANDIDATE,44,0.431818,1.879591,0.002210,0.002210,-0.030675,1.771600,1.474385,0.044044,22.318182,0.099657,0.099657,0.108173,-0.013353,0.497333,,,mt5
run_20260427_180242_a66738,AUD/USD,forex,H4,breakout,session_opening_range,atr_expand_min=0.0|range_bars=12,both,all,WEAK_CANDIDATE,28,0.464286,1.719502,0.002237,0.002237,-0.050554,1.165168,0.962695,0.028028,35.071429,0.062335,0.062335,0.052597,0.004355,0.409504,,,mt5
run_20260427_180242_a66738,AUD/USD,forex,H4,breakout,session_opening_range,atr_expand_min=0.5|range_bars=12,both,all,WEAK_CANDIDATE,28,0.464286,1.719502,0.002237,0.002237,-0.050554,1.165168,0.962695,0.028028,35.071429,0.062335,0.062335,0.052597,0.004355,0.409504,,,mt5
run_20260427_180242_a66738,AUD/USD,forex,H4,breakout,london_breakout,atr_expand_min=0.0|utc_end=11|utc_start=7,both,all,NEEDS_MORE_DATA,13,,,,,,,,,,,,,,1.000000,,only 13 trades < min 20,mt5
run_20260427_180242_a66738,AUD/USD,forex,H4,breakout,london_breakout,atr_expand_min=0.5|utc_end=11|utc_start=7,both,all,NEEDS_MORE_DATA,13,,,,,,,,,,,,,,1.000000,,only 13 trades < min 20,mt5
run_20260427_180242_a66738,AUD/USD,forex,H4,breakout,ny_breakout,atr_expand_min=0.0|utc_end=16|utc_start=13,both,all,NEEDS_MORE_DATA,0,,,,,,,,,,,,,,,,only 0 trades < min 20,mt5
run_20260427_180242_a66738,AUD/USD,forex,H4,breakout,ny_breakout,atr_expand_min=0.5|utc_end=16|utc_start=13,both,all,NEEDS_MORE_DATA,0,,,,,,,,,,,,,,,,only 0 trades < min 20,mt5
run_20260427_180242_a66738,AUD/USD,forex,H4,mean_reversion,rsi_extreme,overbought=70|oversold=30|period=14,both,all,NEEDS_MORE_DATA,14,,,,,,,,,,,,,,,,only 14 trades < min 20,mt5
run_20260427_180242_a66738,AUD/USD,forex,H4,mean_reversion,rsi_extreme,overbought=75|oversold=30|period=14,both,all,NEEDS_MORE_DATA,12,,,,,,,,,,,,,,,,only 12 trades < min 20,mt5
run_20260427_180242_a66738,AUD/USD,forex,H4,mean_reversion,rsi_extreme,overbought=70|oversold=25|period=14,both,all,NEEDS_MORE_DATA,10,,,,,,,,,,,,,,,,only 10 trades < min 20,mt5
run_20260427_180242_a66738,AUD/USD,forex,H4,mean_reversion,rsi_extreme,overbought=75|oversold=25|period=14,both,all,NEEDS_MORE_DATA,8,,,,,,,,,,,,,,,,only 8 trades < min 20,mt5
run_20260427_180242_a66738,AUD/USD,forex,H4,mean_reversion,bollinger_touch,num_std=2.0|period=20,both,all,REJECT,32,0.531250,0.547926,-0.001812,-0.001812,-0.080920,-1.218255,-1.005791,0.032032,16.718750,-0.057972,-0.057972,-0.060978,0.003201,0.292000,,,mt5
run_20260427_180242_a66738,AUD/USD,forex,H4,mean_reversion,bollinger_touch,num_std=2.5|period=20,both,all,NEEDS_MORE_DATA,17,,,,,,,,,,,,,,1.000000,,only 17 trades < min 20,mt5
run_20260427_180242_a66738,AUD/USD,forex,H4,mean_reversion,vwap_deviation,std_threshold=1.5,both,all,NEEDS_MORE_DATA,8,,,,,,,,,,,,,,,,only 8 trades < min 20,mt5
run_20260427_180242_a66738,AUD/USD,forex,H4,mean_reversion,vwap_deviation,std_threshold=2.0,both,all,NEEDS_MORE_DATA,6,,,,,,,,,,,,,,,,only 6 trades < min 20,mt5
run_20260427_180242_a66738,AUD/USD,forex,H4,engine_b_proxy,ob_bos,require_engulf=False|require_vol_expand=False|swing_period=5,both,all,NEEDS_MORE_DATA,17,,,,,,,,,,,,,,1.000000,,only 17 trades < min 20,mt5
run_20260427_180242_a66738,AUD/USD,forex,H4,engine_b_proxy,ob_bos,require_engulf=False|require_vol_expand=True|swing_period=5,both,all,NEEDS_MORE_DATA,13,,,,,,,,,,,,,,1.000000,,only 13 trades < min 20,mt5
run_20260427_180242_a66738,AUD/USD,forex,H4,engine_b_proxy,ob_bos,require_engulf=True|require_vol_expand=False|swing_period=5,both,all,NEEDS_MORE_DATA,15,,,,,,,,,,,,,,1.000000,,only 15 trades < min 20,mt5
run_20260427_180242_a66738,AUD/USD,forex,H4,engine_b_proxy,ob_bos,require_engulf=True|require_vol_expand=True|swing_period=5,both,all,NEEDS_MORE_DATA,11,,,,,,,,,,,,,,,,only 11 trades < min 20,mt5
run_20260427_180242_a66738,AUD/USD,forex,H4,engine_b_proxy,ob_bos,require_engulf=False|require_vol_expand=False|swing_period=10,both,all,NEEDS_MORE_DATA,11,,,,,,,,,,,,,,,,only 11 trades < min 20,mt5
run_20260427_180242_a66738,AUD/USD,forex,H4,engine_b_proxy,ob_bos,require_engulf=False|require_vol_expand=True|swing_period=10,both,all,NEEDS_MORE_DATA,8,,,,,,,,,,,,,,,,only 8 trades < min 20,mt5
run_20260427_180242_a66738,AUD/USD,forex,H4,engine_b_proxy,ob_bos,require_engulf=True|require_vol_expand=False|swing_period=10,both,all,NEEDS_MORE_DATA,10,,,,,,,,,,,,,,,,only 10 trades < min 20,mt5
run_20260427_180242_a66738,AUD/USD,forex,H4,engine_b_proxy,ob_bos,require_engulf=True|require_vol_expand=True|swing_period=10,both,all,NEEDS_MORE_DATA,7,,,,,,,,,,,,,,,,only 7 trades < min 20,mt5
run_20260427_180242_a66738,AUD/USD,forex,H4,engine_b_proxy,structure_filters,fvg_detection=False|strong_close_pct=0.7,both,all,REJECT,327,0.256881,0.411042,-0.001263,-0.001263,-0.355769,-7.101472,-5.984218,0.327327,2.923547,-0.339994,-0.339994,-0.280055,-0.083604,0.489559,,,mt5
run_20260427_180242_a66738,AUD/USD,forex,H4,engine_b_proxy,structure_filters,fvg_detection=True|strong_close_pct=0.7,both,all,WEAK_CANDIDATE,29,0.413793,1.511883,0.001173,0.001173,-0.032704,1.041334,0.857220,0.029029,15.965517,0.033767,0.033767,0.048330,-0.013892,0.390667,,,mt5
run_20260427_180242_a66738,AUD/USD,forex,H4,engine_b_proxy,structure_filters,fvg_detection=False|strong_close_pct=0.8,both,all,REJECT,217,0.281106,0.555519,-0.001026,-0.001026,-0.238964,-3.805362,-3.149596,0.217217,4.188940,-0.201647,-0.201647,-0.136149,-0.076174,0.567846,,,mt5
run_20260427_180242_a66738,AUD/USD,forex,H4,engine_b_proxy,structure_filters,fvg_detection=True|strong_close_pct=0.8,both,all,WEAK_CANDIDATE,26,0.346154,1.141187,0.000372,0.000372,-0.024668,0.322660,0.262743,0.026026,17.000000,0.009037,0.009037,0.034557,-0.024668,0.372667,,,mt5
run_20260427_180242_a66738,USD/JPY,forex,H4,trend_momentum,ema_cross,adx_min=0|fast_period=10|rsi_confirm=False|slow_period=50,both,all,REJECT,34,0.147059,0.313023,-0.002990,-0.002990,-0.097577,-2.794288,-2.460076,0.034034,28.617647,-0.097577,-0.097577,-0.044361,-0.056597,0.521248,,,mt5
run_20260427_180242_a66738,USD/JPY,forex,H4,trend_momentum,ema_cross,adx_min=0|fast_period=10|rsi_confirm=True|slow_period=50,both,all,REJECT,31,0.129032,0.331140,-0.003029,-0.003029,-0.090522,-2.604486,-2.284311,0.031031,25.870968,-0.090522,-0.090522,-0.036889,-0.056597,0.442390,,,mt5
run_20260427_180242_a66738,USD/JPY,forex,H4,trend_momentum,ema_cross,adx_min=20|fast_period=10|rsi_confirm=False|slow_period=50,both,all,REJECT,34,0.147059,0.313023,-0.002990,-0.002990,-0.097577,-2.794288,-2.460076,0.034034,28.617647,-0.097577,-0.097577,-0.044361,-0.056597,0.521248,,,mt5
run_20260427_180242_a66738,USD/JPY,forex,H4,trend_momentum,ema_cross,adx_min=20|fast_period=10|rsi_confirm=True|slow_period=50,both,all,REJECT,31,0.129032,0.331140,-0.003029,-0.003029,-0.090522,-2.604486,-2.284311,0.031031,25.870968,-0.090522,-0.090522,-0.036889,-0.056597,0.442390,,,mt5
run_20260427_180242_a66738,USD/JPY,forex,H4,trend_momentum,ema_cross,adx_min=25|fast_period=10|rsi_confirm=False|slow_period=50,both,all,REJECT,32,0.156250,0.339849,-0.002812,-0.002812,-0.086939,-2.519937,-2.193394,0.032032,29.218750,-0.086939,-0.086939,-0.040631,-0.049186,0.528832,,,mt5
run_20260427_180242_a66738,USD/JPY,forex,H4,trend_momentum,ema_cross,adx_min=25|fast_period=10|rsi_confirm=True|slow_period=50,both,all,REJECT,29,0.137931,0.361196,-0.002835,-0.002835,-0.079800,-2.324472,-2.014747,0.029029,26.344828,-0.079800,-0.079800,-0.033130,-0.049186,0.428608,,,mt5
run_20260427_180242_a66738,USD/JPY,forex,H4,trend_momentum,ema_cross,adx_min=0|fast_period=10|rsi_confirm=False|slow_period=100,both,all,REJECT,20,0.100000,0.456964,-0.003002,-0.003002,-0.061205,-1.520997,-1.286101,0.020020,48.650000,-0.059381,-0.059381,-0.036022,-0.023973,0.419652,,,mt5
run_20260427_180242_a66738,USD/JPY,forex,H4,trend_momentum,ema_cross,adx_min=0|fast_period=10|rsi_confirm=True|slow_period=100,both,all,NEEDS_MORE_DATA,18,,,,,,,,,,,,,,1.000000,,only 18 trades < min 20,mt5
run_20260427_180242_a66738,USD/JPY,forex,H4,trend_momentum,ema_cross,adx_min=20|fast_period=10|rsi_confirm=False|slow_period=100,both,all,REJECT,20,0.100000,0.456964,-0.003002,-0.003002,-0.061205,-1.520997,-1.286101,0.020020,48.650000,-0.059381,-0.059381,-0.036022,-0.023973,0.419652,,,mt5
run_20260427_180242_a66738,USD/JPY,forex,H4,trend_momentum,ema_cross,adx_min=20|fast_period=10|rsi_confirm=True|slow_period=100,both,all,NEEDS_MORE_DATA,18,,,,,,,,,,,,,,1.000000,,only 18 trades < min 20,mt5
run_20260427_180242_a66738,USD/JPY,forex,H4,trend_momentum,ema_cross,adx_min=25|fast_period=10|rsi_confirm=False|slow_period=100,both,all,REJECT,20,0.100000,0.456964,-0.003002,-0.003002,-0.061205,-1.520997,-1.286101,0.020020,48.650000,-0.059381,-0.059381,-0.036022,-0.023973,0.419652,,,mt5
run_20260427_180242_a66738,USD/JPY,forex,H4,trend_momentum,ema_cross,adx_min=25|fast_period=10|rsi_confirm=True|slow_period=100,both,all,NEEDS_MORE_DATA,18,,,,,,,,,,,,,,1.000000,,only 18 trades < min 20,mt5
run_20260427_180242_a66738,USD/JPY,forex,H4,trend_momentum,ema_cross,adx_min=0|fast_period=10|rsi_confirm=False|slow_period=200,both,all,NEEDS_MORE_DATA,8,,,,,,,,,,,,,,,,only 8 trades < min 20,mt5
run_20260427_180242_a66738,USD/JPY,forex,H4,trend_momentum,ema_cross,adx_min=0|fast_period=10|rsi_confirm=True|slow_period=200,both,all,NEEDS_MORE_DATA,6,,,,,,,,,,,,,,,,only 6 trades < min 20,mt5
run_20260427_180242_a66738,USD/JPY,forex,H4,trend_momentum,ema_cross,adx_min=20|fast_period=10|rsi_confirm=False|slow_period=200,both,all,NEEDS_MORE_DATA,7,,,,,,,,,,,,,,,,only 7 trades < min 20,mt5
run_20260427_180242_a66738,USD/JPY,forex,H4,trend_momentum,ema_cross,adx_min=20|fast_period=10|rsi_confirm=True|slow_period=200,both,all,NEEDS_MORE_DATA,5,,,,,,,,,,,,,,,,only 5 trades < min 20,mt5
run_20260427_180242_a66738,USD/JPY,forex,H4,trend_momentum,ema_cross,adx_min=25|fast_period=10|rsi_confirm=False|slow_period=200,both,all,NEEDS_MORE_DATA,7,,,,,,,,,,,,,,,,only 7 trades < min 20,mt5
run_20260427_180242_a66738,USD/JPY,forex,H4,trend_momentum,ema_cross,adx_min=25|fast_period=10|rsi_confirm=True|slow_period=200,both,all,NEEDS_MORE_DATA,5,,,,,,,,,,,,,,,,only 5 trades < min 20,mt5
run_20260427_180242_a66738,USD/JPY,forex,H4,trend_momentum,ema_cross,adx_min=0|fast_period=20|rsi_confirm=False|slow_period=50,both,all,REJECT,20,0.100000,0.262135,-0.005670,-0.005670,-0.108365,-2.749889,-2.573844,0.020020,48.750000,-0.108365,-0.108365,-0.089714,-0.015236,0.270947,,,mt5
run_20260427_180242_a66738,USD/JPY,forex,H4,trend_momentum,ema_cross,adx_min=0|fast_period=20|rsi_confirm=True|slow_period=50,both,all,NEEDS_MORE_DATA,18,,,,,,,,,,,,,,1.000000,,only 18 trades < min 20,mt5
run_20260427_180242_a66738,USD/JPY,forex,H4,trend_momentum,ema_cross,adx_min=20|fast_period=20|rsi_confirm=False|slow_period=50,both,all,REJECT,20,0.100000,0.262135,-0.005670,-0.005670,-0.108365,-2.749889,-2.573844,0.020020,48.750000,-0.108365,-0.108365,-0.089714,-0.015236,0.270947,,,mt5
run_20260427_180242_a66738,USD/JPY,forex,H4,trend_momentum,ema_cross,adx_min=20|fast_period=20|rsi_confirm=True|slow_period=50,both,all,NEEDS_MORE_DATA,18,,,,,,,,,,,,,,1.000000,,only 18 trades < min 20,mt5
run_20260427_180242_a66738,USD/JPY,forex,H4,trend_momentum,ema_cross,adx_min=25|fast_period=20|rsi_confirm=False|slow_period=50,both,all,REJECT,20,0.100000,0.262135,-0.005670,-0.005670,-0.108365,-2.749889,-2.573844,0.020020,48.750000,-0.108365,-0.108365,-0.089714,-0.015236,0.270947,,,mt5
run_20260427_180242_a66738,USD/JPY,forex,H4,trend_momentum,ema_cross,adx_min=25|fast_period=20|rsi_confirm=True|slow_period=50,both,all,NEEDS_MORE_DATA,18,,,,,,,,,,,,,,1.000000,,only 18 trades < min 20,mt5
run_20260427_180242_a66738,USD/JPY,forex,H4,trend_momentum,ema_cross,adx_min=0|fast_period=20|rsi_confirm=False|slow_period=100,both,all,REJECT,20,0.100000,0.318343,-0.004921,-0.004921,-0.095034,-2.262821,-2.014997,0.020020,48.700000,-0.095034,-0.095034,-0.071450,-0.014793,0.282111,,,mt5
run_20260427_180242_a66738,USD/JPY,forex,H4,trend_momentum,ema_cross,adx_min=0|fast_period=20|rsi_confirm=True|slow_period=100,both,all,NEEDS_MORE_DATA,18,,,,,,,,,,,,,,,,only 18 trades < min 20,mt5
run_20260427_180242_a66738,USD/JPY,forex,H4,trend_momentum,ema_cross,adx_min=20|fast_period=20|rsi_confirm=False|slow_period=100,both,all,NEEDS_MORE_DATA,19,,,,,,,,,,,,,,,,only 19 trades < min 20,mt5
run_20260427_180242_a66738,USD/JPY,forex,H4,trend_momentum,ema_cross,adx_min=20|fast_period=20|rsi_confirm=True|slow_period=100,both,all,NEEDS_MORE_DATA,17,,,,,,,,,,,,,,,,only 17 trades < min 20,mt5
run_20260427_180242_a66738,USD/JPY,forex,H4,trend_momentum,ema_cross,adx_min=25|fast_period=20|rsi_confirm=False|slow_period=100,both,all,NEEDS_MORE_DATA,18,,,,,,,,,,,,,,,,only 18 trades < min 20,mt5
run_20260427_180242_a66738,USD/JPY,forex,H4,trend_momentum,ema_cross,adx_min=25|fast_period=20|rsi_confirm=True|slow_period=100,both,all,NEEDS_MORE_DATA,16,,,,,,,,,,,,,,,,only 16 trades < min 20,mt5
run_20260427_180242_a66738,USD/JPY,forex,H4,trend_momentum,ema_cross,adx_min=0|fast_period=20|rsi_confirm=False|slow_period=200,both,all,NEEDS_MORE_DATA,8,,,,,,,,,,,,,,,,only 8 trades < min 20,mt5
run_20260427_180242_a66738,USD/JPY,forex,H4,trend_momentum,ema_cross,adx_min=0|fast_period=20|rsi_confirm=True|slow_period=200,both,all,NEEDS_MORE_DATA,6,,,,,,,,,,,,,,,,only 6 trades < min 20,mt5
run_20260427_180242_a66738,USD/JPY,forex,H4,trend_momentum,ema_cross,adx_min=20|fast_period=20|rsi_confirm=False|slow_period=200,both,all,NEEDS_MORE_DATA,8,,,,,,,,,,,,,,,,only 8 trades < min 20,mt5
run_20260427_180242_a66738,USD/JPY,forex,H4,trend_momentum,ema_cross,adx_min=20|fast_period=20|rsi_confirm=True|slow_period=200,both,all,NEEDS_MORE_DATA,6,,,,,,,,,,,,,,,,only 6 trades < min 20,mt5
run_20260427_180242_a66738,USD/JPY,forex,H4,trend_momentum,ema_cross,adx_min=25|fast_period=20|rsi_confirm=False|slow_period=200,both,all,NEEDS_MORE_DATA,8,,,,,,,,,,,,,,,,only 8 trades < min 20,mt5
run_20260427_180242_a66738,USD/JPY,forex,H4,trend_momentum,ema_cross,adx_min=25|fast_period=20|rsi_confirm=True|slow_period=200,both,all,NEEDS_MORE_DATA,6,,,,,,,,,,,,,,,,only 6 trades < min 20,mt5
run_20260427_180242_a66738,USD/JPY,forex,H4,trend_momentum,ema_alignment,adx_min=0|ema_long=200|ema_mid=50|ema_short=20,both,all,REJECT,30,0.133333,0.359400,-0.002050,-0.002050,-0.060108,-2.413888,-2.098158,0.030030,14.466667,-0.060108,-0.060108,-0.045243,-0.015953,0.385780,,,mt5
run_20260427_180242_a66738,USD/JPY,forex,H4,trend_momentum,ema_alignment,adx_min=20|ema_long=200|ema_mid=50|ema_short=20,both,all,REJECT,30,0.100000,0.277843,-0.002469,-0.002469,-0.071841,-2.899365,-2.603494,0.030030,13.500000,-0.071841,-0.071841,-0.057161,-0.015953,0.363724,,,mt5
run_20260427_180242_a66738,USD/JPY,forex,H4,trend_momentum,ema_alignment,adx_min=25|ema_long=200|ema_mid=50|ema_short=20,both,all,REJECT,27,0.111111,0.232103,-0.002678,-0.002678,-0.070164,-3.035031,-2.793906,0.027027,14.111111,-0.070164,-0.070164,-0.051642,-0.014814,0.348059,,,mt5
run_20260427_180242_a66738,USD/JPY,forex,H4,trend_momentum,macd_direction,adx_min=0|fast=12|signal_period=9|slow=26,both,all,WEAK_CANDIDATE,65,0.415385,1.357544,0.000855,0.000855,-0.091616,0.993123,0.811474,0.065065,15.246154,0.054706,0.054706,0.153483,-0.090019,0.533333,,,mt5
run_20260427_180242_a66738,USD/JPY,forex,H4,trend_momentum,macd_direction,adx_min=20|fast=12|signal_period=9|slow=26,both,all,WEAK_CANDIDATE,62,0.403226,1.271038,0.000676,0.000676,-0.091616,0.758359,0.618518,0.062062,15.112903,0.040442,0.040442,0.137884,-0.090019,0.533333,,,mt5
run_20260427_180242_a66738,USD/JPY,forex,H4,pullback,pullback_ema,pullback_period=20|rsi_reclaim=False|rsi_threshold=50|trend_period=200,both,all,REJECT,68,0.220588,0.546757,-0.000947,-0.000947,-0.063023,-2.155305,-1.790912,0.068068,7.500000,-0.063023,-0.063023,-0.026824,-0.034387,0.615421,,,mt5
run_20260427_180242_a66738,USD/JPY,forex,H4,pullback,pullback_ema,pullback_period=20|rsi_reclaim=True|rsi_threshold=50|trend_period=200,both,all,REJECT,56,0.232143,0.636711,-0.000758,-0.000758,-0.042174,-1.473452,-1.213056,0.056056,7.839286,-0.042174,-0.042174,-0.005993,-0.033586,0.400000,,,mt5
run_20260427_180242_a66738,USD/JPY,forex,H4,pullback,pullback_ema,pullback_period=50|rsi_reclaim=False|rsi_threshold=50|trend_period=200,both,all,REJECT,54,0.185185,0.460373,-0.001219,-0.001219,-0.064189,-2.466081,-2.080162,0.054054,10.222222,-0.064189,-0.064189,-0.046992,-0.029615,0.589064,,,mt5
run_20260427_180242_a66738,USD/JPY,forex,H4,pullback,pullback_ema,pullback_period=50|rsi_reclaim=True|rsi_threshold=50|trend_period=200,both,all,REJECT,27,0.185185,0.657964,-0.000623,-0.000623,-0.026159,-1.014780,-0.835588,0.027027,12.111111,-0.016876,-0.016876,-0.002362,-0.026159,0.262000,,,mt5
run_20260427_180242_a66738,USD/JPY,forex,H4,breakout,prev_day_hl,atr_expand_min=0.0,both,all,WEAK_CANDIDATE,39,0.333333,1.061743,0.000181,0.000181,-0.059317,0.164795,0.134049,0.039039,22.769231,0.005709,0.005709,0.041448,-0.041563,0.534000,,,mt5
run_20260427_180242_a66738,USD/JPY,forex,H4,breakout,prev_day_hl,atr_expand_min=0.5,both,all,WEAK_CANDIDATE,38,0.342105,1.080465,0.000238,0.000238,-0.057447,0.211193,0.171817,0.038038,23.105263,0.007709,0.007709,0.041448,-0.039657,0.528000,,,mt5
run_20260427_180242_a66738,USD/JPY,forex,H4,breakout,prev_day_hl,atr_expand_min=1.0,both,all,WEAK_CANDIDATE,29,0.413793,1.158136,0.000485,0.000485,-0.049432,0.355802,0.289762,0.029029,23.620690,0.012987,0.012987,0.047627,-0.040513,0.474000,,,mt5
run_20260427_180242_a66738,USD/JPY,forex,H4,breakout,session_opening_range,atr_expand_min=0.0|range_bars=6,both,all,REJECT,60,0.350000,0.977123,-0.000062,-0.000062,-0.039060,-0.080740,-0.065664,0.060060,16.366667,-0.005254,-0.005254,0.018468,-0.041641,0.433333,,,mt5
run_20260427_180242_a66738,USD/JPY,forex,H4,breakout,session_opening_range,atr_expand_min=0.5|range_bars=6,both,all,REJECT,60,0.350000,0.977123,-0.000062,-0.000062,-0.039060,-0.080740,-0.065664,0.060060,16.366667,-0.005254,-0.005254,0.018468,-0.041641,0.433333,,,mt5
run_20260427_180242_a66738,USD/JPY,forex,H4,breakout,session_opening_range,atr_expand_min=0.0|range_bars=12,both,all,REJECT,38,0.368421,0.485678,-0.002100,-0.002100,-0.077660,-2.158337,-1.828002,0.038038,25.842105,-0.077660,-0.077660,-0.023924,-0.065817,0.344667,,,mt5
run_20260427_180242_a66738,USD/JPY,forex,H4,breakout,session_opening_range,atr_expand_min=0.5|range_bars=12,both,all,REJECT,38,0.368421,0.478826,-0.002158,-0.002158,-0.079717,-2.204665,-1.870676,0.038038,25.736842,-0.079717,-0.079717,-0.023924,-0.067901,0.344667,,,mt5
run_20260427_180242_a66738,USD/JPY,forex,H4,breakout,london_breakout,atr_expand_min=0.0|utc_end=11|utc_start=7,both,all,NEEDS_MORE_DATA,19,,,,,,,,,,,,,,1.000000,,only 19 trades < min 20,mt5
run_20260427_180242_a66738,USD/JPY,forex,H4,breakout,london_breakout,atr_expand_min=0.5|utc_end=11|utc_start=7,both,all,NEEDS_MORE_DATA,18,,,,,,,,,,,,,,1.000000,,only 18 trades < min 20,mt5
run_20260427_180242_a66738,USD/JPY,forex,H4,breakout,ny_breakout,atr_expand_min=0.0|utc_end=16|utc_start=13,both,all,NEEDS_MORE_DATA,0,,,,,,,,,,,,,,,,only 0 trades < min 20,mt5
run_20260427_180242_a66738,USD/JPY,forex,H4,breakout,ny_breakout,atr_expand_min=0.5|utc_end=16|utc_start=13,both,all,NEEDS_MORE_DATA,0,,,,,,,,,,,,,,,,only 0 trades < min 20,mt5
run_20260427_180242_a66738,USD/JPY,forex,H4,mean_reversion,rsi_extreme,overbought=70|oversold=30|period=14,both,all,NEEDS_MORE_DATA,19,,,,,,,,,,,,,,,,only 19 trades < min 20,mt5
run_20260427_180242_a66738,USD/JPY,forex,H4,mean_reversion,rsi_extreme,overbought=75|oversold=30|period=14,both,all,NEEDS_MORE_DATA,12,,,,,,,,,,,,,,,,only 12 trades < min 20,mt5
run_20260427_180242_a66738,USD/JPY,forex,H4,mean_reversion,rsi_extreme,overbought=70|oversold=25|period=14,both,all,NEEDS_MORE_DATA,16,,,,,,,,,,,,,,,,only 16 trades < min 20,mt5
run_20260427_180242_a66738,USD/JPY,forex,H4,mean_reversion,rsi_extreme,overbought=75|oversold=25|period=14,both,all,NEEDS_MORE_DATA,9,,,,,,,,,,,,,,,,only 9 trades < min 20,mt5
run_20260427_180242_a66738,USD/JPY,forex,H4,mean_reversion,bollinger_touch,num_std=2.0|period=20,both,all,REJECT,35,0.600000,0.734827,-0.000784,-0.000784,-0.065751,-0.818933,-0.670107,0.035035,12.885714,-0.027916,-0.027916,-0.051456,0.024817,0.310000,,,mt5
run_20260427_180242_a66738,USD/JPY,forex,H4,mean_reversion,bollinger_touch,num_std=2.5|period=20,both,all,REJECT,23,0.695652,0.968479,-0.000089,-0.000089,-0.038370,-0.071438,-0.058101,0.023023,13.000000,-0.002678,-0.002678,-0.027816,0.025857,0.278000,,,mt5
run_20260427_180242_a66738,USD/JPY,forex,H4,mean_reversion,vwap_deviation,std_threshold=1.5,both,all,NEEDS_MORE_DATA,7,,,,,,,,,,,,,,,,only 7 trades < min 20,mt5
run_20260427_180242_a66738,USD/JPY,forex,H4,mean_reversion,vwap_deviation,std_threshold=2.0,both,all,NEEDS_MORE_DATA,7,,,,,,,,,,,,,,,,only 7 trades < min 20,mt5
run_20260427_180242_a66738,USD/JPY,forex,H4,engine_b_proxy,ob_bos,require_engulf=False|require_vol_expand=False|swing_period=5,both,all,REJECT,24,0.291667,0.440905,-0.003424,-0.003424,-0.079978,-2.086178,-1.805544,0.024024,36.625000,-0.079978,-0.079978,-0.036669,-0.044444,0.480392,,,mt5
run_20260427_180242_a66738,USD/JPY,forex,H4,engine_b_proxy,ob_bos,require_engulf=False|require_vol_expand=True|swing_period=5,both,all,NEEDS_MORE_DATA,16,,,,,,,,,,,,,,1.000000,,only 16 trades < min 20,mt5
run_20260427_180242_a66738,USD/JPY,forex,H4,engine_b_proxy,ob_bos,require_engulf=True|require_vol_expand=False|swing_period=5,both,all,REJECT,22,0.272727,0.443802,-0.003649,-0.003649,-0.078220,-2.042110,-1.772990,0.022022,37.000000,-0.078220,-0.078220,-0.044240,-0.035034,0.469575,,,mt5
run_20260427_180242_a66738,USD/JPY,forex,H4,engine_b_proxy,ob_bos,require_engulf=True|require_vol_expand=True|swing_period=5,both,all,NEEDS_MORE_DATA,15,,,,,,,,,,,,,,,,only 15 trades < min 20,mt5
run_20260427_180242_a66738,USD/JPY,forex,H4,engine_b_proxy,ob_bos,require_engulf=False|require_vol_expand=False|swing_period=10,both,all,NEEDS_MORE_DATA,10,,,,,,,,,,,,,,,,only 10 trades < min 20,mt5
run_20260427_180242_a66738,USD/JPY,forex,H4,engine_b_proxy,ob_bos,require_engulf=False|require_vol_expand=True|swing_period=10,both,all,NEEDS_MORE_DATA,9,,,,,,,,,,,,,,,,only 9 trades < min 20,mt5
run_20260427_180242_a66738,USD/JPY,forex,H4,engine_b_proxy,ob_bos,require_engulf=True|require_vol_expand=False|swing_period=10,both,all,NEEDS_MORE_DATA,10,,,,,,,,,,,,,,,,only 10 trades < min 20,mt5
run_20260427_180242_a66738,USD/JPY,forex,H4,engine_b_proxy,ob_bos,require_engulf=True|require_vol_expand=True|swing_period=10,both,all,NEEDS_MORE_DATA,9,,,,,,,,,,,,,,,,only 9 trades < min 20,mt5
run_20260427_180242_a66738,USD/JPY,forex,H4,engine_b_proxy,structure_filters,fvg_detection=False|strong_close_pct=0.7,both,all,REJECT,298,0.271812,0.475253,-0.000931,-0.000931,-0.243514,-5.798920,-4.844533,0.298298,3.181208,-0.243514,-0.243514,-0.217310,-0.031413,0.443366,,,mt5
run_20260427_180242_a66738,USD/JPY,forex,H4,engine_b_proxy,structure_filters,fvg_detection=True|strong_close_pct=0.7,both,all,REJECT,44,0.227273,0.606710,-0.001086,-0.001086,-0.066293,-1.597175,-1.323385,0.044044,10.818182,-0.047298,-0.047298,-0.001346,-0.046014,0.380667,,,mt5
run_20260427_180242_a66738,USD/JPY,forex,H4,engine_b_proxy,structure_filters,fvg_detection=False|strong_close_pct=0.8,both,all,REJECT,205,0.273171,0.527441,-0.000937,-0.000937,-0.176286,-3.943935,-3.273350,0.205205,4.351220,-0.176286,-0.176286,-0.146485,-0.036134,0.474002,,,mt5
run_20260427_180242_a66738,USD/JPY,forex,H4,engine_b_proxy,structure_filters,fvg_detection=True|strong_close_pct=0.8,both,all,REJECT,32,0.281250,0.824508,-0.000475,-0.000475,-0.047053,-0.559223,-0.456218,0.032032,12.500000,-0.015638,-0.015638,0.030348,-0.044631,0.308667,,,mt5
