run_id,symbol,asset_class,timeframe,family,strategy_name,params_str,direction,session,status,trade_count,win_rate,profit_factor,avg_return,expectancy,max_drawdown,sharpe,sqn,exposure_pct,avg_duration_bars,gross_return,net_return,is_return,oos_return,robustness_score,param_sensitivity,skip_reason,data_source
run_20260427_124725,AUD/USD,forex,M15,trend_momentum,ema_cross,adx_min=0|fast_period=10|rsi_confirm=False|slow_period=50,both,all,REJECT,25,0.200000,0.518213,-0.000694,-0.000694,-0.030626,-2.864514,-1.147460,0.025025,38.360000,-0.017310,-0.017310,0.006006,-0.021442,0.250000,,,mt5
run_20260427_124725,AUD/USD,forex,M15,trend_momentum,ema_cross,adx_min=0|fast_period=10|rsi_confirm=True|slow_period=50,both,all,REJECT,24,0.166667,0.338457,-0.000987,-0.000987,-0.030626,-4.326374,-1.797850,0.024024,35.000000,-0.023497,-0.023497,-0.000328,-0.021442,0.244000,,,mt5
run_20260427_124725,AUD/USD,forex,M15,trend_momentum,ema_cross,adx_min=20|fast_period=10|rsi_confirm=False|slow_period=50,both,all,REJECT,21,0.238095,0.590123,-0.000624,-0.000624,-0.026796,-2.184281,-0.868203,0.021021,41.761905,-0.013125,-0.013125,0.006314,-0.017576,0.226000,,,mt5
run_20260427_124725,AUD/USD,forex,M15,trend_momentum,ema_cross,adx_min=20|fast_period=10|rsi_confirm=True|slow_period=50,both,all,REJECT,20,0.200000,0.387901,-0.000972,-0.000972,-0.026796,-3.592881,-1.476730,0.020020,37.900000,-0.019338,-0.019338,-0.000022,-0.017576,0.220000,,,mt5
run_20260427_124725,AUD/USD,forex,M15,trend_momentum,ema_cross,adx_min=25|fast_period=10|rsi_confirm=False|slow_period=50,both,all,NEEDS_MORE_DATA,16,,,,,,,,,,,,,,1.000000,,only 16 trades < min 20,mt5
run_20260427_124725,AUD/USD,forex,M15,trend_momentum,ema_cross,adx_min=25|fast_period=10|rsi_confirm=True|slow_period=50,both,all,NEEDS_MORE_DATA,15,,,,,,,,,,,,,,1.000000,,only 15 trades < min 20,mt5
run_20260427_124725,AUD/USD,forex,M15,trend_momentum,ema_cross,adx_min=0|fast_period=10|rsi_confirm=False|slow_period=100,both,all,REJECT,23,0.043478,0.393687,-0.001208,-0.001208,-0.042834,-3.388437,-1.375972,0.023023,39.695652,-0.027620,-0.027620,-0.005611,-0.018850,0.238000,,,mt5
run_20260427_124725,AUD/USD,forex,M15,trend_momentum,ema_cross,adx_min=0|fast_period=10|rsi_confirm=True|slow_period=100,both,all,REJECT,22,0.000000,0.000000,-0.002074,-0.002074,-0.044663,-10.990341,-10.106485,0.022022,25.454545,-0.044663,-0.044663,-0.023040,-0.018850,0.477446,,,mt5
run_20260427_124725,AUD/USD,forex,M15,trend_momentum,ema_cross,adx_min=20|fast_period=10|rsi_confirm=False|slow_period=100,both,all,REJECT,21,0.047619,0.415839,-0.001207,-0.001207,-0.040492,-3.105172,-1.256990,0.021021,36.761905,-0.025241,-0.025241,-0.004597,-0.017451,0.226000,,,mt5
run_20260427_124725,AUD/USD,forex,M15,trend_momentum,ema_cross,adx_min=20|fast_period=10|rsi_confirm=True|slow_period=100,both,all,REJECT,20,0.000000,0.000000,-0.002160,-0.002160,-0.042325,-10.591669,-10.311316,0.020020,20.950000,-0.042325,-0.042325,-0.022044,-0.017451,0.457500,,,mt5
run_20260427_124725,AUD/USD,forex,M15,trend_momentum,ema_cross,adx_min=25|fast_period=10|rsi_confirm=False|slow_period=100,both,all,NEEDS_MORE_DATA,14,,,,,,,,,,,,,,1.000000,,only 14 trades < min 20,mt5
run_20260427_124725,AUD/USD,forex,M15,trend_momentum,ema_cross,adx_min=25|fast_period=10|rsi_confirm=True|slow_period=100,both,all,NEEDS_MORE_DATA,13,,,,,,,,,,,,,,1.000000,,only 13 trades < min 20,mt5
run_20260427_124725,AUD/USD,forex,M15,trend_momentum,ema_cross,adx_min=0|fast_period=10|rsi_confirm=False|slow_period=200,both,all,NEEDS_MORE_DATA,11,,,,,,,,,,,,,,,,only 11 trades < min 20,mt5
run_20260427_124725,AUD/USD,forex,M15,trend_momentum,ema_cross,adx_min=0|fast_period=10|rsi_confirm=True|slow_period=200,both,all,NEEDS_MORE_DATA,10,,,,,,,,,,,,,,,,only 10 trades < min 20,mt5
run_20260427_124725,AUD/USD,forex,M15,trend_momentum,ema_cross,adx_min=20|fast_period=10|rsi_confirm=False|slow_period=200,both,all,NEEDS_MORE_DATA,11,,,,,,,,,,,,,,,,only 11 trades < min 20,mt5
run_20260427_124725,AUD/USD,forex,M15,trend_momentum,ema_cross,adx_min=20|fast_period=10|rsi_confirm=True|slow_period=200,both,all,NEEDS_MORE_DATA,10,,,,,,,,,,,,,,,,only 10 trades < min 20,mt5
run_20260427_124725,AUD/USD,forex,M15,trend_momentum,ema_cross,adx_min=25|fast_period=10|rsi_confirm=False|slow_period=200,both,all,NEEDS_MORE_DATA,8,,,,,,,,,,,,,,,,only 8 trades < min 20,mt5
run_20260427_124725,AUD/USD,forex,M15,trend_momentum,ema_cross,adx_min=25|fast_period=10|rsi_confirm=True|slow_period=200,both,all,NEEDS_MORE_DATA,7,,,,,,,,,,,,,,,,only 7 trades < min 20,mt5
run_20260427_124725,AUD/USD,forex,M15,trend_momentum,ema_cross,adx_min=0|fast_period=20|rsi_confirm=False|slow_period=50,both,all,NEEDS_MORE_DATA,15,,,,,,,,,,,,,,1.000000,,only 15 trades < min 20,mt5
run_20260427_124725,AUD/USD,forex,M15,trend_momentum,ema_cross,adx_min=0|fast_period=20|rsi_confirm=True|slow_period=50,both,all,NEEDS_MORE_DATA,14,,,,,,,,,,,,,,1.000000,,only 14 trades < min 20,mt5
run_20260427_124725,AUD/USD,forex,M15,trend_momentum,ema_cross,adx_min=20|fast_period=20|rsi_confirm=False|slow_period=50,both,all,NEEDS_MORE_DATA,14,,,,,,,,,,,,,,1.000000,,only 14 trades < min 20,mt5
run_20260427_124725,AUD/USD,forex,M15,trend_momentum,ema_cross,adx_min=20|fast_period=20|rsi_confirm=True|slow_period=50,both,all,NEEDS_MORE_DATA,13,,,,,,,,,,,,,,1.000000,,only 13 trades < min 20,mt5
run_20260427_124725,AUD/USD,forex,M15,trend_momentum,ema_cross,adx_min=25|fast_period=20|rsi_confirm=False|slow_period=50,both,all,NEEDS_MORE_DATA,11,,,,,,,,,,,,,,1.000000,,only 11 trades < min 20,mt5
run_20260427_124725,AUD/USD,forex,M15,trend_momentum,ema_cross,adx_min=25|fast_period=20|rsi_confirm=True|slow_period=50,both,all,NEEDS_MORE_DATA,10,,,,,,,,,,,,,,1.000000,,only 10 trades < min 20,mt5
run_20260427_124725,AUD/USD,forex,M15,trend_momentum,ema_cross,adx_min=0|fast_period=20|rsi_confirm=False|slow_period=100,both,all,NEEDS_MORE_DATA,19,,,,,,,,,,,,,,,,only 19 trades < min 20,mt5
run_20260427_124725,AUD/USD,forex,M15,trend_momentum,ema_cross,adx_min=0|fast_period=20|rsi_confirm=True|slow_period=100,both,all,NEEDS_MORE_DATA,18,,,,,,,,,,,,,,,,only 18 trades < min 20,mt5
run_20260427_124725,AUD/USD,forex,M15,trend_momentum,ema_cross,adx_min=20|fast_period=20|rsi_confirm=False|slow_period=100,both,all,NEEDS_MORE_DATA,17,,,,,,,,,,,,,,,,only 17 trades < min 20,mt5
run_20260427_124725,AUD/USD,forex,M15,trend_momentum,ema_cross,adx_min=20|fast_period=20|rsi_confirm=True|slow_period=100,both,all,NEEDS_MORE_DATA,16,,,,,,,,,,,,,,,,only 16 trades < min 20,mt5
run_20260427_124725,AUD/USD,forex,M15,trend_momentum,ema_cross,adx_min=25|fast_period=20|rsi_confirm=False|slow_period=100,both,all,NEEDS_MORE_DATA,11,,,,,,,,,,,,,,,,only 11 trades < min 20,mt5
run_20260427_124725,AUD/USD,forex,M15,trend_momentum,ema_cross,adx_min=25|fast_period=20|rsi_confirm=True|slow_period=100,both,all,NEEDS_MORE_DATA,10,,,,,,,,,,,,,,,,only 10 trades < min 20,mt5
run_20260427_124725,AUD/USD,forex,M15,trend_momentum,ema_cross,adx_min=0|fast_period=20|rsi_confirm=False|slow_period=200,both,all,NEEDS_MORE_DATA,9,,,,,,,,,,,,,,,,only 9 trades < min 20,mt5
run_20260427_124725,AUD/USD,forex,M15,trend_momentum,ema_cross,adx_min=0|fast_period=20|rsi_confirm=True|slow_period=200,both,all,NEEDS_MORE_DATA,8,,,,,,,,,,,,,,,,only 8 trades < min 20,mt5
run_20260427_124725,AUD/USD,forex,M15,trend_momentum,ema_cross,adx_min=20|fast_period=20|rsi_confirm=False|slow_period=200,both,all,NEEDS_MORE_DATA,9,,,,,,,,,,,,,,,,only 9 trades < min 20,mt5
run_20260427_124725,AUD/USD,forex,M15,trend_momentum,ema_cross,adx_min=20|fast_period=20|rsi_confirm=True|slow_period=200,both,all,NEEDS_MORE_DATA,8,,,,,,,,,,,,,,,,only 8 trades < min 20,mt5
run_20260427_124725,AUD/USD,forex,M15,trend_momentum,ema_cross,adx_min=25|fast_period=20|rsi_confirm=False|slow_period=200,both,all,NEEDS_MORE_DATA,9,,,,,,,,,,,,,,,,only 9 trades < min 20,mt5
run_20260427_124725,AUD/USD,forex,M15,trend_momentum,ema_cross,adx_min=25|fast_period=20|rsi_confirm=True|slow_period=200,both,all,NEEDS_MORE_DATA,8,,,,,,,,,,,,,,,,only 8 trades < min 20,mt5
run_20260427_124725,AUD/USD,forex,M15,trend_momentum,ema_alignment,adx_min=0|ema_long=200|ema_mid=50|ema_short=20,both,all,REJECT,35,0.142857,0.299494,-0.000976,-0.000976,-0.038752,-7.118650,-3.135374,0.035035,13.942857,-0.033659,-0.033659,-0.016717,-0.017230,0.600785,,,mt5
run_20260427_124725,AUD/USD,forex,M15,trend_momentum,ema_alignment,adx_min=20|ema_long=200|ema_mid=50|ema_short=20,both,all,REJECT,32,0.156250,0.325502,-0.000946,-0.000946,-0.034996,-6.417102,-2.785739,0.032032,14.531250,-0.029884,-0.029884,-0.015102,-0.015008,0.590138,,,mt5
run_20260427_124725,AUD/USD,forex,M15,trend_momentum,ema_alignment,adx_min=25|ema_long=200|ema_mid=50|ema_short=20,both,all,REJECT,28,0.178571,0.402594,-0.000774,-0.000774,-0.026657,-5.042751,-2.117895,0.028028,16.142857,-0.021500,-0.021500,-0.009426,-0.012189,0.485130,,,mt5
run_20260427_124725,AUD/USD,forex,M15,trend_momentum,macd_direction,adx_min=0|fast=12|signal_period=9|slow=26,both,all,REJECT,73,0.191781,0.237117,-0.001080,-0.001080,-0.075938,-10.993010,-4.907627,0.073073,13.630137,-0.075938,-0.075938,-0.044153,-0.031091,0.644581,,,mt5
run_20260427_124725,AUD/USD,forex,M15,trend_momentum,macd_direction,adx_min=20|fast=12|signal_period=9|slow=26,both,all,REJECT,70,0.200000,0.256527,-0.001014,-0.001014,-0.068675,-10.272856,-4.526745,0.070070,13.885714,-0.068675,-0.068675,-0.044153,-0.023476,0.592842,,,mt5
run_20260427_124725,AUD/USD,forex,M15,pullback,pullback_ema,pullback_period=20|rsi_reclaim=False|rsi_threshold=50|trend_period=200,both,all,REJECT,82,0.109756,0.211677,-0.000887,-0.000887,-0.076585,-13.053946,-6.057236,0.082082,5.780488,-0.070240,-0.070240,-0.038069,-0.032679,0.657524,,,mt5
run_20260427_124725,AUD/USD,forex,M15,pullback,pullback_ema,pullback_period=20|rsi_reclaim=True|rsi_threshold=50|trend_period=200,both,all,REJECT,74,0.121622,0.233263,-0.000867,-0.000867,-0.069449,-11.762904,-5.357473,0.074074,6.189189,-0.062265,-0.062265,-0.031165,-0.031334,0.698378,,,mt5
run_20260427_124725,AUD/USD,forex,M15,pullback,pullback_ema,pullback_period=50|rsi_reclaim=False|rsi_threshold=50|trend_period=200,both,all,REJECT,56,0.089286,0.231146,-0.000884,-0.000884,-0.056319,-10.236106,-4.679027,0.056056,10.089286,-0.048354,-0.048354,-0.022550,-0.026400,0.648784,,,mt5
run_20260427_124725,AUD/USD,forex,M15,pullback,pullback_ema,pullback_period=50|rsi_reclaim=True|rsi_threshold=50|trend_period=200,both,all,REJECT,37,0.054054,0.118529,-0.001084,-0.001084,-0.041910,-10.710725,-5.671658,0.037037,9.567568,-0.039356,-0.039356,-0.021077,-0.018673,0.587790,,,mt5
run_20260427_124725,AUD/USD,forex,M15,breakout,prev_day_hl,atr_expand_min=0.0,both,all,NEEDS_MORE_DATA,1,,,,,,,,,,,,,,1.000000,,only 1 trades < min 20,mt5
run_20260427_124725,AUD/USD,forex,M15,breakout,prev_day_hl,atr_expand_min=0.5,both,all,NEEDS_MORE_DATA,1,,,,,,,,,,,,,,1.000000,,only 1 trades < min 20,mt5
run_20260427_124725,AUD/USD,forex,M15,breakout,prev_day_hl,atr_expand_min=1.0,both,all,NEEDS_MORE_DATA,1,,,,,,,,,,,,,,1.000000,,only 1 trades < min 20,mt5
run_20260427_124725,AUD/USD,forex,M15,breakout,session_opening_range,atr_expand_min=0.0|range_bars=6,both,all,REJECT,62,0.209677,0.312250,-0.000947,-0.000947,-0.057598,-8.685213,-3.733774,0.062062,15.870968,-0.057174,-0.057174,-0.028622,-0.028431,0.731334,,,mt5
run_20260427_124725,AUD/USD,forex,M15,breakout,session_opening_range,atr_expand_min=0.5|range_bars=6,both,all,REJECT,59,0.220339,0.334391,-0.000899,-0.000899,-0.052250,-7.977688,-3.390314,0.059059,16.440678,-0.051824,-0.051824,-0.024815,-0.026732,0.710166,,,mt5
run_20260427_124725,AUD/USD,forex,M15,breakout,session_opening_range,atr_expand_min=0.0|range_bars=12,both,all,REJECT,30,0.233333,0.398857,-0.000940,-0.000940,-0.034002,-5.021136,-2.096359,0.030030,32.100000,-0.027916,-0.027916,-0.000595,-0.026495,0.296667,,,mt5
run_20260427_124725,AUD/USD,forex,M15,breakout,session_opening_range,atr_expand_min=0.5|range_bars=12,both,all,REJECT,30,0.233333,0.398032,-0.000942,-0.000942,-0.034002,-5.033931,-2.102464,0.030030,31.533333,-0.027953,-0.027953,-0.000634,-0.026495,0.296667,,,mt5
run_20260427_124725,AUD/USD,forex,M15,breakout,london_breakout,atr_expand_min=0.0|utc_end=11|utc_start=7,both,all,NEEDS_MORE_DATA,15,,,,,,,,,,,,,,1.000000,,only 15 trades < min 20,mt5
run_20260427_124725,AUD/USD,forex,M15,breakout,london_breakout,atr_expand_min=0.5|utc_end=11|utc_start=7,both,all,NEEDS_MORE_DATA,15,,,,,,,,,,,,,,1.000000,,only 15 trades < min 20,mt5
run_20260427_124725,AUD/USD,forex,M15,breakout,ny_breakout,atr_expand_min=0.0|utc_end=16|utc_start=13,both,all,NEEDS_MORE_DATA,9,,,,,,,,,,,,,,,,only 9 trades < min 20,mt5
run_20260427_124725,AUD/USD,forex,M15,breakout,ny_breakout,atr_expand_min=0.5|utc_end=16|utc_start=13,both,all,NEEDS_MORE_DATA,9,,,,,,,,,,,,,,,,only 9 trades < min 20,mt5
run_20260427_124725,AUD/USD,forex,M15,mean_reversion,rsi_extreme,overbought=70|oversold=30|period=14,both,all,NEEDS_MORE_DATA,17,,,,,,,,,,,,,,1.000000,,only 17 trades < min 20,mt5
run_20260427_124725,AUD/USD,forex,M15,mean_reversion,rsi_extreme,overbought=75|oversold=30|period=14,both,all,NEEDS_MORE_DATA,13,,,,,,,,,,,,,,,,only 13 trades < min 20,mt5
run_20260427_124725,AUD/USD,forex,M15,mean_reversion,rsi_extreme,overbought=70|oversold=25|period=14,both,all,NEEDS_MORE_DATA,12,,,,,,,,,,,,,,,,only 12 trades < min 20,mt5
run_20260427_124725,AUD/USD,forex,M15,mean_reversion,rsi_extreme,overbought=75|oversold=25|period=14,both,all,NEEDS_MORE_DATA,8,,,,,,,,,,,,,,,,only 8 trades < min 20,mt5
run_20260427_124725,AUD/USD,forex,M15,mean_reversion,bollinger_touch,num_std=2.0|period=20,both,all,REJECT,40,0.450000,0.571837,-0.000334,-0.000334,-0.020495,-2.972818,-1.180666,0.040040,12.475000,-0.013320,-0.013320,-0.014772,0.001451,0.340000,,,mt5
run_20260427_124725,AUD/USD,forex,M15,mean_reversion,bollinger_touch,num_std=2.5|period=20,both,all,WEAK_CANDIDATE,26,0.538462,1.238740,0.000117,0.000117,-0.009239,0.945023,0.370141,0.026026,12.076923,0.003015,0.003015,-0.002737,0.005744,0.441570,,,mt5
run_20260427_124725,AUD/USD,forex,M15,mean_reversion,vwap_deviation,std_threshold=1.5,both,all,NEEDS_MORE_DATA,14,,,,,,,,,,,,,,,,only 14 trades < min 20,mt5
run_20260427_124725,AUD/USD,forex,M15,mean_reversion,vwap_deviation,std_threshold=2.0,both,all,NEEDS_MORE_DATA,12,,,,,,,,,,,,,,,,only 12 trades < min 20,mt5
run_20260427_124725,AUD/USD,forex,M15,engine_b_proxy,ob_bos,require_engulf=False|require_vol_expand=False|swing_period=5,both,all,REJECT,21,0.333333,0.298490,-0.001297,-0.001297,-0.031762,-5.318948,-2.325122,0.021021,40.714286,-0.026962,-0.026962,-0.006803,-0.018713,0.226000,,,mt5
run_20260427_124725,AUD/USD,forex,M15,engine_b_proxy,ob_bos,require_engulf=False|require_vol_expand=True|swing_period=5,both,all,NEEDS_MORE_DATA,17,,,,,,,,,,,,,,1.000000,,only 17 trades < min 20,mt5
run_20260427_124725,AUD/USD,forex,M15,engine_b_proxy,ob_bos,require_engulf=True|require_vol_expand=False|swing_period=5,both,all,NEEDS_MORE_DATA,19,,,,,,,,,,,,,,1.000000,,only 19 trades < min 20,mt5
run_20260427_124725,AUD/USD,forex,M15,engine_b_proxy,ob_bos,require_engulf=True|require_vol_expand=True|swing_period=5,both,all,NEEDS_MORE_DATA,15,,,,,,,,,,,,,,,,only 15 trades < min 20,mt5
run_20260427_124725,AUD/USD,forex,M15,engine_b_proxy,ob_bos,require_engulf=False|require_vol_expand=False|swing_period=10,both,all,NEEDS_MORE_DATA,11,,,,,,,,,,,,,,,,only 11 trades < min 20,mt5
run_20260427_124725,AUD/USD,forex,M15,engine_b_proxy,ob_bos,require_engulf=False|require_vol_expand=True|swing_period=10,both,all,NEEDS_MORE_DATA,9,,,,,,,,,,,,,,,,only 9 trades < min 20,mt5
run_20260427_124725,AUD/USD,forex,M15,engine_b_proxy,ob_bos,require_engulf=True|require_vol_expand=False|swing_period=10,both,all,NEEDS_MORE_DATA,10,,,,,,,,,,,,,,,,only 10 trades < min 20,mt5
run_20260427_124725,AUD/USD,forex,M15,engine_b_proxy,ob_bos,require_engulf=True|require_vol_expand=True|swing_period=10,both,all,NEEDS_MORE_DATA,9,,,,,,,,,,,,,,,,only 9 trades < min 20,mt5
run_20260427_124725,AUD/USD,forex,M15,engine_b_proxy,structure_filters,fvg_detection=False|strong_close_pct=0.7,both,all,REJECT,310,0.096774,0.092398,-0.000998,-0.000998,-0.267595,-36.254995,-19.035087,0.310310,3.003226,-0.266219,-0.266219,-0.186147,-0.097539,0.557196,,,mt5
run_20260427_124725,AUD/USD,forex,M15,engine_b_proxy,structure_filters,fvg_detection=True|strong_close_pct=0.7,both,all,REJECT,34,0.147059,0.244492,-0.001178,-0.001178,-0.043110,-7.436287,-3.331971,0.034034,10.676471,-0.039348,-0.039348,-0.021633,-0.016141,0.544505,,,mt5
run_20260427_124725,AUD/USD,forex,M15,engine_b_proxy,structure_filters,fvg_detection=False|strong_close_pct=0.8,both,all,REJECT,225,0.120000,0.117962,-0.001029,-0.001029,-0.207700,-27.656490,-13.971902,0.225225,3.902222,-0.206912,-0.206912,-0.151815,-0.064763,0.527978,,,mt5
run_20260427_124725,AUD/USD,forex,M15,engine_b_proxy,structure_filters,fvg_detection=True|strong_close_pct=0.8,both,all,REJECT,28,0.178571,0.300274,-0.001079,-0.001079,-0.033752,-5.928666,-2.567544,0.028028,11.392857,-0.029832,-0.029832,-0.017420,-0.010654,0.468153,,,mt5
run_20260427_124725,GBP/USD,forex,M15,trend_momentum,ema_cross,adx_min=0|fast_period=10|rsi_confirm=False|slow_period=50,both,all,REJECT,20,0.200000,0.466699,-0.000761,-0.000761,-0.026383,-2.890938,-1.166452,0.020020,44.150000,-0.015190,-0.015190,-0.001065,-0.011925,0.220000,,,mt5
run_20260427_124725,GBP/USD,forex,M15,trend_momentum,ema_cross,adx_min=0|fast_period=10|rsi_confirm=True|slow_period=50,both,all,NEEDS_MORE_DATA,19,,,,,,,,,,,,,,1.000000,,only 19 trades < min 20,mt5
run_20260427_124725,GBP/USD,forex,M15,trend_momentum,ema_cross,adx_min=20|fast_period=10|rsi_confirm=False|slow_period=50,both,all,REJECT,20,0.200000,0.466699,-0.000761,-0.000761,-0.026383,-2.890938,-1.166452,0.020020,44.150000,-0.015190,-0.015190,-0.001065,-0.011925,0.220000,,,mt5
run_20260427_124725,GBP/USD,forex,M15,trend_momentum,ema_cross,adx_min=20|fast_period=10|rsi_confirm=True|slow_period=50,both,all,NEEDS_MORE_DATA,19,,,,,,,,,,,,,,1.000000,,only 19 trades < min 20,mt5
run_20260427_124725,GBP/USD,forex,M15,trend_momentum,ema_cross,adx_min=25|fast_period=10|rsi_confirm=False|slow_period=50,both,all,NEEDS_MORE_DATA,8,,,,,,,,,,,,,,1.000000,,only 8 trades < min 20,mt5
run_20260427_124725,GBP/USD,forex,M15,trend_momentum,ema_cross,adx_min=25|fast_period=10|rsi_confirm=True|slow_period=50,both,all,NEEDS_MORE_DATA,7,,,,,,,,,,,,,,1.000000,,only 7 trades < min 20,mt5
run_20260427_124725,GBP/USD,forex,M15,trend_momentum,ema_cross,adx_min=0|fast_period=10|rsi_confirm=False|slow_period=100,both,all,NEEDS_MORE_DATA,16,,,,,,,,,,,,,,1.000000,,only 16 trades < min 20,mt5
run_20260427_124725,GBP/USD,forex,M15,trend_momentum,ema_cross,adx_min=0|fast_period=10|rsi_confirm=True|slow_period=100,both,all,NEEDS_MORE_DATA,15,,,,,,,,,,,,,,1.000000,,only 15 trades < min 20,mt5
run_20260427_124725,GBP/USD,forex,M15,trend_momentum,ema_cross,adx_min=20|fast_period=10|rsi_confirm=False|slow_period=100,both,all,NEEDS_MORE_DATA,14,,,,,,,,,,,,,,1.000000,,only 14 trades < min 20,mt5
run_20260427_124725,GBP/USD,forex,M15,trend_momentum,ema_cross,adx_min=20|fast_period=10|rsi_confirm=True|slow_period=100,both,all,NEEDS_MORE_DATA,13,,,,,,,,,,,,,,1.000000,,only 13 trades < min 20,mt5
run_20260427_124725,GBP/USD,forex,M15,trend_momentum,ema_cross,adx_min=25|fast_period=10|rsi_confirm=False|slow_period=100,both,all,NEEDS_MORE_DATA,8,,,,,,,,,,,,,,1.000000,,only 8 trades < min 20,mt5
run_20260427_124725,GBP/USD,forex,M15,trend_momentum,ema_cross,adx_min=25|fast_period=10|rsi_confirm=True|slow_period=100,both,all,NEEDS_MORE_DATA,7,,,,,,,,,,,,,,1.000000,,only 7 trades < min 20,mt5
run_20260427_124725,GBP/USD,forex,M15,trend_momentum,ema_cross,adx_min=0|fast_period=10|rsi_confirm=False|slow_period=200,both,all,NEEDS_MORE_DATA,10,,,,,,,,,,,,,,,,only 10 trades < min 20,mt5
run_20260427_124725,GBP/USD,forex,M15,trend_momentum,ema_cross,adx_min=0|fast_period=10|rsi_confirm=True|slow_period=200,both,all,NEEDS_MORE_DATA,9,,,,,,,,,,,,,,,,only 9 trades < min 20,mt5
run_20260427_124725,GBP/USD,forex,M15,trend_momentum,ema_cross,adx_min=20|fast_period=10|rsi_confirm=False|slow_period=200,both,all,NEEDS_MORE_DATA,10,,,,,,,,,,,,,,,,only 10 trades < min 20,mt5
run_20260427_124725,GBP/USD,forex,M15,trend_momentum,ema_cross,adx_min=20|fast_period=10|rsi_confirm=True|slow_period=200,both,all,NEEDS_MORE_DATA,9,,,,,,,,,,,,,,,,only 9 trades < min 20,mt5
run_20260427_124725,GBP/USD,forex,M15,trend_momentum,ema_cross,adx_min=25|fast_period=10|rsi_confirm=False|slow_period=200,both,all,NEEDS_MORE_DATA,7,,,,,,,,,,,,,,,,only 7 trades < min 20,mt5
run_20260427_124725,GBP/USD,forex,M15,trend_momentum,ema_cross,adx_min=25|fast_period=10|rsi_confirm=True|slow_period=200,both,all,NEEDS_MORE_DATA,6,,,,,,,,,,,,,,,,only 6 trades < min 20,mt5
run_20260427_124725,GBP/USD,forex,M15,trend_momentum,ema_cross,adx_min=0|fast_period=20|rsi_confirm=False|slow_period=50,both,all,NEEDS_MORE_DATA,18,,,,,,,,,,,,,,1.000000,,only 18 trades < min 20,mt5
run_20260427_124725,GBP/USD,forex,M15,trend_momentum,ema_cross,adx_min=0|fast_period=20|rsi_confirm=True|slow_period=50,both,all,NEEDS_MORE_DATA,17,,,,,,,,,,,,,,1.000000,,only 17 trades < min 20,mt5
run_20260427_124725,GBP/USD,forex,M15,trend_momentum,ema_cross,adx_min=20|fast_period=20|rsi_confirm=False|slow_period=50,both,all,NEEDS_MORE_DATA,16,,,,,,,,,,,,,,1.000000,,only 16 trades < min 20,mt5
run_20260427_124725,GBP/USD,forex,M15,trend_momentum,ema_cross,adx_min=20|fast_period=20|rsi_confirm=True|slow_period=50,both,all,NEEDS_MORE_DATA,15,,,,,,,,,,,,,,1.000000,,only 15 trades < min 20,mt5
run_20260427_124725,GBP/USD,forex,M15,trend_momentum,ema_cross,adx_min=25|fast_period=20|rsi_confirm=False|slow_period=50,both,all,NEEDS_MORE_DATA,8,,,,,,,,,,,,,,1.000000,,only 8 trades < min 20,mt5
run_20260427_124725,GBP/USD,forex,M15,trend_momentum,ema_cross,adx_min=25|fast_period=20|rsi_confirm=True|slow_period=50,both,all,NEEDS_MORE_DATA,7,,,,,,,,,,,,,,1.000000,,only 7 trades < min 20,mt5
run_20260427_124725,GBP/USD,forex,M15,trend_momentum,ema_cross,adx_min=0|fast_period=20|rsi_confirm=False|slow_period=100,both,all,NEEDS_MORE_DATA,14,,,,,,,,,,,,,,,,only 14 trades < min 20,mt5
run_20260427_124725,GBP/USD,forex,M15,trend_momentum,ema_cross,adx_min=0|fast_period=20|rsi_confirm=True|slow_period=100,both,all,NEEDS_MORE_DATA,13,,,,,,,,,,,,,,,,only 13 trades < min 20,mt5
run_20260427_124725,GBP/USD,forex,M15,trend_momentum,ema_cross,adx_min=20|fast_period=20|rsi_confirm=False|slow_period=100,both,all,NEEDS_MORE_DATA,11,,,,,,,,,,,,,,,,only 11 trades < min 20,mt5
run_20260427_124725,GBP/USD,forex,M15,trend_momentum,ema_cross,adx_min=20|fast_period=20|rsi_confirm=True|slow_period=100,both,all,NEEDS_MORE_DATA,10,,,,,,,,,,,,,,,,only 10 trades < min 20,mt5
run_20260427_124725,GBP/USD,forex,M15,trend_momentum,ema_cross,adx_min=25|fast_period=20|rsi_confirm=False|slow_period=100,both,all,NEEDS_MORE_DATA,9,,,,,,,,,,,,,,,,only 9 trades < min 20,mt5
run_20260427_124725,GBP/USD,forex,M15,trend_momentum,ema_cross,adx_min=25|fast_period=20|rsi_confirm=True|slow_period=100,both,all,NEEDS_MORE_DATA,8,,,,,,,,,,,,,,,,only 8 trades < min 20,mt5
run_20260427_124725,GBP/USD,forex,M15,trend_momentum,ema_cross,adx_min=0|fast_period=20|rsi_confirm=False|slow_period=200,both,all,NEEDS_MORE_DATA,8,,,,,,,,,,,,,,,,only 8 trades < min 20,mt5
run_20260427_124725,GBP/USD,forex,M15,trend_momentum,ema_cross,adx_min=0|fast_period=20|rsi_confirm=True|slow_period=200,both,all,NEEDS_MORE_DATA,7,,,,,,,,,,,,,,,,only 7 trades < min 20,mt5
run_20260427_124725,GBP/USD,forex,M15,trend_momentum,ema_cross,adx_min=20|fast_period=20|rsi_confirm=False|slow_period=200,both,all,NEEDS_MORE_DATA,8,,,,,,,,,,,,,,,,only 8 trades < min 20,mt5
run_20260427_124725,GBP/USD,forex,M15,trend_momentum,ema_cross,adx_min=20|fast_period=20|rsi_confirm=True|slow_period=200,both,all,NEEDS_MORE_DATA,7,,,,,,,,,,,,,,,,only 7 trades < min 20,mt5
run_20260427_124725,GBP/USD,forex,M15,trend_momentum,ema_cross,adx_min=25|fast_period=20|rsi_confirm=False|slow_period=200,both,all,NEEDS_MORE_DATA,8,,,,,,,,,,,,,,,,only 8 trades < min 20,mt5
run_20260427_124725,GBP/USD,forex,M15,trend_momentum,ema_cross,adx_min=25|fast_period=20|rsi_confirm=True|slow_period=200,both,all,NEEDS_MORE_DATA,7,,,,,,,,,,,,,,,,only 7 trades < min 20,mt5
run_20260427_124725,GBP/USD,forex,M15,trend_momentum,ema_alignment,adx_min=0|ema_long=200|ema_mid=50|ema_short=20,both,all,REJECT,28,0.071429,0.326351,-0.000818,-0.000818,-0.033380,-4.481715,-1.852209,0.028028,18.000000,-0.022740,-0.022740,-0.014014,-0.008849,0.457435,,,mt5
run_20260427_124725,GBP/USD,forex,M15,trend_momentum,ema_alignment,adx_min=20|ema_long=200|ema_mid=50|ema_short=20,both,all,REJECT,26,0.076923,0.357435,-0.000768,-0.000768,-0.030514,-3.954644,-1.619052,0.026026,18.769231,-0.019842,-0.019842,-0.011091,-0.008849,0.495371,,,mt5
run_20260427_124725,GBP/USD,forex,M15,trend_momentum,ema_alignment,adx_min=25|ema_long=200|ema_mid=50|ema_short=20,both,all,NEEDS_MORE_DATA,17,,,,,,,,,,,,,,1.000000,,only 17 trades < min 20,mt5
run_20260427_124725,GBP/USD,forex,M15,trend_momentum,macd_direction,adx_min=0|fast=12|signal_period=9|slow=26,both,all,REJECT,84,0.130952,0.141413,-0.001233,-0.001233,-0.099491,-16.091769,-8.333656,0.084084,11.845238,-0.098552,-0.098552,-0.060927,-0.039020,0.625464,,,mt5
run_20260427_124725,GBP/USD,forex,M15,trend_momentum,macd_direction,adx_min=20|fast=12|signal_period=9|slow=26,both,all,REJECT,82,0.121951,0.142587,-0.001238,-0.001238,-0.097576,-15.886733,-8.229448,0.082082,11.792683,-0.096635,-0.096635,-0.058930,-0.039020,0.631972,,,mt5
run_20260427_124725,GBP/USD,forex,M15,pullback,pullback_ema,pullback_period=20|rsi_reclaim=False|rsi_threshold=50|trend_period=200,both,all,REJECT,69,0.072464,0.165343,-0.000791,-0.000791,-0.061540,-13.012229,-6.298832,0.069069,7.884058,-0.053171,-0.053171,-0.036299,-0.017507,0.544692,,,mt5
run_20260427_124725,GBP/USD,forex,M15,pullback,pullback_ema,pullback_period=20|rsi_reclaim=True|rsi_threshold=50|trend_period=200,both,all,REJECT,61,0.065574,0.179767,-0.000769,-0.000769,-0.053786,-11.674081,-5.531405,0.061061,8.180328,-0.045858,-0.045858,-0.028856,-0.017507,0.582015,,,mt5
run_20260427_124725,GBP/USD,forex,M15,pullback,pullback_ema,pullback_period=50|rsi_reclaim=False|rsi_threshold=50|trend_period=200,both,all,REJECT,43,0.046512,0.242415,-0.000880,-0.000880,-0.047700,-7.042608,-3.017222,0.043043,11.348837,-0.037217,-0.037217,-0.022987,-0.013418,0.533111,,,mt5
run_20260427_124725,GBP/USD,forex,M15,pullback,pullback_ema,pullback_period=50|rsi_reclaim=True|rsi_threshold=50|trend_period=200,both,all,REJECT,30,0.033333,0.030046,-0.001181,-0.001181,-0.034845,-12.658979,-10.812353,0.030030,7.066667,-0.034845,-0.034845,-0.022537,-0.011640,0.434937,,,mt5
run_20260427_124725,GBP/USD,forex,M15,breakout,prev_day_hl,atr_expand_min=0.0,both,all,NEEDS_MORE_DATA,2,,,,,,,,,,,,,,1.000000,,only 2 trades < min 20,mt5
run_20260427_124725,GBP/USD,forex,M15,breakout,prev_day_hl,atr_expand_min=0.5,both,all,NEEDS_MORE_DATA,2,,,,,,,,,,,,,,1.000000,,only 2 trades < min 20,mt5
run_20260427_124725,GBP/USD,forex,M15,breakout,prev_day_hl,atr_expand_min=1.0,both,all,NEEDS_MORE_DATA,2,,,,,,,,,,,,,,1.000000,,only 2 trades < min 20,mt5
run_20260427_124725,GBP/USD,forex,M15,breakout,session_opening_range,atr_expand_min=0.0|range_bars=6,both,all,REJECT,70,0.114286,0.125255,-0.001281,-0.001281,-0.085873,-15.063763,-8.009165,0.070070,13.771429,-0.085873,-0.085873,-0.061556,-0.026454,0.562258,,,mt5
run_20260427_124725,GBP/USD,forex,M15,breakout,session_opening_range,atr_expand_min=0.5|range_bars=6,both,all,REJECT,70,0.114286,0.124834,-0.001286,-0.001286,-0.086189,-15.101218,-8.046167,0.070070,13.642857,-0.086189,-0.086189,-0.061880,-0.026454,0.561582,,,mt5
run_20260427_124725,GBP/USD,forex,M15,breakout,session_opening_range,atr_expand_min=0.0|range_bars=12,both,all,REJECT,36,0.166667,0.231822,-0.001058,-0.001058,-0.038335,-8.671715,-4.070548,0.036036,26.833333,-0.037433,-0.037433,-0.021538,-0.015114,0.543181,,,mt5
run_20260427_124725,GBP/USD,forex,M15,breakout,session_opening_range,atr_expand_min=0.5|range_bars=12,both,all,REJECT,36,0.166667,0.231822,-0.001058,-0.001058,-0.038335,-8.671715,-4.070548,0.036036,26.833333,-0.037433,-0.037433,-0.021538,-0.015114,0.543181,,,mt5
run_20260427_124725,GBP/USD,forex,M15,breakout,london_breakout,atr_expand_min=0.0|utc_end=11|utc_start=7,both,all,NEEDS_MORE_DATA,16,,,,,,,,,,,,,,1.000000,,only 16 trades < min 20,mt5
run_20260427_124725,GBP/USD,forex,M15,breakout,london_breakout,atr_expand_min=0.5|utc_end=11|utc_start=7,both,all,NEEDS_MORE_DATA,16,,,,,,,,,,,,,,1.000000,,only 16 trades < min 20,mt5
run_20260427_124725,GBP/USD,forex,M15,breakout,ny_breakout,atr_expand_min=0.0|utc_end=16|utc_start=13,both,all,NEEDS_MORE_DATA,12,,,,,,,,,,,,,,,,only 12 trades < min 20,mt5
run_20260427_124725,GBP/USD,forex,M15,breakout,ny_breakout,atr_expand_min=0.5|utc_end=16|utc_start=13,both,all,NEEDS_MORE_DATA,12,,,,,,,,,,,,,,,,only 12 trades < min 20,mt5
run_20260427_124725,GBP/USD,forex,M15,mean_reversion,rsi_extreme,overbought=70|oversold=30|period=14,both,all,NEEDS_MORE_DATA,13,,,,,,,,,,,,,,1.000000,,only 13 trades < min 20,mt5
run_20260427_124725,GBP/USD,forex,M15,mean_reversion,rsi_extreme,overbought=75|oversold=30|period=14,both,all,NEEDS_MORE_DATA,12,,,,,,,,,,,,,,,,only 12 trades < min 20,mt5
run_20260427_124725,GBP/USD,forex,M15,mean_reversion,rsi_extreme,overbought=70|oversold=25|period=14,both,all,NEEDS_MORE_DATA,9,,,,,,,,,,,,,,,,only 9 trades < min 20,mt5
run_20260427_124725,GBP/USD,forex,M15,mean_reversion,rsi_extreme,overbought=75|oversold=25|period=14,both,all,NEEDS_MORE_DATA,8,,,,,,,,,,,,,,,,only 8 trades < min 20,mt5
run_20260427_124725,GBP/USD,forex,M15,mean_reversion,bollinger_touch,num_std=2.0|period=20,both,all,REJECT,38,0.342105,0.312145,-0.000443,-0.000443,-0.018655,-5.184502,-2.139589,0.038038,11.789474,-0.016724,-0.016724,-0.014674,-0.002081,0.370546,,,mt5
run_20260427_124725,GBP/USD,forex,M15,mean_reversion,bollinger_touch,num_std=2.5|period=20,both,all,REJECT,23,0.347826,0.412483,-0.000345,-0.000345,-0.009513,-2.984992,-1.201370,0.023023,12.869565,-0.007918,-0.007918,-0.005988,-0.001941,0.456581,,,mt5
run_20260427_124725,GBP/USD,forex,M15,mean_reversion,vwap_deviation,std_threshold=1.5,both,all,NEEDS_MORE_DATA,13,,,,,,,,,,,,,,,,only 13 trades < min 20,mt5
run_20260427_124725,GBP/USD,forex,M15,mean_reversion,vwap_deviation,std_threshold=2.0,both,all,NEEDS_MORE_DATA,12,,,,,,,,,,,,,,,,only 12 trades < min 20,mt5
run_20260427_124725,GBP/USD,forex,M15,engine_b_proxy,ob_bos,require_engulf=False|require_vol_expand=False|swing_period=5,both,all,REJECT,22,0.181818,0.278883,-0.001153,-0.001153,-0.029002,-5.397521,-2.354121,0.022022,34.272727,-0.025122,-0.025122,-0.014327,-0.008356,0.406973,,,mt5
run_20260427_124725,GBP/USD,forex,M15,engine_b_proxy,ob_bos,require_engulf=False|require_vol_expand=True|swing_period=5,both,all,NEEDS_MORE_DATA,16,,,,,,,,,,,,,,1.000000,,only 16 trades < min 20,mt5
run_20260427_124725,GBP/USD,forex,M15,engine_b_proxy,ob_bos,require_engulf=True|require_vol_expand=False|swing_period=5,both,all,NEEDS_MORE_DATA,19,,,,,,,,,,,,,,1.000000,,only 19 trades < min 20,mt5
run_20260427_124725,GBP/USD,forex,M15,engine_b_proxy,ob_bos,require_engulf=True|require_vol_expand=True|swing_period=5,both,all,NEEDS_MORE_DATA,13,,,,,,,,,,,,,,,,only 13 trades < min 20,mt5
run_20260427_124725,GBP/USD,forex,M15,engine_b_proxy,ob_bos,require_engulf=False|require_vol_expand=False|swing_period=10,both,all,NEEDS_MORE_DATA,11,,,,,,,,,,,,,,,,only 11 trades < min 20,mt5
run_20260427_124725,GBP/USD,forex,M15,engine_b_proxy,ob_bos,require_engulf=False|require_vol_expand=True|swing_period=10,both,all,NEEDS_MORE_DATA,9,,,,,,,,,,,,,,,,only 9 trades < min 20,mt5
run_20260427_124725,GBP/USD,forex,M15,engine_b_proxy,ob_bos,require_engulf=True|require_vol_expand=False|swing_period=10,both,all,NEEDS_MORE_DATA,11,,,,,,,,,,,,,,,,only 11 trades < min 20,mt5
run_20260427_124725,GBP/USD,forex,M15,engine_b_proxy,ob_bos,require_engulf=True|require_vol_expand=True|swing_period=10,both,all,NEEDS_MORE_DATA,9,,,,,,,,,,,,,,,,only 9 trades < min 20,mt5
run_20260427_124725,GBP/USD,forex,M15,engine_b_proxy,structure_filters,fvg_detection=False|strong_close_pct=0.7,both,all,REJECT,335,0.041791,0.025711,-0.001059,-0.001059,-0.298731,-47.732587,-33.489495,0.335335,2.874627,-0.298731,-0.298731,-0.218966,-0.101554,0.539137,,,mt5
run_20260427_124725,GBP/USD,forex,M15,engine_b_proxy,structure_filters,fvg_detection=True|strong_close_pct=0.7,both,all,REJECT,39,0.102564,0.211394,-0.000994,-0.000994,-0.039750,-9.271633,-4.403168,0.039039,10.897436,-0.038065,-0.038065,-0.027680,-0.010680,0.466423,,,mt5
run_20260427_124725,GBP/USD,forex,M15,engine_b_proxy,structure_filters,fvg_detection=False|strong_close_pct=0.8,both,all,REJECT,220,0.068182,0.051882,-0.001019,-0.001019,-0.200994,-33.741015,-21.268394,0.220220,4.109091,-0.200994,-0.200994,-0.146960,-0.062745,0.528086,,,mt5
run_20260427_124725,GBP/USD,forex,M15,engine_b_proxy,structure_filters,fvg_detection=True|strong_close_pct=0.8,both,all,REJECT,26,0.153846,0.248424,-0.001002,-0.001002,-0.030218,-7.119917,-3.300718,0.026026,11.807692,-0.025764,-0.025764,-0.017699,-0.008211,0.411840,,,mt5
run_20260427_124725,USD/JPY,forex,M15,trend_momentum,ema_cross,adx_min=0|fast_period=10|rsi_confirm=False|slow_period=50,both,all,REJECT,35,0.114286,0.123620,-0.001381,-0.001381,-0.047241,-11.178790,-6.342331,0.035035,27.657143,-0.047241,-0.047241,-0.022179,-0.023211,0.596039,,,mt5
run_20260427_124725,USD/JPY,forex,M15,trend_momentum,ema_cross,adx_min=0|fast_period=10|rsi_confirm=True|slow_period=50,both,all,REJECT,32,0.125000,0.136107,-0.001352,-0.001352,-0.042404,-10.367480,-5.706512,0.032032,28.625000,-0.042404,-0.042404,-0.017215,-0.023211,0.487509,,,mt5
run_20260427_124725,USD/JPY,forex,M15,trend_momentum,ema_cross,adx_min=20|fast_period=10|rsi_confirm=False|slow_period=50,both,all,REJECT,33,0.121212,0.131680,-0.001362,-0.001362,-0.044016,-10.646608,-5.923380,0.033033,27.696970,-0.044016,-0.044016,-0.018870,-0.023211,0.528982,,,mt5
run_20260427_124725,USD/JPY,forex,M15,trend_momentum,ema_cross,adx_min=20|fast_period=10|rsi_confirm=True|slow_period=50,both,all,REJECT,30,0.133333,0.145942,-0.001330,-0.001330,-0.039163,-9.806113,-5.284858,0.030030,28.733333,-0.039163,-0.039163,-0.013889,-0.023211,0.378650,,,mt5
run_20260427_124725,USD/JPY,forex,M15,trend_momentum,ema_cross,adx_min=25|fast_period=10|rsi_confirm=False|slow_period=50,both,all,REJECT,30,0.133333,0.149990,-0.001326,-0.001326,-0.039042,-9.801228,-5.279852,0.030030,28.666667,-0.039042,-0.039042,-0.018168,-0.018831,0.569044,,,mt5
run_20260427_124725,USD/JPY,forex,M15,trend_momentum,ema_cross,adx_min=25|fast_period=10|rsi_confirm=True|slow_period=50,both,all,REJECT,27,0.148148,0.168176,-0.001286,-0.001286,-0.034164,-8.909090,-4.636790,0.027027,29.925926,-0.034164,-0.034164,-0.013183,-0.018831,0.433478,,,mt5
run_20260427_124725,USD/JPY,forex,M15,trend_momentum,ema_cross,adx_min=0|fast_period=10|rsi_confirm=False|slow_period=100,both,all,REJECT,29,0.068966,0.061208,-0.001731,-0.001731,-0.049029,-11.506280,-7.904048,0.029029,33.241379,-0.049029,-0.049029,-0.032581,-0.017529,0.435403,,,mt5
run_20260427_124725,USD/JPY,forex,M15,trend_momentum,ema_cross,adx_min=0|fast_period=10|rsi_confirm=True|slow_period=100,both,all,REJECT,26,0.076923,0.068381,-0.001715,-0.001715,-0.043673,-10.668102,-7.051729,0.026026,35.038462,-0.043673,-0.043673,-0.027132,-0.017529,0.449814,,,mt5
run_20260427_124725,USD/JPY,forex,M15,trend_momentum,ema_cross,adx_min=20|fast_period=10|rsi_confirm=False|slow_period=100,both,all,REJECT,29,0.068966,0.061208,-0.001731,-0.001731,-0.049029,-11.506280,-7.904048,0.029029,33.241379,-0.049029,-0.049029,-0.032581,-0.017529,0.435403,,,mt5
run_20260427_124725,USD/JPY,forex,M15,trend_momentum,ema_cross,adx_min=20|fast_period=10|rsi_confirm=True|slow_period=100,both,all,REJECT,26,0.076923,0.068381,-0.001715,-0.001715,-0.043673,-10.668102,-7.051729,0.026026,35.038462,-0.043673,-0.043673,-0.027132,-0.017529,0.449814,,,mt5
run_20260427_124725,USD/JPY,forex,M15,trend_momentum,ema_cross,adx_min=25|fast_period=10|rsi_confirm=False|slow_period=100,both,all,REJECT,24,0.041667,0.055347,-0.001804,-0.001804,-0.042428,-10.561848,-7.439338,0.024024,31.625000,-0.042428,-0.042428,-0.026703,-0.016157,0.425517,,,mt5
run_20260427_124725,USD/JPY,forex,M15,trend_momentum,ema_cross,adx_min=25|fast_period=10|rsi_confirm=True|slow_period=100,both,all,REJECT,21,0.047619,0.063067,-0.001795,-0.001795,-0.037036,-9.657243,-6.504580,0.021021,33.619048,-0.037036,-0.037036,-0.021222,-0.016157,0.454401,,,mt5
run_20260427_124725,USD/JPY,forex,M15,trend_momentum,ema_cross,adx_min=0|fast_period=10|rsi_confirm=False|slow_period=200,both,all,NEEDS_MORE_DATA,19,,,,,,,,,,,,,,,,only 19 trades < min 20,mt5
run_20260427_124725,USD/JPY,forex,M15,trend_momentum,ema_cross,adx_min=0|fast_period=10|rsi_confirm=True|slow_period=200,both,all,NEEDS_MORE_DATA,16,,,,,,,,,,,,,,,,only 16 trades < min 20,mt5
run_20260427_124725,USD/JPY,forex,M15,trend_momentum,ema_cross,adx_min=20|fast_period=10|rsi_confirm=False|slow_period=200,both,all,NEEDS_MORE_DATA,16,,,,,,,,,,,,,,,,only 16 trades < min 20,mt5
run_20260427_124725,USD/JPY,forex,M15,trend_momentum,ema_cross,adx_min=20|fast_period=10|rsi_confirm=True|slow_period=200,both,all,NEEDS_MORE_DATA,13,,,,,,,,,,,,,,,,only 13 trades < min 20,mt5
run_20260427_124725,USD/JPY,forex,M15,trend_momentum,ema_cross,adx_min=25|fast_period=10|rsi_confirm=False|slow_period=200,both,all,NEEDS_MORE_DATA,15,,,,,,,,,,,,,,,,only 15 trades < min 20,mt5
run_20260427_124725,USD/JPY,forex,M15,trend_momentum,ema_cross,adx_min=25|fast_period=10|rsi_confirm=True|slow_period=200,both,all,NEEDS_MORE_DATA,12,,,,,,,,,,,,,,,,only 12 trades < min 20,mt5
run_20260427_124725,USD/JPY,forex,M15,trend_momentum,ema_cross,adx_min=0|fast_period=20|rsi_confirm=False|slow_period=50,both,all,REJECT,29,0.068966,0.086872,-0.001551,-0.001551,-0.044026,-10.894399,-6.785037,0.029029,33.310345,-0.044026,-0.044026,-0.025739,-0.016614,0.467650,,,mt5
run_20260427_124725,USD/JPY,forex,M15,trend_momentum,ema_cross,adx_min=0|fast_period=20|rsi_confirm=True|slow_period=50,both,all,REJECT,26,0.076923,0.095869,-0.001552,-0.001552,-0.039595,-10.120851,-6.142485,0.026026,35.115385,-0.039595,-0.039595,-0.021222,-0.016614,0.490864,,,mt5
run_20260427_124725,USD/JPY,forex,M15,trend_momentum,ema_cross,adx_min=20|fast_period=20|rsi_confirm=False|slow_period=50,both,all,REJECT,28,0.071429,0.091166,-0.001523,-0.001523,-0.041804,-10.581540,-6.481648,0.028028,33.571429,-0.041804,-0.041804,-0.023474,-0.016614,0.480336,,,mt5
run_20260427_124725,USD/JPY,forex,M15,trend_momentum,ema_cross,adx_min=20|fast_period=20|rsi_confirm=True|slow_period=50,both,all,REJECT,25,0.080000,0.101125,-0.001521,-0.001521,-0.037362,-9.787253,-5.832085,0.025025,35.480000,-0.037362,-0.037362,-0.018947,-0.016614,0.513072,,,mt5
run_20260427_124725,USD/JPY,forex,M15,trend_momentum,ema_cross,adx_min=25|fast_period=20|rsi_confirm=False|slow_period=50,both,all,REJECT,25,0.040000,0.071543,-0.001570,-0.001570,-0.038546,-10.352781,-6.721907,0.025025,31.440000,-0.038546,-0.038546,-0.021962,-0.014994,0.454824,,,mt5
run_20260427_124725,USD/JPY,forex,M15,trend_momentum,ema_cross,adx_min=25|fast_period=20|rsi_confirm=True|slow_period=50,both,all,REJECT,22,0.045455,0.080321,-0.001575,-0.001575,-0.034089,-9.524012,-5.999855,0.022022,33.318182,-0.034089,-0.034089,-0.017427,-0.014994,0.490114,,,mt5
run_20260427_124725,USD/JPY,forex,M15,trend_momentum,ema_cross,adx_min=0|fast_period=20|rsi_confirm=False|slow_period=100,both,all,NEEDS_MORE_DATA,17,,,,,,,,,,,,,,,,only 17 trades < min 20,mt5
run_20260427_124725,USD/JPY,forex,M15,trend_momentum,ema_cross,adx_min=0|fast_period=20|rsi_confirm=True|slow_period=100,both,all,NEEDS_MORE_DATA,14,,,,,,,,,,,,,,,,only 14 trades < min 20,mt5
run_20260427_124725,USD/JPY,forex,M15,trend_momentum,ema_cross,adx_min=20|fast_period=20|rsi_confirm=False|slow_period=100,both,all,NEEDS_MORE_DATA,17,,,,,,,,,,,,,,,,only 17 trades < min 20,mt5
run_20260427_124725,USD/JPY,forex,M15,trend_momentum,ema_cross,adx_min=20|fast_period=20|rsi_confirm=True|slow_period=100,both,all,NEEDS_MORE_DATA,14,,,,,,,,,,,,,,,,only 14 trades < min 20,mt5
run_20260427_124725,USD/JPY,forex,M15,trend_momentum,ema_cross,adx_min=25|fast_period=20|rsi_confirm=False|slow_period=100,both,all,NEEDS_MORE_DATA,16,,,,,,,,,,,,,,,,only 16 trades < min 20,mt5
run_20260427_124725,USD/JPY,forex,M15,trend_momentum,ema_cross,adx_min=25|fast_period=20|rsi_confirm=True|slow_period=100,both,all,NEEDS_MORE_DATA,13,,,,,,,,,,,,,,,,only 13 trades < min 20,mt5
run_20260427_124725,USD/JPY,forex,M15,trend_momentum,ema_cross,adx_min=0|fast_period=20|rsi_confirm=False|slow_period=200,both,all,NEEDS_MORE_DATA,13,,,,,,,,,,,,,,,,only 13 trades < min 20,mt5
run_20260427_124725,USD/JPY,forex,M15,trend_momentum,ema_cross,adx_min=0|fast_period=20|rsi_confirm=True|slow_period=200,both,all,NEEDS_MORE_DATA,11,,,,,,,,,,,,,,,,only 11 trades < min 20,mt5
run_20260427_124725,USD/JPY,forex,M15,trend_momentum,ema_cross,adx_min=20|fast_period=20|rsi_confirm=False|slow_period=200,both,all,NEEDS_MORE_DATA,12,,,,,,,,,,,,,,,,only 12 trades < min 20,mt5
run_20260427_124725,USD/JPY,forex,M15,trend_momentum,ema_cross,adx_min=20|fast_period=20|rsi_confirm=True|slow_period=200,both,all,NEEDS_MORE_DATA,10,,,,,,,,,,,,,,,,only 10 trades < min 20,mt5
run_20260427_124725,USD/JPY,forex,M15,trend_momentum,ema_cross,adx_min=25|fast_period=20|rsi_confirm=False|slow_period=200,both,all,NEEDS_MORE_DATA,12,,,,,,,,,,,,,,,,only 12 trades < min 20,mt5
run_20260427_124725,USD/JPY,forex,M15,trend_momentum,ema_cross,adx_min=25|fast_period=20|rsi_confirm=True|slow_period=200,both,all,NEEDS_MORE_DATA,10,,,,,,,,,,,,,,,,only 10 trades < min 20,mt5
run_20260427_124725,USD/JPY,forex,M15,trend_momentum,ema_alignment,adx_min=0|ema_long=200|ema_mid=50|ema_short=20,both,all,REJECT,30,0.066667,0.155986,-0.000935,-0.000935,-0.027700,-8.854220,-4.417606,0.030030,15.533333,-0.027700,-0.027700,-0.020663,-0.007186,0.384339,,,mt5
run_20260427_124725,USD/JPY,forex,M15,trend_momentum,ema_alignment,adx_min=20|ema_long=200|ema_mid=50|ema_short=20,both,all,REJECT,28,0.071429,0.168987,-0.000911,-0.000911,-0.025209,-8.245874,-4.027564,0.028028,16.535714,-0.025209,-0.025209,-0.018153,-0.007186,0.386764,,,mt5
run_20260427_124725,USD/JPY,forex,M15,trend_momentum,ema_alignment,adx_min=25|ema_long=200|ema_mid=50|ema_short=20,both,all,REJECT,23,0.086957,0.162491,-0.000940,-0.000940,-0.021406,-7.852063,-3.959299,0.023023,17.304348,-0.021406,-0.021406,-0.014339,-0.007170,0.388020,,,mt5
run_20260427_124725,USD/JPY,forex,M15,trend_momentum,macd_direction,adx_min=0|fast=12|signal_period=9|slow=26,both,all,REJECT,89,0.146067,0.121166,-0.001116,-0.001116,-0.094635,-16.730319,-8.712770,0.089089,11.168539,-0.094635,-0.094635,-0.061350,-0.033804,0.598633,,,mt5
run_20260427_124725,USD/JPY,forex,M15,trend_momentum,macd_direction,adx_min=20|fast=12|signal_period=9|slow=26,both,all,REJECT,87,0.137931,0.122169,-0.001130,-0.001130,-0.093749,-16.607185,-8.683123,0.087087,10.931034,-0.093749,-0.093749,-0.060431,-0.033804,0.601146,,,mt5
run_20260427_124725,USD/JPY,forex,M15,pullback,pullback_ema,pullback_period=20|rsi_reclaim=False|rsi_threshold=50|trend_period=200,both,all,REJECT,81,0.098765,0.060184,-0.000975,-0.000975,-0.076250,-19.760442,-13.564554,0.081081,6.901235,-0.075975,-0.075975,-0.062120,-0.014773,0.471342,,,mt5
run_20260427_124725,USD/JPY,forex,M15,pullback,pullback_ema,pullback_period=20|rsi_reclaim=True|rsi_threshold=50|trend_period=200,both,all,REJECT,66,0.106061,0.069377,-0.000967,-0.000967,-0.061885,-17.359223,-11.476709,0.066066,7.484848,-0.061885,-0.061885,-0.048489,-0.014079,0.487106,,,mt5
run_20260427_124725,USD/JPY,forex,M15,pullback,pullback_ema,pullback_period=50|rsi_reclaim=False|rsi_threshold=50|trend_period=200,both,all,REJECT,46,0.065217,0.115706,-0.000920,-0.000920,-0.041463,-12.298485,-6.654838,0.046046,12.304348,-0.041463,-0.041463,-0.031429,-0.010360,0.474893,,,mt5
run_20260427_124725,USD/JPY,forex,M15,pullback,pullback_ema,pullback_period=50|rsi_reclaim=True|rsi_threshold=50|trend_period=200,both,all,REJECT,29,0.034483,0.131697,-0.000966,-0.000966,-0.028558,-9.308267,-4.871498,0.029029,13.275862,-0.027657,-0.027657,-0.019674,-0.008144,0.398180,,,mt5
run_20260427_124725,USD/JPY,forex,M15,breakout,prev_day_hl,atr_expand_min=0.0,both,all,NEEDS_MORE_DATA,3,,,,,,,,,,,,,,1.000000,,only 3 trades < min 20,mt5
run_20260427_124725,USD/JPY,forex,M15,breakout,prev_day_hl,atr_expand_min=0.5,both,all,NEEDS_MORE_DATA,3,,,,,,,,,,,,,,1.000000,,only 3 trades < min 20,mt5
run_20260427_124725,USD/JPY,forex,M15,breakout,prev_day_hl,atr_expand_min=1.0,both,all,NEEDS_MORE_DATA,3,,,,,,,,,,,,,,1.000000,,only 3 trades < min 20,mt5
run_20260427_124725,USD/JPY,forex,M15,breakout,session_opening_range,atr_expand_min=0.0|range_bars=6,both,all,REJECT,64,0.078125,0.085198,-0.001263,-0.001263,-0.077757,-15.342057,-8.699940,0.064064,15.468750,-0.077757,-0.077757,-0.053996,-0.023977,0.566547,,,mt5
run_20260427_124725,USD/JPY,forex,M15,breakout,session_opening_range,atr_expand_min=0.5|range_bars=6,both,all,REJECT,62,0.080645,0.088258,-0.001255,-0.001255,-0.074925,-14.925150,-8.366883,0.062062,15.096774,-0.074925,-0.074925,-0.052610,-0.022412,0.561136,,,mt5
run_20260427_124725,USD/JPY,forex,M15,breakout,session_opening_range,atr_expand_min=0.0|range_bars=12,both,all,REJECT,34,0.117647,0.174575,-0.001191,-0.001191,-0.039759,-8.776646,-4.201552,0.034034,28.382353,-0.039759,-0.039759,-0.026907,-0.011897,0.453315,,,mt5
run_20260427_124725,USD/JPY,forex,M15,breakout,session_opening_range,atr_expand_min=0.5|range_bars=12,both,all,REJECT,34,0.117647,0.174618,-0.001191,-0.001191,-0.039748,-8.775143,-4.200472,0.034034,28.205882,-0.039748,-0.039748,-0.026907,-0.011886,0.453183,,,mt5
run_20260427_124725,USD/JPY,forex,M15,breakout,london_breakout,atr_expand_min=0.0|utc_end=11|utc_start=7,both,all,NEEDS_MORE_DATA,17,,,,,,,,,,,,,,1.000000,,only 17 trades < min 20,mt5
run_20260427_124725,USD/JPY,forex,M15,breakout,london_breakout,atr_expand_min=0.5|utc_end=11|utc_start=7,both,all,NEEDS_MORE_DATA,17,,,,,,,,,,,,,,1.000000,,only 17 trades < min 20,mt5
run_20260427_124725,USD/JPY,forex,M15,breakout,ny_breakout,atr_expand_min=0.0|utc_end=16|utc_start=13,both,all,NEEDS_MORE_DATA,14,,,,,,,,,,,,,,,,only 14 trades < min 20,mt5
run_20260427_124725,USD/JPY,forex,M15,breakout,ny_breakout,atr_expand_min=0.5|utc_end=16|utc_start=13,both,all,NEEDS_MORE_DATA,14,,,,,,,,,,,,,,,,only 14 trades < min 20,mt5
run_20260427_124725,USD/JPY,forex,M15,mean_reversion,rsi_extreme,overbought=70|oversold=30|period=14,both,all,NEEDS_MORE_DATA,15,,,,,,,,,,,,,,1.000000,,only 15 trades < min 20,mt5
run_20260427_124725,USD/JPY,forex,M15,mean_reversion,rsi_extreme,overbought=75|oversold=30|period=14,both,all,NEEDS_MORE_DATA,10,,,,,,,,,,,,,,,,only 10 trades < min 20,mt5
run_20260427_124725,USD/JPY,forex,M15,mean_reversion,rsi_extreme,overbought=70|oversold=25|period=14,both,all,NEEDS_MORE_DATA,11,,,,,,,,,,,,,,,,only 11 trades < min 20,mt5
run_20260427_124725,USD/JPY,forex,M15,mean_reversion,rsi_extreme,overbought=75|oversold=25|period=14,both,all,NEEDS_MORE_DATA,6,,,,,,,,,,,,,,,,only 6 trades < min 20,mt5
run_20260427_124725,USD/JPY,forex,M15,mean_reversion,bollinger_touch,num_std=2.0|period=20,both,all,REJECT,44,0.386364,0.166653,-0.000511,-0.000511,-0.022551,-7.234218,-3.108805,0.044044,11.272727,-0.022259,-0.022259,-0.019151,-0.003455,0.418128,,,mt5
run_20260427_124725,USD/JPY,forex,M15,mean_reversion,bollinger_touch,num_std=2.5|period=20,both,all,REJECT,27,0.518519,0.438293,-0.000186,-0.000186,-0.005975,-3.597981,-1.458515,0.027027,11.185185,-0.005004,-0.005004,-0.005587,0.000299,0.425442,,,mt5
run_20260427_124725,USD/JPY,forex,M15,mean_reversion,vwap_deviation,std_threshold=1.5,both,all,NEEDS_MORE_DATA,10,,,,,,,,,,,,,,,,only 10 trades < min 20,mt5
run_20260427_124725,USD/JPY,forex,M15,mean_reversion,vwap_deviation,std_threshold=2.0,both,all,NEEDS_MORE_DATA,9,,,,,,,,,,,,,,,,only 9 trades < min 20,mt5
run_20260427_124725,USD/JPY,forex,M15,engine_b_proxy,ob_bos,require_engulf=False|require_vol_expand=False|swing_period=5,both,all,REJECT,25,0.080000,0.062260,-0.001888,-0.001888,-0.046483,-10.277175,-6.588870,0.025025,33.240000,-0.046181,-0.046181,-0.030929,-0.012972,0.375827,,,mt5
run_20260427_124725,USD/JPY,forex,M15,engine_b_proxy,ob_bos,require_engulf=False|require_vol_expand=True|swing_period=5,both,all,NEEDS_MORE_DATA,19,,,,,,,,,,,,,,1.000000,,only 19 trades < min 20,mt5
run_20260427_124725,USD/JPY,forex,M15,engine_b_proxy,ob_bos,require_engulf=True|require_vol_expand=False|swing_period=5,both,all,REJECT,24,0.083333,0.063141,-0.001938,-0.001938,-0.045812,-10.159289,-6.620371,0.024024,32.500000,-0.045510,-0.045510,-0.031436,-0.011760,0.356233,,,mt5
run_20260427_124725,USD/JPY,forex,M15,engine_b_proxy,ob_bos,require_engulf=True|require_vol_expand=True|swing_period=5,both,all,NEEDS_MORE_DATA,19,,,,,,,,,,,,,,,,only 19 trades < min 20,mt5
run_20260427_124725,USD/JPY,forex,M15,engine_b_proxy,ob_bos,require_engulf=False|require_vol_expand=False|swing_period=10,both,all,NEEDS_MORE_DATA,11,,,,,,,,,,,,,,,,only 11 trades < min 20,mt5
run_20260427_124725,USD/JPY,forex,M15,engine_b_proxy,ob_bos,require_engulf=False|require_vol_expand=True|swing_period=10,both,all,NEEDS_MORE_DATA,10,,,,,,,,,,,,,,,,only 10 trades < min 20,mt5
run_20260427_124725,USD/JPY,forex,M15,engine_b_proxy,ob_bos,require_engulf=True|require_vol_expand=False|swing_period=10,both,all,NEEDS_MORE_DATA,9,,,,,,,,,,,,,,,,only 9 trades < min 20,mt5
run_20260427_124725,USD/JPY,forex,M15,engine_b_proxy,ob_bos,require_engulf=True|require_vol_expand=True|swing_period=10,both,all,NEEDS_MORE_DATA,9,,,,,,,,,,,,,,,,only 9 trades < min 20,mt5
run_20260427_124725,USD/JPY,forex,M15,engine_b_proxy,structure_filters,fvg_detection=False|strong_close_pct=0.7,both,all,REJECT,286,0.069930,0.042226,-0.000961,-0.000961,-0.240918,-40.541207,-25.898646,0.286286,3.349650,-0.240444,-0.240444,-0.180479,-0.071233,0.518407,,,mt5
run_20260427_124725,USD/JPY,forex,M15,engine_b_proxy,structure_filters,fvg_detection=True|strong_close_pct=0.7,both,all,REJECT,45,0.088889,0.054426,-0.001230,-0.001230,-0.053902,-14.423276,-9.865718,0.045045,8.488889,-0.053902,-0.053902,-0.036930,-0.017624,0.529834,,,mt5
run_20260427_124725,USD/JPY,forex,M15,engine_b_proxy,structure_filters,fvg_detection=False|strong_close_pct=0.8,both,all,REJECT,218,0.064220,0.049239,-0.000986,-0.000986,-0.194056,-33.927531,-21.791205,0.218218,4.151376,-0.193553,-0.193553,-0.149480,-0.049838,0.500022,,,mt5
run_20260427_124725,USD/JPY,forex,M15,engine_b_proxy,structure_filters,fvg_detection=True|strong_close_pct=0.8,both,all,REJECT,36,0.111111,0.068835,-0.001197,-0.001197,-0.042519,-12.283944,-7.751234,0.036036,9.222222,-0.042228,-0.042228,-0.031947,-0.010621,0.432401,,,mt5
run_20260427_124725,EUR/USD,forex,M15,trend_momentum,ema_cross,adx_min=0|fast_period=10|rsi_confirm=False|slow_period=50,both,all,REJECT,24,0.291667,0.389654,-0.000711,-0.000711,-0.016967,-4.253670,-1.763779,0.024024,39.458333,-0.016967,-0.016967,-0.009933,-0.004701,0.387032,,,mt5
run_20260427_124725,EUR/USD,forex,M15,trend_momentum,ema_cross,adx_min=0|fast_period=10|rsi_confirm=True|slow_period=50,both,all,REJECT,23,0.304348,0.415998,-0.000665,-0.000665,-0.016220,-3.874619,-1.593226,0.023023,40.652174,-0.015224,-0.015224,-0.008177,-0.004701,0.433703,,,mt5
run_20260427_124725,EUR/USD,forex,M15,trend_momentum,ema_cross,adx_min=20|fast_period=10|rsi_confirm=False|slow_period=50,both,all,REJECT,24,0.291667,0.389654,-0.000711,-0.000711,-0.016967,-4.253670,-1.763779,0.024024,39.458333,-0.016967,-0.016967,-0.009933,-0.004701,0.387032,,,mt5
run_20260427_124725,EUR/USD,forex,M15,trend_momentum,ema_cross,adx_min=20|fast_period=10|rsi_confirm=True|slow_period=50,both,all,REJECT,23,0.304348,0.415998,-0.000665,-0.000665,-0.016220,-3.874619,-1.593226,0.023023,40.652174,-0.015224,-0.015224,-0.008177,-0.004701,0.433703,,,mt5
run_20260427_124725,EUR/USD,forex,M15,trend_momentum,ema_cross,adx_min=25|fast_period=10|rsi_confirm=False|slow_period=50,both,all,NEEDS_MORE_DATA,18,,,,,,,,,,,,,,1.000000,,only 18 trades < min 20,mt5
run_20260427_124725,EUR/USD,forex,M15,trend_momentum,ema_cross,adx_min=25|fast_period=10|rsi_confirm=True|slow_period=50,both,all,NEEDS_MORE_DATA,17,,,,,,,,,,,,,,1.000000,,only 17 trades < min 20,mt5
run_20260427_124725,EUR/USD,forex,M15,trend_momentum,ema_cross,adx_min=0|fast_period=10|rsi_confirm=False|slow_period=100,both,all,NEEDS_MORE_DATA,16,,,,,,,,,,,,,,1.000000,,only 16 trades < min 20,mt5
run_20260427_124725,EUR/USD,forex,M15,trend_momentum,ema_cross,adx_min=0|fast_period=10|rsi_confirm=True|slow_period=100,both,all,NEEDS_MORE_DATA,15,,,,,,,,,,,,,,1.000000,,only 15 trades < min 20,mt5
run_20260427_124725,EUR/USD,forex,M15,trend_momentum,ema_cross,adx_min=20|fast_period=10|rsi_confirm=False|slow_period=100,both,all,NEEDS_MORE_DATA,16,,,,,,,,,,,,,,1.000000,,only 16 trades < min 20,mt5
run_20260427_124725,EUR/USD,forex,M15,trend_momentum,ema_cross,adx_min=20|fast_period=10|rsi_confirm=True|slow_period=100,both,all,NEEDS_MORE_DATA,15,,,,,,,,,,,,,,1.000000,,only 15 trades < min 20,mt5
run_20260427_124725,EUR/USD,forex,M15,trend_momentum,ema_cross,adx_min=25|fast_period=10|rsi_confirm=False|slow_period=100,both,all,NEEDS_MORE_DATA,15,,,,,,,,,,,,,,1.000000,,only 15 trades < min 20,mt5
run_20260427_124725,EUR/USD,forex,M15,trend_momentum,ema_cross,adx_min=25|fast_period=10|rsi_confirm=True|slow_period=100,both,all,NEEDS_MORE_DATA,14,,,,,,,,,,,,,,1.000000,,only 14 trades < min 20,mt5
run_20260427_124725,EUR/USD,forex,M15,trend_momentum,ema_cross,adx_min=0|fast_period=10|rsi_confirm=False|slow_period=200,both,all,NEEDS_MORE_DATA,10,,,,,,,,,,,,,,,,only 10 trades < min 20,mt5
run_20260427_124725,EUR/USD,forex,M15,trend_momentum,ema_cross,adx_min=0|fast_period=10|rsi_confirm=True|slow_period=200,both,all,NEEDS_MORE_DATA,9,,,,,,,,,,,,,,,,only 9 trades < min 20,mt5
run_20260427_124725,EUR/USD,forex,M15,trend_momentum,ema_cross,adx_min=20|fast_period=10|rsi_confirm=False|slow_period=200,both,all,NEEDS_MORE_DATA,10,,,,,,,,,,,,,,,,only 10 trades < min 20,mt5
run_20260427_124725,EUR/USD,forex,M15,trend_momentum,ema_cross,adx_min=20|fast_period=10|rsi_confirm=True|slow_period=200,both,all,NEEDS_MORE_DATA,9,,,,,,,,,,,,,,,,only 9 trades < min 20,mt5
run_20260427_124725,EUR/USD,forex,M15,trend_momentum,ema_cross,adx_min=25|fast_period=10|rsi_confirm=False|slow_period=200,both,all,NEEDS_MORE_DATA,8,,,,,,,,,,,,,,,,only 8 trades < min 20,mt5
run_20260427_124725,EUR/USD,forex,M15,trend_momentum,ema_cross,adx_min=25|fast_period=10|rsi_confirm=True|slow_period=200,both,all,NEEDS_MORE_DATA,7,,,,,,,,,,,,,,,,only 7 trades < min 20,mt5
run_20260427_124725,EUR/USD,forex,M15,trend_momentum,ema_cross,adx_min=0|fast_period=20|rsi_confirm=False|slow_period=50,both,all,NEEDS_MORE_DATA,14,,,,,,,,,,,,,,1.000000,,only 14 trades < min 20,mt5
run_20260427_124725,EUR/USD,forex,M15,trend_momentum,ema_cross,adx_min=0|fast_period=20|rsi_confirm=True|slow_period=50,both,all,NEEDS_MORE_DATA,13,,,,,,,,,,,,,,1.000000,,only 13 trades < min 20,mt5
run_20260427_124725,EUR/USD,forex,M15,trend_momentum,ema_cross,adx_min=20|fast_period=20|rsi_confirm=False|slow_period=50,both,all,NEEDS_MORE_DATA,13,,,,,,,,,,,,,,1.000000,,only 13 trades < min 20,mt5
run_20260427_124725,EUR/USD,forex,M15,trend_momentum,ema_cross,adx_min=20|fast_period=20|rsi_confirm=True|slow_period=50,both,all,NEEDS_MORE_DATA,12,,,,,,,,,,,,,,1.000000,,only 12 trades < min 20,mt5
run_20260427_124725,EUR/USD,forex,M15,trend_momentum,ema_cross,adx_min=25|fast_period=20|rsi_confirm=False|slow_period=50,both,all,NEEDS_MORE_DATA,12,,,,,,,,,,,,,,1.000000,,only 12 trades < min 20,mt5
run_20260427_124725,EUR/USD,forex,M15,trend_momentum,ema_cross,adx_min=25|fast_period=20|rsi_confirm=True|slow_period=50,both,all,NEEDS_MORE_DATA,11,,,,,,,,,,,,,,1.000000,,only 11 trades < min 20,mt5
run_20260427_124725,EUR/USD,forex,M15,trend_momentum,ema_cross,adx_min=0|fast_period=20|rsi_confirm=False|slow_period=100,both,all,NEEDS_MORE_DATA,10,,,,,,,,,,,,,,,,only 10 trades < min 20,mt5
run_20260427_124725,EUR/USD,forex,M15,trend_momentum,ema_cross,adx_min=0|fast_period=20|rsi_confirm=True|slow_period=100,both,all,NEEDS_MORE_DATA,9,,,,,,,,,,,,,,,,only 9 trades < min 20,mt5
run_20260427_124725,EUR/USD,forex,M15,trend_momentum,ema_cross,adx_min=20|fast_period=20|rsi_confirm=False|slow_period=100,both,all,NEEDS_MORE_DATA,10,,,,,,,,,,,,,,,,only 10 trades < min 20,mt5
run_20260427_124725,EUR/USD,forex,M15,trend_momentum,ema_cross,adx_min=20|fast_period=20|rsi_confirm=True|slow_period=100,both,all,NEEDS_MORE_DATA,9,,,,,,,,,,,,,,,,only 9 trades < min 20,mt5
run_20260427_124725,EUR/USD,forex,M15,trend_momentum,ema_cross,adx_min=25|fast_period=20|rsi_confirm=False|slow_period=100,both,all,NEEDS_MORE_DATA,9,,,,,,,,,,,,,,,,only 9 trades < min 20,mt5
run_20260427_124725,EUR/USD,forex,M15,trend_momentum,ema_cross,adx_min=25|fast_period=20|rsi_confirm=True|slow_period=100,both,all,NEEDS_MORE_DATA,8,,,,,,,,,,,,,,,,only 8 trades < min 20,mt5
run_20260427_124725,EUR/USD,forex,M15,trend_momentum,ema_cross,adx_min=0|fast_period=20|rsi_confirm=False|slow_period=200,both,all,NEEDS_MORE_DATA,8,,,,,,,,,,,,,,,,only 8 trades < min 20,mt5
run_20260427_124725,EUR/USD,forex,M15,trend_momentum,ema_cross,adx_min=0|fast_period=20|rsi_confirm=True|slow_period=200,both,all,NEEDS_MORE_DATA,7,,,,,,,,,,,,,,,,only 7 trades < min 20,mt5
run_20260427_124725,EUR/USD,forex,M15,trend_momentum,ema_cross,adx_min=20|fast_period=20|rsi_confirm=False|slow_period=200,both,all,NEEDS_MORE_DATA,8,,,,,,,,,,,,,,,,only 8 trades < min 20,mt5
run_20260427_124725,EUR/USD,forex,M15,trend_momentum,ema_cross,adx_min=20|fast_period=20|rsi_confirm=True|slow_period=200,both,all,NEEDS_MORE_DATA,7,,,,,,,,,,,,,,,,only 7 trades < min 20,mt5
run_20260427_124725,EUR/USD,forex,M15,trend_momentum,ema_cross,adx_min=25|fast_period=20|rsi_confirm=False|slow_period=200,both,all,NEEDS_MORE_DATA,7,,,,,,,,,,,,,,,,only 7 trades < min 20,mt5
run_20260427_124725,EUR/USD,forex,M15,trend_momentum,ema_cross,adx_min=25|fast_period=20|rsi_confirm=True|slow_period=200,both,all,NEEDS_MORE_DATA,6,,,,,,,,,,,,,,,,only 6 trades < min 20,mt5
run_20260427_124725,EUR/USD,forex,M15,trend_momentum,ema_alignment,adx_min=0|ema_long=200|ema_mid=50|ema_short=20,both,all,REJECT,23,0.086957,0.369205,-0.000685,-0.000685,-0.018115,-4.119760,-1.706076,0.023023,21.347826,-0.015689,-0.015689,-0.015902,0.000216,0.238000,,,mt5
run_20260427_124725,EUR/USD,forex,M15,trend_momentum,ema_alignment,adx_min=20|ema_long=200|ema_mid=50|ema_short=20,both,all,REJECT,21,0.095238,0.431560,-0.000579,-0.000579,-0.014560,-3.293654,-1.339473,0.021021,22.714286,-0.012124,-0.012124,-0.012338,0.000216,0.226000,,,mt5
run_20260427_124725,EUR/USD,forex,M15,trend_momentum,ema_alignment,adx_min=25|ema_long=200|ema_mid=50|ema_short=20,both,all,NEEDS_MORE_DATA,18,,,,,,,,,,,,,,1.000000,,only 18 trades < min 20,mt5
run_20260427_124725,EUR/USD,forex,M15,trend_momentum,macd_direction,adx_min=0|fast=12|signal_period=9|slow=26,both,all,REJECT,69,0.144928,0.171921,-0.001067,-0.001067,-0.071074,-13.183697,-6.427635,0.069069,14.304348,-0.071074,-0.071074,-0.055344,-0.016961,0.525275,,,mt5
run_20260427_124725,EUR/USD,forex,M15,trend_momentum,macd_direction,adx_min=20|fast=12|signal_period=9|slow=26,both,all,REJECT,67,0.149254,0.181994,-0.001039,-0.001039,-0.067326,-12.681678,-6.106703,0.067067,14.343284,-0.067326,-0.067326,-0.051722,-0.016961,0.531713,,,mt5
run_20260427_124725,EUR/USD,forex,M15,pullback,pullback_ema,pullback_period=20|rsi_reclaim=False|rsi_threshold=50|trend_period=200,both,all,REJECT,72,0.055556,0.116894,-0.000902,-0.000902,-0.063165,-15.438502,-8.275668,0.072072,7.125000,-0.062931,-0.062931,-0.047792,-0.014892,0.493481,,,mt5
run_20260427_124725,EUR/USD,forex,M15,pullback,pullback_ema,pullback_period=20|rsi_reclaim=True|rsi_threshold=50|trend_period=200,both,all,REJECT,65,0.061538,0.130051,-0.000885,-0.000885,-0.056166,-14.106681,-7.343966,0.065065,7.615385,-0.055930,-0.055930,-0.042937,-0.012567,0.487809,,,mt5
run_20260427_124725,EUR/USD,forex,M15,pullback,pullback_ema,pullback_period=50|rsi_reclaim=False|rsi_threshold=50|trend_period=200,both,all,REJECT,38,0.078947,0.268206,-0.000759,-0.000759,-0.028477,-7.030197,-3.053479,0.038038,13.552632,-0.028477,-0.028477,-0.026653,-0.000896,0.338087,,,mt5
run_20260427_124725,EUR/USD,forex,M15,pullback,pullback_ema,pullback_period=50|rsi_reclaim=True|rsi_threshold=50|trend_period=200,both,all,REJECT,24,0.125000,0.442759,-0.000554,-0.000554,-0.014510,-3.531824,-1.436515,0.024024,19.458333,-0.013259,-0.013259,-0.013544,0.001270,0.244000,,,mt5
run_20260427_124725,EUR/USD,forex,M15,breakout,prev_day_hl,atr_expand_min=0.0,both,all,NEEDS_MORE_DATA,4,,,,,,,,,,,,,,1.000000,,only 4 trades < min 20,mt5
run_20260427_124725,EUR/USD,forex,M15,breakout,prev_day_hl,atr_expand_min=0.5,both,all,NEEDS_MORE_DATA,4,,,,,,,,,,,,,,1.000000,,only 4 trades < min 20,mt5
run_20260427_124725,EUR/USD,forex,M15,breakout,prev_day_hl,atr_expand_min=1.0,both,all,NEEDS_MORE_DATA,4,,,,,,,,,,,,,,1.000000,,only 4 trades < min 20,mt5
run_20260427_124725,EUR/USD,forex,M15,breakout,session_opening_range,atr_expand_min=0.0|range_bars=6,both,all,REJECT,71,0.112676,0.122510,-0.001279,-0.001279,-0.086949,-15.120252,-8.012798,0.071071,13.619718,-0.086949,-0.086949,-0.068945,-0.017901,0.511228,,,mt5
run_20260427_124725,EUR/USD,forex,M15,breakout,session_opening_range,atr_expand_min=0.5|range_bars=6,both,all,REJECT,71,0.098592,0.119484,-0.001293,-0.001293,-0.087822,-15.246883,-8.137599,0.071071,13.492958,-0.087822,-0.087822,-0.069464,-0.018292,0.512334,,,mt5
run_20260427_124725,EUR/USD,forex,M15,breakout,session_opening_range,atr_expand_min=0.0|range_bars=12,both,all,REJECT,39,0.205128,0.175768,-0.001219,-0.001219,-0.046497,-10.093533,-5.020675,0.039039,24.666667,-0.046497,-0.046497,-0.030589,-0.013677,0.484804,,,mt5
run_20260427_124725,EUR/USD,forex,M15,breakout,session_opening_range,atr_expand_min=0.5|range_bars=12,both,all,REJECT,39,0.205128,0.175768,-0.001219,-0.001219,-0.046497,-10.093533,-5.020675,0.039039,24.666667,-0.046497,-0.046497,-0.030589,-0.013677,0.484804,,,mt5
run_20260427_124725,EUR/USD,forex,M15,breakout,london_breakout,atr_expand_min=0.0|utc_end=11|utc_start=7,both,all,NEEDS_MORE_DATA,16,,,,,,,,,,,,,,1.000000,,only 16 trades < min 20,mt5
run_20260427_124725,EUR/USD,forex,M15,breakout,london_breakout,atr_expand_min=0.5|utc_end=11|utc_start=7,both,all,NEEDS_MORE_DATA,16,,,,,,,,,,,,,,1.000000,,only 16 trades < min 20,mt5
run_20260427_124725,EUR/USD,forex,M15,breakout,ny_breakout,atr_expand_min=0.0|utc_end=16|utc_start=13,both,all,NEEDS_MORE_DATA,11,,,,,,,,,,,,,,,,only 11 trades < min 20,mt5
run_20260427_124725,EUR/USD,forex,M15,breakout,ny_breakout,atr_expand_min=0.5|utc_end=16|utc_start=13,both,all,NEEDS_MORE_DATA,11,,,,,,,,,,,,,,,,only 11 trades < min 20,mt5
run_20260427_124725,EUR/USD,forex,M15,mean_reversion,rsi_extreme,overbought=70|oversold=30|period=14,both,all,NEEDS_MORE_DATA,15,,,,,,,,,,,,,,1.000000,,only 15 trades < min 20,mt5
run_20260427_124725,EUR/USD,forex,M15,mean_reversion,rsi_extreme,overbought=75|oversold=30|period=14,both,all,NEEDS_MORE_DATA,12,,,,,,,,,,,,,,,,only 12 trades < min 20,mt5
run_20260427_124725,EUR/USD,forex,M15,mean_reversion,rsi_extreme,overbought=70|oversold=25|period=14,both,all,NEEDS_MORE_DATA,10,,,,,,,,,,,,,,,,only 10 trades < min 20,mt5
run_20260427_124725,EUR/USD,forex,M15,mean_reversion,rsi_extreme,overbought=75|oversold=25|period=14,both,all,NEEDS_MORE_DATA,7,,,,,,,,,,,,,,,,only 7 trades < min 20,mt5
run_20260427_124725,EUR/USD,forex,M15,mean_reversion,bollinger_touch,num_std=2.0|period=20,both,all,REJECT,35,0.228571,0.093362,-0.000752,-0.000752,-0.026016,-7.694519,-3.469073,0.035035,14.314286,-0.026016,-0.026016,-0.019395,-0.006753,0.414449,,,mt5
run_20260427_124725,EUR/USD,forex,M15,mean_reversion,bollinger_touch,num_std=2.5|period=20,both,all,REJECT,20,0.350000,0.110666,-0.000642,-0.000642,-0.012778,-5.766967,-2.599318,0.020020,16.550000,-0.012778,-0.012778,-0.006920,-0.005899,0.529373,,,mt5
run_20260427_124725,EUR/USD,forex,M15,mean_reversion,vwap_deviation,std_threshold=1.5,both,all,NEEDS_MORE_DATA,7,,,,,,,,,,,,,,,,only 7 trades < min 20,mt5
run_20260427_124725,EUR/USD,forex,M15,mean_reversion,vwap_deviation,std_threshold=2.0,both,all,NEEDS_MORE_DATA,6,,,,,,,,,,,,,,,,only 6 trades < min 20,mt5
run_20260427_124725,EUR/USD,forex,M15,engine_b_proxy,ob_bos,require_engulf=False|require_vol_expand=False|swing_period=5,both,all,REJECT,24,0.083333,0.154908,-0.001276,-0.001276,-0.030210,-7.547338,-3.667222,0.024024,35.541667,-0.030210,-0.030210,-0.011211,-0.016367,0.406038,,,mt5
run_20260427_124725,EUR/USD,forex,M15,engine_b_proxy,ob_bos,require_engulf=False|require_vol_expand=True|swing_period=5,both,all,NEEDS_MORE_DATA,16,,,,,,,,,,,,,,1.000000,,only 16 trades < min 20,mt5
run_20260427_124725,EUR/USD,forex,M15,engine_b_proxy,ob_bos,require_engulf=True|require_vol_expand=False|swing_period=5,both,all,REJECT,22,0.090909,0.199834,-0.001147,-0.001147,-0.024963,-6.322115,-2.893114,0.022022,36.863636,-0.024963,-0.024963,-0.010905,-0.011351,0.519737,,,mt5
run_20260427_124725,EUR/USD,forex,M15,engine_b_proxy,ob_bos,require_engulf=True|require_vol_expand=True|swing_period=5,both,all,NEEDS_MORE_DATA,16,,,,,,,,,,,,,,,,only 16 trades < min 20,mt5
run_20260427_124725,EUR/USD,forex,M15,engine_b_proxy,ob_bos,require_engulf=False|require_vol_expand=False|swing_period=10,both,all,NEEDS_MORE_DATA,12,,,,,,,,,,,,,,,,only 12 trades < min 20,mt5
run_20260427_124725,EUR/USD,forex,M15,engine_b_proxy,ob_bos,require_engulf=False|require_vol_expand=True|swing_period=10,both,all,NEEDS_MORE_DATA,10,,,,,,,,,,,,,,,,only 10 trades < min 20,mt5
run_20260427_124725,EUR/USD,forex,M15,engine_b_proxy,ob_bos,require_engulf=True|require_vol_expand=False|swing_period=10,both,all,NEEDS_MORE_DATA,12,,,,,,,,,,,,,,,,only 12 trades < min 20,mt5
run_20260427_124725,EUR/USD,forex,M15,engine_b_proxy,ob_bos,require_engulf=True|require_vol_expand=True|swing_period=10,both,all,NEEDS_MORE_DATA,10,,,,,,,,,,,,,,,,only 10 trades < min 20,mt5
run_20260427_124725,EUR/USD,forex,M15,engine_b_proxy,structure_filters,fvg_detection=False|strong_close_pct=0.7,both,all,REJECT,307,0.045603,0.028121,-0.001031,-0.001031,-0.271366,-44.677396,-31.217709,0.307307,3.123779,-0.271366,-0.271366,-0.202460,-0.085472,0.526650,,,mt5
run_20260427_124725,EUR/USD,forex,M15,engine_b_proxy,structure_filters,fvg_detection=True|strong_close_pct=0.7,both,all,REJECT,32,0.093750,0.247116,-0.000997,-0.000997,-0.031457,-7.556841,-3.440406,0.032032,9.937500,-0.031457,-0.031457,-0.016475,-0.015232,0.586027,,,mt5
run_20260427_124725,EUR/USD,forex,M15,engine_b_proxy,structure_filters,fvg_detection=False|strong_close_pct=0.8,both,all,REJECT,230,0.052174,0.027801,-0.001066,-0.001066,-0.217483,-36.970325,-26.290023,0.230230,4.004348,-0.217483,-0.217483,-0.161219,-0.065790,0.522424,,,mt5
run_20260427_124725,EUR/USD,forex,M15,engine_b_proxy,structure_filters,fvg_detection=True|strong_close_pct=0.8,both,all,REJECT,22,0.136364,0.319965,-0.000891,-0.000891,-0.022667,-5.370266,-2.339333,0.022022,11.090909,-0.019452,-0.019452,-0.007795,-0.011748,0.430068,,,mt5
run_20260427_124725,GBP/USD,forex,H1,trend_momentum,ema_cross,adx_min=0|fast_period=10|rsi_confirm=False|slow_period=50,both,all,REJECT,28,0.214286,0.431984,-0.001772,-0.001772,-0.051619,-4.578035,-1.984744,0.028028,34.857143,-0.048741,-0.048741,-0.042559,-0.017067,0.388304,,,mt5
run_20260427_124725,GBP/USD,forex,H1,trend_momentum,ema_cross,adx_min=0|fast_period=10|rsi_confirm=True|slow_period=50,both,all,REJECT,26,0.192308,0.379132,-0.002018,-0.002018,-0.051430,-4.987568,-2.205048,0.026026,33.961538,-0.051430,-0.051430,-0.045265,-0.017067,0.369113,,,mt5
run_20260427_124725,GBP/USD,forex,H1,trend_momentum,ema_cross,adx_min=20|fast_period=10|rsi_confirm=False|slow_period=50,both,all,REJECT,25,0.240000,0.497077,-0.001527,-0.001527,-0.040686,-3.647365,-1.551132,0.025025,37.400000,-0.037775,-0.037775,-0.031521,-0.017067,0.412431,,,mt5
run_20260427_124725,GBP/USD,forex,H1,trend_momentum,ema_cross,adx_min=20|fast_period=10|rsi_confirm=True|slow_period=50,both,all,REJECT,23,0.217391,0.438485,-0.001784,-0.001784,-0.040494,-4.047092,-1.749341,0.023023,36.608696,-0.040494,-0.040494,-0.034258,-0.017067,0.387454,,,mt5
run_20260427_124725,GBP/USD,forex,H1,trend_momentum,ema_cross,adx_min=25|fast_period=10|rsi_confirm=False|slow_period=50,both,all,NEEDS_MORE_DATA,18,,,,,,,,,,,,,,1.000000,,only 18 trades < min 20,mt5
run_20260427_124725,GBP/USD,forex,H1,trend_momentum,ema_cross,adx_min=25|fast_period=10|rsi_confirm=True|slow_period=50,both,all,NEEDS_MORE_DATA,16,,,,,,,,,,,,,,1.000000,,only 16 trades < min 20,mt5
run_20260427_124725,GBP/USD,forex,H1,trend_momentum,ema_cross,adx_min=0|fast_period=10|rsi_confirm=False|slow_period=100,both,all,REJECT,22,0.181818,0.344529,-0.002217,-0.002217,-0.050701,-4.825330,-2.155165,0.022022,44.454545,-0.047891,-0.047891,-0.047366,-0.014512,0.323916,,,mt5
run_20260427_124725,GBP/USD,forex,H1,trend_momentum,ema_cross,adx_min=0|fast_period=10|rsi_confirm=True|slow_period=100,both,all,NEEDS_MORE_DATA,19,,,,,,,,,,,,,,1.000000,,only 19 trades < min 20,mt5
run_20260427_124725,GBP/USD,forex,H1,trend_momentum,ema_cross,adx_min=20|fast_period=10|rsi_confirm=False|slow_period=100,both,all,REJECT,22,0.181818,0.344529,-0.002217,-0.002217,-0.050701,-4.825330,-2.155165,0.022022,44.454545,-0.047891,-0.047891,-0.047366,-0.014512,0.323916,,,mt5
run_20260427_124725,GBP/USD,forex,H1,trend_momentum,ema_cross,adx_min=20|fast_period=10|rsi_confirm=True|slow_period=100,both,all,NEEDS_MORE_DATA,19,,,,,,,,,,,,,,1.000000,,only 19 trades < min 20,mt5
run_20260427_124725,GBP/USD,forex,H1,trend_momentum,ema_cross,adx_min=25|fast_period=10|rsi_confirm=False|slow_period=100,both,all,NEEDS_MORE_DATA,18,,,,,,,,,,,,,,1.000000,,only 18 trades < min 20,mt5
run_20260427_124725,GBP/USD,forex,H1,trend_momentum,ema_cross,adx_min=25|fast_period=10|rsi_confirm=True|slow_period=100,both,all,NEEDS_MORE_DATA,15,,,,,,,,,,,,,,1.000000,,only 15 trades < min 20,mt5
run_20260427_124725,GBP/USD,forex,H1,trend_momentum,ema_cross,adx_min=0|fast_period=10|rsi_confirm=False|slow_period=200,both,all,NEEDS_MORE_DATA,18,,,,,,,,,,,,,,,,only 18 trades < min 20,mt5
run_20260427_124725,GBP/USD,forex,H1,trend_momentum,ema_cross,adx_min=0|fast_period=10|rsi_confirm=True|slow_period=200,both,all,NEEDS_MORE_DATA,16,,,,,,,,,,,,,,,,only 16 trades < min 20,mt5
run_20260427_124725,GBP/USD,forex,H1,trend_momentum,ema_cross,adx_min=20|fast_period=10|rsi_confirm=False|slow_period=200,both,all,NEEDS_MORE_DATA,18,,,,,,,,,,,,,,,,only 18 trades < min 20,mt5
run_20260427_124725,GBP/USD,forex,H1,trend_momentum,ema_cross,adx_min=20|fast_period=10|rsi_confirm=True|slow_period=200,both,all,NEEDS_MORE_DATA,16,,,,,,,,,,,,,,,,only 16 trades < min 20,mt5
run_20260427_124725,GBP/USD,forex,H1,trend_momentum,ema_cross,adx_min=25|fast_period=10|rsi_confirm=False|slow_period=200,both,all,NEEDS_MORE_DATA,18,,,,,,,,,,,,,,,,only 18 trades < min 20,mt5
run_20260427_124725,GBP/USD,forex,H1,trend_momentum,ema_cross,adx_min=25|fast_period=10|rsi_confirm=True|slow_period=200,both,all,NEEDS_MORE_DATA,16,,,,,,,,,,,,,,,,only 16 trades < min 20,mt5
run_20260427_124725,GBP/USD,forex,H1,trend_momentum,ema_cross,adx_min=0|fast_period=20|rsi_confirm=False|slow_period=50,both,all,REJECT,24,0.166667,0.305902,-0.003154,-0.003154,-0.079673,-5.323850,-2.406202,0.024024,40.791667,-0.073474,-0.073474,-0.079374,-0.012777,0.292292,,,mt5
run_20260427_124725,GBP/USD,forex,H1,trend_momentum,ema_cross,adx_min=0|fast_period=20|rsi_confirm=True|slow_period=50,both,all,REJECT,22,0.136364,0.274772,-0.003447,-0.003447,-0.079489,-5.426815,-2.492928,0.022022,38.727273,-0.073589,-0.073589,-0.079489,-0.012777,0.280223,,,mt5
run_20260427_124725,GBP/USD,forex,H1,trend_momentum,ema_cross,adx_min=20|fast_period=20|rsi_confirm=False|slow_period=50,both,all,REJECT,22,0.181818,0.337682,-0.002974,-0.002974,-0.070152,-4.705056,-2.090847,0.022022,44.000000,-0.063889,-0.063889,-0.069851,-0.012777,0.286876,,,mt5
run_20260427_124725,GBP/USD,forex,H1,trend_momentum,ema_cross,adx_min=20|fast_period=20|rsi_confirm=True|slow_period=50,both,all,REJECT,20,0.150000,0.304032,-0.003289,-0.003289,-0.070152,-4.812352,-2.171068,0.020020,42.050000,-0.064193,-0.064193,-0.070152,-0.012777,0.274640,,,mt5
run_20260427_124725,GBP/USD,forex,H1,trend_momentum,ema_cross,adx_min=25|fast_period=20|rsi_confirm=False|slow_period=50,both,all,NEEDS_MORE_DATA,18,,,,,,,,,,,,,,1.000000,,only 18 trades < min 20,mt5
run_20260427_124725,GBP/USD,forex,H1,trend_momentum,ema_cross,adx_min=25|fast_period=20|rsi_confirm=True|slow_period=50,both,all,NEEDS_MORE_DATA,16,,,,,,,,,,,,,,1.000000,,only 16 trades < min 20,mt5
run_20260427_124725,GBP/USD,forex,H1,trend_momentum,ema_cross,adx_min=0|fast_period=20|rsi_confirm=False|slow_period=100,both,all,NEEDS_MORE_DATA,16,,,,,,,,,,,,,,,,only 16 trades < min 20,mt5
run_20260427_124725,GBP/USD,forex,H1,trend_momentum,ema_cross,adx_min=0|fast_period=20|rsi_confirm=True|slow_period=100,both,all,NEEDS_MORE_DATA,14,,,,,,,,,,,,,,,,only 14 trades < min 20,mt5
run_20260427_124725,GBP/USD,forex,H1,trend_momentum,ema_cross,adx_min=20|fast_period=20|rsi_confirm=False|slow_period=100,both,all,NEEDS_MORE_DATA,16,,,,,,,,,,,,,,,,only 16 trades < min 20,mt5
run_20260427_124725,GBP/USD,forex,H1,trend_momentum,ema_cross,adx_min=20|fast_period=20|rsi_confirm=True|slow_period=100,both,all,NEEDS_MORE_DATA,14,,,,,,,,,,,,,,,,only 14 trades < min 20,mt5
run_20260427_124725,GBP/USD,forex,H1,trend_momentum,ema_cross,adx_min=25|fast_period=20|rsi_confirm=False|slow_period=100,both,all,NEEDS_MORE_DATA,14,,,,,,,,,,,,,,,,only 14 trades < min 20,mt5
run_20260427_124725,GBP/USD,forex,H1,trend_momentum,ema_cross,adx_min=25|fast_period=20|rsi_confirm=True|slow_period=100,both,all,NEEDS_MORE_DATA,12,,,,,,,,,,,,,,,,only 12 trades < min 20,mt5
run_20260427_124725,GBP/USD,forex,H1,trend_momentum,ema_cross,adx_min=0|fast_period=20|rsi_confirm=False|slow_period=200,both,all,NEEDS_MORE_DATA,12,,,,,,,,,,,,,,,,only 12 trades < min 20,mt5
run_20260427_124725,GBP/USD,forex,H1,trend_momentum,ema_cross,adx_min=0|fast_period=20|rsi_confirm=True|slow_period=200,both,all,NEEDS_MORE_DATA,10,,,,,,,,,,,,,,,,only 10 trades < min 20,mt5
run_20260427_124725,GBP/USD,forex,H1,trend_momentum,ema_cross,adx_min=20|fast_period=20|rsi_confirm=False|slow_period=200,both,all,NEEDS_MORE_DATA,12,,,,,,,,,,,,,,,,only 12 trades < min 20,mt5
run_20260427_124725,GBP/USD,forex,H1,trend_momentum,ema_cross,adx_min=20|fast_period=20|rsi_confirm=True|slow_period=200,both,all,NEEDS_MORE_DATA,10,,,,,,,,,,,,,,,,only 10 trades < min 20,mt5
run_20260427_124725,GBP/USD,forex,H1,trend_momentum,ema_cross,adx_min=25|fast_period=20|rsi_confirm=False|slow_period=200,both,all,NEEDS_MORE_DATA,11,,,,,,,,,,,,,,,,only 11 trades < min 20,mt5
run_20260427_124725,GBP/USD,forex,H1,trend_momentum,ema_cross,adx_min=25|fast_period=20|rsi_confirm=True|slow_period=200,both,all,NEEDS_MORE_DATA,9,,,,,,,,,,,,,,,,only 9 trades < min 20,mt5
run_20260427_124725,GBP/USD,forex,H1,trend_momentum,ema_alignment,adx_min=0|ema_long=200|ema_mid=50|ema_short=20,both,all,REJECT,29,0.137931,0.300442,-0.001701,-0.001701,-0.053700,-6.468821,-3.000835,0.029029,14.137931,-0.048298,-0.048298,-0.050819,0.002881,0.274000,,,mt5
run_20260427_124725,GBP/USD,forex,H1,trend_momentum,ema_alignment,adx_min=20|ema_long=200|ema_mid=50|ema_short=20,both,all,REJECT,29,0.137931,0.307898,-0.001642,-0.001642,-0.052078,-6.336240,-2.921518,0.029029,13.793103,-0.046667,-0.046667,-0.049192,0.002881,0.274000,,,mt5
run_20260427_124725,GBP/USD,forex,H1,trend_momentum,ema_alignment,adx_min=25|ema_long=200|ema_mid=50|ema_short=20,both,all,REJECT,24,0.166667,0.374576,-0.001474,-0.001474,-0.040381,-4.934333,-2.194038,0.024024,15.833333,-0.034903,-0.034903,-0.037460,0.002881,0.244000,,,mt5
run_20260427_124725,GBP/USD,forex,H1,trend_momentum,macd_direction,adx_min=0|fast=12|signal_period=9|slow=26,both,all,REJECT,80,0.262500,0.490594,-0.001013,-0.001013,-0.078339,-6.192205,-2.615031,0.080080,12.112500,-0.078339,-0.078339,-0.053366,-0.026510,0.582360,,,mt5
run_20260427_124725,GBP/USD,forex,H1,trend_momentum,macd_direction,adx_min=20|fast=12|signal_period=9|slow=26,both,all,REJECT,79,0.265823,0.512196,-0.000941,-0.000941,-0.072111,-5.804284,-2.440744,0.079079,12.177215,-0.072111,-0.072111,-0.046970,-0.026510,0.602652,,,mt5
run_20260427_124725,GBP/USD,forex,H1,pullback,pullback_ema,pullback_period=20|rsi_reclaim=False|rsi_threshold=50|trend_period=200,both,all,REJECT,69,0.130435,0.270463,-0.001134,-0.001134,-0.075747,-9.423261,-4.278902,0.069069,6.376812,-0.075485,-0.075485,-0.050990,-0.025812,0.551864,,,mt5
run_20260427_124725,GBP/USD,forex,H1,pullback,pullback_ema,pullback_period=20|rsi_reclaim=True|rsi_threshold=50|trend_period=200,both,all,REJECT,60,0.150000,0.310045,-0.001084,-0.001084,-0.063593,-8.020324,-3.572433,0.060060,6.950000,-0.063141,-0.063141,-0.042449,-0.021609,0.552719,,,mt5
run_20260427_124725,GBP/USD,forex,H1,pullback,pullback_ema,pullback_period=50|rsi_reclaim=False|rsi_threshold=50|trend_period=200,both,all,REJECT,44,0.068182,0.156496,-0.001745,-0.001745,-0.074052,-10.126715,-5.181307,0.044044,9.227273,-0.074052,-0.074052,-0.060707,-0.014207,0.434208,,,mt5
run_20260427_124725,GBP/USD,forex,H1,pullback,pullback_ema,pullback_period=50|rsi_reclaim=True|rsi_threshold=50|trend_period=200,both,all,REJECT,30,0.100000,0.212787,-0.001781,-0.001781,-0.052167,-7.491093,-3.640738,0.030030,11.933333,-0.052167,-0.052167,-0.038507,-0.014207,0.390685,,,mt5
run_20260427_124725,GBP/USD,forex,H1,breakout,prev_day_hl,atr_expand_min=0.0,both,all,NEEDS_MORE_DATA,11,,,,,,,,,,,,,,1.000000,,only 11 trades < min 20,mt5
run_20260427_124725,GBP/USD,forex,H1,breakout,prev_day_hl,atr_expand_min=0.5,both,all,NEEDS_MORE_DATA,11,,,,,,,,,,,,,,1.000000,,only 11 trades < min 20,mt5
run_20260427_124725,GBP/USD,forex,H1,breakout,prev_day_hl,atr_expand_min=1.0,both,all,NEEDS_MORE_DATA,11,,,,,,,,,,,,,,1.000000,,only 11 trades < min 20,mt5
run_20260427_124725,GBP/USD,forex,H1,breakout,session_opening_range,atr_expand_min=0.0|range_bars=6,both,all,REJECT,63,0.238095,0.482479,-0.001070,-0.001070,-0.065593,-5.534777,-2.340457,0.063063,15.269841,-0.065593,-0.065593,-0.042155,-0.022597,0.594147,,,mt5
run_20260427_124725,GBP/USD,forex,H1,breakout,session_opening_range,atr_expand_min=0.5|range_bars=6,both,all,REJECT,62,0.241935,0.500867,-0.001010,-0.001010,-0.061104,-5.209173,-2.193946,0.062062,15.419355,-0.061104,-0.061104,-0.037553,-0.022597,0.613853,,,mt5
run_20260427_124725,GBP/USD,forex,H1,breakout,session_opening_range,atr_expand_min=0.0|range_bars=12,both,all,REJECT,39,0.333333,0.483784,-0.001354,-0.001354,-0.054135,-4.440014,-1.882605,0.039039,24.487179,-0.051840,-0.051840,-0.025328,-0.022882,0.621689,,,mt5
run_20260427_124725,GBP/USD,forex,H1,breakout,session_opening_range,atr_expand_min=0.5|range_bars=12,both,all,REJECT,38,0.342105,0.507505,-0.001264,-0.001264,-0.049591,-4.093586,-1.726194,0.038038,24.973684,-0.047285,-0.047285,-0.020645,-0.022882,0.612172,,,mt5
run_20260427_124725,GBP/USD,forex,H1,breakout,london_breakout,atr_expand_min=0.0|utc_end=11|utc_start=7,both,all,NEEDS_MORE_DATA,17,,,,,,,,,,,,,,1.000000,,only 17 trades < min 20,mt5
run_20260427_124725,GBP/USD,forex,H1,breakout,london_breakout,atr_expand_min=0.5|utc_end=11|utc_start=7,both,all,NEEDS_MORE_DATA,17,,,,,,,,,,,,,,1.000000,,only 17 trades < min 20,mt5
run_20260427_124725,GBP/USD,forex,H1,breakout,ny_breakout,atr_expand_min=0.0|utc_end=16|utc_start=13,both,all,NEEDS_MORE_DATA,18,,,,,,,,,,,,,,,,only 18 trades < min 20,mt5
run_20260427_124725,GBP/USD,forex,H1,breakout,ny_breakout,atr_expand_min=0.5|utc_end=16|utc_start=13,both,all,NEEDS_MORE_DATA,18,,,,,,,,,,,,,,,,only 18 trades < min 20,mt5
run_20260427_124725,GBP/USD,forex,H1,mean_reversion,rsi_extreme,overbought=70|oversold=30|period=14,both,all,NEEDS_MORE_DATA,13,,,,,,,,,,,,,,1.000000,,only 13 trades < min 20,mt5
run_20260427_124725,GBP/USD,forex,H1,mean_reversion,rsi_extreme,overbought=75|oversold=30|period=14,both,all,NEEDS_MORE_DATA,10,,,,,,,,,,,,,,,,only 10 trades < min 20,mt5
run_20260427_124725,GBP/USD,forex,H1,mean_reversion,rsi_extreme,overbought=70|oversold=25|period=14,both,all,NEEDS_MORE_DATA,9,,,,,,,,,,,,,,,,only 9 trades < min 20,mt5
run_20260427_124725,GBP/USD,forex,H1,mean_reversion,rsi_extreme,overbought=75|oversold=25|period=14,both,all,NEEDS_MORE_DATA,6,,,,,,,,,,,,,,,,only 6 trades < min 20,mt5
run_20260427_124725,GBP/USD,forex,H1,mean_reversion,bollinger_touch,num_std=2.0|period=20,both,all,REJECT,38,0.552632,0.675798,-0.000413,-0.000413,-0.024137,-2.082997,-0.854797,0.038038,13.973684,-0.015740,-0.015740,-0.017374,0.001662,0.328000,,,mt5
run_20260427_124725,GBP/USD,forex,H1,mean_reversion,bollinger_touch,num_std=2.5|period=20,both,all,WEAK_CANDIDATE,25,0.600000,1.403494,0.000291,0.000291,-0.007950,1.752238,0.719664,0.025025,12.840000,0.007246,0.007246,-0.000689,0.007940,0.431141,,,mt5
run_20260427_124725,GBP/USD,forex,H1,mean_reversion,vwap_deviation,std_threshold=1.5,both,all,NEEDS_MORE_DATA,12,,,,,,,,,,,,,,,,only 12 trades < min 20,mt5
run_20260427_124725,GBP/USD,forex,H1,mean_reversion,vwap_deviation,std_threshold=2.0,both,all,NEEDS_MORE_DATA,12,,,,,,,,,,,,,,,,only 12 trades < min 20,mt5
run_20260427_124725,GBP/USD,forex,H1,engine_b_proxy,ob_bos,require_engulf=False|require_vol_expand=False|swing_period=5,both,all,REJECT,22,0.227273,0.292696,-0.003378,-0.003378,-0.072472,-5.578675,-2.583017,0.022022,33.590909,-0.072117,-0.072117,-0.071275,-0.008855,0.269272,,,mt5
run_20260427_124725,GBP/USD,forex,H1,engine_b_proxy,ob_bos,require_engulf=False|require_vol_expand=True|swing_period=5,both,all,NEEDS_MORE_DATA,17,,,,,,,,,,,,,,1.000000,,only 17 trades < min 20,mt5
run_20260427_124725,GBP/USD,forex,H1,engine_b_proxy,ob_bos,require_engulf=True|require_vol_expand=False|swing_period=5,both,all,REJECT,22,0.227273,0.270691,-0.003564,-0.003564,-0.076271,-5.843876,-2.745733,0.022022,32.409091,-0.075917,-0.075917,-0.071275,-0.012914,0.286355,,,mt5
run_20260427_124725,GBP/USD,forex,H1,engine_b_proxy,ob_bos,require_engulf=True|require_vol_expand=True|swing_period=5,both,all,NEEDS_MORE_DATA,15,,,,,,,,,,,,,,,,only 15 trades < min 20,mt5
run_20260427_124725,GBP/USD,forex,H1,engine_b_proxy,ob_bos,require_engulf=False|require_vol_expand=False|swing_period=10,both,all,NEEDS_MORE_DATA,12,,,,,,,,,,,,,,,,only 12 trades < min 20,mt5
run_20260427_124725,GBP/USD,forex,H1,engine_b_proxy,ob_bos,require_engulf=False|require_vol_expand=True|swing_period=10,both,all,NEEDS_MORE_DATA,8,,,,,,,,,,,,,,,,only 8 trades < min 20,mt5
run_20260427_124725,GBP/USD,forex,H1,engine_b_proxy,ob_bos,require_engulf=True|require_vol_expand=False|swing_period=10,both,all,NEEDS_MORE_DATA,11,,,,,,,,,,,,,,,,only 11 trades < min 20,mt5
run_20260427_124725,GBP/USD,forex,H1,engine_b_proxy,ob_bos,require_engulf=True|require_vol_expand=True|swing_period=10,both,all,NEEDS_MORE_DATA,5,,,,,,,,,,,,,,,,only 5 trades < min 20,mt5
run_20260427_124725,GBP/USD,forex,H1,engine_b_proxy,structure_filters,fvg_detection=False|strong_close_pct=0.7,both,all,REJECT,302,0.182119,0.251408,-0.001044,-0.001044,-0.270831,-21.381273,-9.569808,0.302302,3.185430,-0.270831,-0.270831,-0.210161,-0.074945,0.506983,,,mt5
run_20260427_124725,GBP/USD,forex,H1,engine_b_proxy,structure_filters,fvg_detection=True|strong_close_pct=0.7,both,all,REJECT,47,0.212766,0.303382,-0.001264,-0.001264,-0.057869,-7.459598,-3.363133,0.047047,10.744681,-0.057869,-0.057869,-0.050523,-0.006266,0.435874,,,mt5
run_20260427_124725,GBP/USD,forex,H1,engine_b_proxy,structure_filters,fvg_detection=False|strong_close_pct=0.8,both,all,REJECT,216,0.217593,0.330103,-0.000943,-0.000943,-0.184766,-14.308444,-6.212203,0.216216,4.236111,-0.184766,-0.184766,-0.138890,-0.051359,0.510935,,,mt5
run_20260427_124725,GBP/USD,forex,H1,engine_b_proxy,structure_filters,fvg_detection=True|strong_close_pct=0.8,both,all,REJECT,41,0.170732,0.248302,-0.001559,-0.001559,-0.062092,-8.061916,-3.788729,0.041041,10.268293,-0.062092,-0.062092,-0.050376,-0.010874,0.427424,,,mt5
run_20260427_124725,EUR/USD,forex,H1,trend_momentum,ema_cross,adx_min=0|fast_period=10|rsi_confirm=False|slow_period=50,both,all,REJECT,24,0.291667,0.699022,-0.000713,-0.000713,-0.028993,-1.754806,-0.721052,0.024024,40.750000,-0.017244,-0.017244,-0.022373,-0.005379,0.316120,,,mt5
run_20260427_124725,EUR/USD,forex,H1,trend_momentum,ema_cross,adx_min=0|fast_period=10|rsi_confirm=True|slow_period=50,both,all,REJECT,22,0.318182,0.751816,-0.000596,-0.000596,-0.028993,-1.355824,-0.555075,0.022022,44.318182,-0.013309,-0.013309,-0.018459,-0.005379,0.319413,,,mt5
run_20260427_124725,EUR/USD,forex,H1,trend_momentum,ema_cross,adx_min=20|fast_period=10|rsi_confirm=False|slow_period=50,both,all,REJECT,24,0.291667,0.699022,-0.000713,-0.000713,-0.028993,-1.754806,-0.721052,0.024024,40.750000,-0.017244,-0.017244,-0.022373,-0.005379,0.316120,,,mt5
run_20260427_124725,EUR/USD,forex,H1,trend_momentum,ema_cross,adx_min=20|fast_period=10|rsi_confirm=True|slow_period=50,both,all,REJECT,22,0.318182,0.751816,-0.000596,-0.000596,-0.028993,-1.355824,-0.555075,0.022022,44.318182,-0.013309,-0.013309,-0.018459,-0.005379,0.319413,,,mt5
run_20260427_124725,EUR/USD,forex,H1,trend_momentum,ema_cross,adx_min=25|fast_period=10|rsi_confirm=False|slow_period=50,both,all,REJECT,20,0.250000,0.584410,-0.000924,-0.000924,-0.025139,-2.380889,-0.991157,0.020020,39.050000,-0.018493,-0.018493,-0.014107,-0.004449,0.314601,,,mt5
run_20260427_124725,EUR/USD,forex,H1,trend_momentum,ema_cross,adx_min=25|fast_period=10|rsi_confirm=True|slow_period=50,both,all,NEEDS_MORE_DATA,18,,,,,,,,,,,,,,1.000000,,only 18 trades < min 20,mt5
run_20260427_124725,EUR/USD,forex,H1,trend_momentum,ema_cross,adx_min=0|fast_period=10|rsi_confirm=False|slow_period=100,both,all,REJECT,20,0.250000,0.497174,-0.001703,-0.001703,-0.047504,-2.918494,-1.229928,0.020020,49.500000,-0.033885,-0.033885,-0.043229,-0.005853,0.260618,,,mt5
run_20260427_124725,EUR/USD,forex,H1,trend_momentum,ema_cross,adx_min=0|fast_period=10|rsi_confirm=True|slow_period=100,both,all,NEEDS_MORE_DATA,18,,,,,,,,,,,,,,1.000000,,only 18 trades < min 20,mt5
run_20260427_124725,EUR/USD,forex,H1,trend_momentum,ema_cross,adx_min=20|fast_period=10|rsi_confirm=False|slow_period=100,both,all,REJECT,20,0.250000,0.497174,-0.001703,-0.001703,-0.047504,-2.918494,-1.229928,0.020020,49.500000,-0.033885,-0.033885,-0.043229,-0.005853,0.260618,,,mt5
run_20260427_124725,EUR/USD,forex,H1,trend_momentum,ema_cross,adx_min=20|fast_period=10|rsi_confirm=True|slow_period=100,both,all,NEEDS_MORE_DATA,18,,,,,,,,,,,,,,1.000000,,only 18 trades < min 20,mt5
run_20260427_124725,EUR/USD,forex,H1,trend_momentum,ema_cross,adx_min=25|fast_period=10|rsi_confirm=False|slow_period=100,both,all,NEEDS_MORE_DATA,18,,,,,,,,,,,,,,1.000000,,only 18 trades < min 20,mt5
run_20260427_124725,EUR/USD,forex,H1,trend_momentum,ema_cross,adx_min=25|fast_period=10|rsi_confirm=True|slow_period=100,both,all,NEEDS_MORE_DATA,16,,,,,,,,,,,,,,1.000000,,only 16 trades < min 20,mt5
run_20260427_124725,EUR/USD,forex,H1,trend_momentum,ema_cross,adx_min=0|fast_period=10|rsi_confirm=False|slow_period=200,both,all,NEEDS_MORE_DATA,16,,,,,,,,,,,,,,,,only 16 trades < min 20,mt5
run_20260427_124725,EUR/USD,forex,H1,trend_momentum,ema_cross,adx_min=0|fast_period=10|rsi_confirm=True|slow_period=200,both,all,NEEDS_MORE_DATA,13,,,,,,,,,,,,,,,,only 13 trades < min 20,mt5
run_20260427_124725,EUR/USD,forex,H1,trend_momentum,ema_cross,adx_min=20|fast_period=10|rsi_confirm=False|slow_period=200,both,all,NEEDS_MORE_DATA,16,,,,,,,,,,,,,,,,only 16 trades < min 20,mt5
run_20260427_124725,EUR/USD,forex,H1,trend_momentum,ema_cross,adx_min=20|fast_period=10|rsi_confirm=True|slow_period=200,both,all,NEEDS_MORE_DATA,13,,,,,,,,,,,,,,,,only 13 trades < min 20,mt5
run_20260427_124725,EUR/USD,forex,H1,trend_momentum,ema_cross,adx_min=25|fast_period=10|rsi_confirm=False|slow_period=200,both,all,NEEDS_MORE_DATA,14,,,,,,,,,,,,,,,,only 14 trades < min 20,mt5
run_20260427_124725,EUR/USD,forex,H1,trend_momentum,ema_cross,adx_min=25|fast_period=10|rsi_confirm=True|slow_period=200,both,all,NEEDS_MORE_DATA,11,,,,,,,,,,,,,,,,only 11 trades < min 20,mt5
run_20260427_124725,EUR/USD,forex,H1,trend_momentum,ema_cross,adx_min=0|fast_period=20|rsi_confirm=False|slow_period=50,both,all,REJECT,20,0.250000,0.509337,-0.001928,-0.001928,-0.046185,-2.934362,-1.237116,0.020020,49.300000,-0.038322,-0.038322,-0.041186,-0.014789,0.327723,,,mt5
run_20260427_124725,EUR/USD,forex,H1,trend_momentum,ema_cross,adx_min=0|fast_period=20|rsi_confirm=True|slow_period=50,both,all,NEEDS_MORE_DATA,18,,,,,,,,,,,,,,1.000000,,only 18 trades < min 20,mt5
run_20260427_124725,EUR/USD,forex,H1,trend_momentum,ema_cross,adx_min=20|fast_period=20|rsi_confirm=False|slow_period=50,both,all,REJECT,20,0.250000,0.509337,-0.001928,-0.001928,-0.046185,-2.934362,-1.237116,0.020020,49.300000,-0.038322,-0.038322,-0.041186,-0.014789,0.327723,,,mt5
run_20260427_124725,EUR/USD,forex,H1,trend_momentum,ema_cross,adx_min=20|fast_period=20|rsi_confirm=True|slow_period=50,both,all,NEEDS_MORE_DATA,18,,,,,,,,,,,,,,1.000000,,only 18 trades < min 20,mt5
run_20260427_124725,EUR/USD,forex,H1,trend_momentum,ema_cross,adx_min=25|fast_period=20|rsi_confirm=False|slow_period=50,both,all,NEEDS_MORE_DATA,17,,,,,,,,,,,,,,1.000000,,only 17 trades < min 20,mt5
run_20260427_124725,EUR/USD,forex,H1,trend_momentum,ema_cross,adx_min=25|fast_period=20|rsi_confirm=True|slow_period=50,both,all,NEEDS_MORE_DATA,15,,,,,,,,,,,,,,1.000000,,only 15 trades < min 20,mt5
run_20260427_124725,EUR/USD,forex,H1,trend_momentum,ema_cross,adx_min=0|fast_period=20|rsi_confirm=False|slow_period=100,both,all,NEEDS_MORE_DATA,16,,,,,,,,,,,,,,,,only 16 trades < min 20,mt5
run_20260427_124725,EUR/USD,forex,H1,trend_momentum,ema_cross,adx_min=0|fast_period=20|rsi_confirm=True|slow_period=100,both,all,NEEDS_MORE_DATA,14,,,,,,,,,,,,,,,,only 14 trades < min 20,mt5
run_20260427_124725,EUR/USD,forex,H1,trend_momentum,ema_cross,adx_min=20|fast_period=20|rsi_confirm=False|slow_period=100,both,all,NEEDS_MORE_DATA,16,,,,,,,,,,,,,,,,only 16 trades < min 20,mt5
run_20260427_124725,EUR/USD,forex,H1,trend_momentum,ema_cross,adx_min=20|fast_period=20|rsi_confirm=True|slow_period=100,both,all,NEEDS_MORE_DATA,14,,,,,,,,,,,,,,,,only 14 trades < min 20,mt5
run_20260427_124725,EUR/USD,forex,H1,trend_momentum,ema_cross,adx_min=25|fast_period=20|rsi_confirm=False|slow_period=100,both,all,NEEDS_MORE_DATA,15,,,,,,,,,,,,,,,,only 15 trades < min 20,mt5
run_20260427_124725,EUR/USD,forex,H1,trend_momentum,ema_cross,adx_min=25|fast_period=20|rsi_confirm=True|slow_period=100,both,all,NEEDS_MORE_DATA,13,,,,,,,,,,,,,,,,only 13 trades < min 20,mt5
run_20260427_124725,EUR/USD,forex,H1,trend_momentum,ema_cross,adx_min=0|fast_period=20|rsi_confirm=False|slow_period=200,both,all,NEEDS_MORE_DATA,14,,,,,,,,,,,,,,,,only 14 trades < min 20,mt5
run_20260427_124725,EUR/USD,forex,H1,trend_momentum,ema_cross,adx_min=0|fast_period=20|rsi_confirm=True|slow_period=200,both,all,NEEDS_MORE_DATA,11,,,,,,,,,,,,,,,,only 11 trades < min 20,mt5
run_20260427_124725,EUR/USD,forex,H1,trend_momentum,ema_cross,adx_min=20|fast_period=20|rsi_confirm=False|slow_period=200,both,all,NEEDS_MORE_DATA,14,,,,,,,,,,,,,,,,only 14 trades < min 20,mt5
run_20260427_124725,EUR/USD,forex,H1,trend_momentum,ema_cross,adx_min=20|fast_period=20|rsi_confirm=True|slow_period=200,both,all,NEEDS_MORE_DATA,11,,,,,,,,,,,,,,,,only 11 trades < min 20,mt5
run_20260427_124725,EUR/USD,forex,H1,trend_momentum,ema_cross,adx_min=25|fast_period=20|rsi_confirm=False|slow_period=200,both,all,NEEDS_MORE_DATA,13,,,,,,,,,,,,,,,,only 13 trades < min 20,mt5
run_20260427_124725,EUR/USD,forex,H1,trend_momentum,ema_cross,adx_min=25|fast_period=20|rsi_confirm=True|slow_period=200,both,all,NEEDS_MORE_DATA,10,,,,,,,,,,,,,,,,only 10 trades < min 20,mt5
run_20260427_124725,EUR/USD,forex,H1,trend_momentum,ema_alignment,adx_min=0|ema_long=200|ema_mid=50|ema_short=20,both,all,REJECT,26,0.153846,0.553736,-0.000788,-0.000788,-0.022531,-2.905972,-1.213812,0.026026,17.500000,-0.020431,-0.020431,-0.022531,-0.005741,0.332436,,,mt5
run_20260427_124725,EUR/USD,forex,H1,trend_momentum,ema_alignment,adx_min=20|ema_long=200|ema_mid=50|ema_short=20,both,all,REJECT,26,0.153846,0.490483,-0.001016,-0.001016,-0.028317,-3.581133,-1.517704,0.026026,16.846154,-0.026229,-0.026229,-0.028317,-0.005741,0.316820,,,mt5
run_20260427_124725,EUR/USD,forex,H1,trend_momentum,ema_alignment,adx_min=25|ema_long=200|ema_mid=50|ema_short=20,both,all,REJECT,25,0.160000,0.519195,-0.000942,-0.000942,-0.025523,-3.232365,-1.361008,0.025025,17.240000,-0.023429,-0.023429,-0.025523,-0.005741,0.317477,,,mt5
run_20260427_124725,EUR/USD,forex,H1,trend_momentum,macd_direction,adx_min=0|fast=12|signal_period=9|slow=26,both,all,REJECT,68,0.294118,0.561461,-0.000810,-0.000810,-0.053963,-4.671218,-1.948210,0.068068,14.220588,-0.053963,-0.053963,-0.030931,-0.023080,0.657189,,,mt5
run_20260427_124725,EUR/USD,forex,H1,trend_momentum,macd_direction,adx_min=20|fast=12|signal_period=9|slow=26,both,all,REJECT,67,0.298507,0.564804,-0.000811,-0.000811,-0.053260,-4.612956,-1.923453,0.067067,14.164179,-0.053260,-0.053260,-0.030210,-0.023080,0.662532,,,mt5
run_20260427_124725,EUR/USD,forex,H1,pullback,pullback_ema,pullback_period=20|rsi_reclaim=False|rsi_threshold=50|trend_period=200,both,all,REJECT,66,0.181818,0.387231,-0.000836,-0.000836,-0.053864,-6.824519,-2.939816,0.066066,7.318182,-0.053864,-0.053864,-0.036393,-0.018130,0.549452,,,mt5
run_20260427_124725,EUR/USD,forex,H1,pullback,pullback_ema,pullback_period=20|rsi_reclaim=True|rsi_threshold=50|trend_period=200,both,all,REJECT,53,0.207547,0.475185,-0.000720,-0.000720,-0.037620,-4.884252,-2.059974,0.053053,8.433962,-0.037620,-0.037620,-0.027204,-0.010708,0.518084,,,mt5
run_20260427_124725,EUR/USD,forex,H1,pullback,pullback_ema,pullback_period=50|rsi_reclaim=False|rsi_threshold=50|trend_period=200,both,all,REJECT,38,0.105263,0.478529,-0.000790,-0.000790,-0.033066,-3.831480,-1.608168,0.038038,11.921053,-0.029744,-0.029744,-0.033066,-0.006265,0.384838,,,mt5
run_20260427_124725,EUR/USD,forex,H1,pullback,pullback_ema,pullback_period=50|rsi_reclaim=True|rsi_threshold=50|trend_period=200,both,all,REJECT,25,0.160000,0.759248,-0.000349,-0.000349,-0.020193,-1.183332,-0.483360,0.025025,16.760000,-0.008857,-0.008857,-0.017667,-0.000784,0.263313,,,mt5
run_20260427_124725,EUR/USD,forex,H1,breakout,prev_day_hl,atr_expand_min=0.0,both,all,NEEDS_MORE_DATA,13,,,,,,,,,,,,,,1.000000,,only 13 trades < min 20,mt5
run_20260427_124725,EUR/USD,forex,H1,breakout,prev_day_hl,atr_expand_min=0.5,both,all,NEEDS_MORE_DATA,13,,,,,,,,,,,,,,1.000000,,only 13 trades < min 20,mt5
run_20260427_124725,EUR/USD,forex,H1,breakout,prev_day_hl,atr_expand_min=1.0,both,all,NEEDS_MORE_DATA,12,,,,,,,,,,,,,,1.000000,,only 12 trades < min 20,mt5
run_20260427_124725,EUR/USD,forex,H1,breakout,session_opening_range,atr_expand_min=0.0|range_bars=6,both,all,REJECT,62,0.241935,0.469520,-0.001104,-0.001104,-0.072308,-5.640569,-2.390698,0.062062,15.225806,-0.066585,-0.066585,-0.059156,-0.006934,0.468496,,,mt5
run_20260427_124725,EUR/USD,forex,H1,breakout,session_opening_range,atr_expand_min=0.5|range_bars=6,both,all,REJECT,59,0.237288,0.506691,-0.000978,-0.000978,-0.062261,-4.911501,-2.063860,0.059059,15.542373,-0.056475,-0.056475,-0.048966,-0.006934,0.475813,,,mt5
run_20260427_124725,EUR/USD,forex,H1,breakout,session_opening_range,atr_expand_min=0.0|range_bars=12,both,all,REJECT,30,0.400000,0.992534,-0.000013,-0.000013,-0.025488,-0.041015,-0.016678,0.030030,31.733333,-0.000666,-0.000666,0.019657,-0.016886,0.296667,,,mt5
run_20260427_124725,EUR/USD,forex,H1,breakout,session_opening_range,atr_expand_min=0.5|range_bars=12,both,all,REJECT,30,0.400000,0.992534,-0.000013,-0.000013,-0.025488,-0.041015,-0.016678,0.030030,31.733333,-0.000666,-0.000666,0.019657,-0.016886,0.296667,,,mt5
run_20260427_124725,EUR/USD,forex,H1,breakout,london_breakout,atr_expand_min=0.0|utc_end=11|utc_start=7,both,all,NEEDS_MORE_DATA,17,,,,,,,,,,,,,,1.000000,,only 17 trades < min 20,mt5
run_20260427_124725,EUR/USD,forex,H1,breakout,london_breakout,atr_expand_min=0.5|utc_end=11|utc_start=7,both,all,NEEDS_MORE_DATA,17,,,,,,,,,,,,,,1.000000,,only 17 trades < min 20,mt5
run_20260427_124725,EUR/USD,forex,H1,breakout,ny_breakout,atr_expand_min=0.0|utc_end=16|utc_start=13,both,all,NEEDS_MORE_DATA,16,,,,,,,,,,,,,,,,only 16 trades < min 20,mt5
run_20260427_124725,EUR/USD,forex,H1,breakout,ny_breakout,atr_expand_min=0.5|utc_end=16|utc_start=13,both,all,NEEDS_MORE_DATA,16,,,,,,,,,,,,,,,,only 16 trades < min 20,mt5
run_20260427_124725,EUR/USD,forex,H1,mean_reversion,rsi_extreme,overbought=70|oversold=30|period=14,both,all,NEEDS_MORE_DATA,17,,,,,,,,,,,,,,1.000000,,only 17 trades < min 20,mt5
run_20260427_124725,EUR/USD,forex,H1,mean_reversion,rsi_extreme,overbought=75|oversold=30|period=14,both,all,NEEDS_MORE_DATA,14,,,,,,,,,,,,,,,,only 14 trades < min 20,mt5
run_20260427_124725,EUR/USD,forex,H1,mean_reversion,rsi_extreme,overbought=70|oversold=25|period=14,both,all,NEEDS_MORE_DATA,12,,,,,,,,,,,,,,,,only 12 trades < min 20,mt5
run_20260427_124725,EUR/USD,forex,H1,mean_reversion,rsi_extreme,overbought=75|oversold=25|period=14,both,all,NEEDS_MORE_DATA,9,,,,,,,,,,,,,,,,only 9 trades < min 20,mt5
run_20260427_124725,EUR/USD,forex,H1,mean_reversion,bollinger_touch,num_std=2.0|period=20,both,all,REJECT,37,0.486486,0.383927,-0.001176,-0.001176,-0.044086,-4.388968,-1.863575,0.037037,17.297297,-0.042855,-0.042855,-0.042868,-0.001082,0.329571,,,mt5
run_20260427_124725,EUR/USD,forex,H1,mean_reversion,bollinger_touch,num_std=2.5|period=20,both,all,REJECT,21,0.428571,0.239741,-0.001872,-0.001872,-0.040704,-4.394736,-1.936999,0.021021,19.285714,-0.038788,-0.038788,-0.034507,-0.005524,0.314025,,,mt5
run_20260427_124725,EUR/USD,forex,H1,mean_reversion,vwap_deviation,std_threshold=1.5,both,all,NEEDS_MORE_DATA,10,,,,,,,,,,,,,,,,only 10 trades < min 20,mt5
run_20260427_124725,EUR/USD,forex,H1,mean_reversion,vwap_deviation,std_threshold=2.0,both,all,NEEDS_MORE_DATA,7,,,,,,,,,,,,,,,,only 7 trades < min 20,mt5
run_20260427_124725,EUR/USD,forex,H1,engine_b_proxy,ob_bos,require_engulf=False|require_vol_expand=False|swing_period=5,both,all,NEEDS_MORE_DATA,19,,,,,,,,,,,,,,1.000000,,only 19 trades < min 20,mt5
run_20260427_124725,EUR/USD,forex,H1,engine_b_proxy,ob_bos,require_engulf=False|require_vol_expand=True|swing_period=5,both,all,NEEDS_MORE_DATA,15,,,,,,,,,,,,,,1.000000,,only 15 trades < min 20,mt5
run_20260427_124725,EUR/USD,forex,H1,engine_b_proxy,ob_bos,require_engulf=True|require_vol_expand=False|swing_period=5,both,all,NEEDS_MORE_DATA,16,,,,,,,,,,,,,,1.000000,,only 16 trades < min 20,mt5
run_20260427_124725,EUR/USD,forex,H1,engine_b_proxy,ob_bos,require_engulf=True|require_vol_expand=True|swing_period=5,both,all,NEEDS_MORE_DATA,14,,,,,,,,,,,,,,,,only 14 trades < min 20,mt5
run_20260427_124725,EUR/USD,forex,H1,engine_b_proxy,ob_bos,require_engulf=False|require_vol_expand=False|swing_period=10,both,all,NEEDS_MORE_DATA,11,,,,,,,,,,,,,,,,only 11 trades < min 20,mt5
run_20260427_124725,EUR/USD,forex,H1,engine_b_proxy,ob_bos,require_engulf=False|require_vol_expand=True|swing_period=10,both,all,NEEDS_MORE_DATA,8,,,,,,,,,,,,,,,,only 8 trades < min 20,mt5
run_20260427_124725,EUR/USD,forex,H1,engine_b_proxy,ob_bos,require_engulf=True|require_vol_expand=False|swing_period=10,both,all,NEEDS_MORE_DATA,10,,,,,,,,,,,,,,,,only 10 trades < min 20,mt5
run_20260427_124725,EUR/USD,forex,H1,engine_b_proxy,ob_bos,require_engulf=True|require_vol_expand=True|swing_period=10,both,all,NEEDS_MORE_DATA,8,,,,,,,,,,,,,,,,only 8 trades < min 20,mt5
run_20260427_124725,EUR/USD,forex,H1,engine_b_proxy,structure_filters,fvg_detection=False|strong_close_pct=0.7,both,all,REJECT,312,0.157051,0.164724,-0.001136,-0.001136,-0.298739,-27.010713,-12.818847,0.312312,3.060897,-0.298739,-0.298739,-0.229723,-0.088787,0.515949,,,mt5
run_20260427_124725,EUR/USD,forex,H1,engine_b_proxy,structure_filters,fvg_detection=True|strong_close_pct=0.7,both,all,REJECT,33,0.242424,0.526364,-0.000788,-0.000788,-0.036852,-3.291637,-1.375040,0.033033,12.848485,-0.025849,-0.025849,-0.013485,-0.012533,0.593494,,,mt5
run_20260427_124725,EUR/USD,forex,H1,engine_b_proxy,structure_filters,fvg_detection=False|strong_close_pct=0.8,both,all,REJECT,226,0.190265,0.291144,-0.000954,-0.000954,-0.194445,-16.968233,-7.541648,0.226226,4.057522,-0.194445,-0.194445,-0.148559,-0.052507,0.506032,,,mt5
run_20260427_124725,EUR/USD,forex,H1,engine_b_proxy,structure_filters,fvg_detection=True|strong_close_pct=0.8,both,all,REJECT,25,0.280000,0.686830,-0.000509,-0.000509,-0.023936,-1.744998,-0.716631,0.025025,14.840000,-0.012793,-0.012793,-0.005192,-0.007640,0.493235,,,mt5
run_20260427_124725,USD/JPY,forex,H1,trend_momentum,ema_cross,adx_min=0|fast_period=10|rsi_confirm=False|slow_period=50,both,all,REJECT,30,0.200000,0.203941,-0.002001,-0.002001,-0.063213,-7.964430,-3.983667,0.030030,32.600000,-0.058421,-0.058421,-0.042662,-0.014285,0.380455,,,mt5
run_20260427_124725,USD/JPY,forex,H1,trend_momentum,ema_cross,adx_min=0|fast_period=10|rsi_confirm=True|slow_period=50,both,all,REJECT,29,0.172414,0.128368,-0.002260,-0.002260,-0.065044,-9.172206,-5.102608,0.029029,31.241379,-0.063592,-0.063592,-0.047919,-0.014285,0.363434,,,mt5
run_20260427_124725,USD/JPY,forex,H1,trend_momentum,ema_cross,adx_min=20|fast_period=10|rsi_confirm=False|slow_period=50,both,all,REJECT,30,0.200000,0.203941,-0.002001,-0.002001,-0.063213,-7.964430,-3.983667,0.030030,32.600000,-0.058421,-0.058421,-0.042662,-0.014285,0.380455,,,mt5
run_20260427_124725,USD/JPY,forex,H1,trend_momentum,ema_cross,adx_min=20|fast_period=10|rsi_confirm=True|slow_period=50,both,all,REJECT,29,0.172414,0.128368,-0.002260,-0.002260,-0.065044,-9.172206,-5.102608,0.029029,31.241379,-0.063592,-0.063592,-0.047919,-0.014285,0.363434,,,mt5
run_20260427_124725,USD/JPY,forex,H1,trend_momentum,ema_cross,adx_min=25|fast_period=10|rsi_confirm=False|slow_period=50,both,all,REJECT,21,0.142857,0.182473,-0.002175,-0.002175,-0.048158,-6.939108,-3.558153,0.021021,31.333333,-0.044772,-0.044772,-0.031097,-0.014113,0.362155,,,mt5
run_20260427_124725,USD/JPY,forex,H1,trend_momentum,ema_cross,adx_min=25|fast_period=10|rsi_confirm=True|slow_period=50,both,all,REJECT,20,0.100000,0.080304,-0.002560,-0.002560,-0.050017,-8.347062,-5.143046,0.020020,29.300000,-0.050017,-0.050017,-0.036418,-0.014113,0.336263,,,mt5
run_20260427_124725,USD/JPY,forex,H1,trend_momentum,ema_cross,adx_min=0|fast_period=10|rsi_confirm=False|slow_period=100,both,all,REJECT,26,0.076923,0.077648,-0.002934,-0.002934,-0.073645,-9.117501,-5.322920,0.026026,38.038462,-0.073645,-0.073645,-0.056325,-0.015816,0.340242,,,mt5
run_20260427_124725,USD/JPY,forex,H1,trend_momentum,ema_cross,adx_min=0|fast_period=10|rsi_confirm=True|slow_period=100,both,all,REJECT,23,0.043478,0.062102,-0.003218,-0.003218,-0.071530,-8.973486,-5.535838,0.023023,39.608696,-0.071530,-0.071530,-0.054170,-0.015816,0.325593,,,mt5
run_20260427_124725,USD/JPY,forex,H1,trend_momentum,ema_cross,adx_min=20|fast_period=10|rsi_confirm=False|slow_period=100,both,all,REJECT,26,0.076923,0.077648,-0.002934,-0.002934,-0.073645,-9.117501,-5.322920,0.026026,38.038462,-0.073645,-0.073645,-0.056325,-0.015816,0.340242,,,mt5
run_20260427_124725,USD/JPY,forex,H1,trend_momentum,ema_cross,adx_min=20|fast_period=10|rsi_confirm=True|slow_period=100,both,all,REJECT,23,0.043478,0.062102,-0.003218,-0.003218,-0.071530,-8.973486,-5.535838,0.023023,39.608696,-0.071530,-0.071530,-0.054170,-0.015816,0.325593,,,mt5
run_20260427_124725,USD/JPY,forex,H1,trend_momentum,ema_cross,adx_min=25|fast_period=10|rsi_confirm=False|slow_period=100,both,all,REJECT,21,0.095238,0.087824,-0.003176,-0.003176,-0.064715,-8.192814,-4.795394,0.021021,34.761905,-0.064715,-0.064715,-0.050318,-0.015159,0.316382,,,mt5
run_20260427_124725,USD/JPY,forex,H1,trend_momentum,ema_cross,adx_min=25|fast_period=10|rsi_confirm=True|slow_period=100,both,all,NEEDS_MORE_DATA,18,,,,,,,,,,,,,,1.000000,,only 18 trades < min 20,mt5
run_20260427_124725,USD/JPY,forex,H1,trend_momentum,ema_cross,adx_min=0|fast_period=10|rsi_confirm=False|slow_period=200,both,all,NEEDS_MORE_DATA,16,,,,,,,,,,,,,,,,only 16 trades < min 20,mt5
run_20260427_124725,USD/JPY,forex,H1,trend_momentum,ema_cross,adx_min=0|fast_period=10|rsi_confirm=True|slow_period=200,both,all,NEEDS_MORE_DATA,15,,,,,,,,,,,,,,,,only 15 trades < min 20,mt5
run_20260427_124725,USD/JPY,forex,H1,trend_momentum,ema_cross,adx_min=20|fast_period=10|rsi_confirm=False|slow_period=200,both,all,NEEDS_MORE_DATA,16,,,,,,,,,,,,,,,,only 16 trades < min 20,mt5
run_20260427_124725,USD/JPY,forex,H1,trend_momentum,ema_cross,adx_min=20|fast_period=10|rsi_confirm=True|slow_period=200,both,all,NEEDS_MORE_DATA,15,,,,,,,,,,,,,,,,only 15 trades < min 20,mt5
run_20260427_124725,USD/JPY,forex,H1,trend_momentum,ema_cross,adx_min=25|fast_period=10|rsi_confirm=False|slow_period=200,both,all,NEEDS_MORE_DATA,13,,,,,,,,,,,,,,,,only 13 trades < min 20,mt5
run_20260427_124725,USD/JPY,forex,H1,trend_momentum,ema_cross,adx_min=25|fast_period=10|rsi_confirm=True|slow_period=200,both,all,NEEDS_MORE_DATA,12,,,,,,,,,,,,,,,,only 12 trades < min 20,mt5
run_20260427_124725,USD/JPY,forex,H1,trend_momentum,ema_cross,adx_min=0|fast_period=20|rsi_confirm=False|slow_period=50,both,all,REJECT,26,0.153846,0.133076,-0.002915,-0.002915,-0.075156,-8.333301,-4.488719,0.026026,37.961538,-0.073224,-0.073224,-0.051678,-0.019275,0.367896,,,mt5
run_20260427_124725,USD/JPY,forex,H1,trend_momentum,ema_cross,adx_min=0|fast_period=20|rsi_confirm=True|slow_period=50,both,all,REJECT,25,0.120000,0.080336,-0.003209,-0.003209,-0.077306,-9.043235,-5.348638,0.025025,36.680000,-0.077306,-0.077306,-0.055854,-0.019275,0.353528,,,mt5
run_20260427_124725,USD/JPY,forex,H1,trend_momentum,ema_cross,adx_min=20|fast_period=20|rsi_confirm=False|slow_period=50,both,all,REJECT,26,0.153846,0.133076,-0.002915,-0.002915,-0.075156,-8.333301,-4.488719,0.026026,37.961538,-0.073224,-0.073224,-0.051678,-0.019275,0.367896,,,mt5
run_20260427_124725,USD/JPY,forex,H1,trend_momentum,ema_cross,adx_min=20|fast_period=20|rsi_confirm=True|slow_period=50,both,all,REJECT,25,0.120000,0.080336,-0.003209,-0.003209,-0.077306,-9.043235,-5.348638,0.025025,36.680000,-0.077306,-0.077306,-0.055854,-0.019275,0.353528,,,mt5
run_20260427_124725,USD/JPY,forex,H1,trend_momentum,ema_cross,adx_min=25|fast_period=20|rsi_confirm=False|slow_period=50,both,all,REJECT,23,0.086957,0.100584,-0.003360,-0.003360,-0.076535,-8.582087,-5.022759,0.023023,32.913043,-0.074606,-0.074606,-0.052342,-0.020051,0.352920,,,mt5
run_20260427_124725,USD/JPY,forex,H1,trend_momentum,ema_cross,adx_min=25|fast_period=20|rsi_confirm=True|slow_period=50,both,all,REJECT,22,0.045455,0.046849,-0.003714,-0.003714,-0.078682,-9.308148,-6.280598,0.022022,31.227273,-0.078682,-0.078682,-0.056516,-0.020051,0.338433,,,mt5
run_20260427_124725,USD/JPY,forex,H1,trend_momentum,ema_cross,adx_min=0|fast_period=20|rsi_confirm=False|slow_period=100,both,all,NEEDS_MORE_DATA,16,,,,,,,,,,,,,,,,only 16 trades < min 20,mt5
run_20260427_124725,USD/JPY,forex,H1,trend_momentum,ema_cross,adx_min=0|fast_period=20|rsi_confirm=True|slow_period=100,both,all,NEEDS_MORE_DATA,16,,,,,,,,,,,,,,,,only 16 trades < min 20,mt5
run_20260427_124725,USD/JPY,forex,H1,trend_momentum,ema_cross,adx_min=20|fast_period=20|rsi_confirm=False|slow_period=100,both,all,NEEDS_MORE_DATA,15,,,,,,,,,,,,,,,,only 15 trades < min 20,mt5
run_20260427_124725,USD/JPY,forex,H1,trend_momentum,ema_cross,adx_min=20|fast_period=20|rsi_confirm=True|slow_period=100,both,all,NEEDS_MORE_DATA,15,,,,,,,,,,,,,,,,only 15 trades < min 20,mt5
run_20260427_124725,USD/JPY,forex,H1,trend_momentum,ema_cross,adx_min=25|fast_period=20|rsi_confirm=False|slow_period=100,both,all,NEEDS_MORE_DATA,15,,,,,,,,,,,,,,,,only 15 trades < min 20,mt5
run_20260427_124725,USD/JPY,forex,H1,trend_momentum,ema_cross,adx_min=25|fast_period=20|rsi_confirm=True|slow_period=100,both,all,NEEDS_MORE_DATA,15,,,,,,,,,,,,,,,,only 15 trades < min 20,mt5
run_20260427_124725,USD/JPY,forex,H1,trend_momentum,ema_cross,adx_min=0|fast_period=20|rsi_confirm=False|slow_period=200,both,all,NEEDS_MORE_DATA,15,,,,,,,,,,,,,,,,only 15 trades < min 20,mt5
run_20260427_124725,USD/JPY,forex,H1,trend_momentum,ema_cross,adx_min=0|fast_period=20|rsi_confirm=True|slow_period=200,both,all,NEEDS_MORE_DATA,15,,,,,,,,,,,,,,,,only 15 trades < min 20,mt5
run_20260427_124725,USD/JPY,forex,H1,trend_momentum,ema_cross,adx_min=20|fast_period=20|rsi_confirm=False|slow_period=200,both,all,NEEDS_MORE_DATA,15,,,,,,,,,,,,,,,,only 15 trades < min 20,mt5
run_20260427_124725,USD/JPY,forex,H1,trend_momentum,ema_cross,adx_min=20|fast_period=20|rsi_confirm=True|slow_period=200,both,all,NEEDS_MORE_DATA,15,,,,,,,,,,,,,,,,only 15 trades < min 20,mt5
run_20260427_124725,USD/JPY,forex,H1,trend_momentum,ema_cross,adx_min=25|fast_period=20|rsi_confirm=False|slow_period=200,both,all,NEEDS_MORE_DATA,11,,,,,,,,,,,,,,,,only 11 trades < min 20,mt5
run_20260427_124725,USD/JPY,forex,H1,trend_momentum,ema_cross,adx_min=25|fast_period=20|rsi_confirm=True|slow_period=200,both,all,NEEDS_MORE_DATA,11,,,,,,,,,,,,,,,,only 11 trades < min 20,mt5
run_20260427_124725,USD/JPY,forex,H1,trend_momentum,ema_alignment,adx_min=0|ema_long=200|ema_mid=50|ema_short=20,both,all,REJECT,32,0.125000,0.265414,-0.001394,-0.001394,-0.048573,-7.133251,-3.359354,0.032032,14.468750,-0.043742,-0.043742,-0.021374,-0.019398,0.564262,,,mt5
run_20260427_124725,USD/JPY,forex,H1,trend_momentum,ema_alignment,adx_min=20|ema_long=200|ema_mid=50|ema_short=20,both,all,REJECT,32,0.125000,0.265414,-0.001394,-0.001394,-0.048573,-7.133251,-3.359354,0.032032,14.468750,-0.043742,-0.043742,-0.021374,-0.019398,0.564262,,,mt5
run_20260427_124725,USD/JPY,forex,H1,trend_momentum,ema_alignment,adx_min=25|ema_long=200|ema_mid=50|ema_short=20,both,all,REJECT,26,0.153846,0.243713,-0.001523,-0.001523,-0.044257,-6.790430,-3.266786,0.026026,14.807692,-0.038934,-0.038934,-0.017436,-0.018418,0.539097,,,mt5
run_20260427_124725,USD/JPY,forex,H1,trend_momentum,macd_direction,adx_min=0|fast=12|signal_period=9|slow=26,both,all,REJECT,78,0.256410,0.490141,-0.000849,-0.000849,-0.067097,-6.431258,-2.727675,0.078078,12.653846,-0.064411,-0.064411,-0.036812,-0.030458,0.681553,,,mt5
run_20260427_124725,USD/JPY,forex,H1,trend_momentum,macd_direction,adx_min=20|fast=12|signal_period=9|slow=26,both,all,REJECT,74,0.243243,0.445709,-0.000935,-0.000935,-0.069791,-7.082772,-3.042228,0.074074,12.716216,-0.067113,-0.067113,-0.041937,-0.028281,0.635644,,,mt5
run_20260427_124725,USD/JPY,forex,H1,pullback,pullback_ema,pullback_period=20|rsi_reclaim=False|rsi_threshold=50|trend_period=200,both,all,REJECT,72,0.180556,0.122115,-0.001180,-0.001180,-0.081573,-14.522485,-7.958385,0.072072,6.611111,-0.081573,-0.081573,-0.057567,-0.025472,0.532743,,,mt5
run_20260427_124725,USD/JPY,forex,H1,pullback,pullback_ema,pullback_period=20|rsi_reclaim=True|rsi_threshold=50|trend_period=200,both,all,REJECT,62,0.209677,0.148389,-0.001113,-0.001113,-0.066756,-12.513261,-6.523678,0.062062,7.241935,-0.066756,-0.066756,-0.045566,-0.022201,0.546169,,,mt5
run_20260427_124725,USD/JPY,forex,H1,pullback,pullback_ema,pullback_period=50|rsi_reclaim=False|rsi_threshold=50|trend_period=200,both,all,REJECT,49,0.102041,0.271002,-0.001137,-0.001137,-0.056947,-8.140344,-3.730347,0.049049,11.693878,-0.054343,-0.054343,-0.029003,-0.026097,0.663945,,,mt5
run_20260427_124725,USD/JPY,forex,H1,pullback,pullback_ema,pullback_period=50|rsi_reclaim=True|rsi_threshold=50|trend_period=200,both,all,REJECT,28,0.107143,0.343605,-0.001014,-0.001014,-0.029287,-5.293306,-2.349598,0.028028,14.107143,-0.028074,-0.028074,-0.018101,-0.010157,0.436332,,,mt5
run_20260427_124725,USD/JPY,forex,H1,breakout,prev_day_hl,atr_expand_min=0.0,both,all,NEEDS_MORE_DATA,16,,,,,,,,,,,,,,1.000000,,only 16 trades < min 20,mt5
run_20260427_124725,USD/JPY,forex,H1,breakout,prev_day_hl,atr_expand_min=0.5,both,all,NEEDS_MORE_DATA,16,,,,,,,,,,,,,,1.000000,,only 16 trades < min 20,mt5
run_20260427_124725,USD/JPY,forex,H1,breakout,prev_day_hl,atr_expand_min=1.0,both,all,NEEDS_MORE_DATA,15,,,,,,,,,,,,,,1.000000,,only 15 trades < min 20,mt5
run_20260427_124725,USD/JPY,forex,H1,breakout,session_opening_range,atr_expand_min=0.0|range_bars=6,both,all,REJECT,55,0.327273,0.556021,-0.000810,-0.000810,-0.055202,-4.463593,-1.868661,0.055055,17.545455,-0.043836,-0.043836,-0.010359,-0.035093,0.433333,,,mt5
run_20260427_124725,USD/JPY,forex,H1,breakout,session_opening_range,atr_expand_min=0.5|range_bars=6,both,all,REJECT,55,0.327273,0.556021,-0.000810,-0.000810,-0.055202,-4.463593,-1.868661,0.055055,17.545455,-0.043836,-0.043836,-0.010359,-0.035093,0.433333,,,mt5
run_20260427_124725,USD/JPY,forex,H1,breakout,session_opening_range,atr_expand_min=0.0|range_bars=12,both,all,REJECT,29,0.448276,0.650747,-0.000688,-0.000688,-0.035444,-2.482492,-1.027117,0.029029,32.724138,-0.019935,-0.019935,-0.010095,-0.011238,0.556719,,,mt5
run_20260427_124725,USD/JPY,forex,H1,breakout,session_opening_range,atr_expand_min=0.5|range_bars=12,both,all,REJECT,29,0.448276,0.608531,-0.000771,-0.000771,-0.037762,-2.814753,-1.170507,0.029029,32.413793,-0.022291,-0.022291,-0.012474,-0.011238,0.560930,,,mt5
run_20260427_124725,USD/JPY,forex,H1,breakout,london_breakout,atr_expand_min=0.0|utc_end=11|utc_start=7,both,all,NEEDS_MORE_DATA,19,,,,,,,,,,,,,,1.000000,,only 19 trades < min 20,mt5
run_20260427_124725,USD/JPY,forex,H1,breakout,london_breakout,atr_expand_min=0.5|utc_end=11|utc_start=7,both,all,NEEDS_MORE_DATA,18,,,,,,,,,,,,,,1.000000,,only 18 trades < min 20,mt5
run_20260427_124725,USD/JPY,forex,H1,breakout,ny_breakout,atr_expand_min=0.0|utc_end=16|utc_start=13,both,all,NEEDS_MORE_DATA,16,,,,,,,,,,,,,,,,only 16 trades < min 20,mt5
run_20260427_124725,USD/JPY,forex,H1,breakout,ny_breakout,atr_expand_min=0.5|utc_end=16|utc_start=13,both,all,NEEDS_MORE_DATA,16,,,,,,,,,,,,,,,,only 16 trades < min 20,mt5
run_20260427_124725,USD/JPY,forex,H1,mean_reversion,rsi_extreme,overbought=70|oversold=30|period=14,both,all,NEEDS_MORE_DATA,12,,,,,,,,,,,,,,1.000000,,only 12 trades < min 20,mt5
run_20260427_124725,USD/JPY,forex,H1,mean_reversion,rsi_extreme,overbought=75|oversold=30|period=14,both,all,NEEDS_MORE_DATA,9,,,,,,,,,,,,,,,,only 9 trades < min 20,mt5
run_20260427_124725,USD/JPY,forex,H1,mean_reversion,rsi_extreme,overbought=70|oversold=25|period=14,both,all,NEEDS_MORE_DATA,10,,,,,,,,,,,,,,,,only 10 trades < min 20,mt5
run_20260427_124725,USD/JPY,forex,H1,mean_reversion,rsi_extreme,overbought=75|oversold=25|period=14,both,all,NEEDS_MORE_DATA,7,,,,,,,,,,,,,,,,only 7 trades < min 20,mt5
run_20260427_124725,USD/JPY,forex,H1,mean_reversion,bollinger_touch,num_std=2.0|period=20,both,all,REJECT,36,0.416667,0.314178,-0.000824,-0.000824,-0.031464,-5.298491,-2.302329,0.036036,14.527778,-0.029338,-0.029338,-0.026821,-0.002397,0.342814,,,mt5
run_20260427_124725,USD/JPY,forex,H1,mean_reversion,bollinger_touch,num_std=2.5|period=20,both,all,REJECT,21,0.523810,0.555085,-0.000483,-0.000483,-0.014678,-2.559397,-1.068028,0.021021,14.666667,-0.010143,-0.010143,-0.010067,-0.000077,0.268293,,,mt5
run_20260427_124725,USD/JPY,forex,H1,mean_reversion,vwap_deviation,std_threshold=1.5,both,all,NEEDS_MORE_DATA,10,,,,,,,,,,,,,,,,only 10 trades < min 20,mt5
run_20260427_124725,USD/JPY,forex,H1,mean_reversion,vwap_deviation,std_threshold=2.0,both,all,NEEDS_MORE_DATA,8,,,,,,,,,,,,,,,,only 8 trades < min 20,mt5
run_20260427_124725,USD/JPY,forex,H1,engine_b_proxy,ob_bos,require_engulf=False|require_vol_expand=False|swing_period=5,both,all,REJECT,26,0.269231,0.212769,-0.002051,-0.002051,-0.052851,-6.736307,-3.230512,0.026026,34.846154,-0.052102,-0.052102,-0.041333,-0.012529,0.346939,,,mt5
run_20260427_124725,USD/JPY,forex,H1,engine_b_proxy,ob_bos,require_engulf=False|require_vol_expand=True|swing_period=5,both,all,NEEDS_MORE_DATA,17,,,,,,,,,,,,,,1.000000,,only 17 trades < min 20,mt5
run_20260427_124725,USD/JPY,forex,H1,engine_b_proxy,ob_bos,require_engulf=True|require_vol_expand=False|swing_period=5,both,all,REJECT,24,0.291667,0.227646,-0.001957,-0.001957,-0.046811,-6.161197,-2.903026,0.024024,35.166667,-0.046057,-0.046057,-0.034157,-0.013615,0.363577,,,mt5
run_20260427_124725,USD/JPY,forex,H1,engine_b_proxy,ob_bos,require_engulf=True|require_vol_expand=True|swing_period=5,both,all,NEEDS_MORE_DATA,15,,,,,,,,,,,,,,,,only 15 trades < min 20,mt5
run_20260427_124725,USD/JPY,forex,H1,engine_b_proxy,ob_bos,require_engulf=False|require_vol_expand=False|swing_period=10,both,all,NEEDS_MORE_DATA,15,,,,,,,,,,,,,,,,only 15 trades < min 20,mt5
run_20260427_124725,USD/JPY,forex,H1,engine_b_proxy,ob_bos,require_engulf=False|require_vol_expand=True|swing_period=10,both,all,NEEDS_MORE_DATA,10,,,,,,,,,,,,,,,,only 10 trades < min 20,mt5
run_20260427_124725,USD/JPY,forex,H1,engine_b_proxy,ob_bos,require_engulf=True|require_vol_expand=False|swing_period=10,both,all,NEEDS_MORE_DATA,15,,,,,,,,,,,,,,,,only 15 trades < min 20,mt5
run_20260427_124725,USD/JPY,forex,H1,engine_b_proxy,ob_bos,require_engulf=True|require_vol_expand=True|swing_period=10,both,all,NEEDS_MORE_DATA,9,,,,,,,,,,,,,,,,only 9 trades < min 20,mt5
run_20260427_124725,USD/JPY,forex,H1,engine_b_proxy,structure_filters,fvg_detection=False|strong_close_pct=0.7,both,all,REJECT,319,0.141066,0.136196,-0.001145,-0.001145,-0.306223,-31.380716,-15.795869,0.319319,3.025078,-0.306223,-0.306223,-0.225990,-0.104690,0.538974,,,mt5
run_20260427_124725,USD/JPY,forex,H1,engine_b_proxy,structure_filters,fvg_detection=True|strong_close_pct=0.7,both,all,REJECT,39,0.205128,0.214886,-0.001219,-0.001219,-0.046516,-8.821313,-4.340360,0.039039,10.538462,-0.046516,-0.046516,-0.042195,-0.004511,0.382741,,,mt5
run_20260427_124725,USD/JPY,forex,H1,engine_b_proxy,structure_filters,fvg_detection=False|strong_close_pct=0.8,both,all,REJECT,254,0.125984,0.162239,-0.001139,-0.001139,-0.251475,-25.290711,-12.384817,0.254254,3.653543,-0.251475,-0.251475,-0.180302,-0.086590,0.544076,,,mt5
run_20260427_124725,USD/JPY,forex,H1,engine_b_proxy,structure_filters,fvg_detection=True|strong_close_pct=0.8,both,all,REJECT,31,0.193548,0.180031,-0.001337,-0.001337,-0.040659,-8.599091,-4.448441,0.031031,11.225806,-0.040659,-0.040659,-0.032293,-0.008645,0.382982,,,mt5
run_20260427_124725,AUD/USD,forex,H1,trend_momentum,ema_cross,adx_min=0|fast_period=10|rsi_confirm=False|slow_period=50,both,all,REJECT,26,0.230769,0.798266,-0.000598,-0.000598,-0.030631,-1.067302,-0.435531,0.026026,37.692308,-0.016067,-0.016067,-0.018737,-0.012279,0.452601,,,mt5
run_20260427_124725,AUD/USD,forex,H1,trend_momentum,ema_cross,adx_min=0|fast_period=10|rsi_confirm=True|slow_period=50,both,all,REJECT,24,0.250000,0.835003,-0.000507,-0.000507,-0.027332,-0.837281,-0.341265,0.024024,40.750000,-0.012718,-0.012718,-0.015398,-0.012279,0.483239,,,mt5
run_20260427_124725,AUD/USD,forex,H1,trend_momentum,ema_cross,adx_min=20|fast_period=10|rsi_confirm=False|slow_period=50,both,all,REJECT,26,0.230769,0.798266,-0.000598,-0.000598,-0.030631,-1.067302,-0.435531,0.026026,37.692308,-0.016067,-0.016067,-0.018737,-0.012279,0.452601,,,mt5
run_20260427_124725,AUD/USD,forex,H1,trend_momentum,ema_cross,adx_min=20|fast_period=10|rsi_confirm=True|slow_period=50,both,all,REJECT,24,0.250000,0.835003,-0.000507,-0.000507,-0.027332,-0.837281,-0.341265,0.024024,40.750000,-0.012718,-0.012718,-0.015398,-0.012279,0.483239,,,mt5
run_20260427_124725,AUD/USD,forex,H1,trend_momentum,ema_cross,adx_min=25|fast_period=10|rsi_confirm=False|slow_period=50,both,all,REJECT,20,0.200000,0.657758,-0.001212,-0.001212,-0.030400,-1.768803,-0.728533,0.020020,34.900000,-0.024502,-0.024502,-0.021215,-0.018269,0.478341,,,mt5
run_20260427_124725,AUD/USD,forex,H1,trend_momentum,ema_cross,adx_min=25|fast_period=10|rsi_confirm=True|slow_period=50,both,all,NEEDS_MORE_DATA,18,,,,,,,,,,,,,,1.000000,,only 18 trades < min 20,mt5
run_20260427_124725,AUD/USD,forex,H1,trend_momentum,ema_cross,adx_min=0|fast_period=10|rsi_confirm=False|slow_period=100,both,all,REJECT,26,0.230769,0.591058,-0.001426,-0.001426,-0.053767,-2.192656,-0.905169,0.026026,37.961538,-0.037229,-0.037229,-0.053767,-0.013047,0.328796,,,mt5
run_20260427_124725,AUD/USD,forex,H1,trend_momentum,ema_cross,adx_min=0|fast_period=10|rsi_confirm=True|slow_period=100,both,all,REJECT,22,0.272727,0.664016,-0.001233,-0.001233,-0.044277,-1.618118,-0.664392,0.022022,44.681818,-0.027573,-0.027573,-0.044277,-0.013047,0.320398,,,mt5
run_20260427_124725,AUD/USD,forex,H1,trend_momentum,ema_cross,adx_min=20|fast_period=10|rsi_confirm=False|slow_period=100,both,all,REJECT,26,0.230769,0.591058,-0.001426,-0.001426,-0.053767,-2.192656,-0.905169,0.026026,37.961538,-0.037229,-0.037229,-0.053767,-0.013047,0.328796,,,mt5
run_20260427_124725,AUD/USD,forex,H1,trend_momentum,ema_cross,adx_min=20|fast_period=10|rsi_confirm=True|slow_period=100,both,all,REJECT,22,0.272727,0.664016,-0.001233,-0.001233,-0.044277,-1.618118,-0.664392,0.022022,44.681818,-0.027573,-0.027573,-0.044277,-0.013047,0.320398,,,mt5
run_20260427_124725,AUD/USD,forex,H1,trend_momentum,ema_cross,adx_min=25|fast_period=10|rsi_confirm=False|slow_period=100,both,all,REJECT,25,0.200000,0.579399,-0.001522,-0.001522,-0.054687,-2.252226,-0.931167,0.025025,37.920000,-0.038164,-0.038164,-0.054687,-0.013047,0.321572,,,mt5
run_20260427_124725,AUD/USD,forex,H1,trend_momentum,ema_cross,adx_min=25|fast_period=10|rsi_confirm=True|slow_period=100,both,all,REJECT,21,0.238095,0.651094,-0.001338,-0.001338,-0.045206,-1.677716,-0.689725,0.021021,44.952381,-0.028517,-0.028517,-0.045206,-0.013047,0.312583,,,mt5
run_20260427_124725,AUD/USD,forex,H1,trend_momentum,ema_cross,adx_min=0|fast_period=10|rsi_confirm=False|slow_period=200,both,all,NEEDS_MORE_DATA,16,,,,,,,,,,,,,,,,only 16 trades < min 20,mt5
run_20260427_124725,AUD/USD,forex,H1,trend_momentum,ema_cross,adx_min=0|fast_period=10|rsi_confirm=True|slow_period=200,both,all,NEEDS_MORE_DATA,12,,,,,,,,,,,,,,,,only 12 trades < min 20,mt5
run_20260427_124725,AUD/USD,forex,H1,trend_momentum,ema_cross,adx_min=20|fast_period=10|rsi_confirm=False|slow_period=200,both,all,NEEDS_MORE_DATA,16,,,,,,,,,,,,,,,,only 16 trades < min 20,mt5
run_20260427_124725,AUD/USD,forex,H1,trend_momentum,ema_cross,adx_min=20|fast_period=10|rsi_confirm=True|slow_period=200,both,all,NEEDS_MORE_DATA,12,,,,,,,,,,,,,,,,only 12 trades < min 20,mt5
run_20260427_124725,AUD/USD,forex,H1,trend_momentum,ema_cross,adx_min=25|fast_period=10|rsi_confirm=False|slow_period=200,both,all,NEEDS_MORE_DATA,16,,,,,,,,,,,,,,,,only 16 trades < min 20,mt5
run_20260427_124725,AUD/USD,forex,H1,trend_momentum,ema_cross,adx_min=25|fast_period=10|rsi_confirm=True|slow_period=200,both,all,NEEDS_MORE_DATA,12,,,,,,,,,,,,,,,,only 12 trades < min 20,mt5
run_20260427_124725,AUD/USD,forex,H1,trend_momentum,ema_cross,adx_min=0|fast_period=20|rsi_confirm=False|slow_period=50,both,all,REJECT,24,0.208333,0.607512,-0.001408,-0.001408,-0.036684,-2.420457,-1.004196,0.024024,41.125000,-0.033790,-0.033790,-0.036684,-0.011362,0.336922,,,mt5
run_20260427_124725,AUD/USD,forex,H1,trend_momentum,ema_cross,adx_min=0|fast_period=20|rsi_confirm=True|slow_period=50,both,all,REJECT,22,0.227273,0.632442,-0.001382,-0.001382,-0.033406,-2.184813,-0.904407,0.022022,44.772727,-0.030502,-0.030502,-0.033406,-0.011362,0.334041,,,mt5
run_20260427_124725,AUD/USD,forex,H1,trend_momentum,ema_cross,adx_min=20|fast_period=20|rsi_confirm=False|slow_period=50,both,all,REJECT,24,0.208333,0.607512,-0.001408,-0.001408,-0.036684,-2.420457,-1.004196,0.024024,41.125000,-0.033790,-0.033790,-0.036684,-0.011362,0.336922,,,mt5
run_20260427_124725,AUD/USD,forex,H1,trend_momentum,ema_cross,adx_min=20|fast_period=20|rsi_confirm=True|slow_period=50,both,all,REJECT,22,0.227273,0.632442,-0.001382,-0.001382,-0.033406,-2.184813,-0.904407,0.022022,44.772727,-0.030502,-0.030502,-0.033406,-0.011362,0.334041,,,mt5
run_20260427_124725,AUD/USD,forex,H1,trend_momentum,ema_cross,adx_min=25|fast_period=20|rsi_confirm=False|slow_period=50,both,all,REJECT,21,0.190476,0.525473,-0.001764,-0.001764,-0.036848,-2.854653,-1.199042,0.021021,37.952381,-0.036848,-0.036848,-0.036684,-0.014492,0.344512,,,mt5
run_20260427_124725,AUD/USD,forex,H1,trend_momentum,ema_cross,adx_min=25|fast_period=20|rsi_confirm=True|slow_period=50,both,all,NEEDS_MORE_DATA,19,,,,,,,,,,,,,,1.000000,,only 19 trades < min 20,mt5
run_20260427_124725,AUD/USD,forex,H1,trend_momentum,ema_cross,adx_min=0|fast_period=20|rsi_confirm=False|slow_period=100,both,all,NEEDS_MORE_DATA,16,,,,,,,,,,,,,,,,only 16 trades < min 20,mt5
run_20260427_124725,AUD/USD,forex,H1,trend_momentum,ema_cross,adx_min=0|fast_period=20|rsi_confirm=True|slow_period=100,both,all,NEEDS_MORE_DATA,14,,,,,,,,,,,,,,,,only 14 trades < min 20,mt5
run_20260427_124725,AUD/USD,forex,H1,trend_momentum,ema_cross,adx_min=20|fast_period=20|rsi_confirm=False|slow_period=100,both,all,NEEDS_MORE_DATA,16,,,,,,,,,,,,,,,,only 16 trades < min 20,mt5
run_20260427_124725,AUD/USD,forex,H1,trend_momentum,ema_cross,adx_min=20|fast_period=20|rsi_confirm=True|slow_period=100,both,all,NEEDS_MORE_DATA,14,,,,,,,,,,,,,,,,only 14 trades < min 20,mt5
run_20260427_124725,AUD/USD,forex,H1,trend_momentum,ema_cross,adx_min=25|fast_period=20|rsi_confirm=False|slow_period=100,both,all,NEEDS_MORE_DATA,16,,,,,,,,,,,,,,,,only 16 trades < min 20,mt5
run_20260427_124725,AUD/USD,forex,H1,trend_momentum,ema_cross,adx_min=25|fast_period=20|rsi_confirm=True|slow_period=100,both,all,NEEDS_MORE_DATA,14,,,,,,,,,,,,,,,,only 14 trades < min 20,mt5
run_20260427_124725,AUD/USD,forex,H1,trend_momentum,ema_cross,adx_min=0|fast_period=20|rsi_confirm=False|slow_period=200,both,all,NEEDS_MORE_DATA,12,,,,,,,,,,,,,,,,only 12 trades < min 20,mt5
run_20260427_124725,AUD/USD,forex,H1,trend_momentum,ema_cross,adx_min=0|fast_period=20|rsi_confirm=True|slow_period=200,both,all,NEEDS_MORE_DATA,10,,,,,,,,,,,,,,,,only 10 trades < min 20,mt5
run_20260427_124725,AUD/USD,forex,H1,trend_momentum,ema_cross,adx_min=20|fast_period=20|rsi_confirm=False|slow_period=200,both,all,NEEDS_MORE_DATA,12,,,,,,,,,,,,,,,,only 12 trades < min 20,mt5
run_20260427_124725,AUD/USD,forex,H1,trend_momentum,ema_cross,adx_min=20|fast_period=20|rsi_confirm=True|slow_period=200,both,all,NEEDS_MORE_DATA,10,,,,,,,,,,,,,,,,only 10 trades < min 20,mt5
run_20260427_124725,AUD/USD,forex,H1,trend_momentum,ema_cross,adx_min=25|fast_period=20|rsi_confirm=False|slow_period=200,both,all,NEEDS_MORE_DATA,12,,,,,,,,,,,,,,,,only 12 trades < min 20,mt5
run_20260427_124725,AUD/USD,forex,H1,trend_momentum,ema_cross,adx_min=25|fast_period=20|rsi_confirm=True|slow_period=200,both,all,NEEDS_MORE_DATA,10,,,,,,,,,,,,,,,,only 10 trades < min 20,mt5
run_20260427_124725,AUD/USD,forex,H1,trend_momentum,ema_alignment,adx_min=0|ema_long=200|ema_mid=50|ema_short=20,both,all,REJECT,23,0.217391,0.336040,-0.002458,-0.002458,-0.061772,-4.863199,-2.165516,0.023023,17.608696,-0.055343,-0.055343,-0.054895,0.001244,0.238000,,,mt5
run_20260427_124725,AUD/USD,forex,H1,trend_momentum,ema_alignment,adx_min=20|ema_long=200|ema_mid=50|ema_short=20,both,all,REJECT,23,0.217391,0.336040,-0.002458,-0.002458,-0.061772,-4.863199,-2.165516,0.023023,17.608696,-0.055343,-0.055343,-0.054895,0.001244,0.238000,,,mt5
run_20260427_124725,AUD/USD,forex,H1,trend_momentum,ema_alignment,adx_min=25|ema_long=200|ema_mid=50|ema_short=20,both,all,REJECT,21,0.190476,0.186181,-0.002962,-0.002962,-0.063622,-6.497560,-3.216826,0.021021,16.333333,-0.060563,-0.060563,-0.056758,-0.002322,0.238272,,,mt5
run_20260427_124725,AUD/USD,forex,H1,trend_momentum,macd_direction,adx_min=0|fast=12|signal_period=9|slow=26,both,all,REJECT,72,0.361111,0.723808,-0.000552,-0.000552,-0.039643,-2.613910,-1.070705,0.072072,13.458333,-0.039643,-0.039643,-0.012606,-0.022791,0.490965,,,mt5
run_20260427_124725,AUD/USD,forex,H1,trend_momentum,macd_direction,adx_min=20|fast=12|signal_period=9|slow=26,both,all,REJECT,68,0.367647,0.735579,-0.000542,-0.000542,-0.036870,-2.434465,-0.996630,0.068068,13.705882,-0.036870,-0.036870,-0.013521,-0.019061,0.610422,,,mt5
run_20260427_124725,AUD/USD,forex,H1,pullback,pullback_ema,pullback_period=20|rsi_reclaim=False|rsi_threshold=50|trend_period=200,both,all,REJECT,66,0.136364,0.286498,-0.001539,-0.001539,-0.097013,-8.270857,-3.669600,0.066066,6.590909,-0.097013,-0.097013,-0.073114,-0.025784,0.505798,,,mt5
run_20260427_124725,AUD/USD,forex,H1,pullback,pullback_ema,pullback_period=20|rsi_reclaim=True|rsi_threshold=50|trend_period=200,both,all,REJECT,58,0.155172,0.312483,-0.001547,-0.001547,-0.086249,-7.385883,-3.250805,0.058058,7.172414,-0.086249,-0.086249,-0.065715,-0.021978,0.500331,,,mt5
run_20260427_124725,AUD/USD,forex,H1,pullback,pullback_ema,pullback_period=50|rsi_reclaim=False|rsi_threshold=50|trend_period=200,both,all,REJECT,47,0.127660,0.312380,-0.001706,-0.001706,-0.077475,-6.545849,-2.876297,0.047047,10.659574,-0.077475,-0.077475,-0.064540,-0.013827,0.446273,,,mt5
run_20260427_124725,AUD/USD,forex,H1,pullback,pullback_ema,pullback_period=50|rsi_reclaim=True|rsi_threshold=50|trend_period=200,both,all,REJECT,36,0.138889,0.397757,-0.001479,-0.001479,-0.052226,-4.596205,-1.962984,0.036036,12.777778,-0.052226,-0.052226,-0.041723,-0.010961,0.394811,,,mt5
run_20260427_124725,AUD/USD,forex,H1,breakout,prev_day_hl,atr_expand_min=0.0,both,all,NEEDS_MORE_DATA,10,,,,,,,,,,,,,,1.000000,,only 10 trades < min 20,mt5
run_20260427_124725,AUD/USD,forex,H1,breakout,prev_day_hl,atr_expand_min=0.5,both,all,NEEDS_MORE_DATA,10,,,,,,,,,,,,,,1.000000,,only 10 trades < min 20,mt5
run_20260427_124725,AUD/USD,forex,H1,breakout,prev_day_hl,atr_expand_min=1.0,both,all,NEEDS_MORE_DATA,9,,,,,,,,,,,,,,1.000000,,only 9 trades < min 20,mt5
run_20260427_124725,AUD/USD,forex,H1,breakout,session_opening_range,atr_expand_min=0.0|range_bars=6,both,all,REJECT,61,0.262295,0.515966,-0.001559,-0.001559,-0.095838,-5.048581,-2.122889,0.061061,15.770492,-0.091676,-0.091676,-0.046179,-0.048216,0.720098,,,mt5
run_20260427_124725,AUD/USD,forex,H1,breakout,session_opening_range,atr_expand_min=0.5|range_bars=6,both,all,REJECT,61,0.262295,0.501932,-0.001604,-0.001604,-0.098321,-5.213166,-2.197152,0.061061,15.639344,-0.094170,-0.094170,-0.046179,-0.050830,0.703121,,,mt5
run_20260427_124725,AUD/USD,forex,H1,breakout,session_opening_range,atr_expand_min=0.0|range_bars=12,both,all,REJECT,35,0.285714,0.564845,-0.001516,-0.001516,-0.052487,-3.190006,-1.328312,0.035035,26.542857,-0.052487,-0.052487,-0.031310,-0.018015,0.499283,,,mt5
run_20260427_124725,AUD/USD,forex,H1,breakout,session_opening_range,atr_expand_min=0.5|range_bars=12,both,all,REJECT,35,0.285714,0.564845,-0.001516,-0.001516,-0.052487,-3.190006,-1.328312,0.035035,26.542857,-0.052487,-0.052487,-0.031310,-0.018015,0.499283,,,mt5
run_20260427_124725,AUD/USD,forex,H1,breakout,london_breakout,atr_expand_min=0.0|utc_end=11|utc_start=7,both,all,NEEDS_MORE_DATA,16,,,,,,,,,,,,,,1.000000,,only 16 trades < min 20,mt5
run_20260427_124725,AUD/USD,forex,H1,breakout,london_breakout,atr_expand_min=0.5|utc_end=11|utc_start=7,both,all,NEEDS_MORE_DATA,15,,,,,,,,,,,,,,1.000000,,only 15 trades < min 20,mt5
run_20260427_124725,AUD/USD,forex,H1,breakout,ny_breakout,atr_expand_min=0.0|utc_end=16|utc_start=13,both,all,NEEDS_MORE_DATA,13,,,,,,,,,,,,,,,,only 13 trades < min 20,mt5
run_20260427_124725,AUD/USD,forex,H1,breakout,ny_breakout,atr_expand_min=0.5|utc_end=16|utc_start=13,both,all,NEEDS_MORE_DATA,13,,,,,,,,,,,,,,,,only 13 trades < min 20,mt5
run_20260427_124725,AUD/USD,forex,H1,mean_reversion,rsi_extreme,overbought=70|oversold=30|period=14,both,all,NEEDS_MORE_DATA,17,,,,,,,,,,,,,,1.000000,,only 17 trades < min 20,mt5
run_20260427_124725,AUD/USD,forex,H1,mean_reversion,rsi_extreme,overbought=75|oversold=30|period=14,both,all,NEEDS_MORE_DATA,13,,,,,,,,,,,,,,,,only 13 trades < min 20,mt5
run_20260427_124725,AUD/USD,forex,H1,mean_reversion,rsi_extreme,overbought=70|oversold=25|period=14,both,all,NEEDS_MORE_DATA,12,,,,,,,,,,,,,,,,only 12 trades < min 20,mt5
run_20260427_124725,AUD/USD,forex,H1,mean_reversion,rsi_extreme,overbought=75|oversold=25|period=14,both,all,NEEDS_MORE_DATA,8,,,,,,,,,,,,,,,,only 8 trades < min 20,mt5
run_20260427_124725,AUD/USD,forex,H1,mean_reversion,bollinger_touch,num_std=2.0|period=20,both,all,REJECT,33,0.606061,0.531736,-0.001200,-0.001200,-0.059798,-2.836121,-1.176388,0.033033,17.333333,-0.039403,-0.039403,-0.045751,0.005513,0.298000,,,mt5
run_20260427_124725,AUD/USD,forex,H1,mean_reversion,bollinger_touch,num_std=2.5|period=20,both,all,REJECT,24,0.625000,0.873812,-0.000259,-0.000259,-0.032458,-0.561465,-0.228548,0.024024,16.416667,-0.006567,-0.006567,-0.020977,0.014719,0.284000,,,mt5
run_20260427_124725,AUD/USD,forex,H1,mean_reversion,vwap_deviation,std_threshold=1.5,both,all,NEEDS_MORE_DATA,12,,,,,,,,,,,,,,,,only 12 trades < min 20,mt5
run_20260427_124725,AUD/USD,forex,H1,mean_reversion,vwap_deviation,std_threshold=2.0,both,all,NEEDS_MORE_DATA,10,,,,,,,,,,,,,,,,only 10 trades < min 20,mt5
run_20260427_124725,AUD/USD,forex,H1,engine_b_proxy,ob_bos,require_engulf=False|require_vol_expand=False|swing_period=5,both,all,REJECT,23,0.260870,0.382472,-0.002997,-0.002997,-0.067290,-4.431068,-1.940545,0.023023,36.956522,-0.067290,-0.067290,-0.042598,-0.017102,0.358446,,,mt5
run_20260427_124725,AUD/USD,forex,H1,engine_b_proxy,ob_bos,require_engulf=False|require_vol_expand=True|swing_period=5,both,all,NEEDS_MORE_DATA,18,,,,,,,,,,,,,,1.000000,,only 18 trades < min 20,mt5
run_20260427_124725,AUD/USD,forex,H1,engine_b_proxy,ob_bos,require_engulf=True|require_vol_expand=False|swing_period=5,both,all,REJECT,23,0.260870,0.395555,-0.002933,-0.002933,-0.065937,-4.305493,-1.877181,0.023023,36.869565,-0.065937,-0.065937,-0.041209,-0.017102,0.362505,,,mt5
run_20260427_124725,AUD/USD,forex,H1,engine_b_proxy,ob_bos,require_engulf=True|require_vol_expand=True|swing_period=5,both,all,NEEDS_MORE_DATA,18,,,,,,,,,,,,,,,,only 18 trades < min 20,mt5
run_20260427_124725,AUD/USD,forex,H1,engine_b_proxy,ob_bos,require_engulf=False|require_vol_expand=False|swing_period=10,both,all,NEEDS_MORE_DATA,6,,,,,,,,,,,,,,,,only 6 trades < min 20,mt5
run_20260427_124725,AUD/USD,forex,H1,engine_b_proxy,ob_bos,require_engulf=False|require_vol_expand=True|swing_period=10,both,all,NEEDS_MORE_DATA,6,,,,,,,,,,,,,,,,only 6 trades < min 20,mt5
run_20260427_124725,AUD/USD,forex,H1,engine_b_proxy,ob_bos,require_engulf=True|require_vol_expand=False|swing_period=10,both,all,NEEDS_MORE_DATA,6,,,,,,,,,,,,,,,,only 6 trades < min 20,mt5
run_20260427_124725,AUD/USD,forex,H1,engine_b_proxy,ob_bos,require_engulf=True|require_vol_expand=True|swing_period=10,both,all,NEEDS_MORE_DATA,6,,,,,,,,,,,,,,,,only 6 trades < min 20,mt5
run_20260427_124725,AUD/USD,forex,H1,engine_b_proxy,structure_filters,fvg_detection=False|strong_close_pct=0.7,both,all,REJECT,314,0.187898,0.243243,-0.001386,-0.001386,-0.353630,-21.709913,-9.690799,0.314314,3.038217,-0.353630,-0.353630,-0.302734,-0.071985,0.471335,,,mt5
run_20260427_124725,AUD/USD,forex,H1,engine_b_proxy,structure_filters,fvg_detection=True|strong_close_pct=0.7,both,all,REJECT,41,0.170732,0.168321,-0.002592,-0.002592,-0.101263,-8.341695,-3.967524,0.041041,11.658537,-0.101263,-0.101263,-0.097128,-0.004579,0.376811,,,mt5
run_20260427_124725,AUD/USD,forex,H1,engine_b_proxy,structure_filters,fvg_detection=False|strong_close_pct=0.8,both,all,REJECT,235,0.200000,0.224944,-0.001558,-0.001558,-0.307436,-18.970655,-8.590419,0.235235,3.855319,-0.307436,-0.307436,-0.272501,-0.048359,0.453240,,,mt5
run_20260427_124725,AUD/USD,forex,H1,engine_b_proxy,structure_filters,fvg_detection=True|strong_close_pct=0.8,both,all,REJECT,29,0.206897,0.260403,-0.002253,-0.002253,-0.069352,-5.576249,-2.492057,0.029029,13.724138,-0.063645,-0.063645,-0.064457,0.000868,0.290667,,,mt5
run_20260427_124725,GBP/USD,forex,H4,trend_momentum,ema_cross,adx_min=0|fast_period=10|rsi_confirm=False|slow_period=50,both,all,REJECT,35,0.257143,0.431284,-0.002372,-0.002372,-0.083291,-2.544194,-2.203168,0.035035,28.400000,-0.080401,-0.080401,-0.041978,-0.043259,0.600847,,,mt5
run_20260427_124725,GBP/USD,forex,H4,trend_momentum,ema_cross,adx_min=0|fast_period=10|rsi_confirm=True|slow_period=50,both,all,REJECT,33,0.212121,0.356069,-0.002844,-0.002844,-0.090296,-2.939161,-2.619590,0.033033,26.454545,-0.090296,-0.090296,-0.047396,-0.048170,0.593100,,,mt5
run_20260427_124725,GBP/USD,forex,H4,trend_momentum,ema_cross,adx_min=20|fast_period=10|rsi_confirm=False|slow_period=50,both,all,REJECT,35,0.257143,0.431284,-0.002372,-0.002372,-0.083291,-2.544194,-2.203168,0.035035,28.400000,-0.080401,-0.080401,-0.041978,-0.043259,0.600847,,,mt5
run_20260427_124725,GBP/USD,forex,H4,trend_momentum,ema_cross,adx_min=20|fast_period=10|rsi_confirm=True|slow_period=50,both,all,REJECT,33,0.212121,0.356069,-0.002844,-0.002844,-0.090296,-2.939161,-2.619590,0.033033,26.454545,-0.090296,-0.090296,-0.047396,-0.048170,0.593100,,,mt5
run_20260427_124725,GBP/USD,forex,H4,trend_momentum,ema_cross,adx_min=25|fast_period=10|rsi_confirm=False|slow_period=50,both,all,REJECT,33,0.212121,0.290865,-0.003128,-0.003128,-0.101496,-3.525474,-3.290664,0.033033,23.515152,-0.098663,-0.098663,-0.057909,-0.043259,0.522103,,,mt5
run_20260427_124725,GBP/USD,forex,H4,trend_momentum,ema_cross,adx_min=25|fast_period=10|rsi_confirm=True|slow_period=50,both,all,REJECT,31,0.161290,0.215250,-0.003680,-0.003680,-0.108361,-4.002580,-3.980272,0.031031,21.129032,-0.108361,-0.108361,-0.063237,-0.048170,0.514522,,,mt5
run_20260427_124725,GBP/USD,forex,H4,trend_momentum,ema_cross,adx_min=0|fast_period=10|rsi_confirm=False|slow_period=100,both,all,REJECT,21,0.285714,0.759771,-0.000733,-0.000733,-0.044210,-0.610069,-0.499010,0.021021,43.714286,-0.015742,-0.015742,-0.013379,0.004708,0.226000,,,mt5
run_20260427_124725,GBP/USD,forex,H4,trend_momentum,ema_cross,adx_min=0|fast_period=10|rsi_confirm=True|slow_period=100,both,all,NEEDS_MORE_DATA,19,,,,,,,,,,,,,,1.000000,,only 19 trades < min 20,mt5
run_20260427_124725,GBP/USD,forex,H4,trend_momentum,ema_cross,adx_min=20|fast_period=10|rsi_confirm=False|slow_period=100,both,all,REJECT,21,0.285714,0.759771,-0.000733,-0.000733,-0.044210,-0.610069,-0.499010,0.021021,43.714286,-0.015742,-0.015742,-0.013379,0.004708,0.226000,,,mt5
run_20260427_124725,GBP/USD,forex,H4,trend_momentum,ema_cross,adx_min=20|fast_period=10|rsi_confirm=True|slow_period=100,both,all,NEEDS_MORE_DATA,19,,,,,,,,,,,,,,1.000000,,only 19 trades < min 20,mt5
run_20260427_124725,GBP/USD,forex,H4,trend_momentum,ema_cross,adx_min=25|fast_period=10|rsi_confirm=False|slow_period=100,both,all,NEEDS_MORE_DATA,16,,,,,,,,,,,,,,1.000000,,only 16 trades < min 20,mt5
run_20260427_124725,GBP/USD,forex,H4,trend_momentum,ema_cross,adx_min=25|fast_period=10|rsi_confirm=True|slow_period=100,both,all,NEEDS_MORE_DATA,14,,,,,,,,,,,,,,1.000000,,only 14 trades < min 20,mt5
run_20260427_124725,GBP/USD,forex,H4,trend_momentum,ema_cross,adx_min=0|fast_period=10|rsi_confirm=False|slow_period=200,both,all,NEEDS_MORE_DATA,13,,,,,,,,,,,,,,,,only 13 trades < min 20,mt5
run_20260427_124725,GBP/USD,forex,H4,trend_momentum,ema_cross,adx_min=0|fast_period=10|rsi_confirm=True|slow_period=200,both,all,NEEDS_MORE_DATA,12,,,,,,,,,,,,,,,,only 12 trades < min 20,mt5
run_20260427_124725,GBP/USD,forex,H4,trend_momentum,ema_cross,adx_min=20|fast_period=10|rsi_confirm=False|slow_period=200,both,all,NEEDS_MORE_DATA,13,,,,,,,,,,,,,,,,only 13 trades < min 20,mt5
run_20260427_124725,GBP/USD,forex,H4,trend_momentum,ema_cross,adx_min=20|fast_period=10|rsi_confirm=True|slow_period=200,both,all,NEEDS_MORE_DATA,12,,,,,,,,,,,,,,,,only 12 trades < min 20,mt5
run_20260427_124725,GBP/USD,forex,H4,trend_momentum,ema_cross,adx_min=25|fast_period=10|rsi_confirm=False|slow_period=200,both,all,NEEDS_MORE_DATA,13,,,,,,,,,,,,,,,,only 13 trades < min 20,mt5
run_20260427_124725,GBP/USD,forex,H4,trend_momentum,ema_cross,adx_min=25|fast_period=10|rsi_confirm=True|slow_period=200,both,all,NEEDS_MORE_DATA,12,,,,,,,,,,,,,,,,only 12 trades < min 20,mt5
run_20260427_124725,GBP/USD,forex,H4,trend_momentum,ema_cross,adx_min=0|fast_period=20|rsi_confirm=False|slow_period=50,both,all,NEEDS_MORE_DATA,17,,,,,,,,,,,,,,1.000000,,only 17 trades < min 20,mt5
run_20260427_124725,GBP/USD,forex,H4,trend_momentum,ema_cross,adx_min=0|fast_period=20|rsi_confirm=True|slow_period=50,both,all,NEEDS_MORE_DATA,16,,,,,,,,,,,,,,1.000000,,only 16 trades < min 20,mt5
run_20260427_124725,GBP/USD,forex,H4,trend_momentum,ema_cross,adx_min=20|fast_period=20|rsi_confirm=False|slow_period=50,both,all,NEEDS_MORE_DATA,17,,,,,,,,,,,,,,1.000000,,only 17 trades < min 20,mt5
run_20260427_124725,GBP/USD,forex,H4,trend_momentum,ema_cross,adx_min=20|fast_period=20|rsi_confirm=True|slow_period=50,both,all,NEEDS_MORE_DATA,16,,,,,,,,,,,,,,1.000000,,only 16 trades < min 20,mt5
run_20260427_124725,GBP/USD,forex,H4,trend_momentum,ema_cross,adx_min=25|fast_period=20|rsi_confirm=False|slow_period=50,both,all,NEEDS_MORE_DATA,14,,,,,,,,,,,,,,1.000000,,only 14 trades < min 20,mt5
run_20260427_124725,GBP/USD,forex,H4,trend_momentum,ema_cross,adx_min=25|fast_period=20|rsi_confirm=True|slow_period=50,both,all,NEEDS_MORE_DATA,13,,,,,,,,,,,,,,1.000000,,only 13 trades < min 20,mt5
run_20260427_124725,GBP/USD,forex,H4,trend_momentum,ema_cross,adx_min=0|fast_period=20|rsi_confirm=False|slow_period=100,both,all,NEEDS_MORE_DATA,11,,,,,,,,,,,,,,,,only 11 trades < min 20,mt5
run_20260427_124725,GBP/USD,forex,H4,trend_momentum,ema_cross,adx_min=0|fast_period=20|rsi_confirm=True|slow_period=100,both,all,NEEDS_MORE_DATA,10,,,,,,,,,,,,,,,,only 10 trades < min 20,mt5
run_20260427_124725,GBP/USD,forex,H4,trend_momentum,ema_cross,adx_min=20|fast_period=20|rsi_confirm=False|slow_period=100,both,all,NEEDS_MORE_DATA,11,,,,,,,,,,,,,,,,only 11 trades < min 20,mt5
run_20260427_124725,GBP/USD,forex,H4,trend_momentum,ema_cross,adx_min=20|fast_period=20|rsi_confirm=True|slow_period=100,both,all,NEEDS_MORE_DATA,10,,,,,,,,,,,,,,,,only 10 trades < min 20,mt5
run_20260427_124725,GBP/USD,forex,H4,trend_momentum,ema_cross,adx_min=25|fast_period=20|rsi_confirm=False|slow_period=100,both,all,NEEDS_MORE_DATA,8,,,,,,,,,,,,,,,,only 8 trades < min 20,mt5
run_20260427_124725,GBP/USD,forex,H4,trend_momentum,ema_cross,adx_min=25|fast_period=20|rsi_confirm=True|slow_period=100,both,all,NEEDS_MORE_DATA,7,,,,,,,,,,,,,,,,only 7 trades < min 20,mt5
run_20260427_124725,GBP/USD,forex,H4,trend_momentum,ema_cross,adx_min=0|fast_period=20|rsi_confirm=False|slow_period=200,both,all,NEEDS_MORE_DATA,5,,,,,,,,,,,,,,,,only 5 trades < min 20,mt5
run_20260427_124725,GBP/USD,forex,H4,trend_momentum,ema_cross,adx_min=0|fast_period=20|rsi_confirm=True|slow_period=200,both,all,NEEDS_MORE_DATA,4,,,,,,,,,,,,,,,,only 4 trades < min 20,mt5
run_20260427_124725,GBP/USD,forex,H4,trend_momentum,ema_cross,adx_min=20|fast_period=20|rsi_confirm=False|slow_period=200,both,all,NEEDS_MORE_DATA,4,,,,,,,,,,,,,,,,only 4 trades < min 20,mt5
run_20260427_124725,GBP/USD,forex,H4,trend_momentum,ema_cross,adx_min=20|fast_period=20|rsi_confirm=True|slow_period=200,both,all,NEEDS_MORE_DATA,3,,,,,,,,,,,,,,,,only 3 trades < min 20,mt5
run_20260427_124725,GBP/USD,forex,H4,trend_momentum,ema_cross,adx_min=25|fast_period=20|rsi_confirm=False|slow_period=200,both,all,NEEDS_MORE_DATA,4,,,,,,,,,,,,,,,,only 4 trades < min 20,mt5
run_20260427_124725,GBP/USD,forex,H4,trend_momentum,ema_cross,adx_min=25|fast_period=20|rsi_confirm=True|slow_period=200,both,all,NEEDS_MORE_DATA,3,,,,,,,,,,,,,,,,only 3 trades < min 20,mt5
run_20260427_124725,GBP/USD,forex,H4,trend_momentum,ema_alignment,adx_min=0|ema_long=200|ema_mid=50|ema_short=20,both,all,REJECT,27,0.222222,0.453509,-0.001606,-0.001606,-0.055159,-2.009797,-1.719322,0.027027,18.481481,-0.042778,-0.042778,-0.006685,-0.036336,0.262000,,,mt5
run_20260427_124725,GBP/USD,forex,H4,trend_momentum,ema_alignment,adx_min=20|ema_long=200|ema_mid=50|ema_short=20,both,all,REJECT,27,0.222222,0.453509,-0.001606,-0.001606,-0.055159,-2.009797,-1.719322,0.027027,18.481481,-0.042778,-0.042778,-0.006685,-0.036336,0.262000,,,mt5
run_20260427_124725,GBP/USD,forex,H4,trend_momentum,ema_alignment,adx_min=25|ema_long=200|ema_mid=50|ema_short=20,both,all,REJECT,27,0.148148,0.237563,-0.002764,-0.002764,-0.084267,-3.360627,-3.196954,0.027027,16.000000,-0.072268,-0.072268,-0.037286,-0.036336,0.554356,,,mt5
run_20260427_124725,GBP/USD,forex,H4,trend_momentum,macd_direction,adx_min=0|fast=12|signal_period=9|slow=26,both,all,REJECT,75,0.373333,0.810996,-0.000511,-0.000511,-0.060109,-0.918999,-0.749964,0.075075,13.240000,-0.038893,-0.038893,-0.036008,-0.000275,0.435623,,,mt5
run_20260427_124725,GBP/USD,forex,H4,trend_momentum,macd_direction,adx_min=20|fast=12|signal_period=9|slow=26,both,all,REJECT,72,0.347222,0.715148,-0.000800,-0.000800,-0.069541,-1.424954,-1.169005,0.072072,13.041667,-0.057171,-0.057171,-0.045683,-0.009540,0.495980,,,mt5
run_20260427_124725,GBP/USD,forex,H4,pullback,pullback_ema,pullback_period=20|rsi_reclaim=False|rsi_threshold=50|trend_period=200,both,all,REJECT,69,0.188406,0.580270,-0.000896,-0.000896,-0.066323,-2.023061,-1.676147,0.069069,7.797101,-0.060582,-0.060582,-0.028769,-0.032755,0.658433,,,mt5
run_20260427_124725,GBP/USD,forex,H4,pullback,pullback_ema,pullback_period=20|rsi_reclaim=True|rsi_threshold=50|trend_period=200,both,all,REJECT,63,0.174603,0.515749,-0.001086,-0.001086,-0.068379,-2.315503,-1.934791,0.063063,7.365079,-0.066771,-0.066771,-0.029653,-0.038253,0.612991,,,mt5
run_20260427_124725,GBP/USD,forex,H4,pullback,pullback_ema,pullback_period=50|rsi_reclaim=False|rsi_threshold=50|trend_period=200,both,all,REJECT,48,0.187500,0.367154,-0.001470,-0.001470,-0.074268,-3.173263,-2.770067,0.048048,11.520833,-0.068496,-0.068496,-0.036825,-0.032882,0.655882,,,mt5
run_20260427_124725,GBP/USD,forex,H4,pullback,pullback_ema,pullback_period=50|rsi_reclaim=True|rsi_threshold=50|trend_period=200,both,all,REJECT,38,0.210526,0.338717,-0.001597,-0.001597,-0.059154,-3.053239,-2.702926,0.038038,11.973684,-0.059154,-0.059154,-0.036340,-0.023674,0.523436,,,mt5
run_20260427_124725,GBP/USD,forex,H4,breakout,prev_day_hl,atr_expand_min=0.0,both,all,REJECT,40,0.450000,0.902189,-0.000286,-0.000286,-0.052265,-0.303960,-0.247377,0.040040,24.425000,-0.012452,-0.012452,0.007022,-0.030198,0.440000,,,mt5
run_20260427_124725,GBP/USD,forex,H4,breakout,prev_day_hl,atr_expand_min=0.5,both,all,REJECT,40,0.450000,0.886708,-0.000338,-0.000338,-0.054218,-0.355500,-0.289401,0.040040,24.350000,-0.014486,-0.014486,0.004947,-0.030198,0.440000,,,mt5
run_20260427_124725,GBP/USD,forex,H4,breakout,prev_day_hl,atr_expand_min=1.0,both,all,REJECT,35,0.428571,0.929779,-0.000192,-0.000192,-0.035996,-0.190367,-0.154867,0.035035,25.200000,-0.007625,-0.007625,0.001347,-0.020129,0.410000,,,mt5
run_20260427_124725,GBP/USD,forex,H4,breakout,session_opening_range,atr_expand_min=0.0|range_bars=6,both,all,REJECT,56,0.357143,0.627516,-0.001079,-0.001079,-0.085482,-1.694963,-1.401048,0.056056,17.500000,-0.059565,-0.059565,-0.023467,-0.038542,0.540624,,,mt5
run_20260427_124725,GBP/USD,forex,H4,breakout,session_opening_range,atr_expand_min=0.5|range_bars=6,both,all,REJECT,56,0.357143,0.627516,-0.001079,-0.001079,-0.085482,-1.694963,-1.401048,0.056056,17.500000,-0.059565,-0.059565,-0.023467,-0.038542,0.540624,,,mt5
run_20260427_124725,GBP/USD,forex,H4,breakout,session_opening_range,atr_expand_min=0.0|range_bars=12,both,all,REJECT,34,0.323529,0.692119,-0.001199,-0.001199,-0.080861,-1.040438,-0.854876,0.034034,28.852941,-0.041060,-0.041060,-0.023352,-0.023616,0.617285,,,mt5
run_20260427_124725,GBP/USD,forex,H4,breakout,session_opening_range,atr_expand_min=0.5|range_bars=12,both,all,REJECT,34,0.323529,0.692119,-0.001199,-0.001199,-0.080861,-1.040438,-0.854876,0.034034,28.852941,-0.041060,-0.041060,-0.023352,-0.023616,0.617285,,,mt5
run_20260427_124725,GBP/USD,forex,H4,breakout,london_breakout,atr_expand_min=0.0|utc_end=11|utc_start=7,both,all,REJECT,26,0.307692,0.821934,-0.000537,-0.000537,-0.044599,-0.515867,-0.420919,0.026026,18.500000,-0.014414,-0.014414,-0.001666,-0.012769,0.256000,,,mt5
run_20260427_124725,GBP/USD,forex,H4,breakout,london_breakout,atr_expand_min=0.5|utc_end=11|utc_start=7,both,all,REJECT,26,0.307692,0.821934,-0.000537,-0.000537,-0.044599,-0.515867,-0.420919,0.026026,18.500000,-0.014414,-0.014414,-0.001666,-0.012769,0.256000,,,mt5
run_20260427_124725,GBP/USD,forex,H4,breakout,ny_breakout,atr_expand_min=0.0|utc_end=16|utc_start=13,both,all,NEEDS_MORE_DATA,0,,,,,,,,,,,,,,,,only 0 trades < min 20,mt5
run_20260427_124725,GBP/USD,forex,H4,breakout,ny_breakout,atr_expand_min=0.5|utc_end=16|utc_start=13,both,all,NEEDS_MORE_DATA,0,,,,,,,,,,,,,,,,only 0 trades < min 20,mt5
run_20260427_124725,GBP/USD,forex,H4,mean_reversion,rsi_extreme,overbought=70|oversold=30|period=14,both,all,NEEDS_MORE_DATA,17,,,,,,,,,,,,,,1.000000,,only 17 trades < min 20,mt5
run_20260427_124725,GBP/USD,forex,H4,mean_reversion,rsi_extreme,overbought=75|oversold=30|period=14,both,all,NEEDS_MORE_DATA,12,,,,,,,,,,,,,,,,only 12 trades < min 20,mt5
run_20260427_124725,GBP/USD,forex,H4,mean_reversion,rsi_extreme,overbought=70|oversold=25|period=14,both,all,NEEDS_MORE_DATA,12,,,,,,,,,,,,,,,,only 12 trades < min 20,mt5
run_20260427_124725,GBP/USD,forex,H4,mean_reversion,rsi_extreme,overbought=75|oversold=25|period=14,both,all,NEEDS_MORE_DATA,7,,,,,,,,,,,,,,,,only 7 trades < min 20,mt5
run_20260427_124725,GBP/USD,forex,H4,mean_reversion,bollinger_touch,num_std=2.0|period=20,both,all,REJECT,43,0.581395,0.858651,-0.000328,-0.000328,-0.038183,-0.458825,-0.373719,0.043043,12.953488,-0.014731,-0.014731,-0.028870,0.014559,0.358000,,,mt5
run_20260427_124725,GBP/USD,forex,H4,mean_reversion,bollinger_touch,num_std=2.5|period=20,both,all,REJECT,25,0.600000,0.847177,-0.000363,-0.000363,-0.026251,-0.366309,-0.298418,0.025025,14.840000,-0.009492,-0.009492,-0.017180,0.007822,0.290000,,,mt5
run_20260427_124725,GBP/USD,forex,H4,mean_reversion,vwap_deviation,std_threshold=1.5,both,all,NEEDS_MORE_DATA,11,,,,,,,,,,,,,,,,only 11 trades < min 20,mt5
run_20260427_124725,GBP/USD,forex,H4,mean_reversion,vwap_deviation,std_threshold=2.0,both,all,NEEDS_MORE_DATA,10,,,,,,,,,,,,,,,,only 10 trades < min 20,mt5
run_20260427_124725,GBP/USD,forex,H4,engine_b_proxy,ob_bos,require_engulf=False|require_vol_expand=False|swing_period=5,both,all,REJECT,26,0.269231,0.485552,-0.002360,-0.002360,-0.072399,-1.762151,-1.491594,0.026026,34.384615,-0.060390,-0.060390,-0.030010,-0.044229,0.413853,,,mt5
run_20260427_124725,GBP/USD,forex,H4,engine_b_proxy,ob_bos,require_engulf=False|require_vol_expand=True|swing_period=5,both,all,REJECT,22,0.227273,0.455795,-0.002686,-0.002686,-0.066962,-1.834247,-1.571447,0.022022,33.500000,-0.058123,-0.058123,-0.045213,-0.026668,0.408949,,,mt5
run_20260427_124725,GBP/USD,forex,H4,engine_b_proxy,ob_bos,require_engulf=True|require_vol_expand=False|swing_period=5,both,all,REJECT,21,0.333333,0.732896,-0.001005,-0.001005,-0.035234,-0.695488,-0.569872,0.021021,37.047619,-0.021570,-0.021570,-0.012246,-0.022640,0.271388,,,mt5
run_20260427_124725,GBP/USD,forex,H4,engine_b_proxy,ob_bos,require_engulf=True|require_vol_expand=True|swing_period=5,both,all,NEEDS_MORE_DATA,19,,,,,,,,,,,,,,,,only 19 trades < min 20,mt5
run_20260427_124725,GBP/USD,forex,H4,engine_b_proxy,ob_bos,require_engulf=False|require_vol_expand=False|swing_period=10,both,all,NEEDS_MORE_DATA,12,,,,,,,,,,,,,,,,only 12 trades < min 20,mt5
run_20260427_124725,GBP/USD,forex,H4,engine_b_proxy,ob_bos,require_engulf=False|require_vol_expand=True|swing_period=10,both,all,NEEDS_MORE_DATA,11,,,,,,,,,,,,,,,,only 11 trades < min 20,mt5
run_20260427_124725,GBP/USD,forex,H4,engine_b_proxy,ob_bos,require_engulf=True|require_vol_expand=False|swing_period=10,both,all,NEEDS_MORE_DATA,11,,,,,,,,,,,,,,,,only 11 trades < min 20,mt5
run_20260427_124725,GBP/USD,forex,H4,engine_b_proxy,ob_bos,require_engulf=True|require_vol_expand=True|swing_period=10,both,all,NEEDS_MORE_DATA,11,,,,,,,,,,,,,,,,only 11 trades < min 20,mt5
run_20260427_124725,GBP/USD,forex,H4,engine_b_proxy,structure_filters,fvg_detection=False|strong_close_pct=0.7,both,all,REJECT,302,0.251656,0.416397,-0.001026,-0.001026,-0.271720,-7.140886,-6.047705,0.302302,3.155629,-0.267455,-0.267455,-0.215507,-0.067126,0.493444,,,mt5
run_20260427_124725,GBP/USD,forex,H4,engine_b_proxy,structure_filters,fvg_detection=True|strong_close_pct=0.7,both,all,REJECT,32,0.343750,0.501939,-0.001509,-0.001509,-0.058869,-1.894347,-1.599047,0.032032,12.906250,-0.047609,-0.047609,-0.005586,-0.042259,0.308667,,,mt5
run_20260427_124725,GBP/USD,forex,H4,engine_b_proxy,structure_filters,fvg_detection=False|strong_close_pct=0.8,both,all,REJECT,230,0.213043,0.361023,-0.001334,-0.001334,-0.271695,-7.186454,-6.210118,0.230230,4.043478,-0.265202,-0.265202,-0.211595,-0.075168,0.506573,,,mt5
run_20260427_124725,GBP/USD,forex,H4,engine_b_proxy,structure_filters,fvg_detection=True|strong_close_pct=0.8,both,all,REJECT,28,0.357143,0.531795,-0.001445,-0.001445,-0.051095,-1.641334,-1.378114,0.028028,13.392857,-0.040089,-0.040089,-0.004379,-0.035867,0.284667,,,mt5
run_20260427_124725,EUR/USD,forex,H4,trend_momentum,ema_cross,adx_min=0|fast_period=10|rsi_confirm=False|slow_period=50,both,all,REJECT,24,0.291667,0.903004,-0.000281,-0.000281,-0.022026,-0.234533,-0.190876,0.024024,40.916667,-0.007333,-0.007333,-0.013026,0.011387,0.244000,,,mt5
run_20260427_124725,EUR/USD,forex,H4,trend_momentum,ema_cross,adx_min=0|fast_period=10|rsi_confirm=True|slow_period=50,both,all,REJECT,24,0.291667,0.903004,-0.000281,-0.000281,-0.022026,-0.234533,-0.190876,0.024024,40.916667,-0.007333,-0.007333,-0.013026,0.011387,0.244000,,,mt5
run_20260427_124725,EUR/USD,forex,H4,trend_momentum,ema_cross,adx_min=20|fast_period=10|rsi_confirm=False|slow_period=50,both,all,REJECT,24,0.291667,0.903004,-0.000281,-0.000281,-0.022026,-0.234533,-0.190876,0.024024,40.916667,-0.007333,-0.007333,-0.013026,0.011387,0.244000,,,mt5
run_20260427_124725,EUR/USD,forex,H4,trend_momentum,ema_cross,adx_min=20|fast_period=10|rsi_confirm=True|slow_period=50,both,all,REJECT,24,0.291667,0.903004,-0.000281,-0.000281,-0.022026,-0.234533,-0.190876,0.024024,40.916667,-0.007333,-0.007333,-0.013026,0.011387,0.244000,,,mt5
run_20260427_124725,EUR/USD,forex,H4,trend_momentum,ema_cross,adx_min=25|fast_period=10|rsi_confirm=False|slow_period=50,both,all,REJECT,23,0.304348,0.939791,-0.000175,-0.000175,-0.022026,-0.140425,-0.114232,0.023023,41.434783,-0.004641,-0.004641,-0.010350,0.011387,0.238000,,,mt5
run_20260427_124725,EUR/USD,forex,H4,trend_momentum,ema_cross,adx_min=25|fast_period=10|rsi_confirm=True|slow_period=50,both,all,REJECT,23,0.304348,0.939791,-0.000175,-0.000175,-0.022026,-0.140425,-0.114232,0.023023,41.434783,-0.004641,-0.004641,-0.010350,0.011387,0.238000,,,mt5
run_20260427_124725,EUR/USD,forex,H4,trend_momentum,ema_cross,adx_min=0|fast_period=10|rsi_confirm=False|slow_period=100,both,all,REJECT,23,0.260870,0.431067,-0.001912,-0.001912,-0.045779,-1.958474,-1.686166,0.023023,43.130435,-0.043385,-0.043385,-0.029981,-0.011962,0.357693,,,mt5
run_20260427_124725,EUR/USD,forex,H4,trend_momentum,ema_cross,adx_min=0|fast_period=10|rsi_confirm=True|slow_period=100,both,all,REJECT,22,0.272727,0.443281,-0.001913,-0.001913,-0.043983,-1.870892,-1.606404,0.022022,42.954545,-0.041584,-0.041584,-0.029981,-0.011962,0.351693,,,mt5
run_20260427_124725,EUR/USD,forex,H4,trend_momentum,ema_cross,adx_min=20|fast_period=10|rsi_confirm=False|slow_period=100,both,all,REJECT,23,0.260870,0.431067,-0.001912,-0.001912,-0.045779,-1.958474,-1.686166,0.023023,43.130435,-0.043385,-0.043385,-0.029981,-0.011962,0.357693,,,mt5
run_20260427_124725,EUR/USD,forex,H4,trend_momentum,ema_cross,adx_min=20|fast_period=10|rsi_confirm=True|slow_period=100,both,all,REJECT,22,0.272727,0.443281,-0.001913,-0.001913,-0.043983,-1.870892,-1.606404,0.022022,42.954545,-0.041584,-0.041584,-0.029981,-0.011962,0.351693,,,mt5
run_20260427_124725,EUR/USD,forex,H4,trend_momentum,ema_cross,adx_min=25|fast_period=10|rsi_confirm=False|slow_period=100,both,all,REJECT,21,0.285714,0.477860,-0.001754,-0.001754,-0.038944,-1.660409,-1.411658,0.021021,42.333333,-0.036533,-0.036533,-0.023033,-0.011962,0.381803,,,mt5
run_20260427_124725,EUR/USD,forex,H4,trend_momentum,ema_cross,adx_min=25|fast_period=10|rsi_confirm=True|slow_period=100,both,all,REJECT,20,0.300000,0.492410,-0.001748,-0.001748,-0.037135,-1.572388,-1.333273,0.020020,42.100000,-0.034719,-0.034719,-0.023033,-0.011962,0.375803,,,mt5
run_20260427_124725,EUR/USD,forex,H4,trend_momentum,ema_cross,adx_min=0|fast_period=10|rsi_confirm=False|slow_period=200,both,all,NEEDS_MORE_DATA,17,,,,,,,,,,,,,,,,only 17 trades < min 20,mt5
run_20260427_124725,EUR/USD,forex,H4,trend_momentum,ema_cross,adx_min=0|fast_period=10|rsi_confirm=True|slow_period=200,both,all,NEEDS_MORE_DATA,16,,,,,,,,,,,,,,,,only 16 trades < min 20,mt5
run_20260427_124725,EUR/USD,forex,H4,trend_momentum,ema_cross,adx_min=20|fast_period=10|rsi_confirm=False|slow_period=200,both,all,NEEDS_MORE_DATA,17,,,,,,,,,,,,,,,,only 17 trades < min 20,mt5
run_20260427_124725,EUR/USD,forex,H4,trend_momentum,ema_cross,adx_min=20|fast_period=10|rsi_confirm=True|slow_period=200,both,all,NEEDS_MORE_DATA,16,,,,,,,,,,,,,,,,only 16 trades < min 20,mt5
run_20260427_124725,EUR/USD,forex,H4,trend_momentum,ema_cross,adx_min=25|fast_period=10|rsi_confirm=False|slow_period=200,both,all,NEEDS_MORE_DATA,12,,,,,,,,,,,,,,,,only 12 trades < min 20,mt5
run_20260427_124725,EUR/USD,forex,H4,trend_momentum,ema_cross,adx_min=25|fast_period=10|rsi_confirm=True|slow_period=200,both,all,NEEDS_MORE_DATA,11,,,,,,,,,,,,,,,,only 11 trades < min 20,mt5
run_20260427_124725,EUR/USD,forex,H4,trend_momentum,ema_cross,adx_min=0|fast_period=20|rsi_confirm=False|slow_period=50,both,all,REJECT,20,0.300000,0.552967,-0.001945,-0.001945,-0.047521,-1.370168,-1.149816,0.020020,49.300000,-0.038735,-0.038735,-0.026369,-0.004287,0.268768,,,mt5
run_20260427_124725,EUR/USD,forex,H4,trend_momentum,ema_cross,adx_min=0|fast_period=20|rsi_confirm=True|slow_period=50,both,all,REJECT,20,0.300000,0.552967,-0.001945,-0.001945,-0.047521,-1.370168,-1.149816,0.020020,49.300000,-0.038735,-0.038735,-0.026369,-0.004287,0.268768,,,mt5
run_20260427_124725,EUR/USD,forex,H4,trend_momentum,ema_cross,adx_min=20|fast_period=20|rsi_confirm=False|slow_period=50,both,all,REJECT,20,0.300000,0.552967,-0.001945,-0.001945,-0.047521,-1.370168,-1.149816,0.020020,49.300000,-0.038735,-0.038735,-0.026369,-0.004287,0.268768,,,mt5
run_20260427_124725,EUR/USD,forex,H4,trend_momentum,ema_cross,adx_min=20|fast_period=20|rsi_confirm=True|slow_period=50,both,all,REJECT,20,0.300000,0.552967,-0.001945,-0.001945,-0.047521,-1.370168,-1.149816,0.020020,49.300000,-0.038735,-0.038735,-0.026369,-0.004287,0.268768,,,mt5
run_20260427_124725,EUR/USD,forex,H4,trend_momentum,ema_cross,adx_min=25|fast_period=20|rsi_confirm=False|slow_period=50,both,all,NEEDS_MORE_DATA,19,,,,,,,,,,,,,,1.000000,,only 19 trades < min 20,mt5
run_20260427_124725,EUR/USD,forex,H4,trend_momentum,ema_cross,adx_min=25|fast_period=20|rsi_confirm=True|slow_period=50,both,all,NEEDS_MORE_DATA,19,,,,,,,,,,,,,,1.000000,,only 19 trades < min 20,mt5
run_20260427_124725,EUR/USD,forex,H4,trend_momentum,ema_cross,adx_min=0|fast_period=20|rsi_confirm=False|slow_period=100,both,all,NEEDS_MORE_DATA,13,,,,,,,,,,,,,,,,only 13 trades < min 20,mt5
run_20260427_124725,EUR/USD,forex,H4,trend_momentum,ema_cross,adx_min=0|fast_period=20|rsi_confirm=True|slow_period=100,both,all,NEEDS_MORE_DATA,13,,,,,,,,,,,,,,,,only 13 trades < min 20,mt5
run_20260427_124725,EUR/USD,forex,H4,trend_momentum,ema_cross,adx_min=20|fast_period=20|rsi_confirm=False|slow_period=100,both,all,NEEDS_MORE_DATA,13,,,,,,,,,,,,,,,,only 13 trades < min 20,mt5
run_20260427_124725,EUR/USD,forex,H4,trend_momentum,ema_cross,adx_min=20|fast_period=20|rsi_confirm=True|slow_period=100,both,all,NEEDS_MORE_DATA,13,,,,,,,,,,,,,,,,only 13 trades < min 20,mt5
run_20260427_124725,EUR/USD,forex,H4,trend_momentum,ema_cross,adx_min=25|fast_period=20|rsi_confirm=False|slow_period=100,both,all,NEEDS_MORE_DATA,12,,,,,,,,,,,,,,,,only 12 trades < min 20,mt5
run_20260427_124725,EUR/USD,forex,H4,trend_momentum,ema_cross,adx_min=25|fast_period=20|rsi_confirm=True|slow_period=100,both,all,NEEDS_MORE_DATA,12,,,,,,,,,,,,,,,,only 12 trades < min 20,mt5
run_20260427_124725,EUR/USD,forex,H4,trend_momentum,ema_cross,adx_min=0|fast_period=20|rsi_confirm=False|slow_period=200,both,all,NEEDS_MORE_DATA,9,,,,,,,,,,,,,,,,only 9 trades < min 20,mt5
run_20260427_124725,EUR/USD,forex,H4,trend_momentum,ema_cross,adx_min=0|fast_period=20|rsi_confirm=True|slow_period=200,both,all,NEEDS_MORE_DATA,9,,,,,,,,,,,,,,,,only 9 trades < min 20,mt5
run_20260427_124725,EUR/USD,forex,H4,trend_momentum,ema_cross,adx_min=20|fast_period=20|rsi_confirm=False|slow_period=200,both,all,NEEDS_MORE_DATA,9,,,,,,,,,,,,,,,,only 9 trades < min 20,mt5
run_20260427_124725,EUR/USD,forex,H4,trend_momentum,ema_cross,adx_min=20|fast_period=20|rsi_confirm=True|slow_period=200,both,all,NEEDS_MORE_DATA,9,,,,,,,,,,,,,,,,only 9 trades < min 20,mt5
run_20260427_124725,EUR/USD,forex,H4,trend_momentum,ema_cross,adx_min=25|fast_period=20|rsi_confirm=False|slow_period=200,both,all,NEEDS_MORE_DATA,7,,,,,,,,,,,,,,,,only 7 trades < min 20,mt5
run_20260427_124725,EUR/USD,forex,H4,trend_momentum,ema_cross,adx_min=25|fast_period=20|rsi_confirm=True|slow_period=200,both,all,NEEDS_MORE_DATA,7,,,,,,,,,,,,,,,,only 7 trades < min 20,mt5
run_20260427_124725,EUR/USD,forex,H4,trend_momentum,ema_alignment,adx_min=0|ema_long=200|ema_mid=50|ema_short=20,both,all,REJECT,23,0.260870,0.487474,-0.001351,-0.001351,-0.037603,-1.780650,-1.517266,0.023023,16.956522,-0.030829,-0.030829,-0.020219,-0.010829,0.398668,,,mt5
run_20260427_124725,EUR/USD,forex,H4,trend_momentum,ema_alignment,adx_min=20|ema_long=200|ema_mid=50|ema_short=20,both,all,REJECT,23,0.260870,0.487474,-0.001351,-0.001351,-0.037603,-1.780650,-1.517266,0.023023,16.956522,-0.030829,-0.030829,-0.020219,-0.010829,0.398668,,,mt5
run_20260427_124725,EUR/USD,forex,H4,trend_momentum,ema_alignment,adx_min=25|ema_long=200|ema_mid=50|ema_short=20,both,all,REJECT,22,0.227273,0.501994,-0.001286,-0.001286,-0.034886,-1.711227,-1.455731,0.022022,16.818182,-0.028093,-0.028093,-0.025298,-0.002867,0.266001,,,mt5
run_20260427_124725,EUR/USD,forex,H4,trend_momentum,macd_direction,adx_min=0|fast=12|signal_period=9|slow=26,both,all,WEAK_CANDIDATE,69,0.405797,1.085759,0.000166,0.000166,-0.026948,0.340678,0.277200,0.069069,14.391304,0.010659,0.010659,0.019551,-0.013884,0.533333,,,mt5
run_20260427_124725,EUR/USD,forex,H4,trend_momentum,macd_direction,adx_min=20|fast=12|signal_period=9|slow=26,both,all,WEAK_CANDIDATE,69,0.405797,1.085759,0.000166,0.000166,-0.026948,0.340678,0.277200,0.069069,14.391304,0.010659,0.010659,0.019551,-0.013884,0.533333,,,mt5
run_20260427_124725,EUR/USD,forex,H4,pullback,pullback_ema,pullback_period=20|rsi_reclaim=False|rsi_threshold=50|trend_period=200,both,all,REJECT,61,0.196721,0.416608,-0.001164,-0.001164,-0.072175,-3.458619,-3.001404,0.061061,7.213115,-0.068818,-0.068818,-0.027532,-0.042455,0.537390,,,mt5
run_20260427_124725,EUR/USD,forex,H4,pullback,pullback_ema,pullback_period=20|rsi_reclaim=True|rsi_threshold=50|trend_period=200,both,all,REJECT,54,0.166667,0.319774,-0.001458,-0.001458,-0.075983,-4.082843,-3.696449,0.054054,6.555556,-0.075983,-0.075983,-0.035015,-0.042455,0.636255,,,mt5
run_20260427_124725,EUR/USD,forex,H4,pullback,pullback_ema,pullback_period=50|rsi_reclaim=False|rsi_threshold=50|trend_period=200,both,all,REJECT,45,0.222222,0.351376,-0.001290,-0.001290,-0.059634,-3.347665,-2.965701,0.045045,10.022222,-0.056611,-0.056611,-0.030250,-0.027183,0.639582,,,mt5
run_20260427_124725,EUR/USD,forex,H4,pullback,pullback_ema,pullback_period=50|rsi_reclaim=True|rsi_threshold=50|trend_period=200,both,all,REJECT,32,0.187500,0.222848,-0.001589,-0.001589,-0.049714,-3.869951,-3.760649,0.032032,9.156250,-0.049714,-0.049714,-0.026093,-0.024253,0.570842,,,mt5
run_20260427_124725,EUR/USD,forex,H4,breakout,prev_day_hl,atr_expand_min=0.0,both,all,REJECT,37,0.459459,0.821816,-0.000449,-0.000449,-0.052995,-0.538779,-0.439261,0.037037,25.594595,-0.017169,-0.017169,0.014619,-0.028497,0.422000,,,mt5
run_20260427_124725,EUR/USD,forex,H4,breakout,prev_day_hl,atr_expand_min=0.5,both,all,REJECT,37,0.459459,0.821816,-0.000449,-0.000449,-0.052995,-0.538779,-0.439261,0.037037,25.594595,-0.017169,-0.017169,0.014619,-0.028497,0.422000,,,mt5
run_20260427_124725,EUR/USD,forex,H4,breakout,prev_day_hl,atr_expand_min=1.0,both,all,REJECT,29,0.413793,0.941926,-0.000147,-0.000147,-0.042691,-0.146975,-0.119556,0.029029,27.034483,-0.004875,-0.004875,0.016557,-0.024348,0.374000,,,mt5
run_20260427_124725,EUR/USD,forex,H4,breakout,session_opening_range,atr_expand_min=0.0|range_bars=6,both,all,WEAK_CANDIDATE,50,0.480000,1.019241,0.000041,0.000041,-0.057103,0.066836,0.054356,0.050050,19.600000,0.001343,0.001343,0.008736,-0.008575,0.533333,,,mt5
run_20260427_124725,EUR/USD,forex,H4,breakout,session_opening_range,atr_expand_min=0.5|range_bars=6,both,all,WEAK_CANDIDATE,50,0.480000,1.014032,0.000030,0.000030,-0.057103,0.048818,0.039702,0.050050,19.560000,0.000788,0.000788,0.008177,-0.008575,0.533333,,,mt5
run_20260427_124725,EUR/USD,forex,H4,breakout,session_opening_range,atr_expand_min=0.0|range_bars=12,both,all,REJECT,32,0.406250,0.897707,-0.000293,-0.000293,-0.042109,-0.288916,-0.235157,0.032032,30.656250,-0.010121,-0.010121,0.015186,-0.022298,0.308667,,,mt5
run_20260427_124725,EUR/USD,forex,H4,breakout,session_opening_range,atr_expand_min=0.5|range_bars=12,both,all,REJECT,32,0.406250,0.897707,-0.000293,-0.000293,-0.042109,-0.288916,-0.235157,0.032032,30.656250,-0.010121,-0.010121,0.015186,-0.022298,0.308667,,,mt5
run_20260427_124725,EUR/USD,forex,H4,breakout,london_breakout,atr_expand_min=0.0|utc_end=11|utc_start=7,both,all,NEEDS_MORE_DATA,17,,,,,,,,,,,,,,1.000000,,only 17 trades < min 20,mt5
run_20260427_124725,EUR/USD,forex,H4,breakout,london_breakout,atr_expand_min=0.5|utc_end=11|utc_start=7,both,all,NEEDS_MORE_DATA,17,,,,,,,,,,,,,,1.000000,,only 17 trades < min 20,mt5
run_20260427_124725,EUR/USD,forex,H4,breakout,ny_breakout,atr_expand_min=0.0|utc_end=16|utc_start=13,both,all,NEEDS_MORE_DATA,0,,,,,,,,,,,,,,,,only 0 trades < min 20,mt5
run_20260427_124725,EUR/USD,forex,H4,breakout,ny_breakout,atr_expand_min=0.5|utc_end=16|utc_start=13,both,all,NEEDS_MORE_DATA,0,,,,,,,,,,,,,,,,only 0 trades < min 20,mt5
run_20260427_124725,EUR/USD,forex,H4,mean_reversion,rsi_extreme,overbought=70|oversold=30|period=14,both,all,REJECT,20,0.750000,0.957204,-0.000076,-0.000076,-0.023120,-0.083983,-0.068307,0.020020,15.900000,-0.001779,-0.001779,-0.005571,0.003813,0.338454,,,mt5
run_20260427_124725,EUR/USD,forex,H4,mean_reversion,rsi_extreme,overbought=75|oversold=30|period=14,both,all,NEEDS_MORE_DATA,16,,,,,,,,,,,,,,,,only 16 trades < min 20,mt5
run_20260427_124725,EUR/USD,forex,H4,mean_reversion,rsi_extreme,overbought=70|oversold=25|period=14,both,all,NEEDS_MORE_DATA,11,,,,,,,,,,,,,,,,only 11 trades < min 20,mt5
run_20260427_124725,EUR/USD,forex,H4,mean_reversion,rsi_extreme,overbought=75|oversold=25|period=14,both,all,NEEDS_MORE_DATA,7,,,,,,,,,,,,,,,,only 7 trades < min 20,mt5
run_20260427_124725,EUR/USD,forex,H4,mean_reversion,bollinger_touch,num_std=2.0|period=20,both,all,REJECT,34,0.411765,0.477928,-0.001409,-0.001409,-0.067723,-1.706502,-1.427417,0.034034,16.500000,-0.047351,-0.047351,-0.052603,0.007756,0.304000,,,mt5
run_20260427_124725,EUR/USD,forex,H4,mean_reversion,bollinger_touch,num_std=2.5|period=20,both,all,NEEDS_MORE_DATA,19,,,,,,,,,,,,,,1.000000,,only 19 trades < min 20,mt5
run_20260427_124725,EUR/USD,forex,H4,mean_reversion,vwap_deviation,std_threshold=1.5,both,all,NEEDS_MORE_DATA,14,,,,,,,,,,,,,,,,only 14 trades < min 20,mt5
run_20260427_124725,EUR/USD,forex,H4,mean_reversion,vwap_deviation,std_threshold=2.0,both,all,NEEDS_MORE_DATA,10,,,,,,,,,,,,,,,,only 10 trades < min 20,mt5
run_20260427_124725,EUR/USD,forex,H4,engine_b_proxy,ob_bos,require_engulf=False|require_vol_expand=False|swing_period=5,both,all,NEEDS_MORE_DATA,19,,,,,,,,,,,,,,1.000000,,only 19 trades < min 20,mt5
run_20260427_124725,EUR/USD,forex,H4,engine_b_proxy,ob_bos,require_engulf=False|require_vol_expand=True|swing_period=5,both,all,NEEDS_MORE_DATA,16,,,,,,,,,,,,,,1.000000,,only 16 trades < min 20,mt5
run_20260427_124725,EUR/USD,forex,H4,engine_b_proxy,ob_bos,require_engulf=True|require_vol_expand=False|swing_period=5,both,all,NEEDS_MORE_DATA,18,,,,,,,,,,,,,,1.000000,,only 18 trades < min 20,mt5
run_20260427_124725,EUR/USD,forex,H4,engine_b_proxy,ob_bos,require_engulf=True|require_vol_expand=True|swing_period=5,both,all,NEEDS_MORE_DATA,13,,,,,,,,,,,,,,,,only 13 trades < min 20,mt5
run_20260427_124725,EUR/USD,forex,H4,engine_b_proxy,ob_bos,require_engulf=False|require_vol_expand=False|swing_period=10,both,all,NEEDS_MORE_DATA,7,,,,,,,,,,,,,,,,only 7 trades < min 20,mt5
run_20260427_124725,EUR/USD,forex,H4,engine_b_proxy,ob_bos,require_engulf=False|require_vol_expand=True|swing_period=10,both,all,NEEDS_MORE_DATA,6,,,,,,,,,,,,,,,,only 6 trades < min 20,mt5
run_20260427_124725,EUR/USD,forex,H4,engine_b_proxy,ob_bos,require_engulf=True|require_vol_expand=False|swing_period=10,both,all,NEEDS_MORE_DATA,7,,,,,,,,,,,,,,,,only 7 trades < min 20,mt5
run_20260427_124725,EUR/USD,forex,H4,engine_b_proxy,ob_bos,require_engulf=True|require_vol_expand=True|swing_period=10,both,all,NEEDS_MORE_DATA,6,,,,,,,,,,,,,,,,only 6 trades < min 20,mt5
run_20260427_124725,EUR/USD,forex,H4,engine_b_proxy,structure_filters,fvg_detection=False|strong_close_pct=0.7,both,all,REJECT,313,0.223642,0.369693,-0.001053,-0.001053,-0.296660,-8.217222,-7.036228,0.313313,3.108626,-0.281699,-0.281699,-0.228244,-0.069842,0.491799,,,mt5
run_20260427_124725,EUR/USD,forex,H4,engine_b_proxy,structure_filters,fvg_detection=True|strong_close_pct=0.7,both,all,REJECT,38,0.236842,0.417209,-0.001525,-0.001525,-0.057931,-2.044516,-1.724129,0.038038,11.157895,-0.056871,-0.056871,-0.021961,-0.035694,0.457059,,,mt5
run_20260427_124725,EUR/USD,forex,H4,engine_b_proxy,structure_filters,fvg_detection=False|strong_close_pct=0.8,both,all,REJECT,233,0.257511,0.480893,-0.000878,-0.000878,-0.215173,-4.860462,-4.058489,0.233233,4.008584,-0.186174,-0.186174,-0.183099,-0.002901,0.404754,,,mt5
run_20260427_124725,EUR/USD,forex,H4,engine_b_proxy,structure_filters,fvg_detection=True|strong_close_pct=0.8,both,all,REJECT,33,0.090909,0.144673,-0.002933,-0.002933,-0.093670,-4.094877,-4.053218,0.033033,9.666667,-0.092650,-0.092650,-0.051940,-0.042941,0.562690,,,mt5
run_20260427_124725,AUD/USD,forex,H4,trend_momentum,ema_cross,adx_min=0|fast_period=10|rsi_confirm=False|slow_period=50,both,all,REJECT,26,0.269231,0.793552,-0.001019,-0.001019,-0.084929,-0.507205,-0.413806,0.026026,35.153846,-0.028109,-0.028109,-0.000946,-0.072480,0.256000,,,mt5
run_20260427_124725,AUD/USD,forex,H4,trend_momentum,ema_cross,adx_min=0|fast_period=10|rsi_confirm=True|slow_period=50,both,all,REJECT,25,0.240000,0.701355,-0.001530,-0.001530,-0.084929,-0.745832,-0.610947,0.025025,33.680000,-0.039411,-0.039411,-0.012564,-0.072480,0.250000,,,mt5
run_20260427_124725,AUD/USD,forex,H4,trend_momentum,ema_cross,adx_min=20|fast_period=10|rsi_confirm=False|slow_period=50,both,all,REJECT,26,0.269231,0.793552,-0.001019,-0.001019,-0.084929,-0.507205,-0.413806,0.026026,35.153846,-0.028109,-0.028109,-0.000946,-0.072480,0.256000,,,mt5
run_20260427_124725,AUD/USD,forex,H4,trend_momentum,ema_cross,adx_min=20|fast_period=10|rsi_confirm=True|slow_period=50,both,all,REJECT,25,0.240000,0.701355,-0.001530,-0.001530,-0.084929,-0.745832,-0.610947,0.025025,33.680000,-0.039411,-0.039411,-0.012564,-0.072480,0.250000,,,mt5
run_20260427_124725,AUD/USD,forex,H4,trend_momentum,ema_cross,adx_min=25|fast_period=10|rsi_confirm=False|slow_period=50,both,all,REJECT,22,0.227273,0.372343,-0.003508,-0.003508,-0.102130,-2.338808,-2.076308,0.022022,27.681818,-0.075041,-0.075041,-0.002762,-0.072480,0.232000,,,mt5
run_20260427_124725,AUD/USD,forex,H4,trend_momentum,ema_cross,adx_min=25|fast_period=10|rsi_confirm=True|slow_period=50,both,all,REJECT,21,0.190476,0.275003,-0.004245,-0.004245,-0.102130,-2.829200,-2.651126,0.021021,25.571429,-0.085981,-0.085981,-0.014557,-0.072480,0.226000,,,mt5
run_20260427_124725,AUD/USD,forex,H4,trend_momentum,ema_cross,adx_min=0|fast_period=10|rsi_confirm=False|slow_period=100,both,all,REJECT,26,0.153846,0.591176,-0.002191,-0.002191,-0.070916,-1.083723,-0.894448,0.026026,35.269231,-0.057317,-0.057317,-0.031942,-0.070727,0.256000,,,mt5
run_20260427_124725,AUD/USD,forex,H4,trend_momentum,ema_cross,adx_min=0|fast_period=10|rsi_confirm=True|slow_period=100,both,all,REJECT,23,0.130435,0.530753,-0.002750,-0.002750,-0.070916,-1.222258,-1.015541,0.023023,36.130435,-0.063150,-0.063150,-0.037932,-0.070727,0.278623,,,mt5
run_20260427_124725,AUD/USD,forex,H4,trend_momentum,ema_cross,adx_min=20|fast_period=10|rsi_confirm=False|slow_period=100,both,all,REJECT,26,0.153846,0.591176,-0.002191,-0.002191,-0.070916,-1.083723,-0.894448,0.026026,35.269231,-0.057317,-0.057317,-0.031942,-0.070727,0.256000,,,mt5
run_20260427_124725,AUD/USD,forex,H4,trend_momentum,ema_cross,adx_min=20|fast_period=10|rsi_confirm=True|slow_period=100,both,all,REJECT,23,0.130435,0.530753,-0.002750,-0.002750,-0.070916,-1.222258,-1.015541,0.023023,36.130435,-0.063150,-0.063150,-0.037932,-0.070727,0.278623,,,mt5
run_20260427_124725,AUD/USD,forex,H4,trend_momentum,ema_cross,adx_min=25|fast_period=10|rsi_confirm=False|slow_period=100,both,all,NEEDS_MORE_DATA,19,,,,,,,,,,,,,,1.000000,,only 19 trades < min 20,mt5
run_20260427_124725,AUD/USD,forex,H4,trend_momentum,ema_cross,adx_min=25|fast_period=10|rsi_confirm=True|slow_period=100,both,all,NEEDS_MORE_DATA,17,,,,,,,,,,,,,,1.000000,,only 17 trades < min 20,mt5
run_20260427_124725,AUD/USD,forex,H4,trend_momentum,ema_cross,adx_min=0|fast_period=10|rsi_confirm=False|slow_period=200,both,all,NEEDS_MORE_DATA,10,,,,,,,,,,,,,,,,only 10 trades < min 20,mt5
run_20260427_124725,AUD/USD,forex,H4,trend_momentum,ema_cross,adx_min=0|fast_period=10|rsi_confirm=True|slow_period=200,both,all,NEEDS_MORE_DATA,9,,,,,,,,,,,,,,,,only 9 trades < min 20,mt5
run_20260427_124725,AUD/USD,forex,H4,trend_momentum,ema_cross,adx_min=20|fast_period=10|rsi_confirm=False|slow_period=200,both,all,NEEDS_MORE_DATA,10,,,,,,,,,,,,,,,,only 10 trades < min 20,mt5
run_20260427_124725,AUD/USD,forex,H4,trend_momentum,ema_cross,adx_min=20|fast_period=10|rsi_confirm=True|slow_period=200,both,all,NEEDS_MORE_DATA,9,,,,,,,,,,,,,,,,only 9 trades < min 20,mt5
run_20260427_124725,AUD/USD,forex,H4,trend_momentum,ema_cross,adx_min=25|fast_period=10|rsi_confirm=False|slow_period=200,both,all,NEEDS_MORE_DATA,8,,,,,,,,,,,,,,,,only 8 trades < min 20,mt5
run_20260427_124725,AUD/USD,forex,H4,trend_momentum,ema_cross,adx_min=25|fast_period=10|rsi_confirm=True|slow_period=200,both,all,NEEDS_MORE_DATA,7,,,,,,,,,,,,,,,,only 7 trades < min 20,mt5
run_20260427_124725,AUD/USD,forex,H4,trend_momentum,ema_cross,adx_min=0|fast_period=20|rsi_confirm=False|slow_period=50,both,all,NEEDS_MORE_DATA,18,,,,,,,,,,,,,,1.000000,,only 18 trades < min 20,mt5
run_20260427_124725,AUD/USD,forex,H4,trend_momentum,ema_cross,adx_min=0|fast_period=20|rsi_confirm=True|slow_period=50,both,all,NEEDS_MORE_DATA,17,,,,,,,,,,,,,,1.000000,,only 17 trades < min 20,mt5
run_20260427_124725,AUD/USD,forex,H4,trend_momentum,ema_cross,adx_min=20|fast_period=20|rsi_confirm=False|slow_period=50,both,all,NEEDS_MORE_DATA,18,,,,,,,,,,,,,,1.000000,,only 18 trades < min 20,mt5
run_20260427_124725,AUD/USD,forex,H4,trend_momentum,ema_cross,adx_min=20|fast_period=20|rsi_confirm=True|slow_period=50,both,all,NEEDS_MORE_DATA,17,,,,,,,,,,,,,,1.000000,,only 17 trades < min 20,mt5
run_20260427_124725,AUD/USD,forex,H4,trend_momentum,ema_cross,adx_min=25|fast_period=20|rsi_confirm=False|slow_period=50,both,all,NEEDS_MORE_DATA,15,,,,,,,,,,,,,,1.000000,,only 15 trades < min 20,mt5
run_20260427_124725,AUD/USD,forex,H4,trend_momentum,ema_cross,adx_min=25|fast_period=20|rsi_confirm=True|slow_period=50,both,all,NEEDS_MORE_DATA,14,,,,,,,,,,,,,,1.000000,,only 14 trades < min 20,mt5
run_20260427_124725,AUD/USD,forex,H4,trend_momentum,ema_cross,adx_min=0|fast_period=20|rsi_confirm=False|slow_period=100,both,all,NEEDS_MORE_DATA,16,,,,,,,,,,,,,,,,only 16 trades < min 20,mt5
run_20260427_124725,AUD/USD,forex,H4,trend_momentum,ema_cross,adx_min=0|fast_period=20|rsi_confirm=True|slow_period=100,both,all,NEEDS_MORE_DATA,15,,,,,,,,,,,,,,,,only 15 trades < min 20,mt5
run_20260427_124725,AUD/USD,forex,H4,trend_momentum,ema_cross,adx_min=20|fast_period=20|rsi_confirm=False|slow_period=100,both,all,NEEDS_MORE_DATA,16,,,,,,,,,,,,,,,,only 16 trades < min 20,mt5
run_20260427_124725,AUD/USD,forex,H4,trend_momentum,ema_cross,adx_min=20|fast_period=20|rsi_confirm=True|slow_period=100,both,all,NEEDS_MORE_DATA,15,,,,,,,,,,,,,,,,only 15 trades < min 20,mt5
run_20260427_124725,AUD/USD,forex,H4,trend_momentum,ema_cross,adx_min=25|fast_period=20|rsi_confirm=False|slow_period=100,both,all,NEEDS_MORE_DATA,14,,,,,,,,,,,,,,,,only 14 trades < min 20,mt5
run_20260427_124725,AUD/USD,forex,H4,trend_momentum,ema_cross,adx_min=25|fast_period=20|rsi_confirm=True|slow_period=100,both,all,NEEDS_MORE_DATA,13,,,,,,,,,,,,,,,,only 13 trades < min 20,mt5
run_20260427_124725,AUD/USD,forex,H4,trend_momentum,ema_cross,adx_min=0|fast_period=20|rsi_confirm=False|slow_period=200,both,all,NEEDS_MORE_DATA,10,,,,,,,,,,,,,,,,only 10 trades < min 20,mt5
run_20260427_124725,AUD/USD,forex,H4,trend_momentum,ema_cross,adx_min=0|fast_period=20|rsi_confirm=True|slow_period=200,both,all,NEEDS_MORE_DATA,9,,,,,,,,,,,,,,,,only 9 trades < min 20,mt5
run_20260427_124725,AUD/USD,forex,H4,trend_momentum,ema_cross,adx_min=20|fast_period=20|rsi_confirm=False|slow_period=200,both,all,NEEDS_MORE_DATA,10,,,,,,,,,,,,,,,,only 10 trades < min 20,mt5
run_20260427_124725,AUD/USD,forex,H4,trend_momentum,ema_cross,adx_min=20|fast_period=20|rsi_confirm=True|slow_period=200,both,all,NEEDS_MORE_DATA,9,,,,,,,,,,,,,,,,only 9 trades < min 20,mt5
run_20260427_124725,AUD/USD,forex,H4,trend_momentum,ema_cross,adx_min=25|fast_period=20|rsi_confirm=False|slow_period=200,both,all,NEEDS_MORE_DATA,9,,,,,,,,,,,,,,,,only 9 trades < min 20,mt5
run_20260427_124725,AUD/USD,forex,H4,trend_momentum,ema_cross,adx_min=25|fast_period=20|rsi_confirm=True|slow_period=200,both,all,NEEDS_MORE_DATA,8,,,,,,,,,,,,,,,,only 8 trades < min 20,mt5
run_20260427_124725,AUD/USD,forex,H4,trend_momentum,ema_alignment,adx_min=0|ema_long=200|ema_mid=50|ema_short=20,both,all,REJECT,30,0.133333,0.283989,-0.002970,-0.002970,-0.107561,-3.106260,-2.835580,0.030030,13.766667,-0.085810,-0.085810,-0.041104,-0.054594,0.481539,,,mt5
run_20260427_124725,AUD/USD,forex,H4,trend_momentum,ema_alignment,adx_min=20|ema_long=200|ema_mid=50|ema_short=20,both,all,REJECT,30,0.133333,0.283989,-0.002970,-0.002970,-0.107561,-3.106260,-2.835580,0.030030,13.766667,-0.085810,-0.085810,-0.041104,-0.054594,0.481539,,,mt5
run_20260427_124725,AUD/USD,forex,H4,trend_momentum,ema_alignment,adx_min=25|ema_long=200|ema_mid=50|ema_short=20,both,all,REJECT,28,0.142857,0.304825,-0.002878,-0.002878,-0.099922,-2.849778,-2.569471,0.028028,14.285714,-0.077984,-0.077984,-0.032896,-0.054594,0.370117,,,mt5
run_20260427_124725,AUD/USD,forex,H4,trend_momentum,macd_direction,adx_min=0|fast=12|signal_period=9|slow=26,both,all,REJECT,78,0.358974,0.755272,-0.000844,-0.000844,-0.086995,-1.188783,-0.972163,0.078078,12.756410,-0.065846,-0.065846,-0.040555,-0.026593,0.630050,,,mt5
run_20260427_124725,AUD/USD,forex,H4,trend_momentum,macd_direction,adx_min=20|fast=12|signal_period=9|slow=26,both,all,REJECT,72,0.361111,0.691473,-0.001100,-0.001100,-0.090476,-1.493172,-1.226029,0.072072,13.069444,-0.078127,-0.078127,-0.044213,-0.035714,0.675663,,,mt5
run_20260427_124725,AUD/USD,forex,H4,pullback,pullback_ema,pullback_period=20|rsi_reclaim=False|rsi_threshold=50|trend_period=200,both,all,REJECT,66,0.151515,0.650956,-0.000953,-0.000953,-0.084719,-1.316459,-1.079400,0.066066,7.393939,-0.062585,-0.062585,-0.007376,-0.055620,0.400000,,,mt5
run_20260427_124725,AUD/USD,forex,H4,pullback,pullback_ema,pullback_period=20|rsi_reclaim=True|rsi_threshold=50|trend_period=200,both,all,REJECT,64,0.156250,0.660196,-0.000944,-0.000944,-0.083181,-1.264260,-1.036201,0.064064,7.484375,-0.060215,-0.060215,-0.004866,-0.055620,0.400000,,,mt5
run_20260427_124725,AUD/USD,forex,H4,pullback,pullback_ema,pullback_period=50|rsi_reclaim=False|rsi_threshold=50|trend_period=200,both,all,REJECT,50,0.160000,0.510989,-0.001485,-0.001485,-0.085686,-1.891673,-1.574203,0.050050,10.900000,-0.072610,-0.072610,-0.011228,-0.072396,0.400000,,,mt5
run_20260427_124725,AUD/USD,forex,H4,pullback,pullback_ema,pullback_period=50|rsi_reclaim=True|rsi_threshold=50|trend_period=200,both,all,REJECT,35,0.200000,0.567421,-0.001447,-0.001447,-0.064560,-1.357875,-1.123338,0.035035,12.600000,-0.050379,-0.050379,0.003639,-0.053822,0.310000,,,mt5
run_20260427_124725,AUD/USD,forex,H4,breakout,prev_day_hl,atr_expand_min=0.0,both,all,WEAK_CANDIDATE,33,0.363636,1.137094,0.000524,0.000524,-0.058031,0.327839,0.266893,0.033033,27.363636,0.015341,0.015341,0.036823,-0.024017,0.498000,,,mt5
run_20260427_124725,AUD/USD,forex,H4,breakout,prev_day_hl,atr_expand_min=0.5,both,all,WEAK_CANDIDATE,33,0.363636,1.137094,0.000524,0.000524,-0.058031,0.327839,0.266893,0.033033,27.363636,0.015341,0.015341,0.036823,-0.024017,0.498000,,,mt5
run_20260427_124725,AUD/USD,forex,H4,breakout,prev_day_hl,atr_expand_min=1.0,both,all,WEAK_CANDIDATE,27,0.333333,1.254534,0.001012,0.001012,-0.045938,0.528783,0.431473,0.027027,28.370370,0.025651,0.025651,0.032108,-0.006256,0.462000,,,mt5
run_20260427_124725,AUD/USD,forex,H4,breakout,session_opening_range,atr_expand_min=0.0|range_bars=6,both,all,WEAK_CANDIDATE,44,0.431818,1.879591,0.002210,0.002210,-0.030675,1.771600,1.474385,0.044044,22.318182,0.099657,0.099657,0.108173,-0.013353,0.497333,,,mt5
run_20260427_124725,AUD/USD,forex,H4,breakout,session_opening_range,atr_expand_min=0.5|range_bars=6,both,all,WEAK_CANDIDATE,44,0.431818,1.879591,0.002210,0.002210,-0.030675,1.771600,1.474385,0.044044,22.318182,0.099657,0.099657,0.108173,-0.013353,0.497333,,,mt5
run_20260427_124725,AUD/USD,forex,H4,breakout,session_opening_range,atr_expand_min=0.0|range_bars=12,both,all,WEAK_CANDIDATE,28,0.464286,1.719502,0.002237,0.002237,-0.050554,1.165168,0.962695,0.028028,35.071429,0.062335,0.062335,0.052597,0.004355,0.409504,,,mt5
run_20260427_124725,AUD/USD,forex,H4,breakout,session_opening_range,atr_expand_min=0.5|range_bars=12,both,all,WEAK_CANDIDATE,28,0.464286,1.719502,0.002237,0.002237,-0.050554,1.165168,0.962695,0.028028,35.071429,0.062335,0.062335,0.052597,0.004355,0.409504,,,mt5
run_20260427_124725,AUD/USD,forex,H4,breakout,london_breakout,atr_expand_min=0.0|utc_end=11|utc_start=7,both,all,NEEDS_MORE_DATA,13,,,,,,,,,,,,,,1.000000,,only 13 trades < min 20,mt5
run_20260427_124725,AUD/USD,forex,H4,breakout,london_breakout,atr_expand_min=0.5|utc_end=11|utc_start=7,both,all,NEEDS_MORE_DATA,13,,,,,,,,,,,,,,1.000000,,only 13 trades < min 20,mt5
run_20260427_124725,AUD/USD,forex,H4,breakout,ny_breakout,atr_expand_min=0.0|utc_end=16|utc_start=13,both,all,NEEDS_MORE_DATA,0,,,,,,,,,,,,,,,,only 0 trades < min 20,mt5
run_20260427_124725,AUD/USD,forex,H4,breakout,ny_breakout,atr_expand_min=0.5|utc_end=16|utc_start=13,both,all,NEEDS_MORE_DATA,0,,,,,,,,,,,,,,,,only 0 trades < min 20,mt5
run_20260427_124725,AUD/USD,forex,H4,mean_reversion,rsi_extreme,overbought=70|oversold=30|period=14,both,all,NEEDS_MORE_DATA,14,,,,,,,,,,,,,,1.000000,,only 14 trades < min 20,mt5
run_20260427_124725,AUD/USD,forex,H4,mean_reversion,rsi_extreme,overbought=75|oversold=30|period=14,both,all,NEEDS_MORE_DATA,12,,,,,,,,,,,,,,,,only 12 trades < min 20,mt5
run_20260427_124725,AUD/USD,forex,H4,mean_reversion,rsi_extreme,overbought=70|oversold=25|period=14,both,all,NEEDS_MORE_DATA,10,,,,,,,,,,,,,,,,only 10 trades < min 20,mt5
run_20260427_124725,AUD/USD,forex,H4,mean_reversion,rsi_extreme,overbought=75|oversold=25|period=14,both,all,NEEDS_MORE_DATA,8,,,,,,,,,,,,,,,,only 8 trades < min 20,mt5
run_20260427_124725,AUD/USD,forex,H4,mean_reversion,bollinger_touch,num_std=2.0|period=20,both,all,REJECT,32,0.531250,0.502969,-0.002170,-0.002170,-0.089189,-1.425915,-1.183956,0.032032,17.343750,-0.068785,-0.068785,-0.071756,0.003201,0.292000,,,mt5
run_20260427_124725,AUD/USD,forex,H4,mean_reversion,bollinger_touch,num_std=2.5|period=20,both,all,NEEDS_MORE_DATA,17,,,,,,,,,,,,,,1.000000,,only 17 trades < min 20,mt5
run_20260427_124725,AUD/USD,forex,H4,mean_reversion,vwap_deviation,std_threshold=1.5,both,all,NEEDS_MORE_DATA,8,,,,,,,,,,,,,,,,only 8 trades < min 20,mt5
run_20260427_124725,AUD/USD,forex,H4,mean_reversion,vwap_deviation,std_threshold=2.0,both,all,NEEDS_MORE_DATA,7,,,,,,,,,,,,,,,,only 7 trades < min 20,mt5
run_20260427_124725,AUD/USD,forex,H4,engine_b_proxy,ob_bos,require_engulf=False|require_vol_expand=False|swing_period=5,both,all,NEEDS_MORE_DATA,17,,,,,,,,,,,,,,1.000000,,only 17 trades < min 20,mt5
run_20260427_124725,AUD/USD,forex,H4,engine_b_proxy,ob_bos,require_engulf=False|require_vol_expand=True|swing_period=5,both,all,NEEDS_MORE_DATA,13,,,,,,,,,,,,,,1.000000,,only 13 trades < min 20,mt5
run_20260427_124725,AUD/USD,forex,H4,engine_b_proxy,ob_bos,require_engulf=True|require_vol_expand=False|swing_period=5,both,all,NEEDS_MORE_DATA,15,,,,,,,,,,,,,,1.000000,,only 15 trades < min 20,mt5
run_20260427_124725,AUD/USD,forex,H4,engine_b_proxy,ob_bos,require_engulf=True|require_vol_expand=True|swing_period=5,both,all,NEEDS_MORE_DATA,11,,,,,,,,,,,,,,,,only 11 trades < min 20,mt5
run_20260427_124725,AUD/USD,forex,H4,engine_b_proxy,ob_bos,require_engulf=False|require_vol_expand=False|swing_period=10,both,all,NEEDS_MORE_DATA,11,,,,,,,,,,,,,,,,only 11 trades < min 20,mt5
run_20260427_124725,AUD/USD,forex,H4,engine_b_proxy,ob_bos,require_engulf=False|require_vol_expand=True|swing_period=10,both,all,NEEDS_MORE_DATA,8,,,,,,,,,,,,,,,,only 8 trades < min 20,mt5
run_20260427_124725,AUD/USD,forex,H4,engine_b_proxy,ob_bos,require_engulf=True|require_vol_expand=False|swing_period=10,both,all,NEEDS_MORE_DATA,10,,,,,,,,,,,,,,,,only 10 trades < min 20,mt5
run_20260427_124725,AUD/USD,forex,H4,engine_b_proxy,ob_bos,require_engulf=True|require_vol_expand=True|swing_period=10,both,all,NEEDS_MORE_DATA,7,,,,,,,,,,,,,,,,only 7 trades < min 20,mt5
run_20260427_124725,AUD/USD,forex,H4,engine_b_proxy,structure_filters,fvg_detection=False|strong_close_pct=0.7,both,all,REJECT,327,0.259939,0.414075,-0.001256,-0.001256,-0.355769,-7.057910,-5.944832,0.327327,2.926606,-0.338476,-0.338476,-0.278399,-0.086313,0.493010,,,mt5
run_20260427_124725,AUD/USD,forex,H4,engine_b_proxy,structure_filters,fvg_detection=True|strong_close_pct=0.7,both,all,WEAK_CANDIDATE,29,0.413793,1.511883,0.001173,0.001173,-0.032704,1.041334,0.857220,0.029029,15.965517,0.033767,0.033767,0.048330,-0.013892,0.390667,,,mt5
run_20260427_124725,AUD/USD,forex,H4,engine_b_proxy,structure_filters,fvg_detection=False|strong_close_pct=0.8,both,all,REJECT,217,0.281106,0.558074,-0.001015,-0.001015,-0.238964,-3.768267,-3.117812,0.217217,4.193548,-0.199811,-0.199811,-0.134163,-0.078904,0.576437,,,mt5
run_20260427_124725,AUD/USD,forex,H4,engine_b_proxy,structure_filters,fvg_detection=True|strong_close_pct=0.8,both,all,WEAK_CANDIDATE,26,0.346154,1.141187,0.000372,0.000372,-0.024668,0.322660,0.262743,0.026026,17.000000,0.009037,0.009037,0.034557,-0.024668,0.372667,,,mt5
run_20260427_124725,USD/JPY,forex,H4,trend_momentum,ema_cross,adx_min=0|fast_period=10|rsi_confirm=False|slow_period=50,both,all,REJECT,33,0.181818,0.352512,-0.002758,-0.002758,-0.090850,-2.518454,-2.186947,0.033033,29.545455,-0.087911,-0.087911,-0.034124,-0.056597,0.400434,,,mt5
run_20260427_124725,USD/JPY,forex,H4,trend_momentum,ema_cross,adx_min=0|fast_period=10|rsi_confirm=True|slow_period=50,both,all,REJECT,32,0.156250,0.353666,-0.002840,-0.002840,-0.090704,-2.512675,-2.186158,0.032032,27.250000,-0.087764,-0.087764,-0.033969,-0.056597,0.392153,,,mt5
run_20260427_124725,USD/JPY,forex,H4,trend_momentum,ema_cross,adx_min=20|fast_period=10|rsi_confirm=False|slow_period=50,both,all,REJECT,33,0.181818,0.352512,-0.002758,-0.002758,-0.090850,-2.518454,-2.186947,0.033033,29.545455,-0.087911,-0.087911,-0.034124,-0.056597,0.400434,,,mt5
run_20260427_124725,USD/JPY,forex,H4,trend_momentum,ema_cross,adx_min=20|fast_period=10|rsi_confirm=True|slow_period=50,both,all,REJECT,32,0.156250,0.353666,-0.002840,-0.002840,-0.090704,-2.512675,-2.186158,0.032032,27.250000,-0.087764,-0.087764,-0.033969,-0.056597,0.392153,,,mt5
run_20260427_124725,USD/JPY,forex,H4,trend_momentum,ema_cross,adx_min=25|fast_period=10|rsi_confirm=False|slow_period=50,both,all,REJECT,31,0.193548,0.384458,-0.002560,-0.002560,-0.080132,-2.237436,-1.921752,0.031031,30.225806,-0.077159,-0.077159,-0.030355,-0.049186,0.399885,,,mt5
run_20260427_124725,USD/JPY,forex,H4,trend_momentum,ema_cross,adx_min=25|fast_period=10|rsi_confirm=True|slow_period=50,both,all,REJECT,30,0.166667,0.385716,-0.002639,-0.002639,-0.079984,-2.231672,-1.920026,0.030030,27.800000,-0.077010,-0.077010,-0.030198,-0.049186,0.391369,,,mt5
run_20260427_124725,USD/JPY,forex,H4,trend_momentum,ema_cross,adx_min=0|fast_period=10|rsi_confirm=False|slow_period=100,both,all,NEEDS_MORE_DATA,19,,,,,,,,,,,,,,1.000000,,only 19 trades < min 20,mt5
run_20260427_124725,USD/JPY,forex,H4,trend_momentum,ema_cross,adx_min=0|fast_period=10|rsi_confirm=True|slow_period=100,both,all,NEEDS_MORE_DATA,19,,,,,,,,,,,,,,1.000000,,only 19 trades < min 20,mt5
run_20260427_124725,USD/JPY,forex,H4,trend_momentum,ema_cross,adx_min=20|fast_period=10|rsi_confirm=False|slow_period=100,both,all,NEEDS_MORE_DATA,19,,,,,,,,,,,,,,1.000000,,only 19 trades < min 20,mt5
run_20260427_124725,USD/JPY,forex,H4,trend_momentum,ema_cross,adx_min=20|fast_period=10|rsi_confirm=True|slow_period=100,both,all,NEEDS_MORE_DATA,19,,,,,,,,,,,,,,1.000000,,only 19 trades < min 20,mt5
run_20260427_124725,USD/JPY,forex,H4,trend_momentum,ema_cross,adx_min=25|fast_period=10|rsi_confirm=False|slow_period=100,both,all,NEEDS_MORE_DATA,19,,,,,,,,,,,,,,1.000000,,only 19 trades < min 20,mt5
run_20260427_124725,USD/JPY,forex,H4,trend_momentum,ema_cross,adx_min=25|fast_period=10|rsi_confirm=True|slow_period=100,both,all,NEEDS_MORE_DATA,19,,,,,,,,,,,,,,1.000000,,only 19 trades < min 20,mt5
run_20260427_124725,USD/JPY,forex,H4,trend_momentum,ema_cross,adx_min=0|fast_period=10|rsi_confirm=False|slow_period=200,both,all,NEEDS_MORE_DATA,7,,,,,,,,,,,,,,,,only 7 trades < min 20,mt5
run_20260427_124725,USD/JPY,forex,H4,trend_momentum,ema_cross,adx_min=0|fast_period=10|rsi_confirm=True|slow_period=200,both,all,NEEDS_MORE_DATA,7,,,,,,,,,,,,,,,,only 7 trades < min 20,mt5
run_20260427_124725,USD/JPY,forex,H4,trend_momentum,ema_cross,adx_min=20|fast_period=10|rsi_confirm=False|slow_period=200,both,all,NEEDS_MORE_DATA,7,,,,,,,,,,,,,,,,only 7 trades < min 20,mt5
run_20260427_124725,USD/JPY,forex,H4,trend_momentum,ema_cross,adx_min=20|fast_period=10|rsi_confirm=True|slow_period=200,both,all,NEEDS_MORE_DATA,7,,,,,,,,,,,,,,,,only 7 trades < min 20,mt5
run_20260427_124725,USD/JPY,forex,H4,trend_momentum,ema_cross,adx_min=25|fast_period=10|rsi_confirm=False|slow_period=200,both,all,NEEDS_MORE_DATA,6,,,,,,,,,,,,,,,,only 6 trades < min 20,mt5
run_20260427_124725,USD/JPY,forex,H4,trend_momentum,ema_cross,adx_min=25|fast_period=10|rsi_confirm=True|slow_period=200,both,all,NEEDS_MORE_DATA,6,,,,,,,,,,,,,,,,only 6 trades < min 20,mt5
run_20260427_124725,USD/JPY,forex,H4,trend_momentum,ema_cross,adx_min=0|fast_period=20|rsi_confirm=False|slow_period=50,both,all,NEEDS_MORE_DATA,19,,,,,,,,,,,,,,1.000000,,only 19 trades < min 20,mt5
run_20260427_124725,USD/JPY,forex,H4,trend_momentum,ema_cross,adx_min=0|fast_period=20|rsi_confirm=True|slow_period=50,both,all,NEEDS_MORE_DATA,19,,,,,,,,,,,,,,1.000000,,only 19 trades < min 20,mt5
run_20260427_124725,USD/JPY,forex,H4,trend_momentum,ema_cross,adx_min=20|fast_period=20|rsi_confirm=False|slow_period=50,both,all,NEEDS_MORE_DATA,19,,,,,,,,,,,,,,1.000000,,only 19 trades < min 20,mt5
run_20260427_124725,USD/JPY,forex,H4,trend_momentum,ema_cross,adx_min=20|fast_period=20|rsi_confirm=True|slow_period=50,both,all,NEEDS_MORE_DATA,19,,,,,,,,,,,,,,1.000000,,only 19 trades < min 20,mt5
run_20260427_124725,USD/JPY,forex,H4,trend_momentum,ema_cross,adx_min=25|fast_period=20|rsi_confirm=False|slow_period=50,both,all,NEEDS_MORE_DATA,19,,,,,,,,,,,,,,1.000000,,only 19 trades < min 20,mt5
run_20260427_124725,USD/JPY,forex,H4,trend_momentum,ema_cross,adx_min=25|fast_period=20|rsi_confirm=True|slow_period=50,both,all,NEEDS_MORE_DATA,19,,,,,,,,,,,,,,1.000000,,only 19 trades < min 20,mt5
run_20260427_124725,USD/JPY,forex,H4,trend_momentum,ema_cross,adx_min=0|fast_period=20|rsi_confirm=False|slow_period=100,both,all,NEEDS_MORE_DATA,19,,,,,,,,,,,,,,,,only 19 trades < min 20,mt5
run_20260427_124725,USD/JPY,forex,H4,trend_momentum,ema_cross,adx_min=0|fast_period=20|rsi_confirm=True|slow_period=100,both,all,NEEDS_MORE_DATA,19,,,,,,,,,,,,,,,,only 19 trades < min 20,mt5
run_20260427_124725,USD/JPY,forex,H4,trend_momentum,ema_cross,adx_min=20|fast_period=20|rsi_confirm=False|slow_period=100,both,all,NEEDS_MORE_DATA,18,,,,,,,,,,,,,,,,only 18 trades < min 20,mt5
run_20260427_124725,USD/JPY,forex,H4,trend_momentum,ema_cross,adx_min=20|fast_period=20|rsi_confirm=True|slow_period=100,both,all,NEEDS_MORE_DATA,18,,,,,,,,,,,,,,,,only 18 trades < min 20,mt5
run_20260427_124725,USD/JPY,forex,H4,trend_momentum,ema_cross,adx_min=25|fast_period=20|rsi_confirm=False|slow_period=100,both,all,NEEDS_MORE_DATA,17,,,,,,,,,,,,,,,,only 17 trades < min 20,mt5
run_20260427_124725,USD/JPY,forex,H4,trend_momentum,ema_cross,adx_min=25|fast_period=20|rsi_confirm=True|slow_period=100,both,all,NEEDS_MORE_DATA,17,,,,,,,,,,,,,,,,only 17 trades < min 20,mt5
run_20260427_124725,USD/JPY,forex,H4,trend_momentum,ema_cross,adx_min=0|fast_period=20|rsi_confirm=False|slow_period=200,both,all,NEEDS_MORE_DATA,7,,,,,,,,,,,,,,,,only 7 trades < min 20,mt5
run_20260427_124725,USD/JPY,forex,H4,trend_momentum,ema_cross,adx_min=0|fast_period=20|rsi_confirm=True|slow_period=200,both,all,NEEDS_MORE_DATA,7,,,,,,,,,,,,,,,,only 7 trades < min 20,mt5
run_20260427_124725,USD/JPY,forex,H4,trend_momentum,ema_cross,adx_min=20|fast_period=20|rsi_confirm=False|slow_period=200,both,all,NEEDS_MORE_DATA,7,,,,,,,,,,,,,,,,only 7 trades < min 20,mt5
run_20260427_124725,USD/JPY,forex,H4,trend_momentum,ema_cross,adx_min=20|fast_period=20|rsi_confirm=True|slow_period=200,both,all,NEEDS_MORE_DATA,7,,,,,,,,,,,,,,,,only 7 trades < min 20,mt5
run_20260427_124725,USD/JPY,forex,H4,trend_momentum,ema_cross,adx_min=25|fast_period=20|rsi_confirm=False|slow_period=200,both,all,NEEDS_MORE_DATA,7,,,,,,,,,,,,,,,,only 7 trades < min 20,mt5
run_20260427_124725,USD/JPY,forex,H4,trend_momentum,ema_cross,adx_min=25|fast_period=20|rsi_confirm=True|slow_period=200,both,all,NEEDS_MORE_DATA,7,,,,,,,,,,,,,,,,only 7 trades < min 20,mt5
run_20260427_124725,USD/JPY,forex,H4,trend_momentum,ema_alignment,adx_min=0|ema_long=200|ema_mid=50|ema_short=20,both,all,REJECT,26,0.192308,0.496970,-0.001494,-0.001494,-0.042234,-1.581144,-1.327640,0.026026,16.961538,-0.038532,-0.038532,-0.023325,-0.016790,0.471950,,,mt5
run_20260427_124725,USD/JPY,forex,H4,trend_momentum,ema_alignment,adx_min=20|ema_long=200|ema_mid=50|ema_short=20,both,all,REJECT,26,0.153846,0.386354,-0.001977,-0.001977,-0.054190,-2.086011,-1.796024,0.026026,15.846154,-0.050534,-0.050534,-0.035516,-0.016790,0.397820,,,mt5
run_20260427_124725,USD/JPY,forex,H4,trend_momentum,ema_alignment,adx_min=25|ema_long=200|ema_mid=50|ema_short=20,both,all,REJECT,23,0.173913,0.341268,-0.002159,-0.002159,-0.052480,-2.172687,-1.897212,0.023023,16.869565,-0.048818,-0.048818,-0.029871,-0.014814,0.386783,,,mt5
run_20260427_124725,USD/JPY,forex,H4,trend_momentum,macd_direction,adx_min=0|fast=12|signal_period=9|slow=26,both,all,WEAK_CANDIDATE,66,0.409091,1.395379,0.000896,0.000896,-0.091616,1.063023,0.869112,0.066066,15.045455,0.058441,0.058441,0.157568,-0.090019,0.533333,,,mt5
run_20260427_124725,USD/JPY,forex,H4,trend_momentum,macd_direction,adx_min=20|fast=12|signal_period=9|slow=26,both,all,WEAK_CANDIDATE,63,0.396825,1.305579,0.000721,0.000721,-0.091616,0.827564,0.675295,0.063063,14.904762,0.044127,0.044127,0.141914,-0.090019,0.533333,,,mt5
run_20260427_124725,USD/JPY,forex,H4,pullback,pullback_ema,pullback_period=20|rsi_reclaim=False|rsi_threshold=50|trend_period=200,both,all,REJECT,68,0.235294,0.567781,-0.000870,-0.000870,-0.058101,-2.000196,-1.656982,0.068068,7.544118,-0.058101,-0.058101,-0.020059,-0.037197,0.443677,,,mt5
run_20260427_124725,USD/JPY,forex,H4,pullback,pullback_ema,pullback_period=20|rsi_reclaim=True|rsi_threshold=50|trend_period=200,both,all,REJECT,63,0.238095,0.604774,-0.000804,-0.000804,-0.050008,-1.725444,-1.424226,0.063063,7.841270,-0.050008,-0.050008,-0.012457,-0.036398,0.400000,,,mt5
run_20260427_124725,USD/JPY,forex,H4,pullback,pullback_ema,pullback_period=50|rsi_reclaim=False|rsi_threshold=50|trend_period=200,both,all,REJECT,49,0.204082,0.560032,-0.000941,-0.000941,-0.057416,-1.785256,-1.482500,0.049049,11.346939,-0.045548,-0.045548,-0.028008,-0.029615,0.676786,,,mt5
run_20260427_124725,USD/JPY,forex,H4,pullback,pullback_ema,pullback_period=50|rsi_reclaim=True|rsi_threshold=50|trend_period=200,both,all,REJECT,27,0.222222,0.765179,-0.000412,-0.000412,-0.026159,-0.661385,-0.540697,0.027027,13.666667,-0.011261,-0.011261,0.003336,-0.026159,0.262000,,,mt5
run_20260427_124725,USD/JPY,forex,H4,breakout,prev_day_hl,atr_expand_min=0.0,both,all,WEAK_CANDIDATE,39,0.333333,1.061743,0.000181,0.000181,-0.059317,0.164795,0.134049,0.039039,22.769231,0.005709,0.005709,0.041448,-0.041563,0.534000,,,mt5
run_20260427_124725,USD/JPY,forex,H4,breakout,prev_day_hl,atr_expand_min=0.5,both,all,WEAK_CANDIDATE,38,0.342105,1.080465,0.000238,0.000238,-0.057447,0.211193,0.171817,0.038038,23.105263,0.007709,0.007709,0.041448,-0.039657,0.528000,,,mt5
run_20260427_124725,USD/JPY,forex,H4,breakout,prev_day_hl,atr_expand_min=1.0,both,all,WEAK_CANDIDATE,29,0.413793,1.158136,0.000485,0.000485,-0.049432,0.355802,0.289762,0.029029,23.620690,0.012987,0.012987,0.047627,-0.040513,0.474000,,,mt5
run_20260427_124725,USD/JPY,forex,H4,breakout,session_opening_range,atr_expand_min=0.0|range_bars=6,both,all,REJECT,60,0.350000,0.977123,-0.000062,-0.000062,-0.039060,-0.080740,-0.065664,0.060060,16.366667,-0.005254,-0.005254,0.018468,-0.041641,0.433333,,,mt5
run_20260427_124725,USD/JPY,forex,H4,breakout,session_opening_range,atr_expand_min=0.5|range_bars=6,both,all,REJECT,60,0.350000,0.977123,-0.000062,-0.000062,-0.039060,-0.080740,-0.065664,0.060060,16.366667,-0.005254,-0.005254,0.018468,-0.041641,0.433333,,,mt5
run_20260427_124725,USD/JPY,forex,H4,breakout,session_opening_range,atr_expand_min=0.0|range_bars=12,both,all,REJECT,38,0.368421,0.485678,-0.002100,-0.002100,-0.077660,-2.158337,-1.828002,0.038038,25.842105,-0.077660,-0.077660,-0.023924,-0.065817,0.344667,,,mt5
run_20260427_124725,USD/JPY,forex,H4,breakout,session_opening_range,atr_expand_min=0.5|range_bars=12,both,all,REJECT,38,0.368421,0.478826,-0.002158,-0.002158,-0.079717,-2.204665,-1.870676,0.038038,25.736842,-0.079717,-0.079717,-0.023924,-0.067901,0.344667,,,mt5
run_20260427_124725,USD/JPY,forex,H4,breakout,london_breakout,atr_expand_min=0.0|utc_end=11|utc_start=7,both,all,NEEDS_MORE_DATA,19,,,,,,,,,,,,,,1.000000,,only 19 trades < min 20,mt5
run_20260427_124725,USD/JPY,forex,H4,breakout,london_breakout,atr_expand_min=0.5|utc_end=11|utc_start=7,both,all,NEEDS_MORE_DATA,18,,,,,,,,,,,,,,1.000000,,only 18 trades < min 20,mt5
run_20260427_124725,USD/JPY,forex,H4,breakout,ny_breakout,atr_expand_min=0.0|utc_end=16|utc_start=13,both,all,NEEDS_MORE_DATA,0,,,,,,,,,,,,,,,,only 0 trades < min 20,mt5
run_20260427_124725,USD/JPY,forex,H4,breakout,ny_breakout,atr_expand_min=0.5|utc_end=16|utc_start=13,both,all,NEEDS_MORE_DATA,0,,,,,,,,,,,,,,,,only 0 trades < min 20,mt5
run_20260427_124725,USD/JPY,forex,H4,mean_reversion,rsi_extreme,overbought=70|oversold=30|period=14,both,all,WEAK_CANDIDATE,20,0.700000,2.270423,0.001511,0.001511,-0.010164,1.895411,1.639857,0.020020,12.750000,0.030491,0.030491,0.014214,0.017570,0.649170,,,mt5
run_20260427_124725,USD/JPY,forex,H4,mean_reversion,rsi_extreme,overbought=75|oversold=30|period=14,both,all,NEEDS_MORE_DATA,13,,,,,,,,,,,,,,,,only 13 trades < min 20,mt5
run_20260427_124725,USD/JPY,forex,H4,mean_reversion,rsi_extreme,overbought=70|oversold=25|period=14,both,all,NEEDS_MORE_DATA,16,,,,,,,,,,,,,,,,only 16 trades < min 20,mt5
run_20260427_124725,USD/JPY,forex,H4,mean_reversion,rsi_extreme,overbought=75|oversold=25|period=14,both,all,NEEDS_MORE_DATA,9,,,,,,,,,,,,,,,,only 9 trades < min 20,mt5
run_20260427_124725,USD/JPY,forex,H4,mean_reversion,bollinger_touch,num_std=2.0|period=20,both,all,REJECT,35,0.600000,0.734827,-0.000784,-0.000784,-0.065751,-0.818933,-0.670107,0.035035,12.885714,-0.027916,-0.027916,-0.051456,0.024817,0.310000,,,mt5
run_20260427_124725,USD/JPY,forex,H4,mean_reversion,bollinger_touch,num_std=2.5|period=20,both,all,REJECT,23,0.695652,0.968479,-0.000089,-0.000089,-0.038370,-0.071438,-0.058101,0.023023,13.000000,-0.002678,-0.002678,-0.027816,0.025857,0.278000,,,mt5
run_20260427_124725,USD/JPY,forex,H4,mean_reversion,vwap_deviation,std_threshold=1.5,both,all,NEEDS_MORE_DATA,7,,,,,,,,,,,,,,,,only 7 trades < min 20,mt5
run_20260427_124725,USD/JPY,forex,H4,mean_reversion,vwap_deviation,std_threshold=2.0,both,all,NEEDS_MORE_DATA,7,,,,,,,,,,,,,,,,only 7 trades < min 20,mt5
run_20260427_124725,USD/JPY,forex,H4,engine_b_proxy,ob_bos,require_engulf=False|require_vol_expand=False|swing_period=5,both,all,REJECT,24,0.291667,0.440905,-0.003424,-0.003424,-0.079978,-2.086178,-1.805544,0.024024,36.625000,-0.079978,-0.079978,-0.036669,-0.044444,0.480392,,,mt5
run_20260427_124725,USD/JPY,forex,H4,engine_b_proxy,ob_bos,require_engulf=False|require_vol_expand=True|swing_period=5,both,all,NEEDS_MORE_DATA,16,,,,,,,,,,,,,,1.000000,,only 16 trades < min 20,mt5
run_20260427_124725,USD/JPY,forex,H4,engine_b_proxy,ob_bos,require_engulf=True|require_vol_expand=False|swing_period=5,both,all,REJECT,22,0.272727,0.443802,-0.003649,-0.003649,-0.078220,-2.042110,-1.772990,0.022022,37.000000,-0.078220,-0.078220,-0.044240,-0.035034,0.469575,,,mt5
run_20260427_124725,USD/JPY,forex,H4,engine_b_proxy,ob_bos,require_engulf=True|require_vol_expand=True|swing_period=5,both,all,NEEDS_MORE_DATA,15,,,,,,,,,,,,,,,,only 15 trades < min 20,mt5
run_20260427_124725,USD/JPY,forex,H4,engine_b_proxy,ob_bos,require_engulf=False|require_vol_expand=False|swing_period=10,both,all,NEEDS_MORE_DATA,10,,,,,,,,,,,,,,,,only 10 trades < min 20,mt5
run_20260427_124725,USD/JPY,forex,H4,engine_b_proxy,ob_bos,require_engulf=False|require_vol_expand=True|swing_period=10,both,all,NEEDS_MORE_DATA,9,,,,,,,,,,,,,,,,only 9 trades < min 20,mt5
run_20260427_124725,USD/JPY,forex,H4,engine_b_proxy,ob_bos,require_engulf=True|require_vol_expand=False|swing_period=10,both,all,NEEDS_MORE_DATA,10,,,,,,,,,,,,,,,,only 10 trades < min 20,mt5
run_20260427_124725,USD/JPY,forex,H4,engine_b_proxy,ob_bos,require_engulf=True|require_vol_expand=True|swing_period=10,both,all,NEEDS_MORE_DATA,9,,,,,,,,,,,,,,,,only 9 trades < min 20,mt5
run_20260427_124725,USD/JPY,forex,H4,engine_b_proxy,structure_filters,fvg_detection=False|strong_close_pct=0.7,both,all,REJECT,298,0.271812,0.474189,-0.000935,-0.000935,-0.244413,-5.820117,-4.863225,0.298298,3.181208,-0.244413,-0.244413,-0.217358,-0.032742,0.445191,,,mt5
run_20260427_124725,USD/JPY,forex,H4,engine_b_proxy,structure_filters,fvg_detection=True|strong_close_pct=0.7,both,all,REJECT,44,0.227273,0.606710,-0.001086,-0.001086,-0.066293,-1.597175,-1.323385,0.044044,10.818182,-0.047298,-0.047298,-0.001346,-0.046014,0.380667,,,mt5
run_20260427_124725,USD/JPY,forex,H4,engine_b_proxy,structure_filters,fvg_detection=False|strong_close_pct=0.8,both,all,REJECT,205,0.273171,0.527877,-0.000936,-0.000936,-0.176010,-3.936812,-3.267193,0.205205,4.351220,-0.176010,-0.176010,-0.146537,-0.032707,0.466960,,,mt5
run_20260427_124725,USD/JPY,forex,H4,engine_b_proxy,structure_filters,fvg_detection=True|strong_close_pct=0.8,both,all,REJECT,32,0.281250,0.824508,-0.000475,-0.000475,-0.047053,-0.559223,-0.456218,0.032032,12.500000,-0.015638,-0.015638,0.030348,-0.044631,0.308667,,,mt5
