run_id,symbol,asset_class,timeframe,family,strategy_name,params_str,direction,session,status,trade_count,win_rate,profit_factor,avg_return,expectancy,max_drawdown,sharpe,sqn,exposure_pct,avg_duration_bars,gross_return,net_return,is_return,oos_return,robustness_score,param_sensitivity,skip_reason,data_source
run_20260426_202813,SOL/USDT,crypto,M15,trend_momentum,ema_cross,adx_min=0|fast_period=10|rsi_confirm=False|slow_period=50,both,all,REJECT,37,0.135135,0.369135,-0.003959,-0.003959,-0.138035,-1.143043,-2.448155,0.037037,26.432432,-0.138035,-0.138035,-0.074537,-0.057889,0.554993,,,binance_rest
run_20260426_202813,SOL/USDT,crypto,M15,trend_momentum,ema_cross,adx_min=0|fast_period=10|rsi_confirm=True|slow_period=50,both,all,REJECT,35,0.142857,0.392453,-0.003799,-0.003799,-0.126290,-1.048533,-2.226952,0.035035,27.685714,-0.126290,-0.126290,-0.066641,-0.053130,0.549176,,,binance_rest
run_20260426_202813,SOL/USDT,crypto,M15,trend_momentum,ema_cross,adx_min=20|fast_period=10|rsi_confirm=False|slow_period=50,both,all,REJECT,35,0.142857,0.382066,-0.003960,-0.003960,-0.131222,-1.085391,-2.316592,0.035035,26.742857,-0.131222,-0.131222,-0.074537,-0.050442,0.513022,,,binance_rest
run_20260426_202813,SOL/USDT,crypto,M15,trend_momentum,ema_cross,adx_min=20|fast_period=10|rsi_confirm=True|slow_period=50,both,all,REJECT,33,0.151515,0.407067,-0.003792,-0.003792,-0.119384,-0.990019,-2.095168,0.033033,28.090909,-0.119384,-0.119384,-0.066641,-0.045646,0.503485,,,binance_rest
run_20260426_202813,SOL/USDT,crypto,M15,trend_momentum,ema_cross,adx_min=25|fast_period=10|rsi_confirm=False|slow_period=50,both,all,REJECT,29,0.137931,0.332549,-0.004435,-0.004435,-0.122201,-1.104769,-2.404316,0.029029,27.344828,-0.122201,-0.122201,-0.077525,-0.037474,0.419014,,,binance_rest
run_20260426_202813,SOL/USDT,crypto,M15,trend_momentum,ema_cross,adx_min=25|fast_period=10|rsi_confirm=True|slow_period=50,both,all,REJECT,27,0.148148,0.358285,-0.004264,-0.004264,-0.110241,-1.001443,-2.155464,0.027027,29.037037,-0.110241,-0.110241,-0.069656,-0.032613,0.402459,,,binance_rest
run_20260426_202813,SOL/USDT,crypto,M15,trend_momentum,ema_cross,adx_min=0|fast_period=10|rsi_confirm=False|slow_period=100,both,all,REJECT,25,0.200000,0.570761,-0.002426,-0.002426,-0.080792,-0.553375,-1.129437,0.025025,39.080000,-0.060256,-0.060256,-0.013114,-0.058512,0.250000,,,binance_rest
run_20260426_202813,SOL/USDT,crypto,M15,trend_momentum,ema_cross,adx_min=0|fast_period=10|rsi_confirm=True|slow_period=100,both,all,REJECT,23,0.217391,0.619714,-0.002157,-0.002157,-0.070563,-0.456706,-0.926209,0.023023,42.304348,-0.049798,-0.049798,-0.008272,-0.052866,0.238000,,,binance_rest
run_20260426_202813,SOL/USDT,crypto,M15,trend_momentum,ema_cross,adx_min=20|fast_period=10|rsi_confirm=False|slow_period=100,both,all,REJECT,25,0.200000,0.570761,-0.002426,-0.002426,-0.080792,-0.553375,-1.129437,0.025025,39.080000,-0.060256,-0.060256,-0.013114,-0.058512,0.250000,,,binance_rest
run_20260426_202813,SOL/USDT,crypto,M15,trend_momentum,ema_cross,adx_min=20|fast_period=10|rsi_confirm=True|slow_period=100,both,all,REJECT,23,0.217391,0.619714,-0.002157,-0.002157,-0.070563,-0.456706,-0.926209,0.023023,42.304348,-0.049798,-0.049798,-0.008272,-0.052866,0.238000,,,binance_rest
run_20260426_202813,SOL/USDT,crypto,M15,trend_momentum,ema_cross,adx_min=25|fast_period=10|rsi_confirm=False|slow_period=100,both,all,NEEDS_MORE_DATA,17,,,,,,,,,,,,,,,,only 17 trades < min 20,binance_rest
run_20260426_202813,SOL/USDT,crypto,M15,trend_momentum,ema_cross,adx_min=25|fast_period=10|rsi_confirm=True|slow_period=100,both,all,NEEDS_MORE_DATA,16,,,,,,,,,,,,,,,,only 16 trades < min 20,binance_rest
run_20260426_202813,SOL/USDT,crypto,M15,trend_momentum,ema_cross,adx_min=0|fast_period=10|rsi_confirm=False|slow_period=200,both,all,REJECT,23,0.086957,0.272744,-0.005020,-0.005020,-0.118601,-1.208250,-2.771998,0.023023,42.391304,-0.110075,-0.110075,-0.048209,-0.059845,0.465589,,,binance_rest
run_20260426_202813,SOL/USDT,crypto,M15,trend_momentum,ema_cross,adx_min=0|fast_period=10|rsi_confirm=True|slow_period=200,both,all,REJECT,22,0.090909,0.287634,-0.004875,-0.004875,-0.111297,-1.138619,-2.582655,0.022022,44.272727,-0.102701,-0.102701,-0.040321,-0.059845,0.386740,,,binance_rest
run_20260426_202813,SOL/USDT,crypto,M15,trend_momentum,ema_cross,adx_min=20|fast_period=10|rsi_confirm=False|slow_period=200,both,all,REJECT,23,0.086957,0.272744,-0.005020,-0.005020,-0.118601,-1.208250,-2.771998,0.023023,42.391304,-0.110075,-0.110075,-0.048209,-0.059845,0.465589,,,binance_rest
run_20260426_202813,SOL/USDT,crypto,M15,trend_momentum,ema_cross,adx_min=20|fast_period=10|rsi_confirm=True|slow_period=200,both,all,REJECT,22,0.090909,0.287634,-0.004875,-0.004875,-0.111297,-1.138619,-2.582655,0.022022,44.272727,-0.102701,-0.102701,-0.040321,-0.059845,0.386740,,,binance_rest
run_20260426_202813,SOL/USDT,crypto,M15,trend_momentum,ema_cross,adx_min=25|fast_period=10|rsi_confirm=False|slow_period=200,both,all,NEEDS_MORE_DATA,18,,,,,,,,,,,,,,,,only 18 trades < min 20,binance_rest
run_20260426_202813,SOL/USDT,crypto,M15,trend_momentum,ema_cross,adx_min=25|fast_period=10|rsi_confirm=True|slow_period=200,both,all,NEEDS_MORE_DATA,17,,,,,,,,,,,,,,,,only 17 trades < min 20,binance_rest
run_20260426_202813,SOL/USDT,crypto,M15,trend_momentum,ema_cross,adx_min=0|fast_period=20|rsi_confirm=False|slow_period=50,both,all,NEEDS_MORE_DATA,19,,,,,,,,,,,,,,,,only 19 trades < min 20,binance_rest
run_20260426_202813,SOL/USDT,crypto,M15,trend_momentum,ema_cross,adx_min=0|fast_period=20|rsi_confirm=True|slow_period=50,both,all,NEEDS_MORE_DATA,19,,,,,,,,,,,,,,,,only 19 trades < min 20,binance_rest
run_20260426_202813,SOL/USDT,crypto,M15,trend_momentum,ema_cross,adx_min=20|fast_period=20|rsi_confirm=False|slow_period=50,both,all,NEEDS_MORE_DATA,19,,,,,,,,,,,,,,,,only 19 trades < min 20,binance_rest
run_20260426_202813,SOL/USDT,crypto,M15,trend_momentum,ema_cross,adx_min=20|fast_period=20|rsi_confirm=True|slow_period=50,both,all,NEEDS_MORE_DATA,19,,,,,,,,,,,,,,,,only 19 trades < min 20,binance_rest
run_20260426_202813,SOL/USDT,crypto,M15,trend_momentum,ema_cross,adx_min=25|fast_period=20|rsi_confirm=False|slow_period=50,both,all,NEEDS_MORE_DATA,17,,,,,,,,,,,,,,,,only 17 trades < min 20,binance_rest
run_20260426_202813,SOL/USDT,crypto,M15,trend_momentum,ema_cross,adx_min=25|fast_period=20|rsi_confirm=True|slow_period=50,both,all,NEEDS_MORE_DATA,17,,,,,,,,,,,,,,,,only 17 trades < min 20,binance_rest
run_20260426_202813,SOL/USDT,crypto,M15,trend_momentum,ema_cross,adx_min=0|fast_period=20|rsi_confirm=False|slow_period=100,both,all,NEEDS_MORE_DATA,13,,,,,,,,,,,,,,,,only 13 trades < min 20,binance_rest
run_20260426_202813,SOL/USDT,crypto,M15,trend_momentum,ema_cross,adx_min=0|fast_period=20|rsi_confirm=True|slow_period=100,both,all,NEEDS_MORE_DATA,13,,,,,,,,,,,,,,,,only 13 trades < min 20,binance_rest
run_20260426_202813,SOL/USDT,crypto,M15,trend_momentum,ema_cross,adx_min=20|fast_period=20|rsi_confirm=False|slow_period=100,both,all,NEEDS_MORE_DATA,12,,,,,,,,,,,,,,,,only 12 trades < min 20,binance_rest
run_20260426_202813,SOL/USDT,crypto,M15,trend_momentum,ema_cross,adx_min=20|fast_period=20|rsi_confirm=True|slow_period=100,both,all,NEEDS_MORE_DATA,12,,,,,,,,,,,,,,,,only 12 trades < min 20,binance_rest
run_20260426_202813,SOL/USDT,crypto,M15,trend_momentum,ema_cross,adx_min=25|fast_period=20|rsi_confirm=False|slow_period=100,both,all,NEEDS_MORE_DATA,11,,,,,,,,,,,,,,,,only 11 trades < min 20,binance_rest
run_20260426_202813,SOL/USDT,crypto,M15,trend_momentum,ema_cross,adx_min=25|fast_period=20|rsi_confirm=True|slow_period=100,both,all,NEEDS_MORE_DATA,11,,,,,,,,,,,,,,,,only 11 trades < min 20,binance_rest
run_20260426_202813,SOL/USDT,crypto,M15,trend_momentum,ema_cross,adx_min=0|fast_period=20|rsi_confirm=False|slow_period=200,both,all,NEEDS_MORE_DATA,11,,,,,,,,,,,,,,,,only 11 trades < min 20,binance_rest
run_20260426_202813,SOL/USDT,crypto,M15,trend_momentum,ema_cross,adx_min=0|fast_period=20|rsi_confirm=True|slow_period=200,both,all,NEEDS_MORE_DATA,11,,,,,,,,,,,,,,,,only 11 trades < min 20,binance_rest
run_20260426_202813,SOL/USDT,crypto,M15,trend_momentum,ema_cross,adx_min=20|fast_period=20|rsi_confirm=False|slow_period=200,both,all,NEEDS_MORE_DATA,11,,,,,,,,,,,,,,,,only 11 trades < min 20,binance_rest
run_20260426_202813,SOL/USDT,crypto,M15,trend_momentum,ema_cross,adx_min=20|fast_period=20|rsi_confirm=True|slow_period=200,both,all,NEEDS_MORE_DATA,11,,,,,,,,,,,,,,,,only 11 trades < min 20,binance_rest
run_20260426_202813,SOL/USDT,crypto,M15,trend_momentum,ema_cross,adx_min=25|fast_period=20|rsi_confirm=False|slow_period=200,both,all,NEEDS_MORE_DATA,9,,,,,,,,,,,,,,,,only 9 trades < min 20,binance_rest
run_20260426_202813,SOL/USDT,crypto,M15,trend_momentum,ema_cross,adx_min=25|fast_period=20|rsi_confirm=True|slow_period=200,both,all,NEEDS_MORE_DATA,9,,,,,,,,,,,,,,,,only 9 trades < min 20,binance_rest
run_20260426_202813,SOL/USDT,crypto,M15,trend_momentum,ema_alignment,adx_min=0|ema_long=200|ema_mid=50|ema_short=20,both,all,NEEDS_MORE_DATA,15,,,,,,,,,,,,,,,,only 15 trades < min 20,binance_rest
run_20260426_202813,SOL/USDT,crypto,M15,trend_momentum,ema_alignment,adx_min=20|ema_long=200|ema_mid=50|ema_short=20,both,all,NEEDS_MORE_DATA,15,,,,,,,,,,,,,,,,only 15 trades < min 20,binance_rest
run_20260426_202813,SOL/USDT,crypto,M15,trend_momentum,ema_alignment,adx_min=25|ema_long=200|ema_mid=50|ema_short=20,both,all,NEEDS_MORE_DATA,14,,,,,,,,,,,,,,,,only 14 trades < min 20,binance_rest
run_20260426_202813,SOL/USDT,crypto,M15,trend_momentum,macd_direction,adx_min=0|fast=12|signal_period=9|slow=26,both,all,REJECT,89,0.280899,0.450907,-0.002193,-0.002193,-0.183074,-1.382482,-2.867516,0.089089,10.955056,-0.179348,-0.179348,-0.101677,-0.082799,0.644300,,,binance_rest
run_20260426_202813,SOL/USDT,crypto,M15,trend_momentum,macd_direction,adx_min=20|fast=12|signal_period=9|slow=26,both,all,REJECT,88,0.272727,0.443048,-0.002248,-0.002248,-0.185257,-1.403006,-2.915336,0.088088,10.761364,-0.181542,-0.181542,-0.104078,-0.082799,0.638665,,,binance_rest
run_20260426_202813,SOL/USDT,crypto,M15,pullback,pullback_ema,pullback_period=20|rsi_reclaim=False|rsi_threshold=50|trend_period=200,both,all,REJECT,72,0.152778,0.289147,-0.002639,-0.002639,-0.195201,-1.741019,-3.772944,0.072072,6.000000,-0.174306,-0.174306,-0.107666,-0.076220,0.612379,,,binance_rest
run_20260426_202813,SOL/USDT,crypto,M15,pullback,pullback_ema,pullback_period=20|rsi_reclaim=True|rsi_threshold=50|trend_period=200,both,all,REJECT,62,0.161290,0.331640,-0.002435,-0.002435,-0.164396,-1.438537,-3.062144,0.062062,6.532258,-0.141320,-0.141320,-0.082999,-0.065158,0.635514,,,binance_rest
run_20260426_202813,SOL/USDT,crypto,M15,pullback,pullback_ema,pullback_period=50|rsi_reclaim=False|rsi_threshold=50|trend_period=200,both,all,REJECT,51,0.117647,0.349103,-0.002492,-0.002492,-0.121176,-1.285836,-2.733745,0.051051,10.235294,-0.120448,-0.120448,-0.064175,-0.058736,0.674572,,,binance_rest
run_20260426_202813,SOL/USDT,crypto,M15,pullback,pullback_ema,pullback_period=50|rsi_reclaim=True|rsi_threshold=50|trend_period=200,both,all,REJECT,35,0.171429,0.486705,-0.002060,-0.002060,-0.081687,-0.762127,-1.568860,0.035035,13.171429,-0.070621,-0.070621,-0.027234,-0.043182,0.434328,,,binance_rest
run_20260426_202813,SOL/USDT,crypto,M15,breakout,prev_day_hl,atr_expand_min=0.0,both,all,NEEDS_MORE_DATA,4,,,,,,,,,,,,,,,,only 4 trades < min 20,binance_rest
run_20260426_202813,SOL/USDT,crypto,M15,breakout,prev_day_hl,atr_expand_min=0.5,both,all,NEEDS_MORE_DATA,4,,,,,,,,,,,,,,,,only 4 trades < min 20,binance_rest
run_20260426_202813,SOL/USDT,crypto,M15,breakout,prev_day_hl,atr_expand_min=1.0,both,all,NEEDS_MORE_DATA,4,,,,,,,,,,,,,,,,only 4 trades < min 20,binance_rest
run_20260426_202813,SOL/USDT,crypto,M15,breakout,session_opening_range,atr_expand_min=0.0|range_bars=6,both,all,REJECT,62,0.177419,0.330454,-0.003559,-0.003559,-0.200082,-1.538432,-3.308686,0.062062,15.806452,-0.200082,-0.200082,-0.150368,-0.056735,0.513192,,,binance_rest
run_20260426_202813,SOL/USDT,crypto,M15,breakout,session_opening_range,atr_expand_min=0.5|range_bars=6,both,all,REJECT,62,0.177419,0.330454,-0.003559,-0.003559,-0.200082,-1.538432,-3.308686,0.062062,15.806452,-0.200082,-0.200082,-0.150368,-0.056735,0.513192,,,binance_rest
run_20260426_202813,SOL/USDT,crypto,M15,breakout,session_opening_range,atr_expand_min=0.0|range_bars=12,both,all,REJECT,33,0.242424,0.523131,-0.003459,-0.003459,-0.133628,-0.707953,-1.453260,0.033033,29.272727,-0.110773,-0.110773,-0.049169,-0.058045,0.543847,,,binance_rest
run_20260426_202813,SOL/USDT,crypto,M15,breakout,session_opening_range,atr_expand_min=0.5|range_bars=12,both,all,REJECT,33,0.242424,0.535553,-0.003369,-0.003369,-0.131054,-0.688740,-1.411483,0.033033,28.545455,-0.108132,-0.108132,-0.049169,-0.055247,0.560921,,,binance_rest
run_20260426_202813,SOL/USDT,crypto,M15,breakout,london_breakout,atr_expand_min=0.0|utc_end=11|utc_start=7,both,all,NEEDS_MORE_DATA,9,,,,,,,,,,,,,,,,only 9 trades < min 20,binance_rest
run_20260426_202813,SOL/USDT,crypto,M15,breakout,london_breakout,atr_expand_min=0.5|utc_end=11|utc_start=7,both,all,NEEDS_MORE_DATA,9,,,,,,,,,,,,,,,,only 9 trades < min 20,binance_rest
run_20260426_202813,SOL/USDT,crypto,M15,breakout,ny_breakout,atr_expand_min=0.0|utc_end=16|utc_start=13,both,all,NEEDS_MORE_DATA,13,,,,,,,,,,,,,,,,only 13 trades < min 20,binance_rest
run_20260426_202813,SOL/USDT,crypto,M15,breakout,ny_breakout,atr_expand_min=0.5|utc_end=16|utc_start=13,both,all,NEEDS_MORE_DATA,13,,,,,,,,,,,,,,,,only 13 trades < min 20,binance_rest
run_20260426_202813,SOL/USDT,crypto,M15,mean_reversion,rsi_extreme,overbought=70|oversold=30|period=14,both,all,NEEDS_MORE_DATA,14,,,,,,,,,,,,,,,,only 14 trades < min 20,binance_rest
run_20260426_202813,SOL/USDT,crypto,M15,mean_reversion,rsi_extreme,overbought=75|oversold=30|period=14,both,all,NEEDS_MORE_DATA,11,,,,,,,,,,,,,,,,only 11 trades < min 20,binance_rest
run_20260426_202813,SOL/USDT,crypto,M15,mean_reversion,rsi_extreme,overbought=70|oversold=25|period=14,both,all,NEEDS_MORE_DATA,11,,,,,,,,,,,,,,,,only 11 trades < min 20,binance_rest
run_20260426_202813,SOL/USDT,crypto,M15,mean_reversion,rsi_extreme,overbought=75|oversold=25|period=14,both,all,NEEDS_MORE_DATA,8,,,,,,,,,,,,,,,,only 8 trades < min 20,binance_rest
run_20260426_202813,SOL/USDT,crypto,M15,mean_reversion,bollinger_touch,num_std=2.0|period=20,both,all,REJECT,38,0.631579,0.627708,-0.001187,-0.001187,-0.065519,-0.469095,-0.944962,0.038038,14.289474,-0.045244,-0.045244,-0.046989,-0.001720,0.338981,,,binance_rest
run_20260426_202813,SOL/USDT,crypto,M15,mean_reversion,vwap_deviation,std_threshold=1.5,both,all,NEEDS_MORE_DATA,9,,,,,,,,,,,,,,,,only 9 trades < min 20,binance_rest
run_20260426_202813,SOL/USDT,crypto,M15,mean_reversion,vwap_deviation,std_threshold=2.0,both,all,NEEDS_MORE_DATA,8,,,,,,,,,,,,,,,,only 8 trades < min 20,binance_rest
run_20260426_202813,BTC/USDT,crypto,M15,trend_momentum,ema_cross,adx_min=0|fast_period=10|rsi_confirm=False|slow_period=50,both,all,REJECT,33,0.151515,0.342990,-0.003987,-0.003987,-0.124739,-1.144236,-2.475593,0.033033,28.363636,-0.124739,-0.124739,-0.035912,-0.063706,0.365822,,,binance_rest
run_20260426_202813,BTC/USDT,crypto,M15,trend_momentum,ema_cross,adx_min=0|fast_period=10|rsi_confirm=True|slow_period=50,both,all,REJECT,32,0.156250,0.364692,-0.003739,-0.003739,-0.116056,-1.063093,-2.277871,0.032032,28.968750,-0.114183,-0.114183,-0.024285,-0.063706,0.292000,,,binance_rest
run_20260426_202813,BTC/USDT,crypto,M15,trend_momentum,ema_cross,adx_min=20|fast_period=10|rsi_confirm=False|slow_period=50,both,all,REJECT,33,0.151515,0.342990,-0.003987,-0.003987,-0.124739,-1.144236,-2.475593,0.033033,28.363636,-0.124739,-0.124739,-0.035912,-0.063706,0.365822,,,binance_rest
run_20260426_202813,BTC/USDT,crypto,M15,trend_momentum,ema_cross,adx_min=20|fast_period=10|rsi_confirm=True|slow_period=50,both,all,REJECT,32,0.156250,0.364692,-0.003739,-0.003739,-0.116056,-1.063093,-2.277871,0.032032,28.968750,-0.114183,-0.114183,-0.024285,-0.063706,0.292000,,,binance_rest
run_20260426_202813,BTC/USDT,crypto,M15,trend_momentum,ema_cross,adx_min=25|fast_period=10|rsi_confirm=False|slow_period=50,both,all,REJECT,29,0.103448,0.104176,-0.005882,-0.005882,-0.157699,-1.885302,-5.169708,0.029029,24.172414,-0.157699,-0.157699,-0.078516,-0.057306,0.492959,,,binance_rest
run_20260426_202813,BTC/USDT,crypto,M15,trend_momentum,ema_cross,adx_min=25|fast_period=10|rsi_confirm=True|slow_period=50,both,all,REJECT,28,0.107143,0.111131,-0.005666,-0.005666,-0.147541,-1.815633,-4.895211,0.028028,24.714286,-0.147541,-0.147541,-0.067403,-0.057306,0.523060,,,binance_rest
run_20260426_202813,BTC/USDT,crypto,M15,trend_momentum,ema_cross,adx_min=0|fast_period=10|rsi_confirm=False|slow_period=100,both,all,REJECT,29,0.172414,0.295827,-0.004573,-0.004573,-0.125398,-1.269071,-2.851478,0.029029,32.310345,-0.125398,-0.125398,-0.039449,-0.061043,0.409789,,,binance_rest
run_20260426_202813,BTC/USDT,crypto,M15,trend_momentum,ema_cross,adx_min=0|fast_period=10|rsi_confirm=True|slow_period=100,both,all,REJECT,27,0.185185,0.321767,-0.004349,-0.004349,-0.112028,-1.155995,-2.560397,0.027027,34.333333,-0.111951,-0.111951,-0.024680,-0.061043,0.262000,,,binance_rest
run_20260426_202813,BTC/USDT,crypto,M15,trend_momentum,ema_cross,adx_min=20|fast_period=10|rsi_confirm=False|slow_period=100,both,all,REJECT,29,0.172414,0.295827,-0.004573,-0.004573,-0.125398,-1.269071,-2.851478,0.029029,32.310345,-0.125398,-0.125398,-0.039449,-0.061043,0.409789,,,binance_rest
run_20260426_202813,BTC/USDT,crypto,M15,trend_momentum,ema_cross,adx_min=20|fast_period=10|rsi_confirm=True|slow_period=100,both,all,REJECT,27,0.185185,0.321767,-0.004349,-0.004349,-0.112028,-1.155995,-2.560397,0.027027,34.333333,-0.111951,-0.111951,-0.024680,-0.061043,0.262000,,,binance_rest
run_20260426_202813,BTC/USDT,crypto,M15,trend_momentum,ema_cross,adx_min=25|fast_period=10|rsi_confirm=False|slow_period=100,both,all,REJECT,28,0.142857,0.208763,-0.005316,-0.005316,-0.139367,-1.502317,-3.605122,0.028028,29.571429,-0.139367,-0.139367,-0.054791,-0.061043,0.533770,,,binance_rest
run_20260426_202813,BTC/USDT,crypto,M15,trend_momentum,ema_cross,adx_min=25|fast_period=10|rsi_confirm=True|slow_period=100,both,all,REJECT,26,0.153846,0.227089,-0.005141,-0.005141,-0.126134,-1.392164,-3.286874,0.026026,31.461538,-0.126134,-0.126134,-0.040258,-0.061043,0.401110,,,binance_rest
run_20260426_202813,BTC/USDT,crypto,M15,trend_momentum,ema_cross,adx_min=0|fast_period=10|rsi_confirm=False|slow_period=200,both,all,REJECT,25,0.160000,0.181384,-0.004722,-0.004722,-0.112039,-1.501582,-3.707137,0.025025,37.480000,-0.112039,-0.112039,-0.055941,-0.058172,0.538038,,,binance_rest
run_20260426_202813,BTC/USDT,crypto,M15,trend_momentum,ema_cross,adx_min=0|fast_period=10|rsi_confirm=True|slow_period=200,both,all,REJECT,22,0.181818,0.207246,-0.004548,-0.004548,-0.095840,-1.345257,-3.247940,0.022022,38.590909,-0.095840,-0.095840,-0.039995,-0.058172,0.395654,,,binance_rest
run_20260426_202813,BTC/USDT,crypto,M15,trend_momentum,ema_cross,adx_min=20|fast_period=10|rsi_confirm=False|slow_period=200,both,all,REJECT,24,0.125000,0.074620,-0.005552,-0.005552,-0.125338,-1.845109,-5.475403,0.024024,33.125000,-0.125338,-0.125338,-0.070081,-0.058172,0.493021,,,binance_rest
run_20260426_202813,BTC/USDT,crypto,M15,trend_momentum,ema_cross,adx_min=20|fast_period=10|rsi_confirm=True|slow_period=200,both,all,REJECT,21,0.142857,0.085277,-0.005488,-0.005488,-0.109382,-1.705142,-4.996631,0.021021,33.666667,-0.109382,-0.109382,-0.054373,-0.058172,0.505040,,,binance_rest
run_20260426_202813,BTC/USDT,crypto,M15,trend_momentum,ema_cross,adx_min=25|fast_period=10|rsi_confirm=False|slow_period=200,both,all,NEEDS_MORE_DATA,19,,,,,,,,,,,,,,,,only 19 trades < min 20,binance_rest
run_20260426_202813,BTC/USDT,crypto,M15,trend_momentum,ema_cross,adx_min=25|fast_period=10|rsi_confirm=True|slow_period=200,both,all,NEEDS_MORE_DATA,16,,,,,,,,,,,,,,,,only 16 trades < min 20,binance_rest
run_20260426_202813,BTC/USDT,crypto,M15,trend_momentum,ema_cross,adx_min=0|fast_period=20|rsi_confirm=False|slow_period=50,both,all,REJECT,25,0.200000,0.411950,-0.003799,-0.003799,-0.091931,-0.883353,-1.876638,0.025025,37.440000,-0.091931,-0.091931,-0.017311,-0.047248,0.250000,,,binance_rest
run_20260426_202813,BTC/USDT,crypto,M15,trend_momentum,ema_cross,adx_min=0|fast_period=20|rsi_confirm=True|slow_period=50,both,all,REJECT,23,0.217391,0.462899,-0.003357,-0.003357,-0.076883,-0.741770,-1.551333,0.023023,40.217391,-0.075558,-0.075558,0.000408,-0.047248,0.238000,,,binance_rest
run_20260426_202813,BTC/USDT,crypto,M15,trend_momentum,ema_cross,adx_min=20|fast_period=20|rsi_confirm=False|slow_period=50,both,all,REJECT,25,0.200000,0.411950,-0.003799,-0.003799,-0.091931,-0.883353,-1.876638,0.025025,37.440000,-0.091931,-0.091931,-0.017311,-0.047248,0.250000,,,binance_rest
run_20260426_202813,BTC/USDT,crypto,M15,trend_momentum,ema_cross,adx_min=20|fast_period=20|rsi_confirm=True|slow_period=50,both,all,REJECT,23,0.217391,0.462899,-0.003357,-0.003357,-0.076883,-0.741770,-1.551333,0.023023,40.217391,-0.075558,-0.075558,0.000408,-0.047248,0.238000,,,binance_rest
run_20260426_202813,BTC/USDT,crypto,M15,trend_momentum,ema_cross,adx_min=25|fast_period=20|rsi_confirm=False|slow_period=50,both,all,REJECT,22,0.136364,0.126282,-0.006137,-0.006137,-0.127067,-1.623156,-4.419623,0.022022,33.136364,-0.127067,-0.127067,-0.061747,-0.040736,0.429919,,,binance_rest
run_20260426_202813,BTC/USDT,crypto,M15,trend_momentum,ema_cross,adx_min=25|fast_period=20|rsi_confirm=True|slow_period=50,both,all,REJECT,20,0.150000,0.142699,-0.005862,-0.005862,-0.111326,-1.489392,-3.934389,0.020020,35.900000,-0.111326,-0.111326,-0.044829,-0.040736,0.492613,,,binance_rest
run_20260426_202813,BTC/USDT,crypto,M15,trend_momentum,ema_cross,adx_min=0|fast_period=20|rsi_confirm=False|slow_period=100,both,all,REJECT,27,0.185185,0.200294,-0.005480,-0.005480,-0.138607,-1.493529,-3.605238,0.027027,34.703704,-0.138607,-0.138607,-0.054150,-0.059647,0.531542,,,binance_rest
run_20260426_202813,BTC/USDT,crypto,M15,trend_momentum,ema_cross,adx_min=0|fast_period=20|rsi_confirm=True|slow_period=100,both,all,REJECT,25,0.200000,0.221585,-0.005207,-0.005207,-0.123074,-1.365191,-3.223922,0.025025,37.040000,-0.123074,-0.123074,-0.037094,-0.059647,0.367606,,,binance_rest
run_20260426_202813,BTC/USDT,crypto,M15,trend_momentum,ema_cross,adx_min=20|fast_period=20|rsi_confirm=False|slow_period=100,both,all,REJECT,27,0.185185,0.200294,-0.005480,-0.005480,-0.138607,-1.493529,-3.605238,0.027027,34.703704,-0.138607,-0.138607,-0.054150,-0.059647,0.531542,,,binance_rest
run_20260426_202813,BTC/USDT,crypto,M15,trend_momentum,ema_cross,adx_min=20|fast_period=20|rsi_confirm=True|slow_period=100,both,all,REJECT,25,0.200000,0.221585,-0.005207,-0.005207,-0.123074,-1.365191,-3.223922,0.025025,37.040000,-0.123074,-0.123074,-0.037094,-0.059647,0.367606,,,binance_rest
run_20260426_202813,BTC/USDT,crypto,M15,trend_momentum,ema_cross,adx_min=25|fast_period=20|rsi_confirm=False|slow_period=100,both,all,REJECT,27,0.185185,0.200294,-0.005480,-0.005480,-0.138607,-1.493529,-3.605238,0.027027,34.703704,-0.138607,-0.138607,-0.054150,-0.059647,0.531542,,,binance_rest
run_20260426_202813,BTC/USDT,crypto,M15,trend_momentum,ema_cross,adx_min=25|fast_period=20|rsi_confirm=True|slow_period=100,both,all,REJECT,25,0.200000,0.221585,-0.005207,-0.005207,-0.123074,-1.365191,-3.223922,0.025025,37.040000,-0.123074,-0.123074,-0.037094,-0.059647,0.367606,,,binance_rest
run_20260426_202813,BTC/USDT,crypto,M15,trend_momentum,ema_cross,adx_min=0|fast_period=20|rsi_confirm=False|slow_period=200,both,all,NEEDS_MORE_DATA,13,,,,,,,,,,,,,,,,only 13 trades < min 20,binance_rest
run_20260426_202813,BTC/USDT,crypto,M15,trend_momentum,ema_cross,adx_min=0|fast_period=20|rsi_confirm=True|slow_period=200,both,all,NEEDS_MORE_DATA,11,,,,,,,,,,,,,,,,only 11 trades < min 20,binance_rest
run_20260426_202813,BTC/USDT,crypto,M15,trend_momentum,ema_cross,adx_min=20|fast_period=20|rsi_confirm=False|slow_period=200,both,all,NEEDS_MORE_DATA,13,,,,,,,,,,,,,,,,only 13 trades < min 20,binance_rest
run_20260426_202813,BTC/USDT,crypto,M15,trend_momentum,ema_cross,adx_min=20|fast_period=20|rsi_confirm=True|slow_period=200,both,all,NEEDS_MORE_DATA,11,,,,,,,,,,,,,,,,only 11 trades < min 20,binance_rest
run_20260426_202813,BTC/USDT,crypto,M15,trend_momentum,ema_cross,adx_min=25|fast_period=20|rsi_confirm=False|slow_period=200,both,all,NEEDS_MORE_DATA,9,,,,,,,,,,,,,,,,only 9 trades < min 20,binance_rest
run_20260426_202813,BTC/USDT,crypto,M15,trend_momentum,ema_cross,adx_min=25|fast_period=20|rsi_confirm=True|slow_period=200,both,all,NEEDS_MORE_DATA,7,,,,,,,,,,,,,,,,only 7 trades < min 20,binance_rest
run_20260426_202813,BTC/USDT,crypto,M15,trend_momentum,ema_alignment,adx_min=0|ema_long=200|ema_mid=50|ema_short=20,both,all,NEEDS_MORE_DATA,17,,,,,,,,,,,,,,,,only 17 trades < min 20,binance_rest
run_20260426_202813,BTC/USDT,crypto,M15,trend_momentum,ema_alignment,adx_min=20|ema_long=200|ema_mid=50|ema_short=20,both,all,NEEDS_MORE_DATA,17,,,,,,,,,,,,,,,,only 17 trades < min 20,binance_rest
run_20260426_202813,BTC/USDT,crypto,M15,trend_momentum,ema_alignment,adx_min=25|ema_long=200|ema_mid=50|ema_short=20,both,all,NEEDS_MORE_DATA,17,,,,,,,,,,,,,,,,only 17 trades < min 20,binance_rest
run_20260426_202813,BTC/USDT,crypto,M15,trend_momentum,macd_direction,adx_min=0|fast=12|signal_period=9|slow=26,both,all,REJECT,77,0.311688,0.484147,-0.001804,-0.001804,-0.131343,-1.132980,-2.329174,0.077077,12.844156,-0.131343,-0.131343,-0.064999,-0.064082,0.695768,,,binance_rest
run_20260426_202813,BTC/USDT,crypto,M15,trend_momentum,macd_direction,adx_min=20|fast=12|signal_period=9|slow=26,both,all,REJECT,75,0.320000,0.498496,-0.001749,-0.001749,-0.124564,-1.075836,-2.206520,0.075075,12.880000,-0.124564,-0.124564,-0.064999,-0.056778,0.662057,,,binance_rest
run_20260426_202813,BTC/USDT,crypto,M15,pullback,pullback_ema,pullback_period=20|rsi_reclaim=False|rsi_threshold=50|trend_period=200,both,all,REJECT,79,0.088608,0.172670,-0.002996,-0.002996,-0.211772,-2.401492,-5.586819,0.079079,5.860759,-0.211772,-0.211772,-0.152936,-0.069459,0.536250,,,binance_rest
run_20260426_202813,BTC/USDT,crypto,M15,pullback,pullback_ema,pullback_period=20|rsi_reclaim=True|rsi_threshold=50|trend_period=200,both,all,REJECT,68,0.088235,0.199218,-0.002838,-0.002838,-0.176398,-2.118948,-4.855254,0.068068,6.058824,-0.176398,-0.176398,-0.116754,-0.067527,0.573511,,,binance_rest
run_20260426_202813,BTC/USDT,crypto,M15,pullback,pullback_ema,pullback_period=50|rsi_reclaim=False|rsi_threshold=50|trend_period=200,both,all,REJECT,51,0.098039,0.442290,-0.001841,-0.001841,-0.092669,-0.879474,-1.804232,0.051051,11.176471,-0.090910,-0.090910,-0.011974,-0.079893,0.400000,,,binance_rest
run_20260426_202813,BTC/USDT,crypto,M15,pullback,pullback_ema,pullback_period=50|rsi_reclaim=True|rsi_threshold=50|trend_period=200,both,all,REJECT,33,0.121212,0.707692,-0.000897,-0.000897,-0.065249,-0.296310,-0.593301,0.033033,14.242424,-0.030374,-0.030374,0.030263,-0.058856,0.298000,,,binance_rest
run_20260426_202813,BTC/USDT,crypto,M15,breakout,prev_day_hl,atr_expand_min=0.0,both,all,NEEDS_MORE_DATA,4,,,,,,,,,,,,,,,,only 4 trades < min 20,binance_rest
run_20260426_202813,BTC/USDT,crypto,M15,breakout,prev_day_hl,atr_expand_min=0.5,both,all,NEEDS_MORE_DATA,4,,,,,,,,,,,,,,,,only 4 trades < min 20,binance_rest
run_20260426_202813,BTC/USDT,crypto,M15,breakout,prev_day_hl,atr_expand_min=1.0,both,all,NEEDS_MORE_DATA,4,,,,,,,,,,,,,,,,only 4 trades < min 20,binance_rest
run_20260426_202813,BTC/USDT,crypto,M15,breakout,session_opening_range,atr_expand_min=0.0|range_bars=6,both,all,REJECT,56,0.250000,0.486181,-0.002104,-0.002104,-0.112724,-0.985792,-2.030859,0.056056,17.482143,-0.112724,-0.112724,-0.052344,-0.059846,0.657008,,,binance_rest
run_20260426_202813,BTC/USDT,crypto,M15,breakout,session_opening_range,atr_expand_min=0.5|range_bars=6,both,all,REJECT,56,0.250000,0.486181,-0.002104,-0.002104,-0.112724,-0.985792,-2.030859,0.056056,17.482143,-0.112724,-0.112724,-0.052344,-0.059846,0.657008,,,binance_rest
run_20260426_202813,BTC/USDT,crypto,M15,breakout,session_opening_range,atr_expand_min=0.0|range_bars=12,both,all,REJECT,29,0.241379,0.630561,-0.001967,-0.001967,-0.085083,-0.466372,-0.942758,0.029029,33.724138,-0.057226,-0.057226,0.015152,-0.041674,0.274000,,,binance_rest
run_20260426_202813,BTC/USDT,crypto,M15,breakout,session_opening_range,atr_expand_min=0.5|range_bars=12,both,all,REJECT,29,0.241379,0.630561,-0.001967,-0.001967,-0.085083,-0.466372,-0.942758,0.029029,33.724138,-0.057226,-0.057226,0.015152,-0.041674,0.274000,,,binance_rest
run_20260426_202813,BTC/USDT,crypto,M15,breakout,london_breakout,atr_expand_min=0.0|utc_end=11|utc_start=7,both,all,NEEDS_MORE_DATA,9,,,,,,,,,,,,,,,,only 9 trades < min 20,binance_rest
run_20260426_202813,BTC/USDT,crypto,M15,breakout,london_breakout,atr_expand_min=0.5|utc_end=11|utc_start=7,both,all,NEEDS_MORE_DATA,9,,,,,,,,,,,,,,,,only 9 trades < min 20,binance_rest
run_20260426_202813,BTC/USDT,crypto,M15,breakout,ny_breakout,atr_expand_min=0.0|utc_end=16|utc_start=13,both,all,NEEDS_MORE_DATA,10,,,,,,,,,,,,,,,,only 10 trades < min 20,binance_rest
run_20260426_202813,BTC/USDT,crypto,M15,breakout,ny_breakout,atr_expand_min=0.5|utc_end=16|utc_start=13,both,all,NEEDS_MORE_DATA,10,,,,,,,,,,,,,,,,only 10 trades < min 20,binance_rest
run_20260426_202813,BTC/USDT,crypto,M15,mean_reversion,rsi_extreme,overbought=70|oversold=30|period=14,both,all,NEEDS_MORE_DATA,15,,,,,,,,,,,,,,,,only 15 trades < min 20,binance_rest
run_20260426_202813,BTC/USDT,crypto,M15,mean_reversion,rsi_extreme,overbought=75|oversold=30|period=14,both,all,NEEDS_MORE_DATA,11,,,,,,,,,,,,,,,,only 11 trades < min 20,binance_rest
run_20260426_202813,BTC/USDT,crypto,M15,mean_reversion,rsi_extreme,overbought=70|oversold=25|period=14,both,all,NEEDS_MORE_DATA,11,,,,,,,,,,,,,,,,only 11 trades < min 20,binance_rest
run_20260426_202813,BTC/USDT,crypto,M15,mean_reversion,rsi_extreme,overbought=75|oversold=25|period=14,both,all,NEEDS_MORE_DATA,7,,,,,,,,,,,,,,,,only 7 trades < min 20,binance_rest
run_20260426_202813,BTC/USDT,crypto,M15,mean_reversion,bollinger_touch,num_std=2.0|period=20,both,all,REJECT,38,0.500000,0.598143,-0.001122,-0.001122,-0.055568,-0.528433,-1.067746,0.038038,14.078947,-0.042546,-0.042546,-0.052920,0.002491,0.328000,,,binance_rest
run_20260426_202813,BTC/USDT,crypto,M15,mean_reversion,vwap_deviation,std_threshold=1.5,both,all,NEEDS_MORE_DATA,10,,,,,,,,,,,,,,,,only 10 trades < min 20,binance_rest
run_20260426_202813,BTC/USDT,crypto,M15,mean_reversion,vwap_deviation,std_threshold=2.0,both,all,NEEDS_MORE_DATA,6,,,,,,,,,,,,,,,,only 6 trades < min 20,binance_rest
run_20260426_202813,ETH/USDT,crypto,M15,trend_momentum,ema_cross,adx_min=0|fast_period=10|rsi_confirm=False|slow_period=50,both,all,REJECT,31,0.161290,0.533544,-0.002615,-0.002615,-0.081899,-0.675324,-1.385023,0.031031,30.225806,-0.079533,-0.079533,-0.023751,-0.071523,0.286000,,,binance_rest
run_20260426_202813,ETH/USDT,crypto,M15,trend_momentum,ema_cross,adx_min=0|fast_period=10|rsi_confirm=True|slow_period=50,both,all,REJECT,30,0.166667,0.582973,-0.002211,-0.002211,-0.081899,-0.569802,-1.159481,0.030030,30.933333,-0.065766,-0.065766,-0.009150,-0.071523,0.280000,,,binance_rest
run_20260426_202813,ETH/USDT,crypto,M15,trend_momentum,ema_cross,adx_min=20|fast_period=10|rsi_confirm=False|slow_period=50,both,all,REJECT,23,0.173913,0.480863,-0.003244,-0.003244,-0.075633,-0.691464,-1.436534,0.023023,34.521739,-0.073250,-0.073250,-0.030099,-0.059249,0.247464,,,binance_rest
run_20260426_202813,ETH/USDT,crypto,M15,trend_momentum,ema_cross,adx_min=20|fast_period=10|rsi_confirm=True|slow_period=50,both,all,REJECT,22,0.181818,0.535799,-0.002722,-0.002722,-0.075633,-0.576581,-1.183813,0.022022,35.681818,-0.059390,-0.059390,-0.015593,-0.059249,0.232000,,,binance_rest
run_20260426_202813,ETH/USDT,crypto,M15,trend_momentum,ema_cross,adx_min=25|fast_period=10|rsi_confirm=False|slow_period=50,both,all,NEEDS_MORE_DATA,18,,,,,,,,,,,,,,,,only 18 trades < min 20,binance_rest
run_20260426_202813,ETH/USDT,crypto,M15,trend_momentum,ema_cross,adx_min=25|fast_period=10|rsi_confirm=True|slow_period=50,both,all,NEEDS_MORE_DATA,17,,,,,,,,,,,,,,,,only 17 trades < min 20,binance_rest
run_20260426_202813,ETH/USDT,crypto,M15,trend_momentum,ema_cross,adx_min=0|fast_period=10|rsi_confirm=False|slow_period=100,both,all,REJECT,21,0.190476,0.676345,-0.001758,-0.001758,-0.043232,-0.367337,-0.741060,0.021021,44.619048,-0.037453,-0.037453,-0.011383,-0.042646,0.226000,,,binance_rest
run_20260426_202813,ETH/USDT,crypto,M15,trend_momentum,ema_cross,adx_min=0|fast_period=10|rsi_confirm=True|slow_period=100,both,all,REJECT,20,0.200000,0.776706,-0.001109,-0.001109,-0.042838,-0.230722,-0.462007,0.020020,46.400000,-0.023058,-0.023058,0.003402,-0.042646,0.220000,,,binance_rest
run_20260426_202813,ETH/USDT,crypto,M15,trend_momentum,ema_cross,adx_min=20|fast_period=10|rsi_confirm=False|slow_period=100,both,all,NEEDS_MORE_DATA,18,,,,,,,,,,,,,,,,only 18 trades < min 20,binance_rest
run_20260426_202813,ETH/USDT,crypto,M15,trend_momentum,ema_cross,adx_min=20|fast_period=10|rsi_confirm=True|slow_period=100,both,all,NEEDS_MORE_DATA,17,,,,,,,,,,,,,,,,only 17 trades < min 20,binance_rest
run_20260426_202813,ETH/USDT,crypto,M15,trend_momentum,ema_cross,adx_min=25|fast_period=10|rsi_confirm=False|slow_period=100,both,all,NEEDS_MORE_DATA,17,,,,,,,,,,,,,,,,only 17 trades < min 20,binance_rest
run_20260426_202813,ETH/USDT,crypto,M15,trend_momentum,ema_cross,adx_min=25|fast_period=10|rsi_confirm=True|slow_period=100,both,all,NEEDS_MORE_DATA,16,,,,,,,,,,,,,,,,only 16 trades < min 20,binance_rest
run_20260426_202813,ETH/USDT,crypto,M15,trend_momentum,ema_cross,adx_min=0|fast_period=10|rsi_confirm=False|slow_period=200,both,all,NEEDS_MORE_DATA,17,,,,,,,,,,,,,,,,only 17 trades < min 20,binance_rest
run_20260426_202813,ETH/USDT,crypto,M15,trend_momentum,ema_cross,adx_min=0|fast_period=10|rsi_confirm=True|slow_period=200,both,all,NEEDS_MORE_DATA,15,,,,,,,,,,,,,,,,only 15 trades < min 20,binance_rest
run_20260426_202813,ETH/USDT,crypto,M15,trend_momentum,ema_cross,adx_min=20|fast_period=10|rsi_confirm=False|slow_period=200,both,all,NEEDS_MORE_DATA,16,,,,,,,,,,,,,,,,only 16 trades < min 20,binance_rest
run_20260426_202813,ETH/USDT,crypto,M15,trend_momentum,ema_cross,adx_min=20|fast_period=10|rsi_confirm=True|slow_period=200,both,all,NEEDS_MORE_DATA,14,,,,,,,,,,,,,,,,only 14 trades < min 20,binance_rest
run_20260426_202813,ETH/USDT,crypto,M15,trend_momentum,ema_cross,adx_min=25|fast_period=10|rsi_confirm=False|slow_period=200,both,all,NEEDS_MORE_DATA,15,,,,,,,,,,,,,,,,only 15 trades < min 20,binance_rest
run_20260426_202813,ETH/USDT,crypto,M15,trend_momentum,ema_cross,adx_min=25|fast_period=10|rsi_confirm=True|slow_period=200,both,all,NEEDS_MORE_DATA,13,,,,,,,,,,,,,,,,only 13 trades < min 20,binance_rest
run_20260426_202813,ETH/USDT,crypto,M15,trend_momentum,ema_cross,adx_min=0|fast_period=20|rsi_confirm=False|slow_period=50,both,all,REJECT,31,0.193548,0.542441,-0.002502,-0.002502,-0.079741,-0.671853,-1.377481,0.031031,30.225806,-0.076166,-0.076166,-0.006303,-0.079557,0.286000,,,binance_rest
run_20260426_202813,ETH/USDT,crypto,M15,trend_momentum,ema_cross,adx_min=0|fast_period=20|rsi_confirm=True|slow_period=50,both,all,REJECT,30,0.200000,0.594093,-0.002094,-0.002094,-0.079741,-0.562660,-1.144328,0.030030,30.933333,-0.062349,-0.062349,0.008559,-0.079557,0.280000,,,binance_rest
run_20260426_202813,ETH/USDT,crypto,M15,trend_momentum,ema_cross,adx_min=20|fast_period=20|rsi_confirm=False|slow_period=50,both,all,REJECT,26,0.192308,0.495240,-0.002928,-0.002928,-0.075753,-0.701482,-1.451481,0.026026,31.038462,-0.074681,-0.074681,-0.023330,-0.062188,0.256000,,,binance_rest
run_20260426_202813,ETH/USDT,crypto,M15,trend_momentum,ema_cross,adx_min=20|fast_period=20|rsi_confirm=True|slow_period=50,both,all,REJECT,25,0.200000,0.548859,-0.002456,-0.002456,-0.075753,-0.587582,-1.203074,0.025025,31.920000,-0.060841,-0.060841,-0.008722,-0.062188,0.250000,,,binance_rest
run_20260426_202813,ETH/USDT,crypto,M15,trend_momentum,ema_cross,adx_min=25|fast_period=20|rsi_confirm=False|slow_period=50,both,all,NEEDS_MORE_DATA,19,,,,,,,,,,,,,,,,only 19 trades < min 20,binance_rest
run_20260426_202813,ETH/USDT,crypto,M15,trend_momentum,ema_cross,adx_min=25|fast_period=20|rsi_confirm=True|slow_period=50,both,all,NEEDS_MORE_DATA,18,,,,,,,,,,,,,,,,only 18 trades < min 20,binance_rest
run_20260426_202813,ETH/USDT,crypto,M15,trend_momentum,ema_cross,adx_min=0|fast_period=20|rsi_confirm=False|slow_period=100,both,all,NEEDS_MORE_DATA,19,,,,,,,,,,,,,,,,only 19 trades < min 20,binance_rest
run_20260426_202813,ETH/USDT,crypto,M15,trend_momentum,ema_cross,adx_min=0|fast_period=20|rsi_confirm=True|slow_period=100,both,all,NEEDS_MORE_DATA,18,,,,,,,,,,,,,,,,only 18 trades < min 20,binance_rest
run_20260426_202813,ETH/USDT,crypto,M15,trend_momentum,ema_cross,adx_min=20|fast_period=20|rsi_confirm=False|slow_period=100,both,all,NEEDS_MORE_DATA,18,,,,,,,,,,,,,,,,only 18 trades < min 20,binance_rest
run_20260426_202813,ETH/USDT,crypto,M15,trend_momentum,ema_cross,adx_min=20|fast_period=20|rsi_confirm=True|slow_period=100,both,all,NEEDS_MORE_DATA,17,,,,,,,,,,,,,,,,only 17 trades < min 20,binance_rest
run_20260426_202813,ETH/USDT,crypto,M15,trend_momentum,ema_cross,adx_min=25|fast_period=20|rsi_confirm=False|slow_period=100,both,all,NEEDS_MORE_DATA,17,,,,,,,,,,,,,,,,only 17 trades < min 20,binance_rest
run_20260426_202813,ETH/USDT,crypto,M15,trend_momentum,ema_cross,adx_min=25|fast_period=20|rsi_confirm=True|slow_period=100,both,all,NEEDS_MORE_DATA,16,,,,,,,,,,,,,,,,only 16 trades < min 20,binance_rest
run_20260426_202813,ETH/USDT,crypto,M15,trend_momentum,ema_cross,adx_min=0|fast_period=20|rsi_confirm=False|slow_period=200,both,all,NEEDS_MORE_DATA,13,,,,,,,,,,,,,,,,only 13 trades < min 20,binance_rest
run_20260426_202813,ETH/USDT,crypto,M15,trend_momentum,ema_cross,adx_min=0|fast_period=20|rsi_confirm=True|slow_period=200,both,all,NEEDS_MORE_DATA,12,,,,,,,,,,,,,,,,only 12 trades < min 20,binance_rest
run_20260426_202813,ETH/USDT,crypto,M15,trend_momentum,ema_cross,adx_min=20|fast_period=20|rsi_confirm=False|slow_period=200,both,all,NEEDS_MORE_DATA,13,,,,,,,,,,,,,,,,only 13 trades < min 20,binance_rest
run_20260426_202813,ETH/USDT,crypto,M15,trend_momentum,ema_cross,adx_min=20|fast_period=20|rsi_confirm=True|slow_period=200,both,all,NEEDS_MORE_DATA,12,,,,,,,,,,,,,,,,only 12 trades < min 20,binance_rest
run_20260426_202813,ETH/USDT,crypto,M15,trend_momentum,ema_cross,adx_min=25|fast_period=20|rsi_confirm=False|slow_period=200,both,all,NEEDS_MORE_DATA,12,,,,,,,,,,,,,,,,only 12 trades < min 20,binance_rest
run_20260426_202813,ETH/USDT,crypto,M15,trend_momentum,ema_cross,adx_min=25|fast_period=20|rsi_confirm=True|slow_period=200,both,all,NEEDS_MORE_DATA,11,,,,,,,,,,,,,,,,only 11 trades < min 20,binance_rest
run_20260426_202813,ETH/USDT,crypto,M15,trend_momentum,ema_alignment,adx_min=0|ema_long=200|ema_mid=50|ema_short=20,both,all,REJECT,21,0.190476,0.408153,-0.004112,-0.004112,-0.084030,-0.818772,-1.742670,0.021021,32.333333,-0.084030,-0.084030,-0.041395,-0.049215,0.469324,,,binance_rest
run_20260426_202813,ETH/USDT,crypto,M15,trend_momentum,ema_alignment,adx_min=20|ema_long=200|ema_mid=50|ema_short=20,both,all,REJECT,21,0.190476,0.408226,-0.004111,-0.004111,-0.084006,-0.818554,-1.742140,0.021021,32.285714,-0.084006,-0.084006,-0.041395,-0.049190,0.469504,,,binance_rest
run_20260426_202813,ETH/USDT,crypto,M15,trend_momentum,ema_alignment,adx_min=25|ema_long=200|ema_mid=50|ema_short=20,both,all,NEEDS_MORE_DATA,18,,,,,,,,,,,,,,,,only 18 trades < min 20,binance_rest
run_20260426_202813,ETH/USDT,crypto,M15,trend_momentum,macd_direction,adx_min=0|fast=12|signal_period=9|slow=26,both,all,REJECT,75,0.253333,0.476697,-0.002252,-0.002252,-0.157649,-1.156763,-2.383697,0.075075,13.186667,-0.157649,-0.157649,-0.096917,-0.064498,0.599648,,,binance_rest
run_20260426_202813,ETH/USDT,crypto,M15,trend_momentum,macd_direction,adx_min=20|fast=12|signal_period=9|slow=26,both,all,REJECT,69,0.260870,0.436102,-0.002525,-0.002525,-0.161977,-1.242500,-2.584221,0.069069,13.173913,-0.161977,-0.161977,-0.108801,-0.056894,0.556875,,,binance_rest
run_20260426_202813,ETH/USDT,crypto,M15,pullback,pullback_ema,pullback_period=20|rsi_reclaim=False|rsi_threshold=50|trend_period=200,both,all,REJECT,79,0.113924,0.334168,-0.002460,-0.002460,-0.178272,-1.553428,-3.283173,0.079079,6.025316,-0.178272,-0.178272,-0.117793,-0.069264,0.576404,,,binance_rest
run_20260426_202813,ETH/USDT,crypto,M15,pullback,pullback_ema,pullback_period=20|rsi_reclaim=True|rsi_threshold=50|trend_period=200,both,all,REJECT,76,0.118421,0.342722,-0.002462,-0.002462,-0.172254,-1.498545,-3.161320,0.076076,6.131579,-0.172254,-0.172254,-0.116687,-0.063621,0.563570,,,binance_rest
run_20260426_202813,ETH/USDT,crypto,M15,pullback,pullback_ema,pullback_period=50|rsi_reclaim=False|rsi_threshold=50|trend_period=200,both,all,REJECT,57,0.070175,0.271986,-0.003344,-0.003344,-0.175040,-1.581263,-3.445384,0.057057,9.350877,-0.175040,-0.175040,-0.121950,-0.060463,0.548741,,,binance_rest
run_20260426_202813,ETH/USDT,crypto,M15,pullback,pullback_ema,pullback_period=50|rsi_reclaim=True|rsi_threshold=50|trend_period=200,both,all,REJECT,48,0.083333,0.324036,-0.003094,-0.003094,-0.139995,-1.283456,-2.740508,0.048048,10.083333,-0.139480,-0.139480,-0.093472,-0.050753,0.550892,,,binance_rest
run_20260426_202813,ETH/USDT,crypto,M15,breakout,prev_day_hl,atr_expand_min=0.0,both,all,NEEDS_MORE_DATA,4,,,,,,,,,,,,,,,,only 4 trades < min 20,binance_rest
run_20260426_202813,ETH/USDT,crypto,M15,breakout,prev_day_hl,atr_expand_min=0.5,both,all,NEEDS_MORE_DATA,4,,,,,,,,,,,,,,,,only 4 trades < min 20,binance_rest
run_20260426_202813,ETH/USDT,crypto,M15,breakout,prev_day_hl,atr_expand_min=1.0,both,all,NEEDS_MORE_DATA,4,,,,,,,,,,,,,,,,only 4 trades < min 20,binance_rest
run_20260426_202813,ETH/USDT,crypto,M15,breakout,session_opening_range,atr_expand_min=0.0|range_bars=6,both,all,REJECT,64,0.234375,0.420702,-0.002815,-0.002815,-0.166974,-1.280556,-2.681718,0.064064,15.281250,-0.166974,-0.166974,-0.106318,-0.068209,0.592466,,,binance_rest
run_20260426_202813,ETH/USDT,crypto,M15,breakout,session_opening_range,atr_expand_min=0.5|range_bars=6,both,all,REJECT,64,0.234375,0.420702,-0.002815,-0.002815,-0.166974,-1.280556,-2.681718,0.064064,15.281250,-0.166974,-0.166974,-0.106318,-0.068209,0.592466,,,binance_rest
run_20260426_202813,ETH/USDT,crypto,M15,breakout,session_opening_range,atr_expand_min=0.0|range_bars=12,both,all,REJECT,35,0.171429,0.435043,-0.004208,-0.004208,-0.139477,-0.965152,-2.028789,0.035035,27.485714,-0.139477,-0.139477,-0.082792,-0.082602,0.609311,,,binance_rest
run_20260426_202813,ETH/USDT,crypto,M15,breakout,session_opening_range,atr_expand_min=0.5|range_bars=12,both,all,REJECT,35,0.171429,0.435043,-0.004208,-0.004208,-0.139477,-0.965152,-2.028789,0.035035,27.485714,-0.139477,-0.139477,-0.082792,-0.082602,0.609311,,,binance_rest
run_20260426_202813,ETH/USDT,crypto,M15,breakout,london_breakout,atr_expand_min=0.0|utc_end=11|utc_start=7,both,all,NEEDS_MORE_DATA,7,,,,,,,,,,,,,,,,only 7 trades < min 20,binance_rest
run_20260426_202813,ETH/USDT,crypto,M15,breakout,london_breakout,atr_expand_min=0.5|utc_end=11|utc_start=7,both,all,NEEDS_MORE_DATA,7,,,,,,,,,,,,,,,,only 7 trades < min 20,binance_rest
run_20260426_202813,ETH/USDT,crypto,M15,breakout,ny_breakout,atr_expand_min=0.0|utc_end=16|utc_start=13,both,all,NEEDS_MORE_DATA,13,,,,,,,,,,,,,,,,only 13 trades < min 20,binance_rest
run_20260426_202813,ETH/USDT,crypto,M15,breakout,ny_breakout,atr_expand_min=0.5|utc_end=16|utc_start=13,both,all,NEEDS_MORE_DATA,13,,,,,,,,,,,,,,,,only 13 trades < min 20,binance_rest
run_20260426_202813,ETH/USDT,crypto,M15,mean_reversion,rsi_extreme,overbought=70|oversold=30|period=14,both,all,NEEDS_MORE_DATA,12,,,,,,,,,,,,,,,,only 12 trades < min 20,binance_rest
run_20260426_202813,ETH/USDT,crypto,M15,mean_reversion,rsi_extreme,overbought=75|oversold=30|period=14,both,all,NEEDS_MORE_DATA,10,,,,,,,,,,,,,,,,only 10 trades < min 20,binance_rest
run_20260426_202813,ETH/USDT,crypto,M15,mean_reversion,rsi_extreme,overbought=70|oversold=25|period=14,both,all,NEEDS_MORE_DATA,12,,,,,,,,,,,,,,,,only 12 trades < min 20,binance_rest
run_20260426_202813,ETH/USDT,crypto,M15,mean_reversion,rsi_extreme,overbought=75|oversold=25|period=14,both,all,NEEDS_MORE_DATA,10,,,,,,,,,,,,,,,,only 10 trades < min 20,binance_rest
run_20260426_202813,ETH/USDT,crypto,M15,mean_reversion,bollinger_touch,num_std=2.0|period=20,both,all,REJECT,38,0.631579,0.631985,-0.001321,-0.001321,-0.071794,-0.451543,-0.908852,0.038038,13.842105,-0.050439,-0.050439,-0.056543,0.003066,0.328000,,,binance_rest
run_20260426_202813,ETH/USDT,crypto,M15,mean_reversion,bollinger_touch,num_std=2.5|period=20,both,all,REJECT,23,0.608696,0.583134,-0.001470,-0.001470,-0.042710,-0.443057,-0.897566,0.023023,16.304348,-0.033952,-0.033952,-0.039717,0.002602,0.238000,,,binance_rest
run_20260426_202813,ETH/USDT,crypto,M15,mean_reversion,vwap_deviation,std_threshold=1.5,both,all,NEEDS_MORE_DATA,6,,,,,,,,,,,,,,,,only 6 trades < min 20,binance_rest
run_20260426_202813,ETH/USDT,crypto,M15,mean_reversion,vwap_deviation,std_threshold=2.0,both,all,NEEDS_MORE_DATA,5,,,,,,,,,,,,,,,,only 5 trades < min 20,binance_rest
run_20260426_202813,BNB/USDT,crypto,M15,trend_momentum,ema_cross,adx_min=0|fast_period=10|rsi_confirm=False|slow_period=50,both,all,REJECT,31,0.225806,0.374849,-0.002984,-0.002984,-0.091234,-1.120783,-2.429972,0.031031,30.258065,-0.089148,-0.089148,-0.025898,-0.058019,0.286000,,,binance_rest
run_20260426_202813,BNB/USDT,crypto,M15,trend_momentum,ema_cross,adx_min=0|fast_period=10|rsi_confirm=True|slow_period=50,both,all,REJECT,30,0.233333,0.394416,-0.002839,-0.002839,-0.084512,-1.048804,-2.254400,0.030030,31.033333,-0.082411,-0.082411,-0.018692,-0.058019,0.280000,,,binance_rest
run_20260426_202813,BNB/USDT,crypto,M15,trend_momentum,ema_cross,adx_min=20|fast_period=10|rsi_confirm=False|slow_period=50,both,all,REJECT,30,0.233333,0.387456,-0.002923,-0.002923,-0.086837,-1.069235,-2.305782,0.030030,30.700000,-0.084741,-0.084741,-0.025898,-0.053462,0.280000,,,binance_rest
run_20260426_202813,BNB/USDT,crypto,M15,trend_momentum,ema_cross,adx_min=20|fast_period=10|rsi_confirm=True|slow_period=50,both,all,REJECT,29,0.241379,0.408397,-0.002771,-0.002771,-0.080083,-0.996064,-2.129523,0.029029,31.517241,-0.077971,-0.077971,-0.018692,-0.053462,0.274000,,,binance_rest
run_20260426_202813,BNB/USDT,crypto,M15,trend_momentum,ema_cross,adx_min=25|fast_period=10|rsi_confirm=False|slow_period=50,both,all,REJECT,21,0.285714,0.504991,-0.002492,-0.002492,-0.051691,-0.678225,-1.412491,0.021021,35.619048,-0.051691,-0.051691,-0.014710,-0.030418,0.226000,,,binance_rest
run_20260426_202813,BNB/USDT,crypto,M15,trend_momentum,ema_cross,adx_min=25|fast_period=10|rsi_confirm=True|slow_period=50,both,all,REJECT,20,0.300000,0.542681,-0.002249,-0.002249,-0.044676,-0.594199,-1.226523,0.020020,37.050000,-0.044676,-0.044676,-0.007422,-0.030418,0.220000,,,binance_rest
run_20260426_202813,BNB/USDT,crypto,M15,trend_momentum,ema_cross,adx_min=0|fast_period=10|rsi_confirm=False|slow_period=100,both,all,REJECT,21,0.238095,0.385121,-0.002915,-0.002915,-0.062519,-0.894132,-1.929548,0.021021,46.380952,-0.059945,-0.059945,0.001474,-0.040372,0.226000,,,binance_rest
run_20260426_202813,BNB/USDT,crypto,M15,trend_momentum,ema_cross,adx_min=0|fast_period=10|rsi_confirm=True|slow_period=100,both,all,REJECT,20,0.250000,0.420144,-0.002646,-0.002646,-0.062519,-0.796897,-1.695590,0.020020,48.400000,-0.052076,-0.052076,0.009856,-0.040372,0.220000,,,binance_rest
run_20260426_202813,BNB/USDT,crypto,M15,trend_momentum,ema_cross,adx_min=20|fast_period=10|rsi_confirm=False|slow_period=100,both,all,REJECT,20,0.250000,0.403081,-0.002839,-0.002839,-0.058341,-0.835997,-1.791517,0.020020,47.900000,-0.055756,-0.055756,0.001474,-0.036096,0.220000,,,binance_rest
run_20260426_202813,BNB/USDT,crypto,M15,trend_momentum,ema_cross,adx_min=20|fast_period=10|rsi_confirm=True|slow_period=100,both,all,NEEDS_MORE_DATA,19,,,,,,,,,,,,,,,,only 19 trades < min 20,binance_rest
run_20260426_202813,BNB/USDT,crypto,M15,trend_momentum,ema_cross,adx_min=25|fast_period=10|rsi_confirm=False|slow_period=100,both,all,NEEDS_MORE_DATA,14,,,,,,,,,,,,,,,,only 14 trades < min 20,binance_rest
run_20260426_202813,BNB/USDT,crypto,M15,trend_momentum,ema_cross,adx_min=25|fast_period=10|rsi_confirm=True|slow_period=100,both,all,NEEDS_MORE_DATA,13,,,,,,,,,,,,,,,,only 13 trades < min 20,binance_rest
run_20260426_202813,BNB/USDT,crypto,M15,trend_momentum,ema_cross,adx_min=0|fast_period=10|rsi_confirm=False|slow_period=200,both,all,NEEDS_MORE_DATA,19,,,,,,,,,,,,,,,,only 19 trades < min 20,binance_rest
run_20260426_202813,BNB/USDT,crypto,M15,trend_momentum,ema_cross,adx_min=0|fast_period=10|rsi_confirm=True|slow_period=200,both,all,NEEDS_MORE_DATA,18,,,,,,,,,,,,,,,,only 18 trades < min 20,binance_rest
run_20260426_202813,BNB/USDT,crypto,M15,trend_momentum,ema_cross,adx_min=20|fast_period=10|rsi_confirm=False|slow_period=200,both,all,NEEDS_MORE_DATA,19,,,,,,,,,,,,,,,,only 19 trades < min 20,binance_rest
run_20260426_202813,BNB/USDT,crypto,M15,trend_momentum,ema_cross,adx_min=20|fast_period=10|rsi_confirm=True|slow_period=200,both,all,NEEDS_MORE_DATA,18,,,,,,,,,,,,,,,,only 18 trades < min 20,binance_rest
run_20260426_202813,BNB/USDT,crypto,M15,trend_momentum,ema_cross,adx_min=25|fast_period=10|rsi_confirm=False|slow_period=200,both,all,NEEDS_MORE_DATA,16,,,,,,,,,,,,,,,,only 16 trades < min 20,binance_rest
run_20260426_202813,BNB/USDT,crypto,M15,trend_momentum,ema_cross,adx_min=25|fast_period=10|rsi_confirm=True|slow_period=200,both,all,NEEDS_MORE_DATA,15,,,,,,,,,,,,,,,,only 15 trades < min 20,binance_rest
run_20260426_202813,BNB/USDT,crypto,M15,trend_momentum,ema_cross,adx_min=0|fast_period=20|rsi_confirm=False|slow_period=50,both,all,REJECT,25,0.240000,0.288774,-0.003647,-0.003647,-0.089654,-1.182130,-2.659990,0.025025,37.640000,-0.087836,-0.087836,-0.033687,-0.046444,0.436393,,,binance_rest
run_20260426_202813,BNB/USDT,crypto,M15,trend_momentum,ema_cross,adx_min=0|fast_period=20|rsi_confirm=True|slow_period=50,both,all,REJECT,24,0.250000,0.311646,-0.003407,-0.003407,-0.081006,-1.093090,-2.423647,0.024024,38.916667,-0.079171,-0.079171,-0.024508,-0.046444,0.275481,,,binance_rest
run_20260426_202813,BNB/USDT,crypto,M15,trend_momentum,ema_cross,adx_min=20|fast_period=20|rsi_confirm=False|slow_period=50,both,all,REJECT,24,0.250000,0.298443,-0.003626,-0.003626,-0.085857,-1.134373,-2.538623,0.024024,38.375000,-0.084031,-0.084031,-0.033687,-0.042467,0.465810,,,binance_rest
run_20260426_202813,BNB/USDT,crypto,M15,trend_momentum,ema_cross,adx_min=20|fast_period=20|rsi_confirm=True|slow_period=50,both,all,REJECT,23,0.260870,0.322938,-0.003375,-0.003375,-0.077173,-1.043556,-2.300672,0.023023,39.739130,-0.075330,-0.075330,-0.024508,-0.042467,0.318163,,,binance_rest
run_20260426_202813,BNB/USDT,crypto,M15,trend_momentum,ema_cross,adx_min=25|fast_period=20|rsi_confirm=False|slow_period=50,both,all,NEEDS_MORE_DATA,19,,,,,,,,,,,,,,,,only 19 trades < min 20,binance_rest
run_20260426_202813,BNB/USDT,crypto,M15,trend_momentum,ema_cross,adx_min=25|fast_period=20|rsi_confirm=True|slow_period=50,both,all,NEEDS_MORE_DATA,18,,,,,,,,,,,,,,,,only 18 trades < min 20,binance_rest
run_20260426_202813,BNB/USDT,crypto,M15,trend_momentum,ema_cross,adx_min=0|fast_period=20|rsi_confirm=False|slow_period=100,both,all,NEEDS_MORE_DATA,17,,,,,,,,,,,,,,,,only 17 trades < min 20,binance_rest
run_20260426_202813,BNB/USDT,crypto,M15,trend_momentum,ema_cross,adx_min=0|fast_period=20|rsi_confirm=True|slow_period=100,both,all,NEEDS_MORE_DATA,16,,,,,,,,,,,,,,,,only 16 trades < min 20,binance_rest
run_20260426_202813,BNB/USDT,crypto,M15,trend_momentum,ema_cross,adx_min=20|fast_period=20|rsi_confirm=False|slow_period=100,both,all,NEEDS_MORE_DATA,17,,,,,,,,,,,,,,,,only 17 trades < min 20,binance_rest
run_20260426_202813,BNB/USDT,crypto,M15,trend_momentum,ema_cross,adx_min=20|fast_period=20|rsi_confirm=True|slow_period=100,both,all,NEEDS_MORE_DATA,16,,,,,,,,,,,,,,,,only 16 trades < min 20,binance_rest
run_20260426_202813,BNB/USDT,crypto,M15,trend_momentum,ema_cross,adx_min=25|fast_period=20|rsi_confirm=False|slow_period=100,both,all,NEEDS_MORE_DATA,14,,,,,,,,,,,,,,,,only 14 trades < min 20,binance_rest
run_20260426_202813,BNB/USDT,crypto,M15,trend_momentum,ema_cross,adx_min=25|fast_period=20|rsi_confirm=True|slow_period=100,both,all,NEEDS_MORE_DATA,13,,,,,,,,,,,,,,,,only 13 trades < min 20,binance_rest
run_20260426_202813,BNB/USDT,crypto,M15,trend_momentum,ema_cross,adx_min=0|fast_period=20|rsi_confirm=False|slow_period=200,both,all,REJECT,21,0.190476,0.233589,-0.004531,-0.004531,-0.091383,-1.291138,-3.092727,0.021021,47.380952,-0.091383,-0.091383,-0.035226,-0.035734,0.521668,,,binance_rest
run_20260426_202813,BNB/USDT,crypto,M15,trend_momentum,ema_cross,adx_min=0|fast_period=20|rsi_confirm=True|slow_period=200,both,all,REJECT,20,0.200000,0.252746,-0.004287,-0.004287,-0.085675,-1.203211,-2.827657,0.020020,49.400000,-0.082752,-0.082752,-0.026061,-0.035734,0.408647,,,binance_rest
run_20260426_202813,BNB/USDT,crypto,M15,trend_momentum,ema_cross,adx_min=20|fast_period=20|rsi_confirm=False|slow_period=200,both,all,REJECT,21,0.190476,0.233589,-0.004531,-0.004531,-0.091383,-1.291138,-3.092727,0.021021,47.380952,-0.091383,-0.091383,-0.035226,-0.035734,0.521668,,,binance_rest
run_20260426_202813,BNB/USDT,crypto,M15,trend_momentum,ema_cross,adx_min=20|fast_period=20|rsi_confirm=True|slow_period=200,both,all,REJECT,20,0.200000,0.252746,-0.004287,-0.004287,-0.085675,-1.203211,-2.827657,0.020020,49.400000,-0.082752,-0.082752,-0.026061,-0.035734,0.408647,,,binance_rest
run_20260426_202813,BNB/USDT,crypto,M15,trend_momentum,ema_cross,adx_min=25|fast_period=20|rsi_confirm=False|slow_period=200,both,all,NEEDS_MORE_DATA,19,,,,,,,,,,,,,,,,only 19 trades < min 20,binance_rest
run_20260426_202813,BNB/USDT,crypto,M15,trend_momentum,ema_cross,adx_min=25|fast_period=20|rsi_confirm=True|slow_period=200,both,all,NEEDS_MORE_DATA,18,,,,,,,,,,,,,,,,only 18 trades < min 20,binance_rest
run_20260426_202813,BNB/USDT,crypto,M15,trend_momentum,ema_alignment,adx_min=0|ema_long=200|ema_mid=50|ema_short=20,both,all,NEEDS_MORE_DATA,18,,,,,,,,,,,,,,,,only 18 trades < min 20,binance_rest
run_20260426_202813,BNB/USDT,crypto,M15,trend_momentum,ema_alignment,adx_min=20|ema_long=200|ema_mid=50|ema_short=20,both,all,NEEDS_MORE_DATA,18,,,,,,,,,,,,,,,,only 18 trades < min 20,binance_rest
run_20260426_202813,BNB/USDT,crypto,M15,trend_momentum,ema_alignment,adx_min=25|ema_long=200|ema_mid=50|ema_short=20,both,all,NEEDS_MORE_DATA,16,,,,,,,,,,,,,,,,only 16 trades < min 20,binance_rest
run_20260426_202813,BNB/USDT,crypto,M15,trend_momentum,macd_direction,adx_min=0|fast=12|signal_period=9|slow=26,both,all,REJECT,77,0.220779,0.521300,-0.001677,-0.001677,-0.144862,-1.114023,-2.287735,0.077077,12.844156,-0.122606,-0.122606,-0.047370,-0.073584,0.533981,,,binance_rest
run_20260426_202813,BNB/USDT,crypto,M15,trend_momentum,macd_direction,adx_min=20|fast=12|signal_period=9|slow=26,both,all,REJECT,66,0.227273,0.531703,-0.001667,-0.001667,-0.128263,-0.998423,-2.047025,0.066066,13.136364,-0.105575,-0.105575,-0.038334,-0.064475,0.495415,,,binance_rest
run_20260426_202813,BNB/USDT,crypto,M15,pullback,pullback_ema,pullback_period=20|rsi_reclaim=False|rsi_threshold=50|trend_period=200,both,all,REJECT,67,0.134328,0.420661,-0.001525,-0.001525,-0.105822,-1.256433,-2.619739,0.067067,7.358209,-0.097861,-0.097861,-0.024498,-0.072730,0.400000,,,binance_rest
run_20260426_202813,BNB/USDT,crypto,M15,pullback,pullback_ema,pullback_period=20|rsi_reclaim=True|rsi_threshold=50|trend_period=200,both,all,REJECT,60,0.133333,0.372259,-0.001611,-0.001611,-0.094590,-1.354746,-2.867240,0.060060,7.333333,-0.092705,-0.092705,-0.018923,-0.072730,0.400000,,,binance_rest
run_20260426_202813,BNB/USDT,crypto,M15,pullback,pullback_ema,pullback_period=50|rsi_reclaim=False|rsi_threshold=50|trend_period=200,both,all,REJECT,54,0.074074,0.271167,-0.002341,-0.002341,-0.122601,-1.636861,-3.614650,0.054054,9.592593,-0.119424,-0.119424,-0.014537,-0.104043,0.400000,,,binance_rest
run_20260426_202813,BNB/USDT,crypto,M15,pullback,pullback_ema,pullback_period=50|rsi_reclaim=True|rsi_threshold=50|trend_period=200,both,all,REJECT,41,0.073171,0.286931,-0.002183,-0.002183,-0.094918,-1.315746,-2.860936,0.041041,10.682927,-0.086161,-0.086161,0.009676,-0.092496,0.346000,,,binance_rest
run_20260426_202813,BNB/USDT,crypto,M15,breakout,prev_day_hl,atr_expand_min=0.0,both,all,NEEDS_MORE_DATA,5,,,,,,,,,,,,,,,,only 5 trades < min 20,binance_rest
run_20260426_202813,BNB/USDT,crypto,M15,breakout,prev_day_hl,atr_expand_min=0.5,both,all,NEEDS_MORE_DATA,5,,,,,,,,,,,,,,,,only 5 trades < min 20,binance_rest
run_20260426_202813,BNB/USDT,crypto,M15,breakout,prev_day_hl,atr_expand_min=1.0,both,all,NEEDS_MORE_DATA,5,,,,,,,,,,,,,,,,only 5 trades < min 20,binance_rest
run_20260426_202813,BNB/USDT,crypto,M15,breakout,session_opening_range,atr_expand_min=0.0|range_bars=6,both,all,REJECT,62,0.241935,0.534946,-0.001603,-0.001603,-0.095949,-0.924526,-1.890852,0.062062,15.806452,-0.095949,-0.095949,-0.023900,-0.072628,0.400000,,,binance_rest
run_20260426_202813,BNB/USDT,crypto,M15,breakout,session_opening_range,atr_expand_min=0.5|range_bars=6,both,all,REJECT,61,0.245902,0.546343,-0.001559,-0.001559,-0.092051,-0.886890,-1.810762,0.061061,15.967213,-0.092051,-0.092051,-0.019691,-0.072628,0.400000,,,binance_rest
run_20260426_202813,BNB/USDT,crypto,M15,breakout,session_opening_range,atr_expand_min=0.0|range_bars=12,both,all,REJECT,41,0.243902,0.495869,-0.002193,-0.002193,-0.094946,-0.906426,-1.878697,0.041041,23.170732,-0.087129,-0.087129,-0.029917,-0.042744,0.517368,,,binance_rest
run_20260426_202813,BNB/USDT,crypto,M15,breakout,session_opening_range,atr_expand_min=0.5|range_bars=12,both,all,REJECT,40,0.250000,0.515145,-0.002086,-0.002086,-0.089038,-0.847046,-1.748138,0.040040,23.500000,-0.081171,-0.081171,-0.023585,-0.042744,0.396291,,,binance_rest
run_20260426_202813,BNB/USDT,crypto,M15,breakout,london_breakout,atr_expand_min=0.0|utc_end=11|utc_start=7,both,all,NEEDS_MORE_DATA,13,,,,,,,,,,,,,,,,only 13 trades < min 20,binance_rest
run_20260426_202813,BNB/USDT,crypto,M15,breakout,london_breakout,atr_expand_min=0.5|utc_end=11|utc_start=7,both,all,NEEDS_MORE_DATA,13,,,,,,,,,,,,,,,,only 13 trades < min 20,binance_rest
run_20260426_202813,BNB/USDT,crypto,M15,breakout,ny_breakout,atr_expand_min=0.0|utc_end=16|utc_start=13,both,all,NEEDS_MORE_DATA,14,,,,,,,,,,,,,,,,only 14 trades < min 20,binance_rest
run_20260426_202813,BNB/USDT,crypto,M15,breakout,ny_breakout,atr_expand_min=0.5|utc_end=16|utc_start=13,both,all,NEEDS_MORE_DATA,14,,,,,,,,,,,,,,,,only 14 trades < min 20,binance_rest
run_20260426_202813,BNB/USDT,crypto,M15,mean_reversion,rsi_extreme,overbought=70|oversold=30|period=14,both,all,NEEDS_MORE_DATA,14,,,,,,,,,,,,,,,,only 14 trades < min 20,binance_rest
run_20260426_202813,BNB/USDT,crypto,M15,mean_reversion,rsi_extreme,overbought=75|oversold=30|period=14,both,all,NEEDS_MORE_DATA,11,,,,,,,,,,,,,,,,only 11 trades < min 20,binance_rest
run_20260426_202813,BNB/USDT,crypto,M15,mean_reversion,rsi_extreme,overbought=70|oversold=25|period=14,both,all,NEEDS_MORE_DATA,11,,,,,,,,,,,,,,,,only 11 trades < min 20,binance_rest
run_20260426_202813,BNB/USDT,crypto,M15,mean_reversion,rsi_extreme,overbought=75|oversold=25|period=14,both,all,NEEDS_MORE_DATA,8,,,,,,,,,,,,,,,,only 8 trades < min 20,binance_rest
run_20260426_202813,BNB/USDT,crypto,M15,mean_reversion,bollinger_touch,num_std=2.0|period=20,both,all,REJECT,36,0.555556,0.384931,-0.002008,-0.002008,-0.071296,-0.990551,-2.084901,0.036036,15.194444,-0.070384,-0.070384,-0.060982,-0.010013,0.365257,,,binance_rest
run_20260426_202813,BNB/USDT,crypto,M15,mean_reversion,bollinger_touch,num_std=2.5|period=20,both,all,NEEDS_MORE_DATA,18,,,,,,,,,,,,,,,,only 18 trades < min 20,binance_rest
run_20260426_202813,BNB/USDT,crypto,M15,mean_reversion,vwap_deviation,std_threshold=1.5,both,all,NEEDS_MORE_DATA,14,,,,,,,,,,,,,,,,only 14 trades < min 20,binance_rest
run_20260426_202813,BNB/USDT,crypto,M15,mean_reversion,vwap_deviation,std_threshold=2.0,both,all,NEEDS_MORE_DATA,11,,,,,,,,,,,,,,,,only 11 trades < min 20,binance_rest
run_20260426_202813,ADA/USDT,crypto,M15,trend_momentum,ema_cross,adx_min=0|fast_period=10|rsi_confirm=False|slow_period=50,both,all,REJECT,27,0.296296,0.838027,-0.000783,-0.000783,-0.059520,-0.168656,-0.336656,0.027027,34.703704,-0.022836,-0.022836,0.023175,-0.037226,0.262000,,,binance_rest
run_20260426_202813,ADA/USDT,crypto,M15,trend_momentum,ema_cross,adx_min=0|fast_period=10|rsi_confirm=True|slow_period=50,both,all,REJECT,26,0.269231,0.715142,-0.001428,-0.001428,-0.059520,-0.306634,-0.615144,0.026026,33.692308,-0.038209,-0.038209,0.007079,-0.037226,0.256000,,,binance_rest
run_20260426_202813,ADA/USDT,crypto,M15,trend_momentum,ema_cross,adx_min=20|fast_period=10|rsi_confirm=False|slow_period=50,both,all,REJECT,27,0.296296,0.838027,-0.000783,-0.000783,-0.059520,-0.168656,-0.336656,0.027027,34.703704,-0.022836,-0.022836,0.023175,-0.037226,0.262000,,,binance_rest
run_20260426_202813,ADA/USDT,crypto,M15,trend_momentum,ema_cross,adx_min=20|fast_period=10|rsi_confirm=True|slow_period=50,both,all,REJECT,26,0.269231,0.715142,-0.001428,-0.001428,-0.059520,-0.306634,-0.615144,0.026026,33.692308,-0.038209,-0.038209,0.007079,-0.037226,0.256000,,,binance_rest
run_20260426_202813,ADA/USDT,crypto,M15,trend_momentum,ema_cross,adx_min=25|fast_period=10|rsi_confirm=False|slow_period=50,both,all,REJECT,21,0.238095,0.767859,-0.001145,-0.001145,-0.061924,-0.210611,-0.421279,0.021021,33.857143,-0.025334,-0.025334,0.014811,-0.031966,0.226000,,,binance_rest
run_20260426_202813,ADA/USDT,crypto,M15,trend_momentum,ema_cross,adx_min=25|fast_period=10|rsi_confirm=True|slow_period=50,both,all,REJECT,20,0.200000,0.612759,-0.002002,-0.002002,-0.061924,-0.365786,-0.738331,0.020020,32.500000,-0.040667,-0.040667,-0.001153,-0.031966,0.220000,,,binance_rest
run_20260426_202813,ADA/USDT,crypto,M15,trend_momentum,ema_cross,adx_min=0|fast_period=10|rsi_confirm=False|slow_period=100,both,all,REJECT,23,0.260870,0.537456,-0.002372,-0.002372,-0.068029,-0.571634,-1.171441,0.023023,40.869565,-0.054180,-0.054180,-0.003407,-0.038496,0.238000,,,binance_rest
run_20260426_202813,ADA/USDT,crypto,M15,trend_momentum,ema_cross,adx_min=0|fast_period=10|rsi_confirm=True|slow_period=100,both,all,REJECT,20,0.200000,0.453284,-0.003170,-0.003170,-0.069920,-0.675137,-1.408783,0.020020,36.850000,-0.062463,-0.062463,-0.013717,-0.036954,0.220000,,,binance_rest
run_20260426_202813,ADA/USDT,crypto,M15,trend_momentum,ema_cross,adx_min=20|fast_period=10|rsi_confirm=False|slow_period=100,both,all,REJECT,23,0.260870,0.537456,-0.002372,-0.002372,-0.068029,-0.571634,-1.171441,0.023023,40.869565,-0.054180,-0.054180,-0.003407,-0.038496,0.238000,,,binance_rest
run_20260426_202813,ADA/USDT,crypto,M15,trend_momentum,ema_cross,adx_min=20|fast_period=10|rsi_confirm=True|slow_period=100,both,all,REJECT,20,0.200000,0.453284,-0.003170,-0.003170,-0.069920,-0.675137,-1.408783,0.020020,36.850000,-0.062463,-0.062463,-0.013717,-0.036954,0.220000,,,binance_rest
run_20260426_202813,ADA/USDT,crypto,M15,trend_momentum,ema_cross,adx_min=25|fast_period=10|rsi_confirm=False|slow_period=100,both,all,NEEDS_MORE_DATA,19,,,,,,,,,,,,,,,,only 19 trades < min 20,binance_rest
run_20260426_202813,ADA/USDT,crypto,M15,trend_momentum,ema_cross,adx_min=25|fast_period=10|rsi_confirm=True|slow_period=100,both,all,NEEDS_MORE_DATA,16,,,,,,,,,,,,,,,,only 16 trades < min 20,binance_rest
run_20260426_202813,ADA/USDT,crypto,M15,trend_momentum,ema_cross,adx_min=0|fast_period=10|rsi_confirm=False|slow_period=200,both,all,NEEDS_MORE_DATA,15,,,,,,,,,,,,,,,,only 15 trades < min 20,binance_rest
run_20260426_202813,ADA/USDT,crypto,M15,trend_momentum,ema_cross,adx_min=0|fast_period=10|rsi_confirm=True|slow_period=200,both,all,NEEDS_MORE_DATA,13,,,,,,,,,,,,,,,,only 13 trades < min 20,binance_rest
run_20260426_202813,ADA/USDT,crypto,M15,trend_momentum,ema_cross,adx_min=20|fast_period=10|rsi_confirm=False|slow_period=200,both,all,NEEDS_MORE_DATA,15,,,,,,,,,,,,,,,,only 15 trades < min 20,binance_rest
run_20260426_202813,ADA/USDT,crypto,M15,trend_momentum,ema_cross,adx_min=20|fast_period=10|rsi_confirm=True|slow_period=200,both,all,NEEDS_MORE_DATA,13,,,,,,,,,,,,,,,,only 13 trades < min 20,binance_rest
run_20260426_202813,ADA/USDT,crypto,M15,trend_momentum,ema_cross,adx_min=25|fast_period=10|rsi_confirm=False|slow_period=200,both,all,NEEDS_MORE_DATA,13,,,,,,,,,,,,,,,,only 13 trades < min 20,binance_rest
run_20260426_202813,ADA/USDT,crypto,M15,trend_momentum,ema_cross,adx_min=25|fast_period=10|rsi_confirm=True|slow_period=200,both,all,NEEDS_MORE_DATA,11,,,,,,,,,,,,,,,,only 11 trades < min 20,binance_rest
run_20260426_202813,ADA/USDT,crypto,M15,trend_momentum,ema_cross,adx_min=0|fast_period=20|rsi_confirm=False|slow_period=50,both,all,REJECT,23,0.217391,0.456352,-0.003726,-0.003726,-0.099235,-0.745844,-1.560731,0.023023,40.869565,-0.083641,-0.083641,-0.013337,-0.056148,0.238000,,,binance_rest
run_20260426_202813,ADA/USDT,crypto,M15,trend_momentum,ema_cross,adx_min=0|fast_period=20|rsi_confirm=True|slow_period=50,both,all,REJECT,22,0.181818,0.397267,-0.004313,-0.004313,-0.099235,-0.838174,-1.783876,0.022022,39.636364,-0.091980,-0.091980,-0.022316,-0.056148,0.232000,,,binance_rest
run_20260426_202813,ADA/USDT,crypto,M15,trend_momentum,ema_cross,adx_min=20|fast_period=20|rsi_confirm=False|slow_period=50,both,all,REJECT,23,0.217391,0.456352,-0.003726,-0.003726,-0.099235,-0.745844,-1.560731,0.023023,40.869565,-0.083641,-0.083641,-0.013337,-0.056148,0.238000,,,binance_rest
run_20260426_202813,ADA/USDT,crypto,M15,trend_momentum,ema_cross,adx_min=20|fast_period=20|rsi_confirm=True|slow_period=50,both,all,REJECT,22,0.181818,0.397267,-0.004313,-0.004313,-0.099235,-0.838174,-1.783876,0.022022,39.636364,-0.091980,-0.091980,-0.022316,-0.056148,0.232000,,,binance_rest
run_20260426_202813,ADA/USDT,crypto,M15,trend_momentum,ema_cross,adx_min=25|fast_period=20|rsi_confirm=False|slow_period=50,both,all,REJECT,20,0.200000,0.395729,-0.004544,-0.004544,-0.103806,-0.816287,-1.742904,0.020020,39.900000,-0.088291,-0.088291,-0.025436,-0.049469,0.236540,,,binance_rest
run_20260426_202813,ADA/USDT,crypto,M15,trend_momentum,ema_cross,adx_min=25|fast_period=20|rsi_confirm=True|slow_period=50,both,all,NEEDS_MORE_DATA,19,,,,,,,,,,,,,,,,only 19 trades < min 20,binance_rest
run_20260426_202813,ADA/USDT,crypto,M15,trend_momentum,ema_cross,adx_min=0|fast_period=20|rsi_confirm=False|slow_period=100,both,all,NEEDS_MORE_DATA,13,,,,,,,,,,,,,,,,only 13 trades < min 20,binance_rest
run_20260426_202813,ADA/USDT,crypto,M15,trend_momentum,ema_cross,adx_min=0|fast_period=20|rsi_confirm=True|slow_period=100,both,all,NEEDS_MORE_DATA,12,,,,,,,,,,,,,,,,only 12 trades < min 20,binance_rest
run_20260426_202813,ADA/USDT,crypto,M15,trend_momentum,ema_cross,adx_min=20|fast_period=20|rsi_confirm=False|slow_period=100,both,all,NEEDS_MORE_DATA,13,,,,,,,,,,,,,,,,only 13 trades < min 20,binance_rest
run_20260426_202813,ADA/USDT,crypto,M15,trend_momentum,ema_cross,adx_min=20|fast_period=20|rsi_confirm=True|slow_period=100,both,all,NEEDS_MORE_DATA,12,,,,,,,,,,,,,,,,only 12 trades < min 20,binance_rest
run_20260426_202813,ADA/USDT,crypto,M15,trend_momentum,ema_cross,adx_min=25|fast_period=20|rsi_confirm=False|slow_period=100,both,all,NEEDS_MORE_DATA,10,,,,,,,,,,,,,,,,only 10 trades < min 20,binance_rest
run_20260426_202813,ADA/USDT,crypto,M15,trend_momentum,ema_cross,adx_min=25|fast_period=20|rsi_confirm=True|slow_period=100,both,all,NEEDS_MORE_DATA,9,,,,,,,,,,,,,,,,only 9 trades < min 20,binance_rest
run_20260426_202813,ADA/USDT,crypto,M15,trend_momentum,ema_cross,adx_min=0|fast_period=20|rsi_confirm=False|slow_period=200,both,all,NEEDS_MORE_DATA,13,,,,,,,,,,,,,,,,only 13 trades < min 20,binance_rest
run_20260426_202813,ADA/USDT,crypto,M15,trend_momentum,ema_cross,adx_min=0|fast_period=20|rsi_confirm=True|slow_period=200,both,all,NEEDS_MORE_DATA,12,,,,,,,,,,,,,,,,only 12 trades < min 20,binance_rest
run_20260426_202813,ADA/USDT,crypto,M15,trend_momentum,ema_cross,adx_min=20|fast_period=20|rsi_confirm=False|slow_period=200,both,all,NEEDS_MORE_DATA,13,,,,,,,,,,,,,,,,only 13 trades < min 20,binance_rest
run_20260426_202813,ADA/USDT,crypto,M15,trend_momentum,ema_cross,adx_min=20|fast_period=20|rsi_confirm=True|slow_period=200,both,all,NEEDS_MORE_DATA,12,,,,,,,,,,,,,,,,only 12 trades < min 20,binance_rest
run_20260426_202813,ADA/USDT,crypto,M15,trend_momentum,ema_cross,adx_min=25|fast_period=20|rsi_confirm=False|slow_period=200,both,all,NEEDS_MORE_DATA,13,,,,,,,,,,,,,,,,only 13 trades < min 20,binance_rest
run_20260426_202813,ADA/USDT,crypto,M15,trend_momentum,ema_cross,adx_min=25|fast_period=20|rsi_confirm=True|slow_period=200,both,all,NEEDS_MORE_DATA,12,,,,,,,,,,,,,,,,only 12 trades < min 20,binance_rest
run_20260426_202813,ADA/USDT,crypto,M15,trend_momentum,ema_alignment,adx_min=0|ema_long=200|ema_mid=50|ema_short=20,both,all,NEEDS_MORE_DATA,17,,,,,,,,,,,,,,,,only 17 trades < min 20,binance_rest
run_20260426_202813,ADA/USDT,crypto,M15,trend_momentum,ema_alignment,adx_min=20|ema_long=200|ema_mid=50|ema_short=20,both,all,NEEDS_MORE_DATA,17,,,,,,,,,,,,,,,,only 17 trades < min 20,binance_rest
run_20260426_202813,ADA/USDT,crypto,M15,trend_momentum,ema_alignment,adx_min=25|ema_long=200|ema_mid=50|ema_short=20,both,all,NEEDS_MORE_DATA,16,,,,,,,,,,,,,,,,only 16 trades < min 20,binance_rest
run_20260426_202813,ADA/USDT,crypto,M15,trend_momentum,macd_direction,adx_min=0|fast=12|signal_period=9|slow=26,both,all,REJECT,75,0.293333,0.634996,-0.001618,-0.001618,-0.117209,-0.749740,-1.514495,0.075075,13.213333,-0.117209,-0.117209,-0.068967,-0.050299,0.618797,,,binance_rest
run_20260426_202813,ADA/USDT,crypto,M15,trend_momentum,macd_direction,adx_min=20|fast=12|signal_period=9|slow=26,both,all,REJECT,75,0.293333,0.634996,-0.001618,-0.001618,-0.117209,-0.749740,-1.514495,0.075075,13.213333,-0.117209,-0.117209,-0.068967,-0.050299,0.618797,,,binance_rest
run_20260426_202813,ADA/USDT,crypto,M15,pullback,pullback_ema,pullback_period=20|rsi_reclaim=False|rsi_threshold=50|trend_period=200,both,all,REJECT,69,0.173913,0.243939,-0.002899,-0.002899,-0.221179,-1.829144,-4.021705,0.069069,6.246377,-0.182513,-0.182513,-0.105219,-0.085289,0.643176,,,binance_rest
run_20260426_202813,ADA/USDT,crypto,M15,pullback,pullback_ema,pullback_period=20|rsi_reclaim=True|rsi_threshold=50|trend_period=200,both,all,REJECT,61,0.163934,0.136400,-0.003378,-0.003378,-0.200513,-2.333814,-5.691182,0.061061,6.147541,-0.187032,-0.187032,-0.110165,-0.085289,0.632259,,,binance_rest
run_20260426_202813,ADA/USDT,crypto,M15,pullback,pullback_ema,pullback_period=50|rsi_reclaim=False|rsi_threshold=50|trend_period=200,both,all,REJECT,47,0.106383,0.350803,-0.002475,-0.002475,-0.122893,-1.236647,-2.630615,0.047047,9.765957,-0.110791,-0.110791,-0.055862,-0.057051,0.675616,,,binance_rest
run_20260426_202813,ADA/USDT,crypto,M15,pullback,pullback_ema,pullback_period=50|rsi_reclaim=True|rsi_threshold=50|trend_period=200,both,all,REJECT,34,0.117647,0.292028,-0.003001,-0.003001,-0.097758,-1.247371,-2.736394,0.034034,10.911765,-0.097758,-0.097758,-0.048902,-0.050232,0.595840,,,binance_rest
run_20260426_202813,ADA/USDT,crypto,M15,breakout,prev_day_hl,atr_expand_min=0.0,both,all,NEEDS_MORE_DATA,4,,,,,,,,,,,,,,,,only 4 trades < min 20,binance_rest
run_20260426_202813,ADA/USDT,crypto,M15,breakout,prev_day_hl,atr_expand_min=0.5,both,all,NEEDS_MORE_DATA,4,,,,,,,,,,,,,,,,only 4 trades < min 20,binance_rest
run_20260426_202813,ADA/USDT,crypto,M15,breakout,prev_day_hl,atr_expand_min=1.0,both,all,NEEDS_MORE_DATA,4,,,,,,,,,,,,,,,,only 4 trades < min 20,binance_rest
run_20260426_202813,ADA/USDT,crypto,M15,breakout,session_opening_range,atr_expand_min=0.0|range_bars=6,both,all,REJECT,48,0.333333,0.463042,-0.003035,-0.003035,-0.138099,-0.958534,-1.982465,0.048048,19.687500,-0.138099,-0.138099,-0.111419,-0.028475,0.464669,,,binance_rest
run_20260426_202813,ADA/USDT,crypto,M15,breakout,session_opening_range,atr_expand_min=0.5|range_bars=6,both,all,REJECT,48,0.333333,0.463042,-0.003035,-0.003035,-0.138099,-0.958534,-1.982465,0.048048,19.687500,-0.138099,-0.138099,-0.111419,-0.028475,0.464669,,,binance_rest
run_20260426_202813,ADA/USDT,crypto,M15,breakout,session_opening_range,atr_expand_min=0.0|range_bars=12,both,all,REJECT,27,0.407407,0.611890,-0.002159,-0.002159,-0.079873,-0.419397,-0.846170,0.027027,34.185185,-0.058939,-0.058939,-0.037188,-0.011799,0.357182,,,binance_rest
run_20260426_202813,ADA/USDT,crypto,M15,breakout,session_opening_range,atr_expand_min=0.5|range_bars=12,both,all,REJECT,27,0.407407,0.611890,-0.002159,-0.002159,-0.079873,-0.419397,-0.846170,0.027027,34.185185,-0.058939,-0.058939,-0.037188,-0.011799,0.357182,,,binance_rest
run_20260426_202813,ADA/USDT,crypto,M15,breakout,london_breakout,atr_expand_min=0.0|utc_end=11|utc_start=7,both,all,NEEDS_MORE_DATA,11,,,,,,,,,,,,,,,,only 11 trades < min 20,binance_rest
run_20260426_202813,ADA/USDT,crypto,M15,breakout,london_breakout,atr_expand_min=0.5|utc_end=11|utc_start=7,both,all,NEEDS_MORE_DATA,11,,,,,,,,,,,,,,,,only 11 trades < min 20,binance_rest
run_20260426_202813,ADA/USDT,crypto,M15,breakout,ny_breakout,atr_expand_min=0.0|utc_end=16|utc_start=13,both,all,NEEDS_MORE_DATA,10,,,,,,,,,,,,,,,,only 10 trades < min 20,binance_rest
run_20260426_202813,ADA/USDT,crypto,M15,breakout,ny_breakout,atr_expand_min=0.5|utc_end=16|utc_start=13,both,all,NEEDS_MORE_DATA,10,,,,,,,,,,,,,,,,only 10 trades < min 20,binance_rest
run_20260426_202813,ADA/USDT,crypto,M15,mean_reversion,rsi_extreme,overbought=70|oversold=30|period=14,both,all,NEEDS_MORE_DATA,15,,,,,,,,,,,,,,,,only 15 trades < min 20,binance_rest
run_20260426_202813,ADA/USDT,crypto,M15,mean_reversion,rsi_extreme,overbought=75|oversold=30|period=14,both,all,NEEDS_MORE_DATA,10,,,,,,,,,,,,,,,,only 10 trades < min 20,binance_rest
run_20260426_202813,ADA/USDT,crypto,M15,mean_reversion,rsi_extreme,overbought=70|oversold=25|period=14,both,all,NEEDS_MORE_DATA,12,,,,,,,,,,,,,,,,only 12 trades < min 20,binance_rest
run_20260426_202813,ADA/USDT,crypto,M15,mean_reversion,rsi_extreme,overbought=75|oversold=25|period=14,both,all,NEEDS_MORE_DATA,7,,,,,,,,,,,,,,,,only 7 trades < min 20,binance_rest
run_20260426_202813,ADA/USDT,crypto,M15,mean_reversion,bollinger_touch,num_std=2.5|period=20,both,all,REJECT,21,0.666667,0.660174,-0.001162,-0.001162,-0.041356,-0.326192,-0.656282,0.021021,16.428571,-0.024801,-0.024801,-0.037817,0.013528,0.226000,,,binance_rest
run_20260426_202813,ADA/USDT,crypto,M15,mean_reversion,vwap_deviation,std_threshold=1.5,both,all,NEEDS_MORE_DATA,13,,,,,,,,,,,,,,,,only 13 trades < min 20,binance_rest
run_20260426_202813,ADA/USDT,crypto,M15,mean_reversion,vwap_deviation,std_threshold=2.0,both,all,NEEDS_MORE_DATA,13,,,,,,,,,,,,,,,,only 13 trades < min 20,binance_rest
run_20260426_202813,ETH/USDT,crypto,H1,trend_momentum,ema_cross,adx_min=0|fast_period=10|rsi_confirm=False|slow_period=50,both,all,REJECT,27,0.296296,0.505162,-0.004828,-0.004828,-0.133894,-0.710023,-1.468317,0.027027,36.481481,-0.125932,-0.125932,-0.075650,-0.084234,0.527960,,,binance_rest
run_20260426_202813,ETH/USDT,crypto,H1,trend_momentum,ema_cross,adx_min=0|fast_period=10|rsi_confirm=True|slow_period=50,both,all,REJECT,26,0.307692,0.534236,-0.004468,-0.004468,-0.133894,-0.639599,-1.314715,0.026026,36.230769,-0.113380,-0.113380,-0.062375,-0.084234,0.450869,,,binance_rest
run_20260426_202813,ETH/USDT,crypto,H1,trend_momentum,ema_cross,adx_min=20|fast_period=10|rsi_confirm=False|slow_period=50,both,all,REJECT,23,0.260870,0.410949,-0.005854,-0.005854,-0.130586,-0.829133,-1.756582,0.023023,35.565217,-0.128883,-0.128883,-0.090973,-0.071940,0.475236,,,binance_rest
run_20260426_202813,ETH/USDT,crypto,H1,trend_momentum,ema_cross,adx_min=20|fast_period=10|rsi_confirm=True|slow_period=50,both,all,REJECT,22,0.272727,0.437308,-0.005494,-0.005494,-0.118441,-0.754950,-1.585722,0.022022,35.227273,-0.116714,-0.116714,-0.078275,-0.071940,0.507722,,,binance_rest
run_20260426_202813,ETH/USDT,crypto,H1,trend_momentum,ema_cross,adx_min=25|fast_period=10|rsi_confirm=False|slow_period=50,both,all,NEEDS_MORE_DATA,19,,,,,,,,,,,,,,,,only 19 trades < min 20,binance_rest
run_20260426_202813,ETH/USDT,crypto,H1,trend_momentum,ema_cross,adx_min=25|fast_period=10|rsi_confirm=True|slow_period=50,both,all,NEEDS_MORE_DATA,18,,,,,,,,,,,,,,,,only 18 trades < min 20,binance_rest
run_20260426_202813,ETH/USDT,crypto,H1,trend_momentum,ema_cross,adx_min=0|fast_period=10|rsi_confirm=False|slow_period=100,both,all,NEEDS_MORE_DATA,17,,,,,,,,,,,,,,,,only 17 trades < min 20,binance_rest
run_20260426_202813,ETH/USDT,crypto,H1,trend_momentum,ema_cross,adx_min=0|fast_period=10|rsi_confirm=True|slow_period=100,both,all,NEEDS_MORE_DATA,16,,,,,,,,,,,,,,,,only 16 trades < min 20,binance_rest
run_20260426_202813,ETH/USDT,crypto,H1,trend_momentum,ema_cross,adx_min=20|fast_period=10|rsi_confirm=False|slow_period=100,both,all,NEEDS_MORE_DATA,15,,,,,,,,,,,,,,,,only 15 trades < min 20,binance_rest
run_20260426_202813,ETH/USDT,crypto,H1,trend_momentum,ema_cross,adx_min=20|fast_period=10|rsi_confirm=True|slow_period=100,both,all,NEEDS_MORE_DATA,14,,,,,,,,,,,,,,,,only 14 trades < min 20,binance_rest
run_20260426_202813,ETH/USDT,crypto,H1,trend_momentum,ema_cross,adx_min=25|fast_period=10|rsi_confirm=False|slow_period=100,both,all,NEEDS_MORE_DATA,14,,,,,,,,,,,,,,,,only 14 trades < min 20,binance_rest
run_20260426_202813,ETH/USDT,crypto,H1,trend_momentum,ema_cross,adx_min=25|fast_period=10|rsi_confirm=True|slow_period=100,both,all,NEEDS_MORE_DATA,13,,,,,,,,,,,,,,,,only 13 trades < min 20,binance_rest
run_20260426_202813,ETH/USDT,crypto,H1,trend_momentum,ema_cross,adx_min=0|fast_period=10|rsi_confirm=False|slow_period=200,both,all,NEEDS_MORE_DATA,15,,,,,,,,,,,,,,,,only 15 trades < min 20,binance_rest
run_20260426_202813,ETH/USDT,crypto,H1,trend_momentum,ema_cross,adx_min=0|fast_period=10|rsi_confirm=True|slow_period=200,both,all,NEEDS_MORE_DATA,13,,,,,,,,,,,,,,,,only 13 trades < min 20,binance_rest
run_20260426_202813,ETH/USDT,crypto,H1,trend_momentum,ema_cross,adx_min=20|fast_period=10|rsi_confirm=False|slow_period=200,both,all,NEEDS_MORE_DATA,13,,,,,,,,,,,,,,,,only 13 trades < min 20,binance_rest
run_20260426_202813,ETH/USDT,crypto,H1,trend_momentum,ema_cross,adx_min=20|fast_period=10|rsi_confirm=True|slow_period=200,both,all,NEEDS_MORE_DATA,11,,,,,,,,,,,,,,,,only 11 trades < min 20,binance_rest
run_20260426_202813,ETH/USDT,crypto,H1,trend_momentum,ema_cross,adx_min=25|fast_period=10|rsi_confirm=False|slow_period=200,both,all,NEEDS_MORE_DATA,9,,,,,,,,,,,,,,,,only 9 trades < min 20,binance_rest
run_20260426_202813,ETH/USDT,crypto,H1,trend_momentum,ema_cross,adx_min=25|fast_period=10|rsi_confirm=True|slow_period=200,both,all,NEEDS_MORE_DATA,8,,,,,,,,,,,,,,,,only 8 trades < min 20,binance_rest
run_20260426_202813,ETH/USDT,crypto,H1,trend_momentum,ema_cross,adx_min=0|fast_period=20|rsi_confirm=False|slow_period=50,both,all,NEEDS_MORE_DATA,15,,,,,,,,,,,,,,,,only 15 trades < min 20,binance_rest
run_20260426_202813,ETH/USDT,crypto,H1,trend_momentum,ema_cross,adx_min=0|fast_period=20|rsi_confirm=True|slow_period=50,both,all,NEEDS_MORE_DATA,14,,,,,,,,,,,,,,,,only 14 trades < min 20,binance_rest
run_20260426_202813,ETH/USDT,crypto,H1,trend_momentum,ema_cross,adx_min=20|fast_period=20|rsi_confirm=False|slow_period=50,both,all,NEEDS_MORE_DATA,13,,,,,,,,,,,,,,,,only 13 trades < min 20,binance_rest
run_20260426_202813,ETH/USDT,crypto,H1,trend_momentum,ema_cross,adx_min=20|fast_period=20|rsi_confirm=True|slow_period=50,both,all,NEEDS_MORE_DATA,12,,,,,,,,,,,,,,,,only 12 trades < min 20,binance_rest
run_20260426_202813,ETH/USDT,crypto,H1,trend_momentum,ema_cross,adx_min=25|fast_period=20|rsi_confirm=False|slow_period=50,both,all,NEEDS_MORE_DATA,12,,,,,,,,,,,,,,,,only 12 trades < min 20,binance_rest
run_20260426_202813,ETH/USDT,crypto,H1,trend_momentum,ema_cross,adx_min=25|fast_period=20|rsi_confirm=True|slow_period=50,both,all,NEEDS_MORE_DATA,11,,,,,,,,,,,,,,,,only 11 trades < min 20,binance_rest
run_20260426_202813,ETH/USDT,crypto,H1,trend_momentum,ema_cross,adx_min=0|fast_period=20|rsi_confirm=False|slow_period=100,both,all,NEEDS_MORE_DATA,13,,,,,,,,,,,,,,,,only 13 trades < min 20,binance_rest
run_20260426_202813,ETH/USDT,crypto,H1,trend_momentum,ema_cross,adx_min=0|fast_period=20|rsi_confirm=True|slow_period=100,both,all,NEEDS_MORE_DATA,12,,,,,,,,,,,,,,,,only 12 trades < min 20,binance_rest
run_20260426_202813,ETH/USDT,crypto,H1,trend_momentum,ema_cross,adx_min=20|fast_period=20|rsi_confirm=False|slow_period=100,both,all,NEEDS_MORE_DATA,12,,,,,,,,,,,,,,,,only 12 trades < min 20,binance_rest
run_20260426_202813,ETH/USDT,crypto,H1,trend_momentum,ema_cross,adx_min=20|fast_period=20|rsi_confirm=True|slow_period=100,both,all,NEEDS_MORE_DATA,11,,,,,,,,,,,,,,,,only 11 trades < min 20,binance_rest
run_20260426_202813,ETH/USDT,crypto,H1,trend_momentum,ema_cross,adx_min=25|fast_period=20|rsi_confirm=False|slow_period=100,both,all,NEEDS_MORE_DATA,11,,,,,,,,,,,,,,,,only 11 trades < min 20,binance_rest
run_20260426_202813,ETH/USDT,crypto,H1,trend_momentum,ema_cross,adx_min=25|fast_period=20|rsi_confirm=True|slow_period=100,both,all,NEEDS_MORE_DATA,10,,,,,,,,,,,,,,,,only 10 trades < min 20,binance_rest
run_20260426_202813,ETH/USDT,crypto,H1,trend_momentum,ema_cross,adx_min=0|fast_period=20|rsi_confirm=False|slow_period=200,both,all,NEEDS_MORE_DATA,11,,,,,,,,,,,,,,,,only 11 trades < min 20,binance_rest
run_20260426_202813,ETH/USDT,crypto,H1,trend_momentum,ema_cross,adx_min=0|fast_period=20|rsi_confirm=True|slow_period=200,both,all,NEEDS_MORE_DATA,10,,,,,,,,,,,,,,,,only 10 trades < min 20,binance_rest
run_20260426_202813,ETH/USDT,crypto,H1,trend_momentum,ema_cross,adx_min=20|fast_period=20|rsi_confirm=False|slow_period=200,both,all,NEEDS_MORE_DATA,10,,,,,,,,,,,,,,,,only 10 trades < min 20,binance_rest
run_20260426_202813,ETH/USDT,crypto,H1,trend_momentum,ema_cross,adx_min=20|fast_period=20|rsi_confirm=True|slow_period=200,both,all,NEEDS_MORE_DATA,9,,,,,,,,,,,,,,,,only 9 trades < min 20,binance_rest
run_20260426_202813,ETH/USDT,crypto,H1,trend_momentum,ema_cross,adx_min=25|fast_period=20|rsi_confirm=False|slow_period=200,both,all,NEEDS_MORE_DATA,9,,,,,,,,,,,,,,,,only 9 trades < min 20,binance_rest
run_20260426_202813,ETH/USDT,crypto,H1,trend_momentum,ema_cross,adx_min=25|fast_period=20|rsi_confirm=True|slow_period=200,both,all,NEEDS_MORE_DATA,8,,,,,,,,,,,,,,,,only 8 trades < min 20,binance_rest
run_20260426_202813,ETH/USDT,crypto,H1,trend_momentum,ema_alignment,adx_min=0|ema_long=200|ema_mid=50|ema_short=20,both,all,NEEDS_MORE_DATA,11,,,,,,,,,,,,,,,,only 11 trades < min 20,binance_rest
run_20260426_202813,ETH/USDT,crypto,H1,trend_momentum,ema_alignment,adx_min=20|ema_long=200|ema_mid=50|ema_short=20,both,all,NEEDS_MORE_DATA,11,,,,,,,,,,,,,,,,only 11 trades < min 20,binance_rest
run_20260426_202813,ETH/USDT,crypto,H1,trend_momentum,ema_alignment,adx_min=25|ema_long=200|ema_mid=50|ema_short=20,both,all,NEEDS_MORE_DATA,11,,,,,,,,,,,,,,,,only 11 trades < min 20,binance_rest
run_20260426_202813,ETH/USDT,crypto,H1,pullback,pullback_ema,pullback_period=20|rsi_reclaim=False|rsi_threshold=50|trend_period=200,both,all,REJECT,78,0.102564,0.357452,-0.003594,-0.003594,-0.247793,-1.494793,-3.147175,0.078078,5.628205,-0.247793,-0.247793,-0.198506,-0.107904,0.563075,,,binance_rest
run_20260426_202813,ETH/USDT,crypto,H1,pullback,pullback_ema,pullback_period=20|rsi_reclaim=True|rsi_threshold=50|trend_period=200,both,all,REJECT,63,0.111111,0.445582,-0.002917,-0.002917,-0.171144,-1.038175,-2.137183,0.063063,6.285714,-0.171144,-0.171144,-0.134581,-0.089611,0.599754,,,binance_rest
run_20260426_202813,ETH/USDT,crypto,H1,pullback,pullback_ema,pullback_period=50|rsi_reclaim=False|rsi_threshold=50|trend_period=200,both,all,REJECT,35,0.200000,0.899928,-0.000570,-0.000570,-0.068412,-0.103562,-0.206421,0.035035,11.885714,-0.024213,-0.024213,-0.037503,-0.030935,0.557463,,,binance_rest
run_20260426_202813,ETH/USDT,crypto,H1,breakout,prev_day_hl,atr_expand_min=0.0,both,all,REJECT,20,0.300000,0.386292,-0.011272,-0.011272,-0.279921,-0.800084,-1.703334,0.020020,48.200000,-0.209880,-0.209880,-0.113309,-0.089749,0.457621,,,binance_rest
run_20260426_202813,ETH/USDT,crypto,H1,breakout,prev_day_hl,atr_expand_min=0.5,both,all,REJECT,20,0.300000,0.386292,-0.011272,-0.011272,-0.279921,-0.800084,-1.703334,0.020020,48.200000,-0.209880,-0.209880,-0.113309,-0.089749,0.457621,,,binance_rest
run_20260426_202813,ETH/USDT,crypto,H1,breakout,prev_day_hl,atr_expand_min=1.0,both,all,NEEDS_MORE_DATA,18,,,,,,,,,,,,,,,,only 18 trades < min 20,binance_rest
run_20260426_202813,ETH/USDT,crypto,H1,breakout,session_opening_range,atr_expand_min=0.0|range_bars=12,both,all,REJECT,30,0.366667,0.745530,-0.003207,-0.003207,-0.189111,-0.324718,-0.651274,0.030030,32.266667,-0.101717,-0.101717,-0.187082,0.042154,0.280000,,,binance_rest
run_20260426_202813,ETH/USDT,crypto,H1,breakout,session_opening_range,atr_expand_min=0.5|range_bars=12,both,all,REJECT,30,0.366667,0.745530,-0.003207,-0.003207,-0.189111,-0.324718,-0.651274,0.030030,32.266667,-0.101717,-0.101717,-0.187082,0.042154,0.280000,,,binance_rest
run_20260426_202813,ETH/USDT,crypto,H1,breakout,london_breakout,atr_expand_min=0.0|utc_end=11|utc_start=7,both,all,NEEDS_MORE_DATA,15,,,,,,,,,,,,,,,,only 15 trades < min 20,binance_rest
run_20260426_202813,ETH/USDT,crypto,H1,breakout,london_breakout,atr_expand_min=0.5|utc_end=11|utc_start=7,both,all,NEEDS_MORE_DATA,15,,,,,,,,,,,,,,,,only 15 trades < min 20,binance_rest
run_20260426_202813,ETH/USDT,crypto,H1,breakout,ny_breakout,atr_expand_min=0.0|utc_end=16|utc_start=13,both,all,NEEDS_MORE_DATA,19,,,,,,,,,,,,,,,,only 19 trades < min 20,binance_rest
run_20260426_202813,ETH/USDT,crypto,H1,breakout,ny_breakout,atr_expand_min=0.5|utc_end=16|utc_start=13,both,all,NEEDS_MORE_DATA,19,,,,,,,,,,,,,,,,only 19 trades < min 20,binance_rest
run_20260426_202813,ETH/USDT,crypto,H1,mean_reversion,rsi_extreme,overbought=70|oversold=30|period=14,both,all,NEEDS_MORE_DATA,16,,,,,,,,,,,,,,,,only 16 trades < min 20,binance_rest
run_20260426_202813,ETH/USDT,crypto,H1,mean_reversion,rsi_extreme,overbought=75|oversold=30|period=14,both,all,NEEDS_MORE_DATA,14,,,,,,,,,,,,,,,,only 14 trades < min 20,binance_rest
run_20260426_202813,ETH/USDT,crypto,H1,mean_reversion,rsi_extreme,overbought=70|oversold=25|period=14,both,all,NEEDS_MORE_DATA,13,,,,,,,,,,,,,,,,only 13 trades < min 20,binance_rest
run_20260426_202813,ETH/USDT,crypto,H1,mean_reversion,rsi_extreme,overbought=75|oversold=25|period=14,both,all,NEEDS_MORE_DATA,11,,,,,,,,,,,,,,,,only 11 trades < min 20,binance_rest
run_20260426_202813,ETH/USDT,crypto,H1,mean_reversion,bollinger_touch,num_std=2.0|period=20,both,all,REJECT,33,0.515152,0.364235,-0.006453,-0.006453,-0.198827,-0.926214,-1.944600,0.033033,16.151515,-0.197348,-0.197348,-0.120634,-0.024835,0.359762,,,binance_rest
run_20260426_202813,ETH/USDT,crypto,H1,mean_reversion,bollinger_touch,num_std=2.5|period=20,both,all,REJECT,25,0.520000,0.576432,-0.003922,-0.003922,-0.115588,-0.481294,-0.976422,0.025025,16.560000,-0.098222,-0.098222,-0.051392,0.005961,0.250000,,,binance_rest
run_20260426_202813,ETH/USDT,crypto,H1,mean_reversion,vwap_deviation,std_threshold=1.5,both,all,NEEDS_MORE_DATA,6,,,,,,,,,,,,,,,,only 6 trades < min 20,binance_rest
run_20260426_202813,ETH/USDT,crypto,H1,mean_reversion,vwap_deviation,std_threshold=2.0,both,all,NEEDS_MORE_DATA,4,,,,,,,,,,,,,,,,only 4 trades < min 20,binance_rest
run_20260426_202813,SOL/USDT,crypto,H1,trend_momentum,ema_cross,adx_min=0|fast_period=10|rsi_confirm=False|slow_period=50,both,all,REJECT,41,0.146341,0.198670,-0.012675,-0.012675,-0.411395,-1.833606,-4.403807,0.041041,23.975610,-0.411395,-0.411395,-0.351739,-0.093902,0.426089,,,binance_rest
run_20260426_202813,SOL/USDT,crypto,H1,trend_momentum,ema_cross,adx_min=0|fast_period=10|rsi_confirm=True|slow_period=50,both,all,REJECT,40,0.150000,0.204807,-0.012507,-0.012507,-0.399729,-1.780870,-4.246346,0.040040,24.200000,-0.399729,-0.399729,-0.338891,-0.093902,0.423126,,,binance_rest
run_20260426_202813,SOL/USDT,crypto,H1,trend_momentum,ema_cross,adx_min=20|fast_period=10|rsi_confirm=False|slow_period=50,both,all,REJECT,39,0.153846,0.210239,-0.012410,-0.012410,-0.389807,-1.734426,-4.112406,0.039039,24.666667,-0.389807,-0.389807,-0.327963,-0.093902,0.419896,,,binance_rest
run_20260426_202813,SOL/USDT,crypto,H1,trend_momentum,ema_cross,adx_min=20|fast_period=10|rsi_confirm=True|slow_period=50,both,all,REJECT,38,0.157895,0.217125,-0.012226,-0.012226,-0.377713,-1.680256,-3.954588,0.038038,24.921053,-0.377713,-0.377713,-0.314643,-0.093902,0.417532,,,binance_rest
run_20260426_202813,SOL/USDT,crypto,H1,trend_momentum,ema_cross,adx_min=25|fast_period=10|rsi_confirm=False|slow_period=50,both,all,REJECT,29,0.172414,0.194642,-0.013349,-0.013349,-0.326461,-1.538099,-3.700194,0.029029,27.517241,-0.326461,-0.326461,-0.314622,-0.019303,0.292406,,,binance_rest
run_20260426_202813,SOL/USDT,crypto,H1,trend_momentum,ema_cross,adx_min=25|fast_period=10|rsi_confirm=True|slow_period=50,both,all,REJECT,28,0.178571,0.202843,-0.013131,-0.013131,-0.313111,-1.477805,-3.520689,0.028028,27.964286,-0.313111,-0.313111,-0.301039,-0.019303,0.287237,,,binance_rest
run_20260426_202813,SOL/USDT,crypto,H1,trend_momentum,ema_cross,adx_min=0|fast_period=10|rsi_confirm=False|slow_period=100,both,all,REJECT,27,0.148148,0.271370,-0.010744,-0.010744,-0.257047,-1.234730,-2.781454,0.027027,36.407407,-0.257047,-0.257047,-0.195257,-0.069164,0.368265,,,binance_rest
run_20260426_202813,SOL/USDT,crypto,H1,trend_momentum,ema_cross,adx_min=0|fast_period=10|rsi_confirm=True|slow_period=100,both,all,REJECT,26,0.153846,0.284743,-0.010438,-0.010438,-0.256210,-1.169506,-2.610118,0.026026,37.192308,-0.242890,-0.242890,-0.179923,-0.069164,0.371322,,,binance_rest
run_20260426_202813,SOL/USDT,crypto,H1,trend_momentum,ema_cross,adx_min=20|fast_period=10|rsi_confirm=False|slow_period=100,both,all,REJECT,27,0.148148,0.271370,-0.010744,-0.010744,-0.257047,-1.234730,-2.781454,0.027027,36.407407,-0.257047,-0.257047,-0.195257,-0.069164,0.368265,,,binance_rest
run_20260426_202813,SOL/USDT,crypto,H1,trend_momentum,ema_cross,adx_min=20|fast_period=10|rsi_confirm=True|slow_period=100,both,all,REJECT,26,0.153846,0.284743,-0.010438,-0.010438,-0.256210,-1.169506,-2.610118,0.026026,37.192308,-0.242890,-0.242890,-0.179923,-0.069164,0.371322,,,binance_rest
run_20260426_202813,SOL/USDT,crypto,H1,trend_momentum,ema_cross,adx_min=25|fast_period=10|rsi_confirm=False|slow_period=100,both,all,REJECT,20,0.150000,0.199611,-0.013722,-0.013722,-0.244549,-1.268768,-3.049335,0.020020,40.100000,-0.244549,-0.244549,-0.225752,-0.016226,0.241563,,,binance_rest
run_20260426_202813,SOL/USDT,crypto,H1,trend_momentum,ema_cross,adx_min=25|fast_period=10|rsi_confirm=True|slow_period=100,both,all,NEEDS_MORE_DATA,19,,,,,,,,,,,,,,,,only 19 trades < min 20,binance_rest
run_20260426_202813,SOL/USDT,crypto,H1,trend_momentum,ema_cross,adx_min=0|fast_period=10|rsi_confirm=False|slow_period=200,both,all,REJECT,29,0.103448,0.175022,-0.013560,-0.013560,-0.331375,-1.458181,-3.429280,0.029029,33.689655,-0.331375,-0.331375,-0.219296,-0.142359,0.468749,,,binance_rest
run_20260426_202813,SOL/USDT,crypto,H1,trend_momentum,ema_cross,adx_min=0|fast_period=10|rsi_confirm=True|slow_period=200,both,all,REJECT,25,0.080000,0.175997,-0.013605,-0.013605,-0.294330,-1.318310,-3.071476,0.025025,33.920000,-0.294330,-0.294330,-0.178673,-0.139612,0.484414,,,binance_rest
run_20260426_202813,SOL/USDT,crypto,H1,trend_momentum,ema_cross,adx_min=20|fast_period=10|rsi_confirm=False|slow_period=200,both,all,REJECT,29,0.103448,0.175022,-0.013560,-0.013560,-0.331375,-1.458181,-3.429280,0.029029,33.689655,-0.331375,-0.331375,-0.219296,-0.142359,0.468749,,,binance_rest
run_20260426_202813,SOL/USDT,crypto,H1,trend_momentum,ema_cross,adx_min=20|fast_period=10|rsi_confirm=True|slow_period=200,both,all,REJECT,25,0.080000,0.175997,-0.013605,-0.013605,-0.294330,-1.318310,-3.071476,0.025025,33.920000,-0.294330,-0.294330,-0.178673,-0.139612,0.484414,,,binance_rest
run_20260426_202813,SOL/USDT,crypto,H1,trend_momentum,ema_cross,adx_min=25|fast_period=10|rsi_confirm=False|slow_period=200,both,all,REJECT,24,0.083333,0.223780,-0.011987,-0.011987,-0.255021,-1.246879,-2.869791,0.024024,31.666667,-0.255021,-0.255021,-0.164534,-0.107056,0.439199,,,binance_rest
run_20260426_202813,SOL/USDT,crypto,H1,trend_momentum,ema_cross,adx_min=25|fast_period=10|rsi_confirm=True|slow_period=200,both,all,REJECT,20,0.050000,0.234597,-0.011739,-0.011739,-0.213903,-1.082621,-2.454364,0.020020,31.550000,-0.213903,-0.213903,-0.121237,-0.104196,0.477831,,,binance_rest
run_20260426_202813,SOL/USDT,crypto,H1,trend_momentum,ema_cross,adx_min=0|fast_period=20|rsi_confirm=False|slow_period=50,both,all,REJECT,33,0.121212,0.170663,-0.016473,-0.016473,-0.426561,-1.749063,-4.340785,0.033033,29.818182,-0.426561,-0.426561,-0.349325,-0.108197,0.390920,,,binance_rest
run_20260426_202813,SOL/USDT,crypto,H1,trend_momentum,ema_cross,adx_min=0|fast_period=20|rsi_confirm=True|slow_period=50,both,all,REJECT,32,0.125000,0.177865,-0.016158,-0.016158,-0.410928,-1.687208,-4.142451,0.032032,30.250000,-0.410928,-0.410928,-0.331586,-0.108197,0.389891,,,binance_rest
run_20260426_202813,SOL/USDT,crypto,H1,trend_momentum,ema_cross,adx_min=20|fast_period=20|rsi_confirm=False|slow_period=50,both,all,REJECT,32,0.125000,0.176140,-0.016351,-0.016351,-0.414630,-1.697501,-4.181025,0.032032,30.218750,-0.414630,-0.414630,-0.335787,-0.108197,0.388666,,,binance_rest
run_20260426_202813,SOL/USDT,crypto,H1,trend_momentum,ema_cross,adx_min=20|fast_period=20|rsi_confirm=True|slow_period=50,both,all,REJECT,31,0.129032,0.183822,-0.016022,-0.016022,-0.398671,-1.634622,-3.982371,0.031031,30.677419,-0.398671,-0.398671,-0.317678,-0.108197,0.388176,,,binance_rest
run_20260426_202813,SOL/USDT,crypto,H1,trend_momentum,ema_cross,adx_min=25|fast_period=20|rsi_confirm=False|slow_period=50,both,all,REJECT,23,0.130435,0.153493,-0.017329,-0.017329,-0.335177,-1.457774,-3.624877,0.023023,34.521739,-0.335177,-0.335177,-0.298510,-0.040975,0.279180,,,binance_rest
run_20260426_202813,SOL/USDT,crypto,H1,trend_momentum,ema_cross,adx_min=25|fast_period=20|rsi_confirm=True|slow_period=50,both,all,REJECT,22,0.136364,0.162662,-0.016910,-0.016910,-0.317053,-1.386029,-3.395733,0.022022,35.363636,-0.317053,-0.317053,-0.279385,-0.040975,0.275999,,,binance_rest
run_20260426_202813,SOL/USDT,crypto,H1,trend_momentum,ema_cross,adx_min=0|fast_period=20|rsi_confirm=False|slow_period=100,both,all,NEEDS_MORE_DATA,19,,,,,,,,,,,,,,,,only 19 trades < min 20,binance_rest
run_20260426_202813,SOL/USDT,crypto,H1,trend_momentum,ema_cross,adx_min=0|fast_period=20|rsi_confirm=True|slow_period=100,both,all,NEEDS_MORE_DATA,18,,,,,,,,,,,,,,,,only 18 trades < min 20,binance_rest
run_20260426_202813,SOL/USDT,crypto,H1,trend_momentum,ema_cross,adx_min=20|fast_period=20|rsi_confirm=False|slow_period=100,both,all,NEEDS_MORE_DATA,19,,,,,,,,,,,,,,,,only 19 trades < min 20,binance_rest
run_20260426_202813,SOL/USDT,crypto,H1,trend_momentum,ema_cross,adx_min=20|fast_period=20|rsi_confirm=True|slow_period=100,both,all,NEEDS_MORE_DATA,18,,,,,,,,,,,,,,,,only 18 trades < min 20,binance_rest
run_20260426_202813,SOL/USDT,crypto,H1,trend_momentum,ema_cross,adx_min=25|fast_period=20|rsi_confirm=False|slow_period=100,both,all,NEEDS_MORE_DATA,18,,,,,,,,,,,,,,,,only 18 trades < min 20,binance_rest
run_20260426_202813,SOL/USDT,crypto,H1,trend_momentum,ema_cross,adx_min=25|fast_period=20|rsi_confirm=True|slow_period=100,both,all,NEEDS_MORE_DATA,17,,,,,,,,,,,,,,,,only 17 trades < min 20,binance_rest
run_20260426_202813,SOL/USDT,crypto,H1,trend_momentum,ema_cross,adx_min=0|fast_period=20|rsi_confirm=False|slow_period=200,both,all,NEEDS_MORE_DATA,17,,,,,,,,,,,,,,,,only 17 trades < min 20,binance_rest
run_20260426_202813,SOL/USDT,crypto,H1,trend_momentum,ema_cross,adx_min=0|fast_period=20|rsi_confirm=True|slow_period=200,both,all,NEEDS_MORE_DATA,16,,,,,,,,,,,,,,,,only 16 trades < min 20,binance_rest
run_20260426_202813,SOL/USDT,crypto,H1,trend_momentum,ema_cross,adx_min=20|fast_period=20|rsi_confirm=False|slow_period=200,both,all,NEEDS_MORE_DATA,17,,,,,,,,,,,,,,,,only 17 trades < min 20,binance_rest
run_20260426_202813,SOL/USDT,crypto,H1,trend_momentum,ema_cross,adx_min=20|fast_period=20|rsi_confirm=True|slow_period=200,both,all,NEEDS_MORE_DATA,16,,,,,,,,,,,,,,,,only 16 trades < min 20,binance_rest
run_20260426_202813,SOL/USDT,crypto,H1,trend_momentum,ema_cross,adx_min=25|fast_period=20|rsi_confirm=False|slow_period=200,both,all,NEEDS_MORE_DATA,13,,,,,,,,,,,,,,,,only 13 trades < min 20,binance_rest
run_20260426_202813,SOL/USDT,crypto,H1,trend_momentum,ema_cross,adx_min=25|fast_period=20|rsi_confirm=True|slow_period=200,both,all,NEEDS_MORE_DATA,12,,,,,,,,,,,,,,,,only 12 trades < min 20,binance_rest
run_20260426_202813,SOL/USDT,crypto,H1,trend_momentum,ema_alignment,adx_min=0|ema_long=200|ema_mid=50|ema_short=20,both,all,REJECT,20,0.150000,0.133983,-0.017854,-0.017854,-0.305902,-1.434571,-3.689803,0.020020,33.550000,-0.305902,-0.305902,-0.272991,-0.068427,0.295198,,,binance_rest
run_20260426_202813,SOL/USDT,crypto,H1,trend_momentum,ema_alignment,adx_min=20|ema_long=200|ema_mid=50|ema_short=20,both,all,REJECT,20,0.150000,0.133983,-0.017854,-0.017854,-0.305902,-1.434571,-3.689803,0.020020,33.550000,-0.305902,-0.305902,-0.272991,-0.068427,0.295198,,,binance_rest
run_20260426_202813,SOL/USDT,crypto,H1,trend_momentum,ema_alignment,adx_min=25|ema_long=200|ema_mid=50|ema_short=20,both,all,NEEDS_MORE_DATA,18,,,,,,,,,,,,,,,,only 18 trades < min 20,binance_rest
run_20260426_202813,SOL/USDT,crypto,H1,trend_momentum,macd_direction,adx_min=0|fast=12|signal_period=9|slow=26,both,all,REJECT,83,0.325301,0.956170,-0.000303,-0.000303,-0.162994,-0.075104,-0.149629,0.083083,11.963855,-0.038417,-0.038417,-0.009816,-0.070565,0.400000,,,binance_rest
run_20260426_202813,SOL/USDT,crypto,H1,trend_momentum,macd_direction,adx_min=20|fast=12|signal_period=9|slow=26,both,all,REJECT,79,0.341772,0.999194,-0.000006,-0.000006,-0.162994,-0.001326,-0.002642,0.079079,12.367089,-0.014260,-0.014260,-0.000550,-0.056048,0.400000,,,binance_rest
run_20260426_202813,SOL/USDT,crypto,H1,pullback,pullback_ema,pullback_period=20|rsi_reclaim=False|rsi_threshold=50|trend_period=200,both,all,REJECT,73,0.150685,0.414916,-0.003344,-0.003344,-0.226115,-1.239372,-2.570362,0.073073,6.863014,-0.220414,-0.220414,-0.165037,-0.066323,0.520560,,,binance_rest
run_20260426_202813,SOL/USDT,crypto,H1,pullback,pullback_ema,pullback_period=20|rsi_reclaim=True|rsi_threshold=50|trend_period=200,both,all,REJECT,66,0.166667,0.449476,-0.003213,-0.003213,-0.208399,-1.088059,-2.243314,0.066066,7.272727,-0.194910,-0.194910,-0.147843,-0.055233,0.512079,,,binance_rest
run_20260426_202813,SOL/USDT,crypto,H1,pullback,pullback_ema,pullback_period=50|rsi_reclaim=False|rsi_threshold=50|trend_period=200,both,all,REJECT,55,0.145455,0.358852,-0.004152,-0.004152,-0.207002,-1.355625,-2.887406,0.055055,10.727273,-0.207002,-0.207002,-0.155907,-0.067022,0.528966,,,binance_rest
run_20260426_202813,SOL/USDT,crypto,H1,pullback,pullback_ema,pullback_period=50|rsi_reclaim=True|rsi_threshold=50|trend_period=200,both,all,REJECT,42,0.190476,0.457785,-0.003616,-0.003616,-0.152521,-0.934287,-1.939331,0.042042,13.023810,-0.143725,-0.143725,-0.099190,-0.056194,0.521957,,,binance_rest
run_20260426_202813,SOL/USDT,crypto,H1,breakout,prev_day_hl,atr_expand_min=0.0,both,all,REJECT,23,0.217391,0.196567,-0.020056,-0.020056,-0.398294,-1.373710,-3.313835,0.023023,39.000000,-0.378573,-0.378573,-0.323968,-0.091980,0.323175,,,binance_rest
run_20260426_202813,SOL/USDT,crypto,H1,breakout,prev_day_hl,atr_expand_min=0.5,both,all,REJECT,23,0.217391,0.196567,-0.020056,-0.020056,-0.398294,-1.373710,-3.313835,0.023023,39.000000,-0.378573,-0.378573,-0.323968,-0.091980,0.323175,,,binance_rest
run_20260426_202813,SOL/USDT,crypto,H1,breakout,prev_day_hl,atr_expand_min=1.0,both,all,REJECT,22,0.227273,0.195988,-0.021045,-0.021045,-0.399477,-1.366442,-3.323923,0.022022,38.000000,-0.379795,-0.379795,-0.328372,-0.087823,0.312235,,,binance_rest
run_20260426_202813,SOL/USDT,crypto,H1,breakout,session_opening_range,atr_expand_min=0.0|range_bars=6,both,all,REJECT,60,0.283333,0.702256,-0.002943,-0.002943,-0.212718,-0.512793,-1.029963,0.060060,16.383333,-0.174083,-0.174083,-0.121308,-0.037868,0.493649,,,binance_rest
run_20260426_202813,SOL/USDT,crypto,H1,breakout,session_opening_range,atr_expand_min=0.5|range_bars=6,both,all,REJECT,60,0.283333,0.702256,-0.002943,-0.002943,-0.212718,-0.512793,-1.029963,0.060060,16.383333,-0.174083,-0.174083,-0.121308,-0.037868,0.493649,,,binance_rest
run_20260426_202813,SOL/USDT,crypto,H1,breakout,session_opening_range,atr_expand_min=0.0|range_bars=12,both,all,REJECT,36,0.388889,0.864789,-0.001297,-0.001297,-0.140857,-0.162492,-0.324147,0.036036,27.305556,-0.055298,-0.055298,-0.029945,-0.077784,0.316000,,,binance_rest
run_20260426_202813,SOL/USDT,crypto,H1,breakout,session_opening_range,atr_expand_min=0.5|range_bars=12,both,all,REJECT,36,0.388889,0.864789,-0.001297,-0.001297,-0.140857,-0.162492,-0.324147,0.036036,27.305556,-0.055298,-0.055298,-0.029945,-0.077784,0.316000,,,binance_rest
run_20260426_202813,SOL/USDT,crypto,H1,breakout,london_breakout,atr_expand_min=0.0|utc_end=11|utc_start=7,both,all,NEEDS_MORE_DATA,9,,,,,,,,,,,,,,,,only 9 trades < min 20,binance_rest
run_20260426_202813,SOL/USDT,crypto,H1,breakout,london_breakout,atr_expand_min=0.5|utc_end=11|utc_start=7,both,all,NEEDS_MORE_DATA,9,,,,,,,,,,,,,,,,only 9 trades < min 20,binance_rest
run_20260426_202813,SOL/USDT,crypto,H1,breakout,ny_breakout,atr_expand_min=0.0|utc_end=16|utc_start=13,both,all,NEEDS_MORE_DATA,17,,,,,,,,,,,,,,,,only 17 trades < min 20,binance_rest
run_20260426_202813,SOL/USDT,crypto,H1,breakout,ny_breakout,atr_expand_min=0.5|utc_end=16|utc_start=13,both,all,NEEDS_MORE_DATA,17,,,,,,,,,,,,,,,,only 17 trades < min 20,binance_rest
run_20260426_202813,SOL/USDT,crypto,H1,mean_reversion,rsi_extreme,overbought=70|oversold=30|period=14,both,all,NEEDS_MORE_DATA,15,,,,,,,,,,,,,,,,only 15 trades < min 20,binance_rest
run_20260426_202813,SOL/USDT,crypto,H1,mean_reversion,rsi_extreme,overbought=75|oversold=30|period=14,both,all,NEEDS_MORE_DATA,11,,,,,,,,,,,,,,,,only 11 trades < min 20,binance_rest
run_20260426_202813,SOL/USDT,crypto,H1,mean_reversion,rsi_extreme,overbought=70|oversold=25|period=14,both,all,NEEDS_MORE_DATA,10,,,,,,,,,,,,,,,,only 10 trades < min 20,binance_rest
run_20260426_202813,SOL/USDT,crypto,H1,mean_reversion,rsi_extreme,overbought=75|oversold=25|period=14,both,all,NEEDS_MORE_DATA,6,,,,,,,,,,,,,,,,only 6 trades < min 20,binance_rest
run_20260426_202813,SOL/USDT,crypto,H1,mean_reversion,bollinger_touch,num_std=2.0|period=20,both,all,REJECT,38,0.605263,0.949350,-0.000339,-0.000339,-0.092916,-0.057466,-0.114494,0.038038,14.815789,-0.019142,-0.019142,0.006968,-0.007593,0.328000,,,binance_rest
run_20260426_202813,SOL/USDT,crypto,H1,mean_reversion,bollinger_touch,num_std=2.5|period=20,both,all,REJECT,25,0.560000,0.762842,-0.001928,-0.001928,-0.095120,-0.234690,-0.469519,0.025025,16.360000,-0.052215,-0.052215,-0.036225,0.001922,0.250000,,,binance_rest
run_20260426_202813,SOL/USDT,crypto,H1,mean_reversion,vwap_deviation,std_threshold=2.0,both,all,NEEDS_MORE_DATA,13,,,,,,,,,,,,,,,,only 13 trades < min 20,binance_rest
run_20260426_202813,BTC/USDT,crypto,H1,trend_momentum,ema_cross,adx_min=0|fast_period=10|rsi_confirm=False|slow_period=50,both,all,REJECT,29,0.206897,0.548668,-0.004814,-0.004814,-0.179343,-0.674002,-1.385095,0.029029,33.931034,-0.134971,-0.134971,-0.162397,-0.012418,0.296940,,,binance_rest
run_20260426_202813,BTC/USDT,crypto,H1,trend_momentum,ema_cross,adx_min=0|fast_period=10|rsi_confirm=True|slow_period=50,both,all,REJECT,27,0.222222,0.592546,-0.004327,-0.004327,-0.160323,-0.571311,-1.165606,0.027027,35.888889,-0.114921,-0.114921,-0.142983,-0.012418,0.288055,,,binance_rest
run_20260426_202813,BTC/USDT,crypto,H1,trend_momentum,ema_cross,adx_min=20|fast_period=10|rsi_confirm=False|slow_period=50,both,all,REJECT,28,0.214286,0.558311,-0.004795,-0.004795,-0.179343,-0.649024,-1.332112,0.028028,33.928571,-0.130325,-0.130325,-0.162397,-0.007114,0.281142,,,binance_rest
run_20260426_202813,BTC/USDT,crypto,H1,trend_momentum,ema_cross,adx_min=20|fast_period=10|rsi_confirm=True|slow_period=50,both,all,REJECT,26,0.230769,0.603795,-0.004288,-0.004288,-0.160323,-0.545896,-1.112369,0.026026,35.961538,-0.110168,-0.110168,-0.142983,-0.007114,0.270926,,,binance_rest
run_20260426_202813,BTC/USDT,crypto,H1,trend_momentum,ema_cross,adx_min=25|fast_period=10|rsi_confirm=False|slow_period=50,both,all,REJECT,25,0.200000,0.488676,-0.005784,-0.005784,-0.187281,-0.743565,-1.548967,0.025025,32.080000,-0.138736,-0.138736,-0.170498,-0.007114,0.262517,,,binance_rest
run_20260426_202813,BTC/USDT,crypto,H1,trend_momentum,ema_cross,adx_min=25|fast_period=10|rsi_confirm=True|slow_period=50,both,all,REJECT,24,0.208333,0.517109,-0.005377,-0.005377,-0.174444,-0.672019,-1.390313,0.024024,32.916667,-0.125133,-0.125133,-0.157397,-0.007114,0.257559,,,binance_rest
run_20260426_202813,BTC/USDT,crypto,H1,trend_momentum,ema_cross,adx_min=0|fast_period=10|rsi_confirm=False|slow_period=100,both,all,REJECT,23,0.173913,0.633620,-0.004286,-0.004286,-0.140385,-0.453823,-0.920150,0.023023,37.000000,-0.099167,-0.099167,-0.101569,-0.035698,0.343441,,,binance_rest
run_20260426_202813,BTC/USDT,crypto,H1,trend_momentum,ema_cross,adx_min=0|fast_period=10|rsi_confirm=True|slow_period=100,both,all,REJECT,21,0.190476,0.697155,-0.003527,-0.003527,-0.134731,-0.345295,-0.695557,0.021021,39.571429,-0.076664,-0.076664,-0.090973,-0.023130,0.302276,,,binance_rest
run_20260426_202813,BTC/USDT,crypto,H1,trend_momentum,ema_cross,adx_min=20|fast_period=10|rsi_confirm=False|slow_period=100,both,all,REJECT,23,0.173913,0.633620,-0.004286,-0.004286,-0.140385,-0.453823,-0.920150,0.023023,37.000000,-0.099167,-0.099167,-0.101569,-0.035698,0.343441,,,binance_rest
run_20260426_202813,BTC/USDT,crypto,H1,trend_momentum,ema_cross,adx_min=20|fast_period=10|rsi_confirm=True|slow_period=100,both,all,REJECT,21,0.190476,0.697155,-0.003527,-0.003527,-0.134731,-0.345295,-0.695557,0.021021,39.571429,-0.076664,-0.076664,-0.090973,-0.023130,0.302276,,,binance_rest
run_20260426_202813,BTC/USDT,crypto,H1,trend_momentum,ema_cross,adx_min=25|fast_period=10|rsi_confirm=False|slow_period=100,both,all,REJECT,20,0.150000,0.531148,-0.005590,-0.005590,-0.150675,-0.576392,-1.187186,0.020020,34.950000,-0.109950,-0.109950,-0.112323,-0.035698,0.315346,,,binance_rest
run_20260426_202813,BTC/USDT,crypto,H1,trend_momentum,ema_cross,adx_min=25|fast_period=10|rsi_confirm=True|slow_period=100,both,all,NEEDS_MORE_DATA,18,,,,,,,,,,,,,,,,only 18 trades < min 20,binance_rest
run_20260426_202813,BTC/USDT,crypto,H1,trend_momentum,ema_cross,adx_min=0|fast_period=10|rsi_confirm=False|slow_period=200,both,all,NEEDS_MORE_DATA,11,,,,,,,,,,,,,,,,only 11 trades < min 20,binance_rest
run_20260426_202813,BTC/USDT,crypto,H1,trend_momentum,ema_cross,adx_min=0|fast_period=10|rsi_confirm=True|slow_period=200,both,all,NEEDS_MORE_DATA,9,,,,,,,,,,,,,,,,only 9 trades < min 20,binance_rest
run_20260426_202813,BTC/USDT,crypto,H1,trend_momentum,ema_cross,adx_min=20|fast_period=10|rsi_confirm=False|slow_period=200,both,all,NEEDS_MORE_DATA,11,,,,,,,,,,,,,,,,only 11 trades < min 20,binance_rest
run_20260426_202813,BTC/USDT,crypto,H1,trend_momentum,ema_cross,adx_min=20|fast_period=10|rsi_confirm=True|slow_period=200,both,all,NEEDS_MORE_DATA,9,,,,,,,,,,,,,,,,only 9 trades < min 20,binance_rest
run_20260426_202813,BTC/USDT,crypto,H1,trend_momentum,ema_cross,adx_min=25|fast_period=10|rsi_confirm=False|slow_period=200,both,all,NEEDS_MORE_DATA,8,,,,,,,,,,,,,,,,only 8 trades < min 20,binance_rest
run_20260426_202813,BTC/USDT,crypto,H1,trend_momentum,ema_cross,adx_min=25|fast_period=10|rsi_confirm=True|slow_period=200,both,all,NEEDS_MORE_DATA,7,,,,,,,,,,,,,,,,only 7 trades < min 20,binance_rest
run_20260426_202813,BTC/USDT,crypto,H1,trend_momentum,ema_cross,adx_min=0|fast_period=20|rsi_confirm=False|slow_period=50,both,all,NEEDS_MORE_DATA,19,,,,,,,,,,,,,,,,only 19 trades < min 20,binance_rest
run_20260426_202813,BTC/USDT,crypto,H1,trend_momentum,ema_cross,adx_min=0|fast_period=20|rsi_confirm=True|slow_period=50,both,all,NEEDS_MORE_DATA,17,,,,,,,,,,,,,,,,only 17 trades < min 20,binance_rest
run_20260426_202813,BTC/USDT,crypto,H1,trend_momentum,ema_cross,adx_min=20|fast_period=20|rsi_confirm=False|slow_period=50,both,all,NEEDS_MORE_DATA,19,,,,,,,,,,,,,,,,only 19 trades < min 20,binance_rest
run_20260426_202813,BTC/USDT,crypto,H1,trend_momentum,ema_cross,adx_min=20|fast_period=20|rsi_confirm=True|slow_period=50,both,all,NEEDS_MORE_DATA,17,,,,,,,,,,,,,,,,only 17 trades < min 20,binance_rest
run_20260426_202813,BTC/USDT,crypto,H1,trend_momentum,ema_cross,adx_min=25|fast_period=20|rsi_confirm=False|slow_period=50,both,all,NEEDS_MORE_DATA,16,,,,,,,,,,,,,,,,only 16 trades < min 20,binance_rest
run_20260426_202813,BTC/USDT,crypto,H1,trend_momentum,ema_cross,adx_min=25|fast_period=20|rsi_confirm=True|slow_period=50,both,all,NEEDS_MORE_DATA,14,,,,,,,,,,,,,,,,only 14 trades < min 20,binance_rest
run_20260426_202813,BTC/USDT,crypto,H1,trend_momentum,ema_cross,adx_min=0|fast_period=20|rsi_confirm=False|slow_period=100,both,all,NEEDS_MORE_DATA,17,,,,,,,,,,,,,,,,only 17 trades < min 20,binance_rest
run_20260426_202813,BTC/USDT,crypto,H1,trend_momentum,ema_cross,adx_min=0|fast_period=20|rsi_confirm=True|slow_period=100,both,all,NEEDS_MORE_DATA,16,,,,,,,,,,,,,,,,only 16 trades < min 20,binance_rest
run_20260426_202813,BTC/USDT,crypto,H1,trend_momentum,ema_cross,adx_min=20|fast_period=20|rsi_confirm=False|slow_period=100,both,all,NEEDS_MORE_DATA,17,,,,,,,,,,,,,,,,only 17 trades < min 20,binance_rest
run_20260426_202813,BTC/USDT,crypto,H1,trend_momentum,ema_cross,adx_min=20|fast_period=20|rsi_confirm=True|slow_period=100,both,all,NEEDS_MORE_DATA,16,,,,,,,,,,,,,,,,only 16 trades < min 20,binance_rest
run_20260426_202813,BTC/USDT,crypto,H1,trend_momentum,ema_cross,adx_min=25|fast_period=20|rsi_confirm=False|slow_period=100,both,all,NEEDS_MORE_DATA,16,,,,,,,,,,,,,,,,only 16 trades < min 20,binance_rest
run_20260426_202813,BTC/USDT,crypto,H1,trend_momentum,ema_cross,adx_min=25|fast_period=20|rsi_confirm=True|slow_period=100,both,all,NEEDS_MORE_DATA,15,,,,,,,,,,,,,,,,only 15 trades < min 20,binance_rest
run_20260426_202813,BTC/USDT,crypto,H1,trend_momentum,ema_cross,adx_min=0|fast_period=20|rsi_confirm=False|slow_period=200,both,all,NEEDS_MORE_DATA,9,,,,,,,,,,,,,,,,only 9 trades < min 20,binance_rest
run_20260426_202813,BTC/USDT,crypto,H1,trend_momentum,ema_cross,adx_min=0|fast_period=20|rsi_confirm=True|slow_period=200,both,all,NEEDS_MORE_DATA,8,,,,,,,,,,,,,,,,only 8 trades < min 20,binance_rest
run_20260426_202813,BTC/USDT,crypto,H1,trend_momentum,ema_cross,adx_min=20|fast_period=20|rsi_confirm=False|slow_period=200,both,all,NEEDS_MORE_DATA,9,,,,,,,,,,,,,,,,only 9 trades < min 20,binance_rest
run_20260426_202813,BTC/USDT,crypto,H1,trend_momentum,ema_cross,adx_min=20|fast_period=20|rsi_confirm=True|slow_period=200,both,all,NEEDS_MORE_DATA,8,,,,,,,,,,,,,,,,only 8 trades < min 20,binance_rest
run_20260426_202813,BTC/USDT,crypto,H1,trend_momentum,ema_cross,adx_min=25|fast_period=20|rsi_confirm=False|slow_period=200,both,all,NEEDS_MORE_DATA,8,,,,,,,,,,,,,,,,only 8 trades < min 20,binance_rest
run_20260426_202813,BTC/USDT,crypto,H1,trend_momentum,ema_cross,adx_min=25|fast_period=20|rsi_confirm=True|slow_period=200,both,all,NEEDS_MORE_DATA,7,,,,,,,,,,,,,,,,only 7 trades < min 20,binance_rest
run_20260426_202813,BTC/USDT,crypto,H1,trend_momentum,ema_alignment,adx_min=0|ema_long=200|ema_mid=50|ema_short=20,both,all,NEEDS_MORE_DATA,12,,,,,,,,,,,,,,,,only 12 trades < min 20,binance_rest
run_20260426_202813,BTC/USDT,crypto,H1,trend_momentum,ema_alignment,adx_min=20|ema_long=200|ema_mid=50|ema_short=20,both,all,NEEDS_MORE_DATA,12,,,,,,,,,,,,,,,,only 12 trades < min 20,binance_rest
run_20260426_202813,BTC/USDT,crypto,H1,trend_momentum,ema_alignment,adx_min=25|ema_long=200|ema_mid=50|ema_short=20,both,all,NEEDS_MORE_DATA,12,,,,,,,,,,,,,,,,only 12 trades < min 20,binance_rest
run_20260426_202813,BTC/USDT,crypto,H1,trend_momentum,macd_direction,adx_min=0|fast=12|signal_period=9|slow=26,both,all,REJECT,73,0.301370,0.999601,-0.000002,-0.000002,-0.077003,-0.000664,-0.001322,0.073073,13.369863,-0.007783,-0.007783,-0.003291,-0.042918,0.400000,,,binance_rest
run_20260426_202813,BTC/USDT,crypto,H1,trend_momentum,macd_direction,adx_min=20|fast=12|signal_period=9|slow=26,both,all,REJECT,70,0.300000,0.960471,-0.000228,-0.000228,-0.077003,-0.065778,-0.131048,0.070070,13.514286,-0.023033,-0.023033,-0.003291,-0.057628,0.400000,,,binance_rest
run_20260426_202813,BTC/USDT,crypto,H1,pullback,pullback_ema,pullback_period=20|rsi_reclaim=False|rsi_threshold=50|trend_period=200,both,all,REJECT,76,0.171053,0.655165,-0.001826,-0.001826,-0.172197,-0.607334,-1.220749,0.076076,6.828947,-0.135177,-0.135177,-0.142979,-0.030370,0.463723,,,binance_rest
run_20260426_202813,BTC/USDT,crypto,H1,pullback,pullback_ema,pullback_period=20|rsi_reclaim=True|rsi_threshold=50|trend_period=200,both,all,REJECT,68,0.176471,0.603590,-0.002153,-0.002153,-0.185868,-0.691455,-1.395676,0.068068,6.985294,-0.140988,-0.140988,-0.120400,-0.023407,0.458323,,,binance_rest
run_20260426_202813,BTC/USDT,crypto,H1,pullback,pullback_ema,pullback_period=50|rsi_reclaim=False|rsi_threshold=50|trend_period=200,both,all,REJECT,47,0.170213,0.964680,-0.000154,-0.000154,-0.058466,-0.039740,-0.079170,0.047047,14.021277,-0.011317,-0.011317,0.001605,-0.039944,0.382000,,,binance_rest
run_20260426_202813,BTC/USDT,crypto,H1,breakout,prev_day_hl,atr_expand_min=0.0,both,all,REJECT,21,0.333333,0.511795,-0.005431,-0.005431,-0.173309,-0.609585,-1.258345,0.021021,44.285714,-0.111731,-0.111731,-0.098262,-0.043481,0.358751,,,binance_rest
run_20260426_202813,BTC/USDT,crypto,H1,breakout,prev_day_hl,atr_expand_min=0.5,both,all,REJECT,21,0.333333,0.511795,-0.005431,-0.005431,-0.173309,-0.609585,-1.258345,0.021021,44.285714,-0.111731,-0.111731,-0.098262,-0.043481,0.358751,,,binance_rest
run_20260426_202813,BTC/USDT,crypto,H1,breakout,prev_day_hl,atr_expand_min=1.0,both,all,REJECT,21,0.333333,0.466592,-0.006325,-0.006325,-0.189057,-0.677906,-1.411765,0.021021,40.095238,-0.128653,-0.128653,-0.113197,-0.045901,0.347649,,,binance_rest
run_20260426_202813,BTC/USDT,crypto,H1,breakout,session_opening_range,atr_expand_min=0.0|range_bars=6,both,all,REJECT,60,0.233333,0.681911,-0.002346,-0.002346,-0.225577,-0.546668,-1.099247,0.060060,16.483333,-0.138445,-0.138445,-0.086519,-0.108818,0.622679,,,binance_rest
run_20260426_202813,BTC/USDT,crypto,H1,breakout,session_opening_range,atr_expand_min=0.5|range_bars=6,both,all,REJECT,60,0.216667,0.623224,-0.002837,-0.002837,-0.247965,-0.667787,-1.349096,0.060060,16.383333,-0.163352,-0.163352,-0.086519,-0.134581,0.533345,,,binance_rest
run_20260426_202813,BTC/USDT,crypto,H1,breakout,session_opening_range,atr_expand_min=0.0|range_bars=12,both,all,REJECT,40,0.250000,0.483862,-0.005790,-0.005790,-0.245002,-0.947024,-1.972640,0.040040,24.100000,-0.212713,-0.212713,-0.107737,-0.162526,0.487440,,,binance_rest
run_20260426_202813,BTC/USDT,crypto,H1,breakout,session_opening_range,atr_expand_min=0.5|range_bars=12,both,all,REJECT,40,0.250000,0.483862,-0.005790,-0.005790,-0.245002,-0.947024,-1.972640,0.040040,24.100000,-0.212713,-0.212713,-0.107737,-0.162526,0.487440,,,binance_rest
run_20260426_202813,BTC/USDT,crypto,H1,breakout,london_breakout,atr_expand_min=0.0|utc_end=11|utc_start=7,both,all,REJECT,20,0.250000,0.447138,-0.006469,-0.006469,-0.163341,-0.695802,-1.456310,0.020020,16.300000,-0.125185,-0.125185,-0.084935,-0.043986,0.375363,,,binance_rest
run_20260426_202813,BTC/USDT,crypto,H1,breakout,london_breakout,atr_expand_min=0.5|utc_end=11|utc_start=7,both,all,REJECT,20,0.250000,0.447138,-0.006469,-0.006469,-0.163341,-0.695802,-1.456310,0.020020,16.300000,-0.125185,-0.125185,-0.084935,-0.043986,0.375363,,,binance_rest
run_20260426_202813,BTC/USDT,crypto,H1,breakout,ny_breakout,atr_expand_min=0.0|utc_end=16|utc_start=13,both,all,NEEDS_MORE_DATA,19,,,,,,,,,,,,,,,,only 19 trades < min 20,binance_rest
run_20260426_202813,BTC/USDT,crypto,H1,breakout,ny_breakout,atr_expand_min=0.5|utc_end=16|utc_start=13,both,all,NEEDS_MORE_DATA,19,,,,,,,,,,,,,,,,only 19 trades < min 20,binance_rest
run_20260426_202813,BTC/USDT,crypto,H1,mean_reversion,rsi_extreme,overbought=70|oversold=30|period=14,both,all,NEEDS_MORE_DATA,13,,,,,,,,,,,,,,,,only 13 trades < min 20,binance_rest
run_20260426_202813,BTC/USDT,crypto,H1,mean_reversion,rsi_extreme,overbought=75|oversold=30|period=14,both,all,NEEDS_MORE_DATA,12,,,,,,,,,,,,,,,,only 12 trades < min 20,binance_rest
run_20260426_202813,BTC/USDT,crypto,H1,mean_reversion,rsi_extreme,overbought=70|oversold=25|period=14,both,all,NEEDS_MORE_DATA,12,,,,,,,,,,,,,,,,only 12 trades < min 20,binance_rest
run_20260426_202813,BTC/USDT,crypto,H1,mean_reversion,rsi_extreme,overbought=75|oversold=25|period=14,both,all,NEEDS_MORE_DATA,11,,,,,,,,,,,,,,,,only 11 trades < min 20,binance_rest
run_20260426_202813,BTC/USDT,crypto,H1,mean_reversion,bollinger_touch,num_std=2.0|period=20,both,all,REJECT,31,0.516129,0.441870,-0.004725,-0.004725,-0.154793,-0.754572,-1.559212,0.031031,15.870968,-0.140439,-0.140439,-0.105375,-0.003830,0.296904,,,binance_rest
run_20260426_202813,BTC/USDT,crypto,H1,mean_reversion,bollinger_touch,num_std=2.5|period=20,both,all,REJECT,22,0.409091,0.327864,-0.006968,-0.006968,-0.145736,-0.848863,-1.809914,0.022022,18.363636,-0.145736,-0.145736,-0.098739,-0.017259,0.284439,,,binance_rest
run_20260426_202813,BTC/USDT,crypto,H1,mean_reversion,vwap_deviation,std_threshold=1.5,both,all,NEEDS_MORE_DATA,4,,,,,,,,,,,,,,,,only 4 trades < min 20,binance_rest
run_20260426_202813,BTC/USDT,crypto,H1,mean_reversion,vwap_deviation,std_threshold=2.0,both,all,NEEDS_MORE_DATA,4,,,,,,,,,,,,,,,,only 4 trades < min 20,binance_rest
run_20260426_202813,BNB/USDT,crypto,H1,trend_momentum,ema_cross,adx_min=0|fast_period=10|rsi_confirm=False|slow_period=50,both,all,REJECT,29,0.206897,0.595480,-0.003691,-0.003691,-0.153126,-0.544103,-1.105847,0.029029,34.413793,-0.105840,-0.105840,-0.114545,-0.030124,0.352896,,,binance_rest
run_20260426_202813,BNB/USDT,crypto,H1,trend_momentum,ema_cross,adx_min=0|fast_period=10|rsi_confirm=True|slow_period=50,both,all,REJECT,29,0.206897,0.595480,-0.003691,-0.003691,-0.153126,-0.544103,-1.105847,0.029029,34.413793,-0.105840,-0.105840,-0.114545,-0.030124,0.352896,,,binance_rest
run_20260426_202813,BNB/USDT,crypto,H1,trend_momentum,ema_cross,adx_min=20|fast_period=10|rsi_confirm=False|slow_period=50,both,all,REJECT,28,0.214286,0.601977,-0.003721,-0.003721,-0.153126,-0.529791,-1.076383,0.028028,34.464286,-0.103279,-0.103279,-0.114545,-0.027346,0.339621,,,binance_rest
run_20260426_202813,BNB/USDT,crypto,H1,trend_momentum,ema_cross,adx_min=20|fast_period=10|rsi_confirm=True|slow_period=50,both,all,REJECT,28,0.214286,0.601977,-0.003721,-0.003721,-0.153126,-0.529791,-1.076383,0.028028,34.464286,-0.103279,-0.103279,-0.114545,-0.027346,0.339621,,,binance_rest
run_20260426_202813,BNB/USDT,crypto,H1,trend_momentum,ema_cross,adx_min=25|fast_period=10|rsi_confirm=False|slow_period=50,both,all,REJECT,23,0.217391,0.572192,-0.004137,-0.004137,-0.159289,-0.520310,-1.060974,0.023023,36.478261,-0.094553,-0.094553,-0.120988,-0.010682,0.264487,,,binance_rest
run_20260426_202813,BNB/USDT,crypto,H1,trend_momentum,ema_cross,adx_min=25|fast_period=10|rsi_confirm=True|slow_period=50,both,all,REJECT,23,0.217391,0.572192,-0.004137,-0.004137,-0.159289,-0.520310,-1.060974,0.023023,36.478261,-0.094553,-0.094553,-0.120988,-0.010682,0.264487,,,binance_rest
run_20260426_202813,BNB/USDT,crypto,H1,trend_momentum,ema_cross,adx_min=0|fast_period=10|rsi_confirm=False|slow_period=100,both,all,NEEDS_MORE_DATA,14,,,,,,,,,,,,,,,,only 14 trades < min 20,binance_rest
run_20260426_202813,BNB/USDT,crypto,H1,trend_momentum,ema_cross,adx_min=0|fast_period=10|rsi_confirm=True|slow_period=100,both,all,NEEDS_MORE_DATA,14,,,,,,,,,,,,,,,,only 14 trades < min 20,binance_rest
run_20260426_202813,BNB/USDT,crypto,H1,trend_momentum,ema_cross,adx_min=20|fast_period=10|rsi_confirm=False|slow_period=100,both,all,NEEDS_MORE_DATA,14,,,,,,,,,,,,,,,,only 14 trades < min 20,binance_rest
run_20260426_202813,BNB/USDT,crypto,H1,trend_momentum,ema_cross,adx_min=20|fast_period=10|rsi_confirm=True|slow_period=100,both,all,NEEDS_MORE_DATA,14,,,,,,,,,,,,,,,,only 14 trades < min 20,binance_rest
run_20260426_202813,BNB/USDT,crypto,H1,trend_momentum,ema_cross,adx_min=25|fast_period=10|rsi_confirm=False|slow_period=100,both,all,NEEDS_MORE_DATA,12,,,,,,,,,,,,,,,,only 12 trades < min 20,binance_rest
run_20260426_202813,BNB/USDT,crypto,H1,trend_momentum,ema_cross,adx_min=25|fast_period=10|rsi_confirm=True|slow_period=100,both,all,NEEDS_MORE_DATA,12,,,,,,,,,,,,,,,,only 12 trades < min 20,binance_rest
run_20260426_202813,BNB/USDT,crypto,H1,trend_momentum,ema_cross,adx_min=0|fast_period=10|rsi_confirm=False|slow_period=200,both,all,NEEDS_MORE_DATA,15,,,,,,,,,,,,,,,,only 15 trades < min 20,binance_rest
run_20260426_202813,BNB/USDT,crypto,H1,trend_momentum,ema_cross,adx_min=0|fast_period=10|rsi_confirm=True|slow_period=200,both,all,NEEDS_MORE_DATA,15,,,,,,,,,,,,,,,,only 15 trades < min 20,binance_rest
run_20260426_202813,BNB/USDT,crypto,H1,trend_momentum,ema_cross,adx_min=20|fast_period=10|rsi_confirm=False|slow_period=200,both,all,NEEDS_MORE_DATA,15,,,,,,,,,,,,,,,,only 15 trades < min 20,binance_rest
run_20260426_202813,BNB/USDT,crypto,H1,trend_momentum,ema_cross,adx_min=20|fast_period=10|rsi_confirm=True|slow_period=200,both,all,NEEDS_MORE_DATA,15,,,,,,,,,,,,,,,,only 15 trades < min 20,binance_rest
run_20260426_202813,BNB/USDT,crypto,H1,trend_momentum,ema_cross,adx_min=25|fast_period=10|rsi_confirm=False|slow_period=200,both,all,NEEDS_MORE_DATA,13,,,,,,,,,,,,,,,,only 13 trades < min 20,binance_rest
run_20260426_202813,BNB/USDT,crypto,H1,trend_momentum,ema_cross,adx_min=25|fast_period=10|rsi_confirm=True|slow_period=200,both,all,NEEDS_MORE_DATA,13,,,,,,,,,,,,,,,,only 13 trades < min 20,binance_rest
run_20260426_202813,BNB/USDT,crypto,H1,trend_momentum,ema_cross,adx_min=0|fast_period=20|rsi_confirm=False|slow_period=50,both,all,REJECT,24,0.250000,0.662521,-0.003305,-0.003305,-0.132572,-0.409421,-0.826846,0.024024,40.250000,-0.080560,-0.080560,-0.080989,-0.035126,0.374115,,,binance_rest
run_20260426_202813,BNB/USDT,crypto,H1,trend_momentum,ema_cross,adx_min=0|fast_period=20|rsi_confirm=True|slow_period=50,both,all,REJECT,24,0.250000,0.662521,-0.003305,-0.003305,-0.132572,-0.409421,-0.826846,0.024024,40.250000,-0.080560,-0.080560,-0.080989,-0.035126,0.374115,,,binance_rest
run_20260426_202813,BNB/USDT,crypto,H1,trend_momentum,ema_cross,adx_min=20|fast_period=20|rsi_confirm=False|slow_period=50,both,all,REJECT,24,0.250000,0.662521,-0.003305,-0.003305,-0.132572,-0.409421,-0.826846,0.024024,40.250000,-0.080560,-0.080560,-0.080989,-0.035126,0.374115,,,binance_rest
run_20260426_202813,BNB/USDT,crypto,H1,trend_momentum,ema_cross,adx_min=20|fast_period=20|rsi_confirm=True|slow_period=50,both,all,REJECT,24,0.250000,0.662521,-0.003305,-0.003305,-0.132572,-0.409421,-0.826846,0.024024,40.250000,-0.080560,-0.080560,-0.080989,-0.035126,0.374115,,,binance_rest
run_20260426_202813,BNB/USDT,crypto,H1,trend_momentum,ema_cross,adx_min=25|fast_period=20|rsi_confirm=False|slow_period=50,both,all,REJECT,22,0.227273,0.574754,-0.004341,-0.004341,-0.155084,-0.516036,-1.052999,0.022022,39.772727,-0.094949,-0.094949,-0.104840,-0.024920,0.303310,,,binance_rest
run_20260426_202813,BNB/USDT,crypto,H1,trend_momentum,ema_cross,adx_min=25|fast_period=20|rsi_confirm=True|slow_period=50,both,all,REJECT,22,0.227273,0.574754,-0.004341,-0.004341,-0.155084,-0.516036,-1.052999,0.022022,39.772727,-0.094949,-0.094949,-0.104840,-0.024920,0.303310,,,binance_rest
run_20260426_202813,BNB/USDT,crypto,H1,trend_momentum,ema_cross,adx_min=0|fast_period=20|rsi_confirm=False|slow_period=100,both,all,NEEDS_MORE_DATA,16,,,,,,,,,,,,,,,,only 16 trades < min 20,binance_rest
run_20260426_202813,BNB/USDT,crypto,H1,trend_momentum,ema_cross,adx_min=0|fast_period=20|rsi_confirm=True|slow_period=100,both,all,NEEDS_MORE_DATA,15,,,,,,,,,,,,,,,,only 15 trades < min 20,binance_rest
run_20260426_202813,BNB/USDT,crypto,H1,trend_momentum,ema_cross,adx_min=20|fast_period=20|rsi_confirm=False|slow_period=100,both,all,NEEDS_MORE_DATA,16,,,,,,,,,,,,,,,,only 16 trades < min 20,binance_rest
run_20260426_202813,BNB/USDT,crypto,H1,trend_momentum,ema_cross,adx_min=20|fast_period=20|rsi_confirm=True|slow_period=100,both,all,NEEDS_MORE_DATA,15,,,,,,,,,,,,,,,,only 15 trades < min 20,binance_rest
run_20260426_202813,BNB/USDT,crypto,H1,trend_momentum,ema_cross,adx_min=25|fast_period=20|rsi_confirm=False|slow_period=100,both,all,NEEDS_MORE_DATA,13,,,,,,,,,,,,,,,,only 13 trades < min 20,binance_rest
run_20260426_202813,BNB/USDT,crypto,H1,trend_momentum,ema_cross,adx_min=25|fast_period=20|rsi_confirm=True|slow_period=100,both,all,NEEDS_MORE_DATA,12,,,,,,,,,,,,,,,,only 12 trades < min 20,binance_rest
run_20260426_202813,BNB/USDT,crypto,H1,trend_momentum,ema_cross,adx_min=0|fast_period=20|rsi_confirm=False|slow_period=200,both,all,NEEDS_MORE_DATA,13,,,,,,,,,,,,,,,,only 13 trades < min 20,binance_rest
run_20260426_202813,BNB/USDT,crypto,H1,trend_momentum,ema_cross,adx_min=0|fast_period=20|rsi_confirm=True|slow_period=200,both,all,NEEDS_MORE_DATA,13,,,,,,,,,,,,,,,,only 13 trades < min 20,binance_rest
run_20260426_202813,BNB/USDT,crypto,H1,trend_momentum,ema_cross,adx_min=20|fast_period=20|rsi_confirm=False|slow_period=200,both,all,NEEDS_MORE_DATA,13,,,,,,,,,,,,,,,,only 13 trades < min 20,binance_rest
run_20260426_202813,BNB/USDT,crypto,H1,trend_momentum,ema_cross,adx_min=20|fast_period=20|rsi_confirm=True|slow_period=200,both,all,NEEDS_MORE_DATA,13,,,,,,,,,,,,,,,,only 13 trades < min 20,binance_rest
run_20260426_202813,BNB/USDT,crypto,H1,trend_momentum,ema_cross,adx_min=25|fast_period=20|rsi_confirm=False|slow_period=200,both,all,NEEDS_MORE_DATA,12,,,,,,,,,,,,,,,,only 12 trades < min 20,binance_rest
run_20260426_202813,BNB/USDT,crypto,H1,trend_momentum,ema_cross,adx_min=25|fast_period=20|rsi_confirm=True|slow_period=200,both,all,NEEDS_MORE_DATA,12,,,,,,,,,,,,,,,,only 12 trades < min 20,binance_rest
run_20260426_202813,BNB/USDT,crypto,H1,trend_momentum,ema_alignment,adx_min=0|ema_long=200|ema_mid=50|ema_short=20,both,all,NEEDS_MORE_DATA,15,,,,,,,,,,,,,,,,only 15 trades < min 20,binance_rest
run_20260426_202813,BNB/USDT,crypto,H1,trend_momentum,ema_alignment,adx_min=20|ema_long=200|ema_mid=50|ema_short=20,both,all,NEEDS_MORE_DATA,14,,,,,,,,,,,,,,,,only 14 trades < min 20,binance_rest
run_20260426_202813,BNB/USDT,crypto,H1,trend_momentum,ema_alignment,adx_min=25|ema_long=200|ema_mid=50|ema_short=20,both,all,NEEDS_MORE_DATA,13,,,,,,,,,,,,,,,,only 13 trades < min 20,binance_rest
run_20260426_202813,BNB/USDT,crypto,H1,pullback,pullback_ema,pullback_period=20|rsi_reclaim=False|rsi_threshold=50|trend_period=200,both,all,REJECT,67,0.194030,0.569234,-0.001843,-0.001843,-0.143330,-0.730811,-1.477779,0.067067,7.835821,-0.119292,-0.119292,-0.087639,-0.034693,0.518759,,,binance_rest
run_20260426_202813,BNB/USDT,crypto,H1,pullback,pullback_ema,pullback_period=20|rsi_reclaim=True|rsi_threshold=50|trend_period=200,both,all,REJECT,65,0.200000,0.596743,-0.001696,-0.001696,-0.131897,-0.656464,-1.324094,0.065065,8.000000,-0.107538,-0.107538,-0.087639,-0.021810,0.474660,,,binance_rest
run_20260426_202813,BNB/USDT,crypto,H1,pullback,pullback_ema,pullback_period=50|rsi_reclaim=False|rsi_threshold=50|trend_period=200,both,all,REJECT,47,0.148936,0.562835,-0.002409,-0.002409,-0.159803,-0.673805,-1.367461,0.047047,13.574468,-0.110174,-0.110174,-0.089753,-0.022435,0.456988,,,binance_rest
run_20260426_202813,BNB/USDT,crypto,H1,pullback,pullback_ema,pullback_period=50|rsi_reclaim=True|rsi_threshold=50|trend_period=200,both,all,REJECT,38,0.157895,0.561796,-0.002536,-0.002536,-0.145235,-0.604907,-1.227780,0.038038,15.210526,-0.094745,-0.094745,-0.068630,-0.028040,0.450569,,,binance_rest
run_20260426_202813,BNB/USDT,crypto,H1,breakout,prev_day_hl,atr_expand_min=0.0,both,all,REJECT,20,0.350000,0.522286,-0.005701,-0.005701,-0.171040,-0.602238,-1.244367,0.020020,46.900000,-0.111787,-0.111787,-0.070054,-0.065550,0.500711,,,binance_rest
run_20260426_202813,BNB/USDT,crypto,H1,breakout,prev_day_hl,atr_expand_min=0.5,both,all,REJECT,20,0.350000,0.519237,-0.005738,-0.005738,-0.171634,-0.606822,-1.254566,0.020020,46.800000,-0.112423,-0.112423,-0.070720,-0.065550,0.498065,,,binance_rest
run_20260426_202813,BNB/USDT,crypto,H1,breakout,prev_day_hl,atr_expand_min=1.0,both,all,NEEDS_MORE_DATA,17,,,,,,,,,,,,,,,,only 17 trades < min 20,binance_rest
run_20260426_202813,BNB/USDT,crypto,H1,breakout,session_opening_range,atr_expand_min=0.0|range_bars=6,both,all,REJECT,51,0.352941,0.791793,-0.001325,-0.001325,-0.098197,-0.321898,-0.643703,0.051051,18.862745,-0.070491,-0.070491,-0.045767,-0.067361,0.558459,,,binance_rest
run_20260426_202813,BNB/USDT,crypto,H1,breakout,session_opening_range,atr_expand_min=0.5|range_bars=6,both,all,REJECT,51,0.352941,0.791793,-0.001325,-0.001325,-0.098197,-0.321898,-0.643703,0.051051,18.862745,-0.070491,-0.070491,-0.045767,-0.067361,0.558459,,,binance_rest
run_20260426_202813,BNB/USDT,crypto,H1,breakout,session_opening_range,atr_expand_min=0.0|range_bars=12,both,all,REJECT,33,0.272727,0.582813,-0.003345,-0.003345,-0.142407,-0.596527,-1.213686,0.033033,28.939394,-0.108369,-0.108369,-0.065126,-0.082776,0.516699,,,binance_rest
run_20260426_202813,BNB/USDT,crypto,H1,breakout,session_opening_range,atr_expand_min=0.5|range_bars=12,both,all,REJECT,33,0.272727,0.582813,-0.003345,-0.003345,-0.142407,-0.596527,-1.213686,0.033033,28.939394,-0.108369,-0.108369,-0.065126,-0.082776,0.516699,,,binance_rest
run_20260426_202813,BNB/USDT,crypto,H1,breakout,london_breakout,atr_expand_min=0.0|utc_end=11|utc_start=7,both,all,NEEDS_MORE_DATA,15,,,,,,,,,,,,,,,,only 15 trades < min 20,binance_rest
run_20260426_202813,BNB/USDT,crypto,H1,breakout,london_breakout,atr_expand_min=0.5|utc_end=11|utc_start=7,both,all,NEEDS_MORE_DATA,15,,,,,,,,,,,,,,,,only 15 trades < min 20,binance_rest
run_20260426_202813,BNB/USDT,crypto,H1,breakout,ny_breakout,atr_expand_min=0.0|utc_end=16|utc_start=13,both,all,NEEDS_MORE_DATA,16,,,,,,,,,,,,,,,,only 16 trades < min 20,binance_rest
run_20260426_202813,BNB/USDT,crypto,H1,breakout,ny_breakout,atr_expand_min=0.5|utc_end=16|utc_start=13,both,all,NEEDS_MORE_DATA,16,,,,,,,,,,,,,,,,only 16 trades < min 20,binance_rest
run_20260426_202813,BNB/USDT,crypto,H1,mean_reversion,rsi_extreme,overbought=75|oversold=30|period=14,both,all,NEEDS_MORE_DATA,12,,,,,,,,,,,,,,,,only 12 trades < min 20,binance_rest
run_20260426_202813,BNB/USDT,crypto,H1,mean_reversion,rsi_extreme,overbought=70|oversold=25|period=14,both,all,NEEDS_MORE_DATA,18,,,,,,,,,,,,,,,,only 18 trades < min 20,binance_rest
run_20260426_202813,BNB/USDT,crypto,H1,mean_reversion,rsi_extreme,overbought=75|oversold=25|period=14,both,all,NEEDS_MORE_DATA,9,,,,,,,,,,,,,,,,only 9 trades < min 20,binance_rest
run_20260426_202813,BNB/USDT,crypto,H1,mean_reversion,bollinger_touch,num_std=2.0|period=20,both,all,REJECT,37,0.594595,0.944156,-0.000288,-0.000288,-0.068546,-0.064633,-0.128780,0.037037,14.378378,-0.014020,-0.014020,-0.001877,0.018779,0.322000,,,binance_rest
run_20260426_202813,BNB/USDT,crypto,H1,mean_reversion,bollinger_touch,num_std=2.5|period=20,both,all,REJECT,25,0.600000,0.766699,-0.001369,-0.001369,-0.054568,-0.253004,-0.506511,0.025025,15.560000,-0.035909,-0.035909,-0.031804,0.015216,0.250000,,,binance_rest
run_20260426_202813,BNB/USDT,crypto,H1,mean_reversion,vwap_deviation,std_threshold=1.5,both,all,NEEDS_MORE_DATA,9,,,,,,,,,,,,,,,,only 9 trades < min 20,binance_rest
run_20260426_202813,BNB/USDT,crypto,H1,mean_reversion,vwap_deviation,std_threshold=2.0,both,all,NEEDS_MORE_DATA,6,,,,,,,,,,,,,,,,only 6 trades < min 20,binance_rest
run_20260426_202813,ETH/USDT,crypto,H4,trend_momentum,ema_cross,adx_min=0|fast_period=10|rsi_confirm=False|slow_period=50,both,all,REJECT,31,0.290323,0.851402,-0.003877,-0.003877,-0.350627,-0.149329,-0.297884,0.031031,32.129032,-0.176670,-0.176670,-0.124369,-0.027186,0.351577,,,binance_rest
run_20260426_202813,ETH/USDT,crypto,H4,trend_momentum,ema_cross,adx_min=0|fast_period=10|rsi_confirm=True|slow_period=50,both,all,REJECT,31,0.290323,0.851402,-0.003877,-0.003877,-0.350627,-0.149329,-0.297884,0.031031,32.129032,-0.176670,-0.176670,-0.124369,-0.027186,0.351577,,,binance_rest
run_20260426_202813,ETH/USDT,crypto,H4,trend_momentum,ema_cross,adx_min=20|fast_period=10|rsi_confirm=False|slow_period=50,both,all,REJECT,31,0.290323,0.851402,-0.003877,-0.003877,-0.350627,-0.149329,-0.297884,0.031031,32.129032,-0.176670,-0.176670,-0.124369,-0.027186,0.351577,,,binance_rest
run_20260426_202813,ETH/USDT,crypto,H4,trend_momentum,ema_cross,adx_min=20|fast_period=10|rsi_confirm=True|slow_period=50,both,all,REJECT,31,0.290323,0.851402,-0.003877,-0.003877,-0.350627,-0.149329,-0.297884,0.031031,32.129032,-0.176670,-0.176670,-0.124369,-0.027186,0.351577,,,binance_rest
run_20260426_202813,ETH/USDT,crypto,H4,trend_momentum,ema_cross,adx_min=25|fast_period=10|rsi_confirm=False|slow_period=50,both,all,REJECT,26,0.269231,0.863490,-0.003875,-0.003875,-0.350627,-0.126529,-0.252352,0.026026,34.076923,-0.159069,-0.159069,-0.105649,-0.027186,0.333196,,,binance_rest
run_20260426_202813,ETH/USDT,crypto,H4,trend_momentum,ema_cross,adx_min=25|fast_period=10|rsi_confirm=True|slow_period=50,both,all,REJECT,26,0.269231,0.863490,-0.003875,-0.003875,-0.350627,-0.126529,-0.252352,0.026026,34.076923,-0.159069,-0.159069,-0.105649,-0.027186,0.333196,,,binance_rest
run_20260426_202813,ETH/USDT,crypto,H4,trend_momentum,ema_cross,adx_min=0|fast_period=10|rsi_confirm=False|slow_period=100,both,all,NEEDS_MORE_DATA,17,,,,,,,,,,,,,,,,only 17 trades < min 20,binance_rest
run_20260426_202813,ETH/USDT,crypto,H4,trend_momentum,ema_cross,adx_min=0|fast_period=10|rsi_confirm=True|slow_period=100,both,all,NEEDS_MORE_DATA,17,,,,,,,,,,,,,,,,only 17 trades < min 20,binance_rest
run_20260426_202813,ETH/USDT,crypto,H4,trend_momentum,ema_cross,adx_min=20|fast_period=10|rsi_confirm=False|slow_period=100,both,all,NEEDS_MORE_DATA,17,,,,,,,,,,,,,,,,only 17 trades < min 20,binance_rest
run_20260426_202813,ETH/USDT,crypto,H4,trend_momentum,ema_cross,adx_min=20|fast_period=10|rsi_confirm=True|slow_period=100,both,all,NEEDS_MORE_DATA,17,,,,,,,,,,,,,,,,only 17 trades < min 20,binance_rest
run_20260426_202813,ETH/USDT,crypto,H4,trend_momentum,ema_cross,adx_min=25|fast_period=10|rsi_confirm=False|slow_period=100,both,all,NEEDS_MORE_DATA,16,,,,,,,,,,,,,,,,only 16 trades < min 20,binance_rest
run_20260426_202813,ETH/USDT,crypto,H4,trend_momentum,ema_cross,adx_min=25|fast_period=10|rsi_confirm=True|slow_period=100,both,all,NEEDS_MORE_DATA,16,,,,,,,,,,,,,,,,only 16 trades < min 20,binance_rest
run_20260426_202813,ETH/USDT,crypto,H4,trend_momentum,ema_cross,adx_min=0|fast_period=10|rsi_confirm=False|slow_period=200,both,all,NEEDS_MORE_DATA,11,,,,,,,,,,,,,,,,only 11 trades < min 20,binance_rest
run_20260426_202813,ETH/USDT,crypto,H4,trend_momentum,ema_cross,adx_min=0|fast_period=10|rsi_confirm=True|slow_period=200,both,all,NEEDS_MORE_DATA,11,,,,,,,,,,,,,,,,only 11 trades < min 20,binance_rest
run_20260426_202813,ETH/USDT,crypto,H4,trend_momentum,ema_cross,adx_min=20|fast_period=10|rsi_confirm=False|slow_period=200,both,all,NEEDS_MORE_DATA,11,,,,,,,,,,,,,,,,only 11 trades < min 20,binance_rest
run_20260426_202813,ETH/USDT,crypto,H4,trend_momentum,ema_cross,adx_min=20|fast_period=10|rsi_confirm=True|slow_period=200,both,all,NEEDS_MORE_DATA,11,,,,,,,,,,,,,,,,only 11 trades < min 20,binance_rest
run_20260426_202813,ETH/USDT,crypto,H4,trend_momentum,ema_cross,adx_min=25|fast_period=10|rsi_confirm=False|slow_period=200,both,all,NEEDS_MORE_DATA,10,,,,,,,,,,,,,,,,only 10 trades < min 20,binance_rest
run_20260426_202813,ETH/USDT,crypto,H4,trend_momentum,ema_cross,adx_min=25|fast_period=10|rsi_confirm=True|slow_period=200,both,all,NEEDS_MORE_DATA,10,,,,,,,,,,,,,,,,only 10 trades < min 20,binance_rest
run_20260426_202813,ETH/USDT,crypto,H4,trend_momentum,ema_cross,adx_min=0|fast_period=20|rsi_confirm=False|slow_period=50,both,all,REJECT,23,0.260870,0.865096,-0.004312,-0.004312,-0.418588,-0.116164,-0.231668,0.023023,43.260870,-0.165397,-0.165397,0.057699,-0.115052,0.238000,,,binance_rest
run_20260426_202813,ETH/USDT,crypto,H4,trend_momentum,ema_cross,adx_min=0|fast_period=20|rsi_confirm=True|slow_period=50,both,all,REJECT,23,0.260870,0.865096,-0.004312,-0.004312,-0.418588,-0.116164,-0.231668,0.023023,43.260870,-0.165397,-0.165397,0.057699,-0.115052,0.238000,,,binance_rest
run_20260426_202813,ETH/USDT,crypto,H4,trend_momentum,ema_cross,adx_min=20|fast_period=20|rsi_confirm=False|slow_period=50,both,all,REJECT,23,0.260870,0.865096,-0.004312,-0.004312,-0.418588,-0.116164,-0.231668,0.023023,43.260870,-0.165397,-0.165397,0.057699,-0.115052,0.238000,,,binance_rest
run_20260426_202813,ETH/USDT,crypto,H4,trend_momentum,ema_cross,adx_min=20|fast_period=20|rsi_confirm=True|slow_period=50,both,all,REJECT,23,0.260870,0.865096,-0.004312,-0.004312,-0.418588,-0.116164,-0.231668,0.023023,43.260870,-0.165397,-0.165397,0.057699,-0.115052,0.238000,,,binance_rest
run_20260426_202813,ETH/USDT,crypto,H4,trend_momentum,ema_cross,adx_min=25|fast_period=20|rsi_confirm=False|slow_period=50,both,all,REJECT,22,0.227273,0.813543,-0.006229,-0.006229,-0.418588,-0.161156,-0.321768,0.022022,42.272727,-0.195837,-0.195837,0.019122,-0.115052,0.232000,,,binance_rest
run_20260426_202813,ETH/USDT,crypto,H4,trend_momentum,ema_cross,adx_min=25|fast_period=20|rsi_confirm=True|slow_period=50,both,all,REJECT,22,0.227273,0.813543,-0.006229,-0.006229,-0.418588,-0.161156,-0.321768,0.022022,42.272727,-0.195837,-0.195837,0.019122,-0.115052,0.232000,,,binance_rest
run_20260426_202813,ETH/USDT,crypto,H4,trend_momentum,ema_cross,adx_min=0|fast_period=20|rsi_confirm=False|slow_period=100,both,all,NEEDS_MORE_DATA,13,,,,,,,,,,,,,,,,only 13 trades < min 20,binance_rest
run_20260426_202813,ETH/USDT,crypto,H4,trend_momentum,ema_cross,adx_min=0|fast_period=20|rsi_confirm=True|slow_period=100,both,all,NEEDS_MORE_DATA,13,,,,,,,,,,,,,,,,only 13 trades < min 20,binance_rest
run_20260426_202813,ETH/USDT,crypto,H4,trend_momentum,ema_cross,adx_min=20|fast_period=20|rsi_confirm=False|slow_period=100,both,all,NEEDS_MORE_DATA,13,,,,,,,,,,,,,,,,only 13 trades < min 20,binance_rest
run_20260426_202813,ETH/USDT,crypto,H4,trend_momentum,ema_cross,adx_min=20|fast_period=20|rsi_confirm=True|slow_period=100,both,all,NEEDS_MORE_DATA,13,,,,,,,,,,,,,,,,only 13 trades < min 20,binance_rest
run_20260426_202813,ETH/USDT,crypto,H4,trend_momentum,ema_cross,adx_min=25|fast_period=20|rsi_confirm=False|slow_period=100,both,all,NEEDS_MORE_DATA,12,,,,,,,,,,,,,,,,only 12 trades < min 20,binance_rest
run_20260426_202813,ETH/USDT,crypto,H4,trend_momentum,ema_cross,adx_min=25|fast_period=20|rsi_confirm=True|slow_period=100,both,all,NEEDS_MORE_DATA,12,,,,,,,,,,,,,,,,only 12 trades < min 20,binance_rest
run_20260426_202813,ETH/USDT,crypto,H4,trend_momentum,ema_cross,adx_min=0|fast_period=20|rsi_confirm=False|slow_period=200,both,all,NEEDS_MORE_DATA,13,,,,,,,,,,,,,,,,only 13 trades < min 20,binance_rest
run_20260426_202813,ETH/USDT,crypto,H4,trend_momentum,ema_cross,adx_min=0|fast_period=20|rsi_confirm=True|slow_period=200,both,all,NEEDS_MORE_DATA,13,,,,,,,,,,,,,,,,only 13 trades < min 20,binance_rest
run_20260426_202813,ETH/USDT,crypto,H4,trend_momentum,ema_cross,adx_min=20|fast_period=20|rsi_confirm=False|slow_period=200,both,all,NEEDS_MORE_DATA,13,,,,,,,,,,,,,,,,only 13 trades < min 20,binance_rest
run_20260426_202813,ETH/USDT,crypto,H4,trend_momentum,ema_cross,adx_min=20|fast_period=20|rsi_confirm=True|slow_period=200,both,all,NEEDS_MORE_DATA,13,,,,,,,,,,,,,,,,only 13 trades < min 20,binance_rest
run_20260426_202813,ETH/USDT,crypto,H4,trend_momentum,ema_cross,adx_min=25|fast_period=20|rsi_confirm=False|slow_period=200,both,all,NEEDS_MORE_DATA,13,,,,,,,,,,,,,,,,only 13 trades < min 20,binance_rest
run_20260426_202813,ETH/USDT,crypto,H4,trend_momentum,ema_cross,adx_min=25|fast_period=20|rsi_confirm=True|slow_period=200,both,all,NEEDS_MORE_DATA,13,,,,,,,,,,,,,,,,only 13 trades < min 20,binance_rest
run_20260426_202813,ETH/USDT,crypto,H4,trend_momentum,ema_alignment,adx_min=0|ema_long=200|ema_mid=50|ema_short=20,both,all,NEEDS_MORE_DATA,15,,,,,,,,,,,,,,,,only 15 trades < min 20,binance_rest
run_20260426_202813,ETH/USDT,crypto,H4,trend_momentum,ema_alignment,adx_min=20|ema_long=200|ema_mid=50|ema_short=20,both,all,NEEDS_MORE_DATA,15,,,,,,,,,,,,,,,,only 15 trades < min 20,binance_rest
run_20260426_202813,ETH/USDT,crypto,H4,trend_momentum,ema_alignment,adx_min=25|ema_long=200|ema_mid=50|ema_short=20,both,all,NEEDS_MORE_DATA,15,,,,,,,,,,,,,,,,only 15 trades < min 20,binance_rest
run_20260426_202813,ETH/USDT,crypto,H4,trend_momentum,macd_direction,adx_min=0|fast=12|signal_period=9|slow=26,both,all,REJECT,77,0.363636,0.673003,-0.006933,-0.006933,-0.494778,-0.652327,-1.312821,0.077077,12.909091,-0.460171,-0.460171,-0.324532,-0.232359,0.614795,,,binance_rest
run_20260426_202813,ETH/USDT,crypto,H4,trend_momentum,macd_direction,adx_min=20|fast=12|signal_period=9|slow=26,both,all,REJECT,77,0.363636,0.673003,-0.006933,-0.006933,-0.494778,-0.652327,-1.312821,0.077077,12.909091,-0.460171,-0.460171,-0.324532,-0.232359,0.614795,,,binance_rest
run_20260426_202813,ETH/USDT,crypto,H4,pullback,pullback_ema,pullback_period=20|rsi_reclaim=False|rsi_threshold=50|trend_period=200,both,all,REJECT,60,0.283333,0.989798,-0.000126,-0.000126,-0.284339,-0.010547,-0.021011,0.060060,8.316667,-0.062841,-0.062841,-0.110598,0.021860,0.400000,,,binance_rest
run_20260426_202813,ETH/USDT,crypto,H4,pullback,pullback_ema,pullback_period=20|rsi_reclaim=True|rsi_threshold=50|trend_period=200,both,all,REJECT,56,0.285714,1.013833,0.000176,0.000176,-0.274038,0.013820,0.027531,0.056056,8.571429,-0.046168,-0.046168,-0.097796,0.025282,0.400000,,,binance_rest
run_20260426_202813,ETH/USDT,crypto,H4,pullback,pullback_ema,pullback_period=50|rsi_reclaim=False|rsi_threshold=50|trend_period=200,both,all,REJECT,47,0.148936,0.818023,-0.002848,-0.002848,-0.319158,-0.181174,-0.361384,0.047047,13.404255,-0.177235,-0.177235,-0.084838,-0.078494,0.659567,,,binance_rest
run_20260426_202813,ETH/USDT,crypto,H4,pullback,pullback_ema,pullback_period=50|rsi_reclaim=True|rsi_threshold=50|trend_period=200,both,all,REJECT,33,0.181818,1.031748,0.000541,0.000541,-0.244706,0.024526,0.048860,0.033033,15.333333,-0.040452,-0.040452,0.011212,-0.027376,0.298000,,,binance_rest
run_20260426_202813,ETH/USDT,crypto,H4,breakout,prev_day_hl,atr_expand_min=0.0,both,all,REJECT,79,0.329114,0.859457,-0.002382,-0.002382,-0.372330,-0.218629,-0.436002,0.079079,12.493671,-0.240019,-0.240019,-0.067876,-0.229330,0.400000,,,binance_rest
run_20260426_202813,ETH/USDT,crypto,H4,breakout,prev_day_hl,atr_expand_min=0.5,both,all,REJECT,77,0.324675,0.853491,-0.002502,-0.002502,-0.386903,-0.225168,-0.449087,0.077077,12.467532,-0.242547,-0.242547,-0.096582,-0.207489,0.400000,,,binance_rest
run_20260426_202813,ETH/USDT,crypto,H4,breakout,prev_day_hl,atr_expand_min=1.0,both,all,REJECT,58,0.344828,1.001414,0.000023,0.000023,-0.324291,0.001674,0.003335,0.058058,13.344828,-0.067892,-0.067892,0.080627,-0.137437,0.400000,,,binance_rest
run_20260426_202813,ETH/USDT,crypto,H4,breakout,session_opening_range,atr_expand_min=0.0|range_bars=12,both,all,REJECT,33,0.212121,0.524987,-0.016646,-0.016646,-0.499682,-0.710442,-1.458686,0.033033,28.969697,-0.463145,-0.463145,-0.384937,-0.086321,0.365274,,,binance_rest
run_20260426_202813,ETH/USDT,crypto,H4,breakout,session_opening_range,atr_expand_min=0.5|range_bars=12,both,all,REJECT,33,0.212121,0.524987,-0.016646,-0.016646,-0.499682,-0.710442,-1.458686,0.033033,28.969697,-0.463145,-0.463145,-0.384937,-0.086321,0.365274,,,binance_rest
run_20260426_202813,ETH/USDT,crypto,H4,breakout,london_breakout,atr_expand_min=0.0|utc_end=11|utc_start=7,both,all,NEEDS_MORE_DATA,19,,,,,,,,,,,,,,,,only 19 trades < min 20,binance_rest
run_20260426_202813,ETH/USDT,crypto,H4,breakout,london_breakout,atr_expand_min=0.5|utc_end=11|utc_start=7,both,all,NEEDS_MORE_DATA,18,,,,,,,,,,,,,,,,only 18 trades < min 20,binance_rest
run_20260426_202813,ETH/USDT,crypto,H4,breakout,ny_breakout,atr_expand_min=0.0|utc_end=16|utc_start=13,both,all,NEEDS_MORE_DATA,0,,,,,,,,,,,,,,,,only 0 trades < min 20,binance_rest
run_20260426_202813,ETH/USDT,crypto,H4,breakout,ny_breakout,atr_expand_min=0.5|utc_end=16|utc_start=13,both,all,NEEDS_MORE_DATA,0,,,,,,,,,,,,,,,,only 0 trades < min 20,binance_rest
run_20260426_202813,ETH/USDT,crypto,H4,mean_reversion,rsi_extreme,overbought=70|oversold=30|period=14,both,all,NEEDS_MORE_DATA,17,,,,,,,,,,,,,,,,only 17 trades < min 20,binance_rest
run_20260426_202813,ETH/USDT,crypto,H4,mean_reversion,rsi_extreme,overbought=75|oversold=30|period=14,both,all,NEEDS_MORE_DATA,10,,,,,,,,,,,,,,,,only 10 trades < min 20,binance_rest
run_20260426_202813,ETH/USDT,crypto,H4,mean_reversion,rsi_extreme,overbought=70|oversold=25|period=14,both,all,NEEDS_MORE_DATA,14,,,,,,,,,,,,,,,,only 14 trades < min 20,binance_rest
run_20260426_202813,ETH/USDT,crypto,H4,mean_reversion,rsi_extreme,overbought=75|oversold=25|period=14,both,all,NEEDS_MORE_DATA,7,,,,,,,,,,,,,,,,only 7 trades < min 20,binance_rest
run_20260426_202813,ETH/USDT,crypto,H4,mean_reversion,vwap_deviation,std_threshold=1.5,both,all,NEEDS_MORE_DATA,7,,,,,,,,,,,,,,,,only 7 trades < min 20,binance_rest
run_20260426_202813,ETH/USDT,crypto,H4,mean_reversion,vwap_deviation,std_threshold=2.0,both,all,NEEDS_MORE_DATA,7,,,,,,,,,,,,,,,,only 7 trades < min 20,binance_rest
run_20260426_202813,BTC/USDT,crypto,H4,trend_momentum,ema_cross,adx_min=0|fast_period=10|rsi_confirm=False|slow_period=50,both,all,REJECT,29,0.241379,0.684086,-0.006769,-0.006769,-0.295494,-0.315734,-0.633164,0.029029,30.103448,-0.214023,-0.214023,-0.122053,-0.068130,0.441460,,,binance_rest
run_20260426_202813,BTC/USDT,crypto,H4,trend_momentum,ema_cross,adx_min=0|fast_period=10|rsi_confirm=True|slow_period=50,both,all,REJECT,28,0.214286,0.657621,-0.007595,-0.007595,-0.306676,-0.342599,-0.688059,0.028028,28.892857,-0.226681,-0.226681,-0.136191,-0.068130,0.418076,,,binance_rest
run_20260426_202813,BTC/USDT,crypto,H4,trend_momentum,ema_cross,adx_min=20|fast_period=10|rsi_confirm=False|slow_period=50,both,all,REJECT,25,0.240000,0.723647,-0.006186,-0.006186,-0.264632,-0.251281,-0.503028,0.025025,32.280000,-0.179786,-0.179786,-0.083809,-0.068130,0.493875,,,binance_rest
run_20260426_202813,BTC/USDT,crypto,H4,trend_momentum,ema_cross,adx_min=20|fast_period=10|rsi_confirm=True|slow_period=50,both,all,REJECT,24,0.208333,0.694274,-0.007126,-0.007126,-0.276475,-0.278323,-0.557931,0.024024,30.958333,-0.192994,-0.192994,-0.098563,-0.068130,0.451369,,,binance_rest
run_20260426_202813,BTC/USDT,crypto,H4,trend_momentum,ema_cross,adx_min=25|fast_period=10|rsi_confirm=False|slow_period=50,both,all,NEEDS_MORE_DATA,18,,,,,,,,,,,,,,,,only 18 trades < min 20,binance_rest
run_20260426_202813,BTC/USDT,crypto,H4,trend_momentum,ema_cross,adx_min=25|fast_period=10|rsi_confirm=True|slow_period=50,both,all,NEEDS_MORE_DATA,17,,,,,,,,,,,,,,,,only 17 trades < min 20,binance_rest
run_20260426_202813,BTC/USDT,crypto,H4,trend_momentum,ema_cross,adx_min=0|fast_period=10|rsi_confirm=False|slow_period=100,both,all,REJECT,21,0.190476,0.885940,-0.002366,-0.002366,-0.226358,-0.083713,-0.166868,0.021021,41.666667,-0.085581,-0.085581,0.028423,-0.062358,0.226000,,,binance_rest
run_20260426_202813,BTC/USDT,crypto,H4,trend_momentum,ema_cross,adx_min=0|fast_period=10|rsi_confirm=True|slow_period=100,both,all,REJECT,21,0.190476,0.885940,-0.002366,-0.002366,-0.226358,-0.083713,-0.166868,0.021021,41.666667,-0.085581,-0.085581,0.028423,-0.062358,0.226000,,,binance_rest
run_20260426_202813,BTC/USDT,crypto,H4,trend_momentum,ema_cross,adx_min=20|fast_period=10|rsi_confirm=False|slow_period=100,both,all,REJECT,21,0.190476,0.885940,-0.002366,-0.002366,-0.226358,-0.083713,-0.166868,0.021021,41.666667,-0.085581,-0.085581,0.028423,-0.062358,0.226000,,,binance_rest
run_20260426_202813,BTC/USDT,crypto,H4,trend_momentum,ema_cross,adx_min=20|fast_period=10|rsi_confirm=True|slow_period=100,both,all,REJECT,21,0.190476,0.885940,-0.002366,-0.002366,-0.226358,-0.083713,-0.166868,0.021021,41.666667,-0.085581,-0.085581,0.028423,-0.062358,0.226000,,,binance_rest
run_20260426_202813,BTC/USDT,crypto,H4,trend_momentum,ema_cross,adx_min=25|fast_period=10|rsi_confirm=False|slow_period=100,both,all,NEEDS_MORE_DATA,13,,,,,,,,,,,,,,,,only 13 trades < min 20,binance_rest
run_20260426_202813,BTC/USDT,crypto,H4,trend_momentum,ema_cross,adx_min=25|fast_period=10|rsi_confirm=True|slow_period=100,both,all,NEEDS_MORE_DATA,13,,,,,,,,,,,,,,,,only 13 trades < min 20,binance_rest
run_20260426_202813,BTC/USDT,crypto,H4,trend_momentum,ema_cross,adx_min=0|fast_period=10|rsi_confirm=False|slow_period=200,both,all,NEEDS_MORE_DATA,9,,,,,,,,,,,,,,,,only 9 trades < min 20,binance_rest
run_20260426_202813,BTC/USDT,crypto,H4,trend_momentum,ema_cross,adx_min=0|fast_period=10|rsi_confirm=True|slow_period=200,both,all,NEEDS_MORE_DATA,8,,,,,,,,,,,,,,,,only 8 trades < min 20,binance_rest
run_20260426_202813,BTC/USDT,crypto,H4,trend_momentum,ema_cross,adx_min=20|fast_period=10|rsi_confirm=False|slow_period=200,both,all,NEEDS_MORE_DATA,9,,,,,,,,,,,,,,,,only 9 trades < min 20,binance_rest
run_20260426_202813,BTC/USDT,crypto,H4,trend_momentum,ema_cross,adx_min=20|fast_period=10|rsi_confirm=True|slow_period=200,both,all,NEEDS_MORE_DATA,8,,,,,,,,,,,,,,,,only 8 trades < min 20,binance_rest
run_20260426_202813,BTC/USDT,crypto,H4,trend_momentum,ema_cross,adx_min=25|fast_period=10|rsi_confirm=False|slow_period=200,both,all,NEEDS_MORE_DATA,9,,,,,,,,,,,,,,,,only 9 trades < min 20,binance_rest
run_20260426_202813,BTC/USDT,crypto,H4,trend_momentum,ema_cross,adx_min=25|fast_period=10|rsi_confirm=True|slow_period=200,both,all,NEEDS_MORE_DATA,8,,,,,,,,,,,,,,,,only 8 trades < min 20,binance_rest
run_20260426_202813,BTC/USDT,crypto,H4,trend_momentum,ema_cross,adx_min=0|fast_period=20|rsi_confirm=False|slow_period=50,both,all,REJECT,21,0.285714,0.969426,-0.000601,-0.000601,-0.282522,-0.021016,-0.041866,0.021021,41.619048,-0.052509,-0.052509,0.014740,-0.044419,0.226000,,,binance_rest
run_20260426_202813,BTC/USDT,crypto,H4,trend_momentum,ema_cross,adx_min=0|fast_period=20|rsi_confirm=True|slow_period=50,both,all,REJECT,21,0.285714,0.969426,-0.000601,-0.000601,-0.282522,-0.021016,-0.041866,0.021021,41.619048,-0.052509,-0.052509,0.014740,-0.044419,0.226000,,,binance_rest
run_20260426_202813,BTC/USDT,crypto,H4,trend_momentum,ema_cross,adx_min=20|fast_period=20|rsi_confirm=False|slow_period=50,both,all,REJECT,20,0.300000,1.056552,0.001071,0.001071,-0.257240,0.035894,0.071512,0.020020,43.450000,-0.019121,-0.019121,0.050497,-0.044419,0.220000,,,binance_rest
run_20260426_202813,BTC/USDT,crypto,H4,trend_momentum,ema_cross,adx_min=20|fast_period=20|rsi_confirm=True|slow_period=50,both,all,REJECT,20,0.300000,1.056552,0.001071,0.001071,-0.257240,0.035894,0.071512,0.020020,43.450000,-0.019121,-0.019121,0.050497,-0.044419,0.220000,,,binance_rest
run_20260426_202813,BTC/USDT,crypto,H4,trend_momentum,ema_cross,adx_min=25|fast_period=20|rsi_confirm=False|slow_period=50,both,all,NEEDS_MORE_DATA,15,,,,,,,,,,,,,,,,only 15 trades < min 20,binance_rest
run_20260426_202813,BTC/USDT,crypto,H4,trend_momentum,ema_cross,adx_min=25|fast_period=20|rsi_confirm=True|slow_period=50,both,all,NEEDS_MORE_DATA,15,,,,,,,,,,,,,,,,only 15 trades < min 20,binance_rest
run_20260426_202813,BTC/USDT,crypto,H4,trend_momentum,ema_cross,adx_min=0|fast_period=20|rsi_confirm=False|slow_period=100,both,all,NEEDS_MORE_DATA,13,,,,,,,,,,,,,,,,only 13 trades < min 20,binance_rest
run_20260426_202813,BTC/USDT,crypto,H4,trend_momentum,ema_cross,adx_min=0|fast_period=20|rsi_confirm=True|slow_period=100,both,all,NEEDS_MORE_DATA,13,,,,,,,,,,,,,,,,only 13 trades < min 20,binance_rest
run_20260426_202813,BTC/USDT,crypto,H4,trend_momentum,ema_cross,adx_min=20|fast_period=20|rsi_confirm=False|slow_period=100,both,all,NEEDS_MORE_DATA,13,,,,,,,,,,,,,,,,only 13 trades < min 20,binance_rest
run_20260426_202813,BTC/USDT,crypto,H4,trend_momentum,ema_cross,adx_min=20|fast_period=20|rsi_confirm=True|slow_period=100,both,all,NEEDS_MORE_DATA,13,,,,,,,,,,,,,,,,only 13 trades < min 20,binance_rest
run_20260426_202813,BTC/USDT,crypto,H4,trend_momentum,ema_cross,adx_min=25|fast_period=20|rsi_confirm=False|slow_period=100,both,all,NEEDS_MORE_DATA,11,,,,,,,,,,,,,,,,only 11 trades < min 20,binance_rest
run_20260426_202813,BTC/USDT,crypto,H4,trend_momentum,ema_cross,adx_min=25|fast_period=20|rsi_confirm=True|slow_period=100,both,all,NEEDS_MORE_DATA,11,,,,,,,,,,,,,,,,only 11 trades < min 20,binance_rest
run_20260426_202813,BTC/USDT,crypto,H4,trend_momentum,ema_cross,adx_min=0|fast_period=20|rsi_confirm=False|slow_period=200,both,all,NEEDS_MORE_DATA,5,,,,,,,,,,,,,,,,only 5 trades < min 20,binance_rest
run_20260426_202813,BTC/USDT,crypto,H4,trend_momentum,ema_cross,adx_min=0|fast_period=20|rsi_confirm=True|slow_period=200,both,all,NEEDS_MORE_DATA,5,,,,,,,,,,,,,,,,only 5 trades < min 20,binance_rest
run_20260426_202813,BTC/USDT,crypto,H4,trend_momentum,ema_cross,adx_min=20|fast_period=20|rsi_confirm=False|slow_period=200,both,all,NEEDS_MORE_DATA,5,,,,,,,,,,,,,,,,only 5 trades < min 20,binance_rest
run_20260426_202813,BTC/USDT,crypto,H4,trend_momentum,ema_cross,adx_min=20|fast_period=20|rsi_confirm=True|slow_period=200,both,all,NEEDS_MORE_DATA,5,,,,,,,,,,,,,,,,only 5 trades < min 20,binance_rest
run_20260426_202813,BTC/USDT,crypto,H4,trend_momentum,ema_cross,adx_min=25|fast_period=20|rsi_confirm=False|slow_period=200,both,all,NEEDS_MORE_DATA,5,,,,,,,,,,,,,,,,only 5 trades < min 20,binance_rest
run_20260426_202813,BTC/USDT,crypto,H4,trend_momentum,ema_cross,adx_min=25|fast_period=20|rsi_confirm=True|slow_period=200,both,all,NEEDS_MORE_DATA,5,,,,,,,,,,,,,,,,only 5 trades < min 20,binance_rest
run_20260426_202813,BTC/USDT,crypto,H4,trend_momentum,ema_alignment,adx_min=0|ema_long=200|ema_mid=50|ema_short=20,both,all,NEEDS_MORE_DATA,13,,,,,,,,,,,,,,,,only 13 trades < min 20,binance_rest
run_20260426_202813,BTC/USDT,crypto,H4,trend_momentum,ema_alignment,adx_min=20|ema_long=200|ema_mid=50|ema_short=20,both,all,NEEDS_MORE_DATA,13,,,,,,,,,,,,,,,,only 13 trades < min 20,binance_rest
run_20260426_202813,BTC/USDT,crypto,H4,trend_momentum,ema_alignment,adx_min=25|ema_long=200|ema_mid=50|ema_short=20,both,all,NEEDS_MORE_DATA,12,,,,,,,,,,,,,,,,only 12 trades < min 20,binance_rest
run_20260426_202813,BTC/USDT,crypto,H4,trend_momentum,macd_direction,adx_min=0|fast=12|signal_period=9|slow=26,both,all,REJECT,75,0.346667,0.851984,-0.002002,-0.002002,-0.258123,-0.275394,-0.549619,0.075075,13.306667,-0.170752,-0.170752,0.006236,-0.197209,0.400000,,,binance_rest
run_20260426_202813,BTC/USDT,crypto,H4,trend_momentum,macd_direction,adx_min=20|fast=12|signal_period=9|slow=26,both,all,REJECT,71,0.338028,0.803993,-0.002733,-0.002733,-0.274778,-0.362597,-0.724789,0.071071,13.197183,-0.205298,-0.205298,-0.035684,-0.197209,0.400000,,,binance_rest
run_20260426_202813,BTC/USDT,crypto,H4,pullback,pullback_ema,pullback_period=20|rsi_reclaim=False|rsi_threshold=50|trend_period=200,both,all,REJECT,62,0.225806,0.999290,-0.000007,-0.000007,-0.236816,-0.000755,-0.001503,0.062062,8.354839,-0.036868,-0.036868,-0.039774,-0.014408,0.508670,,,binance_rest
run_20260426_202813,BTC/USDT,crypto,H4,pullback,pullback_ema,pullback_period=20|rsi_reclaim=True|rsi_threshold=50|trend_period=200,both,all,REJECT,57,0.210526,1.027595,0.000274,0.000274,-0.236816,0.027769,0.055318,0.057057,8.543860,-0.020916,-0.020916,-0.041095,0.021044,0.400000,,,binance_rest
run_20260426_202813,BTC/USDT,crypto,H4,pullback,pullback_ema,pullback_period=50|rsi_reclaim=True|rsi_threshold=50|trend_period=200,both,all,REJECT,25,0.200000,0.527810,-0.006513,-0.006513,-0.236457,-0.512565,-1.042466,0.025025,14.320000,-0.160686,-0.160686,-0.131842,-0.026490,0.310278,,,binance_rest
run_20260426_202813,BTC/USDT,crypto,H4,breakout,session_opening_range,atr_expand_min=0.0|range_bars=12,both,all,REJECT,29,0.275862,0.881461,-0.002408,-0.002408,-0.219710,-0.127288,-0.253837,0.029029,32.689655,-0.100694,-0.100694,-0.122643,-0.014680,0.309908,,,binance_rest
run_20260426_202813,BTC/USDT,crypto,H4,breakout,session_opening_range,atr_expand_min=0.5|range_bars=12,both,all,REJECT,29,0.275862,0.881461,-0.002408,-0.002408,-0.219710,-0.127288,-0.253837,0.029029,32.689655,-0.100694,-0.100694,-0.122643,-0.014680,0.309908,,,binance_rest
run_20260426_202813,BTC/USDT,crypto,H4,breakout,london_breakout,atr_expand_min=0.0|utc_end=11|utc_start=7,both,all,NEEDS_MORE_DATA,14,,,,,,,,,,,,,,,,only 14 trades < min 20,binance_rest
run_20260426_202813,BTC/USDT,crypto,H4,breakout,london_breakout,atr_expand_min=0.5|utc_end=11|utc_start=7,both,all,NEEDS_MORE_DATA,14,,,,,,,,,,,,,,,,only 14 trades < min 20,binance_rest
run_20260426_202813,BTC/USDT,crypto,H4,breakout,ny_breakout,atr_expand_min=0.0|utc_end=16|utc_start=13,both,all,NEEDS_MORE_DATA,0,,,,,,,,,,,,,,,,only 0 trades < min 20,binance_rest
run_20260426_202813,BTC/USDT,crypto,H4,breakout,ny_breakout,atr_expand_min=0.5|utc_end=16|utc_start=13,both,all,NEEDS_MORE_DATA,0,,,,,,,,,,,,,,,,only 0 trades < min 20,binance_rest
run_20260426_202813,BTC/USDT,crypto,H4,mean_reversion,rsi_extreme,overbought=70|oversold=30|period=14,both,all,NEEDS_MORE_DATA,14,,,,,,,,,,,,,,,,only 14 trades < min 20,binance_rest
run_20260426_202813,BTC/USDT,crypto,H4,mean_reversion,rsi_extreme,overbought=75|oversold=30|period=14,both,all,NEEDS_MORE_DATA,11,,,,,,,,,,,,,,,,only 11 trades < min 20,binance_rest
run_20260426_202813,BTC/USDT,crypto,H4,mean_reversion,rsi_extreme,overbought=70|oversold=25|period=14,both,all,NEEDS_MORE_DATA,10,,,,,,,,,,,,,,,,only 10 trades < min 20,binance_rest
run_20260426_202813,BTC/USDT,crypto,H4,mean_reversion,rsi_extreme,overbought=75|oversold=25|period=14,both,all,NEEDS_MORE_DATA,7,,,,,,,,,,,,,,,,only 7 trades < min 20,binance_rest
run_20260426_202813,BTC/USDT,crypto,H4,mean_reversion,vwap_deviation,std_threshold=1.5,both,all,NEEDS_MORE_DATA,7,,,,,,,,,,,,,,,,only 7 trades < min 20,binance_rest
run_20260426_202813,BTC/USDT,crypto,H4,mean_reversion,vwap_deviation,std_threshold=2.0,both,all,NEEDS_MORE_DATA,7,,,,,,,,,,,,,,,,only 7 trades < min 20,binance_rest
run_20260426_202813,ADA/USDT,crypto,H1,trend_momentum,ema_cross,adx_min=0|fast_period=10|rsi_confirm=False|slow_period=50,both,all,REJECT,34,0.147059,0.173489,-0.017198,-0.017198,-0.450440,-1.786434,-4.447621,0.034034,28.970588,-0.450440,-0.450440,-0.361406,-0.107496,0.393232,,,binance_rest
run_20260426_202813,ADA/USDT,crypto,H1,trend_momentum,ema_cross,adx_min=0|fast_period=10|rsi_confirm=True|slow_period=50,both,all,REJECT,32,0.156250,0.185196,-0.016875,-0.016875,-0.425008,-1.680149,-4.116210,0.032032,30.281250,-0.425008,-0.425008,-0.331854,-0.107496,0.389178,,,binance_rest
run_20260426_202813,ADA/USDT,crypto,H1,trend_momentum,ema_cross,adx_min=20|fast_period=10|rsi_confirm=False|slow_period=50,both,all,REJECT,34,0.147059,0.173489,-0.017198,-0.017198,-0.450440,-1.786434,-4.447621,0.034034,28.970588,-0.450440,-0.450440,-0.361406,-0.107496,0.393232,,,binance_rest
run_20260426_202813,ADA/USDT,crypto,H1,trend_momentum,ema_cross,adx_min=20|fast_period=10|rsi_confirm=True|slow_period=50,both,all,REJECT,32,0.156250,0.185196,-0.016875,-0.016875,-0.425008,-1.680149,-4.116210,0.032032,30.281250,-0.425008,-0.425008,-0.331854,-0.107496,0.389178,,,binance_rest
run_20260426_202813,ADA/USDT,crypto,H1,trend_momentum,ema_cross,adx_min=25|fast_period=10|rsi_confirm=False|slow_period=50,both,all,REJECT,26,0.192308,0.222100,-0.016588,-0.016588,-0.358138,-1.410149,-3.346996,0.026026,32.653846,-0.358138,-0.358138,-0.312863,-0.031439,0.286146,,,binance_rest
run_20260426_202813,ADA/USDT,crypto,H1,trend_momentum,ema_cross,adx_min=25|fast_period=10|rsi_confirm=True|slow_period=50,both,all,REJECT,24,0.208333,0.241586,-0.016107,-0.016107,-0.328435,-1.291056,-3.008016,0.024024,34.708333,-0.328435,-0.328435,-0.281065,-0.031439,0.277557,,,binance_rest
run_20260426_202813,ADA/USDT,crypto,H1,trend_momentum,ema_cross,adx_min=0|fast_period=10|rsi_confirm=False|slow_period=100,both,all,REJECT,34,0.117647,0.156986,-0.017260,-0.017260,-0.451342,-1.828694,-4.615343,0.034034,28.970588,-0.451342,-0.451342,-0.371686,-0.141217,0.417981,,,binance_rest
run_20260426_202813,ADA/USDT,crypto,H1,trend_momentum,ema_cross,adx_min=0|fast_period=10|rsi_confirm=True|slow_period=100,both,all,REJECT,31,0.129032,0.169982,-0.017245,-0.017245,-0.421638,-1.695801,-4.211788,0.031031,30.387097,-0.421638,-0.421638,-0.344972,-0.131645,0.400483,,,binance_rest
run_20260426_202813,ADA/USDT,crypto,H1,trend_momentum,ema_cross,adx_min=20|fast_period=10|rsi_confirm=False|slow_period=100,both,all,REJECT,33,0.121212,0.159864,-0.017435,-0.017435,-0.444960,-1.796582,-4.528090,0.033033,29.242424,-0.444960,-0.444960,-0.364501,-0.141217,0.414228,,,binance_rest
run_20260426_202813,ADA/USDT,crypto,H1,trend_momentum,ema_cross,adx_min=20|fast_period=10|rsi_confirm=True|slow_period=100,both,all,REJECT,30,0.133333,0.173330,-0.017437,-0.017437,-0.414911,-1.662933,-4.124093,0.030030,30.733333,-0.414911,-0.414911,-0.337481,-0.131645,0.397024,,,binance_rest
run_20260426_202813,ADA/USDT,crypto,H1,trend_momentum,ema_cross,adx_min=25|fast_period=10|rsi_confirm=False|slow_period=100,both,all,REJECT,29,0.137931,0.177101,-0.017541,-0.017541,-0.406265,-1.632929,-4.048033,0.029029,31.344828,-0.406265,-0.406265,-0.357167,-0.091827,0.351130,,,binance_rest
run_20260426_202813,ADA/USDT,crypto,H1,trend_momentum,ema_cross,adx_min=25|fast_period=10|rsi_confirm=True|slow_period=100,both,all,REJECT,26,0.153846,0.193735,-0.017556,-0.017556,-0.374121,-1.493444,-3.638776,0.026026,33.307692,-0.374121,-0.374121,-0.329834,-0.081704,0.330314,,,binance_rest
run_20260426_202813,ADA/USDT,crypto,H1,trend_momentum,ema_cross,adx_min=0|fast_period=10|rsi_confirm=False|slow_period=200,both,all,REJECT,24,0.166667,0.135384,-0.018415,-0.018415,-0.363853,-1.569101,-4.026279,0.024024,41.000000,-0.363853,-0.363853,-0.253535,-0.151529,0.423299,,,binance_rest
run_20260426_202813,ADA/USDT,crypto,H1,trend_momentum,ema_cross,adx_min=0|fast_period=10|rsi_confirm=True|slow_period=200,both,all,REJECT,22,0.181818,0.147254,-0.018216,-0.018216,-0.336805,-1.452811,-3.652940,0.022022,43.954545,-0.336805,-0.336805,-0.221796,-0.151529,0.436956,,,binance_rest
run_20260426_202813,ADA/USDT,crypto,H1,trend_momentum,ema_cross,adx_min=20|fast_period=10|rsi_confirm=False|slow_period=200,both,all,REJECT,23,0.173913,0.138262,-0.018753,-0.018753,-0.357011,-1.535318,-3.939664,0.023023,42.521739,-0.357011,-0.357011,-0.253535,-0.142403,0.406501,,,binance_rest
run_20260426_202813,ADA/USDT,crypto,H1,trend_momentum,ema_cross,adx_min=20|fast_period=10|rsi_confirm=True|slow_period=200,both,all,REJECT,21,0.190476,0.150666,-0.018577,-0.018577,-0.329672,-1.418117,-3.564860,0.021021,45.761905,-0.329672,-0.329672,-0.221796,-0.142403,0.418613,,,binance_rest
run_20260426_202813,ADA/USDT,crypto,H1,trend_momentum,ema_cross,adx_min=25|fast_period=10|rsi_confirm=False|slow_period=200,both,all,REJECT,21,0.190476,0.150988,-0.018530,-0.018530,-0.328905,-1.426286,-3.597729,0.021021,44.333333,-0.328905,-0.328905,-0.253535,-0.104917,0.350145,,,binance_rest
run_20260426_202813,ADA/USDT,crypto,H1,trend_momentum,ema_cross,adx_min=25|fast_period=10|rsi_confirm=True|slow_period=200,both,all,NEEDS_MORE_DATA,19,,,,,,,,,,,,,,,,only 19 trades < min 20,binance_rest
run_20260426_202813,ADA/USDT,crypto,H1,trend_momentum,ema_cross,adx_min=0|fast_period=20|rsi_confirm=False|slow_period=50,both,all,REJECT,32,0.156250,0.161981,-0.019394,-0.019394,-0.470616,-1.805561,-4.610187,0.032032,30.812500,-0.470616,-0.470616,-0.409193,-0.089459,0.357587,,,binance_rest
run_20260426_202813,ADA/USDT,crypto,H1,trend_momentum,ema_cross,adx_min=0|fast_period=20|rsi_confirm=True|slow_period=50,both,all,REJECT,30,0.166667,0.171525,-0.019313,-0.019313,-0.448108,-1.708867,-4.304819,0.030030,32.266667,-0.448108,-0.448108,-0.384073,-0.089459,0.349877,,,binance_rest
run_20260426_202813,ADA/USDT,crypto,H1,trend_momentum,ema_cross,adx_min=20|fast_period=20|rsi_confirm=False|slow_period=50,both,all,REJECT,32,0.156250,0.161981,-0.019394,-0.019394,-0.470616,-1.805561,-4.610187,0.032032,30.812500,-0.470616,-0.470616,-0.409193,-0.089459,0.357587,,,binance_rest
run_20260426_202813,ADA/USDT,crypto,H1,trend_momentum,ema_cross,adx_min=20|fast_period=20|rsi_confirm=True|slow_period=50,both,all,REJECT,30,0.166667,0.171525,-0.019313,-0.019313,-0.448108,-1.708867,-4.304819,0.030030,32.266667,-0.448108,-0.448108,-0.384073,-0.089459,0.349877,,,binance_rest
run_20260426_202813,ADA/USDT,crypto,H1,trend_momentum,ema_cross,adx_min=25|fast_period=20|rsi_confirm=False|slow_period=50,both,all,REJECT,27,0.185185,0.183713,-0.019806,-0.019806,-0.422729,-1.594266,-3.980599,0.027027,34.074074,-0.422729,-0.422729,-0.389088,-0.039971,0.292819,,,binance_rest
run_20260426_202813,ADA/USDT,crypto,H1,trend_momentum,ema_cross,adx_min=25|fast_period=20|rsi_confirm=True|slow_period=50,both,all,REJECT,25,0.200000,0.196045,-0.019742,-0.019742,-0.398185,-1.492890,-3.674330,0.025025,36.080000,-0.398185,-0.398185,-0.363113,-0.039971,0.283023,,,binance_rest
run_20260426_202813,ADA/USDT,crypto,H1,trend_momentum,ema_cross,adx_min=0|fast_period=20|rsi_confirm=False|slow_period=100,both,all,REJECT,24,0.166667,0.119660,-0.023151,-0.023151,-0.434850,-1.641681,-4.350432,0.024024,41.000000,-0.434850,-0.434850,-0.377977,-0.094703,0.319166,,,binance_rest
run_20260426_202813,ADA/USDT,crypto,H1,trend_momentum,ema_cross,adx_min=0|fast_period=20|rsi_confirm=True|slow_period=100,both,all,REJECT,21,0.190476,0.133932,-0.023256,-0.023256,-0.395062,-1.480817,-3.826328,0.021021,45.285714,-0.395062,-0.395062,-0.351064,-0.071158,0.286807,,,binance_rest
run_20260426_202813,ADA/USDT,crypto,H1,trend_momentum,ema_cross,adx_min=20|fast_period=20|rsi_confirm=False|slow_period=100,both,all,REJECT,23,0.173913,0.122112,-0.023607,-0.023607,-0.427597,-1.608331,-4.266225,0.023023,42.565217,-0.427597,-0.427597,-0.377977,-0.083084,0.303944,,,binance_rest
run_20260426_202813,ADA/USDT,crypto,H1,trend_momentum,ema_cross,adx_min=20|fast_period=20|rsi_confirm=True|slow_period=100,both,all,REJECT,20,0.200000,0.137011,-0.023785,-0.023785,-0.387298,-1.446313,-3.740572,0.020020,47.300000,-0.387298,-0.387298,-0.351064,-0.059236,0.270620,,,binance_rest
run_20260426_202813,ADA/USDT,crypto,H1,trend_momentum,ema_cross,adx_min=25|fast_period=20|rsi_confirm=False|slow_period=100,both,all,REJECT,22,0.181818,0.123993,-0.024253,-0.024253,-0.422175,-1.582685,-4.220142,0.022022,42.909091,-0.422175,-0.422175,-0.377977,-0.074399,0.291050,,,binance_rest
run_20260426_202813,ADA/USDT,crypto,H1,trend_momentum,ema_cross,adx_min=25|fast_period=20|rsi_confirm=True|slow_period=100,both,all,NEEDS_MORE_DATA,19,,,,,,,,,,,,,,,,only 19 trades < min 20,binance_rest
run_20260426_202813,ADA/USDT,crypto,H1,trend_momentum,ema_cross,adx_min=0|fast_period=20|rsi_confirm=False|slow_period=200,both,all,NEEDS_MORE_DATA,18,,,,,,,,,,,,,,,,only 18 trades < min 20,binance_rest
run_20260426_202813,ADA/USDT,crypto,H1,trend_momentum,ema_cross,adx_min=0|fast_period=20|rsi_confirm=True|slow_period=200,both,all,NEEDS_MORE_DATA,16,,,,,,,,,,,,,,,,only 16 trades < min 20,binance_rest
run_20260426_202813,ADA/USDT,crypto,H1,trend_momentum,ema_cross,adx_min=20|fast_period=20|rsi_confirm=False|slow_period=200,both,all,NEEDS_MORE_DATA,18,,,,,,,,,,,,,,,,only 18 trades < min 20,binance_rest
run_20260426_202813,ADA/USDT,crypto,H1,trend_momentum,ema_cross,adx_min=20|fast_period=20|rsi_confirm=True|slow_period=200,both,all,NEEDS_MORE_DATA,16,,,,,,,,,,,,,,,,only 16 trades < min 20,binance_rest
run_20260426_202813,ADA/USDT,crypto,H1,trend_momentum,ema_cross,adx_min=25|fast_period=20|rsi_confirm=False|slow_period=200,both,all,NEEDS_MORE_DATA,18,,,,,,,,,,,,,,,,only 18 trades < min 20,binance_rest
run_20260426_202813,ADA/USDT,crypto,H1,trend_momentum,ema_cross,adx_min=25|fast_period=20|rsi_confirm=True|slow_period=200,both,all,NEEDS_MORE_DATA,16,,,,,,,,,,,,,,,,only 16 trades < min 20,binance_rest
run_20260426_202813,ADA/USDT,crypto,H1,trend_momentum,ema_alignment,adx_min=0|ema_long=200|ema_mid=50|ema_short=20,both,all,REJECT,22,0.090909,0.120534,-0.023738,-0.023738,-0.415101,-1.593903,-4.274190,0.022022,30.545455,-0.415101,-0.415101,-0.323924,-0.134861,0.356901,,,binance_rest
run_20260426_202813,ADA/USDT,crypto,H1,trend_momentum,ema_alignment,adx_min=20|ema_long=200|ema_mid=50|ema_short=20,both,all,REJECT,22,0.090909,0.120534,-0.023738,-0.023738,-0.415101,-1.593903,-4.274190,0.022022,30.545455,-0.415101,-0.415101,-0.323924,-0.134861,0.356901,,,binance_rest
run_20260426_202813,ADA/USDT,crypto,H1,trend_momentum,ema_alignment,adx_min=25|ema_long=200|ema_mid=50|ema_short=20,both,all,REJECT,22,0.090909,0.118578,-0.024183,-0.024183,-0.420924,-1.611817,-4.362459,0.022022,30.409091,-0.420924,-0.420924,-0.326845,-0.139758,0.360279,,,binance_rest
run_20260426_202813,ADA/USDT,crypto,H1,pullback,pullback_ema,pullback_period=20|rsi_reclaim=False|rsi_threshold=50|trend_period=200,both,all,REJECT,57,0.157895,0.237223,-0.004476,-0.004476,-0.226844,-1.985419,-4.593839,0.057057,6.368421,-0.226844,-0.226844,-0.169758,-0.068758,0.521511,,,binance_rest
run_20260426_202813,ADA/USDT,crypto,H1,pullback,pullback_ema,pullback_period=20|rsi_reclaim=True|rsi_threshold=50|trend_period=200,both,all,REJECT,45,0.200000,0.334418,-0.003510,-0.003510,-0.147417,-1.429840,-3.130512,0.045045,7.155556,-0.147417,-0.147417,-0.086668,-0.066513,0.600234,,,binance_rest
run_20260426_202813,ADA/USDT,crypto,H1,pullback,pullback_ema,pullback_period=50|rsi_reclaim=False|rsi_threshold=50|trend_period=200,both,all,REJECT,47,0.106383,0.219448,-0.006560,-0.006560,-0.268790,-1.596672,-3.567504,0.047047,8.787234,-0.268790,-0.268790,-0.204852,-0.080410,0.499759,,,binance_rest
run_20260426_202813,ADA/USDT,crypto,H1,pullback,pullback_ema,pullback_period=50|rsi_reclaim=True|rsi_threshold=50|trend_period=200,both,all,REJECT,33,0.090909,0.263598,-0.005334,-0.005334,-0.174473,-1.100553,-2.365230,0.033033,9.575758,-0.164099,-0.164099,-0.111520,-0.059179,0.457196,,,binance_rest
run_20260426_202813,ADA/USDT,crypto,H1,breakout,prev_day_hl,atr_expand_min=0.0,both,all,REJECT,22,0.227273,0.334675,-0.016254,-0.016254,-0.350348,-1.002882,-2.202730,0.022022,41.363636,-0.311865,-0.311865,-0.300971,-0.060333,0.292138,,,binance_rest
run_20260426_202813,ADA/USDT,crypto,H1,breakout,prev_day_hl,atr_expand_min=0.5,both,all,REJECT,22,0.227273,0.334675,-0.016254,-0.016254,-0.350348,-1.002882,-2.202730,0.022022,41.363636,-0.311865,-0.311865,-0.300971,-0.060333,0.292138,,,binance_rest
run_20260426_202813,ADA/USDT,crypto,H1,breakout,prev_day_hl,atr_expand_min=1.0,both,all,NEEDS_MORE_DATA,16,,,,,,,,,,,,,,,,only 16 trades < min 20,binance_rest
run_20260426_202813,ADA/USDT,crypto,H1,breakout,session_opening_range,atr_expand_min=0.0|range_bars=6,both,all,REJECT,54,0.388889,0.799496,-0.001959,-0.001959,-0.205731,-0.311261,-0.622145,0.054054,17.981481,-0.113245,-0.113245,0.070644,-0.147476,0.400000,,,binance_rest
run_20260426_202813,ADA/USDT,crypto,H1,breakout,session_opening_range,atr_expand_min=0.5|range_bars=6,both,all,REJECT,54,0.370370,0.781654,-0.002169,-0.002169,-0.214709,-0.344202,-0.688509,0.054054,17.888889,-0.123268,-0.123268,0.058542,-0.147476,0.400000,,,binance_rest
run_20260426_202813,ADA/USDT,crypto,H1,breakout,session_opening_range,atr_expand_min=0.0|range_bars=12,both,all,REJECT,38,0.315789,0.883410,-0.001142,-0.001142,-0.102897,-0.148307,-0.295761,0.038038,25.552632,-0.052653,-0.052653,-0.046775,-0.034436,0.548862,,,binance_rest
run_20260426_202813,ADA/USDT,crypto,H1,breakout,session_opening_range,atr_expand_min=0.5|range_bars=12,both,all,REJECT,38,0.315789,0.883410,-0.001142,-0.001142,-0.102897,-0.148307,-0.295761,0.038038,25.552632,-0.052653,-0.052653,-0.046775,-0.034436,0.548862,,,binance_rest
run_20260426_202813,ADA/USDT,crypto,H1,breakout,london_breakout,atr_expand_min=0.0|utc_end=11|utc_start=7,both,all,NEEDS_MORE_DATA,12,,,,,,,,,,,,,,,,only 12 trades < min 20,binance_rest
run_20260426_202813,ADA/USDT,crypto,H1,breakout,london_breakout,atr_expand_min=0.5|utc_end=11|utc_start=7,both,all,NEEDS_MORE_DATA,11,,,,,,,,,,,,,,,,only 11 trades < min 20,binance_rest
run_20260426_202813,ADA/USDT,crypto,H1,breakout,ny_breakout,atr_expand_min=0.0|utc_end=16|utc_start=13,both,all,NEEDS_MORE_DATA,18,,,,,,,,,,,,,,,,only 18 trades < min 20,binance_rest
run_20260426_202813,ADA/USDT,crypto,H1,breakout,ny_breakout,atr_expand_min=0.5|utc_end=16|utc_start=13,both,all,NEEDS_MORE_DATA,18,,,,,,,,,,,,,,,,only 18 trades < min 20,binance_rest
run_20260426_202813,ADA/USDT,crypto,H1,mean_reversion,rsi_extreme,overbought=70|oversold=30|period=14,both,all,NEEDS_MORE_DATA,19,,,,,,,,,,,,,,,,only 19 trades < min 20,binance_rest
run_20260426_202813,ADA/USDT,crypto,H1,mean_reversion,rsi_extreme,overbought=75|oversold=30|period=14,both,all,NEEDS_MORE_DATA,13,,,,,,,,,,,,,,,,only 13 trades < min 20,binance_rest
run_20260426_202813,ADA/USDT,crypto,H1,mean_reversion,rsi_extreme,overbought=70|oversold=25|period=14,both,all,NEEDS_MORE_DATA,15,,,,,,,,,,,,,,,,only 15 trades < min 20,binance_rest
run_20260426_202813,ADA/USDT,crypto,H1,mean_reversion,rsi_extreme,overbought=75|oversold=25|period=14,both,all,NEEDS_MORE_DATA,9,,,,,,,,,,,,,,,,only 9 trades < min 20,binance_rest
run_20260426_202813,ADA/USDT,crypto,H1,mean_reversion,bollinger_touch,num_std=2.0|period=20,both,all,REJECT,37,0.621622,0.803787,-0.001464,-0.001464,-0.128918,-0.230409,-0.460249,0.037037,15.000000,-0.059474,-0.059474,-0.100893,0.046066,0.322000,,,binance_rest
run_20260426_202813,ADA/USDT,crypto,H1,mean_reversion,bollinger_touch,num_std=2.5|period=20,both,all,REJECT,22,0.545455,0.711944,-0.002397,-0.002397,-0.095608,-0.285538,-0.572941,0.022022,16.909091,-0.055522,-0.055522,-0.066511,0.011772,0.232000,,,binance_rest
run_20260426_202813,ADA/USDT,crypto,H1,mean_reversion,vwap_deviation,std_threshold=1.5,both,all,NEEDS_MORE_DATA,10,,,,,,,,,,,,,,,,only 10 trades < min 20,binance_rest
run_20260426_202813,ADA/USDT,crypto,H1,mean_reversion,vwap_deviation,std_threshold=2.0,both,all,NEEDS_MORE_DATA,7,,,,,,,,,,,,,,,,only 7 trades < min 20,binance_rest
run_20260426_202813,SOL/USDT,crypto,H4,trend_momentum,ema_cross,adx_min=0|fast_period=10|rsi_confirm=False|slow_period=50,both,all,REJECT,31,0.193548,0.507191,-0.019185,-0.019185,-0.560385,-0.638894,-1.306203,0.031031,31.225806,-0.501168,-0.501168,-0.383459,-0.164654,0.414817,,,binance_rest
run_20260426_202813,SOL/USDT,crypto,H4,trend_momentum,ema_cross,adx_min=0|fast_period=10|rsi_confirm=True|slow_period=50,both,all,REJECT,31,0.193548,0.507191,-0.019185,-0.019185,-0.560385,-0.638894,-1.306203,0.031031,31.225806,-0.501168,-0.501168,-0.383459,-0.164654,0.414817,,,binance_rest
run_20260426_202813,SOL/USDT,crypto,H4,trend_momentum,ema_cross,adx_min=20|fast_period=10|rsi_confirm=False|slow_period=50,both,all,REJECT,30,0.166667,0.450871,-0.022090,-0.022090,-0.588374,-0.719586,-1.483579,0.030030,28.366667,-0.532928,-0.532928,-0.422713,-0.164654,0.396855,,,binance_rest
run_20260426_202813,SOL/USDT,crypto,H4,trend_momentum,ema_cross,adx_min=20|fast_period=10|rsi_confirm=True|slow_period=50,both,all,REJECT,30,0.166667,0.450871,-0.022090,-0.022090,-0.588374,-0.719586,-1.483579,0.030030,28.366667,-0.532928,-0.532928,-0.422713,-0.164654,0.396855,,,binance_rest
run_20260426_202813,SOL/USDT,crypto,H4,trend_momentum,ema_cross,adx_min=25|fast_period=10|rsi_confirm=False|slow_period=50,both,all,REJECT,24,0.208333,0.546724,-0.018797,-0.018797,-0.488689,-0.501593,-1.020120,0.024024,33.916667,-0.419814,-0.419814,-0.308267,-0.134031,0.374437,,,binance_rest
run_20260426_202813,SOL/USDT,crypto,H4,trend_momentum,ema_cross,adx_min=25|fast_period=10|rsi_confirm=True|slow_period=50,both,all,REJECT,24,0.208333,0.546724,-0.018797,-0.018797,-0.488689,-0.501593,-1.020120,0.024024,33.916667,-0.419814,-0.419814,-0.308267,-0.134031,0.374437,,,binance_rest
run_20260426_202813,SOL/USDT,crypto,H4,trend_momentum,ema_cross,adx_min=0|fast_period=10|rsi_confirm=False|slow_period=100,both,all,REJECT,21,0.238095,0.755756,-0.008317,-0.008317,-0.389307,-0.210813,-0.421687,0.021021,43.809524,-0.221552,-0.221552,0.105894,-0.259074,0.226000,,,binance_rest
run_20260426_202813,SOL/USDT,crypto,H4,trend_momentum,ema_cross,adx_min=0|fast_period=10|rsi_confirm=True|slow_period=100,both,all,REJECT,20,0.250000,0.770646,-0.008042,-0.008042,-0.389307,-0.194252,-0.388387,0.020020,44.300000,-0.210638,-0.210638,0.121398,-0.259074,0.220000,,,binance_rest
run_20260426_202813,SOL/USDT,crypto,H4,trend_momentum,ema_cross,adx_min=20|fast_period=10|rsi_confirm=False|slow_period=100,both,all,REJECT,21,0.238095,0.755756,-0.008317,-0.008317,-0.389307,-0.210813,-0.421687,0.021021,43.809524,-0.221552,-0.221552,0.105894,-0.259074,0.226000,,,binance_rest
run_20260426_202813,SOL/USDT,crypto,H4,trend_momentum,ema_cross,adx_min=20|fast_period=10|rsi_confirm=True|slow_period=100,both,all,REJECT,20,0.250000,0.770646,-0.008042,-0.008042,-0.389307,-0.194252,-0.388387,0.020020,44.300000,-0.210638,-0.210638,0.121398,-0.259074,0.220000,,,binance_rest
run_20260426_202813,SOL/USDT,crypto,H4,trend_momentum,ema_cross,adx_min=25|fast_period=10|rsi_confirm=False|slow_period=100,both,all,REJECT,21,0.238095,0.755756,-0.008317,-0.008317,-0.389307,-0.210813,-0.421687,0.021021,43.809524,-0.221552,-0.221552,0.105894,-0.259074,0.226000,,,binance_rest
run_20260426_202813,SOL/USDT,crypto,H4,trend_momentum,ema_cross,adx_min=25|fast_period=10|rsi_confirm=True|slow_period=100,both,all,REJECT,20,0.250000,0.770646,-0.008042,-0.008042,-0.389307,-0.194252,-0.388387,0.020020,44.300000,-0.210638,-0.210638,0.121398,-0.259074,0.220000,,,binance_rest
run_20260426_202813,SOL/USDT,crypto,H4,trend_momentum,ema_cross,adx_min=0|fast_period=10|rsi_confirm=False|slow_period=200,both,all,NEEDS_MORE_DATA,7,,,,,,,,,,,,,,,,only 7 trades < min 20,binance_rest
run_20260426_202813,SOL/USDT,crypto,H4,trend_momentum,ema_cross,adx_min=0|fast_period=10|rsi_confirm=True|slow_period=200,both,all,NEEDS_MORE_DATA,7,,,,,,,,,,,,,,,,only 7 trades < min 20,binance_rest
run_20260426_202813,SOL/USDT,crypto,H4,trend_momentum,ema_cross,adx_min=20|fast_period=10|rsi_confirm=False|slow_period=200,both,all,NEEDS_MORE_DATA,7,,,,,,,,,,,,,,,,only 7 trades < min 20,binance_rest
run_20260426_202813,SOL/USDT,crypto,H4,trend_momentum,ema_cross,adx_min=20|fast_period=10|rsi_confirm=True|slow_period=200,both,all,NEEDS_MORE_DATA,7,,,,,,,,,,,,,,,,only 7 trades < min 20,binance_rest
run_20260426_202813,SOL/USDT,crypto,H4,trend_momentum,ema_cross,adx_min=25|fast_period=10|rsi_confirm=False|slow_period=200,both,all,NEEDS_MORE_DATA,7,,,,,,,,,,,,,,,,only 7 trades < min 20,binance_rest
run_20260426_202813,SOL/USDT,crypto,H4,trend_momentum,ema_cross,adx_min=25|fast_period=10|rsi_confirm=True|slow_period=200,both,all,NEEDS_MORE_DATA,7,,,,,,,,,,,,,,,,only 7 trades < min 20,binance_rest
run_20260426_202813,SOL/USDT,crypto,H4,trend_momentum,ema_cross,adx_min=0|fast_period=20|rsi_confirm=False|slow_period=50,both,all,REJECT,23,0.260870,0.615781,-0.015334,-0.015334,-0.421554,-0.404550,-0.817235,0.023023,38.565217,-0.355519,-0.355519,-0.233283,-0.129846,0.404980,,,binance_rest
run_20260426_202813,SOL/USDT,crypto,H4,trend_momentum,ema_cross,adx_min=0|fast_period=20|rsi_confirm=True|slow_period=50,both,all,REJECT,23,0.260870,0.615781,-0.015334,-0.015334,-0.421554,-0.404550,-0.817235,0.023023,38.565217,-0.355519,-0.355519,-0.233283,-0.129846,0.404980,,,binance_rest
run_20260426_202813,SOL/USDT,crypto,H4,trend_momentum,ema_cross,adx_min=20|fast_period=20|rsi_confirm=False|slow_period=50,both,all,REJECT,22,0.227273,0.551830,-0.018699,-0.018699,-0.453642,-0.476153,-0.968075,0.022022,35.090909,-0.391270,-0.391270,-0.275815,-0.129846,0.373231,,,binance_rest
run_20260426_202813,SOL/USDT,crypto,H4,trend_momentum,ema_cross,adx_min=20|fast_period=20|rsi_confirm=True|slow_period=50,both,all,REJECT,22,0.227273,0.551830,-0.018699,-0.018699,-0.453642,-0.476153,-0.968075,0.022022,35.090909,-0.391270,-0.391270,-0.275815,-0.129846,0.373231,,,binance_rest
run_20260426_202813,SOL/USDT,crypto,H4,trend_momentum,ema_cross,adx_min=25|fast_period=20|rsi_confirm=False|slow_period=50,both,all,REJECT,21,0.238095,0.564918,-0.018577,-0.018577,-0.441770,-0.452061,-0.918047,0.021021,36.333333,-0.378043,-0.378043,-0.260079,-0.129846,0.375776,,,binance_rest
run_20260426_202813,SOL/USDT,crypto,H4,trend_momentum,ema_cross,adx_min=25|fast_period=20|rsi_confirm=True|slow_period=50,both,all,REJECT,21,0.238095,0.564918,-0.018577,-0.018577,-0.441770,-0.452061,-0.918047,0.021021,36.333333,-0.378043,-0.378043,-0.260079,-0.129846,0.375776,,,binance_rest
run_20260426_202813,SOL/USDT,crypto,H4,trend_momentum,ema_cross,adx_min=0|fast_period=20|rsi_confirm=False|slow_period=100,both,all,NEEDS_MORE_DATA,13,,,,,,,,,,,,,,,,only 13 trades < min 20,binance_rest
run_20260426_202813,SOL/USDT,crypto,H4,trend_momentum,ema_cross,adx_min=0|fast_period=20|rsi_confirm=True|slow_period=100,both,all,NEEDS_MORE_DATA,13,,,,,,,,,,,,,,,,only 13 trades < min 20,binance_rest
run_20260426_202813,SOL/USDT,crypto,H4,trend_momentum,ema_cross,adx_min=20|fast_period=20|rsi_confirm=False|slow_period=100,both,all,NEEDS_MORE_DATA,13,,,,,,,,,,,,,,,,only 13 trades < min 20,binance_rest
run_20260426_202813,SOL/USDT,crypto,H4,trend_momentum,ema_cross,adx_min=20|fast_period=20|rsi_confirm=True|slow_period=100,both,all,NEEDS_MORE_DATA,13,,,,,,,,,,,,,,,,only 13 trades < min 20,binance_rest
run_20260426_202813,SOL/USDT,crypto,H4,trend_momentum,ema_cross,adx_min=25|fast_period=20|rsi_confirm=False|slow_period=100,both,all,NEEDS_MORE_DATA,11,,,,,,,,,,,,,,,,only 11 trades < min 20,binance_rest
run_20260426_202813,SOL/USDT,crypto,H4,trend_momentum,ema_cross,adx_min=25|fast_period=20|rsi_confirm=True|slow_period=100,both,all,NEEDS_MORE_DATA,11,,,,,,,,,,,,,,,,only 11 trades < min 20,binance_rest
run_20260426_202813,SOL/USDT,crypto,H4,trend_momentum,ema_cross,adx_min=0|fast_period=20|rsi_confirm=False|slow_period=200,both,all,NEEDS_MORE_DATA,7,,,,,,,,,,,,,,,,only 7 trades < min 20,binance_rest
run_20260426_202813,SOL/USDT,crypto,H4,trend_momentum,ema_cross,adx_min=0|fast_period=20|rsi_confirm=True|slow_period=200,both,all,NEEDS_MORE_DATA,7,,,,,,,,,,,,,,,,only 7 trades < min 20,binance_rest
run_20260426_202813,SOL/USDT,crypto,H4,trend_momentum,ema_cross,adx_min=20|fast_period=20|rsi_confirm=False|slow_period=200,both,all,NEEDS_MORE_DATA,7,,,,,,,,,,,,,,,,only 7 trades < min 20,binance_rest
run_20260426_202813,SOL/USDT,crypto,H4,trend_momentum,ema_cross,adx_min=20|fast_period=20|rsi_confirm=True|slow_period=200,both,all,NEEDS_MORE_DATA,7,,,,,,,,,,,,,,,,only 7 trades < min 20,binance_rest
run_20260426_202813,SOL/USDT,crypto,H4,trend_momentum,ema_cross,adx_min=25|fast_period=20|rsi_confirm=False|slow_period=200,both,all,NEEDS_MORE_DATA,7,,,,,,,,,,,,,,,,only 7 trades < min 20,binance_rest
run_20260426_202813,SOL/USDT,crypto,H4,trend_momentum,ema_cross,adx_min=25|fast_period=20|rsi_confirm=True|slow_period=200,both,all,NEEDS_MORE_DATA,7,,,,,,,,,,,,,,,,only 7 trades < min 20,binance_rest
run_20260426_202813,SOL/USDT,crypto,H4,trend_momentum,ema_alignment,adx_min=0|ema_long=200|ema_mid=50|ema_short=20,both,all,NEEDS_MORE_DATA,15,,,,,,,,,,,,,,,,only 15 trades < min 20,binance_rest
run_20260426_202813,SOL/USDT,crypto,H4,trend_momentum,ema_alignment,adx_min=20|ema_long=200|ema_mid=50|ema_short=20,both,all,NEEDS_MORE_DATA,15,,,,,,,,,,,,,,,,only 15 trades < min 20,binance_rest
run_20260426_202813,SOL/USDT,crypto,H4,trend_momentum,ema_alignment,adx_min=25|ema_long=200|ema_mid=50|ema_short=20,both,all,NEEDS_MORE_DATA,14,,,,,,,,,,,,,,,,only 14 trades < min 20,binance_rest
run_20260426_202813,SOL/USDT,crypto,H4,trend_momentum,macd_direction,adx_min=0|fast=12|signal_period=9|slow=26,both,all,REJECT,81,0.333333,0.568076,-0.010473,-0.010473,-0.651737,-0.973861,-1.982768,0.081081,12.271605,-0.610891,-0.610891,-0.443806,-0.338039,0.628505,,,binance_rest
run_20260426_202813,SOL/USDT,crypto,H4,trend_momentum,macd_direction,adx_min=20|fast=12|signal_period=9|slow=26,both,all,REJECT,76,0.342105,0.578555,-0.010672,-0.010672,-0.638455,-0.932126,-1.897022,0.076076,12.631579,-0.596052,-0.596052,-0.438587,-0.319182,0.618325,,,binance_rest
run_20260426_202813,SOL/USDT,crypto,H4,pullback,pullback_ema,pullback_period=20|rsi_reclaim=False|rsi_threshold=50|trend_period=200,both,all,REJECT,68,0.191176,0.904820,-0.001078,-0.001078,-0.251874,-0.101713,-0.202673,0.068068,7.411765,-0.122887,-0.122887,0.047919,-0.182322,0.400000,,,binance_rest
run_20260426_202813,SOL/USDT,crypto,H4,pullback,pullback_ema,pullback_period=20|rsi_reclaim=True|rsi_threshold=50|trend_period=200,both,all,REJECT,58,0.206897,1.008808,0.000102,0.000102,-0.219131,0.008260,0.016454,0.058058,8.155172,-0.049702,-0.049702,0.077477,-0.138399,0.400000,,,binance_rest
run_20260426_202813,SOL/USDT,crypto,H4,pullback,pullback_ema,pullback_period=50|rsi_reclaim=False|rsi_threshold=50|trend_period=200,both,all,REJECT,52,0.153846,0.881632,-0.001512,-0.001512,-0.264026,-0.109900,-0.219023,0.052052,10.826923,-0.126190,-0.126190,0.108553,-0.206355,0.400000,,,binance_rest
run_20260426_202813,SOL/USDT,crypto,H4,pullback,pullback_ema,pullback_period=50|rsi_reclaim=True|rsi_threshold=50|trend_period=200,both,all,REJECT,40,0.150000,0.444638,-0.007699,-0.007699,-0.345106,-0.860097,-1.777097,0.040040,10.375000,-0.276609,-0.276609,-0.130826,-0.162023,0.568463,,,binance_rest
run_20260426_202813,SOL/USDT,crypto,H4,breakout,prev_day_hl,atr_expand_min=0.0,both,all,REJECT,77,0.337662,0.705333,-0.006073,-0.006073,-0.520378,-0.575703,-1.155976,0.077077,12.688312,-0.422372,-0.422372,-0.175822,-0.347454,0.407150,,,binance_rest
run_20260426_202813,SOL/USDT,crypto,H4,breakout,prev_day_hl,atr_expand_min=0.5,both,all,REJECT,75,0.333333,0.688482,-0.006215,-0.006215,-0.516747,-0.595303,-1.196291,0.075075,12.773333,-0.417999,-0.417999,-0.089304,-0.374018,0.400000,,,binance_rest
run_20260426_202813,SOL/USDT,crypto,H4,breakout,prev_day_hl,atr_expand_min=1.0,both,all,REJECT,54,0.351852,0.888064,-0.001938,-0.001938,-0.288542,-0.154872,-0.308770,0.054054,13.574074,-0.147647,-0.147647,0.043511,-0.183187,0.400000,,,binance_rest
run_20260426_202813,SOL/USDT,crypto,H4,breakout,session_opening_range,atr_expand_min=0.0|range_bars=6,both,all,REJECT,59,0.372881,0.844538,-0.003360,-0.003360,-0.382116,-0.227867,-0.454671,0.059059,16.779661,-0.249872,-0.249872,0.167773,-0.381992,0.400000,,,binance_rest
run_20260426_202813,SOL/USDT,crypto,H4,breakout,session_opening_range,atr_expand_min=0.5|range_bars=6,both,all,REJECT,59,0.372881,0.844538,-0.003360,-0.003360,-0.382116,-0.227867,-0.454671,0.059059,16.779661,-0.249872,-0.249872,0.167773,-0.381992,0.400000,,,binance_rest
run_20260426_202813,SOL/USDT,crypto,H4,breakout,session_opening_range,atr_expand_min=0.0|range_bars=12,both,all,REJECT,27,0.333333,1.120887,0.003297,0.003297,-0.293507,0.098444,0.196241,0.027027,35.407407,-0.005054,-0.005054,-0.103645,0.118046,0.262000,,,binance_rest
run_20260426_202813,SOL/USDT,crypto,H4,breakout,session_opening_range,atr_expand_min=0.5|range_bars=12,both,all,REJECT,27,0.333333,1.120887,0.003297,0.003297,-0.293507,0.098444,0.196241,0.027027,35.407407,-0.005054,-0.005054,-0.103645,0.118046,0.262000,,,binance_rest
run_20260426_202813,SOL/USDT,crypto,H4,breakout,london_breakout,atr_expand_min=0.0|utc_end=11|utc_start=7,both,all,NEEDS_MORE_DATA,18,,,,,,,,,,,,,,,,only 18 trades < min 20,binance_rest
run_20260426_202813,SOL/USDT,crypto,H4,breakout,london_breakout,atr_expand_min=0.5|utc_end=11|utc_start=7,both,all,NEEDS_MORE_DATA,18,,,,,,,,,,,,,,,,only 18 trades < min 20,binance_rest
run_20260426_202813,SOL/USDT,crypto,H4,breakout,ny_breakout,atr_expand_min=0.0|utc_end=16|utc_start=13,both,all,NEEDS_MORE_DATA,0,,,,,,,,,,,,,,,,only 0 trades < min 20,binance_rest
run_20260426_202813,SOL/USDT,crypto,H4,breakout,ny_breakout,atr_expand_min=0.5|utc_end=16|utc_start=13,both,all,NEEDS_MORE_DATA,0,,,,,,,,,,,,,,,,only 0 trades < min 20,binance_rest
run_20260426_202813,SOL/USDT,crypto,H4,mean_reversion,rsi_extreme,overbought=70|oversold=30|period=14,both,all,NEEDS_MORE_DATA,12,,,,,,,,,,,,,,,,only 12 trades < min 20,binance_rest
run_20260426_202813,SOL/USDT,crypto,H4,mean_reversion,rsi_extreme,overbought=75|oversold=30|period=14,both,all,NEEDS_MORE_DATA,8,,,,,,,,,,,,,,,,only 8 trades < min 20,binance_rest
run_20260426_202813,SOL/USDT,crypto,H4,mean_reversion,rsi_extreme,overbought=70|oversold=25|period=14,both,all,NEEDS_MORE_DATA,10,,,,,,,,,,,,,,,,only 10 trades < min 20,binance_rest
run_20260426_202813,SOL/USDT,crypto,H4,mean_reversion,rsi_extreme,overbought=75|oversold=25|period=14,both,all,NEEDS_MORE_DATA,6,,,,,,,,,,,,,,,,only 6 trades < min 20,binance_rest
run_20260426_202813,SOL/USDT,crypto,H4,mean_reversion,vwap_deviation,std_threshold=1.5,both,all,NEEDS_MORE_DATA,10,,,,,,,,,,,,,,,,only 10 trades < min 20,binance_rest
run_20260426_202813,SOL/USDT,crypto,H4,mean_reversion,vwap_deviation,std_threshold=2.0,both,all,NEEDS_MORE_DATA,7,,,,,,,,,,,,,,,,only 7 trades < min 20,binance_rest
run_20260426_202813,BNB/USDT,crypto,H4,trend_momentum,ema_cross,adx_min=0|fast_period=10|rsi_confirm=False|slow_period=50,both,all,REJECT,27,0.222222,0.647004,-0.009179,-0.009179,-0.315015,-0.363277,-0.730592,0.027027,34.074074,-0.260153,-0.260153,-0.143231,-0.113890,0.500544,,,binance_rest
run_20260426_202813,BNB/USDT,crypto,H4,trend_momentum,ema_cross,adx_min=0|fast_period=10|rsi_confirm=True|slow_period=50,both,all,REJECT,27,0.222222,0.647004,-0.009179,-0.009179,-0.315015,-0.363277,-0.730592,0.027027,34.074074,-0.260153,-0.260153,-0.143231,-0.113890,0.500544,,,binance_rest
run_20260426_202813,BNB/USDT,crypto,H4,trend_momentum,ema_cross,adx_min=20|fast_period=10|rsi_confirm=False|slow_period=50,both,all,REJECT,22,0.272727,0.779686,-0.005837,-0.005837,-0.271827,-0.191213,-0.382139,0.022022,37.000000,-0.164745,-0.164745,-0.032745,-0.113890,0.232000,,,binance_rest
run_20260426_202813,BNB/USDT,crypto,H4,trend_momentum,ema_cross,adx_min=20|fast_period=10|rsi_confirm=True|slow_period=50,both,all,REJECT,22,0.272727,0.779686,-0.005837,-0.005837,-0.271827,-0.191213,-0.382139,0.022022,37.000000,-0.164745,-0.164745,-0.032745,-0.113890,0.232000,,,binance_rest
run_20260426_202813,BNB/USDT,crypto,H4,trend_momentum,ema_cross,adx_min=25|fast_period=10|rsi_confirm=False|slow_period=50,both,all,NEEDS_MORE_DATA,18,,,,,,,,,,,,,,,,only 18 trades < min 20,binance_rest
run_20260426_202813,BNB/USDT,crypto,H4,trend_momentum,ema_cross,adx_min=25|fast_period=10|rsi_confirm=True|slow_period=50,both,all,NEEDS_MORE_DATA,18,,,,,,,,,,,,,,,,only 18 trades < min 20,binance_rest
run_20260426_202813,BNB/USDT,crypto,H4,trend_momentum,ema_cross,adx_min=0|fast_period=10|rsi_confirm=False|slow_period=100,both,all,NEEDS_MORE_DATA,13,,,,,,,,,,,,,,,,only 13 trades < min 20,binance_rest
run_20260426_202813,BNB/USDT,crypto,H4,trend_momentum,ema_cross,adx_min=0|fast_period=10|rsi_confirm=True|slow_period=100,both,all,NEEDS_MORE_DATA,13,,,,,,,,,,,,,,,,only 13 trades < min 20,binance_rest
run_20260426_202813,BNB/USDT,crypto,H4,trend_momentum,ema_cross,adx_min=20|fast_period=10|rsi_confirm=False|slow_period=100,both,all,NEEDS_MORE_DATA,10,,,,,,,,,,,,,,,,only 10 trades < min 20,binance_rest
run_20260426_202813,BNB/USDT,crypto,H4,trend_momentum,ema_cross,adx_min=20|fast_period=10|rsi_confirm=True|slow_period=100,both,all,NEEDS_MORE_DATA,10,,,,,,,,,,,,,,,,only 10 trades < min 20,binance_rest
run_20260426_202813,BNB/USDT,crypto,H4,trend_momentum,ema_cross,adx_min=25|fast_period=10|rsi_confirm=False|slow_period=100,both,all,NEEDS_MORE_DATA,10,,,,,,,,,,,,,,,,only 10 trades < min 20,binance_rest
run_20260426_202813,BNB/USDT,crypto,H4,trend_momentum,ema_cross,adx_min=25|fast_period=10|rsi_confirm=True|slow_period=100,both,all,NEEDS_MORE_DATA,10,,,,,,,,,,,,,,,,only 10 trades < min 20,binance_rest
run_20260426_202813,BNB/USDT,crypto,H4,trend_momentum,ema_cross,adx_min=0|fast_period=10|rsi_confirm=False|slow_period=200,both,all,NEEDS_MORE_DATA,9,,,,,,,,,,,,,,,,only 9 trades < min 20,binance_rest
run_20260426_202813,BNB/USDT,crypto,H4,trend_momentum,ema_cross,adx_min=0|fast_period=10|rsi_confirm=True|slow_period=200,both,all,NEEDS_MORE_DATA,8,,,,,,,,,,,,,,,,only 8 trades < min 20,binance_rest
run_20260426_202813,BNB/USDT,crypto,H4,trend_momentum,ema_cross,adx_min=20|fast_period=10|rsi_confirm=False|slow_period=200,both,all,NEEDS_MORE_DATA,9,,,,,,,,,,,,,,,,only 9 trades < min 20,binance_rest
run_20260426_202813,BNB/USDT,crypto,H4,trend_momentum,ema_cross,adx_min=20|fast_period=10|rsi_confirm=True|slow_period=200,both,all,NEEDS_MORE_DATA,8,,,,,,,,,,,,,,,,only 8 trades < min 20,binance_rest
run_20260426_202813,BNB/USDT,crypto,H4,trend_momentum,ema_cross,adx_min=25|fast_period=10|rsi_confirm=False|slow_period=200,both,all,NEEDS_MORE_DATA,9,,,,,,,,,,,,,,,,only 9 trades < min 20,binance_rest
run_20260426_202813,BNB/USDT,crypto,H4,trend_momentum,ema_cross,adx_min=25|fast_period=10|rsi_confirm=True|slow_period=200,both,all,NEEDS_MORE_DATA,8,,,,,,,,,,,,,,,,only 8 trades < min 20,binance_rest
run_20260426_202813,BNB/USDT,crypto,H4,trend_momentum,ema_cross,adx_min=0|fast_period=20|rsi_confirm=False|slow_period=50,both,all,REJECT,25,0.160000,0.623581,-0.010201,-0.010201,-0.318708,-0.376315,-0.757989,0.025025,36.840000,-0.264769,-0.264769,-0.143764,-0.131372,0.524141,,,binance_rest
run_20260426_202813,BNB/USDT,crypto,H4,trend_momentum,ema_cross,adx_min=0|fast_period=20|rsi_confirm=True|slow_period=50,both,all,REJECT,25,0.160000,0.623581,-0.010201,-0.010201,-0.318708,-0.376315,-0.757989,0.025025,36.840000,-0.264769,-0.264769,-0.143764,-0.131372,0.524141,,,binance_rest
run_20260426_202813,BNB/USDT,crypto,H4,trend_momentum,ema_cross,adx_min=20|fast_period=20|rsi_confirm=False|slow_period=50,both,all,REJECT,20,0.200000,0.768513,-0.006366,-0.006366,-0.229017,-0.190939,-0.381714,0.020020,40.750000,-0.163022,-0.163022,-0.025272,-0.131372,0.220000,,,binance_rest
run_20260426_202813,BNB/USDT,crypto,H4,trend_momentum,ema_cross,adx_min=20|fast_period=20|rsi_confirm=True|slow_period=50,both,all,REJECT,20,0.200000,0.768513,-0.006366,-0.006366,-0.229017,-0.190939,-0.381714,0.020020,40.750000,-0.163022,-0.163022,-0.025272,-0.131372,0.220000,,,binance_rest
run_20260426_202813,BNB/USDT,crypto,H4,trend_momentum,ema_cross,adx_min=25|fast_period=20|rsi_confirm=False|slow_period=50,both,all,NEEDS_MORE_DATA,16,,,,,,,,,,,,,,,,only 16 trades < min 20,binance_rest
run_20260426_202813,BNB/USDT,crypto,H4,trend_momentum,ema_cross,adx_min=25|fast_period=20|rsi_confirm=True|slow_period=50,both,all,NEEDS_MORE_DATA,16,,,,,,,,,,,,,,,,only 16 trades < min 20,binance_rest
run_20260426_202813,BNB/USDT,crypto,H4,trend_momentum,ema_cross,adx_min=0|fast_period=20|rsi_confirm=False|slow_period=100,both,all,NEEDS_MORE_DATA,11,,,,,,,,,,,,,,,,only 11 trades < min 20,binance_rest
run_20260426_202813,BNB/USDT,crypto,H4,trend_momentum,ema_cross,adx_min=0|fast_period=20|rsi_confirm=True|slow_period=100,both,all,NEEDS_MORE_DATA,11,,,,,,,,,,,,,,,,only 11 trades < min 20,binance_rest
run_20260426_202813,BNB/USDT,crypto,H4,trend_momentum,ema_cross,adx_min=20|fast_period=20|rsi_confirm=False|slow_period=100,both,all,NEEDS_MORE_DATA,8,,,,,,,,,,,,,,,,only 8 trades < min 20,binance_rest
run_20260426_202813,BNB/USDT,crypto,H4,trend_momentum,ema_cross,adx_min=20|fast_period=20|rsi_confirm=True|slow_period=100,both,all,NEEDS_MORE_DATA,8,,,,,,,,,,,,,,,,only 8 trades < min 20,binance_rest
run_20260426_202813,BNB/USDT,crypto,H4,trend_momentum,ema_cross,adx_min=25|fast_period=20|rsi_confirm=False|slow_period=100,both,all,NEEDS_MORE_DATA,7,,,,,,,,,,,,,,,,only 7 trades < min 20,binance_rest
run_20260426_202813,BNB/USDT,crypto,H4,trend_momentum,ema_cross,adx_min=25|fast_period=20|rsi_confirm=True|slow_period=100,both,all,NEEDS_MORE_DATA,7,,,,,,,,,,,,,,,,only 7 trades < min 20,binance_rest
run_20260426_202813,BNB/USDT,crypto,H4,trend_momentum,ema_cross,adx_min=0|fast_period=20|rsi_confirm=False|slow_period=200,both,all,NEEDS_MORE_DATA,5,,,,,,,,,,,,,,,,only 5 trades < min 20,binance_rest
run_20260426_202813,BNB/USDT,crypto,H4,trend_momentum,ema_cross,adx_min=0|fast_period=20|rsi_confirm=True|slow_period=200,both,all,NEEDS_MORE_DATA,5,,,,,,,,,,,,,,,,only 5 trades < min 20,binance_rest
run_20260426_202813,BNB/USDT,crypto,H4,trend_momentum,ema_cross,adx_min=20|fast_period=20|rsi_confirm=False|slow_period=200,both,all,NEEDS_MORE_DATA,5,,,,,,,,,,,,,,,,only 5 trades < min 20,binance_rest
run_20260426_202813,BNB/USDT,crypto,H4,trend_momentum,ema_cross,adx_min=20|fast_period=20|rsi_confirm=True|slow_period=200,both,all,NEEDS_MORE_DATA,5,,,,,,,,,,,,,,,,only 5 trades < min 20,binance_rest
run_20260426_202813,BNB/USDT,crypto,H4,trend_momentum,ema_cross,adx_min=25|fast_period=20|rsi_confirm=False|slow_period=200,both,all,NEEDS_MORE_DATA,5,,,,,,,,,,,,,,,,only 5 trades < min 20,binance_rest
run_20260426_202813,BNB/USDT,crypto,H4,trend_momentum,ema_cross,adx_min=25|fast_period=20|rsi_confirm=True|slow_period=200,both,all,NEEDS_MORE_DATA,5,,,,,,,,,,,,,,,,only 5 trades < min 20,binance_rest
run_20260426_202813,BNB/USDT,crypto,H4,trend_momentum,ema_alignment,adx_min=0|ema_long=200|ema_mid=50|ema_short=20,both,all,NEEDS_MORE_DATA,15,,,,,,,,,,,,,,,,only 15 trades < min 20,binance_rest
run_20260426_202813,BNB/USDT,crypto,H4,trend_momentum,ema_alignment,adx_min=20|ema_long=200|ema_mid=50|ema_short=20,both,all,NEEDS_MORE_DATA,13,,,,,,,,,,,,,,,,only 13 trades < min 20,binance_rest
run_20260426_202813,BNB/USDT,crypto,H4,trend_momentum,ema_alignment,adx_min=25|ema_long=200|ema_mid=50|ema_short=20,both,all,NEEDS_MORE_DATA,11,,,,,,,,,,,,,,,,only 11 trades < min 20,binance_rest
run_20260426_202813,BNB/USDT,crypto,H4,trend_momentum,macd_direction,adx_min=0|fast=12|signal_period=9|slow=26,both,all,REJECT,84,0.333333,0.649306,-0.004555,-0.004555,-0.370039,-0.715785,-1.441950,0.084084,11.630952,-0.342062,-0.342062,-0.303343,-0.082896,0.481983,,,binance_rest
run_20260426_202813,BNB/USDT,crypto,H4,trend_momentum,macd_direction,adx_min=20|fast=12|signal_period=9|slow=26,both,all,REJECT,77,0.337662,0.665161,-0.004494,-0.004494,-0.346165,-0.653012,-1.314229,0.077077,11.857143,-0.317127,-0.317127,-0.276941,-0.082896,0.489799,,,binance_rest
run_20260426_202813,BNB/USDT,crypto,H4,breakout,prev_day_hl,atr_expand_min=1.0,both,all,REJECT,54,0.370370,0.915251,-0.001006,-0.001006,-0.172816,-0.119179,-0.237528,0.054054,13.074074,-0.076850,-0.076850,-0.027570,-0.050678,0.448544,,,binance_rest
run_20260426_202813,BNB/USDT,crypto,H4,breakout,session_opening_range,atr_expand_min=0.0|range_bars=6,both,all,REJECT,63,0.396825,1.049517,0.000602,0.000602,-0.229280,0.065749,0.130993,0.063063,15.730159,-0.001920,-0.001920,0.074012,-0.065913,0.400000,,,binance_rest
run_20260426_202813,BNB/USDT,crypto,H4,breakout,session_opening_range,atr_expand_min=0.5|range_bars=6,both,all,REJECT,63,0.396825,1.039573,0.000481,0.000481,-0.229280,0.052565,0.104721,0.063063,15.698413,-0.009457,-0.009457,0.065901,-0.065913,0.400000,,,binance_rest
run_20260426_202813,BNB/USDT,crypto,H4,breakout,session_opening_range,atr_expand_min=0.0|range_bars=12,both,all,REJECT,30,0.366667,0.990640,-0.000174,-0.000174,-0.236303,-0.007912,-0.015761,0.030030,32.566667,-0.053370,-0.053370,-0.127306,0.090307,0.280000,,,binance_rest
run_20260426_202813,BNB/USDT,crypto,H4,breakout,session_opening_range,atr_expand_min=0.5|range_bars=12,both,all,REJECT,30,0.366667,0.990640,-0.000174,-0.000174,-0.236303,-0.007912,-0.015761,0.030030,32.566667,-0.053370,-0.053370,-0.127306,0.090307,0.280000,,,binance_rest
run_20260426_202813,BNB/USDT,crypto,H4,breakout,london_breakout,atr_expand_min=0.0|utc_end=11|utc_start=7,both,all,NEEDS_MORE_DATA,12,,,,,,,,,,,,,,,,only 12 trades < min 20,binance_rest
run_20260426_202813,BNB/USDT,crypto,H4,breakout,london_breakout,atr_expand_min=0.5|utc_end=11|utc_start=7,both,all,NEEDS_MORE_DATA,12,,,,,,,,,,,,,,,,only 12 trades < min 20,binance_rest
run_20260426_202813,BNB/USDT,crypto,H4,breakout,ny_breakout,atr_expand_min=0.0|utc_end=16|utc_start=13,both,all,NEEDS_MORE_DATA,0,,,,,,,,,,,,,,,,only 0 trades < min 20,binance_rest
run_20260426_202813,BNB/USDT,crypto,H4,breakout,ny_breakout,atr_expand_min=0.5|utc_end=16|utc_start=13,both,all,NEEDS_MORE_DATA,0,,,,,,,,,,,,,,,,only 0 trades < min 20,binance_rest
run_20260426_202813,BNB/USDT,crypto,H4,mean_reversion,rsi_extreme,overbought=70|oversold=30|period=14,both,all,NEEDS_MORE_DATA,13,,,,,,,,,,,,,,,,only 13 trades < min 20,binance_rest
run_20260426_202813,BNB/USDT,crypto,H4,mean_reversion,rsi_extreme,overbought=75|oversold=30|period=14,both,all,NEEDS_MORE_DATA,11,,,,,,,,,,,,,,,,only 11 trades < min 20,binance_rest
run_20260426_202813,BNB/USDT,crypto,H4,mean_reversion,rsi_extreme,overbought=70|oversold=25|period=14,both,all,NEEDS_MORE_DATA,9,,,,,,,,,,,,,,,,only 9 trades < min 20,binance_rest
run_20260426_202813,BNB/USDT,crypto,H4,mean_reversion,rsi_extreme,overbought=75|oversold=25|period=14,both,all,NEEDS_MORE_DATA,7,,,,,,,,,,,,,,,,only 7 trades < min 20,binance_rest
run_20260426_202813,BNB/USDT,crypto,H4,mean_reversion,vwap_deviation,std_threshold=1.5,both,all,NEEDS_MORE_DATA,12,,,,,,,,,,,,,,,,only 12 trades < min 20,binance_rest
run_20260426_202813,BNB/USDT,crypto,H4,mean_reversion,vwap_deviation,std_threshold=2.0,both,all,NEEDS_MORE_DATA,10,,,,,,,,,,,,,,,,only 10 trades < min 20,binance_rest
run_20260426_202813,ADA/USDT,crypto,H4,trend_momentum,ema_cross,adx_min=0|fast_period=10|rsi_confirm=False|slow_period=50,both,all,REJECT,37,0.135135,0.430727,-0.022397,-0.022397,-0.681349,-0.854204,-1.769599,0.037037,26.594595,-0.609774,-0.609774,-0.340270,-0.410993,0.559646,,,binance_rest
run_20260426_202813,ADA/USDT,crypto,H4,trend_momentum,ema_cross,adx_min=0|fast_period=10|rsi_confirm=True|slow_period=50,both,all,REJECT,37,0.135135,0.430727,-0.022397,-0.022397,-0.681349,-0.854204,-1.769599,0.037037,26.594595,-0.609774,-0.609774,-0.340270,-0.410993,0.559646,,,binance_rest
run_20260426_202813,ADA/USDT,crypto,H4,trend_momentum,ema_cross,adx_min=20|fast_period=10|rsi_confirm=False|slow_period=50,both,all,REJECT,36,0.138889,0.441523,-0.022036,-0.022036,-0.669662,-0.819615,-1.694301,0.036036,26.861111,-0.595462,-0.595462,-0.316074,-0.410993,0.525908,,,binance_rest
run_20260426_202813,ADA/USDT,crypto,H4,trend_momentum,ema_cross,adx_min=20|fast_period=10|rsi_confirm=True|slow_period=50,both,all,REJECT,36,0.138889,0.441523,-0.022036,-0.022036,-0.669662,-0.819615,-1.694301,0.036036,26.861111,-0.595462,-0.595462,-0.316074,-0.410993,0.525908,,,binance_rest
run_20260426_202813,ADA/USDT,crypto,H4,trend_momentum,ema_cross,adx_min=25|fast_period=10|rsi_confirm=False|slow_period=50,both,all,REJECT,28,0.142857,0.494564,-0.022729,-0.022729,-0.612774,-0.662859,-1.362319,0.028028,30.500000,-0.525796,-0.525796,-0.274717,-0.346181,0.489960,,,binance_rest
run_20260426_202813,ADA/USDT,crypto,H4,trend_momentum,ema_cross,adx_min=25|fast_period=10|rsi_confirm=True|slow_period=50,both,all,REJECT,28,0.142857,0.494564,-0.022729,-0.022729,-0.612774,-0.662859,-1.362319,0.028028,30.500000,-0.525796,-0.525796,-0.274717,-0.346181,0.489960,,,binance_rest
run_20260426_202813,ADA/USDT,crypto,H4,trend_momentum,ema_cross,adx_min=0|fast_period=10|rsi_confirm=False|slow_period=100,both,all,REJECT,25,0.160000,0.541678,-0.016860,-0.016860,-0.499614,-0.535566,-1.091372,0.025025,39.360000,-0.390370,-0.390370,-0.034500,-0.351109,0.250000,,,binance_rest
run_20260426_202813,ADA/USDT,crypto,H4,trend_momentum,ema_cross,adx_min=0|fast_period=10|rsi_confirm=True|slow_period=100,both,all,REJECT,23,0.173913,0.604650,-0.014162,-0.014162,-0.448005,-0.420008,-0.849401,0.023023,39.565217,-0.327494,-0.327494,0.014336,-0.318646,0.238000,,,binance_rest
run_20260426_202813,ADA/USDT,crypto,H4,trend_momentum,ema_cross,adx_min=20|fast_period=10|rsi_confirm=False|slow_period=100,both,all,REJECT,25,0.160000,0.541678,-0.016860,-0.016860,-0.499614,-0.535566,-1.091372,0.025025,39.360000,-0.390370,-0.390370,-0.034500,-0.351109,0.250000,,,binance_rest
run_20260426_202813,ADA/USDT,crypto,H4,trend_momentum,ema_cross,adx_min=20|fast_period=10|rsi_confirm=True|slow_period=100,both,all,REJECT,23,0.173913,0.604650,-0.014162,-0.014162,-0.448005,-0.420008,-0.849401,0.023023,39.565217,-0.327494,-0.327494,0.014336,-0.318646,0.238000,,,binance_rest
run_20260426_202813,ADA/USDT,crypto,H4,trend_momentum,ema_cross,adx_min=25|fast_period=10|rsi_confirm=False|slow_period=100,both,all,REJECT,20,0.200000,0.644914,-0.013714,-0.013714,-0.418833,-0.353830,-0.713586,0.020020,46.950000,-0.291953,-0.291953,-0.034500,-0.246353,0.220000,,,binance_rest
run_20260426_202813,ADA/USDT,crypto,H4,trend_momentum,ema_cross,adx_min=25|fast_period=10|rsi_confirm=True|slow_period=100,both,all,NEEDS_MORE_DATA,18,,,,,,,,,,,,,,,,only 18 trades < min 20,binance_rest
run_20260426_202813,ADA/USDT,crypto,H4,trend_momentum,ema_cross,adx_min=0|fast_period=10|rsi_confirm=False|slow_period=200,both,all,NEEDS_MORE_DATA,10,,,,,,,,,,,,,,,,only 10 trades < min 20,binance_rest
run_20260426_202813,ADA/USDT,crypto,H4,trend_momentum,ema_cross,adx_min=0|fast_period=10|rsi_confirm=True|slow_period=200,both,all,NEEDS_MORE_DATA,10,,,,,,,,,,,,,,,,only 10 trades < min 20,binance_rest
run_20260426_202813,ADA/USDT,crypto,H4,trend_momentum,ema_cross,adx_min=20|fast_period=10|rsi_confirm=False|slow_period=200,both,all,NEEDS_MORE_DATA,10,,,,,,,,,,,,,,,,only 10 trades < min 20,binance_rest
run_20260426_202813,ADA/USDT,crypto,H4,trend_momentum,ema_cross,adx_min=20|fast_period=10|rsi_confirm=True|slow_period=200,both,all,NEEDS_MORE_DATA,10,,,,,,,,,,,,,,,,only 10 trades < min 20,binance_rest
run_20260426_202813,ADA/USDT,crypto,H4,trend_momentum,ema_cross,adx_min=25|fast_period=10|rsi_confirm=False|slow_period=200,both,all,NEEDS_MORE_DATA,8,,,,,,,,,,,,,,,,only 8 trades < min 20,binance_rest
run_20260426_202813,ADA/USDT,crypto,H4,trend_momentum,ema_cross,adx_min=25|fast_period=10|rsi_confirm=True|slow_period=200,both,all,NEEDS_MORE_DATA,8,,,,,,,,,,,,,,,,only 8 trades < min 20,binance_rest
run_20260426_202813,ADA/USDT,crypto,H4,trend_momentum,ema_cross,adx_min=0|fast_period=20|rsi_confirm=False|slow_period=50,both,all,REJECT,33,0.121212,0.362226,-0.028007,-0.028007,-0.704889,-1.032207,-2.196783,0.033033,29.787879,-0.639737,-0.639737,-0.400434,-0.395707,0.594459,,,binance_rest
run_20260426_202813,ADA/USDT,crypto,H4,trend_momentum,ema_cross,adx_min=0|fast_period=20|rsi_confirm=True|slow_period=50,both,all,REJECT,33,0.121212,0.362226,-0.028007,-0.028007,-0.704889,-1.032207,-2.196783,0.033033,29.787879,-0.639737,-0.639737,-0.400434,-0.395707,0.594459,,,binance_rest
run_20260426_202813,ADA/USDT,crypto,H4,trend_momentum,ema_cross,adx_min=20|fast_period=20|rsi_confirm=False|slow_period=50,both,all,REJECT,31,0.129032,0.390282,-0.026453,-0.026453,-0.671565,-0.927994,-1.956026,0.031031,30.967742,-0.599057,-0.599057,-0.332732,-0.395707,0.529220,,,binance_rest
run_20260426_202813,ADA/USDT,crypto,H4,trend_momentum,ema_cross,adx_min=20|fast_period=20|rsi_confirm=True|slow_period=50,both,all,REJECT,31,0.129032,0.390282,-0.026453,-0.026453,-0.671565,-0.927994,-1.956026,0.031031,30.967742,-0.599057,-0.599057,-0.332732,-0.395707,0.529220,,,binance_rest
run_20260426_202813,ADA/USDT,crypto,H4,trend_momentum,ema_cross,adx_min=25|fast_period=20|rsi_confirm=False|slow_period=50,both,all,REJECT,25,0.160000,0.463290,-0.024324,-0.024324,-0.591567,-0.708701,-1.470056,0.025025,34.080000,-0.501398,-0.501398,-0.266935,-0.319839,0.490543,,,binance_rest
run_20260426_202813,ADA/USDT,crypto,H4,trend_momentum,ema_cross,adx_min=25|fast_period=20|rsi_confirm=True|slow_period=50,both,all,REJECT,25,0.160000,0.463290,-0.024324,-0.024324,-0.591567,-0.708701,-1.470056,0.025025,34.080000,-0.501398,-0.501398,-0.266935,-0.319839,0.490543,,,binance_rest
run_20260426_202813,ADA/USDT,crypto,H4,trend_momentum,ema_cross,adx_min=0|fast_period=20|rsi_confirm=False|slow_period=100,both,all,NEEDS_MORE_DATA,17,,,,,,,,,,,,,,,,only 17 trades < min 20,binance_rest
run_20260426_202813,ADA/USDT,crypto,H4,trend_momentum,ema_cross,adx_min=0|fast_period=20|rsi_confirm=True|slow_period=100,both,all,NEEDS_MORE_DATA,17,,,,,,,,,,,,,,,,only 17 trades < min 20,binance_rest
run_20260426_202813,ADA/USDT,crypto,H4,trend_momentum,ema_cross,adx_min=20|fast_period=20|rsi_confirm=False|slow_period=100,both,all,NEEDS_MORE_DATA,17,,,,,,,,,,,,,,,,only 17 trades < min 20,binance_rest
run_20260426_202813,ADA/USDT,crypto,H4,trend_momentum,ema_cross,adx_min=20|fast_period=20|rsi_confirm=True|slow_period=100,both,all,NEEDS_MORE_DATA,17,,,,,,,,,,,,,,,,only 17 trades < min 20,binance_rest
run_20260426_202813,ADA/USDT,crypto,H4,trend_momentum,ema_cross,adx_min=25|fast_period=20|rsi_confirm=False|slow_period=100,both,all,NEEDS_MORE_DATA,13,,,,,,,,,,,,,,,,only 13 trades < min 20,binance_rest
run_20260426_202813,ADA/USDT,crypto,H4,trend_momentum,ema_cross,adx_min=25|fast_period=20|rsi_confirm=True|slow_period=100,both,all,NEEDS_MORE_DATA,13,,,,,,,,,,,,,,,,only 13 trades < min 20,binance_rest
run_20260426_202813,ADA/USDT,crypto,H4,trend_momentum,ema_cross,adx_min=0|fast_period=20|rsi_confirm=False|slow_period=200,both,all,NEEDS_MORE_DATA,6,,,,,,,,,,,,,,,,only 6 trades < min 20,binance_rest
run_20260426_202813,ADA/USDT,crypto,H4,trend_momentum,ema_cross,adx_min=0|fast_period=20|rsi_confirm=True|slow_period=200,both,all,NEEDS_MORE_DATA,6,,,,,,,,,,,,,,,,only 6 trades < min 20,binance_rest
run_20260426_202813,ADA/USDT,crypto,H4,trend_momentum,ema_cross,adx_min=20|fast_period=20|rsi_confirm=False|slow_period=200,both,all,NEEDS_MORE_DATA,6,,,,,,,,,,,,,,,,only 6 trades < min 20,binance_rest
run_20260426_202813,ADA/USDT,crypto,H4,trend_momentum,ema_cross,adx_min=20|fast_period=20|rsi_confirm=True|slow_period=200,both,all,NEEDS_MORE_DATA,6,,,,,,,,,,,,,,,,only 6 trades < min 20,binance_rest
run_20260426_202813,ADA/USDT,crypto,H4,trend_momentum,ema_cross,adx_min=25|fast_period=20|rsi_confirm=False|slow_period=200,both,all,NEEDS_MORE_DATA,4,,,,,,,,,,,,,,,,only 4 trades < min 20,binance_rest
run_20260426_202813,ADA/USDT,crypto,H4,trend_momentum,ema_cross,adx_min=25|fast_period=20|rsi_confirm=True|slow_period=200,both,all,NEEDS_MORE_DATA,4,,,,,,,,,,,,,,,,only 4 trades < min 20,binance_rest
run_20260426_202813,ADA/USDT,crypto,H4,trend_momentum,ema_alignment,adx_min=0|ema_long=200|ema_mid=50|ema_short=20,both,all,NEEDS_MORE_DATA,18,,,,,,,,,,,,,,,,only 18 trades < min 20,binance_rest
run_20260426_202813,ADA/USDT,crypto,H4,trend_momentum,ema_alignment,adx_min=20|ema_long=200|ema_mid=50|ema_short=20,both,all,NEEDS_MORE_DATA,17,,,,,,,,,,,,,,,,only 17 trades < min 20,binance_rest
run_20260426_202813,ADA/USDT,crypto,H4,trend_momentum,ema_alignment,adx_min=25|ema_long=200|ema_mid=50|ema_short=20,both,all,NEEDS_MORE_DATA,15,,,,,,,,,,,,,,,,only 15 trades < min 20,binance_rest
run_20260426_202813,ADA/USDT,crypto,H4,trend_momentum,macd_direction,adx_min=0|fast=12|signal_period=9|slow=26,both,all,REJECT,83,0.313253,0.667070,-0.006994,-0.006994,-0.537138,-0.718832,-1.448448,0.083083,11.987952,-0.483703,-0.483703,-0.278042,-0.312451,0.662874,,,binance_rest
run_20260426_202813,ADA/USDT,crypto,H4,trend_momentum,macd_direction,adx_min=20|fast=12|signal_period=9|slow=26,both,all,REJECT,78,0.307692,0.639401,-0.007867,-0.007867,-0.551451,-0.768158,-1.551833,0.078078,12.205128,-0.499668,-0.499668,-0.287068,-0.298205,0.688362,,,binance_rest
run_20260426_202813,ADA/USDT,crypto,H4,pullback,pullback_ema,pullback_period=20|rsi_reclaim=False|rsi_threshold=50|trend_period=200,both,all,REJECT,70,0.214286,0.877299,-0.001620,-0.001620,-0.395945,-0.161554,-0.322044,0.070070,8.085714,-0.156958,-0.156958,0.180551,-0.314880,0.400000,,,binance_rest
run_20260426_202813,ADA/USDT,crypto,H4,pullback,pullback_ema,pullback_period=20|rsi_reclaim=True|rsi_threshold=50|trend_period=200,both,all,REJECT,62,0.193548,0.867808,-0.001826,-0.001826,-0.383610,-0.163790,-0.326541,0.062062,8.225806,-0.155283,-0.155283,0.139442,-0.288752,0.400000,,,binance_rest
run_20260426_202813,ADA/USDT,crypto,H4,pullback,pullback_ema,pullback_period=50|rsi_reclaim=False|rsi_threshold=50|trend_period=200,both,all,REJECT,50,0.180000,0.918005,-0.001315,-0.001315,-0.354671,-0.082611,-0.164607,0.050050,13.140000,-0.128507,-0.128507,0.115646,-0.244672,0.400000,,,binance_rest
run_20260426_202813,ADA/USDT,crypto,H4,pullback,pullback_ema,pullback_period=50|rsi_reclaim=True|rsi_threshold=50|trend_period=200,both,all,REJECT,34,0.147059,0.699308,-0.005546,-0.005546,-0.411341,-0.300221,-0.601116,0.034034,12.970588,-0.208655,-0.208655,-0.033408,-0.181304,0.304000,,,binance_rest
run_20260426_202813,ADA/USDT,crypto,H4,breakout,prev_day_hl,atr_expand_min=0.0,both,all,REJECT,79,0.367089,0.998778,-0.000022,-0.000022,-0.428964,-0.002060,-0.004104,0.079079,12.354430,-0.082972,-0.082972,0.346188,-0.360435,0.400000,,,binance_rest
run_20260426_202813,ADA/USDT,crypto,H4,breakout,prev_day_hl,atr_expand_min=0.5,both,all,REJECT,78,0.346154,0.867224,-0.002558,-0.002558,-0.457305,-0.240348,-0.479435,0.078078,11.961538,-0.247162,-0.247162,0.124103,-0.371214,0.400000,,,binance_rest
run_20260426_202813,ADA/USDT,crypto,H4,breakout,prev_day_hl,atr_expand_min=1.0,both,all,REJECT,60,0.366667,1.046495,0.000761,0.000761,-0.303863,0.063920,0.127347,0.060060,12.600000,-0.015960,-0.015960,0.184962,-0.187577,0.400000,,,binance_rest
run_20260426_202813,ADA/USDT,crypto,H4,breakout,session_opening_range,atr_expand_min=0.0|range_bars=6,both,all,REJECT,60,0.366667,0.873921,-0.002926,-0.002926,-0.507343,-0.191558,-0.382029,0.060060,16.400000,-0.241235,-0.241235,0.297701,-0.425047,0.400000,,,binance_rest
run_20260426_202813,ADA/USDT,crypto,H4,breakout,session_opening_range,atr_expand_min=0.5|range_bars=6,both,all,REJECT,60,0.366667,0.873921,-0.002926,-0.002926,-0.507343,-0.191558,-0.382029,0.060060,16.400000,-0.241235,-0.241235,0.297701,-0.425047,0.400000,,,binance_rest
run_20260426_202813,ADA/USDT,crypto,H4,breakout,session_opening_range,atr_expand_min=0.0|range_bars=12,both,all,REJECT,31,0.354839,0.866766,-0.003872,-0.003872,-0.305356,-0.161180,-0.321596,0.031031,30.838710,-0.171643,-0.171643,-0.110215,-0.104023,0.569148,,,binance_rest
run_20260426_202813,ADA/USDT,crypto,H4,breakout,session_opening_range,atr_expand_min=0.5|range_bars=12,both,all,REJECT,31,0.354839,0.866766,-0.003872,-0.003872,-0.305356,-0.161180,-0.321596,0.031031,30.838710,-0.171643,-0.171643,-0.110215,-0.104023,0.569148,,,binance_rest
run_20260426_202813,ADA/USDT,crypto,H4,breakout,london_breakout,atr_expand_min=0.0|utc_end=11|utc_start=7,both,all,NEEDS_MORE_DATA,16,,,,,,,,,,,,,,,,only 16 trades < min 20,binance_rest
run_20260426_202813,ADA/USDT,crypto,H4,breakout,london_breakout,atr_expand_min=0.5|utc_end=11|utc_start=7,both,all,NEEDS_MORE_DATA,15,,,,,,,,,,,,,,,,only 15 trades < min 20,binance_rest
run_20260426_202813,ADA/USDT,crypto,H4,breakout,ny_breakout,atr_expand_min=0.0|utc_end=16|utc_start=13,both,all,NEEDS_MORE_DATA,0,,,,,,,,,,,,,,,,only 0 trades < min 20,binance_rest
run_20260426_202813,ADA/USDT,crypto,H4,breakout,ny_breakout,atr_expand_min=0.5|utc_end=16|utc_start=13,both,all,NEEDS_MORE_DATA,0,,,,,,,,,,,,,,,,only 0 trades < min 20,binance_rest
run_20260426_202813,ADA/USDT,crypto,H4,mean_reversion,rsi_extreme,overbought=70|oversold=30|period=14,both,all,NEEDS_MORE_DATA,14,,,,,,,,,,,,,,,,only 14 trades < min 20,binance_rest
run_20260426_202813,ADA/USDT,crypto,H4,mean_reversion,rsi_extreme,overbought=75|oversold=30|period=14,both,all,NEEDS_MORE_DATA,13,,,,,,,,,,,,,,,,only 13 trades < min 20,binance_rest
run_20260426_202813,ADA/USDT,crypto,H4,mean_reversion,rsi_extreme,overbought=70|oversold=25|period=14,both,all,NEEDS_MORE_DATA,11,,,,,,,,,,,,,,,,only 11 trades < min 20,binance_rest
run_20260426_202813,ADA/USDT,crypto,H4,mean_reversion,rsi_extreme,overbought=75|oversold=25|period=14,both,all,NEEDS_MORE_DATA,10,,,,,,,,,,,,,,,,only 10 trades < min 20,binance_rest
run_20260426_202813,ADA/USDT,crypto,H4,mean_reversion,vwap_deviation,std_threshold=1.5,both,all,NEEDS_MORE_DATA,5,,,,,,,,,,,,,,,,only 5 trades < min 20,binance_rest
run_20260426_202813,ADA/USDT,crypto,H4,mean_reversion,vwap_deviation,std_threshold=2.0,both,all,NEEDS_MORE_DATA,4,,,,,,,,,,,,,,,,only 4 trades < min 20,binance_rest
