run_id,symbol,asset_class,timeframe,family,strategy_name,params_str,direction,session,status,trade_count,win_rate,profit_factor,avg_return,expectancy,max_drawdown,sharpe,sqn,exposure_pct,avg_duration_bars,gross_return,net_return,is_return,oos_return,robustness_score,param_sensitivity,skip_reason,data_source
run_20260427_131001,ETH/USDT,crypto,M15,trend_momentum,ema_cross,adx_min=0|fast_period=10|rsi_confirm=False|slow_period=50,both,all,REJECT,31,0.161290,0.626941,-0.001861,-0.001861,-0.084758,-2.518969,-0.999334,0.031031,31.225806,-0.057656,-0.057656,0.009371,-0.059786,0.286000,,,binance_rest
run_20260427_131001,ETH/USDT,crypto,M15,trend_momentum,ema_cross,adx_min=0|fast_period=10|rsi_confirm=True|slow_period=50,both,all,REJECT,29,0.172414,0.660875,-0.001715,-0.001715,-0.084758,-2.182916,-0.863383,0.029029,33.241379,-0.050129,-0.050129,0.017434,-0.059786,0.274000,,,binance_rest
run_20260427_131001,ETH/USDT,crypto,M15,trend_momentum,ema_cross,adx_min=20|fast_period=10|rsi_confirm=False|slow_period=50,both,all,REJECT,23,0.173913,0.588703,-0.002227,-0.002227,-0.078511,-2.505829,-0.999515,0.023023,35.869565,-0.051225,-0.051225,0.003001,-0.047357,0.238000,,,binance_rest
run_20260427_131001,ETH/USDT,crypto,M15,trend_momentum,ema_cross,adx_min=20|fast_period=10|rsi_confirm=True|slow_period=50,both,all,REJECT,21,0.190476,0.628785,-0.002061,-0.002061,-0.078511,-2.130553,-0.846125,0.021021,39.095238,-0.043646,-0.043646,0.011013,-0.047357,0.226000,,,binance_rest
run_20260427_131001,ETH/USDT,crypto,M15,trend_momentum,ema_cross,adx_min=25|fast_period=10|rsi_confirm=False|slow_period=50,both,all,NEEDS_MORE_DATA,18,,,,,,,,,,,,,,1.000000,,only 18 trades < min 20,binance_rest
run_20260427_131001,ETH/USDT,crypto,M15,trend_momentum,ema_cross,adx_min=25|fast_period=10|rsi_confirm=True|slow_period=50,both,all,NEEDS_MORE_DATA,16,,,,,,,,,,,,,,1.000000,,only 16 trades < min 20,binance_rest
run_20260427_131001,ETH/USDT,crypto,M15,trend_momentum,ema_cross,adx_min=0|fast_period=10|rsi_confirm=False|slow_period=100,both,all,REJECT,21,0.190476,0.782002,-0.001027,-0.001027,-0.046723,-1.169210,-0.459017,0.021021,46.190476,-0.022413,-0.022413,0.008156,-0.046532,0.226000,,,binance_rest
run_20260427_131001,ETH/USDT,crypto,M15,trend_momentum,ema_cross,adx_min=0|fast_period=10|rsi_confirm=True|slow_period=100,both,all,NEEDS_MORE_DATA,19,,,,,,,,,,,,,,1.000000,,only 19 trades < min 20,binance_rest
run_20260427_131001,ETH/USDT,crypto,M15,trend_momentum,ema_cross,adx_min=20|fast_period=10|rsi_confirm=False|slow_period=100,both,all,NEEDS_MORE_DATA,18,,,,,,,,,,,,,,1.000000,,only 18 trades < min 20,binance_rest
run_20260427_131001,ETH/USDT,crypto,M15,trend_momentum,ema_cross,adx_min=20|fast_period=10|rsi_confirm=True|slow_period=100,both,all,NEEDS_MORE_DATA,16,,,,,,,,,,,,,,1.000000,,only 16 trades < min 20,binance_rest
run_20260427_131001,ETH/USDT,crypto,M15,trend_momentum,ema_cross,adx_min=25|fast_period=10|rsi_confirm=False|slow_period=100,both,all,NEEDS_MORE_DATA,17,,,,,,,,,,,,,,1.000000,,only 17 trades < min 20,binance_rest
run_20260427_131001,ETH/USDT,crypto,M15,trend_momentum,ema_cross,adx_min=25|fast_period=10|rsi_confirm=True|slow_period=100,both,all,NEEDS_MORE_DATA,15,,,,,,,,,,,,,,1.000000,,only 15 trades < min 20,binance_rest
run_20260427_131001,ETH/USDT,crypto,M15,trend_momentum,ema_cross,adx_min=0|fast_period=10|rsi_confirm=False|slow_period=200,both,all,NEEDS_MORE_DATA,15,,,,,,,,,,,,,,1.000000,,only 15 trades < min 20,binance_rest
run_20260427_131001,ETH/USDT,crypto,M15,trend_momentum,ema_cross,adx_min=0|fast_period=10|rsi_confirm=True|slow_period=200,both,all,NEEDS_MORE_DATA,13,,,,,,,,,,,,,,1.000000,,only 13 trades < min 20,binance_rest
run_20260427_131001,ETH/USDT,crypto,M15,trend_momentum,ema_cross,adx_min=20|fast_period=10|rsi_confirm=False|slow_period=200,both,all,NEEDS_MORE_DATA,14,,,,,,,,,,,,,,1.000000,,only 14 trades < min 20,binance_rest
run_20260427_131001,ETH/USDT,crypto,M15,trend_momentum,ema_cross,adx_min=20|fast_period=10|rsi_confirm=True|slow_period=200,both,all,NEEDS_MORE_DATA,12,,,,,,,,,,,,,,1.000000,,only 12 trades < min 20,binance_rest
run_20260427_131001,ETH/USDT,crypto,M15,trend_momentum,ema_cross,adx_min=25|fast_period=10|rsi_confirm=False|slow_period=200,both,all,NEEDS_MORE_DATA,13,,,,,,,,,,,,,,1.000000,,only 13 trades < min 20,binance_rest
run_20260427_131001,ETH/USDT,crypto,M15,trend_momentum,ema_cross,adx_min=25|fast_period=10|rsi_confirm=True|slow_period=200,both,all,NEEDS_MORE_DATA,11,,,,,,,,,,,,,,1.000000,,only 11 trades < min 20,binance_rest
run_20260427_131001,ETH/USDT,crypto,M15,trend_momentum,ema_cross,adx_min=0|fast_period=20|rsi_confirm=False|slow_period=50,both,all,REJECT,31,0.193548,0.698329,-0.001386,-0.001386,-0.083476,-1.946786,-0.767527,0.031031,31.290323,-0.043556,-0.043556,0.014893,-0.052335,0.286000,,,binance_rest
run_20260427_131001,ETH/USDT,crypto,M15,trend_momentum,ema_cross,adx_min=0|fast_period=20|rsi_confirm=True|slow_period=50,both,all,REJECT,29,0.206897,0.739565,-0.001207,-0.001207,-0.083476,-1.595412,-0.627378,0.029029,33.310345,-0.035916,-0.035916,0.023000,-0.052335,0.274000,,,binance_rest
run_20260427_131001,ETH/USDT,crypto,M15,trend_momentum,ema_cross,adx_min=20|fast_period=20|rsi_confirm=False|slow_period=50,both,all,REJECT,26,0.192308,0.664286,-0.001598,-0.001598,-0.079504,-2.009218,-0.794166,0.026026,32.307692,-0.042019,-0.042019,0.003705,-0.040425,0.256000,,,binance_rest
run_20260427_131001,ETH/USDT,crypto,M15,trend_momentum,ema_cross,adx_min=20|fast_period=20|rsi_confirm=True|slow_period=50,both,all,REJECT,24,0.208333,0.709828,-0.001400,-0.001400,-0.079504,-1.635094,-0.644154,0.024024,34.833333,-0.034366,-0.034366,0.011723,-0.040425,0.244000,,,binance_rest
run_20260427_131001,ETH/USDT,crypto,M15,trend_momentum,ema_cross,adx_min=25|fast_period=20|rsi_confirm=False|slow_period=50,both,all,NEEDS_MORE_DATA,19,,,,,,,,,,,,,,1.000000,,only 19 trades < min 20,binance_rest
run_20260427_131001,ETH/USDT,crypto,M15,trend_momentum,ema_cross,adx_min=25|fast_period=20|rsi_confirm=True|slow_period=50,both,all,NEEDS_MORE_DATA,17,,,,,,,,,,,,,,1.000000,,only 17 trades < min 20,binance_rest
run_20260427_131001,ETH/USDT,crypto,M15,trend_momentum,ema_cross,adx_min=0|fast_period=20|rsi_confirm=False|slow_period=100,both,all,NEEDS_MORE_DATA,19,,,,,,,,,,,,,,1.000000,,only 19 trades < min 20,binance_rest
run_20260427_131001,ETH/USDT,crypto,M15,trend_momentum,ema_cross,adx_min=0|fast_period=20|rsi_confirm=True|slow_period=100,both,all,NEEDS_MORE_DATA,17,,,,,,,,,,,,,,1.000000,,only 17 trades < min 20,binance_rest
run_20260427_131001,ETH/USDT,crypto,M15,trend_momentum,ema_cross,adx_min=20|fast_period=20|rsi_confirm=False|slow_period=100,both,all,NEEDS_MORE_DATA,18,,,,,,,,,,,,,,1.000000,,only 18 trades < min 20,binance_rest
run_20260427_131001,ETH/USDT,crypto,M15,trend_momentum,ema_cross,adx_min=20|fast_period=20|rsi_confirm=True|slow_period=100,both,all,NEEDS_MORE_DATA,16,,,,,,,,,,,,,,1.000000,,only 16 trades < min 20,binance_rest
run_20260427_131001,ETH/USDT,crypto,M15,trend_momentum,ema_cross,adx_min=25|fast_period=20|rsi_confirm=False|slow_period=100,both,all,NEEDS_MORE_DATA,17,,,,,,,,,,,,,,1.000000,,only 17 trades < min 20,binance_rest
run_20260427_131001,ETH/USDT,crypto,M15,trend_momentum,ema_cross,adx_min=25|fast_period=20|rsi_confirm=True|slow_period=100,both,all,NEEDS_MORE_DATA,15,,,,,,,,,,,,,,1.000000,,only 15 trades < min 20,binance_rest
run_20260427_131001,ETH/USDT,crypto,M15,trend_momentum,ema_cross,adx_min=0|fast_period=20|rsi_confirm=False|slow_period=200,both,all,NEEDS_MORE_DATA,13,,,,,,,,,,,,,,,,only 13 trades < min 20,binance_rest
run_20260427_131001,ETH/USDT,crypto,M15,trend_momentum,ema_cross,adx_min=0|fast_period=20|rsi_confirm=True|slow_period=200,both,all,NEEDS_MORE_DATA,11,,,,,,,,,,,,,,,,only 11 trades < min 20,binance_rest
run_20260427_131001,ETH/USDT,crypto,M15,trend_momentum,ema_cross,adx_min=20|fast_period=20|rsi_confirm=False|slow_period=200,both,all,NEEDS_MORE_DATA,13,,,,,,,,,,,,,,,,only 13 trades < min 20,binance_rest
run_20260427_131001,ETH/USDT,crypto,M15,trend_momentum,ema_cross,adx_min=20|fast_period=20|rsi_confirm=True|slow_period=200,both,all,NEEDS_MORE_DATA,11,,,,,,,,,,,,,,,,only 11 trades < min 20,binance_rest
run_20260427_131001,ETH/USDT,crypto,M15,trend_momentum,ema_cross,adx_min=25|fast_period=20|rsi_confirm=False|slow_period=200,both,all,NEEDS_MORE_DATA,12,,,,,,,,,,,,,,,,only 12 trades < min 20,binance_rest
run_20260427_131001,ETH/USDT,crypto,M15,trend_momentum,ema_cross,adx_min=25|fast_period=20|rsi_confirm=True|slow_period=200,both,all,NEEDS_MORE_DATA,10,,,,,,,,,,,,,,,,only 10 trades < min 20,binance_rest
run_20260427_131001,ETH/USDT,crypto,M15,trend_momentum,ema_alignment,adx_min=0|ema_long=200|ema_mid=50|ema_short=20,both,all,REJECT,36,0.166667,0.628461,-0.001467,-0.001467,-0.089581,-2.577209,-1.020795,0.036036,13.777778,-0.052723,-0.052723,-0.030594,-0.022921,0.567423,,,binance_rest
run_20260427_131001,ETH/USDT,crypto,M15,trend_momentum,ema_alignment,adx_min=20|ema_long=200|ema_mid=50|ema_short=20,both,all,REJECT,32,0.187500,0.742184,-0.000970,-0.000970,-0.069467,-1.558129,-0.612159,0.032032,14.937500,-0.031795,-0.031795,-0.011906,-0.020222,0.396748,,,binance_rest
run_20260427_131001,ETH/USDT,crypto,M15,trend_momentum,ema_alignment,adx_min=25|ema_long=200|ema_mid=50|ema_short=20,both,all,REJECT,23,0.173913,0.729376,-0.001021,-0.001021,-0.061977,-1.482397,-0.583302,0.023023,18.000000,-0.024002,-0.024002,-0.011388,-0.010117,0.522688,,,binance_rest
run_20260427_131001,ETH/USDT,crypto,M15,trend_momentum,macd_direction,adx_min=0|fast=12|signal_period=9|slow=26,both,all,REJECT,76,0.236842,0.575292,-0.001703,-0.001703,-0.169501,-4.378891,-1.741982,0.076076,12.921053,-0.123883,-0.123883,-0.068681,-0.059378,0.686030,,,binance_rest
run_20260427_131001,ETH/USDT,crypto,M15,trend_momentum,macd_direction,adx_min=20|fast=12|signal_period=9|slow=26,both,all,REJECT,70,0.242857,0.536839,-0.001925,-0.001925,-0.173768,-4.735160,-1.893439,0.070070,12.885714,-0.128384,-0.128384,-0.080936,-0.051732,0.645085,,,binance_rest
run_20260427_131001,ETH/USDT,crypto,M15,pullback,pullback_ema,pullback_period=20|rsi_reclaim=False|rsi_threshold=50|trend_period=200,both,all,REJECT,81,0.135802,0.384326,-0.002142,-0.002142,-0.175223,-7.130277,-2.916953,0.081081,6.333333,-0.160927,-0.160927,-0.116261,-0.046764,0.534004,,,binance_rest
run_20260427_131001,ETH/USDT,crypto,M15,pullback,pullback_ema,pullback_period=20|rsi_reclaim=True|rsi_threshold=50|trend_period=200,both,all,REJECT,77,0.142857,0.402796,-0.002086,-0.002086,-0.170223,-6.633042,-2.702384,0.077077,6.584416,-0.149995,-0.149995,-0.110141,-0.040986,0.524970,,,binance_rest
run_20260427_131001,ETH/USDT,crypto,M15,pullback,pullback_ema,pullback_period=50|rsi_reclaim=False|rsi_threshold=50|trend_period=200,both,all,REJECT,53,0.075472,0.346405,-0.002754,-0.002754,-0.154984,-6.252885,-2.584494,0.053053,8.811321,-0.137364,-0.137364,-0.096904,-0.044893,0.578982,,,binance_rest
run_20260427_131001,ETH/USDT,crypto,M15,pullback,pullback_ema,pullback_period=50|rsi_reclaim=True|rsi_threshold=50|trend_period=200,both,all,REJECT,43,0.093023,0.411337,-0.002575,-0.002575,-0.139995,-4.830084,-1.966507,0.043043,9.837209,-0.106346,-0.106346,-0.066292,-0.042989,0.592547,,,binance_rest
run_20260427_131001,ETH/USDT,crypto,M15,breakout,prev_day_hl,atr_expand_min=0.0,both,all,NEEDS_MORE_DATA,3,,,,,,,,,,,,,,1.000000,,only 3 trades < min 20,binance_rest
run_20260427_131001,ETH/USDT,crypto,M15,breakout,prev_day_hl,atr_expand_min=0.5,both,all,NEEDS_MORE_DATA,3,,,,,,,,,,,,,,1.000000,,only 3 trades < min 20,binance_rest
run_20260427_131001,ETH/USDT,crypto,M15,breakout,prev_day_hl,atr_expand_min=1.0,both,all,NEEDS_MORE_DATA,3,,,,,,,,,,,,,,1.000000,,only 3 trades < min 20,binance_rest
run_20260427_131001,ETH/USDT,crypto,M15,breakout,session_opening_range,atr_expand_min=0.0|range_bars=6,both,all,REJECT,63,0.253968,0.554688,-0.002024,-0.002024,-0.156629,-4.498106,-1.799086,0.063063,15.492063,-0.122002,-0.122002,-0.065733,-0.065451,0.725380,,,binance_rest
run_20260427_131001,ETH/USDT,crypto,M15,breakout,session_opening_range,atr_expand_min=0.5|range_bars=6,both,all,REJECT,63,0.253968,0.554688,-0.002024,-0.002024,-0.156629,-4.498106,-1.799086,0.063063,15.492063,-0.122002,-0.122002,-0.065733,-0.065451,0.725380,,,binance_rest
run_20260427_131001,ETH/USDT,crypto,M15,breakout,session_opening_range,atr_expand_min=0.0|range_bars=12,both,all,REJECT,35,0.200000,0.474935,-0.003626,-0.003626,-0.149149,-4.396452,-1.791995,0.035035,27.171429,-0.121580,-0.121580,-0.026900,-0.092910,0.310000,,,binance_rest
run_20260427_131001,ETH/USDT,crypto,M15,breakout,session_opening_range,atr_expand_min=0.5|range_bars=12,both,all,REJECT,35,0.200000,0.474935,-0.003626,-0.003626,-0.149149,-4.396452,-1.791995,0.035035,27.171429,-0.121580,-0.121580,-0.026900,-0.092910,0.310000,,,binance_rest
run_20260427_131001,ETH/USDT,crypto,M15,breakout,london_breakout,atr_expand_min=0.0|utc_end=11|utc_start=7,both,all,NEEDS_MORE_DATA,8,,,,,,,,,,,,,,1.000000,,only 8 trades < min 20,binance_rest
run_20260427_131001,ETH/USDT,crypto,M15,breakout,london_breakout,atr_expand_min=0.5|utc_end=11|utc_start=7,both,all,NEEDS_MORE_DATA,8,,,,,,,,,,,,,,1.000000,,only 8 trades < min 20,binance_rest
run_20260427_131001,ETH/USDT,crypto,M15,breakout,ny_breakout,atr_expand_min=0.0|utc_end=16|utc_start=13,both,all,NEEDS_MORE_DATA,11,,,,,,,,,,,,,,1.000000,,only 11 trades < min 20,binance_rest
run_20260427_131001,ETH/USDT,crypto,M15,breakout,ny_breakout,atr_expand_min=0.5|utc_end=16|utc_start=13,both,all,NEEDS_MORE_DATA,11,,,,,,,,,,,,,,1.000000,,only 11 trades < min 20,binance_rest
run_20260427_131001,ETH/USDT,crypto,M15,mean_reversion,rsi_extreme,overbought=70|oversold=30|period=14,both,all,NEEDS_MORE_DATA,12,,,,,,,,,,,,,,1.000000,,only 12 trades < min 20,binance_rest
run_20260427_131001,ETH/USDT,crypto,M15,mean_reversion,rsi_extreme,overbought=75|oversold=30|period=14,both,all,NEEDS_MORE_DATA,10,,,,,,,,,,,,,,,,only 10 trades < min 20,binance_rest
run_20260427_131001,ETH/USDT,crypto,M15,mean_reversion,rsi_extreme,overbought=70|oversold=25|period=14,both,all,NEEDS_MORE_DATA,12,,,,,,,,,,,,,,,,only 12 trades < min 20,binance_rest
run_20260427_131001,ETH/USDT,crypto,M15,mean_reversion,rsi_extreme,overbought=75|oversold=25|period=14,both,all,NEEDS_MORE_DATA,10,,,,,,,,,,,,,,,,only 10 trades < min 20,binance_rest
run_20260427_131001,ETH/USDT,crypto,M15,mean_reversion,bollinger_touch,num_std=2.0|period=20,both,all,REJECT,40,0.650000,0.565337,-0.001693,-0.001693,-0.069759,-2.936554,-1.165791,0.040040,13.850000,-0.067118,-0.067118,-0.054524,-0.013321,0.493293,,,binance_rest
run_20260427_131001,ETH/USDT,crypto,M15,mean_reversion,bollinger_touch,num_std=2.5|period=20,both,all,REJECT,25,0.640000,0.614472,-0.001361,-0.001361,-0.039229,-2.208035,-0.875415,0.025025,16.440000,-0.034204,-0.034204,-0.026664,-0.007746,0.430485,,,binance_rest
run_20260427_131001,ETH/USDT,crypto,M15,mean_reversion,vwap_deviation,std_threshold=1.5,both,all,NEEDS_MORE_DATA,6,,,,,,,,,,,,,,,,only 6 trades < min 20,binance_rest
run_20260427_131001,ETH/USDT,crypto,M15,mean_reversion,vwap_deviation,std_threshold=2.0,both,all,NEEDS_MORE_DATA,6,,,,,,,,,,,,,,,,only 6 trades < min 20,binance_rest
run_20260427_131001,ETH/USDT,crypto,M15,engine_b_proxy,ob_bos,require_engulf=False|require_vol_expand=False|swing_period=5,both,all,NEEDS_MORE_DATA,12,,,,,,,,,,,,,,1.000000,,only 12 trades < min 20,binance_rest
run_20260427_131001,ETH/USDT,crypto,M15,engine_b_proxy,ob_bos,require_engulf=False|require_vol_expand=True|swing_period=5,both,all,NEEDS_MORE_DATA,11,,,,,,,,,,,,,,1.000000,,only 11 trades < min 20,binance_rest
run_20260427_131001,ETH/USDT,crypto,M15,engine_b_proxy,ob_bos,require_engulf=True|require_vol_expand=False|swing_period=5,both,all,NEEDS_MORE_DATA,10,,,,,,,,,,,,,,1.000000,,only 10 trades < min 20,binance_rest
run_20260427_131001,ETH/USDT,crypto,M15,engine_b_proxy,ob_bos,require_engulf=True|require_vol_expand=True|swing_period=5,both,all,NEEDS_MORE_DATA,10,,,,,,,,,,,,,,1.000000,,only 10 trades < min 20,binance_rest
run_20260427_131001,ETH/USDT,crypto,M15,engine_b_proxy,ob_bos,require_engulf=False|require_vol_expand=False|swing_period=10,both,all,NEEDS_MORE_DATA,9,,,,,,,,,,,,,,,,only 9 trades < min 20,binance_rest
run_20260427_131001,ETH/USDT,crypto,M15,engine_b_proxy,ob_bos,require_engulf=False|require_vol_expand=True|swing_period=10,both,all,NEEDS_MORE_DATA,9,,,,,,,,,,,,,,,,only 9 trades < min 20,binance_rest
run_20260427_131001,ETH/USDT,crypto,M15,engine_b_proxy,ob_bos,require_engulf=True|require_vol_expand=False|swing_period=10,both,all,NEEDS_MORE_DATA,8,,,,,,,,,,,,,,,,only 8 trades < min 20,binance_rest
run_20260427_131001,ETH/USDT,crypto,M15,engine_b_proxy,ob_bos,require_engulf=True|require_vol_expand=True|swing_period=10,both,all,NEEDS_MORE_DATA,8,,,,,,,,,,,,,,,,only 8 trades < min 20,binance_rest
run_20260427_131001,ETH/USDT,crypto,M15,engine_b_proxy,structure_filters,fvg_detection=False|strong_close_pct=0.7,both,all,REJECT,312,0.195513,0.284630,-0.001847,-0.001847,-0.444341,-19.427255,-8.122861,0.312312,3.083333,-0.439735,-0.439735,-0.347446,-0.147832,0.540978,,,binance_rest
run_20260427_131001,ETH/USDT,crypto,M15,engine_b_proxy,structure_filters,fvg_detection=True|strong_close_pct=0.7,both,all,REJECT,34,0.264706,0.815452,-0.000571,-0.000571,-0.064752,-1.240704,-0.486335,0.034034,13.823529,-0.019999,-0.019999,-0.000855,-0.019160,0.317333,,,binance_rest
run_20260427_131001,ETH/USDT,crypto,M15,engine_b_proxy,structure_filters,fvg_detection=False|strong_close_pct=0.8,both,all,REJECT,212,0.216981,0.327177,-0.001796,-0.001796,-0.344963,-13.601104,-5.616373,0.212212,4.231132,-0.318439,-0.318439,-0.235001,-0.115717,0.601056,,,binance_rest
run_20260427_131001,ETH/USDT,crypto,M15,engine_b_proxy,structure_filters,fvg_detection=True|strong_close_pct=0.8,both,all,REJECT,20,0.250000,0.850850,-0.000383,-0.000383,-0.024860,-0.767197,-0.300385,0.020020,12.550000,-0.007961,-0.007961,0.007831,-0.015670,0.220000,,,binance_rest
run_20260427_131001,BTC/USDT,crypto,M15,trend_momentum,ema_cross,adx_min=0|fast_period=10|rsi_confirm=False|slow_period=50,both,all,REJECT,31,0.161290,0.416609,-0.003151,-0.003151,-0.117380,-4.575238,-1.883964,0.031031,31.225806,-0.094426,-0.094426,-0.038171,-0.048084,0.508092,,,binance_rest
run_20260427_131001,BTC/USDT,crypto,M15,trend_momentum,ema_cross,adx_min=0|fast_period=10|rsi_confirm=True|slow_period=50,both,all,REJECT,28,0.178571,0.453283,-0.003014,-0.003014,-0.117380,-3.982042,-1.625451,0.028028,34.214286,-0.082279,-0.082279,-0.025269,-0.048084,0.297145,,,binance_rest
run_20260427_131001,BTC/USDT,crypto,M15,trend_momentum,ema_cross,adx_min=20|fast_period=10|rsi_confirm=False|slow_period=50,both,all,REJECT,31,0.161290,0.416609,-0.003151,-0.003151,-0.117380,-4.575238,-1.883964,0.031031,31.225806,-0.094426,-0.094426,-0.038171,-0.048084,0.508092,,,binance_rest
run_20260427_131001,BTC/USDT,crypto,M15,trend_momentum,ema_cross,adx_min=20|fast_period=10|rsi_confirm=True|slow_period=50,both,all,REJECT,28,0.178571,0.453283,-0.003014,-0.003014,-0.117380,-3.982042,-1.625451,0.028028,34.214286,-0.082279,-0.082279,-0.025269,-0.048084,0.297145,,,binance_rest
run_20260427_131001,BTC/USDT,crypto,M15,trend_momentum,ema_cross,adx_min=25|fast_period=10|rsi_confirm=False|slow_period=50,both,all,REJECT,28,0.142857,0.294480,-0.003966,-0.003966,-0.128838,-5.830246,-2.515462,0.028028,29.750000,-0.106182,-0.106182,-0.057291,-0.041385,0.484712,,,binance_rest
run_20260427_131001,BTC/USDT,crypto,M15,trend_momentum,ema_cross,adx_min=25|fast_period=10|rsi_confirm=True|slow_period=50,both,all,REJECT,25,0.160000,0.322625,-0.003910,-0.003910,-0.128838,-5.180225,-2.207759,0.025025,32.920000,-0.094192,-0.094192,-0.044646,-0.041385,0.528093,,,binance_rest
run_20260427_131001,BTC/USDT,crypto,M15,trend_momentum,ema_cross,adx_min=0|fast_period=10|rsi_confirm=False|slow_period=100,both,all,REJECT,29,0.172414,0.317279,-0.003916,-0.003916,-0.118263,-6.108436,-2.652662,0.029029,33.448276,-0.108381,-0.108381,-0.049282,-0.053356,0.549196,,,binance_rest
run_20260427_131001,BTC/USDT,crypto,M15,trend_momentum,ema_cross,adx_min=0|fast_period=10|rsi_confirm=True|slow_period=100,both,all,REJECT,25,0.200000,0.352413,-0.003895,-0.003895,-0.118235,-5.301221,-2.269543,0.025025,38.320000,-0.093784,-0.093784,-0.033717,-0.053356,0.375263,,,binance_rest
run_20260427_131001,BTC/USDT,crypto,M15,trend_momentum,ema_cross,adx_min=20|fast_period=10|rsi_confirm=False|slow_period=100,both,all,REJECT,29,0.172414,0.317279,-0.003916,-0.003916,-0.118263,-6.108436,-2.652662,0.029029,33.448276,-0.108381,-0.108381,-0.049282,-0.053356,0.549196,,,binance_rest
run_20260427_131001,BTC/USDT,crypto,M15,trend_momentum,ema_cross,adx_min=20|fast_period=10|rsi_confirm=True|slow_period=100,both,all,REJECT,25,0.200000,0.352413,-0.003895,-0.003895,-0.118235,-5.301221,-2.269543,0.025025,38.320000,-0.093784,-0.093784,-0.033717,-0.053356,0.375263,,,binance_rest
run_20260427_131001,BTC/USDT,crypto,M15,trend_momentum,ema_cross,adx_min=25|fast_period=10|rsi_confirm=False|slow_period=100,both,all,REJECT,28,0.142857,0.218738,-0.004636,-0.004636,-0.132346,-7.452470,-3.465687,0.028028,30.750000,-0.122622,-0.122622,-0.064466,-0.053356,0.516298,,,binance_rest
run_20260427_131001,BTC/USDT,crypto,M15,trend_momentum,ema_cross,adx_min=25|fast_period=10|rsi_confirm=True|slow_period=100,both,all,REJECT,24,0.166667,0.243416,-0.004733,-0.004733,-0.129503,-6.612856,-3.026649,0.024024,35.375000,-0.108258,-0.108258,-0.049151,-0.053356,0.518330,,,binance_rest
run_20260427_131001,BTC/USDT,crypto,M15,trend_momentum,ema_cross,adx_min=0|fast_period=10|rsi_confirm=False|slow_period=200,both,all,REJECT,27,0.148148,0.218937,-0.004150,-0.004150,-0.106683,-7.412672,-3.466783,0.027027,36.037037,-0.106683,-0.106683,-0.065095,-0.033798,0.417761,,,binance_rest
run_20260427_131001,BTC/USDT,crypto,M15,trend_momentum,ema_cross,adx_min=0|fast_period=10|rsi_confirm=True|slow_period=200,both,all,REJECT,23,0.173913,0.244305,-0.004252,-0.004252,-0.104666,-6.577387,-3.029304,0.023023,38.739130,-0.093821,-0.093821,-0.051635,-0.033798,0.434365,,,binance_rest
run_20260427_131001,BTC/USDT,crypto,M15,trend_momentum,ema_cross,adx_min=20|fast_period=10|rsi_confirm=False|slow_period=200,both,all,REJECT,26,0.115385,0.111686,-0.004895,-0.004895,-0.120062,-9.197430,-5.000446,0.026026,31.961538,-0.120062,-0.120062,-0.079098,-0.033798,0.384187,,,binance_rest
run_20260427_131001,BTC/USDT,crypto,M15,trend_momentum,ema_cross,adx_min=20|fast_period=10|rsi_confirm=True|slow_period=200,both,all,REJECT,22,0.136364,0.125418,-0.005136,-0.005136,-0.118076,-8.329173,-4.472608,0.022022,34.045455,-0.107393,-0.107393,-0.065839,-0.033798,0.386002,,,binance_rest
run_20260427_131001,BTC/USDT,crypto,M15,trend_momentum,ema_cross,adx_min=25|fast_period=10|rsi_confirm=False|slow_period=200,both,all,REJECT,20,0.150000,0.160514,-0.004184,-0.004184,-0.080703,-7.089666,-3.505983,0.020020,36.300000,-0.080703,-0.080703,-0.052938,-0.029317,0.386143,,,binance_rest
run_20260427_131001,BTC/USDT,crypto,M15,trend_momentum,ema_cross,adx_min=25|fast_period=10|rsi_confirm=True|slow_period=200,both,all,NEEDS_MORE_DATA,16,,,,,,,,,,,,,,1.000000,,only 16 trades < min 20,binance_rest
run_20260427_131001,BTC/USDT,crypto,M15,trend_momentum,ema_cross,adx_min=0|fast_period=20|rsi_confirm=False|slow_period=50,both,all,REJECT,23,0.217391,0.541803,-0.002446,-0.002446,-0.079136,-2.916645,-1.172237,0.023023,42.217391,-0.055863,-0.055863,-0.014038,-0.032565,0.238000,,,binance_rest
run_20260427_131001,BTC/USDT,crypto,M15,trend_momentum,ema_cross,adx_min=0|fast_period=20|rsi_confirm=True|slow_period=50,both,all,REJECT,20,0.250000,0.606379,-0.002166,-0.002166,-0.079136,-2.266262,-0.902876,0.020020,48.000000,-0.043540,-0.043540,-0.001169,-0.032565,0.220000,,,binance_rest
run_20260427_131001,BTC/USDT,crypto,M15,trend_momentum,ema_cross,adx_min=20|fast_period=20|rsi_confirm=False|slow_period=50,both,all,REJECT,23,0.217391,0.541803,-0.002446,-0.002446,-0.079136,-2.916645,-1.172237,0.023023,42.217391,-0.055863,-0.055863,-0.014038,-0.032565,0.238000,,,binance_rest
run_20260427_131001,BTC/USDT,crypto,M15,trend_momentum,ema_cross,adx_min=20|fast_period=20|rsi_confirm=True|slow_period=50,both,all,REJECT,20,0.250000,0.606379,-0.002166,-0.002166,-0.079136,-2.266262,-0.902876,0.020020,48.000000,-0.043540,-0.043540,-0.001169,-0.032565,0.220000,,,binance_rest
run_20260427_131001,BTC/USDT,crypto,M15,trend_momentum,ema_cross,adx_min=25|fast_period=20|rsi_confirm=False|slow_period=50,both,all,REJECT,21,0.190476,0.362764,-0.003508,-0.003508,-0.083465,-4.464810,-1.882917,0.021021,41.285714,-0.071856,-0.071856,-0.037512,-0.025757,0.431990,,,binance_rest
run_20260427_131001,BTC/USDT,crypto,M15,trend_momentum,ema_cross,adx_min=25|fast_period=20|rsi_confirm=True|slow_period=50,both,all,NEEDS_MORE_DATA,18,,,,,,,,,,,,,,1.000000,,only 18 trades < min 20,binance_rest
run_20260427_131001,BTC/USDT,crypto,M15,trend_momentum,ema_cross,adx_min=0|fast_period=20|rsi_confirm=False|slow_period=100,both,all,REJECT,27,0.185185,0.234225,-0.004659,-0.004659,-0.119177,-6.900188,-3.137673,0.027027,36.074074,-0.119177,-0.119177,-0.063539,-0.049324,0.494884,,,binance_rest
run_20260427_131001,BTC/USDT,crypto,M15,trend_momentum,ema_cross,adx_min=0|fast_period=20|rsi_confirm=True|slow_period=100,both,all,REJECT,24,0.208333,0.257054,-0.004658,-0.004658,-0.118283,-6.213328,-2.783678,0.024024,40.083333,-0.106731,-0.106731,-0.050306,-0.049324,0.538143,,,binance_rest
run_20260427_131001,BTC/USDT,crypto,M15,trend_momentum,ema_cross,adx_min=20|fast_period=20|rsi_confirm=False|slow_period=100,both,all,REJECT,27,0.185185,0.234225,-0.004659,-0.004659,-0.119177,-6.900188,-3.137673,0.027027,36.074074,-0.119177,-0.119177,-0.063539,-0.049324,0.494884,,,binance_rest
run_20260427_131001,BTC/USDT,crypto,M15,trend_momentum,ema_cross,adx_min=20|fast_period=20|rsi_confirm=True|slow_period=100,both,all,REJECT,24,0.208333,0.257054,-0.004658,-0.004658,-0.118283,-6.213328,-2.783678,0.024024,40.083333,-0.106731,-0.106731,-0.050306,-0.049324,0.538143,,,binance_rest
run_20260427_131001,BTC/USDT,crypto,M15,trend_momentum,ema_cross,adx_min=25|fast_period=20|rsi_confirm=False|slow_period=100,both,all,REJECT,27,0.185185,0.234225,-0.004659,-0.004659,-0.119177,-6.900188,-3.137673,0.027027,36.074074,-0.119177,-0.119177,-0.063539,-0.049324,0.494884,,,binance_rest
run_20260427_131001,BTC/USDT,crypto,M15,trend_momentum,ema_cross,adx_min=25|fast_period=20|rsi_confirm=True|slow_period=100,both,all,REJECT,24,0.208333,0.257054,-0.004658,-0.004658,-0.118283,-6.213328,-2.783678,0.024024,40.083333,-0.106731,-0.106731,-0.050306,-0.049324,0.538143,,,binance_rest
run_20260427_131001,BTC/USDT,crypto,M15,trend_momentum,ema_cross,adx_min=0|fast_period=20|rsi_confirm=False|slow_period=200,both,all,NEEDS_MORE_DATA,13,,,,,,,,,,,,,,,,only 13 trades < min 20,binance_rest
run_20260427_131001,BTC/USDT,crypto,M15,trend_momentum,ema_cross,adx_min=0|fast_period=20|rsi_confirm=True|slow_period=200,both,all,NEEDS_MORE_DATA,10,,,,,,,,,,,,,,,,only 10 trades < min 20,binance_rest
run_20260427_131001,BTC/USDT,crypto,M15,trend_momentum,ema_cross,adx_min=20|fast_period=20|rsi_confirm=False|slow_period=200,both,all,NEEDS_MORE_DATA,13,,,,,,,,,,,,,,,,only 13 trades < min 20,binance_rest
run_20260427_131001,BTC/USDT,crypto,M15,trend_momentum,ema_cross,adx_min=20|fast_period=20|rsi_confirm=True|slow_period=200,both,all,NEEDS_MORE_DATA,10,,,,,,,,,,,,,,,,only 10 trades < min 20,binance_rest
run_20260427_131001,BTC/USDT,crypto,M15,trend_momentum,ema_cross,adx_min=25|fast_period=20|rsi_confirm=False|slow_period=200,both,all,NEEDS_MORE_DATA,9,,,,,,,,,,,,,,,,only 9 trades < min 20,binance_rest
run_20260427_131001,BTC/USDT,crypto,M15,trend_momentum,ema_cross,adx_min=25|fast_period=20|rsi_confirm=True|slow_period=200,both,all,NEEDS_MORE_DATA,6,,,,,,,,,,,,,,,,only 6 trades < min 20,binance_rest
run_20260427_131001,BTC/USDT,crypto,M15,trend_momentum,ema_alignment,adx_min=0|ema_long=200|ema_mid=50|ema_short=20,both,all,REJECT,28,0.107143,0.214492,-0.003135,-0.003135,-0.091844,-6.988679,-3.171258,0.028028,13.392857,-0.084503,-0.084503,-0.050440,-0.035872,0.508022,,,binance_rest
run_20260427_131001,BTC/USDT,crypto,M15,trend_momentum,ema_alignment,adx_min=20|ema_long=200|ema_mid=50|ema_short=20,both,all,REJECT,28,0.107143,0.211920,-0.003183,-0.003183,-0.093078,-7.071239,-3.222116,0.028028,12.785714,-0.085747,-0.085747,-0.050440,-0.037182,0.503432,,,binance_rest
run_20260427_131001,BTC/USDT,crypto,M15,trend_momentum,ema_alignment,adx_min=25|ema_long=200|ema_mid=50|ema_short=20,both,all,REJECT,26,0.115385,0.228652,-0.003110,-0.003110,-0.085521,-6.549132,-2.945024,0.026026,12.846154,-0.078129,-0.078129,-0.043646,-0.036056,0.522012,,,binance_rest
run_20260427_131001,BTC/USDT,crypto,M15,trend_momentum,macd_direction,adx_min=0|fast=12|signal_period=9|slow=26,both,all,REJECT,78,0.307692,0.565861,-0.001404,-0.001404,-0.123939,-4.640576,-1.849222,0.078078,12.589744,-0.105391,-0.105391,-0.068386,-0.036099,0.585027,,,binance_rest
run_20260427_131001,BTC/USDT,crypto,M15,trend_momentum,macd_direction,adx_min=20|fast=12|signal_period=9|slow=26,both,all,REJECT,76,0.315789,0.583795,-0.001339,-0.001339,-0.117102,-4.337917,-1.725090,0.076076,12.618421,-0.098409,-0.098409,-0.068386,-0.028577,0.578694,,,binance_rest
run_20260427_131001,BTC/USDT,crypto,M15,pullback,pullback_ema,pullback_period=20|rsi_reclaim=False|rsi_threshold=50|trend_period=200,both,all,REJECT,78,0.102564,0.195509,-0.002728,-0.002728,-0.203889,-11.486142,-5.140550,0.078078,6.205128,-0.192576,-0.192576,-0.146267,-0.052208,0.520414,,,binance_rest
run_20260427_131001,BTC/USDT,crypto,M15,pullback,pullback_ema,pullback_period=20|rsi_reclaim=True|rsi_threshold=50|trend_period=200,both,all,REJECT,66,0.106061,0.225360,-0.002631,-0.002631,-0.181330,-9.968385,-4.394355,0.066066,6.651515,-0.160253,-0.160253,-0.113930,-0.050241,0.545626,,,binance_rest
run_20260427_131001,BTC/USDT,crypto,M15,pullback,pullback_ema,pullback_period=50|rsi_reclaim=False|rsi_threshold=50|trend_period=200,both,all,REJECT,48,0.083333,0.501722,-0.001479,-0.001479,-0.096075,-3.579869,-1.426499,0.048048,11.812500,-0.069704,-0.069704,-0.010946,-0.059408,0.428000,,,binance_rest
run_20260427_131001,BTC/USDT,crypto,M15,pullback,pullback_ema,pullback_period=50|rsi_reclaim=True|rsi_threshold=50|trend_period=200,both,all,REJECT,31,0.129032,0.854962,-0.000392,-0.000392,-0.068758,-0.642002,-0.251060,0.031031,16.225806,-0.013226,-0.013226,0.031511,-0.043371,0.326000,,,binance_rest
run_20260427_131001,BTC/USDT,crypto,M15,breakout,prev_day_hl,atr_expand_min=0.0,both,all,NEEDS_MORE_DATA,3,,,,,,,,,,,,,,1.000000,,only 3 trades < min 20,binance_rest
run_20260427_131001,BTC/USDT,crypto,M15,breakout,prev_day_hl,atr_expand_min=0.5,both,all,NEEDS_MORE_DATA,3,,,,,,,,,,,,,,1.000000,,only 3 trades < min 20,binance_rest
run_20260427_131001,BTC/USDT,crypto,M15,breakout,prev_day_hl,atr_expand_min=1.0,both,all,NEEDS_MORE_DATA,2,,,,,,,,,,,,,,1.000000,,only 2 trades < min 20,binance_rest
run_20260427_131001,BTC/USDT,crypto,M15,breakout,session_opening_range,atr_expand_min=0.0|range_bars=6,both,all,REJECT,52,0.288462,0.716604,-0.000958,-0.000958,-0.085381,-2.283271,-0.898553,0.052052,18.634615,-0.050053,-0.050053,-0.005623,-0.033998,0.426667,,,binance_rest
run_20260427_131001,BTC/USDT,crypto,M15,breakout,session_opening_range,atr_expand_min=0.5|range_bars=6,both,all,REJECT,52,0.288462,0.716604,-0.000958,-0.000958,-0.085381,-2.283271,-0.898553,0.052052,18.634615,-0.050053,-0.050053,-0.005623,-0.033998,0.426667,,,binance_rest
run_20260427_131001,BTC/USDT,crypto,M15,breakout,session_opening_range,atr_expand_min=0.0|range_bars=12,both,all,REJECT,30,0.266667,0.694470,-0.001586,-0.001586,-0.111832,-1.946566,-0.767681,0.030030,32.366667,-0.048324,-0.048324,0.003211,-0.043516,0.280000,,,binance_rest
run_20260427_131001,BTC/USDT,crypto,M15,breakout,session_opening_range,atr_expand_min=0.5|range_bars=12,both,all,REJECT,30,0.266667,0.694470,-0.001586,-0.001586,-0.111832,-1.946566,-0.767681,0.030030,32.366667,-0.048324,-0.048324,0.003211,-0.043516,0.280000,,,binance_rest
run_20260427_131001,BTC/USDT,crypto,M15,breakout,london_breakout,atr_expand_min=0.0|utc_end=11|utc_start=7,both,all,NEEDS_MORE_DATA,9,,,,,,,,,,,,,,1.000000,,only 9 trades < min 20,binance_rest
run_20260427_131001,BTC/USDT,crypto,M15,breakout,london_breakout,atr_expand_min=0.5|utc_end=11|utc_start=7,both,all,NEEDS_MORE_DATA,9,,,,,,,,,,,,,,1.000000,,only 9 trades < min 20,binance_rest
run_20260427_131001,BTC/USDT,crypto,M15,breakout,ny_breakout,atr_expand_min=0.0|utc_end=16|utc_start=13,both,all,NEEDS_MORE_DATA,8,,,,,,,,,,,,,,1.000000,,only 8 trades < min 20,binance_rest
run_20260427_131001,BTC/USDT,crypto,M15,breakout,ny_breakout,atr_expand_min=0.5|utc_end=16|utc_start=13,both,all,NEEDS_MORE_DATA,8,,,,,,,,,,,,,,1.000000,,only 8 trades < min 20,binance_rest
run_20260427_131001,BTC/USDT,crypto,M15,mean_reversion,rsi_extreme,overbought=70|oversold=30|period=14,both,all,NEEDS_MORE_DATA,15,,,,,,,,,,,,,,1.000000,,only 15 trades < min 20,binance_rest
run_20260427_131001,BTC/USDT,crypto,M15,mean_reversion,rsi_extreme,overbought=75|oversold=30|period=14,both,all,NEEDS_MORE_DATA,10,,,,,,,,,,,,,,,,only 10 trades < min 20,binance_rest
run_20260427_131001,BTC/USDT,crypto,M15,mean_reversion,rsi_extreme,overbought=70|oversold=25|period=14,both,all,NEEDS_MORE_DATA,11,,,,,,,,,,,,,,,,only 11 trades < min 20,binance_rest
run_20260427_131001,BTC/USDT,crypto,M15,mean_reversion,rsi_extreme,overbought=75|oversold=25|period=14,both,all,NEEDS_MORE_DATA,6,,,,,,,,,,,,,,,,only 6 trades < min 20,binance_rest
run_20260427_131001,BTC/USDT,crypto,M15,mean_reversion,bollinger_touch,num_std=2.0|period=20,both,all,REJECT,40,0.525000,0.602463,-0.001121,-0.001121,-0.049564,-2.775446,-1.099920,0.040040,13.925000,-0.044670,-0.044670,-0.035789,-0.009211,0.497211,,,binance_rest
run_20260427_131001,BTC/USDT,crypto,M15,mean_reversion,vwap_deviation,std_threshold=1.5,both,all,NEEDS_MORE_DATA,7,,,,,,,,,,,,,,,,only 7 trades < min 20,binance_rest
run_20260427_131001,BTC/USDT,crypto,M15,mean_reversion,vwap_deviation,std_threshold=2.0,both,all,NEEDS_MORE_DATA,6,,,,,,,,,,,,,,,,only 6 trades < min 20,binance_rest
run_20260427_131001,BTC/USDT,crypto,M15,engine_b_proxy,ob_bos,require_engulf=False|require_vol_expand=False|swing_period=5,both,all,NEEDS_MORE_DATA,16,,,,,,,,,,,,,,1.000000,,only 16 trades < min 20,binance_rest
run_20260427_131001,BTC/USDT,crypto,M15,engine_b_proxy,ob_bos,require_engulf=False|require_vol_expand=True|swing_period=5,both,all,NEEDS_MORE_DATA,14,,,,,,,,,,,,,,1.000000,,only 14 trades < min 20,binance_rest
run_20260427_131001,BTC/USDT,crypto,M15,engine_b_proxy,ob_bos,require_engulf=True|require_vol_expand=False|swing_period=5,both,all,NEEDS_MORE_DATA,14,,,,,,,,,,,,,,1.000000,,only 14 trades < min 20,binance_rest
run_20260427_131001,BTC/USDT,crypto,M15,engine_b_proxy,ob_bos,require_engulf=True|require_vol_expand=True|swing_period=5,both,all,NEEDS_MORE_DATA,13,,,,,,,,,,,,,,1.000000,,only 13 trades < min 20,binance_rest
run_20260427_131001,BTC/USDT,crypto,M15,engine_b_proxy,ob_bos,require_engulf=False|require_vol_expand=False|swing_period=10,both,all,NEEDS_MORE_DATA,12,,,,,,,,,,,,,,,,only 12 trades < min 20,binance_rest
run_20260427_131001,BTC/USDT,crypto,M15,engine_b_proxy,ob_bos,require_engulf=False|require_vol_expand=True|swing_period=10,both,all,NEEDS_MORE_DATA,12,,,,,,,,,,,,,,,,only 12 trades < min 20,binance_rest
run_20260427_131001,BTC/USDT,crypto,M15,engine_b_proxy,ob_bos,require_engulf=True|require_vol_expand=False|swing_period=10,both,all,NEEDS_MORE_DATA,10,,,,,,,,,,,,,,,,only 10 trades < min 20,binance_rest
run_20260427_131001,BTC/USDT,crypto,M15,engine_b_proxy,ob_bos,require_engulf=True|require_vol_expand=True|swing_period=10,both,all,NEEDS_MORE_DATA,10,,,,,,,,,,,,,,,,only 10 trades < min 20,binance_rest
run_20260427_131001,BTC/USDT,crypto,M15,engine_b_proxy,structure_filters,fvg_detection=False|strong_close_pct=0.7,both,all,REJECT,331,0.135952,0.186173,-0.002041,-0.002041,-0.497872,-27.643366,-12.352257,0.331331,2.927492,-0.492227,-0.492227,-0.382189,-0.179684,0.554376,,,binance_rest
run_20260427_131001,BTC/USDT,crypto,M15,engine_b_proxy,structure_filters,fvg_detection=True|strong_close_pct=0.7,both,all,REJECT,35,0.257143,0.528000,-0.001422,-0.001422,-0.055274,-2.974002,-1.184106,0.035035,12.028571,-0.049417,-0.049417,-0.035548,-0.014380,0.444694,,,binance_rest
run_20260427_131001,BTC/USDT,crypto,M15,engine_b_proxy,structure_filters,fvg_detection=False|strong_close_pct=0.8,both,all,REJECT,239,0.158996,0.230888,-0.001995,-0.001995,-0.393827,-20.267452,-8.850101,0.239239,3.845188,-0.380417,-0.380417,-0.285591,-0.139540,0.599914,,,binance_rest
run_20260427_131001,BTC/USDT,crypto,M15,engine_b_proxy,structure_filters,fvg_detection=True|strong_close_pct=0.8,both,all,REJECT,25,0.360000,0.746257,-0.000745,-0.000745,-0.036463,-1.151500,-0.451646,0.025025,13.960000,-0.019275,-0.019275,-0.005694,-0.013659,0.311049,,,binance_rest
run_20260427_131001,SOL/USDT,crypto,M15,trend_momentum,ema_cross,adx_min=0|fast_period=10|rsi_confirm=False|slow_period=50,both,all,REJECT,33,0.121212,0.398263,-0.003393,-0.003393,-0.130134,-5.089382,-2.114524,0.033033,29.333333,-0.107349,-0.107349,-0.053007,-0.047337,0.565909,,,binance_rest
run_20260427_131001,SOL/USDT,crypto,M15,trend_momentum,ema_cross,adx_min=0|fast_period=10|rsi_confirm=True|slow_period=50,both,all,REJECT,29,0.137931,0.468623,-0.002913,-0.002913,-0.118281,-3.950913,-1.609022,0.029029,32.655172,-0.082388,-0.082388,-0.031420,-0.042525,0.467962,,,binance_rest
run_20260427_131001,SOL/USDT,crypto,M15,trend_momentum,ema_cross,adx_min=20|fast_period=10|rsi_confirm=False|slow_period=50,both,all,REJECT,31,0.129032,0.415822,-0.003359,-0.003359,-0.123258,-4.753638,-1.966114,0.031031,29.870968,-0.100293,-0.100293,-0.053007,-0.039807,0.511293,,,binance_rest
run_20260427_131001,SOL/USDT,crypto,M15,trend_momentum,ema_cross,adx_min=20|fast_period=10|rsi_confirm=True|slow_period=50,both,all,REJECT,27,0.148148,0.492986,-0.002838,-0.002838,-0.111312,-3.600885,-1.459783,0.027027,33.518519,-0.075135,-0.075135,-0.031420,-0.034957,0.528222,,,binance_rest
run_20260427_131001,SOL/USDT,crypto,M15,trend_momentum,ema_cross,adx_min=25|fast_period=10|rsi_confirm=False|slow_period=50,both,all,REJECT,25,0.120000,0.358019,-0.003765,-0.003765,-0.114155,-4.869236,-2.052622,0.025025,31.320000,-0.090951,-0.090951,-0.056065,-0.036958,0.447758,,,binance_rest
run_20260427_131001,SOL/USDT,crypto,M15,trend_momentum,ema_cross,adx_min=25|fast_period=10|rsi_confirm=True|slow_period=50,both,all,REJECT,21,0.142857,0.442483,-0.003174,-0.003174,-0.102085,-3.578766,-1.466544,0.021021,36.285714,-0.065533,-0.065533,-0.034548,-0.032094,0.504692,,,binance_rest
run_20260427_131001,SOL/USDT,crypto,M15,trend_momentum,ema_cross,adx_min=0|fast_period=10|rsi_confirm=False|slow_period=100,both,all,REJECT,25,0.200000,0.377128,-0.003256,-0.003256,-0.088722,-5.134854,-2.184803,0.025025,38.800000,-0.078946,-0.078946,-0.029014,-0.046294,0.371318,,,binance_rest
run_20260427_131001,SOL/USDT,crypto,M15,trend_momentum,ema_cross,adx_min=0|fast_period=10|rsi_confirm=True|slow_period=100,both,all,REJECT,21,0.238095,0.468488,-0.002685,-0.002685,-0.078581,-3.724826,-1.532811,0.021021,45.428571,-0.055524,-0.055524,-0.004321,-0.046294,0.226000,,,binance_rest
run_20260427_131001,SOL/USDT,crypto,M15,trend_momentum,ema_cross,adx_min=20|fast_period=10|rsi_confirm=False|slow_period=100,both,all,REJECT,25,0.200000,0.377128,-0.003256,-0.003256,-0.088722,-5.134854,-2.184803,0.025025,38.800000,-0.078946,-0.078946,-0.029014,-0.046294,0.371318,,,binance_rest
run_20260427_131001,SOL/USDT,crypto,M15,trend_momentum,ema_cross,adx_min=20|fast_period=10|rsi_confirm=True|slow_period=100,both,all,REJECT,21,0.238095,0.468488,-0.002685,-0.002685,-0.078581,-3.724826,-1.532811,0.021021,45.428571,-0.055524,-0.055524,-0.004321,-0.046294,0.226000,,,binance_rest
run_20260427_131001,SOL/USDT,crypto,M15,trend_momentum,ema_cross,adx_min=25|fast_period=10|rsi_confirm=False|slow_period=100,both,all,NEEDS_MORE_DATA,17,,,,,,,,,,,,,,1.000000,,only 17 trades < min 20,binance_rest
run_20260427_131001,SOL/USDT,crypto,M15,trend_momentum,ema_cross,adx_min=25|fast_period=10|rsi_confirm=True|slow_period=100,both,all,NEEDS_MORE_DATA,14,,,,,,,,,,,,,,1.000000,,only 14 trades < min 20,binance_rest
run_20260427_131001,SOL/USDT,crypto,M15,trend_momentum,ema_cross,adx_min=0|fast_period=10|rsi_confirm=False|slow_period=200,both,all,REJECT,23,0.130435,0.222836,-0.004493,-0.004493,-0.110831,-6.726062,-3.125756,0.023023,42.217391,-0.098886,-0.098886,-0.033047,-0.066870,0.238000,,,binance_rest
run_20260427_131001,SOL/USDT,crypto,M15,trend_momentum,ema_cross,adx_min=0|fast_period=10|rsi_confirm=True|slow_period=200,both,all,REJECT,20,0.150000,0.256726,-0.004319,-0.004319,-0.106533,-5.795514,-2.616487,0.020020,47.950000,-0.083416,-0.083416,-0.016448,-0.066870,0.220000,,,binance_rest
run_20260427_131001,SOL/USDT,crypto,M15,trend_momentum,ema_cross,adx_min=20|fast_period=10|rsi_confirm=False|slow_period=200,both,all,REJECT,23,0.130435,0.222836,-0.004493,-0.004493,-0.110831,-6.726062,-3.125756,0.023023,42.217391,-0.098886,-0.098886,-0.033047,-0.066870,0.238000,,,binance_rest
run_20260427_131001,SOL/USDT,crypto,M15,trend_momentum,ema_cross,adx_min=20|fast_period=10|rsi_confirm=True|slow_period=200,both,all,REJECT,20,0.150000,0.256726,-0.004319,-0.004319,-0.106533,-5.795514,-2.616487,0.020020,47.950000,-0.083416,-0.083416,-0.016448,-0.066870,0.220000,,,binance_rest
run_20260427_131001,SOL/USDT,crypto,M15,trend_momentum,ema_cross,adx_min=25|fast_period=10|rsi_confirm=False|slow_period=200,both,all,NEEDS_MORE_DATA,17,,,,,,,,,,,,,,1.000000,,only 17 trades < min 20,binance_rest
run_20260427_131001,SOL/USDT,crypto,M15,trend_momentum,ema_cross,adx_min=25|fast_period=10|rsi_confirm=True|slow_period=200,both,all,NEEDS_MORE_DATA,14,,,,,,,,,,,,,,1.000000,,only 14 trades < min 20,binance_rest
run_20260427_131001,SOL/USDT,crypto,M15,trend_momentum,ema_cross,adx_min=0|fast_period=20|rsi_confirm=False|slow_period=50,both,all,NEEDS_MORE_DATA,19,,,,,,,,,,,,,,1.000000,,only 19 trades < min 20,binance_rest
run_20260427_131001,SOL/USDT,crypto,M15,trend_momentum,ema_cross,adx_min=0|fast_period=20|rsi_confirm=True|slow_period=50,both,all,NEEDS_MORE_DATA,18,,,,,,,,,,,,,,1.000000,,only 18 trades < min 20,binance_rest
run_20260427_131001,SOL/USDT,crypto,M15,trend_momentum,ema_cross,adx_min=20|fast_period=20|rsi_confirm=False|slow_period=50,both,all,NEEDS_MORE_DATA,19,,,,,,,,,,,,,,1.000000,,only 19 trades < min 20,binance_rest
run_20260427_131001,SOL/USDT,crypto,M15,trend_momentum,ema_cross,adx_min=20|fast_period=20|rsi_confirm=True|slow_period=50,both,all,NEEDS_MORE_DATA,18,,,,,,,,,,,,,,1.000000,,only 18 trades < min 20,binance_rest
run_20260427_131001,SOL/USDT,crypto,M15,trend_momentum,ema_cross,adx_min=25|fast_period=20|rsi_confirm=False|slow_period=50,both,all,NEEDS_MORE_DATA,17,,,,,,,,,,,,,,1.000000,,only 17 trades < min 20,binance_rest
run_20260427_131001,SOL/USDT,crypto,M15,trend_momentum,ema_cross,adx_min=25|fast_period=20|rsi_confirm=True|slow_period=50,both,all,NEEDS_MORE_DATA,16,,,,,,,,,,,,,,1.000000,,only 16 trades < min 20,binance_rest
run_20260427_131001,SOL/USDT,crypto,M15,trend_momentum,ema_cross,adx_min=0|fast_period=20|rsi_confirm=False|slow_period=100,both,all,NEEDS_MORE_DATA,13,,,,,,,,,,,,,,1.000000,,only 13 trades < min 20,binance_rest
run_20260427_131001,SOL/USDT,crypto,M15,trend_momentum,ema_cross,adx_min=0|fast_period=20|rsi_confirm=True|slow_period=100,both,all,NEEDS_MORE_DATA,12,,,,,,,,,,,,,,1.000000,,only 12 trades < min 20,binance_rest
run_20260427_131001,SOL/USDT,crypto,M15,trend_momentum,ema_cross,adx_min=20|fast_period=20|rsi_confirm=False|slow_period=100,both,all,NEEDS_MORE_DATA,12,,,,,,,,,,,,,,1.000000,,only 12 trades < min 20,binance_rest
run_20260427_131001,SOL/USDT,crypto,M15,trend_momentum,ema_cross,adx_min=20|fast_period=20|rsi_confirm=True|slow_period=100,both,all,NEEDS_MORE_DATA,11,,,,,,,,,,,,,,1.000000,,only 11 trades < min 20,binance_rest
run_20260427_131001,SOL/USDT,crypto,M15,trend_momentum,ema_cross,adx_min=25|fast_period=20|rsi_confirm=False|slow_period=100,both,all,NEEDS_MORE_DATA,11,,,,,,,,,,,,,,1.000000,,only 11 trades < min 20,binance_rest
run_20260427_131001,SOL/USDT,crypto,M15,trend_momentum,ema_cross,adx_min=25|fast_period=20|rsi_confirm=True|slow_period=100,both,all,NEEDS_MORE_DATA,10,,,,,,,,,,,,,,1.000000,,only 10 trades < min 20,binance_rest
run_20260427_131001,SOL/USDT,crypto,M15,trend_momentum,ema_cross,adx_min=0|fast_period=20|rsi_confirm=False|slow_period=200,both,all,NEEDS_MORE_DATA,11,,,,,,,,,,,,,,,,only 11 trades < min 20,binance_rest
run_20260427_131001,SOL/USDT,crypto,M15,trend_momentum,ema_cross,adx_min=0|fast_period=20|rsi_confirm=True|slow_period=200,both,all,NEEDS_MORE_DATA,10,,,,,,,,,,,,,,,,only 10 trades < min 20,binance_rest
run_20260427_131001,SOL/USDT,crypto,M15,trend_momentum,ema_cross,adx_min=20|fast_period=20|rsi_confirm=False|slow_period=200,both,all,NEEDS_MORE_DATA,11,,,,,,,,,,,,,,,,only 11 trades < min 20,binance_rest
run_20260427_131001,SOL/USDT,crypto,M15,trend_momentum,ema_cross,adx_min=20|fast_period=20|rsi_confirm=True|slow_period=200,both,all,NEEDS_MORE_DATA,10,,,,,,,,,,,,,,,,only 10 trades < min 20,binance_rest
run_20260427_131001,SOL/USDT,crypto,M15,trend_momentum,ema_cross,adx_min=25|fast_period=20|rsi_confirm=False|slow_period=200,both,all,NEEDS_MORE_DATA,9,,,,,,,,,,,,,,,,only 9 trades < min 20,binance_rest
run_20260427_131001,SOL/USDT,crypto,M15,trend_momentum,ema_cross,adx_min=25|fast_period=20|rsi_confirm=True|slow_period=200,both,all,NEEDS_MORE_DATA,8,,,,,,,,,,,,,,,,only 8 trades < min 20,binance_rest
run_20260427_131001,SOL/USDT,crypto,M15,trend_momentum,ema_alignment,adx_min=0|ema_long=200|ema_mid=50|ema_short=20,both,all,REJECT,35,0.114286,0.211212,-0.002956,-0.002956,-0.107938,-8.241063,-3.809618,0.035035,12.742857,-0.098763,-0.098763,-0.054162,-0.044845,0.585065,,,binance_rest
run_20260427_131001,SOL/USDT,crypto,M15,trend_momentum,ema_alignment,adx_min=20|ema_long=200|ema_mid=50|ema_short=20,both,all,REJECT,34,0.117647,0.207728,-0.003108,-0.003108,-0.109915,-8.269021,-3.851535,0.034034,12.911765,-0.100760,-0.100760,-0.054162,-0.046962,0.578410,,,binance_rest
run_20260427_131001,SOL/USDT,crypto,M15,trend_momentum,ema_alignment,adx_min=25|ema_long=200|ema_mid=50|ema_short=20,both,all,REJECT,28,0.142857,0.296400,-0.002349,-0.002349,-0.073511,-6.330293,-2.786502,0.028028,14.107143,-0.063982,-0.063982,-0.028342,-0.034345,0.522639,,,binance_rest
run_20260427_131001,SOL/USDT,crypto,M15,trend_momentum,macd_direction,adx_min=0|fast=12|signal_period=9|slow=26,both,all,REJECT,92,0.282609,0.413308,-0.002278,-0.002278,-0.211189,-8.134845,-3.349365,0.092092,10.695652,-0.190839,-0.190839,-0.141945,-0.059828,0.553114,,,binance_rest
run_20260427_131001,SOL/USDT,crypto,M15,trend_momentum,macd_direction,adx_min=20|fast=12|signal_period=9|slow=26,both,all,REJECT,91,0.274725,0.405468,-0.002332,-0.002332,-0.213298,-8.249372,-3.404217,0.091091,10.505495,-0.193002,-0.193002,-0.144238,-0.059828,0.577770,,,binance_rest
run_20260427_131001,SOL/USDT,crypto,M15,pullback,pullback_ema,pullback_period=20|rsi_reclaim=False|rsi_threshold=50|trend_period=200,both,all,REJECT,71,0.140845,0.201642,-0.002869,-0.002869,-0.195375,-11.742946,-5.389270,0.071071,6.295775,-0.185114,-0.185114,-0.126765,-0.063675,0.564025,,,binance_rest
run_20260427_131001,SOL/USDT,crypto,M15,pullback,pullback_ema,pullback_period=20|rsi_reclaim=True|rsi_threshold=50|trend_period=200,both,all,REJECT,61,0.163934,0.246702,-0.002585,-0.002585,-0.164744,-9.680927,-4.282838,0.061061,6.950820,-0.146657,-0.146657,-0.087442,-0.061737,0.625141,,,binance_rest
run_20260427_131001,SOL/USDT,crypto,M15,pullback,pullback_ema,pullback_period=50|rsi_reclaim=False|rsi_threshold=50|trend_period=200,both,all,REJECT,51,0.098039,0.256185,-0.002581,-0.002581,-0.124077,-8.240202,-3.583180,0.051051,10.333333,-0.124077,-0.124077,-0.071213,-0.057386,0.681748,,,binance_rest
run_20260427_131001,SOL/USDT,crypto,M15,pullback,pullback_ema,pullback_period=50|rsi_reclaim=True|rsi_threshold=50|trend_period=200,both,all,REJECT,35,0.142857,0.369897,-0.002217,-0.002217,-0.087142,-5.146001,-2.132739,0.035035,13.514286,-0.075335,-0.075335,-0.027830,-0.049339,0.418130,,,binance_rest
run_20260427_131001,SOL/USDT,crypto,M15,breakout,prev_day_hl,atr_expand_min=0.0,both,all,NEEDS_MORE_DATA,4,,,,,,,,,,,,,,1.000000,,only 4 trades < min 20,binance_rest
run_20260427_131001,SOL/USDT,crypto,M15,breakout,prev_day_hl,atr_expand_min=0.5,both,all,NEEDS_MORE_DATA,4,,,,,,,,,,,,,,1.000000,,only 4 trades < min 20,binance_rest
run_20260427_131001,SOL/USDT,crypto,M15,breakout,prev_day_hl,atr_expand_min=1.0,both,all,NEEDS_MORE_DATA,4,,,,,,,,,,,,,,1.000000,,only 4 trades < min 20,binance_rest
run_20260427_131001,SOL/USDT,crypto,M15,breakout,session_opening_range,atr_expand_min=0.0|range_bars=6,both,all,REJECT,60,0.183333,0.352302,-0.003042,-0.003042,-0.179297,-7.297932,-3.052048,0.060060,16.350000,-0.168548,-0.168548,-0.116747,-0.057423,0.574224,,,binance_rest
run_20260427_131001,SOL/USDT,crypto,M15,breakout,session_opening_range,atr_expand_min=0.5|range_bars=6,both,all,REJECT,59,0.186441,0.361660,-0.002970,-0.002970,-0.179297,-7.050022,-2.937681,0.059059,16.491525,-0.162441,-0.162441,-0.116747,-0.050500,0.556435,,,binance_rest
run_20260427_131001,SOL/USDT,crypto,M15,breakout,session_opening_range,atr_expand_min=0.0|range_bars=12,both,all,REJECT,33,0.181818,0.431114,-0.004108,-0.004108,-0.154047,-4.582115,-1.880575,0.033033,28.848485,-0.129254,-0.129254,-0.055903,-0.071717,0.513131,,,binance_rest
run_20260427_131001,SOL/USDT,crypto,M15,breakout,session_opening_range,atr_expand_min=0.5|range_bars=12,both,all,REJECT,33,0.181818,0.443592,-0.004018,-0.004018,-0.151534,-4.475824,-1.832603,0.033033,28.121212,-0.126667,-0.126667,-0.055903,-0.068960,0.527930,,,binance_rest
run_20260427_131001,SOL/USDT,crypto,M15,breakout,london_breakout,atr_expand_min=0.0|utc_end=11|utc_start=7,both,all,NEEDS_MORE_DATA,9,,,,,,,,,,,,,,1.000000,,only 9 trades < min 20,binance_rest
run_20260427_131001,SOL/USDT,crypto,M15,breakout,london_breakout,atr_expand_min=0.5|utc_end=11|utc_start=7,both,all,NEEDS_MORE_DATA,9,,,,,,,,,,,,,,1.000000,,only 9 trades < min 20,binance_rest
run_20260427_131001,SOL/USDT,crypto,M15,breakout,ny_breakout,atr_expand_min=0.0|utc_end=16|utc_start=13,both,all,NEEDS_MORE_DATA,11,,,,,,,,,,,,,,1.000000,,only 11 trades < min 20,binance_rest
run_20260427_131001,SOL/USDT,crypto,M15,breakout,ny_breakout,atr_expand_min=0.5|utc_end=16|utc_start=13,both,all,NEEDS_MORE_DATA,11,,,,,,,,,,,,,,1.000000,,only 11 trades < min 20,binance_rest
run_20260427_131001,SOL/USDT,crypto,M15,mean_reversion,rsi_extreme,overbought=70|oversold=30|period=14,both,all,NEEDS_MORE_DATA,13,,,,,,,,,,,,,,1.000000,,only 13 trades < min 20,binance_rest
run_20260427_131001,SOL/USDT,crypto,M15,mean_reversion,rsi_extreme,overbought=75|oversold=30|period=14,both,all,NEEDS_MORE_DATA,9,,,,,,,,,,,,,,,,only 9 trades < min 20,binance_rest
run_20260427_131001,SOL/USDT,crypto,M15,mean_reversion,rsi_extreme,overbought=70|oversold=25|period=14,both,all,NEEDS_MORE_DATA,10,,,,,,,,,,,,,,,,only 10 trades < min 20,binance_rest
run_20260427_131001,SOL/USDT,crypto,M15,mean_reversion,rsi_extreme,overbought=75|oversold=25|period=14,both,all,NEEDS_MORE_DATA,6,,,,,,,,,,,,,,,,only 6 trades < min 20,binance_rest
run_20260427_131001,SOL/USDT,crypto,M15,mean_reversion,bollinger_touch,num_std=2.0|period=20,both,all,REJECT,38,0.657895,0.949048,-0.000120,-0.000120,-0.042813,-0.290607,-0.113551,0.038038,13.500000,-0.005378,-0.005378,-0.003505,-0.001879,0.659231,,,binance_rest
run_20260427_131001,SOL/USDT,crypto,M15,mean_reversion,vwap_deviation,std_threshold=1.5,both,all,NEEDS_MORE_DATA,15,,,,,,,,,,,,,,,,only 15 trades < min 20,binance_rest
run_20260427_131001,SOL/USDT,crypto,M15,mean_reversion,vwap_deviation,std_threshold=2.0,both,all,NEEDS_MORE_DATA,13,,,,,,,,,,,,,,,,only 13 trades < min 20,binance_rest
run_20260427_131001,SOL/USDT,crypto,M15,engine_b_proxy,ob_bos,require_engulf=False|require_vol_expand=False|swing_period=5,both,all,REJECT,20,0.250000,0.434988,-0.003534,-0.003534,-0.092035,-3.685696,-1.519132,0.020020,36.250000,-0.069367,-0.069367,-0.038394,-0.025939,0.422678,,,binance_rest
run_20260427_131001,SOL/USDT,crypto,M15,engine_b_proxy,ob_bos,require_engulf=False|require_vol_expand=True|swing_period=5,both,all,NEEDS_MORE_DATA,16,,,,,,,,,,,,,,1.000000,,only 16 trades < min 20,binance_rest
run_20260427_131001,SOL/USDT,crypto,M15,engine_b_proxy,ob_bos,require_engulf=True|require_vol_expand=False|swing_period=5,both,all,NEEDS_MORE_DATA,18,,,,,,,,,,,,,,1.000000,,only 18 trades < min 20,binance_rest
run_20260427_131001,SOL/USDT,crypto,M15,engine_b_proxy,ob_bos,require_engulf=True|require_vol_expand=True|swing_period=5,both,all,NEEDS_MORE_DATA,14,,,,,,,,,,,,,,1.000000,,only 14 trades < min 20,binance_rest
run_20260427_131001,SOL/USDT,crypto,M15,engine_b_proxy,ob_bos,require_engulf=False|require_vol_expand=False|swing_period=10,both,all,NEEDS_MORE_DATA,13,,,,,,,,,,,,,,,,only 13 trades < min 20,binance_rest
run_20260427_131001,SOL/USDT,crypto,M15,engine_b_proxy,ob_bos,require_engulf=False|require_vol_expand=True|swing_period=10,both,all,NEEDS_MORE_DATA,11,,,,,,,,,,,,,,,,only 11 trades < min 20,binance_rest
run_20260427_131001,SOL/USDT,crypto,M15,engine_b_proxy,ob_bos,require_engulf=True|require_vol_expand=False|swing_period=10,both,all,NEEDS_MORE_DATA,11,,,,,,,,,,,,,,,,only 11 trades < min 20,binance_rest
run_20260427_131001,SOL/USDT,crypto,M15,engine_b_proxy,ob_bos,require_engulf=True|require_vol_expand=True|swing_period=10,both,all,NEEDS_MORE_DATA,9,,,,,,,,,,,,,,,,only 9 trades < min 20,binance_rest
run_20260427_131001,SOL/USDT,crypto,M15,engine_b_proxy,structure_filters,fvg_detection=False|strong_close_pct=0.7,both,all,REJECT,302,0.172185,0.215199,-0.002363,-0.002363,-0.517921,-24.207169,-10.617370,0.302302,3.145695,-0.511639,-0.511639,-0.435354,-0.135102,0.506431,,,binance_rest
run_20260427_131001,SOL/USDT,crypto,M15,engine_b_proxy,structure_filters,fvg_detection=True|strong_close_pct=0.7,both,all,REJECT,28,0.321429,0.541228,-0.001951,-0.001951,-0.054159,-3.032941,-1.214861,0.028028,12.892857,-0.054159,-0.054159,-0.020736,-0.034131,0.387531,,,binance_rest
run_20260427_131001,SOL/USDT,crypto,M15,engine_b_proxy,structure_filters,fvg_detection=False|strong_close_pct=0.8,both,all,REJECT,221,0.212670,0.251049,-0.002349,-0.002349,-0.411191,-17.464001,-7.462132,0.221221,4.018100,-0.406721,-0.406721,-0.337568,-0.104393,0.546108,,,binance_rest
run_20260427_131001,SOL/USDT,crypto,M15,engine_b_proxy,structure_filters,fvg_detection=True|strong_close_pct=0.8,both,all,REJECT,23,0.260870,0.459794,-0.002529,-0.002529,-0.057391,-3.419990,-1.389831,0.023023,12.739130,-0.057391,-0.057391,-0.029663,-0.028576,0.527010,,,binance_rest
run_20260427_131001,BNB/USDT,crypto,M15,trend_momentum,ema_cross,adx_min=0|fast_period=10|rsi_confirm=False|slow_period=50,both,all,REJECT,29,0.206897,0.428186,-0.002549,-0.002549,-0.087863,-4.905086,-2.046198,0.029029,33.379310,-0.071958,-0.071958,-0.033409,-0.032166,0.562840,,,binance_rest
run_20260427_131001,BNB/USDT,crypto,M15,trend_momentum,ema_cross,adx_min=0|fast_period=10|rsi_confirm=True|slow_period=50,both,all,REJECT,27,0.222222,0.463948,-0.002378,-0.002378,-0.087863,-4.323549,-1.783249,0.027027,35.037037,-0.062860,-0.062860,-0.023933,-0.032166,0.458799,,,binance_rest
run_20260427_131001,BNB/USDT,crypto,M15,trend_momentum,ema_cross,adx_min=20|fast_period=10|rsi_confirm=False|slow_period=50,both,all,REJECT,28,0.214286,0.444749,-0.002469,-0.002469,-0.083450,-4.619745,-1.916405,0.028028,33.964286,-0.067468,-0.067468,-0.033409,-0.027484,0.514795,,,binance_rest
run_20260427_131001,BNB/USDT,crypto,M15,trend_momentum,ema_cross,adx_min=20|fast_period=10|rsi_confirm=True|slow_period=50,both,all,REJECT,26,0.230769,0.483381,-0.002284,-0.002284,-0.083450,-4.030080,-1.653064,0.026026,35.730769,-0.058326,-0.058326,-0.023933,-0.027484,0.511491,,,binance_rest
run_20260427_131001,BNB/USDT,crypto,M15,trend_momentum,ema_cross,adx_min=25|fast_period=10|rsi_confirm=False|slow_period=50,both,all,NEEDS_MORE_DATA,19,,,,,,,,,,,,,,1.000000,,only 19 trades < min 20,binance_rest
run_20260427_131001,BNB/USDT,crypto,M15,trend_momentum,ema_cross,adx_min=25|fast_period=10|rsi_confirm=True|slow_period=50,both,all,NEEDS_MORE_DATA,17,,,,,,,,,,,,,,1.000000,,only 17 trades < min 20,binance_rest
run_20260427_131001,BNB/USDT,crypto,M15,trend_momentum,ema_cross,adx_min=0|fast_period=10|rsi_confirm=False|slow_period=100,both,all,REJECT,21,0.238095,0.309001,-0.002938,-0.002938,-0.068620,-5.511393,-2.431930,0.021021,46.142857,-0.060215,-0.060215,-0.020503,-0.033080,0.341986,,,binance_rest
run_20260427_131001,BNB/USDT,crypto,M15,trend_momentum,ema_cross,adx_min=0|fast_period=10|rsi_confirm=True|slow_period=100,both,all,NEEDS_MORE_DATA,19,,,,,,,,,,,,,,1.000000,,only 19 trades < min 20,binance_rest
run_20260427_131001,BNB/USDT,crypto,M15,trend_momentum,ema_cross,adx_min=20|fast_period=10|rsi_confirm=False|slow_period=100,both,all,REJECT,20,0.250000,0.325159,-0.002863,-0.002863,-0.064470,-5.174442,-2.260454,0.020020,47.650000,-0.056027,-0.056027,-0.020503,-0.028771,0.399030,,,binance_rest
run_20260427_131001,BNB/USDT,crypto,M15,trend_momentum,ema_cross,adx_min=20|fast_period=10|rsi_confirm=True|slow_period=100,both,all,NEEDS_MORE_DATA,18,,,,,,,,,,,,,,1.000000,,only 18 trades < min 20,binance_rest
run_20260427_131001,BNB/USDT,crypto,M15,trend_momentum,ema_cross,adx_min=25|fast_period=10|rsi_confirm=False|slow_period=100,both,all,NEEDS_MORE_DATA,14,,,,,,,,,,,,,,1.000000,,only 14 trades < min 20,binance_rest
run_20260427_131001,BNB/USDT,crypto,M15,trend_momentum,ema_cross,adx_min=25|fast_period=10|rsi_confirm=True|slow_period=100,both,all,NEEDS_MORE_DATA,12,,,,,,,,,,,,,,1.000000,,only 12 trades < min 20,binance_rest
run_20260427_131001,BNB/USDT,crypto,M15,trend_momentum,ema_cross,adx_min=0|fast_period=10|rsi_confirm=False|slow_period=200,both,all,REJECT,21,0.142857,0.132745,-0.004819,-0.004819,-0.096688,-8.370898,-4.618271,0.021021,46.142857,-0.096688,-0.096688,-0.065942,-0.024691,0.338331,,,binance_rest
run_20260427_131001,BNB/USDT,crypto,M15,trend_momentum,ema_cross,adx_min=0|fast_period=10|rsi_confirm=True|slow_period=200,both,all,NEEDS_MORE_DATA,19,,,,,,,,,,,,,,1.000000,,only 19 trades < min 20,binance_rest
run_20260427_131001,BNB/USDT,crypto,M15,trend_momentum,ema_cross,adx_min=20|fast_period=10|rsi_confirm=False|slow_period=200,both,all,REJECT,21,0.142857,0.132745,-0.004819,-0.004819,-0.096688,-8.370898,-4.618271,0.021021,46.142857,-0.096688,-0.096688,-0.065942,-0.024691,0.338331,,,binance_rest
run_20260427_131001,BNB/USDT,crypto,M15,trend_momentum,ema_cross,adx_min=20|fast_period=10|rsi_confirm=True|slow_period=200,both,all,NEEDS_MORE_DATA,19,,,,,,,,,,,,,,1.000000,,only 19 trades < min 20,binance_rest
run_20260427_131001,BNB/USDT,crypto,M15,trend_momentum,ema_cross,adx_min=25|fast_period=10|rsi_confirm=False|slow_period=200,both,all,NEEDS_MORE_DATA,18,,,,,,,,,,,,,,1.000000,,only 18 trades < min 20,binance_rest
run_20260427_131001,BNB/USDT,crypto,M15,trend_momentum,ema_cross,adx_min=25|fast_period=10|rsi_confirm=True|slow_period=200,both,all,NEEDS_MORE_DATA,16,,,,,,,,,,,,,,1.000000,,only 16 trades < min 20,binance_rest
run_20260427_131001,BNB/USDT,crypto,M15,trend_momentum,ema_cross,adx_min=0|fast_period=20|rsi_confirm=False|slow_period=50,both,all,REJECT,23,0.217391,0.312739,-0.003265,-0.003265,-0.072904,-5.533691,-2.414810,0.023023,42.173913,-0.072904,-0.072904,-0.034568,-0.032314,0.518441,,,binance_rest
run_20260427_131001,BNB/USDT,crypto,M15,trend_momentum,ema_cross,adx_min=0|fast_period=20|rsi_confirm=True|slow_period=50,both,all,REJECT,21,0.238095,0.359750,-0.002896,-0.002896,-0.070323,-4.728105,-2.014268,0.021021,45.095238,-0.059513,-0.059513,-0.020623,-0.032314,0.355941,,,binance_rest
run_20260427_131001,BNB/USDT,crypto,M15,trend_momentum,ema_cross,adx_min=20|fast_period=20|rsi_confirm=False|slow_period=50,both,all,REJECT,22,0.227273,0.325098,-0.003224,-0.003224,-0.069037,-5.263050,-2.281683,0.022022,43.181818,-0.069037,-0.069037,-0.034568,-0.028278,0.477415,,,binance_rest
run_20260427_131001,BNB/USDT,crypto,M15,trend_momentum,ema_cross,adx_min=20|fast_period=20|rsi_confirm=True|slow_period=50,both,all,REJECT,20,0.250000,0.376201,-0.002833,-0.002833,-0.066446,-4.438707,-1.877943,0.020020,46.350000,-0.055590,-0.055590,-0.020623,-0.028278,0.408650,,,binance_rest
run_20260427_131001,BNB/USDT,crypto,M15,trend_momentum,ema_cross,adx_min=25|fast_period=20|rsi_confirm=False|slow_period=50,both,all,NEEDS_MORE_DATA,17,,,,,,,,,,,,,,1.000000,,only 17 trades < min 20,binance_rest
run_20260427_131001,BNB/USDT,crypto,M15,trend_momentum,ema_cross,adx_min=25|fast_period=20|rsi_confirm=True|slow_period=50,both,all,NEEDS_MORE_DATA,15,,,,,,,,,,,,,,1.000000,,only 15 trades < min 20,binance_rest
run_20260427_131001,BNB/USDT,crypto,M15,trend_momentum,ema_cross,adx_min=0|fast_period=20|rsi_confirm=False|slow_period=100,both,all,NEEDS_MORE_DATA,17,,,,,,,,,,,,,,1.000000,,only 17 trades < min 20,binance_rest
run_20260427_131001,BNB/USDT,crypto,M15,trend_momentum,ema_cross,adx_min=0|fast_period=20|rsi_confirm=True|slow_period=100,both,all,NEEDS_MORE_DATA,15,,,,,,,,,,,,,,1.000000,,only 15 trades < min 20,binance_rest
run_20260427_131001,BNB/USDT,crypto,M15,trend_momentum,ema_cross,adx_min=20|fast_period=20|rsi_confirm=False|slow_period=100,both,all,NEEDS_MORE_DATA,17,,,,,,,,,,,,,,1.000000,,only 17 trades < min 20,binance_rest
run_20260427_131001,BNB/USDT,crypto,M15,trend_momentum,ema_cross,adx_min=20|fast_period=20|rsi_confirm=True|slow_period=100,both,all,NEEDS_MORE_DATA,15,,,,,,,,,,,,,,1.000000,,only 15 trades < min 20,binance_rest
run_20260427_131001,BNB/USDT,crypto,M15,trend_momentum,ema_cross,adx_min=25|fast_period=20|rsi_confirm=False|slow_period=100,both,all,NEEDS_MORE_DATA,14,,,,,,,,,,,,,,1.000000,,only 14 trades < min 20,binance_rest
run_20260427_131001,BNB/USDT,crypto,M15,trend_momentum,ema_cross,adx_min=25|fast_period=20|rsi_confirm=True|slow_period=100,both,all,NEEDS_MORE_DATA,12,,,,,,,,,,,,,,1.000000,,only 12 trades < min 20,binance_rest
run_20260427_131001,BNB/USDT,crypto,M15,trend_momentum,ema_cross,adx_min=0|fast_period=20|rsi_confirm=False|slow_period=200,both,all,NEEDS_MORE_DATA,17,,,,,,,,,,,,,,,,only 17 trades < min 20,binance_rest
run_20260427_131001,BNB/USDT,crypto,M15,trend_momentum,ema_cross,adx_min=0|fast_period=20|rsi_confirm=True|slow_period=200,both,all,NEEDS_MORE_DATA,15,,,,,,,,,,,,,,,,only 15 trades < min 20,binance_rest
run_20260427_131001,BNB/USDT,crypto,M15,trend_momentum,ema_cross,adx_min=20|fast_period=20|rsi_confirm=False|slow_period=200,both,all,NEEDS_MORE_DATA,17,,,,,,,,,,,,,,,,only 17 trades < min 20,binance_rest
run_20260427_131001,BNB/USDT,crypto,M15,trend_momentum,ema_cross,adx_min=20|fast_period=20|rsi_confirm=True|slow_period=200,both,all,NEEDS_MORE_DATA,15,,,,,,,,,,,,,,,,only 15 trades < min 20,binance_rest
run_20260427_131001,BNB/USDT,crypto,M15,trend_momentum,ema_cross,adx_min=25|fast_period=20|rsi_confirm=False|slow_period=200,both,all,NEEDS_MORE_DATA,15,,,,,,,,,,,,,,,,only 15 trades < min 20,binance_rest
run_20260427_131001,BNB/USDT,crypto,M15,trend_momentum,ema_cross,adx_min=25|fast_period=20|rsi_confirm=True|slow_period=200,both,all,NEEDS_MORE_DATA,13,,,,,,,,,,,,,,,,only 13 trades < min 20,binance_rest
run_20260427_131001,BNB/USDT,crypto,M15,trend_momentum,ema_alignment,adx_min=0|ema_long=200|ema_mid=50|ema_short=20,both,all,REJECT,34,0.088235,0.285772,-0.002290,-0.002290,-0.089794,-6.620368,-2.873869,0.034034,13.176471,-0.075326,-0.075326,-0.035392,-0.041125,0.582070,,,binance_rest
run_20260427_131001,BNB/USDT,crypto,M15,trend_momentum,ema_alignment,adx_min=20|ema_long=200|ema_mid=50|ema_short=20,both,all,REJECT,29,0.103448,0.321990,-0.002262,-0.002262,-0.078550,-5.669222,-2.422681,0.029029,14.724138,-0.063904,-0.063904,-0.035392,-0.029280,0.536480,,,binance_rest
run_20260427_131001,BNB/USDT,crypto,M15,trend_momentum,ema_alignment,adx_min=25|ema_long=200|ema_mid=50|ema_short=20,both,all,REJECT,22,0.136364,0.421182,-0.001946,-0.001946,-0.057269,-3.908504,-1.612813,0.022022,16.727273,-0.042285,-0.042285,-0.026195,-0.010590,0.371462,,,binance_rest
run_20260427_131001,BNB/USDT,crypto,M15,trend_momentum,macd_direction,adx_min=0|fast=12|signal_period=9|slow=26,both,all,REJECT,80,0.200000,0.473621,-0.001812,-0.001812,-0.154253,-6.547848,-2.660105,0.080080,12.275000,-0.136368,-0.136368,-0.068831,-0.065799,0.713452,,,binance_rest
run_20260427_131001,BNB/USDT,crypto,M15,trend_momentum,macd_direction,adx_min=20|fast=12|signal_period=9|slow=26,both,all,REJECT,69,0.202899,0.476900,-0.001825,-0.001825,-0.137836,-5.996118,-2.434367,0.069069,12.463768,-0.119604,-0.119604,-0.059999,-0.056614,0.736409,,,binance_rest
run_20260427_131001,BNB/USDT,crypto,M15,pullback,pullback_ema,pullback_period=20|rsi_reclaim=False|rsi_threshold=50|trend_period=200,both,all,REJECT,71,0.126761,0.318548,-0.001724,-0.001724,-0.119793,-8.614642,-3.646529,0.071071,6.676056,-0.115805,-0.115805,-0.050787,-0.062690,0.643025,,,binance_rest
run_20260427_131001,BNB/USDT,crypto,M15,pullback,pullback_ema,pullback_period=20|rsi_reclaim=True|rsi_threshold=50|trend_period=200,both,all,REJECT,62,0.145161,0.376300,-0.001535,-0.001535,-0.103475,-6.932959,-2.872607,0.062062,7.258065,-0.091349,-0.091349,-0.024533,-0.062690,0.413333,,,binance_rest
run_20260427_131001,BNB/USDT,crypto,M15,pullback,pullback_ema,pullback_period=50|rsi_reclaim=False|rsi_threshold=50|trend_period=200,both,all,REJECT,54,0.055556,0.217002,-0.002393,-0.002393,-0.122601,-9.289712,-4.137862,0.054054,8.685185,-0.121796,-0.121796,-0.056784,-0.062932,0.707518,,,binance_rest
run_20260427_131001,BNB/USDT,crypto,M15,pullback,pullback_ema,pullback_period=50|rsi_reclaim=True|rsi_threshold=50|trend_period=200,both,all,REJECT,39,0.076923,0.315047,-0.002008,-0.002008,-0.094918,-6.080227,-2.559994,0.039039,10.871795,-0.075827,-0.075827,-0.009436,-0.061018,0.374000,,,binance_rest
run_20260427_131001,BNB/USDT,crypto,M15,breakout,prev_day_hl,atr_expand_min=0.0,both,all,NEEDS_MORE_DATA,5,,,,,,,,,,,,,,1.000000,,only 5 trades < min 20,binance_rest
run_20260427_131001,BNB/USDT,crypto,M15,breakout,prev_day_hl,atr_expand_min=0.5,both,all,NEEDS_MORE_DATA,5,,,,,,,,,,,,,,1.000000,,only 5 trades < min 20,binance_rest
run_20260427_131001,BNB/USDT,crypto,M15,breakout,prev_day_hl,atr_expand_min=1.0,both,all,NEEDS_MORE_DATA,5,,,,,,,,,,,,,,1.000000,,only 5 trades < min 20,binance_rest
run_20260427_131001,BNB/USDT,crypto,M15,breakout,session_opening_range,atr_expand_min=0.0|range_bars=6,both,all,REJECT,62,0.225806,0.548311,-0.001472,-0.001472,-0.097202,-4.479664,-1.792093,0.062062,15.870968,-0.088487,-0.088487,-0.018642,-0.064552,0.426667,,,binance_rest
run_20260427_131001,BNB/USDT,crypto,M15,breakout,session_opening_range,atr_expand_min=0.5|range_bars=6,both,all,REJECT,61,0.229508,0.560654,-0.001426,-0.001426,-0.093309,-4.280885,-1.709633,0.061061,16.032787,-0.084557,-0.084557,-0.014410,-0.064552,0.426667,,,binance_rest
run_20260427_131001,BNB/USDT,crypto,M15,breakout,session_opening_range,atr_expand_min=0.0|range_bars=12,both,all,REJECT,39,0.256410,0.520734,-0.002018,-0.002018,-0.094946,-4.237718,-1.714467,0.039039,24.205128,-0.076741,-0.076741,-0.046011,-0.035204,0.563536,,,binance_rest
run_20260427_131001,BNB/USDT,crypto,M15,breakout,session_opening_range,atr_expand_min=0.5|range_bars=12,both,all,REJECT,38,0.263158,0.542725,-0.001901,-0.001901,-0.089038,-3.919131,-1.578657,0.038038,24.578947,-0.070714,-0.070714,-0.039784,-0.035204,0.593462,,,binance_rest
run_20260427_131001,BNB/USDT,crypto,M15,breakout,london_breakout,atr_expand_min=0.0|utc_end=11|utc_start=7,both,all,NEEDS_MORE_DATA,14,,,,,,,,,,,,,,1.000000,,only 14 trades < min 20,binance_rest
run_20260427_131001,BNB/USDT,crypto,M15,breakout,london_breakout,atr_expand_min=0.5|utc_end=11|utc_start=7,both,all,NEEDS_MORE_DATA,14,,,,,,,,,,,,,,1.000000,,only 14 trades < min 20,binance_rest
run_20260427_131001,BNB/USDT,crypto,M15,breakout,ny_breakout,atr_expand_min=0.0|utc_end=16|utc_start=13,both,all,NEEDS_MORE_DATA,11,,,,,,,,,,,,,,1.000000,,only 11 trades < min 20,binance_rest
run_20260427_131001,BNB/USDT,crypto,M15,breakout,ny_breakout,atr_expand_min=0.5|utc_end=16|utc_start=13,both,all,NEEDS_MORE_DATA,11,,,,,,,,,,,,,,1.000000,,only 11 trades < min 20,binance_rest
run_20260427_131001,BNB/USDT,crypto,M15,mean_reversion,rsi_extreme,overbought=70|oversold=30|period=14,both,all,NEEDS_MORE_DATA,12,,,,,,,,,,,,,,1.000000,,only 12 trades < min 20,binance_rest
run_20260427_131001,BNB/USDT,crypto,M15,mean_reversion,rsi_extreme,overbought=75|oversold=30|period=14,both,all,NEEDS_MORE_DATA,9,,,,,,,,,,,,,,,,only 9 trades < min 20,binance_rest
run_20260427_131001,BNB/USDT,crypto,M15,mean_reversion,rsi_extreme,overbought=70|oversold=25|period=14,both,all,NEEDS_MORE_DATA,9,,,,,,,,,,,,,,,,only 9 trades < min 20,binance_rest
run_20260427_131001,BNB/USDT,crypto,M15,mean_reversion,rsi_extreme,overbought=75|oversold=25|period=14,both,all,NEEDS_MORE_DATA,6,,,,,,,,,,,,,,,,only 6 trades < min 20,binance_rest
run_20260427_131001,BNB/USDT,crypto,M15,mean_reversion,bollinger_touch,num_std=2.0|period=20,both,all,REJECT,37,0.540541,0.406210,-0.001788,-0.001788,-0.069730,-4.822930,-1.977772,0.037037,14.810811,-0.064589,-0.064589,-0.041964,-0.023616,0.570832,,,binance_rest
run_20260427_131001,BNB/USDT,crypto,M15,mean_reversion,bollinger_touch,num_std=2.5|period=20,both,all,REJECT,21,0.523810,0.639786,-0.000756,-0.000756,-0.026632,-1.916410,-0.758668,0.021021,15.619048,-0.015976,-0.015976,0.007423,-0.023227,0.319333,,,binance_rest
run_20260427_131001,BNB/USDT,crypto,M15,mean_reversion,vwap_deviation,std_threshold=1.5,both,all,NEEDS_MORE_DATA,14,,,,,,,,,,,,,,,,only 14 trades < min 20,binance_rest
run_20260427_131001,BNB/USDT,crypto,M15,mean_reversion,vwap_deviation,std_threshold=2.0,both,all,NEEDS_MORE_DATA,13,,,,,,,,,,,,,,,,only 13 trades < min 20,binance_rest
run_20260427_131001,BNB/USDT,crypto,M15,engine_b_proxy,ob_bos,require_engulf=False|require_vol_expand=False|swing_period=5,both,all,REJECT,21,0.333333,0.515803,-0.002907,-0.002907,-0.073901,-3.155313,-1.278822,0.021021,39.238095,-0.060377,-0.060377,-0.039452,-0.018861,0.369420,,,binance_rest
run_20260427_131001,BNB/USDT,crypto,M15,engine_b_proxy,ob_bos,require_engulf=False|require_vol_expand=True|swing_period=5,both,all,NEEDS_MORE_DATA,18,,,,,,,,,,,,,,1.000000,,only 18 trades < min 20,binance_rest
run_20260427_131001,BNB/USDT,crypto,M15,engine_b_proxy,ob_bos,require_engulf=True|require_vol_expand=False|swing_period=5,both,all,NEEDS_MORE_DATA,18,,,,,,,,,,,,,,1.000000,,only 18 trades < min 20,binance_rest
run_20260427_131001,BNB/USDT,crypto,M15,engine_b_proxy,ob_bos,require_engulf=True|require_vol_expand=True|swing_period=5,both,all,NEEDS_MORE_DATA,15,,,,,,,,,,,,,,1.000000,,only 15 trades < min 20,binance_rest
run_20260427_131001,BNB/USDT,crypto,M15,engine_b_proxy,ob_bos,require_engulf=False|require_vol_expand=False|swing_period=10,both,all,NEEDS_MORE_DATA,9,,,,,,,,,,,,,,,,only 9 trades < min 20,binance_rest
run_20260427_131001,BNB/USDT,crypto,M15,engine_b_proxy,ob_bos,require_engulf=False|require_vol_expand=True|swing_period=10,both,all,NEEDS_MORE_DATA,9,,,,,,,,,,,,,,,,only 9 trades < min 20,binance_rest
run_20260427_131001,BNB/USDT,crypto,M15,engine_b_proxy,ob_bos,require_engulf=True|require_vol_expand=False|swing_period=10,both,all,NEEDS_MORE_DATA,8,,,,,,,,,,,,,,,,only 8 trades < min 20,binance_rest
run_20260427_131001,BNB/USDT,crypto,M15,engine_b_proxy,ob_bos,require_engulf=True|require_vol_expand=True|swing_period=10,both,all,NEEDS_MORE_DATA,7,,,,,,,,,,,,,,,,only 7 trades < min 20,binance_rest
run_20260427_131001,BNB/USDT,crypto,M15,engine_b_proxy,structure_filters,fvg_detection=False|strong_close_pct=0.7,both,all,REJECT,322,0.161491,0.202154,-0.001728,-0.001728,-0.427600,-27.204020,-12.172735,0.322322,3.031056,-0.427600,-0.427600,-0.310981,-0.166842,0.574283,,,binance_rest
run_20260427_131001,BNB/USDT,crypto,M15,engine_b_proxy,structure_filters,fvg_detection=True|strong_close_pct=0.7,both,all,REJECT,29,0.413793,0.769606,-0.000490,-0.000490,-0.016318,-1.354876,-0.531814,0.029029,15.482759,-0.014475,-0.014475,-0.008197,-0.006330,0.531321,,,binance_rest
run_20260427_131001,BNB/USDT,crypto,M15,engine_b_proxy,structure_filters,fvg_detection=False|strong_close_pct=0.8,both,all,REJECT,234,0.175214,0.198901,-0.001871,-0.001871,-0.361734,-21.402614,-9.521256,0.234234,4.012821,-0.355456,-0.355456,-0.270230,-0.114220,0.580137,,,binance_rest
run_20260427_131001,BNB/USDT,crypto,M15,engine_b_proxy,structure_filters,fvg_detection=True|strong_close_pct=0.8,both,all,NEEDS_MORE_DATA,17,,,,,,,,,,,,,,1.000000,,only 17 trades < min 20,binance_rest
run_20260427_131001,ADA/USDT,crypto,M15,trend_momentum,ema_cross,adx_min=0|fast_period=10|rsi_confirm=False|slow_period=50,both,all,REJECT,29,0.275862,0.596452,-0.002189,-0.002189,-0.085279,-2.524418,-1.002683,0.029029,33.344828,-0.063421,-0.063421,-0.026717,-0.032454,0.509584,,,binance_rest
run_20260427_131001,ADA/USDT,crypto,M15,trend_momentum,ema_cross,adx_min=0|fast_period=10|rsi_confirm=True|slow_period=50,both,all,REJECT,27,0.296296,0.674702,-0.001679,-0.001679,-0.085279,-1.838088,-0.724857,0.027027,35.222222,-0.046196,-0.046196,-0.008817,-0.032454,0.262000,,,binance_rest
run_20260427_131001,ADA/USDT,crypto,M15,trend_momentum,ema_cross,adx_min=20|fast_period=10|rsi_confirm=False|slow_period=50,both,all,REJECT,29,0.275862,0.596452,-0.002189,-0.002189,-0.085279,-2.524418,-1.002683,0.029029,33.344828,-0.063421,-0.063421,-0.026717,-0.032454,0.509584,,,binance_rest
run_20260427_131001,ADA/USDT,crypto,M15,trend_momentum,ema_cross,adx_min=20|fast_period=10|rsi_confirm=True|slow_period=50,both,all,REJECT,27,0.296296,0.674702,-0.001679,-0.001679,-0.085279,-1.838088,-0.724857,0.027027,35.222222,-0.046196,-0.046196,-0.008817,-0.032454,0.262000,,,binance_rest
run_20260427_131001,ADA/USDT,crypto,M15,trend_momentum,ema_cross,adx_min=25|fast_period=10|rsi_confirm=False|slow_period=50,both,all,REJECT,22,0.227273,0.577341,-0.002127,-0.002127,-0.069406,-2.157352,-0.856450,0.022022,32.818182,-0.047169,-0.047169,-0.034480,-0.013142,0.346347,,,binance_rest
run_20260427_131001,ADA/USDT,crypto,M15,trend_momentum,ema_cross,adx_min=25|fast_period=10|rsi_confirm=True|slow_period=50,both,all,REJECT,20,0.250000,0.691158,-0.001433,-0.001433,-0.069406,-1.356216,-0.533519,0.020020,35.300000,-0.029645,-0.029645,-0.016723,-0.013142,0.455768,,,binance_rest
run_20260427_131001,ADA/USDT,crypto,M15,trend_momentum,ema_cross,adx_min=0|fast_period=10|rsi_confirm=False|slow_period=100,both,all,REJECT,23,0.217391,0.455505,-0.002829,-0.002829,-0.076773,-3.600480,-1.469726,0.023023,42.086957,-0.063997,-0.063997,-0.041166,-0.016510,0.358322,,,binance_rest
run_20260427_131001,ADA/USDT,crypto,M15,trend_momentum,ema_cross,adx_min=0|fast_period=10|rsi_confirm=True|slow_period=100,both,all,NEEDS_MORE_DATA,19,,,,,,,,,,,,,,1.000000,,only 19 trades < min 20,binance_rest
run_20260427_131001,ADA/USDT,crypto,M15,trend_momentum,ema_cross,adx_min=20|fast_period=10|rsi_confirm=False|slow_period=100,both,all,REJECT,23,0.217391,0.455505,-0.002829,-0.002829,-0.076773,-3.600480,-1.469726,0.023023,42.086957,-0.063997,-0.063997,-0.041166,-0.016510,0.358322,,,binance_rest
run_20260427_131001,ADA/USDT,crypto,M15,trend_momentum,ema_cross,adx_min=20|fast_period=10|rsi_confirm=True|slow_period=100,both,all,NEEDS_MORE_DATA,19,,,,,,,,,,,,,,1.000000,,only 19 trades < min 20,binance_rest
run_20260427_131001,ADA/USDT,crypto,M15,trend_momentum,ema_cross,adx_min=25|fast_period=10|rsi_confirm=False|slow_period=100,both,all,NEEDS_MORE_DATA,19,,,,,,,,,,,,,,1.000000,,only 19 trades < min 20,binance_rest
run_20260427_131001,ADA/USDT,crypto,M15,trend_momentum,ema_cross,adx_min=25|fast_period=10|rsi_confirm=True|slow_period=100,both,all,NEEDS_MORE_DATA,15,,,,,,,,,,,,,,1.000000,,only 15 trades < min 20,binance_rest
run_20260427_131001,ADA/USDT,crypto,M15,trend_momentum,ema_cross,adx_min=0|fast_period=10|rsi_confirm=False|slow_period=200,both,all,NEEDS_MORE_DATA,19,,,,,,,,,,,,,,1.000000,,only 19 trades < min 20,binance_rest
run_20260427_131001,ADA/USDT,crypto,M15,trend_momentum,ema_cross,adx_min=0|fast_period=10|rsi_confirm=True|slow_period=200,both,all,NEEDS_MORE_DATA,16,,,,,,,,,,,,,,1.000000,,only 16 trades < min 20,binance_rest
run_20260427_131001,ADA/USDT,crypto,M15,trend_momentum,ema_cross,adx_min=20|fast_period=10|rsi_confirm=False|slow_period=200,both,all,NEEDS_MORE_DATA,19,,,,,,,,,,,,,,1.000000,,only 19 trades < min 20,binance_rest
run_20260427_131001,ADA/USDT,crypto,M15,trend_momentum,ema_cross,adx_min=20|fast_period=10|rsi_confirm=True|slow_period=200,both,all,NEEDS_MORE_DATA,16,,,,,,,,,,,,,,1.000000,,only 16 trades < min 20,binance_rest
run_20260427_131001,ADA/USDT,crypto,M15,trend_momentum,ema_cross,adx_min=25|fast_period=10|rsi_confirm=False|slow_period=200,both,all,NEEDS_MORE_DATA,15,,,,,,,,,,,,,,1.000000,,only 15 trades < min 20,binance_rest
run_20260427_131001,ADA/USDT,crypto,M15,trend_momentum,ema_cross,adx_min=25|fast_period=10|rsi_confirm=True|slow_period=200,both,all,NEEDS_MORE_DATA,12,,,,,,,,,,,,,,1.000000,,only 12 trades < min 20,binance_rest
run_20260427_131001,ADA/USDT,crypto,M15,trend_momentum,ema_cross,adx_min=0|fast_period=20|rsi_confirm=False|slow_period=50,both,all,REJECT,25,0.200000,0.409153,-0.004029,-0.004029,-0.119366,-4.402327,-1.828570,0.025025,38.720000,-0.097364,-0.097364,-0.060829,-0.032101,0.408316,,,binance_rest
run_20260427_131001,ADA/USDT,crypto,M15,trend_momentum,ema_cross,adx_min=0|fast_period=20|rsi_confirm=True|slow_period=50,both,all,REJECT,23,0.217391,0.457419,-0.003608,-0.003608,-0.119366,-3.709054,-1.518316,0.023023,41.347826,-0.081129,-0.081129,-0.043937,-0.032101,0.457182,,,binance_rest
run_20260427_131001,ADA/USDT,crypto,M15,trend_momentum,ema_cross,adx_min=20|fast_period=20|rsi_confirm=False|slow_period=50,both,all,REJECT,25,0.200000,0.409153,-0.004029,-0.004029,-0.119366,-4.402327,-1.828570,0.025025,38.720000,-0.097364,-0.097364,-0.060829,-0.032101,0.408316,,,binance_rest
run_20260427_131001,ADA/USDT,crypto,M15,trend_momentum,ema_cross,adx_min=20|fast_period=20|rsi_confirm=True|slow_period=50,both,all,REJECT,23,0.217391,0.457419,-0.003608,-0.003608,-0.119366,-3.709054,-1.518316,0.023023,41.347826,-0.081129,-0.081129,-0.043937,-0.032101,0.457182,,,binance_rest
run_20260427_131001,ADA/USDT,crypto,M15,trend_momentum,ema_cross,adx_min=25|fast_period=20|rsi_confirm=False|slow_period=50,both,all,REJECT,22,0.181818,0.351216,-0.004814,-0.004814,-0.123834,-4.772480,-2.027725,0.022022,37.545455,-0.101944,-0.101944,-0.072160,-0.032101,0.365456,,,binance_rest
run_20260427_131001,ADA/USDT,crypto,M15,trend_momentum,ema_cross,adx_min=25|fast_period=20|rsi_confirm=True|slow_period=50,both,all,REJECT,20,0.200000,0.394898,-0.004408,-0.004408,-0.123834,-4.068815,-1.698172,0.020020,40.450000,-0.085792,-0.085792,-0.055472,-0.032101,0.393605,,,binance_rest
run_20260427_131001,ADA/USDT,crypto,M15,trend_momentum,ema_cross,adx_min=0|fast_period=20|rsi_confirm=False|slow_period=100,both,all,NEEDS_MORE_DATA,15,,,,,,,,,,,,,,1.000000,,only 15 trades < min 20,binance_rest
run_20260427_131001,ADA/USDT,crypto,M15,trend_momentum,ema_cross,adx_min=0|fast_period=20|rsi_confirm=True|slow_period=100,both,all,NEEDS_MORE_DATA,13,,,,,,,,,,,,,,1.000000,,only 13 trades < min 20,binance_rest
run_20260427_131001,ADA/USDT,crypto,M15,trend_momentum,ema_cross,adx_min=20|fast_period=20|rsi_confirm=False|slow_period=100,both,all,NEEDS_MORE_DATA,15,,,,,,,,,,,,,,1.000000,,only 15 trades < min 20,binance_rest
run_20260427_131001,ADA/USDT,crypto,M15,trend_momentum,ema_cross,adx_min=20|fast_period=20|rsi_confirm=True|slow_period=100,both,all,NEEDS_MORE_DATA,13,,,,,,,,,,,,,,1.000000,,only 13 trades < min 20,binance_rest
run_20260427_131001,ADA/USDT,crypto,M15,trend_momentum,ema_cross,adx_min=25|fast_period=20|rsi_confirm=False|slow_period=100,both,all,NEEDS_MORE_DATA,12,,,,,,,,,,,,,,1.000000,,only 12 trades < min 20,binance_rest
run_20260427_131001,ADA/USDT,crypto,M15,trend_momentum,ema_cross,adx_min=25|fast_period=20|rsi_confirm=True|slow_period=100,both,all,NEEDS_MORE_DATA,10,,,,,,,,,,,,,,1.000000,,only 10 trades < min 20,binance_rest
run_20260427_131001,ADA/USDT,crypto,M15,trend_momentum,ema_cross,adx_min=0|fast_period=20|rsi_confirm=False|slow_period=200,both,all,NEEDS_MORE_DATA,15,,,,,,,,,,,,,,,,only 15 trades < min 20,binance_rest
run_20260427_131001,ADA/USDT,crypto,M15,trend_momentum,ema_cross,adx_min=0|fast_period=20|rsi_confirm=True|slow_period=200,both,all,NEEDS_MORE_DATA,13,,,,,,,,,,,,,,,,only 13 trades < min 20,binance_rest
run_20260427_131001,ADA/USDT,crypto,M15,trend_momentum,ema_cross,adx_min=20|fast_period=20|rsi_confirm=False|slow_period=200,both,all,NEEDS_MORE_DATA,15,,,,,,,,,,,,,,,,only 15 trades < min 20,binance_rest
run_20260427_131001,ADA/USDT,crypto,M15,trend_momentum,ema_cross,adx_min=20|fast_period=20|rsi_confirm=True|slow_period=200,both,all,NEEDS_MORE_DATA,13,,,,,,,,,,,,,,,,only 13 trades < min 20,binance_rest
run_20260427_131001,ADA/USDT,crypto,M15,trend_momentum,ema_cross,adx_min=25|fast_period=20|rsi_confirm=False|slow_period=200,both,all,NEEDS_MORE_DATA,14,,,,,,,,,,,,,,,,only 14 trades < min 20,binance_rest
run_20260427_131001,ADA/USDT,crypto,M15,trend_momentum,ema_cross,adx_min=25|fast_period=20|rsi_confirm=True|slow_period=200,both,all,NEEDS_MORE_DATA,12,,,,,,,,,,,,,,,,only 12 trades < min 20,binance_rest
run_20260427_131001,ADA/USDT,crypto,M15,trend_momentum,ema_alignment,adx_min=0|ema_long=200|ema_mid=50|ema_short=20,both,all,REJECT,38,0.131579,0.321300,-0.002762,-0.002762,-0.112943,-6.907287,-2.987898,0.038038,11.894737,-0.100328,-0.100328,-0.041261,-0.055916,0.548109,,,binance_rest
run_20260427_131001,ADA/USDT,crypto,M15,trend_momentum,ema_alignment,adx_min=20|ema_long=200|ema_mid=50|ema_short=20,both,all,REJECT,38,0.131579,0.321300,-0.002762,-0.002762,-0.112943,-6.907287,-2.987898,0.038038,11.894737,-0.100328,-0.100328,-0.041261,-0.055916,0.535728,,,binance_rest
run_20260427_131001,ADA/USDT,crypto,M15,trend_momentum,ema_alignment,adx_min=25|ema_long=200|ema_mid=50|ema_short=20,both,all,REJECT,31,0.161290,0.406189,-0.002343,-0.002343,-0.083721,-5.083296,-2.120930,0.031031,12.580645,-0.070690,-0.070690,-0.022363,-0.049433,0.304182,,,binance_rest
run_20260427_131001,ADA/USDT,crypto,M15,trend_momentum,macd_direction,adx_min=0|fast=12|signal_period=9|slow=26,both,all,REJECT,76,0.289474,0.671831,-0.001282,-0.001282,-0.119000,-3.379624,-1.334545,0.076076,12.921053,-0.095310,-0.095310,-0.055453,-0.037740,0.630839,,,binance_rest
run_20260427_131001,ADA/USDT,crypto,M15,trend_momentum,macd_direction,adx_min=20|fast=12|signal_period=9|slow=26,both,all,REJECT,76,0.289474,0.671831,-0.001282,-0.001282,-0.119000,-3.379624,-1.334545,0.076076,12.921053,-0.095310,-0.095310,-0.055453,-0.037740,0.657506,,,binance_rest
run_20260427_131001,ADA/USDT,crypto,M15,pullback,pullback_ema,pullback_period=20|rsi_reclaim=False|rsi_threshold=50|trend_period=200,both,all,REJECT,78,0.141026,0.201441,-0.003135,-0.003135,-0.221250,-11.255226,-5.006182,0.078078,5.884615,-0.218181,-0.218181,-0.145254,-0.079777,0.578101,,,binance_rest
run_20260427_131001,ADA/USDT,crypto,M15,pullback,pullback_ema,pullback_period=20|rsi_reclaim=True|rsi_threshold=50|trend_period=200,both,all,REJECT,69,0.159420,0.230773,-0.002999,-0.002999,-0.200114,-9.750000,-4.247395,0.069069,6.347826,-0.188152,-0.188152,-0.112424,-0.079777,0.626216,,,binance_rest
run_20260427_131001,ADA/USDT,crypto,M15,pullback,pullback_ema,pullback_period=50|rsi_reclaim=False|rsi_threshold=50|trend_period=200,both,all,REJECT,52,0.076923,0.243684,-0.002902,-0.002902,-0.140960,-8.554972,-3.745198,0.052052,8.673077,-0.140960,-0.140960,-0.090426,-0.048310,0.600274,,,binance_rest
run_20260427_131001,ADA/USDT,crypto,M15,pullback,pullback_ema,pullback_period=50|rsi_reclaim=True|rsi_threshold=50|trend_period=200,both,all,REJECT,37,0.108108,0.320703,-0.002795,-0.002795,-0.110741,-6.094418,-2.578740,0.037037,10.594595,-0.099109,-0.099109,-0.054477,-0.039891,0.581679,,,binance_rest
run_20260427_131001,ADA/USDT,crypto,M15,breakout,prev_day_hl,atr_expand_min=0.0,both,all,NEEDS_MORE_DATA,4,,,,,,,,,,,,,,1.000000,,only 4 trades < min 20,binance_rest
run_20260427_131001,ADA/USDT,crypto,M15,breakout,prev_day_hl,atr_expand_min=0.5,both,all,NEEDS_MORE_DATA,4,,,,,,,,,,,,,,1.000000,,only 4 trades < min 20,binance_rest
run_20260427_131001,ADA/USDT,crypto,M15,breakout,prev_day_hl,atr_expand_min=1.0,both,all,NEEDS_MORE_DATA,4,,,,,,,,,,,,,,1.000000,,only 4 trades < min 20,binance_rest
run_20260427_131001,ADA/USDT,crypto,M15,breakout,session_opening_range,atr_expand_min=0.0|range_bars=6,both,all,REJECT,47,0.340426,0.576551,-0.001958,-0.001958,-0.110635,-3.491075,-1.390339,0.047047,20.702128,-0.089971,-0.089971,-0.072207,-0.022879,0.503724,,,binance_rest
run_20260427_131001,ADA/USDT,crypto,M15,breakout,session_opening_range,atr_expand_min=0.5|range_bars=6,both,all,REJECT,47,0.340426,0.576551,-0.001958,-0.001958,-0.110635,-3.491075,-1.390339,0.047047,20.702128,-0.089971,-0.089971,-0.072207,-0.022879,0.503724,,,binance_rest
run_20260427_131001,ADA/USDT,crypto,M15,breakout,session_opening_range,atr_expand_min=0.0|range_bars=12,both,all,REJECT,27,0.370370,0.658193,-0.001690,-0.001690,-0.059756,-2.064309,-0.816090,0.027027,35.259259,-0.046123,-0.046123,-0.007823,-0.043012,0.262000,,,binance_rest
run_20260427_131001,ADA/USDT,crypto,M15,breakout,session_opening_range,atr_expand_min=0.5|range_bars=12,both,all,REJECT,27,0.370370,0.658193,-0.001690,-0.001690,-0.059756,-2.064309,-0.816090,0.027027,35.259259,-0.046123,-0.046123,-0.007823,-0.043012,0.262000,,,binance_rest
run_20260427_131001,ADA/USDT,crypto,M15,breakout,london_breakout,atr_expand_min=0.0|utc_end=11|utc_start=7,both,all,NEEDS_MORE_DATA,12,,,,,,,,,,,,,,1.000000,,only 12 trades < min 20,binance_rest
run_20260427_131001,ADA/USDT,crypto,M15,breakout,london_breakout,atr_expand_min=0.5|utc_end=11|utc_start=7,both,all,NEEDS_MORE_DATA,12,,,,,,,,,,,,,,1.000000,,only 12 trades < min 20,binance_rest
run_20260427_131001,ADA/USDT,crypto,M15,breakout,ny_breakout,atr_expand_min=0.0|utc_end=16|utc_start=13,both,all,NEEDS_MORE_DATA,8,,,,,,,,,,,,,,1.000000,,only 8 trades < min 20,binance_rest
run_20260427_131001,ADA/USDT,crypto,M15,breakout,ny_breakout,atr_expand_min=0.5|utc_end=16|utc_start=13,both,all,NEEDS_MORE_DATA,8,,,,,,,,,,,,,,1.000000,,only 8 trades < min 20,binance_rest
run_20260427_131001,ADA/USDT,crypto,M15,mean_reversion,rsi_extreme,overbought=70|oversold=30|period=14,both,all,NEEDS_MORE_DATA,11,,,,,,,,,,,,,,1.000000,,only 11 trades < min 20,binance_rest
run_20260427_131001,ADA/USDT,crypto,M15,mean_reversion,rsi_extreme,overbought=75|oversold=30|period=14,both,all,NEEDS_MORE_DATA,8,,,,,,,,,,,,,,,,only 8 trades < min 20,binance_rest
run_20260427_131001,ADA/USDT,crypto,M15,mean_reversion,rsi_extreme,overbought=70|oversold=25|period=14,both,all,NEEDS_MORE_DATA,9,,,,,,,,,,,,,,,,only 9 trades < min 20,binance_rest
run_20260427_131001,ADA/USDT,crypto,M15,mean_reversion,rsi_extreme,overbought=75|oversold=25|period=14,both,all,NEEDS_MORE_DATA,6,,,,,,,,,,,,,,,,only 6 trades < min 20,binance_rest
run_20260427_131001,ADA/USDT,crypto,M15,mean_reversion,bollinger_touch,num_std=2.5|period=20,both,all,REJECT,22,0.681818,0.635427,-0.001317,-0.001317,-0.035863,-1.858498,-0.734725,0.022022,16.227273,-0.029349,-0.029349,-0.026711,-0.002711,0.355776,,,binance_rest
run_20260427_131001,ADA/USDT,crypto,M15,mean_reversion,vwap_deviation,std_threshold=1.5,both,all,NEEDS_MORE_DATA,14,,,,,,,,,,,,,,,,only 14 trades < min 20,binance_rest
run_20260427_131001,ADA/USDT,crypto,M15,mean_reversion,vwap_deviation,std_threshold=2.0,both,all,NEEDS_MORE_DATA,12,,,,,,,,,,,,,,,,only 12 trades < min 20,binance_rest
run_20260427_131001,ADA/USDT,crypto,M15,engine_b_proxy,ob_bos,require_engulf=False|require_vol_expand=False|swing_period=5,both,all,NEEDS_MORE_DATA,15,,,,,,,,,,,,,,1.000000,,only 15 trades < min 20,binance_rest
run_20260427_131001,ADA/USDT,crypto,M15,engine_b_proxy,ob_bos,require_engulf=False|require_vol_expand=True|swing_period=5,both,all,NEEDS_MORE_DATA,15,,,,,,,,,,,,,,1.000000,,only 15 trades < min 20,binance_rest
run_20260427_131001,ADA/USDT,crypto,M15,engine_b_proxy,ob_bos,require_engulf=True|require_vol_expand=False|swing_period=5,both,all,NEEDS_MORE_DATA,14,,,,,,,,,,,,,,1.000000,,only 14 trades < min 20,binance_rest
run_20260427_131001,ADA/USDT,crypto,M15,engine_b_proxy,ob_bos,require_engulf=True|require_vol_expand=True|swing_period=5,both,all,NEEDS_MORE_DATA,12,,,,,,,,,,,,,,1.000000,,only 12 trades < min 20,binance_rest
run_20260427_131001,ADA/USDT,crypto,M15,engine_b_proxy,ob_bos,require_engulf=False|require_vol_expand=False|swing_period=10,both,all,NEEDS_MORE_DATA,13,,,,,,,,,,,,,,,,only 13 trades < min 20,binance_rest
run_20260427_131001,ADA/USDT,crypto,M15,engine_b_proxy,ob_bos,require_engulf=False|require_vol_expand=True|swing_period=10,both,all,NEEDS_MORE_DATA,12,,,,,,,,,,,,,,,,only 12 trades < min 20,binance_rest
run_20260427_131001,ADA/USDT,crypto,M15,engine_b_proxy,ob_bos,require_engulf=True|require_vol_expand=False|swing_period=10,both,all,NEEDS_MORE_DATA,12,,,,,,,,,,,,,,,,only 12 trades < min 20,binance_rest
run_20260427_131001,ADA/USDT,crypto,M15,engine_b_proxy,ob_bos,require_engulf=True|require_vol_expand=True|swing_period=10,both,all,NEEDS_MORE_DATA,10,,,,,,,,,,,,,,,,only 10 trades < min 20,binance_rest
run_20260427_131001,ADA/USDT,crypto,M15,engine_b_proxy,structure_filters,fvg_detection=False|strong_close_pct=0.7,both,all,REJECT,307,0.195440,0.270911,-0.002362,-0.002362,-0.544017,-20.887208,-8.852091,0.307307,3.140065,-0.517819,-0.517819,-0.433686,-0.150594,0.517506,,,binance_rest
run_20260427_131001,ADA/USDT,crypto,M15,engine_b_proxy,structure_filters,fvg_detection=True|strong_close_pct=0.7,both,all,REJECT,23,0.304348,0.268249,-0.003142,-0.003142,-0.078260,-6.170897,-2.777975,0.023023,13.608696,-0.070135,-0.070135,-0.066776,-0.003600,0.267506,,,binance_rest
run_20260427_131001,ADA/USDT,crypto,M15,engine_b_proxy,structure_filters,fvg_detection=False|strong_close_pct=0.8,both,all,REJECT,238,0.176471,0.251492,-0.002772,-0.002772,-0.512235,-18.745157,-8.046291,0.238238,3.794118,-0.485233,-0.485233,-0.398792,-0.140852,0.559292,,,binance_rest
run_20260427_131001,ADA/USDT,crypto,M15,engine_b_proxy,structure_filters,fvg_detection=True|strong_close_pct=0.8,both,all,NEEDS_MORE_DATA,16,,,,,,,,,,,,,,1.000000,,only 16 trades < min 20,binance_rest
run_20260427_131001,ETH/USDT,crypto,H1,trend_momentum,ema_cross,adx_min=0|fast_period=10|rsi_confirm=False|slow_period=50,both,all,REJECT,28,0.285714,0.666094,-0.002983,-0.002983,-0.134511,-1.907563,-0.783892,0.028028,35.535714,-0.085379,-0.085379,-0.026145,-0.090458,0.268000,,,binance_rest
run_20260427_131001,ETH/USDT,crypto,H1,trend_momentum,ema_cross,adx_min=0|fast_period=10|rsi_confirm=True|slow_period=50,both,all,REJECT,27,0.296296,0.683167,-0.002865,-0.002865,-0.134511,-1.767464,-0.725479,0.027027,36.814815,-0.079716,-0.079716,-0.020116,-0.090458,0.262000,,,binance_rest
run_20260427_131001,ETH/USDT,crypto,H1,trend_momentum,ema_cross,adx_min=20|fast_period=10|rsi_confirm=False|slow_period=50,both,all,REJECT,26,0.269231,0.697827,-0.002706,-0.002706,-0.122893,-1.628601,-0.667738,0.026026,36.923077,-0.073100,-0.073100,-0.026145,-0.078248,0.256000,,,binance_rest
run_20260427_131001,ETH/USDT,crypto,H1,trend_momentum,ema_cross,adx_min=20|fast_period=10|rsi_confirm=True|slow_period=50,both,all,REJECT,25,0.280000,0.717042,-0.002568,-0.002568,-0.122893,-1.486494,-0.608799,0.025025,38.360000,-0.067362,-0.067362,-0.020116,-0.078248,0.250000,,,binance_rest
run_20260427_131001,ETH/USDT,crypto,H1,trend_momentum,ema_cross,adx_min=25|fast_period=10|rsi_confirm=False|slow_period=50,both,all,REJECT,22,0.318182,0.808527,-0.001751,-0.001751,-0.094328,-0.909012,-0.370755,0.022022,38.409091,-0.042914,-0.042914,-0.022386,-0.051888,0.232000,,,binance_rest
run_20260427_131001,ETH/USDT,crypto,H1,trend_momentum,ema_cross,adx_min=25|fast_period=10|rsi_confirm=True|slow_period=50,both,all,REJECT,21,0.333333,0.834246,-0.001541,-0.001541,-0.094328,-0.763870,-0.311310,0.021021,40.190476,-0.036989,-0.036989,-0.016334,-0.051888,0.226000,,,binance_rest
run_20260427_131001,ETH/USDT,crypto,H1,trend_momentum,ema_cross,adx_min=0|fast_period=10|rsi_confirm=False|slow_period=100,both,all,NEEDS_MORE_DATA,16,,,,,,,,,,,,,,1.000000,,only 16 trades < min 20,binance_rest
run_20260427_131001,ETH/USDT,crypto,H1,trend_momentum,ema_cross,adx_min=0|fast_period=10|rsi_confirm=True|slow_period=100,both,all,NEEDS_MORE_DATA,16,,,,,,,,,,,,,,1.000000,,only 16 trades < min 20,binance_rest
run_20260427_131001,ETH/USDT,crypto,H1,trend_momentum,ema_cross,adx_min=20|fast_period=10|rsi_confirm=False|slow_period=100,both,all,NEEDS_MORE_DATA,15,,,,,,,,,,,,,,1.000000,,only 15 trades < min 20,binance_rest
run_20260427_131001,ETH/USDT,crypto,H1,trend_momentum,ema_cross,adx_min=20|fast_period=10|rsi_confirm=True|slow_period=100,both,all,NEEDS_MORE_DATA,15,,,,,,,,,,,,,,1.000000,,only 15 trades < min 20,binance_rest
run_20260427_131001,ETH/USDT,crypto,H1,trend_momentum,ema_cross,adx_min=25|fast_period=10|rsi_confirm=False|slow_period=100,both,all,NEEDS_MORE_DATA,15,,,,,,,,,,,,,,1.000000,,only 15 trades < min 20,binance_rest
run_20260427_131001,ETH/USDT,crypto,H1,trend_momentum,ema_cross,adx_min=25|fast_period=10|rsi_confirm=True|slow_period=100,both,all,NEEDS_MORE_DATA,15,,,,,,,,,,,,,,1.000000,,only 15 trades < min 20,binance_rest
run_20260427_131001,ETH/USDT,crypto,H1,trend_momentum,ema_cross,adx_min=0|fast_period=10|rsi_confirm=False|slow_period=200,both,all,NEEDS_MORE_DATA,14,,,,,,,,,,,,,,1.000000,,only 14 trades < min 20,binance_rest
run_20260427_131001,ETH/USDT,crypto,H1,trend_momentum,ema_cross,adx_min=0|fast_period=10|rsi_confirm=True|slow_period=200,both,all,NEEDS_MORE_DATA,12,,,,,,,,,,,,,,1.000000,,only 12 trades < min 20,binance_rest
run_20260427_131001,ETH/USDT,crypto,H1,trend_momentum,ema_cross,adx_min=20|fast_period=10|rsi_confirm=False|slow_period=200,both,all,NEEDS_MORE_DATA,13,,,,,,,,,,,,,,1.000000,,only 13 trades < min 20,binance_rest
run_20260427_131001,ETH/USDT,crypto,H1,trend_momentum,ema_cross,adx_min=20|fast_period=10|rsi_confirm=True|slow_period=200,both,all,NEEDS_MORE_DATA,11,,,,,,,,,,,,,,1.000000,,only 11 trades < min 20,binance_rest
run_20260427_131001,ETH/USDT,crypto,H1,trend_momentum,ema_cross,adx_min=25|fast_period=10|rsi_confirm=False|slow_period=200,both,all,NEEDS_MORE_DATA,10,,,,,,,,,,,,,,1.000000,,only 10 trades < min 20,binance_rest
run_20260427_131001,ETH/USDT,crypto,H1,trend_momentum,ema_cross,adx_min=25|fast_period=10|rsi_confirm=True|slow_period=200,both,all,NEEDS_MORE_DATA,9,,,,,,,,,,,,,,1.000000,,only 9 trades < min 20,binance_rest
run_20260427_131001,ETH/USDT,crypto,H1,trend_momentum,ema_cross,adx_min=0|fast_period=20|rsi_confirm=False|slow_period=50,both,all,NEEDS_MORE_DATA,13,,,,,,,,,,,,,,1.000000,,only 13 trades < min 20,binance_rest
run_20260427_131001,ETH/USDT,crypto,H1,trend_momentum,ema_cross,adx_min=0|fast_period=20|rsi_confirm=True|slow_period=50,both,all,NEEDS_MORE_DATA,13,,,,,,,,,,,,,,1.000000,,only 13 trades < min 20,binance_rest
run_20260427_131001,ETH/USDT,crypto,H1,trend_momentum,ema_cross,adx_min=20|fast_period=20|rsi_confirm=False|slow_period=50,both,all,NEEDS_MORE_DATA,12,,,,,,,,,,,,,,1.000000,,only 12 trades < min 20,binance_rest
run_20260427_131001,ETH/USDT,crypto,H1,trend_momentum,ema_cross,adx_min=20|fast_period=20|rsi_confirm=True|slow_period=50,both,all,NEEDS_MORE_DATA,12,,,,,,,,,,,,,,1.000000,,only 12 trades < min 20,binance_rest
run_20260427_131001,ETH/USDT,crypto,H1,trend_momentum,ema_cross,adx_min=25|fast_period=20|rsi_confirm=False|slow_period=50,both,all,NEEDS_MORE_DATA,12,,,,,,,,,,,,,,1.000000,,only 12 trades < min 20,binance_rest
run_20260427_131001,ETH/USDT,crypto,H1,trend_momentum,ema_cross,adx_min=25|fast_period=20|rsi_confirm=True|slow_period=50,both,all,NEEDS_MORE_DATA,12,,,,,,,,,,,,,,1.000000,,only 12 trades < min 20,binance_rest
run_20260427_131001,ETH/USDT,crypto,H1,trend_momentum,ema_cross,adx_min=0|fast_period=20|rsi_confirm=False|slow_period=100,both,all,NEEDS_MORE_DATA,13,,,,,,,,,,,,,,1.000000,,only 13 trades < min 20,binance_rest
run_20260427_131001,ETH/USDT,crypto,H1,trend_momentum,ema_cross,adx_min=0|fast_period=20|rsi_confirm=True|slow_period=100,both,all,NEEDS_MORE_DATA,13,,,,,,,,,,,,,,1.000000,,only 13 trades < min 20,binance_rest
run_20260427_131001,ETH/USDT,crypto,H1,trend_momentum,ema_cross,adx_min=20|fast_period=20|rsi_confirm=False|slow_period=100,both,all,NEEDS_MORE_DATA,13,,,,,,,,,,,,,,1.000000,,only 13 trades < min 20,binance_rest
run_20260427_131001,ETH/USDT,crypto,H1,trend_momentum,ema_cross,adx_min=20|fast_period=20|rsi_confirm=True|slow_period=100,both,all,NEEDS_MORE_DATA,13,,,,,,,,,,,,,,1.000000,,only 13 trades < min 20,binance_rest
run_20260427_131001,ETH/USDT,crypto,H1,trend_momentum,ema_cross,adx_min=25|fast_period=20|rsi_confirm=False|slow_period=100,both,all,NEEDS_MORE_DATA,12,,,,,,,,,,,,,,1.000000,,only 12 trades < min 20,binance_rest
run_20260427_131001,ETH/USDT,crypto,H1,trend_momentum,ema_cross,adx_min=25|fast_period=20|rsi_confirm=True|slow_period=100,both,all,NEEDS_MORE_DATA,12,,,,,,,,,,,,,,1.000000,,only 12 trades < min 20,binance_rest
run_20260427_131001,ETH/USDT,crypto,H1,trend_momentum,ema_cross,adx_min=0|fast_period=20|rsi_confirm=False|slow_period=200,both,all,NEEDS_MORE_DATA,7,,,,,,,,,,,,,,,,only 7 trades < min 20,binance_rest
run_20260427_131001,ETH/USDT,crypto,H1,trend_momentum,ema_cross,adx_min=0|fast_period=20|rsi_confirm=True|slow_period=200,both,all,NEEDS_MORE_DATA,7,,,,,,,,,,,,,,,,only 7 trades < min 20,binance_rest
run_20260427_131001,ETH/USDT,crypto,H1,trend_momentum,ema_cross,adx_min=20|fast_period=20|rsi_confirm=False|slow_period=200,both,all,NEEDS_MORE_DATA,7,,,,,,,,,,,,,,,,only 7 trades < min 20,binance_rest
run_20260427_131001,ETH/USDT,crypto,H1,trend_momentum,ema_cross,adx_min=20|fast_period=20|rsi_confirm=True|slow_period=200,both,all,NEEDS_MORE_DATA,7,,,,,,,,,,,,,,,,only 7 trades < min 20,binance_rest
run_20260427_131001,ETH/USDT,crypto,H1,trend_momentum,ema_cross,adx_min=25|fast_period=20|rsi_confirm=False|slow_period=200,both,all,NEEDS_MORE_DATA,7,,,,,,,,,,,,,,,,only 7 trades < min 20,binance_rest
run_20260427_131001,ETH/USDT,crypto,H1,trend_momentum,ema_cross,adx_min=25|fast_period=20|rsi_confirm=True|slow_period=200,both,all,NEEDS_MORE_DATA,7,,,,,,,,,,,,,,,,only 7 trades < min 20,binance_rest
run_20260427_131001,ETH/USDT,crypto,H1,trend_momentum,ema_alignment,adx_min=0|ema_long=200|ema_mid=50|ema_short=20,both,all,REJECT,21,0.238095,0.803799,-0.001478,-0.001478,-0.128586,-0.785401,-0.320126,0.021021,23.333333,-0.034970,-0.034970,0.002532,-0.024534,0.252667,,,binance_rest
run_20260427_131001,ETH/USDT,crypto,H1,trend_momentum,ema_alignment,adx_min=20|ema_long=200|ema_mid=50|ema_short=20,both,all,REJECT,20,0.250000,0.846343,-0.001154,-0.001154,-0.122879,-0.586318,-0.238744,0.020020,22.150000,-0.027232,-0.027232,0.002532,-0.016712,0.234286,,,binance_rest
run_20260427_131001,ETH/USDT,crypto,H1,trend_momentum,ema_alignment,adx_min=25|ema_long=200|ema_mid=50|ema_short=20,both,all,NEEDS_MORE_DATA,18,,,,,,,,,,,,,,1.000000,,only 18 trades < min 20,binance_rest
run_20260427_131001,ETH/USDT,crypto,H1,pullback,pullback_ema,pullback_period=20|rsi_reclaim=False|rsi_threshold=50|trend_period=200,both,all,REJECT,73,0.136986,0.766792,-0.001220,-0.001220,-0.165462,-1.597348,-0.651269,0.073073,7.260274,-0.093514,-0.093514,0.016131,-0.103087,0.413333,,,binance_rest
run_20260427_131001,ETH/USDT,crypto,H1,pullback,pullback_ema,pullback_period=20|rsi_reclaim=True|rsi_threshold=50|trend_period=200,both,all,REJECT,64,0.140625,0.683394,-0.001578,-0.001578,-0.135198,-2.216542,-0.906704,0.064064,7.140625,-0.101600,-0.101600,-0.013169,-0.084694,0.413333,,,binance_rest
run_20260427_131001,ETH/USDT,crypto,H1,breakout,prev_day_hl,atr_expand_min=0.0,both,all,NEEDS_MORE_DATA,15,,,,,,,,,,,,,,1.000000,,only 15 trades < min 20,binance_rest
run_20260427_131001,ETH/USDT,crypto,H1,breakout,prev_day_hl,atr_expand_min=0.5,both,all,NEEDS_MORE_DATA,15,,,,,,,,,,,,,,1.000000,,only 15 trades < min 20,binance_rest
run_20260427_131001,ETH/USDT,crypto,H1,breakout,prev_day_hl,atr_expand_min=1.0,both,all,NEEDS_MORE_DATA,15,,,,,,,,,,,,,,1.000000,,only 15 trades < min 20,binance_rest
run_20260427_131001,ETH/USDT,crypto,H1,breakout,session_opening_range,atr_expand_min=0.0|range_bars=6,both,all,REJECT,52,0.365385,1.025817,0.000213,0.000213,-0.096443,0.167492,0.068109,0.052052,18.346154,-0.001873,-0.001873,0.036029,-0.025675,0.426667,,,binance_rest
run_20260427_131001,ETH/USDT,crypto,H1,breakout,session_opening_range,atr_expand_min=0.5|range_bars=6,both,all,REJECT,52,0.365385,1.025817,0.000213,0.000213,-0.096443,0.167492,0.068109,0.052052,18.346154,-0.001873,-0.001873,0.036029,-0.025675,0.426667,,,binance_rest
run_20260427_131001,ETH/USDT,crypto,H1,breakout,session_opening_range,atr_expand_min=0.0|range_bars=12,both,all,REJECT,30,0.366667,0.825351,-0.001989,-0.001989,-0.189111,-1.024407,-0.417723,0.030030,31.800000,-0.067541,-0.067541,-0.101440,0.049475,0.280000,,,binance_rest
run_20260427_131001,ETH/USDT,crypto,H1,breakout,session_opening_range,atr_expand_min=0.5|range_bars=12,both,all,REJECT,30,0.366667,0.825351,-0.001989,-0.001989,-0.189111,-1.024407,-0.417723,0.030030,31.800000,-0.067541,-0.067541,-0.101440,0.049475,0.280000,,,binance_rest
run_20260427_131001,ETH/USDT,crypto,H1,breakout,london_breakout,atr_expand_min=0.0|utc_end=11|utc_start=7,both,all,NEEDS_MORE_DATA,15,,,,,,,,,,,,,,1.000000,,only 15 trades < min 20,binance_rest
run_20260427_131001,ETH/USDT,crypto,H1,breakout,london_breakout,atr_expand_min=0.5|utc_end=11|utc_start=7,both,all,NEEDS_MORE_DATA,15,,,,,,,,,,,,,,1.000000,,only 15 trades < min 20,binance_rest
run_20260427_131001,ETH/USDT,crypto,H1,breakout,ny_breakout,atr_expand_min=0.0|utc_end=16|utc_start=13,both,all,REJECT,20,0.200000,0.433847,-0.007391,-0.007391,-0.141949,-3.532054,-1.514814,0.020020,18.650000,-0.141949,-0.141949,-0.059543,-0.077477,0.429643,,,binance_rest
run_20260427_131001,ETH/USDT,crypto,H1,breakout,ny_breakout,atr_expand_min=0.5|utc_end=16|utc_start=13,both,all,REJECT,20,0.200000,0.433847,-0.007391,-0.007391,-0.141949,-3.532054,-1.514814,0.020020,18.650000,-0.141949,-0.141949,-0.059543,-0.077477,0.429643,,,binance_rest
run_20260427_131001,ETH/USDT,crypto,H1,mean_reversion,rsi_extreme,overbought=70|oversold=30|period=14,both,all,NEEDS_MORE_DATA,17,,,,,,,,,,,,,,1.000000,,only 17 trades < min 20,binance_rest
run_20260427_131001,ETH/USDT,crypto,H1,mean_reversion,rsi_extreme,overbought=75|oversold=30|period=14,both,all,NEEDS_MORE_DATA,15,,,,,,,,,,,,,,,,only 15 trades < min 20,binance_rest
run_20260427_131001,ETH/USDT,crypto,H1,mean_reversion,rsi_extreme,overbought=70|oversold=25|period=14,both,all,NEEDS_MORE_DATA,14,,,,,,,,,,,,,,,,only 14 trades < min 20,binance_rest
run_20260427_131001,ETH/USDT,crypto,H1,mean_reversion,rsi_extreme,overbought=75|oversold=25|period=14,both,all,NEEDS_MORE_DATA,12,,,,,,,,,,,,,,,,only 12 trades < min 20,binance_rest
run_20260427_131001,ETH/USDT,crypto,H1,mean_reversion,bollinger_touch,num_std=2.0|period=20,both,all,REJECT,34,0.529412,0.366171,-0.006244,-0.006244,-0.198827,-4.523567,-1.934733,0.034034,16.382353,-0.196828,-0.196828,-0.176906,-0.032445,0.439020,,,binance_rest
run_20260427_131001,ETH/USDT,crypto,H1,mean_reversion,bollinger_touch,num_std=2.5|period=20,both,all,REJECT,26,0.538462,0.579234,-0.003746,-0.003746,-0.115588,-2.342189,-0.968998,0.026026,16.846154,-0.097637,-0.097637,-0.103566,-0.001888,0.354803,,,binance_rest
run_20260427_131001,ETH/USDT,crypto,H1,mean_reversion,vwap_deviation,std_threshold=1.5,both,all,NEEDS_MORE_DATA,7,,,,,,,,,,,,,,,,only 7 trades < min 20,binance_rest
run_20260427_131001,ETH/USDT,crypto,H1,mean_reversion,vwap_deviation,std_threshold=2.0,both,all,NEEDS_MORE_DATA,7,,,,,,,,,,,,,,,,only 7 trades < min 20,binance_rest
run_20260427_131001,ETH/USDT,crypto,H1,engine_b_proxy,ob_bos,require_engulf=False|require_vol_expand=False|swing_period=5,both,all,REJECT,21,0.380952,0.964118,-0.000377,-0.000377,-0.090419,-0.172597,-0.070190,0.021021,37.952381,-0.014166,-0.014166,0.059590,-0.062155,0.226000,,,binance_rest
run_20260427_131001,ETH/USDT,crypto,H1,engine_b_proxy,ob_bos,require_engulf=False|require_vol_expand=True|swing_period=5,both,all,NEEDS_MORE_DATA,15,,,,,,,,,,,,,,1.000000,,only 15 trades < min 20,binance_rest
run_20260427_131001,ETH/USDT,crypto,H1,engine_b_proxy,ob_bos,require_engulf=True|require_vol_expand=False|swing_period=5,both,all,NEEDS_MORE_DATA,19,,,,,,,,,,,,,,1.000000,,only 19 trades < min 20,binance_rest
run_20260427_131001,ETH/USDT,crypto,H1,engine_b_proxy,ob_bos,require_engulf=True|require_vol_expand=True|swing_period=5,both,all,NEEDS_MORE_DATA,15,,,,,,,,,,,,,,1.000000,,only 15 trades < min 20,binance_rest
run_20260427_131001,ETH/USDT,crypto,H1,engine_b_proxy,ob_bos,require_engulf=False|require_vol_expand=False|swing_period=10,both,all,NEEDS_MORE_DATA,11,,,,,,,,,,,,,,,,only 11 trades < min 20,binance_rest
run_20260427_131001,ETH/USDT,crypto,H1,engine_b_proxy,ob_bos,require_engulf=False|require_vol_expand=True|swing_period=10,both,all,NEEDS_MORE_DATA,9,,,,,,,,,,,,,,,,only 9 trades < min 20,binance_rest
run_20260427_131001,ETH/USDT,crypto,H1,engine_b_proxy,ob_bos,require_engulf=True|require_vol_expand=False|swing_period=10,both,all,NEEDS_MORE_DATA,10,,,,,,,,,,,,,,,,only 10 trades < min 20,binance_rest
run_20260427_131001,ETH/USDT,crypto,H1,engine_b_proxy,ob_bos,require_engulf=True|require_vol_expand=True|swing_period=10,both,all,NEEDS_MORE_DATA,9,,,,,,,,,,,,,,,,only 9 trades < min 20,binance_rest
run_20260427_131001,ETH/USDT,crypto,H1,engine_b_proxy,structure_filters,fvg_detection=False|strong_close_pct=0.7,both,all,REJECT,295,0.237288,0.513445,-0.002150,-0.002150,-0.492663,-9.247249,-3.825320,0.295295,3.152542,-0.477105,-0.477105,-0.371660,-0.167815,0.548792,,,binance_rest
run_20260427_131001,ETH/USDT,crypto,H1,engine_b_proxy,structure_filters,fvg_detection=True|strong_close_pct=0.7,both,all,REJECT,31,0.225806,0.606933,-0.003670,-0.003670,-0.145178,-2.461650,-1.017021,0.031031,13.677419,-0.113210,-0.113210,-0.071398,-0.045027,0.488529,,,binance_rest
run_20260427_131001,ETH/USDT,crypto,H1,engine_b_proxy,structure_filters,fvg_detection=False|strong_close_pct=0.8,both,all,REJECT,169,0.284024,0.764478,-0.001149,-0.001149,-0.218140,-2.744914,-1.119585,0.169169,4.798817,-0.188682,-0.188682,-0.122262,-0.075671,0.639011,,,binance_rest
run_20260427_131001,ETH/USDT,crypto,H1,engine_b_proxy,structure_filters,fvg_detection=True|strong_close_pct=0.8,both,all,NEEDS_MORE_DATA,18,,,,,,,,,,,,,,1.000000,,only 18 trades < min 20,binance_rest
run_20260427_131001,BTC/USDT,crypto,H1,trend_momentum,ema_cross,adx_min=0|fast_period=10|rsi_confirm=False|slow_period=50,both,all,REJECT,25,0.240000,0.655410,-0.003592,-0.003592,-0.148282,-2.183394,-0.901792,0.025025,39.880000,-0.090535,-0.090535,-0.113962,-0.018447,0.298560,,,binance_rest
run_20260427_131001,BTC/USDT,crypto,H1,trend_momentum,ema_cross,adx_min=0|fast_period=10|rsi_confirm=True|slow_period=50,both,all,REJECT,23,0.217391,0.558401,-0.004752,-0.004752,-0.148111,-2.835412,-1.186947,0.023023,36.478261,-0.107531,-0.107531,-0.130520,-0.018447,0.280399,,,binance_rest
run_20260427_131001,BTC/USDT,crypto,H1,trend_momentum,ema_cross,adx_min=20|fast_period=10|rsi_confirm=False|slow_period=50,both,all,REJECT,24,0.250000,0.669647,-0.003511,-0.003511,-0.148282,-2.051691,-0.846332,0.024024,40.125000,-0.085467,-0.085467,-0.113962,-0.012977,0.278162,,,binance_rest
run_20260427_131001,BTC/USDT,crypto,H1,trend_momentum,ema_cross,adx_min=20|fast_period=10|rsi_confirm=True|slow_period=50,both,all,REJECT,22,0.227273,0.571190,-0.004716,-0.004716,-0.148111,-2.696117,-1.126825,0.022022,36.590909,-0.102558,-0.102558,-0.130520,-0.012977,0.261828,,,binance_rest
run_20260427_131001,BTC/USDT,crypto,H1,trend_momentum,ema_cross,adx_min=25|fast_period=10|rsi_confirm=False|slow_period=50,both,all,REJECT,22,0.272727,0.726199,-0.002928,-0.002928,-0.136222,-1.585919,-0.650919,0.022022,41.636364,-0.067009,-0.067009,-0.101417,-0.007114,0.253043,,,binance_rest
run_20260427_131001,BTC/USDT,crypto,H1,trend_momentum,ema_cross,adx_min=25|fast_period=10|rsi_confirm=True|slow_period=50,both,all,REJECT,20,0.250000,0.622284,-0.004194,-0.004194,-0.136049,-2.208154,-0.916169,0.020020,37.900000,-0.084445,-0.084445,-0.118209,-0.007114,0.238054,,,binance_rest
run_20260427_131001,BTC/USDT,crypto,H1,trend_momentum,ema_cross,adx_min=0|fast_period=10|rsi_confirm=False|slow_period=100,both,all,REJECT,20,0.200000,0.736825,-0.003064,-0.003064,-0.134731,-1.402903,-0.575059,0.020020,41.700000,-0.064771,-0.064771,-0.067265,-0.035698,0.379214,,,binance_rest
run_20260427_131001,BTC/USDT,crypto,H1,trend_momentum,ema_cross,adx_min=0|fast_period=10|rsi_confirm=True|slow_period=100,both,all,NEEDS_MORE_DATA,17,,,,,,,,,,,,,,1.000000,,only 17 trades < min 20,binance_rest
run_20260427_131001,BTC/USDT,crypto,H1,trend_momentum,ema_cross,adx_min=20|fast_period=10|rsi_confirm=False|slow_period=100,both,all,REJECT,20,0.200000,0.736825,-0.003064,-0.003064,-0.134731,-1.402903,-0.575059,0.020020,41.700000,-0.064771,-0.064771,-0.067265,-0.035698,0.379214,,,binance_rest
run_20260427_131001,BTC/USDT,crypto,H1,trend_momentum,ema_cross,adx_min=20|fast_period=10|rsi_confirm=True|slow_period=100,both,all,NEEDS_MORE_DATA,17,,,,,,,,,,,,,,1.000000,,only 17 trades < min 20,binance_rest
run_20260427_131001,BTC/USDT,crypto,H1,trend_momentum,ema_cross,adx_min=25|fast_period=10|rsi_confirm=False|slow_period=100,both,all,NEEDS_MORE_DATA,18,,,,,,,,,,,,,,1.000000,,only 18 trades < min 20,binance_rest
run_20260427_131001,BTC/USDT,crypto,H1,trend_momentum,ema_cross,adx_min=25|fast_period=10|rsi_confirm=True|slow_period=100,both,all,NEEDS_MORE_DATA,15,,,,,,,,,,,,,,1.000000,,only 15 trades < min 20,binance_rest
run_20260427_131001,BTC/USDT,crypto,H1,trend_momentum,ema_cross,adx_min=0|fast_period=10|rsi_confirm=False|slow_period=200,both,all,NEEDS_MORE_DATA,6,,,,,,,,,,,,,,1.000000,,only 6 trades < min 20,binance_rest
run_20260427_131001,BTC/USDT,crypto,H1,trend_momentum,ema_cross,adx_min=0|fast_period=10|rsi_confirm=True|slow_period=200,both,all,NEEDS_MORE_DATA,4,,,,,,,,,,,,,,1.000000,,only 4 trades < min 20,binance_rest
run_20260427_131001,BTC/USDT,crypto,H1,trend_momentum,ema_cross,adx_min=20|fast_period=10|rsi_confirm=False|slow_period=200,both,all,NEEDS_MORE_DATA,6,,,,,,,,,,,,,,1.000000,,only 6 trades < min 20,binance_rest
run_20260427_131001,BTC/USDT,crypto,H1,trend_momentum,ema_cross,adx_min=20|fast_period=10|rsi_confirm=True|slow_period=200,both,all,NEEDS_MORE_DATA,4,,,,,,,,,,,,,,1.000000,,only 4 trades < min 20,binance_rest
run_20260427_131001,BTC/USDT,crypto,H1,trend_momentum,ema_cross,adx_min=25|fast_period=10|rsi_confirm=False|slow_period=200,both,all,NEEDS_MORE_DATA,5,,,,,,,,,,,,,,1.000000,,only 5 trades < min 20,binance_rest
run_20260427_131001,BTC/USDT,crypto,H1,trend_momentum,ema_cross,adx_min=25|fast_period=10|rsi_confirm=True|slow_period=200,both,all,NEEDS_MORE_DATA,3,,,,,,,,,,,,,,1.000000,,only 3 trades < min 20,binance_rest
run_20260427_131001,BTC/USDT,crypto,H1,trend_momentum,ema_cross,adx_min=0|fast_period=20|rsi_confirm=False|slow_period=50,both,all,NEEDS_MORE_DATA,16,,,,,,,,,,,,,,1.000000,,only 16 trades < min 20,binance_rest
run_20260427_131001,BTC/USDT,crypto,H1,trend_momentum,ema_cross,adx_min=0|fast_period=20|rsi_confirm=True|slow_period=50,both,all,NEEDS_MORE_DATA,14,,,,,,,,,,,,,,1.000000,,only 14 trades < min 20,binance_rest
run_20260427_131001,BTC/USDT,crypto,H1,trend_momentum,ema_cross,adx_min=20|fast_period=20|rsi_confirm=False|slow_period=50,both,all,NEEDS_MORE_DATA,16,,,,,,,,,,,,,,1.000000,,only 16 trades < min 20,binance_rest
run_20260427_131001,BTC/USDT,crypto,H1,trend_momentum,ema_cross,adx_min=20|fast_period=20|rsi_confirm=True|slow_period=50,both,all,NEEDS_MORE_DATA,14,,,,,,,,,,,,,,1.000000,,only 14 trades < min 20,binance_rest
run_20260427_131001,BTC/USDT,crypto,H1,trend_momentum,ema_cross,adx_min=25|fast_period=20|rsi_confirm=False|slow_period=50,both,all,NEEDS_MORE_DATA,14,,,,,,,,,,,,,,1.000000,,only 14 trades < min 20,binance_rest
run_20260427_131001,BTC/USDT,crypto,H1,trend_momentum,ema_cross,adx_min=25|fast_period=20|rsi_confirm=True|slow_period=50,both,all,NEEDS_MORE_DATA,12,,,,,,,,,,,,,,1.000000,,only 12 trades < min 20,binance_rest
run_20260427_131001,BTC/USDT,crypto,H1,trend_momentum,ema_cross,adx_min=0|fast_period=20|rsi_confirm=False|slow_period=100,both,all,NEEDS_MORE_DATA,14,,,,,,,,,,,,,,1.000000,,only 14 trades < min 20,binance_rest
run_20260427_131001,BTC/USDT,crypto,H1,trend_momentum,ema_cross,adx_min=0|fast_period=20|rsi_confirm=True|slow_period=100,both,all,NEEDS_MORE_DATA,12,,,,,,,,,,,,,,1.000000,,only 12 trades < min 20,binance_rest
run_20260427_131001,BTC/USDT,crypto,H1,trend_momentum,ema_cross,adx_min=20|fast_period=20|rsi_confirm=False|slow_period=100,both,all,NEEDS_MORE_DATA,14,,,,,,,,,,,,,,1.000000,,only 14 trades < min 20,binance_rest
run_20260427_131001,BTC/USDT,crypto,H1,trend_momentum,ema_cross,adx_min=20|fast_period=20|rsi_confirm=True|slow_period=100,both,all,NEEDS_MORE_DATA,12,,,,,,,,,,,,,,1.000000,,only 12 trades < min 20,binance_rest
run_20260427_131001,BTC/USDT,crypto,H1,trend_momentum,ema_cross,adx_min=25|fast_period=20|rsi_confirm=False|slow_period=100,both,all,NEEDS_MORE_DATA,14,,,,,,,,,,,,,,1.000000,,only 14 trades < min 20,binance_rest
run_20260427_131001,BTC/USDT,crypto,H1,trend_momentum,ema_cross,adx_min=25|fast_period=20|rsi_confirm=True|slow_period=100,both,all,NEEDS_MORE_DATA,12,,,,,,,,,,,,,,1.000000,,only 12 trades < min 20,binance_rest
run_20260427_131001,BTC/USDT,crypto,H1,trend_momentum,ema_cross,adx_min=0|fast_period=20|rsi_confirm=False|slow_period=200,both,all,NEEDS_MORE_DATA,6,,,,,,,,,,,,,,,,only 6 trades < min 20,binance_rest
run_20260427_131001,BTC/USDT,crypto,H1,trend_momentum,ema_cross,adx_min=0|fast_period=20|rsi_confirm=True|slow_period=200,both,all,NEEDS_MORE_DATA,4,,,,,,,,,,,,,,,,only 4 trades < min 20,binance_rest
run_20260427_131001,BTC/USDT,crypto,H1,trend_momentum,ema_cross,adx_min=20|fast_period=20|rsi_confirm=False|slow_period=200,both,all,NEEDS_MORE_DATA,6,,,,,,,,,,,,,,,,only 6 trades < min 20,binance_rest
run_20260427_131001,BTC/USDT,crypto,H1,trend_momentum,ema_cross,adx_min=20|fast_period=20|rsi_confirm=True|slow_period=200,both,all,NEEDS_MORE_DATA,4,,,,,,,,,,,,,,,,only 4 trades < min 20,binance_rest
run_20260427_131001,BTC/USDT,crypto,H1,trend_momentum,ema_cross,adx_min=25|fast_period=20|rsi_confirm=False|slow_period=200,both,all,NEEDS_MORE_DATA,5,,,,,,,,,,,,,,,,only 5 trades < min 20,binance_rest
run_20260427_131001,BTC/USDT,crypto,H1,trend_momentum,ema_cross,adx_min=25|fast_period=20|rsi_confirm=True|slow_period=200,both,all,NEEDS_MORE_DATA,3,,,,,,,,,,,,,,,,only 3 trades < min 20,binance_rest
run_20260427_131001,BTC/USDT,crypto,H1,trend_momentum,ema_alignment,adx_min=0|ema_long=200|ema_mid=50|ema_short=20,both,all,REJECT,20,0.250000,0.885688,-0.000683,-0.000683,-0.055567,-0.483899,-0.196952,0.020020,24.050000,-0.015906,-0.015906,0.002192,-0.012724,0.246667,,,binance_rest
run_20260427_131001,BTC/USDT,crypto,H1,trend_momentum,ema_alignment,adx_min=20|ema_long=200|ema_mid=50|ema_short=20,both,all,REJECT,20,0.250000,0.885688,-0.000683,-0.000683,-0.055567,-0.483899,-0.196952,0.020020,24.050000,-0.015906,-0.015906,0.002192,-0.012724,0.234286,,,binance_rest
run_20260427_131001,BTC/USDT,crypto,H1,trend_momentum,ema_alignment,adx_min=25|ema_long=200|ema_mid=50|ema_short=20,both,all,REJECT,20,0.200000,0.693557,-0.002318,-0.002318,-0.085573,-1.493521,-0.612866,0.020020,22.300000,-0.048056,-0.048056,-0.030549,-0.012724,0.363138,,,binance_rest
run_20260427_131001,BTC/USDT,crypto,H1,trend_momentum,macd_direction,adx_min=0|fast=12|signal_period=9|slow=26,both,all,REJECT,71,0.323944,0.983910,-0.000095,-0.000095,-0.084098,-0.132258,-0.053781,0.071071,13.943662,-0.014421,-0.014421,0.028952,-0.031770,0.426667,,,binance_rest
run_20260427_131001,BTC/USDT,crypto,H1,trend_momentum,macd_direction,adx_min=20|fast=12|signal_period=9|slow=26,both,all,REJECT,68,0.323529,0.945584,-0.000329,-0.000329,-0.084098,-0.447234,-0.181898,0.068068,14.117647,-0.029375,-0.029375,0.028952,-0.046460,0.453333,,,binance_rest
run_20260427_131001,BTC/USDT,crypto,H1,pullback,pullback_ema,pullback_period=20|rsi_reclaim=False|rsi_threshold=50|trend_period=200,both,all,REJECT,76,0.171053,0.670958,-0.001701,-0.001701,-0.172197,-2.776551,-1.137866,0.076076,7.250000,-0.126927,-0.126927,-0.098180,-0.023277,0.484458,,,binance_rest
run_20260427_131001,BTC/USDT,crypto,H1,pullback,pullback_ema,pullback_period=20|rsi_reclaim=True|rsi_threshold=50|trend_period=200,both,all,REJECT,65,0.184615,0.635878,-0.001964,-0.001964,-0.185868,-2.968661,-1.219985,0.065065,7.446154,-0.124673,-0.124673,-0.102299,-0.016263,0.461026,,,binance_rest
run_20260427_131001,BTC/USDT,crypto,H1,breakout,prev_day_hl,atr_expand_min=0.0,both,all,NEEDS_MORE_DATA,13,,,,,,,,,,,,,,1.000000,,only 13 trades < min 20,binance_rest
run_20260427_131001,BTC/USDT,crypto,H1,breakout,prev_day_hl,atr_expand_min=0.5,both,all,NEEDS_MORE_DATA,13,,,,,,,,,,,,,,1.000000,,only 13 trades < min 20,binance_rest
run_20260427_131001,BTC/USDT,crypto,H1,breakout,prev_day_hl,atr_expand_min=1.0,both,all,NEEDS_MORE_DATA,13,,,,,,,,,,,,,,1.000000,,only 13 trades < min 20,binance_rest
run_20260427_131001,BTC/USDT,crypto,H1,breakout,session_opening_range,atr_expand_min=0.0|range_bars=6,both,all,REJECT,60,0.233333,0.679724,-0.002371,-0.002371,-0.231991,-2.703501,-1.109868,0.060060,16.316667,-0.139767,-0.139767,-0.046545,-0.101842,0.426667,,,binance_rest
run_20260427_131001,BTC/USDT,crypto,H1,breakout,session_opening_range,atr_expand_min=0.5|range_bars=6,both,all,REJECT,60,0.216667,0.621302,-0.002863,-0.002863,-0.254193,-3.296327,-1.359640,0.060060,16.216667,-0.164635,-0.164635,-0.046545,-0.127807,0.426667,,,binance_rest
run_20260427_131001,BTC/USDT,crypto,H1,breakout,session_opening_range,atr_expand_min=0.0|range_bars=12,both,all,REJECT,40,0.250000,0.483229,-0.005529,-0.005529,-0.246326,-4.617682,-1.962527,0.040040,23.850000,-0.203959,-0.203959,-0.067251,-0.150491,0.340000,,,binance_rest
run_20260427_131001,BTC/USDT,crypto,H1,breakout,session_opening_range,atr_expand_min=0.5|range_bars=12,both,all,REJECT,40,0.250000,0.483229,-0.005529,-0.005529,-0.246326,-4.617682,-1.962527,0.040040,23.850000,-0.203959,-0.203959,-0.067251,-0.150491,0.340000,,,binance_rest
run_20260427_131001,BTC/USDT,crypto,H1,breakout,london_breakout,atr_expand_min=0.0|utc_end=11|utc_start=7,both,all,REJECT,20,0.250000,0.447138,-0.006469,-0.006469,-0.163341,-3.408718,-1.456310,0.020020,16.300000,-0.125185,-0.125185,-0.084935,-0.043986,0.375363,,,binance_rest
run_20260427_131001,BTC/USDT,crypto,H1,breakout,london_breakout,atr_expand_min=0.5|utc_end=11|utc_start=7,both,all,REJECT,20,0.250000,0.447138,-0.006469,-0.006469,-0.163341,-3.408718,-1.456310,0.020020,16.300000,-0.125185,-0.125185,-0.084935,-0.043986,0.375363,,,binance_rest
run_20260427_131001,BTC/USDT,crypto,H1,breakout,ny_breakout,atr_expand_min=0.0|utc_end=16|utc_start=13,both,all,NEEDS_MORE_DATA,19,,,,,,,,,,,,,,1.000000,,only 19 trades < min 20,binance_rest
run_20260427_131001,BTC/USDT,crypto,H1,breakout,ny_breakout,atr_expand_min=0.5|utc_end=16|utc_start=13,both,all,NEEDS_MORE_DATA,19,,,,,,,,,,,,,,1.000000,,only 19 trades < min 20,binance_rest
run_20260427_131001,BTC/USDT,crypto,H1,mean_reversion,rsi_extreme,overbought=70|oversold=30|period=14,both,all,NEEDS_MORE_DATA,14,,,,,,,,,,,,,,1.000000,,only 14 trades < min 20,binance_rest
run_20260427_131001,BTC/USDT,crypto,H1,mean_reversion,rsi_extreme,overbought=75|oversold=30|period=14,both,all,NEEDS_MORE_DATA,13,,,,,,,,,,,,,,,,only 13 trades < min 20,binance_rest
run_20260427_131001,BTC/USDT,crypto,H1,mean_reversion,rsi_extreme,overbought=70|oversold=25|period=14,both,all,NEEDS_MORE_DATA,13,,,,,,,,,,,,,,,,only 13 trades < min 20,binance_rest
run_20260427_131001,BTC/USDT,crypto,H1,mean_reversion,rsi_extreme,overbought=75|oversold=25|period=14,both,all,NEEDS_MORE_DATA,12,,,,,,,,,,,,,,,,only 12 trades < min 20,binance_rest
run_20260427_131001,BTC/USDT,crypto,H1,mean_reversion,bollinger_touch,num_std=2.0|period=20,both,all,REJECT,32,0.531250,0.446473,-0.004539,-0.004539,-0.154793,-3.665798,-1.543373,0.032032,16.125000,-0.139400,-0.139400,-0.137134,-0.002627,0.377746,,,binance_rest
run_20260427_131001,BTC/USDT,crypto,H1,mean_reversion,bollinger_touch,num_std=2.5|period=20,both,all,REJECT,23,0.434783,0.370110,-0.006246,-0.006246,-0.145736,-3.874686,-1.665815,0.023023,17.826087,-0.137504,-0.137504,-0.130733,-0.007790,0.349210,,,binance_rest
run_20260427_131001,BTC/USDT,crypto,H1,mean_reversion,vwap_deviation,std_threshold=1.5,both,all,NEEDS_MORE_DATA,6,,,,,,,,,,,,,,,,only 6 trades < min 20,binance_rest
run_20260427_131001,BTC/USDT,crypto,H1,mean_reversion,vwap_deviation,std_threshold=2.0,both,all,NEEDS_MORE_DATA,4,,,,,,,,,,,,,,,,only 4 trades < min 20,binance_rest
run_20260427_131001,BTC/USDT,crypto,H1,engine_b_proxy,ob_bos,require_engulf=False|require_vol_expand=False|swing_period=5,both,all,REJECT,24,0.291667,0.458016,-0.006634,-0.006634,-0.175831,-3.634565,-1.548265,0.024024,32.333333,-0.152154,-0.152154,-0.120926,-0.061111,0.395606,,,binance_rest
run_20260427_131001,BTC/USDT,crypto,H1,engine_b_proxy,ob_bos,require_engulf=False|require_vol_expand=True|swing_period=5,both,all,REJECT,20,0.350000,0.579797,-0.004883,-0.004883,-0.127013,-2.356284,-0.980429,0.020020,32.350000,-0.097757,-0.097757,-0.064526,-0.061111,0.504123,,,binance_rest
run_20260427_131001,BTC/USDT,crypto,H1,engine_b_proxy,ob_bos,require_engulf=True|require_vol_expand=False|swing_period=5,both,all,REJECT,20,0.350000,0.720829,-0.002606,-0.002606,-0.097509,-1.407482,-0.576967,0.020020,34.350000,-0.054685,-0.054685,-0.032568,-0.048786,0.370605,,,binance_rest
run_20260427_131001,BTC/USDT,crypto,H1,engine_b_proxy,ob_bos,require_engulf=True|require_vol_expand=True|swing_period=5,both,all,NEEDS_MORE_DATA,17,,,,,,,,,,,,,,1.000000,,only 17 trades < min 20,binance_rest
run_20260427_131001,BTC/USDT,crypto,H1,engine_b_proxy,ob_bos,require_engulf=False|require_vol_expand=False|swing_period=10,both,all,NEEDS_MORE_DATA,9,,,,,,,,,,,,,,,,only 9 trades < min 20,binance_rest
run_20260427_131001,BTC/USDT,crypto,H1,engine_b_proxy,ob_bos,require_engulf=False|require_vol_expand=True|swing_period=10,both,all,NEEDS_MORE_DATA,8,,,,,,,,,,,,,,,,only 8 trades < min 20,binance_rest
run_20260427_131001,BTC/USDT,crypto,H1,engine_b_proxy,ob_bos,require_engulf=True|require_vol_expand=False|swing_period=10,both,all,NEEDS_MORE_DATA,7,,,,,,,,,,,,,,,,only 7 trades < min 20,binance_rest
run_20260427_131001,BTC/USDT,crypto,H1,engine_b_proxy,ob_bos,require_engulf=True|require_vol_expand=True|swing_period=10,both,all,NEEDS_MORE_DATA,6,,,,,,,,,,,,,,,,only 6 trades < min 20,binance_rest
run_20260427_131001,BTC/USDT,crypto,H1,engine_b_proxy,structure_filters,fvg_detection=False|strong_close_pct=0.7,both,all,REJECT,315,0.260317,0.405804,-0.002166,-0.002166,-0.518239,-13.414934,-5.640296,0.315315,3.047619,-0.498537,-0.498537,-0.404514,-0.155059,0.528330,,,binance_rest
run_20260427_131001,BTC/USDT,crypto,H1,engine_b_proxy,structure_filters,fvg_detection=True|strong_close_pct=0.7,both,all,REJECT,30,0.266667,0.640740,-0.002327,-0.002327,-0.089951,-2.118761,-0.872070,0.030030,13.266667,-0.070446,-0.070446,-0.038068,-0.033659,0.558584,,,binance_rest
run_20260427_131001,BTC/USDT,crypto,H1,engine_b_proxy,structure_filters,fvg_detection=False|strong_close_pct=0.8,both,all,REJECT,213,0.220657,0.457157,-0.002269,-0.002269,-0.403730,-9.695063,-4.060532,0.213213,4.225352,-0.387931,-0.387931,-0.325474,-0.093226,0.539263,,,binance_rest
run_20260427_131001,BTC/USDT,crypto,H1,engine_b_proxy,structure_filters,fvg_detection=True|strong_close_pct=0.8,both,all,REJECT,21,0.333333,0.603834,-0.002429,-0.002429,-0.059038,-2.351719,-0.977327,0.021021,15.809524,-0.051072,-0.051072,-0.041318,-0.010174,0.299872,,,binance_rest
run_20260427_131001,SOL/USDT,crypto,H1,trend_momentum,ema_cross,adx_min=0|fast_period=10|rsi_confirm=False|slow_period=50,both,all,REJECT,38,0.157895,0.259365,-0.011391,-0.011391,-0.393410,-7.325611,-3.382838,0.038038,26.131579,-0.358213,-0.358213,-0.282129,-0.089799,0.423487,,,binance_rest
run_20260427_131001,SOL/USDT,crypto,H1,trend_momentum,ema_cross,adx_min=0|fast_period=10|rsi_confirm=True|slow_period=50,both,all,REJECT,38,0.157895,0.259365,-0.011391,-0.011391,-0.393410,-7.325611,-3.382838,0.038038,26.131579,-0.358213,-0.358213,-0.282129,-0.089799,0.423487,,,binance_rest
run_20260427_131001,SOL/USDT,crypto,H1,trend_momentum,ema_cross,adx_min=20|fast_period=10|rsi_confirm=False|slow_period=50,both,all,REJECT,36,0.166667,0.276233,-0.011032,-0.011032,-0.371163,-6.823451,-3.114050,0.036036,27.000000,-0.334675,-0.334675,-0.255799,-0.089799,0.421316,,,binance_rest
run_20260427_131001,SOL/USDT,crypto,H1,trend_momentum,ema_cross,adx_min=20|fast_period=10|rsi_confirm=True|slow_period=50,both,all,REJECT,36,0.166667,0.276233,-0.011032,-0.011032,-0.371163,-6.823451,-3.114050,0.036036,27.000000,-0.334675,-0.334675,-0.255799,-0.089799,0.421316,,,binance_rest
run_20260427_131001,SOL/USDT,crypto,H1,trend_momentum,ema_cross,adx_min=25|fast_period=10|rsi_confirm=False|slow_period=50,both,all,REJECT,26,0.230769,0.375544,-0.009694,-0.009694,-0.271970,-4.631002,-2.022174,0.026026,32.653846,-0.229727,-0.229727,-0.214402,-0.001753,0.258453,,,binance_rest
run_20260427_131001,SOL/USDT,crypto,H1,trend_momentum,ema_cross,adx_min=25|fast_period=10|rsi_confirm=True|slow_period=50,both,all,REJECT,26,0.230769,0.375544,-0.009694,-0.009694,-0.271970,-4.631002,-2.022174,0.026026,32.653846,-0.229727,-0.229727,-0.214402,-0.001753,0.258453,,,binance_rest
run_20260427_131001,SOL/USDT,crypto,H1,trend_momentum,ema_cross,adx_min=0|fast_period=10|rsi_confirm=False|slow_period=100,both,all,REJECT,24,0.166667,0.393671,-0.008450,-0.008450,-0.265979,-4.062235,-1.751852,0.024024,41.375000,-0.189682,-0.189682,-0.110609,-0.081388,0.464746,,,binance_rest
run_20260427_131001,SOL/USDT,crypto,H1,trend_momentum,ema_cross,adx_min=0|fast_period=10|rsi_confirm=True|slow_period=100,both,all,REJECT,24,0.166667,0.393671,-0.008450,-0.008450,-0.265979,-4.062235,-1.751852,0.024024,41.375000,-0.189682,-0.189682,-0.110609,-0.081388,0.464746,,,binance_rest
run_20260427_131001,SOL/USDT,crypto,H1,trend_momentum,ema_cross,adx_min=20|fast_period=10|rsi_confirm=False|slow_period=100,both,all,REJECT,24,0.166667,0.393671,-0.008450,-0.008450,-0.265979,-4.062235,-1.751852,0.024024,41.375000,-0.189682,-0.189682,-0.110609,-0.081388,0.464746,,,binance_rest
run_20260427_131001,SOL/USDT,crypto,H1,trend_momentum,ema_cross,adx_min=20|fast_period=10|rsi_confirm=True|slow_period=100,both,all,REJECT,24,0.166667,0.393671,-0.008450,-0.008450,-0.265979,-4.062235,-1.751852,0.024024,41.375000,-0.189682,-0.189682,-0.110609,-0.081388,0.464746,,,binance_rest
run_20260427_131001,SOL/USDT,crypto,H1,trend_momentum,ema_cross,adx_min=25|fast_period=10|rsi_confirm=False|slow_period=100,both,all,NEEDS_MORE_DATA,17,,,,,,,,,,,,,,1.000000,,only 17 trades < min 20,binance_rest
run_20260427_131001,SOL/USDT,crypto,H1,trend_momentum,ema_cross,adx_min=25|fast_period=10|rsi_confirm=True|slow_period=100,both,all,NEEDS_MORE_DATA,17,,,,,,,,,,,,,,1.000000,,only 17 trades < min 20,binance_rest
run_20260427_131001,SOL/USDT,crypto,H1,trend_momentum,ema_cross,adx_min=0|fast_period=10|rsi_confirm=False|slow_period=200,both,all,REJECT,28,0.107143,0.289957,-0.011058,-0.011058,-0.305019,-5.539277,-2.481496,0.028028,35.535714,-0.273226,-0.273226,-0.139872,-0.153854,0.538011,,,binance_rest
run_20260427_131001,SOL/USDT,crypto,H1,trend_momentum,ema_cross,adx_min=0|fast_period=10|rsi_confirm=True|slow_period=200,both,all,REJECT,25,0.080000,0.285255,-0.011572,-0.011572,-0.290525,-5.261146,-2.360299,0.025025,35.880000,-0.258070,-0.258070,-0.124739,-0.151144,0.486495,,,binance_rest
run_20260427_131001,SOL/USDT,crypto,H1,trend_momentum,ema_cross,adx_min=20|fast_period=10|rsi_confirm=False|slow_period=200,both,all,REJECT,28,0.107143,0.289957,-0.011058,-0.011058,-0.305019,-5.539277,-2.481496,0.028028,35.535714,-0.273226,-0.273226,-0.139872,-0.153854,0.538011,,,binance_rest
run_20260427_131001,SOL/USDT,crypto,H1,trend_momentum,ema_cross,adx_min=20|fast_period=10|rsi_confirm=True|slow_period=200,both,all,REJECT,25,0.080000,0.285255,-0.011572,-0.011572,-0.290525,-5.261146,-2.360299,0.025025,35.880000,-0.258070,-0.258070,-0.124739,-0.151144,0.486495,,,binance_rest
run_20260427_131001,SOL/USDT,crypto,H1,trend_momentum,ema_cross,adx_min=25|fast_period=10|rsi_confirm=False|slow_period=200,both,all,REJECT,23,0.130435,0.399077,-0.008278,-0.008278,-0.214912,-3.984957,-1.719082,0.023023,37.913043,-0.178998,-0.178998,-0.079277,-0.107056,0.432878,,,binance_rest
run_20260427_131001,SOL/USDT,crypto,H1,trend_momentum,ema_cross,adx_min=25|fast_period=10|rsi_confirm=True|slow_period=200,both,all,REJECT,20,0.100000,0.404377,-0.008503,-0.008503,-0.198540,-3.641431,-1.567274,0.020020,38.700000,-0.161876,-0.161876,-0.063077,-0.104196,0.324438,,,binance_rest
run_20260427_131001,SOL/USDT,crypto,H1,trend_momentum,ema_cross,adx_min=0|fast_period=20|rsi_confirm=False|slow_period=50,both,all,REJECT,28,0.142857,0.262964,-0.013501,-0.013501,-0.382651,-6.132810,-2.816186,0.028028,35.500000,-0.322723,-0.322723,-0.220640,-0.120625,0.432012,,,binance_rest
run_20260427_131001,SOL/USDT,crypto,H1,trend_momentum,ema_cross,adx_min=0|fast_period=20|rsi_confirm=True|slow_period=50,both,all,REJECT,28,0.142857,0.262964,-0.013501,-0.013501,-0.382651,-6.132810,-2.816186,0.028028,35.500000,-0.322723,-0.322723,-0.220640,-0.120625,0.432012,,,binance_rest
run_20260427_131001,SOL/USDT,crypto,H1,trend_momentum,ema_cross,adx_min=20|fast_period=20|rsi_confirm=False|slow_period=50,both,all,REJECT,27,0.148148,0.273845,-0.013246,-0.013246,-0.369805,-5.854246,-2.668486,0.027027,36.185185,-0.308631,-0.308631,-0.204424,-0.120625,0.439022,,,binance_rest
run_20260427_131001,SOL/USDT,crypto,H1,trend_momentum,ema_cross,adx_min=20|fast_period=20|rsi_confirm=True|slow_period=50,both,all,REJECT,27,0.148148,0.273845,-0.013246,-0.013246,-0.369805,-5.854246,-2.668486,0.027027,36.185185,-0.308631,-0.308631,-0.204424,-0.120625,0.439022,,,binance_rest
run_20260427_131001,SOL/USDT,crypto,H1,trend_momentum,ema_cross,adx_min=25|fast_period=20|rsi_confirm=False|slow_period=50,both,all,NEEDS_MORE_DATA,19,,,,,,,,,,,,,,1.000000,,only 19 trades < min 20,binance_rest
run_20260427_131001,SOL/USDT,crypto,H1,trend_momentum,ema_cross,adx_min=25|fast_period=20|rsi_confirm=True|slow_period=50,both,all,NEEDS_MORE_DATA,19,,,,,,,,,,,,,,1.000000,,only 19 trades < min 20,binance_rest
run_20260427_131001,SOL/USDT,crypto,H1,trend_momentum,ema_cross,adx_min=0|fast_period=20|rsi_confirm=False|slow_period=100,both,all,NEEDS_MORE_DATA,18,,,,,,,,,,,,,,1.000000,,only 18 trades < min 20,binance_rest
run_20260427_131001,SOL/USDT,crypto,H1,trend_momentum,ema_cross,adx_min=0|fast_period=20|rsi_confirm=True|slow_period=100,both,all,NEEDS_MORE_DATA,18,,,,,,,,,,,,,,1.000000,,only 18 trades < min 20,binance_rest
run_20260427_131001,SOL/USDT,crypto,H1,trend_momentum,ema_cross,adx_min=20|fast_period=20|rsi_confirm=False|slow_period=100,both,all,NEEDS_MORE_DATA,18,,,,,,,,,,,,,,1.000000,,only 18 trades < min 20,binance_rest
run_20260427_131001,SOL/USDT,crypto,H1,trend_momentum,ema_cross,adx_min=20|fast_period=20|rsi_confirm=True|slow_period=100,both,all,NEEDS_MORE_DATA,18,,,,,,,,,,,,,,1.000000,,only 18 trades < min 20,binance_rest
run_20260427_131001,SOL/USDT,crypto,H1,trend_momentum,ema_cross,adx_min=25|fast_period=20|rsi_confirm=False|slow_period=100,both,all,NEEDS_MORE_DATA,17,,,,,,,,,,,,,,1.000000,,only 17 trades < min 20,binance_rest
run_20260427_131001,SOL/USDT,crypto,H1,trend_momentum,ema_cross,adx_min=25|fast_period=20|rsi_confirm=True|slow_period=100,both,all,NEEDS_MORE_DATA,17,,,,,,,,,,,,,,1.000000,,only 17 trades < min 20,binance_rest
run_20260427_131001,SOL/USDT,crypto,H1,trend_momentum,ema_cross,adx_min=0|fast_period=20|rsi_confirm=False|slow_period=200,both,all,NEEDS_MORE_DATA,16,,,,,,,,,,,,,,,,only 16 trades < min 20,binance_rest
run_20260427_131001,SOL/USDT,crypto,H1,trend_momentum,ema_cross,adx_min=0|fast_period=20|rsi_confirm=True|slow_period=200,both,all,NEEDS_MORE_DATA,16,,,,,,,,,,,,,,,,only 16 trades < min 20,binance_rest
run_20260427_131001,SOL/USDT,crypto,H1,trend_momentum,ema_cross,adx_min=20|fast_period=20|rsi_confirm=False|slow_period=200,both,all,NEEDS_MORE_DATA,16,,,,,,,,,,,,,,,,only 16 trades < min 20,binance_rest
run_20260427_131001,SOL/USDT,crypto,H1,trend_momentum,ema_cross,adx_min=20|fast_period=20|rsi_confirm=True|slow_period=200,both,all,NEEDS_MORE_DATA,16,,,,,,,,,,,,,,,,only 16 trades < min 20,binance_rest
run_20260427_131001,SOL/USDT,crypto,H1,trend_momentum,ema_cross,adx_min=25|fast_period=20|rsi_confirm=False|slow_period=200,both,all,NEEDS_MORE_DATA,13,,,,,,,,,,,,,,,,only 13 trades < min 20,binance_rest
run_20260427_131001,SOL/USDT,crypto,H1,trend_momentum,ema_cross,adx_min=25|fast_period=20|rsi_confirm=True|slow_period=200,both,all,NEEDS_MORE_DATA,13,,,,,,,,,,,,,,,,only 13 trades < min 20,binance_rest
run_20260427_131001,SOL/USDT,crypto,H1,trend_momentum,ema_alignment,adx_min=0|ema_long=200|ema_mid=50|ema_short=20,both,all,REJECT,24,0.125000,0.367363,-0.006056,-0.006056,-0.185387,-4.492106,-1.964749,0.024024,17.250000,-0.137996,-0.137996,-0.141478,0.004055,0.270667,,,binance_rest
run_20260427_131001,SOL/USDT,crypto,H1,trend_momentum,ema_alignment,adx_min=20|ema_long=200|ema_mid=50|ema_short=20,both,all,REJECT,22,0.136364,0.383781,-0.006160,-0.006160,-0.177322,-4.203482,-1.832364,0.022022,18.636364,-0.129461,-0.129461,-0.132977,0.004055,0.246286,,,binance_rest
run_20260427_131001,SOL/USDT,crypto,H1,trend_momentum,ema_alignment,adx_min=25|ema_long=200|ema_mid=50|ema_short=20,both,all,NEEDS_MORE_DATA,19,,,,,,,,,,,,,,1.000000,,only 19 trades < min 20,binance_rest
run_20260427_131001,SOL/USDT,crypto,H1,trend_momentum,macd_direction,adx_min=0|fast=12|signal_period=9|slow=26,both,all,REJECT,82,0.353659,1.020058,0.000138,0.000138,-0.162994,0.163551,0.066506,0.082082,12.073171,-0.003022,-0.003022,0.082452,-0.101419,0.426667,,,binance_rest
run_20260427_131001,SOL/USDT,crypto,H1,pullback,pullback_ema,pullback_period=20|rsi_reclaim=False|rsi_threshold=50|trend_period=200,both,all,REJECT,68,0.176471,0.499517,-0.002780,-0.002780,-0.224783,-4.716316,-1.968013,0.068068,7.323529,-0.176231,-0.176231,-0.111563,-0.072788,0.609066,,,binance_rest
run_20260427_131001,SOL/USDT,crypto,H1,pullback,pullback_ema,pullback_period=20|rsi_reclaim=True|rsi_threshold=50|trend_period=200,both,all,REJECT,63,0.190476,0.530963,-0.002645,-0.002645,-0.207194,-4.185001,-1.739599,0.063063,7.714286,-0.157541,-0.157541,-0.102071,-0.061776,0.594900,,,binance_rest
run_20260427_131001,SOL/USDT,crypto,H1,pullback,pullback_ema,pullback_period=50|rsi_reclaim=False|rsi_threshold=50|trend_period=200,both,all,REJECT,50,0.180000,0.442147,-0.003543,-0.003543,-0.201688,-5.066001,-2.148386,0.050050,11.700000,-0.165430,-0.165430,-0.099240,-0.073483,0.662138,,,binance_rest
run_20260427_131001,SOL/USDT,crypto,H1,pullback,pullback_ema,pullback_period=50|rsi_reclaim=True|rsi_threshold=50|trend_period=200,both,all,REJECT,41,0.219512,0.530339,-0.003037,-0.003037,-0.158389,-3.648889,-1.523471,0.041041,13.829268,-0.120165,-0.120165,-0.061279,-0.062730,0.678900,,,binance_rest
run_20260427_131001,SOL/USDT,crypto,H1,breakout,prev_day_hl,atr_expand_min=0.0,both,all,REJECT,22,0.136364,0.168393,-0.026194,-0.026194,-0.500627,-7.247543,-3.761223,0.022022,44.909091,-0.448994,-0.448994,-0.368488,-0.092735,0.374166,,,binance_rest
run_20260427_131001,SOL/USDT,crypto,H1,breakout,prev_day_hl,atr_expand_min=0.5,both,all,REJECT,22,0.136364,0.168393,-0.026194,-0.026194,-0.500627,-7.247543,-3.761223,0.022022,44.909091,-0.448994,-0.448994,-0.368488,-0.092735,0.374166,,,binance_rest
run_20260427_131001,SOL/USDT,crypto,H1,breakout,prev_day_hl,atr_expand_min=1.0,both,all,REJECT,22,0.136364,0.121635,-0.027668,-0.027668,-0.500651,-7.889556,-4.355629,0.022022,42.909091,-0.466017,-0.466017,-0.387998,-0.092735,0.370370,,,binance_rest
run_20260427_131001,SOL/USDT,crypto,H1,breakout,session_opening_range,atr_expand_min=0.0|range_bars=6,both,all,REJECT,59,0.288136,0.723441,-0.002699,-0.002699,-0.222025,-2.275852,-0.931804,0.059059,16.457627,-0.159491,-0.159491,-0.140559,-0.035090,0.501561,,,binance_rest
run_20260427_131001,SOL/USDT,crypto,H1,breakout,session_opening_range,atr_expand_min=0.5|range_bars=6,both,all,REJECT,59,0.288136,0.723441,-0.002699,-0.002699,-0.222025,-2.275852,-0.931804,0.059059,16.457627,-0.159491,-0.159491,-0.140559,-0.035090,0.501561,,,binance_rest
run_20260427_131001,SOL/USDT,crypto,H1,breakout,session_opening_range,atr_expand_min=0.0|range_bars=12,both,all,REJECT,37,0.378378,0.833742,-0.001609,-0.001609,-0.151014,-1.011128,-0.412058,0.037037,26.243243,-0.067446,-0.067446,-0.005169,-0.068632,0.322000,,,binance_rest
run_20260427_131001,SOL/USDT,crypto,H1,breakout,session_opening_range,atr_expand_min=0.5|range_bars=12,both,all,REJECT,37,0.378378,0.833742,-0.001609,-0.001609,-0.151014,-1.011128,-0.412058,0.037037,26.243243,-0.067446,-0.067446,-0.005169,-0.068632,0.322000,,,binance_rest
run_20260427_131001,SOL/USDT,crypto,H1,breakout,london_breakout,atr_expand_min=0.0|utc_end=11|utc_start=7,both,all,NEEDS_MORE_DATA,9,,,,,,,,,,,,,,1.000000,,only 9 trades < min 20,binance_rest
run_20260427_131001,SOL/USDT,crypto,H1,breakout,london_breakout,atr_expand_min=0.5|utc_end=11|utc_start=7,both,all,NEEDS_MORE_DATA,9,,,,,,,,,,,,,,1.000000,,only 9 trades < min 20,binance_rest
run_20260427_131001,SOL/USDT,crypto,H1,breakout,ny_breakout,atr_expand_min=0.0|utc_end=16|utc_start=13,both,all,NEEDS_MORE_DATA,17,,,,,,,,,,,,,,1.000000,,only 17 trades < min 20,binance_rest
run_20260427_131001,SOL/USDT,crypto,H1,breakout,ny_breakout,atr_expand_min=0.5|utc_end=16|utc_start=13,both,all,NEEDS_MORE_DATA,17,,,,,,,,,,,,,,1.000000,,only 17 trades < min 20,binance_rest
run_20260427_131001,SOL/USDT,crypto,H1,mean_reversion,rsi_extreme,overbought=70|oversold=30|period=14,both,all,NEEDS_MORE_DATA,16,,,,,,,,,,,,,,1.000000,,only 16 trades < min 20,binance_rest
run_20260427_131001,SOL/USDT,crypto,H1,mean_reversion,rsi_extreme,overbought=75|oversold=30|period=14,both,all,NEEDS_MORE_DATA,11,,,,,,,,,,,,,,,,only 11 trades < min 20,binance_rest
run_20260427_131001,SOL/USDT,crypto,H1,mean_reversion,rsi_extreme,overbought=70|oversold=25|period=14,both,all,NEEDS_MORE_DATA,11,,,,,,,,,,,,,,,,only 11 trades < min 20,binance_rest
run_20260427_131001,SOL/USDT,crypto,H1,mean_reversion,rsi_extreme,overbought=75|oversold=25|period=14,both,all,NEEDS_MORE_DATA,6,,,,,,,,,,,,,,,,only 6 trades < min 20,binance_rest
run_20260427_131001,SOL/USDT,crypto,H1,mean_reversion,bollinger_touch,num_std=2.0|period=20,both,all,REJECT,39,0.615385,1.007040,0.000046,0.000046,-0.092916,0.038801,0.015777,0.039039,14.564103,-0.004752,-0.004752,-0.011637,0.013166,0.414000,,,binance_rest
run_20260427_131001,SOL/USDT,crypto,H1,mean_reversion,bollinger_touch,num_std=2.5|period=20,both,all,REJECT,26,0.576923,0.835023,-0.001290,-0.001290,-0.095120,-0.791789,-0.322588,0.026026,15.923077,-0.038310,-0.038310,-0.054033,0.022880,0.349333,,,binance_rest
run_20260427_131001,SOL/USDT,crypto,H1,mean_reversion,vwap_deviation,std_threshold=1.5,both,all,NEEDS_MORE_DATA,19,,,,,,,,,,,,,,,,only 19 trades < min 20,binance_rest
run_20260427_131001,SOL/USDT,crypto,H1,mean_reversion,vwap_deviation,std_threshold=2.0,both,all,NEEDS_MORE_DATA,16,,,,,,,,,,,,,,,,only 16 trades < min 20,binance_rest
run_20260427_131001,SOL/USDT,crypto,H1,engine_b_proxy,ob_bos,require_engulf=False|require_vol_expand=False|swing_period=5,both,all,REJECT,27,0.222222,0.356531,-0.011423,-0.011423,-0.301763,-5.059981,-2.235050,0.027027,30.888889,-0.273594,-0.273594,-0.195283,-0.078330,0.382333,,,binance_rest
run_20260427_131001,SOL/USDT,crypto,H1,engine_b_proxy,ob_bos,require_engulf=False|require_vol_expand=True|swing_period=5,both,all,REJECT,24,0.250000,0.352934,-0.010862,-0.010862,-0.281074,-4.882549,-2.166589,0.024024,30.916667,-0.236127,-0.236127,-0.153777,-0.078330,0.396813,,,binance_rest
run_20260427_131001,SOL/USDT,crypto,H1,engine_b_proxy,ob_bos,require_engulf=True|require_vol_expand=False|swing_period=5,both,all,REJECT,24,0.250000,0.436409,-0.009196,-0.009196,-0.238818,-3.872310,-1.660511,0.024024,33.166667,-0.205818,-0.205818,-0.154584,-0.040846,0.323269,,,binance_rest
run_20260427_131001,SOL/USDT,crypto,H1,engine_b_proxy,ob_bos,require_engulf=True|require_vol_expand=True|swing_period=5,both,all,REJECT,21,0.285714,0.451186,-0.008236,-0.008236,-0.216265,-3.543683,-1.516198,0.021021,33.523810,-0.164855,-0.164855,-0.110978,-0.040846,0.336416,,,binance_rest
run_20260427_131001,SOL/USDT,crypto,H1,engine_b_proxy,ob_bos,require_engulf=False|require_vol_expand=False|swing_period=10,both,all,NEEDS_MORE_DATA,12,,,,,,,,,,,,,,,,only 12 trades < min 20,binance_rest
run_20260427_131001,SOL/USDT,crypto,H1,engine_b_proxy,ob_bos,require_engulf=False|require_vol_expand=True|swing_period=10,both,all,NEEDS_MORE_DATA,12,,,,,,,,,,,,,,,,only 12 trades < min 20,binance_rest
run_20260427_131001,SOL/USDT,crypto,H1,engine_b_proxy,ob_bos,require_engulf=True|require_vol_expand=False|swing_period=10,both,all,NEEDS_MORE_DATA,11,,,,,,,,,,,,,,,,only 11 trades < min 20,binance_rest
run_20260427_131001,SOL/USDT,crypto,H1,engine_b_proxy,ob_bos,require_engulf=True|require_vol_expand=True|swing_period=10,both,all,NEEDS_MORE_DATA,11,,,,,,,,,,,,,,,,only 11 trades < min 20,binance_rest
run_20260427_131001,SOL/USDT,crypto,H1,engine_b_proxy,structure_filters,fvg_detection=False|strong_close_pct=0.7,both,all,REJECT,266,0.304511,0.757712,-0.000993,-0.000993,-0.271490,-3.751322,-1.530301,0.266266,3.586466,-0.243367,-0.243367,-0.227453,-0.015111,0.433264,,,binance_rest
run_20260427_131001,SOL/USDT,crypto,H1,engine_b_proxy,structure_filters,fvg_detection=True|strong_close_pct=0.7,both,all,REJECT,28,0.250000,0.309831,-0.006666,-0.006666,-0.172902,-5.791988,-2.620980,0.028028,12.107143,-0.172902,-0.172902,-0.150951,-0.016033,0.313198,,,binance_rest
run_20260427_131001,SOL/USDT,crypto,H1,engine_b_proxy,structure_filters,fvg_detection=False|strong_close_pct=0.8,both,all,REJECT,171,0.304094,0.699801,-0.001487,-0.001487,-0.293140,-4.054396,-1.659587,0.171171,5.198830,-0.233683,-0.233683,-0.186067,-0.082301,0.586030,,,binance_rest
run_20260427_131001,SOL/USDT,crypto,H1,engine_b_proxy,structure_filters,fvg_detection=True|strong_close_pct=0.8,both,all,NEEDS_MORE_DATA,19,,,,,,,,,,,,,,1.000000,,only 19 trades < min 20,binance_rest
run_20260427_131001,BNB/USDT,crypto,H1,trend_momentum,ema_cross,adx_min=0|fast_period=10|rsi_confirm=False|slow_period=50,both,all,REJECT,32,0.187500,0.507902,-0.004612,-0.004612,-0.156882,-3.672838,-1.546552,0.032032,31.000000,-0.141404,-0.141404,-0.137579,-0.043825,0.387564,,,binance_rest
run_20260427_131001,BNB/USDT,crypto,H1,trend_momentum,ema_cross,adx_min=0|fast_period=10|rsi_confirm=True|slow_period=50,both,all,REJECT,31,0.193548,0.532136,-0.004326,-0.004326,-0.156882,-3.364380,-1.409902,0.031031,31.935484,-0.129671,-0.129671,-0.125794,-0.043825,0.390516,,,binance_rest
run_20260427_131001,BNB/USDT,crypto,H1,trend_momentum,ema_cross,adx_min=20|fast_period=10|rsi_confirm=False|slow_period=50,both,all,REJECT,31,0.193548,0.510713,-0.004708,-0.004708,-0.155486,-3.633194,-1.530475,0.031031,30.935484,-0.139982,-0.139982,-0.137579,-0.042241,0.378110,,,binance_rest
run_20260427_131001,BNB/USDT,crypto,H1,trend_momentum,ema_cross,adx_min=20|fast_period=10|rsi_confirm=True|slow_period=50,both,all,REJECT,30,0.200000,0.535218,-0.004415,-0.004415,-0.155486,-3.324308,-1.393538,0.030030,31.900000,-0.128230,-0.128230,-0.125794,-0.042241,0.380739,,,binance_rest
run_20260427_131001,BNB/USDT,crypto,H1,trend_momentum,ema_cross,adx_min=25|fast_period=10|rsi_confirm=False|slow_period=50,both,all,REJECT,26,0.192308,0.471267,-0.005266,-0.005266,-0.159289,-3.664508,-1.556205,0.026026,32.038462,-0.131613,-0.131613,-0.143855,-0.025833,0.309872,,,binance_rest
run_20260427_131001,BNB/USDT,crypto,H1,trend_momentum,ema_cross,adx_min=25|fast_period=10|rsi_confirm=True|slow_period=50,both,all,REJECT,25,0.200000,0.497561,-0.004937,-0.004937,-0.159289,-3.334752,-1.407394,0.025025,33.240000,-0.119747,-0.119747,-0.132156,-0.025833,0.308641,,,binance_rest
run_20260427_131001,BNB/USDT,crypto,H1,trend_momentum,ema_cross,adx_min=0|fast_period=10|rsi_confirm=False|slow_period=100,both,all,NEEDS_MORE_DATA,18,,,,,,,,,,,,,,1.000000,,only 18 trades < min 20,binance_rest
run_20260427_131001,BNB/USDT,crypto,H1,trend_momentum,ema_cross,adx_min=0|fast_period=10|rsi_confirm=True|slow_period=100,both,all,NEEDS_MORE_DATA,17,,,,,,,,,,,,,,1.000000,,only 17 trades < min 20,binance_rest
run_20260427_131001,BNB/USDT,crypto,H1,trend_momentum,ema_cross,adx_min=20|fast_period=10|rsi_confirm=False|slow_period=100,both,all,NEEDS_MORE_DATA,18,,,,,,,,,,,,,,1.000000,,only 18 trades < min 20,binance_rest
run_20260427_131001,BNB/USDT,crypto,H1,trend_momentum,ema_cross,adx_min=20|fast_period=10|rsi_confirm=True|slow_period=100,both,all,NEEDS_MORE_DATA,17,,,,,,,,,,,,,,1.000000,,only 17 trades < min 20,binance_rest
run_20260427_131001,BNB/USDT,crypto,H1,trend_momentum,ema_cross,adx_min=25|fast_period=10|rsi_confirm=False|slow_period=100,both,all,NEEDS_MORE_DATA,15,,,,,,,,,,,,,,1.000000,,only 15 trades < min 20,binance_rest
run_20260427_131001,BNB/USDT,crypto,H1,trend_momentum,ema_cross,adx_min=25|fast_period=10|rsi_confirm=True|slow_period=100,both,all,NEEDS_MORE_DATA,14,,,,,,,,,,,,,,1.000000,,only 14 trades < min 20,binance_rest
run_20260427_131001,BNB/USDT,crypto,H1,trend_momentum,ema_cross,adx_min=0|fast_period=10|rsi_confirm=False|slow_period=200,both,all,NEEDS_MORE_DATA,18,,,,,,,,,,,,,,1.000000,,only 18 trades < min 20,binance_rest
run_20260427_131001,BNB/USDT,crypto,H1,trend_momentum,ema_cross,adx_min=0|fast_period=10|rsi_confirm=True|slow_period=200,both,all,NEEDS_MORE_DATA,17,,,,,,,,,,,,,,1.000000,,only 17 trades < min 20,binance_rest
run_20260427_131001,BNB/USDT,crypto,H1,trend_momentum,ema_cross,adx_min=20|fast_period=10|rsi_confirm=False|slow_period=200,both,all,NEEDS_MORE_DATA,18,,,,,,,,,,,,,,1.000000,,only 18 trades < min 20,binance_rest
run_20260427_131001,BNB/USDT,crypto,H1,trend_momentum,ema_cross,adx_min=20|fast_period=10|rsi_confirm=True|slow_period=200,both,all,NEEDS_MORE_DATA,17,,,,,,,,,,,,,,1.000000,,only 17 trades < min 20,binance_rest
run_20260427_131001,BNB/USDT,crypto,H1,trend_momentum,ema_cross,adx_min=25|fast_period=10|rsi_confirm=False|slow_period=200,both,all,NEEDS_MORE_DATA,15,,,,,,,,,,,,,,1.000000,,only 15 trades < min 20,binance_rest
run_20260427_131001,BNB/USDT,crypto,H1,trend_momentum,ema_cross,adx_min=25|fast_period=10|rsi_confirm=True|slow_period=200,both,all,NEEDS_MORE_DATA,14,,,,,,,,,,,,,,1.000000,,only 14 trades < min 20,binance_rest
run_20260427_131001,BNB/USDT,crypto,H1,trend_momentum,ema_cross,adx_min=0|fast_period=20|rsi_confirm=False|slow_period=50,both,all,REJECT,28,0.214286,0.522393,-0.004917,-0.004917,-0.159718,-3.442310,-1.449904,0.028028,35.428571,-0.132789,-0.132789,-0.104773,-0.065759,0.456291,,,binance_rest
run_20260427_131001,BNB/USDT,crypto,H1,trend_momentum,ema_cross,adx_min=0|fast_period=20|rsi_confirm=True|slow_period=50,both,all,REJECT,27,0.222222,0.548345,-0.004600,-0.004600,-0.159718,-3.129898,-1.311548,0.027027,36.666667,-0.120943,-0.120943,-0.092544,-0.065759,0.475170,,,binance_rest
run_20260427_131001,BNB/USDT,crypto,H1,trend_momentum,ema_cross,adx_min=20|fast_period=20|rsi_confirm=False|slow_period=50,both,all,REJECT,28,0.214286,0.522393,-0.004917,-0.004917,-0.159718,-3.442310,-1.449904,0.028028,35.428571,-0.132789,-0.132789,-0.104773,-0.065759,0.456291,,,binance_rest
run_20260427_131001,BNB/USDT,crypto,H1,trend_momentum,ema_cross,adx_min=20|fast_period=20|rsi_confirm=True|slow_period=50,both,all,REJECT,27,0.222222,0.548345,-0.004600,-0.004600,-0.159718,-3.129898,-1.311548,0.027027,36.666667,-0.120943,-0.120943,-0.092544,-0.065759,0.475170,,,binance_rest
run_20260427_131001,BNB/USDT,crypto,H1,trend_momentum,ema_cross,adx_min=25|fast_period=20|rsi_confirm=False|slow_period=50,both,all,REJECT,25,0.200000,0.463920,-0.005729,-0.005729,-0.163973,-3.769605,-1.608269,0.025025,34.600000,-0.137180,-0.137180,-0.128007,-0.045722,0.357157,,,binance_rest
run_20260427_131001,BNB/USDT,crypto,H1,trend_momentum,ema_cross,adx_min=25|fast_period=20|rsi_confirm=True|slow_period=50,both,all,REJECT,24,0.208333,0.488966,-0.005406,-0.005406,-0.163973,-3.444852,-1.460232,0.024024,35.958333,-0.125394,-0.125394,-0.116095,-0.045722,0.362151,,,binance_rest
run_20260427_131001,BNB/USDT,crypto,H1,trend_momentum,ema_cross,adx_min=0|fast_period=20|rsi_confirm=False|slow_period=100,both,all,REJECT,20,0.200000,0.497519,-0.005047,-0.005047,-0.128053,-3.098865,-1.312153,0.020020,49.550000,-0.098906,-0.098906,-0.061235,-0.056243,0.495547,,,binance_rest
run_20260427_131001,BNB/USDT,crypto,H1,trend_momentum,ema_cross,adx_min=0|fast_period=20|rsi_confirm=True|slow_period=100,both,all,NEEDS_MORE_DATA,18,,,,,,,,,,,,,,1.000000,,only 18 trades < min 20,binance_rest
run_20260427_131001,BNB/USDT,crypto,H1,trend_momentum,ema_cross,adx_min=20|fast_period=20|rsi_confirm=False|slow_period=100,both,all,REJECT,20,0.200000,0.497519,-0.005047,-0.005047,-0.128053,-3.098865,-1.312153,0.020020,49.550000,-0.098906,-0.098906,-0.061235,-0.056243,0.495547,,,binance_rest
run_20260427_131001,BNB/USDT,crypto,H1,trend_momentum,ema_cross,adx_min=20|fast_period=20|rsi_confirm=True|slow_period=100,both,all,NEEDS_MORE_DATA,18,,,,,,,,,,,,,,1.000000,,only 18 trades < min 20,binance_rest
run_20260427_131001,BNB/USDT,crypto,H1,trend_momentum,ema_cross,adx_min=25|fast_period=20|rsi_confirm=False|slow_period=100,both,all,NEEDS_MORE_DATA,17,,,,,,,,,,,,,,1.000000,,only 17 trades < min 20,binance_rest
run_20260427_131001,BNB/USDT,crypto,H1,trend_momentum,ema_cross,adx_min=25|fast_period=20|rsi_confirm=True|slow_period=100,both,all,NEEDS_MORE_DATA,15,,,,,,,,,,,,,,1.000000,,only 15 trades < min 20,binance_rest
run_20260427_131001,BNB/USDT,crypto,H1,trend_momentum,ema_cross,adx_min=0|fast_period=20|rsi_confirm=False|slow_period=200,both,all,NEEDS_MORE_DATA,16,,,,,,,,,,,,,,,,only 16 trades < min 20,binance_rest
run_20260427_131001,BNB/USDT,crypto,H1,trend_momentum,ema_cross,adx_min=0|fast_period=20|rsi_confirm=True|slow_period=200,both,all,NEEDS_MORE_DATA,15,,,,,,,,,,,,,,,,only 15 trades < min 20,binance_rest
run_20260427_131001,BNB/USDT,crypto,H1,trend_momentum,ema_cross,adx_min=20|fast_period=20|rsi_confirm=False|slow_period=200,both,all,NEEDS_MORE_DATA,16,,,,,,,,,,,,,,,,only 16 trades < min 20,binance_rest
run_20260427_131001,BNB/USDT,crypto,H1,trend_momentum,ema_cross,adx_min=20|fast_period=20|rsi_confirm=True|slow_period=200,both,all,NEEDS_MORE_DATA,15,,,,,,,,,,,,,,,,only 15 trades < min 20,binance_rest
run_20260427_131001,BNB/USDT,crypto,H1,trend_momentum,ema_cross,adx_min=25|fast_period=20|rsi_confirm=False|slow_period=200,both,all,NEEDS_MORE_DATA,15,,,,,,,,,,,,,,,,only 15 trades < min 20,binance_rest
run_20260427_131001,BNB/USDT,crypto,H1,trend_momentum,ema_cross,adx_min=25|fast_period=20|rsi_confirm=True|slow_period=200,both,all,NEEDS_MORE_DATA,14,,,,,,,,,,,,,,,,only 14 trades < min 20,binance_rest
run_20260427_131001,BNB/USDT,crypto,H1,trend_momentum,ema_alignment,adx_min=0|ema_long=200|ema_mid=50|ema_short=20,both,all,REJECT,24,0.291667,0.854822,-0.000826,-0.000826,-0.079142,-0.676064,-0.275328,0.024024,19.500000,-0.022133,-0.022133,-0.000689,-0.021935,0.270667,,,binance_rest
run_20260427_131001,BNB/USDT,crypto,H1,trend_momentum,ema_alignment,adx_min=20|ema_long=200|ema_mid=50|ema_short=20,both,all,NEEDS_MORE_DATA,19,,,,,,,,,,,,,,1.000000,,only 19 trades < min 20,binance_rest
run_20260427_131001,BNB/USDT,crypto,H1,trend_momentum,ema_alignment,adx_min=25|ema_long=200|ema_mid=50|ema_short=20,both,all,NEEDS_MORE_DATA,16,,,,,,,,,,,,,,1.000000,,only 16 trades < min 20,binance_rest
run_20260427_131001,BNB/USDT,crypto,H1,trend_momentum,macd_direction,adx_min=0|fast=12|signal_period=9|slow=26,both,all,REJECT,70,0.357143,1.001285,0.000006,0.000006,-0.091234,0.009890,0.004021,0.070070,14.142857,-0.005358,-0.005358,0.014337,-0.018786,0.426667,,,binance_rest
run_20260427_131001,BNB/USDT,crypto,H1,pullback,pullback_ema,pullback_period=20|rsi_reclaim=False|rsi_threshold=50|trend_period=200,both,all,REJECT,69,0.188406,0.530764,-0.002088,-0.002088,-0.148487,-4.126561,-1.710772,0.069069,7.637681,-0.137328,-0.137328,-0.104828,-0.032454,0.506210,,,binance_rest
run_20260427_131001,BNB/USDT,crypto,H1,pullback,pullback_ema,pullback_period=20|rsi_reclaim=True|rsi_threshold=50|trend_period=200,both,all,REJECT,66,0.196970,0.577289,-0.001810,-0.001810,-0.137123,-3.470662,-1.431576,0.066066,7.863636,-0.115750,-0.115750,-0.094522,-0.019541,0.475354,,,binance_rest
run_20260427_131001,BNB/USDT,crypto,H1,pullback,pullback_ema,pullback_period=50|rsi_reclaim=False|rsi_threshold=50|trend_period=200,both,all,REJECT,49,0.142857,0.522014,-0.002724,-0.002724,-0.167253,-3.838071,-1.598903,0.049049,12.959184,-0.128103,-0.128103,-0.100115,-0.031103,0.527201,,,binance_rest
run_20260427_131001,BNB/USDT,crypto,H1,pullback,pullback_ema,pullback_period=50|rsi_reclaim=True|rsi_threshold=50|trend_period=200,both,all,REJECT,39,0.153846,0.540026,-0.002699,-0.002699,-0.152814,-3.216785,-1.336501,0.039039,14.666667,-0.102772,-0.102772,-0.068630,-0.036658,0.534241,,,binance_rest
run_20260427_131001,BNB/USDT,crypto,H1,breakout,prev_day_hl,atr_expand_min=0.0,both,all,NEEDS_MORE_DATA,16,,,,,,,,,,,,,,1.000000,,only 16 trades < min 20,binance_rest
run_20260427_131001,BNB/USDT,crypto,H1,breakout,prev_day_hl,atr_expand_min=0.5,both,all,NEEDS_MORE_DATA,16,,,,,,,,,,,,,,1.000000,,only 16 trades < min 20,binance_rest
run_20260427_131001,BNB/USDT,crypto,H1,breakout,prev_day_hl,atr_expand_min=1.0,both,all,NEEDS_MORE_DATA,13,,,,,,,,,,,,,,1.000000,,only 13 trades < min 20,binance_rest
run_20260427_131001,BNB/USDT,crypto,H1,breakout,session_opening_range,atr_expand_min=0.0|range_bars=6,both,all,REJECT,52,0.326923,0.753755,-0.001601,-0.001601,-0.100548,-1.935204,-0.791382,0.052052,18.826923,-0.084992,-0.084992,-0.038224,-0.034440,0.696972,,,binance_rest
run_20260427_131001,BNB/USDT,crypto,H1,breakout,session_opening_range,atr_expand_min=0.5|range_bars=6,both,all,REJECT,52,0.326923,0.753755,-0.001601,-0.001601,-0.100548,-1.935204,-0.791382,0.052052,18.826923,-0.084992,-0.084992,-0.038224,-0.034440,0.696972,,,binance_rest
run_20260427_131001,BNB/USDT,crypto,H1,breakout,session_opening_range,atr_expand_min=0.0|range_bars=12,both,all,REJECT,34,0.264706,0.534368,-0.003702,-0.003702,-0.144643,-3.451740,-1.444572,0.034034,28.058824,-0.121800,-0.121800,-0.073954,-0.070453,0.589796,,,binance_rest
run_20260427_131001,BNB/USDT,crypto,H1,breakout,session_opening_range,atr_expand_min=0.5|range_bars=12,both,all,REJECT,34,0.264706,0.534368,-0.003702,-0.003702,-0.144643,-3.451740,-1.444572,0.034034,28.058824,-0.121800,-0.121800,-0.073954,-0.070453,0.589796,,,binance_rest
run_20260427_131001,BNB/USDT,crypto,H1,breakout,london_breakout,atr_expand_min=0.0|utc_end=11|utc_start=7,both,all,NEEDS_MORE_DATA,15,,,,,,,,,,,,,,1.000000,,only 15 trades < min 20,binance_rest
run_20260427_131001,BNB/USDT,crypto,H1,breakout,london_breakout,atr_expand_min=0.5|utc_end=11|utc_start=7,both,all,NEEDS_MORE_DATA,15,,,,,,,,,,,,,,1.000000,,only 15 trades < min 20,binance_rest
run_20260427_131001,BNB/USDT,crypto,H1,breakout,ny_breakout,atr_expand_min=0.0|utc_end=16|utc_start=13,both,all,NEEDS_MORE_DATA,16,,,,,,,,,,,,,,1.000000,,only 16 trades < min 20,binance_rest
run_20260427_131001,BNB/USDT,crypto,H1,breakout,ny_breakout,atr_expand_min=0.5|utc_end=16|utc_start=13,both,all,NEEDS_MORE_DATA,16,,,,,,,,,,,,,,1.000000,,only 16 trades < min 20,binance_rest
run_20260427_131001,BNB/USDT,crypto,H1,mean_reversion,rsi_extreme,overbought=75|oversold=30|period=14,both,all,NEEDS_MORE_DATA,12,,,,,,,,,,,,,,,,only 12 trades < min 20,binance_rest
run_20260427_131001,BNB/USDT,crypto,H1,mean_reversion,rsi_extreme,overbought=70|oversold=25|period=14,both,all,NEEDS_MORE_DATA,18,,,,,,,,,,,,,,,,only 18 trades < min 20,binance_rest
run_20260427_131001,BNB/USDT,crypto,H1,mean_reversion,rsi_extreme,overbought=75|oversold=25|period=14,both,all,NEEDS_MORE_DATA,9,,,,,,,,,,,,,,,,only 9 trades < min 20,binance_rest
run_20260427_131001,BNB/USDT,crypto,H1,mean_reversion,bollinger_touch,num_std=2.0|period=20,both,all,REJECT,36,0.583333,0.884800,-0.000610,-0.000610,-0.068546,-0.658823,-0.268152,0.036036,14.750000,-0.025064,-0.025064,-0.037432,0.012848,0.396000,,,binance_rest
run_20260427_131001,BNB/USDT,crypto,H1,mean_reversion,bollinger_touch,num_std=2.5|period=20,both,all,REJECT,26,0.615385,0.827272,-0.000975,-0.000975,-0.054568,-0.909846,-0.370919,0.026026,15.346154,-0.027340,-0.027340,-0.050359,0.024239,0.349333,,,binance_rest
run_20260427_131001,BNB/USDT,crypto,H1,mean_reversion,vwap_deviation,std_threshold=1.5,both,all,NEEDS_MORE_DATA,11,,,,,,,,,,,,,,,,only 11 trades < min 20,binance_rest
run_20260427_131001,BNB/USDT,crypto,H1,mean_reversion,vwap_deviation,std_threshold=2.0,both,all,NEEDS_MORE_DATA,6,,,,,,,,,,,,,,,,only 6 trades < min 20,binance_rest
run_20260427_131001,BNB/USDT,crypto,H1,engine_b_proxy,ob_bos,require_engulf=False|require_vol_expand=False|swing_period=5,both,all,REJECT,22,0.272727,0.392136,-0.007345,-0.007345,-0.152507,-4.524606,-1.996118,0.022022,37.818182,-0.152507,-0.152507,-0.074417,-0.103093,0.416399,,,binance_rest
run_20260427_131001,BNB/USDT,crypto,H1,engine_b_proxy,ob_bos,require_engulf=False|require_vol_expand=True|swing_period=5,both,all,NEEDS_MORE_DATA,16,,,,,,,,,,,,,,1.000000,,only 16 trades < min 20,binance_rest
run_20260427_131001,BNB/USDT,crypto,H1,engine_b_proxy,ob_bos,require_engulf=True|require_vol_expand=False|swing_period=5,both,all,REJECT,22,0.272727,0.392136,-0.007345,-0.007345,-0.152507,-4.524606,-1.996118,0.022022,37.818182,-0.152507,-0.152507,-0.074417,-0.103093,0.416399,,,binance_rest
run_20260427_131001,BNB/USDT,crypto,H1,engine_b_proxy,ob_bos,require_engulf=True|require_vol_expand=True|swing_period=5,both,all,NEEDS_MORE_DATA,15,,,,,,,,,,,,,,1.000000,,only 15 trades < min 20,binance_rest
run_20260427_131001,BNB/USDT,crypto,H1,engine_b_proxy,ob_bos,require_engulf=False|require_vol_expand=False|swing_period=10,both,all,NEEDS_MORE_DATA,12,,,,,,,,,,,,,,,,only 12 trades < min 20,binance_rest
run_20260427_131001,BNB/USDT,crypto,H1,engine_b_proxy,ob_bos,require_engulf=False|require_vol_expand=True|swing_period=10,both,all,NEEDS_MORE_DATA,11,,,,,,,,,,,,,,,,only 11 trades < min 20,binance_rest
run_20260427_131001,BNB/USDT,crypto,H1,engine_b_proxy,ob_bos,require_engulf=True|require_vol_expand=False|swing_period=10,both,all,NEEDS_MORE_DATA,12,,,,,,,,,,,,,,,,only 12 trades < min 20,binance_rest
run_20260427_131001,BNB/USDT,crypto,H1,engine_b_proxy,ob_bos,require_engulf=True|require_vol_expand=True|swing_period=10,both,all,NEEDS_MORE_DATA,11,,,,,,,,,,,,,,,,only 11 trades < min 20,binance_rest
run_20260427_131001,BNB/USDT,crypto,H1,engine_b_proxy,structure_filters,fvg_detection=False|strong_close_pct=0.7,both,all,REJECT,298,0.228188,0.408251,-0.002087,-0.002087,-0.479656,-13.506279,-5.698066,0.298298,3.261745,-0.466654,-0.466654,-0.440870,-0.041375,0.441488,,,binance_rest
run_20260427_131001,BNB/USDT,crypto,H1,engine_b_proxy,structure_filters,fvg_detection=True|strong_close_pct=0.7,both,all,REJECT,33,0.242424,0.245059,-0.004634,-0.004634,-0.146888,-7.189740,-3.376804,0.033033,10.939394,-0.142985,-0.142985,-0.108994,-0.038149,0.416338,,,binance_rest
run_20260427_131001,BNB/USDT,crypto,H1,engine_b_proxy,structure_filters,fvg_detection=False|strong_close_pct=0.8,both,all,REJECT,219,0.255708,0.512359,-0.001710,-0.001710,-0.332345,-8.810345,-3.667396,0.219219,4.164384,-0.316212,-0.316212,-0.316281,-0.001253,0.454522,,,binance_rest
run_20260427_131001,BNB/USDT,crypto,H1,engine_b_proxy,structure_filters,fvg_detection=True|strong_close_pct=0.8,both,all,REJECT,22,0.318182,0.270174,-0.003840,-0.003840,-0.081702,-5.363001,-2.455696,0.022022,11.954545,-0.081702,-0.081702,-0.068418,-0.014259,0.294524,,,binance_rest
run_20260427_131001,BTC/USDT,crypto,H4,trend_momentum,ema_cross,adx_min=0|fast_period=10|rsi_confirm=False|slow_period=50,both,all,REJECT,31,0.225806,0.599840,-0.008753,-0.008753,-0.294350,-1.081708,-0.890536,0.031031,28.032258,-0.270184,-0.270184,-0.184785,-0.068130,0.396609,,,binance_rest
run_20260427_131001,BTC/USDT,crypto,H4,trend_momentum,ema_cross,adx_min=0|fast_period=10|rsi_confirm=True|slow_period=50,both,all,REJECT,29,0.206897,0.609411,-0.008627,-0.008627,-0.305551,-1.006074,-0.827517,0.029029,27.689655,-0.253953,-0.253953,-0.166654,-0.068130,0.396643,,,binance_rest
run_20260427_131001,BTC/USDT,crypto,H4,trend_momentum,ema_cross,adx_min=20|fast_period=10|rsi_confirm=False|slow_period=50,both,all,REJECT,27,0.222222,0.627322,-0.008507,-0.008507,-0.263439,-0.925198,-0.760212,0.027027,29.740741,-0.238393,-0.238393,-0.149274,-0.068130,0.398922,,,binance_rest
run_20260427_131001,BTC/USDT,crypto,H4,trend_momentum,ema_cross,adx_min=20|fast_period=10|rsi_confirm=True|slow_period=50,both,all,REJECT,25,0.200000,0.639697,-0.008341,-0.008341,-0.275300,-0.847478,-0.695686,0.025025,29.480000,-0.221454,-0.221454,-0.130353,-0.068130,0.406796,,,binance_rest
run_20260427_131001,BTC/USDT,crypto,H4,trend_momentum,ema_cross,adx_min=25|fast_period=10|rsi_confirm=False|slow_period=50,both,all,REJECT,20,0.200000,0.686150,-0.008160,-0.008160,-0.211726,-0.667023,-0.546410,0.020020,32.950000,-0.184922,-0.184922,-0.089546,-0.068130,0.448252,,,binance_rest
run_20260427_131001,BTC/USDT,crypto,H4,trend_momentum,ema_cross,adx_min=25|fast_period=10|rsi_confirm=True|slow_period=50,both,all,NEEDS_MORE_DATA,18,,,,,,,,,,,,,,1.000000,,only 18 trades < min 20,binance_rest
run_20260427_131001,BTC/USDT,crypto,H4,trend_momentum,ema_cross,adx_min=0|fast_period=10|rsi_confirm=False|slow_period=100,both,all,REJECT,23,0.173913,0.780375,-0.004487,-0.004487,-0.207251,-0.435423,-0.355055,0.023023,37.869565,-0.131652,-0.131652,-0.023391,-0.062358,0.238000,,,binance_rest
run_20260427_131001,BTC/USDT,crypto,H4,trend_momentum,ema_cross,adx_min=0|fast_period=10|rsi_confirm=True|slow_period=100,both,all,REJECT,22,0.181818,0.848193,-0.002984,-0.002984,-0.207251,-0.279284,-0.227389,0.022022,39.500000,-0.097807,-0.097807,0.014673,-0.062358,0.232000,,,binance_rest
run_20260427_131001,BTC/USDT,crypto,H4,trend_momentum,ema_cross,adx_min=20|fast_period=10|rsi_confirm=False|slow_period=100,both,all,REJECT,23,0.173913,0.780375,-0.004487,-0.004487,-0.207251,-0.435423,-0.355055,0.023023,37.869565,-0.131652,-0.131652,-0.023391,-0.062358,0.238000,,,binance_rest
run_20260427_131001,BTC/USDT,crypto,H4,trend_momentum,ema_cross,adx_min=20|fast_period=10|rsi_confirm=True|slow_period=100,both,all,REJECT,22,0.181818,0.848193,-0.002984,-0.002984,-0.207251,-0.279284,-0.227389,0.022022,39.500000,-0.097807,-0.097807,0.014673,-0.062358,0.232000,,,binance_rest
run_20260427_131001,BTC/USDT,crypto,H4,trend_momentum,ema_cross,adx_min=25|fast_period=10|rsi_confirm=False|slow_period=100,both,all,NEEDS_MORE_DATA,15,,,,,,,,,,,,,,1.000000,,only 15 trades < min 20,binance_rest
run_20260427_131001,BTC/USDT,crypto,H4,trend_momentum,ema_cross,adx_min=25|fast_period=10|rsi_confirm=True|slow_period=100,both,all,NEEDS_MORE_DATA,14,,,,,,,,,,,,,,1.000000,,only 14 trades < min 20,binance_rest
run_20260427_131001,BTC/USDT,crypto,H4,trend_momentum,ema_cross,adx_min=0|fast_period=10|rsi_confirm=False|slow_period=200,both,all,NEEDS_MORE_DATA,11,,,,,,,,,,,,,,1.000000,,only 11 trades < min 20,binance_rest
run_20260427_131001,BTC/USDT,crypto,H4,trend_momentum,ema_cross,adx_min=0|fast_period=10|rsi_confirm=True|slow_period=200,both,all,NEEDS_MORE_DATA,9,,,,,,,,,,,,,,1.000000,,only 9 trades < min 20,binance_rest
run_20260427_131001,BTC/USDT,crypto,H4,trend_momentum,ema_cross,adx_min=20|fast_period=10|rsi_confirm=False|slow_period=200,both,all,NEEDS_MORE_DATA,11,,,,,,,,,,,,,,1.000000,,only 11 trades < min 20,binance_rest
run_20260427_131001,BTC/USDT,crypto,H4,trend_momentum,ema_cross,adx_min=20|fast_period=10|rsi_confirm=True|slow_period=200,both,all,NEEDS_MORE_DATA,9,,,,,,,,,,,,,,1.000000,,only 9 trades < min 20,binance_rest
run_20260427_131001,BTC/USDT,crypto,H4,trend_momentum,ema_cross,adx_min=25|fast_period=10|rsi_confirm=False|slow_period=200,both,all,NEEDS_MORE_DATA,11,,,,,,,,,,,,,,1.000000,,only 11 trades < min 20,binance_rest
run_20260427_131001,BTC/USDT,crypto,H4,trend_momentum,ema_cross,adx_min=25|fast_period=10|rsi_confirm=True|slow_period=200,both,all,NEEDS_MORE_DATA,9,,,,,,,,,,,,,,1.000000,,only 9 trades < min 20,binance_rest
run_20260427_131001,BTC/USDT,crypto,H4,trend_momentum,ema_cross,adx_min=0|fast_period=20|rsi_confirm=False|slow_period=50,both,all,REJECT,23,0.260870,0.810207,-0.003881,-0.003881,-0.282522,-0.368699,-0.300419,0.023023,37.826087,-0.121616,-0.121616,-0.080584,0.000138,0.238000,,,binance_rest
run_20260427_131001,BTC/USDT,crypto,H4,trend_momentum,ema_cross,adx_min=0|fast_period=20|rsi_confirm=True|slow_period=50,both,all,REJECT,22,0.272727,0.880516,-0.002352,-0.002352,-0.282522,-0.215333,-0.175239,0.022022,39.454545,-0.087383,-0.087383,-0.044753,0.000138,0.232000,,,binance_rest
run_20260427_131001,BTC/USDT,crypto,H4,trend_momentum,ema_cross,adx_min=20|fast_period=20|rsi_confirm=False|slow_period=50,both,all,REJECT,22,0.272727,0.873424,-0.002510,-0.002510,-0.257240,-0.229583,-0.186853,0.022022,39.318182,-0.090663,-0.090663,-0.048186,0.000138,0.232000,,,binance_rest
run_20260427_131001,BTC/USDT,crypto,H4,trend_momentum,ema_cross,adx_min=20|fast_period=20|rsi_confirm=True|slow_period=50,both,all,REJECT,21,0.285714,0.955651,-0.000843,-0.000843,-0.257240,-0.074130,-0.060292,0.021021,41.095238,-0.055224,-0.055224,-0.011092,0.000138,0.226000,,,binance_rest
run_20260427_131001,BTC/USDT,crypto,H4,trend_momentum,ema_cross,adx_min=25|fast_period=20|rsi_confirm=False|slow_period=50,both,all,NEEDS_MORE_DATA,17,,,,,,,,,,,,,,1.000000,,only 17 trades < min 20,binance_rest
run_20260427_131001,BTC/USDT,crypto,H4,trend_momentum,ema_cross,adx_min=25|fast_period=20|rsi_confirm=True|slow_period=50,both,all,NEEDS_MORE_DATA,16,,,,,,,,,,,,,,1.000000,,only 16 trades < min 20,binance_rest
run_20260427_131001,BTC/USDT,crypto,H4,trend_momentum,ema_cross,adx_min=0|fast_period=20|rsi_confirm=False|slow_period=100,both,all,NEEDS_MORE_DATA,15,,,,,,,,,,,,,,1.000000,,only 15 trades < min 20,binance_rest
run_20260427_131001,BTC/USDT,crypto,H4,trend_momentum,ema_cross,adx_min=0|fast_period=20|rsi_confirm=True|slow_period=100,both,all,NEEDS_MORE_DATA,14,,,,,,,,,,,,,,1.000000,,only 14 trades < min 20,binance_rest
run_20260427_131001,BTC/USDT,crypto,H4,trend_momentum,ema_cross,adx_min=20|fast_period=20|rsi_confirm=False|slow_period=100,both,all,NEEDS_MORE_DATA,15,,,,,,,,,,,,,,1.000000,,only 15 trades < min 20,binance_rest
run_20260427_131001,BTC/USDT,crypto,H4,trend_momentum,ema_cross,adx_min=20|fast_period=20|rsi_confirm=True|slow_period=100,both,all,NEEDS_MORE_DATA,14,,,,,,,,,,,,,,1.000000,,only 14 trades < min 20,binance_rest
run_20260427_131001,BTC/USDT,crypto,H4,trend_momentum,ema_cross,adx_min=25|fast_period=20|rsi_confirm=False|slow_period=100,both,all,NEEDS_MORE_DATA,13,,,,,,,,,,,,,,1.000000,,only 13 trades < min 20,binance_rest
run_20260427_131001,BTC/USDT,crypto,H4,trend_momentum,ema_cross,adx_min=25|fast_period=20|rsi_confirm=True|slow_period=100,both,all,NEEDS_MORE_DATA,12,,,,,,,,,,,,,,1.000000,,only 12 trades < min 20,binance_rest
run_20260427_131001,BTC/USDT,crypto,H4,trend_momentum,ema_cross,adx_min=0|fast_period=20|rsi_confirm=False|slow_period=200,both,all,NEEDS_MORE_DATA,7,,,,,,,,,,,,,,,,only 7 trades < min 20,binance_rest
run_20260427_131001,BTC/USDT,crypto,H4,trend_momentum,ema_cross,adx_min=0|fast_period=20|rsi_confirm=True|slow_period=200,both,all,NEEDS_MORE_DATA,6,,,,,,,,,,,,,,,,only 6 trades < min 20,binance_rest
run_20260427_131001,BTC/USDT,crypto,H4,trend_momentum,ema_cross,adx_min=20|fast_period=20|rsi_confirm=False|slow_period=200,both,all,NEEDS_MORE_DATA,7,,,,,,,,,,,,,,,,only 7 trades < min 20,binance_rest
run_20260427_131001,BTC/USDT,crypto,H4,trend_momentum,ema_cross,adx_min=20|fast_period=20|rsi_confirm=True|slow_period=200,both,all,NEEDS_MORE_DATA,6,,,,,,,,,,,,,,,,only 6 trades < min 20,binance_rest
run_20260427_131001,BTC/USDT,crypto,H4,trend_momentum,ema_cross,adx_min=25|fast_period=20|rsi_confirm=False|slow_period=200,both,all,NEEDS_MORE_DATA,7,,,,,,,,,,,,,,,,only 7 trades < min 20,binance_rest
run_20260427_131001,BTC/USDT,crypto,H4,trend_momentum,ema_cross,adx_min=25|fast_period=20|rsi_confirm=True|slow_period=200,both,all,NEEDS_MORE_DATA,6,,,,,,,,,,,,,,,,only 6 trades < min 20,binance_rest
run_20260427_131001,BTC/USDT,crypto,H4,trend_momentum,ema_alignment,adx_min=25|ema_long=200|ema_mid=50|ema_short=20,both,all,NEEDS_MORE_DATA,19,,,,,,,,,,,,,,1.000000,,only 19 trades < min 20,binance_rest
run_20260427_131001,BTC/USDT,crypto,H4,trend_momentum,macd_direction,adx_min=0|fast=12|signal_period=9|slow=26,both,all,REJECT,80,0.325000,0.751962,-0.003504,-0.003504,-0.279728,-1.253327,-1.025412,0.080080,12.462500,-0.272249,-0.272249,-0.101256,-0.211205,0.426667,,,binance_rest
run_20260427_131001,BTC/USDT,crypto,H4,trend_momentum,macd_direction,adx_min=20|fast=12|signal_period=9|slow=26,both,all,REJECT,75,0.320000,0.714581,-0.004161,-0.004161,-0.309734,-1.423080,-1.166999,0.075075,12.440000,-0.294034,-0.294034,-0.138697,-0.201554,0.617376,,,binance_rest
run_20260427_131001,BTC/USDT,crypto,H4,pullback,pullback_ema,pullback_period=20|rsi_reclaim=False|rsi_threshold=50|trend_period=200,both,all,REJECT,66,0.212121,0.915234,-0.000851,-0.000851,-0.236816,-0.238992,-0.194412,0.066066,7.893939,-0.090448,-0.090448,-0.085821,-0.022355,0.491480,,,binance_rest
run_20260427_131001,BTC/USDT,crypto,H4,pullback,pullback_ema,pullback_period=20|rsi_reclaim=True|rsi_threshold=50|trend_period=200,both,all,REJECT,59,0.203390,0.993452,-0.000066,-0.000066,-0.236816,-0.016640,-0.013533,0.059059,8.271186,-0.040807,-0.040807,-0.052939,0.012810,0.413333,,,binance_rest
run_20260427_131001,BTC/USDT,crypto,H4,pullback,pullback_ema,pullback_period=50|rsi_reclaim=False|rsi_threshold=50|trend_period=200,both,all,REJECT,40,0.200000,0.982701,-0.000195,-0.000195,-0.194269,-0.035174,-0.028606,0.040040,13.600000,-0.041054,-0.041054,-0.041514,0.007448,0.380000,,,binance_rest
run_20260427_131001,BTC/USDT,crypto,H4,pullback,pullback_ema,pullback_period=50|rsi_reclaim=True|rsi_threshold=50|trend_period=200,both,all,REJECT,26,0.192308,0.520132,-0.006693,-0.006693,-0.236457,-1.293546,-1.074484,0.026026,13.576923,-0.170779,-0.170779,-0.142282,-0.026490,0.351855,,,binance_rest
run_20260427_131001,BTC/USDT,crypto,H4,breakout,session_opening_range,atr_expand_min=0.0|range_bars=12,both,all,REJECT,29,0.275862,0.857650,-0.002892,-0.002892,-0.219710,-0.382213,-0.311339,0.029029,32.586207,-0.111999,-0.111999,-0.133672,-0.014680,0.306946,,,binance_rest
run_20260427_131001,BTC/USDT,crypto,H4,breakout,session_opening_range,atr_expand_min=0.5|range_bars=12,both,all,REJECT,29,0.275862,0.857650,-0.002892,-0.002892,-0.219710,-0.382213,-0.311339,0.029029,32.586207,-0.111999,-0.111999,-0.133672,-0.014680,0.306946,,,binance_rest
run_20260427_131001,BTC/USDT,crypto,H4,breakout,london_breakout,atr_expand_min=0.0|utc_end=11|utc_start=7,both,all,NEEDS_MORE_DATA,14,,,,,,,,,,,,,,1.000000,,only 14 trades < min 20,binance_rest
run_20260427_131001,BTC/USDT,crypto,H4,breakout,london_breakout,atr_expand_min=0.5|utc_end=11|utc_start=7,both,all,NEEDS_MORE_DATA,14,,,,,,,,,,,,,,1.000000,,only 14 trades < min 20,binance_rest
run_20260427_131001,BTC/USDT,crypto,H4,breakout,ny_breakout,atr_expand_min=0.0|utc_end=16|utc_start=13,both,all,NEEDS_MORE_DATA,0,,,,,,,,,,,,,,1.000000,,only 0 trades < min 20,binance_rest
run_20260427_131001,BTC/USDT,crypto,H4,breakout,ny_breakout,atr_expand_min=0.5|utc_end=16|utc_start=13,both,all,NEEDS_MORE_DATA,0,,,,,,,,,,,,,,1.000000,,only 0 trades < min 20,binance_rest
run_20260427_131001,BTC/USDT,crypto,H4,mean_reversion,rsi_extreme,overbought=70|oversold=30|period=14,both,all,NEEDS_MORE_DATA,14,,,,,,,,,,,,,,1.000000,,only 14 trades < min 20,binance_rest
run_20260427_131001,BTC/USDT,crypto,H4,mean_reversion,rsi_extreme,overbought=75|oversold=30|period=14,both,all,NEEDS_MORE_DATA,11,,,,,,,,,,,,,,,,only 11 trades < min 20,binance_rest
run_20260427_131001,BTC/USDT,crypto,H4,mean_reversion,rsi_extreme,overbought=70|oversold=25|period=14,both,all,NEEDS_MORE_DATA,10,,,,,,,,,,,,,,,,only 10 trades < min 20,binance_rest
run_20260427_131001,BTC/USDT,crypto,H4,mean_reversion,rsi_extreme,overbought=75|oversold=25|period=14,both,all,NEEDS_MORE_DATA,7,,,,,,,,,,,,,,,,only 7 trades < min 20,binance_rest
run_20260427_131001,BTC/USDT,crypto,H4,mean_reversion,vwap_deviation,std_threshold=1.5,both,all,NEEDS_MORE_DATA,8,,,,,,,,,,,,,,,,only 8 trades < min 20,binance_rest
run_20260427_131001,BTC/USDT,crypto,H4,mean_reversion,vwap_deviation,std_threshold=2.0,both,all,NEEDS_MORE_DATA,8,,,,,,,,,,,,,,,,only 8 trades < min 20,binance_rest
run_20260427_131001,BTC/USDT,crypto,H4,engine_b_proxy,ob_bos,require_engulf=False|require_vol_expand=False|swing_period=5,both,all,NEEDS_MORE_DATA,16,,,,,,,,,,,,,,1.000000,,only 16 trades < min 20,binance_rest
run_20260427_131001,BTC/USDT,crypto,H4,engine_b_proxy,ob_bos,require_engulf=False|require_vol_expand=True|swing_period=5,both,all,NEEDS_MORE_DATA,15,,,,,,,,,,,,,,1.000000,,only 15 trades < min 20,binance_rest
run_20260427_131001,BTC/USDT,crypto,H4,engine_b_proxy,ob_bos,require_engulf=True|require_vol_expand=False|swing_period=5,both,all,NEEDS_MORE_DATA,16,,,,,,,,,,,,,,1.000000,,only 16 trades < min 20,binance_rest
run_20260427_131001,BTC/USDT,crypto,H4,engine_b_proxy,ob_bos,require_engulf=True|require_vol_expand=True|swing_period=5,both,all,NEEDS_MORE_DATA,15,,,,,,,,,,,,,,1.000000,,only 15 trades < min 20,binance_rest
run_20260427_131001,BTC/USDT,crypto,H4,engine_b_proxy,ob_bos,require_engulf=False|require_vol_expand=False|swing_period=10,both,all,NEEDS_MORE_DATA,7,,,,,,,,,,,,,,,,only 7 trades < min 20,binance_rest
run_20260427_131001,BTC/USDT,crypto,H4,engine_b_proxy,ob_bos,require_engulf=False|require_vol_expand=True|swing_period=10,both,all,NEEDS_MORE_DATA,7,,,,,,,,,,,,,,,,only 7 trades < min 20,binance_rest
run_20260427_131001,BTC/USDT,crypto,H4,engine_b_proxy,ob_bos,require_engulf=True|require_vol_expand=False|swing_period=10,both,all,NEEDS_MORE_DATA,6,,,,,,,,,,,,,,,,only 6 trades < min 20,binance_rest
run_20260427_131001,BTC/USDT,crypto,H4,engine_b_proxy,ob_bos,require_engulf=True|require_vol_expand=True|swing_period=10,both,all,NEEDS_MORE_DATA,6,,,,,,,,,,,,,,,,only 6 trades < min 20,binance_rest
run_20260427_131001,BTC/USDT,crypto,H4,engine_b_proxy,structure_filters,fvg_detection=False|strong_close_pct=0.7,both,all,REJECT,275,0.330909,0.984261,-0.000100,-0.000100,-0.210009,-0.107794,-0.087664,0.275275,3.476364,-0.072856,-0.072856,0.033052,-0.082376,0.413333,,,binance_rest
run_20260427_131001,BTC/USDT,crypto,H4,engine_b_proxy,structure_filters,fvg_detection=True|strong_close_pct=0.7,both,all,REJECT,31,0.290323,0.532260,-0.006807,-0.006807,-0.296767,-1.393350,-1.156590,0.031031,13.451613,-0.204334,-0.204334,-0.177919,-0.057358,0.396048,,,binance_rest
run_20260427_131001,BTC/USDT,crypto,H4,engine_b_proxy,structure_filters,fvg_detection=False|strong_close_pct=0.8,both,all,REJECT,198,0.353535,0.961451,-0.000286,-0.000286,-0.212940,-0.232169,-0.188825,0.198198,4.489899,-0.095617,-0.095617,-0.000634,-0.074721,0.453333,,,binance_rest
run_20260427_131001,BTC/USDT,crypto,H4,engine_b_proxy,structure_filters,fvg_detection=True|strong_close_pct=0.8,both,all,NEEDS_MORE_DATA,19,,,,,,,,,,,,,,1.000000,,only 19 trades < min 20,binance_rest
run_20260427_131001,ADA/USDT,crypto,H1,trend_momentum,ema_cross,adx_min=0|fast_period=10|rsi_confirm=False|slow_period=50,both,all,REJECT,32,0.156250,0.190499,-0.016299,-0.016299,-0.430610,-8.005213,-3.948904,0.032032,31.000000,-0.414192,-0.414192,-0.329770,-0.105546,0.388017,,,binance_rest
run_20260427_131001,ADA/USDT,crypto,H1,trend_momentum,ema_cross,adx_min=0|fast_period=10|rsi_confirm=True|slow_period=50,both,all,REJECT,32,0.156250,0.190499,-0.016299,-0.016299,-0.430610,-8.005213,-3.948904,0.032032,31.000000,-0.414192,-0.414192,-0.329770,-0.105546,0.388017,,,binance_rest
run_20260427_131001,ADA/USDT,crypto,H1,trend_momentum,ema_cross,adx_min=20|fast_period=10|rsi_confirm=False|slow_period=50,both,all,REJECT,32,0.156250,0.190499,-0.016299,-0.016299,-0.430610,-8.005213,-3.948904,0.032032,31.000000,-0.414192,-0.414192,-0.329770,-0.105546,0.388017,,,binance_rest
run_20260427_131001,ADA/USDT,crypto,H1,trend_momentum,ema_cross,adx_min=20|fast_period=10|rsi_confirm=True|slow_period=50,both,all,REJECT,32,0.156250,0.190499,-0.016299,-0.016299,-0.430610,-8.005213,-3.948904,0.032032,31.000000,-0.414192,-0.414192,-0.329770,-0.105546,0.388017,,,binance_rest
run_20260427_131001,ADA/USDT,crypto,H1,trend_momentum,ema_cross,adx_min=25|fast_period=10|rsi_confirm=False|slow_period=50,both,all,REJECT,23,0.217391,0.261564,-0.015115,-0.015115,-0.321071,-5.787302,-2.690951,0.023023,36.173913,-0.301495,-0.301495,-0.278822,-0.031439,0.271827,,,binance_rest
run_20260427_131001,ADA/USDT,crypto,H1,trend_momentum,ema_cross,adx_min=25|fast_period=10|rsi_confirm=True|slow_period=50,both,all,REJECT,23,0.217391,0.261564,-0.015115,-0.015115,-0.321071,-5.787302,-2.690951,0.023023,36.173913,-0.301495,-0.301495,-0.278822,-0.031439,0.271827,,,binance_rest
run_20260427_131001,ADA/USDT,crypto,H1,trend_momentum,ema_cross,adx_min=0|fast_period=10|rsi_confirm=False|slow_period=100,both,all,REJECT,30,0.133333,0.244947,-0.014965,-0.014965,-0.417517,-6.612979,-3.071968,0.030030,33.066667,-0.370675,-0.370675,-0.257027,-0.143523,0.447519,,,binance_rest
run_20260427_131001,ADA/USDT,crypto,H1,trend_momentum,ema_cross,adx_min=0|fast_period=10|rsi_confirm=True|slow_period=100,both,all,REJECT,29,0.137931,0.249837,-0.015101,-0.015101,-0.411024,-6.462505,-2.997024,0.029029,33.310345,-0.363660,-0.363660,-0.257027,-0.143523,0.441519,,,binance_rest
run_20260427_131001,ADA/USDT,crypto,H1,trend_momentum,ema_cross,adx_min=20|fast_period=10|rsi_confirm=False|slow_period=100,both,all,REJECT,29,0.137931,0.250032,-0.015084,-0.015084,-0.410742,-6.456397,-2.993341,0.029029,33.517241,-0.363355,-0.363355,-0.248385,-0.143523,0.447347,,,binance_rest
run_20260427_131001,ADA/USDT,crypto,H1,trend_momentum,ema_cross,adx_min=20|fast_period=10|rsi_confirm=True|slow_period=100,both,all,REJECT,28,0.142857,0.255114,-0.015229,-0.015229,-0.404174,-6.305384,-2.918450,0.028028,33.785714,-0.356259,-0.356259,-0.248385,-0.143523,0.441347,,,binance_rest
run_20260427_131001,ADA/USDT,crypto,H1,trend_momentum,ema_cross,adx_min=25|fast_period=10|rsi_confirm=False|slow_period=100,both,all,REJECT,24,0.166667,0.293943,-0.014596,-0.014596,-0.356479,-5.347774,-2.419582,0.024024,37.166667,-0.304729,-0.304729,-0.239711,-0.075324,0.338269,,,binance_rest
run_20260427_131001,ADA/USDT,crypto,H1,trend_momentum,ema_cross,adx_min=25|fast_period=10|rsi_confirm=True|slow_period=100,both,all,REJECT,23,0.173913,0.300917,-0.014751,-0.014751,-0.349306,-5.189965,-2.343670,0.023023,37.652174,-0.296979,-0.296979,-0.239711,-0.075324,0.332269,,,binance_rest
run_20260427_131001,ADA/USDT,crypto,H1,trend_momentum,ema_cross,adx_min=0|fast_period=10|rsi_confirm=False|slow_period=200,both,all,REJECT,20,0.200000,0.243362,-0.015293,-0.015293,-0.314098,-5.323554,-2.466260,0.020020,49.650000,-0.270994,-0.270994,-0.130556,-0.165208,0.440375,,,binance_rest
run_20260427_131001,ADA/USDT,crypto,H1,trend_momentum,ema_cross,adx_min=0|fast_period=10|rsi_confirm=True|slow_period=200,both,all,REJECT,20,0.200000,0.243362,-0.015293,-0.015293,-0.314098,-5.323554,-2.466260,0.020020,49.650000,-0.270994,-0.270994,-0.130556,-0.165208,0.440375,,,binance_rest
run_20260427_131001,ADA/USDT,crypto,H1,trend_momentum,ema_cross,adx_min=20|fast_period=10|rsi_confirm=False|slow_period=200,both,all,NEEDS_MORE_DATA,19,,,,,,,,,,,,,,1.000000,,only 19 trades < min 20,binance_rest
run_20260427_131001,ADA/USDT,crypto,H1,trend_momentum,ema_cross,adx_min=20|fast_period=10|rsi_confirm=True|slow_period=200,both,all,NEEDS_MORE_DATA,19,,,,,,,,,,,,,,1.000000,,only 19 trades < min 20,binance_rest
run_20260427_131001,ADA/USDT,crypto,H1,trend_momentum,ema_cross,adx_min=25|fast_period=10|rsi_confirm=False|slow_period=200,both,all,NEEDS_MORE_DATA,16,,,,,,,,,,,,,,1.000000,,only 16 trades < min 20,binance_rest
run_20260427_131001,ADA/USDT,crypto,H1,trend_momentum,ema_cross,adx_min=25|fast_period=10|rsi_confirm=True|slow_period=200,both,all,NEEDS_MORE_DATA,16,,,,,,,,,,,,,,1.000000,,only 16 trades < min 20,binance_rest
run_20260427_131001,ADA/USDT,crypto,H1,trend_momentum,ema_cross,adx_min=0|fast_period=20|rsi_confirm=False|slow_period=50,both,all,REJECT,28,0.178571,0.270801,-0.016030,-0.016030,-0.426810,-6.160710,-2.832556,0.028028,35.464286,-0.371914,-0.371914,-0.298197,-0.085335,0.353851,,,binance_rest
run_20260427_131001,ADA/USDT,crypto,H1,trend_momentum,ema_cross,adx_min=0|fast_period=20|rsi_confirm=True|slow_period=50,both,all,REJECT,28,0.178571,0.270801,-0.016030,-0.016030,-0.426810,-6.160710,-2.832556,0.028028,35.464286,-0.371914,-0.371914,-0.298197,-0.085335,0.353851,,,binance_rest
run_20260427_131001,ADA/USDT,crypto,H1,trend_momentum,ema_cross,adx_min=20|fast_period=20|rsi_confirm=False|slow_period=50,both,all,REJECT,28,0.178571,0.270801,-0.016030,-0.016030,-0.426810,-6.160710,-2.832556,0.028028,35.464286,-0.371914,-0.371914,-0.298197,-0.085335,0.353851,,,binance_rest
run_20260427_131001,ADA/USDT,crypto,H1,trend_momentum,ema_cross,adx_min=20|fast_period=20|rsi_confirm=True|slow_period=50,both,all,REJECT,28,0.178571,0.270801,-0.016030,-0.016030,-0.426810,-6.160710,-2.832556,0.028028,35.464286,-0.371914,-0.371914,-0.298197,-0.085335,0.353851,,,binance_rest
run_20260427_131001,ADA/USDT,crypto,H1,trend_momentum,ema_cross,adx_min=25|fast_period=20|rsi_confirm=False|slow_period=50,both,all,REJECT,22,0.227273,0.325580,-0.015732,-0.015732,-0.364212,-4.883281,-2.186509,0.022022,41.045455,-0.303320,-0.303320,-0.274314,-0.039971,0.275713,,,binance_rest
run_20260427_131001,ADA/USDT,crypto,H1,trend_momentum,ema_cross,adx_min=25|fast_period=20|rsi_confirm=True|slow_period=50,both,all,REJECT,22,0.227273,0.325580,-0.015732,-0.015732,-0.364212,-4.883281,-2.186509,0.022022,41.045455,-0.303320,-0.303320,-0.274314,-0.039971,0.275713,,,binance_rest
run_20260427_131001,ADA/USDT,crypto,H1,trend_momentum,ema_cross,adx_min=0|fast_period=20|rsi_confirm=False|slow_period=100,both,all,REJECT,20,0.200000,0.245659,-0.018844,-0.018844,-0.377043,-5.360268,-2.488407,0.020020,49.750000,-0.324370,-0.324370,-0.243889,-0.109659,0.354888,,,binance_rest
run_20260427_131001,ADA/USDT,crypto,H1,trend_momentum,ema_cross,adx_min=0|fast_period=20|rsi_confirm=True|slow_period=100,both,all,NEEDS_MORE_DATA,19,,,,,,,,,,,,,,1.000000,,only 19 trades < min 20,binance_rest
run_20260427_131001,ADA/USDT,crypto,H1,trend_momentum,ema_cross,adx_min=20|fast_period=20|rsi_confirm=False|slow_period=100,both,all,NEEDS_MORE_DATA,19,,,,,,,,,,,,,,1.000000,,only 19 trades < min 20,binance_rest
run_20260427_131001,ADA/USDT,crypto,H1,trend_momentum,ema_cross,adx_min=20|fast_period=20|rsi_confirm=True|slow_period=100,both,all,NEEDS_MORE_DATA,18,,,,,,,,,,,,,,1.000000,,only 18 trades < min 20,binance_rest
run_20260427_131001,ADA/USDT,crypto,H1,trend_momentum,ema_cross,adx_min=25|fast_period=20|rsi_confirm=False|slow_period=100,both,all,NEEDS_MORE_DATA,17,,,,,,,,,,,,,,1.000000,,only 17 trades < min 20,binance_rest
run_20260427_131001,ADA/USDT,crypto,H1,trend_momentum,ema_cross,adx_min=25|fast_period=20|rsi_confirm=True|slow_period=100,both,all,NEEDS_MORE_DATA,16,,,,,,,,,,,,,,1.000000,,only 16 trades < min 20,binance_rest
run_20260427_131001,ADA/USDT,crypto,H1,trend_momentum,ema_cross,adx_min=0|fast_period=20|rsi_confirm=False|slow_period=200,both,all,NEEDS_MORE_DATA,14,,,,,,,,,,,,,,,,only 14 trades < min 20,binance_rest
run_20260427_131001,ADA/USDT,crypto,H1,trend_momentum,ema_cross,adx_min=0|fast_period=20|rsi_confirm=True|slow_period=200,both,all,NEEDS_MORE_DATA,14,,,,,,,,,,,,,,,,only 14 trades < min 20,binance_rest
run_20260427_131001,ADA/USDT,crypto,H1,trend_momentum,ema_cross,adx_min=20|fast_period=20|rsi_confirm=False|slow_period=200,both,all,NEEDS_MORE_DATA,14,,,,,,,,,,,,,,,,only 14 trades < min 20,binance_rest
run_20260427_131001,ADA/USDT,crypto,H1,trend_momentum,ema_cross,adx_min=20|fast_period=20|rsi_confirm=True|slow_period=200,both,all,NEEDS_MORE_DATA,14,,,,,,,,,,,,,,,,only 14 trades < min 20,binance_rest
run_20260427_131001,ADA/USDT,crypto,H1,trend_momentum,ema_cross,adx_min=25|fast_period=20|rsi_confirm=False|slow_period=200,both,all,NEEDS_MORE_DATA,14,,,,,,,,,,,,,,,,only 14 trades < min 20,binance_rest
run_20260427_131001,ADA/USDT,crypto,H1,trend_momentum,ema_cross,adx_min=25|fast_period=20|rsi_confirm=True|slow_period=200,both,all,NEEDS_MORE_DATA,14,,,,,,,,,,,,,,,,only 14 trades < min 20,binance_rest
run_20260427_131001,ADA/USDT,crypto,H1,trend_momentum,ema_alignment,adx_min=0|ema_long=200|ema_mid=50|ema_short=20,both,all,REJECT,30,0.100000,0.365320,-0.006826,-0.006826,-0.235798,-4.043427,-1.721093,0.030030,12.400000,-0.191260,-0.191260,-0.104204,-0.097182,0.586450,,,binance_rest
run_20260427_131001,ADA/USDT,crypto,H1,trend_momentum,ema_alignment,adx_min=20|ema_long=200|ema_mid=50|ema_short=20,both,all,REJECT,29,0.103448,0.385002,-0.006493,-0.006493,-0.222982,-3.749986,-1.587900,0.029029,12.793103,-0.177697,-0.177697,-0.089181,-0.097182,0.561370,,,binance_rest
run_20260427_131001,ADA/USDT,crypto,H1,trend_momentum,ema_alignment,adx_min=25|ema_long=200|ema_mid=50|ema_short=20,both,all,REJECT,25,0.120000,0.435141,-0.006121,-0.006121,-0.194928,-3.084698,-1.294664,0.025025,13.560000,-0.148007,-0.148007,-0.089181,-0.064586,0.485445,,,binance_rest
run_20260427_131001,ADA/USDT,crypto,H1,pullback,pullback_ema,pullback_period=20|rsi_reclaim=False|rsi_threshold=50|trend_period=200,both,all,REJECT,58,0.206897,0.548749,-0.002620,-0.002620,-0.150609,-3.743663,-1.551747,0.058058,7.810345,-0.145179,-0.145179,-0.070211,-0.074914,0.693236,,,binance_rest
run_20260427_131001,ADA/USDT,crypto,H1,pullback,pullback_ema,pullback_period=20|rsi_reclaim=True|rsi_threshold=50|trend_period=200,both,all,REJECT,51,0.235294,0.682667,-0.001684,-0.001684,-0.118055,-2.216167,-0.908036,0.051051,8.509804,-0.086389,-0.086389,-0.008655,-0.072684,0.413333,,,binance_rest
run_20260427_131001,ADA/USDT,crypto,H1,pullback,pullback_ema,pullback_period=50|rsi_reclaim=False|rsi_threshold=50|trend_period=200,both,all,REJECT,48,0.145833,0.591438,-0.003162,-0.003162,-0.221825,-2.629053,-1.081364,0.048048,11.895833,-0.149162,-0.149162,-0.064679,-0.084671,0.635271,,,binance_rest
run_20260427_131001,ADA/USDT,crypto,H1,pullback,pullback_ema,pullback_period=50|rsi_reclaim=True|rsi_threshold=50|trend_period=200,both,all,REJECT,38,0.131579,0.738141,-0.001830,-0.001830,-0.157150,-1.281543,-0.522908,0.038038,13.157895,-0.075131,-0.075131,-0.006242,-0.063537,0.368000,,,binance_rest
run_20260427_131001,ADA/USDT,crypto,H1,breakout,prev_day_hl,atr_expand_min=0.0,both,all,NEEDS_MORE_DATA,16,,,,,,,,,,,,,,1.000000,,only 16 trades < min 20,binance_rest
run_20260427_131001,ADA/USDT,crypto,H1,breakout,prev_day_hl,atr_expand_min=0.5,both,all,NEEDS_MORE_DATA,16,,,,,,,,,,,,,,1.000000,,only 16 trades < min 20,binance_rest
run_20260427_131001,ADA/USDT,crypto,H1,breakout,prev_day_hl,atr_expand_min=1.0,both,all,NEEDS_MORE_DATA,16,,,,,,,,,,,,,,1.000000,,only 16 trades < min 20,binance_rest
run_20260427_131001,ADA/USDT,crypto,H1,breakout,session_opening_range,atr_expand_min=0.0|range_bars=6,both,all,REJECT,53,0.396226,0.831347,-0.001614,-0.001614,-0.219756,-1.242422,-0.506356,0.053053,18.320755,-0.094946,-0.094946,0.045021,-0.140843,0.426667,,,binance_rest
run_20260427_131001,ADA/USDT,crypto,H1,breakout,session_opening_range,atr_expand_min=0.5|range_bars=6,both,all,REJECT,53,0.377358,0.812263,-0.001828,-0.001828,-0.228575,-1.405279,-0.573096,0.053053,18.226415,-0.105176,-0.105176,0.033209,-0.140843,0.426667,,,binance_rest
run_20260427_131001,ADA/USDT,crypto,H1,breakout,session_opening_range,atr_expand_min=0.0|range_bars=12,both,all,REJECT,39,0.307692,0.852811,-0.001456,-0.001456,-0.107656,-0.950996,-0.387413,0.039039,24.897436,-0.065203,-0.065203,-0.046998,-0.005106,0.366592,,,binance_rest
run_20260427_131001,ADA/USDT,crypto,H1,breakout,session_opening_range,atr_expand_min=0.5|range_bars=12,both,all,REJECT,39,0.307692,0.852811,-0.001456,-0.001456,-0.107656,-0.950996,-0.387413,0.039039,24.897436,-0.065203,-0.065203,-0.046998,-0.005106,0.366592,,,binance_rest
run_20260427_131001,ADA/USDT,crypto,H1,breakout,london_breakout,atr_expand_min=0.0|utc_end=11|utc_start=7,both,all,NEEDS_MORE_DATA,13,,,,,,,,,,,,,,1.000000,,only 13 trades < min 20,binance_rest
run_20260427_131001,ADA/USDT,crypto,H1,breakout,london_breakout,atr_expand_min=0.5|utc_end=11|utc_start=7,both,all,NEEDS_MORE_DATA,12,,,,,,,,,,,,,,1.000000,,only 12 trades < min 20,binance_rest
run_20260427_131001,ADA/USDT,crypto,H1,breakout,ny_breakout,atr_expand_min=0.0|utc_end=16|utc_start=13,both,all,NEEDS_MORE_DATA,18,,,,,,,,,,,,,,1.000000,,only 18 trades < min 20,binance_rest
run_20260427_131001,ADA/USDT,crypto,H1,breakout,ny_breakout,atr_expand_min=0.5|utc_end=16|utc_start=13,both,all,NEEDS_MORE_DATA,18,,,,,,,,,,,,,,1.000000,,only 18 trades < min 20,binance_rest
run_20260427_131001,ADA/USDT,crypto,H1,mean_reversion,rsi_extreme,overbought=70|oversold=30|period=14,both,all,NEEDS_MORE_DATA,19,,,,,,,,,,,,,,1.000000,,only 19 trades < min 20,binance_rest
run_20260427_131001,ADA/USDT,crypto,H1,mean_reversion,rsi_extreme,overbought=75|oversold=30|period=14,both,all,NEEDS_MORE_DATA,13,,,,,,,,,,,,,,,,only 13 trades < min 20,binance_rest
run_20260427_131001,ADA/USDT,crypto,H1,mean_reversion,rsi_extreme,overbought=70|oversold=25|period=14,both,all,NEEDS_MORE_DATA,15,,,,,,,,,,,,,,,,only 15 trades < min 20,binance_rest
run_20260427_131001,ADA/USDT,crypto,H1,mean_reversion,rsi_extreme,overbought=75|oversold=25|period=14,both,all,NEEDS_MORE_DATA,9,,,,,,,,,,,,,,,,only 9 trades < min 20,binance_rest
run_20260427_131001,ADA/USDT,crypto,H1,mean_reversion,bollinger_touch,num_std=2.0|period=20,both,all,REJECT,39,0.641026,0.894748,-0.000745,-0.000745,-0.128918,-0.592968,-0.241289,0.039039,14.692308,-0.035845,-0.035845,-0.100893,0.069167,0.414000,,,binance_rest
run_20260427_131001,ADA/USDT,crypto,H1,mean_reversion,bollinger_touch,num_std=2.5|period=20,both,all,REJECT,23,0.565217,0.844827,-0.001235,-0.001235,-0.095608,-0.728792,-0.296900,0.023023,16.391304,-0.032549,-0.032549,-0.066511,0.036382,0.331333,,,binance_rest
run_20260427_131001,ADA/USDT,crypto,H1,mean_reversion,vwap_deviation,std_threshold=1.5,both,all,NEEDS_MORE_DATA,13,,,,,,,,,,,,,,,,only 13 trades < min 20,binance_rest
run_20260427_131001,ADA/USDT,crypto,H1,mean_reversion,vwap_deviation,std_threshold=2.0,both,all,NEEDS_MORE_DATA,11,,,,,,,,,,,,,,,,only 11 trades < min 20,binance_rest
run_20260427_131001,ADA/USDT,crypto,H1,engine_b_proxy,ob_bos,require_engulf=False|require_vol_expand=False|swing_period=5,both,all,REJECT,21,0.285714,0.673935,-0.004802,-0.004802,-0.219306,-1.775145,-0.730748,0.021021,42.333333,-0.104591,-0.104591,-0.036413,-0.057495,0.352311,,,binance_rest
run_20260427_131001,ADA/USDT,crypto,H1,engine_b_proxy,ob_bos,require_engulf=False|require_vol_expand=True|swing_period=5,both,all,NEEDS_MORE_DATA,19,,,,,,,,,,,,,,1.000000,,only 19 trades < min 20,binance_rest
run_20260427_131001,ADA/USDT,crypto,H1,engine_b_proxy,ob_bos,require_engulf=True|require_vol_expand=False|swing_period=5,both,all,NEEDS_MORE_DATA,18,,,,,,,,,,,,,,1.000000,,only 18 trades < min 20,binance_rest
run_20260427_131001,ADA/USDT,crypto,H1,engine_b_proxy,ob_bos,require_engulf=True|require_vol_expand=True|swing_period=5,both,all,NEEDS_MORE_DATA,17,,,,,,,,,,,,,,1.000000,,only 17 trades < min 20,binance_rest
run_20260427_131001,ADA/USDT,crypto,H1,engine_b_proxy,ob_bos,require_engulf=False|require_vol_expand=False|swing_period=10,both,all,NEEDS_MORE_DATA,10,,,,,,,,,,,,,,,,only 10 trades < min 20,binance_rest
run_20260427_131001,ADA/USDT,crypto,H1,engine_b_proxy,ob_bos,require_engulf=False|require_vol_expand=True|swing_period=10,both,all,NEEDS_MORE_DATA,10,,,,,,,,,,,,,,,,only 10 trades < min 20,binance_rest
run_20260427_131001,ADA/USDT,crypto,H1,engine_b_proxy,ob_bos,require_engulf=True|require_vol_expand=False|swing_period=10,both,all,NEEDS_MORE_DATA,10,,,,,,,,,,,,,,,,only 10 trades < min 20,binance_rest
run_20260427_131001,ADA/USDT,crypto,H1,engine_b_proxy,ob_bos,require_engulf=True|require_vol_expand=True|swing_period=10,both,all,NEEDS_MORE_DATA,10,,,,,,,,,,,,,,,,only 10 trades < min 20,binance_rest
run_20260427_131001,ADA/USDT,crypto,H1,engine_b_proxy,structure_filters,fvg_detection=False|strong_close_pct=0.7,both,all,REJECT,272,0.290441,0.671280,-0.001512,-0.001512,-0.370477,-5.707915,-2.337891,0.272272,3.514706,-0.347519,-0.347519,-0.263499,-0.128689,0.559848,,,binance_rest
run_20260427_131001,ADA/USDT,crypto,H1,engine_b_proxy,structure_filters,fvg_detection=False|strong_close_pct=0.8,both,all,REJECT,177,0.322034,0.875032,-0.000639,-0.000639,-0.179481,-1.580588,-0.643325,0.177177,4.926554,-0.120584,-0.120584,-0.115155,-0.022525,0.512015,,,binance_rest
run_20260427_131001,ADA/USDT,crypto,H1,engine_b_proxy,structure_filters,fvg_detection=True|strong_close_pct=0.8,both,all,NEEDS_MORE_DATA,18,,,,,,,,,,,,,,1.000000,,only 18 trades < min 20,binance_rest
run_20260427_131001,ETH/USDT,crypto,H4,trend_momentum,ema_cross,adx_min=0|fast_period=10|rsi_confirm=False|slow_period=50,both,all,REJECT,35,0.257143,0.627284,-0.010375,-0.010375,-0.394244,-1.122479,-0.923527,0.035035,28.342857,-0.353171,-0.353171,-0.312081,-0.027186,0.336133,,,binance_rest
run_20260427_131001,ETH/USDT,crypto,H4,trend_momentum,ema_cross,adx_min=0|fast_period=10|rsi_confirm=True|slow_period=50,both,all,REJECT,33,0.272727,0.711989,-0.007493,-0.007493,-0.350627,-0.782495,-0.640174,0.033033,29.848485,-0.270959,-0.270959,-0.224647,-0.027186,0.334305,,,binance_rest
run_20260427_131001,ETH/USDT,crypto,H4,trend_momentum,ema_cross,adx_min=20|fast_period=10|rsi_confirm=False|slow_period=50,both,all,REJECT,35,0.257143,0.627284,-0.010375,-0.010375,-0.394244,-1.122479,-0.923527,0.035035,28.342857,-0.353171,-0.353171,-0.312081,-0.027186,0.336133,,,binance_rest
run_20260427_131001,ETH/USDT,crypto,H4,trend_momentum,ema_cross,adx_min=20|fast_period=10|rsi_confirm=True|slow_period=50,both,all,REJECT,33,0.272727,0.711989,-0.007493,-0.007493,-0.350627,-0.782495,-0.640174,0.033033,29.848485,-0.270959,-0.270959,-0.224647,-0.027186,0.334305,,,binance_rest
run_20260427_131001,ETH/USDT,crypto,H4,trend_momentum,ema_cross,adx_min=25|fast_period=10|rsi_confirm=False|slow_period=50,both,all,REJECT,30,0.233333,0.619627,-0.011456,-0.011456,-0.381294,-1.074103,-0.884493,0.030030,29.400000,-0.339343,-0.339343,-0.297375,-0.027186,0.307426,,,binance_rest
run_20260427_131001,ETH/USDT,crypto,H4,trend_momentum,ema_cross,adx_min=25|fast_period=10|rsi_confirm=True|slow_period=50,both,all,REJECT,28,0.250000,0.710806,-0.008138,-0.008138,-0.350627,-0.729345,-0.596796,0.028028,31.250000,-0.255373,-0.255373,-0.208071,-0.027186,0.307197,,,binance_rest
run_20260427_131001,ETH/USDT,crypto,H4,trend_momentum,ema_cross,adx_min=0|fast_period=10|rsi_confirm=False|slow_period=100,both,all,REJECT,21,0.238095,0.556087,-0.015609,-0.015609,-0.391801,-1.000344,-0.826378,0.021021,41.428571,-0.329072,-0.329072,-0.117601,-0.206602,0.298961,,,binance_rest
run_20260427_131001,ETH/USDT,crypto,H4,trend_momentum,ema_cross,adx_min=0|fast_period=10|rsi_confirm=True|slow_period=100,both,all,NEEDS_MORE_DATA,19,,,,,,,,,,,,,,1.000000,,only 19 trades < min 20,binance_rest
run_20260427_131001,ETH/USDT,crypto,H4,trend_momentum,ema_cross,adx_min=20|fast_period=10|rsi_confirm=False|slow_period=100,both,all,REJECT,21,0.238095,0.556087,-0.015609,-0.015609,-0.391801,-1.000344,-0.826378,0.021021,41.428571,-0.329072,-0.329072,-0.117601,-0.206602,0.298961,,,binance_rest
run_20260427_131001,ETH/USDT,crypto,H4,trend_momentum,ema_cross,adx_min=20|fast_period=10|rsi_confirm=True|slow_period=100,both,all,NEEDS_MORE_DATA,19,,,,,,,,,,,,,,1.000000,,only 19 trades < min 20,binance_rest
run_20260427_131001,ETH/USDT,crypto,H4,trend_momentum,ema_cross,adx_min=25|fast_period=10|rsi_confirm=False|slow_period=100,both,all,REJECT,20,0.250000,0.623380,-0.012404,-0.012404,-0.339127,-0.772198,-0.634147,0.020020,42.700000,-0.270965,-0.270965,-0.041388,-0.206602,0.220000,,,binance_rest
run_20260427_131001,ETH/USDT,crypto,H4,trend_momentum,ema_cross,adx_min=25|fast_period=10|rsi_confirm=True|slow_period=100,both,all,NEEDS_MORE_DATA,18,,,,,,,,,,,,,,1.000000,,only 18 trades < min 20,binance_rest
run_20260427_131001,ETH/USDT,crypto,H4,trend_momentum,ema_cross,adx_min=0|fast_period=10|rsi_confirm=False|slow_period=200,both,all,NEEDS_MORE_DATA,17,,,,,,,,,,,,,,1.000000,,only 17 trades < min 20,binance_rest
run_20260427_131001,ETH/USDT,crypto,H4,trend_momentum,ema_cross,adx_min=0|fast_period=10|rsi_confirm=True|slow_period=200,both,all,NEEDS_MORE_DATA,15,,,,,,,,,,,,,,1.000000,,only 15 trades < min 20,binance_rest
run_20260427_131001,ETH/USDT,crypto,H4,trend_momentum,ema_cross,adx_min=20|fast_period=10|rsi_confirm=False|slow_period=200,both,all,NEEDS_MORE_DATA,17,,,,,,,,,,,,,,1.000000,,only 17 trades < min 20,binance_rest
run_20260427_131001,ETH/USDT,crypto,H4,trend_momentum,ema_cross,adx_min=20|fast_period=10|rsi_confirm=True|slow_period=200,both,all,NEEDS_MORE_DATA,15,,,,,,,,,,,,,,1.000000,,only 15 trades < min 20,binance_rest
run_20260427_131001,ETH/USDT,crypto,H4,trend_momentum,ema_cross,adx_min=25|fast_period=10|rsi_confirm=False|slow_period=200,both,all,NEEDS_MORE_DATA,16,,,,,,,,,,,,,,1.000000,,only 16 trades < min 20,binance_rest
run_20260427_131001,ETH/USDT,crypto,H4,trend_momentum,ema_cross,adx_min=25|fast_period=10|rsi_confirm=True|slow_period=200,both,all,NEEDS_MORE_DATA,14,,,,,,,,,,,,,,1.000000,,only 14 trades < min 20,binance_rest
run_20260427_131001,ETH/USDT,crypto,H4,trend_momentum,ema_cross,adx_min=0|fast_period=20|rsi_confirm=False|slow_period=50,both,all,REJECT,25,0.280000,0.636404,-0.012700,-0.012700,-0.418588,-0.920027,-0.756516,0.025025,39.640000,-0.328607,-0.328607,-0.192219,-0.115052,0.429564,,,binance_rest
run_20260427_131001,ETH/USDT,crypto,H4,trend_momentum,ema_cross,adx_min=0|fast_period=20|rsi_confirm=True|slow_period=50,both,all,REJECT,24,0.291667,0.719838,-0.009015,-0.009015,-0.418588,-0.645347,-0.527793,0.024024,40.958333,-0.253085,-0.253085,-0.101356,-0.115052,0.503461,,,binance_rest
run_20260427_131001,ETH/USDT,crypto,H4,trend_momentum,ema_cross,adx_min=20|fast_period=20|rsi_confirm=False|slow_period=50,both,all,REJECT,25,0.280000,0.636404,-0.012700,-0.012700,-0.418588,-0.920027,-0.756516,0.025025,39.640000,-0.328607,-0.328607,-0.192219,-0.115052,0.429564,,,binance_rest
run_20260427_131001,ETH/USDT,crypto,H4,trend_momentum,ema_cross,adx_min=20|fast_period=20|rsi_confirm=True|slow_period=50,both,all,REJECT,24,0.291667,0.719838,-0.009015,-0.009015,-0.418588,-0.645347,-0.527793,0.024024,40.958333,-0.253085,-0.253085,-0.101356,-0.115052,0.503461,,,binance_rest
run_20260427_131001,ETH/USDT,crypto,H4,trend_momentum,ema_cross,adx_min=25|fast_period=20|rsi_confirm=False|slow_period=50,both,all,REJECT,24,0.250000,0.592947,-0.014807,-0.014807,-0.418588,-1.034017,-0.853272,0.024024,38.583333,-0.353094,-0.353094,-0.221681,-0.115052,0.399700,,,binance_rest
run_20260427_131001,ETH/USDT,crypto,H4,trend_momentum,ema_cross,adx_min=25|fast_period=20|rsi_confirm=True|slow_period=50,both,all,REJECT,23,0.260870,0.670721,-0.011053,-0.011053,-0.418588,-0.761601,-0.624481,0.023023,39.913043,-0.280327,-0.280327,-0.134131,-0.115052,0.495328,,,binance_rest
run_20260427_131001,ETH/USDT,crypto,H4,trend_momentum,ema_cross,adx_min=0|fast_period=20|rsi_confirm=False|slow_period=100,both,all,NEEDS_MORE_DATA,15,,,,,,,,,,,,,,1.000000,,only 15 trades < min 20,binance_rest
run_20260427_131001,ETH/USDT,crypto,H4,trend_momentum,ema_cross,adx_min=0|fast_period=20|rsi_confirm=True|slow_period=100,both,all,NEEDS_MORE_DATA,14,,,,,,,,,,,,,,1.000000,,only 14 trades < min 20,binance_rest
run_20260427_131001,ETH/USDT,crypto,H4,trend_momentum,ema_cross,adx_min=20|fast_period=20|rsi_confirm=False|slow_period=100,both,all,NEEDS_MORE_DATA,15,,,,,,,,,,,,,,1.000000,,only 15 trades < min 20,binance_rest
run_20260427_131001,ETH/USDT,crypto,H4,trend_momentum,ema_cross,adx_min=20|fast_period=20|rsi_confirm=True|slow_period=100,both,all,NEEDS_MORE_DATA,14,,,,,,,,,,,,,,1.000000,,only 14 trades < min 20,binance_rest
run_20260427_131001,ETH/USDT,crypto,H4,trend_momentum,ema_cross,adx_min=25|fast_period=20|rsi_confirm=False|slow_period=100,both,all,NEEDS_MORE_DATA,14,,,,,,,,,,,,,,1.000000,,only 14 trades < min 20,binance_rest
run_20260427_131001,ETH/USDT,crypto,H4,trend_momentum,ema_cross,adx_min=25|fast_period=20|rsi_confirm=True|slow_period=100,both,all,NEEDS_MORE_DATA,13,,,,,,,,,,,,,,1.000000,,only 13 trades < min 20,binance_rest
run_20260427_131001,ETH/USDT,crypto,H4,trend_momentum,ema_cross,adx_min=0|fast_period=20|rsi_confirm=False|slow_period=200,both,all,NEEDS_MORE_DATA,15,,,,,,,,,,,,,,,,only 15 trades < min 20,binance_rest
run_20260427_131001,ETH/USDT,crypto,H4,trend_momentum,ema_cross,adx_min=0|fast_period=20|rsi_confirm=True|slow_period=200,both,all,NEEDS_MORE_DATA,14,,,,,,,,,,,,,,,,only 14 trades < min 20,binance_rest
run_20260427_131001,ETH/USDT,crypto,H4,trend_momentum,ema_cross,adx_min=20|fast_period=20|rsi_confirm=False|slow_period=200,both,all,NEEDS_MORE_DATA,15,,,,,,,,,,,,,,,,only 15 trades < min 20,binance_rest
run_20260427_131001,ETH/USDT,crypto,H4,trend_momentum,ema_cross,adx_min=20|fast_period=20|rsi_confirm=True|slow_period=200,both,all,NEEDS_MORE_DATA,14,,,,,,,,,,,,,,,,only 14 trades < min 20,binance_rest
run_20260427_131001,ETH/USDT,crypto,H4,trend_momentum,ema_cross,adx_min=25|fast_period=20|rsi_confirm=False|slow_period=200,both,all,NEEDS_MORE_DATA,14,,,,,,,,,,,,,,,,only 14 trades < min 20,binance_rest
run_20260427_131001,ETH/USDT,crypto,H4,trend_momentum,ema_cross,adx_min=25|fast_period=20|rsi_confirm=True|slow_period=200,both,all,NEEDS_MORE_DATA,13,,,,,,,,,,,,,,,,only 13 trades < min 20,binance_rest
run_20260427_131001,ETH/USDT,crypto,H4,trend_momentum,ema_alignment,adx_min=0|ema_long=200|ema_mid=50|ema_short=20,both,all,REJECT,26,0.153846,0.856166,-0.002787,-0.002787,-0.201808,-0.273960,-0.223005,0.026026,17.923077,-0.112066,-0.112066,-0.027322,-0.087125,0.282667,,,binance_rest
run_20260427_131001,ETH/USDT,crypto,H4,trend_momentum,ema_alignment,adx_min=20|ema_long=200|ema_mid=50|ema_short=20,both,all,REJECT,26,0.153846,0.856166,-0.002787,-0.002787,-0.201808,-0.273960,-0.223005,0.026026,17.923077,-0.112066,-0.112066,-0.027322,-0.087125,0.270286,,,binance_rest
run_20260427_131001,ETH/USDT,crypto,H4,trend_momentum,ema_alignment,adx_min=25|ema_long=200|ema_mid=50|ema_short=20,both,all,REJECT,25,0.120000,0.762960,-0.005024,-0.005024,-0.242102,-0.474960,-0.387390,0.025025,17.680000,-0.158040,-0.158040,-0.078445,-0.086370,0.537876,,,binance_rest
run_20260427_131001,ETH/USDT,crypto,H4,trend_momentum,macd_direction,adx_min=0|fast=12|signal_period=9|slow=26,both,all,REJECT,82,0.341463,0.598140,-0.008990,-0.008990,-0.561512,-2.152719,-1.781528,0.082082,12.170732,-0.561512,-0.561512,-0.446468,-0.239110,0.587334,,,binance_rest
run_20260427_131001,ETH/USDT,crypto,H4,trend_momentum,macd_direction,adx_min=20|fast=12|signal_period=9|slow=26,both,all,REJECT,82,0.341463,0.598140,-0.008990,-0.008990,-0.561512,-2.152719,-1.781528,0.082082,12.170732,-0.561512,-0.561512,-0.446468,-0.239110,0.614001,,,binance_rest
run_20260427_131001,ETH/USDT,crypto,H4,pullback,pullback_ema,pullback_period=20|rsi_reclaim=False|rsi_threshold=50|trend_period=200,both,all,REJECT,65,0.276923,0.906445,-0.001202,-0.001202,-0.296253,-0.263606,-0.214449,0.065065,8.046154,-0.128453,-0.128453,-0.165903,0.013330,0.413333,,,binance_rest
run_20260427_131001,ETH/USDT,crypto,H4,pullback,pullback_ema,pullback_period=20|rsi_reclaim=True|rsi_threshold=50|trend_period=200,both,all,REJECT,57,0.298246,1.060135,0.000745,0.000745,-0.252060,0.145390,0.118252,0.057057,8.701754,-0.014860,-0.014860,-0.060338,0.016724,0.413333,,,binance_rest
run_20260427_131001,ETH/USDT,crypto,H4,pullback,pullback_ema,pullback_period=50|rsi_reclaim=False|rsi_threshold=50|trend_period=200,both,all,REJECT,51,0.137255,0.691115,-0.005020,-0.005020,-0.319158,-0.865160,-0.706855,0.051051,12.411765,-0.270416,-0.270416,-0.181652,-0.086186,0.582338,,,binance_rest
run_20260427_131001,ETH/USDT,crypto,H4,pullback,pullback_ema,pullback_period=50|rsi_reclaim=True|rsi_threshold=50|trend_period=200,both,all,REJECT,35,0.171429,0.921467,-0.001342,-0.001342,-0.244706,-0.162356,-0.132068,0.035035,14.428571,-0.098095,-0.098095,-0.041534,-0.035495,0.606377,,,binance_rest
run_20260427_131001,ETH/USDT,crypto,H4,breakout,session_opening_range,atr_expand_min=0.0|range_bars=12,both,all,REJECT,33,0.212121,0.467186,-0.018671,-0.018671,-0.499682,-1.987742,-1.682219,0.033033,28.242424,-0.496587,-0.496587,-0.423251,-0.086321,0.359184,,,binance_rest
run_20260427_131001,ETH/USDT,crypto,H4,breakout,session_opening_range,atr_expand_min=0.5|range_bars=12,both,all,REJECT,33,0.212121,0.467186,-0.018671,-0.018671,-0.499682,-1.987742,-1.682219,0.033033,28.242424,-0.496587,-0.496587,-0.423251,-0.086321,0.359184,,,binance_rest
run_20260427_131001,ETH/USDT,crypto,H4,breakout,london_breakout,atr_expand_min=0.0|utc_end=11|utc_start=7,both,all,NEEDS_MORE_DATA,19,,,,,,,,,,,,,,1.000000,,only 19 trades < min 20,binance_rest
run_20260427_131001,ETH/USDT,crypto,H4,breakout,london_breakout,atr_expand_min=0.5|utc_end=11|utc_start=7,both,all,NEEDS_MORE_DATA,18,,,,,,,,,,,,,,1.000000,,only 18 trades < min 20,binance_rest
run_20260427_131001,ETH/USDT,crypto,H4,breakout,ny_breakout,atr_expand_min=0.0|utc_end=16|utc_start=13,both,all,NEEDS_MORE_DATA,0,,,,,,,,,,,,,,1.000000,,only 0 trades < min 20,binance_rest
run_20260427_131001,ETH/USDT,crypto,H4,breakout,ny_breakout,atr_expand_min=0.5|utc_end=16|utc_start=13,both,all,NEEDS_MORE_DATA,0,,,,,,,,,,,,,,1.000000,,only 0 trades < min 20,binance_rest
run_20260427_131001,ETH/USDT,crypto,H4,mean_reversion,rsi_extreme,overbought=70|oversold=30|period=14,both,all,NEEDS_MORE_DATA,18,,,,,,,,,,,,,,1.000000,,only 18 trades < min 20,binance_rest
run_20260427_131001,ETH/USDT,crypto,H4,mean_reversion,rsi_extreme,overbought=75|oversold=30|period=14,both,all,NEEDS_MORE_DATA,11,,,,,,,,,,,,,,,,only 11 trades < min 20,binance_rest
run_20260427_131001,ETH/USDT,crypto,H4,mean_reversion,rsi_extreme,overbought=70|oversold=25|period=14,both,all,NEEDS_MORE_DATA,14,,,,,,,,,,,,,,,,only 14 trades < min 20,binance_rest
run_20260427_131001,ETH/USDT,crypto,H4,mean_reversion,rsi_extreme,overbought=75|oversold=25|period=14,both,all,NEEDS_MORE_DATA,7,,,,,,,,,,,,,,,,only 7 trades < min 20,binance_rest
run_20260427_131001,ETH/USDT,crypto,H4,mean_reversion,vwap_deviation,std_threshold=1.5,both,all,NEEDS_MORE_DATA,8,,,,,,,,,,,,,,,,only 8 trades < min 20,binance_rest
run_20260427_131001,ETH/USDT,crypto,H4,mean_reversion,vwap_deviation,std_threshold=2.0,both,all,NEEDS_MORE_DATA,7,,,,,,,,,,,,,,,,only 7 trades < min 20,binance_rest
run_20260427_131001,ETH/USDT,crypto,H4,engine_b_proxy,ob_bos,require_engulf=False|require_vol_expand=False|swing_period=5,both,all,NEEDS_MORE_DATA,16,,,,,,,,,,,,,,1.000000,,only 16 trades < min 20,binance_rest
run_20260427_131001,ETH/USDT,crypto,H4,engine_b_proxy,ob_bos,require_engulf=False|require_vol_expand=True|swing_period=5,both,all,NEEDS_MORE_DATA,13,,,,,,,,,,,,,,1.000000,,only 13 trades < min 20,binance_rest
run_20260427_131001,ETH/USDT,crypto,H4,engine_b_proxy,ob_bos,require_engulf=True|require_vol_expand=False|swing_period=5,both,all,NEEDS_MORE_DATA,14,,,,,,,,,,,,,,1.000000,,only 14 trades < min 20,binance_rest
run_20260427_131001,ETH/USDT,crypto,H4,engine_b_proxy,ob_bos,require_engulf=True|require_vol_expand=True|swing_period=5,both,all,NEEDS_MORE_DATA,13,,,,,,,,,,,,,,1.000000,,only 13 trades < min 20,binance_rest
run_20260427_131001,ETH/USDT,crypto,H4,engine_b_proxy,ob_bos,require_engulf=False|require_vol_expand=False|swing_period=10,both,all,NEEDS_MORE_DATA,9,,,,,,,,,,,,,,,,only 9 trades < min 20,binance_rest
run_20260427_131001,ETH/USDT,crypto,H4,engine_b_proxy,ob_bos,require_engulf=False|require_vol_expand=True|swing_period=10,both,all,NEEDS_MORE_DATA,9,,,,,,,,,,,,,,,,only 9 trades < min 20,binance_rest
run_20260427_131001,ETH/USDT,crypto,H4,engine_b_proxy,ob_bos,require_engulf=True|require_vol_expand=False|swing_period=10,both,all,NEEDS_MORE_DATA,9,,,,,,,,,,,,,,,,only 9 trades < min 20,binance_rest
run_20260427_131001,ETH/USDT,crypto,H4,engine_b_proxy,ob_bos,require_engulf=True|require_vol_expand=True|swing_period=10,both,all,NEEDS_MORE_DATA,9,,,,,,,,,,,,,,,,only 9 trades < min 20,binance_rest
run_20260427_131001,ETH/USDT,crypto,H4,engine_b_proxy,structure_filters,fvg_detection=False|strong_close_pct=0.7,both,all,REJECT,273,0.307692,0.817280,-0.001786,-0.001786,-0.515098,-1.427861,-1.163298,0.273273,3.523810,-0.437212,-0.437212,-0.404326,-0.074481,0.468596,,,binance_rest
run_20260427_131001,ETH/USDT,crypto,H4,engine_b_proxy,structure_filters,fvg_detection=True|strong_close_pct=0.7,both,all,REJECT,25,0.280000,0.442547,-0.016378,-0.016378,-0.511320,-1.424251,-1.189817,0.025025,14.000000,-0.378341,-0.378341,-0.294928,-0.118304,0.383672,,,binance_rest
run_20260427_131001,ETH/USDT,crypto,H4,engine_b_proxy,structure_filters,fvg_detection=True|strong_close_pct=0.8,both,all,REJECT,20,0.350000,0.519024,-0.015061,-0.015061,-0.460676,-1.062032,-0.879930,0.020020,13.450000,-0.306077,-0.306077,-0.247162,-0.078258,0.314988,,,binance_rest
run_20260427_131001,SOL/USDT,crypto,H4,trend_momentum,ema_cross,adx_min=0|fast_period=10|rsi_confirm=False|slow_period=50,both,all,REJECT,33,0.181818,0.401577,-0.023387,-0.023387,-0.580486,-2.077888,-1.765312,0.033033,30.242424,-0.580486,-0.580486,-0.474873,-0.175186,0.408673,,,binance_rest
run_20260427_131001,SOL/USDT,crypto,H4,trend_momentum,ema_cross,adx_min=0|fast_period=10|rsi_confirm=True|slow_period=50,both,all,REJECT,32,0.187500,0.428568,-0.021587,-0.021587,-0.561385,-1.889055,-1.594236,0.032032,30.906250,-0.543538,-0.543538,-0.428623,-0.175186,0.414615,,,binance_rest
run_20260427_131001,SOL/USDT,crypto,H4,trend_momentum,ema_cross,adx_min=20|fast_period=10|rsi_confirm=False|slow_period=50,both,all,REJECT,31,0.161290,0.352317,-0.026681,-0.026681,-0.602180,-2.253002,-1.936684,0.031031,27.322581,-0.602180,-0.602180,-0.508307,-0.164654,0.383178,,,binance_rest
run_20260427_131001,SOL/USDT,crypto,H4,trend_momentum,ema_cross,adx_min=20|fast_period=10|rsi_confirm=True|slow_period=50,both,all,REJECT,30,0.166667,0.376267,-0.024872,-0.024872,-0.584067,-2.065046,-1.761641,0.030030,27.933333,-0.567142,-0.567142,-0.465001,-0.164654,0.386228,,,binance_rest
run_20260427_131001,SOL/USDT,crypto,H4,trend_momentum,ema_cross,adx_min=25|fast_period=10|rsi_confirm=False|slow_period=50,both,all,REJECT,25,0.200000,0.422283,-0.024621,-0.024621,-0.505838,-1.718617,-1.454154,0.025025,32.400000,-0.505838,-0.505838,-0.410829,-0.134031,0.347874,,,binance_rest
run_20260427_131001,SOL/USDT,crypto,H4,trend_momentum,ema_cross,adx_min=25|fast_period=10|rsi_confirm=True|slow_period=50,both,all,REJECT,24,0.208333,0.457118,-0.022274,-0.022274,-0.483339,-1.517866,-1.274525,0.024024,33.375000,-0.462315,-0.462315,-0.358939,-0.134031,0.356023,,,binance_rest
run_20260427_131001,SOL/USDT,crypto,H4,trend_momentum,ema_cross,adx_min=0|fast_period=10|rsi_confirm=False|slow_period=100,both,all,REJECT,22,0.181818,0.518841,-0.017934,-0.017934,-0.389307,-1.189556,-0.988181,0.022022,41.636364,-0.373564,-0.373564,-0.110061,-0.259074,0.232000,,,binance_rest
run_20260427_131001,SOL/USDT,crypto,H4,trend_momentum,ema_cross,adx_min=0|fast_period=10|rsi_confirm=True|slow_period=100,both,all,REJECT,21,0.190476,0.575692,-0.014932,-0.014932,-0.389307,-0.964348,-0.795747,0.021021,43.190476,-0.318381,-0.318381,-0.031665,-0.259074,0.226000,,,binance_rest
run_20260427_131001,SOL/USDT,crypto,H4,trend_momentum,ema_cross,adx_min=20|fast_period=10|rsi_confirm=False|slow_period=100,both,all,REJECT,22,0.181818,0.518841,-0.017934,-0.017934,-0.389307,-1.189556,-0.988181,0.022022,41.636364,-0.373564,-0.373564,-0.110061,-0.259074,0.232000,,,binance_rest
run_20260427_131001,SOL/USDT,crypto,H4,trend_momentum,ema_cross,adx_min=20|fast_period=10|rsi_confirm=True|slow_period=100,both,all,REJECT,21,0.190476,0.575692,-0.014932,-0.014932,-0.389307,-0.964348,-0.795747,0.021021,43.190476,-0.318381,-0.318381,-0.031665,-0.259074,0.226000,,,binance_rest
run_20260427_131001,SOL/USDT,crypto,H4,trend_momentum,ema_cross,adx_min=25|fast_period=10|rsi_confirm=False|slow_period=100,both,all,REJECT,21,0.190476,0.540150,-0.017247,-0.017247,-0.389307,-1.095430,-0.907811,0.021021,42.333333,-0.352618,-0.352618,-0.080304,-0.259074,0.226000,,,binance_rest
run_20260427_131001,SOL/USDT,crypto,H4,trend_momentum,ema_cross,adx_min=25|fast_period=10|rsi_confirm=True|slow_period=100,both,all,REJECT,20,0.200000,0.602046,-0.014061,-0.014061,-0.389307,-0.867684,-0.714413,0.020020,44.000000,-0.295590,-0.295590,0.000713,-0.259074,0.220000,,,binance_rest
run_20260427_131001,SOL/USDT,crypto,H4,trend_momentum,ema_cross,adx_min=0|fast_period=10|rsi_confirm=False|slow_period=200,both,all,NEEDS_MORE_DATA,10,,,,,,,,,,,,,,1.000000,,only 10 trades < min 20,binance_rest
run_20260427_131001,SOL/USDT,crypto,H4,trend_momentum,ema_cross,adx_min=0|fast_period=10|rsi_confirm=True|slow_period=200,both,all,NEEDS_MORE_DATA,8,,,,,,,,,,,,,,1.000000,,only 8 trades < min 20,binance_rest
run_20260427_131001,SOL/USDT,crypto,H4,trend_momentum,ema_cross,adx_min=20|fast_period=10|rsi_confirm=False|slow_period=200,both,all,NEEDS_MORE_DATA,10,,,,,,,,,,,,,,1.000000,,only 10 trades < min 20,binance_rest
run_20260427_131001,SOL/USDT,crypto,H4,trend_momentum,ema_cross,adx_min=20|fast_period=10|rsi_confirm=True|slow_period=200,both,all,NEEDS_MORE_DATA,8,,,,,,,,,,,,,,1.000000,,only 8 trades < min 20,binance_rest
run_20260427_131001,SOL/USDT,crypto,H4,trend_momentum,ema_cross,adx_min=25|fast_period=10|rsi_confirm=False|slow_period=200,both,all,NEEDS_MORE_DATA,10,,,,,,,,,,,,,,1.000000,,only 10 trades < min 20,binance_rest
run_20260427_131001,SOL/USDT,crypto,H4,trend_momentum,ema_cross,adx_min=25|fast_period=10|rsi_confirm=True|slow_period=200,both,all,NEEDS_MORE_DATA,8,,,,,,,,,,,,,,1.000000,,only 8 trades < min 20,binance_rest
run_20260427_131001,SOL/USDT,crypto,H4,trend_momentum,ema_cross,adx_min=0|fast_period=20|rsi_confirm=False|slow_period=50,both,all,REJECT,24,0.208333,0.457492,-0.022822,-0.022822,-0.474084,-1.556167,-1.308896,0.024024,36.791667,-0.468931,-0.468931,-0.368206,-0.129846,0.349793,,,binance_rest
run_20260427_131001,SOL/USDT,crypto,H4,trend_momentum,ema_cross,adx_min=0|fast_period=20|rsi_confirm=True|slow_period=50,both,all,REJECT,23,0.217391,0.497385,-0.020293,-0.020293,-0.427753,-1.349526,-1.126705,0.023023,38.000000,-0.422146,-0.422146,-0.312548,-0.129846,0.362633,,,binance_rest
run_20260427_131001,SOL/USDT,crypto,H4,trend_momentum,ema_cross,adx_min=20|fast_period=20|rsi_confirm=False|slow_period=50,both,all,REJECT,23,0.173913,0.399348,-0.026367,-0.026367,-0.503258,-1.738992,-1.478431,0.023023,33.391304,-0.498391,-0.498391,-0.403253,-0.129846,0.334599,,,binance_rest
run_20260427_131001,SOL/USDT,crypto,H4,trend_momentum,ema_cross,adx_min=20|fast_period=20|rsi_confirm=True|slow_period=50,both,all,REJECT,22,0.181818,0.434171,-0.023884,-0.023884,-0.459497,-1.533871,-1.292940,0.022022,34.500000,-0.454201,-0.454201,-0.350683,-0.129846,0.343080,,,binance_rest
run_20260427_131001,SOL/USDT,crypto,H4,trend_momentum,ema_cross,adx_min=25|fast_period=20|rsi_confirm=False|slow_period=50,both,all,REJECT,22,0.181818,0.407941,-0.026598,-0.026598,-0.492464,-1.679958,-1.426699,0.022022,34.500000,-0.487491,-0.487491,-0.390287,-0.129846,0.331808,,,binance_rest
run_20260427_131001,SOL/USDT,crypto,H4,trend_momentum,ema_cross,adx_min=25|fast_period=20|rsi_confirm=True|slow_period=50,both,all,REJECT,21,0.190476,0.444347,-0.024009,-0.024009,-0.447753,-1.473577,-1.240637,0.021021,35.714286,-0.442342,-0.442342,-0.336573,-0.129846,0.341736,,,binance_rest
run_20260427_131001,SOL/USDT,crypto,H4,trend_momentum,ema_cross,adx_min=0|fast_period=20|rsi_confirm=False|slow_period=100,both,all,NEEDS_MORE_DATA,14,,,,,,,,,,,,,,1.000000,,only 14 trades < min 20,binance_rest
run_20260427_131001,SOL/USDT,crypto,H4,trend_momentum,ema_cross,adx_min=0|fast_period=20|rsi_confirm=True|slow_period=100,both,all,NEEDS_MORE_DATA,13,,,,,,,,,,,,,,1.000000,,only 13 trades < min 20,binance_rest
run_20260427_131001,SOL/USDT,crypto,H4,trend_momentum,ema_cross,adx_min=20|fast_period=20|rsi_confirm=False|slow_period=100,both,all,NEEDS_MORE_DATA,14,,,,,,,,,,,,,,1.000000,,only 14 trades < min 20,binance_rest
run_20260427_131001,SOL/USDT,crypto,H4,trend_momentum,ema_cross,adx_min=20|fast_period=20|rsi_confirm=True|slow_period=100,both,all,NEEDS_MORE_DATA,13,,,,,,,,,,,,,,1.000000,,only 13 trades < min 20,binance_rest
run_20260427_131001,SOL/USDT,crypto,H4,trend_momentum,ema_cross,adx_min=25|fast_period=20|rsi_confirm=False|slow_period=100,both,all,NEEDS_MORE_DATA,12,,,,,,,,,,,,,,1.000000,,only 12 trades < min 20,binance_rest
run_20260427_131001,SOL/USDT,crypto,H4,trend_momentum,ema_cross,adx_min=25|fast_period=20|rsi_confirm=True|slow_period=100,both,all,NEEDS_MORE_DATA,11,,,,,,,,,,,,,,1.000000,,only 11 trades < min 20,binance_rest
run_20260427_131001,SOL/USDT,crypto,H4,trend_momentum,ema_cross,adx_min=0|fast_period=20|rsi_confirm=False|slow_period=200,both,all,NEEDS_MORE_DATA,8,,,,,,,,,,,,,,,,only 8 trades < min 20,binance_rest
run_20260427_131001,SOL/USDT,crypto,H4,trend_momentum,ema_cross,adx_min=0|fast_period=20|rsi_confirm=True|slow_period=200,both,all,NEEDS_MORE_DATA,7,,,,,,,,,,,,,,,,only 7 trades < min 20,binance_rest
run_20260427_131001,SOL/USDT,crypto,H4,trend_momentum,ema_cross,adx_min=20|fast_period=20|rsi_confirm=False|slow_period=200,both,all,NEEDS_MORE_DATA,8,,,,,,,,,,,,,,,,only 8 trades < min 20,binance_rest
run_20260427_131001,SOL/USDT,crypto,H4,trend_momentum,ema_cross,adx_min=20|fast_period=20|rsi_confirm=True|slow_period=200,both,all,NEEDS_MORE_DATA,7,,,,,,,,,,,,,,,,only 7 trades < min 20,binance_rest
run_20260427_131001,SOL/USDT,crypto,H4,trend_momentum,ema_cross,adx_min=25|fast_period=20|rsi_confirm=False|slow_period=200,both,all,NEEDS_MORE_DATA,8,,,,,,,,,,,,,,,,only 8 trades < min 20,binance_rest
run_20260427_131001,SOL/USDT,crypto,H4,trend_momentum,ema_cross,adx_min=25|fast_period=20|rsi_confirm=True|slow_period=200,both,all,NEEDS_MORE_DATA,7,,,,,,,,,,,,,,,,only 7 trades < min 20,binance_rest
run_20260427_131001,SOL/USDT,crypto,H4,trend_momentum,ema_alignment,adx_min=0|ema_long=200|ema_mid=50|ema_short=20,both,all,REJECT,31,0.225806,0.854179,-0.002200,-0.002200,-0.199625,-0.256232,-0.208522,0.031031,15.645161,-0.108087,-0.108087,0.015097,-0.121351,0.312667,,,binance_rest
run_20260427_131001,SOL/USDT,crypto,H4,trend_momentum,ema_alignment,adx_min=20|ema_long=200|ema_mid=50|ema_short=20,both,all,REJECT,29,0.241379,0.897115,-0.001580,-0.001580,-0.199625,-0.172398,-0.140249,0.029029,16.275862,-0.087743,-0.087743,0.015097,-0.101311,0.288286,,,binance_rest
run_20260427_131001,SOL/USDT,crypto,H4,trend_momentum,ema_alignment,adx_min=25|ema_long=200|ema_mid=50|ema_short=20,both,all,REJECT,21,0.285714,1.126491,0.002061,0.002061,-0.176853,0.164428,0.133777,0.021021,19.095238,-0.001697,-0.001697,0.037748,-0.038011,0.244182,,,binance_rest
run_20260427_131001,SOL/USDT,crypto,H4,trend_momentum,macd_direction,adx_min=0|fast=12|signal_period=9|slow=26,both,all,REJECT,87,0.310345,0.508475,-0.011860,-0.011860,-0.679113,-2.951972,-2.476753,0.087087,11.459770,-0.675266,-0.675266,-0.527335,-0.349927,0.625739,,,binance_rest
run_20260427_131001,SOL/USDT,crypto,H4,trend_momentum,macd_direction,adx_min=20|fast=12|signal_period=9|slow=26,both,all,REJECT,81,0.320988,0.521673,-0.012057,-0.012057,-0.660783,-2.799260,-2.346524,0.081081,11.802469,-0.656717,-0.656717,-0.522900,-0.319182,0.636456,,,binance_rest
run_20260427_131001,SOL/USDT,crypto,H4,pullback,pullback_ema,pullback_period=20|rsi_reclaim=False|rsi_threshold=50|trend_period=200,both,all,REJECT,72,0.180556,0.782158,-0.002524,-0.002524,-0.251874,-0.639003,-0.520576,0.072072,7.027778,-0.210030,-0.210030,-0.039354,-0.196657,0.413333,,,binance_rest
run_20260427_131001,SOL/USDT,crypto,H4,pullback,pullback_ema,pullback_period=20|rsi_reclaim=True|rsi_threshold=50|trend_period=200,both,all,REJECT,59,0.186441,0.776428,-0.002667,-0.002667,-0.228935,-0.576865,-0.469961,0.059059,7.440678,-0.186755,-0.186755,-0.061465,-0.153503,0.413333,,,binance_rest
run_20260427_131001,SOL/USDT,crypto,H4,pullback,pullback_ema,pullback_period=50|rsi_reclaim=False|rsi_threshold=50|trend_period=200,both,all,REJECT,56,0.142857,0.746973,-0.003291,-0.003291,-0.276928,-0.646160,-0.526718,0.056056,10.071429,-0.211707,-0.211707,0.017907,-0.220269,0.440000,,,binance_rest
run_20260427_131001,SOL/USDT,crypto,H4,pullback,pullback_ema,pullback_period=50|rsi_reclaim=True|rsi_threshold=50|trend_period=200,both,all,REJECT,41,0.121951,0.241607,-0.010870,-0.010870,-0.366607,-3.710215,-3.401106,0.041041,9.048780,-0.366607,-0.366607,-0.225383,-0.176713,0.621218,,,binance_rest
run_20260427_131001,SOL/USDT,crypto,H4,breakout,prev_day_hl,atr_expand_min=0.0,both,all,REJECT,52,0.307692,0.628989,-0.008775,-0.008775,-0.420210,-1.274702,-1.046958,0.052052,18.980769,-0.420210,-0.420210,-0.080395,-0.411018,0.466667,,,binance_rest
run_20260427_131001,SOL/USDT,crypto,H4,breakout,prev_day_hl,atr_expand_min=0.5,both,all,REJECT,52,0.307692,0.628989,-0.008775,-0.008775,-0.420210,-1.274702,-1.046958,0.052052,18.980769,-0.420210,-0.420210,-0.080395,-0.411018,0.466667,,,binance_rest
run_20260427_131001,SOL/USDT,crypto,H4,breakout,prev_day_hl,atr_expand_min=1.0,both,all,REJECT,46,0.282609,0.673228,-0.007379,-0.007379,-0.350770,-0.984646,-0.806142,0.046046,19.086957,-0.343613,-0.343613,-0.055168,-0.305287,0.442667,,,binance_rest
run_20260427_131001,SOL/USDT,crypto,H4,breakout,session_opening_range,atr_expand_min=0.0|range_bars=6,both,all,REJECT,60,0.350000,0.779768,-0.004775,-0.004775,-0.394819,-0.814093,-0.664346,0.060060,16.450000,-0.312072,-0.312072,0.093421,-0.394698,0.426667,,,binance_rest
run_20260427_131001,SOL/USDT,crypto,H4,breakout,session_opening_range,atr_expand_min=0.5|range_bars=6,both,all,REJECT,60,0.350000,0.779768,-0.004775,-0.004775,-0.394819,-0.814093,-0.664346,0.060060,16.450000,-0.312072,-0.312072,0.093421,-0.394698,0.426667,,,binance_rest
run_20260427_131001,SOL/USDT,crypto,H4,breakout,session_opening_range,atr_expand_min=0.0|range_bars=12,both,all,REJECT,28,0.321429,1.026584,0.000763,0.000763,-0.293507,0.057496,0.046761,0.028028,34.607143,-0.071511,-0.071511,-0.142315,0.090409,0.268000,,,binance_rest
run_20260427_131001,SOL/USDT,crypto,H4,breakout,session_opening_range,atr_expand_min=0.5|range_bars=12,both,all,REJECT,28,0.321429,1.026584,0.000763,0.000763,-0.293507,0.057496,0.046761,0.028028,34.607143,-0.071511,-0.071511,-0.142315,0.090409,0.268000,,,binance_rest
run_20260427_131001,SOL/USDT,crypto,H4,breakout,london_breakout,atr_expand_min=0.0|utc_end=11|utc_start=7,both,all,NEEDS_MORE_DATA,18,,,,,,,,,,,,,,1.000000,,only 18 trades < min 20,binance_rest
run_20260427_131001,SOL/USDT,crypto,H4,breakout,london_breakout,atr_expand_min=0.5|utc_end=11|utc_start=7,both,all,NEEDS_MORE_DATA,18,,,,,,,,,,,,,,1.000000,,only 18 trades < min 20,binance_rest
run_20260427_131001,SOL/USDT,crypto,H4,breakout,ny_breakout,atr_expand_min=0.0|utc_end=16|utc_start=13,both,all,NEEDS_MORE_DATA,0,,,,,,,,,,,,,,1.000000,,only 0 trades < min 20,binance_rest
run_20260427_131001,SOL/USDT,crypto,H4,breakout,ny_breakout,atr_expand_min=0.5|utc_end=16|utc_start=13,both,all,NEEDS_MORE_DATA,0,,,,,,,,,,,,,,1.000000,,only 0 trades < min 20,binance_rest
run_20260427_131001,SOL/USDT,crypto,H4,mean_reversion,rsi_extreme,overbought=70|oversold=30|period=14,both,all,NEEDS_MORE_DATA,13,,,,,,,,,,,,,,1.000000,,only 13 trades < min 20,binance_rest
run_20260427_131001,SOL/USDT,crypto,H4,mean_reversion,rsi_extreme,overbought=75|oversold=30|period=14,both,all,NEEDS_MORE_DATA,8,,,,,,,,,,,,,,,,only 8 trades < min 20,binance_rest
run_20260427_131001,SOL/USDT,crypto,H4,mean_reversion,rsi_extreme,overbought=70|oversold=25|period=14,both,all,NEEDS_MORE_DATA,10,,,,,,,,,,,,,,,,only 10 trades < min 20,binance_rest
run_20260427_131001,SOL/USDT,crypto,H4,mean_reversion,rsi_extreme,overbought=75|oversold=25|period=14,both,all,NEEDS_MORE_DATA,5,,,,,,,,,,,,,,,,only 5 trades < min 20,binance_rest
run_20260427_131001,SOL/USDT,crypto,H4,mean_reversion,vwap_deviation,std_threshold=1.5,both,all,NEEDS_MORE_DATA,10,,,,,,,,,,,,,,,,only 10 trades < min 20,binance_rest
run_20260427_131001,SOL/USDT,crypto,H4,mean_reversion,vwap_deviation,std_threshold=2.0,both,all,NEEDS_MORE_DATA,7,,,,,,,,,,,,,,,,only 7 trades < min 20,binance_rest
run_20260427_131001,SOL/USDT,crypto,H4,engine_b_proxy,ob_bos,require_engulf=False|require_vol_expand=False|swing_period=5,both,all,REJECT,24,0.250000,0.330582,-0.037518,-0.037518,-0.632662,-2.689852,-2.437507,0.024024,36.916667,-0.627740,-0.627740,-0.528965,-0.129754,0.317589,,,binance_rest
run_20260427_131001,SOL/USDT,crypto,H4,engine_b_proxy,ob_bos,require_engulf=False|require_vol_expand=True|swing_period=5,both,all,REJECT,20,0.300000,0.358409,-0.033109,-0.033109,-0.518501,-2.233246,-1.983543,0.020020,41.000000,-0.518501,-0.518501,-0.456359,-0.114307,0.295143,,,binance_rest
run_20260427_131001,SOL/USDT,crypto,H4,engine_b_proxy,ob_bos,require_engulf=True|require_vol_expand=False|swing_period=5,both,all,NEEDS_MORE_DATA,19,,,,,,,,,,,,,,1.000000,,only 19 trades < min 20,binance_rest
run_20260427_131001,SOL/USDT,crypto,H4,engine_b_proxy,ob_bos,require_engulf=True|require_vol_expand=True|swing_period=5,both,all,NEEDS_MORE_DATA,17,,,,,,,,,,,,,,1.000000,,only 17 trades < min 20,binance_rest
run_20260427_131001,SOL/USDT,crypto,H4,engine_b_proxy,ob_bos,require_engulf=False|require_vol_expand=False|swing_period=10,both,all,NEEDS_MORE_DATA,8,,,,,,,,,,,,,,,,only 8 trades < min 20,binance_rest
run_20260427_131001,SOL/USDT,crypto,H4,engine_b_proxy,ob_bos,require_engulf=False|require_vol_expand=True|swing_period=10,both,all,NEEDS_MORE_DATA,7,,,,,,,,,,,,,,,,only 7 trades < min 20,binance_rest
run_20260427_131001,SOL/USDT,crypto,H4,engine_b_proxy,ob_bos,require_engulf=True|require_vol_expand=False|swing_period=10,both,all,NEEDS_MORE_DATA,8,,,,,,,,,,,,,,,,only 8 trades < min 20,binance_rest
run_20260427_131001,SOL/USDT,crypto,H4,engine_b_proxy,ob_bos,require_engulf=True|require_vol_expand=True|swing_period=10,both,all,NEEDS_MORE_DATA,7,,,,,,,,,,,,,,,,only 7 trades < min 20,binance_rest
run_20260427_131001,SOL/USDT,crypto,H4,engine_b_proxy,structure_filters,fvg_detection=True|strong_close_pct=0.7,both,all,REJECT,34,0.264706,0.716505,-0.005213,-0.005213,-0.323830,-0.655701,-0.535416,0.034034,12.000000,-0.202890,-0.202890,-0.088214,-0.120517,0.507474,,,binance_rest
run_20260427_131001,SOL/USDT,crypto,H4,engine_b_proxy,structure_filters,fvg_detection=True|strong_close_pct=0.8,both,all,REJECT,21,0.142857,0.850531,-0.002609,-0.002609,-0.217573,-0.224170,-0.182448,0.021021,10.095238,-0.089674,-0.089674,0.034557,-0.120081,0.226000,,,binance_rest
run_20260427_131001,BNB/USDT,crypto,H4,trend_momentum,ema_cross,adx_min=0|fast_period=10|rsi_confirm=False|slow_period=50,both,all,REJECT,30,0.233333,0.603741,-0.009823,-0.009823,-0.312040,-1.068742,-0.879968,0.030030,33.266667,-0.293252,-0.293252,-0.195033,-0.099059,0.432373,,,binance_rest
run_20260427_131001,BNB/USDT,crypto,H4,trend_momentum,ema_cross,adx_min=0|fast_period=10|rsi_confirm=True|slow_period=50,both,all,REJECT,29,0.241379,0.624751,-0.009303,-0.009303,-0.312040,-0.980903,-0.806356,0.029029,34.379310,-0.275219,-0.275219,-0.174494,-0.099059,0.444309,,,binance_rest
run_20260427_131001,BNB/USDT,crypto,H4,trend_momentum,ema_cross,adx_min=20|fast_period=10|rsi_confirm=False|slow_period=50,both,all,REJECT,25,0.280000,0.719332,-0.007010,-0.007010,-0.271827,-0.645872,-0.528105,0.025025,35.680000,-0.202113,-0.202113,-0.091228,-0.099059,0.524247,,,binance_rest
run_20260427_131001,BNB/USDT,crypto,H4,trend_momentum,ema_cross,adx_min=20|fast_period=10|rsi_confirm=True|slow_period=50,both,all,REJECT,24,0.291667,0.749281,-0.006265,-0.006265,-0.271827,-0.555575,-0.453709,0.024024,37.125000,-0.181754,-0.181754,-0.068040,-0.099059,0.407227,,,binance_rest
run_20260427_131001,BNB/USDT,crypto,H4,trend_momentum,ema_cross,adx_min=25|fast_period=10|rsi_confirm=False|slow_period=50,both,all,REJECT,20,0.350000,0.995009,-0.000113,-0.000113,-0.193779,-0.008611,-0.007003,0.020020,41.400000,-0.047530,-0.047530,0.034654,-0.055361,0.220000,,,binance_rest
run_20260427_131001,BNB/USDT,crypto,H4,trend_momentum,ema_cross,adx_min=25|fast_period=10|rsi_confirm=True|slow_period=50,both,all,NEEDS_MORE_DATA,19,,,,,,,,,,,,,,1.000000,,only 19 trades < min 20,binance_rest
run_20260427_131001,BNB/USDT,crypto,H4,trend_momentum,ema_cross,adx_min=0|fast_period=10|rsi_confirm=False|slow_period=100,both,all,NEEDS_MORE_DATA,17,,,,,,,,,,,,,,1.000000,,only 17 trades < min 20,binance_rest
run_20260427_131001,BNB/USDT,crypto,H4,trend_momentum,ema_cross,adx_min=0|fast_period=10|rsi_confirm=True|slow_period=100,both,all,NEEDS_MORE_DATA,16,,,,,,,,,,,,,,1.000000,,only 16 trades < min 20,binance_rest
run_20260427_131001,BNB/USDT,crypto,H4,trend_momentum,ema_cross,adx_min=20|fast_period=10|rsi_confirm=False|slow_period=100,both,all,NEEDS_MORE_DATA,12,,,,,,,,,,,,,,1.000000,,only 12 trades < min 20,binance_rest
run_20260427_131001,BNB/USDT,crypto,H4,trend_momentum,ema_cross,adx_min=20|fast_period=10|rsi_confirm=True|slow_period=100,both,all,NEEDS_MORE_DATA,11,,,,,,,,,,,,,,1.000000,,only 11 trades < min 20,binance_rest
run_20260427_131001,BNB/USDT,crypto,H4,trend_momentum,ema_cross,adx_min=25|fast_period=10|rsi_confirm=False|slow_period=100,both,all,NEEDS_MORE_DATA,12,,,,,,,,,,,,,,1.000000,,only 12 trades < min 20,binance_rest
run_20260427_131001,BNB/USDT,crypto,H4,trend_momentum,ema_cross,adx_min=25|fast_period=10|rsi_confirm=True|slow_period=100,both,all,NEEDS_MORE_DATA,11,,,,,,,,,,,,,,1.000000,,only 11 trades < min 20,binance_rest
run_20260427_131001,BNB/USDT,crypto,H4,trend_momentum,ema_cross,adx_min=0|fast_period=10|rsi_confirm=False|slow_period=200,both,all,NEEDS_MORE_DATA,11,,,,,,,,,,,,,,1.000000,,only 11 trades < min 20,binance_rest
run_20260427_131001,BNB/USDT,crypto,H4,trend_momentum,ema_cross,adx_min=0|fast_period=10|rsi_confirm=True|slow_period=200,both,all,NEEDS_MORE_DATA,9,,,,,,,,,,,,,,1.000000,,only 9 trades < min 20,binance_rest
run_20260427_131001,BNB/USDT,crypto,H4,trend_momentum,ema_cross,adx_min=20|fast_period=10|rsi_confirm=False|slow_period=200,both,all,NEEDS_MORE_DATA,11,,,,,,,,,,,,,,1.000000,,only 11 trades < min 20,binance_rest
run_20260427_131001,BNB/USDT,crypto,H4,trend_momentum,ema_cross,adx_min=20|fast_period=10|rsi_confirm=True|slow_period=200,both,all,NEEDS_MORE_DATA,9,,,,,,,,,,,,,,1.000000,,only 9 trades < min 20,binance_rest
run_20260427_131001,BNB/USDT,crypto,H4,trend_momentum,ema_cross,adx_min=25|fast_period=10|rsi_confirm=False|slow_period=200,both,all,NEEDS_MORE_DATA,11,,,,,,,,,,,,,,1.000000,,only 11 trades < min 20,binance_rest
run_20260427_131001,BNB/USDT,crypto,H4,trend_momentum,ema_cross,adx_min=25|fast_period=10|rsi_confirm=True|slow_period=200,both,all,NEEDS_MORE_DATA,9,,,,,,,,,,,,,,1.000000,,only 9 trades < min 20,binance_rest
run_20260427_131001,BNB/USDT,crypto,H4,trend_momentum,ema_cross,adx_min=0|fast_period=20|rsi_confirm=False|slow_period=50,both,all,REJECT,27,0.148148,0.548144,-0.012101,-0.012101,-0.318708,-1.193647,-0.987648,0.027027,33.962963,-0.314895,-0.314895,-0.211108,-0.093702,0.395158,,,binance_rest
run_20260427_131001,BNB/USDT,crypto,H4,trend_momentum,ema_cross,adx_min=0|fast_period=20|rsi_confirm=True|slow_period=50,both,all,REJECT,26,0.153846,0.567809,-0.011608,-0.011608,-0.318708,-1.105494,-0.912972,0.026026,35.230769,-0.297413,-0.297413,-0.190977,-0.093702,0.403194,,,binance_rest
run_20260427_131001,BNB/USDT,crypto,H4,trend_momentum,ema_cross,adx_min=20|fast_period=20|rsi_confirm=False|slow_period=50,both,all,REJECT,22,0.181818,0.665836,-0.009046,-0.009046,-0.229017,-0.739164,-0.606013,0.022022,36.863636,-0.220085,-0.220085,-0.101935,-0.093702,0.507771,,,binance_rest
run_20260427_131001,BNB/USDT,crypto,H4,trend_momentum,ema_cross,adx_min=20|fast_period=20|rsi_confirm=True|slow_period=50,both,all,REJECT,21,0.190476,0.694987,-0.008291,-0.008291,-0.229017,-0.648414,-0.530775,0.021021,38.571429,-0.200183,-0.200183,-0.079018,-0.093702,0.470249,,,binance_rest
run_20260427_131001,BNB/USDT,crypto,H4,trend_momentum,ema_cross,adx_min=25|fast_period=20|rsi_confirm=False|slow_period=50,both,all,NEEDS_MORE_DATA,18,,,,,,,,,,,,,,1.000000,,only 18 trades < min 20,binance_rest
run_20260427_131001,BNB/USDT,crypto,H4,trend_momentum,ema_cross,adx_min=25|fast_period=20|rsi_confirm=True|slow_period=50,both,all,NEEDS_MORE_DATA,17,,,,,,,,,,,,,,1.000000,,only 17 trades < min 20,binance_rest
run_20260427_131001,BNB/USDT,crypto,H4,trend_momentum,ema_cross,adx_min=0|fast_period=20|rsi_confirm=False|slow_period=100,both,all,NEEDS_MORE_DATA,15,,,,,,,,,,,,,,1.000000,,only 15 trades < min 20,binance_rest
run_20260427_131001,BNB/USDT,crypto,H4,trend_momentum,ema_cross,adx_min=0|fast_period=20|rsi_confirm=True|slow_period=100,both,all,NEEDS_MORE_DATA,14,,,,,,,,,,,,,,1.000000,,only 14 trades < min 20,binance_rest
run_20260427_131001,BNB/USDT,crypto,H4,trend_momentum,ema_cross,adx_min=20|fast_period=20|rsi_confirm=False|slow_period=100,both,all,NEEDS_MORE_DATA,10,,,,,,,,,,,,,,1.000000,,only 10 trades < min 20,binance_rest
run_20260427_131001,BNB/USDT,crypto,H4,trend_momentum,ema_cross,adx_min=20|fast_period=20|rsi_confirm=True|slow_period=100,both,all,NEEDS_MORE_DATA,9,,,,,,,,,,,,,,1.000000,,only 9 trades < min 20,binance_rest
run_20260427_131001,BNB/USDT,crypto,H4,trend_momentum,ema_cross,adx_min=25|fast_period=20|rsi_confirm=False|slow_period=100,both,all,NEEDS_MORE_DATA,9,,,,,,,,,,,,,,1.000000,,only 9 trades < min 20,binance_rest
run_20260427_131001,BNB/USDT,crypto,H4,trend_momentum,ema_cross,adx_min=25|fast_period=20|rsi_confirm=True|slow_period=100,both,all,NEEDS_MORE_DATA,8,,,,,,,,,,,,,,1.000000,,only 8 trades < min 20,binance_rest
run_20260427_131001,BNB/USDT,crypto,H4,trend_momentum,ema_cross,adx_min=0|fast_period=20|rsi_confirm=False|slow_period=200,both,all,NEEDS_MORE_DATA,7,,,,,,,,,,,,,,,,only 7 trades < min 20,binance_rest
run_20260427_131001,BNB/USDT,crypto,H4,trend_momentum,ema_cross,adx_min=0|fast_period=20|rsi_confirm=True|slow_period=200,both,all,NEEDS_MORE_DATA,6,,,,,,,,,,,,,,,,only 6 trades < min 20,binance_rest
run_20260427_131001,BNB/USDT,crypto,H4,trend_momentum,ema_cross,adx_min=20|fast_period=20|rsi_confirm=False|slow_period=200,both,all,NEEDS_MORE_DATA,7,,,,,,,,,,,,,,,,only 7 trades < min 20,binance_rest
run_20260427_131001,BNB/USDT,crypto,H4,trend_momentum,ema_cross,adx_min=20|fast_period=20|rsi_confirm=True|slow_period=200,both,all,NEEDS_MORE_DATA,6,,,,,,,,,,,,,,,,only 6 trades < min 20,binance_rest
run_20260427_131001,BNB/USDT,crypto,H4,trend_momentum,ema_cross,adx_min=25|fast_period=20|rsi_confirm=False|slow_period=200,both,all,NEEDS_MORE_DATA,7,,,,,,,,,,,,,,,,only 7 trades < min 20,binance_rest
run_20260427_131001,BNB/USDT,crypto,H4,trend_momentum,ema_cross,adx_min=25|fast_period=20|rsi_confirm=True|slow_period=200,both,all,NEEDS_MORE_DATA,6,,,,,,,,,,,,,,,,only 6 trades < min 20,binance_rest
run_20260427_131001,BNB/USDT,crypto,H4,trend_momentum,ema_alignment,adx_min=20|ema_long=200|ema_mid=50|ema_short=20,both,all,REJECT,23,0.304348,1.084752,0.001322,0.001322,-0.133910,0.130594,0.106231,0.023023,20.652174,-0.005811,-0.005811,0.082359,-0.081461,0.252286,,,binance_rest
run_20260427_131001,BNB/USDT,crypto,H4,trend_momentum,macd_direction,adx_min=0|fast=12|signal_period=9|slow=26,both,all,REJECT,88,0.306818,0.640298,-0.004586,-0.004586,-0.358469,-1.856905,-1.528295,0.088088,11.318182,-0.355459,-0.355459,-0.295660,-0.111370,0.539671,,,binance_rest
run_20260427_131001,BNB/USDT,crypto,H4,trend_momentum,macd_direction,adx_min=20|fast=12|signal_period=9|slow=26,both,all,REJECT,81,0.308642,0.655204,-0.004531,-0.004531,-0.334156,-1.703466,-1.400677,0.081081,11.506173,-0.331032,-0.331032,-0.268967,-0.111370,0.577553,,,binance_rest
run_20260427_131001,BNB/USDT,crypto,H4,breakout,prev_day_hl,atr_expand_min=0.0,both,all,REJECT,50,0.380000,0.900678,-0.001585,-0.001585,-0.332450,-0.339994,-0.276701,0.050050,19.740000,-0.112492,-0.112492,-0.152926,0.005320,0.466667,,,binance_rest
run_20260427_131001,BNB/USDT,crypto,H4,breakout,prev_day_hl,atr_expand_min=0.5,both,all,REJECT,49,0.387755,0.939508,-0.000945,-0.000945,-0.309676,-0.199848,-0.162568,0.049049,20.102041,-0.082214,-0.082214,-0.124027,0.005320,0.460667,,,binance_rest
run_20260427_131001,BNB/USDT,crypto,H4,breakout,prev_day_hl,atr_expand_min=1.0,both,all,REJECT,42,0.380952,0.942818,-0.000881,-0.000881,-0.291475,-0.171138,-0.139209,0.042042,20.071429,-0.068770,-0.068770,-0.028966,-0.047841,0.523176,,,binance_rest
run_20260427_131001,BNB/USDT,crypto,H4,breakout,session_opening_range,atr_expand_min=0.0|range_bars=6,both,all,REJECT,64,0.375000,0.978209,-0.000276,-0.000276,-0.247811,-0.074586,-0.060659,0.064064,15.421875,-0.056288,-0.056288,0.033687,-0.082341,0.426667,,,binance_rest
run_20260427_131001,BNB/USDT,crypto,H4,breakout,session_opening_range,atr_expand_min=0.5|range_bars=6,both,all,REJECT,64,0.375000,0.968811,-0.000395,-0.000395,-0.247811,-0.106795,-0.086856,0.064064,15.390625,-0.063415,-0.063415,0.025881,-0.082341,0.426667,,,binance_rest
run_20260427_131001,BNB/USDT,crypto,H4,breakout,session_opening_range,atr_expand_min=0.0|range_bars=12,both,all,REJECT,30,0.366667,0.959486,-0.000753,-0.000753,-0.236303,-0.084403,-0.068646,0.030030,31.766667,-0.069079,-0.069079,-0.141787,0.090307,0.280000,,,binance_rest
run_20260427_131001,BNB/USDT,crypto,H4,breakout,session_opening_range,atr_expand_min=0.5|range_bars=12,both,all,REJECT,30,0.366667,0.959486,-0.000753,-0.000753,-0.236303,-0.084403,-0.068646,0.030030,31.766667,-0.069079,-0.069079,-0.141787,0.090307,0.280000,,,binance_rest
run_20260427_131001,BNB/USDT,crypto,H4,breakout,london_breakout,atr_expand_min=0.0|utc_end=11|utc_start=7,both,all,NEEDS_MORE_DATA,12,,,,,,,,,,,,,,1.000000,,only 12 trades < min 20,binance_rest
run_20260427_131001,BNB/USDT,crypto,H4,breakout,london_breakout,atr_expand_min=0.5|utc_end=11|utc_start=7,both,all,NEEDS_MORE_DATA,12,,,,,,,,,,,,,,1.000000,,only 12 trades < min 20,binance_rest
run_20260427_131001,BNB/USDT,crypto,H4,breakout,ny_breakout,atr_expand_min=0.0|utc_end=16|utc_start=13,both,all,NEEDS_MORE_DATA,0,,,,,,,,,,,,,,1.000000,,only 0 trades < min 20,binance_rest
run_20260427_131001,BNB/USDT,crypto,H4,breakout,ny_breakout,atr_expand_min=0.5|utc_end=16|utc_start=13,both,all,NEEDS_MORE_DATA,0,,,,,,,,,,,,,,1.000000,,only 0 trades < min 20,binance_rest
run_20260427_131001,BNB/USDT,crypto,H4,mean_reversion,rsi_extreme,overbought=70|oversold=30|period=14,both,all,NEEDS_MORE_DATA,13,,,,,,,,,,,,,,1.000000,,only 13 trades < min 20,binance_rest
run_20260427_131001,BNB/USDT,crypto,H4,mean_reversion,rsi_extreme,overbought=75|oversold=30|period=14,both,all,NEEDS_MORE_DATA,11,,,,,,,,,,,,,,,,only 11 trades < min 20,binance_rest
run_20260427_131001,BNB/USDT,crypto,H4,mean_reversion,rsi_extreme,overbought=70|oversold=25|period=14,both,all,NEEDS_MORE_DATA,9,,,,,,,,,,,,,,,,only 9 trades < min 20,binance_rest
run_20260427_131001,BNB/USDT,crypto,H4,mean_reversion,rsi_extreme,overbought=75|oversold=25|period=14,both,all,NEEDS_MORE_DATA,7,,,,,,,,,,,,,,,,only 7 trades < min 20,binance_rest
run_20260427_131001,BNB/USDT,crypto,H4,mean_reversion,vwap_deviation,std_threshold=1.5,both,all,NEEDS_MORE_DATA,11,,,,,,,,,,,,,,,,only 11 trades < min 20,binance_rest
run_20260427_131001,BNB/USDT,crypto,H4,mean_reversion,vwap_deviation,std_threshold=2.0,both,all,NEEDS_MORE_DATA,9,,,,,,,,,,,,,,,,only 9 trades < min 20,binance_rest
run_20260427_131001,BNB/USDT,crypto,H4,engine_b_proxy,ob_bos,require_engulf=False|require_vol_expand=False|swing_period=5,both,all,REJECT,24,0.166667,0.409715,-0.022442,-0.022442,-0.466528,-1.845043,-1.574279,0.024024,36.250000,-0.450842,-0.450842,-0.429488,0.019848,0.244000,,,binance_rest
run_20260427_131001,BNB/USDT,crypto,H4,engine_b_proxy,ob_bos,require_engulf=False|require_vol_expand=True|swing_period=5,both,all,NEEDS_MORE_DATA,19,,,,,,,,,,,,,,1.000000,,only 19 trades < min 20,binance_rest
run_20260427_131001,BNB/USDT,crypto,H4,engine_b_proxy,ob_bos,require_engulf=True|require_vol_expand=False|swing_period=5,both,all,REJECT,22,0.181818,0.456911,-0.019960,-0.019960,-0.406062,-1.545586,-1.303558,0.022022,36.772727,-0.391208,-0.391208,-0.356678,0.002435,0.232000,,,binance_rest
run_20260427_131001,BNB/USDT,crypto,H4,engine_b_proxy,ob_bos,require_engulf=True|require_vol_expand=True|swing_period=5,both,all,NEEDS_MORE_DATA,18,,,,,,,,,,,,,,1.000000,,only 18 trades < min 20,binance_rest
run_20260427_131001,BNB/USDT,crypto,H4,engine_b_proxy,ob_bos,require_engulf=False|require_vol_expand=False|swing_period=10,both,all,NEEDS_MORE_DATA,11,,,,,,,,,,,,,,,,only 11 trades < min 20,binance_rest
run_20260427_131001,BNB/USDT,crypto,H4,engine_b_proxy,ob_bos,require_engulf=False|require_vol_expand=True|swing_period=10,both,all,NEEDS_MORE_DATA,10,,,,,,,,,,,,,,,,only 10 trades < min 20,binance_rest
run_20260427_131001,BNB/USDT,crypto,H4,engine_b_proxy,ob_bos,require_engulf=True|require_vol_expand=False|swing_period=10,both,all,NEEDS_MORE_DATA,9,,,,,,,,,,,,,,,,only 9 trades < min 20,binance_rest
run_20260427_131001,BNB/USDT,crypto,H4,engine_b_proxy,ob_bos,require_engulf=True|require_vol_expand=True|swing_period=10,both,all,NEEDS_MORE_DATA,9,,,,,,,,,,,,,,,,only 9 trades < min 20,binance_rest
run_20260427_131001,BNB/USDT,crypto,H4,engine_b_proxy,structure_filters,fvg_detection=False|strong_close_pct=0.7,both,all,REJECT,309,0.343042,0.899165,-0.000658,-0.000658,-0.291026,-0.764461,-0.621967,0.309309,3.119741,-0.225153,-0.225153,-0.166275,-0.076653,0.551633,,,binance_rest
run_20260427_131001,BNB/USDT,crypto,H4,engine_b_proxy,structure_filters,fvg_detection=True|strong_close_pct=0.7,both,all,REJECT,29,0.275862,0.714181,-0.003729,-0.003729,-0.212634,-0.622353,-0.508314,0.029029,14.206897,-0.121468,-0.121468,-0.094563,-0.027881,0.375784,,,binance_rest
run_20260427_131001,BNB/USDT,crypto,H4,engine_b_proxy,structure_filters,fvg_detection=True|strong_close_pct=0.8,both,all,NEEDS_MORE_DATA,19,,,,,,,,,,,,,,1.000000,,only 19 trades < min 20,binance_rest
run_20260427_131001,ADA/USDT,crypto,H4,trend_momentum,ema_cross,adx_min=0|fast_period=10|rsi_confirm=False|slow_period=50,both,all,REJECT,40,0.125000,0.375725,-0.024357,-0.024357,-0.687483,-2.527897,-2.168739,0.040040,24.950000,-0.661066,-0.661066,-0.415740,-0.422332,0.635243,,,binance_rest
run_20260427_131001,ADA/USDT,crypto,H4,trend_momentum,ema_cross,adx_min=0|fast_period=10|rsi_confirm=True|slow_period=50,both,all,REJECT,39,0.128205,0.389280,-0.023595,-0.023595,-0.687483,-2.402292,-2.052566,0.039039,25.538462,-0.641699,-0.641699,-0.382354,-0.422332,0.602633,,,binance_rest
run_20260427_131001,ADA/USDT,crypto,H4,trend_momentum,ema_cross,adx_min=20|fast_period=10|rsi_confirm=False|slow_period=50,both,all,REJECT,39,0.128205,0.384507,-0.024074,-0.024074,-0.676021,-2.441979,-2.090093,0.039039,25.153846,-0.648636,-0.648636,-0.394312,-0.422332,0.612682,,,binance_rest
run_20260427_131001,ADA/USDT,crypto,H4,trend_momentum,ema_cross,adx_min=20|fast_period=10|rsi_confirm=True|slow_period=50,both,all,REJECT,38,0.131579,0.398708,-0.023284,-0.023284,-0.676021,-2.315589,-1.973836,0.038038,25.763158,-0.628558,-0.628558,-0.359702,-0.422332,0.575765,,,binance_rest
run_20260427_131001,ADA/USDT,crypto,H4,trend_momentum,ema_cross,adx_min=25|fast_period=10|rsi_confirm=False|slow_period=50,both,all,REJECT,30,0.133333,0.432833,-0.025426,-0.025426,-0.612774,-2.002209,-1.702924,0.030030,28.333333,-0.580043,-0.580043,-0.357686,-0.346181,0.570350,,,binance_rest
run_20260427_131001,ADA/USDT,crypto,H4,trend_momentum,ema_cross,adx_min=25|fast_period=10|rsi_confirm=True|slow_period=50,both,all,REJECT,29,0.137931,0.451039,-0.024437,-0.024437,-0.612774,-1.872084,-1.585228,0.029029,29.241379,-0.556046,-0.556046,-0.320983,-0.346181,0.550450,,,binance_rest
run_20260427_131001,ADA/USDT,crypto,H4,trend_momentum,ema_cross,adx_min=0|fast_period=10|rsi_confirm=False|slow_period=100,both,all,REJECT,27,0.148148,0.431277,-0.021836,-0.021836,-0.516037,-1.909943,-1.625532,0.027027,36.296296,-0.482557,-0.482557,-0.180500,-0.351109,0.278439,,,binance_rest
run_20260427_131001,ADA/USDT,crypto,H4,trend_momentum,ema_cross,adx_min=0|fast_period=10|rsi_confirm=True|slow_period=100,both,all,REJECT,24,0.166667,0.504256,-0.018321,-0.018321,-0.466121,-1.461952,-1.224653,0.024024,37.666667,-0.396568,-0.396568,-0.089849,-0.318646,0.244000,,,binance_rest
run_20260427_131001,ADA/USDT,crypto,H4,trend_momentum,ema_cross,adx_min=20|fast_period=10|rsi_confirm=False|slow_period=100,both,all,REJECT,27,0.148148,0.431277,-0.021836,-0.021836,-0.516037,-1.909943,-1.625532,0.027027,36.296296,-0.482557,-0.482557,-0.180500,-0.351109,0.278439,,,binance_rest
run_20260427_131001,ADA/USDT,crypto,H4,trend_momentum,ema_cross,adx_min=20|fast_period=10|rsi_confirm=True|slow_period=100,both,all,REJECT,24,0.166667,0.504256,-0.018321,-0.018321,-0.466121,-1.461952,-1.224653,0.024024,37.666667,-0.396568,-0.396568,-0.089849,-0.318646,0.244000,,,binance_rest
run_20260427_131001,ADA/USDT,crypto,H4,trend_momentum,ema_cross,adx_min=25|fast_period=10|rsi_confirm=False|slow_period=100,both,all,REJECT,22,0.181818,0.502661,-0.020107,-0.020107,-0.437907,-1.456507,-1.223267,0.022022,42.500000,-0.399022,-0.399022,-0.180500,-0.246353,0.422548,,,binance_rest
run_20260427_131001,ADA/USDT,crypto,H4,trend_momentum,ema_cross,adx_min=25|fast_period=10|rsi_confirm=True|slow_period=100,both,all,NEEDS_MORE_DATA,19,,,,,,,,,,,,,,1.000000,,only 19 trades < min 20,binance_rest
run_20260427_131001,ADA/USDT,crypto,H4,trend_momentum,ema_cross,adx_min=0|fast_period=10|rsi_confirm=False|slow_period=200,both,all,NEEDS_MORE_DATA,12,,,,,,,,,,,,,,1.000000,,only 12 trades < min 20,binance_rest
run_20260427_131001,ADA/USDT,crypto,H4,trend_momentum,ema_cross,adx_min=0|fast_period=10|rsi_confirm=True|slow_period=200,both,all,NEEDS_MORE_DATA,11,,,,,,,,,,,,,,1.000000,,only 11 trades < min 20,binance_rest
run_20260427_131001,ADA/USDT,crypto,H4,trend_momentum,ema_cross,adx_min=20|fast_period=10|rsi_confirm=False|slow_period=200,both,all,NEEDS_MORE_DATA,12,,,,,,,,,,,,,,1.000000,,only 12 trades < min 20,binance_rest
run_20260427_131001,ADA/USDT,crypto,H4,trend_momentum,ema_cross,adx_min=20|fast_period=10|rsi_confirm=True|slow_period=200,both,all,NEEDS_MORE_DATA,11,,,,,,,,,,,,,,1.000000,,only 11 trades < min 20,binance_rest
run_20260427_131001,ADA/USDT,crypto,H4,trend_momentum,ema_cross,adx_min=25|fast_period=10|rsi_confirm=False|slow_period=200,both,all,NEEDS_MORE_DATA,10,,,,,,,,,,,,,,1.000000,,only 10 trades < min 20,binance_rest
run_20260427_131001,ADA/USDT,crypto,H4,trend_momentum,ema_cross,adx_min=25|fast_period=10|rsi_confirm=True|slow_period=200,both,all,NEEDS_MORE_DATA,9,,,,,,,,,,,,,,1.000000,,only 9 trades < min 20,binance_rest
run_20260427_131001,ADA/USDT,crypto,H4,trend_momentum,ema_cross,adx_min=0|fast_period=20|rsi_confirm=False|slow_period=50,both,all,REJECT,35,0.114286,0.315396,-0.030022,-0.030022,-0.704889,-2.969357,-2.636012,0.035035,27.971429,-0.681038,-0.681038,-0.469169,-0.395707,0.563026,,,binance_rest
run_20260427_131001,ADA/USDT,crypto,H4,trend_momentum,ema_cross,adx_min=0|fast_period=20|rsi_confirm=True|slow_period=50,both,all,REJECT,34,0.117647,0.326990,-0.029314,-0.029314,-0.704889,-2.837102,-2.504426,0.034034,28.735294,-0.662812,-0.662812,-0.438836,-0.395707,0.574515,,,binance_rest
run_20260427_131001,ADA/USDT,crypto,H4,trend_momentum,ema_cross,adx_min=20|fast_period=20|rsi_confirm=False|slow_period=50,both,all,REJECT,33,0.121212,0.338361,-0.028685,-0.028685,-0.671565,-2.712639,-2.382459,0.033033,28.969697,-0.645022,-0.645022,-0.409229,-0.395707,0.588087,,,binance_rest
run_20260427_131001,ADA/USDT,crypto,H4,trend_momentum,ema_cross,adx_min=20|fast_period=20|rsi_confirm=True|slow_period=50,both,all,REJECT,32,0.125000,0.351732,-0.027891,-0.027891,-0.671565,-2.576955,-2.250531,0.032032,29.812500,-0.624737,-0.624737,-0.375471,-0.395707,0.575832,,,binance_rest
run_20260427_131001,ADA/USDT,crypto,H4,trend_momentum,ema_cross,adx_min=25|fast_period=20|rsi_confirm=False|slow_period=50,both,all,REJECT,27,0.148148,0.397204,-0.027209,-0.027209,-0.591567,-2.172349,-1.875266,0.027027,31.407407,-0.558559,-0.558559,-0.350975,-0.319839,0.535386,,,binance_rest
run_20260427_131001,ADA/USDT,crypto,H4,trend_momentum,ema_cross,adx_min=25|fast_period=20|rsi_confirm=True|slow_period=50,both,all,REJECT,26,0.153846,0.415733,-0.026175,-0.026175,-0.591567,-2.028743,-1.741029,0.026026,32.538462,-0.533333,-0.533333,-0.313888,-0.319839,0.550312,,,binance_rest
run_20260427_131001,ADA/USDT,crypto,H4,trend_momentum,ema_cross,adx_min=0|fast_period=20|rsi_confirm=False|slow_period=100,both,all,NEEDS_MORE_DATA,19,,,,,,,,,,,,,,1.000000,,only 19 trades < min 20,binance_rest
run_20260427_131001,ADA/USDT,crypto,H4,trend_momentum,ema_cross,adx_min=0|fast_period=20|rsi_confirm=True|slow_period=100,both,all,NEEDS_MORE_DATA,18,,,,,,,,,,,,,,1.000000,,only 18 trades < min 20,binance_rest
run_20260427_131001,ADA/USDT,crypto,H4,trend_momentum,ema_cross,adx_min=20|fast_period=20|rsi_confirm=False|slow_period=100,both,all,NEEDS_MORE_DATA,19,,,,,,,,,,,,,,1.000000,,only 19 trades < min 20,binance_rest
run_20260427_131001,ADA/USDT,crypto,H4,trend_momentum,ema_cross,adx_min=20|fast_period=20|rsi_confirm=True|slow_period=100,both,all,NEEDS_MORE_DATA,18,,,,,,,,,,,,,,1.000000,,only 18 trades < min 20,binance_rest
run_20260427_131001,ADA/USDT,crypto,H4,trend_momentum,ema_cross,adx_min=25|fast_period=20|rsi_confirm=False|slow_period=100,both,all,NEEDS_MORE_DATA,15,,,,,,,,,,,,,,1.000000,,only 15 trades < min 20,binance_rest
run_20260427_131001,ADA/USDT,crypto,H4,trend_momentum,ema_cross,adx_min=25|fast_period=20|rsi_confirm=True|slow_period=100,both,all,NEEDS_MORE_DATA,14,,,,,,,,,,,,,,1.000000,,only 14 trades < min 20,binance_rest
run_20260427_131001,ADA/USDT,crypto,H4,trend_momentum,ema_cross,adx_min=0|fast_period=20|rsi_confirm=False|slow_period=200,both,all,NEEDS_MORE_DATA,8,,,,,,,,,,,,,,,,only 8 trades < min 20,binance_rest
run_20260427_131001,ADA/USDT,crypto,H4,trend_momentum,ema_cross,adx_min=0|fast_period=20|rsi_confirm=True|slow_period=200,both,all,NEEDS_MORE_DATA,7,,,,,,,,,,,,,,,,only 7 trades < min 20,binance_rest
run_20260427_131001,ADA/USDT,crypto,H4,trend_momentum,ema_cross,adx_min=20|fast_period=20|rsi_confirm=False|slow_period=200,both,all,NEEDS_MORE_DATA,8,,,,,,,,,,,,,,,,only 8 trades < min 20,binance_rest
run_20260427_131001,ADA/USDT,crypto,H4,trend_momentum,ema_cross,adx_min=20|fast_period=20|rsi_confirm=True|slow_period=200,both,all,NEEDS_MORE_DATA,7,,,,,,,,,,,,,,,,only 7 trades < min 20,binance_rest
run_20260427_131001,ADA/USDT,crypto,H4,trend_momentum,ema_cross,adx_min=25|fast_period=20|rsi_confirm=False|slow_period=200,both,all,NEEDS_MORE_DATA,6,,,,,,,,,,,,,,,,only 6 trades < min 20,binance_rest
run_20260427_131001,ADA/USDT,crypto,H4,trend_momentum,ema_cross,adx_min=25|fast_period=20|rsi_confirm=True|slow_period=200,both,all,NEEDS_MORE_DATA,5,,,,,,,,,,,,,,,,only 5 trades < min 20,binance_rest
run_20260427_131001,ADA/USDT,crypto,H4,trend_momentum,ema_alignment,adx_min=0|ema_long=200|ema_mid=50|ema_short=20,both,all,REJECT,29,0.241379,0.860315,-0.003242,-0.003242,-0.344220,-0.321630,-0.261866,0.029029,15.896552,-0.141975,-0.141975,0.052449,-0.236498,0.300667,,,binance_rest
run_20260427_131001,ADA/USDT,crypto,H4,trend_momentum,ema_alignment,adx_min=20|ema_long=200|ema_mid=50|ema_short=20,both,all,REJECT,27,0.259259,0.952839,-0.001062,-0.001062,-0.311569,-0.099032,-0.080547,0.027027,16.925926,-0.082807,-0.082807,0.125025,-0.236498,0.276286,,,binance_rest
run_20260427_131001,ADA/USDT,crypto,H4,trend_momentum,ema_alignment,adx_min=25|ema_long=200|ema_mid=50|ema_short=20,both,all,REJECT,22,0.272727,1.049289,0.001179,0.001179,-0.297608,0.090736,0.073800,0.022022,18.318182,-0.029775,-0.029775,0.229739,-0.211032,0.250182,,,binance_rest
run_20260427_131001,ADA/USDT,crypto,H4,trend_momentum,macd_direction,adx_min=0|fast=12|signal_period=9|slow=26,both,all,REJECT,86,0.302326,0.622666,-0.008108,-0.008108,-0.541030,-2.106936,-1.740839,0.086086,11.581395,-0.541030,-0.541030,-0.339564,-0.331857,0.719857,,,binance_rest
run_20260427_131001,ADA/USDT,crypto,H4,trend_momentum,macd_direction,adx_min=20|fast=12|signal_period=9|slow=26,both,all,REJECT,80,0.300000,0.605021,-0.008777,-0.008777,-0.542304,-2.149831,-1.779912,0.080080,11.850000,-0.542304,-0.542304,-0.347821,-0.298205,0.710539,,,binance_rest
run_20260427_131001,ADA/USDT,crypto,H4,pullback,pullback_ema,pullback_period=20|rsi_reclaim=False|rsi_threshold=50|trend_period=200,both,all,REJECT,72,0.208333,0.818645,-0.002477,-0.002477,-0.395945,-0.624361,-0.508607,0.072072,7.777778,-0.209921,-0.209921,0.106384,-0.314880,0.413333,,,binance_rest
run_20260427_131001,ADA/USDT,crypto,H4,pullback,pullback_ema,pullback_period=20|rsi_reclaim=True|rsi_threshold=50|trend_period=200,both,all,REJECT,63,0.190476,0.831797,-0.002368,-0.002368,-0.383610,-0.532076,-0.433315,0.063063,7.984127,-0.184696,-0.184696,0.099768,-0.288752,0.413333,,,binance_rest
run_20260427_131001,ADA/USDT,crypto,H4,pullback,pullback_ema,pullback_period=50|rsi_reclaim=False|rsi_threshold=50|trend_period=200,both,all,REJECT,56,0.142857,0.761431,-0.003943,-0.003943,-0.354671,-0.695350,-0.567024,0.056056,11.607143,-0.251791,-0.251791,-0.042176,-0.244672,0.440000,,,binance_rest
run_20260427_131001,ADA/USDT,crypto,H4,pullback,pullback_ema,pullback_period=50|rsi_reclaim=True|rsi_threshold=50|trend_period=200,both,all,REJECT,37,0.135135,0.603410,-0.007404,-0.007404,-0.411341,-1.116152,-0.917603,0.037037,12.324324,-0.271088,-0.271088,-0.109667,-0.181304,0.466031,,,binance_rest
run_20260427_131001,ADA/USDT,crypto,H4,breakout,prev_day_hl,atr_expand_min=0.0,both,all,REJECT,52,0.346154,0.710436,-0.007687,-0.007687,-0.502091,-1.140604,-0.934958,0.052052,18.980769,-0.387621,-0.387621,-0.095805,-0.343214,0.466667,,,binance_rest
run_20260427_131001,ADA/USDT,crypto,H4,breakout,prev_day_hl,atr_expand_min=0.5,both,all,REJECT,52,0.326923,0.645282,-0.009521,-0.009521,-0.546071,-1.437216,-1.183648,0.052052,18.211538,-0.441712,-0.441712,-0.175672,-0.343214,0.480550,,,binance_rest
run_20260427_131001,ADA/USDT,crypto,H4,breakout,prev_day_hl,atr_expand_min=1.0,both,all,REJECT,46,0.326087,0.687595,-0.007934,-0.007934,-0.465657,-1.111032,-0.911295,0.046046,17.934783,-0.358708,-0.358708,-0.217196,-0.205547,0.726577,,,binance_rest
run_20260427_131001,ADA/USDT,crypto,H4,breakout,session_opening_range,atr_expand_min=0.0|range_bars=6,both,all,REJECT,60,0.366667,0.850461,-0.003471,-0.003471,-0.507343,-0.576033,-0.469267,0.060060,16.300000,-0.261357,-0.261357,0.263287,-0.425047,0.426667,,,binance_rest
run_20260427_131001,ADA/USDT,crypto,H4,breakout,session_opening_range,atr_expand_min=0.5|range_bars=6,both,all,REJECT,60,0.366667,0.850461,-0.003471,-0.003471,-0.507343,-0.576033,-0.469267,0.060060,16.300000,-0.261357,-0.261357,0.263287,-0.425047,0.426667,,,binance_rest
run_20260427_131001,ADA/USDT,crypto,H4,breakout,session_opening_range,atr_expand_min=0.0|range_bars=12,both,all,REJECT,32,0.343750,0.796904,-0.005917,-0.005917,-0.327089,-0.649337,-0.530315,0.032032,30.625000,-0.223425,-0.223425,-0.138895,-0.132055,0.577227,,,binance_rest
run_20260427_131001,ADA/USDT,crypto,H4,breakout,session_opening_range,atr_expand_min=0.5|range_bars=12,both,all,REJECT,32,0.343750,0.796904,-0.005917,-0.005917,-0.327089,-0.649337,-0.530315,0.032032,30.625000,-0.223425,-0.223425,-0.138895,-0.132055,0.577227,,,binance_rest
run_20260427_131001,ADA/USDT,crypto,H4,breakout,london_breakout,atr_expand_min=0.0|utc_end=11|utc_start=7,both,all,NEEDS_MORE_DATA,16,,,,,,,,,,,,,,1.000000,,only 16 trades < min 20,binance_rest
run_20260427_131001,ADA/USDT,crypto,H4,breakout,london_breakout,atr_expand_min=0.5|utc_end=11|utc_start=7,both,all,NEEDS_MORE_DATA,15,,,,,,,,,,,,,,1.000000,,only 15 trades < min 20,binance_rest
run_20260427_131001,ADA/USDT,crypto,H4,breakout,ny_breakout,atr_expand_min=0.0|utc_end=16|utc_start=13,both,all,NEEDS_MORE_DATA,0,,,,,,,,,,,,,,1.000000,,only 0 trades < min 20,binance_rest
run_20260427_131001,ADA/USDT,crypto,H4,breakout,ny_breakout,atr_expand_min=0.5|utc_end=16|utc_start=13,both,all,NEEDS_MORE_DATA,0,,,,,,,,,,,,,,1.000000,,only 0 trades < min 20,binance_rest
run_20260427_131001,ADA/USDT,crypto,H4,mean_reversion,rsi_extreme,overbought=70|oversold=30|period=14,both,all,NEEDS_MORE_DATA,14,,,,,,,,,,,,,,1.000000,,only 14 trades < min 20,binance_rest
run_20260427_131001,ADA/USDT,crypto,H4,mean_reversion,rsi_extreme,overbought=75|oversold=30|period=14,both,all,NEEDS_MORE_DATA,13,,,,,,,,,,,,,,,,only 13 trades < min 20,binance_rest
run_20260427_131001,ADA/USDT,crypto,H4,mean_reversion,rsi_extreme,overbought=70|oversold=25|period=14,both,all,NEEDS_MORE_DATA,11,,,,,,,,,,,,,,,,only 11 trades < min 20,binance_rest
run_20260427_131001,ADA/USDT,crypto,H4,mean_reversion,rsi_extreme,overbought=75|oversold=25|period=14,both,all,NEEDS_MORE_DATA,10,,,,,,,,,,,,,,,,only 10 trades < min 20,binance_rest
run_20260427_131001,ADA/USDT,crypto,H4,mean_reversion,vwap_deviation,std_threshold=1.5,both,all,NEEDS_MORE_DATA,5,,,,,,,,,,,,,,,,only 5 trades < min 20,binance_rest
run_20260427_131001,ADA/USDT,crypto,H4,mean_reversion,vwap_deviation,std_threshold=2.0,both,all,NEEDS_MORE_DATA,4,,,,,,,,,,,,,,,,only 4 trades < min 20,binance_rest
run_20260427_131001,ADA/USDT,crypto,H4,engine_b_proxy,ob_bos,require_engulf=False|require_vol_expand=False|swing_period=5,both,all,REJECT,23,0.260870,0.435088,-0.028784,-0.028784,-0.570849,-1.923511,-1.652537,0.023023,40.869565,-0.528834,-0.528834,-0.354718,-0.157725,0.371394,,,binance_rest
run_20260427_131001,ADA/USDT,crypto,H4,engine_b_proxy,ob_bos,require_engulf=False|require_vol_expand=True|swing_period=5,both,all,REJECT,22,0.227273,0.313194,-0.037402,-0.037402,-0.631237,-2.551212,-2.307240,0.022022,40.818182,-0.595135,-0.595135,-0.458207,-0.138000,0.322353,,,binance_rest
run_20260427_131001,ADA/USDT,crypto,H4,engine_b_proxy,ob_bos,require_engulf=True|require_vol_expand=False|swing_period=5,both,all,REJECT,22,0.272727,0.437386,-0.028991,-0.028991,-0.559850,-1.863959,-1.599772,0.022022,41.272727,-0.516759,-0.516759,-0.361330,-0.127195,0.337606,,,binance_rest
run_20260427_131001,ADA/USDT,crypto,H4,engine_b_proxy,ob_bos,require_engulf=True|require_vol_expand=True|swing_period=5,both,all,NEEDS_MORE_DATA,19,,,,,,,,,,,,,,1.000000,,only 19 trades < min 20,binance_rest
run_20260427_131001,ADA/USDT,crypto,H4,engine_b_proxy,ob_bos,require_engulf=False|require_vol_expand=False|swing_period=10,both,all,NEEDS_MORE_DATA,10,,,,,,,,,,,,,,,,only 10 trades < min 20,binance_rest
run_20260427_131001,ADA/USDT,crypto,H4,engine_b_proxy,ob_bos,require_engulf=False|require_vol_expand=True|swing_period=10,both,all,NEEDS_MORE_DATA,10,,,,,,,,,,,,,,,,only 10 trades < min 20,binance_rest
run_20260427_131001,ADA/USDT,crypto,H4,engine_b_proxy,ob_bos,require_engulf=True|require_vol_expand=False|swing_period=10,both,all,NEEDS_MORE_DATA,9,,,,,,,,,,,,,,,,only 9 trades < min 20,binance_rest
run_20260427_131001,ADA/USDT,crypto,H4,engine_b_proxy,ob_bos,require_engulf=True|require_vol_expand=True|swing_period=10,both,all,NEEDS_MORE_DATA,9,,,,,,,,,,,,,,,,only 9 trades < min 20,binance_rest
run_20260427_131001,ADA/USDT,crypto,H4,engine_b_proxy,structure_filters,fvg_detection=False|strong_close_pct=0.7,both,all,REJECT,293,0.344710,0.959201,-0.000423,-0.000423,-0.537406,-0.315529,-0.256624,0.293293,3.266212,-0.211376,-0.211376,-0.354356,0.212184,0.413333,,,binance_rest
run_20260427_131001,ADA/USDT,crypto,H4,engine_b_proxy,structure_filters,fvg_detection=True|strong_close_pct=0.7,both,all,REJECT,32,0.343750,0.939753,-0.001431,-0.001431,-0.430138,-0.165687,-0.134782,0.032032,12.625000,-0.096696,-0.096696,0.177647,-0.232959,0.305333,,,binance_rest
run_20260427_131001,ADA/USDT,crypto,H4,engine_b_proxy,structure_filters,fvg_detection=True|strong_close_pct=0.8,both,all,REJECT,22,0.409091,0.955589,-0.001182,-0.001182,-0.319267,-0.107227,-0.087217,0.022022,14.727273,-0.067191,-0.067191,0.075956,-0.133041,0.232000,,,binance_rest
