run_id,symbol,asset_class,timeframe,family,strategy_name,params_str,direction,session,status,trade_count,win_rate,profit_factor,avg_return,expectancy,max_drawdown,sharpe,sqn,exposure_pct,avg_duration_bars,gross_return,net_return,is_return,oos_return,robustness_score,param_sensitivity,skip_reason,data_source
run_20260429_074242_3656ab,SOL/USDT,crypto,H4,trend_momentum,ema_cross,adx_min=0|fast_period=10|rsi_confirm=False|slow_period=50,both,all,REJECT,35,0.171429,0.388390,-0.022809,-0.022809,-0.590877,-2.164221,-1.840399,0.035035,28.228571,-0.590877,-0.590877,-0.481905,-0.202461,0.536038,,,binance_rest
run_20260429_074242_3656ab,SOL/USDT,crypto,H4,trend_momentum,ema_cross,adx_min=0|fast_period=10|rsi_confirm=True|slow_period=50,both,all,REJECT,32,0.156250,0.383820,-0.023950,-0.023950,-0.577015,-2.091573,-1.780679,0.032032,28.718750,-0.577015,-0.577015,-0.464351,-0.202461,0.522803,,,binance_rest
run_20260429_074242_3656ab,SOL/USDT,crypto,H4,trend_momentum,ema_cross,adx_min=20|fast_period=10|rsi_confirm=False|slow_period=50,both,all,REJECT,33,0.151515,0.342615,-0.025524,-0.025524,-0.607507,-2.312830,-1.986703,0.033033,25.363636,-0.607507,-0.607507,-0.514890,-0.182853,0.504539,,,binance_rest
run_20260429_074242_3656ab,SOL/USDT,crypto,H4,trend_momentum,ema_cross,adx_min=20|fast_period=10|rsi_confirm=True|slow_period=50,both,all,REJECT,30,0.133333,0.335648,-0.027013,-0.027013,-0.594208,-2.240428,-1.928463,0.030030,25.600000,-0.594208,-0.594208,-0.498454,-0.182853,0.490052,,,binance_rest
run_20260429_074242_3656ab,SOL/USDT,crypto,H4,trend_momentum,ema_cross,adx_min=25|fast_period=10|rsi_confirm=False|slow_period=50,both,all,REJECT,27,0.185185,0.410384,-0.023360,-0.023360,-0.512455,-1.775882,-1.501780,0.027027,29.629630,-0.512455,-0.512455,-0.418718,-0.152897,0.415991,,,binance_rest
run_20260429_074242_3656ab,SOL/USDT,crypto,H4,trend_momentum,ema_cross,adx_min=25|fast_period=10|rsi_confirm=True|slow_period=50,both,all,REJECT,24,0.166667,0.406088,-0.024950,-0.024950,-0.495936,-1.698218,-1.437970,0.024024,30.458333,-0.495936,-0.495936,-0.399023,-0.152897,0.425620,,,binance_rest
run_20260429_074242_3656ab,SOL/USDT,crypto,H4,trend_momentum,ema_cross,adx_min=0|fast_period=10|rsi_confirm=False|slow_period=100,both,all,REJECT,27,0.148148,0.456064,-0.020141,-0.020141,-0.463688,-1.585721,-1.330058,0.027027,36.629630,-0.463688,-0.463688,-0.215098,-0.280782,0.503724,,,binance_rest
run_20260429_074242_3656ab,SOL/USDT,crypto,H4,trend_momentum,ema_cross,adx_min=0|fast_period=10|rsi_confirm=True|slow_period=100,both,all,REJECT,24,0.166667,0.473235,-0.021148,-0.021148,-0.443729,-1.481951,-1.242449,0.024024,38.166667,-0.443729,-0.443729,-0.185888,-0.280782,0.424187,,,binance_rest
run_20260429_074242_3656ab,SOL/USDT,crypto,H4,trend_momentum,ema_cross,adx_min=20|fast_period=10|rsi_confirm=False|slow_period=100,both,all,REJECT,27,0.148148,0.456064,-0.020141,-0.020141,-0.463688,-1.585721,-1.330058,0.027027,36.629630,-0.463688,-0.463688,-0.215098,-0.280782,0.503724,,,binance_rest
run_20260429_074242_3656ab,SOL/USDT,crypto,H4,trend_momentum,ema_cross,adx_min=20|fast_period=10|rsi_confirm=True|slow_period=100,both,all,REJECT,24,0.166667,0.473235,-0.021148,-0.021148,-0.443729,-1.481951,-1.242449,0.024024,38.166667,-0.443729,-0.443729,-0.185888,-0.280782,0.430854,,,binance_rest
run_20260429_074242_3656ab,SOL/USDT,crypto,H4,trend_momentum,ema_cross,adx_min=25|fast_period=10|rsi_confirm=False|slow_period=100,both,all,REJECT,27,0.148148,0.456064,-0.020141,-0.020141,-0.463688,-1.585721,-1.330058,0.027027,36.629630,-0.463688,-0.463688,-0.215098,-0.280782,0.510390,,,binance_rest
run_20260429_074242_3656ab,SOL/USDT,crypto,H4,trend_momentum,ema_cross,adx_min=25|fast_period=10|rsi_confirm=True|slow_period=100,both,all,REJECT,24,0.166667,0.473235,-0.021148,-0.021148,-0.443729,-1.481951,-1.242449,0.024024,38.166667,-0.443729,-0.443729,-0.185888,-0.280782,0.390854,,,binance_rest
run_20260429_074242_3656ab,SOL/USDT,crypto,H4,trend_momentum,ema_cross,adx_min=0|fast_period=10|rsi_confirm=False|slow_period=200,both,all,NEEDS_MORE_DATA,15,,,,,,,,,,,,,,,,only 15 trades < min 20,binance_rest
run_20260429_074242_3656ab,SOL/USDT,crypto,H4,trend_momentum,ema_cross,adx_min=0|fast_period=10|rsi_confirm=True|slow_period=200,both,all,NEEDS_MORE_DATA,12,,,,,,,,,,,,,,,,only 12 trades < min 20,binance_rest
run_20260429_074242_3656ab,SOL/USDT,crypto,H4,trend_momentum,ema_cross,adx_min=20|fast_period=10|rsi_confirm=False|slow_period=200,both,all,NEEDS_MORE_DATA,15,,,,,,,,,,,,,,,,only 15 trades < min 20,binance_rest
run_20260429_074242_3656ab,SOL/USDT,crypto,H4,trend_momentum,ema_cross,adx_min=20|fast_period=10|rsi_confirm=True|slow_period=200,both,all,NEEDS_MORE_DATA,12,,,,,,,,,,,,,,,,only 12 trades < min 20,binance_rest
run_20260429_074242_3656ab,SOL/USDT,crypto,H4,trend_momentum,ema_cross,adx_min=25|fast_period=10|rsi_confirm=False|slow_period=200,both,all,NEEDS_MORE_DATA,14,,,,,,,,,,,,,,,,only 14 trades < min 20,binance_rest
run_20260429_074242_3656ab,SOL/USDT,crypto,H4,trend_momentum,ema_cross,adx_min=25|fast_period=10|rsi_confirm=True|slow_period=200,both,all,NEEDS_MORE_DATA,11,,,,,,,,,,,,,,,,only 11 trades < min 20,binance_rest
run_20260429_074242_3656ab,SOL/USDT,crypto,H4,trend_momentum,ema_cross,adx_min=0|fast_period=20|rsi_confirm=False|slow_period=50,both,all,REJECT,27,0.222222,0.460371,-0.020199,-0.020199,-0.470465,-1.544131,-1.293042,0.027027,36.629630,-0.468138,-0.468138,-0.363859,-0.134502,0.372897,,,binance_rest
run_20260429_074242_3656ab,SOL/USDT,crypto,H4,trend_momentum,ema_cross,adx_min=0|fast_period=20|rsi_confirm=True|slow_period=50,both,all,REJECT,24,0.208333,0.469651,-0.021733,-0.021733,-0.457584,-1.478489,-1.239366,0.024024,38.208333,-0.455200,-0.455200,-0.348384,-0.134502,0.359822,,,binance_rest
run_20260429_074242_3656ab,SOL/USDT,crypto,H4,trend_momentum,ema_cross,adx_min=20|fast_period=20|rsi_confirm=False|slow_period=50,both,all,REJECT,26,0.192308,0.402287,-0.023234,-0.023234,-0.499840,-1.726145,-1.458660,0.026026,33.615385,-0.497642,-0.497642,-0.399147,-0.134502,0.357092,,,binance_rest
run_20260429_074242_3656ab,SOL/USDT,crypto,H4,trend_momentum,ema_cross,adx_min=20|fast_period=20|rsi_confirm=True|slow_period=50,both,all,REJECT,23,0.173913,0.409962,-0.025230,-0.025230,-0.487673,-1.660117,-1.405602,0.023023,34.869565,-0.485422,-0.485422,-0.384531,-0.134502,0.342935,,,binance_rest
run_20260429_074242_3656ab,SOL/USDT,crypto,H4,trend_momentum,ema_cross,adx_min=25|fast_period=20|rsi_confirm=False|slow_period=50,both,all,REJECT,25,0.200000,0.410935,-0.023313,-0.023313,-0.488972,-1.667299,-1.407324,0.025025,34.600000,-0.486726,-0.486726,-0.386091,-0.134502,0.354511,,,binance_rest
run_20260429_074242_3656ab,SOL/USDT,crypto,H4,trend_momentum,ema_cross,adx_min=25|fast_period=20|rsi_confirm=True|slow_period=50,both,all,REJECT,22,0.181818,0.419023,-0.025410,-0.025410,-0.476541,-1.601132,-1.354153,0.022022,36.045455,-0.474241,-0.474241,-0.371157,-0.134502,0.340716,,,binance_rest
run_20260429_074242_3656ab,SOL/USDT,crypto,H4,trend_momentum,ema_cross,adx_min=0|fast_period=20|rsi_confirm=False|slow_period=100,both,all,NEEDS_MORE_DATA,19,,,,,,,,,,,,,,,,only 19 trades < min 20,binance_rest
run_20260429_074242_3656ab,SOL/USDT,crypto,H4,trend_momentum,ema_cross,adx_min=0|fast_period=20|rsi_confirm=True|slow_period=100,both,all,NEEDS_MORE_DATA,17,,,,,,,,,,,,,,,,only 17 trades < min 20,binance_rest
run_20260429_074242_3656ab,SOL/USDT,crypto,H4,trend_momentum,ema_cross,adx_min=20|fast_period=20|rsi_confirm=False|slow_period=100,both,all,NEEDS_MORE_DATA,19,,,,,,,,,,,,,,,,only 19 trades < min 20,binance_rest
run_20260429_074242_3656ab,SOL/USDT,crypto,H4,trend_momentum,ema_cross,adx_min=20|fast_period=20|rsi_confirm=True|slow_period=100,both,all,NEEDS_MORE_DATA,17,,,,,,,,,,,,,,,,only 17 trades < min 20,binance_rest
run_20260429_074242_3656ab,SOL/USDT,crypto,H4,trend_momentum,ema_cross,adx_min=25|fast_period=20|rsi_confirm=False|slow_period=100,both,all,NEEDS_MORE_DATA,17,,,,,,,,,,,,,,,,only 17 trades < min 20,binance_rest
run_20260429_074242_3656ab,SOL/USDT,crypto,H4,trend_momentum,ema_cross,adx_min=25|fast_period=20|rsi_confirm=True|slow_period=100,both,all,NEEDS_MORE_DATA,15,,,,,,,,,,,,,,,,only 15 trades < min 20,binance_rest
run_20260429_074242_3656ab,SOL/USDT,crypto,H4,trend_momentum,ema_cross,adx_min=0|fast_period=20|rsi_confirm=False|slow_period=200,both,all,NEEDS_MORE_DATA,13,,,,,,,,,,,,,,,,only 13 trades < min 20,binance_rest
run_20260429_074242_3656ab,SOL/USDT,crypto,H4,trend_momentum,ema_cross,adx_min=0|fast_period=20|rsi_confirm=True|slow_period=200,both,all,NEEDS_MORE_DATA,11,,,,,,,,,,,,,,,,only 11 trades < min 20,binance_rest
run_20260429_074242_3656ab,SOL/USDT,crypto,H4,trend_momentum,ema_cross,adx_min=20|fast_period=20|rsi_confirm=False|slow_period=200,both,all,NEEDS_MORE_DATA,13,,,,,,,,,,,,,,,,only 13 trades < min 20,binance_rest
run_20260429_074242_3656ab,SOL/USDT,crypto,H4,trend_momentum,ema_cross,adx_min=20|fast_period=20|rsi_confirm=True|slow_period=200,both,all,NEEDS_MORE_DATA,11,,,,,,,,,,,,,,,,only 11 trades < min 20,binance_rest
run_20260429_074242_3656ab,SOL/USDT,crypto,H4,trend_momentum,ema_cross,adx_min=25|fast_period=20|rsi_confirm=False|slow_period=200,both,all,NEEDS_MORE_DATA,12,,,,,,,,,,,,,,,,only 12 trades < min 20,binance_rest
run_20260429_074242_3656ab,SOL/USDT,crypto,H4,trend_momentum,ema_cross,adx_min=25|fast_period=20|rsi_confirm=True|slow_period=200,both,all,NEEDS_MORE_DATA,10,,,,,,,,,,,,,,,,only 10 trades < min 20,binance_rest
run_20260429_074242_3656ab,SOL/USDT,crypto,H4,trend_momentum,ema_alignment,adx_min=0|ema_long=200|ema_mid=50|ema_short=20,both,all,REJECT,33,0.212121,0.778115,-0.003452,-0.003452,-0.235390,-0.427938,-0.348640,0.033033,14.484848,-0.147942,-0.147942,-0.054112,-0.099197,0.428043,,,binance_rest
run_20260429_074242_3656ab,SOL/USDT,crypto,H4,trend_momentum,ema_alignment,adx_min=20|ema_long=200|ema_mid=50|ema_short=20,both,all,REJECT,31,0.225806,0.813586,-0.002953,-0.002953,-0.235390,-0.344377,-0.280409,0.031031,15.000000,-0.128507,-0.128507,-0.054112,-0.078651,0.516619,,,binance_rest
run_20260429_074242_3656ab,SOL/USDT,crypto,H4,trend_momentum,ema_alignment,adx_min=25|ema_long=200|ema_mid=50|ema_short=20,both,all,REJECT,23,0.260870,0.993696,-0.000106,-0.000106,-0.213635,-0.009287,-0.007553,0.023023,17.130435,-0.046306,-0.046306,-0.033005,-0.013755,0.391604,,,binance_rest
run_20260429_074242_3656ab,SOL/USDT,crypto,H4,trend_momentum,macd_direction,adx_min=0|fast=12|signal_period=9|slow=26,both,all,REJECT,85,0.305882,0.470493,-0.013219,-0.013219,-0.703792,-3.218546,-2.719686,0.085085,11.611765,-0.703792,-0.703792,-0.544256,-0.376755,0.647672,,,binance_rest
run_20260429_074242_3656ab,SOL/USDT,crypto,H4,trend_momentum,macd_direction,adx_min=20|fast=12|signal_period=9|slow=26,both,all,REJECT,79,0.316456,0.482490,-0.013525,-0.013525,-0.686873,-3.066055,-2.589060,0.079079,11.974684,-0.686873,-0.686873,-0.539980,-0.347280,0.632940,,,binance_rest
run_20260429_074242_3656ab,SOL/USDT,crypto,H4,pullback,pullback_ema,pullback_period=20|rsi_reclaim=False|rsi_threshold=50|trend_period=200,both,all,REJECT,79,0.164557,0.560023,-0.005696,-0.005696,-0.404935,-1.598912,-1.313323,0.079079,6.493671,-0.395364,-0.395364,-0.247350,-0.196657,0.718516,,,binance_rest
run_20260429_074242_3656ab,SOL/USDT,crypto,H4,pullback,pullback_ema,pullback_period=20|rsi_reclaim=True|rsi_threshold=50|trend_period=200,both,all,REJECT,63,0.174603,0.639296,-0.004599,-0.004599,-0.324872,-1.057854,-0.865074,0.063063,7.031746,-0.287940,-0.287940,-0.158815,-0.153503,0.749966,,,binance_rest
run_20260429_074242_3656ab,SOL/USDT,crypto,H4,pullback,pullback_ema,pullback_period=50|rsi_reclaim=False|rsi_threshold=50|trend_period=200,both,all,REJECT,63,0.111111,0.467201,-0.008251,-0.008251,-0.438042,-1.786392,-1.476136,0.063063,9.095238,-0.438042,-0.438042,-0.285625,-0.213356,0.684094,,,binance_rest
run_20260429_074242_3656ab,SOL/USDT,crypto,H4,pullback,pullback_ema,pullback_period=50|rsi_reclaim=True|rsi_threshold=50|trend_period=200,both,all,REJECT,46,0.108696,0.189615,-0.013173,-0.013173,-0.462453,-4.379183,-4.148512,0.046046,8.673913,-0.462453,-0.462453,-0.347072,-0.176713,0.557318,,,binance_rest
run_20260429_074242_3656ab,SOL/USDT,crypto,H4,breakout,prev_day_hl,atr_expand_min=0.0,both,all,REJECT,52,0.307692,0.621953,-0.009042,-0.009042,-0.428317,-1.312488,-1.078642,0.052052,18.903846,-0.428317,-0.428317,-0.071998,-0.406893,0.460000,,,binance_rest
run_20260429_074242_3656ab,SOL/USDT,crypto,H4,breakout,prev_day_hl,atr_expand_min=0.5,both,all,REJECT,52,0.307692,0.615209,-0.009305,-0.009305,-0.436261,-1.348160,-1.108606,0.052052,18.846154,-0.436261,-0.436261,-0.084894,-0.406893,0.460000,,,binance_rest
run_20260429_074242_3656ab,SOL/USDT,crypto,H4,breakout,prev_day_hl,atr_expand_min=1.0,both,all,REJECT,46,0.282609,0.613478,-0.009578,-0.009578,-0.410349,-1.240184,-1.019390,0.046046,18.565217,-0.410349,-0.410349,-0.188506,-0.300421,0.557891,,,binance_rest
run_20260429_074242_3656ab,SOL/USDT,crypto,H4,breakout,session_opening_range,atr_expand_min=0.0|range_bars=6,both,all,REJECT,61,0.360656,0.757274,-0.005347,-0.005347,-0.394819,-0.921317,-0.752520,0.061061,16.081967,-0.339612,-0.339612,0.087690,-0.415451,0.440000,,,binance_rest
run_20260429_074242_3656ab,SOL/USDT,crypto,H4,breakout,session_opening_range,atr_expand_min=0.5|range_bars=6,both,all,REJECT,61,0.360656,0.757274,-0.005347,-0.005347,-0.394819,-0.921317,-0.752520,0.061061,16.081967,-0.339612,-0.339612,0.087690,-0.415451,0.440000,,,binance_rest
run_20260429_074242_3656ab,SOL/USDT,crypto,H4,breakout,session_opening_range,atr_expand_min=0.0|range_bars=12,both,all,REJECT,28,0.321429,1.026584,0.000763,0.000763,-0.293507,0.057496,0.046761,0.028028,34.607143,-0.071511,-0.071511,-0.148324,0.049617,0.308000,,,binance_rest
run_20260429_074242_3656ab,SOL/USDT,crypto,H4,breakout,session_opening_range,atr_expand_min=0.5|range_bars=12,both,all,REJECT,28,0.321429,1.026584,0.000763,0.000763,-0.293507,0.057496,0.046761,0.028028,34.607143,-0.071511,-0.071511,-0.148324,0.049617,0.288000,,,binance_rest
run_20260429_074242_3656ab,SOL/USDT,crypto,H4,breakout,london_breakout,atr_expand_min=0.0|utc_end=11|utc_start=7,both,all,NEEDS_MORE_DATA,18,,,,,,,,,,,,,,,,only 18 trades < min 20,binance_rest
run_20260429_074242_3656ab,SOL/USDT,crypto,H4,breakout,london_breakout,atr_expand_min=0.5|utc_end=11|utc_start=7,both,all,NEEDS_MORE_DATA,18,,,,,,,,,,,,,,,,only 18 trades < min 20,binance_rest
run_20260429_074242_3656ab,SOL/USDT,crypto,H4,breakout,ny_breakout,atr_expand_min=0.0|utc_end=16|utc_start=13,both,all,NEEDS_MORE_DATA,0,,,,,,,,,,,,,,,,only 0 trades < min 20,binance_rest
run_20260429_074242_3656ab,SOL/USDT,crypto,H4,breakout,ny_breakout,atr_expand_min=0.5|utc_end=16|utc_start=13,both,all,NEEDS_MORE_DATA,0,,,,,,,,,,,,,,,,only 0 trades < min 20,binance_rest
run_20260429_074242_3656ab,SOL/USDT,crypto,H4,mean_reversion,rsi_extreme,overbought=70|oversold=30|period=14,both,all,NEEDS_MORE_DATA,12,,,,,,,,,,,,,,,,only 12 trades < min 20,binance_rest
run_20260429_074242_3656ab,SOL/USDT,crypto,H4,mean_reversion,rsi_extreme,overbought=75|oversold=30|period=14,both,all,NEEDS_MORE_DATA,8,,,,,,,,,,,,,,,,only 8 trades < min 20,binance_rest
run_20260429_074242_3656ab,SOL/USDT,crypto,H4,mean_reversion,rsi_extreme,overbought=70|oversold=25|period=14,both,all,NEEDS_MORE_DATA,10,,,,,,,,,,,,,,,,only 10 trades < min 20,binance_rest
run_20260429_074242_3656ab,SOL/USDT,crypto,H4,mean_reversion,rsi_extreme,overbought=75|oversold=25|period=14,both,all,NEEDS_MORE_DATA,6,,,,,,,,,,,,,,,,only 6 trades < min 20,binance_rest
run_20260429_074242_3656ab,SOL/USDT,crypto,H4,mean_reversion,vwap_deviation,std_threshold=1.5,both,all,NEEDS_MORE_DATA,10,,,,,,,,,,,,,,,,only 10 trades < min 20,binance_rest
run_20260429_074242_3656ab,SOL/USDT,crypto,H4,mean_reversion,vwap_deviation,std_threshold=2.0,both,all,NEEDS_MORE_DATA,9,,,,,,,,,,,,,,,,only 9 trades < min 20,binance_rest
run_20260429_074242_3656ab,SOL/USDT,crypto,H4,engine_b_proxy,ob_bos,require_engulf=False|require_vol_expand=False|swing_period=5,both,all,REJECT,24,0.250000,0.330582,-0.037518,-0.037518,-0.632662,-2.689852,-2.437507,0.024024,36.916667,-0.627740,-0.627740,-0.528965,-0.129754,0.367589,,,binance_rest
run_20260429_074242_3656ab,SOL/USDT,crypto,H4,engine_b_proxy,ob_bos,require_engulf=False|require_vol_expand=True|swing_period=5,both,all,REJECT,20,0.300000,0.358409,-0.033109,-0.033109,-0.518501,-2.233246,-1.983543,0.020020,41.000000,-0.518501,-0.518501,-0.456359,-0.114307,0.295143,,,binance_rest
run_20260429_074242_3656ab,SOL/USDT,crypto,H4,engine_b_proxy,ob_bos,require_engulf=True|require_vol_expand=False|swing_period=5,both,all,NEEDS_MORE_DATA,19,,,,,,,,,,,,,,1.000000,,only 19 trades < min 20,binance_rest
run_20260429_074242_3656ab,SOL/USDT,crypto,H4,engine_b_proxy,ob_bos,require_engulf=True|require_vol_expand=True|swing_period=5,both,all,NEEDS_MORE_DATA,17,,,,,,,,,,,,,,,,only 17 trades < min 20,binance_rest
run_20260429_074242_3656ab,SOL/USDT,crypto,H4,engine_b_proxy,ob_bos,require_engulf=False|require_vol_expand=False|swing_period=10,both,all,NEEDS_MORE_DATA,8,,,,,,,,,,,,,,,,only 8 trades < min 20,binance_rest
run_20260429_074242_3656ab,SOL/USDT,crypto,H4,engine_b_proxy,ob_bos,require_engulf=False|require_vol_expand=True|swing_period=10,both,all,NEEDS_MORE_DATA,7,,,,,,,,,,,,,,,,only 7 trades < min 20,binance_rest
run_20260429_074242_3656ab,SOL/USDT,crypto,H4,engine_b_proxy,ob_bos,require_engulf=True|require_vol_expand=False|swing_period=10,both,all,NEEDS_MORE_DATA,8,,,,,,,,,,,,,,,,only 8 trades < min 20,binance_rest
run_20260429_074242_3656ab,SOL/USDT,crypto,H4,engine_b_proxy,ob_bos,require_engulf=True|require_vol_expand=True|swing_period=10,both,all,NEEDS_MORE_DATA,7,,,,,,,,,,,,,,,,only 7 trades < min 20,binance_rest
run_20260429_074242_3656ab,SOL/USDT,crypto,H4,engine_b_proxy,structure_filters,fvg_detection=True|strong_close_pct=0.7,both,all,REJECT,34,0.264706,0.716505,-0.005213,-0.005213,-0.323830,-0.655701,-0.535416,0.034034,12.000000,-0.202890,-0.202890,-0.093660,-0.120517,0.577974,,,binance_rest
run_20260429_074242_3656ab,SOL/USDT,crypto,H4,engine_b_proxy,structure_filters,fvg_detection=True|strong_close_pct=0.8,both,all,REJECT,21,0.142857,0.850531,-0.002609,-0.002609,-0.217573,-0.224170,-0.182448,0.021021,10.095238,-0.089674,-0.089674,0.034557,-0.120081,0.226000,,,binance_rest
run_20260429_074242_3656ab,BNB/USDT,crypto,H4,trend_momentum,ema_cross,adx_min=0|fast_period=10|rsi_confirm=False|slow_period=50,both,all,REJECT,31,0.225806,0.483117,-0.013238,-0.013238,-0.375104,-1.497786,-1.247342,0.031031,31.870968,-0.370107,-0.370107,-0.294647,-0.112443,0.500486,,,binance_rest
run_20260429_074242_3656ab,BNB/USDT,crypto,H4,trend_momentum,ema_cross,adx_min=0|fast_period=10|rsi_confirm=True|slow_period=50,both,all,REJECT,29,0.241379,0.517793,-0.012318,-0.012318,-0.340491,-1.311909,-1.087842,0.029029,33.034483,-0.335217,-0.335217,-0.255577,-0.112443,0.505987,,,binance_rest
run_20260429_074242_3656ab,BNB/USDT,crypto,H4,trend_momentum,ema_cross,adx_min=20|fast_period=10|rsi_confirm=False|slow_period=50,both,all,REJECT,26,0.269231,0.568780,-0.011191,-0.011191,-0.294520,-1.079128,-0.890542,0.026026,33.923077,-0.288879,-0.288879,-0.203687,-0.112443,0.521611,,,binance_rest
run_20260429_074242_3656ab,BNB/USDT,crypto,H4,trend_momentum,ema_cross,adx_min=20|fast_period=10|rsi_confirm=True|slow_period=50,both,all,REJECT,24,0.291667,0.617434,-0.009908,-0.009908,-0.271827,-0.887699,-0.729696,0.024024,35.500000,-0.249490,-0.249490,-0.159579,-0.112443,0.555387,,,binance_rest
run_20260429_074242_3656ab,BNB/USDT,crypto,H4,trend_momentum,ema_cross,adx_min=25|fast_period=10|rsi_confirm=False|slow_period=50,both,all,REJECT,21,0.333333,0.764903,-0.005617,-0.005617,-0.195970,-0.453834,-0.370259,0.021021,38.952381,-0.151106,-0.151106,-0.093383,-0.069394,0.493379,,,binance_rest
run_20260429_074242_3656ab,BNB/USDT,crypto,H4,trend_momentum,ema_cross,adx_min=25|fast_period=10|rsi_confirm=True|slow_period=50,both,all,NEEDS_MORE_DATA,19,,,,,,,,,,,,,,1.000000,,only 19 trades < min 20,binance_rest
run_20260429_074242_3656ab,BNB/USDT,crypto,H4,trend_momentum,ema_cross,adx_min=0|fast_period=10|rsi_confirm=False|slow_period=100,both,all,REJECT,23,0.173913,0.631974,-0.008245,-0.008245,-0.364993,-0.784673,-0.643727,0.023023,43.173913,-0.204714,-0.204714,-0.234911,0.041373,0.271333,,,binance_rest
run_20260429_074242_3656ab,BNB/USDT,crypto,H4,trend_momentum,ema_cross,adx_min=0|fast_period=10|rsi_confirm=True|slow_period=100,both,all,REJECT,20,0.200000,0.745188,-0.005571,-0.005571,-0.312510,-0.467202,-0.381303,0.020020,47.850000,-0.138984,-0.138984,-0.171676,0.041373,0.253333,,,binance_rest
run_20260429_074242_3656ab,BNB/USDT,crypto,H4,trend_momentum,ema_cross,adx_min=20|fast_period=10|rsi_confirm=False|slow_period=100,both,all,REJECT,20,0.200000,0.766413,-0.004963,-0.004963,-0.303574,-0.419646,-0.342256,0.020020,44.250000,-0.127793,-0.127793,-0.160910,0.041373,0.253333,,,binance_rest
run_20260429_074242_3656ab,BNB/USDT,crypto,H4,trend_momentum,ema_cross,adx_min=20|fast_period=10|rsi_confirm=True|slow_period=100,both,all,NEEDS_MORE_DATA,17,,,,,,,,,,,,,,1.000000,,only 17 trades < min 20,binance_rest
run_20260429_074242_3656ab,BNB/USDT,crypto,H4,trend_momentum,ema_cross,adx_min=25|fast_period=10|rsi_confirm=False|slow_period=100,both,all,REJECT,20,0.200000,0.766413,-0.004963,-0.004963,-0.303574,-0.419646,-0.342256,0.020020,44.250000,-0.127793,-0.127793,-0.160910,0.041373,0.260000,,,binance_rest
run_20260429_074242_3656ab,BNB/USDT,crypto,H4,trend_momentum,ema_cross,adx_min=25|fast_period=10|rsi_confirm=True|slow_period=100,both,all,NEEDS_MORE_DATA,17,,,,,,,,,,,,,,1.000000,,only 17 trades < min 20,binance_rest
run_20260429_074242_3656ab,BNB/USDT,crypto,H4,trend_momentum,ema_cross,adx_min=0|fast_period=10|rsi_confirm=False|slow_period=200,both,all,NEEDS_MORE_DATA,17,,,,,,,,,,,,,,,,only 17 trades < min 20,binance_rest
run_20260429_074242_3656ab,BNB/USDT,crypto,H4,trend_momentum,ema_cross,adx_min=0|fast_period=10|rsi_confirm=True|slow_period=200,both,all,NEEDS_MORE_DATA,14,,,,,,,,,,,,,,,,only 14 trades < min 20,binance_rest
run_20260429_074242_3656ab,BNB/USDT,crypto,H4,trend_momentum,ema_cross,adx_min=20|fast_period=10|rsi_confirm=False|slow_period=200,both,all,NEEDS_MORE_DATA,14,,,,,,,,,,,,,,,,only 14 trades < min 20,binance_rest
run_20260429_074242_3656ab,BNB/USDT,crypto,H4,trend_momentum,ema_cross,adx_min=20|fast_period=10|rsi_confirm=True|slow_period=200,both,all,NEEDS_MORE_DATA,11,,,,,,,,,,,,,,,,only 11 trades < min 20,binance_rest
run_20260429_074242_3656ab,BNB/USDT,crypto,H4,trend_momentum,ema_cross,adx_min=25|fast_period=10|rsi_confirm=False|slow_period=200,both,all,NEEDS_MORE_DATA,14,,,,,,,,,,,,,,,,only 14 trades < min 20,binance_rest
run_20260429_074242_3656ab,BNB/USDT,crypto,H4,trend_momentum,ema_cross,adx_min=25|fast_period=10|rsi_confirm=True|slow_period=200,both,all,NEEDS_MORE_DATA,11,,,,,,,,,,,,,,,,only 11 trades < min 20,binance_rest
run_20260429_074242_3656ab,BNB/USDT,crypto,H4,trend_momentum,ema_cross,adx_min=0|fast_period=20|rsi_confirm=False|slow_period=50,both,all,REJECT,29,0.137931,0.451571,-0.014800,-0.014800,-0.387731,-1.571922,-1.314844,0.029029,34.103448,-0.381537,-0.381537,-0.324293,-0.076267,0.344554,,,binance_rest
run_20260429_074242_3656ab,BNB/USDT,crypto,H4,trend_momentum,ema_cross,adx_min=0|fast_period=20|rsi_confirm=True|slow_period=50,both,all,REJECT,27,0.148148,0.474588,-0.014491,-0.014491,-0.363808,-1.437398,-1.198855,0.027027,35.592593,-0.357372,-0.357372,-0.297891,-0.076267,0.338807,,,binance_rest
run_20260429_074242_3656ab,BNB/USDT,crypto,H4,trend_momentum,ema_cross,adx_min=20|fast_period=20|rsi_confirm=False|slow_period=50,both,all,REJECT,24,0.166667,0.539768,-0.012563,-0.012563,-0.303000,-1.122524,-0.928766,0.024024,36.791667,-0.295949,-0.295949,-0.230783,-0.076267,0.343141,,,binance_rest
run_20260429_074242_3656ab,BNB/USDT,crypto,H4,trend_momentum,ema_cross,adx_min=20|fast_period=20|rsi_confirm=True|slow_period=50,both,all,REJECT,22,0.181818,0.572964,-0.011980,-0.011980,-0.275767,-0.984430,-0.812243,0.022022,38.863636,-0.268440,-0.268440,-0.200728,-0.076267,0.345986,,,binance_rest
run_20260429_074242_3656ab,BNB/USDT,crypto,H4,trend_momentum,ema_cross,adx_min=25|fast_period=20|rsi_confirm=False|slow_period=50,both,all,REJECT,20,0.200000,0.602059,-0.011686,-0.011686,-0.291260,-0.875542,-0.721047,0.020020,43.300000,-0.246048,-0.246048,-0.230783,-0.010796,0.234033,,,binance_rest
run_20260429_074242_3656ab,BNB/USDT,crypto,H4,trend_momentum,ema_cross,adx_min=25|fast_period=20|rsi_confirm=True|slow_period=50,both,all,NEEDS_MORE_DATA,18,,,,,,,,,,,,,,1.000000,,only 18 trades < min 20,binance_rest
run_20260429_074242_3656ab,BNB/USDT,crypto,H4,trend_momentum,ema_cross,adx_min=0|fast_period=20|rsi_confirm=False|slow_period=100,both,all,NEEDS_MORE_DATA,12,,,,,,,,,,,,,,,,only 12 trades < min 20,binance_rest
run_20260429_074242_3656ab,BNB/USDT,crypto,H4,trend_momentum,ema_cross,adx_min=0|fast_period=20|rsi_confirm=True|slow_period=100,both,all,NEEDS_MORE_DATA,11,,,,,,,,,,,,,,,,only 11 trades < min 20,binance_rest
run_20260429_074242_3656ab,BNB/USDT,crypto,H4,trend_momentum,ema_cross,adx_min=20|fast_period=20|rsi_confirm=False|slow_period=100,both,all,NEEDS_MORE_DATA,9,,,,,,,,,,,,,,,,only 9 trades < min 20,binance_rest
run_20260429_074242_3656ab,BNB/USDT,crypto,H4,trend_momentum,ema_cross,adx_min=20|fast_period=20|rsi_confirm=True|slow_period=100,both,all,NEEDS_MORE_DATA,8,,,,,,,,,,,,,,,,only 8 trades < min 20,binance_rest
run_20260429_074242_3656ab,BNB/USDT,crypto,H4,trend_momentum,ema_cross,adx_min=25|fast_period=20|rsi_confirm=False|slow_period=100,both,all,NEEDS_MORE_DATA,8,,,,,,,,,,,,,,,,only 8 trades < min 20,binance_rest
run_20260429_074242_3656ab,BNB/USDT,crypto,H4,trend_momentum,ema_cross,adx_min=25|fast_period=20|rsi_confirm=True|slow_period=100,both,all,NEEDS_MORE_DATA,7,,,,,,,,,,,,,,,,only 7 trades < min 20,binance_rest
run_20260429_074242_3656ab,BNB/USDT,crypto,H4,trend_momentum,ema_cross,adx_min=0|fast_period=20|rsi_confirm=False|slow_period=200,both,all,NEEDS_MORE_DATA,10,,,,,,,,,,,,,,,,only 10 trades < min 20,binance_rest
run_20260429_074242_3656ab,BNB/USDT,crypto,H4,trend_momentum,ema_cross,adx_min=0|fast_period=20|rsi_confirm=True|slow_period=200,both,all,NEEDS_MORE_DATA,9,,,,,,,,,,,,,,,,only 9 trades < min 20,binance_rest
run_20260429_074242_3656ab,BNB/USDT,crypto,H4,trend_momentum,ema_cross,adx_min=20|fast_period=20|rsi_confirm=False|slow_period=200,both,all,NEEDS_MORE_DATA,8,,,,,,,,,,,,,,,,only 8 trades < min 20,binance_rest
run_20260429_074242_3656ab,BNB/USDT,crypto,H4,trend_momentum,ema_cross,adx_min=20|fast_period=20|rsi_confirm=True|slow_period=200,both,all,NEEDS_MORE_DATA,7,,,,,,,,,,,,,,,,only 7 trades < min 20,binance_rest
run_20260429_074242_3656ab,BNB/USDT,crypto,H4,trend_momentum,ema_cross,adx_min=25|fast_period=20|rsi_confirm=False|slow_period=200,both,all,NEEDS_MORE_DATA,7,,,,,,,,,,,,,,,,only 7 trades < min 20,binance_rest
run_20260429_074242_3656ab,BNB/USDT,crypto,H4,trend_momentum,ema_cross,adx_min=25|fast_period=20|rsi_confirm=True|slow_period=200,both,all,NEEDS_MORE_DATA,6,,,,,,,,,,,,,,,,only 6 trades < min 20,binance_rest
run_20260429_074242_3656ab,BNB/USDT,crypto,H4,trend_momentum,ema_alignment,adx_min=0|ema_long=200|ema_mid=50|ema_short=20,both,all,REJECT,27,0.148148,0.726554,-0.004733,-0.004733,-0.257192,-0.538679,-0.439604,0.027027,17.296296,-0.152711,-0.152711,-0.102672,-0.055765,0.504941,,,binance_rest
run_20260429_074242_3656ab,BNB/USDT,crypto,H4,trend_momentum,ema_alignment,adx_min=20|ema_long=200|ema_mid=50|ema_short=20,both,all,REJECT,25,0.200000,0.758839,-0.004366,-0.004366,-0.213469,-0.458526,-0.373911,0.025025,17.560000,-0.137014,-0.137014,-0.086048,-0.055765,0.511085,,,binance_rest
run_20260429_074242_3656ab,BNB/USDT,crypto,H4,trend_momentum,ema_alignment,adx_min=25|ema_long=200|ema_mid=50|ema_short=20,both,all,REJECT,22,0.227273,0.813090,-0.003588,-0.003588,-0.205955,-0.332437,-0.270795,0.022022,19.727273,-0.110378,-0.110378,-0.077318,-0.035830,0.399594,,,binance_rest
run_20260429_074242_3656ab,BNB/USDT,crypto,H4,trend_momentum,macd_direction,adx_min=0|fast=12|signal_period=9|slow=26,both,all,REJECT,84,0.321429,0.737322,-0.003047,-0.003047,-0.322774,-1.215992,-0.994221,0.084084,11.880952,-0.251178,-0.251178,-0.155560,-0.151342,0.731865,,,binance_rest
run_20260429_074242_3656ab,BNB/USDT,crypto,H4,trend_momentum,macd_direction,adx_min=20|fast=12|signal_period=9|slow=26,both,all,REJECT,77,0.324675,0.760718,-0.002849,-0.002849,-0.297109,-1.052107,-0.859405,0.077077,12.129870,-0.222799,-0.222799,-0.123557,-0.151342,0.672539,,,binance_rest
run_20260429_074242_3656ab,BNB/USDT,crypto,H4,pullback,pullback_ema,pullback_period=20|rsi_reclaim=False|rsi_threshold=50|trend_period=200,both,all,REJECT,67,0.223881,0.855612,-0.001126,-0.001126,-0.245845,-0.307073,-0.249836,0.067067,6.761194,-0.108513,-0.108513,-0.034538,-0.076622,0.480000,,,binance_rest
run_20260429_074242_3656ab,BNB/USDT,crypto,H4,pullback,pullback_ema,pullback_period=20|rsi_reclaim=True|rsi_threshold=50|trend_period=200,both,all,REJECT,60,0.250000,0.998146,-0.000014,-0.000014,-0.197136,-0.003403,-0.002767,0.060060,7.166667,-0.038850,-0.038850,0.036037,-0.072282,0.460000,,,binance_rest
run_20260429_074242_3656ab,BNB/USDT,crypto,H4,pullback,pullback_ema,pullback_period=50|rsi_reclaim=False|rsi_threshold=50|trend_period=200,both,all,REJECT,44,0.181818,0.745008,-0.002883,-0.002883,-0.290627,-0.551313,-0.449338,0.044044,13.045455,-0.149633,-0.149633,-0.131200,-0.021217,0.472514,,,binance_rest
run_20260429_074242_3656ab,BNB/USDT,crypto,H4,pullback,pullback_ema,pullback_period=50|rsi_reclaim=True|rsi_threshold=50|trend_period=200,both,all,REJECT,29,0.137931,0.918612,-0.000977,-0.000977,-0.216886,-0.126333,-0.102759,0.029029,13.206897,-0.059715,-0.059715,-0.072975,0.014303,0.302571,,,binance_rest
run_20260429_074242_3656ab,BNB/USDT,crypto,H4,breakout,prev_day_hl,atr_expand_min=0.0,both,all,REJECT,49,0.387755,0.932274,-0.001066,-0.001066,-0.332450,-0.224988,-0.183031,0.049049,19.959184,-0.087815,-0.087815,-0.117421,-0.007139,0.472239,,,binance_rest
run_20260429_074242_3656ab,BNB/USDT,crypto,H4,breakout,prev_day_hl,atr_expand_min=0.5,both,all,REJECT,47,0.404255,1.035493,0.000524,0.000524,-0.309676,0.108181,0.087985,0.047047,20.446809,-0.013418,-0.013418,-0.045439,-0.007139,0.489132,,,binance_rest
run_20260429_074242_3656ab,BNB/USDT,crypto,H4,breakout,prev_day_hl,atr_expand_min=1.0,both,all,REJECT,41,0.390244,0.983667,-0.000247,-0.000247,-0.291475,-0.047092,-0.038298,0.041041,20.341463,-0.043069,-0.043069,-0.022434,-0.021109,0.688275,,,binance_rest
run_20260429_074242_3656ab,BNB/USDT,crypto,H4,breakout,session_opening_range,atr_expand_min=0.0|range_bars=6,both,all,REJECT,63,0.380952,1.012016,0.000149,0.000149,-0.229280,0.039926,0.032470,0.063063,15.523810,-0.030048,-0.030048,0.057197,-0.096449,0.440000,,,binance_rest
run_20260429_074242_3656ab,BNB/USDT,crypto,H4,breakout,session_opening_range,atr_expand_min=0.5|range_bars=6,both,all,REJECT,62,0.387097,1.027948,0.000344,0.000344,-0.229280,0.090789,0.073838,0.062062,15.596774,-0.018191,-0.018191,0.070121,-0.096449,0.440000,,,binance_rest
run_20260429_074242_3656ab,BNB/USDT,crypto,H4,breakout,session_opening_range,atr_expand_min=0.0|range_bars=12,both,all,REJECT,30,0.366667,0.959486,-0.000753,-0.000753,-0.236303,-0.084403,-0.068646,0.030030,31.766667,-0.069079,-0.069079,-0.146013,0.073546,0.320000,,,binance_rest
run_20260429_074242_3656ab,BNB/USDT,crypto,H4,breakout,session_opening_range,atr_expand_min=0.5|range_bars=12,both,all,REJECT,30,0.366667,0.959486,-0.000753,-0.000753,-0.236303,-0.084403,-0.068646,0.030030,31.766667,-0.069079,-0.069079,-0.146013,0.073546,0.300000,,,binance_rest
run_20260429_074242_3656ab,BNB/USDT,crypto,H4,breakout,london_breakout,atr_expand_min=0.0|utc_end=11|utc_start=7,both,all,NEEDS_MORE_DATA,12,,,,,,,,,,,,,,,,only 12 trades < min 20,binance_rest
run_20260429_074242_3656ab,BNB/USDT,crypto,H4,breakout,london_breakout,atr_expand_min=0.5|utc_end=11|utc_start=7,both,all,NEEDS_MORE_DATA,12,,,,,,,,,,,,,,,,only 12 trades < min 20,binance_rest
run_20260429_074242_3656ab,BNB/USDT,crypto,H4,breakout,ny_breakout,atr_expand_min=0.0|utc_end=16|utc_start=13,both,all,NEEDS_MORE_DATA,0,,,,,,,,,,,,,,,,only 0 trades < min 20,binance_rest
run_20260429_074242_3656ab,BNB/USDT,crypto,H4,breakout,ny_breakout,atr_expand_min=0.5|utc_end=16|utc_start=13,both,all,NEEDS_MORE_DATA,0,,,,,,,,,,,,,,,,only 0 trades < min 20,binance_rest
run_20260429_074242_3656ab,BNB/USDT,crypto,H4,mean_reversion,rsi_extreme,overbought=70|oversold=30|period=14,both,all,NEEDS_MORE_DATA,13,,,,,,,,,,,,,,,,only 13 trades < min 20,binance_rest
run_20260429_074242_3656ab,BNB/USDT,crypto,H4,mean_reversion,rsi_extreme,overbought=75|oversold=30|period=14,both,all,NEEDS_MORE_DATA,11,,,,,,,,,,,,,,,,only 11 trades < min 20,binance_rest
run_20260429_074242_3656ab,BNB/USDT,crypto,H4,mean_reversion,rsi_extreme,overbought=70|oversold=25|period=14,both,all,NEEDS_MORE_DATA,9,,,,,,,,,,,,,,,,only 9 trades < min 20,binance_rest
run_20260429_074242_3656ab,BNB/USDT,crypto,H4,mean_reversion,rsi_extreme,overbought=75|oversold=25|period=14,both,all,NEEDS_MORE_DATA,7,,,,,,,,,,,,,,,,only 7 trades < min 20,binance_rest
run_20260429_074242_3656ab,BNB/USDT,crypto,H4,mean_reversion,vwap_deviation,std_threshold=1.5,both,all,NEEDS_MORE_DATA,9,,,,,,,,,,,,,,,,only 9 trades < min 20,binance_rest
run_20260429_074242_3656ab,BNB/USDT,crypto,H4,mean_reversion,vwap_deviation,std_threshold=2.0,both,all,NEEDS_MORE_DATA,7,,,,,,,,,,,,,,,,only 7 trades < min 20,binance_rest
run_20260429_074242_3656ab,BNB/USDT,crypto,H4,engine_b_proxy,ob_bos,require_engulf=False|require_vol_expand=False|swing_period=5,both,all,REJECT,24,0.166667,0.409715,-0.022442,-0.022442,-0.466528,-1.845043,-1.574279,0.024024,36.250000,-0.450842,-0.450842,-0.429488,0.019848,0.294000,,,binance_rest
run_20260429_074242_3656ab,BNB/USDT,crypto,H4,engine_b_proxy,ob_bos,require_engulf=False|require_vol_expand=True|swing_period=5,both,all,NEEDS_MORE_DATA,19,,,,,,,,,,,,,,1.000000,,only 19 trades < min 20,binance_rest
run_20260429_074242_3656ab,BNB/USDT,crypto,H4,engine_b_proxy,ob_bos,require_engulf=True|require_vol_expand=False|swing_period=5,both,all,REJECT,22,0.181818,0.456911,-0.019960,-0.019960,-0.406062,-1.545586,-1.303558,0.022022,36.772727,-0.391208,-0.391208,-0.356678,0.002435,0.232000,,,binance_rest
run_20260429_074242_3656ab,BNB/USDT,crypto,H4,engine_b_proxy,ob_bos,require_engulf=True|require_vol_expand=True|swing_period=5,both,all,NEEDS_MORE_DATA,18,,,,,,,,,,,,,,,,only 18 trades < min 20,binance_rest
run_20260429_074242_3656ab,BNB/USDT,crypto,H4,engine_b_proxy,ob_bos,require_engulf=False|require_vol_expand=False|swing_period=10,both,all,NEEDS_MORE_DATA,10,,,,,,,,,,,,,,,,only 10 trades < min 20,binance_rest
run_20260429_074242_3656ab,BNB/USDT,crypto,H4,engine_b_proxy,ob_bos,require_engulf=False|require_vol_expand=True|swing_period=10,both,all,NEEDS_MORE_DATA,9,,,,,,,,,,,,,,,,only 9 trades < min 20,binance_rest
run_20260429_074242_3656ab,BNB/USDT,crypto,H4,engine_b_proxy,ob_bos,require_engulf=True|require_vol_expand=False|swing_period=10,both,all,NEEDS_MORE_DATA,9,,,,,,,,,,,,,,,,only 9 trades < min 20,binance_rest
run_20260429_074242_3656ab,BNB/USDT,crypto,H4,engine_b_proxy,ob_bos,require_engulf=True|require_vol_expand=True|swing_period=10,both,all,NEEDS_MORE_DATA,9,,,,,,,,,,,,,,,,only 9 trades < min 20,binance_rest
run_20260429_074242_3656ab,BNB/USDT,crypto,H4,engine_b_proxy,structure_filters,fvg_detection=False|strong_close_pct=0.7,both,all,REJECT,307,0.355049,0.943558,-0.000354,-0.000354,-0.291026,-0.412128,-0.335206,0.307307,3.153094,-0.147688,-0.147688,-0.067402,-0.062410,0.717783,,,binance_rest
run_20260429_074242_3656ab,BNB/USDT,crypto,H4,engine_b_proxy,structure_filters,fvg_detection=True|strong_close_pct=0.7,both,all,REJECT,29,0.275862,0.714181,-0.003729,-0.003729,-0.212634,-0.622353,-0.508314,0.029029,14.206897,-0.121468,-0.121468,-0.096272,-0.027881,0.420881,,,binance_rest
run_20260429_074242_3656ab,BNB/USDT,crypto,H4,engine_b_proxy,structure_filters,fvg_detection=True|strong_close_pct=0.8,both,all,NEEDS_MORE_DATA,19,,,,,,,,,,,,,,1.000000,,only 19 trades < min 20,binance_rest
run_20260429_074242_3656ab,ETH/USDT,crypto,H4,trend_momentum,ema_cross,adx_min=0|fast_period=10|rsi_confirm=False|slow_period=50,both,all,REJECT,35,0.257143,0.640116,-0.009400,-0.009400,-0.350627,-1.046600,-0.859777,0.035035,28.228571,-0.327641,-0.327641,-0.285056,-0.097508,0.512620,,,binance_rest
run_20260429_074242_3656ab,ETH/USDT,crypto,H4,trend_momentum,ema_cross,adx_min=0|fast_period=10|rsi_confirm=True|slow_period=50,both,all,REJECT,32,0.250000,0.650140,-0.009438,-0.009438,-0.350627,-0.966881,-0.793775,0.032032,28.500000,-0.308579,-0.308579,-0.264787,-0.097508,0.502476,,,binance_rest
run_20260429_074242_3656ab,ETH/USDT,crypto,H4,trend_momentum,ema_cross,adx_min=20|fast_period=10|rsi_confirm=False|slow_period=50,both,all,REJECT,35,0.257143,0.640116,-0.009400,-0.009400,-0.350627,-1.046600,-0.859777,0.035035,28.228571,-0.327641,-0.327641,-0.285056,-0.097508,0.512620,,,binance_rest
run_20260429_074242_3656ab,ETH/USDT,crypto,H4,trend_momentum,ema_cross,adx_min=20|fast_period=10|rsi_confirm=True|slow_period=50,both,all,REJECT,32,0.250000,0.650140,-0.009438,-0.009438,-0.350627,-0.966881,-0.793775,0.032032,28.500000,-0.308579,-0.308579,-0.264787,-0.097508,0.502476,,,binance_rest
run_20260429_074242_3656ab,ETH/USDT,crypto,H4,trend_momentum,ema_cross,adx_min=25|fast_period=10|rsi_confirm=False|slow_period=50,both,all,REJECT,30,0.233333,0.632988,-0.010319,-0.010319,-0.350627,-0.996279,-0.818962,0.030030,29.266667,-0.313267,-0.313267,-0.269772,-0.097508,0.432878,,,binance_rest
run_20260429_074242_3656ab,ETH/USDT,crypto,H4,trend_momentum,ema_cross,adx_min=25|fast_period=10|rsi_confirm=True|slow_period=50,both,all,REJECT,27,0.222222,0.643448,-0.010466,-0.010466,-0.350627,-0.915373,-0.751974,0.027027,29.703704,-0.293797,-0.293797,-0.249069,-0.097508,0.446114,,,binance_rest
run_20260429_074242_3656ab,ETH/USDT,crypto,H4,trend_momentum,ema_cross,adx_min=0|fast_period=10|rsi_confirm=False|slow_period=100,both,all,REJECT,24,0.250000,0.589555,-0.013944,-0.013944,-0.391801,-0.990577,-0.816433,0.024024,41.583333,-0.337127,-0.337127,-0.162948,-0.175440,0.554334,,,binance_rest
run_20260429_074242_3656ab,ETH/USDT,crypto,H4,trend_momentum,ema_cross,adx_min=0|fast_period=10|rsi_confirm=True|slow_period=100,both,all,REJECT,20,0.250000,0.630037,-0.013410,-0.013410,-0.391801,-0.801884,-0.659035,0.020020,45.700000,-0.290320,-0.290320,-0.103842,-0.175440,0.346487,,,binance_rest
run_20260429_074242_3656ab,ETH/USDT,crypto,H4,trend_momentum,ema_cross,adx_min=20|fast_period=10|rsi_confirm=False|slow_period=100,both,all,REJECT,24,0.250000,0.589555,-0.013944,-0.013944,-0.391801,-0.990577,-0.816433,0.024024,41.583333,-0.337127,-0.337127,-0.162948,-0.175440,0.554334,,,binance_rest
run_20260429_074242_3656ab,ETH/USDT,crypto,H4,trend_momentum,ema_cross,adx_min=20|fast_period=10|rsi_confirm=True|slow_period=100,both,all,REJECT,20,0.250000,0.630037,-0.013410,-0.013410,-0.391801,-0.801884,-0.659035,0.020020,45.700000,-0.290320,-0.290320,-0.103842,-0.175440,0.353154,,,binance_rest
run_20260429_074242_3656ab,ETH/USDT,crypto,H4,trend_momentum,ema_cross,adx_min=25|fast_period=10|rsi_confirm=False|slow_period=100,both,all,REJECT,23,0.260870,0.653435,-0.011085,-0.011085,-0.339127,-0.768780,-0.630467,0.023023,42.695652,-0.279717,-0.279717,-0.090651,-0.175440,0.297399,,,binance_rest
run_20260429_074242_3656ab,ETH/USDT,crypto,H4,trend_momentum,ema_cross,adx_min=25|fast_period=10|rsi_confirm=True|slow_period=100,both,all,NEEDS_MORE_DATA,19,,,,,,,,,,,,,,1.000000,,only 19 trades < min 20,binance_rest
run_20260429_074242_3656ab,ETH/USDT,crypto,H4,trend_momentum,ema_cross,adx_min=0|fast_period=10|rsi_confirm=False|slow_period=200,both,all,NEEDS_MORE_DATA,16,,,,,,,,,,,,,,,,only 16 trades < min 20,binance_rest
run_20260429_074242_3656ab,ETH/USDT,crypto,H4,trend_momentum,ema_cross,adx_min=0|fast_period=10|rsi_confirm=True|slow_period=200,both,all,NEEDS_MORE_DATA,13,,,,,,,,,,,,,,,,only 13 trades < min 20,binance_rest
run_20260429_074242_3656ab,ETH/USDT,crypto,H4,trend_momentum,ema_cross,adx_min=20|fast_period=10|rsi_confirm=False|slow_period=200,both,all,NEEDS_MORE_DATA,16,,,,,,,,,,,,,,,,only 16 trades < min 20,binance_rest
run_20260429_074242_3656ab,ETH/USDT,crypto,H4,trend_momentum,ema_cross,adx_min=20|fast_period=10|rsi_confirm=True|slow_period=200,both,all,NEEDS_MORE_DATA,13,,,,,,,,,,,,,,,,only 13 trades < min 20,binance_rest
run_20260429_074242_3656ab,ETH/USDT,crypto,H4,trend_momentum,ema_cross,adx_min=25|fast_period=10|rsi_confirm=False|slow_period=200,both,all,NEEDS_MORE_DATA,16,,,,,,,,,,,,,,,,only 16 trades < min 20,binance_rest
run_20260429_074242_3656ab,ETH/USDT,crypto,H4,trend_momentum,ema_cross,adx_min=25|fast_period=10|rsi_confirm=True|slow_period=200,both,all,NEEDS_MORE_DATA,13,,,,,,,,,,,,,,,,only 13 trades < min 20,binance_rest
run_20260429_074242_3656ab,ETH/USDT,crypto,H4,trend_momentum,ema_cross,adx_min=0|fast_period=20|rsi_confirm=False|slow_period=50,both,all,REJECT,25,0.280000,0.662377,-0.010766,-0.010766,-0.418588,-0.805916,-0.660971,0.025025,39.560000,-0.291069,-0.291069,-0.127935,-0.142299,0.516316,,,binance_rest
run_20260429_074242_3656ab,ETH/USDT,crypto,H4,trend_momentum,ema_cross,adx_min=0|fast_period=20|rsi_confirm=True|slow_period=50,both,all,REJECT,23,0.260870,0.665002,-0.011049,-0.011049,-0.418588,-0.765604,-0.627818,0.023023,39.565217,-0.279590,-0.279590,-0.113814,-0.142299,0.462915,,,binance_rest
run_20260429_074242_3656ab,ETH/USDT,crypto,H4,trend_momentum,ema_cross,adx_min=20|fast_period=20|rsi_confirm=False|slow_period=50,both,all,REJECT,25,0.280000,0.662377,-0.010766,-0.010766,-0.418588,-0.805916,-0.660971,0.025025,39.560000,-0.291069,-0.291069,-0.127935,-0.142299,0.516316,,,binance_rest
run_20260429_074242_3656ab,ETH/USDT,crypto,H4,trend_momentum,ema_cross,adx_min=20|fast_period=20|rsi_confirm=True|slow_period=50,both,all,REJECT,23,0.260870,0.665002,-0.011049,-0.011049,-0.418588,-0.765604,-0.627818,0.023023,39.565217,-0.279590,-0.279590,-0.113814,-0.142299,0.462915,,,binance_rest
run_20260429_074242_3656ab,ETH/USDT,crypto,H4,trend_momentum,ema_cross,adx_min=25|fast_period=20|rsi_confirm=False|slow_period=50,both,all,REJECT,24,0.250000,0.614780,-0.012792,-0.012792,-0.418588,-0.923356,-0.759680,0.024024,38.500000,-0.316925,-0.316925,-0.159741,-0.142299,0.511244,,,binance_rest
run_20260429_074242_3656ab,ETH/USDT,crypto,H4,trend_momentum,ema_cross,adx_min=25|fast_period=20|rsi_confirm=True|slow_period=50,both,all,REJECT,22,0.227273,0.614984,-0.013272,-0.013272,-0.418588,-0.883608,-0.726987,0.022022,38.409091,-0.305864,-0.305864,-0.146135,-0.142299,0.524126,,,binance_rest
run_20260429_074242_3656ab,ETH/USDT,crypto,H4,trend_momentum,ema_cross,adx_min=0|fast_period=20|rsi_confirm=False|slow_period=100,both,all,NEEDS_MORE_DATA,18,,,,,,,,,,,,,,,,only 18 trades < min 20,binance_rest
run_20260429_074242_3656ab,ETH/USDT,crypto,H4,trend_momentum,ema_cross,adx_min=0|fast_period=20|rsi_confirm=True|slow_period=100,both,all,NEEDS_MORE_DATA,15,,,,,,,,,,,,,,,,only 15 trades < min 20,binance_rest
run_20260429_074242_3656ab,ETH/USDT,crypto,H4,trend_momentum,ema_cross,adx_min=20|fast_period=20|rsi_confirm=False|slow_period=100,both,all,NEEDS_MORE_DATA,18,,,,,,,,,,,,,,,,only 18 trades < min 20,binance_rest
run_20260429_074242_3656ab,ETH/USDT,crypto,H4,trend_momentum,ema_cross,adx_min=20|fast_period=20|rsi_confirm=True|slow_period=100,both,all,NEEDS_MORE_DATA,15,,,,,,,,,,,,,,,,only 15 trades < min 20,binance_rest
run_20260429_074242_3656ab,ETH/USDT,crypto,H4,trend_momentum,ema_cross,adx_min=25|fast_period=20|rsi_confirm=False|slow_period=100,both,all,NEEDS_MORE_DATA,16,,,,,,,,,,,,,,,,only 16 trades < min 20,binance_rest
run_20260429_074242_3656ab,ETH/USDT,crypto,H4,trend_momentum,ema_cross,adx_min=25|fast_period=20|rsi_confirm=True|slow_period=100,both,all,NEEDS_MORE_DATA,13,,,,,,,,,,,,,,,,only 13 trades < min 20,binance_rest
run_20260429_074242_3656ab,ETH/USDT,crypto,H4,trend_momentum,ema_cross,adx_min=0|fast_period=20|rsi_confirm=False|slow_period=200,both,all,NEEDS_MORE_DATA,14,,,,,,,,,,,,,,,,only 14 trades < min 20,binance_rest
run_20260429_074242_3656ab,ETH/USDT,crypto,H4,trend_momentum,ema_cross,adx_min=0|fast_period=20|rsi_confirm=True|slow_period=200,both,all,NEEDS_MORE_DATA,12,,,,,,,,,,,,,,,,only 12 trades < min 20,binance_rest
run_20260429_074242_3656ab,ETH/USDT,crypto,H4,trend_momentum,ema_cross,adx_min=20|fast_period=20|rsi_confirm=False|slow_period=200,both,all,NEEDS_MORE_DATA,14,,,,,,,,,,,,,,,,only 14 trades < min 20,binance_rest
run_20260429_074242_3656ab,ETH/USDT,crypto,H4,trend_momentum,ema_cross,adx_min=20|fast_period=20|rsi_confirm=True|slow_period=200,both,all,NEEDS_MORE_DATA,12,,,,,,,,,,,,,,,,only 12 trades < min 20,binance_rest
run_20260429_074242_3656ab,ETH/USDT,crypto,H4,trend_momentum,ema_cross,adx_min=25|fast_period=20|rsi_confirm=False|slow_period=200,both,all,NEEDS_MORE_DATA,14,,,,,,,,,,,,,,,,only 14 trades < min 20,binance_rest
run_20260429_074242_3656ab,ETH/USDT,crypto,H4,trend_momentum,ema_cross,adx_min=25|fast_period=20|rsi_confirm=True|slow_period=200,both,all,NEEDS_MORE_DATA,12,,,,,,,,,,,,,,,,only 12 trades < min 20,binance_rest
run_20260429_074242_3656ab,ETH/USDT,crypto,H4,trend_momentum,ema_alignment,adx_min=0|ema_long=200|ema_mid=50|ema_short=20,both,all,REJECT,28,0.142857,0.856771,-0.002490,-0.002490,-0.197872,-0.269137,-0.219058,0.028028,17.428571,-0.107687,-0.107687,-0.046272,-0.064395,0.530504,,,binance_rest
run_20260429_074242_3656ab,ETH/USDT,crypto,H4,trend_momentum,ema_alignment,adx_min=20|ema_long=200|ema_mid=50|ema_short=20,both,all,REJECT,28,0.142857,0.856771,-0.002490,-0.002490,-0.197872,-0.269137,-0.219058,0.028028,17.428571,-0.107687,-0.107687,-0.046272,-0.064395,0.517171,,,binance_rest
run_20260429_074242_3656ab,ETH/USDT,crypto,H4,trend_momentum,ema_alignment,adx_min=25|ema_long=200|ema_mid=50|ema_short=20,both,all,REJECT,27,0.111111,0.760438,-0.004550,-0.004550,-0.238365,-0.474374,-0.386823,0.027027,17.185185,-0.153888,-0.153888,-0.096400,-0.063621,0.488562,,,binance_rest
run_20260429_074242_3656ab,ETH/USDT,crypto,H4,trend_momentum,macd_direction,adx_min=0|fast=12|signal_period=9|slow=26,both,all,REJECT,78,0.346154,0.698058,-0.006019,-0.006019,-0.517856,-1.442139,-1.182471,0.078078,12.794872,-0.421622,-0.421622,-0.206280,-0.302716,0.599749,,,binance_rest
run_20260429_074242_3656ab,ETH/USDT,crypto,H4,trend_momentum,macd_direction,adx_min=20|fast=12|signal_period=9|slow=26,both,all,REJECT,78,0.346154,0.698058,-0.006019,-0.006019,-0.517856,-1.442139,-1.182471,0.078078,12.794872,-0.421622,-0.421622,-0.206280,-0.302716,0.599749,,,binance_rest
run_20260429_074242_3656ab,ETH/USDT,crypto,H4,pullback,pullback_ema,pullback_period=20|rsi_reclaim=False|rsi_threshold=50|trend_period=200,both,all,REJECT,66,0.257576,0.809648,-0.002452,-0.002452,-0.334969,-0.558130,-0.454562,0.066066,7.696970,-0.196295,-0.196295,-0.206867,0.013330,0.480000,,,binance_rest
run_20260429_074242_3656ab,ETH/USDT,crypto,H4,pullback,pullback_ema,pullback_period=20|rsi_reclaim=True|rsi_threshold=50|trend_period=200,both,all,REJECT,55,0.290909,0.979354,-0.000261,-0.000261,-0.252060,-0.050205,-0.040830,0.055055,8.454545,-0.066684,-0.066684,-0.082036,0.016724,0.460000,,,binance_rest
run_20260429_074242_3656ab,ETH/USDT,crypto,H4,pullback,pullback_ema,pullback_period=50|rsi_reclaim=False|rsi_threshold=50|trend_period=200,both,all,REJECT,55,0.127273,0.582973,-0.006481,-0.006481,-0.372396,-1.273621,-1.045452,0.055055,11.272727,-0.335865,-0.335865,-0.286553,-0.069117,0.532361,,,binance_rest
run_20260429_074242_3656ab,ETH/USDT,crypto,H4,pullback,pullback_ema,pullback_period=50|rsi_reclaim=True|rsi_threshold=50|trend_period=200,both,all,REJECT,36,0.138889,0.674044,-0.005729,-0.005729,-0.303812,-0.759585,-0.620913,0.036036,12.222222,-0.225506,-0.225506,-0.211728,-0.017479,0.369338,,,binance_rest
run_20260429_074242_3656ab,ETH/USDT,crypto,H4,breakout,session_opening_range,atr_expand_min=0.0|range_bars=6,both,all,REJECT,55,0.345455,1.070955,0.001064,0.001064,-0.246360,0.187137,0.152219,0.055055,17.836364,-0.008137,-0.008137,0.192649,-0.184857,0.440000,,,binance_rest
run_20260429_074242_3656ab,ETH/USDT,crypto,H4,breakout,session_opening_range,atr_expand_min=0.5|range_bars=6,both,all,REJECT,55,0.345455,1.052059,0.000781,0.000781,-0.246360,0.137907,0.112165,0.055055,17.763636,-0.022871,-0.022871,0.174931,-0.184857,0.440000,,,binance_rest
run_20260429_074242_3656ab,ETH/USDT,crypto,H4,breakout,session_opening_range,atr_expand_min=0.0|range_bars=12,both,all,REJECT,34,0.205882,0.451749,-0.019284,-0.019284,-0.519453,-2.104313,-1.787305,0.034034,28.382353,-0.516481,-0.516481,-0.423251,-0.146075,0.447538,,,binance_rest
run_20260429_074242_3656ab,ETH/USDT,crypto,H4,breakout,session_opening_range,atr_expand_min=0.5|range_bars=12,both,all,REJECT,34,0.205882,0.451749,-0.019284,-0.019284,-0.519453,-2.104313,-1.787305,0.034034,28.382353,-0.516481,-0.516481,-0.423251,-0.146075,0.427538,,,binance_rest
run_20260429_074242_3656ab,ETH/USDT,crypto,H4,breakout,london_breakout,atr_expand_min=0.0|utc_end=11|utc_start=7,both,all,NEEDS_MORE_DATA,19,,,,,,,,,,,,,,,,only 19 trades < min 20,binance_rest
run_20260429_074242_3656ab,ETH/USDT,crypto,H4,breakout,london_breakout,atr_expand_min=0.5|utc_end=11|utc_start=7,both,all,NEEDS_MORE_DATA,18,,,,,,,,,,,,,,,,only 18 trades < min 20,binance_rest
run_20260429_074242_3656ab,ETH/USDT,crypto,H4,breakout,ny_breakout,atr_expand_min=0.0|utc_end=16|utc_start=13,both,all,NEEDS_MORE_DATA,0,,,,,,,,,,,,,,,,only 0 trades < min 20,binance_rest
run_20260429_074242_3656ab,ETH/USDT,crypto,H4,breakout,ny_breakout,atr_expand_min=0.5|utc_end=16|utc_start=13,both,all,NEEDS_MORE_DATA,0,,,,,,,,,,,,,,,,only 0 trades < min 20,binance_rest
run_20260429_074242_3656ab,ETH/USDT,crypto,H4,mean_reversion,rsi_extreme,overbought=70|oversold=30|period=14,both,all,NEEDS_MORE_DATA,18,,,,,,,,,,,,,,,,only 18 trades < min 20,binance_rest
run_20260429_074242_3656ab,ETH/USDT,crypto,H4,mean_reversion,rsi_extreme,overbought=75|oversold=30|period=14,both,all,NEEDS_MORE_DATA,11,,,,,,,,,,,,,,,,only 11 trades < min 20,binance_rest
run_20260429_074242_3656ab,ETH/USDT,crypto,H4,mean_reversion,rsi_extreme,overbought=70|oversold=25|period=14,both,all,NEEDS_MORE_DATA,14,,,,,,,,,,,,,,,,only 14 trades < min 20,binance_rest
run_20260429_074242_3656ab,ETH/USDT,crypto,H4,mean_reversion,rsi_extreme,overbought=75|oversold=25|period=14,both,all,NEEDS_MORE_DATA,7,,,,,,,,,,,,,,,,only 7 trades < min 20,binance_rest
run_20260429_074242_3656ab,ETH/USDT,crypto,H4,mean_reversion,vwap_deviation,std_threshold=1.5,both,all,NEEDS_MORE_DATA,9,,,,,,,,,,,,,,,,only 9 trades < min 20,binance_rest
run_20260429_074242_3656ab,ETH/USDT,crypto,H4,mean_reversion,vwap_deviation,std_threshold=2.0,both,all,NEEDS_MORE_DATA,9,,,,,,,,,,,,,,,,only 9 trades < min 20,binance_rest
run_20260429_074242_3656ab,ETH/USDT,crypto,H4,engine_b_proxy,ob_bos,require_engulf=False|require_vol_expand=False|swing_period=5,both,all,NEEDS_MORE_DATA,16,,,,,,,,,,,,,,1.000000,,only 16 trades < min 20,binance_rest
run_20260429_074242_3656ab,ETH/USDT,crypto,H4,engine_b_proxy,ob_bos,require_engulf=False|require_vol_expand=True|swing_period=5,both,all,NEEDS_MORE_DATA,13,,,,,,,,,,,,,,1.000000,,only 13 trades < min 20,binance_rest
run_20260429_074242_3656ab,ETH/USDT,crypto,H4,engine_b_proxy,ob_bos,require_engulf=True|require_vol_expand=False|swing_period=5,both,all,NEEDS_MORE_DATA,14,,,,,,,,,,,,,,1.000000,,only 14 trades < min 20,binance_rest
run_20260429_074242_3656ab,ETH/USDT,crypto,H4,engine_b_proxy,ob_bos,require_engulf=True|require_vol_expand=True|swing_period=5,both,all,NEEDS_MORE_DATA,13,,,,,,,,,,,,,,,,only 13 trades < min 20,binance_rest
run_20260429_074242_3656ab,ETH/USDT,crypto,H4,engine_b_proxy,ob_bos,require_engulf=False|require_vol_expand=False|swing_period=10,both,all,NEEDS_MORE_DATA,8,,,,,,,,,,,,,,,,only 8 trades < min 20,binance_rest
run_20260429_074242_3656ab,ETH/USDT,crypto,H4,engine_b_proxy,ob_bos,require_engulf=False|require_vol_expand=True|swing_period=10,both,all,NEEDS_MORE_DATA,8,,,,,,,,,,,,,,,,only 8 trades < min 20,binance_rest
run_20260429_074242_3656ab,ETH/USDT,crypto,H4,engine_b_proxy,ob_bos,require_engulf=True|require_vol_expand=False|swing_period=10,both,all,NEEDS_MORE_DATA,8,,,,,,,,,,,,,,,,only 8 trades < min 20,binance_rest
run_20260429_074242_3656ab,ETH/USDT,crypto,H4,engine_b_proxy,ob_bos,require_engulf=True|require_vol_expand=True|swing_period=10,both,all,NEEDS_MORE_DATA,8,,,,,,,,,,,,,,,,only 8 trades < min 20,binance_rest
run_20260429_074242_3656ab,ETH/USDT,crypto,H4,engine_b_proxy,structure_filters,fvg_detection=False|strong_close_pct=0.7,both,all,REJECT,275,0.309091,0.810315,-0.001807,-0.001807,-0.512967,-1.480426,-1.206263,0.275275,3.490909,-0.440715,-0.440715,-0.417537,-0.052749,0.477900,,,binance_rest
run_20260429_074242_3656ab,ETH/USDT,crypto,H4,engine_b_proxy,structure_filters,fvg_detection=True|strong_close_pct=0.7,both,all,REJECT,26,0.269231,0.432022,-0.016436,-0.016436,-0.520065,-1.484684,-1.241805,0.026026,13.807692,-0.389465,-0.389465,-0.294928,-0.134082,0.452387,,,binance_rest
run_20260429_074242_3656ab,ETH/USDT,crypto,H4,engine_b_proxy,structure_filters,fvg_detection=False|strong_close_pct=0.8,both,all,REJECT,165,0.375758,1.043378,0.000435,0.000435,-0.260083,0.229709,0.186827,0.165165,5.406061,-0.001007,-0.001007,0.105256,-0.053302,0.460000,,,binance_rest
run_20260429_074242_3656ab,ETH/USDT,crypto,H4,engine_b_proxy,structure_filters,fvg_detection=True|strong_close_pct=0.8,both,all,REJECT,21,0.333333,0.504606,-0.015196,-0.015196,-0.470327,-1.123696,-0.932172,0.021021,13.238095,-0.318495,-0.318495,-0.247162,-0.094752,0.341008,,,binance_rest
run_20260429_074242_3656ab,BTC/USDT,crypto,H4,trend_momentum,ema_cross,adx_min=0|fast_period=10|rsi_confirm=False|slow_period=50,both,all,REJECT,31,0.258065,0.729100,-0.005632,-0.005632,-0.291928,-0.685995,-0.560620,0.031031,32.064516,-0.197080,-0.197080,-0.215494,0.032110,0.386000,,,binance_rest
run_20260429_074242_3656ab,BTC/USDT,crypto,H4,trend_momentum,ema_cross,adx_min=0|fast_period=10|rsi_confirm=True|slow_period=50,both,all,REJECT,28,0.214286,0.636711,-0.008004,-0.008004,-0.303027,-0.902640,-0.741036,0.028028,30.392857,-0.234115,-0.234115,-0.251680,0.032110,0.368000,,,binance_rest
run_20260429_074242_3656ab,BTC/USDT,crypto,H4,trend_momentum,ema_cross,adx_min=20|fast_period=10|rsi_confirm=False|slow_period=50,both,all,REJECT,27,0.259259,0.771857,-0.004924,-0.004924,-0.260910,-0.527668,-0.430557,0.027027,34.370370,-0.162105,-0.162105,-0.181321,0.032110,0.362000,,,binance_rest
run_20260429_074242_3656ab,BTC/USDT,crypto,H4,trend_momentum,ema_cross,adx_min=20|fast_period=10|rsi_confirm=True|slow_period=50,both,all,REJECT,24,0.208333,0.671320,-0.007603,-0.007603,-0.272667,-0.742726,-0.608554,0.024024,32.708333,-0.200753,-0.200753,-0.219082,0.032110,0.344000,,,binance_rest
run_20260429_074242_3656ab,BTC/USDT,crypto,H4,trend_momentum,ema_cross,adx_min=25|fast_period=10|rsi_confirm=False|slow_period=50,both,all,REJECT,20,0.250000,0.863354,-0.003324,-0.003324,-0.209019,-0.267583,-0.217865,0.020020,39.200000,-0.103277,-0.103277,-0.123842,0.032110,0.264444,,,binance_rest
run_20260429_074242_3656ab,BTC/USDT,crypto,H4,trend_momentum,ema_cross,adx_min=25|fast_period=10|rsi_confirm=True|slow_period=50,both,all,NEEDS_MORE_DATA,17,,,,,,,,,,,,,,1.000000,,only 17 trades < min 20,binance_rest
run_20260429_074242_3656ab,BTC/USDT,crypto,H4,trend_momentum,ema_cross,adx_min=0|fast_period=10|rsi_confirm=False|slow_period=100,both,all,REJECT,26,0.153846,0.645763,-0.006938,-0.006938,-0.260426,-0.785513,-0.643759,0.026026,33.115385,-0.194223,-0.194223,-0.140463,-0.053319,0.403211,,,binance_rest
run_20260429_074242_3656ab,BTC/USDT,crypto,H4,trend_momentum,ema_cross,adx_min=0|fast_period=10|rsi_confirm=True|slow_period=100,both,all,REJECT,23,0.130435,0.596558,-0.008268,-0.008268,-0.252448,-0.844831,-0.694053,0.023023,33.217391,-0.200830,-0.200830,-0.147510,-0.053319,0.379771,,,binance_rest
run_20260429_074242_3656ab,BTC/USDT,crypto,H4,trend_momentum,ema_cross,adx_min=20|fast_period=10|rsi_confirm=False|slow_period=100,both,all,REJECT,26,0.153846,0.645763,-0.006938,-0.006938,-0.260426,-0.785513,-0.643759,0.026026,33.115385,-0.194223,-0.194223,-0.140463,-0.053319,0.403211,,,binance_rest
run_20260429_074242_3656ab,BTC/USDT,crypto,H4,trend_momentum,ema_cross,adx_min=20|fast_period=10|rsi_confirm=True|slow_period=100,both,all,REJECT,23,0.130435,0.596558,-0.008268,-0.008268,-0.252448,-0.844831,-0.694053,0.023023,33.217391,-0.200830,-0.200830,-0.147510,-0.053319,0.386437,,,binance_rest
run_20260429_074242_3656ab,BTC/USDT,crypto,H4,trend_momentum,ema_cross,adx_min=25|fast_period=10|rsi_confirm=False|slow_period=100,both,all,NEEDS_MORE_DATA,18,,,,,,,,,,,,,,1.000000,,only 18 trades < min 20,binance_rest
run_20260429_074242_3656ab,BTC/USDT,crypto,H4,trend_momentum,ema_cross,adx_min=25|fast_period=10|rsi_confirm=True|slow_period=100,both,all,NEEDS_MORE_DATA,15,,,,,,,,,,,,,,1.000000,,only 15 trades < min 20,binance_rest
run_20260429_074242_3656ab,BTC/USDT,crypto,H4,trend_momentum,ema_cross,adx_min=0|fast_period=10|rsi_confirm=False|slow_period=200,both,all,NEEDS_MORE_DATA,12,,,,,,,,,,,,,,,,only 12 trades < min 20,binance_rest
run_20260429_074242_3656ab,BTC/USDT,crypto,H4,trend_momentum,ema_cross,adx_min=0|fast_period=10|rsi_confirm=True|slow_period=200,both,all,NEEDS_MORE_DATA,9,,,,,,,,,,,,,,,,only 9 trades < min 20,binance_rest
run_20260429_074242_3656ab,BTC/USDT,crypto,H4,trend_momentum,ema_cross,adx_min=20|fast_period=10|rsi_confirm=False|slow_period=200,both,all,NEEDS_MORE_DATA,12,,,,,,,,,,,,,,,,only 12 trades < min 20,binance_rest
run_20260429_074242_3656ab,BTC/USDT,crypto,H4,trend_momentum,ema_cross,adx_min=20|fast_period=10|rsi_confirm=True|slow_period=200,both,all,NEEDS_MORE_DATA,9,,,,,,,,,,,,,,,,only 9 trades < min 20,binance_rest
run_20260429_074242_3656ab,BTC/USDT,crypto,H4,trend_momentum,ema_cross,adx_min=25|fast_period=10|rsi_confirm=False|slow_period=200,both,all,NEEDS_MORE_DATA,12,,,,,,,,,,,,,,,,only 12 trades < min 20,binance_rest
run_20260429_074242_3656ab,BTC/USDT,crypto,H4,trend_momentum,ema_cross,adx_min=25|fast_period=10|rsi_confirm=True|slow_period=200,both,all,NEEDS_MORE_DATA,9,,,,,,,,,,,,,,,,only 9 trades < min 20,binance_rest
run_20260429_074242_3656ab,BTC/USDT,crypto,H4,trend_momentum,ema_cross,adx_min=0|fast_period=20|rsi_confirm=False|slow_period=50,both,all,REJECT,22,0.272727,0.757438,-0.004957,-0.004957,-0.289596,-0.467998,-0.381831,0.022022,39.090909,-0.136199,-0.136199,-0.136145,-0.004251,0.241368,,,binance_rest
run_20260429_074242_3656ab,BTC/USDT,crypto,H4,trend_momentum,ema_cross,adx_min=0|fast_period=20|rsi_confirm=True|slow_period=50,both,all,REJECT,20,0.250000,0.673923,-0.006883,-0.006883,-0.289454,-0.605363,-0.495262,0.020020,38.850000,-0.158963,-0.158963,-0.158911,-0.004251,0.228026,,,binance_rest
run_20260429_074242_3656ab,BTC/USDT,crypto,H4,trend_momentum,ema_cross,adx_min=20|fast_period=20|rsi_confirm=False|slow_period=50,both,all,REJECT,21,0.285714,0.819491,-0.003572,-0.003572,-0.264563,-0.324169,-0.264059,0.021021,40.714286,-0.105760,-0.105760,-0.105705,-0.004251,0.238065,,,binance_rest
run_20260429_074242_3656ab,BTC/USDT,crypto,H4,trend_momentum,ema_cross,adx_min=20|fast_period=20|rsi_confirm=True|slow_period=50,both,all,NEEDS_MORE_DATA,19,,,,,,,,,,,,,,1.000000,,only 19 trades < min 20,binance_rest
run_20260429_074242_3656ab,BTC/USDT,crypto,H4,trend_momentum,ema_cross,adx_min=25|fast_period=20|rsi_confirm=False|slow_period=50,both,all,NEEDS_MORE_DATA,16,,,,,,,,,,,,,,1.000000,,only 16 trades < min 20,binance_rest
run_20260429_074242_3656ab,BTC/USDT,crypto,H4,trend_momentum,ema_cross,adx_min=25|fast_period=20|rsi_confirm=True|slow_period=50,both,all,NEEDS_MORE_DATA,14,,,,,,,,,,,,,,1.000000,,only 14 trades < min 20,binance_rest
run_20260429_074242_3656ab,BTC/USDT,crypto,H4,trend_momentum,ema_cross,adx_min=0|fast_period=20|rsi_confirm=False|slow_period=100,both,all,NEEDS_MORE_DATA,14,,,,,,,,,,,,,,,,only 14 trades < min 20,binance_rest
run_20260429_074242_3656ab,BTC/USDT,crypto,H4,trend_momentum,ema_cross,adx_min=0|fast_period=20|rsi_confirm=True|slow_period=100,both,all,NEEDS_MORE_DATA,12,,,,,,,,,,,,,,,,only 12 trades < min 20,binance_rest
run_20260429_074242_3656ab,BTC/USDT,crypto,H4,trend_momentum,ema_cross,adx_min=20|fast_period=20|rsi_confirm=False|slow_period=100,both,all,NEEDS_MORE_DATA,14,,,,,,,,,,,,,,,,only 14 trades < min 20,binance_rest
run_20260429_074242_3656ab,BTC/USDT,crypto,H4,trend_momentum,ema_cross,adx_min=20|fast_period=20|rsi_confirm=True|slow_period=100,both,all,NEEDS_MORE_DATA,12,,,,,,,,,,,,,,,,only 12 trades < min 20,binance_rest
run_20260429_074242_3656ab,BTC/USDT,crypto,H4,trend_momentum,ema_cross,adx_min=25|fast_period=20|rsi_confirm=False|slow_period=100,both,all,NEEDS_MORE_DATA,12,,,,,,,,,,,,,,,,only 12 trades < min 20,binance_rest
run_20260429_074242_3656ab,BTC/USDT,crypto,H4,trend_momentum,ema_cross,adx_min=25|fast_period=20|rsi_confirm=True|slow_period=100,both,all,NEEDS_MORE_DATA,10,,,,,,,,,,,,,,,,only 10 trades < min 20,binance_rest
run_20260429_074242_3656ab,BTC/USDT,crypto,H4,trend_momentum,ema_cross,adx_min=0|fast_period=20|rsi_confirm=False|slow_period=200,both,all,NEEDS_MORE_DATA,6,,,,,,,,,,,,,,,,only 6 trades < min 20,binance_rest
run_20260429_074242_3656ab,BTC/USDT,crypto,H4,trend_momentum,ema_cross,adx_min=0|fast_period=20|rsi_confirm=True|slow_period=200,both,all,NEEDS_MORE_DATA,4,,,,,,,,,,,,,,,,only 4 trades < min 20,binance_rest
run_20260429_074242_3656ab,BTC/USDT,crypto,H4,trend_momentum,ema_cross,adx_min=20|fast_period=20|rsi_confirm=False|slow_period=200,both,all,NEEDS_MORE_DATA,6,,,,,,,,,,,,,,,,only 6 trades < min 20,binance_rest
run_20260429_074242_3656ab,BTC/USDT,crypto,H4,trend_momentum,ema_cross,adx_min=20|fast_period=20|rsi_confirm=True|slow_period=200,both,all,NEEDS_MORE_DATA,4,,,,,,,,,,,,,,,,only 4 trades < min 20,binance_rest
run_20260429_074242_3656ab,BTC/USDT,crypto,H4,trend_momentum,ema_cross,adx_min=25|fast_period=20|rsi_confirm=False|slow_period=200,both,all,NEEDS_MORE_DATA,6,,,,,,,,,,,,,,,,only 6 trades < min 20,binance_rest
run_20260429_074242_3656ab,BTC/USDT,crypto,H4,trend_momentum,ema_cross,adx_min=25|fast_period=20|rsi_confirm=True|slow_period=200,both,all,NEEDS_MORE_DATA,4,,,,,,,,,,,,,,,,only 4 trades < min 20,binance_rest
run_20260429_074242_3656ab,BTC/USDT,crypto,H4,trend_momentum,ema_alignment,adx_min=25|ema_long=200|ema_mid=50|ema_short=20,both,all,NEEDS_MORE_DATA,19,,,,,,,,,,,,,,1.000000,,only 19 trades < min 20,binance_rest
run_20260429_074242_3656ab,BTC/USDT,crypto,H4,trend_momentum,macd_direction,adx_min=0|fast=12|signal_period=9|slow=26,both,all,REJECT,77,0.350649,0.790732,-0.002773,-0.002773,-0.258123,-1.002747,-0.818754,0.077077,12.818182,-0.219294,-0.219294,-0.010057,-0.229205,0.440000,,,binance_rest
run_20260429_074242_3656ab,BTC/USDT,crypto,H4,trend_momentum,macd_direction,adx_min=20|fast=12|signal_period=9|slow=26,both,all,REJECT,72,0.347222,0.750627,-0.003407,-0.003407,-0.258123,-1.177211,-0.963072,0.072072,12.819444,-0.242664,-0.242664,-0.051298,-0.219774,0.440000,,,binance_rest
run_20260429_074242_3656ab,BTC/USDT,crypto,H4,pullback,pullback_ema,pullback_period=20|rsi_reclaim=False|rsi_threshold=50|trend_period=200,both,all,REJECT,66,0.227273,0.827056,-0.001787,-0.001787,-0.283822,-0.557287,-0.453874,0.066066,7.909091,-0.138909,-0.138909,-0.119218,-0.022355,0.536255,,,binance_rest
run_20260429_074242_3656ab,BTC/USDT,crypto,H4,pullback,pullback_ema,pullback_period=20|rsi_reclaim=True|rsi_threshold=50|trend_period=200,both,all,REJECT,58,0.189655,0.702275,-0.003180,-0.003180,-0.283822,-0.925910,-0.756488,0.058058,7.500000,-0.191318,-0.191318,-0.201546,0.012810,0.460000,,,binance_rest
run_20260429_074242_3656ab,BTC/USDT,crypto,H4,pullback,pullback_ema,pullback_period=50|rsi_reclaim=False|rsi_threshold=50|trend_period=200,both,all,REJECT,41,0.219512,0.873581,-0.001478,-0.001478,-0.243895,-0.289374,-0.235486,0.041041,14.463415,-0.087023,-0.087023,-0.110091,0.025922,0.406000,,,binance_rest
run_20260429_074242_3656ab,BTC/USDT,crypto,H4,pullback,pullback_ema,pullback_period=50|rsi_reclaim=True|rsi_threshold=50|trend_period=200,both,all,REJECT,25,0.160000,0.163577,-0.013064,-0.013064,-0.283485,-3.508276,-3.453458,0.025025,11.240000,-0.283485,-0.283485,-0.263988,-0.026490,0.308675,,,binance_rest
run_20260429_074242_3656ab,BTC/USDT,crypto,H4,breakout,session_opening_range,atr_expand_min=0.0|range_bars=12,both,all,REJECT,30,0.300000,0.775485,-0.004409,-0.004409,-0.219710,-0.639040,-0.521983,0.030030,32.166667,-0.150818,-0.150818,-0.181412,0.000698,0.320000,,,binance_rest
run_20260429_074242_3656ab,BTC/USDT,crypto,H4,breakout,session_opening_range,atr_expand_min=0.5|range_bars=12,both,all,REJECT,30,0.300000,0.775485,-0.004409,-0.004409,-0.219710,-0.639040,-0.521983,0.030030,32.166667,-0.150818,-0.150818,-0.181412,0.000698,0.300000,,,binance_rest
run_20260429_074242_3656ab,BTC/USDT,crypto,H4,breakout,london_breakout,atr_expand_min=0.0|utc_end=11|utc_start=7,both,all,NEEDS_MORE_DATA,14,,,,,,,,,,,,,,,,only 14 trades < min 20,binance_rest
run_20260429_074242_3656ab,BTC/USDT,crypto,H4,breakout,london_breakout,atr_expand_min=0.5|utc_end=11|utc_start=7,both,all,NEEDS_MORE_DATA,14,,,,,,,,,,,,,,,,only 14 trades < min 20,binance_rest
run_20260429_074242_3656ab,BTC/USDT,crypto,H4,breakout,ny_breakout,atr_expand_min=0.0|utc_end=16|utc_start=13,both,all,NEEDS_MORE_DATA,0,,,,,,,,,,,,,,,,only 0 trades < min 20,binance_rest
run_20260429_074242_3656ab,BTC/USDT,crypto,H4,breakout,ny_breakout,atr_expand_min=0.5|utc_end=16|utc_start=13,both,all,NEEDS_MORE_DATA,0,,,,,,,,,,,,,,,,only 0 trades < min 20,binance_rest
run_20260429_074242_3656ab,BTC/USDT,crypto,H4,mean_reversion,rsi_extreme,overbought=70|oversold=30|period=14,both,all,NEEDS_MORE_DATA,15,,,,,,,,,,,,,,,,only 15 trades < min 20,binance_rest
run_20260429_074242_3656ab,BTC/USDT,crypto,H4,mean_reversion,rsi_extreme,overbought=75|oversold=30|period=14,both,all,NEEDS_MORE_DATA,12,,,,,,,,,,,,,,,,only 12 trades < min 20,binance_rest
run_20260429_074242_3656ab,BTC/USDT,crypto,H4,mean_reversion,rsi_extreme,overbought=70|oversold=25|period=14,both,all,NEEDS_MORE_DATA,11,,,,,,,,,,,,,,,,only 11 trades < min 20,binance_rest
run_20260429_074242_3656ab,BTC/USDT,crypto,H4,mean_reversion,rsi_extreme,overbought=75|oversold=25|period=14,both,all,NEEDS_MORE_DATA,8,,,,,,,,,,,,,,,,only 8 trades < min 20,binance_rest
run_20260429_074242_3656ab,BTC/USDT,crypto,H4,mean_reversion,vwap_deviation,std_threshold=1.5,both,all,NEEDS_MORE_DATA,13,,,,,,,,,,,,,,,,only 13 trades < min 20,binance_rest
run_20260429_074242_3656ab,BTC/USDT,crypto,H4,mean_reversion,vwap_deviation,std_threshold=2.0,both,all,NEEDS_MORE_DATA,10,,,,,,,,,,,,,,,,only 10 trades < min 20,binance_rest
run_20260429_074242_3656ab,BTC/USDT,crypto,H4,engine_b_proxy,ob_bos,require_engulf=False|require_vol_expand=False|swing_period=5,both,all,NEEDS_MORE_DATA,17,,,,,,,,,,,,,,1.000000,,only 17 trades < min 20,binance_rest
run_20260429_074242_3656ab,BTC/USDT,crypto,H4,engine_b_proxy,ob_bos,require_engulf=False|require_vol_expand=True|swing_period=5,both,all,NEEDS_MORE_DATA,16,,,,,,,,,,,,,,1.000000,,only 16 trades < min 20,binance_rest
run_20260429_074242_3656ab,BTC/USDT,crypto,H4,engine_b_proxy,ob_bos,require_engulf=True|require_vol_expand=False|swing_period=5,both,all,NEEDS_MORE_DATA,17,,,,,,,,,,,,,,1.000000,,only 17 trades < min 20,binance_rest
run_20260429_074242_3656ab,BTC/USDT,crypto,H4,engine_b_proxy,ob_bos,require_engulf=True|require_vol_expand=True|swing_period=5,both,all,NEEDS_MORE_DATA,16,,,,,,,,,,,,,,,,only 16 trades < min 20,binance_rest
run_20260429_074242_3656ab,BTC/USDT,crypto,H4,engine_b_proxy,ob_bos,require_engulf=False|require_vol_expand=False|swing_period=10,both,all,NEEDS_MORE_DATA,7,,,,,,,,,,,,,,,,only 7 trades < min 20,binance_rest
run_20260429_074242_3656ab,BTC/USDT,crypto,H4,engine_b_proxy,ob_bos,require_engulf=False|require_vol_expand=True|swing_period=10,both,all,NEEDS_MORE_DATA,7,,,,,,,,,,,,,,,,only 7 trades < min 20,binance_rest
run_20260429_074242_3656ab,BTC/USDT,crypto,H4,engine_b_proxy,ob_bos,require_engulf=True|require_vol_expand=False|swing_period=10,both,all,NEEDS_MORE_DATA,6,,,,,,,,,,,,,,,,only 6 trades < min 20,binance_rest
run_20260429_074242_3656ab,BTC/USDT,crypto,H4,engine_b_proxy,ob_bos,require_engulf=True|require_vol_expand=True|swing_period=10,both,all,NEEDS_MORE_DATA,6,,,,,,,,,,,,,,,,only 6 trades < min 20,binance_rest
run_20260429_074242_3656ab,BTC/USDT,crypto,H4,engine_b_proxy,structure_filters,fvg_detection=False|strong_close_pct=0.7,both,all,REJECT,274,0.335766,1.000588,0.000004,0.000004,-0.210009,0.003958,0.003219,0.274274,3.470803,-0.044408,-0.044408,-0.003852,-0.052947,0.440000,,,binance_rest
run_20260429_074242_3656ab,BTC/USDT,crypto,H4,engine_b_proxy,structure_filters,fvg_detection=True|strong_close_pct=0.7,both,all,REJECT,32,0.281250,0.525647,-0.006771,-0.006771,-0.300758,-1.430214,-1.187677,0.032032,13.343750,-0.208849,-0.208849,-0.155919,-0.062708,0.472654,,,binance_rest
run_20260429_074242_3656ab,BTC/USDT,crypto,H4,engine_b_proxy,structure_filters,fvg_detection=False|strong_close_pct=0.8,both,all,REJECT,197,0.365482,0.999665,-0.000002,-0.000002,-0.212940,-0.001948,-0.001584,0.197197,4.487310,-0.041728,-0.041728,-0.050347,-0.003793,0.482600,,,binance_rest
run_20260429_074242_3656ab,BTC/USDT,crypto,H4,engine_b_proxy,structure_filters,fvg_detection=True|strong_close_pct=0.8,both,all,REJECT,20,0.300000,0.765917,-0.003783,-0.003783,-0.173895,-0.418593,-0.341392,0.020020,12.900000,-0.093705,-0.093705,-0.026455,-0.069077,0.220000,,,binance_rest
run_20260429_074242_3656ab,BTC/USDT,crypto,D1,trend_momentum,ema_cross,adx_min=0|fast_period=10|rsi_confirm=False|slow_period=100,both,all,NEEDS_MORE_DATA,13,,,,,,,,,,,,,,1.000000,,only 13 trades < min 20,binance_rest
run_20260429_074242_3656ab,BTC/USDT,crypto,D1,trend_momentum,ema_cross,adx_min=0|fast_period=10|rsi_confirm=True|slow_period=100,both,all,NEEDS_MORE_DATA,12,,,,,,,,,,,,,,1.000000,,only 12 trades < min 20,binance_rest
run_20260429_074242_3656ab,BTC/USDT,crypto,D1,trend_momentum,ema_cross,adx_min=20|fast_period=10|rsi_confirm=False|slow_period=100,both,all,NEEDS_MORE_DATA,12,,,,,,,,,,,,,,1.000000,,only 12 trades < min 20,binance_rest
run_20260429_074242_3656ab,BTC/USDT,crypto,D1,trend_momentum,ema_cross,adx_min=20|fast_period=10|rsi_confirm=True|slow_period=100,both,all,NEEDS_MORE_DATA,11,,,,,,,,,,,,,,1.000000,,only 11 trades < min 20,binance_rest
run_20260429_074242_3656ab,BTC/USDT,crypto,D1,trend_momentum,ema_cross,adx_min=25|fast_period=10|rsi_confirm=False|slow_period=100,both,all,NEEDS_MORE_DATA,12,,,,,,,,,,,,,,1.000000,,only 12 trades < min 20,binance_rest
run_20260429_074242_3656ab,BTC/USDT,crypto,D1,trend_momentum,ema_cross,adx_min=25|fast_period=10|rsi_confirm=True|slow_period=100,both,all,NEEDS_MORE_DATA,11,,,,,,,,,,,,,,1.000000,,only 11 trades < min 20,binance_rest
run_20260429_074242_3656ab,BTC/USDT,crypto,D1,trend_momentum,ema_cross,adx_min=0|fast_period=10|rsi_confirm=False|slow_period=200,both,all,NEEDS_MORE_DATA,14,,,,,,,,,,,,,,,,only 14 trades < min 20,binance_rest
run_20260429_074242_3656ab,BTC/USDT,crypto,D1,trend_momentum,ema_cross,adx_min=0|fast_period=10|rsi_confirm=True|slow_period=200,both,all,NEEDS_MORE_DATA,12,,,,,,,,,,,,,,,,only 12 trades < min 20,binance_rest
run_20260429_074242_3656ab,BTC/USDT,crypto,D1,trend_momentum,ema_cross,adx_min=20|fast_period=10|rsi_confirm=False|slow_period=200,both,all,NEEDS_MORE_DATA,13,,,,,,,,,,,,,,,,only 13 trades < min 20,binance_rest
run_20260429_074242_3656ab,BTC/USDT,crypto,D1,trend_momentum,ema_cross,adx_min=20|fast_period=10|rsi_confirm=True|slow_period=200,both,all,NEEDS_MORE_DATA,11,,,,,,,,,,,,,,,,only 11 trades < min 20,binance_rest
run_20260429_074242_3656ab,BTC/USDT,crypto,D1,trend_momentum,ema_cross,adx_min=25|fast_period=10|rsi_confirm=False|slow_period=200,both,all,NEEDS_MORE_DATA,13,,,,,,,,,,,,,,,,only 13 trades < min 20,binance_rest
run_20260429_074242_3656ab,BTC/USDT,crypto,D1,trend_momentum,ema_cross,adx_min=25|fast_period=10|rsi_confirm=True|slow_period=200,both,all,NEEDS_MORE_DATA,11,,,,,,,,,,,,,,,,only 11 trades < min 20,binance_rest
run_20260429_074242_3656ab,BTC/USDT,crypto,D1,trend_momentum,ema_cross,adx_min=0|fast_period=20|rsi_confirm=False|slow_period=50,both,all,NEEDS_MORE_DATA,19,,,,,,,,,,,,,,1.000000,,only 19 trades < min 20,binance_rest
run_20260429_074242_3656ab,BTC/USDT,crypto,D1,trend_momentum,ema_cross,adx_min=0|fast_period=20|rsi_confirm=True|slow_period=50,both,all,NEEDS_MORE_DATA,18,,,,,,,,,,,,,,1.000000,,only 18 trades < min 20,binance_rest
run_20260429_074242_3656ab,BTC/USDT,crypto,D1,trend_momentum,ema_cross,adx_min=20|fast_period=20|rsi_confirm=False|slow_period=50,both,all,NEEDS_MORE_DATA,18,,,,,,,,,,,,,,1.000000,,only 18 trades < min 20,binance_rest
run_20260429_074242_3656ab,BTC/USDT,crypto,D1,trend_momentum,ema_cross,adx_min=20|fast_period=20|rsi_confirm=True|slow_period=50,both,all,NEEDS_MORE_DATA,17,,,,,,,,,,,,,,1.000000,,only 17 trades < min 20,binance_rest
run_20260429_074242_3656ab,BTC/USDT,crypto,D1,trend_momentum,ema_cross,adx_min=25|fast_period=20|rsi_confirm=False|slow_period=50,both,all,NEEDS_MORE_DATA,18,,,,,,,,,,,,,,1.000000,,only 18 trades < min 20,binance_rest
run_20260429_074242_3656ab,BTC/USDT,crypto,D1,trend_momentum,ema_cross,adx_min=25|fast_period=20|rsi_confirm=True|slow_period=50,both,all,NEEDS_MORE_DATA,17,,,,,,,,,,,,,,1.000000,,only 17 trades < min 20,binance_rest
run_20260429_074242_3656ab,BTC/USDT,crypto,D1,trend_momentum,ema_cross,adx_min=0|fast_period=20|rsi_confirm=False|slow_period=100,both,all,NEEDS_MORE_DATA,10,,,,,,,,,,,,,,,,only 10 trades < min 20,binance_rest
run_20260429_074242_3656ab,BTC/USDT,crypto,D1,trend_momentum,ema_cross,adx_min=0|fast_period=20|rsi_confirm=True|slow_period=100,both,all,NEEDS_MORE_DATA,9,,,,,,,,,,,,,,,,only 9 trades < min 20,binance_rest
run_20260429_074242_3656ab,BTC/USDT,crypto,D1,trend_momentum,ema_cross,adx_min=20|fast_period=20|rsi_confirm=False|slow_period=100,both,all,NEEDS_MORE_DATA,9,,,,,,,,,,,,,,,,only 9 trades < min 20,binance_rest
run_20260429_074242_3656ab,BTC/USDT,crypto,D1,trend_momentum,ema_cross,adx_min=20|fast_period=20|rsi_confirm=True|slow_period=100,both,all,NEEDS_MORE_DATA,8,,,,,,,,,,,,,,,,only 8 trades < min 20,binance_rest
run_20260429_074242_3656ab,BTC/USDT,crypto,D1,trend_momentum,ema_cross,adx_min=25|fast_period=20|rsi_confirm=False|slow_period=100,both,all,NEEDS_MORE_DATA,9,,,,,,,,,,,,,,,,only 9 trades < min 20,binance_rest
run_20260429_074242_3656ab,BTC/USDT,crypto,D1,trend_momentum,ema_cross,adx_min=25|fast_period=20|rsi_confirm=True|slow_period=100,both,all,NEEDS_MORE_DATA,8,,,,,,,,,,,,,,,,only 8 trades < min 20,binance_rest
run_20260429_074242_3656ab,BTC/USDT,crypto,D1,trend_momentum,ema_cross,adx_min=0|fast_period=20|rsi_confirm=False|slow_period=200,both,all,NEEDS_MORE_DATA,10,,,,,,,,,,,,,,,,only 10 trades < min 20,binance_rest
run_20260429_074242_3656ab,BTC/USDT,crypto,D1,trend_momentum,ema_cross,adx_min=0|fast_period=20|rsi_confirm=True|slow_period=200,both,all,NEEDS_MORE_DATA,9,,,,,,,,,,,,,,,,only 9 trades < min 20,binance_rest
run_20260429_074242_3656ab,BTC/USDT,crypto,D1,trend_momentum,ema_cross,adx_min=20|fast_period=20|rsi_confirm=False|slow_period=200,both,all,NEEDS_MORE_DATA,9,,,,,,,,,,,,,,,,only 9 trades < min 20,binance_rest
run_20260429_074242_3656ab,BTC/USDT,crypto,D1,trend_momentum,ema_cross,adx_min=20|fast_period=20|rsi_confirm=True|slow_period=200,both,all,NEEDS_MORE_DATA,8,,,,,,,,,,,,,,,,only 8 trades < min 20,binance_rest
run_20260429_074242_3656ab,BTC/USDT,crypto,D1,trend_momentum,ema_cross,adx_min=25|fast_period=20|rsi_confirm=False|slow_period=200,both,all,NEEDS_MORE_DATA,9,,,,,,,,,,,,,,,,only 9 trades < min 20,binance_rest
run_20260429_074242_3656ab,BTC/USDT,crypto,D1,trend_momentum,ema_cross,adx_min=25|fast_period=20|rsi_confirm=True|slow_period=200,both,all,NEEDS_MORE_DATA,8,,,,,,,,,,,,,,,,only 8 trades < min 20,binance_rest
run_20260429_074242_3656ab,BTC/USDT,crypto,D1,trend_momentum,macd_direction,adx_min=0|fast=12|signal_period=9|slow=26,both,all,REJECT,76,0.342105,1.019705,0.000597,0.000597,-0.494919,0.031362,0.062476,0.076076,13.118421,-0.185403,-0.185403,-0.292606,0.051313,0.440000,,,binance_rest
run_20260429_074242_3656ab,BTC/USDT,crypto,D1,trend_momentum,macd_direction,adx_min=20|fast=12|signal_period=9|slow=26,both,all,REJECT,75,0.346667,1.022718,0.000696,0.000696,-0.494919,0.036053,0.071822,0.075075,13.266667,-0.179833,-0.179833,-0.287769,0.051313,0.440000,,,binance_rest
run_20260429_074242_3656ab,BTC/USDT,crypto,D1,pullback,pullback_ema,pullback_period=20|rsi_reclaim=True|rsi_threshold=50|trend_period=200,both,all,REJECT,49,0.244898,1.108789,0.002129,0.002129,-0.284499,0.097873,0.195040,0.049049,9.163265,-0.018700,-0.018700,-0.065667,-0.010832,0.503486,,,binance_rest
run_20260429_074242_3656ab,BTC/USDT,crypto,D1,breakout,prev_day_hl,atr_expand_min=0.0,both,all,REJECT,175,0.337143,0.923136,-0.001574,-0.001574,-0.569334,-0.179112,-0.356907,0.175175,5.685714,-0.424069,-0.424069,-0.425617,0.026123,0.460000,,,binance_rest
run_20260429_074242_3656ab,BTC/USDT,crypto,D1,breakout,prev_day_hl,atr_expand_min=0.5,both,all,REJECT,169,0.355030,0.959367,-0.000826,-0.000826,-0.513701,-0.091354,-0.181997,0.169169,5.710059,-0.337953,-0.337953,-0.362073,0.062059,0.460000,,,binance_rest
run_20260429_074242_3656ab,BTC/USDT,crypto,D1,breakout,prev_day_hl,atr_expand_min=1.0,both,all,REJECT,128,0.367188,0.931244,-0.001395,-0.001395,-0.528069,-0.135321,-0.269634,0.128128,5.703125,-0.317204,-0.317204,-0.323175,0.018542,0.460000,,,binance_rest
run_20260429_074242_3656ab,BTC/USDT,crypto,D1,breakout,session_opening_range,atr_expand_min=0.5|range_bars=12,both,all,REJECT,33,0.272727,1.190861,0.009436,0.009436,-0.566035,0.170564,0.340349,0.033033,28.939394,-0.035610,-0.035610,0.705790,-0.449238,0.318000,,,binance_rest
run_20260429_074242_3656ab,BTC/USDT,crypto,D1,breakout,london_breakout,atr_expand_min=0.0|utc_end=11|utc_start=7,both,all,REJECT,0,,,,,,,,,,,,,,,,session_strategy_requires_intraday_data,binance_rest
run_20260429_074242_3656ab,BTC/USDT,crypto,D1,breakout,london_breakout,atr_expand_min=0.5|utc_end=11|utc_start=7,both,all,REJECT,0,,,,,,,,,,,,,,,,session_strategy_requires_intraday_data,binance_rest
run_20260429_074242_3656ab,BTC/USDT,crypto,D1,breakout,ny_breakout,atr_expand_min=0.0|utc_end=16|utc_start=13,both,all,REJECT,0,,,,,,,,,,,,,,,,session_strategy_requires_intraday_data,binance_rest
run_20260429_074242_3656ab,BTC/USDT,crypto,D1,breakout,ny_breakout,atr_expand_min=0.5|utc_end=16|utc_start=13,both,all,REJECT,0,,,,,,,,,,,,,,,,session_strategy_requires_intraday_data,binance_rest
run_20260429_074242_3656ab,BTC/USDT,crypto,D1,mean_reversion,rsi_extreme,overbought=70|oversold=30|period=14,both,all,NEEDS_MORE_DATA,14,,,,,,,,,,,,,,,,only 14 trades < min 20,binance_rest
run_20260429_074242_3656ab,BTC/USDT,crypto,D1,mean_reversion,rsi_extreme,overbought=75|oversold=30|period=14,both,all,NEEDS_MORE_DATA,12,,,,,,,,,,,,,,,,only 12 trades < min 20,binance_rest
run_20260429_074242_3656ab,BTC/USDT,crypto,D1,mean_reversion,rsi_extreme,overbought=70|oversold=25|period=14,both,all,NEEDS_MORE_DATA,12,,,,,,,,,,,,,,,,only 12 trades < min 20,binance_rest
run_20260429_074242_3656ab,BTC/USDT,crypto,D1,mean_reversion,rsi_extreme,overbought=75|oversold=25|period=14,both,all,NEEDS_MORE_DATA,10,,,,,,,,,,,,,,,,only 10 trades < min 20,binance_rest
run_20260429_074242_3656ab,BTC/USDT,crypto,D1,mean_reversion,bollinger_touch,num_std=2.0|period=20,both,all,REJECT,39,0.692308,0.900723,-0.003870,-0.003870,-0.568874,-0.108643,-0.216548,0.039039,13.564103,-0.365784,-0.365784,-0.438704,0.129913,0.434000,,,binance_rest
run_20260429_074242_3656ab,BTC/USDT,crypto,D1,mean_reversion,bollinger_touch,num_std=2.5|period=20,both,all,NEEDS_MORE_DATA,19,,,,,,,,,,,,,,1.000000,,only 19 trades < min 20,binance_rest
run_20260429_074242_3656ab,BTC/USDT,crypto,D1,mean_reversion,vwap_deviation,std_threshold=1.5,both,all,NEEDS_MORE_DATA,7,,,,,,,,,,,,,,,,only 7 trades < min 20,binance_rest
run_20260429_074242_3656ab,BTC/USDT,crypto,D1,mean_reversion,vwap_deviation,std_threshold=2.0,both,all,NEEDS_MORE_DATA,6,,,,,,,,,,,,,,,,only 6 trades < min 20,binance_rest
run_20260429_074242_3656ab,BTC/USDT,crypto,D1,engine_b_proxy,ob_bos,require_engulf=False|require_vol_expand=True|swing_period=5,both,all,NEEDS_MORE_DATA,19,,,,,,,,,,,,,,1.000000,,only 19 trades < min 20,binance_rest
run_20260429_074242_3656ab,BTC/USDT,crypto,D1,engine_b_proxy,ob_bos,require_engulf=True|require_vol_expand=False|swing_period=5,both,all,NEEDS_MORE_DATA,19,,,,,,,,,,,,,,1.000000,,only 19 trades < min 20,binance_rest
run_20260429_074242_3656ab,BTC/USDT,crypto,D1,engine_b_proxy,ob_bos,require_engulf=True|require_vol_expand=True|swing_period=5,both,all,NEEDS_MORE_DATA,18,,,,,,,,,,,,,,,,only 18 trades < min 20,binance_rest
run_20260429_074242_3656ab,BTC/USDT,crypto,D1,engine_b_proxy,ob_bos,require_engulf=False|require_vol_expand=False|swing_period=10,both,all,NEEDS_MORE_DATA,11,,,,,,,,,,,,,,,,only 11 trades < min 20,binance_rest
run_20260429_074242_3656ab,BTC/USDT,crypto,D1,engine_b_proxy,ob_bos,require_engulf=False|require_vol_expand=True|swing_period=10,both,all,NEEDS_MORE_DATA,11,,,,,,,,,,,,,,,,only 11 trades < min 20,binance_rest
run_20260429_074242_3656ab,BTC/USDT,crypto,D1,engine_b_proxy,ob_bos,require_engulf=True|require_vol_expand=False|swing_period=10,both,all,NEEDS_MORE_DATA,11,,,,,,,,,,,,,,,,only 11 trades < min 20,binance_rest
run_20260429_074242_3656ab,BTC/USDT,crypto,D1,engine_b_proxy,ob_bos,require_engulf=True|require_vol_expand=True|swing_period=10,both,all,NEEDS_MORE_DATA,11,,,,,,,,,,,,,,,,only 11 trades < min 20,binance_rest
run_20260429_074242_3656ab,BTC/USDT,crypto,D1,engine_b_proxy,structure_filters,fvg_detection=False|strong_close_pct=0.7,both,all,REJECT,280,0.342857,0.758411,-0.004292,-0.004292,-0.826871,-0.818137,-1.635362,0.280280,3.460714,-0.768573,-0.768573,-0.624653,-0.369027,0.617231,,,binance_rest
run_20260429_074242_3656ab,BTC/USDT,crypto,D1,engine_b_proxy,structure_filters,fvg_detection=True|strong_close_pct=0.7,both,all,REJECT,29,0.241379,0.910231,-0.002700,-0.002700,-0.498289,-0.079834,-0.159101,0.029029,12.137931,-0.169710,-0.169710,-0.140537,-0.033943,0.406458,,,binance_rest
run_20260429_074242_3656ab,BTC/USDT,crypto,D1,engine_b_proxy,structure_filters,fvg_detection=False|strong_close_pct=0.8,both,all,REJECT,164,0.317073,0.598468,-0.008981,-0.008981,-0.836795,-0.994582,-2.001377,0.164164,5.280488,-0.827006,-0.827006,-0.701380,-0.420963,0.640058,,,binance_rest
run_20260429_074242_3656ab,BTC/USDT,crypto,D1,engine_b_proxy,structure_filters,fvg_detection=True|strong_close_pct=0.8,both,all,NEEDS_MORE_DATA,19,,,,,,,,,,,,,,1.000000,,only 19 trades < min 20,binance_rest
run_20260429_074242_3656ab,ETH/USDT,crypto,D1,trend_momentum,ema_cross,adx_min=0|fast_period=10|rsi_confirm=False|slow_period=100,both,all,NEEDS_MORE_DATA,13,,,,,,,,,,,,,,1.000000,,only 13 trades < min 20,binance_rest
run_20260429_074242_3656ab,ETH/USDT,crypto,D1,trend_momentum,ema_cross,adx_min=0|fast_period=10|rsi_confirm=True|slow_period=100,both,all,NEEDS_MORE_DATA,12,,,,,,,,,,,,,,1.000000,,only 12 trades < min 20,binance_rest
run_20260429_074242_3656ab,ETH/USDT,crypto,D1,trend_momentum,ema_cross,adx_min=20|fast_period=10|rsi_confirm=False|slow_period=100,both,all,NEEDS_MORE_DATA,12,,,,,,,,,,,,,,1.000000,,only 12 trades < min 20,binance_rest
run_20260429_074242_3656ab,ETH/USDT,crypto,D1,trend_momentum,ema_cross,adx_min=20|fast_period=10|rsi_confirm=True|slow_period=100,both,all,NEEDS_MORE_DATA,12,,,,,,,,,,,,,,1.000000,,only 12 trades < min 20,binance_rest
run_20260429_074242_3656ab,ETH/USDT,crypto,D1,trend_momentum,ema_cross,adx_min=25|fast_period=10|rsi_confirm=False|slow_period=100,both,all,NEEDS_MORE_DATA,11,,,,,,,,,,,,,,1.000000,,only 11 trades < min 20,binance_rest
run_20260429_074242_3656ab,ETH/USDT,crypto,D1,trend_momentum,ema_cross,adx_min=25|fast_period=10|rsi_confirm=True|slow_period=100,both,all,NEEDS_MORE_DATA,11,,,,,,,,,,,,,,1.000000,,only 11 trades < min 20,binance_rest
run_20260429_074242_3656ab,ETH/USDT,crypto,D1,trend_momentum,ema_cross,adx_min=0|fast_period=10|rsi_confirm=False|slow_period=200,both,all,NEEDS_MORE_DATA,9,,,,,,,,,,,,,,,,only 9 trades < min 20,binance_rest
run_20260429_074242_3656ab,ETH/USDT,crypto,D1,trend_momentum,ema_cross,adx_min=0|fast_period=10|rsi_confirm=True|slow_period=200,both,all,NEEDS_MORE_DATA,8,,,,,,,,,,,,,,,,only 8 trades < min 20,binance_rest
run_20260429_074242_3656ab,ETH/USDT,crypto,D1,trend_momentum,ema_cross,adx_min=20|fast_period=10|rsi_confirm=False|slow_period=200,both,all,NEEDS_MORE_DATA,7,,,,,,,,,,,,,,,,only 7 trades < min 20,binance_rest
run_20260429_074242_3656ab,ETH/USDT,crypto,D1,trend_momentum,ema_cross,adx_min=20|fast_period=10|rsi_confirm=True|slow_period=200,both,all,NEEDS_MORE_DATA,7,,,,,,,,,,,,,,,,only 7 trades < min 20,binance_rest
run_20260429_074242_3656ab,ETH/USDT,crypto,D1,trend_momentum,ema_cross,adx_min=25|fast_period=10|rsi_confirm=False|slow_period=200,both,all,NEEDS_MORE_DATA,6,,,,,,,,,,,,,,,,only 6 trades < min 20,binance_rest
run_20260429_074242_3656ab,ETH/USDT,crypto,D1,trend_momentum,ema_cross,adx_min=25|fast_period=10|rsi_confirm=True|slow_period=200,both,all,NEEDS_MORE_DATA,6,,,,,,,,,,,,,,,,only 6 trades < min 20,binance_rest
run_20260429_074242_3656ab,ETH/USDT,crypto,D1,trend_momentum,ema_cross,adx_min=0|fast_period=20|rsi_confirm=False|slow_period=50,both,all,NEEDS_MORE_DATA,16,,,,,,,,,,,,,,1.000000,,only 16 trades < min 20,binance_rest
run_20260429_074242_3656ab,ETH/USDT,crypto,D1,trend_momentum,ema_cross,adx_min=0|fast_period=20|rsi_confirm=True|slow_period=50,both,all,NEEDS_MORE_DATA,15,,,,,,,,,,,,,,1.000000,,only 15 trades < min 20,binance_rest
run_20260429_074242_3656ab,ETH/USDT,crypto,D1,trend_momentum,ema_cross,adx_min=20|fast_period=20|rsi_confirm=False|slow_period=50,both,all,NEEDS_MORE_DATA,15,,,,,,,,,,,,,,1.000000,,only 15 trades < min 20,binance_rest
run_20260429_074242_3656ab,ETH/USDT,crypto,D1,trend_momentum,ema_cross,adx_min=20|fast_period=20|rsi_confirm=True|slow_period=50,both,all,NEEDS_MORE_DATA,15,,,,,,,,,,,,,,1.000000,,only 15 trades < min 20,binance_rest
run_20260429_074242_3656ab,ETH/USDT,crypto,D1,trend_momentum,ema_cross,adx_min=25|fast_period=20|rsi_confirm=False|slow_period=50,both,all,NEEDS_MORE_DATA,15,,,,,,,,,,,,,,1.000000,,only 15 trades < min 20,binance_rest
run_20260429_074242_3656ab,ETH/USDT,crypto,D1,trend_momentum,ema_cross,adx_min=25|fast_period=20|rsi_confirm=True|slow_period=50,both,all,NEEDS_MORE_DATA,15,,,,,,,,,,,,,,1.000000,,only 15 trades < min 20,binance_rest
run_20260429_074242_3656ab,ETH/USDT,crypto,D1,trend_momentum,ema_cross,adx_min=0|fast_period=20|rsi_confirm=False|slow_period=100,both,all,NEEDS_MORE_DATA,11,,,,,,,,,,,,,,,,only 11 trades < min 20,binance_rest
run_20260429_074242_3656ab,ETH/USDT,crypto,D1,trend_momentum,ema_cross,adx_min=0|fast_period=20|rsi_confirm=True|slow_period=100,both,all,NEEDS_MORE_DATA,10,,,,,,,,,,,,,,,,only 10 trades < min 20,binance_rest
run_20260429_074242_3656ab,ETH/USDT,crypto,D1,trend_momentum,ema_cross,adx_min=20|fast_period=20|rsi_confirm=False|slow_period=100,both,all,NEEDS_MORE_DATA,10,,,,,,,,,,,,,,,,only 10 trades < min 20,binance_rest
run_20260429_074242_3656ab,ETH/USDT,crypto,D1,trend_momentum,ema_cross,adx_min=20|fast_period=20|rsi_confirm=True|slow_period=100,both,all,NEEDS_MORE_DATA,10,,,,,,,,,,,,,,,,only 10 trades < min 20,binance_rest
run_20260429_074242_3656ab,ETH/USDT,crypto,D1,trend_momentum,ema_cross,adx_min=25|fast_period=20|rsi_confirm=False|slow_period=100,both,all,NEEDS_MORE_DATA,9,,,,,,,,,,,,,,,,only 9 trades < min 20,binance_rest
run_20260429_074242_3656ab,ETH/USDT,crypto,D1,trend_momentum,ema_cross,adx_min=25|fast_period=20|rsi_confirm=True|slow_period=100,both,all,NEEDS_MORE_DATA,9,,,,,,,,,,,,,,,,only 9 trades < min 20,binance_rest
run_20260429_074242_3656ab,ETH/USDT,crypto,D1,trend_momentum,ema_cross,adx_min=0|fast_period=20|rsi_confirm=False|slow_period=200,both,all,NEEDS_MORE_DATA,9,,,,,,,,,,,,,,,,only 9 trades < min 20,binance_rest
run_20260429_074242_3656ab,ETH/USDT,crypto,D1,trend_momentum,ema_cross,adx_min=0|fast_period=20|rsi_confirm=True|slow_period=200,both,all,NEEDS_MORE_DATA,8,,,,,,,,,,,,,,,,only 8 trades < min 20,binance_rest
run_20260429_074242_3656ab,ETH/USDT,crypto,D1,trend_momentum,ema_cross,adx_min=20|fast_period=20|rsi_confirm=False|slow_period=200,both,all,NEEDS_MORE_DATA,7,,,,,,,,,,,,,,,,only 7 trades < min 20,binance_rest
run_20260429_074242_3656ab,ETH/USDT,crypto,D1,trend_momentum,ema_cross,adx_min=20|fast_period=20|rsi_confirm=True|slow_period=200,both,all,NEEDS_MORE_DATA,7,,,,,,,,,,,,,,,,only 7 trades < min 20,binance_rest
run_20260429_074242_3656ab,ETH/USDT,crypto,D1,trend_momentum,ema_cross,adx_min=25|fast_period=20|rsi_confirm=False|slow_period=200,both,all,NEEDS_MORE_DATA,6,,,,,,,,,,,,,,,,only 6 trades < min 20,binance_rest
run_20260429_074242_3656ab,ETH/USDT,crypto,D1,trend_momentum,ema_cross,adx_min=25|fast_period=20|rsi_confirm=True|slow_period=200,both,all,NEEDS_MORE_DATA,6,,,,,,,,,,,,,,,,only 6 trades < min 20,binance_rest
run_20260429_074242_3656ab,ETH/USDT,crypto,D1,trend_momentum,ema_alignment,adx_min=0|ema_long=200|ema_mid=50|ema_short=20,both,all,REJECT,23,0.260870,0.796834,-0.009694,-0.009694,-0.548440,-0.207283,-0.414422,0.023023,19.173913,-0.301004,-0.301004,0.009581,-0.307638,0.318000,,,binance_rest
run_20260429_074242_3656ab,ETH/USDT,crypto,D1,trend_momentum,ema_alignment,adx_min=20|ema_long=200|ema_mid=50|ema_short=20,both,all,REJECT,22,0.272727,0.800431,-0.009911,-0.009911,-0.548440,-0.202705,-0.405270,0.022022,20.000000,-0.297539,-0.297539,0.014585,-0.307638,0.298667,,,binance_rest
run_20260429_074242_3656ab,ETH/USDT,crypto,D1,trend_momentum,ema_alignment,adx_min=25|ema_long=200|ema_mid=50|ema_short=20,both,all,REJECT,22,0.227273,0.434759,-0.032116,-0.032116,-0.619551,-0.780876,-1.646622,0.022022,18.272727,-0.555358,-0.555358,-0.357790,-0.307638,0.518520,,,binance_rest
run_20260429_074242_3656ab,ETH/USDT,crypto,D1,trend_momentum,macd_direction,adx_min=0|fast=12|signal_period=9|slow=26,both,all,REJECT,81,0.296296,0.941239,-0.002817,-0.002817,-0.770527,-0.090268,-0.179851,0.081081,12.259259,-0.600384,-0.600384,-0.453451,-0.505928,0.705282,,,binance_rest
run_20260429_074242_3656ab,ETH/USDT,crypto,D1,trend_momentum,macd_direction,adx_min=20|fast=12|signal_period=9|slow=26,both,all,REJECT,76,0.289474,0.816420,-0.009113,-0.009113,-0.827208,-0.297682,-0.594269,0.076076,12.289474,-0.723645,-0.723645,-0.387462,-0.548836,0.615053,,,binance_rest
run_20260429_074242_3656ab,ETH/USDT,crypto,D1,pullback,pullback_ema,pullback_period=50|rsi_reclaim=False|rsi_threshold=50|trend_period=200,both,all,REJECT,37,0.162162,1.164689,0.004962,0.004962,-0.565168,0.117191,0.233615,0.037037,11.243243,-0.056185,-0.056185,-0.397574,-0.039570,0.411859,,,binance_rest
run_20260429_074242_3656ab,ETH/USDT,crypto,D1,pullback,pullback_ema,pullback_period=50|rsi_reclaim=True|rsi_threshold=50|trend_period=200,both,all,NEEDS_MORE_DATA,18,,,,,,,,,,,,,,1.000000,,only 18 trades < min 20,binance_rest
run_20260429_074242_3656ab,ETH/USDT,crypto,D1,breakout,prev_day_hl,atr_expand_min=0.0,both,all,REJECT,176,0.346591,1.035541,0.001035,0.001035,-0.674006,0.071749,0.142935,0.176176,5.653409,-0.399907,-0.399907,-0.435982,0.122637,0.460000,,,binance_rest
run_20260429_074242_3656ab,ETH/USDT,crypto,D1,breakout,prev_day_hl,atr_expand_min=0.5,both,all,REJECT,175,0.342857,0.980872,-0.000566,-0.000566,-0.713903,-0.040386,-0.080453,0.175175,5.537143,-0.530786,-0.530786,-0.462431,-0.079020,0.511264,,,binance_rest
run_20260429_074242_3656ab,ETH/USDT,crypto,D1,breakout,prev_day_hl,atr_expand_min=1.0,both,all,REJECT,121,0.338843,1.086538,0.002574,0.002574,-0.650122,0.141254,0.281467,0.121121,5.909091,-0.189101,-0.189101,0.437769,-0.420995,0.460000,,,binance_rest
run_20260429_074242_3656ab,ETH/USDT,crypto,D1,breakout,session_opening_range,atr_expand_min=0.0|range_bars=6,both,all,REJECT,57,0.385965,1.168177,0.008757,0.008757,-0.494822,0.212429,0.423797,0.057057,16.947368,-0.107582,-0.107582,-0.008400,-0.164403,0.440000,,,binance_rest
run_20260429_074242_3656ab,ETH/USDT,crypto,D1,breakout,session_opening_range,atr_expand_min=0.5|range_bars=6,both,all,REJECT,57,0.385965,1.168177,0.008757,0.008757,-0.494822,0.212429,0.423797,0.057057,16.947368,-0.107582,-0.107582,-0.008400,-0.164403,0.440000,,,binance_rest
run_20260429_074242_3656ab,ETH/USDT,crypto,D1,breakout,session_opening_range,atr_expand_min=0.0|range_bars=12,both,all,REJECT,37,0.351351,0.964216,-0.002732,-0.002732,-0.637386,-0.046227,-0.092097,0.037037,26.054054,-0.481326,-0.481326,-0.216669,-0.385227,0.428614,,,binance_rest
run_20260429_074242_3656ab,ETH/USDT,crypto,D1,breakout,session_opening_range,atr_expand_min=0.5|range_bars=12,both,all,REJECT,37,0.351351,0.964216,-0.002732,-0.002732,-0.637386,-0.046227,-0.092097,0.037037,26.054054,-0.481326,-0.481326,-0.216669,-0.385227,0.408614,,,binance_rest
run_20260429_074242_3656ab,ETH/USDT,crypto,D1,breakout,london_breakout,atr_expand_min=0.0|utc_end=11|utc_start=7,both,all,REJECT,0,,,,,,,,,,,,,,,,session_strategy_requires_intraday_data,binance_rest
run_20260429_074242_3656ab,ETH/USDT,crypto,D1,breakout,london_breakout,atr_expand_min=0.5|utc_end=11|utc_start=7,both,all,REJECT,0,,,,,,,,,,,,,,,,session_strategy_requires_intraday_data,binance_rest
run_20260429_074242_3656ab,ETH/USDT,crypto,D1,breakout,ny_breakout,atr_expand_min=0.0|utc_end=16|utc_start=13,both,all,REJECT,0,,,,,,,,,,,,,,,,session_strategy_requires_intraday_data,binance_rest
run_20260429_074242_3656ab,ETH/USDT,crypto,D1,breakout,ny_breakout,atr_expand_min=0.5|utc_end=16|utc_start=13,both,all,REJECT,0,,,,,,,,,,,,,,,,session_strategy_requires_intraday_data,binance_rest
run_20260429_074242_3656ab,ETH/USDT,crypto,D1,mean_reversion,rsi_extreme,overbought=70|oversold=30|period=14,both,all,NEEDS_MORE_DATA,16,,,,,,,,,,,,,,,,only 16 trades < min 20,binance_rest
run_20260429_074242_3656ab,ETH/USDT,crypto,D1,mean_reversion,rsi_extreme,overbought=75|oversold=30|period=14,both,all,NEEDS_MORE_DATA,14,,,,,,,,,,,,,,,,only 14 trades < min 20,binance_rest
run_20260429_074242_3656ab,ETH/USDT,crypto,D1,mean_reversion,rsi_extreme,overbought=70|oversold=25|period=14,both,all,NEEDS_MORE_DATA,13,,,,,,,,,,,,,,,,only 13 trades < min 20,binance_rest
run_20260429_074242_3656ab,ETH/USDT,crypto,D1,mean_reversion,rsi_extreme,overbought=75|oversold=25|period=14,both,all,NEEDS_MORE_DATA,11,,,,,,,,,,,,,,,,only 11 trades < min 20,binance_rest
run_20260429_074242_3656ab,ETH/USDT,crypto,D1,mean_reversion,bollinger_touch,num_std=2.0|period=20,both,all,REJECT,36,0.583333,0.735590,-0.016237,-0.016237,-0.693437,-0.358504,-0.719085,0.036036,15.527778,-0.626353,-0.626353,-0.340033,-0.433840,0.633237,,,binance_rest
run_20260429_074242_3656ab,ETH/USDT,crypto,D1,mean_reversion,bollinger_touch,num_std=2.5|period=20,both,all,REJECT,22,0.409091,0.424561,-0.048835,-0.048835,-0.790867,-0.801262,-1.695020,0.022022,18.727273,-0.737332,-0.737332,-0.602092,-0.339877,0.526348,,,binance_rest
run_20260429_074242_3656ab,ETH/USDT,crypto,D1,mean_reversion,vwap_deviation,std_threshold=1.5,both,all,NEEDS_MORE_DATA,17,,,,,,,,,,,,,,,,only 17 trades < min 20,binance_rest
run_20260429_074242_3656ab,ETH/USDT,crypto,D1,mean_reversion,vwap_deviation,std_threshold=2.0,both,all,NEEDS_MORE_DATA,14,,,,,,,,,,,,,,,,only 14 trades < min 20,binance_rest
run_20260429_074242_3656ab,ETH/USDT,crypto,D1,engine_b_proxy,ob_bos,require_engulf=False|require_vol_expand=False|swing_period=5,both,all,NEEDS_MORE_DATA,17,,,,,,,,,,,,,,1.000000,,only 17 trades < min 20,binance_rest
run_20260429_074242_3656ab,ETH/USDT,crypto,D1,engine_b_proxy,ob_bos,require_engulf=False|require_vol_expand=True|swing_period=5,both,all,NEEDS_MORE_DATA,16,,,,,,,,,,,,,,1.000000,,only 16 trades < min 20,binance_rest
run_20260429_074242_3656ab,ETH/USDT,crypto,D1,engine_b_proxy,ob_bos,require_engulf=True|require_vol_expand=False|swing_period=5,both,all,NEEDS_MORE_DATA,17,,,,,,,,,,,,,,1.000000,,only 17 trades < min 20,binance_rest
run_20260429_074242_3656ab,ETH/USDT,crypto,D1,engine_b_proxy,ob_bos,require_engulf=True|require_vol_expand=True|swing_period=5,both,all,NEEDS_MORE_DATA,16,,,,,,,,,,,,,,,,only 16 trades < min 20,binance_rest
run_20260429_074242_3656ab,ETH/USDT,crypto,D1,engine_b_proxy,ob_bos,require_engulf=False|require_vol_expand=False|swing_period=10,both,all,NEEDS_MORE_DATA,8,,,,,,,,,,,,,,,,only 8 trades < min 20,binance_rest
run_20260429_074242_3656ab,ETH/USDT,crypto,D1,engine_b_proxy,ob_bos,require_engulf=False|require_vol_expand=True|swing_period=10,both,all,NEEDS_MORE_DATA,8,,,,,,,,,,,,,,,,only 8 trades < min 20,binance_rest
run_20260429_074242_3656ab,ETH/USDT,crypto,D1,engine_b_proxy,ob_bos,require_engulf=True|require_vol_expand=False|swing_period=10,both,all,NEEDS_MORE_DATA,8,,,,,,,,,,,,,,,,only 8 trades < min 20,binance_rest
run_20260429_074242_3656ab,ETH/USDT,crypto,D1,engine_b_proxy,ob_bos,require_engulf=True|require_vol_expand=True|swing_period=10,both,all,NEEDS_MORE_DATA,8,,,,,,,,,,,,,,,,only 8 trades < min 20,binance_rest
run_20260429_074242_3656ab,ETH/USDT,crypto,D1,engine_b_proxy,structure_filters,fvg_detection=False|strong_close_pct=0.7,both,all,REJECT,289,0.283737,0.714411,-0.007097,-0.007097,-0.945111,-0.926099,-1.852603,0.289289,3.328720,-0.928343,-0.928343,-0.798596,-0.617558,0.671991,,,binance_rest
run_20260429_074242_3656ab,ETH/USDT,crypto,D1,engine_b_proxy,structure_filters,fvg_detection=False|strong_close_pct=0.8,both,all,REJECT,167,0.347305,0.859207,-0.003994,-0.003994,-0.731975,-0.342295,-0.682661,0.167167,5.137725,-0.676272,-0.676272,-0.620833,-0.160626,0.537618,,,binance_rest
run_20260429_074242_3656ab,ETH/USDT,crypto,D1,engine_b_proxy,structure_filters,fvg_detection=True|strong_close_pct=0.8,both,all,NEEDS_MORE_DATA,17,,,,,,,,,,,,,,1.000000,,only 17 trades < min 20,binance_rest
run_20260429_074242_3656ab,ADA/USDT,crypto,H4,trend_momentum,ema_cross,adx_min=0|fast_period=10|rsi_confirm=False|slow_period=50,both,all,REJECT,39,0.128205,0.359226,-0.024681,-0.024681,-0.686184,-2.609415,-2.250647,0.039039,25.333333,-0.654138,-0.654138,-0.395733,-0.430040,0.707992,,,binance_rest
run_20260429_074242_3656ab,ADA/USDT,crypto,H4,trend_momentum,ema_cross,adx_min=0|fast_period=10|rsi_confirm=True|slow_period=50,both,all,REJECT,37,0.108108,0.273531,-0.028884,-0.028884,-0.686121,-3.049435,-2.705956,0.037037,23.567568,-0.686121,-0.686121,-0.451613,-0.430040,0.707670,,,binance_rest
run_20260429_074242_3656ab,ADA/USDT,crypto,H4,trend_momentum,ema_cross,adx_min=20|fast_period=10|rsi_confirm=False|slow_period=50,both,all,REJECT,38,0.131579,0.367961,-0.024398,-0.024398,-0.674675,-2.520138,-2.168008,0.038038,25.552632,-0.641453,-0.641453,-0.373572,-0.430040,0.682652,,,binance_rest
run_20260429_074242_3656ab,ADA/USDT,crypto,H4,trend_momentum,ema_cross,adx_min=20|fast_period=10|rsi_confirm=True|slow_period=50,both,all,REJECT,36,0.111111,0.280351,-0.028703,-0.028703,-0.674610,-2.957073,-2.615901,0.036036,23.750000,-0.674610,-0.674610,-0.431500,-0.430040,0.714985,,,binance_rest
run_20260429_074242_3656ab,ADA/USDT,crypto,H4,trend_momentum,ema_cross,adx_min=25|fast_period=10|rsi_confirm=False|slow_period=50,both,all,REJECT,29,0.137931,0.420441,-0.025446,-0.025446,-0.605907,-2.029416,-1.731256,0.029029,28.965517,-0.565663,-0.565663,-0.335692,-0.346181,0.609071,,,binance_rest
run_20260429_074242_3656ab,ADA/USDT,crypto,H4,trend_momentum,ema_cross,adx_min=25|fast_period=10|rsi_confirm=True|slow_period=50,both,all,REJECT,27,0.111111,0.320487,-0.031263,-0.031263,-0.605828,-2.446863,-2.149147,0.027027,26.814815,-0.605828,-0.605828,-0.397124,-0.346181,0.590183,,,binance_rest
run_20260429_074242_3656ab,ADA/USDT,crypto,H4,trend_momentum,ema_cross,adx_min=0|fast_period=10|rsi_confirm=False|slow_period=100,both,all,REJECT,27,0.148148,0.381887,-0.024232,-0.024232,-0.554060,-2.166602,-1.869679,0.027027,36.592593,-0.514075,-0.514075,-0.204700,-0.372092,0.350010,,,binance_rest
run_20260429_074242_3656ab,ADA/USDT,crypto,H4,trend_momentum,ema_cross,adx_min=0|fast_period=10|rsi_confirm=True|slow_period=100,both,all,REJECT,23,0.130435,0.300381,-0.028339,-0.028339,-0.507968,-2.344828,-2.073811,0.023023,34.478261,-0.507968,-0.507968,-0.233072,-0.340679,0.432826,,,binance_rest
run_20260429_074242_3656ab,ADA/USDT,crypto,H4,trend_momentum,ema_cross,adx_min=20|fast_period=10|rsi_confirm=False|slow_period=100,both,all,REJECT,27,0.148148,0.381887,-0.024232,-0.024232,-0.554060,-2.166602,-1.869679,0.027027,36.592593,-0.514075,-0.514075,-0.204700,-0.372092,0.350010,,,binance_rest
run_20260429_074242_3656ab,ADA/USDT,crypto,H4,trend_momentum,ema_cross,adx_min=20|fast_period=10|rsi_confirm=True|slow_period=100,both,all,REJECT,23,0.130435,0.300381,-0.028339,-0.028339,-0.507968,-2.344828,-2.073811,0.023023,34.478261,-0.507968,-0.507968,-0.233072,-0.340679,0.439493,,,binance_rest
run_20260429_074242_3656ab,ADA/USDT,crypto,H4,trend_momentum,ema_cross,adx_min=25|fast_period=10|rsi_confirm=False|slow_period=100,both,all,REJECT,21,0.190476,0.459903,-0.022605,-0.022605,-0.464761,-1.604951,-1.360364,0.021021,44.047619,-0.416769,-0.416769,-0.204700,-0.246353,0.504954,,,binance_rest
run_20260429_074242_3656ab,ADA/USDT,crypto,H4,trend_momentum,ema_cross,adx_min=25|fast_period=10|rsi_confirm=True|slow_period=100,both,all,NEEDS_MORE_DATA,17,,,,,,,,,,,,,,1.000000,,only 17 trades < min 20,binance_rest
run_20260429_074242_3656ab,ADA/USDT,crypto,H4,trend_momentum,ema_cross,adx_min=0|fast_period=10|rsi_confirm=False|slow_period=200,both,all,NEEDS_MORE_DATA,13,,,,,,,,,,,,,,,,only 13 trades < min 20,binance_rest
run_20260429_074242_3656ab,ADA/USDT,crypto,H4,trend_momentum,ema_cross,adx_min=0|fast_period=10|rsi_confirm=True|slow_period=200,both,all,NEEDS_MORE_DATA,11,,,,,,,,,,,,,,,,only 11 trades < min 20,binance_rest
run_20260429_074242_3656ab,ADA/USDT,crypto,H4,trend_momentum,ema_cross,adx_min=20|fast_period=10|rsi_confirm=False|slow_period=200,both,all,NEEDS_MORE_DATA,12,,,,,,,,,,,,,,,,only 12 trades < min 20,binance_rest
run_20260429_074242_3656ab,ADA/USDT,crypto,H4,trend_momentum,ema_cross,adx_min=20|fast_period=10|rsi_confirm=True|slow_period=200,both,all,NEEDS_MORE_DATA,10,,,,,,,,,,,,,,,,only 10 trades < min 20,binance_rest
run_20260429_074242_3656ab,ADA/USDT,crypto,H4,trend_momentum,ema_cross,adx_min=25|fast_period=10|rsi_confirm=False|slow_period=200,both,all,NEEDS_MORE_DATA,10,,,,,,,,,,,,,,,,only 10 trades < min 20,binance_rest
run_20260429_074242_3656ab,ADA/USDT,crypto,H4,trend_momentum,ema_cross,adx_min=25|fast_period=10|rsi_confirm=True|slow_period=200,both,all,NEEDS_MORE_DATA,8,,,,,,,,,,,,,,,,only 8 trades < min 20,binance_rest
run_20260429_074242_3656ab,ADA/USDT,crypto,H4,trend_momentum,ema_cross,adx_min=0|fast_period=20|rsi_confirm=False|slow_period=50,both,all,REJECT,35,0.114286,0.288692,-0.030769,-0.030769,-0.715017,-3.180447,-2.864086,0.035035,28.257143,-0.687098,-0.687098,-0.465955,-0.410755,0.574460,,,binance_rest
run_20260429_074242_3656ab,ADA/USDT,crypto,H4,trend_momentum,ema_cross,adx_min=0|fast_period=20|rsi_confirm=True|slow_period=50,both,all,REJECT,33,0.090909,0.205094,-0.035722,-0.035722,-0.714960,-3.687979,-3.495038,0.033033,26.363636,-0.714960,-0.714960,-0.513508,-0.410755,0.537970,,,binance_rest
run_20260429_074242_3656ab,ADA/USDT,crypto,H4,trend_momentum,ema_cross,adx_min=20|fast_period=20|rsi_confirm=False|slow_period=50,both,all,REJECT,33,0.121212,0.310024,-0.029477,-0.029477,-0.682837,-2.917012,-2.595933,0.033033,29.272727,-0.651766,-0.651766,-0.405652,-0.410755,0.594226,,,binance_rest
run_20260429_074242_3656ab,ADA/USDT,crypto,H4,trend_momentum,ema_cross,adx_min=20|fast_period=20|rsi_confirm=True|slow_period=50,both,all,REJECT,31,0.096774,0.220589,-0.034666,-0.034666,-0.682774,-3.420059,-3.194238,0.031031,27.322581,-0.682774,-0.682774,-0.458574,-0.410755,0.554717,,,binance_rest
run_20260429_074242_3656ab,ADA/USDT,crypto,H4,trend_momentum,ema_cross,adx_min=25|fast_period=20|rsi_confirm=False|slow_period=50,both,all,REJECT,26,0.153846,0.372624,-0.028304,-0.028304,-0.595512,-2.288289,-1.994842,0.026026,32.230769,-0.555885,-0.555885,-0.347045,-0.319839,0.532482,,,binance_rest
run_20260429_074242_3656ab,ADA/USDT,crypto,H4,trend_momentum,ema_cross,adx_min=25|fast_period=20|rsi_confirm=True|slow_period=50,both,all,REJECT,24,0.125000,0.266342,-0.034908,-0.034908,-0.595431,-2.777529,-2.537349,0.024024,29.958333,-0.595431,-0.595431,-0.405186,-0.319839,0.480809,,,binance_rest
run_20260429_074242_3656ab,ADA/USDT,crypto,H4,trend_momentum,ema_cross,adx_min=0|fast_period=20|rsi_confirm=False|slow_period=100,both,all,NEEDS_MORE_DATA,19,,,,,,,,,,,,,,,,only 19 trades < min 20,binance_rest
run_20260429_074242_3656ab,ADA/USDT,crypto,H4,trend_momentum,ema_cross,adx_min=0|fast_period=20|rsi_confirm=True|slow_period=100,both,all,NEEDS_MORE_DATA,17,,,,,,,,,,,,,,,,only 17 trades < min 20,binance_rest
run_20260429_074242_3656ab,ADA/USDT,crypto,H4,trend_momentum,ema_cross,adx_min=20|fast_period=20|rsi_confirm=False|slow_period=100,both,all,NEEDS_MORE_DATA,19,,,,,,,,,,,,,,,,only 19 trades < min 20,binance_rest
run_20260429_074242_3656ab,ADA/USDT,crypto,H4,trend_momentum,ema_cross,adx_min=20|fast_period=20|rsi_confirm=True|slow_period=100,both,all,NEEDS_MORE_DATA,17,,,,,,,,,,,,,,,,only 17 trades < min 20,binance_rest
run_20260429_074242_3656ab,ADA/USDT,crypto,H4,trend_momentum,ema_cross,adx_min=25|fast_period=20|rsi_confirm=False|slow_period=100,both,all,NEEDS_MORE_DATA,14,,,,,,,,,,,,,,,,only 14 trades < min 20,binance_rest
run_20260429_074242_3656ab,ADA/USDT,crypto,H4,trend_momentum,ema_cross,adx_min=25|fast_period=20|rsi_confirm=True|slow_period=100,both,all,NEEDS_MORE_DATA,12,,,,,,,,,,,,,,,,only 12 trades < min 20,binance_rest
run_20260429_074242_3656ab,ADA/USDT,crypto,H4,trend_momentum,ema_cross,adx_min=0|fast_period=20|rsi_confirm=False|slow_period=200,both,all,NEEDS_MORE_DATA,9,,,,,,,,,,,,,,,,only 9 trades < min 20,binance_rest
run_20260429_074242_3656ab,ADA/USDT,crypto,H4,trend_momentum,ema_cross,adx_min=0|fast_period=20|rsi_confirm=True|slow_period=200,both,all,NEEDS_MORE_DATA,7,,,,,,,,,,,,,,,,only 7 trades < min 20,binance_rest
run_20260429_074242_3656ab,ADA/USDT,crypto,H4,trend_momentum,ema_cross,adx_min=20|fast_period=20|rsi_confirm=False|slow_period=200,both,all,NEEDS_MORE_DATA,6,,,,,,,,,,,,,,,,only 6 trades < min 20,binance_rest
run_20260429_074242_3656ab,ADA/USDT,crypto,H4,trend_momentum,ema_cross,adx_min=20|fast_period=20|rsi_confirm=True|slow_period=200,both,all,NEEDS_MORE_DATA,4,,,,,,,,,,,,,,,,only 4 trades < min 20,binance_rest
run_20260429_074242_3656ab,ADA/USDT,crypto,H4,trend_momentum,ema_cross,adx_min=25|fast_period=20|rsi_confirm=False|slow_period=200,both,all,NEEDS_MORE_DATA,5,,,,,,,,,,,,,,,,only 5 trades < min 20,binance_rest
run_20260429_074242_3656ab,ADA/USDT,crypto,H4,trend_momentum,ema_cross,adx_min=25|fast_period=20|rsi_confirm=True|slow_period=200,both,all,NEEDS_MORE_DATA,3,,,,,,,,,,,,,,,,only 3 trades < min 20,binance_rest
run_20260429_074242_3656ab,ADA/USDT,crypto,H4,trend_momentum,ema_alignment,adx_min=0|ema_long=200|ema_mid=50|ema_short=20,both,all,REJECT,27,0.259259,0.861768,-0.003096,-0.003096,-0.344220,-0.316869,-0.258003,0.027027,16.740741,-0.124001,-0.124001,0.074496,-0.206245,0.342000,,,binance_rest
run_20260429_074242_3656ab,ADA/USDT,crypto,H4,trend_momentum,ema_alignment,adx_min=20|ema_long=200|ema_mid=50|ema_short=20,both,all,REJECT,25,0.280000,0.966186,-0.000730,-0.000730,-0.311569,-0.069993,-0.056925,0.025025,17.920000,-0.063594,-0.063594,0.148591,-0.206245,0.316667,,,binance_rest
run_20260429_074242_3656ab,ADA/USDT,crypto,H4,trend_momentum,ema_alignment,adx_min=25|ema_long=200|ema_mid=50|ema_short=20,both,all,REJECT,20,0.300000,1.079413,0.001818,0.001818,-0.297608,0.141698,0.115274,0.020020,19.700000,-0.009451,-0.009451,0.255500,-0.179770,0.248571,,,binance_rest
run_20260429_074242_3656ab,ADA/USDT,crypto,H4,trend_momentum,macd_direction,adx_min=0|fast=12|signal_period=9|slow=26,both,all,REJECT,82,0.317073,0.692299,-0.005949,-0.005949,-0.457130,-1.591525,-1.306618,0.082082,12.170732,-0.427251,-0.427251,-0.130100,-0.357187,0.440000,,,binance_rest
run_20260429_074242_3656ab,ADA/USDT,crypto,H4,trend_momentum,macd_direction,adx_min=20|fast=12|signal_period=9|slow=26,both,all,REJECT,75,0.320000,0.681283,-0.006378,-0.006378,-0.443788,-1.585881,-1.303154,0.075075,12.506667,-0.420512,-0.420512,-0.174278,-0.314964,0.497824,,,binance_rest
run_20260429_074242_3656ab,ADA/USDT,crypto,H4,pullback,pullback_ema,pullback_period=20|rsi_reclaim=False|rsi_threshold=50|trend_period=200,both,all,REJECT,71,0.211268,0.772269,-0.003089,-0.003089,-0.402300,-0.859145,-0.700942,0.071071,7.943662,-0.233637,-0.233637,0.112701,-0.311259,0.480000,,,binance_rest
run_20260429_074242_3656ab,ADA/USDT,crypto,H4,pullback,pullback_ema,pullback_period=20|rsi_reclaim=True|rsi_threshold=50|trend_period=200,both,all,REJECT,60,0.183333,0.603584,-0.005586,-0.005586,-0.390096,-1.606178,-1.324040,0.060060,7.333333,-0.307220,-0.307220,-0.031086,-0.284993,0.460000,,,binance_rest
run_20260429_074242_3656ab,ADA/USDT,crypto,H4,pullback,pullback_ema,pullback_period=50|rsi_reclaim=False|rsi_threshold=50|trend_period=200,both,all,REJECT,53,0.150943,0.726766,-0.004557,-0.004557,-0.363816,-0.828522,-0.676545,0.053053,12.245283,-0.259613,-0.259613,-0.038565,-0.255376,0.460000,,,binance_rest
run_20260429_074242_3656ab,ADA/USDT,crypto,H4,pullback,pullback_ema,pullback_period=50|rsi_reclaim=True|rsi_threshold=50|trend_period=200,both,all,REJECT,35,0.114286,0.305661,-0.013087,-0.013087,-0.419683,-2.695531,-2.353593,0.035035,10.971429,-0.380916,-0.380916,-0.232947,-0.192906,0.587005,,,binance_rest
run_20260429_074242_3656ab,ADA/USDT,crypto,H4,breakout,prev_day_hl,atr_expand_min=0.0,both,all,REJECT,53,0.339623,0.695772,-0.007985,-0.007985,-0.507430,-1.223703,-1.004101,0.053053,18.754717,-0.400645,-0.400645,-0.116828,-0.352251,0.460000,,,binance_rest
run_20260429_074242_3656ab,ADA/USDT,crypto,H4,breakout,prev_day_hl,atr_expand_min=0.5,both,all,REJECT,53,0.320755,0.613997,-0.010244,-0.010244,-0.550938,-1.638012,-1.353747,0.053053,17.943396,-0.464778,-0.464778,-0.211331,-0.352251,0.559953,,,binance_rest
run_20260429_074242_3656ab,ADA/USDT,crypto,H4,breakout,prev_day_hl,atr_expand_min=1.0,both,all,REJECT,47,0.319149,0.592202,-0.010227,-0.010227,-0.471279,-1.624896,-1.345481,0.047047,17.276596,-0.421125,-0.421125,-0.294961,-0.216319,0.662014,,,binance_rest
run_20260429_074242_3656ab,ADA/USDT,crypto,H4,breakout,session_opening_range,atr_expand_min=0.0|range_bars=6,both,all,REJECT,61,0.360656,0.822529,-0.004058,-0.004058,-0.508428,-0.709199,-0.578239,0.061061,16.245902,-0.285776,-0.285776,0.224220,-0.410058,0.440000,,,binance_rest
run_20260429_074242_3656ab,ADA/USDT,crypto,H4,breakout,session_opening_range,atr_expand_min=0.5|range_bars=6,both,all,REJECT,61,0.360656,0.822529,-0.004058,-0.004058,-0.508428,-0.709199,-0.578239,0.061061,16.245902,-0.285776,-0.285776,0.224220,-0.410058,0.440000,,,binance_rest
run_20260429_074242_3656ab,ADA/USDT,crypto,H4,breakout,session_opening_range,atr_expand_min=0.0|range_bars=12,both,all,REJECT,32,0.343750,0.769321,-0.006720,-0.006720,-0.327089,-0.757253,-0.619400,0.032032,30.312500,-0.240923,-0.240923,-0.158298,-0.156052,0.627744,,,binance_rest
run_20260429_074242_3656ab,ADA/USDT,crypto,H4,breakout,session_opening_range,atr_expand_min=0.5|range_bars=12,both,all,REJECT,32,0.343750,0.769321,-0.006720,-0.006720,-0.327089,-0.757253,-0.619400,0.032032,30.312500,-0.240923,-0.240923,-0.158298,-0.156052,0.607744,,,binance_rest
run_20260429_074242_3656ab,ADA/USDT,crypto,H4,breakout,london_breakout,atr_expand_min=0.0|utc_end=11|utc_start=7,both,all,NEEDS_MORE_DATA,16,,,,,,,,,,,,,,,,only 16 trades < min 20,binance_rest
run_20260429_074242_3656ab,ADA/USDT,crypto,H4,breakout,london_breakout,atr_expand_min=0.5|utc_end=11|utc_start=7,both,all,NEEDS_MORE_DATA,15,,,,,,,,,,,,,,,,only 15 trades < min 20,binance_rest
run_20260429_074242_3656ab,ADA/USDT,crypto,H4,breakout,ny_breakout,atr_expand_min=0.0|utc_end=16|utc_start=13,both,all,NEEDS_MORE_DATA,0,,,,,,,,,,,,,,,,only 0 trades < min 20,binance_rest
run_20260429_074242_3656ab,ADA/USDT,crypto,H4,breakout,ny_breakout,atr_expand_min=0.5|utc_end=16|utc_start=13,both,all,NEEDS_MORE_DATA,0,,,,,,,,,,,,,,,,only 0 trades < min 20,binance_rest
run_20260429_074242_3656ab,ADA/USDT,crypto,H4,mean_reversion,rsi_extreme,overbought=70|oversold=30|period=14,both,all,NEEDS_MORE_DATA,15,,,,,,,,,,,,,,,,only 15 trades < min 20,binance_rest
run_20260429_074242_3656ab,ADA/USDT,crypto,H4,mean_reversion,rsi_extreme,overbought=75|oversold=30|period=14,both,all,NEEDS_MORE_DATA,14,,,,,,,,,,,,,,,,only 14 trades < min 20,binance_rest
run_20260429_074242_3656ab,ADA/USDT,crypto,H4,mean_reversion,rsi_extreme,overbought=70|oversold=25|period=14,both,all,NEEDS_MORE_DATA,12,,,,,,,,,,,,,,,,only 12 trades < min 20,binance_rest
run_20260429_074242_3656ab,ADA/USDT,crypto,H4,mean_reversion,rsi_extreme,overbought=75|oversold=25|period=14,both,all,NEEDS_MORE_DATA,11,,,,,,,,,,,,,,,,only 11 trades < min 20,binance_rest
run_20260429_074242_3656ab,ADA/USDT,crypto,H4,mean_reversion,vwap_deviation,std_threshold=1.5,both,all,NEEDS_MORE_DATA,5,,,,,,,,,,,,,,,,only 5 trades < min 20,binance_rest
run_20260429_074242_3656ab,ADA/USDT,crypto,H4,mean_reversion,vwap_deviation,std_threshold=2.0,both,all,NEEDS_MORE_DATA,5,,,,,,,,,,,,,,,,only 5 trades < min 20,binance_rest
run_20260429_074242_3656ab,ADA/USDT,crypto,H4,engine_b_proxy,ob_bos,require_engulf=False|require_vol_expand=False|swing_period=5,both,all,REJECT,23,0.260870,0.435088,-0.028784,-0.028784,-0.570849,-1.923511,-1.652537,0.023023,40.869565,-0.528834,-0.528834,-0.354718,-0.157725,0.421394,,,binance_rest
run_20260429_074242_3656ab,ADA/USDT,crypto,H4,engine_b_proxy,ob_bos,require_engulf=False|require_vol_expand=True|swing_period=5,both,all,REJECT,22,0.227273,0.299902,-0.038126,-0.038126,-0.631237,-2.624822,-2.390426,0.022022,40.545455,-0.601007,-0.601007,-0.466066,-0.138000,0.320829,,,binance_rest
run_20260429_074242_3656ab,ADA/USDT,crypto,H4,engine_b_proxy,ob_bos,require_engulf=True|require_vol_expand=False|swing_period=5,both,all,REJECT,22,0.272727,0.437386,-0.028991,-0.028991,-0.559850,-1.863959,-1.599772,0.022022,41.272727,-0.516759,-0.516759,-0.361330,-0.127195,0.337606,,,binance_rest
run_20260429_074242_3656ab,ADA/USDT,crypto,H4,engine_b_proxy,ob_bos,require_engulf=True|require_vol_expand=True|swing_period=5,both,all,NEEDS_MORE_DATA,19,,,,,,,,,,,,,,,,only 19 trades < min 20,binance_rest
run_20260429_074242_3656ab,ADA/USDT,crypto,H4,engine_b_proxy,ob_bos,require_engulf=False|require_vol_expand=False|swing_period=10,both,all,NEEDS_MORE_DATA,10,,,,,,,,,,,,,,,,only 10 trades < min 20,binance_rest
run_20260429_074242_3656ab,ADA/USDT,crypto,H4,engine_b_proxy,ob_bos,require_engulf=False|require_vol_expand=True|swing_period=10,both,all,NEEDS_MORE_DATA,10,,,,,,,,,,,,,,,,only 10 trades < min 20,binance_rest
run_20260429_074242_3656ab,ADA/USDT,crypto,H4,engine_b_proxy,ob_bos,require_engulf=True|require_vol_expand=False|swing_period=10,both,all,NEEDS_MORE_DATA,9,,,,,,,,,,,,,,,,only 9 trades < min 20,binance_rest
run_20260429_074242_3656ab,ADA/USDT,crypto,H4,engine_b_proxy,ob_bos,require_engulf=True|require_vol_expand=True|swing_period=10,both,all,NEEDS_MORE_DATA,9,,,,,,,,,,,,,,,,only 9 trades < min 20,binance_rest
run_20260429_074242_3656ab,ADA/USDT,crypto,H4,engine_b_proxy,structure_filters,fvg_detection=False|strong_close_pct=0.7,both,all,REJECT,292,0.342466,0.952884,-0.000486,-0.000486,-0.537406,-0.363886,-0.295962,0.292292,3.277397,-0.224290,-0.224290,-0.350223,0.193809,0.440000,,,binance_rest
run_20260429_074242_3656ab,ADA/USDT,crypto,H4,engine_b_proxy,structure_filters,fvg_detection=True|strong_close_pct=0.7,both,all,REJECT,32,0.312500,0.782707,-0.005298,-0.005298,-0.441784,-0.643004,-0.525099,0.032032,11.750000,-0.197991,-0.197991,0.067402,-0.248635,0.352000,,,binance_rest
run_20260429_074242_3656ab,ADA/USDT,crypto,H4,engine_b_proxy,structure_filters,fvg_detection=True|strong_close_pct=0.8,both,all,REJECT,22,0.409091,0.955589,-0.001182,-0.001182,-0.319267,-0.107227,-0.087217,0.022022,14.727273,-0.067191,-0.067191,0.075956,-0.133041,0.232000,,,binance_rest
run_20260429_074242_3656ab,SOL/USDT,crypto,D1,trend_momentum,ema_cross,adx_min=25|fast_period=10|rsi_confirm=False|slow_period=50,both,all,REJECT,20,0.150000,2.389871,0.151201,0.151201,-0.836173,0.313561,0.630685,0.020020,36.900000,-0.237474,-0.237474,-0.125819,0.015603,0.264444,,,binance_rest
run_20260429_074242_3656ab,SOL/USDT,crypto,D1,trend_momentum,ema_cross,adx_min=25|fast_period=10|rsi_confirm=True|slow_period=50,both,all,NEEDS_MORE_DATA,19,,,,,,,,,,,,,,1.000000,,only 19 trades < min 20,binance_rest
run_20260429_074242_3656ab,SOL/USDT,crypto,D1,trend_momentum,ema_cross,adx_min=25|fast_period=10|rsi_confirm=True|slow_period=100,both,all,NEEDS_MORE_DATA,19,,,,,,,,,,,,,,1.000000,,only 19 trades < min 20,binance_rest
run_20260429_074242_3656ab,SOL/USDT,crypto,D1,trend_momentum,ema_cross,adx_min=0|fast_period=10|rsi_confirm=False|slow_period=200,both,all,NEEDS_MORE_DATA,10,,,,,,,,,,,,,,,,only 10 trades < min 20,binance_rest
run_20260429_074242_3656ab,SOL/USDT,crypto,D1,trend_momentum,ema_cross,adx_min=0|fast_period=10|rsi_confirm=True|slow_period=200,both,all,NEEDS_MORE_DATA,9,,,,,,,,,,,,,,,,only 9 trades < min 20,binance_rest
run_20260429_074242_3656ab,SOL/USDT,crypto,D1,trend_momentum,ema_cross,adx_min=20|fast_period=10|rsi_confirm=False|slow_period=200,both,all,NEEDS_MORE_DATA,10,,,,,,,,,,,,,,,,only 10 trades < min 20,binance_rest
run_20260429_074242_3656ab,SOL/USDT,crypto,D1,trend_momentum,ema_cross,adx_min=20|fast_period=10|rsi_confirm=True|slow_period=200,both,all,NEEDS_MORE_DATA,9,,,,,,,,,,,,,,,,only 9 trades < min 20,binance_rest
run_20260429_074242_3656ab,SOL/USDT,crypto,D1,trend_momentum,ema_cross,adx_min=25|fast_period=10|rsi_confirm=False|slow_period=200,both,all,NEEDS_MORE_DATA,10,,,,,,,,,,,,,,,,only 10 trades < min 20,binance_rest
run_20260429_074242_3656ab,SOL/USDT,crypto,D1,trend_momentum,ema_cross,adx_min=25|fast_period=10|rsi_confirm=True|slow_period=200,both,all,NEEDS_MORE_DATA,9,,,,,,,,,,,,,,,,only 9 trades < min 20,binance_rest
run_20260429_074242_3656ab,SOL/USDT,crypto,D1,trend_momentum,ema_cross,adx_min=0|fast_period=20|rsi_confirm=False|slow_period=50,both,all,NEEDS_MORE_DATA,18,,,,,,,,,,,,,,1.000000,,only 18 trades < min 20,binance_rest
run_20260429_074242_3656ab,SOL/USDT,crypto,D1,trend_momentum,ema_cross,adx_min=0|fast_period=20|rsi_confirm=True|slow_period=50,both,all,NEEDS_MORE_DATA,17,,,,,,,,,,,,,,1.000000,,only 17 trades < min 20,binance_rest
run_20260429_074242_3656ab,SOL/USDT,crypto,D1,trend_momentum,ema_cross,adx_min=20|fast_period=20|rsi_confirm=False|slow_period=50,both,all,NEEDS_MORE_DATA,18,,,,,,,,,,,,,,1.000000,,only 18 trades < min 20,binance_rest
run_20260429_074242_3656ab,SOL/USDT,crypto,D1,trend_momentum,ema_cross,adx_min=20|fast_period=20|rsi_confirm=True|slow_period=50,both,all,NEEDS_MORE_DATA,17,,,,,,,,,,,,,,1.000000,,only 17 trades < min 20,binance_rest
run_20260429_074242_3656ab,SOL/USDT,crypto,D1,trend_momentum,ema_cross,adx_min=25|fast_period=20|rsi_confirm=False|slow_period=50,both,all,NEEDS_MORE_DATA,17,,,,,,,,,,,,,,1.000000,,only 17 trades < min 20,binance_rest
run_20260429_074242_3656ab,SOL/USDT,crypto,D1,trend_momentum,ema_cross,adx_min=25|fast_period=20|rsi_confirm=True|slow_period=50,both,all,NEEDS_MORE_DATA,16,,,,,,,,,,,,,,1.000000,,only 16 trades < min 20,binance_rest
run_20260429_074242_3656ab,SOL/USDT,crypto,D1,trend_momentum,ema_cross,adx_min=0|fast_period=20|rsi_confirm=False|slow_period=100,both,all,NEEDS_MORE_DATA,14,,,,,,,,,,,,,,,,only 14 trades < min 20,binance_rest
run_20260429_074242_3656ab,SOL/USDT,crypto,D1,trend_momentum,ema_cross,adx_min=0|fast_period=20|rsi_confirm=True|slow_period=100,both,all,NEEDS_MORE_DATA,13,,,,,,,,,,,,,,,,only 13 trades < min 20,binance_rest
run_20260429_074242_3656ab,SOL/USDT,crypto,D1,trend_momentum,ema_cross,adx_min=20|fast_period=20|rsi_confirm=False|slow_period=100,both,all,NEEDS_MORE_DATA,14,,,,,,,,,,,,,,,,only 14 trades < min 20,binance_rest
run_20260429_074242_3656ab,SOL/USDT,crypto,D1,trend_momentum,ema_cross,adx_min=20|fast_period=20|rsi_confirm=True|slow_period=100,both,all,NEEDS_MORE_DATA,13,,,,,,,,,,,,,,,,only 13 trades < min 20,binance_rest
run_20260429_074242_3656ab,SOL/USDT,crypto,D1,trend_momentum,ema_cross,adx_min=25|fast_period=20|rsi_confirm=False|slow_period=100,both,all,NEEDS_MORE_DATA,14,,,,,,,,,,,,,,,,only 14 trades < min 20,binance_rest
run_20260429_074242_3656ab,SOL/USDT,crypto,D1,trend_momentum,ema_cross,adx_min=25|fast_period=20|rsi_confirm=True|slow_period=100,both,all,NEEDS_MORE_DATA,13,,,,,,,,,,,,,,,,only 13 trades < min 20,binance_rest
run_20260429_074242_3656ab,SOL/USDT,crypto,D1,trend_momentum,ema_cross,adx_min=0|fast_period=20|rsi_confirm=False|slow_period=200,both,all,NEEDS_MORE_DATA,10,,,,,,,,,,,,,,,,only 10 trades < min 20,binance_rest
run_20260429_074242_3656ab,SOL/USDT,crypto,D1,trend_momentum,ema_cross,adx_min=0|fast_period=20|rsi_confirm=True|slow_period=200,both,all,NEEDS_MORE_DATA,9,,,,,,,,,,,,,,,,only 9 trades < min 20,binance_rest
run_20260429_074242_3656ab,SOL/USDT,crypto,D1,trend_momentum,ema_cross,adx_min=20|fast_period=20|rsi_confirm=False|slow_period=200,both,all,NEEDS_MORE_DATA,10,,,,,,,,,,,,,,,,only 10 trades < min 20,binance_rest
run_20260429_074242_3656ab,SOL/USDT,crypto,D1,trend_momentum,ema_cross,adx_min=20|fast_period=20|rsi_confirm=True|slow_period=200,both,all,NEEDS_MORE_DATA,9,,,,,,,,,,,,,,,,only 9 trades < min 20,binance_rest
run_20260429_074242_3656ab,SOL/USDT,crypto,D1,trend_momentum,ema_cross,adx_min=25|fast_period=20|rsi_confirm=False|slow_period=200,both,all,NEEDS_MORE_DATA,10,,,,,,,,,,,,,,,,only 10 trades < min 20,binance_rest
run_20260429_074242_3656ab,SOL/USDT,crypto,D1,trend_momentum,ema_cross,adx_min=25|fast_period=20|rsi_confirm=True|slow_period=200,both,all,NEEDS_MORE_DATA,9,,,,,,,,,,,,,,,,only 9 trades < min 20,binance_rest
run_20260429_074242_3656ab,SOL/USDT,crypto,D1,trend_momentum,ema_alignment,adx_min=20|ema_long=200|ema_mid=50|ema_short=20,both,all,NEEDS_MORE_DATA,19,,,,,,,,,,,,,,1.000000,,only 19 trades < min 20,binance_rest
run_20260429_074242_3656ab,SOL/USDT,crypto,D1,trend_momentum,ema_alignment,adx_min=25|ema_long=200|ema_mid=50|ema_short=20,both,all,NEEDS_MORE_DATA,18,,,,,,,,,,,,,,1.000000,,only 18 trades < min 20,binance_rest
run_20260429_074242_3656ab,SOL/USDT,crypto,D1,pullback,pullback_ema,pullback_period=50|rsi_reclaim=True|rsi_threshold=50|trend_period=200,both,all,REJECT,21,0.190476,0.864766,-0.004423,-0.004423,-0.274409,-0.095965,-0.191329,0.021021,11.619048,-0.176211,-0.176211,0.026987,-0.172993,0.254571,,,binance_rest
run_20260429_074242_3656ab,SOL/USDT,crypto,D1,breakout,prev_day_hl,atr_expand_min=0.0,both,all,REJECT,185,0.356757,1.164000,0.005529,0.005529,-0.723493,0.306196,0.610457,0.185185,5.378378,-0.069491,-0.069491,0.118825,-0.137128,0.460000,,,binance_rest
run_20260429_074242_3656ab,SOL/USDT,crypto,D1,breakout,prev_day_hl,atr_expand_min=0.5,both,all,REJECT,180,0.355556,1.140187,0.004812,0.004812,-0.713400,0.260602,0.519452,0.180180,5.366667,-0.193878,-0.193878,-0.044577,-0.124627,0.460000,,,binance_rest
run_20260429_074242_3656ab,SOL/USDT,crypto,D1,breakout,prev_day_hl,atr_expand_min=1.0,both,all,REJECT,118,0.355932,1.131434,0.004865,0.004865,-0.715608,0.187407,0.373519,0.118118,5.737288,-0.265621,-0.265621,-0.360356,0.190921,0.460000,,,binance_rest
run_20260429_074242_3656ab,SOL/USDT,crypto,D1,breakout,session_opening_range,atr_expand_min=0.0|range_bars=6,both,all,REJECT,61,0.377049,1.072214,0.004688,0.004688,-0.829979,0.088135,0.175612,0.061061,15.983607,-0.519485,-0.519485,-0.150634,-0.456958,0.440000,,,binance_rest
run_20260429_074242_3656ab,SOL/USDT,crypto,D1,breakout,session_opening_range,atr_expand_min=0.5|range_bars=6,both,all,REJECT,61,0.360656,1.049745,0.003253,0.003253,-0.829979,0.061180,0.121888,0.061061,15.786885,-0.559214,-0.559214,-0.220860,-0.456958,0.440000,,,binance_rest
run_20260429_074242_3656ab,SOL/USDT,crypto,D1,breakout,london_breakout,atr_expand_min=0.0|utc_end=11|utc_start=7,both,all,REJECT,0,,,,,,,,,,,,,,,,session_strategy_requires_intraday_data,binance_rest
run_20260429_074242_3656ab,SOL/USDT,crypto,D1,breakout,london_breakout,atr_expand_min=0.5|utc_end=11|utc_start=7,both,all,REJECT,0,,,,,,,,,,,,,,,,session_strategy_requires_intraday_data,binance_rest
run_20260429_074242_3656ab,SOL/USDT,crypto,D1,breakout,ny_breakout,atr_expand_min=0.0|utc_end=16|utc_start=13,both,all,REJECT,0,,,,,,,,,,,,,,,,session_strategy_requires_intraday_data,binance_rest
run_20260429_074242_3656ab,SOL/USDT,crypto,D1,breakout,ny_breakout,atr_expand_min=0.5|utc_end=16|utc_start=13,both,all,REJECT,0,,,,,,,,,,,,,,,,session_strategy_requires_intraday_data,binance_rest
run_20260429_074242_3656ab,SOL/USDT,crypto,D1,mean_reversion,rsi_extreme,overbought=70|oversold=30|period=14,both,all,NEEDS_MORE_DATA,16,,,,,,,,,,,,,,,,only 16 trades < min 20,binance_rest
run_20260429_074242_3656ab,SOL/USDT,crypto,D1,mean_reversion,rsi_extreme,overbought=75|oversold=30|period=14,both,all,NEEDS_MORE_DATA,11,,,,,,,,,,,,,,,,only 11 trades < min 20,binance_rest
run_20260429_074242_3656ab,SOL/USDT,crypto,D1,mean_reversion,rsi_extreme,overbought=70|oversold=25|period=14,both,all,NEEDS_MORE_DATA,14,,,,,,,,,,,,,,,,only 14 trades < min 20,binance_rest
run_20260429_074242_3656ab,SOL/USDT,crypto,D1,mean_reversion,rsi_extreme,overbought=75|oversold=25|period=14,both,all,NEEDS_MORE_DATA,9,,,,,,,,,,,,,,,,only 9 trades < min 20,binance_rest
run_20260429_074242_3656ab,SOL/USDT,crypto,D1,mean_reversion,bollinger_touch,num_std=2.0|period=20,both,all,REJECT,35,0.571429,0.476734,-0.048341,-0.048341,-1.211237,-0.565466,-1.146672,0.035035,16.685714,-1.078156,-1.078156,-1.084348,-0.073410,0.430310,,,binance_rest
run_20260429_074242_3656ab,SOL/USDT,crypto,D1,mean_reversion,bollinger_touch,num_std=2.5|period=20,both,all,REJECT,21,0.666667,0.482595,-0.056682,-0.056682,-1.039409,-0.467232,-0.950132,0.021021,16.571429,-1.023983,-1.023983,-1.020341,0.179045,0.351000,,,binance_rest
run_20260429_074242_3656ab,SOL/USDT,crypto,D1,mean_reversion,vwap_deviation,std_threshold=1.5,both,all,NEEDS_MORE_DATA,6,,,,,,,,,,,,,,,,only 6 trades < min 20,binance_rest
run_20260429_074242_3656ab,SOL/USDT,crypto,D1,mean_reversion,vwap_deviation,std_threshold=2.0,both,all,NEEDS_MORE_DATA,5,,,,,,,,,,,,,,,,only 5 trades < min 20,binance_rest
run_20260429_074242_3656ab,SOL/USDT,crypto,D1,engine_b_proxy,ob_bos,require_engulf=False|require_vol_expand=False|swing_period=5,both,all,NEEDS_MORE_DATA,16,,,,,,,,,,,,,,1.000000,,only 16 trades < min 20,binance_rest
run_20260429_074242_3656ab,SOL/USDT,crypto,D1,engine_b_proxy,ob_bos,require_engulf=False|require_vol_expand=True|swing_period=5,both,all,NEEDS_MORE_DATA,15,,,,,,,,,,,,,,1.000000,,only 15 trades < min 20,binance_rest
run_20260429_074242_3656ab,SOL/USDT,crypto,D1,engine_b_proxy,ob_bos,require_engulf=True|require_vol_expand=False|swing_period=5,both,all,NEEDS_MORE_DATA,16,,,,,,,,,,,,,,1.000000,,only 16 trades < min 20,binance_rest
run_20260429_074242_3656ab,SOL/USDT,crypto,D1,engine_b_proxy,ob_bos,require_engulf=True|require_vol_expand=True|swing_period=5,both,all,NEEDS_MORE_DATA,15,,,,,,,,,,,,,,,,only 15 trades < min 20,binance_rest
run_20260429_074242_3656ab,SOL/USDT,crypto,D1,engine_b_proxy,ob_bos,require_engulf=False|require_vol_expand=False|swing_period=10,both,all,NEEDS_MORE_DATA,6,,,,,,,,,,,,,,,,only 6 trades < min 20,binance_rest
run_20260429_074242_3656ab,SOL/USDT,crypto,D1,engine_b_proxy,ob_bos,require_engulf=False|require_vol_expand=True|swing_period=10,both,all,NEEDS_MORE_DATA,6,,,,,,,,,,,,,,,,only 6 trades < min 20,binance_rest
run_20260429_074242_3656ab,SOL/USDT,crypto,D1,engine_b_proxy,ob_bos,require_engulf=True|require_vol_expand=False|swing_period=10,both,all,NEEDS_MORE_DATA,6,,,,,,,,,,,,,,,,only 6 trades < min 20,binance_rest
run_20260429_074242_3656ab,SOL/USDT,crypto,D1,engine_b_proxy,ob_bos,require_engulf=True|require_vol_expand=True|swing_period=10,both,all,NEEDS_MORE_DATA,6,,,,,,,,,,,,,,,,only 6 trades < min 20,binance_rest
run_20260429_074242_3656ab,SOL/USDT,crypto,D1,engine_b_proxy,structure_filters,fvg_detection=False|strong_close_pct=0.8,both,all,REJECT,230,0.373913,1.005671,0.000168,0.000168,-0.832150,0.013166,0.026228,0.230230,4.008696,-0.576055,-0.576055,-0.075897,-0.541236,0.460000,,,binance_rest
run_20260429_074242_3656ab,SOL/USDT,crypto,D1,engine_b_proxy,structure_filters,fvg_detection=True|strong_close_pct=0.8,both,all,REJECT,25,0.320000,1.123241,0.006359,0.006359,-0.545532,0.106210,0.211760,0.025025,12.120000,-0.080945,-0.080945,-0.272100,0.262613,0.250000,,,binance_rest
run_20260429_074242_3656ab,BNB/USDT,crypto,D1,trend_momentum,ema_cross,adx_min=25|fast_period=10|rsi_confirm=False|slow_period=50,both,all,NEEDS_MORE_DATA,19,,,,,,,,,,,,,,1.000000,,only 19 trades < min 20,binance_rest
run_20260429_074242_3656ab,BNB/USDT,crypto,D1,trend_momentum,ema_cross,adx_min=25|fast_period=10|rsi_confirm=True|slow_period=50,both,all,NEEDS_MORE_DATA,16,,,,,,,,,,,,,,1.000000,,only 16 trades < min 20,binance_rest
run_20260429_074242_3656ab,BNB/USDT,crypto,D1,trend_momentum,ema_cross,adx_min=0|fast_period=10|rsi_confirm=False|slow_period=100,both,all,NEEDS_MORE_DATA,15,,,,,,,,,,,,,,1.000000,,only 15 trades < min 20,binance_rest
run_20260429_074242_3656ab,BNB/USDT,crypto,D1,trend_momentum,ema_cross,adx_min=0|fast_period=10|rsi_confirm=True|slow_period=100,both,all,NEEDS_MORE_DATA,13,,,,,,,,,,,,,,1.000000,,only 13 trades < min 20,binance_rest
run_20260429_074242_3656ab,BNB/USDT,crypto,D1,trend_momentum,ema_cross,adx_min=20|fast_period=10|rsi_confirm=False|slow_period=100,both,all,NEEDS_MORE_DATA,15,,,,,,,,,,,,,,1.000000,,only 15 trades < min 20,binance_rest
run_20260429_074242_3656ab,BNB/USDT,crypto,D1,trend_momentum,ema_cross,adx_min=20|fast_period=10|rsi_confirm=True|slow_period=100,both,all,NEEDS_MORE_DATA,13,,,,,,,,,,,,,,1.000000,,only 13 trades < min 20,binance_rest
run_20260429_074242_3656ab,BNB/USDT,crypto,D1,trend_momentum,ema_cross,adx_min=25|fast_period=10|rsi_confirm=False|slow_period=100,both,all,NEEDS_MORE_DATA,15,,,,,,,,,,,,,,1.000000,,only 15 trades < min 20,binance_rest
run_20260429_074242_3656ab,BNB/USDT,crypto,D1,trend_momentum,ema_cross,adx_min=25|fast_period=10|rsi_confirm=True|slow_period=100,both,all,NEEDS_MORE_DATA,13,,,,,,,,,,,,,,1.000000,,only 13 trades < min 20,binance_rest
run_20260429_074242_3656ab,BNB/USDT,crypto,D1,trend_momentum,ema_cross,adx_min=0|fast_period=10|rsi_confirm=False|slow_period=200,both,all,NEEDS_MORE_DATA,19,,,,,,,,,,,,,,,,only 19 trades < min 20,binance_rest
run_20260429_074242_3656ab,BNB/USDT,crypto,D1,trend_momentum,ema_cross,adx_min=0|fast_period=10|rsi_confirm=True|slow_period=200,both,all,NEEDS_MORE_DATA,14,,,,,,,,,,,,,,,,only 14 trades < min 20,binance_rest
run_20260429_074242_3656ab,BNB/USDT,crypto,D1,trend_momentum,ema_cross,adx_min=20|fast_period=10|rsi_confirm=False|slow_period=200,both,all,NEEDS_MORE_DATA,19,,,,,,,,,,,,,,,,only 19 trades < min 20,binance_rest
run_20260429_074242_3656ab,BNB/USDT,crypto,D1,trend_momentum,ema_cross,adx_min=20|fast_period=10|rsi_confirm=True|slow_period=200,both,all,NEEDS_MORE_DATA,14,,,,,,,,,,,,,,,,only 14 trades < min 20,binance_rest
run_20260429_074242_3656ab,BNB/USDT,crypto,D1,trend_momentum,ema_cross,adx_min=25|fast_period=10|rsi_confirm=False|slow_period=200,both,all,NEEDS_MORE_DATA,15,,,,,,,,,,,,,,,,only 15 trades < min 20,binance_rest
run_20260429_074242_3656ab,BNB/USDT,crypto,D1,trend_momentum,ema_cross,adx_min=25|fast_period=10|rsi_confirm=True|slow_period=200,both,all,NEEDS_MORE_DATA,11,,,,,,,,,,,,,,,,only 11 trades < min 20,binance_rest
run_20260429_074242_3656ab,BNB/USDT,crypto,D1,trend_momentum,ema_cross,adx_min=0|fast_period=20|rsi_confirm=False|slow_period=50,both,all,NEEDS_MORE_DATA,11,,,,,,,,,,,,,,1.000000,,only 11 trades < min 20,binance_rest
run_20260429_074242_3656ab,BNB/USDT,crypto,D1,trend_momentum,ema_cross,adx_min=0|fast_period=20|rsi_confirm=True|slow_period=50,both,all,NEEDS_MORE_DATA,9,,,,,,,,,,,,,,1.000000,,only 9 trades < min 20,binance_rest
run_20260429_074242_3656ab,BNB/USDT,crypto,D1,trend_momentum,ema_cross,adx_min=20|fast_period=20|rsi_confirm=False|slow_period=50,both,all,NEEDS_MORE_DATA,11,,,,,,,,,,,,,,1.000000,,only 11 trades < min 20,binance_rest
run_20260429_074242_3656ab,BNB/USDT,crypto,D1,trend_momentum,ema_cross,adx_min=20|fast_period=20|rsi_confirm=True|slow_period=50,both,all,NEEDS_MORE_DATA,9,,,,,,,,,,,,,,1.000000,,only 9 trades < min 20,binance_rest
run_20260429_074242_3656ab,BNB/USDT,crypto,D1,trend_momentum,ema_cross,adx_min=25|fast_period=20|rsi_confirm=False|slow_period=50,both,all,NEEDS_MORE_DATA,11,,,,,,,,,,,,,,1.000000,,only 11 trades < min 20,binance_rest
run_20260429_074242_3656ab,BNB/USDT,crypto,D1,trend_momentum,ema_cross,adx_min=25|fast_period=20|rsi_confirm=True|slow_period=50,both,all,NEEDS_MORE_DATA,9,,,,,,,,,,,,,,1.000000,,only 9 trades < min 20,binance_rest
run_20260429_074242_3656ab,BNB/USDT,crypto,D1,trend_momentum,ema_cross,adx_min=0|fast_period=20|rsi_confirm=False|slow_period=100,both,all,NEEDS_MORE_DATA,9,,,,,,,,,,,,,,,,only 9 trades < min 20,binance_rest
run_20260429_074242_3656ab,BNB/USDT,crypto,D1,trend_momentum,ema_cross,adx_min=0|fast_period=20|rsi_confirm=True|slow_period=100,both,all,NEEDS_MORE_DATA,7,,,,,,,,,,,,,,,,only 7 trades < min 20,binance_rest
run_20260429_074242_3656ab,BNB/USDT,crypto,D1,trend_momentum,ema_cross,adx_min=20|fast_period=20|rsi_confirm=False|slow_period=100,both,all,NEEDS_MORE_DATA,9,,,,,,,,,,,,,,,,only 9 trades < min 20,binance_rest
run_20260429_074242_3656ab,BNB/USDT,crypto,D1,trend_momentum,ema_cross,adx_min=20|fast_period=20|rsi_confirm=True|slow_period=100,both,all,NEEDS_MORE_DATA,7,,,,,,,,,,,,,,,,only 7 trades < min 20,binance_rest
run_20260429_074242_3656ab,BNB/USDT,crypto,D1,trend_momentum,ema_cross,adx_min=25|fast_period=20|rsi_confirm=False|slow_period=100,both,all,NEEDS_MORE_DATA,9,,,,,,,,,,,,,,,,only 9 trades < min 20,binance_rest
run_20260429_074242_3656ab,BNB/USDT,crypto,D1,trend_momentum,ema_cross,adx_min=25|fast_period=20|rsi_confirm=True|slow_period=100,both,all,NEEDS_MORE_DATA,7,,,,,,,,,,,,,,,,only 7 trades < min 20,binance_rest
run_20260429_074242_3656ab,BNB/USDT,crypto,D1,trend_momentum,ema_cross,adx_min=0|fast_period=20|rsi_confirm=False|slow_period=200,both,all,NEEDS_MORE_DATA,7,,,,,,,,,,,,,,,,only 7 trades < min 20,binance_rest
run_20260429_074242_3656ab,BNB/USDT,crypto,D1,trend_momentum,ema_cross,adx_min=0|fast_period=20|rsi_confirm=True|slow_period=200,both,all,NEEDS_MORE_DATA,5,,,,,,,,,,,,,,,,only 5 trades < min 20,binance_rest
run_20260429_074242_3656ab,BNB/USDT,crypto,D1,trend_momentum,ema_cross,adx_min=20|fast_period=20|rsi_confirm=False|slow_period=200,both,all,NEEDS_MORE_DATA,7,,,,,,,,,,,,,,,,only 7 trades < min 20,binance_rest
run_20260429_074242_3656ab,BNB/USDT,crypto,D1,trend_momentum,ema_cross,adx_min=20|fast_period=20|rsi_confirm=True|slow_period=200,both,all,NEEDS_MORE_DATA,5,,,,,,,,,,,,,,,,only 5 trades < min 20,binance_rest
run_20260429_074242_3656ab,BNB/USDT,crypto,D1,trend_momentum,ema_cross,adx_min=25|fast_period=20|rsi_confirm=False|slow_period=200,both,all,NEEDS_MORE_DATA,7,,,,,,,,,,,,,,,,only 7 trades < min 20,binance_rest
run_20260429_074242_3656ab,BNB/USDT,crypto,D1,trend_momentum,ema_cross,adx_min=25|fast_period=20|rsi_confirm=True|slow_period=200,both,all,NEEDS_MORE_DATA,5,,,,,,,,,,,,,,,,only 5 trades < min 20,binance_rest
run_20260429_074242_3656ab,BNB/USDT,crypto,D1,trend_momentum,ema_alignment,adx_min=25|ema_long=200|ema_mid=50|ema_short=20,both,all,NEEDS_MORE_DATA,16,,,,,,,,,,,,,,1.000000,,only 16 trades < min 20,binance_rest
run_20260429_074242_3656ab,BNB/USDT,crypto,D1,pullback,pullback_ema,pullback_period=50|rsi_reclaim=True|rsi_threshold=50|trend_period=200,both,all,NEEDS_MORE_DATA,18,,,,,,,,,,,,,,1.000000,,only 18 trades < min 20,binance_rest
run_20260429_074242_3656ab,BNB/USDT,crypto,D1,breakout,prev_day_hl,atr_expand_min=1.0,both,all,REJECT,112,0.366071,1.004925,0.000115,0.000115,-0.505989,0.009294,0.018514,0.112112,5.750000,-0.194045,-0.194045,-0.413032,0.389428,0.460000,,,binance_rest
run_20260429_074242_3656ab,BNB/USDT,crypto,D1,breakout,session_opening_range,atr_expand_min=0.0|range_bars=6,both,all,REJECT,59,0.305085,0.761579,-0.010747,-0.010747,-0.755267,-0.346375,-0.692631,0.059059,16.525424,-0.632885,-0.632885,-0.677673,0.115451,0.440000,,,binance_rest
run_20260429_074242_3656ab,BNB/USDT,crypto,D1,breakout,session_opening_range,atr_expand_min=0.5|range_bars=6,both,all,REJECT,59,0.305085,0.761579,-0.010747,-0.010747,-0.755267,-0.346375,-0.692631,0.059059,16.525424,-0.632885,-0.632885,-0.677673,0.115451,0.440000,,,binance_rest
run_20260429_074242_3656ab,BNB/USDT,crypto,D1,breakout,session_opening_range,atr_expand_min=0.0|range_bars=12,both,all,REJECT,33,0.333333,1.403024,0.018883,0.018883,-0.655935,0.202455,0.404266,0.033033,28.727273,-0.061638,-0.061638,-0.282771,0.285292,0.338000,,,binance_rest
run_20260429_074242_3656ab,BNB/USDT,crypto,D1,breakout,session_opening_range,atr_expand_min=0.5|range_bars=12,both,all,REJECT,33,0.333333,1.403024,0.018883,0.018883,-0.655935,0.202455,0.404266,0.033033,28.727273,-0.061638,-0.061638,-0.282771,0.285292,0.318000,,,binance_rest
run_20260429_074242_3656ab,BNB/USDT,crypto,D1,breakout,london_breakout,atr_expand_min=0.0|utc_end=11|utc_start=7,both,all,REJECT,0,,,,,,,,,,,,,,,,session_strategy_requires_intraday_data,binance_rest
run_20260429_074242_3656ab,BNB/USDT,crypto,D1,breakout,london_breakout,atr_expand_min=0.5|utc_end=11|utc_start=7,both,all,REJECT,0,,,,,,,,,,,,,,,,session_strategy_requires_intraday_data,binance_rest
run_20260429_074242_3656ab,BNB/USDT,crypto,D1,breakout,ny_breakout,atr_expand_min=0.0|utc_end=16|utc_start=13,both,all,REJECT,0,,,,,,,,,,,,,,,,session_strategy_requires_intraday_data,binance_rest
run_20260429_074242_3656ab,BNB/USDT,crypto,D1,breakout,ny_breakout,atr_expand_min=0.5|utc_end=16|utc_start=13,both,all,REJECT,0,,,,,,,,,,,,,,,,session_strategy_requires_intraday_data,binance_rest
run_20260429_074242_3656ab,BNB/USDT,crypto,D1,mean_reversion,rsi_extreme,overbought=70|oversold=30|period=14,both,all,NEEDS_MORE_DATA,17,,,,,,,,,,,,,,,,only 17 trades < min 20,binance_rest
run_20260429_074242_3656ab,BNB/USDT,crypto,D1,mean_reversion,rsi_extreme,overbought=75|oversold=30|period=14,both,all,NEEDS_MORE_DATA,13,,,,,,,,,,,,,,,,only 13 trades < min 20,binance_rest
run_20260429_074242_3656ab,BNB/USDT,crypto,D1,mean_reversion,rsi_extreme,overbought=70|oversold=25|period=14,both,all,NEEDS_MORE_DATA,13,,,,,,,,,,,,,,,,only 13 trades < min 20,binance_rest
run_20260429_074242_3656ab,BNB/USDT,crypto,D1,mean_reversion,rsi_extreme,overbought=75|oversold=25|period=14,both,all,NEEDS_MORE_DATA,9,,,,,,,,,,,,,,,,only 9 trades < min 20,binance_rest
run_20260429_074242_3656ab,BNB/USDT,crypto,D1,mean_reversion,bollinger_touch,num_std=2.0|period=20,both,all,REJECT,33,0.636364,0.682458,-0.015366,-0.015366,-0.826877,-0.287477,-0.575440,0.033033,14.575758,-0.738397,-0.738397,-0.669588,-0.208253,0.491305,,,binance_rest
run_20260429_074242_3656ab,BNB/USDT,crypto,D1,mean_reversion,bollinger_touch,num_std=2.5|period=20,both,all,NEEDS_MORE_DATA,17,,,,,,,,,,,,,,1.000000,,only 17 trades < min 20,binance_rest
run_20260429_074242_3656ab,BNB/USDT,crypto,D1,mean_reversion,vwap_deviation,std_threshold=1.5,both,all,NEEDS_MORE_DATA,4,,,,,,,,,,,,,,,,only 4 trades < min 20,binance_rest
run_20260429_074242_3656ab,BNB/USDT,crypto,D1,mean_reversion,vwap_deviation,std_threshold=2.0,both,all,NEEDS_MORE_DATA,4,,,,,,,,,,,,,,,,only 4 trades < min 20,binance_rest
run_20260429_074242_3656ab,BNB/USDT,crypto,D1,engine_b_proxy,ob_bos,require_engulf=False|require_vol_expand=False|swing_period=5,both,all,NEEDS_MORE_DATA,17,,,,,,,,,,,,,,1.000000,,only 17 trades < min 20,binance_rest
run_20260429_074242_3656ab,BNB/USDT,crypto,D1,engine_b_proxy,ob_bos,require_engulf=False|require_vol_expand=True|swing_period=5,both,all,NEEDS_MORE_DATA,15,,,,,,,,,,,,,,1.000000,,only 15 trades < min 20,binance_rest
run_20260429_074242_3656ab,BNB/USDT,crypto,D1,engine_b_proxy,ob_bos,require_engulf=True|require_vol_expand=False|swing_period=5,both,all,NEEDS_MORE_DATA,17,,,,,,,,,,,,,,1.000000,,only 17 trades < min 20,binance_rest
run_20260429_074242_3656ab,BNB/USDT,crypto,D1,engine_b_proxy,ob_bos,require_engulf=True|require_vol_expand=True|swing_period=5,both,all,NEEDS_MORE_DATA,15,,,,,,,,,,,,,,,,only 15 trades < min 20,binance_rest
run_20260429_074242_3656ab,BNB/USDT,crypto,D1,engine_b_proxy,ob_bos,require_engulf=False|require_vol_expand=False|swing_period=10,both,all,NEEDS_MORE_DATA,8,,,,,,,,,,,,,,,,only 8 trades < min 20,binance_rest
run_20260429_074242_3656ab,BNB/USDT,crypto,D1,engine_b_proxy,ob_bos,require_engulf=False|require_vol_expand=True|swing_period=10,both,all,NEEDS_MORE_DATA,6,,,,,,,,,,,,,,,,only 6 trades < min 20,binance_rest
run_20260429_074242_3656ab,BNB/USDT,crypto,D1,engine_b_proxy,ob_bos,require_engulf=True|require_vol_expand=False|swing_period=10,both,all,NEEDS_MORE_DATA,7,,,,,,,,,,,,,,,,only 7 trades < min 20,binance_rest
run_20260429_074242_3656ab,BNB/USDT,crypto,D1,engine_b_proxy,ob_bos,require_engulf=True|require_vol_expand=True|swing_period=10,both,all,NEEDS_MORE_DATA,6,,,,,,,,,,,,,,,,only 6 trades < min 20,binance_rest
run_20260429_074242_3656ab,BNB/USDT,crypto,D1,engine_b_proxy,structure_filters,fvg_detection=False|strong_close_pct=0.7,both,all,REJECT,280,0.367857,0.997072,-0.000047,-0.000047,-0.619928,-0.007741,-0.015420,0.280280,3.410714,-0.300573,-0.300573,0.149990,-0.380855,0.440000,,,binance_rest
run_20260429_074242_3656ab,BNB/USDT,crypto,D1,engine_b_proxy,structure_filters,fvg_detection=False|strong_close_pct=0.8,both,all,REJECT,181,0.370166,0.862454,-0.002905,-0.002905,-0.703591,-0.298060,-0.594223,0.181181,4.861878,-0.583049,-0.583049,-0.355055,-0.345704,0.752099,,,binance_rest
run_20260429_074242_3656ab,BNB/USDT,crypto,D1,engine_b_proxy,structure_filters,fvg_detection=True|strong_close_pct=0.8,both,all,NEEDS_MORE_DATA,19,,,,,,,,,,,,,,1.000000,,only 19 trades < min 20,binance_rest
run_20260429_074242_3656ab,ADA/USDT,crypto,D1,trend_momentum,ema_cross,adx_min=25|fast_period=10|rsi_confirm=False|slow_period=50,both,all,REJECT,21,0.333333,0.854758,-0.009939,-0.009939,-0.725192,-0.110639,-0.220648,0.021021,33.761905,-0.430099,-0.430099,-0.311971,-0.140616,0.405665,,,binance_rest
run_20260429_074242_3656ab,ADA/USDT,crypto,D1,trend_momentum,ema_cross,adx_min=25|fast_period=10|rsi_confirm=True|slow_period=50,both,all,REJECT,20,0.350000,0.866579,-0.009456,-0.009456,-0.725192,-0.100269,-0.199935,0.020020,35.350000,-0.418702,-0.418702,-0.298212,-0.140616,0.428126,,,binance_rest
run_20260429_074242_3656ab,ADA/USDT,crypto,D1,trend_momentum,ema_cross,adx_min=0|fast_period=10|rsi_confirm=False|slow_period=100,both,all,NEEDS_MORE_DATA,15,,,,,,,,,,,,,,1.000000,,only 15 trades < min 20,binance_rest
run_20260429_074242_3656ab,ADA/USDT,crypto,D1,trend_momentum,ema_cross,adx_min=0|fast_period=10|rsi_confirm=True|slow_period=100,both,all,NEEDS_MORE_DATA,13,,,,,,,,,,,,,,1.000000,,only 13 trades < min 20,binance_rest
run_20260429_074242_3656ab,ADA/USDT,crypto,D1,trend_momentum,ema_cross,adx_min=20|fast_period=10|rsi_confirm=False|slow_period=100,both,all,NEEDS_MORE_DATA,14,,,,,,,,,,,,,,1.000000,,only 14 trades < min 20,binance_rest
run_20260429_074242_3656ab,ADA/USDT,crypto,D1,trend_momentum,ema_cross,adx_min=20|fast_period=10|rsi_confirm=True|slow_period=100,both,all,NEEDS_MORE_DATA,13,,,,,,,,,,,,,,1.000000,,only 13 trades < min 20,binance_rest
run_20260429_074242_3656ab,ADA/USDT,crypto,D1,trend_momentum,ema_cross,adx_min=25|fast_period=10|rsi_confirm=False|slow_period=100,both,all,NEEDS_MORE_DATA,14,,,,,,,,,,,,,,1.000000,,only 14 trades < min 20,binance_rest
run_20260429_074242_3656ab,ADA/USDT,crypto,D1,trend_momentum,ema_cross,adx_min=25|fast_period=10|rsi_confirm=True|slow_period=100,both,all,NEEDS_MORE_DATA,13,,,,,,,,,,,,,,1.000000,,only 13 trades < min 20,binance_rest
run_20260429_074242_3656ab,ADA/USDT,crypto,D1,trend_momentum,ema_cross,adx_min=0|fast_period=10|rsi_confirm=False|slow_period=200,both,all,NEEDS_MORE_DATA,13,,,,,,,,,,,,,,,,only 13 trades < min 20,binance_rest
run_20260429_074242_3656ab,ADA/USDT,crypto,D1,trend_momentum,ema_cross,adx_min=0|fast_period=10|rsi_confirm=True|slow_period=200,both,all,NEEDS_MORE_DATA,11,,,,,,,,,,,,,,,,only 11 trades < min 20,binance_rest
run_20260429_074242_3656ab,ADA/USDT,crypto,D1,trend_momentum,ema_cross,adx_min=20|fast_period=10|rsi_confirm=False|slow_period=200,both,all,NEEDS_MORE_DATA,12,,,,,,,,,,,,,,,,only 12 trades < min 20,binance_rest
run_20260429_074242_3656ab,ADA/USDT,crypto,D1,trend_momentum,ema_cross,adx_min=20|fast_period=10|rsi_confirm=True|slow_period=200,both,all,NEEDS_MORE_DATA,11,,,,,,,,,,,,,,,,only 11 trades < min 20,binance_rest
run_20260429_074242_3656ab,ADA/USDT,crypto,D1,trend_momentum,ema_cross,adx_min=25|fast_period=10|rsi_confirm=False|slow_period=200,both,all,NEEDS_MORE_DATA,12,,,,,,,,,,,,,,,,only 12 trades < min 20,binance_rest
run_20260429_074242_3656ab,ADA/USDT,crypto,D1,trend_momentum,ema_cross,adx_min=25|fast_period=10|rsi_confirm=True|slow_period=200,both,all,NEEDS_MORE_DATA,11,,,,,,,,,,,,,,,,only 11 trades < min 20,binance_rest
run_20260429_074242_3656ab,ADA/USDT,crypto,D1,trend_momentum,ema_cross,adx_min=0|fast_period=20|rsi_confirm=False|slow_period=50,both,all,NEEDS_MORE_DATA,17,,,,,,,,,,,,,,1.000000,,only 17 trades < min 20,binance_rest
run_20260429_074242_3656ab,ADA/USDT,crypto,D1,trend_momentum,ema_cross,adx_min=0|fast_period=20|rsi_confirm=True|slow_period=50,both,all,NEEDS_MORE_DATA,15,,,,,,,,,,,,,,1.000000,,only 15 trades < min 20,binance_rest
run_20260429_074242_3656ab,ADA/USDT,crypto,D1,trend_momentum,ema_cross,adx_min=20|fast_period=20|rsi_confirm=False|slow_period=50,both,all,NEEDS_MORE_DATA,16,,,,,,,,,,,,,,1.000000,,only 16 trades < min 20,binance_rest
run_20260429_074242_3656ab,ADA/USDT,crypto,D1,trend_momentum,ema_cross,adx_min=20|fast_period=20|rsi_confirm=True|slow_period=50,both,all,NEEDS_MORE_DATA,15,,,,,,,,,,,,,,1.000000,,only 15 trades < min 20,binance_rest
run_20260429_074242_3656ab,ADA/USDT,crypto,D1,trend_momentum,ema_cross,adx_min=25|fast_period=20|rsi_confirm=False|slow_period=50,both,all,NEEDS_MORE_DATA,16,,,,,,,,,,,,,,1.000000,,only 16 trades < min 20,binance_rest
run_20260429_074242_3656ab,ADA/USDT,crypto,D1,trend_momentum,ema_cross,adx_min=25|fast_period=20|rsi_confirm=True|slow_period=50,both,all,NEEDS_MORE_DATA,15,,,,,,,,,,,,,,1.000000,,only 15 trades < min 20,binance_rest
run_20260429_074242_3656ab,ADA/USDT,crypto,D1,trend_momentum,ema_cross,adx_min=0|fast_period=20|rsi_confirm=False|slow_period=100,both,all,NEEDS_MORE_DATA,11,,,,,,,,,,,,,,,,only 11 trades < min 20,binance_rest
run_20260429_074242_3656ab,ADA/USDT,crypto,D1,trend_momentum,ema_cross,adx_min=0|fast_period=20|rsi_confirm=True|slow_period=100,both,all,NEEDS_MORE_DATA,9,,,,,,,,,,,,,,,,only 9 trades < min 20,binance_rest
run_20260429_074242_3656ab,ADA/USDT,crypto,D1,trend_momentum,ema_cross,adx_min=20|fast_period=20|rsi_confirm=False|slow_period=100,both,all,NEEDS_MORE_DATA,10,,,,,,,,,,,,,,,,only 10 trades < min 20,binance_rest
run_20260429_074242_3656ab,ADA/USDT,crypto,D1,trend_momentum,ema_cross,adx_min=20|fast_period=20|rsi_confirm=True|slow_period=100,both,all,NEEDS_MORE_DATA,9,,,,,,,,,,,,,,,,only 9 trades < min 20,binance_rest
run_20260429_074242_3656ab,ADA/USDT,crypto,D1,trend_momentum,ema_cross,adx_min=25|fast_period=20|rsi_confirm=False|slow_period=100,both,all,NEEDS_MORE_DATA,10,,,,,,,,,,,,,,,,only 10 trades < min 20,binance_rest
run_20260429_074242_3656ab,ADA/USDT,crypto,D1,trend_momentum,ema_cross,adx_min=25|fast_period=20|rsi_confirm=True|slow_period=100,both,all,NEEDS_MORE_DATA,9,,,,,,,,,,,,,,,,only 9 trades < min 20,binance_rest
run_20260429_074242_3656ab,ADA/USDT,crypto,D1,trend_momentum,ema_cross,adx_min=0|fast_period=20|rsi_confirm=False|slow_period=200,both,all,NEEDS_MORE_DATA,11,,,,,,,,,,,,,,,,only 11 trades < min 20,binance_rest
run_20260429_074242_3656ab,ADA/USDT,crypto,D1,trend_momentum,ema_cross,adx_min=0|fast_period=20|rsi_confirm=True|slow_period=200,both,all,NEEDS_MORE_DATA,9,,,,,,,,,,,,,,,,only 9 trades < min 20,binance_rest
run_20260429_074242_3656ab,ADA/USDT,crypto,D1,trend_momentum,ema_cross,adx_min=20|fast_period=20|rsi_confirm=False|slow_period=200,both,all,NEEDS_MORE_DATA,9,,,,,,,,,,,,,,,,only 9 trades < min 20,binance_rest
run_20260429_074242_3656ab,ADA/USDT,crypto,D1,trend_momentum,ema_cross,adx_min=20|fast_period=20|rsi_confirm=True|slow_period=200,both,all,NEEDS_MORE_DATA,8,,,,,,,,,,,,,,,,only 8 trades < min 20,binance_rest
run_20260429_074242_3656ab,ADA/USDT,crypto,D1,trend_momentum,ema_cross,adx_min=25|fast_period=20|rsi_confirm=False|slow_period=200,both,all,NEEDS_MORE_DATA,9,,,,,,,,,,,,,,,,only 9 trades < min 20,binance_rest
run_20260429_074242_3656ab,ADA/USDT,crypto,D1,trend_momentum,ema_cross,adx_min=25|fast_period=20|rsi_confirm=True|slow_period=200,both,all,NEEDS_MORE_DATA,8,,,,,,,,,,,,,,,,only 8 trades < min 20,binance_rest
run_20260429_074242_3656ab,ADA/USDT,crypto,D1,trend_momentum,ema_alignment,adx_min=0|ema_long=200|ema_mid=50|ema_short=20,both,all,REJECT,32,0.250000,0.956782,-0.001829,-0.001829,-0.679829,-0.040223,-0.080135,0.032032,16.718750,-0.251698,-0.251698,-0.442139,0.098280,0.372000,,,binance_rest
run_20260429_074242_3656ab,ADA/USDT,crypto,D1,trend_momentum,ema_alignment,adx_min=20|ema_long=200|ema_mid=50|ema_short=20,both,all,REJECT,28,0.285714,1.050566,0.002227,0.002227,-0.640419,0.043055,0.085779,0.028028,18.678571,-0.153449,-0.153449,-0.368894,0.098280,0.334667,,,binance_rest
run_20260429_074242_3656ab,ADA/USDT,crypto,D1,trend_momentum,ema_alignment,adx_min=25|ema_long=200|ema_mid=50|ema_short=20,both,all,REJECT,27,0.296296,1.083678,0.003705,0.003705,-0.626338,0.069165,0.137828,0.027027,19.222222,-0.120299,-0.120299,-0.344180,0.098280,0.290571,,,binance_rest
run_20260429_074242_3656ab,ADA/USDT,crypto,D1,trend_momentum,macd_direction,adx_min=0|fast=12|signal_period=9|slow=26,both,all,REJECT,80,0.300000,1.116973,0.007275,0.007275,-0.957275,0.107835,0.214869,0.080080,12.175000,-0.813852,-0.813852,-0.636514,-0.644130,0.736411,,,binance_rest
run_20260429_074242_3656ab,ADA/USDT,crypto,D1,trend_momentum,macd_direction,adx_min=20|fast=12|signal_period=9|slow=26,both,all,REJECT,73,0.301370,1.184292,0.011782,0.011782,-0.957348,0.159620,0.318175,0.073073,12.808219,-0.750892,-0.750892,-0.529894,-0.631776,0.682320,,,binance_rest
run_20260429_074242_3656ab,ADA/USDT,crypto,D1,pullback,pullback_ema,pullback_period=20|rsi_reclaim=False|rsi_threshold=50|trend_period=200,both,all,REJECT,63,0.206349,0.603255,-0.012097,-0.012097,-0.687733,-0.661904,-1.335930,0.063063,7.333333,-0.606435,-0.606435,-0.550825,-0.096929,0.532791,,,binance_rest
run_20260429_074242_3656ab,ADA/USDT,crypto,D1,pullback,pullback_ema,pullback_period=20|rsi_reclaim=True|rsi_threshold=50|trend_period=200,both,all,REJECT,55,0.218182,0.656761,-0.010358,-0.010358,-0.619614,-0.507911,-1.020800,0.055055,7.909091,-0.518745,-0.518745,-0.450746,-0.096929,0.524513,,,binance_rest
run_20260429_074242_3656ab,ADA/USDT,crypto,D1,pullback,pullback_ema,pullback_period=50|rsi_reclaim=False|rsi_threshold=50|trend_period=200,both,all,REJECT,40,0.225000,0.641954,-0.012679,-0.012679,-0.639838,-0.465419,-0.936850,0.040040,11.725000,-0.482437,-0.482437,-0.593942,0.240884,0.400000,,,binance_rest
run_20260429_074242_3656ab,ADA/USDT,crypto,D1,pullback,pullback_ema,pullback_period=50|rsi_reclaim=True|rsi_threshold=50|trend_period=200,both,all,NEEDS_MORE_DATA,17,,,,,,,,,,,,,,1.000000,,only 17 trades < min 20,binance_rest
run_20260429_074242_3656ab,ADA/USDT,crypto,D1,breakout,prev_day_hl,atr_expand_min=0.0,both,all,REJECT,192,0.322917,1.121415,0.004132,0.004132,-0.727338,0.182167,0.362986,0.192192,5.182292,-0.510413,-0.510413,-0.359287,-0.198015,0.625340,,,binance_rest
run_20260429_074242_3656ab,ADA/USDT,crypto,D1,breakout,prev_day_hl,atr_expand_min=0.5,both,all,REJECT,186,0.322581,1.148967,0.005100,0.005100,-0.692635,0.218055,0.434555,0.186186,5.252688,-0.425617,-0.425617,-0.273034,-0.170747,0.647611,,,binance_rest
run_20260429_074242_3656ab,ADA/USDT,crypto,D1,breakout,session_opening_range,atr_expand_min=0.0|range_bars=6,both,all,REJECT,61,0.377049,0.908242,-0.007246,-0.007246,-0.969165,-0.101598,-0.202452,0.061061,15.983607,-0.900687,-0.900687,-0.711845,-0.664867,0.720202,,,binance_rest
run_20260429_074242_3656ab,ADA/USDT,crypto,D1,breakout,session_opening_range,atr_expand_min=0.5|range_bars=6,both,all,REJECT,60,0.383333,0.936153,-0.004973,-0.004973,-0.963994,-0.068734,-0.136942,0.060060,16.100000,-0.884032,-0.884032,-0.711845,-0.608662,0.696515,,,binance_rest
run_20260429_074242_3656ab,ADA/USDT,crypto,D1,breakout,session_opening_range,atr_expand_min=0.0|range_bars=12,both,all,REJECT,36,0.305556,0.995153,-0.000477,-0.000477,-0.916647,-0.004567,-0.009098,0.036036,26.333333,-0.732338,-0.732338,-0.708685,-0.160184,0.423809,,,binance_rest
run_20260429_074242_3656ab,ADA/USDT,crypto,D1,breakout,session_opening_range,atr_expand_min=0.5|range_bars=12,both,all,REJECT,36,0.305556,0.995153,-0.000477,-0.000477,-0.916647,-0.004567,-0.009098,0.036036,26.333333,-0.732338,-0.732338,-0.708685,-0.160184,0.403809,,,binance_rest
run_20260429_074242_3656ab,ADA/USDT,crypto,D1,breakout,london_breakout,atr_expand_min=0.0|utc_end=11|utc_start=7,both,all,REJECT,0,,,,,,,,,,,,,,,,session_strategy_requires_intraday_data,binance_rest
run_20260429_074242_3656ab,ADA/USDT,crypto,D1,breakout,london_breakout,atr_expand_min=0.5|utc_end=11|utc_start=7,both,all,REJECT,0,,,,,,,,,,,,,,,,session_strategy_requires_intraday_data,binance_rest
run_20260429_074242_3656ab,ADA/USDT,crypto,D1,breakout,ny_breakout,atr_expand_min=0.0|utc_end=16|utc_start=13,both,all,REJECT,0,,,,,,,,,,,,,,,,session_strategy_requires_intraday_data,binance_rest
run_20260429_074242_3656ab,ADA/USDT,crypto,D1,breakout,ny_breakout,atr_expand_min=0.5|utc_end=16|utc_start=13,both,all,REJECT,0,,,,,,,,,,,,,,,,session_strategy_requires_intraday_data,binance_rest
run_20260429_074242_3656ab,ADA/USDT,crypto,D1,mean_reversion,rsi_extreme,overbought=70|oversold=30|period=14,both,all,NEEDS_MORE_DATA,16,,,,,,,,,,,,,,,,only 16 trades < min 20,binance_rest
run_20260429_074242_3656ab,ADA/USDT,crypto,D1,mean_reversion,rsi_extreme,overbought=75|oversold=30|period=14,both,all,NEEDS_MORE_DATA,13,,,,,,,,,,,,,,,,only 13 trades < min 20,binance_rest
run_20260429_074242_3656ab,ADA/USDT,crypto,D1,mean_reversion,rsi_extreme,overbought=70|oversold=25|period=14,both,all,NEEDS_MORE_DATA,11,,,,,,,,,,,,,,,,only 11 trades < min 20,binance_rest
run_20260429_074242_3656ab,ADA/USDT,crypto,D1,mean_reversion,rsi_extreme,overbought=75|oversold=25|period=14,both,all,NEEDS_MORE_DATA,8,,,,,,,,,,,,,,,,only 8 trades < min 20,binance_rest
run_20260429_074242_3656ab,ADA/USDT,crypto,D1,mean_reversion,bollinger_touch,num_std=2.0|period=20,both,all,REJECT,37,0.675676,0.747385,-0.024000,-0.024000,-1.441766,-0.236349,-0.472184,0.037037,15.081081,-1.420064,-1.420064,-1.489185,-0.141298,0.450465,,,binance_rest
run_20260429_074242_3656ab,ADA/USDT,crypto,D1,mean_reversion,bollinger_touch,num_std=2.5|period=20,both,all,REJECT,22,0.636364,0.550617,-0.062605,-0.062605,-1.471871,-0.406534,-0.821904,0.022022,17.090909,-1.338221,-1.338221,-1.497224,-0.319780,0.421075,,,binance_rest
run_20260429_074242_3656ab,ADA/USDT,crypto,D1,mean_reversion,vwap_deviation,std_threshold=1.5,both,all,NEEDS_MORE_DATA,10,,,,,,,,,,,,,,,,only 10 trades < min 20,binance_rest
run_20260429_074242_3656ab,ADA/USDT,crypto,D1,mean_reversion,vwap_deviation,std_threshold=2.0,both,all,NEEDS_MORE_DATA,9,,,,,,,,,,,,,,,,only 9 trades < min 20,binance_rest
run_20260429_074242_3656ab,ADA/USDT,crypto,D1,engine_b_proxy,ob_bos,require_engulf=False|require_vol_expand=False|swing_period=5,both,all,NEEDS_MORE_DATA,19,,,,,,,,,,,,,,1.000000,,only 19 trades < min 20,binance_rest
run_20260429_074242_3656ab,ADA/USDT,crypto,D1,engine_b_proxy,ob_bos,require_engulf=False|require_vol_expand=True|swing_period=5,both,all,NEEDS_MORE_DATA,16,,,,,,,,,,,,,,1.000000,,only 16 trades < min 20,binance_rest
run_20260429_074242_3656ab,ADA/USDT,crypto,D1,engine_b_proxy,ob_bos,require_engulf=True|require_vol_expand=False|swing_period=5,both,all,NEEDS_MORE_DATA,16,,,,,,,,,,,,,,1.000000,,only 16 trades < min 20,binance_rest
run_20260429_074242_3656ab,ADA/USDT,crypto,D1,engine_b_proxy,ob_bos,require_engulf=True|require_vol_expand=True|swing_period=5,both,all,NEEDS_MORE_DATA,14,,,,,,,,,,,,,,,,only 14 trades < min 20,binance_rest
run_20260429_074242_3656ab,ADA/USDT,crypto,D1,engine_b_proxy,ob_bos,require_engulf=False|require_vol_expand=False|swing_period=10,both,all,NEEDS_MORE_DATA,8,,,,,,,,,,,,,,,,only 8 trades < min 20,binance_rest
run_20260429_074242_3656ab,ADA/USDT,crypto,D1,engine_b_proxy,ob_bos,require_engulf=False|require_vol_expand=True|swing_period=10,both,all,NEEDS_MORE_DATA,7,,,,,,,,,,,,,,,,only 7 trades < min 20,binance_rest
run_20260429_074242_3656ab,ADA/USDT,crypto,D1,engine_b_proxy,ob_bos,require_engulf=True|require_vol_expand=False|swing_period=10,both,all,NEEDS_MORE_DATA,8,,,,,,,,,,,,,,,,only 8 trades < min 20,binance_rest
run_20260429_074242_3656ab,ADA/USDT,crypto,D1,engine_b_proxy,ob_bos,require_engulf=True|require_vol_expand=True|swing_period=10,both,all,NEEDS_MORE_DATA,7,,,,,,,,,,,,,,,,only 7 trades < min 20,binance_rest
run_20260429_074242_3656ab,ADA/USDT,crypto,D1,engine_b_proxy,structure_filters,fvg_detection=False|strong_close_pct=0.7,both,all,REJECT,285,0.382456,0.966933,-0.000925,-0.000925,-0.948245,-0.083669,-0.166678,0.285285,3.410526,-0.833954,-0.833954,-0.698860,-0.418472,0.619638,,,binance_rest
run_20260429_074242_3656ab,ADA/USDT,crypto,D1,engine_b_proxy,structure_filters,fvg_detection=True|strong_close_pct=0.7,both,all,REJECT,35,0.257143,1.096008,0.007416,0.007416,-0.928410,0.067623,0.134743,0.035035,13.171429,-0.748325,-0.748325,-0.397370,-0.582373,0.530329,,,binance_rest
run_20260429_074242_3656ab,ADA/USDT,crypto,D1,engine_b_proxy,structure_filters,fvg_detection=False|strong_close_pct=0.8,both,all,REJECT,212,0.349057,0.940232,-0.001931,-0.001931,-0.903291,-0.140661,-0.280245,0.212212,4.424528,-0.748129,-0.748129,-0.359149,-0.606973,0.552991,,,binance_rest
run_20260429_074242_3656ab,ADA/USDT,crypto,D1,engine_b_proxy,structure_filters,fvg_detection=True|strong_close_pct=0.8,both,all,NEEDS_MORE_DATA,19,,,,,,,,,,,,,,1.000000,,only 19 trades < min 20,binance_rest
