run_id,symbol,asset_class,timeframe,family,strategy_name,params_str,direction,session,status,trade_count,win_rate,profit_factor,avg_return,expectancy,max_drawdown,sharpe,sqn,exposure_pct,avg_duration_bars,gross_return,net_return,is_return,oos_return,robustness_score,param_sensitivity,skip_reason,data_source
run_20260426_191100,ETH/USDT,crypto,M15,trend_momentum,ema_cross,adx_min=0|fast_period=10|rsi_confirm=False|slow_period=50,both,all,REJECT,29,0.172414,0.657138,-0.001668,-0.001668,-0.081899,-0.436580,-0.880914,0.029029,32.482759,-0.048689,-0.048689,0.008962,-0.071523,0.274000,,,binance_rest
run_20260426_191100,ETH/USDT,crypto,M15,trend_momentum,ema_cross,adx_min=0|fast_period=10|rsi_confirm=True|slow_period=50,both,all,REJECT,29,0.172414,0.657138,-0.001668,-0.001668,-0.081899,-0.436580,-0.880914,0.029029,32.482759,-0.048689,-0.048689,0.008962,-0.071523,0.274000,,,binance_rest
run_20260426_191100,ETH/USDT,crypto,M15,trend_momentum,ema_cross,adx_min=20|fast_period=10|rsi_confirm=False|slow_period=50,both,all,REJECT,21,0.190476,0.622425,-0.001996,-0.001996,-0.075633,-0.429867,-0.871339,0.021021,38.047619,-0.042196,-0.042196,0.002401,-0.059249,0.226000,,,binance_rest
run_20260426_191100,ETH/USDT,crypto,M15,trend_momentum,ema_cross,adx_min=20|fast_period=10|rsi_confirm=True|slow_period=50,both,all,REJECT,21,0.190476,0.622425,-0.001996,-0.001996,-0.075633,-0.429867,-0.871339,0.021021,38.047619,-0.042196,-0.042196,0.002401,-0.059249,0.226000,,,binance_rest
run_20260426_191100,ETH/USDT,crypto,M15,trend_momentum,ema_cross,adx_min=25|fast_period=10|rsi_confirm=False|slow_period=50,both,all,NEEDS_MORE_DATA,16,,,,,,,,,,,,,,,,only 16 trades < min 20,binance_rest
run_20260426_191100,ETH/USDT,crypto,M15,trend_momentum,ema_cross,adx_min=25|fast_period=10|rsi_confirm=True|slow_period=50,both,all,NEEDS_MORE_DATA,16,,,,,,,,,,,,,,,,only 16 trades < min 20,binance_rest
run_20260426_191100,ETH/USDT,crypto,M15,trend_momentum,ema_cross,adx_min=0|fast_period=10|rsi_confirm=False|slow_period=100,both,all,NEEDS_MORE_DATA,19,,,,,,,,,,,,,,,,only 19 trades < min 20,binance_rest
run_20260426_191100,ETH/USDT,crypto,M15,trend_momentum,ema_cross,adx_min=0|fast_period=10|rsi_confirm=True|slow_period=100,both,all,NEEDS_MORE_DATA,19,,,,,,,,,,,,,,,,only 19 trades < min 20,binance_rest
run_20260426_191100,ETH/USDT,crypto,M15,trend_momentum,ema_cross,adx_min=20|fast_period=10|rsi_confirm=False|slow_period=100,both,all,NEEDS_MORE_DATA,16,,,,,,,,,,,,,,,,only 16 trades < min 20,binance_rest
run_20260426_191100,ETH/USDT,crypto,M15,trend_momentum,ema_cross,adx_min=20|fast_period=10|rsi_confirm=True|slow_period=100,both,all,NEEDS_MORE_DATA,16,,,,,,,,,,,,,,,,only 16 trades < min 20,binance_rest
run_20260426_191100,ETH/USDT,crypto,M15,trend_momentum,ema_cross,adx_min=25|fast_period=10|rsi_confirm=False|slow_period=100,both,all,NEEDS_MORE_DATA,15,,,,,,,,,,,,,,,,only 15 trades < min 20,binance_rest
run_20260426_191100,ETH/USDT,crypto,M15,trend_momentum,ema_cross,adx_min=25|fast_period=10|rsi_confirm=True|slow_period=100,both,all,NEEDS_MORE_DATA,15,,,,,,,,,,,,,,,,only 15 trades < min 20,binance_rest
run_20260426_191100,ETH/USDT,crypto,M15,trend_momentum,ema_cross,adx_min=0|fast_period=10|rsi_confirm=False|slow_period=200,both,all,NEEDS_MORE_DATA,13,,,,,,,,,,,,,,,,only 13 trades < min 20,binance_rest
run_20260426_191100,ETH/USDT,crypto,M15,trend_momentum,ema_cross,adx_min=0|fast_period=10|rsi_confirm=True|slow_period=200,both,all,NEEDS_MORE_DATA,13,,,,,,,,,,,,,,,,only 13 trades < min 20,binance_rest
run_20260426_191100,ETH/USDT,crypto,M15,trend_momentum,ema_cross,adx_min=20|fast_period=10|rsi_confirm=False|slow_period=200,both,all,NEEDS_MORE_DATA,12,,,,,,,,,,,,,,,,only 12 trades < min 20,binance_rest
run_20260426_191100,ETH/USDT,crypto,M15,trend_momentum,ema_cross,adx_min=20|fast_period=10|rsi_confirm=True|slow_period=200,both,all,NEEDS_MORE_DATA,12,,,,,,,,,,,,,,,,only 12 trades < min 20,binance_rest
run_20260426_191100,ETH/USDT,crypto,M15,trend_momentum,ema_cross,adx_min=25|fast_period=10|rsi_confirm=False|slow_period=200,both,all,NEEDS_MORE_DATA,11,,,,,,,,,,,,,,,,only 11 trades < min 20,binance_rest
run_20260426_191100,ETH/USDT,crypto,M15,trend_momentum,ema_cross,adx_min=25|fast_period=10|rsi_confirm=True|slow_period=200,both,all,NEEDS_MORE_DATA,11,,,,,,,,,,,,,,,,only 11 trades < min 20,binance_rest
run_20260426_191100,ETH/USDT,crypto,M15,trend_momentum,ema_cross,adx_min=0|fast_period=20|rsi_confirm=False|slow_period=50,both,all,REJECT,29,0.206897,0.595891,-0.002092,-0.002092,-0.079741,-0.561995,-1.143778,0.029029,32.482759,-0.060250,-0.060250,0.010816,-0.079557,0.274000,,,binance_rest
run_20260426_191100,ETH/USDT,crypto,M15,trend_momentum,ema_cross,adx_min=0|fast_period=20|rsi_confirm=True|slow_period=50,both,all,REJECT,29,0.206897,0.595891,-0.002092,-0.002092,-0.079741,-0.561995,-1.143778,0.029029,32.482759,-0.060250,-0.060250,0.010816,-0.079557,0.274000,,,binance_rest
run_20260426_191100,ETH/USDT,crypto,M15,trend_momentum,ema_cross,adx_min=20|fast_period=20|rsi_confirm=False|slow_period=50,both,all,REJECT,24,0.208333,0.549332,-0.002469,-0.002469,-0.075753,-0.589295,-1.208248,0.024024,33.833333,-0.058740,-0.058740,-0.006503,-0.062188,0.244000,,,binance_rest
run_20260426_191100,ETH/USDT,crypto,M15,trend_momentum,ema_cross,adx_min=20|fast_period=20|rsi_confirm=True|slow_period=50,both,all,REJECT,24,0.208333,0.549332,-0.002469,-0.002469,-0.075753,-0.589295,-1.208248,0.024024,33.833333,-0.058740,-0.058740,-0.006503,-0.062188,0.244000,,,binance_rest
run_20260426_191100,ETH/USDT,crypto,M15,trend_momentum,ema_cross,adx_min=25|fast_period=20|rsi_confirm=False|slow_period=50,both,all,NEEDS_MORE_DATA,17,,,,,,,,,,,,,,,,only 17 trades < min 20,binance_rest
run_20260426_191100,ETH/USDT,crypto,M15,trend_momentum,ema_cross,adx_min=25|fast_period=20|rsi_confirm=True|slow_period=50,both,all,NEEDS_MORE_DATA,17,,,,,,,,,,,,,,,,only 17 trades < min 20,binance_rest
run_20260426_191100,ETH/USDT,crypto,M15,trend_momentum,ema_cross,adx_min=0|fast_period=20|rsi_confirm=False|slow_period=100,both,all,NEEDS_MORE_DATA,17,,,,,,,,,,,,,,,,only 17 trades < min 20,binance_rest
run_20260426_191100,ETH/USDT,crypto,M15,trend_momentum,ema_cross,adx_min=0|fast_period=20|rsi_confirm=True|slow_period=100,both,all,NEEDS_MORE_DATA,17,,,,,,,,,,,,,,,,only 17 trades < min 20,binance_rest
run_20260426_191100,ETH/USDT,crypto,M15,trend_momentum,ema_cross,adx_min=20|fast_period=20|rsi_confirm=False|slow_period=100,both,all,NEEDS_MORE_DATA,16,,,,,,,,,,,,,,,,only 16 trades < min 20,binance_rest
run_20260426_191100,ETH/USDT,crypto,M15,trend_momentum,ema_cross,adx_min=20|fast_period=20|rsi_confirm=True|slow_period=100,both,all,NEEDS_MORE_DATA,16,,,,,,,,,,,,,,,,only 16 trades < min 20,binance_rest
run_20260426_191100,ETH/USDT,crypto,M15,trend_momentum,ema_cross,adx_min=25|fast_period=20|rsi_confirm=False|slow_period=100,both,all,NEEDS_MORE_DATA,15,,,,,,,,,,,,,,,,only 15 trades < min 20,binance_rest
run_20260426_191100,ETH/USDT,crypto,M15,trend_momentum,ema_cross,adx_min=25|fast_period=20|rsi_confirm=True|slow_period=100,both,all,NEEDS_MORE_DATA,15,,,,,,,,,,,,,,,,only 15 trades < min 20,binance_rest
run_20260426_191100,ETH/USDT,crypto,M15,trend_momentum,ema_cross,adx_min=0|fast_period=20|rsi_confirm=False|slow_period=200,both,all,NEEDS_MORE_DATA,13,,,,,,,,,,,,,,,,only 13 trades < min 20,binance_rest
run_20260426_191100,ETH/USDT,crypto,M15,trend_momentum,ema_cross,adx_min=0|fast_period=20|rsi_confirm=True|slow_period=200,both,all,NEEDS_MORE_DATA,13,,,,,,,,,,,,,,,,only 13 trades < min 20,binance_rest
run_20260426_191100,ETH/USDT,crypto,M15,trend_momentum,ema_cross,adx_min=20|fast_period=20|rsi_confirm=False|slow_period=200,both,all,NEEDS_MORE_DATA,13,,,,,,,,,,,,,,,,only 13 trades < min 20,binance_rest
run_20260426_191100,ETH/USDT,crypto,M15,trend_momentum,ema_cross,adx_min=20|fast_period=20|rsi_confirm=True|slow_period=200,both,all,NEEDS_MORE_DATA,13,,,,,,,,,,,,,,,,only 13 trades < min 20,binance_rest
run_20260426_191100,ETH/USDT,crypto,M15,trend_momentum,ema_cross,adx_min=25|fast_period=20|rsi_confirm=False|slow_period=200,both,all,NEEDS_MORE_DATA,12,,,,,,,,,,,,,,,,only 12 trades < min 20,binance_rest
run_20260426_191100,ETH/USDT,crypto,M15,trend_momentum,ema_cross,adx_min=25|fast_period=20|rsi_confirm=True|slow_period=200,both,all,NEEDS_MORE_DATA,12,,,,,,,,,,,,,,,,only 12 trades < min 20,binance_rest
run_20260426_191100,ETH/USDT,crypto,M15,trend_momentum,ema_alignment,adx_min=0|ema_long=200|ema_mid=50|ema_short=20,both,all,NEEDS_MORE_DATA,18,,,,,,,,,,,,,,,,only 18 trades < min 20,binance_rest
run_20260426_191100,ETH/USDT,crypto,M15,trend_momentum,ema_alignment,adx_min=20|ema_long=200|ema_mid=50|ema_short=20,both,all,NEEDS_MORE_DATA,18,,,,,,,,,,,,,,,,only 18 trades < min 20,binance_rest
run_20260426_191100,ETH/USDT,crypto,M15,trend_momentum,ema_alignment,adx_min=25|ema_long=200|ema_mid=50|ema_short=20,both,all,NEEDS_MORE_DATA,15,,,,,,,,,,,,,,,,only 15 trades < min 20,binance_rest
run_20260426_191100,ETH/USDT,crypto,M15,trend_momentum,macd_direction,adx_min=0|fast=12|signal_period=9|slow=26,both,all,REJECT,75,0.253333,0.477191,-0.002269,-0.002269,-0.158775,-1.154569,-2.378860,0.075075,13.253333,-0.158775,-0.158775,-0.093883,-0.067062,0.614294,,,binance_rest
run_20260426_191100,ETH/USDT,crypto,M15,trend_momentum,macd_direction,adx_min=20|fast=12|signal_period=9|slow=26,both,all,REJECT,69,0.260870,0.436978,-0.002544,-0.002544,-0.163097,-1.238882,-2.576021,0.069069,13.246377,-0.163097,-0.163097,-0.105807,-0.059479,0.568644,,,binance_rest
run_20260426_191100,ETH/USDT,crypto,M15,pullback,pullback_ema,pullback_period=20|rsi_reclaim=False|rsi_threshold=50|trend_period=200,both,all,REJECT,79,0.113924,0.348795,-0.002305,-0.002305,-0.175223,-1.486247,-3.124619,0.079079,6.101266,-0.168081,-0.168081,-0.106852,-0.068554,0.592475,,,binance_rest
run_20260426_191100,ETH/USDT,crypto,M15,pullback,pullback_ema,pullback_period=20|rsi_reclaim=True|rsi_threshold=50|trend_period=200,both,all,REJECT,77,0.116883,0.356486,-0.002287,-0.002287,-0.170223,-1.440179,-3.021832,0.077077,6.220779,-0.163038,-0.163038,-0.106852,-0.062908,0.576622,,,binance_rest
run_20260426_191100,ETH/USDT,crypto,M15,pullback,pullback_ema,pullback_period=50|rsi_reclaim=False|rsi_threshold=50|trend_period=200,both,all,REJECT,56,0.071429,0.312214,-0.002793,-0.002793,-0.154984,-1.397960,-2.986863,0.056056,9.035714,-0.146129,-0.146129,-0.091179,-0.060463,0.598938,,,binance_rest
run_20260426_191100,ETH/USDT,crypto,M15,pullback,pullback_ema,pullback_period=50|rsi_reclaim=True|rsi_threshold=50|trend_period=200,both,all,REJECT,48,0.083333,0.356717,-0.002667,-0.002667,-0.139995,-1.163749,-2.452631,0.048048,9.687500,-0.121509,-0.121509,-0.074540,-0.050753,0.592263,,,binance_rest
run_20260426_191100,ETH/USDT,crypto,M15,breakout,prev_day_hl,atr_expand_min=0.0,both,all,NEEDS_MORE_DATA,4,,,,,,,,,,,,,,,,only 4 trades < min 20,binance_rest
run_20260426_191100,ETH/USDT,crypto,M15,breakout,prev_day_hl,atr_expand_min=0.5,both,all,NEEDS_MORE_DATA,4,,,,,,,,,,,,,,,,only 4 trades < min 20,binance_rest
run_20260426_191100,ETH/USDT,crypto,M15,breakout,prev_day_hl,atr_expand_min=1.0,both,all,NEEDS_MORE_DATA,4,,,,,,,,,,,,,,,,only 4 trades < min 20,binance_rest
run_20260426_191100,ETH/USDT,crypto,M15,breakout,session_opening_range,atr_expand_min=0.0|range_bars=6,both,all,REJECT,64,0.234375,0.423378,-0.002785,-0.002785,-0.165305,-1.275540,-2.670117,0.064064,15.359375,-0.165305,-0.165305,-0.103288,-0.067686,0.596594,,,binance_rest
run_20260426_191100,ETH/USDT,crypto,M15,breakout,session_opening_range,atr_expand_min=0.5|range_bars=6,both,all,REJECT,64,0.234375,0.423378,-0.002785,-0.002785,-0.165305,-1.275540,-2.670117,0.064064,15.359375,-0.165305,-0.165305,-0.103288,-0.067686,0.596594,,,binance_rest
run_20260426_191100,ETH/USDT,crypto,M15,breakout,session_opening_range,atr_expand_min=0.0|range_bars=12,both,all,REJECT,36,0.166667,0.405309,-0.004622,-0.004622,-0.155935,-1.058363,-2.246220,0.036036,26.777778,-0.155935,-0.155935,-0.100334,-0.091600,0.589886,,,binance_rest
run_20260426_191100,ETH/USDT,crypto,M15,breakout,session_opening_range,atr_expand_min=0.5|range_bars=12,both,all,REJECT,36,0.166667,0.405309,-0.004622,-0.004622,-0.155935,-1.058363,-2.246220,0.036036,26.777778,-0.155935,-0.155935,-0.100334,-0.091600,0.589886,,,binance_rest
run_20260426_191100,ETH/USDT,crypto,M15,breakout,london_breakout,atr_expand_min=0.0|utc_end=11|utc_start=7,both,all,NEEDS_MORE_DATA,7,,,,,,,,,,,,,,,,only 7 trades < min 20,binance_rest
run_20260426_191100,ETH/USDT,crypto,M15,breakout,london_breakout,atr_expand_min=0.5|utc_end=11|utc_start=7,both,all,NEEDS_MORE_DATA,7,,,,,,,,,,,,,,,,only 7 trades < min 20,binance_rest
run_20260426_191100,ETH/USDT,crypto,M15,breakout,ny_breakout,atr_expand_min=0.0|utc_end=16|utc_start=13,both,all,NEEDS_MORE_DATA,13,,,,,,,,,,,,,,,,only 13 trades < min 20,binance_rest
run_20260426_191100,ETH/USDT,crypto,M15,breakout,ny_breakout,atr_expand_min=0.5|utc_end=16|utc_start=13,both,all,NEEDS_MORE_DATA,13,,,,,,,,,,,,,,,,only 13 trades < min 20,binance_rest
run_20260426_191100,ETH/USDT,crypto,M15,mean_reversion,rsi_extreme,overbought=70|oversold=30|period=14,both,all,NEEDS_MORE_DATA,11,,,,,,,,,,,,,,,,only 11 trades < min 20,binance_rest
run_20260426_191100,ETH/USDT,crypto,M15,mean_reversion,rsi_extreme,overbought=75|oversold=30|period=14,both,all,NEEDS_MORE_DATA,9,,,,,,,,,,,,,,,,only 9 trades < min 20,binance_rest
run_20260426_191100,ETH/USDT,crypto,M15,mean_reversion,rsi_extreme,overbought=70|oversold=25|period=14,both,all,NEEDS_MORE_DATA,11,,,,,,,,,,,,,,,,only 11 trades < min 20,binance_rest
run_20260426_191100,ETH/USDT,crypto,M15,mean_reversion,rsi_extreme,overbought=75|oversold=25|period=14,both,all,NEEDS_MORE_DATA,9,,,,,,,,,,,,,,,,only 9 trades < min 20,binance_rest
run_20260426_191100,ETH/USDT,crypto,M15,mean_reversion,bollinger_touch,num_std=2.0|period=20,both,all,REJECT,38,0.631579,0.631985,-0.001321,-0.001321,-0.071794,-0.451543,-0.908852,0.038038,13.842105,-0.050439,-0.050439,-0.056543,0.006470,0.328000,,,binance_rest
run_20260426_191100,ETH/USDT,crypto,M15,mean_reversion,bollinger_touch,num_std=2.5|period=20,both,all,REJECT,23,0.608696,0.583134,-0.001470,-0.001470,-0.042710,-0.443057,-0.897566,0.023023,16.304348,-0.033952,-0.033952,-0.039717,0.006004,0.238000,,,binance_rest
run_20260426_191100,ETH/USDT,crypto,M15,mean_reversion,vwap_deviation,std_threshold=1.5,both,all,NEEDS_MORE_DATA,7,,,,,,,,,,,,,,,,only 7 trades < min 20,binance_rest
run_20260426_191100,ETH/USDT,crypto,M15,mean_reversion,vwap_deviation,std_threshold=2.0,both,all,NEEDS_MORE_DATA,5,,,,,,,,,,,,,,,,only 5 trades < min 20,binance_rest
run_20260426_191100,ETH/USDT,crypto,M15,volatility,bb_squeeze_breakout,confirm_ema=True|period=20|squeeze_pct=20,both,all,REJECT,26,0.153846,0.299337,-0.003013,-0.003013,-0.088507,-1.177817,-2.633465,0.026026,7.884615,-0.075864,-0.075864,-0.052315,-0.024848,0.398492,,,binance_rest
run_20260426_191100,ETH/USDT,crypto,M15,volatility,bb_squeeze_breakout,confirm_ema=False|period=20|squeeze_pct=20,both,all,REJECT,26,0.115385,0.218619,-0.003647,-0.003647,-0.094975,-1.427300,-3.405234,0.026026,7.846154,-0.090974,-0.090974,-0.057845,-0.035162,0.438361,,,binance_rest
run_20260426_191100,ETH/USDT,crypto,M15,volatility,bb_squeeze_breakout,confirm_ema=True|period=20|squeeze_pct=30,both,all,REJECT,22,0.227273,0.401466,-0.002667,-0.002667,-0.076059,-0.875876,-1.876365,0.022022,7.818182,-0.057527,-0.057527,-0.028677,-0.029702,0.521273,,,binance_rest
run_20260426_191100,ETH/USDT,crypto,M15,volatility,bb_squeeze_breakout,confirm_ema=False|period=20|squeeze_pct=30,both,all,REJECT,22,0.227273,0.400210,-0.002681,-0.002681,-0.076344,-0.879699,-1.885845,0.022022,8.181818,-0.057818,-0.057818,-0.025636,-0.029702,0.484422,,,binance_rest
run_20260426_191100,ETH/USDT,crypto,M15,volatility,atr_compression,confirm_ema=True|period=14|squeeze_pct=20,both,all,NEEDS_MORE_DATA,15,,,,,,,,,,,,,,,,only 15 trades < min 20,binance_rest
run_20260426_191100,ETH/USDT,crypto,M15,volatility,atr_compression,confirm_ema=False|period=14|squeeze_pct=20,both,all,NEEDS_MORE_DATA,17,,,,,,,,,,,,,,,,only 17 trades < min 20,binance_rest
run_20260426_191100,ETH/USDT,crypto,M15,volatility,atr_compression,confirm_ema=True|period=14|squeeze_pct=30,both,all,NEEDS_MORE_DATA,17,,,,,,,,,,,,,,,,only 17 trades < min 20,binance_rest
run_20260426_191100,ETH/USDT,crypto,M15,volatility,atr_compression,confirm_ema=False|period=14|squeeze_pct=30,both,all,REJECT,22,0.227273,0.609254,-0.001074,-0.001074,-0.028427,-0.431956,-0.874998,0.022022,15.045455,-0.023710,-0.023710,-0.008977,-0.014866,0.355338,,,binance_rest
run_20260426_191100,ETH/USDT,crypto,M15,engine_b_proxy,ob_bos,require_engulf=False|require_vol_expand=False|swing_period=5,both,all,NEEDS_MORE_DATA,13,,,,,,,,,,,,,,,,only 13 trades < min 20,binance_rest
run_20260426_191100,ETH/USDT,crypto,M15,engine_b_proxy,ob_bos,require_engulf=False|require_vol_expand=True|swing_period=5,both,all,NEEDS_MORE_DATA,11,,,,,,,,,,,,,,,,only 11 trades < min 20,binance_rest
run_20260426_191100,ETH/USDT,crypto,M15,engine_b_proxy,ob_bos,require_engulf=True|require_vol_expand=False|swing_period=5,both,all,NEEDS_MORE_DATA,11,,,,,,,,,,,,,,,,only 11 trades < min 20,binance_rest
run_20260426_191100,ETH/USDT,crypto,M15,engine_b_proxy,ob_bos,require_engulf=True|require_vol_expand=True|swing_period=5,both,all,NEEDS_MORE_DATA,10,,,,,,,,,,,,,,,,only 10 trades < min 20,binance_rest
run_20260426_191100,ETH/USDT,crypto,M15,engine_b_proxy,ob_bos,require_engulf=False|require_vol_expand=False|swing_period=10,both,all,NEEDS_MORE_DATA,8,,,,,,,,,,,,,,,,only 8 trades < min 20,binance_rest
run_20260426_191100,ETH/USDT,crypto,M15,engine_b_proxy,ob_bos,require_engulf=False|require_vol_expand=True|swing_period=10,both,all,NEEDS_MORE_DATA,8,,,,,,,,,,,,,,,,only 8 trades < min 20,binance_rest
run_20260426_191100,ETH/USDT,crypto,M15,engine_b_proxy,ob_bos,require_engulf=True|require_vol_expand=False|swing_period=10,both,all,NEEDS_MORE_DATA,7,,,,,,,,,,,,,,,,only 7 trades < min 20,binance_rest
run_20260426_191100,ETH/USDT,crypto,M15,engine_b_proxy,ob_bos,require_engulf=True|require_vol_expand=True|swing_period=10,both,all,NEEDS_MORE_DATA,7,,,,,,,,,,,,,,,,only 7 trades < min 20,binance_rest
run_20260426_191100,ETH/USDT,crypto,M15,engine_b_proxy,structure_filters,fvg_detection=False|strong_close_pct=0.7,both,all,REJECT,311,0.209003,0.276364,-0.001881,-0.001881,-0.447279,-3.999817,-8.594862,0.311311,3.080386,-0.444509,-0.444509,-0.326816,-0.185755,0.570513,,,binance_rest
run_20260426_191100,ETH/USDT,crypto,M15,engine_b_proxy,structure_filters,fvg_detection=True|strong_close_pct=0.7,both,all,REJECT,35,0.228571,0.643051,-0.001239,-0.001239,-0.064752,-0.531517,-1.075559,0.035035,12.857143,-0.043247,-0.043247,0.011067,-0.049020,0.310000,,,binance_rest
run_20260426_191100,ETH/USDT,crypto,M15,engine_b_proxy,structure_filters,fvg_detection=False|strong_close_pct=0.8,both,all,REJECT,208,0.230769,0.306010,-0.001857,-0.001857,-0.334095,-2.905902,-6.197446,0.208208,4.278846,-0.321925,-0.321925,-0.194660,-0.160587,0.647489,,,binance_rest
run_20260426_191100,ETH/USDT,crypto,M15,engine_b_proxy,structure_filters,fvg_detection=True|strong_close_pct=0.8,both,all,REJECT,21,0.238095,0.699210,-0.000896,-0.000896,-0.019740,-0.342246,-0.689279,0.021021,12.047619,-0.019012,-0.019012,-0.001208,-0.012948,0.226000,,,binance_rest
run_20260426_191100,ETH/USDT,crypto,M15,engine_d_proxy,vwap_reclaim,atr_sl_mult=0.5|band_std=0.5,both,all,NEEDS_MORE_DATA,13,,,,,,,,,,,,,,,,only 13 trades < min 20,binance_rest
run_20260426_191100,ETH/USDT,crypto,M15,engine_d_proxy,vwap_reclaim,atr_sl_mult=1.0|band_std=0.5,both,all,NEEDS_MORE_DATA,13,,,,,,,,,,,,,,,,only 13 trades < min 20,binance_rest
run_20260426_191100,ETH/USDT,crypto,M15,engine_d_proxy,vwap_reclaim,atr_sl_mult=0.5|band_std=1.0,both,all,NEEDS_MORE_DATA,9,,,,,,,,,,,,,,,,only 9 trades < min 20,binance_rest
run_20260426_191100,ETH/USDT,crypto,M15,engine_d_proxy,vwap_reclaim,atr_sl_mult=1.0|band_std=1.0,both,all,NEEDS_MORE_DATA,9,,,,,,,,,,,,,,,,only 9 trades < min 20,binance_rest
run_20260426_191100,ETH/USDT,crypto,M15,engine_d_proxy,micro_breakout,atr_sl_mult=0.5|fee_guard_r=0.5|range_bars=3,both,all,REJECT,100,0.230000,0.447062,-0.002110,-0.002110,-0.197302,-1.436368,-2.972926,0.100100,9.830000,-0.192398,-0.192398,-0.116884,-0.087283,0.624025,,,binance_rest
run_20260426_191100,ETH/USDT,crypto,M15,engine_d_proxy,micro_breakout,atr_sl_mult=1.0|fee_guard_r=0.5|range_bars=3,both,all,REJECT,100,0.230000,0.447062,-0.002110,-0.002110,-0.197302,-1.436368,-2.972926,0.100100,9.830000,-0.192398,-0.192398,-0.116884,-0.087283,0.624025,,,binance_rest
run_20260426_191100,ETH/USDT,crypto,M15,engine_d_proxy,micro_breakout,atr_sl_mult=0.5|fee_guard_r=0.5|range_bars=6,both,all,REJECT,64,0.234375,0.423378,-0.002785,-0.002785,-0.165305,-1.275540,-2.670117,0.064064,15.359375,-0.165305,-0.165305,-0.103288,-0.067686,0.596594,,,binance_rest
run_20260426_191100,ETH/USDT,crypto,M15,engine_d_proxy,micro_breakout,atr_sl_mult=1.0|fee_guard_r=0.5|range_bars=6,both,all,REJECT,64,0.234375,0.423378,-0.002785,-0.002785,-0.165305,-1.275540,-2.670117,0.064064,15.359375,-0.165305,-0.165305,-0.103288,-0.067686,0.596594,,,binance_rest
run_20260426_191100,ETH/USDT,crypto,M15,engine_d_proxy,ema_scalp_pullback,atr_sl_mult=0.5|ema_period=21,both,all,REJECT,159,0.119497,0.281336,-0.002507,-0.002507,-0.330814,-2.624500,-5.652604,0.159159,6.138365,-0.330781,-0.330781,-0.218193,-0.145366,0.599868,,,binance_rest
run_20260426_191100,ETH/USDT,crypto,M15,engine_d_proxy,ema_scalp_pullback,atr_sl_mult=1.0|ema_period=21,both,all,REJECT,159,0.119497,0.281336,-0.002507,-0.002507,-0.330814,-2.624500,-5.652604,0.159159,6.138365,-0.330781,-0.330781,-0.218193,-0.145366,0.599868,,,binance_rest
run_20260426_191100,BTC/USDT,crypto,M15,trend_momentum,ema_cross,adx_min=0|fast_period=10|rsi_confirm=False|slow_period=50,both,all,REJECT,29,0.172414,0.406799,-0.003454,-0.003454,-0.116056,-0.919620,-1.944423,0.029029,32.448276,-0.096652,-0.096652,-0.004975,-0.076115,0.274000,,,binance_rest
run_20260426_191100,BTC/USDT,crypto,M15,trend_momentum,ema_cross,adx_min=0|fast_period=10|rsi_confirm=True|slow_period=50,both,all,REJECT,29,0.172414,0.406799,-0.003454,-0.003454,-0.116056,-0.919620,-1.944423,0.029029,32.448276,-0.096652,-0.096652,-0.004975,-0.076115,0.274000,,,binance_rest
run_20260426_191100,BTC/USDT,crypto,M15,trend_momentum,ema_cross,adx_min=20|fast_period=10|rsi_confirm=False|slow_period=50,both,all,REJECT,29,0.172414,0.406799,-0.003454,-0.003454,-0.116056,-0.919620,-1.944423,0.029029,32.448276,-0.096652,-0.096652,-0.004975,-0.076115,0.274000,,,binance_rest
run_20260426_191100,BTC/USDT,crypto,M15,trend_momentum,ema_cross,adx_min=20|fast_period=10|rsi_confirm=True|slow_period=50,both,all,REJECT,29,0.172414,0.406799,-0.003454,-0.003454,-0.116056,-0.919620,-1.944423,0.029029,32.448276,-0.096652,-0.096652,-0.004975,-0.076115,0.274000,,,binance_rest
run_20260426_191100,BTC/USDT,crypto,M15,trend_momentum,ema_cross,adx_min=25|fast_period=10|rsi_confirm=False|slow_period=50,both,all,REJECT,24,0.125000,0.129892,-0.005536,-0.005536,-0.127706,-1.625026,-4.273224,0.024024,28.666667,-0.125170,-0.125170,-0.042929,-0.069800,0.356214,,,binance_rest
run_20260426_191100,BTC/USDT,crypto,M15,trend_momentum,ema_cross,adx_min=25|fast_period=10|rsi_confirm=True|slow_period=50,both,all,REJECT,24,0.125000,0.129892,-0.005536,-0.005536,-0.127706,-1.625026,-4.273224,0.024024,28.666667,-0.125170,-0.125170,-0.042929,-0.069800,0.356214,,,binance_rest
run_20260426_191100,BTC/USDT,crypto,M15,trend_momentum,ema_cross,adx_min=0|fast_period=10|rsi_confirm=False|slow_period=100,both,all,REJECT,27,0.185185,0.324378,-0.003989,-0.003989,-0.112056,-1.154032,-2.555025,0.027027,34.888889,-0.103085,-0.103085,-0.014944,-0.073412,0.262000,,,binance_rest
run_20260426_191100,BTC/USDT,crypto,M15,trend_momentum,ema_cross,adx_min=0|fast_period=10|rsi_confirm=True|slow_period=100,both,all,REJECT,26,0.192308,0.331161,-0.004016,-0.004016,-0.112028,-1.122072,-2.479238,0.026026,36.192308,-0.100147,-0.100147,-0.011716,-0.073412,0.256000,,,binance_rest
run_20260426_191100,BTC/USDT,crypto,M15,trend_momentum,ema_cross,adx_min=20|fast_period=10|rsi_confirm=False|slow_period=100,both,all,REJECT,27,0.185185,0.324378,-0.003989,-0.003989,-0.112056,-1.154032,-2.555025,0.027027,34.888889,-0.103085,-0.103085,-0.014944,-0.073412,0.262000,,,binance_rest
run_20260426_191100,BTC/USDT,crypto,M15,trend_momentum,ema_cross,adx_min=20|fast_period=10|rsi_confirm=True|slow_period=100,both,all,REJECT,26,0.192308,0.331161,-0.004016,-0.004016,-0.112028,-1.122072,-2.479238,0.026026,36.192308,-0.100147,-0.100147,-0.011716,-0.073412,0.256000,,,binance_rest
run_20260426_191100,BTC/USDT,crypto,M15,trend_momentum,ema_cross,adx_min=25|fast_period=10|rsi_confirm=False|slow_period=100,both,all,REJECT,25,0.120000,0.092095,-0.005781,-0.005781,-0.135228,-1.885014,-5.597049,0.025025,29.040000,-0.135228,-0.135228,-0.050245,-0.073412,0.411676,,,binance_rest
run_20260426_191100,BTC/USDT,crypto,M15,trend_momentum,ema_cross,adx_min=25|fast_period=10|rsi_confirm=True|slow_period=100,both,all,REJECT,24,0.125000,0.094023,-0.005886,-0.005886,-0.132395,-1.849675,-5.505607,0.024024,30.208333,-0.132395,-0.132395,-0.047133,-0.073412,0.376737,,,binance_rest
run_20260426_191100,BTC/USDT,crypto,M15,trend_momentum,ema_cross,adx_min=0|fast_period=10|rsi_confirm=False|slow_period=200,both,all,REJECT,25,0.120000,0.199405,-0.004603,-0.004603,-0.109379,-1.496445,-3.687709,0.025025,37.680000,-0.109379,-0.109379,-0.053114,-0.058172,0.521432,,,binance_rest
run_20260426_191100,BTC/USDT,crypto,M15,trend_momentum,ema_cross,adx_min=0|fast_period=10|rsi_confirm=True|slow_period=200,both,all,REJECT,24,0.125000,0.201261,-0.004740,-0.004740,-0.108196,-1.480832,-3.669819,0.024024,36.291667,-0.108196,-0.108196,-0.053114,-0.058172,0.515432,,,binance_rest
run_20260426_191100,BTC/USDT,crypto,M15,trend_momentum,ema_cross,adx_min=20|fast_period=10|rsi_confirm=False|slow_period=200,both,all,REJECT,24,0.083333,0.092335,-0.005429,-0.005429,-0.122718,-1.851810,-5.519825,0.024024,33.333333,-0.122718,-0.122718,-0.067296,-0.058172,0.503326,,,binance_rest
run_20260426_191100,BTC/USDT,crypto,M15,trend_momentum,ema_cross,adx_min=20|fast_period=10|rsi_confirm=True|slow_period=200,both,all,REJECT,23,0.086957,0.093196,-0.005607,-0.005607,-0.121553,-1.835344,-5.561251,0.023023,31.695652,-0.121553,-0.121553,-0.067296,-0.058172,0.497326,,,binance_rest
run_20260426_191100,BTC/USDT,crypto,M15,trend_momentum,ema_cross,adx_min=25|fast_period=10|rsi_confirm=False|slow_period=200,both,all,NEEDS_MORE_DATA,17,,,,,,,,,,,,,,,,only 17 trades < min 20,binance_rest
run_20260426_191100,BTC/USDT,crypto,M15,trend_momentum,ema_cross,adx_min=25|fast_period=10|rsi_confirm=True|slow_period=200,both,all,NEEDS_MORE_DATA,16,,,,,,,,,,,,,,,,only 16 trades < min 20,binance_rest
run_20260426_191100,BTC/USDT,crypto,M15,trend_momentum,ema_cross,adx_min=0|fast_period=20|rsi_confirm=False|slow_period=50,both,all,REJECT,21,0.238095,0.493898,-0.003128,-0.003128,-0.076883,-0.661382,-1.374283,0.021021,44.809524,-0.064734,-0.064734,0.012122,-0.059800,0.226000,,,binance_rest
run_20260426_191100,BTC/USDT,crypto,M15,trend_momentum,ema_cross,adx_min=0|fast_period=20|rsi_confirm=True|slow_period=50,both,all,REJECT,21,0.238095,0.493898,-0.003128,-0.003128,-0.076883,-0.661382,-1.374283,0.021021,44.809524,-0.064734,-0.064734,0.012122,-0.059800,0.226000,,,binance_rest
run_20260426_191100,BTC/USDT,crypto,M15,trend_momentum,ema_cross,adx_min=20|fast_period=20|rsi_confirm=False|slow_period=50,both,all,REJECT,21,0.238095,0.493898,-0.003128,-0.003128,-0.076883,-0.661382,-1.374283,0.021021,44.809524,-0.064734,-0.064734,0.012122,-0.059800,0.226000,,,binance_rest
run_20260426_191100,BTC/USDT,crypto,M15,trend_momentum,ema_cross,adx_min=20|fast_period=20|rsi_confirm=True|slow_period=50,both,all,REJECT,21,0.238095,0.493898,-0.003128,-0.003128,-0.076883,-0.661382,-1.374283,0.021021,44.809524,-0.064734,-0.064734,0.012122,-0.059800,0.226000,,,binance_rest
run_20260426_191100,BTC/USDT,crypto,M15,trend_momentum,ema_cross,adx_min=25|fast_period=20|rsi_confirm=False|slow_period=50,both,all,NEEDS_MORE_DATA,19,,,,,,,,,,,,,,,,only 19 trades < min 20,binance_rest
run_20260426_191100,BTC/USDT,crypto,M15,trend_momentum,ema_cross,adx_min=25|fast_period=20|rsi_confirm=True|slow_period=50,both,all,NEEDS_MORE_DATA,19,,,,,,,,,,,,,,,,only 19 trades < min 20,binance_rest
run_20260426_191100,BTC/USDT,crypto,M15,trend_momentum,ema_cross,adx_min=0|fast_period=20|rsi_confirm=False|slow_period=100,both,all,REJECT,25,0.200000,0.241064,-0.004981,-0.004981,-0.118103,-1.300953,-3.016556,0.025025,37.680000,-0.118103,-0.118103,-0.031635,-0.073390,0.250000,,,binance_rest
run_20260426_191100,BTC/USDT,crypto,M15,trend_momentum,ema_cross,adx_min=0|fast_period=20|rsi_confirm=True|slow_period=100,both,all,REJECT,25,0.200000,0.241064,-0.004981,-0.004981,-0.118103,-1.300953,-3.016556,0.025025,37.680000,-0.118103,-0.118103,-0.031635,-0.073390,0.250000,,,binance_rest
run_20260426_191100,BTC/USDT,crypto,M15,trend_momentum,ema_cross,adx_min=20|fast_period=20|rsi_confirm=False|slow_period=100,both,all,REJECT,25,0.200000,0.241064,-0.004981,-0.004981,-0.118103,-1.300953,-3.016556,0.025025,37.680000,-0.118103,-0.118103,-0.031635,-0.073390,0.250000,,,binance_rest
run_20260426_191100,BTC/USDT,crypto,M15,trend_momentum,ema_cross,adx_min=20|fast_period=20|rsi_confirm=True|slow_period=100,both,all,REJECT,25,0.200000,0.241064,-0.004981,-0.004981,-0.118103,-1.300953,-3.016556,0.025025,37.680000,-0.118103,-0.118103,-0.031635,-0.073390,0.250000,,,binance_rest
run_20260426_191100,BTC/USDT,crypto,M15,trend_momentum,ema_cross,adx_min=25|fast_period=20|rsi_confirm=False|slow_period=100,both,all,REJECT,24,0.166667,0.141404,-0.005869,-0.005869,-0.132288,-1.569208,-4.026734,0.024024,34.583333,-0.132288,-0.132288,-0.047211,-0.073390,0.377651,,,binance_rest
run_20260426_191100,BTC/USDT,crypto,M15,trend_momentum,ema_cross,adx_min=25|fast_period=20|rsi_confirm=True|slow_period=100,both,all,REJECT,24,0.166667,0.141404,-0.005869,-0.005869,-0.132288,-1.569208,-4.026734,0.024024,34.583333,-0.132288,-0.132288,-0.047211,-0.073390,0.377651,,,binance_rest
run_20260426_191100,BTC/USDT,crypto,M15,trend_momentum,ema_cross,adx_min=0|fast_period=20|rsi_confirm=False|slow_period=200,both,all,NEEDS_MORE_DATA,11,,,,,,,,,,,,,,,,only 11 trades < min 20,binance_rest
run_20260426_191100,BTC/USDT,crypto,M15,trend_momentum,ema_cross,adx_min=0|fast_period=20|rsi_confirm=True|slow_period=200,both,all,NEEDS_MORE_DATA,11,,,,,,,,,,,,,,,,only 11 trades < min 20,binance_rest
run_20260426_191100,BTC/USDT,crypto,M15,trend_momentum,ema_cross,adx_min=20|fast_period=20|rsi_confirm=False|slow_period=200,both,all,NEEDS_MORE_DATA,11,,,,,,,,,,,,,,,,only 11 trades < min 20,binance_rest
run_20260426_191100,BTC/USDT,crypto,M15,trend_momentum,ema_cross,adx_min=20|fast_period=20|rsi_confirm=True|slow_period=200,both,all,NEEDS_MORE_DATA,11,,,,,,,,,,,,,,,,only 11 trades < min 20,binance_rest
run_20260426_191100,BTC/USDT,crypto,M15,trend_momentum,ema_cross,adx_min=25|fast_period=20|rsi_confirm=False|slow_period=200,both,all,NEEDS_MORE_DATA,6,,,,,,,,,,,,,,,,only 6 trades < min 20,binance_rest
run_20260426_191100,BTC/USDT,crypto,M15,trend_momentum,ema_cross,adx_min=25|fast_period=20|rsi_confirm=True|slow_period=200,both,all,NEEDS_MORE_DATA,6,,,,,,,,,,,,,,,,only 6 trades < min 20,binance_rest
run_20260426_191100,BTC/USDT,crypto,M15,trend_momentum,ema_alignment,adx_min=0|ema_long=200|ema_mid=50|ema_short=20,both,all,NEEDS_MORE_DATA,13,,,,,,,,,,,,,,,,only 13 trades < min 20,binance_rest
run_20260426_191100,BTC/USDT,crypto,M15,trend_momentum,ema_alignment,adx_min=20|ema_long=200|ema_mid=50|ema_short=20,both,all,NEEDS_MORE_DATA,13,,,,,,,,,,,,,,,,only 13 trades < min 20,binance_rest
run_20260426_191100,BTC/USDT,crypto,M15,trend_momentum,ema_alignment,adx_min=25|ema_long=200|ema_mid=50|ema_short=20,both,all,NEEDS_MORE_DATA,13,,,,,,,,,,,,,,,,only 13 trades < min 20,binance_rest
run_20260426_191100,BTC/USDT,crypto,M15,trend_momentum,macd_direction,adx_min=0|fast=12|signal_period=9|slow=26,both,all,REJECT,77,0.311688,0.488452,-0.001778,-0.001778,-0.129597,-1.116828,-2.293858,0.077077,12.909091,-0.129597,-0.129597,-0.060131,-0.070768,0.646929,,,binance_rest
run_20260426_191100,BTC/USDT,crypto,M15,trend_momentum,macd_direction,adx_min=20|fast=12|signal_period=9|slow=26,both,all,REJECT,75,0.320000,0.503022,-0.001722,-0.001722,-0.122804,-1.059587,-2.171239,0.075075,12.946667,-0.122804,-0.122804,-0.060131,-0.063516,0.683109,,,binance_rest
run_20260426_191100,BTC/USDT,crypto,M15,pullback,pullback_ema,pullback_period=20|rsi_reclaim=False|rsi_threshold=50|trend_period=200,both,all,REJECT,78,0.089744,0.188527,-0.002715,-0.002715,-0.198405,-2.259334,-5.160692,0.078078,5.948718,-0.191774,-0.191774,-0.131196,-0.069459,0.558828,,,binance_rest
run_20260426_191100,BTC/USDT,crypto,M15,pullback,pullback_ema,pullback_period=20|rsi_reclaim=True|rsi_threshold=50|trend_period=200,both,all,REJECT,69,0.086957,0.206297,-0.002666,-0.002666,-0.175690,-2.070448,-4.698726,0.069069,6.173913,-0.168871,-0.168871,-0.108427,-0.067527,0.586837,,,binance_rest
run_20260426_191100,BTC/USDT,crypto,M15,pullback,pullback_ema,pullback_period=50|rsi_reclaim=False|rsi_threshold=50|trend_period=200,both,all,REJECT,50,0.080000,0.465992,-0.001623,-0.001623,-0.092669,-0.800746,-1.635138,0.050050,11.180000,-0.079105,-0.079105,0.003288,-0.079893,0.400000,,,binance_rest
run_20260426_191100,BTC/USDT,crypto,M15,pullback,pullback_ema,pullback_period=50|rsi_reclaim=True|rsi_threshold=50|trend_period=200,both,all,REJECT,35,0.114286,0.711072,-0.000822,-0.000822,-0.065249,-0.296653,-0.593814,0.035035,14.285714,-0.029489,-0.029489,0.033708,-0.058856,0.310000,,,binance_rest
run_20260426_191100,BTC/USDT,crypto,M15,breakout,prev_day_hl,atr_expand_min=0.0,both,all,NEEDS_MORE_DATA,4,,,,,,,,,,,,,,,,only 4 trades < min 20,binance_rest
run_20260426_191100,BTC/USDT,crypto,M15,breakout,prev_day_hl,atr_expand_min=0.5,both,all,NEEDS_MORE_DATA,4,,,,,,,,,,,,,,,,only 4 trades < min 20,binance_rest
run_20260426_191100,BTC/USDT,crypto,M15,breakout,prev_day_hl,atr_expand_min=1.0,both,all,NEEDS_MORE_DATA,4,,,,,,,,,,,,,,,,only 4 trades < min 20,binance_rest
run_20260426_191100,BTC/USDT,crypto,M15,breakout,session_opening_range,atr_expand_min=0.0|range_bars=6,both,all,REJECT,56,0.250000,0.497792,-0.002008,-0.002008,-0.107895,-0.962026,-1.978626,0.056056,17.589286,-0.107895,-0.107895,-0.047221,-0.063526,0.596410,,,binance_rest
run_20260426_191100,BTC/USDT,crypto,M15,breakout,session_opening_range,atr_expand_min=0.5|range_bars=6,both,all,REJECT,56,0.250000,0.497792,-0.002008,-0.002008,-0.107895,-0.962026,-1.978626,0.056056,17.589286,-0.107895,-0.107895,-0.047221,-0.063526,0.596410,,,binance_rest
run_20260426_191100,BTC/USDT,crypto,M15,breakout,session_opening_range,atr_expand_min=0.0|range_bars=12,both,all,REJECT,30,0.233333,0.566340,-0.002486,-0.002486,-0.085083,-0.586288,-1.194553,0.030030,32.666667,-0.073736,-0.073736,-0.002626,-0.057453,0.280000,,,binance_rest
run_20260426_191100,BTC/USDT,crypto,M15,breakout,session_opening_range,atr_expand_min=0.5|range_bars=12,both,all,REJECT,30,0.233333,0.566340,-0.002486,-0.002486,-0.085083,-0.586288,-1.194553,0.030030,32.666667,-0.073736,-0.073736,-0.002626,-0.057453,0.280000,,,binance_rest
run_20260426_191100,BTC/USDT,crypto,M15,breakout,london_breakout,atr_expand_min=0.0|utc_end=11|utc_start=7,both,all,NEEDS_MORE_DATA,9,,,,,,,,,,,,,,,,only 9 trades < min 20,binance_rest
run_20260426_191100,BTC/USDT,crypto,M15,breakout,london_breakout,atr_expand_min=0.5|utc_end=11|utc_start=7,both,all,NEEDS_MORE_DATA,9,,,,,,,,,,,,,,,,only 9 trades < min 20,binance_rest
run_20260426_191100,BTC/USDT,crypto,M15,breakout,ny_breakout,atr_expand_min=0.0|utc_end=16|utc_start=13,both,all,NEEDS_MORE_DATA,10,,,,,,,,,,,,,,,,only 10 trades < min 20,binance_rest
run_20260426_191100,BTC/USDT,crypto,M15,breakout,ny_breakout,atr_expand_min=0.5|utc_end=16|utc_start=13,both,all,NEEDS_MORE_DATA,10,,,,,,,,,,,,,,,,only 10 trades < min 20,binance_rest
run_20260426_191100,BTC/USDT,crypto,M15,mean_reversion,rsi_extreme,overbought=70|oversold=30|period=14,both,all,NEEDS_MORE_DATA,15,,,,,,,,,,,,,,,,only 15 trades < min 20,binance_rest
run_20260426_191100,BTC/USDT,crypto,M15,mean_reversion,rsi_extreme,overbought=75|oversold=30|period=14,both,all,NEEDS_MORE_DATA,11,,,,,,,,,,,,,,,,only 11 trades < min 20,binance_rest
run_20260426_191100,BTC/USDT,crypto,M15,mean_reversion,rsi_extreme,overbought=70|oversold=25|period=14,both,all,NEEDS_MORE_DATA,11,,,,,,,,,,,,,,,,only 11 trades < min 20,binance_rest
run_20260426_191100,BTC/USDT,crypto,M15,mean_reversion,rsi_extreme,overbought=75|oversold=25|period=14,both,all,NEEDS_MORE_DATA,7,,,,,,,,,,,,,,,,only 7 trades < min 20,binance_rest
run_20260426_191100,BTC/USDT,crypto,M15,mean_reversion,bollinger_touch,num_std=2.0|period=20,both,all,REJECT,38,0.500000,0.598143,-0.001122,-0.001122,-0.055568,-0.528433,-1.067746,0.038038,14.078947,-0.042546,-0.042546,-0.055524,0.010954,0.328000,,,binance_rest
run_20260426_191100,BTC/USDT,crypto,M15,mean_reversion,bollinger_touch,num_std=2.5|period=20,both,all,WEAK_CANDIDATE,25,0.600000,1.045948,0.000078,0.000078,-0.028226,0.044030,0.087724,0.025025,13.280000,0.001697,0.001697,-0.003170,0.002120,0.491284,,,binance_rest
run_20260426_191100,BTC/USDT,crypto,M15,mean_reversion,vwap_deviation,std_threshold=1.5,both,all,NEEDS_MORE_DATA,10,,,,,,,,,,,,,,,,only 10 trades < min 20,binance_rest
run_20260426_191100,BTC/USDT,crypto,M15,mean_reversion,vwap_deviation,std_threshold=2.0,both,all,NEEDS_MORE_DATA,7,,,,,,,,,,,,,,,,only 7 trades < min 20,binance_rest
run_20260426_191100,BTC/USDT,crypto,M15,volatility,bb_squeeze_breakout,confirm_ema=True|period=20|squeeze_pct=20,both,all,REJECT,29,0.241379,0.358931,-0.001474,-0.001474,-0.042017,-1.130643,-2.471988,0.029029,7.655172,-0.042017,-0.042017,-0.014917,-0.027511,0.320724,,,binance_rest
run_20260426_191100,BTC/USDT,crypto,M15,volatility,bb_squeeze_breakout,confirm_ema=False|period=20|squeeze_pct=20,both,all,REJECT,29,0.275862,0.413075,-0.001441,-0.001441,-0.041133,-1.003504,-2.147876,0.029029,9.310345,-0.041133,-0.041133,-0.014008,-0.027511,0.284827,,,binance_rest
run_20260426_191100,BTC/USDT,crypto,M15,volatility,bb_squeeze_breakout,confirm_ema=True|period=20|squeeze_pct=30,both,all,REJECT,28,0.321429,0.452795,-0.001008,-0.001008,-0.033142,-0.807734,-1.686620,0.028028,8.678571,-0.027991,-0.027991,-0.011209,-0.016972,0.413753,,,binance_rest
run_20260426_191100,BTC/USDT,crypto,M15,volatility,bb_squeeze_breakout,confirm_ema=False|period=20|squeeze_pct=30,both,all,REJECT,28,0.285714,0.364474,-0.001421,-0.001421,-0.039192,-1.053375,-2.279830,0.028028,8.857143,-0.039192,-0.039192,-0.018788,-0.020795,0.535948,,,binance_rest
run_20260426_191100,BTC/USDT,crypto,M15,volatility,atr_compression,confirm_ema=True|period=14|squeeze_pct=20,both,all,NEEDS_MORE_DATA,15,,,,,,,,,,,,,,,,only 15 trades < min 20,binance_rest
run_20260426_191100,BTC/USDT,crypto,M15,volatility,atr_compression,confirm_ema=False|period=14|squeeze_pct=20,both,all,NEEDS_MORE_DATA,15,,,,,,,,,,,,,,,,only 15 trades < min 20,binance_rest
run_20260426_191100,BTC/USDT,crypto,M15,volatility,atr_compression,confirm_ema=True|period=14|squeeze_pct=30,both,all,NEEDS_MORE_DATA,14,,,,,,,,,,,,,,,,only 14 trades < min 20,binance_rest
run_20260426_191100,BTC/USDT,crypto,M15,volatility,atr_compression,confirm_ema=False|period=14|squeeze_pct=30,both,all,NEEDS_MORE_DATA,18,,,,,,,,,,,,,,,,only 18 trades < min 20,binance_rest
run_20260426_191100,BTC/USDT,crypto,M15,engine_b_proxy,ob_bos,require_engulf=False|require_vol_expand=False|swing_period=5,both,all,NEEDS_MORE_DATA,18,,,,,,,,,,,,,,,,only 18 trades < min 20,binance_rest
run_20260426_191100,BTC/USDT,crypto,M15,engine_b_proxy,ob_bos,require_engulf=False|require_vol_expand=True|swing_period=5,both,all,NEEDS_MORE_DATA,14,,,,,,,,,,,,,,,,only 14 trades < min 20,binance_rest
run_20260426_191100,BTC/USDT,crypto,M15,engine_b_proxy,ob_bos,require_engulf=True|require_vol_expand=False|swing_period=5,both,all,NEEDS_MORE_DATA,17,,,,,,,,,,,,,,,,only 17 trades < min 20,binance_rest
run_20260426_191100,BTC/USDT,crypto,M15,engine_b_proxy,ob_bos,require_engulf=True|require_vol_expand=True|swing_period=5,both,all,NEEDS_MORE_DATA,14,,,,,,,,,,,,,,,,only 14 trades < min 20,binance_rest
run_20260426_191100,BTC/USDT,crypto,M15,engine_b_proxy,ob_bos,require_engulf=False|require_vol_expand=False|swing_period=10,both,all,NEEDS_MORE_DATA,11,,,,,,,,,,,,,,,,only 11 trades < min 20,binance_rest
run_20260426_191100,BTC/USDT,crypto,M15,engine_b_proxy,ob_bos,require_engulf=False|require_vol_expand=True|swing_period=10,both,all,NEEDS_MORE_DATA,11,,,,,,,,,,,,,,,,only 11 trades < min 20,binance_rest
run_20260426_191100,BTC/USDT,crypto,M15,engine_b_proxy,ob_bos,require_engulf=True|require_vol_expand=False|swing_period=10,both,all,NEEDS_MORE_DATA,11,,,,,,,,,,,,,,,,only 11 trades < min 20,binance_rest
run_20260426_191100,BTC/USDT,crypto,M15,engine_b_proxy,ob_bos,require_engulf=True|require_vol_expand=True|swing_period=10,both,all,NEEDS_MORE_DATA,11,,,,,,,,,,,,,,,,only 11 trades < min 20,binance_rest
run_20260426_191100,BTC/USDT,crypto,M15,engine_b_proxy,structure_filters,fvg_detection=False|strong_close_pct=0.7,both,all,REJECT,330,0.154545,0.187434,-0.001999,-0.001999,-0.484980,-5.422196,-12.363539,0.330330,2.924242,-0.484107,-0.484107,-0.364149,-0.190598,0.557022,,,binance_rest
run_20260426_191100,BTC/USDT,crypto,M15,engine_b_proxy,structure_filters,fvg_detection=True|strong_close_pct=0.7,both,all,REJECT,37,0.270270,0.489058,-0.001583,-0.001583,-0.059740,-0.673376,-1.373954,0.037037,11.675676,-0.057770,-0.057770,-0.031925,-0.020868,0.518104,,,binance_rest
run_20260426_191100,BTC/USDT,crypto,M15,engine_b_proxy,structure_filters,fvg_detection=False|strong_close_pct=0.8,both,all,REJECT,237,0.172996,0.247366,-0.001936,-0.001936,-0.378875,-3.811470,-8.413104,0.237237,3.814346,-0.369262,-0.369262,-0.255052,-0.160817,0.589158,,,binance_rest
run_20260426_191100,BTC/USDT,crypto,M15,engine_b_proxy,structure_filters,fvg_detection=True|strong_close_pct=0.8,both,all,REJECT,27,0.370370,0.660730,-0.001049,-0.001049,-0.035360,-0.335768,-0.674324,0.027027,13.259259,-0.028773,-0.028773,-0.006252,-0.016808,0.262000,,,binance_rest
run_20260426_191100,BTC/USDT,crypto,M15,engine_d_proxy,vwap_reclaim,atr_sl_mult=0.5|band_std=0.5,both,all,NEEDS_MORE_DATA,15,,,,,,,,,,,,,,,,only 15 trades < min 20,binance_rest
run_20260426_191100,BTC/USDT,crypto,M15,engine_d_proxy,vwap_reclaim,atr_sl_mult=1.0|band_std=0.5,both,all,NEEDS_MORE_DATA,15,,,,,,,,,,,,,,,,only 15 trades < min 20,binance_rest
run_20260426_191100,BTC/USDT,crypto,M15,engine_d_proxy,vwap_reclaim,atr_sl_mult=0.5|band_std=1.0,both,all,NEEDS_MORE_DATA,7,,,,,,,,,,,,,,,,only 7 trades < min 20,binance_rest
run_20260426_191100,BTC/USDT,crypto,M15,engine_d_proxy,vwap_reclaim,atr_sl_mult=1.0|band_std=1.0,both,all,NEEDS_MORE_DATA,7,,,,,,,,,,,,,,,,only 7 trades < min 20,binance_rest
run_20260426_191100,BTC/USDT,crypto,M15,engine_d_proxy,micro_breakout,atr_sl_mult=0.5|fee_guard_r=0.5|range_bars=3,both,all,REJECT,96,0.250000,0.382079,-0.001971,-0.001971,-0.173687,-1.712727,-3.615735,0.096096,10.270833,-0.173687,-0.173687,-0.114380,-0.071128,0.586556,,,binance_rest
run_20260426_191100,BTC/USDT,crypto,M15,engine_d_proxy,micro_breakout,atr_sl_mult=1.0|fee_guard_r=0.5|range_bars=3,both,all,REJECT,96,0.250000,0.382079,-0.001971,-0.001971,-0.173687,-1.712727,-3.615735,0.096096,10.270833,-0.173687,-0.173687,-0.114380,-0.071128,0.586556,,,binance_rest
run_20260426_191100,BTC/USDT,crypto,M15,engine_d_proxy,micro_breakout,atr_sl_mult=0.5|fee_guard_r=0.5|range_bars=6,both,all,REJECT,56,0.250000,0.497792,-0.002008,-0.002008,-0.107895,-0.962026,-1.978626,0.056056,17.589286,-0.107895,-0.107895,-0.047221,-0.063526,0.596410,,,binance_rest
run_20260426_191100,BTC/USDT,crypto,M15,engine_d_proxy,micro_breakout,atr_sl_mult=1.0|fee_guard_r=0.5|range_bars=6,both,all,REJECT,56,0.250000,0.497792,-0.002008,-0.002008,-0.107895,-0.962026,-1.978626,0.056056,17.589286,-0.107895,-0.107895,-0.047221,-0.063526,0.596410,,,binance_rest
run_20260426_191100,BTC/USDT,crypto,M15,engine_d_proxy,ema_scalp_pullback,atr_sl_mult=0.5|ema_period=21,both,all,REJECT,147,0.108844,0.252280,-0.002362,-0.002362,-0.295013,-2.548539,-5.505067,0.147147,6.734694,-0.295013,-0.295013,-0.189969,-0.133508,0.610837,,,binance_rest
run_20260426_191100,BTC/USDT,crypto,M15,engine_d_proxy,ema_scalp_pullback,atr_sl_mult=1.0|ema_period=21,both,all,REJECT,147,0.108844,0.252280,-0.002362,-0.002362,-0.295013,-2.548539,-5.505067,0.147147,6.734694,-0.295013,-0.295013,-0.189969,-0.133508,0.610837,,,binance_rest
run_20260426_191100,EUR/USD,forex,M15,trend_momentum,ema_cross,adx_min=0|fast_period=10|rsi_confirm=False|slow_period=50,both,all,REJECT,23,0.260870,0.295241,-0.001052,-0.001052,-0.023971,-1.031715,-2.268820,0.023023,41.217391,-0.023971,-0.023971,-0.019207,-0.005758,0.327937,,,mt5
run_20260426_191100,EUR/USD,forex,M15,trend_momentum,ema_cross,adx_min=0|fast_period=10|rsi_confirm=True|slow_period=50,both,all,REJECT,22,0.272727,0.355209,-0.000836,-0.000836,-0.018282,-0.896253,-1.927129,0.022022,41.636364,-0.018282,-0.018282,-0.013490,-0.005758,0.360048,,,mt5
run_20260426_191100,EUR/USD,forex,M15,trend_momentum,ema_cross,adx_min=20|fast_period=10|rsi_confirm=False|slow_period=50,both,all,REJECT,23,0.260870,0.295241,-0.001052,-0.001052,-0.023971,-1.031715,-2.268820,0.023023,41.217391,-0.023971,-0.023971,-0.019207,-0.005758,0.327937,,,mt5
run_20260426_191100,EUR/USD,forex,M15,trend_momentum,ema_cross,adx_min=20|fast_period=10|rsi_confirm=True|slow_period=50,both,all,REJECT,22,0.272727,0.355209,-0.000836,-0.000836,-0.018282,-0.896253,-1.927129,0.022022,41.636364,-0.018282,-0.018282,-0.013490,-0.005758,0.360048,,,mt5
run_20260426_191100,EUR/USD,forex,M15,trend_momentum,ema_cross,adx_min=25|fast_period=10|rsi_confirm=False|slow_period=50,both,all,NEEDS_MORE_DATA,15,,,,,,,,,,,,,,,,only 15 trades < min 20,mt5
run_20260426_191100,EUR/USD,forex,M15,trend_momentum,ema_cross,adx_min=25|fast_period=10|rsi_confirm=True|slow_period=50,both,all,NEEDS_MORE_DATA,14,,,,,,,,,,,,,,,,only 14 trades < min 20,mt5
run_20260426_191100,EUR/USD,forex,M15,trend_momentum,ema_cross,adx_min=0|fast_period=10|rsi_confirm=False|slow_period=100,both,all,NEEDS_MORE_DATA,15,,,,,,,,,,,,,,,,only 15 trades < min 20,mt5
run_20260426_191100,EUR/USD,forex,M15,trend_momentum,ema_cross,adx_min=0|fast_period=10|rsi_confirm=True|slow_period=100,both,all,NEEDS_MORE_DATA,14,,,,,,,,,,,,,,,,only 14 trades < min 20,mt5
run_20260426_191100,EUR/USD,forex,M15,trend_momentum,ema_cross,adx_min=20|fast_period=10|rsi_confirm=False|slow_period=100,both,all,NEEDS_MORE_DATA,15,,,,,,,,,,,,,,,,only 15 trades < min 20,mt5
run_20260426_191100,EUR/USD,forex,M15,trend_momentum,ema_cross,adx_min=20|fast_period=10|rsi_confirm=True|slow_period=100,both,all,NEEDS_MORE_DATA,14,,,,,,,,,,,,,,,,only 14 trades < min 20,mt5
run_20260426_191100,EUR/USD,forex,M15,trend_momentum,ema_cross,adx_min=25|fast_period=10|rsi_confirm=False|slow_period=100,both,all,NEEDS_MORE_DATA,14,,,,,,,,,,,,,,,,only 14 trades < min 20,mt5
run_20260426_191100,EUR/USD,forex,M15,trend_momentum,ema_cross,adx_min=25|fast_period=10|rsi_confirm=True|slow_period=100,both,all,NEEDS_MORE_DATA,13,,,,,,,,,,,,,,,,only 13 trades < min 20,mt5
run_20260426_191100,EUR/USD,forex,M15,trend_momentum,ema_cross,adx_min=0|fast_period=10|rsi_confirm=False|slow_period=200,both,all,NEEDS_MORE_DATA,11,,,,,,,,,,,,,,,,only 11 trades < min 20,mt5
run_20260426_191100,EUR/USD,forex,M15,trend_momentum,ema_cross,adx_min=0|fast_period=10|rsi_confirm=True|slow_period=200,both,all,NEEDS_MORE_DATA,10,,,,,,,,,,,,,,,,only 10 trades < min 20,mt5
run_20260426_191100,EUR/USD,forex,M15,trend_momentum,ema_cross,adx_min=20|fast_period=10|rsi_confirm=False|slow_period=200,both,all,NEEDS_MORE_DATA,11,,,,,,,,,,,,,,,,only 11 trades < min 20,mt5
run_20260426_191100,EUR/USD,forex,M15,trend_momentum,ema_cross,adx_min=20|fast_period=10|rsi_confirm=True|slow_period=200,both,all,NEEDS_MORE_DATA,10,,,,,,,,,,,,,,,,only 10 trades < min 20,mt5
run_20260426_191100,EUR/USD,forex,M15,trend_momentum,ema_cross,adx_min=25|fast_period=10|rsi_confirm=False|slow_period=200,both,all,NEEDS_MORE_DATA,10,,,,,,,,,,,,,,,,only 10 trades < min 20,mt5
run_20260426_191100,EUR/USD,forex,M15,trend_momentum,ema_cross,adx_min=25|fast_period=10|rsi_confirm=True|slow_period=200,both,all,NEEDS_MORE_DATA,9,,,,,,,,,,,,,,,,only 9 trades < min 20,mt5
run_20260426_191100,EUR/USD,forex,M15,trend_momentum,ema_cross,adx_min=0|fast_period=20|rsi_confirm=False|slow_period=50,both,all,NEEDS_MORE_DATA,15,,,,,,,,,,,,,,,,only 15 trades < min 20,mt5
run_20260426_191100,EUR/USD,forex,M15,trend_momentum,ema_cross,adx_min=0|fast_period=20|rsi_confirm=True|slow_period=50,both,all,NEEDS_MORE_DATA,14,,,,,,,,,,,,,,,,only 14 trades < min 20,mt5
run_20260426_191100,EUR/USD,forex,M15,trend_momentum,ema_cross,adx_min=20|fast_period=20|rsi_confirm=False|slow_period=50,both,all,NEEDS_MORE_DATA,14,,,,,,,,,,,,,,,,only 14 trades < min 20,mt5
run_20260426_191100,EUR/USD,forex,M15,trend_momentum,ema_cross,adx_min=20|fast_period=20|rsi_confirm=True|slow_period=50,both,all,NEEDS_MORE_DATA,13,,,,,,,,,,,,,,,,only 13 trades < min 20,mt5
run_20260426_191100,EUR/USD,forex,M15,trend_momentum,ema_cross,adx_min=25|fast_period=20|rsi_confirm=False|slow_period=50,both,all,NEEDS_MORE_DATA,12,,,,,,,,,,,,,,,,only 12 trades < min 20,mt5
run_20260426_191100,EUR/USD,forex,M15,trend_momentum,ema_cross,adx_min=25|fast_period=20|rsi_confirm=True|slow_period=50,both,all,NEEDS_MORE_DATA,11,,,,,,,,,,,,,,,,only 11 trades < min 20,mt5
run_20260426_191100,EUR/USD,forex,M15,trend_momentum,ema_cross,adx_min=0|fast_period=20|rsi_confirm=False|slow_period=100,both,all,NEEDS_MORE_DATA,11,,,,,,,,,,,,,,,,only 11 trades < min 20,mt5
run_20260426_191100,EUR/USD,forex,M15,trend_momentum,ema_cross,adx_min=0|fast_period=20|rsi_confirm=True|slow_period=100,both,all,NEEDS_MORE_DATA,10,,,,,,,,,,,,,,,,only 10 trades < min 20,mt5
run_20260426_191100,EUR/USD,forex,M15,trend_momentum,ema_cross,adx_min=20|fast_period=20|rsi_confirm=False|slow_period=100,both,all,NEEDS_MORE_DATA,11,,,,,,,,,,,,,,,,only 11 trades < min 20,mt5
run_20260426_191100,EUR/USD,forex,M15,trend_momentum,ema_cross,adx_min=20|fast_period=20|rsi_confirm=True|slow_period=100,both,all,NEEDS_MORE_DATA,10,,,,,,,,,,,,,,,,only 10 trades < min 20,mt5
run_20260426_191100,EUR/USD,forex,M15,trend_momentum,ema_cross,adx_min=25|fast_period=20|rsi_confirm=False|slow_period=100,both,all,NEEDS_MORE_DATA,10,,,,,,,,,,,,,,,,only 10 trades < min 20,mt5
run_20260426_191100,EUR/USD,forex,M15,trend_momentum,ema_cross,adx_min=25|fast_period=20|rsi_confirm=True|slow_period=100,both,all,NEEDS_MORE_DATA,9,,,,,,,,,,,,,,,,only 9 trades < min 20,mt5
run_20260426_191100,EUR/USD,forex,M15,trend_momentum,ema_cross,adx_min=0|fast_period=20|rsi_confirm=False|slow_period=200,both,all,NEEDS_MORE_DATA,9,,,,,,,,,,,,,,,,only 9 trades < min 20,mt5
run_20260426_191100,EUR/USD,forex,M15,trend_momentum,ema_cross,adx_min=0|fast_period=20|rsi_confirm=True|slow_period=200,both,all,NEEDS_MORE_DATA,8,,,,,,,,,,,,,,,,only 8 trades < min 20,mt5
run_20260426_191100,EUR/USD,forex,M15,trend_momentum,ema_cross,adx_min=20|fast_period=20|rsi_confirm=False|slow_period=200,both,all,NEEDS_MORE_DATA,9,,,,,,,,,,,,,,,,only 9 trades < min 20,mt5
run_20260426_191100,EUR/USD,forex,M15,trend_momentum,ema_cross,adx_min=20|fast_period=20|rsi_confirm=True|slow_period=200,both,all,NEEDS_MORE_DATA,8,,,,,,,,,,,,,,,,only 8 trades < min 20,mt5
run_20260426_191100,EUR/USD,forex,M15,trend_momentum,ema_cross,adx_min=25|fast_period=20|rsi_confirm=False|slow_period=200,both,all,NEEDS_MORE_DATA,8,,,,,,,,,,,,,,,,only 8 trades < min 20,mt5
run_20260426_191100,EUR/USD,forex,M15,trend_momentum,ema_cross,adx_min=25|fast_period=20|rsi_confirm=True|slow_period=200,both,all,NEEDS_MORE_DATA,7,,,,,,,,,,,,,,,,only 7 trades < min 20,mt5
run_20260426_191100,EUR/USD,forex,M15,trend_momentum,ema_alignment,adx_min=0|ema_long=200|ema_mid=50|ema_short=20,both,all,NEEDS_MORE_DATA,12,,,,,,,,,,,,,,,,only 12 trades < min 20,mt5
run_20260426_191100,EUR/USD,forex,M15,trend_momentum,ema_alignment,adx_min=20|ema_long=200|ema_mid=50|ema_short=20,both,all,NEEDS_MORE_DATA,12,,,,,,,,,,,,,,,,only 12 trades < min 20,mt5
run_20260426_191100,EUR/USD,forex,M15,trend_momentum,ema_alignment,adx_min=25|ema_long=200|ema_mid=50|ema_short=20,both,all,NEEDS_MORE_DATA,12,,,,,,,,,,,,,,,,only 12 trades < min 20,mt5
run_20260426_191100,EUR/USD,forex,M15,trend_momentum,macd_direction,adx_min=0|fast=12|signal_period=9|slow=26,both,all,REJECT,66,0.136364,0.166507,-0.001153,-0.001153,-0.073381,-2.481761,-6.112550,0.066066,14.924242,-0.073381,-0.073381,-0.049423,-0.024938,0.551375,,,mt5
run_20260426_191100,EUR/USD,forex,M15,trend_momentum,macd_direction,adx_min=20|fast=12|signal_period=9|slow=26,both,all,REJECT,63,0.142857,0.180593,-0.001109,-0.001109,-0.067599,-2.336719,-5.654175,0.063063,15.158730,-0.067599,-0.067599,-0.047335,-0.021004,0.533120,,,mt5
run_20260426_191100,EUR/USD,forex,M15,pullback,pullback_ema,pullback_period=20|rsi_reclaim=False|rsi_threshold=50|trend_period=200,both,all,REJECT,71,0.028169,0.043747,-0.001027,-0.001027,-0.070367,-3.389576,-10.629837,0.071071,6.028169,-0.070367,-0.070367,-0.049442,-0.020879,0.526690,,,mt5
run_20260426_191100,EUR/USD,forex,M15,pullback,pullback_ema,pullback_period=20|rsi_reclaim=True|rsi_threshold=50|trend_period=200,both,all,REJECT,62,0.032258,0.053264,-0.000956,-0.000956,-0.057596,-3.416225,-12.437306,0.062062,6.290323,-0.057596,-0.057596,-0.038652,-0.018569,0.544121,,,mt5
run_20260426_191100,EUR/USD,forex,M15,pullback,pullback_ema,pullback_period=50|rsi_reclaim=False|rsi_threshold=50|trend_period=200,both,all,REJECT,31,0.064516,0.085251,-0.001045,-0.001045,-0.031954,-1.944135,-5.313776,0.031031,12.838710,-0.031907,-0.031907,-0.026878,-0.004634,0.337724,,,mt5
run_20260426_191100,EUR/USD,forex,M15,pullback,pullback_ema,pullback_period=50|rsi_reclaim=True|rsi_threshold=50|trend_period=200,both,all,NEEDS_MORE_DATA,17,,,,,,,,,,,,,,,,only 17 trades < min 20,mt5
run_20260426_191100,EUR/USD,forex,M15,breakout,prev_day_hl,atr_expand_min=0.0,both,all,NEEDS_MORE_DATA,6,,,,,,,,,,,,,,,,only 6 trades < min 20,mt5
run_20260426_191100,EUR/USD,forex,M15,breakout,prev_day_hl,atr_expand_min=0.5,both,all,NEEDS_MORE_DATA,6,,,,,,,,,,,,,,,,only 6 trades < min 20,mt5
run_20260426_191100,EUR/USD,forex,M15,breakout,prev_day_hl,atr_expand_min=1.0,both,all,NEEDS_MORE_DATA,6,,,,,,,,,,,,,,,,only 6 trades < min 20,mt5
run_20260426_191100,EUR/USD,forex,M15,breakout,session_opening_range,atr_expand_min=0.0|range_bars=6,both,all,REJECT,72,0.097222,0.110567,-0.001369,-0.001369,-0.094024,-2.987108,-8.070214,0.072072,13.472222,-0.094024,-0.094024,-0.071487,-0.020257,0.485011,,,mt5
run_20260426_191100,EUR/USD,forex,M15,breakout,session_opening_range,atr_expand_min=0.5|range_bars=6,both,all,REJECT,72,0.083333,0.107819,-0.001383,-0.001383,-0.094890,-3.010624,-8.188248,0.072072,13.347222,-0.094890,-0.094890,-0.072005,-0.020647,0.486025,,,mt5
run_20260426_191100,EUR/USD,forex,M15,breakout,session_opening_range,atr_expand_min=0.0|range_bars=12,both,all,REJECT,37,0.216216,0.225397,-0.001119,-0.001119,-0.042558,-1.759981,-4.251321,0.037037,24.972973,-0.040642,-0.040642,-0.030040,-0.011708,0.438925,,,mt5
run_20260426_191100,EUR/USD,forex,M15,breakout,session_opening_range,atr_expand_min=0.5|range_bars=12,both,all,REJECT,37,0.216216,0.225397,-0.001119,-0.001119,-0.042558,-1.759981,-4.251321,0.037037,24.972973,-0.040642,-0.040642,-0.030040,-0.011708,0.438925,,,mt5
run_20260426_191100,EUR/USD,forex,M15,breakout,london_breakout,atr_expand_min=0.0|utc_end=11|utc_start=7,both,all,NEEDS_MORE_DATA,15,,,,,,,,,,,,,,,,only 15 trades < min 20,mt5
run_20260426_191100,EUR/USD,forex,M15,breakout,london_breakout,atr_expand_min=0.5|utc_end=11|utc_start=7,both,all,NEEDS_MORE_DATA,15,,,,,,,,,,,,,,,,only 15 trades < min 20,mt5
run_20260426_191100,EUR/USD,forex,M15,breakout,ny_breakout,atr_expand_min=0.0|utc_end=16|utc_start=13,both,all,NEEDS_MORE_DATA,11,,,,,,,,,,,,,,,,only 11 trades < min 20,mt5
run_20260426_191100,EUR/USD,forex,M15,breakout,ny_breakout,atr_expand_min=0.5|utc_end=16|utc_start=13,both,all,NEEDS_MORE_DATA,11,,,,,,,,,,,,,,,,only 11 trades < min 20,mt5
run_20260426_191100,EUR/USD,forex,M15,mean_reversion,rsi_extreme,overbought=70|oversold=30|period=14,both,all,NEEDS_MORE_DATA,13,,,,,,,,,,,,,,,,only 13 trades < min 20,mt5
run_20260426_191100,EUR/USD,forex,M15,mean_reversion,rsi_extreme,overbought=75|oversold=30|period=14,both,all,NEEDS_MORE_DATA,11,,,,,,,,,,,,,,,,only 11 trades < min 20,mt5
run_20260426_191100,EUR/USD,forex,M15,mean_reversion,rsi_extreme,overbought=70|oversold=25|period=14,both,all,NEEDS_MORE_DATA,9,,,,,,,,,,,,,,,,only 9 trades < min 20,mt5
run_20260426_191100,EUR/USD,forex,M15,mean_reversion,rsi_extreme,overbought=75|oversold=25|period=14,both,all,NEEDS_MORE_DATA,7,,,,,,,,,,,,,,,,only 7 trades < min 20,mt5
run_20260426_191100,EUR/USD,forex,M15,mean_reversion,bollinger_touch,num_std=2.0|period=20,both,all,REJECT,35,0.228571,0.105984,-0.000729,-0.000729,-0.025974,-1.460578,-3.323067,0.035035,14.057143,-0.025226,-0.025226,-0.018659,-0.006692,0.417597,,,mt5
run_20260426_191100,EUR/USD,forex,M15,mean_reversion,bollinger_touch,num_std=2.5|period=20,both,all,REJECT,21,0.380952,0.143973,-0.000568,-0.000568,-0.012640,-1.048035,-2.338831,0.021021,15.476190,-0.011882,-0.011882,-0.006174,-0.005743,0.513067,,,mt5
run_20260426_191100,EUR/USD,forex,M15,mean_reversion,vwap_deviation,std_threshold=1.5,both,all,NEEDS_MORE_DATA,9,,,,,,,,,,,,,,,,only 9 trades < min 20,mt5
run_20260426_191100,EUR/USD,forex,M15,mean_reversion,vwap_deviation,std_threshold=2.0,both,all,NEEDS_MORE_DATA,5,,,,,,,,,,,,,,,,only 5 trades < min 20,mt5
run_20260426_191100,EUR/USD,forex,M15,volatility,bb_squeeze_breakout,confirm_ema=True|period=20|squeeze_pct=20,both,all,REJECT,22,0.136364,0.179890,-0.000756,-0.000756,-0.017980,-1.506013,-3.873357,0.022022,8.227273,-0.016516,-0.016516,-0.012897,-0.003666,0.317269,,,mt5
run_20260426_191100,EUR/USD,forex,M15,volatility,bb_squeeze_breakout,confirm_ema=False|period=20|squeeze_pct=20,both,all,REJECT,22,0.136364,0.169332,-0.000814,-0.000814,-0.019223,-1.544364,-4.042126,0.022022,8.909091,-0.017760,-0.017760,-0.013354,-0.004466,0.332318,,,mt5
run_20260426_191100,EUR/USD,forex,M15,volatility,bb_squeeze_breakout,confirm_ema=True|period=20|squeeze_pct=30,both,all,REJECT,22,0.181818,0.309171,-0.000646,-0.000646,-0.018002,-1.094846,-2.456059,0.022022,9.727273,-0.014143,-0.014143,-0.010028,-0.004156,0.356336,,,mt5
run_20260426_191100,EUR/USD,forex,M15,volatility,bb_squeeze_breakout,confirm_ema=False|period=20|squeeze_pct=30,both,all,REJECT,22,0.181818,0.303784,-0.000663,-0.000663,-0.018361,-1.111983,-2.505122,0.022022,10.045455,-0.014503,-0.014503,-0.010390,-0.004156,0.352006,,,mt5
run_20260426_191100,EUR/USD,forex,M15,volatility,atr_compression,confirm_ema=True|period=14|squeeze_pct=20,both,all,NEEDS_MORE_DATA,13,,,,,,,,,,,,,,,,only 13 trades < min 20,mt5
run_20260426_191100,EUR/USD,forex,M15,volatility,atr_compression,confirm_ema=False|period=14|squeeze_pct=20,both,all,NEEDS_MORE_DATA,15,,,,,,,,,,,,,,,,only 15 trades < min 20,mt5
run_20260426_191100,EUR/USD,forex,M15,volatility,atr_compression,confirm_ema=True|period=14|squeeze_pct=30,both,all,NEEDS_MORE_DATA,15,,,,,,,,,,,,,,,,only 15 trades < min 20,mt5
run_20260426_191100,EUR/USD,forex,M15,volatility,atr_compression,confirm_ema=False|period=14|squeeze_pct=30,both,all,NEEDS_MORE_DATA,15,,,,,,,,,,,,,,,,only 15 trades < min 20,mt5
run_20260426_191100,EUR/USD,forex,M15,engine_b_proxy,ob_bos,require_engulf=False|require_vol_expand=False|swing_period=5,both,all,REJECT,22,0.090909,0.172584,-0.001223,-0.001223,-0.026599,-1.370908,-3.340161,0.022022,35.545455,-0.026599,-0.026599,-0.010014,-0.015366,0.371693,,,mt5
run_20260426_191100,EUR/USD,forex,M15,engine_b_proxy,ob_bos,require_engulf=False|require_vol_expand=True|swing_period=5,both,all,NEEDS_MORE_DATA,17,,,,,,,,,,,,,,,,only 17 trades < min 20,mt5
run_20260426_191100,EUR/USD,forex,M15,engine_b_proxy,ob_bos,require_engulf=True|require_vol_expand=False|swing_period=5,both,all,REJECT,20,0.100000,0.224878,-0.001086,-0.001086,-0.021528,-1.126473,-2.585511,0.020020,37.000000,-0.021528,-0.021528,-0.009708,-0.010543,0.494961,,,mt5
run_20260426_191100,EUR/USD,forex,M15,engine_b_proxy,ob_bos,require_engulf=True|require_vol_expand=True|swing_period=5,both,all,NEEDS_MORE_DATA,17,,,,,,,,,,,,,,,,only 17 trades < min 20,mt5
run_20260426_191100,EUR/USD,forex,M15,engine_b_proxy,ob_bos,require_engulf=False|require_vol_expand=False|swing_period=10,both,all,NEEDS_MORE_DATA,10,,,,,,,,,,,,,,,,only 10 trades < min 20,mt5
run_20260426_191100,EUR/USD,forex,M15,engine_b_proxy,ob_bos,require_engulf=False|require_vol_expand=True|swing_period=10,both,all,NEEDS_MORE_DATA,9,,,,,,,,,,,,,,,,only 9 trades < min 20,mt5
run_20260426_191100,EUR/USD,forex,M15,engine_b_proxy,ob_bos,require_engulf=True|require_vol_expand=False|swing_period=10,both,all,NEEDS_MORE_DATA,10,,,,,,,,,,,,,,,,only 10 trades < min 20,mt5
run_20260426_191100,EUR/USD,forex,M15,engine_b_proxy,ob_bos,require_engulf=True|require_vol_expand=True|swing_period=10,both,all,NEEDS_MORE_DATA,9,,,,,,,,,,,,,,,,only 9 trades < min 20,mt5
run_20260426_191100,EUR/USD,forex,M15,engine_b_proxy,structure_filters,fvg_detection=False|strong_close_pct=0.7,both,all,REJECT,312,0.048077,0.037078,-0.001007,-0.001007,-0.269840,-8.629458,-29.112431,0.312312,3.086538,-0.269840,-0.269840,-0.198978,-0.089107,0.534347,,,mt5
run_20260426_191100,EUR/USD,forex,M15,engine_b_proxy,structure_filters,fvg_detection=True|strong_close_pct=0.7,both,all,REJECT,32,0.093750,0.250473,-0.000979,-0.000979,-0.030904,-1.490438,-3.467029,0.032032,9.625000,-0.030904,-0.030904,-0.015981,-0.015165,0.576693,,,mt5
run_20260426_191100,EUR/USD,forex,M15,engine_b_proxy,structure_filters,fvg_detection=False|strong_close_pct=0.8,both,all,REJECT,235,0.055319,0.038033,-0.001037,-0.001037,-0.216479,-7.129937,-24.233658,0.235235,3.936170,-0.216479,-0.216479,-0.154741,-0.071779,0.539160,,,mt5
run_20260426_191100,EUR/USD,forex,M15,engine_b_proxy,structure_filters,fvg_detection=True|strong_close_pct=0.8,both,all,REJECT,21,0.142857,0.343454,-0.000839,-0.000839,-0.018588,-0.989918,-2.179373,0.021021,10.523810,-0.017513,-0.017513,-0.005901,-0.011681,0.352595,,,mt5
run_20260426_191100,EUR/USD,forex,M15,engine_d_proxy,vwap_reclaim,atr_sl_mult=0.5|band_std=0.5,both,all,NEEDS_MORE_DATA,11,,,,,,,,,,,,,,,,only 11 trades < min 20,mt5
run_20260426_191100,EUR/USD,forex,M15,engine_d_proxy,vwap_reclaim,atr_sl_mult=1.0|band_std=0.5,both,all,NEEDS_MORE_DATA,11,,,,,,,,,,,,,,,,only 11 trades < min 20,mt5
run_20260426_191100,EUR/USD,forex,M15,engine_d_proxy,vwap_reclaim,atr_sl_mult=0.5|band_std=1.0,both,all,NEEDS_MORE_DATA,9,,,,,,,,,,,,,,,,only 9 trades < min 20,mt5
run_20260426_191100,EUR/USD,forex,M15,engine_d_proxy,vwap_reclaim,atr_sl_mult=1.0|band_std=1.0,both,all,NEEDS_MORE_DATA,9,,,,,,,,,,,,,,,,only 9 trades < min 20,mt5
run_20260426_191100,EUR/USD,forex,M15,engine_d_proxy,micro_breakout,atr_sl_mult=0.5|fee_guard_r=0.5|range_bars=3,both,all,REJECT,98,0.081633,0.115556,-0.001110,-0.001110,-0.103190,-3.334312,-8.618261,0.098098,10.030612,-0.103190,-0.103190,-0.071637,-0.032848,0.537560,,,mt5
run_20260426_191100,EUR/USD,forex,M15,engine_d_proxy,micro_breakout,atr_sl_mult=1.0|fee_guard_r=0.5|range_bars=3,both,all,REJECT,98,0.081633,0.115556,-0.001110,-0.001110,-0.103190,-3.334312,-8.618261,0.098098,10.030612,-0.103190,-0.103190,-0.071637,-0.032848,0.537560,,,mt5
run_20260426_191100,EUR/USD,forex,M15,engine_d_proxy,micro_breakout,atr_sl_mult=0.5|fee_guard_r=0.5|range_bars=6,both,all,REJECT,72,0.097222,0.110567,-0.001369,-0.001369,-0.094024,-2.987108,-8.070214,0.072072,13.472222,-0.094024,-0.094024,-0.071487,-0.020257,0.485011,,,mt5
run_20260426_191100,EUR/USD,forex,M15,engine_d_proxy,micro_breakout,atr_sl_mult=1.0|fee_guard_r=0.5|range_bars=6,both,all,REJECT,72,0.097222,0.110567,-0.001369,-0.001369,-0.094024,-2.987108,-8.070214,0.072072,13.472222,-0.094024,-0.094024,-0.071487,-0.020257,0.485011,,,mt5
run_20260426_191100,EUR/USD,forex,M15,engine_d_proxy,ema_scalp_pullback,atr_sl_mult=0.5|ema_period=21,both,all,REJECT,142,0.049296,0.087876,-0.001124,-0.001124,-0.147622,-4.653683,-13.369243,0.142142,6.514085,-0.147622,-0.147622,-0.103288,-0.047957,0.539290,,,mt5
run_20260426_191100,EUR/USD,forex,M15,engine_d_proxy,ema_scalp_pullback,atr_sl_mult=1.0|ema_period=21,both,all,REJECT,142,0.049296,0.087876,-0.001124,-0.001124,-0.147622,-4.653683,-13.369243,0.142142,6.514085,-0.147622,-0.147622,-0.103288,-0.047957,0.539290,,,mt5
run_20260426_191100,SOL/USDT,crypto,M15,trend_momentum,ema_cross,adx_min=0|fast_period=10|rsi_confirm=False|slow_period=50,both,all,REJECT,37,0.135135,0.371021,-0.003927,-0.003927,-0.136990,-1.142146,-2.445934,0.037037,26.567568,-0.136990,-0.136990,-0.060849,-0.068422,0.584665,,,binance_rest
run_20260426_191100,SOL/USDT,crypto,M15,trend_momentum,ema_cross,adx_min=0|fast_period=10|rsi_confirm=True|slow_period=50,both,all,REJECT,34,0.147059,0.427551,-0.003383,-0.003383,-0.110724,-0.947330,-1.990509,0.034034,28.529412,-0.110294,-0.110294,-0.036664,-0.063716,0.382644,,,binance_rest
run_20260426_191100,SOL/USDT,crypto,M15,trend_momentum,ema_cross,adx_min=20|fast_period=10|rsi_confirm=False|slow_period=50,both,all,REJECT,34,0.147059,0.401256,-0.003761,-0.003761,-0.121783,-1.020361,-2.163548,0.034034,27.264706,-0.121783,-0.121783,-0.051795,-0.061059,0.550343,,,binance_rest
run_20260426_191100,SOL/USDT,crypto,M15,trend_momentum,ema_cross,adx_min=20|fast_period=10|rsi_confirm=True|slow_period=50,both,all,REJECT,31,0.161290,0.467603,-0.003155,-0.003155,-0.103695,-0.818235,-1.702171,0.031031,29.483871,-0.094798,-0.094798,-0.027571,-0.056316,0.286000,,,binance_rest
run_20260426_191100,SOL/USDT,crypto,M15,trend_momentum,ema_cross,adx_min=25|fast_period=10|rsi_confirm=False|slow_period=50,both,all,REJECT,28,0.142857,0.352153,-0.004211,-0.004211,-0.112664,-1.035880,-2.235333,0.028028,28.000000,-0.112664,-0.112664,-0.054857,-0.048236,0.531790,,,binance_rest
run_20260426_191100,SOL/USDT,crypto,M15,trend_momentum,ema_cross,adx_min=25|fast_period=10|rsi_confirm=True|slow_period=50,both,all,REJECT,25,0.160000,0.422636,-0.003513,-0.003513,-0.094389,-0.817819,-1.720615,0.025025,30.840000,-0.085399,-0.085399,-0.030712,-0.043428,0.425778,,,binance_rest
run_20260426_191100,SOL/USDT,crypto,M15,trend_momentum,ema_cross,adx_min=0|fast_period=10|rsi_confirm=False|slow_period=100,both,all,REJECT,25,0.200000,0.464470,-0.003327,-0.003327,-0.081150,-0.771485,-1.612914,0.025025,39.280000,-0.081150,-0.081150,-0.035056,-0.058512,0.349269,,,binance_rest
run_20260426_191100,SOL/USDT,crypto,M15,trend_momentum,ema_cross,adx_min=0|fast_period=10|rsi_confirm=True|slow_period=100,both,all,REJECT,22,0.227273,0.566537,-0.002515,-0.002515,-0.070563,-0.545450,-1.116249,0.022022,44.272727,-0.055060,-0.055060,-0.013764,-0.052866,0.232000,,,binance_rest
run_20260426_191100,SOL/USDT,crypto,M15,trend_momentum,ema_cross,adx_min=20|fast_period=10|rsi_confirm=False|slow_period=100,both,all,REJECT,24,0.208333,0.494895,-0.003067,-0.003067,-0.080792,-0.693959,-1.439464,0.024024,40.333333,-0.072291,-0.072291,-0.025753,-0.058512,0.244000,,,binance_rest
run_20260426_191100,SOL/USDT,crypto,M15,trend_momentum,ema_cross,adx_min=20|fast_period=10|rsi_confirm=True|slow_period=100,both,all,REJECT,21,0.238095,0.611309,-0.002190,-0.002190,-0.070563,-0.461038,-0.937017,0.021021,45.714286,-0.046141,-0.046141,-0.004455,-0.052866,0.226000,,,binance_rest
run_20260426_191100,SOL/USDT,crypto,M15,trend_momentum,ema_cross,adx_min=25|fast_period=10|rsi_confirm=False|slow_period=100,both,all,NEEDS_MORE_DATA,16,,,,,,,,,,,,,,,,only 16 trades < min 20,binance_rest
run_20260426_191100,SOL/USDT,crypto,M15,trend_momentum,ema_cross,adx_min=25|fast_period=10|rsi_confirm=True|slow_period=100,both,all,NEEDS_MORE_DATA,14,,,,,,,,,,,,,,,,only 14 trades < min 20,binance_rest
run_20260426_191100,SOL/USDT,crypto,M15,trend_momentum,ema_cross,adx_min=0|fast_period=10|rsi_confirm=False|slow_period=200,both,all,REJECT,23,0.086957,0.183577,-0.006397,-0.006397,-0.137911,-1.474046,-3.688522,0.023023,42.608696,-0.137911,-0.137911,-0.077979,-0.059845,0.468233,,,binance_rest
run_20260426_191100,SOL/USDT,crypto,M15,trend_momentum,ema_cross,adx_min=0|fast_period=10|rsi_confirm=True|slow_period=200,both,all,REJECT,22,0.090909,0.192349,-0.006314,-0.006314,-0.130767,-1.410132,-3.486271,0.022022,44.500000,-0.130767,-0.130767,-0.070338,-0.059845,0.487243,,,binance_rest
run_20260426_191100,SOL/USDT,crypto,M15,trend_momentum,ema_cross,adx_min=20|fast_period=10|rsi_confirm=False|slow_period=200,both,all,REJECT,22,0.090909,0.197239,-0.006120,-0.006120,-0.127013,-1.392669,-3.420429,0.022022,43.863636,-0.127013,-0.127013,-0.066323,-0.059845,0.502696,,,binance_rest
run_20260426_191100,SOL/USDT,crypto,M15,trend_momentum,ema_cross,adx_min=20|fast_period=10|rsi_confirm=True|slow_period=200,both,all,REJECT,21,0.095238,0.207402,-0.006020,-0.006020,-0.119778,-1.326198,-3.216428,0.021021,45.904762,-0.119778,-0.119778,-0.058586,-0.059845,0.519554,,,binance_rest
run_20260426_191100,SOL/USDT,crypto,M15,trend_momentum,ema_cross,adx_min=25|fast_period=10|rsi_confirm=False|slow_period=200,both,all,NEEDS_MORE_DATA,17,,,,,,,,,,,,,,,,only 17 trades < min 20,binance_rest
run_20260426_191100,SOL/USDT,crypto,M15,trend_momentum,ema_cross,adx_min=25|fast_period=10|rsi_confirm=True|slow_period=200,both,all,NEEDS_MORE_DATA,16,,,,,,,,,,,,,,,,only 16 trades < min 20,binance_rest
run_20260426_191100,SOL/USDT,crypto,M15,trend_momentum,ema_cross,adx_min=0|fast_period=20|rsi_confirm=False|slow_period=50,both,all,REJECT,21,0.285714,0.547428,-0.003176,-0.003176,-0.066176,-0.561834,-1.153382,0.021021,46.809524,-0.066176,-0.066176,-0.038594,-0.042457,0.495975,,,binance_rest
run_20260426_191100,SOL/USDT,crypto,M15,trend_momentum,ema_cross,adx_min=0|fast_period=20|rsi_confirm=True|slow_period=50,both,all,REJECT,21,0.285714,0.547428,-0.003176,-0.003176,-0.066176,-0.561834,-1.153382,0.021021,46.809524,-0.066176,-0.066176,-0.038594,-0.042457,0.495975,,,binance_rest
run_20260426_191100,SOL/USDT,crypto,M15,trend_momentum,ema_cross,adx_min=20|fast_period=20|rsi_confirm=False|slow_period=50,both,all,REJECT,20,0.300000,0.598090,-0.002710,-0.002710,-0.063612,-0.467122,-0.950922,0.020020,48.400000,-0.054370,-0.054370,-0.026440,-0.042457,0.338271,,,binance_rest
run_20260426_191100,SOL/USDT,crypto,M15,trend_momentum,ema_cross,adx_min=20|fast_period=20|rsi_confirm=True|slow_period=50,both,all,REJECT,20,0.300000,0.598090,-0.002710,-0.002710,-0.063612,-0.467122,-0.950922,0.020020,48.400000,-0.054370,-0.054370,-0.026440,-0.042457,0.338271,,,binance_rest
run_20260426_191100,SOL/USDT,crypto,M15,trend_momentum,ema_cross,adx_min=25|fast_period=20|rsi_confirm=False|slow_period=50,both,all,NEEDS_MORE_DATA,18,,,,,,,,,,,,,,,,only 18 trades < min 20,binance_rest
run_20260426_191100,SOL/USDT,crypto,M15,trend_momentum,ema_cross,adx_min=25|fast_period=20|rsi_confirm=True|slow_period=50,both,all,NEEDS_MORE_DATA,18,,,,,,,,,,,,,,,,only 18 trades < min 20,binance_rest
run_20260426_191100,SOL/USDT,crypto,M15,trend_momentum,ema_cross,adx_min=0|fast_period=20|rsi_confirm=False|slow_period=100,both,all,NEEDS_MORE_DATA,15,,,,,,,,,,,,,,,,only 15 trades < min 20,binance_rest
run_20260426_191100,SOL/USDT,crypto,M15,trend_momentum,ema_cross,adx_min=0|fast_period=20|rsi_confirm=True|slow_period=100,both,all,NEEDS_MORE_DATA,15,,,,,,,,,,,,,,,,only 15 trades < min 20,binance_rest
run_20260426_191100,SOL/USDT,crypto,M15,trend_momentum,ema_cross,adx_min=20|fast_period=20|rsi_confirm=False|slow_period=100,both,all,NEEDS_MORE_DATA,13,,,,,,,,,,,,,,,,only 13 trades < min 20,binance_rest
run_20260426_191100,SOL/USDT,crypto,M15,trend_momentum,ema_cross,adx_min=20|fast_period=20|rsi_confirm=True|slow_period=100,both,all,NEEDS_MORE_DATA,13,,,,,,,,,,,,,,,,only 13 trades < min 20,binance_rest
run_20260426_191100,SOL/USDT,crypto,M15,trend_momentum,ema_cross,adx_min=25|fast_period=20|rsi_confirm=False|slow_period=100,both,all,NEEDS_MORE_DATA,12,,,,,,,,,,,,,,,,only 12 trades < min 20,binance_rest
run_20260426_191100,SOL/USDT,crypto,M15,trend_momentum,ema_cross,adx_min=25|fast_period=20|rsi_confirm=True|slow_period=100,both,all,NEEDS_MORE_DATA,12,,,,,,,,,,,,,,,,only 12 trades < min 20,binance_rest
run_20260426_191100,SOL/USDT,crypto,M15,trend_momentum,ema_cross,adx_min=0|fast_period=20|rsi_confirm=False|slow_period=200,both,all,NEEDS_MORE_DATA,13,,,,,,,,,,,,,,,,only 13 trades < min 20,binance_rest
run_20260426_191100,SOL/USDT,crypto,M15,trend_momentum,ema_cross,adx_min=0|fast_period=20|rsi_confirm=True|slow_period=200,both,all,NEEDS_MORE_DATA,13,,,,,,,,,,,,,,,,only 13 trades < min 20,binance_rest
run_20260426_191100,SOL/USDT,crypto,M15,trend_momentum,ema_cross,adx_min=20|fast_period=20|rsi_confirm=False|slow_period=200,both,all,NEEDS_MORE_DATA,12,,,,,,,,,,,,,,,,only 12 trades < min 20,binance_rest
run_20260426_191100,SOL/USDT,crypto,M15,trend_momentum,ema_cross,adx_min=20|fast_period=20|rsi_confirm=True|slow_period=200,both,all,NEEDS_MORE_DATA,12,,,,,,,,,,,,,,,,only 12 trades < min 20,binance_rest
run_20260426_191100,SOL/USDT,crypto,M15,trend_momentum,ema_cross,adx_min=25|fast_period=20|rsi_confirm=False|slow_period=200,both,all,NEEDS_MORE_DATA,10,,,,,,,,,,,,,,,,only 10 trades < min 20,binance_rest
run_20260426_191100,SOL/USDT,crypto,M15,trend_momentum,ema_cross,adx_min=25|fast_period=20|rsi_confirm=True|slow_period=200,both,all,NEEDS_MORE_DATA,10,,,,,,,,,,,,,,,,only 10 trades < min 20,binance_rest
run_20260426_191100,SOL/USDT,crypto,M15,trend_momentum,ema_alignment,adx_min=0|ema_long=200|ema_mid=50|ema_short=20,both,all,NEEDS_MORE_DATA,16,,,,,,,,,,,,,,,,only 16 trades < min 20,binance_rest
run_20260426_191100,SOL/USDT,crypto,M15,trend_momentum,ema_alignment,adx_min=20|ema_long=200|ema_mid=50|ema_short=20,both,all,NEEDS_MORE_DATA,16,,,,,,,,,,,,,,,,only 16 trades < min 20,binance_rest
run_20260426_191100,SOL/USDT,crypto,M15,trend_momentum,ema_alignment,adx_min=25|ema_long=200|ema_mid=50|ema_short=20,both,all,NEEDS_MORE_DATA,15,,,,,,,,,,,,,,,,only 15 trades < min 20,binance_rest
run_20260426_191100,SOL/USDT,crypto,M15,trend_momentum,macd_direction,adx_min=0|fast=12|signal_period=9|slow=26,both,all,REJECT,89,0.280899,0.452973,-0.002171,-0.002171,-0.183074,-1.372922,-2.846037,0.089089,11.011236,-0.177780,-0.177780,-0.095586,-0.086278,0.670789,,,binance_rest
run_20260426_191100,SOL/USDT,crypto,M15,trend_momentum,macd_direction,adx_min=20|fast=12|signal_period=9|slow=26,both,all,REJECT,87,0.275862,0.449903,-0.002208,-0.002208,-0.185257,-1.368674,-2.839455,0.087087,10.827586,-0.176853,-0.176853,-0.094566,-0.086278,0.673709,,,binance_rest
run_20260426_191100,SOL/USDT,crypto,M15,pullback,pullback_ema,pullback_period=20|rsi_reclaim=False|rsi_threshold=50|trend_period=200,both,all,REJECT,73,0.150685,0.277580,-0.002756,-0.002756,-0.195201,-1.815682,-3.960827,0.073073,6.095890,-0.183492,-0.183492,-0.117593,-0.074680,0.590522,,,binance_rest
run_20260426_191100,SOL/USDT,crypto,M15,pullback,pullback_ema,pullback_period=20|rsi_reclaim=True|rsi_threshold=50|trend_period=200,both,all,REJECT,61,0.147541,0.317270,-0.002549,-0.002549,-0.164396,-1.481267,-3.170880,0.061061,6.590164,-0.145201,-0.145201,-0.087144,-0.063600,0.618950,,,binance_rest
run_20260426_191100,SOL/USDT,crypto,M15,pullback,pullback_ema,pullback_period=50|rsi_reclaim=False|rsi_threshold=50|trend_period=200,both,all,REJECT,50,0.120000,0.358196,-0.002443,-0.002443,-0.118678,-1.242278,-2.632564,0.050050,10.500000,-0.116065,-0.116065,-0.059511,-0.060132,0.696872,,,binance_rest
run_20260426_191100,SOL/USDT,crypto,M15,pullback,pullback_ema,pullback_period=50|rsi_reclaim=True|rsi_threshold=50|trend_period=200,both,all,REJECT,32,0.156250,0.342195,-0.002605,-0.002605,-0.081687,-1.074155,-2.305361,0.032032,12.875000,-0.080679,-0.080679,-0.037762,-0.044601,0.537671,,,binance_rest
run_20260426_191100,SOL/USDT,crypto,M15,breakout,prev_day_hl,atr_expand_min=0.0,both,all,NEEDS_MORE_DATA,4,,,,,,,,,,,,,,,,only 4 trades < min 20,binance_rest
run_20260426_191100,SOL/USDT,crypto,M15,breakout,prev_day_hl,atr_expand_min=0.5,both,all,NEEDS_MORE_DATA,4,,,,,,,,,,,,,,,,only 4 trades < min 20,binance_rest
run_20260426_191100,SOL/USDT,crypto,M15,breakout,prev_day_hl,atr_expand_min=1.0,both,all,NEEDS_MORE_DATA,4,,,,,,,,,,,,,,,,only 4 trades < min 20,binance_rest
run_20260426_191100,SOL/USDT,crypto,M15,breakout,session_opening_range,atr_expand_min=0.0|range_bars=6,both,all,REJECT,62,0.177419,0.336233,-0.003467,-0.003467,-0.195484,-1.518095,-3.257869,0.062062,15.870968,-0.195484,-0.195484,-0.143845,-0.058323,0.521637,,,binance_rest
run_20260426_191100,SOL/USDT,crypto,M15,breakout,session_opening_range,atr_expand_min=0.5|range_bars=6,both,all,REJECT,62,0.177419,0.336233,-0.003467,-0.003467,-0.195484,-1.518095,-3.257869,0.062062,15.870968,-0.195484,-0.195484,-0.143845,-0.058323,0.521637,,,binance_rest
run_20260426_191100,SOL/USDT,crypto,M15,breakout,session_opening_range,atr_expand_min=0.0|range_bars=12,both,all,REJECT,34,0.235294,0.492807,-0.003790,-0.003790,-0.133628,-0.786359,-1.624101,0.034034,28.500000,-0.123873,-0.123873,-0.056420,-0.064600,0.560503,,,binance_rest
run_20260426_191100,SOL/USDT,crypto,M15,breakout,session_opening_range,atr_expand_min=0.5|range_bars=12,both,all,REJECT,34,0.235294,0.504508,-0.003703,-0.003703,-0.131054,-0.767379,-1.582075,0.034034,27.794118,-0.121270,-0.121270,-0.056420,-0.061821,0.575278,,,binance_rest
run_20260426_191100,SOL/USDT,crypto,M15,breakout,london_breakout,atr_expand_min=0.0|utc_end=11|utc_start=7,both,all,NEEDS_MORE_DATA,9,,,,,,,,,,,,,,,,only 9 trades < min 20,binance_rest
run_20260426_191100,SOL/USDT,crypto,M15,breakout,london_breakout,atr_expand_min=0.5|utc_end=11|utc_start=7,both,all,NEEDS_MORE_DATA,9,,,,,,,,,,,,,,,,only 9 trades < min 20,binance_rest
run_20260426_191100,SOL/USDT,crypto,M15,breakout,ny_breakout,atr_expand_min=0.0|utc_end=16|utc_start=13,both,all,NEEDS_MORE_DATA,13,,,,,,,,,,,,,,,,only 13 trades < min 20,binance_rest
run_20260426_191100,SOL/USDT,crypto,M15,breakout,ny_breakout,atr_expand_min=0.5|utc_end=16|utc_start=13,both,all,NEEDS_MORE_DATA,13,,,,,,,,,,,,,,,,only 13 trades < min 20,binance_rest
run_20260426_191100,SOL/USDT,crypto,M15,mean_reversion,rsi_extreme,overbought=70|oversold=30|period=14,both,all,NEEDS_MORE_DATA,14,,,,,,,,,,,,,,,,only 14 trades < min 20,binance_rest
run_20260426_191100,SOL/USDT,crypto,M15,mean_reversion,rsi_extreme,overbought=75|oversold=30|period=14,both,all,NEEDS_MORE_DATA,11,,,,,,,,,,,,,,,,only 11 trades < min 20,binance_rest
run_20260426_191100,SOL/USDT,crypto,M15,mean_reversion,rsi_extreme,overbought=70|oversold=25|period=14,both,all,NEEDS_MORE_DATA,10,,,,,,,,,,,,,,,,only 10 trades < min 20,binance_rest
run_20260426_191100,SOL/USDT,crypto,M15,mean_reversion,rsi_extreme,overbought=75|oversold=25|period=14,both,all,NEEDS_MORE_DATA,7,,,,,,,,,,,,,,,,only 7 trades < min 20,binance_rest
run_20260426_191100,SOL/USDT,crypto,M15,mean_reversion,bollinger_touch,num_std=2.0|period=20,both,all,REJECT,38,0.631579,0.593268,-0.001373,-0.001373,-0.072282,-0.497198,-1.002974,0.038038,14.342105,-0.052155,-0.052155,-0.058275,0.001830,0.328000,,,binance_rest
run_20260426_191100,SOL/USDT,crypto,M15,mean_reversion,bollinger_touch,num_std=2.5|period=20,both,all,WEAK_CANDIDATE,24,0.708333,1.914725,0.001343,0.001343,-0.022861,0.527841,1.075950,0.024024,13.416667,0.032276,0.032276,0.022615,0.009447,0.469317,,,binance_rest
run_20260426_191100,SOL/USDT,crypto,M15,mean_reversion,vwap_deviation,std_threshold=1.5,both,all,NEEDS_MORE_DATA,8,,,,,,,,,,,,,,,,only 8 trades < min 20,binance_rest
run_20260426_191100,SOL/USDT,crypto,M15,mean_reversion,vwap_deviation,std_threshold=2.0,both,all,NEEDS_MORE_DATA,7,,,,,,,,,,,,,,,,only 7 trades < min 20,binance_rest
run_20260426_191100,SOL/USDT,crypto,M15,volatility,bb_squeeze_breakout,confirm_ema=True|period=20|squeeze_pct=20,both,all,REJECT,25,0.120000,0.275885,-0.003012,-0.003012,-0.073020,-1.171571,-2.629787,0.025025,9.200000,-0.073020,-0.073020,-0.046473,-0.020030,0.379302,,,binance_rest
run_20260426_191100,SOL/USDT,crypto,M15,volatility,bb_squeeze_breakout,confirm_ema=False|period=20|squeeze_pct=20,both,all,REJECT,24,0.125000,0.301766,-0.002766,-0.002766,-0.064683,-1.068345,-2.356217,0.024024,10.458333,-0.064683,-0.064683,-0.043590,-0.020030,0.381855,,,binance_rest
run_20260426_191100,SOL/USDT,crypto,M15,volatility,bb_squeeze_breakout,confirm_ema=True|period=20|squeeze_pct=30,both,all,REJECT,29,0.206897,0.291346,-0.002652,-0.002652,-0.074488,-1.218730,-2.709834,0.029029,7.413793,-0.074488,-0.074488,-0.047353,-0.024086,0.426591,,,binance_rest
run_20260426_191100,SOL/USDT,crypto,M15,volatility,bb_squeeze_breakout,confirm_ema=False|period=20|squeeze_pct=30,both,all,REJECT,28,0.214286,0.286563,-0.002811,-0.002811,-0.076169,-1.239544,-2.781010,0.028028,8.357143,-0.076169,-0.076169,-0.049084,-0.024086,0.415211,,,binance_rest
run_20260426_191100,SOL/USDT,crypto,M15,volatility,atr_compression,confirm_ema=True|period=14|squeeze_pct=20,both,all,NEEDS_MORE_DATA,13,,,,,,,,,,,,,,,,only 13 trades < min 20,binance_rest
run_20260426_191100,SOL/USDT,crypto,M15,volatility,atr_compression,confirm_ema=False|period=14|squeeze_pct=20,both,all,NEEDS_MORE_DATA,14,,,,,,,,,,,,,,,,only 14 trades < min 20,binance_rest
run_20260426_191100,SOL/USDT,crypto,M15,volatility,atr_compression,confirm_ema=True|period=14|squeeze_pct=30,both,all,NEEDS_MORE_DATA,17,,,,,,,,,,,,,,,,only 17 trades < min 20,binance_rest
run_20260426_191100,SOL/USDT,crypto,M15,volatility,atr_compression,confirm_ema=False|period=14|squeeze_pct=30,both,all,REJECT,21,0.190476,0.482734,-0.002063,-0.002063,-0.043229,-0.598393,-1.233585,0.021021,16.095238,-0.043027,-0.043027,-0.013372,-0.025213,0.260332,,,binance_rest
run_20260426_191100,SOL/USDT,crypto,M15,engine_b_proxy,ob_bos,require_engulf=False|require_vol_expand=False|swing_period=5,both,all,REJECT,21,0.285714,0.567827,-0.002249,-0.002249,-0.076172,-0.507880,-1.036760,0.021021,35.809524,-0.047179,-0.047179,-0.022888,-0.024860,0.500148,,,binance_rest
run_20260426_191100,SOL/USDT,crypto,M15,engine_b_proxy,ob_bos,require_engulf=False|require_vol_expand=True|swing_period=5,both,all,NEEDS_MORE_DATA,17,,,,,,,,,,,,,,,,only 17 trades < min 20,binance_rest
run_20260426_191100,SOL/USDT,crypto,M15,engine_b_proxy,ob_bos,require_engulf=True|require_vol_expand=False|swing_period=5,both,all,NEEDS_MORE_DATA,19,,,,,,,,,,,,,,,,only 19 trades < min 20,binance_rest
run_20260426_191100,SOL/USDT,crypto,M15,engine_b_proxy,ob_bos,require_engulf=True|require_vol_expand=True|swing_period=5,both,all,NEEDS_MORE_DATA,15,,,,,,,,,,,,,,,,only 15 trades < min 20,binance_rest
run_20260426_191100,SOL/USDT,crypto,M15,engine_b_proxy,ob_bos,require_engulf=False|require_vol_expand=False|swing_period=10,both,all,NEEDS_MORE_DATA,12,,,,,,,,,,,,,,,,only 12 trades < min 20,binance_rest
run_20260426_191100,SOL/USDT,crypto,M15,engine_b_proxy,ob_bos,require_engulf=False|require_vol_expand=True|swing_period=10,both,all,NEEDS_MORE_DATA,11,,,,,,,,,,,,,,,,only 11 trades < min 20,binance_rest
run_20260426_191100,SOL/USDT,crypto,M15,engine_b_proxy,ob_bos,require_engulf=True|require_vol_expand=False|swing_period=10,both,all,NEEDS_MORE_DATA,10,,,,,,,,,,,,,,,,only 10 trades < min 20,binance_rest
run_20260426_191100,SOL/USDT,crypto,M15,engine_b_proxy,ob_bos,require_engulf=True|require_vol_expand=True|swing_period=10,both,all,NEEDS_MORE_DATA,9,,,,,,,,,,,,,,,,only 9 trades < min 20,binance_rest
run_20260426_191100,SOL/USDT,crypto,M15,engine_b_proxy,structure_filters,fvg_detection=False|strong_close_pct=0.7,both,all,REJECT,297,0.181818,0.253852,-0.002264,-0.002264,-0.512828,-4.065511,-8.811175,0.297297,3.154882,-0.491337,-0.491337,-0.408726,-0.143294,0.505176,,,binance_rest
run_20260426_191100,SOL/USDT,crypto,M15,engine_b_proxy,structure_filters,fvg_detection=True|strong_close_pct=0.7,both,all,REJECT,31,0.322581,0.572339,-0.001764,-0.001764,-0.054280,-0.580776,-1.181923,0.031031,12.741935,-0.054280,-0.054280,-0.014892,-0.039983,0.286000,,,binance_rest
run_20260426_191100,SOL/USDT,crypto,M15,engine_b_proxy,structure_filters,fvg_detection=False|strong_close_pct=0.8,both,all,REJECT,216,0.236111,0.314233,-0.002098,-0.002098,-0.398655,-2.811773,-5.950105,0.216216,4.106481,-0.366498,-0.366498,-0.282356,-0.121090,0.528657,,,binance_rest
run_20260426_191100,SOL/USDT,crypto,M15,engine_b_proxy,structure_filters,fvg_detection=True|strong_close_pct=0.8,both,all,REJECT,25,0.280000,0.513057,-0.002212,-0.002212,-0.057391,-0.619671,-1.272813,0.025025,12.920000,-0.054741,-0.054741,-0.021003,-0.034462,0.357750,,,binance_rest
run_20260426_191100,SOL/USDT,crypto,M15,engine_d_proxy,vwap_reclaim,atr_sl_mult=0.5|band_std=0.5,both,all,NEEDS_MORE_DATA,9,,,,,,,,,,,,,,,,only 9 trades < min 20,binance_rest
run_20260426_191100,SOL/USDT,crypto,M15,engine_d_proxy,vwap_reclaim,atr_sl_mult=1.0|band_std=0.5,both,all,NEEDS_MORE_DATA,9,,,,,,,,,,,,,,,,only 9 trades < min 20,binance_rest
run_20260426_191100,SOL/USDT,crypto,M15,engine_d_proxy,vwap_reclaim,atr_sl_mult=0.5|band_std=1.0,both,all,NEEDS_MORE_DATA,7,,,,,,,,,,,,,,,,only 7 trades < min 20,binance_rest
run_20260426_191100,SOL/USDT,crypto,M15,engine_d_proxy,vwap_reclaim,atr_sl_mult=1.0|band_std=1.0,both,all,NEEDS_MORE_DATA,7,,,,,,,,,,,,,,,,only 7 trades < min 20,binance_rest
run_20260426_191100,SOL/USDT,crypto,M15,engine_d_proxy,micro_breakout,atr_sl_mult=0.5|fee_guard_r=0.5|range_bars=3,both,all,REJECT,82,0.304878,0.708701,-0.000933,-0.000933,-0.117332,-0.560196,-1.123799,0.082082,12.000000,-0.075800,-0.075800,-0.025330,-0.051990,0.400000,,,binance_rest
run_20260426_191100,SOL/USDT,crypto,M15,engine_d_proxy,micro_breakout,atr_sl_mult=1.0|fee_guard_r=0.5|range_bars=3,both,all,REJECT,82,0.304878,0.708701,-0.000933,-0.000933,-0.117332,-0.560196,-1.123799,0.082082,12.000000,-0.075800,-0.075800,-0.025330,-0.051990,0.400000,,,binance_rest
run_20260426_191100,SOL/USDT,crypto,M15,engine_d_proxy,micro_breakout,atr_sl_mult=0.5|fee_guard_r=0.5|range_bars=6,both,all,REJECT,62,0.177419,0.336233,-0.003467,-0.003467,-0.195484,-1.518095,-3.257869,0.062062,15.870968,-0.195484,-0.195484,-0.143845,-0.058323,0.521637,,,binance_rest
run_20260426_191100,SOL/USDT,crypto,M15,engine_d_proxy,micro_breakout,atr_sl_mult=1.0|fee_guard_r=0.5|range_bars=6,both,all,REJECT,62,0.177419,0.336233,-0.003467,-0.003467,-0.195484,-1.518095,-3.257869,0.062062,15.870968,-0.195484,-0.195484,-0.143845,-0.058323,0.521637,,,binance_rest
run_20260426_191100,SOL/USDT,crypto,M15,engine_d_proxy,ema_scalp_pullback,atr_sl_mult=0.5|ema_period=21,both,all,REJECT,131,0.175573,0.391597,-0.002052,-0.002052,-0.241916,-1.741051,-3.615482,0.131131,7.473282,-0.238059,-0.238059,-0.155894,-0.095109,0.583026,,,binance_rest
run_20260426_191100,SOL/USDT,crypto,M15,engine_d_proxy,ema_scalp_pullback,atr_sl_mult=1.0|ema_period=21,both,all,REJECT,131,0.175573,0.391597,-0.002052,-0.002052,-0.241916,-1.741051,-3.615482,0.131131,7.473282,-0.238059,-0.238059,-0.155894,-0.095109,0.583026,,,binance_rest
run_20260426_191100,GBP/USD,forex,M15,trend_momentum,ema_cross,adx_min=0|fast_period=10|rsi_confirm=False|slow_period=50,both,all,REJECT,23,0.173913,0.281879,-0.001197,-0.001197,-0.027681,-1.056638,-2.336147,0.023023,41.173913,-0.027248,-0.027248,-0.011633,-0.013943,0.478413,,,mt5
run_20260426_191100,GBP/USD,forex,M15,trend_momentum,ema_cross,adx_min=0|fast_period=10|rsi_confirm=True|slow_period=50,both,all,REJECT,22,0.181818,0.324131,-0.001025,-0.001025,-0.026383,-0.933583,-2.021636,0.022022,41.363636,-0.022360,-0.022360,-0.006667,-0.013943,0.313718,,,mt5
run_20260426_191100,GBP/USD,forex,M15,trend_momentum,ema_cross,adx_min=20|fast_period=10|rsi_confirm=False|slow_period=50,both,all,REJECT,22,0.181818,0.292215,-0.001190,-0.001190,-0.026383,-1.013927,-2.232328,0.022022,42.954545,-0.025926,-0.025926,-0.010290,-0.013943,0.425471,,,mt5
run_20260426_191100,GBP/USD,forex,M15,trend_momentum,ema_cross,adx_min=20|fast_period=10|rsi_confirm=True|slow_period=50,both,all,REJECT,21,0.190476,0.335784,-0.001018,-0.001018,-0.026383,-0.889557,-1.917976,0.021021,43.238095,-0.021228,-0.021228,-0.005516,-0.013943,0.273189,,,mt5
run_20260426_191100,GBP/USD,forex,M15,trend_momentum,ema_cross,adx_min=25|fast_period=10|rsi_confirm=False|slow_period=50,both,all,NEEDS_MORE_DATA,10,,,,,,,,,,,,,,,,only 10 trades < min 20,mt5
run_20260426_191100,GBP/USD,forex,M15,trend_momentum,ema_cross,adx_min=25|fast_period=10|rsi_confirm=True|slow_period=50,both,all,NEEDS_MORE_DATA,9,,,,,,,,,,,,,,,,only 9 trades < min 20,mt5
run_20260426_191100,GBP/USD,forex,M15,trend_momentum,ema_cross,adx_min=0|fast_period=10|rsi_confirm=False|slow_period=100,both,all,NEEDS_MORE_DATA,19,,,,,,,,,,,,,,,,only 19 trades < min 20,mt5
run_20260426_191100,GBP/USD,forex,M15,trend_momentum,ema_cross,adx_min=0|fast_period=10|rsi_confirm=True|slow_period=100,both,all,NEEDS_MORE_DATA,18,,,,,,,,,,,,,,,,only 18 trades < min 20,mt5
run_20260426_191100,GBP/USD,forex,M15,trend_momentum,ema_cross,adx_min=20|fast_period=10|rsi_confirm=False|slow_period=100,both,all,NEEDS_MORE_DATA,16,,,,,,,,,,,,,,,,only 16 trades < min 20,mt5
run_20260426_191100,GBP/USD,forex,M15,trend_momentum,ema_cross,adx_min=20|fast_period=10|rsi_confirm=True|slow_period=100,both,all,NEEDS_MORE_DATA,15,,,,,,,,,,,,,,,,only 15 trades < min 20,mt5
run_20260426_191100,GBP/USD,forex,M15,trend_momentum,ema_cross,adx_min=25|fast_period=10|rsi_confirm=False|slow_period=100,both,all,NEEDS_MORE_DATA,10,,,,,,,,,,,,,,,,only 10 trades < min 20,mt5
run_20260426_191100,GBP/USD,forex,M15,trend_momentum,ema_cross,adx_min=25|fast_period=10|rsi_confirm=True|slow_period=100,both,all,NEEDS_MORE_DATA,9,,,,,,,,,,,,,,,,only 9 trades < min 20,mt5
run_20260426_191100,GBP/USD,forex,M15,trend_momentum,ema_cross,adx_min=0|fast_period=10|rsi_confirm=False|slow_period=200,both,all,NEEDS_MORE_DATA,13,,,,,,,,,,,,,,,,only 13 trades < min 20,mt5
run_20260426_191100,GBP/USD,forex,M15,trend_momentum,ema_cross,adx_min=0|fast_period=10|rsi_confirm=True|slow_period=200,both,all,NEEDS_MORE_DATA,12,,,,,,,,,,,,,,,,only 12 trades < min 20,mt5
run_20260426_191100,GBP/USD,forex,M15,trend_momentum,ema_cross,adx_min=20|fast_period=10|rsi_confirm=False|slow_period=200,both,all,NEEDS_MORE_DATA,12,,,,,,,,,,,,,,,,only 12 trades < min 20,mt5
run_20260426_191100,GBP/USD,forex,M15,trend_momentum,ema_cross,adx_min=20|fast_period=10|rsi_confirm=True|slow_period=200,both,all,NEEDS_MORE_DATA,11,,,,,,,,,,,,,,,,only 11 trades < min 20,mt5
run_20260426_191100,GBP/USD,forex,M15,trend_momentum,ema_cross,adx_min=25|fast_period=10|rsi_confirm=False|slow_period=200,both,all,NEEDS_MORE_DATA,9,,,,,,,,,,,,,,,,only 9 trades < min 20,mt5
run_20260426_191100,GBP/USD,forex,M15,trend_momentum,ema_cross,adx_min=25|fast_period=10|rsi_confirm=True|slow_period=200,both,all,NEEDS_MORE_DATA,8,,,,,,,,,,,,,,,,only 8 trades < min 20,mt5
run_20260426_191100,GBP/USD,forex,M15,trend_momentum,ema_cross,adx_min=0|fast_period=20|rsi_confirm=False|slow_period=50,both,all,REJECT,21,0.142857,0.285612,-0.001175,-0.001175,-0.026070,-0.988143,-2.174605,0.021021,45.285714,-0.024453,-0.024453,-0.012315,-0.010861,0.490589,,,mt5
run_20260426_191100,GBP/USD,forex,M15,trend_momentum,ema_cross,adx_min=0|fast_period=20|rsi_confirm=True|slow_period=50,both,all,REJECT,20,0.150000,0.323120,-0.001033,-0.001033,-0.026070,-0.870918,-1.878996,0.020020,45.650000,-0.020526,-0.020526,-0.008338,-0.010861,0.444318,,,mt5
run_20260426_191100,GBP/USD,forex,M15,trend_momentum,ema_cross,adx_min=20|fast_period=20|rsi_confirm=False|slow_period=50,both,all,NEEDS_MORE_DATA,18,,,,,,,,,,,,,,,,only 18 trades < min 20,mt5
run_20260426_191100,GBP/USD,forex,M15,trend_momentum,ema_cross,adx_min=20|fast_period=20|rsi_confirm=True|slow_period=50,both,all,NEEDS_MORE_DATA,17,,,,,,,,,,,,,,,,only 17 trades < min 20,mt5
run_20260426_191100,GBP/USD,forex,M15,trend_momentum,ema_cross,adx_min=25|fast_period=20|rsi_confirm=False|slow_period=50,both,all,NEEDS_MORE_DATA,10,,,,,,,,,,,,,,,,only 10 trades < min 20,mt5
run_20260426_191100,GBP/USD,forex,M15,trend_momentum,ema_cross,adx_min=25|fast_period=20|rsi_confirm=True|slow_period=50,both,all,NEEDS_MORE_DATA,9,,,,,,,,,,,,,,,,only 9 trades < min 20,mt5
run_20260426_191100,GBP/USD,forex,M15,trend_momentum,ema_cross,adx_min=0|fast_period=20|rsi_confirm=False|slow_period=100,both,all,NEEDS_MORE_DATA,19,,,,,,,,,,,,,,,,only 19 trades < min 20,mt5
run_20260426_191100,GBP/USD,forex,M15,trend_momentum,ema_cross,adx_min=0|fast_period=20|rsi_confirm=True|slow_period=100,both,all,NEEDS_MORE_DATA,18,,,,,,,,,,,,,,,,only 18 trades < min 20,mt5
run_20260426_191100,GBP/USD,forex,M15,trend_momentum,ema_cross,adx_min=20|fast_period=20|rsi_confirm=False|slow_period=100,both,all,NEEDS_MORE_DATA,15,,,,,,,,,,,,,,,,only 15 trades < min 20,mt5
run_20260426_191100,GBP/USD,forex,M15,trend_momentum,ema_cross,adx_min=20|fast_period=20|rsi_confirm=True|slow_period=100,both,all,NEEDS_MORE_DATA,14,,,,,,,,,,,,,,,,only 14 trades < min 20,mt5
run_20260426_191100,GBP/USD,forex,M15,trend_momentum,ema_cross,adx_min=25|fast_period=20|rsi_confirm=False|slow_period=100,both,all,NEEDS_MORE_DATA,13,,,,,,,,,,,,,,,,only 13 trades < min 20,mt5
run_20260426_191100,GBP/USD,forex,M15,trend_momentum,ema_cross,adx_min=25|fast_period=20|rsi_confirm=True|slow_period=100,both,all,NEEDS_MORE_DATA,12,,,,,,,,,,,,,,,,only 12 trades < min 20,mt5
run_20260426_191100,GBP/USD,forex,M15,trend_momentum,ema_cross,adx_min=0|fast_period=20|rsi_confirm=False|slow_period=200,both,all,NEEDS_MORE_DATA,11,,,,,,,,,,,,,,,,only 11 trades < min 20,mt5
run_20260426_191100,GBP/USD,forex,M15,trend_momentum,ema_cross,adx_min=0|fast_period=20|rsi_confirm=True|slow_period=200,both,all,NEEDS_MORE_DATA,10,,,,,,,,,,,,,,,,only 10 trades < min 20,mt5
run_20260426_191100,GBP/USD,forex,M15,trend_momentum,ema_cross,adx_min=20|fast_period=20|rsi_confirm=False|slow_period=200,both,all,NEEDS_MORE_DATA,10,,,,,,,,,,,,,,,,only 10 trades < min 20,mt5
run_20260426_191100,GBP/USD,forex,M15,trend_momentum,ema_cross,adx_min=20|fast_period=20|rsi_confirm=True|slow_period=200,both,all,NEEDS_MORE_DATA,9,,,,,,,,,,,,,,,,only 9 trades < min 20,mt5
run_20260426_191100,GBP/USD,forex,M15,trend_momentum,ema_cross,adx_min=25|fast_period=20|rsi_confirm=False|slow_period=200,both,all,NEEDS_MORE_DATA,10,,,,,,,,,,,,,,,,only 10 trades < min 20,mt5
run_20260426_191100,GBP/USD,forex,M15,trend_momentum,ema_cross,adx_min=25|fast_period=20|rsi_confirm=True|slow_period=200,both,all,NEEDS_MORE_DATA,9,,,,,,,,,,,,,,,,only 9 trades < min 20,mt5
run_20260426_191100,GBP/USD,forex,M15,trend_momentum,ema_alignment,adx_min=0|ema_long=200|ema_mid=50|ema_short=20,both,all,NEEDS_MORE_DATA,16,,,,,,,,,,,,,,,,only 16 trades < min 20,mt5
run_20260426_191100,GBP/USD,forex,M15,trend_momentum,ema_alignment,adx_min=20|ema_long=200|ema_mid=50|ema_short=20,both,all,NEEDS_MORE_DATA,16,,,,,,,,,,,,,,,,only 16 trades < min 20,mt5
run_20260426_191100,GBP/USD,forex,M15,trend_momentum,ema_alignment,adx_min=25|ema_long=200|ema_mid=50|ema_short=20,both,all,NEEDS_MORE_DATA,15,,,,,,,,,,,,,,,,only 15 trades < min 20,mt5
run_20260426_191100,GBP/USD,forex,M15,trend_momentum,macd_direction,adx_min=0|fast=12|signal_period=9|slow=26,both,all,REJECT,81,0.135802,0.184754,-0.001138,-0.001138,-0.089484,-2.791826,-6.902851,0.081081,12.074074,-0.088156,-0.088156,-0.042011,-0.047046,0.664048,,,mt5
run_20260426_191100,GBP/USD,forex,M15,trend_momentum,macd_direction,adx_min=20|fast=12|signal_period=9|slow=26,both,all,REJECT,78,0.141026,0.190622,-0.001137,-0.001137,-0.087549,-2.713711,-6.681542,0.078078,12.166667,-0.085009,-0.085009,-0.040733,-0.045032,0.668335,,,mt5
run_20260426_191100,GBP/USD,forex,M15,pullback,pullback_ema,pullback_period=20|rsi_reclaim=False|rsi_threshold=50|trend_period=200,both,all,REJECT,71,0.028169,0.063459,-0.000979,-0.000979,-0.067183,-3.120700,-8.841449,0.071071,6.225352,-0.067183,-0.067183,-0.038682,-0.028719,0.622729,,,mt5
run_20260426_191100,GBP/USD,forex,M15,pullback,pullback_ema,pullback_period=20|rsi_reclaim=True|rsi_threshold=50|trend_period=200,both,all,REJECT,64,0.031250,0.069023,-0.000992,-0.000992,-0.061584,-2.913761,-8.149244,0.064064,6.468750,-0.061584,-0.061584,-0.035153,-0.026463,0.625839,,,mt5
run_20260426_191100,GBP/USD,forex,M15,pullback,pullback_ema,pullback_period=50|rsi_reclaim=False|rsi_threshold=50|trend_period=200,both,all,REJECT,46,0.021739,0.018835,-0.001243,-0.001243,-0.055633,-2.883211,-10.218904,0.046046,7.782609,-0.055633,-0.055633,-0.032382,-0.022726,0.586538,,,mt5
run_20260426_191100,GBP/USD,forex,M15,pullback,pullback_ema,pullback_period=50|rsi_reclaim=True|rsi_threshold=50|trend_period=200,both,all,REJECT,32,0.031250,0.028304,-0.001178,-0.001178,-0.037014,-2.581406,-11.494972,0.032032,6.687500,-0.037014,-0.037014,-0.016334,-0.019715,0.529903,,,mt5
run_20260426_191100,GBP/USD,forex,M15,breakout,prev_day_hl,atr_expand_min=0.0,both,all,NEEDS_MORE_DATA,4,,,,,,,,,,,,,,,,only 4 trades < min 20,mt5
run_20260426_191100,GBP/USD,forex,M15,breakout,prev_day_hl,atr_expand_min=0.5,both,all,NEEDS_MORE_DATA,4,,,,,,,,,,,,,,,,only 4 trades < min 20,mt5
run_20260426_191100,GBP/USD,forex,M15,breakout,prev_day_hl,atr_expand_min=1.0,both,all,NEEDS_MORE_DATA,4,,,,,,,,,,,,,,,,only 4 trades < min 20,mt5
run_20260426_191100,GBP/USD,forex,M15,breakout,session_opening_range,atr_expand_min=0.0|range_bars=6,both,all,REJECT,70,0.100000,0.094250,-0.001441,-0.001441,-0.096073,-3.077359,-8.662890,0.070070,13.228571,-0.096073,-0.096073,-0.062835,-0.031361,0.549732,,,mt5
run_20260426_191100,GBP/USD,forex,M15,breakout,session_opening_range,atr_expand_min=0.5|range_bars=6,both,all,REJECT,70,0.100000,0.093959,-0.001446,-0.001446,-0.096386,-3.084338,-8.702255,0.070070,13.100000,-0.096386,-0.096386,-0.063159,-0.031361,0.548964,,,mt5
run_20260426_191100,GBP/USD,forex,M15,breakout,session_opening_range,atr_expand_min=0.0|range_bars=12,both,all,REJECT,33,0.181818,0.279821,-0.000944,-0.000944,-0.034299,-1.460513,-3.355101,0.033033,27.757576,-0.030741,-0.030741,-0.017061,-0.011918,0.507566,,,mt5
run_20260426_191100,GBP/USD,forex,M15,breakout,session_opening_range,atr_expand_min=0.5|range_bars=12,both,all,REJECT,33,0.181818,0.279821,-0.000944,-0.000944,-0.034299,-1.460513,-3.355101,0.033033,27.757576,-0.030741,-0.030741,-0.017061,-0.011918,0.507566,,,mt5
run_20260426_191100,GBP/USD,forex,M15,breakout,london_breakout,atr_expand_min=0.0|utc_end=11|utc_start=7,both,all,NEEDS_MORE_DATA,14,,,,,,,,,,,,,,,,only 14 trades < min 20,mt5
run_20260426_191100,GBP/USD,forex,M15,breakout,london_breakout,atr_expand_min=0.5|utc_end=11|utc_start=7,both,all,NEEDS_MORE_DATA,14,,,,,,,,,,,,,,,,only 14 trades < min 20,mt5
run_20260426_191100,GBP/USD,forex,M15,breakout,ny_breakout,atr_expand_min=0.0|utc_end=16|utc_start=13,both,all,NEEDS_MORE_DATA,11,,,,,,,,,,,,,,,,only 11 trades < min 20,mt5
run_20260426_191100,GBP/USD,forex,M15,breakout,ny_breakout,atr_expand_min=0.5|utc_end=16|utc_start=13,both,all,NEEDS_MORE_DATA,11,,,,,,,,,,,,,,,,only 11 trades < min 20,mt5
run_20260426_191100,GBP/USD,forex,M15,mean_reversion,rsi_extreme,overbought=70|oversold=30|period=14,both,all,NEEDS_MORE_DATA,13,,,,,,,,,,,,,,,,only 13 trades < min 20,mt5
run_20260426_191100,GBP/USD,forex,M15,mean_reversion,rsi_extreme,overbought=75|oversold=30|period=14,both,all,NEEDS_MORE_DATA,11,,,,,,,,,,,,,,,,only 11 trades < min 20,mt5
run_20260426_191100,GBP/USD,forex,M15,mean_reversion,rsi_extreme,overbought=70|oversold=25|period=14,both,all,NEEDS_MORE_DATA,9,,,,,,,,,,,,,,,,only 9 trades < min 20,mt5
run_20260426_191100,GBP/USD,forex,M15,mean_reversion,rsi_extreme,overbought=75|oversold=25|period=14,both,all,NEEDS_MORE_DATA,7,,,,,,,,,,,,,,,,only 7 trades < min 20,mt5
run_20260426_191100,GBP/USD,forex,M15,mean_reversion,bollinger_touch,num_std=2.0|period=20,both,all,REJECT,38,0.315789,0.291706,-0.000483,-0.000483,-0.020069,-1.092731,-2.320382,0.038038,11.894737,-0.018220,-0.018220,-0.016699,-0.001547,0.355785,,,mt5
run_20260426_191100,GBP/USD,forex,M15,mean_reversion,bollinger_touch,num_std=2.5|period=20,both,all,REJECT,23,0.304348,0.367332,-0.000411,-0.000411,-0.010941,-0.682736,-1.416842,0.023023,13.043478,-0.009427,-0.009427,-0.007037,-0.002406,0.399070,,,mt5
run_20260426_191100,GBP/USD,forex,M15,mean_reversion,vwap_deviation,std_threshold=1.5,both,all,NEEDS_MORE_DATA,16,,,,,,,,,,,,,,,,only 16 trades < min 20,mt5
run_20260426_191100,GBP/USD,forex,M15,mean_reversion,vwap_deviation,std_threshold=2.0,both,all,NEEDS_MORE_DATA,13,,,,,,,,,,,,,,,,only 13 trades < min 20,mt5
run_20260426_191100,GBP/USD,forex,M15,volatility,bb_squeeze_breakout,confirm_ema=True|period=20|squeeze_pct=20,both,all,REJECT,21,0.190476,0.322175,-0.000727,-0.000727,-0.019427,-1.003755,-2.216756,0.021021,9.761905,-0.015189,-0.015189,-0.009448,-0.005796,0.416456,,,mt5
run_20260426_191100,GBP/USD,forex,M15,volatility,bb_squeeze_breakout,confirm_ema=False|period=20|squeeze_pct=20,both,all,REJECT,21,0.238095,0.404154,-0.000602,-0.000602,-0.018116,-0.829526,-1.768872,0.021021,10.952381,-0.012583,-0.012583,-0.009345,-0.003269,0.343725,,,mt5
run_20260426_191100,GBP/USD,forex,M15,volatility,bb_squeeze_breakout,confirm_ema=True|period=20|squeeze_pct=30,both,all,REJECT,22,0.181818,0.285590,-0.000753,-0.000753,-0.021349,-1.160226,-2.646741,0.022022,8.863636,-0.016461,-0.016461,-0.013353,-0.003149,0.302757,,,mt5
run_20260426_191100,GBP/USD,forex,M15,volatility,bb_squeeze_breakout,confirm_ema=False|period=20|squeeze_pct=30,both,all,REJECT,22,0.181818,0.282348,-0.000765,-0.000765,-0.021610,-1.173585,-2.686922,0.022022,9.318182,-0.016723,-0.016723,-0.013616,-0.003149,0.301390,,,mt5
run_20260426_191100,GBP/USD,forex,M15,volatility,atr_compression,confirm_ema=True|period=14|squeeze_pct=20,both,all,NEEDS_MORE_DATA,13,,,,,,,,,,,,,,,,only 13 trades < min 20,mt5
run_20260426_191100,GBP/USD,forex,M15,volatility,atr_compression,confirm_ema=False|period=14|squeeze_pct=20,both,all,NEEDS_MORE_DATA,15,,,,,,,,,,,,,,,,only 15 trades < min 20,mt5
run_20260426_191100,GBP/USD,forex,M15,volatility,atr_compression,confirm_ema=True|period=14|squeeze_pct=30,both,all,NEEDS_MORE_DATA,16,,,,,,,,,,,,,,,,only 16 trades < min 20,mt5
run_20260426_191100,GBP/USD,forex,M15,volatility,atr_compression,confirm_ema=False|period=14|squeeze_pct=30,both,all,NEEDS_MORE_DATA,15,,,,,,,,,,,,,,,,only 15 trades < min 20,mt5
run_20260426_191100,GBP/USD,forex,M15,engine_b_proxy,ob_bos,require_engulf=False|require_vol_expand=False|swing_period=5,both,all,REJECT,23,0.217391,0.338386,-0.001012,-0.001012,-0.029002,-0.956493,-2.071816,0.023023,35.130435,-0.023081,-0.023081,-0.009401,-0.010754,0.497411,,,mt5
run_20260426_191100,GBP/USD,forex,M15,engine_b_proxy,ob_bos,require_engulf=False|require_vol_expand=True|swing_period=5,both,all,NEEDS_MORE_DATA,17,,,,,,,,,,,,,,,,only 17 trades < min 20,mt5
run_20260426_191100,GBP/USD,forex,M15,engine_b_proxy,ob_bos,require_engulf=True|require_vol_expand=False|swing_period=5,both,all,REJECT,20,0.200000,0.372628,-0.000998,-0.000998,-0.025771,-0.841518,-1.805230,0.020020,33.350000,-0.019831,-0.019831,-0.007478,-0.009585,0.456769,,,mt5
run_20260426_191100,GBP/USD,forex,M15,engine_b_proxy,ob_bos,require_engulf=True|require_vol_expand=True|swing_period=5,both,all,NEEDS_MORE_DATA,14,,,,,,,,,,,,,,,,only 14 trades < min 20,mt5
run_20260426_191100,GBP/USD,forex,M15,engine_b_proxy,ob_bos,require_engulf=False|require_vol_expand=False|swing_period=10,both,all,NEEDS_MORE_DATA,12,,,,,,,,,,,,,,,,only 12 trades < min 20,mt5
run_20260426_191100,GBP/USD,forex,M15,engine_b_proxy,ob_bos,require_engulf=False|require_vol_expand=True|swing_period=10,both,all,NEEDS_MORE_DATA,9,,,,,,,,,,,,,,,,only 9 trades < min 20,mt5
run_20260426_191100,GBP/USD,forex,M15,engine_b_proxy,ob_bos,require_engulf=True|require_vol_expand=False|swing_period=10,both,all,NEEDS_MORE_DATA,12,,,,,,,,,,,,,,,,only 12 trades < min 20,mt5
run_20260426_191100,GBP/USD,forex,M15,engine_b_proxy,ob_bos,require_engulf=True|require_vol_expand=True|swing_period=10,both,all,NEEDS_MORE_DATA,9,,,,,,,,,,,,,,,,only 9 trades < min 20,mt5
run_20260426_191100,GBP/USD,forex,M15,engine_b_proxy,structure_filters,fvg_detection=False|strong_close_pct=0.7,both,all,REJECT,346,0.043353,0.025432,-0.001076,-0.001076,-0.311051,-9.290479,-31.152327,0.346346,2.751445,-0.311051,-0.311051,-0.221306,-0.116275,0.557621,,,mt5
run_20260426_191100,GBP/USD,forex,M15,engine_b_proxy,structure_filters,fvg_detection=True|strong_close_pct=0.7,both,all,REJECT,41,0.097561,0.188865,-0.001088,-0.001088,-0.043704,-1.825774,-4.376546,0.041041,10.731707,-0.043704,-0.043704,-0.031084,-0.013025,0.471710,,,mt5
run_20260426_191100,GBP/USD,forex,M15,engine_b_proxy,structure_filters,fvg_detection=False|strong_close_pct=0.8,both,all,REJECT,226,0.070796,0.047101,-0.001028,-0.001028,-0.207529,-6.495251,-19.805130,0.226226,3.951327,-0.207529,-0.207529,-0.147307,-0.069639,0.541824,,,mt5
run_20260426_191100,GBP/USD,forex,M15,engine_b_proxy,structure_filters,fvg_detection=True|strong_close_pct=0.8,both,all,REJECT,27,0.148148,0.213796,-0.001173,-0.001173,-0.031238,-1.424065,-3.366667,0.027027,11.851852,-0.031238,-0.031238,-0.023388,-0.008037,0.365093,,,mt5
run_20260426_191100,GBP/USD,forex,M15,engine_d_proxy,vwap_reclaim,atr_sl_mult=0.5|band_std=0.5,both,all,REJECT,24,0.041667,0.073914,-0.001981,-0.001981,-0.046510,-1.904341,-5.890255,0.024024,40.750000,-0.046510,-0.046510,-0.037401,-0.009197,0.317772,,,mt5
run_20260426_191100,GBP/USD,forex,M15,engine_d_proxy,vwap_reclaim,atr_sl_mult=1.0|band_std=0.5,both,all,REJECT,24,0.041667,0.073914,-0.001981,-0.001981,-0.046510,-1.904341,-5.890255,0.024024,40.750000,-0.046510,-0.046510,-0.037401,-0.009197,0.317772,,,mt5
run_20260426_191100,GBP/USD,forex,M15,engine_d_proxy,vwap_reclaim,atr_sl_mult=0.5|band_std=1.0,both,all,NEEDS_MORE_DATA,16,,,,,,,,,,,,,,,,only 16 trades < min 20,mt5
run_20260426_191100,GBP/USD,forex,M15,engine_d_proxy,vwap_reclaim,atr_sl_mult=1.0|band_std=1.0,both,all,NEEDS_MORE_DATA,16,,,,,,,,,,,,,,,,only 16 trades < min 20,mt5
run_20260426_191100,GBP/USD,forex,M15,engine_d_proxy,micro_breakout,atr_sl_mult=0.5|fee_guard_r=0.5|range_bars=3,both,all,REJECT,94,0.095745,0.099202,-0.001207,-0.001207,-0.107418,-3.471869,-9.420213,0.094094,9.968085,-0.107418,-0.107418,-0.066481,-0.040374,0.582192,,,mt5
run_20260426_191100,GBP/USD,forex,M15,engine_d_proxy,micro_breakout,atr_sl_mult=1.0|fee_guard_r=0.5|range_bars=3,both,all,REJECT,94,0.095745,0.099202,-0.001207,-0.001207,-0.107418,-3.471869,-9.420213,0.094094,9.968085,-0.107418,-0.107418,-0.066481,-0.040374,0.582192,,,mt5
run_20260426_191100,GBP/USD,forex,M15,engine_d_proxy,micro_breakout,atr_sl_mult=0.5|fee_guard_r=0.5|range_bars=6,both,all,REJECT,70,0.100000,0.094250,-0.001441,-0.001441,-0.096073,-3.077359,-8.662890,0.070070,13.228571,-0.096073,-0.096073,-0.062835,-0.031361,0.549732,,,mt5
run_20260426_191100,GBP/USD,forex,M15,engine_d_proxy,micro_breakout,atr_sl_mult=1.0|fee_guard_r=0.5|range_bars=6,both,all,REJECT,70,0.100000,0.094250,-0.001441,-0.001441,-0.096073,-3.077359,-8.662890,0.070070,13.228571,-0.096073,-0.096073,-0.062835,-0.031361,0.549732,,,mt5
run_20260426_191100,GBP/USD,forex,M15,engine_d_proxy,ema_scalp_pullback,atr_sl_mult=0.5|ema_period=21,both,all,REJECT,147,0.054422,0.087250,-0.001077,-0.001077,-0.146520,-4.686461,-13.277794,0.147147,6.489796,-0.146520,-0.146520,-0.077113,-0.075152,0.692371,,,mt5
run_20260426_191100,GBP/USD,forex,M15,engine_d_proxy,ema_scalp_pullback,atr_sl_mult=1.0|ema_period=21,both,all,REJECT,147,0.054422,0.087250,-0.001077,-0.001077,-0.146520,-4.686461,-13.277794,0.147147,6.489796,-0.146520,-0.146520,-0.077113,-0.075152,0.692371,,,mt5
run_20260426_191100,USD/JPY,forex,M15,trend_momentum,ema_cross,adx_min=0|fast_period=10|rsi_confirm=False|slow_period=50,both,all,REJECT,32,0.156250,0.155306,-0.001298,-0.001298,-0.040745,-1.961608,-5.326909,0.032032,29.937500,-0.040745,-0.040745,-0.015493,-0.026563,0.377651,,,mt5
run_20260426_191100,USD/JPY,forex,M15,trend_momentum,ema_cross,adx_min=0|fast_period=10|rsi_confirm=True|slow_period=50,both,all,REJECT,32,0.156250,0.155306,-0.001298,-0.001298,-0.040745,-1.961608,-5.326909,0.032032,29.937500,-0.040745,-0.040745,-0.015493,-0.026563,0.377651,,,mt5
run_20260426_191100,USD/JPY,forex,M15,trend_momentum,ema_cross,adx_min=20|fast_period=10|rsi_confirm=False|slow_period=50,both,all,REJECT,30,0.166667,0.166751,-0.001272,-0.001272,-0.037499,-1.849438,-4.918134,0.030030,30.133333,-0.037499,-0.037499,-0.012161,-0.026563,0.280000,,,mt5
run_20260426_191100,USD/JPY,forex,M15,trend_momentum,ema_cross,adx_min=20|fast_period=10|rsi_confirm=True|slow_period=50,both,all,REJECT,30,0.166667,0.166751,-0.001272,-0.001272,-0.037499,-1.849438,-4.918134,0.030030,30.133333,-0.037499,-0.037499,-0.012161,-0.026563,0.280000,,,mt5
run_20260426_191100,USD/JPY,forex,M15,trend_momentum,ema_cross,adx_min=25|fast_period=10|rsi_confirm=False|slow_period=50,both,all,REJECT,28,0.178571,0.181743,-0.001260,-0.001260,-0.034724,-1.741495,-4.546487,0.028028,30.714286,-0.034724,-0.034724,-0.011454,-0.024455,0.268000,,,mt5
run_20260426_191100,USD/JPY,forex,M15,trend_momentum,ema_cross,adx_min=25|fast_period=10|rsi_confirm=True|slow_period=50,both,all,REJECT,28,0.178571,0.181743,-0.001260,-0.001260,-0.034724,-1.741495,-4.546487,0.028028,30.714286,-0.034724,-0.034724,-0.011454,-0.024455,0.268000,,,mt5
run_20260426_191100,USD/JPY,forex,M15,trend_momentum,ema_cross,adx_min=0|fast_period=10|rsi_confirm=False|slow_period=100,both,all,REJECT,24,0.083333,0.054833,-0.001655,-0.001655,-0.038979,-2.028984,-6.976273,0.024024,40.000000,-0.038979,-0.038979,-0.026106,-0.013746,0.401963,,,mt5
run_20260426_191100,USD/JPY,forex,M15,trend_momentum,ema_cross,adx_min=0|fast_period=10|rsi_confirm=True|slow_period=100,both,all,REJECT,24,0.083333,0.054833,-0.001655,-0.001655,-0.038979,-2.028984,-6.976273,0.024024,40.000000,-0.038979,-0.038979,-0.026106,-0.013746,0.401963,,,mt5
run_20260426_191100,USD/JPY,forex,M15,trend_momentum,ema_cross,adx_min=20|fast_period=10|rsi_confirm=False|slow_period=100,both,all,REJECT,24,0.083333,0.054833,-0.001655,-0.001655,-0.038979,-2.028984,-6.976273,0.024024,40.000000,-0.038979,-0.038979,-0.026106,-0.013746,0.401963,,,mt5
run_20260426_191100,USD/JPY,forex,M15,trend_momentum,ema_cross,adx_min=20|fast_period=10|rsi_confirm=True|slow_period=100,both,all,REJECT,24,0.083333,0.054833,-0.001655,-0.001655,-0.038979,-2.028984,-6.976273,0.024024,40.000000,-0.038979,-0.038979,-0.026106,-0.013746,0.401963,,,mt5
run_20260426_191100,USD/JPY,forex,M15,trend_momentum,ema_cross,adx_min=25|fast_period=10|rsi_confirm=False|slow_period=100,both,all,REJECT,22,0.045455,0.039945,-0.001712,-0.001712,-0.037008,-2.004299,-7.396980,0.022022,36.727273,-0.037008,-0.037008,-0.023586,-0.013746,0.406841,,,mt5
run_20260426_191100,USD/JPY,forex,M15,trend_momentum,ema_cross,adx_min=25|fast_period=10|rsi_confirm=True|slow_period=100,both,all,REJECT,22,0.045455,0.039945,-0.001712,-0.001712,-0.037008,-2.004299,-7.396980,0.022022,36.727273,-0.037008,-0.037008,-0.023586,-0.013746,0.406841,,,mt5
run_20260426_191100,USD/JPY,forex,M15,trend_momentum,ema_cross,adx_min=0|fast_period=10|rsi_confirm=False|slow_period=200,both,all,NEEDS_MORE_DATA,18,,,,,,,,,,,,,,,,only 18 trades < min 20,mt5
run_20260426_191100,USD/JPY,forex,M15,trend_momentum,ema_cross,adx_min=0|fast_period=10|rsi_confirm=True|slow_period=200,both,all,NEEDS_MORE_DATA,17,,,,,,,,,,,,,,,,only 17 trades < min 20,mt5
run_20260426_191100,USD/JPY,forex,M15,trend_momentum,ema_cross,adx_min=20|fast_period=10|rsi_confirm=False|slow_period=200,both,all,NEEDS_MORE_DATA,15,,,,,,,,,,,,,,,,only 15 trades < min 20,mt5
run_20260426_191100,USD/JPY,forex,M15,trend_momentum,ema_cross,adx_min=20|fast_period=10|rsi_confirm=True|slow_period=200,both,all,NEEDS_MORE_DATA,14,,,,,,,,,,,,,,,,only 14 trades < min 20,mt5
run_20260426_191100,USD/JPY,forex,M15,trend_momentum,ema_cross,adx_min=25|fast_period=10|rsi_confirm=False|slow_period=200,both,all,NEEDS_MORE_DATA,15,,,,,,,,,,,,,,,,only 15 trades < min 20,mt5
run_20260426_191100,USD/JPY,forex,M15,trend_momentum,ema_cross,adx_min=25|fast_period=10|rsi_confirm=True|slow_period=200,both,all,NEEDS_MORE_DATA,14,,,,,,,,,,,,,,,,only 14 trades < min 20,mt5
run_20260426_191100,USD/JPY,forex,M15,trend_momentum,ema_cross,adx_min=0|fast_period=20|rsi_confirm=False|slow_period=50,both,all,REJECT,24,0.125000,0.117475,-0.001427,-0.001427,-0.035882,-1.797163,-5.173797,0.024024,39.958333,-0.033721,-0.033721,-0.019450,-0.015590,0.484454,,,mt5
run_20260426_191100,USD/JPY,forex,M15,trend_momentum,ema_cross,adx_min=0|fast_period=20|rsi_confirm=True|slow_period=50,both,all,REJECT,24,0.125000,0.117475,-0.001427,-0.001427,-0.035882,-1.797163,-5.173797,0.024024,39.958333,-0.033721,-0.033721,-0.019450,-0.015590,0.484454,,,mt5
run_20260426_191100,USD/JPY,forex,M15,trend_momentum,ema_cross,adx_min=20|fast_period=20|rsi_confirm=False|slow_period=50,both,all,REJECT,23,0.130435,0.124941,-0.001389,-0.001389,-0.033640,-1.725615,-4.870787,0.023023,40.565217,-0.031475,-0.031475,-0.017170,-0.015590,0.510378,,,mt5
run_20260426_191100,USD/JPY,forex,M15,trend_momentum,ema_cross,adx_min=20|fast_period=20|rsi_confirm=True|slow_period=50,both,all,REJECT,23,0.130435,0.124941,-0.001389,-0.001389,-0.033640,-1.725615,-4.870787,0.023023,40.565217,-0.031475,-0.031475,-0.017170,-0.015590,0.510378,,,mt5
run_20260426_191100,USD/JPY,forex,M15,trend_momentum,ema_cross,adx_min=25|fast_period=20|rsi_confirm=False|slow_period=50,both,all,REJECT,21,0.095238,0.098716,-0.001438,-0.001438,-0.031950,-1.731314,-5.167191,0.021021,37.238095,-0.029780,-0.029780,-0.014415,-0.015590,0.501563,,,mt5
run_20260426_191100,USD/JPY,forex,M15,trend_momentum,ema_cross,adx_min=25|fast_period=20|rsi_confirm=True|slow_period=50,both,all,REJECT,21,0.095238,0.098716,-0.001438,-0.001438,-0.031950,-1.731314,-5.167191,0.021021,37.238095,-0.029780,-0.029780,-0.014415,-0.015590,0.501563,,,mt5
run_20260426_191100,USD/JPY,forex,M15,trend_momentum,ema_cross,adx_min=0|fast_period=20|rsi_confirm=False|slow_period=100,both,all,NEEDS_MORE_DATA,14,,,,,,,,,,,,,,,,only 14 trades < min 20,mt5
run_20260426_191100,USD/JPY,forex,M15,trend_momentum,ema_cross,adx_min=0|fast_period=20|rsi_confirm=True|slow_period=100,both,all,NEEDS_MORE_DATA,14,,,,,,,,,,,,,,,,only 14 trades < min 20,mt5
run_20260426_191100,USD/JPY,forex,M15,trend_momentum,ema_cross,adx_min=20|fast_period=20|rsi_confirm=False|slow_period=100,both,all,NEEDS_MORE_DATA,14,,,,,,,,,,,,,,,,only 14 trades < min 20,mt5
run_20260426_191100,USD/JPY,forex,M15,trend_momentum,ema_cross,adx_min=20|fast_period=20|rsi_confirm=True|slow_period=100,both,all,NEEDS_MORE_DATA,14,,,,,,,,,,,,,,,,only 14 trades < min 20,mt5
run_20260426_191100,USD/JPY,forex,M15,trend_momentum,ema_cross,adx_min=25|fast_period=20|rsi_confirm=False|slow_period=100,both,all,NEEDS_MORE_DATA,13,,,,,,,,,,,,,,,,only 13 trades < min 20,mt5
run_20260426_191100,USD/JPY,forex,M15,trend_momentum,ema_cross,adx_min=25|fast_period=20|rsi_confirm=True|slow_period=100,both,all,NEEDS_MORE_DATA,13,,,,,,,,,,,,,,,,only 13 trades < min 20,mt5
run_20260426_191100,USD/JPY,forex,M15,trend_momentum,ema_cross,adx_min=0|fast_period=20|rsi_confirm=False|slow_period=200,both,all,NEEDS_MORE_DATA,12,,,,,,,,,,,,,,,,only 12 trades < min 20,mt5
run_20260426_191100,USD/JPY,forex,M15,trend_momentum,ema_cross,adx_min=0|fast_period=20|rsi_confirm=True|slow_period=200,both,all,NEEDS_MORE_DATA,12,,,,,,,,,,,,,,,,only 12 trades < min 20,mt5
run_20260426_191100,USD/JPY,forex,M15,trend_momentum,ema_cross,adx_min=20|fast_period=20|rsi_confirm=False|slow_period=200,both,all,NEEDS_MORE_DATA,11,,,,,,,,,,,,,,,,only 11 trades < min 20,mt5
run_20260426_191100,USD/JPY,forex,M15,trend_momentum,ema_cross,adx_min=20|fast_period=20|rsi_confirm=True|slow_period=200,both,all,NEEDS_MORE_DATA,11,,,,,,,,,,,,,,,,only 11 trades < min 20,mt5
run_20260426_191100,USD/JPY,forex,M15,trend_momentum,ema_cross,adx_min=25|fast_period=20|rsi_confirm=False|slow_period=200,both,all,NEEDS_MORE_DATA,11,,,,,,,,,,,,,,,,only 11 trades < min 20,mt5
run_20260426_191100,USD/JPY,forex,M15,trend_momentum,ema_cross,adx_min=25|fast_period=20|rsi_confirm=True|slow_period=200,both,all,NEEDS_MORE_DATA,11,,,,,,,,,,,,,,,,only 11 trades < min 20,mt5
run_20260426_191100,USD/JPY,forex,M15,trend_momentum,ema_alignment,adx_min=0|ema_long=200|ema_mid=50|ema_short=20,both,all,NEEDS_MORE_DATA,15,,,,,,,,,,,,,,,,only 15 trades < min 20,mt5
run_20260426_191100,USD/JPY,forex,M15,trend_momentum,ema_alignment,adx_min=20|ema_long=200|ema_mid=50|ema_short=20,both,all,NEEDS_MORE_DATA,15,,,,,,,,,,,,,,,,only 15 trades < min 20,mt5
run_20260426_191100,USD/JPY,forex,M15,trend_momentum,ema_alignment,adx_min=25|ema_long=200|ema_mid=50|ema_short=20,both,all,NEEDS_MORE_DATA,15,,,,,,,,,,,,,,,,only 15 trades < min 20,mt5
run_20260426_191100,USD/JPY,forex,M15,trend_momentum,macd_direction,adx_min=0|fast=12|signal_period=9|slow=26,both,all,REJECT,87,0.149425,0.124697,-0.001096,-0.001096,-0.091043,-3.182009,-8.334732,0.087087,11.333333,-0.091043,-0.091043,-0.050310,-0.039208,0.633794,,,mt5
run_20260426_191100,USD/JPY,forex,M15,trend_momentum,macd_direction,adx_min=20|fast=12|signal_period=9|slow=26,both,all,REJECT,85,0.141176,0.125770,-0.001110,-0.001110,-0.090154,-3.157501,-8.300950,0.085085,11.094118,-0.090154,-0.090154,-0.049381,-0.039208,0.638195,,,mt5
run_20260426_191100,USD/JPY,forex,M15,pullback,pullback_ema,pullback_period=20|rsi_reclaim=False|rsi_threshold=50|trend_period=200,both,all,REJECT,74,0.081081,0.037989,-0.000980,-0.000980,-0.070031,-3.853323,-14.974926,0.074074,6.621622,-0.070031,-0.070031,-0.049098,-0.020856,0.527434,,,mt5
run_20260426_191100,USD/JPY,forex,M15,pullback,pullback_ema,pullback_period=20|rsi_reclaim=True|rsi_threshold=50|trend_period=200,both,all,REJECT,71,0.084507,0.039601,-0.000979,-0.000979,-0.067169,-3.750251,-14.382783,0.071071,6.788732,-0.067169,-0.067169,-0.047127,-0.019875,0.526521,,,mt5
run_20260426_191100,USD/JPY,forex,M15,pullback,pullback_ema,pullback_period=50|rsi_reclaim=False|rsi_threshold=50|trend_period=200,both,all,REJECT,40,0.050000,0.030597,-0.001019,-0.001019,-0.039965,-2.837115,-11.697426,0.040040,10.750000,-0.039965,-0.039965,-0.025044,-0.014331,0.511668,,,mt5
run_20260426_191100,USD/JPY,forex,M15,pullback,pullback_ema,pullback_period=50|rsi_reclaim=True|rsi_threshold=50|trend_period=200,both,all,REJECT,28,0.000000,0.000000,-0.001129,-0.001129,-0.031132,-2.505439,-13.568366,0.028028,10.500000,-0.031132,-0.031132,-0.020128,-0.010252,0.420802,,,mt5
run_20260426_191100,USD/JPY,forex,M15,breakout,prev_day_hl,atr_expand_min=0.0,both,all,NEEDS_MORE_DATA,5,,,,,,,,,,,,,,,,only 5 trades < min 20,mt5
run_20260426_191100,USD/JPY,forex,M15,breakout,prev_day_hl,atr_expand_min=0.5,both,all,NEEDS_MORE_DATA,5,,,,,,,,,,,,,,,,only 5 trades < min 20,mt5
run_20260426_191100,USD/JPY,forex,M15,breakout,prev_day_hl,atr_expand_min=1.0,both,all,NEEDS_MORE_DATA,4,,,,,,,,,,,,,,,,only 4 trades < min 20,mt5
run_20260426_191100,USD/JPY,forex,M15,breakout,session_opening_range,atr_expand_min=0.0|range_bars=6,both,all,REJECT,62,0.096774,0.108585,-0.001210,-0.001210,-0.072410,-2.834911,-7.849960,0.062062,16.000000,-0.072377,-0.072377,-0.045691,-0.024396,0.560184,,,mt5
run_20260426_191100,USD/JPY,forex,M15,breakout,session_opening_range,atr_expand_min=0.5|range_bars=6,both,all,REJECT,60,0.100000,0.112627,-0.001200,-0.001200,-0.069601,-2.751465,-7.533261,0.060060,16.000000,-0.069569,-0.069569,-0.044322,-0.022844,0.554624,,,mt5
run_20260426_191100,USD/JPY,forex,M15,breakout,session_opening_range,atr_expand_min=0.0|range_bars=12,both,all,REJECT,31,0.129032,0.222135,-0.001122,-0.001122,-0.035701,-1.506880,-3.541682,0.031031,29.387097,-0.034239,-0.034239,-0.024150,-0.008639,0.393316,,,mt5
run_20260426_191100,USD/JPY,forex,M15,breakout,session_opening_range,atr_expand_min=0.5|range_bars=12,both,all,REJECT,31,0.129032,0.222135,-0.001122,-0.001122,-0.035701,-1.506880,-3.541682,0.031031,29.387097,-0.034239,-0.034239,-0.024150,-0.008639,0.393316,,,mt5
run_20260426_191100,USD/JPY,forex,M15,breakout,london_breakout,atr_expand_min=0.0|utc_end=11|utc_start=7,both,all,NEEDS_MORE_DATA,15,,,,,,,,,,,,,,,,only 15 trades < min 20,mt5
run_20260426_191100,USD/JPY,forex,M15,breakout,london_breakout,atr_expand_min=0.5|utc_end=11|utc_start=7,both,all,NEEDS_MORE_DATA,15,,,,,,,,,,,,,,,,only 15 trades < min 20,mt5
run_20260426_191100,USD/JPY,forex,M15,breakout,ny_breakout,atr_expand_min=0.0|utc_end=16|utc_start=13,both,all,NEEDS_MORE_DATA,14,,,,,,,,,,,,,,,,only 14 trades < min 20,mt5
run_20260426_191100,USD/JPY,forex,M15,breakout,ny_breakout,atr_expand_min=0.5|utc_end=16|utc_start=13,both,all,NEEDS_MORE_DATA,14,,,,,,,,,,,,,,,,only 14 trades < min 20,mt5
run_20260426_191100,USD/JPY,forex,M15,mean_reversion,rsi_extreme,overbought=70|oversold=30|period=14,both,all,NEEDS_MORE_DATA,15,,,,,,,,,,,,,,,,only 15 trades < min 20,mt5
run_20260426_191100,USD/JPY,forex,M15,mean_reversion,rsi_extreme,overbought=75|oversold=30|period=14,both,all,NEEDS_MORE_DATA,10,,,,,,,,,,,,,,,,only 10 trades < min 20,mt5
run_20260426_191100,USD/JPY,forex,M15,mean_reversion,rsi_extreme,overbought=70|oversold=25|period=14,both,all,NEEDS_MORE_DATA,12,,,,,,,,,,,,,,,,only 12 trades < min 20,mt5
run_20260426_191100,USD/JPY,forex,M15,mean_reversion,rsi_extreme,overbought=75|oversold=25|period=14,both,all,NEEDS_MORE_DATA,7,,,,,,,,,,,,,,,,only 7 trades < min 20,mt5
run_20260426_191100,USD/JPY,forex,M15,mean_reversion,bollinger_touch,num_std=2.0|period=20,both,all,REJECT,42,0.357143,0.125788,-0.000595,-0.000595,-0.024730,-1.541433,-3.465809,0.042042,11.928571,-0.024730,-0.024730,-0.021992,-0.002800,0.390196,,,mt5
run_20260426_191100,USD/JPY,forex,M15,mean_reversion,bollinger_touch,num_std=2.5|period=20,both,all,REJECT,27,0.481481,0.312366,-0.000270,-0.000270,-0.008144,-0.929324,-1.977385,0.027027,11.925926,-0.007269,-0.007269,-0.007757,0.000491,0.314558,,,mt5
run_20260426_191100,USD/JPY,forex,M15,mean_reversion,vwap_deviation,std_threshold=1.5,both,all,NEEDS_MORE_DATA,7,,,,,,,,,,,,,,,,only 7 trades < min 20,mt5
run_20260426_191100,USD/JPY,forex,M15,mean_reversion,vwap_deviation,std_threshold=2.0,both,all,NEEDS_MORE_DATA,5,,,,,,,,,,,,,,,,only 5 trades < min 20,mt5
run_20260426_191100,USD/JPY,forex,M15,volatility,bb_squeeze_breakout,confirm_ema=True|period=20|squeeze_pct=20,both,all,REJECT,24,0.041667,0.001643,-0.001052,-0.001052,-0.024954,-2.220069,-9.776083,0.024024,6.916667,-0.024954,-0.024954,-0.015099,-0.010007,0.442821,,,mt5
run_20260426_191100,USD/JPY,forex,M15,volatility,bb_squeeze_breakout,confirm_ema=False|period=20|squeeze_pct=20,both,all,REJECT,24,0.041667,0.001538,-0.001124,-0.001124,-0.026635,-2.247848,-10.421507,0.024024,7.250000,-0.026635,-0.026635,-0.016797,-0.010007,0.422722,,,mt5
run_20260426_191100,USD/JPY,forex,M15,volatility,bb_squeeze_breakout,confirm_ema=True|period=20|squeeze_pct=30,both,all,REJECT,24,0.083333,0.092548,-0.000827,-0.000827,-0.019670,-1.818640,-5.305515,0.024024,6.750000,-0.019670,-0.019670,-0.010705,-0.009062,0.497976,,,mt5
run_20260426_191100,USD/JPY,forex,M15,volatility,bb_squeeze_breakout,confirm_ema=False|period=20|squeeze_pct=30,both,all,REJECT,24,0.083333,0.084038,-0.000919,-0.000919,-0.021841,-1.890080,-5.785562,0.024024,7.250000,-0.021841,-0.021841,-0.012896,-0.009062,0.454821,,,mt5
run_20260426_191100,USD/JPY,forex,M15,volatility,atr_compression,confirm_ema=True|period=14|squeeze_pct=20,both,all,NEEDS_MORE_DATA,15,,,,,,,,,,,,,,,,only 15 trades < min 20,mt5
run_20260426_191100,USD/JPY,forex,M15,volatility,atr_compression,confirm_ema=False|period=14|squeeze_pct=20,both,all,NEEDS_MORE_DATA,18,,,,,,,,,,,,,,,,only 18 trades < min 20,mt5
run_20260426_191100,USD/JPY,forex,M15,volatility,atr_compression,confirm_ema=True|period=14|squeeze_pct=30,both,all,NEEDS_MORE_DATA,14,,,,,,,,,,,,,,,,only 14 trades < min 20,mt5
run_20260426_191100,USD/JPY,forex,M15,volatility,atr_compression,confirm_ema=False|period=14|squeeze_pct=30,both,all,NEEDS_MORE_DATA,17,,,,,,,,,,,,,,,,only 17 trades < min 20,mt5
run_20260426_191100,USD/JPY,forex,M15,engine_b_proxy,ob_bos,require_engulf=False|require_vol_expand=False|swing_period=5,both,all,REJECT,24,0.041667,0.062052,-0.001878,-0.001878,-0.044314,-1.965160,-6.377333,0.024024,32.833333,-0.044140,-0.044140,-0.030847,-0.013301,0.373360,,,mt5
run_20260426_191100,USD/JPY,forex,M15,engine_b_proxy,ob_bos,require_engulf=False|require_vol_expand=True|swing_period=5,both,all,NEEDS_MORE_DATA,18,,,,,,,,,,,,,,,,only 18 trades < min 20,mt5
run_20260426_191100,USD/JPY,forex,M15,engine_b_proxy,ob_bos,require_engulf=True|require_vol_expand=False|swing_period=5,both,all,REJECT,23,0.043478,0.062973,-0.001929,-0.001929,-0.043641,-1.941539,-6.405293,0.023023,32.043478,-0.043468,-0.043468,-0.031354,-0.012090,0.353678,,,mt5
run_20260426_191100,USD/JPY,forex,M15,engine_b_proxy,ob_bos,require_engulf=True|require_vol_expand=True|swing_period=5,both,all,NEEDS_MORE_DATA,18,,,,,,,,,,,,,,,,only 18 trades < min 20,mt5
run_20260426_191100,USD/JPY,forex,M15,engine_b_proxy,ob_bos,require_engulf=False|require_vol_expand=False|swing_period=10,both,all,NEEDS_MORE_DATA,11,,,,,,,,,,,,,,,,only 11 trades < min 20,mt5
run_20260426_191100,USD/JPY,forex,M15,engine_b_proxy,ob_bos,require_engulf=False|require_vol_expand=True|swing_period=10,both,all,NEEDS_MORE_DATA,10,,,,,,,,,,,,,,,,only 10 trades < min 20,mt5
run_20260426_191100,USD/JPY,forex,M15,engine_b_proxy,ob_bos,require_engulf=True|require_vol_expand=False|swing_period=10,both,all,NEEDS_MORE_DATA,9,,,,,,,,,,,,,,,,only 9 trades < min 20,mt5
run_20260426_191100,USD/JPY,forex,M15,engine_b_proxy,ob_bos,require_engulf=True|require_vol_expand=True|swing_period=10,both,all,NEEDS_MORE_DATA,9,,,,,,,,,,,,,,,,only 9 trades < min 20,mt5
run_20260426_191100,USD/JPY,forex,M15,engine_b_proxy,structure_filters,fvg_detection=False|strong_close_pct=0.7,both,all,REJECT,289,0.065744,0.042225,-0.000958,-0.000958,-0.241960,-8.022999,-26.209395,0.289289,3.297578,-0.241960,-0.241960,-0.177685,-0.078720,0.532909,,,mt5
run_20260426_191100,USD/JPY,forex,M15,engine_b_proxy,structure_filters,fvg_detection=True|strong_close_pct=0.7,both,all,REJECT,44,0.090909,0.073820,-0.001202,-0.001202,-0.052827,-2.704186,-8.861481,0.044044,8.886364,-0.051564,-0.051564,-0.031514,-0.020703,0.561079,,,mt5
run_20260426_191100,USD/JPY,forex,M15,engine_b_proxy,structure_filters,fvg_detection=False|strong_close_pct=0.8,both,all,REJECT,217,0.055300,0.043150,-0.001002,-0.001002,-0.195540,-6.700006,-22.324917,0.217217,4.124424,-0.195540,-0.195540,-0.144099,-0.058603,0.522006,,,mt5
run_20260426_191100,USD/JPY,forex,M15,engine_b_proxy,structure_filters,fvg_detection=True|strong_close_pct=0.8,both,all,REJECT,36,0.111111,0.091070,-0.001169,-0.001169,-0.042519,-2.326143,-7.107504,0.036036,9.611111,-0.041242,-0.041242,-0.027802,-0.013825,0.465181,,,mt5
run_20260426_191100,USD/JPY,forex,M15,engine_d_proxy,vwap_reclaim,atr_sl_mult=0.5|band_std=0.5,both,all,NEEDS_MORE_DATA,13,,,,,,,,,,,,,,,,only 13 trades < min 20,mt5
run_20260426_191100,USD/JPY,forex,M15,engine_d_proxy,vwap_reclaim,atr_sl_mult=1.0|band_std=0.5,both,all,NEEDS_MORE_DATA,13,,,,,,,,,,,,,,,,only 13 trades < min 20,mt5
run_20260426_191100,USD/JPY,forex,M15,engine_d_proxy,vwap_reclaim,atr_sl_mult=0.5|band_std=1.0,both,all,NEEDS_MORE_DATA,9,,,,,,,,,,,,,,,,only 9 trades < min 20,mt5
run_20260426_191100,USD/JPY,forex,M15,engine_d_proxy,vwap_reclaim,atr_sl_mult=1.0|band_std=1.0,both,all,NEEDS_MORE_DATA,9,,,,,,,,,,,,,,,,only 9 trades < min 20,mt5
run_20260426_191100,USD/JPY,forex,M15,engine_d_proxy,micro_breakout,atr_sl_mult=0.5|fee_guard_r=0.5|range_bars=3,both,all,REJECT,102,0.088235,0.106890,-0.001063,-0.001063,-0.102855,-3.504181,-9.237334,0.102102,9.656863,-0.102855,-0.102855,-0.059306,-0.045385,0.629582,,,mt5
run_20260426_191100,USD/JPY,forex,M15,engine_d_proxy,micro_breakout,atr_sl_mult=1.0|fee_guard_r=0.5|range_bars=3,both,all,REJECT,102,0.088235,0.106890,-0.001063,-0.001063,-0.102855,-3.504181,-9.237334,0.102102,9.656863,-0.102855,-0.102855,-0.059306,-0.045385,0.629582,,,mt5
run_20260426_191100,USD/JPY,forex,M15,engine_d_proxy,micro_breakout,atr_sl_mult=0.5|fee_guard_r=0.5|range_bars=6,both,all,REJECT,62,0.096774,0.108585,-0.001210,-0.001210,-0.072410,-2.834911,-7.849960,0.062062,16.000000,-0.072377,-0.072377,-0.045691,-0.024396,0.560184,,,mt5
run_20260426_191100,USD/JPY,forex,M15,engine_d_proxy,micro_breakout,atr_sl_mult=1.0|fee_guard_r=0.5|range_bars=6,both,all,REJECT,62,0.096774,0.108585,-0.001210,-0.001210,-0.072410,-2.834911,-7.849960,0.062062,16.000000,-0.072377,-0.072377,-0.045691,-0.024396,0.560184,,,mt5
run_20260426_191100,USD/JPY,forex,M15,engine_d_proxy,ema_scalp_pullback,atr_sl_mult=0.5|ema_period=21,both,all,REJECT,135,0.066667,0.084499,-0.001054,-0.001054,-0.132781,-4.695120,-14.106649,0.135135,7.185185,-0.132781,-0.132781,-0.087962,-0.049238,0.567930,,,mt5
run_20260426_191100,USD/JPY,forex,M15,engine_d_proxy,ema_scalp_pullback,atr_sl_mult=1.0|ema_period=21,both,all,REJECT,134,0.067164,0.085124,-0.001054,-0.001054,-0.131791,-4.666773,-13.990179,0.134134,7.246269,-0.131791,-0.131791,-0.086921,-0.049238,0.569940,,,mt5
run_20260426_191100,AUD/USD,forex,M15,trend_momentum,ema_cross,adx_min=0|fast_period=10|rsi_confirm=False|slow_period=50,both,all,REJECT,26,0.153846,0.243745,-0.001702,-0.001702,-0.043484,-1.113447,-2.455855,0.026026,36.576923,-0.043484,-0.043484,-0.020631,-0.021435,0.544313,,,mt5
run_20260426_191100,AUD/USD,forex,M15,trend_momentum,ema_cross,adx_min=0|fast_period=10|rsi_confirm=True|slow_period=50,both,all,REJECT,25,0.160000,0.297149,-0.001350,-0.001350,-0.033318,-0.995899,-2.156252,0.025025,36.480000,-0.033318,-0.033318,-0.010222,-0.021435,0.250000,,,mt5
run_20260426_191100,AUD/USD,forex,M15,trend_momentum,ema_cross,adx_min=20|fast_period=10|rsi_confirm=False|slow_period=50,both,all,REJECT,22,0.181818,0.265522,-0.001819,-0.001819,-0.039411,-1.012255,-2.227832,0.022022,39.500000,-0.039411,-0.039411,-0.020331,-0.017569,0.491242,,,mt5
run_20260426_191100,AUD/USD,forex,M15,trend_momentum,ema_cross,adx_min=20|fast_period=10|rsi_confirm=True|slow_period=50,both,all,REJECT,21,0.190476,0.329055,-0.001404,-0.001404,-0.029201,-0.877433,-1.887458,0.021021,39.523810,-0.029201,-0.029201,-0.009918,-0.017569,0.296475,,,mt5
run_20260426_191100,AUD/USD,forex,M15,trend_momentum,ema_cross,adx_min=25|fast_period=10|rsi_confirm=False|slow_period=50,both,all,NEEDS_MORE_DATA,17,,,,,,,,,,,,,,,,only 17 trades < min 20,mt5
run_20260426_191100,AUD/USD,forex,M15,trend_momentum,ema_cross,adx_min=25|fast_period=10|rsi_confirm=True|slow_period=50,both,all,NEEDS_MORE_DATA,16,,,,,,,,,,,,,,,,only 16 trades < min 20,mt5
run_20260426_191100,AUD/USD,forex,M15,trend_momentum,ema_cross,adx_min=0|fast_period=10|rsi_confirm=False|slow_period=100,both,all,REJECT,24,0.041667,0.192794,-0.002160,-0.002160,-0.050738,-1.197746,-2.721723,0.024024,40.000000,-0.050738,-0.050738,-0.022304,-0.026962,0.481349,,,mt5
run_20260426_191100,AUD/USD,forex,M15,trend_momentum,ema_cross,adx_min=0|fast_period=10|rsi_confirm=True|slow_period=100,both,all,REJECT,23,0.043478,0.230560,-0.001796,-0.001796,-0.042834,-1.089426,-2.426431,0.023023,40.043478,-0.040648,-0.040648,-0.011912,-0.026962,0.238000,,,mt5
run_20260426_191100,AUD/USD,forex,M15,trend_momentum,ema_cross,adx_min=20|fast_period=10|rsi_confirm=False|slow_period=100,both,all,REJECT,22,0.045455,0.200415,-0.002245,-0.002245,-0.048415,-1.146161,-2.604899,0.022022,37.227273,-0.048415,-0.048415,-0.021308,-0.025575,0.471915,,,mt5
run_20260426_191100,AUD/USD,forex,M15,trend_momentum,ema_cross,adx_min=20|fast_period=10|rsi_confirm=True|slow_period=100,both,all,REJECT,21,0.047619,0.241543,-0.001851,-0.001851,-0.040492,-1.030782,-2.290811,0.021021,37.142857,-0.038300,-0.038300,-0.010904,-0.025575,0.226000,,,mt5
run_20260426_191100,AUD/USD,forex,M15,trend_momentum,ema_cross,adx_min=25|fast_period=10|rsi_confirm=False|slow_period=100,both,all,NEEDS_MORE_DATA,15,,,,,,,,,,,,,,,,only 15 trades < min 20,mt5
run_20260426_191100,AUD/USD,forex,M15,trend_momentum,ema_cross,adx_min=25|fast_period=10|rsi_confirm=True|slow_period=100,both,all,NEEDS_MORE_DATA,14,,,,,,,,,,,,,,,,only 14 trades < min 20,mt5
run_20260426_191100,AUD/USD,forex,M15,trend_momentum,ema_cross,adx_min=0|fast_period=10|rsi_confirm=False|slow_period=200,both,all,NEEDS_MORE_DATA,10,,,,,,,,,,,,,,,,only 10 trades < min 20,mt5
run_20260426_191100,AUD/USD,forex,M15,trend_momentum,ema_cross,adx_min=0|fast_period=10|rsi_confirm=True|slow_period=200,both,all,NEEDS_MORE_DATA,9,,,,,,,,,,,,,,,,only 9 trades < min 20,mt5
run_20260426_191100,AUD/USD,forex,M15,trend_momentum,ema_cross,adx_min=20|fast_period=10|rsi_confirm=False|slow_period=200,both,all,NEEDS_MORE_DATA,10,,,,,,,,,,,,,,,,only 10 trades < min 20,mt5
run_20260426_191100,AUD/USD,forex,M15,trend_momentum,ema_cross,adx_min=20|fast_period=10|rsi_confirm=True|slow_period=200,both,all,NEEDS_MORE_DATA,9,,,,,,,,,,,,,,,,only 9 trades < min 20,mt5
run_20260426_191100,AUD/USD,forex,M15,trend_momentum,ema_cross,adx_min=25|fast_period=10|rsi_confirm=False|slow_period=200,both,all,NEEDS_MORE_DATA,8,,,,,,,,,,,,,,,,only 8 trades < min 20,mt5
run_20260426_191100,AUD/USD,forex,M15,trend_momentum,ema_cross,adx_min=25|fast_period=10|rsi_confirm=True|slow_period=200,both,all,NEEDS_MORE_DATA,7,,,,,,,,,,,,,,,,only 7 trades < min 20,mt5
run_20260426_191100,AUD/USD,forex,M15,trend_momentum,ema_cross,adx_min=0|fast_period=20|rsi_confirm=False|slow_period=50,both,all,NEEDS_MORE_DATA,18,,,,,,,,,,,,,,,,only 18 trades < min 20,mt5
run_20260426_191100,AUD/USD,forex,M15,trend_momentum,ema_cross,adx_min=0|fast_period=20|rsi_confirm=True|slow_period=50,both,all,NEEDS_MORE_DATA,17,,,,,,,,,,,,,,,,only 17 trades < min 20,mt5
run_20260426_191100,AUD/USD,forex,M15,trend_momentum,ema_cross,adx_min=20|fast_period=20|rsi_confirm=False|slow_period=50,both,all,NEEDS_MORE_DATA,17,,,,,,,,,,,,,,,,only 17 trades < min 20,mt5
run_20260426_191100,AUD/USD,forex,M15,trend_momentum,ema_cross,adx_min=20|fast_period=20|rsi_confirm=True|slow_period=50,both,all,NEEDS_MORE_DATA,16,,,,,,,,,,,,,,,,only 16 trades < min 20,mt5
run_20260426_191100,AUD/USD,forex,M15,trend_momentum,ema_cross,adx_min=25|fast_period=20|rsi_confirm=False|slow_period=50,both,all,NEEDS_MORE_DATA,14,,,,,,,,,,,,,,,,only 14 trades < min 20,mt5
run_20260426_191100,AUD/USD,forex,M15,trend_momentum,ema_cross,adx_min=25|fast_period=20|rsi_confirm=True|slow_period=50,both,all,NEEDS_MORE_DATA,13,,,,,,,,,,,,,,,,only 13 trades < min 20,mt5
run_20260426_191100,AUD/USD,forex,M15,trend_momentum,ema_cross,adx_min=0|fast_period=20|rsi_confirm=False|slow_period=100,both,all,REJECT,20,0.050000,0.156075,-0.002972,-0.002972,-0.057951,-1.302262,-3.168690,0.020020,48.550000,-0.057951,-0.057951,-0.034333,-0.021986,0.412108,,,mt5
run_20260426_191100,AUD/USD,forex,M15,trend_momentum,ema_cross,adx_min=0|fast_period=20|rsi_confirm=True|slow_period=100,both,all,NEEDS_MORE_DATA,19,,,,,,,,,,,,,,,,only 19 trades < min 20,mt5
run_20260426_191100,AUD/USD,forex,M15,trend_momentum,ema_cross,adx_min=20|fast_period=20|rsi_confirm=False|slow_period=100,both,all,NEEDS_MORE_DATA,18,,,,,,,,,,,,,,,,only 18 trades < min 20,mt5
run_20260426_191100,AUD/USD,forex,M15,trend_momentum,ema_cross,adx_min=20|fast_period=20|rsi_confirm=True|slow_period=100,both,all,NEEDS_MORE_DATA,17,,,,,,,,,,,,,,,,only 17 trades < min 20,mt5
run_20260426_191100,AUD/USD,forex,M15,trend_momentum,ema_cross,adx_min=25|fast_period=20|rsi_confirm=False|slow_period=100,both,all,NEEDS_MORE_DATA,12,,,,,,,,,,,,,,,,only 12 trades < min 20,mt5
run_20260426_191100,AUD/USD,forex,M15,trend_momentum,ema_cross,adx_min=25|fast_period=20|rsi_confirm=True|slow_period=100,both,all,NEEDS_MORE_DATA,11,,,,,,,,,,,,,,,,only 11 trades < min 20,mt5
run_20260426_191100,AUD/USD,forex,M15,trend_momentum,ema_cross,adx_min=0|fast_period=20|rsi_confirm=False|slow_period=200,both,all,NEEDS_MORE_DATA,10,,,,,,,,,,,,,,,,only 10 trades < min 20,mt5
run_20260426_191100,AUD/USD,forex,M15,trend_momentum,ema_cross,adx_min=0|fast_period=20|rsi_confirm=True|slow_period=200,both,all,NEEDS_MORE_DATA,9,,,,,,,,,,,,,,,,only 9 trades < min 20,mt5
run_20260426_191100,AUD/USD,forex,M15,trend_momentum,ema_cross,adx_min=20|fast_period=20|rsi_confirm=False|slow_period=200,both,all,NEEDS_MORE_DATA,10,,,,,,,,,,,,,,,,only 10 trades < min 20,mt5
run_20260426_191100,AUD/USD,forex,M15,trend_momentum,ema_cross,adx_min=20|fast_period=20|rsi_confirm=True|slow_period=200,both,all,NEEDS_MORE_DATA,9,,,,,,,,,,,,,,,,only 9 trades < min 20,mt5
run_20260426_191100,AUD/USD,forex,M15,trend_momentum,ema_cross,adx_min=25|fast_period=20|rsi_confirm=False|slow_period=200,both,all,NEEDS_MORE_DATA,10,,,,,,,,,,,,,,,,only 10 trades < min 20,mt5
run_20260426_191100,AUD/USD,forex,M15,trend_momentum,ema_cross,adx_min=25|fast_period=20|rsi_confirm=True|slow_period=200,both,all,NEEDS_MORE_DATA,9,,,,,,,,,,,,,,,,only 9 trades < min 20,mt5
run_20260426_191100,AUD/USD,forex,M15,trend_momentum,ema_alignment,adx_min=0|ema_long=200|ema_mid=50|ema_short=20,both,all,NEEDS_MORE_DATA,14,,,,,,,,,,,,,,,,only 14 trades < min 20,mt5
run_20260426_191100,AUD/USD,forex,M15,trend_momentum,ema_alignment,adx_min=20|ema_long=200|ema_mid=50|ema_short=20,both,all,NEEDS_MORE_DATA,14,,,,,,,,,,,,,,,,only 14 trades < min 20,mt5
run_20260426_191100,AUD/USD,forex,M15,trend_momentum,ema_alignment,adx_min=25|ema_long=200|ema_mid=50|ema_short=20,both,all,NEEDS_MORE_DATA,13,,,,,,,,,,,,,,,,only 13 trades < min 20,mt5
run_20260426_191100,AUD/USD,forex,M15,trend_momentum,macd_direction,adx_min=0|fast=12|signal_period=9|slow=26,both,all,REJECT,71,0.211268,0.344790,-0.000891,-0.000891,-0.074121,-1.619861,-3.471996,0.071071,13.915493,-0.061470,-0.061470,-0.015379,-0.045426,0.400000,,,mt5
run_20260426_191100,AUD/USD,forex,M15,trend_momentum,macd_direction,adx_min=20|fast=12|signal_period=9|slow=26,both,all,REJECT,68,0.220588,0.375167,-0.000815,-0.000815,-0.066845,-1.466362,-3.108464,0.068068,14.191176,-0.054094,-0.054094,-0.015379,-0.037924,0.400000,,,mt5
run_20260426_191100,AUD/USD,forex,M15,pullback,pullback_ema,pullback_period=20|rsi_reclaim=False|rsi_threshold=50|trend_period=200,both,all,REJECT,83,0.096386,0.132779,-0.000997,-0.000997,-0.079916,-3.143920,-8.319497,0.083083,5.240964,-0.079534,-0.079534,-0.037778,-0.042186,0.664994,,,mt5
run_20260426_191100,AUD/USD,forex,M15,pullback,pullback_ema,pullback_period=20|rsi_reclaim=True|rsi_threshold=50|trend_period=200,both,all,REJECT,74,0.094595,0.141240,-0.001007,-0.001007,-0.071905,-2.902423,-7.580594,0.074074,5.445946,-0.071905,-0.071905,-0.031151,-0.040854,0.606554,,,mt5
run_20260426_191100,AUD/USD,forex,M15,pullback,pullback_ema,pullback_period=50|rsi_reclaim=False|rsi_threshold=50|trend_period=200,both,all,REJECT,57,0.052632,0.137071,-0.001022,-0.001022,-0.056629,-2.538362,-6.656674,0.057057,8.719298,-0.056629,-0.056629,-0.024157,-0.031267,0.611702,,,mt5
run_20260426_191100,AUD/USD,forex,M15,pullback,pullback_ema,pullback_period=50|rsi_reclaim=True|rsi_threshold=50|trend_period=200,both,all,REJECT,39,0.051282,0.111803,-0.001099,-0.001099,-0.041984,-2.200077,-6.038751,0.039039,9.435897,-0.041984,-0.041984,-0.015606,-0.024775,0.457739,,,mt5
run_20260426_191100,AUD/USD,forex,M15,breakout,prev_day_hl,atr_expand_min=0.0,both,all,NEEDS_MORE_DATA,3,,,,,,,,,,,,,,,,only 3 trades < min 20,mt5
run_20260426_191100,AUD/USD,forex,M15,breakout,prev_day_hl,atr_expand_min=0.5,both,all,NEEDS_MORE_DATA,3,,,,,,,,,,,,,,,,only 3 trades < min 20,mt5
run_20260426_191100,AUD/USD,forex,M15,breakout,prev_day_hl,atr_expand_min=1.0,both,all,NEEDS_MORE_DATA,3,,,,,,,,,,,,,,,,only 3 trades < min 20,mt5
run_20260426_191100,AUD/USD,forex,M15,breakout,session_opening_range,atr_expand_min=0.0|range_bars=6,both,all,REJECT,62,0.209677,0.411913,-0.000784,-0.000784,-0.050138,-1.345793,-2.839703,0.062062,15.645161,-0.047585,-0.047585,-0.023439,-0.028371,0.636874,,,mt5
run_20260426_191100,AUD/USD,forex,M15,breakout,session_opening_range,atr_expand_min=0.5|range_bars=6,both,all,REJECT,59,0.220339,0.442167,-0.000728,-0.000728,-0.044748,-1.207159,-2.523915,0.059059,16.203390,-0.042181,-0.042181,-0.019612,-0.026672,0.592017,,,mt5
run_20260426_191100,AUD/USD,forex,M15,breakout,session_opening_range,atr_expand_min=0.0|range_bars=12,both,all,REJECT,28,0.285714,0.619110,-0.000550,-0.000550,-0.026235,-0.520467,-1.056698,0.028028,33.357143,-0.015390,-0.015390,0.005664,-0.019320,0.268000,,,mt5
run_20260426_191100,AUD/USD,forex,M15,breakout,session_opening_range,atr_expand_min=0.5|range_bars=12,both,all,REJECT,28,0.285714,0.618153,-0.000551,-0.000551,-0.026235,-0.522348,-1.060666,0.028028,32.750000,-0.015428,-0.015428,0.005626,-0.019320,0.268000,,,mt5
run_20260426_191100,AUD/USD,forex,M15,breakout,london_breakout,atr_expand_min=0.0|utc_end=11|utc_start=7,both,all,NEEDS_MORE_DATA,13,,,,,,,,,,,,,,,,only 13 trades < min 20,mt5
run_20260426_191100,AUD/USD,forex,M15,breakout,london_breakout,atr_expand_min=0.5|utc_end=11|utc_start=7,both,all,NEEDS_MORE_DATA,13,,,,,,,,,,,,,,,,only 13 trades < min 20,mt5
run_20260426_191100,AUD/USD,forex,M15,breakout,ny_breakout,atr_expand_min=0.0|utc_end=16|utc_start=13,both,all,NEEDS_MORE_DATA,8,,,,,,,,,,,,,,,,only 8 trades < min 20,mt5
run_20260426_191100,AUD/USD,forex,M15,breakout,ny_breakout,atr_expand_min=0.5|utc_end=16|utc_start=13,both,all,NEEDS_MORE_DATA,8,,,,,,,,,,,,,,,,only 8 trades < min 20,mt5
run_20260426_191100,AUD/USD,forex,M15,mean_reversion,rsi_extreme,overbought=70|oversold=30|period=14,both,all,NEEDS_MORE_DATA,16,,,,,,,,,,,,,,,,only 16 trades < min 20,mt5
run_20260426_191100,AUD/USD,forex,M15,mean_reversion,rsi_extreme,overbought=75|oversold=30|period=14,both,all,NEEDS_MORE_DATA,12,,,,,,,,,,,,,,,,only 12 trades < min 20,mt5
run_20260426_191100,AUD/USD,forex,M15,mean_reversion,rsi_extreme,overbought=70|oversold=25|period=14,both,all,NEEDS_MORE_DATA,12,,,,,,,,,,,,,,,,only 12 trades < min 20,mt5
run_20260426_191100,AUD/USD,forex,M15,mean_reversion,rsi_extreme,overbought=75|oversold=25|period=14,both,all,NEEDS_MORE_DATA,8,,,,,,,,,,,,,,,,only 8 trades < min 20,mt5
run_20260426_191100,AUD/USD,forex,M15,mean_reversion,bollinger_touch,num_std=2.0|period=20,both,all,REJECT,39,0.461538,0.701354,-0.000228,-0.000228,-0.020495,-0.372782,-0.747697,0.039039,12.564103,-0.008912,-0.008912,-0.015348,0.003487,0.334000,,,mt5
run_20260426_191100,AUD/USD,forex,M15,mean_reversion,bollinger_touch,num_std=2.5|period=20,both,all,WEAK_CANDIDATE,26,0.538462,1.422134,0.000207,0.000207,-0.009239,0.302373,0.606477,0.026026,12.192308,0.005357,0.005357,-0.002069,0.004389,0.462282,,,mt5
run_20260426_191100,AUD/USD,forex,M15,mean_reversion,vwap_deviation,std_threshold=1.5,both,all,NEEDS_MORE_DATA,12,,,,,,,,,,,,,,,,only 12 trades < min 20,mt5
run_20260426_191100,AUD/USD,forex,M15,mean_reversion,vwap_deviation,std_threshold=2.0,both,all,NEEDS_MORE_DATA,10,,,,,,,,,,,,,,,,only 10 trades < min 20,mt5
run_20260426_191100,AUD/USD,forex,M15,volatility,bb_squeeze_breakout,confirm_ema=True|period=20|squeeze_pct=20,both,all,REJECT,25,0.160000,0.176770,-0.001186,-0.001186,-0.029256,-1.659791,-4.365436,0.025025,7.760000,-0.029256,-0.029256,-0.020667,-0.008770,0.377310,,,mt5
run_20260426_191100,AUD/USD,forex,M15,volatility,bb_squeeze_breakout,confirm_ema=False|period=20|squeeze_pct=20,both,all,REJECT,25,0.200000,0.227405,-0.001052,-0.001052,-0.025991,-1.486141,-3.649063,0.025025,8.680000,-0.025991,-0.025991,-0.017373,-0.008770,0.401449,,,mt5
run_20260426_191100,AUD/USD,forex,M15,volatility,bb_squeeze_breakout,confirm_ema=True|period=20|squeeze_pct=30,both,all,REJECT,25,0.240000,0.322782,-0.000826,-0.000826,-0.020823,-1.123862,-2.495983,0.025025,8.040000,-0.020468,-0.020468,-0.007871,-0.012697,0.405218,,,mt5
run_20260426_191100,AUD/USD,forex,M15,volatility,bb_squeeze_breakout,confirm_ema=False|period=20|squeeze_pct=30,both,all,REJECT,25,0.240000,0.316414,-0.000850,-0.000850,-0.021424,-1.154657,-2.581858,0.025025,8.760000,-0.021069,-0.021069,-0.008480,-0.012697,0.423476,,,mt5
run_20260426_191100,AUD/USD,forex,M15,volatility,atr_compression,confirm_ema=True|period=14|squeeze_pct=20,both,all,NEEDS_MORE_DATA,18,,,,,,,,,,,,,,,,only 18 trades < min 20,mt5
run_20260426_191100,AUD/USD,forex,M15,volatility,atr_compression,confirm_ema=False|period=14|squeeze_pct=20,both,all,REJECT,20,0.000000,0.000000,-0.001132,-0.001132,-0.022406,-2.035269,-9.191582,0.020020,10.850000,-0.022406,-0.022406,-0.012246,-0.010286,0.472001,,,mt5
run_20260426_191100,AUD/USD,forex,M15,volatility,atr_compression,confirm_ema=True|period=14|squeeze_pct=30,both,all,NEEDS_MORE_DATA,19,,,,,,,,,,,,,,,,only 19 trades < min 20,mt5
run_20260426_191100,AUD/USD,forex,M15,volatility,atr_compression,confirm_ema=False|period=14|squeeze_pct=30,both,all,NEEDS_MORE_DATA,18,,,,,,,,,,,,,,,,only 18 trades < min 20,mt5
run_20260426_191100,AUD/USD,forex,M15,engine_b_proxy,ob_bos,require_engulf=False|require_vol_expand=False|swing_period=5,both,all,REJECT,20,0.400000,0.453265,-0.000900,-0.000900,-0.026008,-0.713483,-1.497326,0.020020,42.150000,-0.017919,-0.017919,0.001322,-0.014277,0.220000,,,mt5
run_20260426_191100,AUD/USD,forex,M15,engine_b_proxy,ob_bos,require_engulf=False|require_vol_expand=True|swing_period=5,both,all,NEEDS_MORE_DATA,16,,,,,,,,,,,,,,,,only 16 trades < min 20,mt5
run_20260426_191100,AUD/USD,forex,M15,engine_b_proxy,ob_bos,require_engulf=True|require_vol_expand=False|swing_period=5,both,all,NEEDS_MORE_DATA,18,,,,,,,,,,,,,,,,only 18 trades < min 20,mt5
run_20260426_191100,AUD/USD,forex,M15,engine_b_proxy,ob_bos,require_engulf=True|require_vol_expand=True|swing_period=5,both,all,NEEDS_MORE_DATA,14,,,,,,,,,,,,,,,,only 14 trades < min 20,mt5
run_20260426_191100,AUD/USD,forex,M15,engine_b_proxy,ob_bos,require_engulf=False|require_vol_expand=False|swing_period=10,both,all,NEEDS_MORE_DATA,11,,,,,,,,,,,,,,,,only 11 trades < min 20,mt5
run_20260426_191100,AUD/USD,forex,M15,engine_b_proxy,ob_bos,require_engulf=False|require_vol_expand=True|swing_period=10,both,all,NEEDS_MORE_DATA,9,,,,,,,,,,,,,,,,only 9 trades < min 20,mt5
run_20260426_191100,AUD/USD,forex,M15,engine_b_proxy,ob_bos,require_engulf=True|require_vol_expand=False|swing_period=10,both,all,NEEDS_MORE_DATA,10,,,,,,,,,,,,,,,,only 10 trades < min 20,mt5
run_20260426_191100,AUD/USD,forex,M15,engine_b_proxy,ob_bos,require_engulf=True|require_vol_expand=True|swing_period=10,both,all,NEEDS_MORE_DATA,9,,,,,,,,,,,,,,,,only 9 trades < min 20,mt5
run_20260426_191100,AUD/USD,forex,M15,engine_b_proxy,structure_filters,fvg_detection=False|strong_close_pct=0.7,both,all,REJECT,310,0.103226,0.120743,-0.000955,-0.000955,-0.259169,-6.319590,-15.645845,0.310310,3.032258,-0.256552,-0.256552,-0.163817,-0.111672,0.604506,,,mt5
run_20260426_191100,AUD/USD,forex,M15,engine_b_proxy,structure_filters,fvg_detection=True|strong_close_pct=0.7,both,all,REJECT,33,0.151515,0.241700,-0.001172,-0.001172,-0.039635,-1.432951,-3.271675,0.033033,9.969697,-0.038011,-0.038011,-0.017531,-0.020845,0.541288,,,mt5
run_20260426_191100,AUD/USD,forex,M15,engine_b_proxy,structure_filters,fvg_detection=False|strong_close_pct=0.8,both,all,REJECT,226,0.128319,0.151883,-0.000982,-0.000982,-0.202988,-4.793107,-11.512371,0.226226,3.871681,-0.199190,-0.199190,-0.131672,-0.077757,0.577161,,,mt5
run_20260426_191100,AUD/USD,forex,M15,engine_b_proxy,structure_filters,fvg_detection=True|strong_close_pct=0.8,both,all,REJECT,29,0.172414,0.274559,-0.001123,-0.001123,-0.033752,-1.246550,-2.787559,0.029029,10.517241,-0.032118,-0.032118,-0.015112,-0.017267,0.531237,,,mt5
run_20260426_191100,AUD/USD,forex,M15,engine_d_proxy,vwap_reclaim,atr_sl_mult=0.5|band_std=0.5,both,all,NEEDS_MORE_DATA,12,,,,,,,,,,,,,,,,only 12 trades < min 20,mt5
run_20260426_191100,AUD/USD,forex,M15,engine_d_proxy,vwap_reclaim,atr_sl_mult=1.0|band_std=0.5,both,all,NEEDS_MORE_DATA,12,,,,,,,,,,,,,,,,only 12 trades < min 20,mt5
run_20260426_191100,AUD/USD,forex,M15,engine_d_proxy,vwap_reclaim,atr_sl_mult=0.5|band_std=1.0,both,all,NEEDS_MORE_DATA,10,,,,,,,,,,,,,,,,only 10 trades < min 20,mt5
run_20260426_191100,AUD/USD,forex,M15,engine_d_proxy,vwap_reclaim,atr_sl_mult=1.0|band_std=1.0,both,all,NEEDS_MORE_DATA,10,,,,,,,,,,,,,,,,only 10 trades < min 20,mt5
run_20260426_191100,AUD/USD,forex,M15,engine_d_proxy,micro_breakout,atr_sl_mult=0.5|fee_guard_r=0.5|range_bars=3,both,all,REJECT,102,0.166667,0.300822,-0.000905,-0.000905,-0.096360,-2.168518,-4.725300,0.102102,9.490196,-0.088429,-0.088429,-0.045168,-0.045143,0.699833,,,mt5
run_20260426_191100,AUD/USD,forex,M15,engine_d_proxy,micro_breakout,atr_sl_mult=1.0|fee_guard_r=0.5|range_bars=3,both,all,REJECT,102,0.166667,0.300822,-0.000905,-0.000905,-0.096360,-2.168518,-4.725300,0.102102,9.490196,-0.088429,-0.088429,-0.045168,-0.045143,0.699833,,,mt5
run_20260426_191100,AUD/USD,forex,M15,engine_d_proxy,micro_breakout,atr_sl_mult=0.5|fee_guard_r=0.5|range_bars=6,both,all,REJECT,62,0.209677,0.411913,-0.000784,-0.000784,-0.050138,-1.345793,-2.839703,0.062062,15.645161,-0.047585,-0.047585,-0.023439,-0.028371,0.636874,,,mt5
run_20260426_191100,AUD/USD,forex,M15,engine_d_proxy,micro_breakout,atr_sl_mult=1.0|fee_guard_r=0.5|range_bars=6,both,all,REJECT,62,0.209677,0.411913,-0.000784,-0.000784,-0.050138,-1.345793,-2.839703,0.062062,15.645161,-0.047585,-0.047585,-0.023439,-0.028371,0.636874,,,mt5
run_20260426_191100,AUD/USD,forex,M15,engine_d_proxy,ema_scalp_pullback,atr_sl_mult=0.5|ema_period=21,both,all,REJECT,164,0.097561,0.140853,-0.001105,-0.001105,-0.166228,-4.431703,-11.370695,0.164164,5.896341,-0.165881,-0.165881,-0.083611,-0.089569,0.678621,,,mt5
run_20260426_191100,AUD/USD,forex,M15,engine_d_proxy,ema_scalp_pullback,atr_sl_mult=1.0|ema_period=21,both,all,REJECT,164,0.097561,0.141046,-0.001103,-0.001103,-0.165987,-4.431980,-11.371874,0.164164,5.902439,-0.165640,-0.165640,-0.083611,-0.089305,0.679566,,,mt5
run_20260426_191100,US500,index,M15,trend_momentum,ema_cross,adx_min=0|fast_period=10|rsi_confirm=False|slow_period=50,both,all,REJECT,22,0.181818,0.657343,-0.000958,-0.000958,-0.041907,-0.275562,-0.552646,0.022022,43.500000,-0.021564,-0.021564,0.017378,-0.036331,0.232000,,,mt5
run_20260426_191100,US500,index,M15,trend_momentum,ema_cross,adx_min=0|fast_period=10|rsi_confirm=True|slow_period=50,both,all,REJECT,20,0.200000,0.706089,-0.000841,-0.000841,-0.041907,-0.220746,-0.441834,0.020020,45.950000,-0.017396,-0.017396,0.021712,-0.036331,0.220000,,,mt5
run_20260426_191100,US500,index,M15,trend_momentum,ema_cross,adx_min=20|fast_period=10|rsi_confirm=False|slow_period=50,both,all,REJECT,22,0.181818,0.657343,-0.000958,-0.000958,-0.041907,-0.275562,-0.552646,0.022022,43.500000,-0.021564,-0.021564,0.017378,-0.036331,0.232000,,,mt5
run_20260426_191100,US500,index,M15,trend_momentum,ema_cross,adx_min=20|fast_period=10|rsi_confirm=True|slow_period=50,both,all,REJECT,20,0.200000,0.706089,-0.000841,-0.000841,-0.041907,-0.220746,-0.441834,0.020020,45.950000,-0.017396,-0.017396,0.021712,-0.036331,0.220000,,,mt5
run_20260426_191100,US500,index,M15,trend_momentum,ema_cross,adx_min=25|fast_period=10|rsi_confirm=False|slow_period=50,both,all,NEEDS_MORE_DATA,19,,,,,,,,,,,,,,,,only 19 trades < min 20,mt5
run_20260426_191100,US500,index,M15,trend_momentum,ema_cross,adx_min=25|fast_period=10|rsi_confirm=True|slow_period=50,both,all,NEEDS_MORE_DATA,17,,,,,,,,,,,,,,,,only 17 trades < min 20,mt5
run_20260426_191100,US500,index,M15,trend_momentum,ema_cross,adx_min=0|fast_period=10|rsi_confirm=False|slow_period=100,both,all,NEEDS_MORE_DATA,18,,,,,,,,,,,,,,,,only 18 trades < min 20,mt5
run_20260426_191100,US500,index,M15,trend_momentum,ema_cross,adx_min=0|fast_period=10|rsi_confirm=True|slow_period=100,both,all,NEEDS_MORE_DATA,15,,,,,,,,,,,,,,,,only 15 trades < min 20,mt5
run_20260426_191100,US500,index,M15,trend_momentum,ema_cross,adx_min=20|fast_period=10|rsi_confirm=False|slow_period=100,both,all,NEEDS_MORE_DATA,18,,,,,,,,,,,,,,,,only 18 trades < min 20,mt5
run_20260426_191100,US500,index,M15,trend_momentum,ema_cross,adx_min=20|fast_period=10|rsi_confirm=True|slow_period=100,both,all,NEEDS_MORE_DATA,15,,,,,,,,,,,,,,,,only 15 trades < min 20,mt5
run_20260426_191100,US500,index,M15,trend_momentum,ema_cross,adx_min=25|fast_period=10|rsi_confirm=False|slow_period=100,both,all,NEEDS_MORE_DATA,15,,,,,,,,,,,,,,,,only 15 trades < min 20,mt5
run_20260426_191100,US500,index,M15,trend_momentum,ema_cross,adx_min=25|fast_period=10|rsi_confirm=True|slow_period=100,both,all,NEEDS_MORE_DATA,12,,,,,,,,,,,,,,,,only 12 trades < min 20,mt5
run_20260426_191100,US500,index,M15,trend_momentum,ema_cross,adx_min=0|fast_period=10|rsi_confirm=False|slow_period=200,both,all,NEEDS_MORE_DATA,14,,,,,,,,,,,,,,,,only 14 trades < min 20,mt5
run_20260426_191100,US500,index,M15,trend_momentum,ema_cross,adx_min=0|fast_period=10|rsi_confirm=True|slow_period=200,both,all,NEEDS_MORE_DATA,12,,,,,,,,,,,,,,,,only 12 trades < min 20,mt5
run_20260426_191100,US500,index,M15,trend_momentum,ema_cross,adx_min=20|fast_period=10|rsi_confirm=False|slow_period=200,both,all,NEEDS_MORE_DATA,14,,,,,,,,,,,,,,,,only 14 trades < min 20,mt5
run_20260426_191100,US500,index,M15,trend_momentum,ema_cross,adx_min=20|fast_period=10|rsi_confirm=True|slow_period=200,both,all,NEEDS_MORE_DATA,12,,,,,,,,,,,,,,,,only 12 trades < min 20,mt5
run_20260426_191100,US500,index,M15,trend_momentum,ema_cross,adx_min=25|fast_period=10|rsi_confirm=False|slow_period=200,both,all,NEEDS_MORE_DATA,13,,,,,,,,,,,,,,,,only 13 trades < min 20,mt5
run_20260426_191100,US500,index,M15,trend_momentum,ema_cross,adx_min=25|fast_period=10|rsi_confirm=True|slow_period=200,both,all,NEEDS_MORE_DATA,11,,,,,,,,,,,,,,,,only 11 trades < min 20,mt5
run_20260426_191100,US500,index,M15,trend_momentum,ema_cross,adx_min=0|fast_period=20|rsi_confirm=False|slow_period=50,both,all,REJECT,20,0.200000,0.710248,-0.000750,-0.000750,-0.038661,-0.215271,-0.430775,0.020020,47.800000,-0.015473,-0.015473,0.019388,-0.033181,0.220000,,,mt5
run_20260426_191100,US500,index,M15,trend_momentum,ema_cross,adx_min=0|fast_period=20|rsi_confirm=True|slow_period=50,both,all,NEEDS_MORE_DATA,18,,,,,,,,,,,,,,,,only 18 trades < min 20,mt5
run_20260426_191100,US500,index,M15,trend_momentum,ema_cross,adx_min=20|fast_period=20|rsi_confirm=False|slow_period=50,both,all,REJECT,20,0.200000,0.710248,-0.000750,-0.000750,-0.038661,-0.215271,-0.430775,0.020020,47.800000,-0.015473,-0.015473,0.019388,-0.033181,0.220000,,,mt5
run_20260426_191100,US500,index,M15,trend_momentum,ema_cross,adx_min=20|fast_period=20|rsi_confirm=True|slow_period=50,both,all,NEEDS_MORE_DATA,18,,,,,,,,,,,,,,,,only 18 trades < min 20,mt5
run_20260426_191100,US500,index,M15,trend_momentum,ema_cross,adx_min=25|fast_period=20|rsi_confirm=False|slow_period=50,both,all,REJECT,20,0.200000,0.710248,-0.000750,-0.000750,-0.038661,-0.215271,-0.430775,0.020020,47.800000,-0.015473,-0.015473,0.019388,-0.033181,0.220000,,,mt5
run_20260426_191100,US500,index,M15,trend_momentum,ema_cross,adx_min=25|fast_period=20|rsi_confirm=True|slow_period=50,both,all,NEEDS_MORE_DATA,18,,,,,,,,,,,,,,,,only 18 trades < min 20,mt5
run_20260426_191100,US500,index,M15,trend_momentum,ema_cross,adx_min=0|fast_period=20|rsi_confirm=False|slow_period=100,both,all,NEEDS_MORE_DATA,14,,,,,,,,,,,,,,,,only 14 trades < min 20,mt5
run_20260426_191100,US500,index,M15,trend_momentum,ema_cross,adx_min=0|fast_period=20|rsi_confirm=True|slow_period=100,both,all,NEEDS_MORE_DATA,12,,,,,,,,,,,,,,,,only 12 trades < min 20,mt5
run_20260426_191100,US500,index,M15,trend_momentum,ema_cross,adx_min=20|fast_period=20|rsi_confirm=False|slow_period=100,both,all,NEEDS_MORE_DATA,14,,,,,,,,,,,,,,,,only 14 trades < min 20,mt5
run_20260426_191100,US500,index,M15,trend_momentum,ema_cross,adx_min=20|fast_period=20|rsi_confirm=True|slow_period=100,both,all,NEEDS_MORE_DATA,12,,,,,,,,,,,,,,,,only 12 trades < min 20,mt5
run_20260426_191100,US500,index,M15,trend_momentum,ema_cross,adx_min=25|fast_period=20|rsi_confirm=False|slow_period=100,both,all,NEEDS_MORE_DATA,14,,,,,,,,,,,,,,,,only 14 trades < min 20,mt5
run_20260426_191100,US500,index,M15,trend_momentum,ema_cross,adx_min=25|fast_period=20|rsi_confirm=True|slow_period=100,both,all,NEEDS_MORE_DATA,12,,,,,,,,,,,,,,,,only 12 trades < min 20,mt5
run_20260426_191100,US500,index,M15,trend_momentum,ema_cross,adx_min=0|fast_period=20|rsi_confirm=False|slow_period=200,both,all,NEEDS_MORE_DATA,10,,,,,,,,,,,,,,,,only 10 trades < min 20,mt5
run_20260426_191100,US500,index,M15,trend_momentum,ema_cross,adx_min=0|fast_period=20|rsi_confirm=True|slow_period=200,both,all,NEEDS_MORE_DATA,8,,,,,,,,,,,,,,,,only 8 trades < min 20,mt5
run_20260426_191100,US500,index,M15,trend_momentum,ema_cross,adx_min=20|fast_period=20|rsi_confirm=False|slow_period=200,both,all,NEEDS_MORE_DATA,10,,,,,,,,,,,,,,,,only 10 trades < min 20,mt5
run_20260426_191100,US500,index,M15,trend_momentum,ema_cross,adx_min=20|fast_period=20|rsi_confirm=True|slow_period=200,both,all,NEEDS_MORE_DATA,8,,,,,,,,,,,,,,,,only 8 trades < min 20,mt5
run_20260426_191100,US500,index,M15,trend_momentum,ema_cross,adx_min=25|fast_period=20|rsi_confirm=False|slow_period=200,both,all,NEEDS_MORE_DATA,10,,,,,,,,,,,,,,,,only 10 trades < min 20,mt5
run_20260426_191100,US500,index,M15,trend_momentum,ema_cross,adx_min=25|fast_period=20|rsi_confirm=True|slow_period=200,both,all,NEEDS_MORE_DATA,8,,,,,,,,,,,,,,,,only 8 trades < min 20,mt5
run_20260426_191100,US500,index,M15,trend_momentum,ema_alignment,adx_min=0|ema_long=200|ema_mid=50|ema_short=20,both,all,NEEDS_MORE_DATA,13,,,,,,,,,,,,,,,,only 13 trades < min 20,mt5
run_20260426_191100,US500,index,M15,trend_momentum,ema_alignment,adx_min=20|ema_long=200|ema_mid=50|ema_short=20,both,all,NEEDS_MORE_DATA,13,,,,,,,,,,,,,,,,only 13 trades < min 20,mt5
run_20260426_191100,US500,index,M15,trend_momentum,ema_alignment,adx_min=25|ema_long=200|ema_mid=50|ema_short=20,both,all,NEEDS_MORE_DATA,13,,,,,,,,,,,,,,,,only 13 trades < min 20,mt5
run_20260426_191100,US500,index,M15,trend_momentum,macd_direction,adx_min=0|fast=12|signal_period=9|slow=26,both,all,REJECT,83,0.180723,0.311398,-0.001284,-0.001284,-0.101974,-1.808382,-3.892165,0.083083,11.903614,-0.101519,-0.101519,-0.072822,-0.035377,0.545739,,,mt5
run_20260426_191100,US500,index,M15,trend_momentum,macd_direction,adx_min=20|fast=12|signal_period=9|slow=26,both,all,REJECT,79,0.177215,0.306802,-0.001315,-0.001315,-0.099545,-1.775565,-3.827068,0.079079,11.962025,-0.099088,-0.099088,-0.069512,-0.036208,0.556265,,,mt5
run_20260426_191100,US500,index,M15,pullback,pullback_ema,pullback_period=20|rsi_reclaim=False|rsi_threshold=50|trend_period=200,both,all,REJECT,61,0.098361,0.242074,-0.001296,-0.001296,-0.076256,-1.699184,-3.729670,0.061061,9.442623,-0.076256,-0.076256,-0.033650,-0.044089,0.606932,,,mt5
run_20260426_191100,US500,index,M15,pullback,pullback_ema,pullback_period=20|rsi_reclaim=True|rsi_threshold=50|trend_period=200,both,all,REJECT,57,0.105263,0.257554,-0.001277,-0.001277,-0.070443,-1.577127,-3.434611,0.057057,9.912281,-0.070443,-0.070443,-0.027569,-0.044089,0.520235,,,mt5
run_20260426_191100,US500,index,M15,pullback,pullback_ema,pullback_period=50|rsi_reclaim=False|rsi_threshold=50|trend_period=200,both,all,REJECT,44,0.090909,0.251295,-0.001233,-0.001233,-0.052912,-1.690468,-3.879087,0.044044,14.545455,-0.052912,-0.052912,-0.016884,-0.036647,0.364000,,,mt5
run_20260426_191100,US500,index,M15,pullback,pullback_ema,pullback_period=50|rsi_reclaim=True|rsi_threshold=50|trend_period=200,both,all,REJECT,30,0.100000,0.209362,-0.001312,-0.001312,-0.038666,-1.571195,-3.786480,0.030030,16.633333,-0.038666,-0.038666,-0.007543,-0.031360,0.280000,,,mt5
run_20260426_191100,US500,index,M15,breakout,prev_day_hl,atr_expand_min=0.0,both,all,NEEDS_MORE_DATA,0,,,,,,,,,,,,,,,,only 0 trades < min 20,mt5
run_20260426_191100,US500,index,M15,breakout,prev_day_hl,atr_expand_min=0.5,both,all,NEEDS_MORE_DATA,0,,,,,,,,,,,,,,,,only 0 trades < min 20,mt5
run_20260426_191100,US500,index,M15,breakout,prev_day_hl,atr_expand_min=1.0,both,all,NEEDS_MORE_DATA,0,,,,,,,,,,,,,,,,only 0 trades < min 20,mt5
run_20260426_191100,US500,index,M15,breakout,session_opening_range,atr_expand_min=0.0|range_bars=6,both,all,REJECT,63,0.126984,0.279273,-0.001718,-0.001718,-0.103013,-1.725820,-3.786805,0.063063,14.873016,-0.103013,-0.103013,-0.050455,-0.061375,0.635074,,,mt5
run_20260426_191100,US500,index,M15,breakout,session_opening_range,atr_expand_min=0.5|range_bars=6,both,all,REJECT,61,0.131148,0.282590,-0.001745,-0.001745,-0.101431,-1.697934,-3.726340,0.061061,14.737705,-0.101431,-0.101431,-0.050803,-0.059375,0.649381,,,mt5
run_20260426_191100,US500,index,M15,breakout,session_opening_range,atr_expand_min=0.0|range_bars=12,both,all,REJECT,41,0.170732,0.279655,-0.002179,-0.002179,-0.090806,-1.587674,-3.613560,0.041041,22.926829,-0.085835,-0.085835,-0.031258,-0.061257,0.358082,,,mt5
run_20260426_191100,US500,index,M15,breakout,session_opening_range,atr_expand_min=0.5|range_bars=12,both,all,REJECT,39,0.179487,0.291450,-0.002162,-0.002162,-0.086224,-1.510101,-3.412620,0.039039,23.564103,-0.081229,-0.081229,-0.031258,-0.056527,0.391479,,,mt5
run_20260426_191100,US500,index,M15,breakout,london_breakout,atr_expand_min=0.0|utc_end=11|utc_start=7,both,all,NEEDS_MORE_DATA,16,,,,,,,,,,,,,,,,only 16 trades < min 20,mt5
run_20260426_191100,US500,index,M15,breakout,london_breakout,atr_expand_min=0.5|utc_end=11|utc_start=7,both,all,NEEDS_MORE_DATA,16,,,,,,,,,,,,,,,,only 16 trades < min 20,mt5
run_20260426_191100,US500,index,M15,breakout,ny_breakout,atr_expand_min=0.0|utc_end=16|utc_start=13,both,all,NEEDS_MORE_DATA,14,,,,,,,,,,,,,,,,only 14 trades < min 20,mt5
run_20260426_191100,US500,index,M15,breakout,ny_breakout,atr_expand_min=0.5|utc_end=16|utc_start=13,both,all,NEEDS_MORE_DATA,14,,,,,,,,,,,,,,,,only 14 trades < min 20,mt5
run_20260426_191100,US500,index,M15,mean_reversion,rsi_extreme,overbought=70|oversold=30|period=14,both,all,NEEDS_MORE_DATA,14,,,,,,,,,,,,,,,,only 14 trades < min 20,mt5
run_20260426_191100,US500,index,M15,mean_reversion,rsi_extreme,overbought=75|oversold=30|period=14,both,all,NEEDS_MORE_DATA,12,,,,,,,,,,,,,,,,only 12 trades < min 20,mt5
run_20260426_191100,US500,index,M15,mean_reversion,rsi_extreme,overbought=70|oversold=25|period=14,both,all,NEEDS_MORE_DATA,13,,,,,,,,,,,,,,,,only 13 trades < min 20,mt5
run_20260426_191100,US500,index,M15,mean_reversion,rsi_extreme,overbought=75|oversold=25|period=14,both,all,NEEDS_MORE_DATA,11,,,,,,,,,,,,,,,,only 11 trades < min 20,mt5
run_20260426_191100,US500,index,M15,mean_reversion,bollinger_touch,num_std=2.0|period=20,both,all,REJECT,39,0.538462,0.478122,-0.000764,-0.000764,-0.046298,-0.590504,-1.196893,0.039039,13.871795,-0.029662,-0.029662,-0.044051,0.017444,0.334000,,,mt5
run_20260426_191100,US500,index,M15,mean_reversion,bollinger_touch,num_std=2.5|period=20,both,all,REJECT,25,0.640000,0.587700,-0.000692,-0.000692,-0.034964,-0.405948,-0.819182,0.025025,15.680000,-0.017372,-0.017372,-0.030741,0.015080,0.250000,,,mt5
run_20260426_191100,US500,index,M15,mean_reversion,vwap_deviation,std_threshold=1.5,both,all,NEEDS_MORE_DATA,3,,,,,,,,,,,,,,,,only 3 trades < min 20,mt5
run_20260426_191100,US500,index,M15,mean_reversion,vwap_deviation,std_threshold=2.0,both,all,NEEDS_MORE_DATA,3,,,,,,,,,,,,,,,,only 3 trades < min 20,mt5
run_20260426_191100,US500,index,M15,volatility,bb_squeeze_breakout,confirm_ema=True|period=20|squeeze_pct=20,both,all,REJECT,24,0.083333,0.175341,-0.001362,-0.001362,-0.035498,-1.353182,-3.211529,0.024024,5.375000,-0.032229,-0.032229,-0.014600,-0.017891,0.476385,,,mt5
run_20260426_191100,US500,index,M15,volatility,bb_squeeze_breakout,confirm_ema=False|period=20|squeeze_pct=20,both,all,REJECT,23,0.086957,0.167705,-0.001500,-0.001500,-0.036699,-1.405349,-3.427608,0.023023,7.043478,-0.033977,-0.033977,-0.016379,-0.017891,0.510317,,,mt5
run_20260426_191100,US500,index,M15,volatility,bb_squeeze_breakout,confirm_ema=True|period=20|squeeze_pct=30,both,all,REJECT,23,0.173913,0.286797,-0.001463,-0.001463,-0.035875,-1.105800,-2.472279,0.023023,7.217391,-0.033201,-0.033201,-0.008555,-0.024859,0.238000,,,mt5
run_20260426_191100,US500,index,M15,volatility,bb_squeeze_breakout,confirm_ema=False|period=20|squeeze_pct=30,both,all,REJECT,23,0.173913,0.277893,-0.001529,-0.001529,-0.037120,-1.146547,-2.588725,0.023023,8.434783,-0.034663,-0.034663,-0.010054,-0.024859,0.238000,,,mt5
run_20260426_191100,US500,index,M15,volatility,atr_compression,confirm_ema=True|period=14|squeeze_pct=20,both,all,NEEDS_MORE_DATA,11,,,,,,,,,,,,,,,,only 11 trades < min 20,mt5
run_20260426_191100,US500,index,M15,volatility,atr_compression,confirm_ema=False|period=14|squeeze_pct=20,both,all,NEEDS_MORE_DATA,15,,,,,,,,,,,,,,,,only 15 trades < min 20,mt5
run_20260426_191100,US500,index,M15,volatility,atr_compression,confirm_ema=True|period=14|squeeze_pct=30,both,all,NEEDS_MORE_DATA,14,,,,,,,,,,,,,,,,only 14 trades < min 20,mt5
run_20260426_191100,US500,index,M15,volatility,atr_compression,confirm_ema=False|period=14|squeeze_pct=30,both,all,NEEDS_MORE_DATA,17,,,,,,,,,,,,,,,,only 17 trades < min 20,mt5
run_20260426_191100,US500,index,M15,engine_b_proxy,ob_bos,require_engulf=False|require_vol_expand=False|swing_period=5,both,all,REJECT,21,0.238095,0.518417,-0.001524,-0.001524,-0.050129,-0.628749,-1.300974,0.021021,39.238095,-0.031810,-0.031810,0.015984,-0.048062,0.226000,,,mt5
run_20260426_191100,US500,index,M15,engine_b_proxy,ob_bos,require_engulf=False|require_vol_expand=True|swing_period=5,both,all,NEEDS_MORE_DATA,18,,,,,,,,,,,,,,,,only 18 trades < min 20,mt5
run_20260426_191100,US500,index,M15,engine_b_proxy,ob_bos,require_engulf=True|require_vol_expand=False|swing_period=5,both,all,NEEDS_MORE_DATA,18,,,,,,,,,,,,,,,,only 18 trades < min 20,mt5
run_20260426_191100,US500,index,M15,engine_b_proxy,ob_bos,require_engulf=True|require_vol_expand=True|swing_period=5,both,all,NEEDS_MORE_DATA,16,,,,,,,,,,,,,,,,only 16 trades < min 20,mt5
run_20260426_191100,US500,index,M15,engine_b_proxy,ob_bos,require_engulf=False|require_vol_expand=False|swing_period=10,both,all,NEEDS_MORE_DATA,11,,,,,,,,,,,,,,,,only 11 trades < min 20,mt5
run_20260426_191100,US500,index,M15,engine_b_proxy,ob_bos,require_engulf=False|require_vol_expand=True|swing_period=10,both,all,NEEDS_MORE_DATA,11,,,,,,,,,,,,,,,,only 11 trades < min 20,mt5
run_20260426_191100,US500,index,M15,engine_b_proxy,ob_bos,require_engulf=True|require_vol_expand=False|swing_period=10,both,all,NEEDS_MORE_DATA,10,,,,,,,,,,,,,,,,only 10 trades < min 20,mt5
run_20260426_191100,US500,index,M15,engine_b_proxy,ob_bos,require_engulf=True|require_vol_expand=True|swing_period=10,both,all,NEEDS_MORE_DATA,10,,,,,,,,,,,,,,,,only 10 trades < min 20,mt5
run_20260426_191100,US500,index,M15,engine_b_proxy,structure_filters,fvg_detection=False|strong_close_pct=0.7,both,all,REJECT,305,0.081967,0.091141,-0.001314,-0.001314,-0.330634,-6.256641,-15.504678,0.305305,3.150820,-0.330634,-0.330634,-0.245414,-0.111758,0.536615,,,mt5
run_20260426_191100,US500,index,M15,engine_b_proxy,structure_filters,fvg_detection=True|strong_close_pct=0.7,both,all,REJECT,36,0.166667,0.379653,-0.001552,-0.001552,-0.067875,-1.018122,-2.150007,0.036036,12.722222,-0.054683,-0.054683,-0.005248,-0.049696,0.316000,,,mt5
run_20260426_191100,US500,index,M15,engine_b_proxy,structure_filters,fvg_detection=False|strong_close_pct=0.8,both,all,REJECT,233,0.090129,0.097195,-0.001400,-0.001400,-0.278692,-5.108762,-12.534791,0.233233,3.879828,-0.278692,-0.278692,-0.208645,-0.086890,0.524935,,,mt5
run_20260426_191100,US500,index,M15,engine_b_proxy,structure_filters,fvg_detection=True|strong_close_pct=0.8,both,all,REJECT,24,0.208333,0.519736,-0.001242,-0.001242,-0.045001,-0.599354,-1.230130,0.024024,15.125000,-0.029669,-0.029669,-0.002007,-0.027718,0.244000,,,mt5
run_20260426_191100,US500,index,M15,engine_d_proxy,vwap_reclaim,atr_sl_mult=0.5|band_std=0.5,both,all,NEEDS_MORE_DATA,6,,,,,,,,,,,,,,,,only 6 trades < min 20,mt5
run_20260426_191100,US500,index,M15,engine_d_proxy,vwap_reclaim,atr_sl_mult=1.0|band_std=0.5,both,all,NEEDS_MORE_DATA,6,,,,,,,,,,,,,,,,only 6 trades < min 20,mt5
run_20260426_191100,US500,index,M15,engine_d_proxy,vwap_reclaim,atr_sl_mult=0.5|band_std=1.0,both,all,NEEDS_MORE_DATA,4,,,,,,,,,,,,,,,,only 4 trades < min 20,mt5
run_20260426_191100,US500,index,M15,engine_d_proxy,vwap_reclaim,atr_sl_mult=1.0|band_std=1.0,both,all,NEEDS_MORE_DATA,4,,,,,,,,,,,,,,,,only 4 trades < min 20,mt5
run_20260426_191100,US500,index,M15,engine_d_proxy,micro_breakout,atr_sl_mult=0.5|fee_guard_r=0.5|range_bars=3,both,all,REJECT,99,0.111111,0.195290,-0.001630,-0.001630,-0.150143,-2.447781,-5.508275,0.099099,9.787879,-0.149515,-0.149515,-0.103915,-0.053006,0.553027,,,mt5
run_20260426_191100,US500,index,M15,engine_d_proxy,micro_breakout,atr_sl_mult=1.0|fee_guard_r=0.5|range_bars=3,both,all,REJECT,99,0.111111,0.195290,-0.001630,-0.001630,-0.150143,-2.447781,-5.508275,0.099099,9.787879,-0.149515,-0.149515,-0.103915,-0.053006,0.553027,,,mt5
run_20260426_191100,US500,index,M15,engine_d_proxy,micro_breakout,atr_sl_mult=0.5|fee_guard_r=0.5|range_bars=6,both,all,REJECT,63,0.126984,0.279273,-0.001718,-0.001718,-0.103013,-1.725820,-3.786805,0.063063,14.873016,-0.103013,-0.103013,-0.050455,-0.061375,0.635074,,,mt5
run_20260426_191100,US500,index,M15,engine_d_proxy,micro_breakout,atr_sl_mult=1.0|fee_guard_r=0.5|range_bars=6,both,all,REJECT,63,0.126984,0.279273,-0.001718,-0.001718,-0.103013,-1.725820,-3.786805,0.063063,14.873016,-0.103013,-0.103013,-0.050455,-0.061375,0.635074,,,mt5
run_20260426_191100,US500,index,M15,engine_d_proxy,ema_scalp_pullback,atr_sl_mult=0.5|ema_period=21,both,all,REJECT,121,0.057851,0.186452,-0.001485,-0.001485,-0.164948,-2.750466,-6.196077,0.121121,7.826446,-0.164948,-0.164948,-0.107075,-0.069852,0.595711,,,mt5
run_20260426_191100,US500,index,M15,engine_d_proxy,ema_scalp_pullback,atr_sl_mult=1.0|ema_period=21,both,all,REJECT,121,0.057851,0.186452,-0.001485,-0.001485,-0.164948,-2.750466,-6.196077,0.121121,7.826446,-0.164948,-0.164948,-0.107075,-0.069852,0.595711,,,mt5
run_20260426_191100,GER40,index,M15,trend_momentum,ema_cross,adx_min=0|fast_period=10|rsi_confirm=False|slow_period=50,both,all,REJECT,32,0.218750,0.251606,-0.002827,-0.002827,-0.086964,-1.413978,-3.230975,0.032032,30.125000,-0.086964,-0.086964,-0.032942,-0.056016,0.381870,,,mt5
run_20260426_191100,GER40,index,M15,trend_momentum,ema_cross,adx_min=0|fast_period=10|rsi_confirm=True|slow_period=50,both,all,REJECT,30,0.233333,0.274468,-0.002680,-0.002680,-0.077702,-1.287858,-2.891517,0.030030,31.666667,-0.077702,-0.077702,-0.023132,-0.056016,0.280000,,,mt5
run_20260426_191100,GER40,index,M15,trend_momentum,ema_cross,adx_min=20|fast_period=10|rsi_confirm=False|slow_period=50,both,all,REJECT,32,0.218750,0.251606,-0.002827,-0.002827,-0.086964,-1.413978,-3.230975,0.032032,30.125000,-0.086964,-0.086964,-0.032942,-0.056016,0.381870,,,mt5
run_20260426_191100,GER40,index,M15,trend_momentum,ema_cross,adx_min=20|fast_period=10|rsi_confirm=True|slow_period=50,both,all,REJECT,30,0.233333,0.274468,-0.002680,-0.002680,-0.077702,-1.287858,-2.891517,0.030030,31.666667,-0.077702,-0.077702,-0.023132,-0.056016,0.280000,,,mt5
run_20260426_191100,GER40,index,M15,trend_momentum,ema_cross,adx_min=25|fast_period=10|rsi_confirm=False|slow_period=50,both,all,REJECT,31,0.225806,0.254556,-0.002873,-0.002873,-0.085683,-1.393909,-3.187231,0.031031,29.838710,-0.085683,-0.085683,-0.031585,-0.056016,0.353958,,,mt5
run_20260426_191100,GER40,index,M15,trend_momentum,ema_cross,adx_min=25|fast_period=10|rsi_confirm=True|slow_period=50,both,all,REJECT,29,0.241379,0.277981,-0.002724,-0.002724,-0.076408,-1.267181,-2.846079,0.029029,31.413793,-0.076408,-0.076408,-0.021761,-0.056016,0.274000,,,mt5
run_20260426_191100,GER40,index,M15,trend_momentum,ema_cross,adx_min=0|fast_period=10|rsi_confirm=False|slow_period=100,both,all,REJECT,20,0.150000,0.295557,-0.003494,-0.003494,-0.068017,-1.051737,-2.364800,0.020020,48.200000,-0.068017,-0.068017,-0.029135,-0.038704,0.421468,,,mt5
run_20260426_191100,GER40,index,M15,trend_momentum,ema_cross,adx_min=0|fast_period=10|rsi_confirm=True|slow_period=100,both,all,NEEDS_MORE_DATA,18,,,,,,,,,,,,,,,,only 18 trades < min 20,mt5
run_20260426_191100,GER40,index,M15,trend_momentum,ema_cross,adx_min=20|fast_period=10|rsi_confirm=False|slow_period=100,both,all,REJECT,20,0.150000,0.295557,-0.003494,-0.003494,-0.068017,-1.051737,-2.364800,0.020020,48.200000,-0.068017,-0.068017,-0.029135,-0.038704,0.421468,,,mt5
run_20260426_191100,GER40,index,M15,trend_momentum,ema_cross,adx_min=20|fast_period=10|rsi_confirm=True|slow_period=100,both,all,NEEDS_MORE_DATA,18,,,,,,,,,,,,,,,,only 18 trades < min 20,mt5
run_20260426_191100,GER40,index,M15,trend_momentum,ema_cross,adx_min=25|fast_period=10|rsi_confirm=False|slow_period=100,both,all,NEEDS_MORE_DATA,17,,,,,,,,,,,,,,,,only 17 trades < min 20,mt5
run_20260426_191100,GER40,index,M15,trend_momentum,ema_cross,adx_min=25|fast_period=10|rsi_confirm=True|slow_period=100,both,all,NEEDS_MORE_DATA,15,,,,,,,,,,,,,,,,only 15 trades < min 20,mt5
run_20260426_191100,GER40,index,M15,trend_momentum,ema_cross,adx_min=0|fast_period=10|rsi_confirm=False|slow_period=200,both,all,NEEDS_MORE_DATA,16,,,,,,,,,,,,,,,,only 16 trades < min 20,mt5
run_20260426_191100,GER40,index,M15,trend_momentum,ema_cross,adx_min=0|fast_period=10|rsi_confirm=True|slow_period=200,both,all,NEEDS_MORE_DATA,12,,,,,,,,,,,,,,,,only 12 trades < min 20,mt5
run_20260426_191100,GER40,index,M15,trend_momentum,ema_cross,adx_min=20|fast_period=10|rsi_confirm=False|slow_period=200,both,all,NEEDS_MORE_DATA,16,,,,,,,,,,,,,,,,only 16 trades < min 20,mt5
run_20260426_191100,GER40,index,M15,trend_momentum,ema_cross,adx_min=20|fast_period=10|rsi_confirm=True|slow_period=200,both,all,NEEDS_MORE_DATA,12,,,,,,,,,,,,,,,,only 12 trades < min 20,mt5
run_20260426_191100,GER40,index,M15,trend_momentum,ema_cross,adx_min=25|fast_period=10|rsi_confirm=False|slow_period=200,both,all,NEEDS_MORE_DATA,14,,,,,,,,,,,,,,,,only 14 trades < min 20,mt5
run_20260426_191100,GER40,index,M15,trend_momentum,ema_cross,adx_min=25|fast_period=10|rsi_confirm=True|slow_period=200,both,all,NEEDS_MORE_DATA,10,,,,,,,,,,,,,,,,only 10 trades < min 20,mt5
run_20260426_191100,GER40,index,M15,trend_momentum,ema_cross,adx_min=0|fast_period=20|rsi_confirm=False|slow_period=50,both,all,REJECT,24,0.208333,0.278544,-0.002834,-0.002834,-0.066161,-1.172355,-2.647349,0.024024,40.166667,-0.066161,-0.066161,-0.023990,-0.041797,0.321321,,,mt5
run_20260426_191100,GER40,index,M15,trend_momentum,ema_cross,adx_min=0|fast_period=20|rsi_confirm=True|slow_period=50,both,all,REJECT,22,0.227273,0.315876,-0.002586,-0.002586,-0.055667,-1.017851,-2.242893,0.022022,43.181818,-0.055667,-0.055667,-0.013022,-0.041797,0.232000,,,mt5
run_20260426_191100,GER40,index,M15,trend_momentum,ema_cross,adx_min=20|fast_period=20|rsi_confirm=False|slow_period=50,both,all,REJECT,24,0.208333,0.278544,-0.002834,-0.002834,-0.066161,-1.172355,-2.647349,0.024024,40.166667,-0.066161,-0.066161,-0.023990,-0.041797,0.321321,,,mt5
run_20260426_191100,GER40,index,M15,trend_momentum,ema_cross,adx_min=20|fast_period=20|rsi_confirm=True|slow_period=50,both,all,REJECT,22,0.227273,0.315876,-0.002586,-0.002586,-0.055667,-1.017851,-2.242893,0.022022,43.181818,-0.055667,-0.055667,-0.013022,-0.041797,0.232000,,,mt5
run_20260426_191100,GER40,index,M15,trend_momentum,ema_cross,adx_min=25|fast_period=20|rsi_confirm=False|slow_period=50,both,all,REJECT,23,0.217391,0.284503,-0.002894,-0.002894,-0.064784,-1.147515,-2.591536,0.023023,39.304348,-0.064784,-0.064784,-0.023990,-0.041797,0.315321,,,mt5
run_20260426_191100,GER40,index,M15,trend_momentum,ema_cross,adx_min=25|fast_period=20|rsi_confirm=True|slow_period=50,both,all,REJECT,21,0.238095,0.323227,-0.002638,-0.002638,-0.054275,-0.992022,-2.185037,0.021021,42.380952,-0.054275,-0.054275,-0.013022,-0.041797,0.226000,,,mt5
run_20260426_191100,GER40,index,M15,trend_momentum,ema_cross,adx_min=0|fast_period=20|rsi_confirm=False|slow_period=100,both,all,REJECT,20,0.200000,0.227202,-0.004403,-0.004403,-0.084870,-1.254864,-3.001056,0.020020,48.200000,-0.084870,-0.084870,-0.040404,-0.040119,0.517884,,,mt5
run_20260426_191100,GER40,index,M15,trend_momentum,ema_cross,adx_min=0|fast_period=20|rsi_confirm=True|slow_period=100,both,all,NEEDS_MORE_DATA,18,,,,,,,,,,,,,,,,only 18 trades < min 20,mt5
run_20260426_191100,GER40,index,M15,trend_momentum,ema_cross,adx_min=20|fast_period=20|rsi_confirm=False|slow_period=100,both,all,NEEDS_MORE_DATA,19,,,,,,,,,,,,,,,,only 19 trades < min 20,mt5
run_20260426_191100,GER40,index,M15,trend_momentum,ema_cross,adx_min=20|fast_period=20|rsi_confirm=True|slow_period=100,both,all,NEEDS_MORE_DATA,17,,,,,,,,,,,,,,,,only 17 trades < min 20,mt5
run_20260426_191100,GER40,index,M15,trend_momentum,ema_cross,adx_min=25|fast_period=20|rsi_confirm=False|slow_period=100,both,all,NEEDS_MORE_DATA,18,,,,,,,,,,,,,,,,only 18 trades < min 20,mt5
run_20260426_191100,GER40,index,M15,trend_momentum,ema_cross,adx_min=25|fast_period=20|rsi_confirm=True|slow_period=100,both,all,NEEDS_MORE_DATA,16,,,,,,,,,,,,,,,,only 16 trades < min 20,mt5
run_20260426_191100,GER40,index,M15,trend_momentum,ema_cross,adx_min=0|fast_period=20|rsi_confirm=False|slow_period=200,both,all,NEEDS_MORE_DATA,8,,,,,,,,,,,,,,,,only 8 trades < min 20,mt5
run_20260426_191100,GER40,index,M15,trend_momentum,ema_cross,adx_min=0|fast_period=20|rsi_confirm=True|slow_period=200,both,all,NEEDS_MORE_DATA,6,,,,,,,,,,,,,,,,only 6 trades < min 20,mt5
run_20260426_191100,GER40,index,M15,trend_momentum,ema_cross,adx_min=20|fast_period=20|rsi_confirm=False|slow_period=200,both,all,NEEDS_MORE_DATA,8,,,,,,,,,,,,,,,,only 8 trades < min 20,mt5
run_20260426_191100,GER40,index,M15,trend_momentum,ema_cross,adx_min=20|fast_period=20|rsi_confirm=True|slow_period=200,both,all,NEEDS_MORE_DATA,6,,,,,,,,,,,,,,,,only 6 trades < min 20,mt5
run_20260426_191100,GER40,index,M15,trend_momentum,ema_cross,adx_min=25|fast_period=20|rsi_confirm=False|slow_period=200,both,all,NEEDS_MORE_DATA,8,,,,,,,,,,,,,,,,only 8 trades < min 20,mt5
run_20260426_191100,GER40,index,M15,trend_momentum,ema_cross,adx_min=25|fast_period=20|rsi_confirm=True|slow_period=200,both,all,NEEDS_MORE_DATA,6,,,,,,,,,,,,,,,,only 6 trades < min 20,mt5
run_20260426_191100,GER40,index,M15,trend_momentum,ema_alignment,adx_min=0|ema_long=200|ema_mid=50|ema_short=20,both,all,NEEDS_MORE_DATA,16,,,,,,,,,,,,,,,,only 16 trades < min 20,mt5
run_20260426_191100,GER40,index,M15,trend_momentum,ema_alignment,adx_min=20|ema_long=200|ema_mid=50|ema_short=20,both,all,NEEDS_MORE_DATA,16,,,,,,,,,,,,,,,,only 16 trades < min 20,mt5
run_20260426_191100,GER40,index,M15,trend_momentum,ema_alignment,adx_min=25|ema_long=200|ema_mid=50|ema_short=20,both,all,NEEDS_MORE_DATA,16,,,,,,,,,,,,,,,,only 16 trades < min 20,mt5
run_20260426_191100,GER40,index,M15,trend_momentum,macd_direction,adx_min=0|fast=12|signal_period=9|slow=26,both,all,REJECT,88,0.181818,0.282197,-0.001988,-0.001988,-0.161284,-2.044045,-4.474307,0.088088,11.147727,-0.161284,-0.161284,-0.081519,-0.083840,0.691457,,,mt5
run_20260426_191100,GER40,index,M15,trend_momentum,macd_direction,adx_min=20|fast=12|signal_period=9|slow=26,both,all,REJECT,85,0.188235,0.289842,-0.001983,-0.001983,-0.155869,-1.975635,-4.311316,0.085085,11.223529,-0.155869,-0.155869,-0.078513,-0.080933,0.690751,,,mt5
run_20260426_191100,GER40,index,M15,pullback,pullback_ema,pullback_period=20|rsi_reclaim=False|rsi_threshold=50|trend_period=200,both,all,REJECT,79,0.101266,0.207889,-0.001678,-0.001678,-0.124570,-2.197270,-4.966692,0.079079,6.797468,-0.124570,-0.124570,-0.065464,-0.066380,0.695802,,,mt5
run_20260426_191100,GER40,index,M15,pullback,pullback_ema,pullback_period=20|rsi_reclaim=True|rsi_threshold=50|trend_period=200,both,all,REJECT,66,0.136364,0.243699,-0.001643,-0.001643,-0.103149,-1.854083,-4.111507,0.066066,7.409091,-0.103149,-0.103149,-0.047369,-0.061702,0.609221,,,mt5
run_20260426_191100,GER40,index,M15,pullback,pullback_ema,pullback_period=50|rsi_reclaim=False|rsi_threshold=50|trend_period=200,both,all,REJECT,49,0.081633,0.250062,-0.001731,-0.001731,-0.081639,-1.677322,-3.775231,0.049049,10.489796,-0.081639,-0.081639,-0.040722,-0.045448,0.659181,,,mt5
run_20260426_191100,GER40,index,M15,pullback,pullback_ema,pullback_period=50|rsi_reclaim=True|rsi_threshold=50|trend_period=200,both,all,REJECT,33,0.090909,0.286567,-0.001745,-0.001745,-0.056194,-1.256915,-2.771285,0.033033,12.333333,-0.056194,-0.056194,-0.015896,-0.043748,0.298000,,,mt5
run_20260426_191100,GER40,index,M15,breakout,prev_day_hl,atr_expand_min=0.0,both,all,NEEDS_MORE_DATA,0,,,,,,,,,,,,,,,,only 0 trades < min 20,mt5
run_20260426_191100,GER40,index,M15,breakout,prev_day_hl,atr_expand_min=0.5,both,all,NEEDS_MORE_DATA,0,,,,,,,,,,,,,,,,only 0 trades < min 20,mt5
run_20260426_191100,GER40,index,M15,breakout,prev_day_hl,atr_expand_min=1.0,both,all,NEEDS_MORE_DATA,0,,,,,,,,,,,,,,,,only 0 trades < min 20,mt5
run_20260426_191100,GER40,index,M15,breakout,session_opening_range,atr_expand_min=0.0|range_bars=6,both,all,REJECT,61,0.262295,0.347366,-0.002034,-0.002034,-0.117454,-1.500901,-3.219565,0.061061,15.639344,-0.117454,-0.117454,-0.067322,-0.058259,0.659613,,,mt5
run_20260426_191100,GER40,index,M15,breakout,session_opening_range,atr_expand_min=0.5|range_bars=6,both,all,REJECT,59,0.254237,0.362216,-0.001958,-0.001958,-0.109856,-1.419270,-3.026755,0.059059,15.881356,-0.109856,-0.109856,-0.065820,-0.051680,0.635552,,,mt5
run_20260426_191100,GER40,index,M15,breakout,session_opening_range,atr_expand_min=0.0|range_bars=12,both,all,REJECT,36,0.250000,0.427451,-0.001889,-0.001889,-0.084830,-0.985134,-2.072184,0.036036,26.333333,-0.066309,-0.066309,-0.065743,-0.004275,0.335510,,,mt5
run_20260426_191100,GER40,index,M15,breakout,session_opening_range,atr_expand_min=0.5|range_bars=12,both,all,REJECT,36,0.250000,0.427451,-0.001889,-0.001889,-0.084830,-0.985134,-2.072184,0.036036,26.333333,-0.066309,-0.066309,-0.065743,-0.004275,0.335510,,,mt5
run_20260426_191100,GER40,index,M15,breakout,london_breakout,atr_expand_min=0.0|utc_end=11|utc_start=7,both,all,NEEDS_MORE_DATA,19,,,,,,,,,,,,,,,,only 19 trades < min 20,mt5
run_20260426_191100,GER40,index,M15,breakout,london_breakout,atr_expand_min=0.5|utc_end=11|utc_start=7,both,all,NEEDS_MORE_DATA,19,,,,,,,,,,,,,,,,only 19 trades < min 20,mt5
run_20260426_191100,GER40,index,M15,breakout,ny_breakout,atr_expand_min=0.0|utc_end=16|utc_start=13,both,all,NEEDS_MORE_DATA,14,,,,,,,,,,,,,,,,only 14 trades < min 20,mt5
run_20260426_191100,GER40,index,M15,breakout,ny_breakout,atr_expand_min=0.5|utc_end=16|utc_start=13,both,all,NEEDS_MORE_DATA,14,,,,,,,,,,,,,,,,only 14 trades < min 20,mt5
run_20260426_191100,GER40,index,M15,mean_reversion,rsi_extreme,overbought=70|oversold=30|period=14,both,all,NEEDS_MORE_DATA,13,,,,,,,,,,,,,,,,only 13 trades < min 20,mt5
run_20260426_191100,GER40,index,M15,mean_reversion,rsi_extreme,overbought=75|oversold=30|period=14,both,all,NEEDS_MORE_DATA,10,,,,,,,,,,,,,,,,only 10 trades < min 20,mt5
run_20260426_191100,GER40,index,M15,mean_reversion,rsi_extreme,overbought=70|oversold=25|period=14,both,all,NEEDS_MORE_DATA,12,,,,,,,,,,,,,,,,only 12 trades < min 20,mt5
run_20260426_191100,GER40,index,M15,mean_reversion,rsi_extreme,overbought=75|oversold=25|period=14,both,all,NEEDS_MORE_DATA,9,,,,,,,,,,,,,,,,only 9 trades < min 20,mt5
run_20260426_191100,GER40,index,M15,mean_reversion,bollinger_touch,num_std=2.0|period=20,both,all,WEAK_CANDIDATE,39,0.564103,1.185035,0.000227,0.000227,-0.022140,0.185648,0.370444,0.039039,13.461538,0.008592,0.008592,-0.001270,0.013630,0.434000,,,mt5
run_20260426_191100,GER40,index,M15,mean_reversion,bollinger_touch,num_std=2.5|period=20,both,all,WEAK_CANDIDATE,25,0.720000,1.854284,0.000836,0.000836,-0.010723,0.559234,1.141999,0.025025,13.600000,0.020935,0.020935,0.003363,0.019887,0.350000,,,mt5
run_20260426_191100,GER40,index,M15,mean_reversion,vwap_deviation,std_threshold=1.5,both,all,NEEDS_MORE_DATA,14,,,,,,,,,,,,,,,,only 14 trades < min 20,mt5
run_20260426_191100,GER40,index,M15,mean_reversion,vwap_deviation,std_threshold=2.0,both,all,NEEDS_MORE_DATA,11,,,,,,,,,,,,,,,,only 11 trades < min 20,mt5
run_20260426_191100,GER40,index,M15,volatility,bb_squeeze_breakout,confirm_ema=True|period=20|squeeze_pct=20,both,all,NEEDS_MORE_DATA,19,,,,,,,,,,,,,,,,only 19 trades < min 20,mt5
run_20260426_191100,GER40,index,M15,volatility,bb_squeeze_breakout,confirm_ema=False|period=20|squeeze_pct=20,both,all,NEEDS_MORE_DATA,19,,,,,,,,,,,,,,,,only 19 trades < min 20,mt5
run_20260426_191100,GER40,index,M15,volatility,bb_squeeze_breakout,confirm_ema=True|period=20|squeeze_pct=30,both,all,REJECT,24,0.166667,0.126336,-0.002094,-0.002094,-0.049116,-1.684732,-4.558703,0.024024,6.500000,-0.049116,-0.049116,-0.035563,-0.013678,0.359385,,,mt5
run_20260426_191100,GER40,index,M15,volatility,bb_squeeze_breakout,confirm_ema=False|period=20|squeeze_pct=30,both,all,REJECT,24,0.166667,0.122662,-0.002166,-0.002166,-0.050755,-1.721089,-4.745378,0.024024,7.458333,-0.050755,-0.050755,-0.037226,-0.013678,0.354231,,,mt5
run_20260426_191100,GER40,index,M15,volatility,atr_compression,confirm_ema=True|period=14|squeeze_pct=20,both,all,NEEDS_MORE_DATA,11,,,,,,,,,,,,,,,,only 11 trades < min 20,mt5
run_20260426_191100,GER40,index,M15,volatility,atr_compression,confirm_ema=False|period=14|squeeze_pct=20,both,all,NEEDS_MORE_DATA,13,,,,,,,,,,,,,,,,only 13 trades < min 20,mt5
run_20260426_191100,GER40,index,M15,volatility,atr_compression,confirm_ema=True|period=14|squeeze_pct=30,both,all,NEEDS_MORE_DATA,13,,,,,,,,,,,,,,,,only 13 trades < min 20,mt5
run_20260426_191100,GER40,index,M15,volatility,atr_compression,confirm_ema=False|period=14|squeeze_pct=30,both,all,NEEDS_MORE_DATA,13,,,,,,,,,,,,,,,,only 13 trades < min 20,mt5
run_20260426_191100,GER40,index,M15,engine_b_proxy,ob_bos,require_engulf=False|require_vol_expand=False|swing_period=5,both,all,REJECT,21,0.238095,0.425841,-0.002473,-0.002473,-0.052513,-0.796654,-1.689231,0.021021,35.333333,-0.051127,-0.051127,-0.027843,-0.026614,0.512757,,,mt5
run_20260426_191100,GER40,index,M15,engine_b_proxy,ob_bos,require_engulf=False|require_vol_expand=True|swing_period=5,both,all,NEEDS_MORE_DATA,17,,,,,,,,,,,,,,,,only 17 trades < min 20,mt5
run_20260426_191100,GER40,index,M15,engine_b_proxy,ob_bos,require_engulf=True|require_vol_expand=False|swing_period=5,both,all,NEEDS_MORE_DATA,19,,,,,,,,,,,,,,,,only 19 trades < min 20,mt5
run_20260426_191100,GER40,index,M15,engine_b_proxy,ob_bos,require_engulf=True|require_vol_expand=True|swing_period=5,both,all,NEEDS_MORE_DATA,15,,,,,,,,,,,,,,,,only 15 trades < min 20,mt5
run_20260426_191100,GER40,index,M15,engine_b_proxy,ob_bos,require_engulf=False|require_vol_expand=False|swing_period=10,both,all,NEEDS_MORE_DATA,15,,,,,,,,,,,,,,,,only 15 trades < min 20,mt5
run_20260426_191100,GER40,index,M15,engine_b_proxy,ob_bos,require_engulf=False|require_vol_expand=True|swing_period=10,both,all,NEEDS_MORE_DATA,11,,,,,,,,,,,,,,,,only 11 trades < min 20,mt5
run_20260426_191100,GER40,index,M15,engine_b_proxy,ob_bos,require_engulf=True|require_vol_expand=False|swing_period=10,both,all,NEEDS_MORE_DATA,12,,,,,,,,,,,,,,,,only 12 trades < min 20,mt5
run_20260426_191100,GER40,index,M15,engine_b_proxy,ob_bos,require_engulf=True|require_vol_expand=True|swing_period=10,both,all,NEEDS_MORE_DATA,10,,,,,,,,,,,,,,,,only 10 trades < min 20,mt5
run_20260426_191100,GER40,index,M15,engine_b_proxy,structure_filters,fvg_detection=False|strong_close_pct=0.7,both,all,REJECT,326,0.162577,0.168279,-0.001421,-0.001421,-0.372114,-5.371329,-12.246234,0.326326,2.914110,-0.371318,-0.371318,-0.291934,-0.112626,0.515738,,,mt5
run_20260426_191100,GER40,index,M15,engine_b_proxy,structure_filters,fvg_detection=True|strong_close_pct=0.7,both,all,REJECT,26,0.230769,0.392042,-0.001642,-0.001642,-0.042095,-0.861930,-1.820472,0.026026,15.307692,-0.042095,-0.042095,-0.038152,-0.008105,0.319732,,,mt5
run_20260426_191100,GER40,index,M15,engine_b_proxy,structure_filters,fvg_detection=False|strong_close_pct=0.8,both,all,REJECT,229,0.165939,0.177826,-0.001575,-0.001575,-0.303501,-4.232860,-9.667839,0.229229,3.917031,-0.303501,-0.303501,-0.220134,-0.107413,0.546383,,,mt5
run_20260426_191100,GER40,index,M15,engine_b_proxy,structure_filters,fvg_detection=True|strong_close_pct=0.8,both,all,REJECT,23,0.217391,0.370033,-0.001780,-0.001780,-0.040396,-0.850600,-1.808288,0.023023,15.260870,-0.040396,-0.040396,-0.032555,-0.008105,0.312689,,,mt5
run_20260426_191100,GER40,index,M15,engine_d_proxy,vwap_reclaim,atr_sl_mult=0.5|band_std=0.5,both,all,REJECT,21,0.095238,0.059560,-0.004480,-0.004480,-0.090067,-1.919268,-6.773882,0.021021,45.428571,-0.090067,-0.090067,-0.018779,-0.077554,0.226000,,,mt5
run_20260426_191100,GER40,index,M15,engine_d_proxy,vwap_reclaim,atr_sl_mult=1.0|band_std=0.5,both,all,REJECT,21,0.095238,0.059560,-0.004480,-0.004480,-0.090067,-1.919268,-6.773882,0.021021,45.428571,-0.090067,-0.090067,-0.018779,-0.077554,0.226000,,,mt5
run_20260426_191100,GER40,index,M15,engine_d_proxy,vwap_reclaim,atr_sl_mult=0.5|band_std=1.0,both,all,NEEDS_MORE_DATA,14,,,,,,,,,,,,,,,,only 14 trades < min 20,mt5
run_20260426_191100,GER40,index,M15,engine_d_proxy,vwap_reclaim,atr_sl_mult=1.0|band_std=1.0,both,all,NEEDS_MORE_DATA,14,,,,,,,,,,,,,,,,only 14 trades < min 20,mt5
run_20260426_191100,GER40,index,M15,engine_d_proxy,micro_breakout,atr_sl_mult=0.5|fee_guard_r=0.5|range_bars=3,both,all,REJECT,103,0.203883,0.290717,-0.001723,-0.001723,-0.163344,-2.111222,-4.572497,0.103103,9.436893,-0.163344,-0.163344,-0.099674,-0.070022,0.610752,,,mt5
run_20260426_191100,GER40,index,M15,engine_d_proxy,micro_breakout,atr_sl_mult=1.0|fee_guard_r=0.5|range_bars=3,both,all,REJECT,103,0.203883,0.290717,-0.001723,-0.001723,-0.163344,-2.111222,-4.572497,0.103103,9.436893,-0.163344,-0.163344,-0.099674,-0.070022,0.610752,,,mt5
run_20260426_191100,GER40,index,M15,engine_d_proxy,micro_breakout,atr_sl_mult=0.5|fee_guard_r=0.5|range_bars=6,both,all,REJECT,61,0.262295,0.347366,-0.002034,-0.002034,-0.117454,-1.500901,-3.219565,0.061061,15.639344,-0.117454,-0.117454,-0.067322,-0.058259,0.659613,,,mt5
run_20260426_191100,GER40,index,M15,engine_d_proxy,micro_breakout,atr_sl_mult=1.0|fee_guard_r=0.5|range_bars=6,both,all,REJECT,61,0.262295,0.347366,-0.002034,-0.002034,-0.117454,-1.500901,-3.219565,0.061061,15.639344,-0.117454,-0.117454,-0.067322,-0.058259,0.659613,,,mt5
run_20260426_191100,GER40,index,M15,engine_d_proxy,ema_scalp_pullback,atr_sl_mult=0.5|ema_period=21,both,all,REJECT,142,0.119718,0.216361,-0.001650,-0.001650,-0.209496,-3.029117,-6.832186,0.142142,6.323944,-0.209496,-0.209496,-0.133968,-0.091144,0.604103,,,mt5
run_20260426_191100,GER40,index,M15,engine_d_proxy,ema_scalp_pullback,atr_sl_mult=1.0|ema_period=21,both,all,REJECT,142,0.119718,0.215809,-0.001655,-0.001655,-0.210101,-3.035626,-6.851024,0.142142,6.352113,-0.210101,-0.210101,-0.134631,-0.091144,0.603097,,,mt5
run_20260426_191100,NAS100,index,M15,trend_momentum,ema_cross,adx_min=0|fast_period=10|rsi_confirm=False|slow_period=50,both,all,REJECT,20,0.150000,0.681280,-0.001374,-0.001374,-0.044849,-0.254183,-0.509556,0.020020,45.450000,-0.028515,-0.028515,0.004585,-0.029053,0.220000,,,mt5
run_20260426_191100,NAS100,index,M15,trend_momentum,ema_cross,adx_min=0|fast_period=10|rsi_confirm=True|slow_period=50,both,all,NEEDS_MORE_DATA,18,,,,,,,,,,,,,,,,only 18 trades < min 20,mt5
run_20260426_191100,NAS100,index,M15,trend_momentum,ema_cross,adx_min=20|fast_period=10|rsi_confirm=False|slow_period=50,both,all,NEEDS_MORE_DATA,19,,,,,,,,,,,,,,,,only 19 trades < min 20,mt5
run_20260426_191100,NAS100,index,M15,trend_momentum,ema_cross,adx_min=20|fast_period=10|rsi_confirm=True|slow_period=50,both,all,NEEDS_MORE_DATA,17,,,,,,,,,,,,,,,,only 17 trades < min 20,mt5
run_20260426_191100,NAS100,index,M15,trend_momentum,ema_cross,adx_min=25|fast_period=10|rsi_confirm=False|slow_period=50,both,all,NEEDS_MORE_DATA,17,,,,,,,,,,,,,,,,only 17 trades < min 20,mt5
run_20260426_191100,NAS100,index,M15,trend_momentum,ema_cross,adx_min=25|fast_period=10|rsi_confirm=True|slow_period=50,both,all,NEEDS_MORE_DATA,15,,,,,,,,,,,,,,,,only 15 trades < min 20,mt5
run_20260426_191100,NAS100,index,M15,trend_momentum,ema_cross,adx_min=0|fast_period=10|rsi_confirm=False|slow_period=100,both,all,NEEDS_MORE_DATA,14,,,,,,,,,,,,,,,,only 14 trades < min 20,mt5
run_20260426_191100,NAS100,index,M15,trend_momentum,ema_cross,adx_min=0|fast_period=10|rsi_confirm=True|slow_period=100,both,all,NEEDS_MORE_DATA,11,,,,,,,,,,,,,,,,only 11 trades < min 20,mt5
run_20260426_191100,NAS100,index,M15,trend_momentum,ema_cross,adx_min=20|fast_period=10|rsi_confirm=False|slow_period=100,both,all,NEEDS_MORE_DATA,13,,,,,,,,,,,,,,,,only 13 trades < min 20,mt5
run_20260426_191100,NAS100,index,M15,trend_momentum,ema_cross,adx_min=20|fast_period=10|rsi_confirm=True|slow_period=100,both,all,NEEDS_MORE_DATA,10,,,,,,,,,,,,,,,,only 10 trades < min 20,mt5
run_20260426_191100,NAS100,index,M15,trend_momentum,ema_cross,adx_min=25|fast_period=10|rsi_confirm=False|slow_period=100,both,all,NEEDS_MORE_DATA,13,,,,,,,,,,,,,,,,only 13 trades < min 20,mt5
run_20260426_191100,NAS100,index,M15,trend_momentum,ema_cross,adx_min=25|fast_period=10|rsi_confirm=True|slow_period=100,both,all,NEEDS_MORE_DATA,10,,,,,,,,,,,,,,,,only 10 trades < min 20,mt5
run_20260426_191100,NAS100,index,M15,trend_momentum,ema_cross,adx_min=0|fast_period=10|rsi_confirm=False|slow_period=200,both,all,NEEDS_MORE_DATA,12,,,,,,,,,,,,,,,,only 12 trades < min 20,mt5
run_20260426_191100,NAS100,index,M15,trend_momentum,ema_cross,adx_min=0|fast_period=10|rsi_confirm=True|slow_period=200,both,all,NEEDS_MORE_DATA,10,,,,,,,,,,,,,,,,only 10 trades < min 20,mt5
run_20260426_191100,NAS100,index,M15,trend_momentum,ema_cross,adx_min=20|fast_period=10|rsi_confirm=False|slow_period=200,both,all,NEEDS_MORE_DATA,12,,,,,,,,,,,,,,,,only 12 trades < min 20,mt5
run_20260426_191100,NAS100,index,M15,trend_momentum,ema_cross,adx_min=20|fast_period=10|rsi_confirm=True|slow_period=200,both,all,NEEDS_MORE_DATA,10,,,,,,,,,,,,,,,,only 10 trades < min 20,mt5
run_20260426_191100,NAS100,index,M15,trend_momentum,ema_cross,adx_min=25|fast_period=10|rsi_confirm=False|slow_period=200,both,all,NEEDS_MORE_DATA,11,,,,,,,,,,,,,,,,only 11 trades < min 20,mt5
run_20260426_191100,NAS100,index,M15,trend_momentum,ema_cross,adx_min=25|fast_period=10|rsi_confirm=True|slow_period=200,both,all,NEEDS_MORE_DATA,9,,,,,,,,,,,,,,,,only 9 trades < min 20,mt5
run_20260426_191100,NAS100,index,M15,trend_momentum,ema_cross,adx_min=0|fast_period=20|rsi_confirm=False|slow_period=50,both,all,REJECT,20,0.150000,0.736763,-0.001026,-0.001026,-0.039699,-0.192084,-0.384020,0.020020,45.550000,-0.021695,-0.021695,0.011882,-0.031892,0.220000,,,mt5
run_20260426_191100,NAS100,index,M15,trend_momentum,ema_cross,adx_min=0|fast_period=20|rsi_confirm=True|slow_period=50,both,all,NEEDS_MORE_DATA,18,,,,,,,,,,,,,,,,only 18 trades < min 20,mt5
run_20260426_191100,NAS100,index,M15,trend_momentum,ema_cross,adx_min=20|fast_period=20|rsi_confirm=False|slow_period=50,both,all,REJECT,20,0.150000,0.736763,-0.001026,-0.001026,-0.039699,-0.192084,-0.384020,0.020020,45.550000,-0.021695,-0.021695,0.011882,-0.031892,0.220000,,,mt5
run_20260426_191100,NAS100,index,M15,trend_momentum,ema_cross,adx_min=20|fast_period=20|rsi_confirm=True|slow_period=50,both,all,NEEDS_MORE_DATA,18,,,,,,,,,,,,,,,,only 18 trades < min 20,mt5
run_20260426_191100,NAS100,index,M15,trend_momentum,ema_cross,adx_min=25|fast_period=20|rsi_confirm=False|slow_period=50,both,all,NEEDS_MORE_DATA,16,,,,,,,,,,,,,,,,only 16 trades < min 20,mt5
run_20260426_191100,NAS100,index,M15,trend_momentum,ema_cross,adx_min=25|fast_period=20|rsi_confirm=True|slow_period=50,both,all,NEEDS_MORE_DATA,14,,,,,,,,,,,,,,,,only 14 trades < min 20,mt5
run_20260426_191100,NAS100,index,M15,trend_momentum,ema_cross,adx_min=0|fast_period=20|rsi_confirm=False|slow_period=100,both,all,NEEDS_MORE_DATA,8,,,,,,,,,,,,,,,,only 8 trades < min 20,mt5
run_20260426_191100,NAS100,index,M15,trend_momentum,ema_cross,adx_min=0|fast_period=20|rsi_confirm=True|slow_period=100,both,all,NEEDS_MORE_DATA,6,,,,,,,,,,,,,,,,only 6 trades < min 20,mt5
run_20260426_191100,NAS100,index,M15,trend_momentum,ema_cross,adx_min=20|fast_period=20|rsi_confirm=False|slow_period=100,both,all,NEEDS_MORE_DATA,8,,,,,,,,,,,,,,,,only 8 trades < min 20,mt5
run_20260426_191100,NAS100,index,M15,trend_momentum,ema_cross,adx_min=20|fast_period=20|rsi_confirm=True|slow_period=100,both,all,NEEDS_MORE_DATA,6,,,,,,,,,,,,,,,,only 6 trades < min 20,mt5
run_20260426_191100,NAS100,index,M15,trend_momentum,ema_cross,adx_min=25|fast_period=20|rsi_confirm=False|slow_period=100,both,all,NEEDS_MORE_DATA,7,,,,,,,,,,,,,,,,only 7 trades < min 20,mt5
run_20260426_191100,NAS100,index,M15,trend_momentum,ema_cross,adx_min=25|fast_period=20|rsi_confirm=True|slow_period=100,both,all,NEEDS_MORE_DATA,5,,,,,,,,,,,,,,,,only 5 trades < min 20,mt5
run_20260426_191100,NAS100,index,M15,trend_momentum,ema_cross,adx_min=0|fast_period=20|rsi_confirm=False|slow_period=200,both,all,NEEDS_MORE_DATA,6,,,,,,,,,,,,,,,,only 6 trades < min 20,mt5
run_20260426_191100,NAS100,index,M15,trend_momentum,ema_cross,adx_min=0|fast_period=20|rsi_confirm=True|slow_period=200,both,all,NEEDS_MORE_DATA,4,,,,,,,,,,,,,,,,only 4 trades < min 20,mt5
run_20260426_191100,NAS100,index,M15,trend_momentum,ema_cross,adx_min=20|fast_period=20|rsi_confirm=False|slow_period=200,both,all,NEEDS_MORE_DATA,6,,,,,,,,,,,,,,,,only 6 trades < min 20,mt5
run_20260426_191100,NAS100,index,M15,trend_momentum,ema_cross,adx_min=20|fast_period=20|rsi_confirm=True|slow_period=200,both,all,NEEDS_MORE_DATA,4,,,,,,,,,,,,,,,,only 4 trades < min 20,mt5
run_20260426_191100,NAS100,index,M15,trend_momentum,ema_cross,adx_min=25|fast_period=20|rsi_confirm=False|slow_period=200,both,all,NEEDS_MORE_DATA,6,,,,,,,,,,,,,,,,only 6 trades < min 20,mt5
run_20260426_191100,NAS100,index,M15,trend_momentum,ema_cross,adx_min=25|fast_period=20|rsi_confirm=True|slow_period=200,both,all,NEEDS_MORE_DATA,4,,,,,,,,,,,,,,,,only 4 trades < min 20,mt5
run_20260426_191100,NAS100,index,M15,trend_momentum,ema_alignment,adx_min=0|ema_long=200|ema_mid=50|ema_short=20,both,all,NEEDS_MORE_DATA,12,,,,,,,,,,,,,,,,only 12 trades < min 20,mt5
run_20260426_191100,NAS100,index,M15,trend_momentum,ema_alignment,adx_min=20|ema_long=200|ema_mid=50|ema_short=20,both,all,NEEDS_MORE_DATA,12,,,,,,,,,,,,,,,,only 12 trades < min 20,mt5
run_20260426_191100,NAS100,index,M15,trend_momentum,ema_alignment,adx_min=25|ema_long=200|ema_mid=50|ema_short=20,both,all,NEEDS_MORE_DATA,12,,,,,,,,,,,,,,,,only 12 trades < min 20,mt5
run_20260426_191100,NAS100,index,M15,trend_momentum,macd_direction,adx_min=0|fast=12|signal_period=9|slow=26,both,all,REJECT,75,0.213333,0.391750,-0.001309,-0.001309,-0.094966,-1.549985,-3.286909,0.075075,13.173333,-0.093977,-0.093977,-0.061466,-0.038326,0.587059,,,mt5
run_20260426_191100,NAS100,index,M15,trend_momentum,macd_direction,adx_min=20|fast=12|signal_period=9|slow=26,both,all,REJECT,71,0.225352,0.411878,-0.001276,-0.001276,-0.088059,-1.435428,-3.025866,0.071071,13.450704,-0.087062,-0.087062,-0.054302,-0.038326,0.611735,,,mt5
run_20260426_191100,NAS100,index,M15,pullback,pullback_ema,pullback_period=20|rsi_reclaim=False|rsi_threshold=50|trend_period=200,both,all,REJECT,60,0.166667,0.449835,-0.000972,-0.000972,-0.058774,-0.963259,-1.976716,0.060060,9.533333,-0.057066,-0.057066,-0.031128,-0.026772,0.658015,,,mt5
run_20260426_191100,NAS100,index,M15,pullback,pullback_ema,pullback_period=20|rsi_reclaim=True|rsi_threshold=50|trend_period=200,both,all,REJECT,53,0.169811,0.511572,-0.000850,-0.000850,-0.046189,-0.770441,-1.568108,0.053053,10.396226,-0.044459,-0.044459,-0.026498,-0.018450,0.608880,,,mt5
run_20260426_191100,NAS100,index,M15,pullback,pullback_ema,pullback_period=50|rsi_reclaim=False|rsi_threshold=50|trend_period=200,both,all,REJECT,41,0.121951,0.324089,-0.001285,-0.001285,-0.051595,-1.077204,-2.271653,0.041041,12.487805,-0.051595,-0.051595,-0.028428,-0.023845,0.597634,,,mt5
run_20260426_191100,NAS100,index,M15,pullback,pullback_ema,pullback_period=50|rsi_reclaim=True|rsi_threshold=50|trend_period=200,both,all,REJECT,24,0.208333,0.458656,-0.001242,-0.001242,-0.029645,-0.626938,-1.290487,0.024024,18.250000,-0.029645,-0.029645,-0.007615,-0.022199,0.244000,,,mt5
run_20260426_191100,NAS100,index,M15,breakout,prev_day_hl,atr_expand_min=0.0,both,all,NEEDS_MORE_DATA,0,,,,,,,,,,,,,,,,only 0 trades < min 20,mt5
run_20260426_191100,NAS100,index,M15,breakout,prev_day_hl,atr_expand_min=0.5,both,all,NEEDS_MORE_DATA,0,,,,,,,,,,,,,,,,only 0 trades < min 20,mt5
run_20260426_191100,NAS100,index,M15,breakout,prev_day_hl,atr_expand_min=1.0,both,all,NEEDS_MORE_DATA,0,,,,,,,,,,,,,,,,only 0 trades < min 20,mt5
run_20260426_191100,NAS100,index,M15,breakout,session_opening_range,atr_expand_min=0.0|range_bars=6,both,all,REJECT,62,0.193548,0.310938,-0.001781,-0.001781,-0.106011,-1.544529,-3.323983,0.062062,14.951613,-0.105130,-0.105130,-0.069043,-0.043616,0.589515,,,mt5
run_20260426_191100,NAS100,index,M15,breakout,session_opening_range,atr_expand_min=0.5|range_bars=6,both,all,REJECT,62,0.177419,0.304506,-0.001828,-0.001828,-0.108620,-1.581518,-3.417459,0.062062,14.725806,-0.107742,-0.107742,-0.069958,-0.045469,0.594983,,,mt5
run_20260426_191100,NAS100,index,M15,breakout,session_opening_range,atr_expand_min=0.0|range_bars=12,both,all,REJECT,39,0.153846,0.352211,-0.002326,-0.002326,-0.087574,-1.058749,-2.235122,0.039039,23.615385,-0.087574,-0.087574,-0.045572,-0.049809,0.606105,,,mt5
run_20260426_191100,NAS100,index,M15,breakout,session_opening_range,atr_expand_min=0.5|range_bars=12,both,all,REJECT,37,0.162162,0.400158,-0.002007,-0.002007,-0.079813,-0.910909,-1.897709,0.037037,24.378378,-0.072328,-0.072328,-0.033360,-0.046137,0.507097,,,mt5
run_20260426_191100,NAS100,index,M15,breakout,london_breakout,atr_expand_min=0.0|utc_end=11|utc_start=7,both,all,NEEDS_MORE_DATA,14,,,,,,,,,,,,,,,,only 14 trades < min 20,mt5
run_20260426_191100,NAS100,index,M15,breakout,london_breakout,atr_expand_min=0.5|utc_end=11|utc_start=7,both,all,NEEDS_MORE_DATA,14,,,,,,,,,,,,,,,,only 14 trades < min 20,mt5
run_20260426_191100,NAS100,index,M15,breakout,ny_breakout,atr_expand_min=0.0|utc_end=16|utc_start=13,both,all,NEEDS_MORE_DATA,12,,,,,,,,,,,,,,,,only 12 trades < min 20,mt5
run_20260426_191100,NAS100,index,M15,breakout,ny_breakout,atr_expand_min=0.5|utc_end=16|utc_start=13,both,all,NEEDS_MORE_DATA,12,,,,,,,,,,,,,,,,only 12 trades < min 20,mt5
run_20260426_191100,NAS100,index,M15,mean_reversion,rsi_extreme,overbought=70|oversold=30|period=14,both,all,NEEDS_MORE_DATA,11,,,,,,,,,,,,,,,,only 11 trades < min 20,mt5
run_20260426_191100,NAS100,index,M15,mean_reversion,rsi_extreme,overbought=75|oversold=30|period=14,both,all,NEEDS_MORE_DATA,8,,,,,,,,,,,,,,,,only 8 trades < min 20,mt5
run_20260426_191100,NAS100,index,M15,mean_reversion,rsi_extreme,overbought=70|oversold=25|period=14,both,all,NEEDS_MORE_DATA,9,,,,,,,,,,,,,,,,only 9 trades < min 20,mt5
run_20260426_191100,NAS100,index,M15,mean_reversion,rsi_extreme,overbought=75|oversold=25|period=14,both,all,NEEDS_MORE_DATA,6,,,,,,,,,,,,,,,,only 6 trades < min 20,mt5
run_20260426_191100,NAS100,index,M15,mean_reversion,bollinger_touch,num_std=2.0|period=20,both,all,REJECT,39,0.615385,0.664565,-0.000600,-0.000600,-0.051350,-0.360569,-0.722880,0.039039,14.358974,-0.023639,-0.023639,-0.033114,0.010317,0.334000,,,mt5
run_20260426_191100,NAS100,index,M15,mean_reversion,bollinger_touch,num_std=2.5|period=20,both,all,REJECT,27,0.629630,0.533893,-0.001018,-0.001018,-0.046238,-0.482145,-0.976829,0.027027,16.370370,-0.027507,-0.027507,-0.035845,0.009696,0.262000,,,mt5
run_20260426_191100,NAS100,index,M15,mean_reversion,vwap_deviation,std_threshold=1.5,both,all,NEEDS_MORE_DATA,5,,,,,,,,,,,,,,,,only 5 trades < min 20,mt5
run_20260426_191100,NAS100,index,M15,mean_reversion,vwap_deviation,std_threshold=2.0,both,all,NEEDS_MORE_DATA,3,,,,,,,,,,,,,,,,only 3 trades < min 20,mt5
run_20260426_191100,NAS100,index,M15,volatility,bb_squeeze_breakout,confirm_ema=True|period=20|squeeze_pct=20,both,all,NEEDS_MORE_DATA,18,,,,,,,,,,,,,,,,only 18 trades < min 20,mt5
run_20260426_191100,NAS100,index,M15,volatility,bb_squeeze_breakout,confirm_ema=False|period=20|squeeze_pct=20,both,all,NEEDS_MORE_DATA,17,,,,,,,,,,,,,,,,only 17 trades < min 20,mt5
run_20260426_191100,NAS100,index,M15,volatility,bb_squeeze_breakout,confirm_ema=True|period=20|squeeze_pct=30,both,all,REJECT,22,0.181818,0.362435,-0.001551,-0.001551,-0.036439,-0.864848,-1.849122,0.022022,5.590909,-0.033742,-0.033742,-0.024073,-0.009907,0.355463,,,mt5
run_20260426_191100,NAS100,index,M15,volatility,bb_squeeze_breakout,confirm_ema=False|period=20|squeeze_pct=30,both,all,REJECT,23,0.173913,0.337288,-0.001657,-0.001657,-0.040282,-0.954452,-2.066593,0.023023,5.913043,-0.037595,-0.037595,-0.027480,-0.010401,0.351548,,,mt5
run_20260426_191100,NAS100,index,M15,volatility,atr_compression,confirm_ema=True|period=14|squeeze_pct=20,both,all,NEEDS_MORE_DATA,7,,,,,,,,,,,,,,,,only 7 trades < min 20,mt5
run_20260426_191100,NAS100,index,M15,volatility,atr_compression,confirm_ema=False|period=14|squeeze_pct=20,both,all,NEEDS_MORE_DATA,13,,,,,,,,,,,,,,,,only 13 trades < min 20,mt5
run_20260426_191100,NAS100,index,M15,volatility,atr_compression,confirm_ema=True|period=14|squeeze_pct=30,both,all,NEEDS_MORE_DATA,11,,,,,,,,,,,,,,,,only 11 trades < min 20,mt5
run_20260426_191100,NAS100,index,M15,volatility,atr_compression,confirm_ema=False|period=14|squeeze_pct=30,both,all,NEEDS_MORE_DATA,14,,,,,,,,,,,,,,,,only 14 trades < min 20,mt5
run_20260426_191100,NAS100,index,M15,engine_b_proxy,ob_bos,require_engulf=False|require_vol_expand=False|swing_period=5,both,all,REJECT,20,0.300000,0.793985,-0.000696,-0.000696,-0.051622,-0.214128,-0.428468,0.020020,39.350000,-0.014356,-0.014356,0.014468,-0.028413,0.220000,,,mt5
run_20260426_191100,NAS100,index,M15,engine_b_proxy,ob_bos,require_engulf=False|require_vol_expand=True|swing_period=5,both,all,NEEDS_MORE_DATA,15,,,,,,,,,,,,,,,,only 15 trades < min 20,mt5
run_20260426_191100,NAS100,index,M15,engine_b_proxy,ob_bos,require_engulf=True|require_vol_expand=False|swing_period=5,both,all,NEEDS_MORE_DATA,18,,,,,,,,,,,,,,,,only 18 trades < min 20,mt5
run_20260426_191100,NAS100,index,M15,engine_b_proxy,ob_bos,require_engulf=True|require_vol_expand=True|swing_period=5,both,all,NEEDS_MORE_DATA,14,,,,,,,,,,,,,,,,only 14 trades < min 20,mt5
run_20260426_191100,NAS100,index,M15,engine_b_proxy,ob_bos,require_engulf=False|require_vol_expand=False|swing_period=10,both,all,NEEDS_MORE_DATA,10,,,,,,,,,,,,,,,,only 10 trades < min 20,mt5
run_20260426_191100,NAS100,index,M15,engine_b_proxy,ob_bos,require_engulf=False|require_vol_expand=True|swing_period=10,both,all,NEEDS_MORE_DATA,9,,,,,,,,,,,,,,,,only 9 trades < min 20,mt5
run_20260426_191100,NAS100,index,M15,engine_b_proxy,ob_bos,require_engulf=True|require_vol_expand=False|swing_period=10,both,all,NEEDS_MORE_DATA,9,,,,,,,,,,,,,,,,only 9 trades < min 20,mt5
run_20260426_191100,NAS100,index,M15,engine_b_proxy,ob_bos,require_engulf=True|require_vol_expand=True|swing_period=10,both,all,NEEDS_MORE_DATA,9,,,,,,,,,,,,,,,,only 9 trades < min 20,mt5
run_20260426_191100,NAS100,index,M15,engine_b_proxy,structure_filters,fvg_detection=False|strong_close_pct=0.7,both,all,REJECT,311,0.141479,0.132283,-0.001312,-0.001312,-0.335598,-5.758051,-13.625711,0.311311,3.118971,-0.335598,-0.335598,-0.259509,-0.101249,0.517046,,,mt5
run_20260426_191100,NAS100,index,M15,engine_b_proxy,structure_filters,fvg_detection=True|strong_close_pct=0.7,both,all,REJECT,31,0.193548,0.652814,-0.000796,-0.000796,-0.035502,-0.411481,-0.828436,0.031031,15.032258,-0.024816,-0.024816,0.002608,-0.027353,0.286000,,,mt5
run_20260426_191100,NAS100,index,M15,engine_b_proxy,structure_filters,fvg_detection=False|strong_close_pct=0.8,both,all,REJECT,225,0.177778,0.169875,-0.001318,-0.001318,-0.257950,-4.230845,-9.696992,0.225225,4.062222,-0.257102,-0.257102,-0.194418,-0.075620,0.516687,,,mt5
run_20260426_191100,NAS100,index,M15,engine_b_proxy,structure_filters,fvg_detection=True|strong_close_pct=0.8,both,all,REJECT,24,0.250000,0.716819,-0.000764,-0.000764,-0.034651,-0.302284,-0.606654,0.024024,17.166667,-0.018617,-0.018617,0.010294,-0.028616,0.244000,,,mt5
run_20260426_191100,NAS100,index,M15,engine_d_proxy,vwap_reclaim,atr_sl_mult=0.5|band_std=0.5,both,all,NEEDS_MORE_DATA,8,,,,,,,,,,,,,,,,only 8 trades < min 20,mt5
run_20260426_191100,NAS100,index,M15,engine_d_proxy,vwap_reclaim,atr_sl_mult=1.0|band_std=0.5,both,all,NEEDS_MORE_DATA,8,,,,,,,,,,,,,,,,only 8 trades < min 20,mt5
run_20260426_191100,NAS100,index,M15,engine_d_proxy,vwap_reclaim,atr_sl_mult=0.5|band_std=1.0,both,all,NEEDS_MORE_DATA,6,,,,,,,,,,,,,,,,only 6 trades < min 20,mt5
run_20260426_191100,NAS100,index,M15,engine_d_proxy,vwap_reclaim,atr_sl_mult=1.0|band_std=1.0,both,all,NEEDS_MORE_DATA,6,,,,,,,,,,,,,,,,only 6 trades < min 20,mt5
run_20260426_191100,NAS100,index,M15,engine_d_proxy,micro_breakout,atr_sl_mult=0.5|fee_guard_r=0.5|range_bars=3,both,all,REJECT,105,0.180952,0.292884,-0.001473,-0.001473,-0.154002,-2.120342,-4.586923,0.105105,9.238095,-0.143886,-0.143886,-0.110609,-0.039223,0.506383,,,mt5
run_20260426_191100,NAS100,index,M15,engine_d_proxy,micro_breakout,atr_sl_mult=1.0|fee_guard_r=0.5|range_bars=3,both,all,REJECT,105,0.180952,0.292884,-0.001473,-0.001473,-0.154002,-2.120342,-4.586923,0.105105,9.238095,-0.143886,-0.143886,-0.110609,-0.039223,0.506383,,,mt5
run_20260426_191100,NAS100,index,M15,engine_d_proxy,micro_breakout,atr_sl_mult=0.5|fee_guard_r=0.5|range_bars=6,both,all,REJECT,62,0.193548,0.310938,-0.001781,-0.001781,-0.106011,-1.544529,-3.323983,0.062062,14.951613,-0.105130,-0.105130,-0.069043,-0.043616,0.589515,,,mt5
run_20260426_191100,NAS100,index,M15,engine_d_proxy,micro_breakout,atr_sl_mult=1.0|fee_guard_r=0.5|range_bars=6,both,all,REJECT,62,0.193548,0.310938,-0.001781,-0.001781,-0.106011,-1.544529,-3.323983,0.062062,14.951613,-0.105130,-0.105130,-0.069043,-0.043616,0.589515,,,mt5
run_20260426_191100,NAS100,index,M15,engine_d_proxy,ema_scalp_pullback,atr_sl_mult=0.5|ema_period=21,both,all,REJECT,115,0.113043,0.303805,-0.001315,-0.001315,-0.141011,-1.990999,-4.230451,0.115115,8.086957,-0.141011,-0.141011,-0.084489,-0.065002,0.630808,,,mt5
run_20260426_191100,NAS100,index,M15,engine_d_proxy,ema_scalp_pullback,atr_sl_mult=1.0|ema_period=21,both,all,REJECT,115,0.113043,0.303805,-0.001315,-0.001315,-0.141011,-1.990999,-4.230451,0.115115,8.086957,-0.141011,-0.141011,-0.084489,-0.065002,0.630808,,,mt5
run_20260426_191100,XAG/USD,commodity,M15,trend_momentum,ema_cross,adx_min=0|fast_period=10|rsi_confirm=False|slow_period=50,both,all,REJECT,35,0.171429,0.419107,-0.004002,-0.004002,-0.133564,-0.866414,-1.801500,0.035035,27.428571,-0.133564,-0.133564,-0.122412,-0.031691,0.387667,,,mt5
run_20260426_191100,XAG/USD,commodity,M15,trend_momentum,ema_cross,adx_min=0|fast_period=10|rsi_confirm=True|slow_period=50,both,all,REJECT,33,0.181818,0.442228,-0.003863,-0.003863,-0.122535,-0.793274,-1.641435,0.033033,28.666667,-0.122535,-0.122535,-0.111241,-0.031691,0.383466,,,mt5
run_20260426_191100,XAG/USD,commodity,M15,trend_momentum,ema_cross,adx_min=20|fast_period=10|rsi_confirm=False|slow_period=50,both,all,REJECT,32,0.156250,0.423047,-0.004187,-0.004187,-0.128246,-0.831664,-1.730091,0.032032,28.406250,-0.128246,-0.128246,-0.117025,-0.031691,0.373241,,,mt5
run_20260426_191100,XAG/USD,commodity,M15,trend_momentum,ema_cross,adx_min=20|fast_period=10|rsi_confirm=True|slow_period=50,both,all,REJECT,30,0.166667,0.447332,-0.004046,-0.004046,-0.117150,-0.758074,-1.569074,0.030030,29.833333,-0.117150,-0.117150,-0.105786,-0.031691,0.369873,,,mt5
run_20260426_191100,XAG/USD,commodity,M15,trend_momentum,ema_cross,adx_min=25|fast_period=10|rsi_confirm=False|slow_period=50,both,all,REJECT,21,0.142857,0.334266,-0.005815,-0.005815,-0.117412,-0.823507,-1.754188,0.021021,30.142857,-0.117412,-0.117412,-0.092042,-0.027942,0.317075,,,mt5
run_20260426_191100,XAG/USD,commodity,M15,trend_momentum,ema_cross,adx_min=25|fast_period=10|rsi_confirm=True|slow_period=50,both,all,NEEDS_MORE_DATA,19,,,,,,,,,,,,,,,,only 19 trades < min 20,mt5
run_20260426_191100,XAG/USD,commodity,M15,trend_momentum,ema_cross,adx_min=0|fast_period=10|rsi_confirm=False|slow_period=100,both,all,REJECT,27,0.222222,0.457035,-0.003884,-0.003884,-0.134355,-0.696531,-1.438315,0.027027,35.666667,-0.102123,-0.102123,-0.134355,0.019567,0.262000,,,mt5
run_20260426_191100,XAG/USD,commodity,M15,trend_momentum,ema_cross,adx_min=0|fast_period=10|rsi_confirm=True|slow_period=100,both,all,REJECT,23,0.260870,0.515431,-0.003616,-0.003616,-0.115315,-0.558293,-1.142566,0.023023,40.782609,-0.082375,-0.082375,-0.115315,0.019567,0.238000,,,mt5
run_20260426_191100,XAG/USD,commodity,M15,trend_momentum,ema_cross,adx_min=20|fast_period=10|rsi_confirm=False|slow_period=100,both,all,REJECT,25,0.240000,0.478932,-0.003841,-0.003841,-0.126659,-0.640053,-1.317464,0.025025,38.120000,-0.094142,-0.094142,-0.126659,0.019567,0.250000,,,mt5
run_20260426_191100,XAG/USD,commodity,M15,trend_momentum,ema_cross,adx_min=20|fast_period=10|rsi_confirm=True|slow_period=100,both,all,REJECT,22,0.272727,0.527920,-0.003596,-0.003596,-0.111709,-0.531790,-1.086808,0.022022,42.590909,-0.078634,-0.078634,-0.111709,0.019567,0.232000,,,mt5
run_20260426_191100,XAG/USD,commodity,M15,trend_momentum,ema_cross,adx_min=25|fast_period=10|rsi_confirm=False|slow_period=100,both,all,REJECT,22,0.227273,0.428260,-0.004305,-0.004305,-0.112663,-0.659895,-1.368141,0.022022,37.681818,-0.092717,-0.092717,-0.110129,0.019567,0.232000,,,mt5
run_20260426_191100,XAG/USD,commodity,M15,trend_momentum,ema_cross,adx_min=25|fast_period=10|rsi_confirm=True|slow_period=100,both,all,NEEDS_MORE_DATA,19,,,,,,,,,,,,,,,,only 19 trades < min 20,mt5
run_20260426_191100,XAG/USD,commodity,M15,trend_momentum,ema_cross,adx_min=0|fast_period=10|rsi_confirm=False|slow_period=200,both,all,REJECT,20,0.100000,0.383101,-0.006159,-0.006159,-0.143009,-0.767198,-1.624053,0.020020,49.800000,-0.118764,-0.118764,-0.143009,-0.008063,0.236915,,,mt5
run_20260426_191100,XAG/USD,commodity,M15,trend_momentum,ema_cross,adx_min=0|fast_period=10|rsi_confirm=True|slow_period=200,both,all,NEEDS_MORE_DATA,18,,,,,,,,,,,,,,,,only 18 trades < min 20,mt5
run_20260426_191100,XAG/USD,commodity,M15,trend_momentum,ema_cross,adx_min=20|fast_period=10|rsi_confirm=False|slow_period=200,both,all,REJECT,20,0.100000,0.383101,-0.006159,-0.006159,-0.143009,-0.767198,-1.624053,0.020020,49.800000,-0.118764,-0.118764,-0.143009,-0.008063,0.236915,,,mt5
run_20260426_191100,XAG/USD,commodity,M15,trend_momentum,ema_cross,adx_min=20|fast_period=10|rsi_confirm=True|slow_period=200,both,all,NEEDS_MORE_DATA,18,,,,,,,,,,,,,,,,only 18 trades < min 20,mt5
run_20260426_191100,XAG/USD,commodity,M15,trend_momentum,ema_cross,adx_min=25|fast_period=10|rsi_confirm=False|slow_period=200,both,all,NEEDS_MORE_DATA,16,,,,,,,,,,,,,,,,only 16 trades < min 20,mt5
run_20260426_191100,XAG/USD,commodity,M15,trend_momentum,ema_cross,adx_min=25|fast_period=10|rsi_confirm=True|slow_period=200,both,all,NEEDS_MORE_DATA,14,,,,,,,,,,,,,,,,only 14 trades < min 20,mt5
run_20260426_191100,XAG/USD,commodity,M15,trend_momentum,ema_cross,adx_min=0|fast_period=20|rsi_confirm=False|slow_period=50,both,all,REJECT,31,0.161290,0.408535,-0.004280,-0.004280,-0.154818,-0.840316,-1.752454,0.031031,31.032258,-0.127018,-0.127018,-0.154818,0.017887,0.286000,,,mt5
run_20260426_191100,XAG/USD,commodity,M15,trend_momentum,ema_cross,adx_min=0|fast_period=20|rsi_confirm=True|slow_period=50,both,all,REJECT,29,0.172414,0.428530,-0.004215,-0.004215,-0.145901,-0.777264,-1.614500,0.029029,32.655172,-0.117808,-0.117808,-0.145901,0.017887,0.274000,,,mt5
run_20260426_191100,XAG/USD,commodity,M15,trend_momentum,ema_cross,adx_min=20|fast_period=20|rsi_confirm=False|slow_period=50,both,all,REJECT,29,0.172414,0.429703,-0.004195,-0.004195,-0.145398,-0.774157,-1.607487,0.029029,32.724138,-0.117288,-0.117288,-0.145398,0.017887,0.274000,,,mt5
run_20260426_191100,XAG/USD,commodity,M15,trend_momentum,ema_cross,adx_min=20|fast_period=20|rsi_confirm=True|slow_period=50,both,all,REJECT,27,0.185185,0.451879,-0.004118,-0.004118,-0.136381,-0.710541,-1.469470,0.027027,34.592593,-0.107975,-0.107975,-0.136381,0.017887,0.262000,,,mt5
run_20260426_191100,XAG/USD,commodity,M15,trend_momentum,ema_cross,adx_min=25|fast_period=20|rsi_confirm=False|slow_period=50,both,all,REJECT,21,0.142857,0.300436,-0.005994,-0.005994,-0.120596,-0.870508,-1.870123,0.021021,28.952381,-0.120596,-0.120596,-0.116305,-0.004856,0.238525,,,mt5
run_20260426_191100,XAG/USD,commodity,M15,trend_momentum,ema_cross,adx_min=25|fast_period=20|rsi_confirm=True|slow_period=50,both,all,NEEDS_MORE_DATA,19,,,,,,,,,,,,,,,,only 19 trades < min 20,mt5
run_20260426_191100,XAG/USD,commodity,M15,trend_momentum,ema_cross,adx_min=0|fast_period=20|rsi_confirm=False|slow_period=100,both,all,NEEDS_MORE_DATA,15,,,,,,,,,,,,,,,,only 15 trades < min 20,mt5
run_20260426_191100,XAG/USD,commodity,M15,trend_momentum,ema_cross,adx_min=0|fast_period=20|rsi_confirm=True|slow_period=100,both,all,NEEDS_MORE_DATA,13,,,,,,,,,,,,,,,,only 13 trades < min 20,mt5
run_20260426_191100,XAG/USD,commodity,M15,trend_momentum,ema_cross,adx_min=20|fast_period=20|rsi_confirm=False|slow_period=100,both,all,NEEDS_MORE_DATA,15,,,,,,,,,,,,,,,,only 15 trades < min 20,mt5
run_20260426_191100,XAG/USD,commodity,M15,trend_momentum,ema_cross,adx_min=20|fast_period=20|rsi_confirm=True|slow_period=100,both,all,NEEDS_MORE_DATA,13,,,,,,,,,,,,,,,,only 13 trades < min 20,mt5
run_20260426_191100,XAG/USD,commodity,M15,trend_momentum,ema_cross,adx_min=25|fast_period=20|rsi_confirm=False|slow_period=100,both,all,NEEDS_MORE_DATA,14,,,,,,,,,,,,,,,,only 14 trades < min 20,mt5
run_20260426_191100,XAG/USD,commodity,M15,trend_momentum,ema_cross,adx_min=25|fast_period=20|rsi_confirm=True|slow_period=100,both,all,NEEDS_MORE_DATA,12,,,,,,,,,,,,,,,,only 12 trades < min 20,mt5
run_20260426_191100,XAG/USD,commodity,M15,trend_momentum,ema_cross,adx_min=0|fast_period=20|rsi_confirm=False|slow_period=200,both,all,NEEDS_MORE_DATA,14,,,,,,,,,,,,,,,,only 14 trades < min 20,mt5
run_20260426_191100,XAG/USD,commodity,M15,trend_momentum,ema_cross,adx_min=0|fast_period=20|rsi_confirm=True|slow_period=200,both,all,NEEDS_MORE_DATA,12,,,,,,,,,,,,,,,,only 12 trades < min 20,mt5
run_20260426_191100,XAG/USD,commodity,M15,trend_momentum,ema_cross,adx_min=20|fast_period=20|rsi_confirm=False|slow_period=200,both,all,NEEDS_MORE_DATA,14,,,,,,,,,,,,,,,,only 14 trades < min 20,mt5
run_20260426_191100,XAG/USD,commodity,M15,trend_momentum,ema_cross,adx_min=20|fast_period=20|rsi_confirm=True|slow_period=200,both,all,NEEDS_MORE_DATA,12,,,,,,,,,,,,,,,,only 12 trades < min 20,mt5
run_20260426_191100,XAG/USD,commodity,M15,trend_momentum,ema_cross,adx_min=25|fast_period=20|rsi_confirm=False|slow_period=200,both,all,NEEDS_MORE_DATA,14,,,,,,,,,,,,,,,,only 14 trades < min 20,mt5
run_20260426_191100,XAG/USD,commodity,M15,trend_momentum,ema_cross,adx_min=25|fast_period=20|rsi_confirm=True|slow_period=200,both,all,NEEDS_MORE_DATA,12,,,,,,,,,,,,,,,,only 12 trades < min 20,mt5
run_20260426_191100,XAG/USD,commodity,M15,trend_momentum,ema_alignment,adx_min=0|ema_long=200|ema_mid=50|ema_short=20,both,all,REJECT,22,0.136364,0.435727,-0.004508,-0.004508,-0.129544,-0.680529,-1.414663,0.022022,32.681818,-0.096848,-0.096848,-0.129544,0.006847,0.232000,,,mt5
run_20260426_191100,XAG/USD,commodity,M15,trend_momentum,ema_alignment,adx_min=20|ema_long=200|ema_mid=50|ema_short=20,both,all,REJECT,21,0.142857,0.446306,-0.004524,-0.004524,-0.125903,-0.652952,-1.355254,0.021021,33.857143,-0.093070,-0.093070,-0.125903,0.006847,0.226000,,,mt5
run_20260426_191100,XAG/USD,commodity,M15,trend_momentum,ema_alignment,adx_min=25|ema_long=200|ema_mid=50|ema_short=20,both,all,NEEDS_MORE_DATA,19,,,,,,,,,,,,,,,,only 19 trades < min 20,mt5
run_20260426_191100,XAG/USD,commodity,M15,trend_momentum,macd_direction,adx_min=0|fast=12|signal_period=9|slow=26,both,all,REJECT,90,0.244444,0.566016,-0.002078,-0.002078,-0.173915,-1.046584,-2.132223,0.090090,10.988889,-0.173915,-0.173915,-0.096658,-0.105727,0.671853,,,mt5
run_20260426_191100,XAG/USD,commodity,M15,trend_momentum,macd_direction,adx_min=20|fast=12|signal_period=9|slow=26,both,all,REJECT,85,0.247059,0.541959,-0.002197,-0.002197,-0.173398,-1.091428,-2.231693,0.085085,11.070588,-0.173398,-0.173398,-0.105503,-0.096319,0.673886,,,mt5
run_20260426_191100,XAG/USD,commodity,M15,pullback,pullback_ema,pullback_period=20|rsi_reclaim=False|rsi_threshold=50|trend_period=200,both,all,REJECT,75,0.120000,0.402955,-0.002052,-0.002052,-0.144061,-1.340312,-2.795682,0.075075,6.600000,-0.144061,-0.144061,-0.108280,-0.058666,0.562539,,,mt5
run_20260426_191100,XAG/USD,commodity,M15,pullback,pullback_ema,pullback_period=20|rsi_reclaim=True|rsi_threshold=50|trend_period=200,both,all,REJECT,72,0.125000,0.413772,-0.002044,-0.002044,-0.138264,-1.286059,-2.677640,0.072072,6.583333,-0.138264,-0.138264,-0.102647,-0.058239,0.570212,,,mt5
run_20260426_191100,XAG/USD,commodity,M15,pullback,pullback_ema,pullback_period=50|rsi_reclaim=False|rsi_threshold=50|trend_period=200,both,all,REJECT,46,0.130435,0.556800,-0.001619,-0.001619,-0.100948,-0.580596,-1.172959,0.046046,11.782609,-0.073637,-0.073637,-0.066939,-0.026171,0.493291,,,mt5
run_20260426_191100,XAG/USD,commodity,M15,pullback,pullback_ema,pullback_period=50|rsi_reclaim=True|rsi_threshold=50|trend_period=200,both,all,REJECT,37,0.108108,0.552079,-0.001611,-0.001611,-0.102846,-0.499016,-1.007098,0.037037,11.270270,-0.059511,-0.059511,-0.047373,-0.012742,0.402691,,,mt5
run_20260426_191100,XAG/USD,commodity,M15,breakout,prev_day_hl,atr_expand_min=0.0,both,all,NEEDS_MORE_DATA,0,,,,,,,,,,,,,,,,only 0 trades < min 20,mt5
run_20260426_191100,XAG/USD,commodity,M15,breakout,prev_day_hl,atr_expand_min=0.5,both,all,NEEDS_MORE_DATA,0,,,,,,,,,,,,,,,,only 0 trades < min 20,mt5
run_20260426_191100,XAG/USD,commodity,M15,breakout,prev_day_hl,atr_expand_min=1.0,both,all,NEEDS_MORE_DATA,0,,,,,,,,,,,,,,,,only 0 trades < min 20,mt5
run_20260426_191100,XAG/USD,commodity,M15,breakout,session_opening_range,atr_expand_min=0.0|range_bars=6,both,all,REJECT,58,0.344828,0.782004,-0.001006,-0.001006,-0.100452,-0.360127,-0.720407,0.058058,16.775862,-0.059791,-0.059791,-0.007094,-0.077797,0.400000,,,mt5
run_20260426_191100,XAG/USD,commodity,M15,breakout,session_opening_range,atr_expand_min=0.5|range_bars=6,both,all,REJECT,57,0.333333,0.768795,-0.001084,-0.001084,-0.100452,-0.381717,-0.764063,0.057057,16.877193,-0.062978,-0.062978,-0.010459,-0.077797,0.400000,,,mt5
run_20260426_191100,XAG/USD,commodity,M15,breakout,session_opening_range,atr_expand_min=0.0|range_bars=12,both,all,REJECT,34,0.352941,0.855839,-0.000883,-0.000883,-0.092182,-0.170793,-0.340788,0.034034,28.617647,-0.033310,-0.033310,0.042319,-0.096773,0.304000,,,mt5
run_20260426_191100,XAG/USD,commodity,M15,breakout,session_opening_range,atr_expand_min=0.5|range_bars=12,both,all,REJECT,34,0.323529,0.819591,-0.001145,-0.001145,-0.092182,-0.220727,-0.440911,0.034034,28.441176,-0.041917,-0.041917,0.033038,-0.096773,0.304000,,,mt5
run_20260426_191100,XAG/USD,commodity,M15,breakout,london_breakout,atr_expand_min=0.0|utc_end=11|utc_start=7,both,all,NEEDS_MORE_DATA,15,,,,,,,,,,,,,,,,only 15 trades < min 20,mt5
run_20260426_191100,XAG/USD,commodity,M15,breakout,london_breakout,atr_expand_min=0.5|utc_end=11|utc_start=7,both,all,NEEDS_MORE_DATA,15,,,,,,,,,,,,,,,,only 15 trades < min 20,mt5
run_20260426_191100,XAG/USD,commodity,M15,breakout,ny_breakout,atr_expand_min=0.0|utc_end=16|utc_start=13,both,all,NEEDS_MORE_DATA,14,,,,,,,,,,,,,,,,only 14 trades < min 20,mt5
run_20260426_191100,XAG/USD,commodity,M15,breakout,ny_breakout,atr_expand_min=0.5|utc_end=16|utc_start=13,both,all,NEEDS_MORE_DATA,13,,,,,,,,,,,,,,,,only 13 trades < min 20,mt5
run_20260426_191100,XAG/USD,commodity,M15,mean_reversion,rsi_extreme,overbought=70|oversold=30|period=14,both,all,NEEDS_MORE_DATA,17,,,,,,,,,,,,,,,,only 17 trades < min 20,mt5
run_20260426_191100,XAG/USD,commodity,M15,mean_reversion,rsi_extreme,overbought=75|oversold=30|period=14,both,all,NEEDS_MORE_DATA,11,,,,,,,,,,,,,,,,only 11 trades < min 20,mt5
run_20260426_191100,XAG/USD,commodity,M15,mean_reversion,rsi_extreme,overbought=70|oversold=25|period=14,both,all,NEEDS_MORE_DATA,14,,,,,,,,,,,,,,,,only 14 trades < min 20,mt5
run_20260426_191100,XAG/USD,commodity,M15,mean_reversion,rsi_extreme,overbought=75|oversold=25|period=14,both,all,NEEDS_MORE_DATA,8,,,,,,,,,,,,,,,,only 8 trades < min 20,mt5
run_20260426_191100,XAG/USD,commodity,M15,mean_reversion,bollinger_touch,num_std=2.0|period=20,both,all,REJECT,34,0.588235,0.502605,-0.002301,-0.002301,-0.099860,-0.666637,-1.362546,0.034034,14.588235,-0.076875,-0.076875,-0.079902,0.011979,0.304000,,,mt5
run_20260426_191100,XAG/USD,commodity,M15,mean_reversion,bollinger_touch,num_std=2.5|period=20,both,all,REJECT,23,0.565217,0.919066,-0.000364,-0.000364,-0.063283,-0.079039,-0.157533,0.023023,16.869565,-0.009751,-0.009751,-0.028047,0.027647,0.238000,,,mt5
run_20260426_191100,XAG/USD,commodity,M15,mean_reversion,vwap_deviation,std_threshold=1.5,both,all,NEEDS_MORE_DATA,6,,,,,,,,,,,,,,,,only 6 trades < min 20,mt5
run_20260426_191100,XAG/USD,commodity,M15,mean_reversion,vwap_deviation,std_threshold=2.0,both,all,NEEDS_MORE_DATA,6,,,,,,,,,,,,,,,,only 6 trades < min 20,mt5
run_20260426_191100,XAG/USD,commodity,M15,volatility,bb_squeeze_breakout,confirm_ema=True|period=20|squeeze_pct=20,both,all,NEEDS_MORE_DATA,19,,,,,,,,,,,,,,,,only 19 trades < min 20,mt5
run_20260426_191100,XAG/USD,commodity,M15,volatility,bb_squeeze_breakout,confirm_ema=False|period=20|squeeze_pct=20,both,all,REJECT,21,0.333333,0.457151,-0.002586,-0.002586,-0.059914,-0.713028,-1.492295,0.021021,9.380952,-0.053556,-0.053556,-0.041117,-0.012972,0.320649,,,mt5
run_20260426_191100,XAG/USD,commodity,M15,volatility,bb_squeeze_breakout,confirm_ema=True|period=20|squeeze_pct=30,both,all,REJECT,20,0.350000,0.502880,-0.002355,-0.002355,-0.053151,-0.604420,-1.249219,0.020020,9.700000,-0.046748,-0.046748,-0.024237,-0.023069,0.505545,,,mt5
run_20260426_191100,XAG/USD,commodity,M15,volatility,bb_squeeze_breakout,confirm_ema=False|period=20|squeeze_pct=30,both,all,NEEDS_MORE_DATA,19,,,,,,,,,,,,,,,,only 19 trades < min 20,mt5
run_20260426_191100,XAG/USD,commodity,M15,volatility,atr_compression,confirm_ema=True|period=14|squeeze_pct=20,both,all,NEEDS_MORE_DATA,14,,,,,,,,,,,,,,,,only 14 trades < min 20,mt5
run_20260426_191100,XAG/USD,commodity,M15,volatility,atr_compression,confirm_ema=False|period=14|squeeze_pct=20,both,all,REJECT,20,0.200000,0.518041,-0.003075,-0.003075,-0.067391,-0.540604,-1.108876,0.020020,22.200000,-0.061171,-0.061171,-0.003838,-0.057554,0.220000,,,mt5
run_20260426_191100,XAG/USD,commodity,M15,volatility,atr_compression,confirm_ema=True|period=14|squeeze_pct=30,both,all,NEEDS_MORE_DATA,13,,,,,,,,,,,,,,,,only 13 trades < min 20,mt5
run_20260426_191100,XAG/USD,commodity,M15,volatility,atr_compression,confirm_ema=False|period=14|squeeze_pct=30,both,all,NEEDS_MORE_DATA,16,,,,,,,,,,,,,,,,only 16 trades < min 20,mt5
run_20260426_191100,XAG/USD,commodity,M15,engine_b_proxy,ob_bos,require_engulf=False|require_vol_expand=False|swing_period=5,both,all,NEEDS_MORE_DATA,19,,,,,,,,,,,,,,,,only 19 trades < min 20,mt5
run_20260426_191100,XAG/USD,commodity,M15,engine_b_proxy,ob_bos,require_engulf=False|require_vol_expand=True|swing_period=5,both,all,NEEDS_MORE_DATA,16,,,,,,,,,,,,,,,,only 16 trades < min 20,mt5
run_20260426_191100,XAG/USD,commodity,M15,engine_b_proxy,ob_bos,require_engulf=True|require_vol_expand=False|swing_period=5,both,all,NEEDS_MORE_DATA,18,,,,,,,,,,,,,,,,only 18 trades < min 20,mt5
run_20260426_191100,XAG/USD,commodity,M15,engine_b_proxy,ob_bos,require_engulf=True|require_vol_expand=True|swing_period=5,both,all,NEEDS_MORE_DATA,14,,,,,,,,,,,,,,,,only 14 trades < min 20,mt5
run_20260426_191100,XAG/USD,commodity,M15,engine_b_proxy,ob_bos,require_engulf=False|require_vol_expand=False|swing_period=10,both,all,NEEDS_MORE_DATA,11,,,,,,,,,,,,,,,,only 11 trades < min 20,mt5
run_20260426_191100,XAG/USD,commodity,M15,engine_b_proxy,ob_bos,require_engulf=False|require_vol_expand=True|swing_period=10,both,all,NEEDS_MORE_DATA,8,,,,,,,,,,,,,,,,only 8 trades < min 20,mt5
run_20260426_191100,XAG/USD,commodity,M15,engine_b_proxy,ob_bos,require_engulf=True|require_vol_expand=False|swing_period=10,both,all,NEEDS_MORE_DATA,8,,,,,,,,,,,,,,,,only 8 trades < min 20,mt5
run_20260426_191100,XAG/USD,commodity,M15,engine_b_proxy,ob_bos,require_engulf=True|require_vol_expand=True|swing_period=10,both,all,NEEDS_MORE_DATA,7,,,,,,,,,,,,,,,,only 7 trades < min 20,mt5
run_20260426_191100,XAG/USD,commodity,M15,engine_b_proxy,structure_filters,fvg_detection=False|strong_close_pct=0.7,both,all,REJECT,333,0.204204,0.355055,-0.001846,-0.001846,-0.461655,-3.242516,-6.747180,0.333333,2.894895,-0.461655,-0.461655,-0.335460,-0.201030,0.579780,,,mt5
run_20260426_191100,XAG/USD,commodity,M15,engine_b_proxy,structure_filters,fvg_detection=True|strong_close_pct=0.7,both,all,REJECT,35,0.342857,0.661293,-0.001535,-0.001535,-0.097037,-0.460594,-0.928363,0.035035,11.942857,-0.053934,-0.053934,-0.009223,-0.043403,0.310000,,,mt5
run_20260426_191100,XAG/USD,commodity,M15,engine_b_proxy,structure_filters,fvg_detection=False|strong_close_pct=0.8,both,all,REJECT,256,0.203125,0.354548,-0.002094,-0.002094,-0.421944,-2.784883,-5.813612,0.256256,3.582031,-0.417777,-0.417777,-0.303203,-0.175911,0.574053,,,mt5
run_20260426_191100,XAG/USD,commodity,M15,engine_b_proxy,structure_filters,fvg_detection=True|strong_close_pct=0.8,both,all,REJECT,31,0.322581,0.550962,-0.002225,-0.002225,-0.105862,-0.634702,-1.297181,0.031031,10.225806,-0.068034,-0.068034,-0.014264,-0.052841,0.286000,,,mt5
run_20260426_191100,XAG/USD,commodity,M15,engine_d_proxy,vwap_reclaim,atr_sl_mult=0.5|band_std=0.5,both,all,NEEDS_MORE_DATA,10,,,,,,,,,,,,,,,,only 10 trades < min 20,mt5
run_20260426_191100,XAG/USD,commodity,M15,engine_d_proxy,vwap_reclaim,atr_sl_mult=1.0|band_std=0.5,both,all,NEEDS_MORE_DATA,10,,,,,,,,,,,,,,,,only 10 trades < min 20,mt5
run_20260426_191100,XAG/USD,commodity,M15,engine_d_proxy,vwap_reclaim,atr_sl_mult=0.5|band_std=1.0,both,all,NEEDS_MORE_DATA,8,,,,,,,,,,,,,,,,only 8 trades < min 20,mt5
run_20260426_191100,XAG/USD,commodity,M15,engine_d_proxy,vwap_reclaim,atr_sl_mult=1.0|band_std=1.0,both,all,NEEDS_MORE_DATA,8,,,,,,,,,,,,,,,,only 8 trades < min 20,mt5
run_20260426_191100,XAG/USD,commodity,M15,engine_d_proxy,micro_breakout,atr_sl_mult=0.5|fee_guard_r=0.5|range_bars=3,both,all,REJECT,90,0.344444,0.799946,-0.000771,-0.000771,-0.141501,-0.399496,-0.798376,0.090090,10.988889,-0.070583,-0.070583,0.011648,-0.107563,0.400000,,,mt5
run_20260426_191100,XAG/USD,commodity,M15,engine_d_proxy,micro_breakout,atr_sl_mult=1.0|fee_guard_r=0.5|range_bars=3,both,all,REJECT,90,0.344444,0.799946,-0.000771,-0.000771,-0.141501,-0.399496,-0.798376,0.090090,10.988889,-0.070583,-0.070583,0.011648,-0.107563,0.400000,,,mt5
run_20260426_191100,XAG/USD,commodity,M15,engine_d_proxy,micro_breakout,atr_sl_mult=0.5|fee_guard_r=0.5|range_bars=6,both,all,REJECT,58,0.344828,0.782004,-0.001006,-0.001006,-0.100452,-0.360127,-0.720407,0.058058,16.775862,-0.059791,-0.059791,-0.007094,-0.077797,0.400000,,,mt5
run_20260426_191100,XAG/USD,commodity,M15,engine_d_proxy,micro_breakout,atr_sl_mult=1.0|fee_guard_r=0.5|range_bars=6,both,all,REJECT,58,0.344828,0.782004,-0.001006,-0.001006,-0.100452,-0.360127,-0.720407,0.058058,16.775862,-0.059791,-0.059791,-0.007094,-0.077797,0.400000,,,mt5
run_20260426_191100,XAG/USD,commodity,M15,engine_d_proxy,ema_scalp_pullback,atr_sl_mult=0.5|ema_period=21,both,all,REJECT,144,0.138889,0.472883,-0.001875,-0.001875,-0.244739,-1.496438,-3.062960,0.144144,6.888889,-0.239784,-0.239784,-0.144233,-0.128472,0.667216,,,mt5
run_20260426_191100,XAG/USD,commodity,M15,engine_d_proxy,ema_scalp_pullback,atr_sl_mult=1.0|ema_period=21,both,all,REJECT,144,0.138889,0.472883,-0.001875,-0.001875,-0.244739,-1.496438,-3.062960,0.144144,6.888889,-0.239784,-0.239784,-0.144233,-0.128472,0.667216,,,mt5
run_20260426_191100,XAU/USD,commodity,M15,trend_momentum,ema_cross,adx_min=0|fast_period=10|rsi_confirm=False|slow_period=50,both,all,REJECT,28,0.178571,0.254324,-0.003302,-0.003302,-0.088855,-1.358255,-3.132927,0.028028,34.285714,-0.088855,-0.088855,-0.077222,-0.023046,0.357532,,,mt5
run_20260426_191100,XAU/USD,commodity,M15,trend_momentum,ema_cross,adx_min=0|fast_period=10|rsi_confirm=True|slow_period=50,both,all,REJECT,26,0.192308,0.280804,-0.003107,-0.003107,-0.078106,-1.221735,-2.759021,0.026026,36.500000,-0.078106,-0.078106,-0.066336,-0.023046,0.360224,,,mt5
run_20260426_191100,XAU/USD,commodity,M15,trend_momentum,ema_cross,adx_min=20|fast_period=10|rsi_confirm=False|slow_period=50,both,all,REJECT,27,0.185185,0.265720,-0.003228,-0.003228,-0.083983,-1.295620,-2.960627,0.027027,35.407407,-0.083983,-0.083983,-0.072288,-0.023046,0.357643,,,mt5
run_20260426_191100,XAU/USD,commodity,M15,trend_momentum,ema_cross,adx_min=20|fast_period=10|rsi_confirm=True|slow_period=50,both,all,REJECT,26,0.192308,0.280804,-0.003107,-0.003107,-0.078106,-1.221735,-2.759021,0.026026,36.500000,-0.078106,-0.078106,-0.066336,-0.023046,0.360224,,,mt5
run_20260426_191100,XAU/USD,commodity,M15,trend_momentum,ema_cross,adx_min=25|fast_period=10|rsi_confirm=False|slow_period=50,both,all,REJECT,21,0.190476,0.184895,-0.003623,-0.003623,-0.073638,-1.361767,-3.346856,0.021021,32.904762,-0.073638,-0.073638,-0.061994,-0.023046,0.337523,,,mt5
run_20260426_191100,XAU/USD,commodity,M15,trend_momentum,ema_cross,adx_min=25|fast_period=10|rsi_confirm=True|slow_period=50,both,all,REJECT,20,0.200000,0.198447,-0.003486,-0.003486,-0.067695,-1.279631,-3.087563,0.020020,34.200000,-0.067695,-0.067695,-0.055976,-0.023046,0.343513,,,mt5
run_20260426_191100,XAU/USD,commodity,M15,trend_momentum,ema_cross,adx_min=0|fast_period=10|rsi_confirm=False|slow_period=100,both,all,REJECT,26,0.153846,0.196994,-0.003314,-0.003314,-0.082910,-1.579055,-3.965083,0.026026,37.038462,-0.082910,-0.082910,-0.075843,-0.015006,0.315358,,,mt5
run_20260426_191100,XAU/USD,commodity,M15,trend_momentum,ema_cross,adx_min=0|fast_period=10|rsi_confirm=True|slow_period=100,both,all,REJECT,24,0.166667,0.221086,-0.003103,-0.003103,-0.072091,-1.429653,-3.478868,0.024024,39.666667,-0.072091,-0.072091,-0.064941,-0.015006,0.313323,,,mt5
run_20260426_191100,XAU/USD,commodity,M15,trend_momentum,ema_cross,adx_min=20|fast_period=10|rsi_confirm=False|slow_period=100,both,all,REJECT,25,0.160000,0.207267,-0.003234,-0.003234,-0.078006,-1.509849,-3.738626,0.025025,38.360000,-0.078006,-0.078006,-0.070901,-0.015006,0.313495,,,mt5
run_20260426_191100,XAU/USD,commodity,M15,trend_momentum,ema_cross,adx_min=20|fast_period=10|rsi_confirm=True|slow_period=100,both,all,REJECT,24,0.166667,0.221086,-0.003103,-0.003103,-0.072091,-1.429653,-3.478868,0.024024,39.666667,-0.072091,-0.072091,-0.064941,-0.015006,0.313323,,,mt5
run_20260426_191100,XAU/USD,commodity,M15,trend_momentum,ema_cross,adx_min=25|fast_period=10|rsi_confirm=False|slow_period=100,both,all,REJECT,25,0.160000,0.207267,-0.003234,-0.003234,-0.078006,-1.509849,-3.738626,0.025025,38.360000,-0.078006,-0.078006,-0.070901,-0.015006,0.313495,,,mt5
run_20260426_191100,XAU/USD,commodity,M15,trend_momentum,ema_cross,adx_min=25|fast_period=10|rsi_confirm=True|slow_period=100,both,all,REJECT,24,0.166667,0.221086,-0.003103,-0.003103,-0.072091,-1.429653,-3.478868,0.024024,39.666667,-0.072091,-0.072091,-0.064941,-0.015006,0.313323,,,mt5
run_20260426_191100,XAU/USD,commodity,M15,trend_momentum,ema_cross,adx_min=0|fast_period=10|rsi_confirm=False|slow_period=200,both,all,NEEDS_MORE_DATA,17,,,,,,,,,,,,,,,,only 17 trades < min 20,mt5
run_20260426_191100,XAU/USD,commodity,M15,trend_momentum,ema_cross,adx_min=0|fast_period=10|rsi_confirm=True|slow_period=200,both,all,NEEDS_MORE_DATA,15,,,,,,,,,,,,,,,,only 15 trades < min 20,mt5
run_20260426_191100,XAU/USD,commodity,M15,trend_momentum,ema_cross,adx_min=20|fast_period=10|rsi_confirm=False|slow_period=200,both,all,NEEDS_MORE_DATA,16,,,,,,,,,,,,,,,,only 16 trades < min 20,mt5
run_20260426_191100,XAU/USD,commodity,M15,trend_momentum,ema_cross,adx_min=20|fast_period=10|rsi_confirm=True|slow_period=200,both,all,NEEDS_MORE_DATA,15,,,,,,,,,,,,,,,,only 15 trades < min 20,mt5
run_20260426_191100,XAU/USD,commodity,M15,trend_momentum,ema_cross,adx_min=25|fast_period=10|rsi_confirm=False|slow_period=200,both,all,NEEDS_MORE_DATA,13,,,,,,,,,,,,,,,,only 13 trades < min 20,mt5
run_20260426_191100,XAU/USD,commodity,M15,trend_momentum,ema_cross,adx_min=25|fast_period=10|rsi_confirm=True|slow_period=200,both,all,NEEDS_MORE_DATA,12,,,,,,,,,,,,,,,,only 12 trades < min 20,mt5
run_20260426_191100,XAU/USD,commodity,M15,trend_momentum,ema_cross,adx_min=0|fast_period=20|rsi_confirm=False|slow_period=50,both,all,REJECT,24,0.166667,0.225393,-0.003636,-0.003636,-0.084026,-1.385940,-3.323606,0.024024,40.083333,-0.084026,-0.084026,-0.070393,-0.021680,0.336395,,,mt5
run_20260426_191100,XAU/USD,commodity,M15,trend_momentum,ema_cross,adx_min=0|fast_period=20|rsi_confirm=True|slow_period=50,both,all,REJECT,22,0.181818,0.251498,-0.003435,-0.003435,-0.073220,-1.242549,-2.901704,0.022022,43.227273,-0.073220,-0.073220,-0.059427,-0.021680,0.341445,,,mt5
run_20260426_191100,XAU/USD,commodity,M15,trend_momentum,ema_cross,adx_min=20|fast_period=20|rsi_confirm=False|slow_period=50,both,all,REJECT,23,0.173913,0.236561,-0.003563,-0.003563,-0.079128,-1.319975,-3.128726,0.023023,41.652174,-0.079128,-0.079128,-0.065423,-0.021680,0.337414,,,mt5
run_20260426_191100,XAU/USD,commodity,M15,trend_momentum,ema_cross,adx_min=20|fast_period=20|rsi_confirm=True|slow_period=50,both,all,REJECT,22,0.181818,0.251498,-0.003435,-0.003435,-0.073220,-1.242549,-2.901704,0.022022,43.227273,-0.073220,-0.073220,-0.059427,-0.021680,0.341445,,,mt5
run_20260426_191100,XAU/USD,commodity,M15,trend_momentum,ema_cross,adx_min=25|fast_period=20|rsi_confirm=False|slow_period=50,both,all,REJECT,23,0.173913,0.236561,-0.003563,-0.003563,-0.079128,-1.319975,-3.128726,0.023023,41.652174,-0.079128,-0.079128,-0.065423,-0.021680,0.337414,,,mt5
run_20260426_191100,XAU/USD,commodity,M15,trend_momentum,ema_cross,adx_min=25|fast_period=20|rsi_confirm=True|slow_period=50,both,all,REJECT,22,0.181818,0.251498,-0.003435,-0.003435,-0.073220,-1.242549,-2.901704,0.022022,43.227273,-0.073220,-0.073220,-0.059427,-0.021680,0.341445,,,mt5
run_20260426_191100,XAU/USD,commodity,M15,trend_momentum,ema_cross,adx_min=0|fast_period=20|rsi_confirm=False|slow_period=100,both,all,REJECT,22,0.181818,0.167822,-0.004469,-0.004469,-0.094125,-1.523073,-3.947340,0.022022,44.090909,-0.094125,-0.094125,-0.077218,-0.022745,0.320367,,,mt5
run_20260426_191100,XAU/USD,commodity,M15,trend_momentum,ema_cross,adx_min=0|fast_period=20|rsi_confirm=True|slow_period=100,both,all,REJECT,20,0.200000,0.185591,-0.004350,-0.004350,-0.083790,-1.389116,-3.500810,0.020020,47.900000,-0.083790,-0.083790,-0.066691,-0.022745,0.322316,,,mt5
run_20260426_191100,XAU/USD,commodity,M15,trend_momentum,ema_cross,adx_min=20|fast_period=20|rsi_confirm=False|slow_period=100,both,all,REJECT,21,0.190476,0.175732,-0.004429,-0.004429,-0.089281,-1.459958,-3.736924,0.021021,46.000000,-0.089281,-0.089281,-0.072284,-0.022745,0.320399,,,mt5
run_20260426_191100,XAU/USD,commodity,M15,trend_momentum,ema_cross,adx_min=20|fast_period=20|rsi_confirm=True|slow_period=100,both,all,REJECT,20,0.200000,0.185591,-0.004350,-0.004350,-0.083790,-1.389116,-3.500810,0.020020,47.900000,-0.083790,-0.083790,-0.066691,-0.022745,0.322316,,,mt5
run_20260426_191100,XAU/USD,commodity,M15,trend_momentum,ema_cross,adx_min=25|fast_period=20|rsi_confirm=False|slow_period=100,both,all,REJECT,20,0.150000,0.075189,-0.005208,-0.005208,-0.099328,-1.753541,-5.508609,0.020020,40.750000,-0.099328,-0.099328,-0.082519,-0.022745,0.302691,,,mt5
run_20260426_191100,XAU/USD,commodity,M15,trend_momentum,ema_cross,adx_min=25|fast_period=20|rsi_confirm=True|slow_period=100,both,all,NEEDS_MORE_DATA,19,,,,,,,,,,,,,,,,only 19 trades < min 20,mt5
run_20260426_191100,XAU/USD,commodity,M15,trend_momentum,ema_cross,adx_min=0|fast_period=20|rsi_confirm=False|slow_period=200,both,all,NEEDS_MORE_DATA,14,,,,,,,,,,,,,,,,only 14 trades < min 20,mt5
run_20260426_191100,XAU/USD,commodity,M15,trend_momentum,ema_cross,adx_min=0|fast_period=20|rsi_confirm=True|slow_period=200,both,all,NEEDS_MORE_DATA,12,,,,,,,,,,,,,,,,only 12 trades < min 20,mt5
run_20260426_191100,XAU/USD,commodity,M15,trend_momentum,ema_cross,adx_min=20|fast_period=20|rsi_confirm=False|slow_period=200,both,all,NEEDS_MORE_DATA,13,,,,,,,,,,,,,,,,only 13 trades < min 20,mt5
run_20260426_191100,XAU/USD,commodity,M15,trend_momentum,ema_cross,adx_min=20|fast_period=20|rsi_confirm=True|slow_period=200,both,all,NEEDS_MORE_DATA,12,,,,,,,,,,,,,,,,only 12 trades < min 20,mt5
run_20260426_191100,XAU/USD,commodity,M15,trend_momentum,ema_cross,adx_min=25|fast_period=20|rsi_confirm=False|slow_period=200,both,all,NEEDS_MORE_DATA,12,,,,,,,,,,,,,,,,only 12 trades < min 20,mt5
run_20260426_191100,XAU/USD,commodity,M15,trend_momentum,ema_cross,adx_min=25|fast_period=20|rsi_confirm=True|slow_period=200,both,all,NEEDS_MORE_DATA,11,,,,,,,,,,,,,,,,only 11 trades < min 20,mt5
run_20260426_191100,XAU/USD,commodity,M15,trend_momentum,ema_alignment,adx_min=0|ema_long=200|ema_mid=50|ema_short=20,both,all,NEEDS_MORE_DATA,18,,,,,,,,,,,,,,,,only 18 trades < min 20,mt5
run_20260426_191100,XAU/USD,commodity,M15,trend_momentum,ema_alignment,adx_min=20|ema_long=200|ema_mid=50|ema_short=20,both,all,NEEDS_MORE_DATA,18,,,,,,,,,,,,,,,,only 18 trades < min 20,mt5
run_20260426_191100,XAU/USD,commodity,M15,trend_momentum,ema_alignment,adx_min=25|ema_long=200|ema_mid=50|ema_short=20,both,all,NEEDS_MORE_DATA,18,,,,,,,,,,,,,,,,only 18 trades < min 20,mt5
run_20260426_191100,XAU/USD,commodity,M15,trend_momentum,macd_direction,adx_min=0|fast=12|signal_period=9|slow=26,both,all,REJECT,67,0.253731,0.603171,-0.001069,-0.001069,-0.079674,-0.828632,-1.682908,0.067067,14.626866,-0.069977,-0.069977,-0.048238,-0.035545,0.621062,,,mt5
run_20260426_191100,XAU/USD,commodity,M15,trend_momentum,macd_direction,adx_min=20|fast=12|signal_period=9|slow=26,both,all,REJECT,65,0.261538,0.638716,-0.000947,-0.000947,-0.073760,-0.722509,-1.461207,0.065065,15.000000,-0.060565,-0.060565,-0.038606,-0.035545,0.676212,,,mt5
run_20260426_191100,XAU/USD,commodity,M15,pullback,pullback_ema,pullback_period=20|rsi_reclaim=False|rsi_threshold=50|trend_period=200,both,all,REJECT,72,0.111111,0.174652,-0.001773,-0.001773,-0.120111,-2.545400,-6.200951,0.072072,6.555556,-0.120111,-0.120111,-0.098612,-0.034409,0.504681,,,mt5
run_20260426_191100,XAU/USD,commodity,M15,pullback,pullback_ema,pullback_period=20|rsi_reclaim=True|rsi_threshold=50|trend_period=200,both,all,REJECT,62,0.145161,0.211985,-0.001628,-0.001628,-0.096240,-2.144697,-5.021527,0.062062,7.064516,-0.096240,-0.096240,-0.077305,-0.031116,0.520755,,,mt5
run_20260426_191100,XAU/USD,commodity,M15,pullback,pullback_ema,pullback_period=50|rsi_reclaim=False|rsi_threshold=50|trend_period=200,both,all,REJECT,46,0.130435,0.215535,-0.001745,-0.001745,-0.077370,-1.826005,-4.270230,0.046046,10.021739,-0.077370,-0.077370,-0.071710,-0.015638,0.441423,,,mt5
run_20260426_191100,XAU/USD,commodity,M15,pullback,pullback_ema,pullback_period=50|rsi_reclaim=True|rsi_threshold=50|trend_period=200,both,all,REJECT,27,0.111111,0.012436,-0.002194,-0.002194,-0.057608,-2.264466,-8.734455,0.027027,9.074074,-0.057608,-0.057608,-0.044524,-0.013694,0.354271,,,mt5
run_20260426_191100,XAU/USD,commodity,M15,breakout,prev_day_hl,atr_expand_min=0.0,both,all,NEEDS_MORE_DATA,0,,,,,,,,,,,,,,,,only 0 trades < min 20,mt5
run_20260426_191100,XAU/USD,commodity,M15,breakout,prev_day_hl,atr_expand_min=0.5,both,all,NEEDS_MORE_DATA,0,,,,,,,,,,,,,,,,only 0 trades < min 20,mt5
run_20260426_191100,XAU/USD,commodity,M15,breakout,prev_day_hl,atr_expand_min=1.0,both,all,NEEDS_MORE_DATA,0,,,,,,,,,,,,,,,,only 0 trades < min 20,mt5
run_20260426_191100,XAU/USD,commodity,M15,breakout,session_opening_range,atr_expand_min=0.0|range_bars=6,both,all,REJECT,58,0.275862,0.563758,-0.001226,-0.001226,-0.093446,-0.859582,-1.754615,0.058058,16.706897,-0.069425,-0.069425,-0.056868,-0.022199,0.517109,,,mt5
run_20260426_191100,XAU/USD,commodity,M15,breakout,session_opening_range,atr_expand_min=0.5|range_bars=6,both,all,REJECT,58,0.275862,0.563758,-0.001226,-0.001226,-0.093446,-0.859582,-1.754615,0.058058,16.706897,-0.069425,-0.069425,-0.056868,-0.022199,0.517109,,,mt5
run_20260426_191100,XAU/USD,commodity,M15,breakout,session_opening_range,atr_expand_min=0.0|range_bars=12,both,all,REJECT,40,0.275000,0.282037,-0.002684,-0.002684,-0.102317,-1.592156,-3.641528,0.040040,24.300000,-0.102317,-0.102317,-0.062239,-0.051358,0.587550,,,mt5
run_20260426_191100,XAU/USD,commodity,M15,breakout,session_opening_range,atr_expand_min=0.5|range_bars=12,both,all,REJECT,40,0.275000,0.282037,-0.002684,-0.002684,-0.102317,-1.592156,-3.641528,0.040040,24.300000,-0.102317,-0.102317,-0.062239,-0.051358,0.587550,,,mt5
run_20260426_191100,XAU/USD,commodity,M15,breakout,london_breakout,atr_expand_min=0.0|utc_end=11|utc_start=7,both,all,NEEDS_MORE_DATA,16,,,,,,,,,,,,,,,,only 16 trades < min 20,mt5
run_20260426_191100,XAU/USD,commodity,M15,breakout,london_breakout,atr_expand_min=0.5|utc_end=11|utc_start=7,both,all,NEEDS_MORE_DATA,16,,,,,,,,,,,,,,,,only 16 trades < min 20,mt5
run_20260426_191100,XAU/USD,commodity,M15,breakout,ny_breakout,atr_expand_min=0.0|utc_end=16|utc_start=13,both,all,NEEDS_MORE_DATA,13,,,,,,,,,,,,,,,,only 13 trades < min 20,mt5
run_20260426_191100,XAU/USD,commodity,M15,breakout,ny_breakout,atr_expand_min=0.5|utc_end=16|utc_start=13,both,all,NEEDS_MORE_DATA,13,,,,,,,,,,,,,,,,only 13 trades < min 20,mt5
run_20260426_191100,XAU/USD,commodity,M15,mean_reversion,rsi_extreme,overbought=70|oversold=30|period=14,both,all,NEEDS_MORE_DATA,17,,,,,,,,,,,,,,,,only 17 trades < min 20,mt5
run_20260426_191100,XAU/USD,commodity,M15,mean_reversion,rsi_extreme,overbought=75|oversold=30|period=14,both,all,NEEDS_MORE_DATA,11,,,,,,,,,,,,,,,,only 11 trades < min 20,mt5
run_20260426_191100,XAU/USD,commodity,M15,mean_reversion,rsi_extreme,overbought=70|oversold=25|period=14,both,all,NEEDS_MORE_DATA,12,,,,,,,,,,,,,,,,only 12 trades < min 20,mt5
run_20260426_191100,XAU/USD,commodity,M15,mean_reversion,rsi_extreme,overbought=75|oversold=25|period=14,both,all,NEEDS_MORE_DATA,6,,,,,,,,,,,,,,,,only 6 trades < min 20,mt5
run_20260426_191100,XAU/USD,commodity,M15,mean_reversion,bollinger_touch,num_std=2.0|period=20,both,all,REJECT,39,0.512821,0.353955,-0.001380,-0.001380,-0.054076,-0.998919,-2.094704,0.039039,13.384615,-0.052731,-0.052731,-0.045505,0.008019,0.334000,,,mt5
run_20260426_191100,XAU/USD,commodity,M15,mean_reversion,bollinger_touch,num_std=2.5|period=20,both,all,NEEDS_MORE_DATA,17,,,,,,,,,,,,,,,,only 17 trades < min 20,mt5
run_20260426_191100,XAU/USD,commodity,M15,mean_reversion,vwap_deviation,std_threshold=1.5,both,all,NEEDS_MORE_DATA,9,,,,,,,,,,,,,,,,only 9 trades < min 20,mt5
run_20260426_191100,XAU/USD,commodity,M15,mean_reversion,vwap_deviation,std_threshold=2.0,both,all,NEEDS_MORE_DATA,6,,,,,,,,,,,,,,,,only 6 trades < min 20,mt5
run_20260426_191100,XAU/USD,commodity,M15,volatility,bb_squeeze_breakout,confirm_ema=True|period=20|squeeze_pct=20,both,all,REJECT,24,0.166667,0.140326,-0.002801,-0.002801,-0.069490,-1.659666,-4.435859,0.024024,7.166667,-0.065209,-0.065209,-0.055714,-0.010055,0.298145,,,mt5
run_20260426_191100,XAU/USD,commodity,M15,volatility,bb_squeeze_breakout,confirm_ema=False|period=20|squeeze_pct=20,both,all,REJECT,24,0.208333,0.270072,-0.002368,-0.002368,-0.059822,-1.250731,-2.881643,0.024024,7.416667,-0.055496,-0.055496,-0.044884,-0.011111,0.318265,,,mt5
run_20260426_191100,XAU/USD,commodity,M15,volatility,bb_squeeze_breakout,confirm_ema=True|period=20|squeeze_pct=30,both,all,REJECT,28,0.214286,0.108834,-0.002488,-0.002488,-0.068135,-1.766304,-4.659471,0.028028,7.392857,-0.067478,-0.067478,-0.051980,-0.016348,0.362350,,,mt5
run_20260426_191100,XAU/USD,commodity,M15,volatility,bb_squeeze_breakout,confirm_ema=False|period=20|squeeze_pct=30,both,all,REJECT,28,0.285714,0.242516,-0.002143,-0.002143,-0.059148,-1.333458,-3.056946,0.028028,8.535714,-0.058485,-0.058485,-0.036188,-0.023134,0.459786,,,mt5
run_20260426_191100,XAU/USD,commodity,M15,volatility,atr_compression,confirm_ema=True|period=14|squeeze_pct=20,both,all,NEEDS_MORE_DATA,19,,,,,,,,,,,,,,,,only 19 trades < min 20,mt5
run_20260426_191100,XAU/USD,commodity,M15,volatility,atr_compression,confirm_ema=False|period=14|squeeze_pct=20,both,all,REJECT,21,0.095238,0.107683,-0.003144,-0.003144,-0.064725,-1.596166,-4.372996,0.021021,12.333333,-0.064101,-0.064101,-0.039547,-0.025566,0.419942,,,mt5
run_20260426_191100,XAU/USD,commodity,M15,volatility,atr_compression,confirm_ema=True|period=14|squeeze_pct=30,both,all,REJECT,22,0.045455,0.078816,-0.003358,-0.003358,-0.071438,-1.675777,-4.699312,0.022022,12.681818,-0.071438,-0.071438,-0.047198,-0.025441,0.393705,,,mt5
run_20260426_191100,XAU/USD,commodity,M15,volatility,atr_compression,confirm_ema=False|period=14|squeeze_pct=30,both,all,REJECT,22,0.045455,0.077072,-0.003440,-0.003440,-0.073125,-1.704473,-4.862942,0.022022,12.000000,-0.073125,-0.073125,-0.048865,-0.025506,0.388589,,,mt5
run_20260426_191100,XAU/USD,commodity,M15,engine_b_proxy,ob_bos,require_engulf=False|require_vol_expand=False|swing_period=5,both,all,REJECT,21,0.476190,0.698423,-0.000994,-0.000994,-0.029246,-0.327381,-0.658722,0.021021,38.476190,-0.021166,-0.021166,-0.006153,-0.023975,0.226000,,,mt5
run_20260426_191100,XAU/USD,commodity,M15,engine_b_proxy,ob_bos,require_engulf=False|require_vol_expand=True|swing_period=5,both,all,NEEDS_MORE_DATA,14,,,,,,,,,,,,,,,,only 14 trades < min 20,mt5
run_20260426_191100,XAU/USD,commodity,M15,engine_b_proxy,ob_bos,require_engulf=True|require_vol_expand=False|swing_period=5,both,all,REJECT,20,0.400000,0.434816,-0.002459,-0.002459,-0.049593,-0.708866,-1.486584,0.020020,37.050000,-0.048579,-0.048579,-0.032900,-0.027136,0.467443,,,mt5
run_20260426_191100,XAU/USD,commodity,M15,engine_b_proxy,ob_bos,require_engulf=True|require_vol_expand=True|swing_period=5,both,all,NEEDS_MORE_DATA,13,,,,,,,,,,,,,,,,only 13 trades < min 20,mt5
run_20260426_191100,XAU/USD,commodity,M15,engine_b_proxy,ob_bos,require_engulf=False|require_vol_expand=False|swing_period=10,both,all,NEEDS_MORE_DATA,13,,,,,,,,,,,,,,,,only 13 trades < min 20,mt5
run_20260426_191100,XAU/USD,commodity,M15,engine_b_proxy,ob_bos,require_engulf=False|require_vol_expand=True|swing_period=10,both,all,NEEDS_MORE_DATA,7,,,,,,,,,,,,,,,,only 7 trades < min 20,mt5
run_20260426_191100,XAU/USD,commodity,M15,engine_b_proxy,ob_bos,require_engulf=True|require_vol_expand=False|swing_period=10,both,all,NEEDS_MORE_DATA,12,,,,,,,,,,,,,,,,only 12 trades < min 20,mt5
run_20260426_191100,XAU/USD,commodity,M15,engine_b_proxy,ob_bos,require_engulf=True|require_vol_expand=True|swing_period=10,both,all,NEEDS_MORE_DATA,6,,,,,,,,,,,,,,,,only 6 trades < min 20,mt5
run_20260426_191100,XAU/USD,commodity,M15,engine_b_proxy,structure_filters,fvg_detection=False|strong_close_pct=0.7,both,all,REJECT,312,0.137821,0.213308,-0.001504,-0.001504,-0.375313,-4.776972,-10.636451,0.312312,3.086538,-0.375313,-0.375313,-0.271401,-0.144269,0.559471,,,mt5
run_20260426_191100,XAU/USD,commodity,M15,engine_b_proxy,structure_filters,fvg_detection=True|strong_close_pct=0.7,both,all,REJECT,38,0.184211,0.362163,-0.001776,-0.001776,-0.065686,-1.128964,-2.408414,0.038038,12.263158,-0.065686,-0.065686,-0.041686,-0.025044,0.508230,,,mt5
run_20260426_191100,XAU/USD,commodity,M15,engine_b_proxy,structure_filters,fvg_detection=False|strong_close_pct=0.8,both,all,REJECT,221,0.180995,0.293467,-0.001389,-0.001389,-0.276825,-3.227450,-6.955753,0.221221,4.226244,-0.265269,-0.265269,-0.177431,-0.108506,0.583462,,,mt5
run_20260426_191100,XAU/USD,commodity,M15,engine_b_proxy,structure_filters,fvg_detection=True|strong_close_pct=0.8,both,all,REJECT,25,0.240000,0.371255,-0.001882,-0.001882,-0.046306,-0.878610,-1.865189,0.025025,12.520000,-0.046306,-0.046306,-0.038390,-0.008231,0.314321,,,mt5
run_20260426_191100,XAU/USD,commodity,M15,engine_d_proxy,vwap_reclaim,atr_sl_mult=0.5|band_std=0.5,both,all,NEEDS_MORE_DATA,17,,,,,,,,,,,,,,,,only 17 trades < min 20,mt5
run_20260426_191100,XAU/USD,commodity,M15,engine_d_proxy,vwap_reclaim,atr_sl_mult=1.0|band_std=0.5,both,all,NEEDS_MORE_DATA,17,,,,,,,,,,,,,,,,only 17 trades < min 20,mt5
run_20260426_191100,XAU/USD,commodity,M15,engine_d_proxy,vwap_reclaim,atr_sl_mult=0.5|band_std=1.0,both,all,NEEDS_MORE_DATA,8,,,,,,,,,,,,,,,,only 8 trades < min 20,mt5
run_20260426_191100,XAU/USD,commodity,M15,engine_d_proxy,vwap_reclaim,atr_sl_mult=1.0|band_std=1.0,both,all,NEEDS_MORE_DATA,8,,,,,,,,,,,,,,,,only 8 trades < min 20,mt5
run_20260426_191100,XAU/USD,commodity,M15,engine_d_proxy,micro_breakout,atr_sl_mult=0.5|fee_guard_r=0.5|range_bars=3,both,all,REJECT,106,0.207547,0.343654,-0.001760,-0.001760,-0.184884,-1.989739,-4.255571,0.106106,9.292453,-0.171097,-0.171097,-0.088730,-0.092978,0.685639,,,mt5
run_20260426_191100,XAU/USD,commodity,M15,engine_d_proxy,micro_breakout,atr_sl_mult=1.0|fee_guard_r=0.5|range_bars=3,both,all,REJECT,106,0.207547,0.343654,-0.001760,-0.001760,-0.184884,-1.989739,-4.255571,0.106106,9.292453,-0.171097,-0.171097,-0.088730,-0.092978,0.685639,,,mt5
run_20260426_191100,XAU/USD,commodity,M15,engine_d_proxy,micro_breakout,atr_sl_mult=0.5|fee_guard_r=0.5|range_bars=6,both,all,REJECT,58,0.275862,0.563758,-0.001226,-0.001226,-0.093446,-0.859582,-1.754615,0.058058,16.706897,-0.069425,-0.069425,-0.056868,-0.022199,0.517109,,,mt5
run_20260426_191100,XAU/USD,commodity,M15,engine_d_proxy,micro_breakout,atr_sl_mult=1.0|fee_guard_r=0.5|range_bars=6,both,all,REJECT,58,0.275862,0.563758,-0.001226,-0.001226,-0.093446,-0.859582,-1.754615,0.058058,16.706897,-0.069425,-0.069425,-0.056868,-0.022199,0.517109,,,mt5
run_20260426_191100,XAU/USD,commodity,M15,engine_d_proxy,ema_scalp_pullback,atr_sl_mult=0.5|ema_period=21,both,all,REJECT,129,0.155039,0.277918,-0.001638,-0.001638,-0.191121,-2.758246,-6.157794,0.129129,7.689922,-0.191121,-0.191121,-0.138924,-0.073608,0.558953,,,mt5
run_20260426_191100,XAU/USD,commodity,M15,engine_d_proxy,ema_scalp_pullback,atr_sl_mult=1.0|ema_period=21,both,all,REJECT,129,0.155039,0.277918,-0.001638,-0.001638,-0.191121,-2.758246,-6.157794,0.129129,7.689922,-0.191121,-0.191121,-0.138924,-0.073608,0.558953,,,mt5
run_20260426_191100,WTI Oil,commodity,M15,trend_momentum,ema_cross,adx_min=0|fast_period=10|rsi_confirm=False|slow_period=50,both,all,REJECT,40,0.150000,0.144301,-0.011391,-0.011391,-0.379851,-1.382710,-3.045613,0.040040,23.975000,-0.375058,-0.375058,-0.005688,-0.367807,0.340000,,,eodhd
run_20260426_191100,WTI Oil,commodity,M15,trend_momentum,ema_cross,adx_min=0|fast_period=10|rsi_confirm=True|slow_period=50,both,all,REJECT,38,0.157895,0.148067,-0.011634,-0.011634,-0.379851,-1.343703,-2.958427,0.038038,24.342105,-0.366505,-0.366505,0.007920,-0.367807,0.328000,,,eodhd
run_20260426_191100,WTI Oil,commodity,M15,trend_momentum,ema_cross,adx_min=20|fast_period=10|rsi_confirm=False|slow_period=50,both,all,REJECT,34,0.176471,0.176861,-0.010518,-0.010518,-0.320188,-1.184901,-2.572766,0.034034,26.588235,-0.309073,-0.309073,0.002818,-0.306986,0.304000,,,eodhd
run_20260426_191100,WTI Oil,commodity,M15,trend_momentum,ema_cross,adx_min=20|fast_period=10|rsi_confirm=True|slow_period=50,both,all,REJECT,33,0.181818,0.178946,-0.010683,-0.010683,-0.320188,-1.168685,-2.538352,0.033033,26.636364,-0.305558,-0.305558,0.007920,-0.306986,0.298000,,,eodhd
run_20260426_191100,WTI Oil,commodity,M15,trend_momentum,ema_cross,adx_min=25|fast_period=10|rsi_confirm=False|slow_period=50,both,all,REJECT,28,0.178571,0.151744,-0.011917,-0.011917,-0.297236,-1.121227,-2.456328,0.028028,26.607143,-0.292094,-0.292094,-0.013887,-0.278072,0.268000,,,eodhd
run_20260426_191100,WTI Oil,commodity,M15,trend_momentum,ema_cross,adx_min=25|fast_period=10|rsi_confirm=True|slow_period=50,both,all,REJECT,27,0.185185,0.153722,-0.012171,-0.012171,-0.297236,-1.104763,-2.422251,0.027027,26.666667,-0.288492,-0.288492,-0.008870,-0.278072,0.262000,,,eodhd
run_20260426_191100,WTI Oil,commodity,M15,trend_momentum,ema_cross,adx_min=0|fast_period=10|rsi_confirm=False|slow_period=100,both,all,REJECT,30,0.066667,0.192068,-0.013248,-0.013248,-0.352933,-1.125021,-2.448722,0.030030,31.933333,-0.338877,-0.338877,-0.047613,-0.352802,0.280000,,,eodhd
run_20260426_191100,WTI Oil,commodity,M15,trend_momentum,ema_cross,adx_min=0|fast_period=10|rsi_confirm=True|slow_period=100,both,all,REJECT,28,0.071429,0.197247,-0.013733,-0.013733,-0.352933,-1.089880,-2.373988,0.028028,32.964286,-0.330251,-0.330251,-0.035186,-0.352802,0.268000,,,eodhd
run_20260426_191100,WTI Oil,commodity,M15,trend_momentum,ema_cross,adx_min=20|fast_period=10|rsi_confirm=False|slow_period=100,both,all,REJECT,25,0.080000,0.237138,-0.012158,-0.012158,-0.293896,-0.927791,-1.985155,0.025025,36.160000,-0.272387,-0.272387,-0.039465,-0.293753,0.250000,,,eodhd
run_20260426_191100,WTI Oil,commodity,M15,trend_momentum,ema_cross,adx_min=20|fast_period=10|rsi_confirm=True|slow_period=100,both,all,REJECT,24,0.083333,0.239807,-0.012480,-0.012480,-0.293896,-0.914545,-1.958797,0.024024,36.583333,-0.269145,-0.269145,-0.035186,-0.293753,0.244000,,,eodhd
run_20260426_191100,WTI Oil,commodity,M15,trend_momentum,ema_cross,adx_min=25|fast_period=10|rsi_confirm=False|slow_period=100,both,all,REJECT,22,0.090909,0.253049,-0.012677,-0.012677,-0.275906,-0.854453,-1.823589,0.022022,40.590909,-0.253849,-0.253849,-0.039465,-0.275760,0.232000,,,eodhd
run_20260426_191100,WTI Oil,commodity,M15,trend_momentum,ema_cross,adx_min=25|fast_period=10|rsi_confirm=True|slow_period=100,both,all,REJECT,21,0.095238,0.256090,-0.013070,-0.013070,-0.275906,-0.841140,-1.797337,0.021021,41.285714,-0.250525,-0.250525,-0.035186,-0.275760,0.226000,,,eodhd
run_20260426_191100,WTI Oil,commodity,M15,trend_momentum,ema_cross,adx_min=0|fast_period=10|rsi_confirm=False|slow_period=200,both,all,NEEDS_MORE_DATA,14,,,,,,,,,,,,,,,,only 14 trades < min 20,eodhd
run_20260426_191100,WTI Oil,commodity,M15,trend_momentum,ema_cross,adx_min=0|fast_period=10|rsi_confirm=True|slow_period=200,both,all,NEEDS_MORE_DATA,12,,,,,,,,,,,,,,,,only 12 trades < min 20,eodhd
run_20260426_191100,WTI Oil,commodity,M15,trend_momentum,ema_cross,adx_min=20|fast_period=10|rsi_confirm=False|slow_period=200,both,all,NEEDS_MORE_DATA,13,,,,,,,,,,,,,,,,only 13 trades < min 20,eodhd
run_20260426_191100,WTI Oil,commodity,M15,trend_momentum,ema_cross,adx_min=20|fast_period=10|rsi_confirm=True|slow_period=200,both,all,NEEDS_MORE_DATA,12,,,,,,,,,,,,,,,,only 12 trades < min 20,eodhd
run_20260426_191100,WTI Oil,commodity,M15,trend_momentum,ema_cross,adx_min=25|fast_period=10|rsi_confirm=False|slow_period=200,both,all,NEEDS_MORE_DATA,13,,,,,,,,,,,,,,,,only 13 trades < min 20,eodhd
run_20260426_191100,WTI Oil,commodity,M15,trend_momentum,ema_cross,adx_min=25|fast_period=10|rsi_confirm=True|slow_period=200,both,all,NEEDS_MORE_DATA,12,,,,,,,,,,,,,,,,only 12 trades < min 20,eodhd
run_20260426_191100,WTI Oil,commodity,M15,trend_momentum,ema_cross,adx_min=0|fast_period=20|rsi_confirm=False|slow_period=50,both,all,REJECT,24,0.125000,0.264411,-0.010344,-0.010344,-0.245240,-0.893284,-1.906437,0.024024,38.541667,-0.227663,-0.227663,-0.034647,-0.245087,0.244000,,,eodhd
run_20260426_191100,WTI Oil,commodity,M15,trend_momentum,ema_cross,adx_min=0|fast_period=20|rsi_confirm=True|slow_period=50,both,all,REJECT,22,0.136364,0.273768,-0.010760,-0.010760,-0.245240,-0.853463,-1.821164,0.022022,40.454545,-0.218670,-0.218670,-0.023406,-0.245087,0.232000,,,eodhd
run_20260426_191100,WTI Oil,commodity,M15,trend_momentum,ema_cross,adx_min=20|fast_period=20|rsi_confirm=False|slow_period=50,both,all,REJECT,21,0.142857,0.283721,-0.010728,-0.010728,-0.234185,-0.814130,-1.731405,0.021021,42.904762,-0.209646,-0.209646,-0.026388,-0.234030,0.226000,,,eodhd
run_20260426_191100,WTI Oil,commodity,M15,trend_momentum,ema_cross,adx_min=20|fast_period=20|rsi_confirm=True|slow_period=50,both,all,REJECT,20,0.150000,0.286502,-0.011112,-0.011112,-0.234185,-0.803280,-1.711110,0.020020,43.750000,-0.207226,-0.207226,-0.023406,-0.234030,0.220000,,,eodhd
run_20260426_191100,WTI Oil,commodity,M15,trend_momentum,ema_cross,adx_min=25|fast_period=20|rsi_confirm=False|slow_period=50,both,all,REJECT,21,0.142857,0.283721,-0.010728,-0.010728,-0.234185,-0.814130,-1.731405,0.021021,42.904762,-0.209646,-0.209646,-0.026388,-0.234030,0.226000,,,eodhd
run_20260426_191100,WTI Oil,commodity,M15,trend_momentum,ema_cross,adx_min=25|fast_period=20|rsi_confirm=True|slow_period=50,both,all,REJECT,20,0.150000,0.286502,-0.011112,-0.011112,-0.234185,-0.803280,-1.711110,0.020020,43.750000,-0.207226,-0.207226,-0.023406,-0.234030,0.220000,,,eodhd
run_20260426_191100,WTI Oil,commodity,M15,trend_momentum,ema_cross,adx_min=0|fast_period=20|rsi_confirm=False|slow_period=100,both,all,NEEDS_MORE_DATA,16,,,,,,,,,,,,,,,,only 16 trades < min 20,eodhd
run_20260426_191100,WTI Oil,commodity,M15,trend_momentum,ema_cross,adx_min=0|fast_period=20|rsi_confirm=True|slow_period=100,both,all,NEEDS_MORE_DATA,13,,,,,,,,,,,,,,,,only 13 trades < min 20,eodhd
run_20260426_191100,WTI Oil,commodity,M15,trend_momentum,ema_cross,adx_min=20|fast_period=20|rsi_confirm=False|slow_period=100,both,all,NEEDS_MORE_DATA,11,,,,,,,,,,,,,,,,only 11 trades < min 20,eodhd
run_20260426_191100,WTI Oil,commodity,M15,trend_momentum,ema_cross,adx_min=20|fast_period=20|rsi_confirm=True|slow_period=100,both,all,NEEDS_MORE_DATA,9,,,,,,,,,,,,,,,,only 9 trades < min 20,eodhd
run_20260426_191100,WTI Oil,commodity,M15,trend_momentum,ema_cross,adx_min=25|fast_period=20|rsi_confirm=False|slow_period=100,both,all,NEEDS_MORE_DATA,9,,,,,,,,,,,,,,,,only 9 trades < min 20,eodhd
run_20260426_191100,WTI Oil,commodity,M15,trend_momentum,ema_cross,adx_min=25|fast_period=20|rsi_confirm=True|slow_period=100,both,all,NEEDS_MORE_DATA,7,,,,,,,,,,,,,,,,only 7 trades < min 20,eodhd
run_20260426_191100,WTI Oil,commodity,M15,trend_momentum,ema_cross,adx_min=0|fast_period=20|rsi_confirm=False|slow_period=200,both,all,NEEDS_MORE_DATA,8,,,,,,,,,,,,,,,,only 8 trades < min 20,eodhd
run_20260426_191100,WTI Oil,commodity,M15,trend_momentum,ema_cross,adx_min=0|fast_period=20|rsi_confirm=True|slow_period=200,both,all,NEEDS_MORE_DATA,5,,,,,,,,,,,,,,,,only 5 trades < min 20,eodhd
run_20260426_191100,WTI Oil,commodity,M15,trend_momentum,ema_cross,adx_min=20|fast_period=20|rsi_confirm=False|slow_period=200,both,all,NEEDS_MORE_DATA,7,,,,,,,,,,,,,,,,only 7 trades < min 20,eodhd
run_20260426_191100,WTI Oil,commodity,M15,trend_momentum,ema_cross,adx_min=20|fast_period=20|rsi_confirm=True|slow_period=200,both,all,NEEDS_MORE_DATA,5,,,,,,,,,,,,,,,,only 5 trades < min 20,eodhd
run_20260426_191100,WTI Oil,commodity,M15,trend_momentum,ema_cross,adx_min=25|fast_period=20|rsi_confirm=False|slow_period=200,both,all,NEEDS_MORE_DATA,7,,,,,,,,,,,,,,,,only 7 trades < min 20,eodhd
run_20260426_191100,WTI Oil,commodity,M15,trend_momentum,ema_cross,adx_min=25|fast_period=20|rsi_confirm=True|slow_period=200,both,all,NEEDS_MORE_DATA,5,,,,,,,,,,,,,,,,only 5 trades < min 20,eodhd
run_20260426_191100,WTI Oil,commodity,M15,trend_momentum,ema_alignment,adx_min=0|ema_long=200|ema_mid=50|ema_short=20,both,all,NEEDS_MORE_DATA,14,,,,,,,,,,,,,,,,only 14 trades < min 20,eodhd
run_20260426_191100,WTI Oil,commodity,M15,trend_momentum,ema_alignment,adx_min=20|ema_long=200|ema_mid=50|ema_short=20,both,all,NEEDS_MORE_DATA,13,,,,,,,,,,,,,,,,only 13 trades < min 20,eodhd
run_20260426_191100,WTI Oil,commodity,M15,trend_momentum,ema_alignment,adx_min=25|ema_long=200|ema_mid=50|ema_short=20,both,all,NEEDS_MORE_DATA,13,,,,,,,,,,,,,,,,only 13 trades < min 20,eodhd
run_20260426_191100,WTI Oil,commodity,M15,trend_momentum,macd_direction,adx_min=0|fast=12|signal_period=9|slow=26,both,all,REJECT,96,0.145833,0.188495,-0.004348,-0.004348,-0.343680,-2.454802,-5.555322,0.096096,10.333333,-0.343680,-0.343680,-0.240994,-0.136095,0.569417,,,eodhd
run_20260426_191100,WTI Oil,commodity,M15,trend_momentum,macd_direction,adx_min=20|fast=12|signal_period=9|slow=26,both,all,REJECT,86,0.139535,0.194454,-0.004207,-0.004207,-0.305946,-2.227062,-4.988696,0.086086,10.348837,-0.305946,-0.305946,-0.218315,-0.112931,0.555186,,,eodhd
run_20260426_191100,WTI Oil,commodity,M15,pullback,pullback_ema,pullback_period=20|rsi_reclaim=False|rsi_threshold=50|trend_period=200,both,all,REJECT,82,0.085366,0.088935,-0.005391,-0.005391,-0.361543,-1.975925,-4.329436,0.082082,5.390244,-0.361543,-0.361543,-0.201785,-0.200144,0.697561,,,eodhd
run_20260426_191100,WTI Oil,commodity,M15,pullback,pullback_ema,pullback_period=20|rsi_reclaim=True|rsi_threshold=50|trend_period=200,both,all,REJECT,71,0.084507,0.093685,-0.005843,-0.005843,-0.343946,-1.858923,-4.087880,0.071071,5.633803,-0.343946,-0.343946,-0.185279,-0.194750,0.684664,,,eodhd
run_20260426_191100,WTI Oil,commodity,M15,pullback,pullback_ema,pullback_period=50|rsi_reclaim=False|rsi_threshold=50|trend_period=200,both,all,REJECT,51,0.039216,0.026982,-0.010408,-0.010408,-0.419452,-1.706511,-3.836909,0.051051,6.568627,-0.419452,-0.419452,-0.124152,-0.328675,0.400000,,,eodhd
run_20260426_191100,WTI Oil,commodity,M15,pullback,pullback_ema,pullback_period=50|rsi_reclaim=True|rsi_threshold=50|trend_period=200,both,all,REJECT,42,0.023810,0.027000,-0.010544,-0.010544,-0.364403,-1.591937,-3.612474,0.042042,6.000000,-0.364403,-0.364403,-0.111628,-0.275379,0.352000,,,eodhd
run_20260426_191100,WTI Oil,commodity,M15,breakout,prev_day_hl,atr_expand_min=0.0,both,all,NEEDS_MORE_DATA,9,,,,,,,,,,,,,,,,only 9 trades < min 20,eodhd
run_20260426_191100,WTI Oil,commodity,M15,breakout,prev_day_hl,atr_expand_min=0.5,both,all,NEEDS_MORE_DATA,9,,,,,,,,,,,,,,,,only 9 trades < min 20,eodhd
run_20260426_191100,WTI Oil,commodity,M15,breakout,prev_day_hl,atr_expand_min=1.0,both,all,NEEDS_MORE_DATA,8,,,,,,,,,,,,,,,,only 8 trades < min 20,eodhd
run_20260426_191100,WTI Oil,commodity,M15,breakout,session_opening_range,atr_expand_min=0.0|range_bars=6,both,all,REJECT,47,0.170213,0.126870,-0.009739,-0.009739,-0.375982,-1.416016,-3.080151,0.047047,20.489362,-0.375982,-0.375982,-0.101299,-0.308279,0.382000,,,eodhd
run_20260426_191100,WTI Oil,commodity,M15,breakout,session_opening_range,atr_expand_min=0.5|range_bars=6,both,all,REJECT,39,0.205128,0.122341,-0.010295,-0.010295,-0.339556,-1.265508,-2.745024,0.039039,21.974359,-0.339556,-0.339556,-0.065447,-0.296747,0.334000,,,eodhd
run_20260426_191100,WTI Oil,commodity,M15,breakout,session_opening_range,atr_expand_min=0.0|range_bars=12,both,all,REJECT,21,0.190476,0.173906,-0.016220,-0.016220,-0.323180,-1.055608,-2.360100,0.021021,43.571429,-0.298423,-0.298423,-0.016141,-0.290215,0.226000,,,eodhd
run_20260426_191100,WTI Oil,commodity,M15,breakout,session_opening_range,atr_expand_min=0.5|range_bars=12,both,all,REJECT,20,0.200000,0.180641,-0.016263,-0.016263,-0.309094,-1.014310,-2.259113,0.020020,44.750000,-0.287432,-0.287432,-0.000728,-0.290386,0.220000,,,eodhd
run_20260426_191100,WTI Oil,commodity,M15,breakout,london_breakout,atr_expand_min=0.0|utc_end=11|utc_start=7,both,all,NEEDS_MORE_DATA,8,,,,,,,,,,,,,,,,only 8 trades < min 20,eodhd
run_20260426_191100,WTI Oil,commodity,M15,breakout,london_breakout,atr_expand_min=0.5|utc_end=11|utc_start=7,both,all,NEEDS_MORE_DATA,5,,,,,,,,,,,,,,,,only 5 trades < min 20,eodhd
run_20260426_191100,WTI Oil,commodity,M15,breakout,ny_breakout,atr_expand_min=0.0|utc_end=16|utc_start=13,both,all,NEEDS_MORE_DATA,12,,,,,,,,,,,,,,,,only 12 trades < min 20,eodhd
run_20260426_191100,WTI Oil,commodity,M15,breakout,ny_breakout,atr_expand_min=0.5|utc_end=16|utc_start=13,both,all,NEEDS_MORE_DATA,11,,,,,,,,,,,,,,,,only 11 trades < min 20,eodhd
run_20260426_191100,WTI Oil,commodity,M15,mean_reversion,rsi_extreme,overbought=70|oversold=30|period=14,both,all,NEEDS_MORE_DATA,12,,,,,,,,,,,,,,,,only 12 trades < min 20,eodhd
run_20260426_191100,WTI Oil,commodity,M15,mean_reversion,rsi_extreme,overbought=75|oversold=30|period=14,both,all,NEEDS_MORE_DATA,9,,,,,,,,,,,,,,,,only 9 trades < min 20,eodhd
run_20260426_191100,WTI Oil,commodity,M15,mean_reversion,rsi_extreme,overbought=70|oversold=25|period=14,both,all,NEEDS_MORE_DATA,10,,,,,,,,,,,,,,,,only 10 trades < min 20,eodhd
run_20260426_191100,WTI Oil,commodity,M15,mean_reversion,rsi_extreme,overbought=75|oversold=25|period=14,both,all,NEEDS_MORE_DATA,7,,,,,,,,,,,,,,,,only 7 trades < min 20,eodhd
run_20260426_191100,WTI Oil,commodity,M15,mean_reversion,bollinger_touch,num_std=2.0|period=20,both,all,WEAK_CANDIDATE,44,0.795455,6.106962,0.008373,0.008373,-0.035941,1.282329,2.757387,0.044044,8.431818,0.430948,0.430948,0.089414,0.307823,0.464000,,,eodhd
run_20260426_191100,WTI Oil,commodity,M15,mean_reversion,bollinger_touch,num_std=2.5|period=20,both,all,WEAK_CANDIDATE,32,0.812500,6.276040,0.010121,0.010121,-0.035941,1.141738,2.476380,0.032032,8.437500,0.368998,0.368998,0.065222,0.279620,0.392000,,,eodhd
run_20260426_191100,WTI Oil,commodity,M15,mean_reversion,vwap_deviation,std_threshold=1.5,both,all,NEEDS_MORE_DATA,17,,,,,,,,,,,,,,,,only 17 trades < min 20,eodhd
run_20260426_191100,WTI Oil,commodity,M15,mean_reversion,vwap_deviation,std_threshold=2.0,both,all,NEEDS_MORE_DATA,15,,,,,,,,,,,,,,,,only 15 trades < min 20,eodhd
run_20260426_191100,WTI Oil,commodity,M15,volatility,bb_squeeze_breakout,confirm_ema=True|period=20|squeeze_pct=20,both,all,REJECT,23,0.260870,0.128877,-0.011418,-0.011418,-0.237378,-1.046805,-2.309455,0.023023,4.304348,-0.237378,-0.237378,-0.062937,-0.180299,0.238000,,,eodhd
run_20260426_191100,WTI Oil,commodity,M15,volatility,bb_squeeze_breakout,confirm_ema=False|period=20|squeeze_pct=20,both,all,REJECT,23,0.260870,0.128877,-0.011418,-0.011418,-0.237378,-1.046805,-2.309455,0.023023,4.304348,-0.237378,-0.237378,-0.062937,-0.180299,0.238000,,,eodhd
run_20260426_191100,WTI Oil,commodity,M15,volatility,bb_squeeze_breakout,confirm_ema=True|period=20|squeeze_pct=30,both,all,REJECT,28,0.214286,0.122038,-0.009911,-0.009911,-0.248678,-1.104701,-2.412743,0.028028,3.535714,-0.248678,-0.248678,-0.082267,-0.181328,0.268000,,,eodhd
run_20260426_191100,WTI Oil,commodity,M15,volatility,bb_squeeze_breakout,confirm_ema=False|period=20|squeeze_pct=30,both,all,REJECT,28,0.214286,0.122558,-0.009863,-0.009863,-0.247655,-1.100634,-2.402076,0.028028,4.214286,-0.247655,-0.247655,-0.081018,-0.181328,0.268000,,,eodhd
run_20260426_191100,WTI Oil,commodity,M15,volatility,atr_compression,confirm_ema=True|period=14|squeeze_pct=20,both,all,REJECT,24,0.000000,0.000000,-0.013714,-0.013714,-0.286020,-1.364896,-3.251210,0.024024,6.666667,-0.286020,-0.286020,-0.109042,-0.198639,0.297498,,,eodhd
run_20260426_191100,WTI Oil,commodity,M15,volatility,atr_compression,confirm_ema=False|period=14|squeeze_pct=20,both,all,REJECT,24,0.083333,0.008409,-0.012624,-0.012624,-0.266957,-1.271984,-2.947717,0.024024,3.416667,-0.266957,-0.266957,-0.089594,-0.194818,0.244000,,,eodhd
run_20260426_191100,WTI Oil,commodity,M15,volatility,atr_compression,confirm_ema=True|period=14|squeeze_pct=30,both,all,REJECT,20,0.050000,0.089515,-0.013382,-0.013382,-0.240875,-1.093960,-2.487815,0.020020,13.250000,-0.240875,-0.240875,-0.057705,-0.194388,0.220000,,,eodhd
run_20260426_191100,WTI Oil,commodity,M15,volatility,atr_compression,confirm_ema=False|period=14|squeeze_pct=30,both,all,REJECT,20,0.100000,0.102052,-0.012202,-0.012202,-0.222589,-1.010298,-2.247959,0.020020,10.000000,-0.222589,-0.222589,-0.039585,-0.190547,0.220000,,,eodhd
run_20260426_191100,WTI Oil,commodity,M15,engine_b_proxy,ob_bos,require_engulf=False|require_vol_expand=False|swing_period=5,both,all,NEEDS_MORE_DATA,15,,,,,,,,,,,,,,,,only 15 trades < min 20,eodhd
run_20260426_191100,WTI Oil,commodity,M15,engine_b_proxy,ob_bos,require_engulf=False|require_vol_expand=True|swing_period=5,both,all,NEEDS_MORE_DATA,11,,,,,,,,,,,,,,,,only 11 trades < min 20,eodhd
run_20260426_191100,WTI Oil,commodity,M15,engine_b_proxy,ob_bos,require_engulf=True|require_vol_expand=False|swing_period=5,both,all,NEEDS_MORE_DATA,12,,,,,,,,,,,,,,,,only 12 trades < min 20,eodhd
run_20260426_191100,WTI Oil,commodity,M15,engine_b_proxy,ob_bos,require_engulf=True|require_vol_expand=True|swing_period=5,both,all,NEEDS_MORE_DATA,10,,,,,,,,,,,,,,,,only 10 trades < min 20,eodhd
run_20260426_191100,WTI Oil,commodity,M15,engine_b_proxy,ob_bos,require_engulf=False|require_vol_expand=False|swing_period=10,both,all,NEEDS_MORE_DATA,8,,,,,,,,,,,,,,,,only 8 trades < min 20,eodhd
run_20260426_191100,WTI Oil,commodity,M15,engine_b_proxy,ob_bos,require_engulf=False|require_vol_expand=True|swing_period=10,both,all,NEEDS_MORE_DATA,6,,,,,,,,,,,,,,,,only 6 trades < min 20,eodhd
run_20260426_191100,WTI Oil,commodity,M15,engine_b_proxy,ob_bos,require_engulf=True|require_vol_expand=False|swing_period=10,both,all,NEEDS_MORE_DATA,8,,,,,,,,,,,,,,,,only 8 trades < min 20,eodhd
run_20260426_191100,WTI Oil,commodity,M15,engine_b_proxy,ob_bos,require_engulf=True|require_vol_expand=True|swing_period=10,both,all,NEEDS_MORE_DATA,6,,,,,,,,,,,,,,,,only 6 trades < min 20,eodhd
run_20260426_191100,WTI Oil,commodity,M15,engine_b_proxy,structure_filters,fvg_detection=False|strong_close_pct=0.7,both,all,REJECT,307,0.117264,0.134052,-0.003207,-0.003207,-0.630843,-3.705433,-7.881762,0.307307,2.876221,-0.630019,-0.630019,-0.412627,-0.368114,0.667637,,,eodhd
run_20260426_191100,WTI Oil,commodity,M15,engine_b_proxy,structure_filters,fvg_detection=True|strong_close_pct=0.7,both,all,REJECT,48,0.104167,0.047730,-0.004054,-0.004054,-0.177933,-2.653152,-7.913841,0.048048,6.375000,-0.177422,-0.177422,-0.138694,-0.044964,0.485258,,,eodhd
run_20260426_191100,WTI Oil,commodity,M15,engine_b_proxy,structure_filters,fvg_detection=False|strong_close_pct=0.8,both,all,REJECT,257,0.120623,0.141920,-0.003435,-0.003435,-0.591257,-3.294986,-7.015014,0.257257,3.346304,-0.590345,-0.590345,-0.400713,-0.316429,0.636900,,,eodhd
run_20260426_191100,WTI Oil,commodity,M15,engine_b_proxy,structure_filters,fvg_detection=True|strong_close_pct=0.8,both,all,REJECT,43,0.093023,0.100994,-0.003704,-0.003704,-0.148305,-2.247675,-6.016464,0.043043,6.744186,-0.147775,-0.147775,-0.108354,-0.044211,0.480408,,,eodhd
run_20260426_191100,WTI Oil,commodity,M15,engine_d_proxy,vwap_reclaim,atr_sl_mult=0.5|band_std=0.5,both,all,NEEDS_MORE_DATA,16,,,,,,,,,,,,,,,,only 16 trades < min 20,eodhd
run_20260426_191100,WTI Oil,commodity,M15,engine_d_proxy,vwap_reclaim,atr_sl_mult=1.0|band_std=0.5,both,all,NEEDS_MORE_DATA,16,,,,,,,,,,,,,,,,only 16 trades < min 20,eodhd
run_20260426_191100,WTI Oil,commodity,M15,engine_d_proxy,vwap_reclaim,atr_sl_mult=0.5|band_std=1.0,both,all,NEEDS_MORE_DATA,12,,,,,,,,,,,,,,,,only 12 trades < min 20,eodhd
run_20260426_191100,WTI Oil,commodity,M15,engine_d_proxy,vwap_reclaim,atr_sl_mult=1.0|band_std=1.0,both,all,NEEDS_MORE_DATA,12,,,,,,,,,,,,,,,,only 12 trades < min 20,eodhd
run_20260426_191100,WTI Oil,commodity,M15,engine_d_proxy,micro_breakout,atr_sl_mult=0.5|fee_guard_r=0.5|range_bars=3,both,all,REJECT,116,0.094828,0.089396,-0.007484,-0.007484,-0.587372,-2.438129,-5.362674,0.116116,8.517241,-0.587372,-0.587372,-0.346268,-0.355509,0.691994,,,eodhd
run_20260426_191100,WTI Oil,commodity,M15,engine_d_proxy,micro_breakout,atr_sl_mult=1.0|fee_guard_r=0.5|range_bars=3,both,all,REJECT,116,0.094828,0.089396,-0.007484,-0.007484,-0.587372,-2.438129,-5.362674,0.116116,8.517241,-0.587372,-0.587372,-0.346268,-0.355509,0.691994,,,eodhd
run_20260426_191100,WTI Oil,commodity,M15,engine_d_proxy,micro_breakout,atr_sl_mult=0.5|fee_guard_r=0.5|range_bars=6,both,all,REJECT,47,0.170213,0.126870,-0.009739,-0.009739,-0.375982,-1.416016,-3.080151,0.047047,20.489362,-0.375982,-0.375982,-0.101299,-0.308279,0.382000,,,eodhd
run_20260426_191100,WTI Oil,commodity,M15,engine_d_proxy,micro_breakout,atr_sl_mult=1.0|fee_guard_r=0.5|range_bars=6,both,all,REJECT,47,0.170213,0.126870,-0.009739,-0.009739,-0.375982,-1.416016,-3.080151,0.047047,20.489362,-0.375982,-0.375982,-0.101299,-0.308279,0.382000,,,eodhd
run_20260426_191100,WTI Oil,commodity,M15,engine_d_proxy,ema_scalp_pullback,atr_sl_mult=0.5|ema_period=21,both,all,REJECT,159,0.062893,0.107398,-0.004756,-0.004756,-0.534683,-2.956653,-6.517918,0.159159,5.578616,-0.534683,-0.534683,-0.345675,-0.290742,0.652325,,,eodhd
run_20260426_191100,WTI Oil,commodity,M15,engine_d_proxy,ema_scalp_pullback,atr_sl_mult=1.0|ema_period=21,both,all,REJECT,151,0.059603,0.109177,-0.004788,-0.004788,-0.518995,-2.794216,-6.125121,0.151151,6.205298,-0.518995,-0.518995,-0.325017,-0.289269,0.667004,,,eodhd
run_20260426_191100,MSFT,stock,M15,trend_momentum,ema_cross,adx_min=0|fast_period=10|rsi_confirm=False|slow_period=50,both,all,REJECT,30,0.133333,0.173141,-0.007929,-0.007929,-0.215271,-1.276250,-2.858528,0.030030,32.333333,-0.215271,-0.215271,-0.100349,-0.148888,0.434890,,,eodhd
run_20260426_191100,MSFT,stock,M15,trend_momentum,ema_cross,adx_min=0|fast_period=10|rsi_confirm=True|slow_period=50,both,all,REJECT,29,0.137931,0.176574,-0.008010,-0.008010,-0.210857,-1.248325,-2.792565,0.029029,32.896552,-0.210857,-0.210857,-0.095288,-0.148888,0.405251,,,eodhd
run_20260426_191100,MSFT,stock,M15,trend_momentum,ema_cross,adx_min=20|fast_period=10|rsi_confirm=False|slow_period=50,both,all,REJECT,28,0.142857,0.181219,-0.008071,-0.008071,-0.205843,-1.216733,-2.716566,0.028028,32.678571,-0.205843,-0.205843,-0.089540,-0.148888,0.369157,,,eodhd
run_20260426_191100,MSFT,stock,M15,trend_momentum,ema_cross,adx_min=20|fast_period=10|rsi_confirm=True|slow_period=50,both,all,REJECT,27,0.148148,0.184832,-0.008170,-0.008170,-0.201535,-1.189560,-2.653267,0.027027,33.296296,-0.201535,-0.201535,-0.084602,-0.148888,0.334041,,,eodhd
run_20260426_191100,MSFT,stock,M15,trend_momentum,ema_cross,adx_min=25|fast_period=10|rsi_confirm=False|slow_period=50,both,all,REJECT,26,0.153846,0.192145,-0.008088,-0.008088,-0.193230,-1.140008,-2.528266,0.026026,33.615385,-0.193230,-0.193230,-0.075080,-0.148888,0.261086,,,eodhd
run_20260426_191100,MSFT,stock,M15,trend_momentum,ema_cross,adx_min=25|fast_period=10|rsi_confirm=True|slow_period=50,both,all,REJECT,25,0.160000,0.196211,-0.008196,-0.008196,-0.188855,-1.112550,-2.464869,0.025025,34.320000,-0.188855,-0.188855,-0.070064,-0.148888,0.250000,,,eodhd
run_20260426_191100,MSFT,stock,M15,trend_momentum,ema_cross,adx_min=0|fast_period=10|rsi_confirm=False|slow_period=100,both,all,REJECT,24,0.166667,0.431580,-0.003142,-0.003142,-0.081864,-0.760578,-1.591196,0.024024,37.291667,-0.073785,-0.073785,-0.081864,-0.020808,0.320253,,,eodhd
run_20260426_191100,MSFT,stock,M15,trend_momentum,ema_cross,adx_min=0|fast_period=10|rsi_confirm=True|slow_period=100,both,all,REJECT,22,0.181818,0.473220,-0.002897,-0.002897,-0.071051,-0.651564,-1.349460,0.022022,39.590909,-0.062877,-0.062877,-0.071051,-0.020808,0.319857,,,eodhd
run_20260426_191100,MSFT,stock,M15,trend_momentum,ema_cross,adx_min=20|fast_period=10|rsi_confirm=False|slow_period=100,both,all,REJECT,22,0.136364,0.434262,-0.003293,-0.003293,-0.079126,-0.734561,-1.538323,0.022022,36.363636,-0.071024,-0.071024,-0.079126,-0.020808,0.310891,,,eodhd
run_20260426_191100,MSFT,stock,M15,trend_momentum,ema_cross,adx_min=20|fast_period=10|rsi_confirm=True|slow_period=100,both,all,REJECT,20,0.150000,0.477004,-0.003049,-0.003049,-0.068468,-0.626414,-1.298360,0.020020,38.800000,-0.060272,-0.060272,-0.068468,-0.020808,0.311171,,,eodhd
run_20260426_191100,MSFT,stock,M15,trend_momentum,ema_cross,adx_min=25|fast_period=10|rsi_confirm=False|slow_period=100,both,all,REJECT,22,0.136364,0.434262,-0.003293,-0.003293,-0.079126,-0.734561,-1.538323,0.022022,36.363636,-0.071024,-0.071024,-0.079126,-0.020808,0.310891,,,eodhd
run_20260426_191100,MSFT,stock,M15,trend_momentum,ema_cross,adx_min=25|fast_period=10|rsi_confirm=True|slow_period=100,both,all,REJECT,20,0.150000,0.477004,-0.003049,-0.003049,-0.068468,-0.626414,-1.298360,0.020020,38.800000,-0.060272,-0.060272,-0.068468,-0.020808,0.311171,,,eodhd
run_20260426_191100,MSFT,stock,M15,trend_momentum,ema_cross,adx_min=0|fast_period=10|rsi_confirm=False|slow_period=200,both,all,NEEDS_MORE_DATA,18,,,,,,,,,,,,,,,,only 18 trades < min 20,eodhd
run_20260426_191100,MSFT,stock,M15,trend_momentum,ema_cross,adx_min=0|fast_period=10|rsi_confirm=True|slow_period=200,both,all,NEEDS_MORE_DATA,17,,,,,,,,,,,,,,,,only 17 trades < min 20,eodhd
run_20260426_191100,MSFT,stock,M15,trend_momentum,ema_cross,adx_min=20|fast_period=10|rsi_confirm=False|slow_period=200,both,all,NEEDS_MORE_DATA,17,,,,,,,,,,,,,,,,only 17 trades < min 20,eodhd
run_20260426_191100,MSFT,stock,M15,trend_momentum,ema_cross,adx_min=20|fast_period=10|rsi_confirm=True|slow_period=200,both,all,NEEDS_MORE_DATA,16,,,,,,,,,,,,,,,,only 16 trades < min 20,eodhd
run_20260426_191100,MSFT,stock,M15,trend_momentum,ema_cross,adx_min=25|fast_period=10|rsi_confirm=False|slow_period=200,both,all,NEEDS_MORE_DATA,17,,,,,,,,,,,,,,,,only 17 trades < min 20,eodhd
run_20260426_191100,MSFT,stock,M15,trend_momentum,ema_cross,adx_min=25|fast_period=10|rsi_confirm=True|slow_period=200,both,all,NEEDS_MORE_DATA,16,,,,,,,,,,,,,,,,only 16 trades < min 20,eodhd
run_20260426_191100,MSFT,stock,M15,trend_momentum,ema_cross,adx_min=0|fast_period=20|rsi_confirm=False|slow_period=50,both,all,REJECT,24,0.166667,0.424096,-0.003522,-0.003522,-0.083317,-0.797029,-1.675945,0.024024,40.375000,-0.082352,-0.082352,-0.083317,-0.031756,0.358344,,,eodhd
run_20260426_191100,MSFT,stock,M15,trend_momentum,ema_cross,adx_min=0|fast_period=20|rsi_confirm=True|slow_period=50,both,all,REJECT,23,0.173913,0.443867,-0.003391,-0.003391,-0.077284,-0.740943,-1.549427,0.023023,41.347826,-0.076313,-0.076313,-0.077284,-0.031756,0.361270,,,eodhd
run_20260426_191100,MSFT,stock,M15,trend_momentum,ema_cross,adx_min=20|fast_period=20|rsi_confirm=False|slow_period=50,both,all,REJECT,20,0.150000,0.433900,-0.003738,-0.003738,-0.078855,-0.716885,-1.505258,0.020020,40.550000,-0.073297,-0.073297,-0.078855,-0.026938,0.322486,,,eodhd
run_20260426_191100,MSFT,stock,M15,trend_momentum,ema_cross,adx_min=20|fast_period=20|rsi_confirm=True|slow_period=50,both,all,NEEDS_MORE_DATA,19,,,,,,,,,,,,,,,,only 19 trades < min 20,eodhd
run_20260426_191100,MSFT,stock,M15,trend_momentum,ema_cross,adx_min=25|fast_period=20|rsi_confirm=False|slow_period=50,both,all,NEEDS_MORE_DATA,19,,,,,,,,,,,,,,,,only 19 trades < min 20,eodhd
run_20260426_191100,MSFT,stock,M15,trend_momentum,ema_cross,adx_min=25|fast_period=20|rsi_confirm=True|slow_period=50,both,all,NEEDS_MORE_DATA,18,,,,,,,,,,,,,,,,only 18 trades < min 20,eodhd
run_20260426_191100,MSFT,stock,M15,trend_momentum,ema_cross,adx_min=0|fast_period=20|rsi_confirm=False|slow_period=100,both,all,NEEDS_MORE_DATA,18,,,,,,,,,,,,,,,,only 18 trades < min 20,eodhd
run_20260426_191100,MSFT,stock,M15,trend_momentum,ema_cross,adx_min=0|fast_period=20|rsi_confirm=True|slow_period=100,both,all,NEEDS_MORE_DATA,17,,,,,,,,,,,,,,,,only 17 trades < min 20,eodhd
run_20260426_191100,MSFT,stock,M15,trend_momentum,ema_cross,adx_min=20|fast_period=20|rsi_confirm=False|slow_period=100,both,all,NEEDS_MORE_DATA,17,,,,,,,,,,,,,,,,only 17 trades < min 20,eodhd
run_20260426_191100,MSFT,stock,M15,trend_momentum,ema_cross,adx_min=20|fast_period=20|rsi_confirm=True|slow_period=100,both,all,NEEDS_MORE_DATA,16,,,,,,,,,,,,,,,,only 16 trades < min 20,eodhd
run_20260426_191100,MSFT,stock,M15,trend_momentum,ema_cross,adx_min=25|fast_period=20|rsi_confirm=False|slow_period=100,both,all,NEEDS_MORE_DATA,17,,,,,,,,,,,,,,,,only 17 trades < min 20,eodhd
run_20260426_191100,MSFT,stock,M15,trend_momentum,ema_cross,adx_min=25|fast_period=20|rsi_confirm=True|slow_period=100,both,all,NEEDS_MORE_DATA,16,,,,,,,,,,,,,,,,only 16 trades < min 20,eodhd
run_20260426_191100,MSFT,stock,M15,trend_momentum,ema_cross,adx_min=0|fast_period=20|rsi_confirm=False|slow_period=200,both,all,NEEDS_MORE_DATA,12,,,,,,,,,,,,,,,,only 12 trades < min 20,eodhd
run_20260426_191100,MSFT,stock,M15,trend_momentum,ema_cross,adx_min=0|fast_period=20|rsi_confirm=True|slow_period=200,both,all,NEEDS_MORE_DATA,11,,,,,,,,,,,,,,,,only 11 trades < min 20,eodhd
run_20260426_191100,MSFT,stock,M15,trend_momentum,ema_cross,adx_min=20|fast_period=20|rsi_confirm=False|slow_period=200,both,all,NEEDS_MORE_DATA,11,,,,,,,,,,,,,,,,only 11 trades < min 20,eodhd
run_20260426_191100,MSFT,stock,M15,trend_momentum,ema_cross,adx_min=20|fast_period=20|rsi_confirm=True|slow_period=200,both,all,NEEDS_MORE_DATA,10,,,,,,,,,,,,,,,,only 10 trades < min 20,eodhd
run_20260426_191100,MSFT,stock,M15,trend_momentum,ema_cross,adx_min=25|fast_period=20|rsi_confirm=False|slow_period=200,both,all,NEEDS_MORE_DATA,11,,,,,,,,,,,,,,,,only 11 trades < min 20,eodhd
run_20260426_191100,MSFT,stock,M15,trend_momentum,ema_cross,adx_min=25|fast_period=20|rsi_confirm=True|slow_period=200,both,all,NEEDS_MORE_DATA,10,,,,,,,,,,,,,,,,only 10 trades < min 20,eodhd
run_20260426_191100,MSFT,stock,M15,trend_momentum,ema_alignment,adx_min=0|ema_long=200|ema_mid=50|ema_short=20,both,all,NEEDS_MORE_DATA,15,,,,,,,,,,,,,,,,only 15 trades < min 20,eodhd
run_20260426_191100,MSFT,stock,M15,trend_momentum,ema_alignment,adx_min=20|ema_long=200|ema_mid=50|ema_short=20,both,all,NEEDS_MORE_DATA,14,,,,,,,,,,,,,,,,only 14 trades < min 20,eodhd
run_20260426_191100,MSFT,stock,M15,trend_momentum,ema_alignment,adx_min=25|ema_long=200|ema_mid=50|ema_short=20,both,all,NEEDS_MORE_DATA,14,,,,,,,,,,,,,,,,only 14 trades < min 20,eodhd
run_20260426_191100,MSFT,stock,M15,trend_momentum,macd_direction,adx_min=0|fast=12|signal_period=9|slow=26,both,all,REJECT,68,0.250000,0.326318,-0.003918,-0.003918,-0.238514,-1.236433,-2.572287,0.068068,14.250000,-0.238514,-0.238514,-0.068858,-0.182679,0.400000,,,eodhd
run_20260426_191100,MSFT,stock,M15,trend_momentum,macd_direction,adx_min=20|fast=12|signal_period=9|slow=26,both,all,REJECT,58,0.258621,0.346164,-0.004094,-0.004094,-0.216066,-1.108183,-2.300466,0.058058,15.172414,-0.216066,-0.216066,-0.049168,-0.176011,0.400000,,,eodhd
run_20260426_191100,MSFT,stock,M15,pullback,pullback_ema,pullback_period=20|rsi_reclaim=False|rsi_threshold=50|trend_period=200,both,all,REJECT,48,0.166667,0.254935,-0.004225,-0.004225,-0.186782,-1.164578,-2.454588,0.048048,10.000000,-0.186782,-0.186782,-0.070478,-0.125123,0.455391,,,eodhd
run_20260426_191100,MSFT,stock,M15,pullback,pullback_ema,pullback_period=20|rsi_reclaim=True|rsi_threshold=50|trend_period=200,both,all,REJECT,43,0.186047,0.317228,-0.003474,-0.003474,-0.141469,-0.955639,-1.985425,0.043043,10.488372,-0.141469,-0.141469,-0.055948,-0.090589,0.472249,,,eodhd
run_20260426_191100,MSFT,stock,M15,pullback,pullback_ema,pullback_period=50|rsi_reclaim=False|rsi_threshold=50|trend_period=200,both,all,REJECT,31,0.129032,0.526285,-0.001549,-0.001549,-0.057789,-0.632879,-1.293260,0.031031,18.806452,-0.047579,-0.047579,-0.057789,-0.013616,0.356684,,,eodhd
run_20260426_191100,MSFT,stock,M15,pullback,pullback_ema,pullback_period=50|rsi_reclaim=True|rsi_threshold=50|trend_period=200,both,all,REJECT,24,0.125000,0.341507,-0.002295,-0.002295,-0.056091,-0.989381,-2.147819,0.024024,18.125000,-0.053965,-0.053965,-0.046712,-0.007608,0.292861,,,eodhd
run_20260426_191100,MSFT,stock,M15,breakout,prev_day_hl,atr_expand_min=0.0,both,all,NEEDS_MORE_DATA,7,,,,,,,,,,,,,,,,only 7 trades < min 20,eodhd
run_20260426_191100,MSFT,stock,M15,breakout,prev_day_hl,atr_expand_min=0.5,both,all,NEEDS_MORE_DATA,7,,,,,,,,,,,,,,,,only 7 trades < min 20,eodhd
run_20260426_191100,MSFT,stock,M15,breakout,prev_day_hl,atr_expand_min=1.0,both,all,NEEDS_MORE_DATA,6,,,,,,,,,,,,,,,,only 6 trades < min 20,eodhd
run_20260426_191100,MSFT,stock,M15,breakout,session_opening_range,atr_expand_min=0.0|range_bars=6,both,all,REJECT,39,0.230769,0.571304,-0.001661,-0.001661,-0.063710,-0.707812,-1.445855,0.039039,24.435897,-0.063710,-0.063710,-0.023294,-0.035265,0.479838,,,eodhd
run_20260426_191100,MSFT,stock,M15,breakout,session_opening_range,atr_expand_min=0.5|range_bars=6,both,all,REJECT,27,0.259259,0.601334,-0.001727,-0.001727,-0.057347,-0.561463,-1.144557,0.027027,26.703704,-0.046381,-0.046381,-0.009486,-0.031296,0.262000,,,eodhd
run_20260426_191100,MSFT,stock,M15,breakout,session_opening_range,atr_expand_min=0.0|range_bars=12,both,all,WEAK_CANDIDATE,20,0.350000,1.019495,0.000074,0.000074,-0.027347,0.018213,0.036282,0.020020,47.700000,0.000653,0.000653,0.025061,-0.016004,0.320000,,,eodhd
run_20260426_191100,MSFT,stock,M15,breakout,session_opening_range,atr_expand_min=0.5|range_bars=12,both,all,NEEDS_MORE_DATA,17,,,,,,,,,,,,,,,,only 17 trades < min 20,eodhd
run_20260426_191100,MSFT,stock,M15,breakout,london_breakout,atr_expand_min=0.0|utc_end=11|utc_start=7,both,all,NEEDS_MORE_DATA,11,,,,,,,,,,,,,,,,only 11 trades < min 20,eodhd
run_20260426_191100,MSFT,stock,M15,breakout,london_breakout,atr_expand_min=0.5|utc_end=11|utc_start=7,both,all,NEEDS_MORE_DATA,2,,,,,,,,,,,,,,,,only 2 trades < min 20,eodhd
run_20260426_191100,MSFT,stock,M15,breakout,ny_breakout,atr_expand_min=0.0|utc_end=16|utc_start=13,both,all,NEEDS_MORE_DATA,13,,,,,,,,,,,,,,,,only 13 trades < min 20,eodhd
run_20260426_191100,MSFT,stock,M15,breakout,ny_breakout,atr_expand_min=0.5|utc_end=16|utc_start=13,both,all,NEEDS_MORE_DATA,12,,,,,,,,,,,,,,,,only 12 trades < min 20,eodhd
run_20260426_191100,MSFT,stock,M15,mean_reversion,rsi_extreme,overbought=70|oversold=30|period=14,both,all,REJECT,22,0.318182,0.282990,-0.001259,-0.001259,-0.029215,-0.779300,-1.642898,0.022022,14.136364,-0.027483,-0.027483,-0.003565,-0.024004,0.232000,,,eodhd
run_20260426_191100,MSFT,stock,M15,mean_reversion,rsi_extreme,overbought=75|oversold=30|period=14,both,all,NEEDS_MORE_DATA,18,,,,,,,,,,,,,,,,only 18 trades < min 20,eodhd
run_20260426_191100,MSFT,stock,M15,mean_reversion,rsi_extreme,overbought=70|oversold=25|period=14,both,all,NEEDS_MORE_DATA,19,,,,,,,,,,,,,,,,only 19 trades < min 20,eodhd
run_20260426_191100,MSFT,stock,M15,mean_reversion,rsi_extreme,overbought=75|oversold=25|period=14,both,all,NEEDS_MORE_DATA,15,,,,,,,,,,,,,,,,only 15 trades < min 20,eodhd
run_20260426_191100,MSFT,stock,M15,mean_reversion,bollinger_touch,num_std=2.0|period=20,both,all,REJECT,41,0.414634,0.925070,-0.000228,-0.000228,-0.097668,-0.061526,-0.122585,0.041041,13.243902,-0.012129,-0.012129,-0.074116,0.066949,0.346000,,,eodhd
run_20260426_191100,MSFT,stock,M15,mean_reversion,bollinger_touch,num_std=2.5|period=20,both,all,WEAK_CANDIDATE,28,0.428571,1.033384,0.000125,0.000125,-0.084430,0.023291,0.046398,0.028028,14.607143,0.000709,0.000709,-0.060701,0.065379,0.368000,,,eodhd
run_20260426_191100,MSFT,stock,M15,mean_reversion,vwap_deviation,std_threshold=1.5,both,all,NEEDS_MORE_DATA,14,,,,,,,,,,,,,,,,only 14 trades < min 20,eodhd
run_20260426_191100,MSFT,stock,M15,mean_reversion,vwap_deviation,std_threshold=2.0,both,all,NEEDS_MORE_DATA,11,,,,,,,,,,,,,,,,only 11 trades < min 20,eodhd
run_20260426_191100,MSFT,stock,M15,volatility,bb_squeeze_breakout,confirm_ema=True|period=20|squeeze_pct=20,both,all,REJECT,23,0.173913,0.168618,-0.004979,-0.004979,-0.109902,-0.948245,-2.050742,0.023023,7.695652,-0.109902,-0.109902,-0.049008,-0.064032,0.446027,,,eodhd
run_20260426_191100,MSFT,stock,M15,volatility,bb_squeeze_breakout,confirm_ema=False|period=20|squeeze_pct=20,both,all,REJECT,22,0.181818,0.166155,-0.005298,-0.005298,-0.111729,-0.962048,-2.095094,0.022022,8.136364,-0.111729,-0.111729,-0.050959,-0.064032,0.455038,,,eodhd
run_20260426_191100,MSFT,stock,M15,volatility,bb_squeeze_breakout,confirm_ema=True|period=20|squeeze_pct=30,both,all,REJECT,22,0.272727,0.196725,-0.004816,-0.004816,-0.102333,-0.856359,-1.828259,0.022022,8.363636,-0.102333,-0.102333,-0.040838,-0.064114,0.361006,,,eodhd
run_20260426_191100,MSFT,stock,M15,volatility,bb_squeeze_breakout,confirm_ema=False|period=20|squeeze_pct=30,both,all,REJECT,22,0.272727,0.196725,-0.004816,-0.004816,-0.102333,-0.856359,-1.828259,0.022022,8.363636,-0.102333,-0.102333,-0.040838,-0.064114,0.361006,,,eodhd
run_20260426_191100,MSFT,stock,M15,volatility,atr_compression,confirm_ema=True|period=14|squeeze_pct=20,both,all,NEEDS_MORE_DATA,13,,,,,,,,,,,,,,,,only 13 trades < min 20,eodhd
run_20260426_191100,MSFT,stock,M15,volatility,atr_compression,confirm_ema=False|period=14|squeeze_pct=20,both,all,NEEDS_MORE_DATA,16,,,,,,,,,,,,,,,,only 16 trades < min 20,eodhd
run_20260426_191100,MSFT,stock,M15,volatility,atr_compression,confirm_ema=True|period=14|squeeze_pct=30,both,all,NEEDS_MORE_DATA,15,,,,,,,,,,,,,,,,only 15 trades < min 20,eodhd
run_20260426_191100,MSFT,stock,M15,volatility,atr_compression,confirm_ema=False|period=14|squeeze_pct=30,both,all,NEEDS_MORE_DATA,18,,,,,,,,,,,,,,,,only 18 trades < min 20,eodhd
run_20260426_191100,MSFT,stock,M15,engine_b_proxy,ob_bos,require_engulf=False|require_vol_expand=False|swing_period=5,both,all,NEEDS_MORE_DATA,15,,,,,,,,,,,,,,,,only 15 trades < min 20,eodhd
run_20260426_191100,MSFT,stock,M15,engine_b_proxy,ob_bos,require_engulf=False|require_vol_expand=True|swing_period=5,both,all,NEEDS_MORE_DATA,13,,,,,,,,,,,,,,,,only 13 trades < min 20,eodhd
run_20260426_191100,MSFT,stock,M15,engine_b_proxy,ob_bos,require_engulf=True|require_vol_expand=False|swing_period=5,both,all,NEEDS_MORE_DATA,14,,,,,,,,,,,,,,,,only 14 trades < min 20,eodhd
run_20260426_191100,MSFT,stock,M15,engine_b_proxy,ob_bos,require_engulf=True|require_vol_expand=True|swing_period=5,both,all,NEEDS_MORE_DATA,12,,,,,,,,,,,,,,,,only 12 trades < min 20,eodhd
run_20260426_191100,MSFT,stock,M15,engine_b_proxy,ob_bos,require_engulf=False|require_vol_expand=False|swing_period=10,both,all,NEEDS_MORE_DATA,5,,,,,,,,,,,,,,,,only 5 trades < min 20,eodhd
run_20260426_191100,MSFT,stock,M15,engine_b_proxy,ob_bos,require_engulf=False|require_vol_expand=True|swing_period=10,both,all,NEEDS_MORE_DATA,4,,,,,,,,,,,,,,,,only 4 trades < min 20,eodhd
run_20260426_191100,MSFT,stock,M15,engine_b_proxy,ob_bos,require_engulf=True|require_vol_expand=False|swing_period=10,both,all,NEEDS_MORE_DATA,4,,,,,,,,,,,,,,,,only 4 trades < min 20,eodhd
run_20260426_191100,MSFT,stock,M15,engine_b_proxy,ob_bos,require_engulf=True|require_vol_expand=True|swing_period=10,both,all,NEEDS_MORE_DATA,4,,,,,,,,,,,,,,,,only 4 trades < min 20,eodhd
run_20260426_191100,MSFT,stock,M15,engine_b_proxy,structure_filters,fvg_detection=False|strong_close_pct=0.7,both,all,REJECT,240,0.120833,0.130779,-0.003074,-0.003074,-0.528575,-3.376575,-7.266794,0.240240,4.020833,-0.524929,-0.524929,-0.329547,-0.286751,0.661042,,,eodhd
run_20260426_191100,MSFT,stock,M15,engine_b_proxy,structure_filters,fvg_detection=True|strong_close_pct=0.7,both,all,REJECT,31,0.258065,0.119482,-0.004315,-0.004315,-0.126318,-1.353824,-3.068084,0.031031,13.967742,-0.126318,-0.126318,-0.051098,-0.078574,0.424689,,,eodhd
run_20260426_191100,MSFT,stock,M15,engine_b_proxy,structure_filters,fvg_detection=False|strong_close_pct=0.8,both,all,REJECT,181,0.160221,0.152711,-0.003299,-0.003299,-0.453047,-2.737923,-5.862805,0.181181,5.176796,-0.453047,-0.453047,-0.244181,-0.273835,0.663567,,,eodhd
run_20260426_191100,MSFT,stock,M15,engine_b_proxy,structure_filters,fvg_detection=True|strong_close_pct=0.8,both,all,REJECT,25,0.240000,0.105955,-0.004622,-0.004622,-0.110191,-1.205086,-2.726437,0.025025,14.720000,-0.110191,-0.110191,-0.026479,-0.085297,0.250000,,,eodhd
run_20260426_191100,MSFT,stock,M15,engine_d_proxy,vwap_reclaim,atr_sl_mult=0.5|band_std=0.5,both,all,NEEDS_MORE_DATA,9,,,,,,,,,,,,,,,,only 9 trades < min 20,eodhd
run_20260426_191100,MSFT,stock,M15,engine_d_proxy,vwap_reclaim,atr_sl_mult=1.0|band_std=0.5,both,all,NEEDS_MORE_DATA,9,,,,,,,,,,,,,,,,only 9 trades < min 20,eodhd
run_20260426_191100,MSFT,stock,M15,engine_d_proxy,vwap_reclaim,atr_sl_mult=0.5|band_std=1.0,both,all,NEEDS_MORE_DATA,6,,,,,,,,,,,,,,,,only 6 trades < min 20,eodhd
run_20260426_191100,MSFT,stock,M15,engine_d_proxy,vwap_reclaim,atr_sl_mult=1.0|band_std=1.0,both,all,NEEDS_MORE_DATA,6,,,,,,,,,,,,,,,,only 6 trades < min 20,eodhd
run_20260426_191100,MSFT,stock,M15,engine_d_proxy,micro_breakout,atr_sl_mult=0.5|fee_guard_r=0.5|range_bars=3,both,all,REJECT,71,0.197183,0.412194,-0.002050,-0.002050,-0.136652,-1.396242,-2.933815,0.071071,13.507042,-0.136652,-0.136652,-0.092855,-0.048595,0.557003,,,eodhd
run_20260426_191100,MSFT,stock,M15,engine_d_proxy,micro_breakout,atr_sl_mult=1.0|fee_guard_r=0.5|range_bars=3,both,all,REJECT,71,0.197183,0.412194,-0.002050,-0.002050,-0.136652,-1.396242,-2.933815,0.071071,13.507042,-0.136652,-0.136652,-0.092855,-0.048595,0.557003,,,eodhd
run_20260426_191100,MSFT,stock,M15,engine_d_proxy,micro_breakout,atr_sl_mult=0.5|fee_guard_r=0.5|range_bars=6,both,all,REJECT,39,0.230769,0.571304,-0.001661,-0.001661,-0.063710,-0.707812,-1.445855,0.039039,24.435897,-0.063710,-0.063710,-0.023294,-0.035265,0.479838,,,eodhd
run_20260426_191100,MSFT,stock,M15,engine_d_proxy,micro_breakout,atr_sl_mult=1.0|fee_guard_r=0.5|range_bars=6,both,all,REJECT,39,0.230769,0.571304,-0.001661,-0.001661,-0.063710,-0.707812,-1.445855,0.039039,24.435897,-0.063710,-0.063710,-0.023294,-0.035265,0.479838,,,eodhd
run_20260426_191100,MSFT,stock,M15,engine_d_proxy,ema_scalp_pullback,atr_sl_mult=0.5|ema_period=21,both,all,REJECT,90,0.144444,0.181765,-0.004298,-0.004298,-0.324665,-1.847979,-3.962726,0.090090,10.544444,-0.324665,-0.324665,-0.139826,-0.213061,0.542873,,,eodhd
run_20260426_191100,MSFT,stock,M15,engine_d_proxy,ema_scalp_pullback,atr_sl_mult=1.0|ema_period=21,both,all,REJECT,90,0.144444,0.191392,-0.004200,-0.004200,-0.318697,-1.802238,-3.849727,0.090090,10.888889,-0.318697,-0.318697,-0.135084,-0.210460,0.532601,,,eodhd
run_20260426_191100,NVDA,stock,M15,trend_momentum,ema_cross,adx_min=0|fast_period=10|rsi_confirm=False|slow_period=50,both,all,REJECT,36,0.083333,0.240394,-0.004683,-0.004683,-0.197168,-1.415355,-3.177888,0.036036,27.305556,-0.156670,-0.156670,-0.190355,0.048320,0.316000,,,eodhd
run_20260426_191100,NVDA,stock,M15,trend_momentum,ema_cross,adx_min=0|fast_period=10|rsi_confirm=True|slow_period=50,both,all,REJECT,33,0.090909,0.259047,-0.004625,-0.004625,-0.184199,-1.295807,-2.877452,0.033033,28.878788,-0.143047,-0.143047,-0.177276,0.048320,0.298000,,,eodhd
run_20260426_191100,NVDA,stock,M15,trend_momentum,ema_cross,adx_min=20|fast_period=10|rsi_confirm=False|slow_period=50,both,all,REJECT,36,0.083333,0.240394,-0.004683,-0.004683,-0.197168,-1.415355,-3.177888,0.036036,27.305556,-0.156670,-0.156670,-0.190355,0.048320,0.316000,,,eodhd
run_20260426_191100,NVDA,stock,M15,trend_momentum,ema_cross,adx_min=20|fast_period=10|rsi_confirm=True|slow_period=50,both,all,REJECT,33,0.090909,0.259047,-0.004625,-0.004625,-0.184199,-1.295807,-2.877452,0.033033,28.878788,-0.143047,-0.143047,-0.177276,0.048320,0.298000,,,eodhd
run_20260426_191100,NVDA,stock,M15,trend_momentum,ema_cross,adx_min=25|fast_period=10|rsi_confirm=False|slow_period=50,both,all,REJECT,32,0.093750,0.266079,-0.004599,-0.004599,-0.179724,-1.258904,-2.786850,0.032032,28.000000,-0.138346,-0.138346,-0.172763,0.048320,0.292000,,,eodhd
run_20260426_191100,NVDA,stock,M15,trend_momentum,ema_cross,adx_min=25|fast_period=10|rsi_confirm=True|slow_period=50,both,all,REJECT,29,0.103448,0.289121,-0.004524,-0.004524,-0.166473,-1.135614,-2.485098,0.029029,29.862069,-0.124427,-0.124427,-0.159399,0.048320,0.274000,,,eodhd
run_20260426_191100,NVDA,stock,M15,trend_momentum,ema_cross,adx_min=0|fast_period=10|rsi_confirm=False|slow_period=100,both,all,REJECT,35,0.085714,0.070979,-0.007317,-0.007317,-0.227227,-2.245982,-6.683688,0.035035,28.314286,-0.227227,-0.227227,-0.208484,-0.014981,0.331557,,,eodhd
run_20260426_191100,NVDA,stock,M15,trend_momentum,ema_cross,adx_min=0|fast_period=10|rsi_confirm=True|slow_period=100,both,all,REJECT,31,0.096774,0.077644,-0.007498,-0.007498,-0.208661,-2.086774,-6.129968,0.031031,29.741935,-0.208661,-0.208661,-0.189468,-0.014981,0.309720,,,eodhd
run_20260426_191100,NVDA,stock,M15,trend_momentum,ema_cross,adx_min=20|fast_period=10|rsi_confirm=False|slow_period=100,both,all,REJECT,35,0.085714,0.070979,-0.007317,-0.007317,-0.227227,-2.245982,-6.683688,0.035035,28.314286,-0.227227,-0.227227,-0.208484,-0.014981,0.331557,,,eodhd
run_20260426_191100,NVDA,stock,M15,trend_momentum,ema_cross,adx_min=20|fast_period=10|rsi_confirm=True|slow_period=100,both,all,REJECT,31,0.096774,0.077644,-0.007498,-0.007498,-0.208661,-2.086774,-6.129968,0.031031,29.741935,-0.208661,-0.208661,-0.189468,-0.014981,0.309720,,,eodhd
run_20260426_191100,NVDA,stock,M15,trend_momentum,ema_cross,adx_min=25|fast_period=10|rsi_confirm=False|slow_period=100,both,all,REJECT,32,0.093750,0.075027,-0.007538,-0.007538,-0.215621,-2.138254,-6.341386,0.032032,29.531250,-0.215621,-0.215621,-0.196597,-0.014981,0.314860,,,eodhd
run_20260426_191100,NVDA,stock,M15,trend_momentum,ema_cross,adx_min=25|fast_period=10|rsi_confirm=True|slow_period=100,both,all,REJECT,28,0.107143,0.082513,-0.007770,-0.007770,-0.196776,-1.975465,-5.786897,0.028028,31.285714,-0.196776,-0.196776,-0.177295,-0.014981,0.293349,,,eodhd
run_20260426_191100,NVDA,stock,M15,trend_momentum,ema_cross,adx_min=0|fast_period=10|rsi_confirm=False|slow_period=200,both,all,REJECT,25,0.000000,0.000000,-0.009768,-0.009768,-0.217967,-2.164069,-8.217072,0.025025,35.400000,-0.217967,-0.217967,-0.205385,-0.008736,0.262760,,,eodhd
run_20260426_191100,NVDA,stock,M15,trend_momentum,ema_cross,adx_min=0|fast_period=10|rsi_confirm=True|slow_period=200,both,all,REJECT,22,0.000000,0.000000,-0.010427,-0.010427,-0.206270,-2.055341,-8.111222,0.022022,39.636364,-0.206270,-0.206270,-0.193500,-0.008736,0.245544,,,eodhd
run_20260426_191100,NVDA,stock,M15,trend_momentum,ema_cross,adx_min=20|fast_period=10|rsi_confirm=False|slow_period=200,both,all,REJECT,25,0.000000,0.000000,-0.009768,-0.009768,-0.217967,-2.164069,-8.217072,0.025025,35.400000,-0.217967,-0.217967,-0.205385,-0.008736,0.262760,,,eodhd
run_20260426_191100,NVDA,stock,M15,trend_momentum,ema_cross,adx_min=20|fast_period=10|rsi_confirm=True|slow_period=200,both,all,REJECT,22,0.000000,0.000000,-0.010427,-0.010427,-0.206270,-2.055341,-8.111222,0.022022,39.636364,-0.206270,-0.206270,-0.193500,-0.008736,0.245544,,,eodhd
run_20260426_191100,NVDA,stock,M15,trend_momentum,ema_cross,adx_min=25|fast_period=10|rsi_confirm=False|slow_period=200,both,all,REJECT,23,0.000000,0.000000,-0.010114,-0.010114,-0.208834,-2.081867,-7.989710,0.023023,36.565217,-0.208834,-0.208834,-0.196105,-0.008736,0.251364,,,eodhd
run_20260426_191100,NVDA,stock,M15,trend_momentum,ema_cross,adx_min=25|fast_period=10|rsi_confirm=True|slow_period=200,both,all,REJECT,20,0.000000,0.000000,-0.010891,-0.010891,-0.197000,-1.971464,-7.946040,0.020020,41.400000,-0.197000,-0.197000,-0.184080,-0.008736,0.234237,,,eodhd
run_20260426_191100,NVDA,stock,M15,trend_momentum,ema_cross,adx_min=0|fast_period=20|rsi_confirm=False|slow_period=50,both,all,REJECT,30,0.066667,0.130645,-0.007950,-0.007950,-0.241361,-1.798848,-4.685756,0.030030,32.866667,-0.213964,-0.213964,-0.229157,0.028795,0.280000,,,eodhd
run_20260426_191100,NVDA,stock,M15,trend_momentum,ema_cross,adx_min=0|fast_period=20|rsi_confirm=True|slow_period=50,both,all,REJECT,28,0.071429,0.135826,-0.008144,-0.008144,-0.233359,-1.730140,-4.495923,0.028028,35.071429,-0.205673,-0.205673,-0.221027,0.028795,0.268000,,,eodhd
run_20260426_191100,NVDA,stock,M15,trend_momentum,ema_cross,adx_min=20|fast_period=20|rsi_confirm=False|slow_period=50,both,all,REJECT,30,0.066667,0.130645,-0.007950,-0.007950,-0.241361,-1.798848,-4.685756,0.030030,32.866667,-0.213964,-0.213964,-0.229157,0.028795,0.280000,,,eodhd
run_20260426_191100,NVDA,stock,M15,trend_momentum,ema_cross,adx_min=20|fast_period=20|rsi_confirm=True|slow_period=50,both,all,REJECT,28,0.071429,0.135826,-0.008144,-0.008144,-0.233359,-1.730140,-4.495923,0.028028,35.071429,-0.205673,-0.205673,-0.221027,0.028795,0.268000,,,eodhd
run_20260426_191100,NVDA,stock,M15,trend_momentum,ema_cross,adx_min=25|fast_period=20|rsi_confirm=False|slow_period=50,both,all,REJECT,26,0.038462,0.042440,-0.009534,-0.009534,-0.229512,-2.039131,-6.573162,0.026026,31.769231,-0.221047,-0.221047,-0.217118,0.003846,0.256000,,,eodhd
run_20260426_191100,NVDA,stock,M15,trend_momentum,ema_cross,adx_min=25|fast_period=20|rsi_confirm=True|slow_period=50,both,all,REJECT,24,0.041667,0.044227,-0.009893,-0.009893,-0.221386,-1.966822,-6.391683,0.024024,34.250000,-0.212831,-0.212831,-0.208861,0.003846,0.244000,,,eodhd
run_20260426_191100,NVDA,stock,M15,trend_momentum,ema_cross,adx_min=0|fast_period=20|rsi_confirm=False|slow_period=100,both,all,REJECT,27,0.000000,0.000000,-0.010800,-0.010800,-0.254578,-2.244062,-8.449891,0.027027,32.629630,-0.254578,-0.254578,-0.238176,-0.012114,0.277258,,,eodhd
run_20260426_191100,NVDA,stock,M15,trend_momentum,ema_cross,adx_min=0|fast_period=20|rsi_confirm=True|slow_period=100,both,all,REJECT,24,0.000000,0.000000,-0.011509,-0.011509,-0.242983,-2.144122,-8.406765,0.024024,36.208333,-0.242983,-0.242983,-0.226325,-0.012114,0.260057,,,eodhd
run_20260426_191100,NVDA,stock,M15,trend_momentum,ema_cross,adx_min=20|fast_period=20|rsi_confirm=False|slow_period=100,both,all,REJECT,27,0.000000,0.000000,-0.010800,-0.010800,-0.254578,-2.244062,-8.449891,0.027027,32.629630,-0.254578,-0.254578,-0.238176,-0.012114,0.277258,,,eodhd
run_20260426_191100,NVDA,stock,M15,trend_momentum,ema_cross,adx_min=20|fast_period=20|rsi_confirm=True|slow_period=100,both,all,REJECT,24,0.000000,0.000000,-0.011509,-0.011509,-0.242983,-2.144122,-8.406765,0.024024,36.208333,-0.242983,-0.242983,-0.226325,-0.012114,0.260057,,,eodhd
run_20260426_191100,NVDA,stock,M15,trend_momentum,ema_cross,adx_min=25|fast_period=20|rsi_confirm=False|slow_period=100,both,all,REJECT,27,0.000000,0.000000,-0.010800,-0.010800,-0.254578,-2.244062,-8.449891,0.027027,32.629630,-0.254578,-0.254578,-0.238176,-0.012114,0.277258,,,eodhd
run_20260426_191100,NVDA,stock,M15,trend_momentum,ema_cross,adx_min=25|fast_period=20|rsi_confirm=True|slow_period=100,both,all,REJECT,24,0.000000,0.000000,-0.011509,-0.011509,-0.242983,-2.144122,-8.406765,0.024024,36.208333,-0.242983,-0.242983,-0.226325,-0.012114,0.260057,,,eodhd
run_20260426_191100,NVDA,stock,M15,trend_momentum,ema_cross,adx_min=0|fast_period=20|rsi_confirm=False|slow_period=200,both,all,REJECT,23,0.000000,0.000000,-0.012051,-0.012051,-0.243847,-2.067044,-7.784468,0.023023,38.913043,-0.243847,-0.243847,-0.202214,-0.044989,0.304744,,,eodhd
run_20260426_191100,NVDA,stock,M15,trend_momentum,ema_cross,adx_min=0|fast_period=20|rsi_confirm=True|slow_period=200,both,all,REJECT,21,0.000000,0.000000,-0.012701,-0.012701,-0.235872,-2.000374,-7.818626,0.021021,42.428571,-0.235872,-0.235872,-0.193800,-0.044989,0.295642,,,eodhd
run_20260426_191100,NVDA,stock,M15,trend_momentum,ema_cross,adx_min=20|fast_period=20|rsi_confirm=False|slow_period=200,both,all,REJECT,23,0.000000,0.000000,-0.012051,-0.012051,-0.243847,-2.067044,-7.784468,0.023023,38.913043,-0.243847,-0.243847,-0.202214,-0.044989,0.304744,,,eodhd
run_20260426_191100,NVDA,stock,M15,trend_momentum,ema_cross,adx_min=20|fast_period=20|rsi_confirm=True|slow_period=200,both,all,REJECT,21,0.000000,0.000000,-0.012701,-0.012701,-0.235872,-2.000374,-7.818626,0.021021,42.428571,-0.235872,-0.235872,-0.193800,-0.044989,0.295642,,,eodhd
run_20260426_191100,NVDA,stock,M15,trend_momentum,ema_cross,adx_min=25|fast_period=20|rsi_confirm=False|slow_period=200,both,all,REJECT,23,0.000000,0.000000,-0.012051,-0.012051,-0.243847,-2.067044,-7.784468,0.023023,38.913043,-0.243847,-0.243847,-0.202214,-0.044989,0.304744,,,eodhd
run_20260426_191100,NVDA,stock,M15,trend_momentum,ema_cross,adx_min=25|fast_period=20|rsi_confirm=True|slow_period=200,both,all,REJECT,21,0.000000,0.000000,-0.012701,-0.012701,-0.235872,-2.000374,-7.818626,0.021021,42.428571,-0.235872,-0.235872,-0.193800,-0.044989,0.295642,,,eodhd
run_20260426_191100,NVDA,stock,M15,trend_momentum,ema_alignment,adx_min=0|ema_long=200|ema_mid=50|ema_short=20,both,all,REJECT,23,0.043478,0.032678,-0.010450,-0.010450,-0.215145,-1.977553,-6.747979,0.023023,32.565217,-0.215145,-0.215145,-0.191172,-0.029639,0.284511,,,eodhd
run_20260426_191100,NVDA,stock,M15,trend_momentum,ema_alignment,adx_min=20|ema_long=200|ema_mid=50|ema_short=20,both,all,REJECT,23,0.043478,0.032678,-0.010450,-0.010450,-0.215145,-1.977553,-6.747979,0.023023,32.565217,-0.215145,-0.215145,-0.191172,-0.029639,0.284511,,,eodhd
run_20260426_191100,NVDA,stock,M15,trend_momentum,ema_alignment,adx_min=25|ema_long=200|ema_mid=50|ema_short=20,both,all,REJECT,22,0.045455,0.033291,-0.010717,-0.010717,-0.211539,-1.944240,-6.709770,0.022022,33.454545,-0.211539,-0.211539,-0.187456,-0.029639,0.279433,,,eodhd
run_20260426_191100,NVDA,stock,M15,trend_momentum,macd_direction,adx_min=0|fast=12|signal_period=9|slow=26,both,all,REJECT,73,0.260274,0.354630,-0.003300,-0.003300,-0.226353,-1.568148,-3.337427,0.073073,13.575342,-0.216463,-0.216463,-0.033427,-0.184937,0.400000,,,eodhd
run_20260426_191100,NVDA,stock,M15,trend_momentum,macd_direction,adx_min=20|fast=12|signal_period=9|slow=26,both,all,REJECT,69,0.246377,0.352797,-0.003379,-0.003379,-0.219729,-1.535117,-3.271353,0.069069,13.594203,-0.210318,-0.210318,-0.034116,-0.177959,0.400000,,,eodhd
run_20260426_191100,NVDA,stock,M15,pullback,pullback_ema,pullback_period=20|rsi_reclaim=False|rsi_threshold=50|trend_period=200,both,all,REJECT,58,0.120690,0.189771,-0.003053,-0.003053,-0.162955,-2.217380,-5.344256,0.058058,7.517241,-0.162955,-0.162955,-0.149915,-0.010158,0.420327,,,eodhd
run_20260426_191100,NVDA,stock,M15,pullback,pullback_ema,pullback_period=20|rsi_reclaim=True|rsi_threshold=50|trend_period=200,both,all,REJECT,51,0.137255,0.214360,-0.002980,-0.002980,-0.141663,-1.963673,-4.625192,0.051051,7.960784,-0.141663,-0.141663,-0.128291,-0.010158,0.423753,,,eodhd
run_20260426_191100,NVDA,stock,M15,pullback,pullback_ema,pullback_period=50|rsi_reclaim=False|rsi_threshold=50|trend_period=200,both,all,REJECT,45,0.066667,0.051805,-0.003813,-0.003813,-0.158133,-2.681191,-8.502296,0.045045,11.444444,-0.158133,-0.158133,-0.135935,-0.020371,0.414957,,,eodhd
run_20260426_191100,NVDA,stock,M15,pullback,pullback_ema,pullback_period=50|rsi_reclaim=True|rsi_threshold=50|trend_period=200,both,all,REJECT,23,0.086957,0.107951,-0.003288,-0.003288,-0.074699,-1.697340,-4.714392,0.023023,15.217391,-0.073074,-0.073074,-0.069829,0.001952,0.238000,,,eodhd
run_20260426_191100,NVDA,stock,M15,breakout,prev_day_hl,atr_expand_min=0.0,both,all,NEEDS_MORE_DATA,10,,,,,,,,,,,,,,,,only 10 trades < min 20,eodhd
run_20260426_191100,NVDA,stock,M15,breakout,prev_day_hl,atr_expand_min=0.5,both,all,NEEDS_MORE_DATA,8,,,,,,,,,,,,,,,,only 8 trades < min 20,eodhd
run_20260426_191100,NVDA,stock,M15,breakout,prev_day_hl,atr_expand_min=1.0,both,all,NEEDS_MORE_DATA,8,,,,,,,,,,,,,,,,only 8 trades < min 20,eodhd
run_20260426_191100,NVDA,stock,M15,breakout,session_opening_range,atr_expand_min=0.0|range_bars=6,both,all,REJECT,54,0.166667,0.123309,-0.007002,-0.007002,-0.317106,-2.366357,-6.031840,0.054054,18.296296,-0.317106,-0.317106,-0.161025,-0.186440,0.652651,,,eodhd
run_20260426_191100,NVDA,stock,M15,breakout,session_opening_range,atr_expand_min=0.5|range_bars=6,both,all,REJECT,38,0.157895,0.112686,-0.006576,-0.006576,-0.222576,-2.061289,-5.423703,0.038038,18.157895,-0.222576,-0.222576,-0.136823,-0.094606,0.535434,,,eodhd
run_20260426_191100,NVDA,stock,M15,breakout,session_opening_range,atr_expand_min=0.0|range_bars=12,both,all,REJECT,22,0.227273,0.325808,-0.005378,-0.005378,-0.127327,-0.986832,-2.160093,0.022022,42.909091,-0.113207,-0.113207,-0.101619,-0.011749,0.266687,,,eodhd
run_20260426_191100,NVDA,stock,M15,breakout,session_opening_range,atr_expand_min=0.5|range_bars=12,both,all,REJECT,21,0.238095,0.327975,-0.005579,-0.005579,-0.126316,-0.976613,-2.143753,0.021021,43.333333,-0.112180,-0.112180,-0.107138,-0.016368,0.271834,,,eodhd
run_20260426_191100,NVDA,stock,M15,breakout,london_breakout,atr_expand_min=0.0|utc_end=11|utc_start=7,both,all,NEEDS_MORE_DATA,12,,,,,,,,,,,,,,,,only 12 trades < min 20,eodhd
run_20260426_191100,NVDA,stock,M15,breakout,london_breakout,atr_expand_min=0.5|utc_end=11|utc_start=7,both,all,NEEDS_MORE_DATA,4,,,,,,,,,,,,,,,,only 4 trades < min 20,eodhd
run_20260426_191100,NVDA,stock,M15,breakout,ny_breakout,atr_expand_min=0.0|utc_end=16|utc_start=13,both,all,NEEDS_MORE_DATA,13,,,,,,,,,,,,,,,,only 13 trades < min 20,eodhd
run_20260426_191100,NVDA,stock,M15,breakout,ny_breakout,atr_expand_min=0.5|utc_end=16|utc_start=13,both,all,NEEDS_MORE_DATA,12,,,,,,,,,,,,,,,,only 12 trades < min 20,eodhd
run_20260426_191100,NVDA,stock,M15,mean_reversion,rsi_extreme,overbought=70|oversold=30|period=14,both,all,NEEDS_MORE_DATA,19,,,,,,,,,,,,,,,,only 19 trades < min 20,eodhd
run_20260426_191100,NVDA,stock,M15,mean_reversion,rsi_extreme,overbought=75|oversold=30|period=14,both,all,NEEDS_MORE_DATA,15,,,,,,,,,,,,,,,,only 15 trades < min 20,eodhd
run_20260426_191100,NVDA,stock,M15,mean_reversion,rsi_extreme,overbought=70|oversold=25|period=14,both,all,NEEDS_MORE_DATA,16,,,,,,,,,,,,,,,,only 16 trades < min 20,eodhd
run_20260426_191100,NVDA,stock,M15,mean_reversion,rsi_extreme,overbought=75|oversold=25|period=14,both,all,NEEDS_MORE_DATA,12,,,,,,,,,,,,,,,,only 12 trades < min 20,eodhd
run_20260426_191100,NVDA,stock,M15,mean_reversion,bollinger_touch,num_std=2.0|period=20,both,all,REJECT,40,0.500000,0.588837,-0.001236,-0.001236,-0.079452,-0.505946,-1.020383,0.040040,15.800000,-0.049377,-0.049377,-0.028123,-0.021868,0.573275,,,eodhd
run_20260426_191100,NVDA,stock,M15,mean_reversion,bollinger_touch,num_std=2.5|period=20,both,all,WEAK_CANDIDATE,33,0.545455,1.046509,0.000109,0.000109,-0.053436,0.041166,0.082013,0.033033,14.151515,0.002630,0.002630,0.004774,-0.002134,0.490770,,,eodhd
run_20260426_191100,NVDA,stock,M15,mean_reversion,vwap_deviation,std_threshold=1.5,both,all,NEEDS_MORE_DATA,16,,,,,,,,,,,,,,,,only 16 trades < min 20,eodhd
run_20260426_191100,NVDA,stock,M15,mean_reversion,vwap_deviation,std_threshold=2.0,both,all,NEEDS_MORE_DATA,12,,,,,,,,,,,,,,,,only 12 trades < min 20,eodhd
run_20260426_191100,NVDA,stock,M15,volatility,bb_squeeze_breakout,confirm_ema=True|period=20|squeeze_pct=20,both,all,REJECT,20,0.200000,0.873385,-0.000390,-0.000390,-0.030196,-0.096319,-0.192045,0.020020,11.000000,-0.008578,-0.008578,-0.019012,0.010637,0.220000,,,eodhd
run_20260426_191100,NVDA,stock,M15,volatility,bb_squeeze_breakout,confirm_ema=False|period=20|squeeze_pct=20,both,all,REJECT,20,0.200000,0.816523,-0.000605,-0.000605,-0.034365,-0.147702,-0.294855,0.020020,11.750000,-0.012840,-0.012840,-0.023230,0.010637,0.220000,,,eodhd
run_20260426_191100,NVDA,stock,M15,volatility,bb_squeeze_breakout,confirm_ema=True|period=20|squeeze_pct=30,both,all,REJECT,29,0.275862,0.961466,-0.000111,-0.000111,-0.051849,-0.035348,-0.070421,0.029029,9.448276,-0.004243,-0.004243,-0.030507,0.032503,0.274000,,,eodhd
run_20260426_191100,NVDA,stock,M15,volatility,bb_squeeze_breakout,confirm_ema=False|period=20|squeeze_pct=30,both,all,REJECT,29,0.275862,0.961784,-0.000110,-0.000110,-0.051818,-0.035128,-0.069983,0.029029,10.241379,-0.004211,-0.004211,-0.030476,0.032503,0.274000,,,eodhd
run_20260426_191100,NVDA,stock,M15,volatility,atr_compression,confirm_ema=True|period=14|squeeze_pct=20,both,all,NEEDS_MORE_DATA,19,,,,,,,,,,,,,,,,only 19 trades < min 20,eodhd
run_20260426_191100,NVDA,stock,M15,volatility,atr_compression,confirm_ema=False|period=14|squeeze_pct=20,both,all,REJECT,22,0.045455,0.258830,-0.003916,-0.003916,-0.110167,-1.010432,-2.222937,0.022022,15.590909,-0.083392,-0.083392,-0.085471,0.005662,0.232000,,,eodhd
run_20260426_191100,NVDA,stock,M15,volatility,atr_compression,confirm_ema=True|period=14|squeeze_pct=30,both,all,NEEDS_MORE_DATA,17,,,,,,,,,,,,,,,,only 17 trades < min 20,eodhd
run_20260426_191100,NVDA,stock,M15,volatility,atr_compression,confirm_ema=False|period=14|squeeze_pct=30,both,all,REJECT,21,0.047619,0.154131,-0.005253,-0.005253,-0.110191,-1.351314,-3.307983,0.021021,12.095238,-0.105206,-0.105206,-0.087095,-0.016524,0.282917,,,eodhd
run_20260426_191100,NVDA,stock,M15,engine_b_proxy,ob_bos,require_engulf=False|require_vol_expand=False|swing_period=5,both,all,NEEDS_MORE_DATA,13,,,,,,,,,,,,,,,,only 13 trades < min 20,eodhd
run_20260426_191100,NVDA,stock,M15,engine_b_proxy,ob_bos,require_engulf=False|require_vol_expand=True|swing_period=5,both,all,NEEDS_MORE_DATA,11,,,,,,,,,,,,,,,,only 11 trades < min 20,eodhd
run_20260426_191100,NVDA,stock,M15,engine_b_proxy,ob_bos,require_engulf=True|require_vol_expand=False|swing_period=5,both,all,NEEDS_MORE_DATA,12,,,,,,,,,,,,,,,,only 12 trades < min 20,eodhd
run_20260426_191100,NVDA,stock,M15,engine_b_proxy,ob_bos,require_engulf=True|require_vol_expand=True|swing_period=5,both,all,NEEDS_MORE_DATA,11,,,,,,,,,,,,,,,,only 11 trades < min 20,eodhd
run_20260426_191100,NVDA,stock,M15,engine_b_proxy,ob_bos,require_engulf=False|require_vol_expand=False|swing_period=10,both,all,NEEDS_MORE_DATA,3,,,,,,,,,,,,,,,,only 3 trades < min 20,eodhd
run_20260426_191100,NVDA,stock,M15,engine_b_proxy,ob_bos,require_engulf=False|require_vol_expand=True|swing_period=10,both,all,NEEDS_MORE_DATA,3,,,,,,,,,,,,,,,,only 3 trades < min 20,eodhd
run_20260426_191100,NVDA,stock,M15,engine_b_proxy,ob_bos,require_engulf=True|require_vol_expand=False|swing_period=10,both,all,NEEDS_MORE_DATA,3,,,,,,,,,,,,,,,,only 3 trades < min 20,eodhd
run_20260426_191100,NVDA,stock,M15,engine_b_proxy,ob_bos,require_engulf=True|require_vol_expand=True|swing_period=10,both,all,NEEDS_MORE_DATA,3,,,,,,,,,,,,,,,,only 3 trades < min 20,eodhd
run_20260426_191100,NVDA,stock,M15,engine_b_proxy,structure_filters,fvg_detection=False|strong_close_pct=0.7,both,all,REJECT,254,0.188976,0.292852,-0.002120,-0.002120,-0.431760,-3.423283,-7.338718,0.254254,3.755906,-0.418241,-0.418241,-0.387068,-0.051535,0.439943,,,eodhd
run_20260426_191100,NVDA,stock,M15,engine_b_proxy,structure_filters,fvg_detection=True|strong_close_pct=0.7,both,all,REJECT,28,0.178571,0.133199,-0.003758,-0.003758,-0.100339,-1.679264,-4.277621,0.028028,13.714286,-0.100339,-0.100339,-0.052023,-0.050967,0.561908,,,eodhd
run_20260426_191100,NVDA,stock,M15,engine_b_proxy,structure_filters,fvg_detection=False|strong_close_pct=0.8,both,all,REJECT,178,0.224719,0.400493,-0.001918,-0.001918,-0.307858,-2.206200,-4.604978,0.178178,5.219101,-0.291392,-0.291392,-0.249979,-0.052047,0.462462,,,eodhd
run_20260426_191100,NVDA,stock,M15,engine_b_proxy,structure_filters,fvg_detection=True|strong_close_pct=0.8,both,all,REJECT,20,0.150000,0.112231,-0.004097,-0.004097,-0.079031,-1.469577,-3.843708,0.020020,14.050000,-0.079031,-0.079031,-0.044045,-0.036599,0.469282,,,eodhd
run_20260426_191100,NVDA,stock,M15,engine_d_proxy,vwap_reclaim,atr_sl_mult=0.5|band_std=0.5,both,all,NEEDS_MORE_DATA,14,,,,,,,,,,,,,,,,only 14 trades < min 20,eodhd
run_20260426_191100,NVDA,stock,M15,engine_d_proxy,vwap_reclaim,atr_sl_mult=1.0|band_std=0.5,both,all,NEEDS_MORE_DATA,14,,,,,,,,,,,,,,,,only 14 trades < min 20,eodhd
run_20260426_191100,NVDA,stock,M15,engine_d_proxy,vwap_reclaim,atr_sl_mult=0.5|band_std=1.0,both,all,NEEDS_MORE_DATA,9,,,,,,,,,,,,,,,,only 9 trades < min 20,eodhd
run_20260426_191100,NVDA,stock,M15,engine_d_proxy,vwap_reclaim,atr_sl_mult=1.0|band_std=1.0,both,all,NEEDS_MORE_DATA,9,,,,,,,,,,,,,,,,only 9 trades < min 20,eodhd
run_20260426_191100,NVDA,stock,M15,engine_d_proxy,micro_breakout,atr_sl_mult=0.5|fee_guard_r=0.5|range_bars=3,both,all,REJECT,82,0.243902,0.376336,-0.002654,-0.002654,-0.198932,-1.621680,-3.437483,0.082082,12.109756,-0.197429,-0.197429,-0.147689,-0.053214,0.508094,,,eodhd
run_20260426_191100,NVDA,stock,M15,engine_d_proxy,micro_breakout,atr_sl_mult=1.0|fee_guard_r=0.5|range_bars=3,both,all,REJECT,82,0.243902,0.376336,-0.002654,-0.002654,-0.198932,-1.621680,-3.437483,0.082082,12.109756,-0.197429,-0.197429,-0.147689,-0.053214,0.508094,,,eodhd
run_20260426_191100,NVDA,stock,M15,engine_d_proxy,micro_breakout,atr_sl_mult=0.5|fee_guard_r=0.5|range_bars=6,both,all,REJECT,54,0.166667,0.123309,-0.007002,-0.007002,-0.317106,-2.366357,-6.031840,0.054054,18.296296,-0.317106,-0.317106,-0.161025,-0.186440,0.652651,,,eodhd
run_20260426_191100,NVDA,stock,M15,engine_d_proxy,micro_breakout,atr_sl_mult=1.0|fee_guard_r=0.5|range_bars=6,both,all,REJECT,54,0.166667,0.123309,-0.007002,-0.007002,-0.317106,-2.366357,-6.031840,0.054054,18.296296,-0.317106,-0.317106,-0.161025,-0.186440,0.652651,,,eodhd
run_20260426_191100,NVDA,stock,M15,engine_d_proxy,ema_scalp_pullback,atr_sl_mult=0.5|ema_period=21,both,all,REJECT,104,0.144231,0.364064,-0.002225,-0.002225,-0.226178,-1.693078,-3.551166,0.104104,9.403846,-0.208470,-0.208470,-0.218187,0.017960,0.400000,,,eodhd
run_20260426_191100,NVDA,stock,M15,engine_d_proxy,ema_scalp_pullback,atr_sl_mult=1.0|ema_period=21,both,all,REJECT,104,0.144231,0.364064,-0.002225,-0.002225,-0.226178,-1.693078,-3.551166,0.104104,9.403846,-0.208470,-0.208470,-0.218187,0.017960,0.400000,,,eodhd
run_20260426_191100,AAPL,stock,M15,trend_momentum,ema_cross,adx_min=0|fast_period=10|rsi_confirm=False|slow_period=50,both,all,REJECT,28,0.035714,0.154027,-0.007642,-0.007642,-0.194832,-1.463857,-3.473448,0.028028,28.642857,-0.194832,-0.194832,-0.122165,-0.075306,0.452929,,,eodhd
run_20260426_191100,AAPL,stock,M15,trend_momentum,ema_cross,adx_min=0|fast_period=10|rsi_confirm=True|slow_period=50,both,all,REJECT,28,0.035714,0.154027,-0.007642,-0.007642,-0.194832,-1.463857,-3.473448,0.028028,28.642857,-0.194832,-0.194832,-0.122165,-0.075306,0.452929,,,eodhd
run_20260426_191100,AAPL,stock,M15,trend_momentum,ema_cross,adx_min=20|fast_period=10|rsi_confirm=False|slow_period=50,both,all,REJECT,25,0.040000,0.172149,-0.007494,-0.007494,-0.173004,-1.310411,-3.046384,0.025025,30.320000,-0.173004,-0.173004,-0.098367,-0.075306,0.479669,,,eodhd
run_20260426_191100,AAPL,stock,M15,trend_momentum,ema_cross,adx_min=20|fast_period=10|rsi_confirm=True|slow_period=50,both,all,REJECT,25,0.040000,0.172149,-0.007494,-0.007494,-0.173004,-1.310411,-3.046384,0.025025,30.320000,-0.173004,-0.173004,-0.098367,-0.075306,0.479669,,,eodhd
run_20260426_191100,AAPL,stock,M15,trend_momentum,ema_cross,adx_min=25|fast_period=10|rsi_confirm=False|slow_period=50,both,all,REJECT,25,0.040000,0.172149,-0.007494,-0.007494,-0.173004,-1.310411,-3.046384,0.025025,30.320000,-0.173004,-0.173004,-0.098367,-0.075306,0.479669,,,eodhd
run_20260426_191100,AAPL,stock,M15,trend_momentum,ema_cross,adx_min=25|fast_period=10|rsi_confirm=True|slow_period=50,both,all,REJECT,25,0.040000,0.172149,-0.007494,-0.007494,-0.173004,-1.310411,-3.046384,0.025025,30.320000,-0.173004,-0.173004,-0.098367,-0.075306,0.479669,,,eodhd
run_20260426_191100,AAPL,stock,M15,trend_momentum,ema_cross,adx_min=0|fast_period=10|rsi_confirm=False|slow_period=100,both,all,REJECT,26,0.038462,0.160441,-0.007566,-0.007566,-0.180665,-1.390086,-3.279990,0.026026,30.846154,-0.180665,-0.180665,-0.108182,-0.074075,0.461418,,,eodhd
run_20260426_191100,AAPL,stock,M15,trend_momentum,ema_cross,adx_min=0|fast_period=10|rsi_confirm=True|slow_period=100,both,all,REJECT,26,0.038462,0.160441,-0.007566,-0.007566,-0.180665,-1.390086,-3.279990,0.026026,30.846154,-0.180665,-0.180665,-0.108182,-0.074075,0.461418,,,eodhd
run_20260426_191100,AAPL,stock,M15,trend_momentum,ema_cross,adx_min=20|fast_period=10|rsi_confirm=False|slow_period=100,both,all,REJECT,23,0.043478,0.179387,-0.007477,-0.007477,-0.160043,-1.241926,-2.875910,0.023023,33.086957,-0.160043,-0.160043,-0.085735,-0.074075,0.497199,,,eodhd
run_20260426_191100,AAPL,stock,M15,trend_momentum,ema_cross,adx_min=20|fast_period=10|rsi_confirm=True|slow_period=100,both,all,REJECT,23,0.043478,0.179387,-0.007477,-0.007477,-0.160043,-1.241926,-2.875910,0.023023,33.086957,-0.160043,-0.160043,-0.085735,-0.074075,0.497199,,,eodhd
run_20260426_191100,AAPL,stock,M15,trend_momentum,ema_cross,adx_min=25|fast_period=10|rsi_confirm=False|slow_period=100,both,all,REJECT,23,0.043478,0.179387,-0.007477,-0.007477,-0.160043,-1.241926,-2.875910,0.023023,33.086957,-0.160043,-0.160043,-0.085735,-0.074075,0.497199,,,eodhd
run_20260426_191100,AAPL,stock,M15,trend_momentum,ema_cross,adx_min=25|fast_period=10|rsi_confirm=True|slow_period=100,both,all,REJECT,23,0.043478,0.179387,-0.007477,-0.007477,-0.160043,-1.241926,-2.875910,0.023023,33.086957,-0.160043,-0.160043,-0.085735,-0.074075,0.497199,,,eodhd
run_20260426_191100,AAPL,stock,M15,trend_momentum,ema_cross,adx_min=0|fast_period=10|rsi_confirm=False|slow_period=200,both,all,NEEDS_MORE_DATA,18,,,,,,,,,,,,,,,,only 18 trades < min 20,eodhd
run_20260426_191100,AAPL,stock,M15,trend_momentum,ema_cross,adx_min=0|fast_period=10|rsi_confirm=True|slow_period=200,both,all,NEEDS_MORE_DATA,18,,,,,,,,,,,,,,,,only 18 trades < min 20,eodhd
run_20260426_191100,AAPL,stock,M15,trend_momentum,ema_cross,adx_min=20|fast_period=10|rsi_confirm=False|slow_period=200,both,all,NEEDS_MORE_DATA,17,,,,,,,,,,,,,,,,only 17 trades < min 20,eodhd
run_20260426_191100,AAPL,stock,M15,trend_momentum,ema_cross,adx_min=20|fast_period=10|rsi_confirm=True|slow_period=200,both,all,NEEDS_MORE_DATA,17,,,,,,,,,,,,,,,,only 17 trades < min 20,eodhd
run_20260426_191100,AAPL,stock,M15,trend_momentum,ema_cross,adx_min=25|fast_period=10|rsi_confirm=False|slow_period=200,both,all,NEEDS_MORE_DATA,16,,,,,,,,,,,,,,,,only 16 trades < min 20,eodhd
run_20260426_191100,AAPL,stock,M15,trend_momentum,ema_cross,adx_min=25|fast_period=10|rsi_confirm=True|slow_period=200,both,all,NEEDS_MORE_DATA,16,,,,,,,,,,,,,,,,only 16 trades < min 20,eodhd
run_20260426_191100,AAPL,stock,M15,trend_momentum,ema_cross,adx_min=0|fast_period=20|rsi_confirm=False|slow_period=50,both,all,REJECT,20,0.050000,0.266810,-0.005229,-0.005229,-0.100528,-1.003334,-2.228677,0.020020,40.300000,-0.100528,-0.100528,-0.088163,-0.005830,0.239838,,,eodhd
run_20260426_191100,AAPL,stock,M15,trend_momentum,ema_cross,adx_min=0|fast_period=20|rsi_confirm=True|slow_period=50,both,all,NEEDS_MORE_DATA,19,,,,,,,,,,,,,,,,only 19 trades < min 20,eodhd
run_20260426_191100,AAPL,stock,M15,trend_momentum,ema_cross,adx_min=20|fast_period=20|rsi_confirm=False|slow_period=50,both,all,NEEDS_MORE_DATA,18,,,,,,,,,,,,,,,,only 18 trades < min 20,eodhd
run_20260426_191100,AAPL,stock,M15,trend_momentum,ema_cross,adx_min=20|fast_period=20|rsi_confirm=True|slow_period=50,both,all,NEEDS_MORE_DATA,17,,,,,,,,,,,,,,,,only 17 trades < min 20,eodhd
run_20260426_191100,AAPL,stock,M15,trend_momentum,ema_cross,adx_min=25|fast_period=20|rsi_confirm=False|slow_period=50,both,all,NEEDS_MORE_DATA,17,,,,,,,,,,,,,,,,only 17 trades < min 20,eodhd
run_20260426_191100,AAPL,stock,M15,trend_momentum,ema_cross,adx_min=25|fast_period=20|rsi_confirm=True|slow_period=50,both,all,NEEDS_MORE_DATA,16,,,,,,,,,,,,,,,,only 16 trades < min 20,eodhd
run_20260426_191100,AAPL,stock,M15,trend_momentum,ema_cross,adx_min=0|fast_period=20|rsi_confirm=False|slow_period=100,both,all,NEEDS_MORE_DATA,14,,,,,,,,,,,,,,,,only 14 trades < min 20,eodhd
run_20260426_191100,AAPL,stock,M15,trend_momentum,ema_cross,adx_min=0|fast_period=20|rsi_confirm=True|slow_period=100,both,all,NEEDS_MORE_DATA,14,,,,,,,,,,,,,,,,only 14 trades < min 20,eodhd
run_20260426_191100,AAPL,stock,M15,trend_momentum,ema_cross,adx_min=20|fast_period=20|rsi_confirm=False|slow_period=100,both,all,NEEDS_MORE_DATA,11,,,,,,,,,,,,,,,,only 11 trades < min 20,eodhd
run_20260426_191100,AAPL,stock,M15,trend_momentum,ema_cross,adx_min=20|fast_period=20|rsi_confirm=True|slow_period=100,both,all,NEEDS_MORE_DATA,11,,,,,,,,,,,,,,,,only 11 trades < min 20,eodhd
run_20260426_191100,AAPL,stock,M15,trend_momentum,ema_cross,adx_min=25|fast_period=20|rsi_confirm=False|slow_period=100,both,all,NEEDS_MORE_DATA,10,,,,,,,,,,,,,,,,only 10 trades < min 20,eodhd
run_20260426_191100,AAPL,stock,M15,trend_momentum,ema_cross,adx_min=25|fast_period=20|rsi_confirm=True|slow_period=100,both,all,NEEDS_MORE_DATA,10,,,,,,,,,,,,,,,,only 10 trades < min 20,eodhd
run_20260426_191100,AAPL,stock,M15,trend_momentum,ema_cross,adx_min=0|fast_period=20|rsi_confirm=False|slow_period=200,both,all,NEEDS_MORE_DATA,14,,,,,,,,,,,,,,,,only 14 trades < min 20,eodhd
run_20260426_191100,AAPL,stock,M15,trend_momentum,ema_cross,adx_min=0|fast_period=20|rsi_confirm=True|slow_period=200,both,all,NEEDS_MORE_DATA,14,,,,,,,,,,,,,,,,only 14 trades < min 20,eodhd
run_20260426_191100,AAPL,stock,M15,trend_momentum,ema_cross,adx_min=20|fast_period=20|rsi_confirm=False|slow_period=200,both,all,NEEDS_MORE_DATA,13,,,,,,,,,,,,,,,,only 13 trades < min 20,eodhd
run_20260426_191100,AAPL,stock,M15,trend_momentum,ema_cross,adx_min=20|fast_period=20|rsi_confirm=True|slow_period=200,both,all,NEEDS_MORE_DATA,13,,,,,,,,,,,,,,,,only 13 trades < min 20,eodhd
run_20260426_191100,AAPL,stock,M15,trend_momentum,ema_cross,adx_min=25|fast_period=20|rsi_confirm=False|slow_period=200,both,all,NEEDS_MORE_DATA,13,,,,,,,,,,,,,,,,only 13 trades < min 20,eodhd
run_20260426_191100,AAPL,stock,M15,trend_momentum,ema_cross,adx_min=25|fast_period=20|rsi_confirm=True|slow_period=200,both,all,NEEDS_MORE_DATA,13,,,,,,,,,,,,,,,,only 13 trades < min 20,eodhd
run_20260426_191100,AAPL,stock,M15,trend_momentum,ema_alignment,adx_min=0|ema_long=200|ema_mid=50|ema_short=20,both,all,NEEDS_MORE_DATA,14,,,,,,,,,,,,,,,,only 14 trades < min 20,eodhd
run_20260426_191100,AAPL,stock,M15,trend_momentum,ema_alignment,adx_min=20|ema_long=200|ema_mid=50|ema_short=20,both,all,NEEDS_MORE_DATA,14,,,,,,,,,,,,,,,,only 14 trades < min 20,eodhd
run_20260426_191100,AAPL,stock,M15,trend_momentum,ema_alignment,adx_min=25|ema_long=200|ema_mid=50|ema_short=20,both,all,NEEDS_MORE_DATA,13,,,,,,,,,,,,,,,,only 13 trades < min 20,eodhd
run_20260426_191100,AAPL,stock,M15,trend_momentum,macd_direction,adx_min=0|fast=12|signal_period=9|slow=26,both,all,REJECT,82,0.146341,0.112146,-0.004315,-0.004315,-0.299583,-2.685948,-6.490717,0.082082,12.060976,-0.299583,-0.299583,-0.177399,-0.145528,0.646103,,,eodhd
run_20260426_191100,AAPL,stock,M15,trend_momentum,macd_direction,adx_min=20|fast=12|signal_period=9|slow=26,both,all,REJECT,79,0.151899,0.114920,-0.004357,-0.004357,-0.292802,-2.620974,-6.321193,0.079079,12.025316,-0.292802,-0.292802,-0.172184,-0.142690,0.648611,,,eodhd
run_20260426_191100,AAPL,stock,M15,pullback,pullback_ema,pullback_period=20|rsi_reclaim=False|rsi_threshold=50|trend_period=200,both,all,REJECT,68,0.102941,0.186585,-0.003228,-0.003228,-0.214834,-2.111206,-4.831826,0.068068,8.985294,-0.198219,-0.198219,-0.148872,-0.054333,0.509491,,,eodhd
run_20260426_191100,AAPL,stock,M15,pullback,pullback_ema,pullback_period=20|rsi_reclaim=True|rsi_threshold=50|trend_period=200,both,all,REJECT,62,0.112903,0.196839,-0.003314,-0.003314,-0.203703,-1.987994,-4.534452,0.062062,9.258065,-0.186853,-0.186853,-0.139580,-0.051284,0.510224,,,eodhd
run_20260426_191100,AAPL,stock,M15,pullback,pullback_ema,pullback_period=50|rsi_reclaim=False|rsi_threshold=50|trend_period=200,both,all,REJECT,42,0.095238,0.374789,-0.003259,-0.003259,-0.160287,-0.980750,-2.044735,0.042042,17.857143,-0.130058,-0.130058,-0.117434,-0.008500,0.373714,,,eodhd
run_20260426_191100,AAPL,stock,M15,pullback,pullback_ema,pullback_period=50|rsi_reclaim=True|rsi_threshold=50|trend_period=200,both,all,REJECT,38,0.078947,0.267702,-0.004079,-0.004079,-0.175103,-1.194862,-2.571779,0.038038,15.684211,-0.145407,-0.145407,-0.133006,-0.008500,0.347172,,,eodhd
run_20260426_191100,AAPL,stock,M15,breakout,prev_day_hl,atr_expand_min=0.0,both,all,NEEDS_MORE_DATA,4,,,,,,,,,,,,,,,,only 4 trades < min 20,eodhd
run_20260426_191100,AAPL,stock,M15,breakout,prev_day_hl,atr_expand_min=0.5,both,all,NEEDS_MORE_DATA,4,,,,,,,,,,,,,,,,only 4 trades < min 20,eodhd
run_20260426_191100,AAPL,stock,M15,breakout,prev_day_hl,atr_expand_min=1.0,both,all,NEEDS_MORE_DATA,4,,,,,,,,,,,,,,,,only 4 trades < min 20,eodhd
run_20260426_191100,AAPL,stock,M15,breakout,session_opening_range,atr_expand_min=0.0|range_bars=6,both,all,REJECT,45,0.200000,0.261576,-0.003697,-0.003697,-0.154251,-1.755353,-4.063453,0.045045,21.777778,-0.154251,-0.154251,-0.122538,-0.029449,0.442098,,,eodhd
run_20260426_191100,AAPL,stock,M15,breakout,session_opening_range,atr_expand_min=0.5|range_bars=6,both,all,REJECT,39,0.205128,0.288741,-0.003516,-0.003516,-0.133050,-1.553149,-3.539391,0.039039,22.461538,-0.128990,-0.128990,-0.107241,-0.017587,0.383199,,,eodhd
run_20260426_191100,AAPL,stock,M15,breakout,session_opening_range,atr_expand_min=0.0|range_bars=12,both,all,REJECT,23,0.173913,0.573384,-0.002114,-0.002114,-0.084287,-0.437122,-0.885138,0.023023,42.086957,-0.048924,-0.048924,-0.073192,0.033943,0.238000,,,eodhd
run_20260426_191100,AAPL,stock,M15,breakout,session_opening_range,atr_expand_min=0.5|range_bars=12,both,all,REJECT,23,0.173913,0.559923,-0.002233,-0.002233,-0.086804,-0.459863,-0.932847,0.023023,41.043478,-0.051539,-0.051539,-0.075740,0.033943,0.238000,,,eodhd
run_20260426_191100,AAPL,stock,M15,breakout,london_breakout,atr_expand_min=0.0|utc_end=11|utc_start=7,both,all,NEEDS_MORE_DATA,13,,,,,,,,,,,,,,,,only 13 trades < min 20,eodhd
run_20260426_191100,AAPL,stock,M15,breakout,london_breakout,atr_expand_min=0.5|utc_end=11|utc_start=7,both,all,NEEDS_MORE_DATA,8,,,,,,,,,,,,,,,,only 8 trades < min 20,eodhd
run_20260426_191100,AAPL,stock,M15,breakout,ny_breakout,atr_expand_min=0.0|utc_end=16|utc_start=13,both,all,NEEDS_MORE_DATA,14,,,,,,,,,,,,,,,,only 14 trades < min 20,eodhd
run_20260426_191100,AAPL,stock,M15,breakout,ny_breakout,atr_expand_min=0.5|utc_end=16|utc_start=13,both,all,NEEDS_MORE_DATA,14,,,,,,,,,,,,,,,,only 14 trades < min 20,eodhd
run_20260426_191100,AAPL,stock,M15,mean_reversion,rsi_extreme,overbought=70|oversold=30|period=14,both,all,NEEDS_MORE_DATA,15,,,,,,,,,,,,,,,,only 15 trades < min 20,eodhd
run_20260426_191100,AAPL,stock,M15,mean_reversion,rsi_extreme,overbought=75|oversold=30|period=14,both,all,NEEDS_MORE_DATA,14,,,,,,,,,,,,,,,,only 14 trades < min 20,eodhd
run_20260426_191100,AAPL,stock,M15,mean_reversion,rsi_extreme,overbought=70|oversold=25|period=14,both,all,NEEDS_MORE_DATA,12,,,,,,,,,,,,,,,,only 12 trades < min 20,eodhd
run_20260426_191100,AAPL,stock,M15,mean_reversion,rsi_extreme,overbought=75|oversold=25|period=14,both,all,NEEDS_MORE_DATA,11,,,,,,,,,,,,,,,,only 11 trades < min 20,eodhd
run_20260426_191100,AAPL,stock,M15,mean_reversion,bollinger_touch,num_std=2.0|period=20,both,all,WEAK_CANDIDATE,47,0.382979,1.164742,0.000340,0.000340,-0.027023,0.154613,0.308294,0.047047,12.617021,0.014737,0.014737,-0.017110,0.032402,0.482000,,,eodhd
run_20260426_191100,AAPL,stock,M15,mean_reversion,bollinger_touch,num_std=2.5|period=20,both,all,WEAK_CANDIDATE,34,0.441176,1.806734,0.001326,0.001326,-0.025952,0.489238,0.988008,0.034034,12.176471,0.045028,0.045028,-0.006183,0.051530,0.404000,,,eodhd
run_20260426_191100,AAPL,stock,M15,mean_reversion,vwap_deviation,std_threshold=1.5,both,all,NEEDS_MORE_DATA,5,,,,,,,,,,,,,,,,only 5 trades < min 20,eodhd
run_20260426_191100,AAPL,stock,M15,mean_reversion,vwap_deviation,std_threshold=2.0,both,all,NEEDS_MORE_DATA,5,,,,,,,,,,,,,,,,only 5 trades < min 20,eodhd
run_20260426_191100,AAPL,stock,M15,volatility,bb_squeeze_breakout,confirm_ema=True|period=20|squeeze_pct=20,both,all,REJECT,21,0.142857,0.133180,-0.003393,-0.003393,-0.069093,-1.373226,-3.390011,0.021021,9.142857,-0.069093,-0.069093,-0.046280,-0.023920,0.381053,,,eodhd
run_20260426_191100,AAPL,stock,M15,volatility,bb_squeeze_breakout,confirm_ema=False|period=20|squeeze_pct=20,both,all,REJECT,21,0.142857,0.140783,-0.003182,-0.003182,-0.064939,-1.312729,-3.168359,0.021021,9.619048,-0.064939,-0.064939,-0.042025,-0.023920,0.396755,,,eodhd
run_20260426_191100,AAPL,stock,M15,volatility,bb_squeeze_breakout,confirm_ema=True|period=20|squeeze_pct=30,both,all,REJECT,23,0.130435,0.122692,-0.003403,-0.003403,-0.075634,-1.458290,-3.626879,0.023023,8.869565,-0.075634,-0.075634,-0.058383,-0.018321,0.332143,,,eodhd
run_20260426_191100,AAPL,stock,M15,volatility,bb_squeeze_breakout,confirm_ema=False|period=20|squeeze_pct=30,both,all,REJECT,23,0.130435,0.106593,-0.003989,-0.003989,-0.088119,-1.481307,-3.717315,0.023023,9.086957,-0.088119,-0.088119,-0.071101,-0.018321,0.315304,,,eodhd
run_20260426_191100,AAPL,stock,M15,volatility,atr_compression,confirm_ema=True|period=14|squeeze_pct=20,both,all,NEEDS_MORE_DATA,17,,,,,,,,,,,,,,,,only 17 trades < min 20,eodhd
run_20260426_191100,AAPL,stock,M15,volatility,atr_compression,confirm_ema=False|period=14|squeeze_pct=20,both,all,REJECT,20,0.150000,0.474044,-0.002684,-0.002684,-0.088156,-0.494303,-1.008934,0.020020,18.650000,-0.053669,-0.053669,-0.041464,-0.007271,0.272608,,,eodhd
run_20260426_191100,AAPL,stock,M15,volatility,atr_compression,confirm_ema=True|period=14|squeeze_pct=30,both,all,NEEDS_MORE_DATA,13,,,,,,,,,,,,,,,,only 13 trades < min 20,eodhd
run_20260426_191100,AAPL,stock,M15,volatility,atr_compression,confirm_ema=False|period=14|squeeze_pct=30,both,all,NEEDS_MORE_DATA,18,,,,,,,,,,,,,,,,only 18 trades < min 20,eodhd
run_20260426_191100,AAPL,stock,M15,engine_b_proxy,ob_bos,require_engulf=False|require_vol_expand=False|swing_period=5,both,all,NEEDS_MORE_DATA,15,,,,,,,,,,,,,,,,only 15 trades < min 20,eodhd
run_20260426_191100,AAPL,stock,M15,engine_b_proxy,ob_bos,require_engulf=False|require_vol_expand=True|swing_period=5,both,all,NEEDS_MORE_DATA,14,,,,,,,,,,,,,,,,only 14 trades < min 20,eodhd
run_20260426_191100,AAPL,stock,M15,engine_b_proxy,ob_bos,require_engulf=True|require_vol_expand=False|swing_period=5,both,all,NEEDS_MORE_DATA,15,,,,,,,,,,,,,,,,only 15 trades < min 20,eodhd
run_20260426_191100,AAPL,stock,M15,engine_b_proxy,ob_bos,require_engulf=True|require_vol_expand=True|swing_period=5,both,all,NEEDS_MORE_DATA,14,,,,,,,,,,,,,,,,only 14 trades < min 20,eodhd
run_20260426_191100,AAPL,stock,M15,engine_b_proxy,ob_bos,require_engulf=False|require_vol_expand=False|swing_period=10,both,all,NEEDS_MORE_DATA,4,,,,,,,,,,,,,,,,only 4 trades < min 20,eodhd
run_20260426_191100,AAPL,stock,M15,engine_b_proxy,ob_bos,require_engulf=False|require_vol_expand=True|swing_period=10,both,all,NEEDS_MORE_DATA,4,,,,,,,,,,,,,,,,only 4 trades < min 20,eodhd
run_20260426_191100,AAPL,stock,M15,engine_b_proxy,ob_bos,require_engulf=True|require_vol_expand=False|swing_period=10,both,all,NEEDS_MORE_DATA,4,,,,,,,,,,,,,,,,only 4 trades < min 20,eodhd
run_20260426_191100,AAPL,stock,M15,engine_b_proxy,ob_bos,require_engulf=True|require_vol_expand=True|swing_period=10,both,all,NEEDS_MORE_DATA,4,,,,,,,,,,,,,,,,only 4 trades < min 20,eodhd
run_20260426_191100,AAPL,stock,M15,engine_b_proxy,structure_filters,fvg_detection=False|strong_close_pct=0.7,both,all,REJECT,258,0.093023,0.106977,-0.002903,-0.002903,-0.528273,-5.847703,-14.916425,0.258258,3.620155,-0.528273,-0.528273,-0.430975,-0.171104,0.519105,,,eodhd
run_20260426_191100,AAPL,stock,M15,engine_b_proxy,structure_filters,fvg_detection=True|strong_close_pct=0.7,both,all,REJECT,32,0.156250,0.239113,-0.002874,-0.002874,-0.097935,-1.162589,-2.530271,0.032032,15.812500,-0.088607,-0.088607,-0.050092,-0.036242,0.509050,,,eodhd
run_20260426_191100,AAPL,stock,M15,engine_b_proxy,structure_filters,fvg_detection=False|strong_close_pct=0.8,both,all,REJECT,198,0.090909,0.122460,-0.003108,-0.003108,-0.467075,-4.360333,-10.422936,0.198198,4.429293,-0.461084,-0.461084,-0.369749,-0.145035,0.517676,,,eodhd
run_20260426_191100,AAPL,stock,M15,engine_b_proxy,structure_filters,fvg_detection=True|strong_close_pct=0.8,both,all,REJECT,24,0.208333,0.283580,-0.003043,-0.003043,-0.080641,-0.943351,-2.030657,0.024024,18.041667,-0.071134,-0.071134,-0.031251,-0.036868,0.490076,,,eodhd
run_20260426_191100,AAPL,stock,M15,engine_d_proxy,vwap_reclaim,atr_sl_mult=0.5|band_std=0.5,both,all,NEEDS_MORE_DATA,9,,,,,,,,,,,,,,,,only 9 trades < min 20,eodhd
run_20260426_191100,AAPL,stock,M15,engine_d_proxy,vwap_reclaim,atr_sl_mult=1.0|band_std=0.5,both,all,NEEDS_MORE_DATA,9,,,,,,,,,,,,,,,,only 9 trades < min 20,eodhd
run_20260426_191100,AAPL,stock,M15,engine_d_proxy,vwap_reclaim,atr_sl_mult=0.5|band_std=1.0,both,all,NEEDS_MORE_DATA,1,,,,,,,,,,,,,,,,only 1 trades < min 20,eodhd
run_20260426_191100,AAPL,stock,M15,engine_d_proxy,vwap_reclaim,atr_sl_mult=1.0|band_std=1.0,both,all,NEEDS_MORE_DATA,1,,,,,,,,,,,,,,,,only 1 trades < min 20,eodhd
run_20260426_191100,AAPL,stock,M15,engine_d_proxy,micro_breakout,atr_sl_mult=0.5|fee_guard_r=0.5|range_bars=3,both,all,REJECT,84,0.142857,0.155821,-0.003609,-0.003609,-0.266189,-2.879950,-7.164968,0.084084,11.726190,-0.262599,-0.262599,-0.224226,-0.045403,0.460747,,,eodhd
run_20260426_191100,AAPL,stock,M15,engine_d_proxy,micro_breakout,atr_sl_mult=1.0|fee_guard_r=0.5|range_bars=3,both,all,REJECT,84,0.142857,0.155821,-0.003609,-0.003609,-0.266189,-2.879950,-7.164968,0.084084,11.726190,-0.262599,-0.262599,-0.224226,-0.045403,0.460747,,,eodhd
run_20260426_191100,AAPL,stock,M15,engine_d_proxy,micro_breakout,atr_sl_mult=0.5|fee_guard_r=0.5|range_bars=6,both,all,REJECT,45,0.200000,0.261576,-0.003697,-0.003697,-0.154251,-1.755353,-4.063453,0.045045,21.777778,-0.154251,-0.154251,-0.122538,-0.029449,0.442098,,,eodhd
run_20260426_191100,AAPL,stock,M15,engine_d_proxy,micro_breakout,atr_sl_mult=1.0|fee_guard_r=0.5|range_bars=6,both,all,REJECT,45,0.200000,0.261576,-0.003697,-0.003697,-0.154251,-1.755353,-4.063453,0.045045,21.777778,-0.154251,-0.154251,-0.122538,-0.029449,0.442098,,,eodhd
run_20260426_191100,AAPL,stock,M15,engine_d_proxy,ema_scalp_pullback,atr_sl_mult=0.5|ema_period=21,both,all,REJECT,125,0.096000,0.130092,-0.003755,-0.003755,-0.376793,-3.327173,-7.964389,0.125125,7.872000,-0.376253,-0.376253,-0.292812,-0.114223,0.517027,,,eodhd
run_20260426_191100,AAPL,stock,M15,engine_d_proxy,ema_scalp_pullback,atr_sl_mult=1.0|ema_period=21,both,all,REJECT,124,0.096774,0.132163,-0.003717,-0.003717,-0.371474,-3.294567,-7.868080,0.124124,7.975806,-0.370930,-0.370930,-0.286776,-0.114223,0.519490,,,eodhd
run_20260426_191100,BTC/USDT,crypto,H1,trend_momentum,ema_cross,adx_min=0|fast_period=10|rsi_confirm=False|slow_period=50,both,all,REJECT,30,0.200000,0.564143,-0.004347,-0.004347,-0.171586,-0.641533,-1.313105,0.030030,32.833333,-0.126794,-0.126794,-0.154480,-0.012418,0.304116,,,binance_rest
run_20260426_191100,BTC/USDT,crypto,H1,trend_momentum,ema_cross,adx_min=0|fast_period=10|rsi_confirm=True|slow_period=50,both,all,REJECT,27,0.222222,0.617357,-0.003875,-0.003875,-0.149842,-0.520583,-1.057724,0.027027,35.925926,-0.103874,-0.103874,-0.132286,-0.012418,0.290162,,,binance_rest
run_20260426_191100,BTC/USDT,crypto,H1,trend_momentum,ema_cross,adx_min=20|fast_period=10|rsi_confirm=False|slow_period=50,both,all,REJECT,28,0.214286,0.598626,-0.004042,-0.004042,-0.161617,-0.561195,-1.142996,0.028028,33.892857,-0.111539,-0.111539,-0.144304,-0.007114,0.282789,,,binance_rest
run_20260426_191100,BTC/USDT,crypto,H1,trend_momentum,ema_cross,adx_min=20|fast_period=10|rsi_confirm=True|slow_period=50,both,all,REJECT,26,0.230769,0.629661,-0.003818,-0.003818,-0.149842,-0.494666,-1.003825,0.026026,36.000000,-0.099061,-0.099061,-0.132286,-0.007114,0.272133,,,binance_rest
run_20260426_191100,BTC/USDT,crypto,H1,trend_momentum,ema_cross,adx_min=25|fast_period=10|rsi_confirm=False|slow_period=50,both,all,REJECT,26,0.192308,0.516050,-0.004985,-0.004985,-0.174816,-0.682027,-1.408189,0.026026,31.000000,-0.125527,-0.125527,-0.157776,-0.007114,0.269526,,,binance_rest
run_20260426_191100,BTC/USDT,crypto,H1,trend_momentum,ema_cross,adx_min=25|fast_period=10|rsi_confirm=True|slow_period=50,both,all,REJECT,24,0.208333,0.544294,-0.004821,-0.004821,-0.163226,-0.612203,-1.258180,0.024024,33.041667,-0.113245,-0.113245,-0.145947,-0.007114,0.258623,,,binance_rest
run_20260426_191100,BTC/USDT,crypto,H1,trend_momentum,ema_cross,adx_min=0|fast_period=10|rsi_confirm=False|slow_period=100,both,all,REJECT,22,0.181818,0.635138,-0.004262,-0.004262,-0.135905,-0.446202,-0.904889,0.022022,38.727273,-0.094472,-0.094472,-0.096887,-0.035698,0.342536,,,binance_rest
run_20260426_191100,BTC/USDT,crypto,H1,trend_momentum,ema_cross,adx_min=0|fast_period=10|rsi_confirm=True|slow_period=100,both,all,NEEDS_MORE_DATA,19,,,,,,,,,,,,,,,,only 19 trades < min 20,binance_rest
run_20260426_191100,BTC/USDT,crypto,H1,trend_momentum,ema_cross,adx_min=20|fast_period=10|rsi_confirm=False|slow_period=100,both,all,REJECT,21,0.190476,0.665961,-0.003898,-0.003898,-0.129450,-0.392066,-0.792361,0.021021,40.476190,-0.083573,-0.083573,-0.086017,-0.035698,0.350505,,,binance_rest
run_20260426_191100,BTC/USDT,crypto,H1,trend_momentum,ema_cross,adx_min=20|fast_period=10|rsi_confirm=True|slow_period=100,both,all,NEEDS_MORE_DATA,19,,,,,,,,,,,,,,,,only 19 trades < min 20,binance_rest
run_20260426_191100,BTC/USDT,crypto,H1,trend_momentum,ema_cross,adx_min=25|fast_period=10|rsi_confirm=False|slow_period=100,both,all,NEEDS_MORE_DATA,18,,,,,,,,,,,,,,,,only 18 trades < min 20,binance_rest
run_20260426_191100,BTC/USDT,crypto,H1,trend_momentum,ema_cross,adx_min=25|fast_period=10|rsi_confirm=True|slow_period=100,both,all,NEEDS_MORE_DATA,16,,,,,,,,,,,,,,,,only 16 trades < min 20,binance_rest
run_20260426_191100,BTC/USDT,crypto,H1,trend_momentum,ema_cross,adx_min=0|fast_period=10|rsi_confirm=False|slow_period=200,both,all,NEEDS_MORE_DATA,10,,,,,,,,,,,,,,,,only 10 trades < min 20,binance_rest
run_20260426_191100,BTC/USDT,crypto,H1,trend_momentum,ema_cross,adx_min=0|fast_period=10|rsi_confirm=True|slow_period=200,both,all,NEEDS_MORE_DATA,8,,,,,,,,,,,,,,,,only 8 trades < min 20,binance_rest
run_20260426_191100,BTC/USDT,crypto,H1,trend_momentum,ema_cross,adx_min=20|fast_period=10|rsi_confirm=False|slow_period=200,both,all,NEEDS_MORE_DATA,9,,,,,,,,,,,,,,,,only 9 trades < min 20,binance_rest
run_20260426_191100,BTC/USDT,crypto,H1,trend_momentum,ema_cross,adx_min=20|fast_period=10|rsi_confirm=True|slow_period=200,both,all,NEEDS_MORE_DATA,8,,,,,,,,,,,,,,,,only 8 trades < min 20,binance_rest
run_20260426_191100,BTC/USDT,crypto,H1,trend_momentum,ema_cross,adx_min=25|fast_period=10|rsi_confirm=False|slow_period=200,both,all,NEEDS_MORE_DATA,7,,,,,,,,,,,,,,,,only 7 trades < min 20,binance_rest
run_20260426_191100,BTC/USDT,crypto,H1,trend_momentum,ema_cross,adx_min=25|fast_period=10|rsi_confirm=True|slow_period=200,both,all,NEEDS_MORE_DATA,6,,,,,,,,,,,,,,,,only 6 trades < min 20,binance_rest
run_20260426_191100,BTC/USDT,crypto,H1,trend_momentum,ema_cross,adx_min=0|fast_period=20|rsi_confirm=False|slow_period=50,both,all,NEEDS_MORE_DATA,18,,,,,,,,,,,,,,,,only 18 trades < min 20,binance_rest
run_20260426_191100,BTC/USDT,crypto,H1,trend_momentum,ema_cross,adx_min=0|fast_period=20|rsi_confirm=True|slow_period=50,both,all,NEEDS_MORE_DATA,16,,,,,,,,,,,,,,,,only 16 trades < min 20,binance_rest
run_20260426_191100,BTC/USDT,crypto,H1,trend_momentum,ema_cross,adx_min=20|fast_period=20|rsi_confirm=False|slow_period=50,both,all,NEEDS_MORE_DATA,17,,,,,,,,,,,,,,,,only 17 trades < min 20,binance_rest
run_20260426_191100,BTC/USDT,crypto,H1,trend_momentum,ema_cross,adx_min=20|fast_period=20|rsi_confirm=True|slow_period=50,both,all,NEEDS_MORE_DATA,16,,,,,,,,,,,,,,,,only 16 trades < min 20,binance_rest
run_20260426_191100,BTC/USDT,crypto,H1,trend_momentum,ema_cross,adx_min=25|fast_period=20|rsi_confirm=False|slow_period=50,both,all,NEEDS_MORE_DATA,14,,,,,,,,,,,,,,,,only 14 trades < min 20,binance_rest
run_20260426_191100,BTC/USDT,crypto,H1,trend_momentum,ema_cross,adx_min=25|fast_period=20|rsi_confirm=True|slow_period=50,both,all,NEEDS_MORE_DATA,13,,,,,,,,,,,,,,,,only 13 trades < min 20,binance_rest
run_20260426_191100,BTC/USDT,crypto,H1,trend_momentum,ema_cross,adx_min=0|fast_period=20|rsi_confirm=False|slow_period=100,both,all,NEEDS_MORE_DATA,16,,,,,,,,,,,,,,,,only 16 trades < min 20,binance_rest
run_20260426_191100,BTC/USDT,crypto,H1,trend_momentum,ema_cross,adx_min=0|fast_period=20|rsi_confirm=True|slow_period=100,both,all,NEEDS_MORE_DATA,14,,,,,,,,,,,,,,,,only 14 trades < min 20,binance_rest
run_20260426_191100,BTC/USDT,crypto,H1,trend_momentum,ema_cross,adx_min=20|fast_period=20|rsi_confirm=False|slow_period=100,both,all,NEEDS_MORE_DATA,15,,,,,,,,,,,,,,,,only 15 trades < min 20,binance_rest
run_20260426_191100,BTC/USDT,crypto,H1,trend_momentum,ema_cross,adx_min=20|fast_period=20|rsi_confirm=True|slow_period=100,both,all,NEEDS_MORE_DATA,14,,,,,,,,,,,,,,,,only 14 trades < min 20,binance_rest
run_20260426_191100,BTC/USDT,crypto,H1,trend_momentum,ema_cross,adx_min=25|fast_period=20|rsi_confirm=False|slow_period=100,both,all,NEEDS_MORE_DATA,14,,,,,,,,,,,,,,,,only 14 trades < min 20,binance_rest
run_20260426_191100,BTC/USDT,crypto,H1,trend_momentum,ema_cross,adx_min=25|fast_period=20|rsi_confirm=True|slow_period=100,both,all,NEEDS_MORE_DATA,13,,,,,,,,,,,,,,,,only 13 trades < min 20,binance_rest
run_20260426_191100,BTC/USDT,crypto,H1,trend_momentum,ema_cross,adx_min=0|fast_period=20|rsi_confirm=False|slow_period=200,both,all,NEEDS_MORE_DATA,8,,,,,,,,,,,,,,,,only 8 trades < min 20,binance_rest
run_20260426_191100,BTC/USDT,crypto,H1,trend_momentum,ema_cross,adx_min=0|fast_period=20|rsi_confirm=True|slow_period=200,both,all,NEEDS_MORE_DATA,6,,,,,,,,,,,,,,,,only 6 trades < min 20,binance_rest
run_20260426_191100,BTC/USDT,crypto,H1,trend_momentum,ema_cross,adx_min=20|fast_period=20|rsi_confirm=False|slow_period=200,both,all,NEEDS_MORE_DATA,7,,,,,,,,,,,,,,,,only 7 trades < min 20,binance_rest
run_20260426_191100,BTC/USDT,crypto,H1,trend_momentum,ema_cross,adx_min=20|fast_period=20|rsi_confirm=True|slow_period=200,both,all,NEEDS_MORE_DATA,6,,,,,,,,,,,,,,,,only 6 trades < min 20,binance_rest
run_20260426_191100,BTC/USDT,crypto,H1,trend_momentum,ema_cross,adx_min=25|fast_period=20|rsi_confirm=False|slow_period=200,both,all,NEEDS_MORE_DATA,7,,,,,,,,,,,,,,,,only 7 trades < min 20,binance_rest
run_20260426_191100,BTC/USDT,crypto,H1,trend_momentum,ema_cross,adx_min=25|fast_period=20|rsi_confirm=True|slow_period=200,both,all,NEEDS_MORE_DATA,6,,,,,,,,,,,,,,,,only 6 trades < min 20,binance_rest
run_20260426_191100,BTC/USDT,crypto,H1,trend_momentum,ema_alignment,adx_min=0|ema_long=200|ema_mid=50|ema_short=20,both,all,NEEDS_MORE_DATA,11,,,,,,,,,,,,,,,,only 11 trades < min 20,binance_rest
run_20260426_191100,BTC/USDT,crypto,H1,trend_momentum,ema_alignment,adx_min=20|ema_long=200|ema_mid=50|ema_short=20,both,all,NEEDS_MORE_DATA,11,,,,,,,,,,,,,,,,only 11 trades < min 20,binance_rest
run_20260426_191100,BTC/USDT,crypto,H1,trend_momentum,ema_alignment,adx_min=25|ema_long=200|ema_mid=50|ema_short=20,both,all,NEEDS_MORE_DATA,11,,,,,,,,,,,,,,,,only 11 trades < min 20,binance_rest
run_20260426_191100,BTC/USDT,crypto,H1,trend_momentum,macd_direction,adx_min=0|fast=12|signal_period=9|slow=26,both,all,REJECT,72,0.305556,0.961942,-0.000225,-0.000225,-0.091705,-0.065107,-0.129710,0.072072,13.569444,-0.023587,-0.023587,-0.019167,-0.042918,0.400000,,,binance_rest
run_20260426_191100,BTC/USDT,crypto,H1,trend_momentum,macd_direction,adx_min=20|fast=12|signal_period=9|slow=26,both,all,REJECT,68,0.308824,0.950349,-0.000295,-0.000295,-0.080773,-0.082941,-0.165254,0.068068,13.897059,-0.027023,-0.027023,-0.007362,-0.057628,0.400000,,,binance_rest
run_20260426_191100,BTC/USDT,crypto,H1,pullback,pullback_ema,pullback_period=20|rsi_reclaim=False|rsi_threshold=50|trend_period=200,both,all,REJECT,80,0.162500,0.617372,-0.002041,-0.002041,-0.172197,-0.711261,-1.433509,0.080080,6.550000,-0.156177,-0.156177,-0.163789,-0.030370,0.455626,,,binance_rest
run_20260426_191100,BTC/USDT,crypto,H1,pullback,pullback_ema,pullback_period=20|rsi_reclaim=True|rsi_threshold=50|trend_period=200,both,all,REJECT,70,0.171429,0.580084,-0.002303,-0.002303,-0.185868,-0.759084,-1.535636,0.070070,6.785714,-0.153665,-0.153665,-0.133380,-0.023407,0.452647,,,binance_rest
run_20260426_191100,BTC/USDT,crypto,H1,pullback,pullback_ema,pullback_period=50|rsi_reclaim=False|rsi_threshold=50|trend_period=200,both,all,REJECT,48,0.166667,0.916433,-0.000376,-0.000376,-0.068429,-0.098686,-0.196662,0.048048,13.479167,-0.021959,-0.021959,-0.009176,-0.039944,0.388000,,,binance_rest
run_20260426_191100,BTC/USDT,crypto,H1,pullback,pullback_ema,pullback_period=50|rsi_reclaim=True|rsi_threshold=50|trend_period=200,both,all,WEAK_CANDIDATE,29,0.206897,1.219914,0.001065,0.001065,-0.047973,0.178207,0.355749,0.029029,18.068966,0.027564,0.027564,0.030513,-0.030179,0.374000,,,binance_rest
run_20260426_191100,BTC/USDT,crypto,H1,breakout,prev_day_hl,atr_expand_min=0.0,both,all,REJECT,21,0.333333,0.511795,-0.005431,-0.005431,-0.173309,-0.609585,-1.258345,0.021021,44.285714,-0.111731,-0.111731,-0.098262,-0.043481,0.358751,,,binance_rest
run_20260426_191100,BTC/USDT,crypto,H1,breakout,prev_day_hl,atr_expand_min=0.5,both,all,REJECT,21,0.333333,0.511795,-0.005431,-0.005431,-0.173309,-0.609585,-1.258345,0.021021,44.285714,-0.111731,-0.111731,-0.098262,-0.043481,0.358751,,,binance_rest
run_20260426_191100,BTC/USDT,crypto,H1,breakout,prev_day_hl,atr_expand_min=1.0,both,all,REJECT,21,0.333333,0.466592,-0.006325,-0.006325,-0.189057,-0.677906,-1.411765,0.021021,40.095238,-0.128653,-0.128653,-0.113197,-0.045901,0.347649,,,binance_rest
run_20260426_191100,BTC/USDT,crypto,H1,breakout,session_opening_range,atr_expand_min=0.0|range_bars=6,both,all,REJECT,60,0.233333,0.681911,-0.002346,-0.002346,-0.225577,-0.546668,-1.099247,0.060060,16.483333,-0.138445,-0.138445,-0.086519,-0.108818,0.622679,,,binance_rest
run_20260426_191100,BTC/USDT,crypto,H1,breakout,session_opening_range,atr_expand_min=0.5|range_bars=6,both,all,REJECT,60,0.216667,0.623224,-0.002837,-0.002837,-0.247965,-0.667787,-1.349096,0.060060,16.383333,-0.163352,-0.163352,-0.086519,-0.134581,0.533345,,,binance_rest
run_20260426_191100,BTC/USDT,crypto,H1,breakout,session_opening_range,atr_expand_min=0.0|range_bars=12,both,all,REJECT,40,0.250000,0.483862,-0.005790,-0.005790,-0.245002,-0.947024,-1.972640,0.040040,24.100000,-0.212713,-0.212713,-0.107737,-0.162526,0.487440,,,binance_rest
run_20260426_191100,BTC/USDT,crypto,H1,breakout,session_opening_range,atr_expand_min=0.5|range_bars=12,both,all,REJECT,40,0.250000,0.483862,-0.005790,-0.005790,-0.245002,-0.947024,-1.972640,0.040040,24.100000,-0.212713,-0.212713,-0.107737,-0.162526,0.487440,,,binance_rest
run_20260426_191100,BTC/USDT,crypto,H1,breakout,london_breakout,atr_expand_min=0.0|utc_end=11|utc_start=7,both,all,REJECT,20,0.250000,0.447138,-0.006469,-0.006469,-0.163341,-0.695802,-1.456310,0.020020,16.300000,-0.125185,-0.125185,-0.084935,-0.043986,0.375363,,,binance_rest
run_20260426_191100,BTC/USDT,crypto,H1,breakout,london_breakout,atr_expand_min=0.5|utc_end=11|utc_start=7,both,all,REJECT,20,0.250000,0.447138,-0.006469,-0.006469,-0.163341,-0.695802,-1.456310,0.020020,16.300000,-0.125185,-0.125185,-0.084935,-0.043986,0.375363,,,binance_rest
run_20260426_191100,BTC/USDT,crypto,H1,breakout,ny_breakout,atr_expand_min=0.0|utc_end=16|utc_start=13,both,all,NEEDS_MORE_DATA,19,,,,,,,,,,,,,,,,only 19 trades < min 20,binance_rest
run_20260426_191100,BTC/USDT,crypto,H1,breakout,ny_breakout,atr_expand_min=0.5|utc_end=16|utc_start=13,both,all,NEEDS_MORE_DATA,19,,,,,,,,,,,,,,,,only 19 trades < min 20,binance_rest
run_20260426_191100,BTC/USDT,crypto,H1,mean_reversion,rsi_extreme,overbought=70|oversold=30|period=14,both,all,NEEDS_MORE_DATA,13,,,,,,,,,,,,,,,,only 13 trades < min 20,binance_rest
run_20260426_191100,BTC/USDT,crypto,H1,mean_reversion,rsi_extreme,overbought=75|oversold=30|period=14,both,all,NEEDS_MORE_DATA,12,,,,,,,,,,,,,,,,only 12 trades < min 20,binance_rest
run_20260426_191100,BTC/USDT,crypto,H1,mean_reversion,rsi_extreme,overbought=70|oversold=25|period=14,both,all,NEEDS_MORE_DATA,12,,,,,,,,,,,,,,,,only 12 trades < min 20,binance_rest
run_20260426_191100,BTC/USDT,crypto,H1,mean_reversion,rsi_extreme,overbought=75|oversold=25|period=14,both,all,NEEDS_MORE_DATA,11,,,,,,,,,,,,,,,,only 11 trades < min 20,binance_rest
run_20260426_191100,BTC/USDT,crypto,H1,mean_reversion,bollinger_touch,num_std=2.0|period=20,both,all,REJECT,31,0.516129,0.441870,-0.004725,-0.004725,-0.154793,-0.754572,-1.559212,0.031031,15.870968,-0.140439,-0.140439,-0.105375,-0.003830,0.296904,,,binance_rest
run_20260426_191100,BTC/USDT,crypto,H1,mean_reversion,bollinger_touch,num_std=2.5|period=20,both,all,REJECT,22,0.409091,0.327864,-0.006968,-0.006968,-0.145736,-0.848863,-1.809914,0.022022,18.363636,-0.145736,-0.145736,-0.098739,-0.017259,0.284439,,,binance_rest
run_20260426_191100,BTC/USDT,crypto,H1,mean_reversion,vwap_deviation,std_threshold=1.5,both,all,NEEDS_MORE_DATA,4,,,,,,,,,,,,,,,,only 4 trades < min 20,binance_rest
run_20260426_191100,BTC/USDT,crypto,H1,mean_reversion,vwap_deviation,std_threshold=2.0,both,all,NEEDS_MORE_DATA,4,,,,,,,,,,,,,,,,only 4 trades < min 20,binance_rest
run_20260426_191100,BTC/USDT,crypto,H1,volatility,bb_squeeze_breakout,confirm_ema=True|period=20|squeeze_pct=20,both,all,REJECT,23,0.260870,0.353973,-0.004418,-0.004418,-0.097812,-1.000179,-2.185134,0.023023,6.173913,-0.097812,-0.097812,-0.068251,-0.031726,0.377451,,,binance_rest
run_20260426_191100,BTC/USDT,crypto,H1,volatility,bb_squeeze_breakout,confirm_ema=False|period=20|squeeze_pct=20,both,all,REJECT,23,0.260870,0.356565,-0.004739,-0.004739,-0.104528,-1.040037,-2.291180,0.023023,6.913043,-0.104528,-0.104528,-0.083575,-0.022864,0.320074,,,binance_rest
run_20260426_191100,BTC/USDT,crypto,H1,volatility,bb_squeeze_breakout,confirm_ema=True|period=20|squeeze_pct=30,both,all,REJECT,24,0.291667,0.354142,-0.004428,-0.004428,-0.102084,-1.008381,-2.197072,0.024024,6.166667,-0.102084,-0.102084,-0.084153,-0.019579,0.313798,,,binance_rest
run_20260426_191100,BTC/USDT,crypto,H1,volatility,bb_squeeze_breakout,confirm_ema=False|period=20|squeeze_pct=30,both,all,REJECT,24,0.291667,0.348266,-0.004543,-0.004543,-0.104581,-1.031979,-2.259011,0.024024,6.541667,-0.104581,-0.104581,-0.086699,-0.019579,0.311748,,,binance_rest
run_20260426_191100,BTC/USDT,crypto,H1,volatility,atr_compression,confirm_ema=True|period=14|squeeze_pct=20,both,all,NEEDS_MORE_DATA,10,,,,,,,,,,,,,,,,only 10 trades < min 20,binance_rest
run_20260426_191100,BTC/USDT,crypto,H1,volatility,atr_compression,confirm_ema=False|period=14|squeeze_pct=20,both,all,NEEDS_MORE_DATA,12,,,,,,,,,,,,,,,,only 12 trades < min 20,binance_rest
run_20260426_191100,BTC/USDT,crypto,H1,volatility,atr_compression,confirm_ema=True|period=14|squeeze_pct=30,both,all,NEEDS_MORE_DATA,11,,,,,,,,,,,,,,,,only 11 trades < min 20,binance_rest
run_20260426_191100,BTC/USDT,crypto,H1,volatility,atr_compression,confirm_ema=False|period=14|squeeze_pct=30,both,all,NEEDS_MORE_DATA,11,,,,,,,,,,,,,,,,only 11 trades < min 20,binance_rest
run_20260426_191100,BTC/USDT,crypto,H1,engine_b_proxy,ob_bos,require_engulf=False|require_vol_expand=False|swing_period=5,both,all,REJECT,24,0.291667,0.431277,-0.007382,-0.007382,-0.169115,-0.805509,-1.695850,0.024024,33.416667,-0.167495,-0.167495,-0.143810,-0.077114,0.404867,,,binance_rest
run_20260426_191100,BTC/USDT,crypto,H1,engine_b_proxy,ob_bos,require_engulf=False|require_vol_expand=True|swing_period=5,both,all,NEEDS_MORE_DATA,19,,,,,,,,,,,,,,,,only 19 trades < min 20,binance_rest
run_20260426_191100,BTC/USDT,crypto,H1,engine_b_proxy,ob_bos,require_engulf=True|require_vol_expand=False|swing_period=5,both,all,REJECT,20,0.350000,0.657242,-0.003503,-0.003503,-0.090154,-0.373267,-0.753847,0.020020,35.650000,-0.071790,-0.071790,-0.057751,-0.065000,0.482348,,,binance_rest
run_20260426_191100,BTC/USDT,crypto,H1,engine_b_proxy,ob_bos,require_engulf=True|require_vol_expand=True|swing_period=5,both,all,NEEDS_MORE_DATA,16,,,,,,,,,,,,,,,,only 16 trades < min 20,binance_rest
run_20260426_191100,BTC/USDT,crypto,H1,engine_b_proxy,ob_bos,require_engulf=False|require_vol_expand=False|swing_period=10,both,all,NEEDS_MORE_DATA,9,,,,,,,,,,,,,,,,only 9 trades < min 20,binance_rest
run_20260426_191100,BTC/USDT,crypto,H1,engine_b_proxy,ob_bos,require_engulf=False|require_vol_expand=True|swing_period=10,both,all,NEEDS_MORE_DATA,8,,,,,,,,,,,,,,,,only 8 trades < min 20,binance_rest
run_20260426_191100,BTC/USDT,crypto,H1,engine_b_proxy,ob_bos,require_engulf=True|require_vol_expand=False|swing_period=10,both,all,NEEDS_MORE_DATA,7,,,,,,,,,,,,,,,,only 7 trades < min 20,binance_rest
run_20260426_191100,BTC/USDT,crypto,H1,engine_b_proxy,ob_bos,require_engulf=True|require_vol_expand=True|swing_period=10,both,all,NEEDS_MORE_DATA,6,,,,,,,,,,,,,,,,only 6 trades < min 20,binance_rest
run_20260426_191100,BTC/USDT,crypto,H1,engine_b_proxy,structure_filters,fvg_detection=False|strong_close_pct=0.7,both,all,REJECT,316,0.259494,0.399575,-0.002200,-0.002200,-0.514689,-2.794297,-5.762890,0.316316,3.018987,-0.504932,-0.504932,-0.389991,-0.186657,0.543585,,,binance_rest
run_20260426_191100,BTC/USDT,crypto,H1,engine_b_proxy,structure_filters,fvg_detection=True|strong_close_pct=0.7,both,all,REJECT,30,0.266667,0.626708,-0.002472,-0.002472,-0.084607,-0.457046,-0.922910,0.030030,12.700000,-0.074515,-0.074515,-0.030637,-0.045265,0.436766,,,binance_rest
run_20260426_191100,BTC/USDT,crypto,H1,engine_b_proxy,structure_filters,fvg_detection=False|strong_close_pct=0.8,both,all,REJECT,216,0.212963,0.440042,-0.002362,-0.002362,-0.404176,-2.101743,-4.326635,0.216216,4.152778,-0.404176,-0.404176,-0.342337,-0.092054,0.480669,,,binance_rest
run_20260426_191100,BTC/USDT,crypto,H1,engine_b_proxy,structure_filters,fvg_detection=True|strong_close_pct=0.8,both,all,REJECT,21,0.333333,0.584090,-0.002636,-0.002636,-0.057503,-0.514770,-1.051545,0.021021,15.000000,-0.055226,-0.055226,-0.033912,-0.022062,0.421169,,,binance_rest
run_20260426_191100,BTC/USDT,crypto,H1,engine_d_proxy,vwap_reclaim,atr_sl_mult=0.5|band_std=0.5,both,all,NEEDS_MORE_DATA,9,,,,,,,,,,,,,,,,only 9 trades < min 20,binance_rest
run_20260426_191100,BTC/USDT,crypto,H1,engine_d_proxy,vwap_reclaim,atr_sl_mult=1.0|band_std=0.5,both,all,NEEDS_MORE_DATA,9,,,,,,,,,,,,,,,,only 9 trades < min 20,binance_rest
run_20260426_191100,BTC/USDT,crypto,H1,engine_d_proxy,vwap_reclaim,atr_sl_mult=0.5|band_std=1.0,both,all,NEEDS_MORE_DATA,4,,,,,,,,,,,,,,,,only 4 trades < min 20,binance_rest
run_20260426_191100,BTC/USDT,crypto,H1,engine_d_proxy,vwap_reclaim,atr_sl_mult=1.0|band_std=1.0,both,all,NEEDS_MORE_DATA,4,,,,,,,,,,,,,,,,only 4 trades < min 20,binance_rest
run_20260426_191100,BTC/USDT,crypto,H1,engine_d_proxy,micro_breakout,atr_sl_mult=0.5|fee_guard_r=0.5|range_bars=3,both,all,REJECT,106,0.226415,0.524007,-0.003279,-0.003279,-0.335452,-1.218727,-2.490444,0.106106,9.330189,-0.300785,-0.300785,-0.204891,-0.116756,0.570954,,,binance_rest
run_20260426_191100,BTC/USDT,crypto,H1,engine_d_proxy,micro_breakout,atr_sl_mult=1.0|fee_guard_r=0.5|range_bars=3,both,all,REJECT,106,0.226415,0.524007,-0.003279,-0.003279,-0.335452,-1.218727,-2.490444,0.106106,9.330189,-0.300785,-0.300785,-0.204891,-0.116756,0.570954,,,binance_rest
run_20260426_191100,BTC/USDT,crypto,H1,engine_d_proxy,micro_breakout,atr_sl_mult=0.5|fee_guard_r=0.5|range_bars=6,both,all,REJECT,60,0.233333,0.681911,-0.002346,-0.002346,-0.225577,-0.546668,-1.099247,0.060060,16.483333,-0.138445,-0.138445,-0.086519,-0.108818,0.622679,,,binance_rest
run_20260426_191100,BTC/USDT,crypto,H1,engine_d_proxy,micro_breakout,atr_sl_mult=1.0|fee_guard_r=0.5|range_bars=6,both,all,REJECT,60,0.233333,0.681911,-0.002346,-0.002346,-0.225577,-0.546668,-1.099247,0.060060,16.483333,-0.138445,-0.138445,-0.086519,-0.108818,0.622679,,,binance_rest
run_20260426_191100,BTC/USDT,crypto,H1,engine_d_proxy,ema_scalp_pullback,atr_sl_mult=0.5|ema_period=21,both,all,REJECT,146,0.157534,0.445022,-0.002863,-0.002863,-0.349824,-1.645241,-3.385459,0.146146,6.732877,-0.346941,-0.346941,-0.273814,-0.144605,0.558434,,,binance_rest
run_20260426_191100,BTC/USDT,crypto,H1,engine_d_proxy,ema_scalp_pullback,atr_sl_mult=1.0|ema_period=21,both,all,REJECT,146,0.157534,0.445022,-0.002863,-0.002863,-0.349824,-1.645241,-3.385459,0.146146,6.732877,-0.346941,-0.346941,-0.273814,-0.144605,0.558434,,,binance_rest
run_20260426_191100,EUR/USD,forex,H1,trend_momentum,ema_cross,adx_min=0|fast_period=10|rsi_confirm=False|slow_period=50,both,all,REJECT,23,0.304348,0.758021,-0.000568,-0.000568,-0.028993,-0.267937,-0.537002,0.023023,43.217391,-0.013282,-0.013282,-0.018432,-0.005379,0.325541,,,mt5
run_20260426_191100,EUR/USD,forex,H1,trend_momentum,ema_cross,adx_min=0|fast_period=10|rsi_confirm=True|slow_period=50,both,all,REJECT,23,0.304348,0.758021,-0.000568,-0.000568,-0.028993,-0.267937,-0.537002,0.023023,43.217391,-0.013282,-0.013282,-0.018432,-0.005379,0.325541,,,mt5
run_20260426_191100,EUR/USD,forex,H1,trend_momentum,ema_cross,adx_min=20|fast_period=10|rsi_confirm=False|slow_period=50,both,all,REJECT,23,0.304348,0.758021,-0.000568,-0.000568,-0.028993,-0.267937,-0.537002,0.023023,43.217391,-0.013282,-0.013282,-0.018432,-0.005379,0.325541,,,mt5
run_20260426_191100,EUR/USD,forex,H1,trend_momentum,ema_cross,adx_min=20|fast_period=10|rsi_confirm=True|slow_period=50,both,all,REJECT,23,0.304348,0.758021,-0.000568,-0.000568,-0.028993,-0.267937,-0.537002,0.023023,43.217391,-0.013282,-0.013282,-0.018432,-0.005379,0.325541,,,mt5
run_20260426_191100,EUR/USD,forex,H1,trend_momentum,ema_cross,adx_min=25|fast_period=10|rsi_confirm=False|slow_period=50,both,all,NEEDS_MORE_DATA,19,,,,,,,,,,,,,,,,only 19 trades < min 20,mt5
run_20260426_191100,EUR/USD,forex,H1,trend_momentum,ema_cross,adx_min=25|fast_period=10|rsi_confirm=True|slow_period=50,both,all,NEEDS_MORE_DATA,19,,,,,,,,,,,,,,,,only 19 trades < min 20,mt5
run_20260426_191100,EUR/USD,forex,H1,trend_momentum,ema_cross,adx_min=0|fast_period=10|rsi_confirm=False|slow_period=100,both,all,NEEDS_MORE_DATA,18,,,,,,,,,,,,,,,,only 18 trades < min 20,mt5
run_20260426_191100,EUR/USD,forex,H1,trend_momentum,ema_cross,adx_min=0|fast_period=10|rsi_confirm=True|slow_period=100,both,all,NEEDS_MORE_DATA,18,,,,,,,,,,,,,,,,only 18 trades < min 20,mt5
run_20260426_191100,EUR/USD,forex,H1,trend_momentum,ema_cross,adx_min=20|fast_period=10|rsi_confirm=False|slow_period=100,both,all,NEEDS_MORE_DATA,18,,,,,,,,,,,,,,,,only 18 trades < min 20,mt5
run_20260426_191100,EUR/USD,forex,H1,trend_momentum,ema_cross,adx_min=20|fast_period=10|rsi_confirm=True|slow_period=100,both,all,NEEDS_MORE_DATA,18,,,,,,,,,,,,,,,,only 18 trades < min 20,mt5
run_20260426_191100,EUR/USD,forex,H1,trend_momentum,ema_cross,adx_min=25|fast_period=10|rsi_confirm=False|slow_period=100,both,all,NEEDS_MORE_DATA,16,,,,,,,,,,,,,,,,only 16 trades < min 20,mt5
run_20260426_191100,EUR/USD,forex,H1,trend_momentum,ema_cross,adx_min=25|fast_period=10|rsi_confirm=True|slow_period=100,both,all,NEEDS_MORE_DATA,16,,,,,,,,,,,,,,,,only 16 trades < min 20,mt5
run_20260426_191100,EUR/USD,forex,H1,trend_momentum,ema_cross,adx_min=0|fast_period=10|rsi_confirm=False|slow_period=200,both,all,NEEDS_MORE_DATA,12,,,,,,,,,,,,,,,,only 12 trades < min 20,mt5
run_20260426_191100,EUR/USD,forex,H1,trend_momentum,ema_cross,adx_min=0|fast_period=10|rsi_confirm=True|slow_period=200,both,all,NEEDS_MORE_DATA,11,,,,,,,,,,,,,,,,only 11 trades < min 20,mt5
run_20260426_191100,EUR/USD,forex,H1,trend_momentum,ema_cross,adx_min=20|fast_period=10|rsi_confirm=False|slow_period=200,both,all,NEEDS_MORE_DATA,12,,,,,,,,,,,,,,,,only 12 trades < min 20,mt5
run_20260426_191100,EUR/USD,forex,H1,trend_momentum,ema_cross,adx_min=20|fast_period=10|rsi_confirm=True|slow_period=200,both,all,NEEDS_MORE_DATA,11,,,,,,,,,,,,,,,,only 11 trades < min 20,mt5
run_20260426_191100,EUR/USD,forex,H1,trend_momentum,ema_cross,adx_min=25|fast_period=10|rsi_confirm=False|slow_period=200,both,all,NEEDS_MORE_DATA,10,,,,,,,,,,,,,,,,only 10 trades < min 20,mt5
run_20260426_191100,EUR/USD,forex,H1,trend_momentum,ema_cross,adx_min=25|fast_period=10|rsi_confirm=True|slow_period=200,both,all,NEEDS_MORE_DATA,9,,,,,,,,,,,,,,,,only 9 trades < min 20,mt5
run_20260426_191100,EUR/USD,forex,H1,trend_momentum,ema_cross,adx_min=0|fast_period=20|rsi_confirm=False|slow_period=50,both,all,NEEDS_MORE_DATA,18,,,,,,,,,,,,,,,,only 18 trades < min 20,mt5
run_20260426_191100,EUR/USD,forex,H1,trend_momentum,ema_cross,adx_min=0|fast_period=20|rsi_confirm=True|slow_period=50,both,all,NEEDS_MORE_DATA,18,,,,,,,,,,,,,,,,only 18 trades < min 20,mt5
run_20260426_191100,EUR/USD,forex,H1,trend_momentum,ema_cross,adx_min=20|fast_period=20|rsi_confirm=False|slow_period=50,both,all,NEEDS_MORE_DATA,18,,,,,,,,,,,,,,,,only 18 trades < min 20,mt5
run_20260426_191100,EUR/USD,forex,H1,trend_momentum,ema_cross,adx_min=20|fast_period=20|rsi_confirm=True|slow_period=50,both,all,NEEDS_MORE_DATA,18,,,,,,,,,,,,,,,,only 18 trades < min 20,mt5
run_20260426_191100,EUR/USD,forex,H1,trend_momentum,ema_cross,adx_min=25|fast_period=20|rsi_confirm=False|slow_period=50,both,all,NEEDS_MORE_DATA,16,,,,,,,,,,,,,,,,only 16 trades < min 20,mt5
run_20260426_191100,EUR/USD,forex,H1,trend_momentum,ema_cross,adx_min=25|fast_period=20|rsi_confirm=True|slow_period=50,both,all,NEEDS_MORE_DATA,16,,,,,,,,,,,,,,,,only 16 trades < min 20,mt5
run_20260426_191100,EUR/USD,forex,H1,trend_momentum,ema_cross,adx_min=0|fast_period=20|rsi_confirm=False|slow_period=100,both,all,NEEDS_MORE_DATA,12,,,,,,,,,,,,,,,,only 12 trades < min 20,mt5
run_20260426_191100,EUR/USD,forex,H1,trend_momentum,ema_cross,adx_min=0|fast_period=20|rsi_confirm=True|slow_period=100,both,all,NEEDS_MORE_DATA,12,,,,,,,,,,,,,,,,only 12 trades < min 20,mt5
run_20260426_191100,EUR/USD,forex,H1,trend_momentum,ema_cross,adx_min=20|fast_period=20|rsi_confirm=False|slow_period=100,both,all,NEEDS_MORE_DATA,12,,,,,,,,,,,,,,,,only 12 trades < min 20,mt5
run_20260426_191100,EUR/USD,forex,H1,trend_momentum,ema_cross,adx_min=20|fast_period=20|rsi_confirm=True|slow_period=100,both,all,NEEDS_MORE_DATA,12,,,,,,,,,,,,,,,,only 12 trades < min 20,mt5
run_20260426_191100,EUR/USD,forex,H1,trend_momentum,ema_cross,adx_min=25|fast_period=20|rsi_confirm=False|slow_period=100,both,all,NEEDS_MORE_DATA,11,,,,,,,,,,,,,,,,only 11 trades < min 20,mt5
run_20260426_191100,EUR/USD,forex,H1,trend_momentum,ema_cross,adx_min=25|fast_period=20|rsi_confirm=True|slow_period=100,both,all,NEEDS_MORE_DATA,11,,,,,,,,,,,,,,,,only 11 trades < min 20,mt5
run_20260426_191100,EUR/USD,forex,H1,trend_momentum,ema_cross,adx_min=0|fast_period=20|rsi_confirm=False|slow_period=200,both,all,NEEDS_MORE_DATA,10,,,,,,,,,,,,,,,,only 10 trades < min 20,mt5
run_20260426_191100,EUR/USD,forex,H1,trend_momentum,ema_cross,adx_min=0|fast_period=20|rsi_confirm=True|slow_period=200,both,all,NEEDS_MORE_DATA,10,,,,,,,,,,,,,,,,only 10 trades < min 20,mt5
run_20260426_191100,EUR/USD,forex,H1,trend_momentum,ema_cross,adx_min=20|fast_period=20|rsi_confirm=False|slow_period=200,both,all,NEEDS_MORE_DATA,10,,,,,,,,,,,,,,,,only 10 trades < min 20,mt5
run_20260426_191100,EUR/USD,forex,H1,trend_momentum,ema_cross,adx_min=20|fast_period=20|rsi_confirm=True|slow_period=200,both,all,NEEDS_MORE_DATA,10,,,,,,,,,,,,,,,,only 10 trades < min 20,mt5
run_20260426_191100,EUR/USD,forex,H1,trend_momentum,ema_cross,adx_min=25|fast_period=20|rsi_confirm=False|slow_period=200,both,all,NEEDS_MORE_DATA,9,,,,,,,,,,,,,,,,only 9 trades < min 20,mt5
run_20260426_191100,EUR/USD,forex,H1,trend_momentum,ema_cross,adx_min=25|fast_period=20|rsi_confirm=True|slow_period=200,both,all,NEEDS_MORE_DATA,9,,,,,,,,,,,,,,,,only 9 trades < min 20,mt5
run_20260426_191100,EUR/USD,forex,H1,trend_momentum,ema_alignment,adx_min=0|ema_long=200|ema_mid=50|ema_short=20,both,all,NEEDS_MORE_DATA,13,,,,,,,,,,,,,,,,only 13 trades < min 20,mt5
run_20260426_191100,EUR/USD,forex,H1,trend_momentum,ema_alignment,adx_min=20|ema_long=200|ema_mid=50|ema_short=20,both,all,NEEDS_MORE_DATA,13,,,,,,,,,,,,,,,,only 13 trades < min 20,mt5
run_20260426_191100,EUR/USD,forex,H1,trend_momentum,ema_alignment,adx_min=25|ema_long=200|ema_mid=50|ema_short=20,both,all,NEEDS_MORE_DATA,12,,,,,,,,,,,,,,,,only 12 trades < min 20,mt5
run_20260426_191100,EUR/USD,forex,H1,trend_momentum,macd_direction,adx_min=0|fast=12|signal_period=9|slow=26,both,all,REJECT,67,0.313433,0.590011,-0.000734,-0.000734,-0.048633,-0.862558,-1.754704,0.067067,14.671642,-0.048371,-0.048371,-0.034293,-0.023572,0.606213,,,mt5
run_20260426_191100,EUR/USD,forex,H1,trend_momentum,macd_direction,adx_min=20|fast=12|signal_period=9|slow=26,both,all,REJECT,66,0.318182,0.593689,-0.000734,-0.000734,-0.047925,-0.850433,-1.729588,0.066066,14.621212,-0.047663,-0.047663,-0.033575,-0.023572,0.610626,,,mt5
run_20260426_191100,EUR/USD,forex,H1,pullback,pullback_ema,pullback_period=20|rsi_reclaim=False|rsi_threshold=50|trend_period=200,both,all,REJECT,61,0.196721,0.445537,-0.000711,-0.000711,-0.042636,-1.136428,-2.358766,0.061061,7.885246,-0.042636,-0.042636,-0.035544,-0.015361,0.529654,,,mt5
run_20260426_191100,EUR/USD,forex,H1,pullback,pullback_ema,pullback_period=20|rsi_reclaim=True|rsi_threshold=50|trend_period=200,both,all,REJECT,54,0.203704,0.487337,-0.000673,-0.000673,-0.035868,-0.963937,-1.985398,0.054054,8.425926,-0.035868,-0.035868,-0.033295,-0.010708,0.496480,,,mt5
run_20260426_191100,EUR/USD,forex,H1,pullback,pullback_ema,pullback_period=50|rsi_reclaim=False|rsi_threshold=50|trend_period=200,both,all,REJECT,34,0.117647,0.557393,-0.000643,-0.000643,-0.026798,-0.584260,-1.186939,0.034034,13.500000,-0.021803,-0.021803,-0.026798,-0.004583,0.355312,,,mt5
run_20260426_191100,EUR/USD,forex,H1,pullback,pullback_ema,pullback_period=50|rsi_reclaim=True|rsi_threshold=50|trend_period=200,both,all,REJECT,26,0.153846,0.748782,-0.000355,-0.000355,-0.020193,-0.256468,-0.513413,0.026026,16.653846,-0.009358,-0.009358,-0.018164,-0.000784,0.268949,,,mt5
run_20260426_191100,EUR/USD,forex,H1,breakout,prev_day_hl,atr_expand_min=0.0,both,all,NEEDS_MORE_DATA,18,,,,,,,,,,,,,,,,only 18 trades < min 20,mt5
run_20260426_191100,EUR/USD,forex,H1,breakout,prev_day_hl,atr_expand_min=0.5,both,all,NEEDS_MORE_DATA,18,,,,,,,,,,,,,,,,only 18 trades < min 20,mt5
run_20260426_191100,EUR/USD,forex,H1,breakout,prev_day_hl,atr_expand_min=1.0,both,all,NEEDS_MORE_DATA,16,,,,,,,,,,,,,,,,only 16 trades < min 20,mt5
run_20260426_191100,EUR/USD,forex,H1,breakout,session_opening_range,atr_expand_min=0.0|range_bars=6,both,all,REJECT,63,0.238095,0.456803,-0.001144,-0.001144,-0.074248,-1.203177,-2.506236,0.063063,15.206349,-0.069938,-0.069938,-0.072076,-0.012016,0.450015,,,mt5
run_20260426_191100,EUR/USD,forex,H1,breakout,session_opening_range,atr_expand_min=0.5|range_bars=6,both,all,REJECT,60,0.233333,0.491595,-0.001022,-0.001022,-0.064222,-1.056838,-2.182400,0.060060,15.516667,-0.059865,-0.059865,-0.062026,-0.012016,0.458119,,,mt5
run_20260426_191100,EUR/USD,forex,H1,breakout,session_opening_range,atr_expand_min=0.0|range_bars=12,both,all,WEAK_CANDIDATE,30,0.400000,1.010572,0.000018,0.000018,-0.025488,0.011732,0.023372,0.030030,32.133333,0.000274,0.000274,0.014926,-0.026076,0.380000,,,mt5
run_20260426_191100,EUR/USD,forex,H1,breakout,session_opening_range,atr_expand_min=0.5|range_bars=12,both,all,WEAK_CANDIDATE,30,0.400000,1.010572,0.000018,0.000018,-0.025488,0.011732,0.023372,0.030030,32.133333,0.000274,0.000274,0.014926,-0.026076,0.380000,,,mt5
run_20260426_191100,EUR/USD,forex,H1,breakout,london_breakout,atr_expand_min=0.0|utc_end=11|utc_start=7,both,all,NEEDS_MORE_DATA,17,,,,,,,,,,,,,,,,only 17 trades < min 20,mt5
run_20260426_191100,EUR/USD,forex,H1,breakout,london_breakout,atr_expand_min=0.5|utc_end=11|utc_start=7,both,all,NEEDS_MORE_DATA,17,,,,,,,,,,,,,,,,only 17 trades < min 20,mt5
run_20260426_191100,EUR/USD,forex,H1,breakout,ny_breakout,atr_expand_min=0.0|utc_end=16|utc_start=13,both,all,NEEDS_MORE_DATA,16,,,,,,,,,,,,,,,,only 16 trades < min 20,mt5
run_20260426_191100,EUR/USD,forex,H1,breakout,ny_breakout,atr_expand_min=0.5|utc_end=16|utc_start=13,both,all,NEEDS_MORE_DATA,16,,,,,,,,,,,,,,,,only 16 trades < min 20,mt5
run_20260426_191100,EUR/USD,forex,H1,mean_reversion,rsi_extreme,overbought=70|oversold=30|period=14,both,all,NEEDS_MORE_DATA,17,,,,,,,,,,,,,,,,only 17 trades < min 20,mt5
run_20260426_191100,EUR/USD,forex,H1,mean_reversion,rsi_extreme,overbought=75|oversold=30|period=14,both,all,NEEDS_MORE_DATA,14,,,,,,,,,,,,,,,,only 14 trades < min 20,mt5
run_20260426_191100,EUR/USD,forex,H1,mean_reversion,rsi_extreme,overbought=70|oversold=25|period=14,both,all,NEEDS_MORE_DATA,12,,,,,,,,,,,,,,,,only 12 trades < min 20,mt5
run_20260426_191100,EUR/USD,forex,H1,mean_reversion,rsi_extreme,overbought=75|oversold=25|period=14,both,all,NEEDS_MORE_DATA,9,,,,,,,,,,,,,,,,only 9 trades < min 20,mt5
run_20260426_191100,EUR/USD,forex,H1,mean_reversion,bollinger_touch,num_std=2.0|period=20,both,all,REJECT,38,0.500000,0.429163,-0.001064,-0.001064,-0.044277,-0.820839,-1.693465,0.038038,17.000000,-0.039909,-0.039909,-0.030659,0.000013,0.328000,,,mt5
run_20260426_191100,EUR/USD,forex,H1,mean_reversion,bollinger_touch,num_std=2.5|period=20,both,all,REJECT,22,0.454545,0.301991,-0.001647,-0.001647,-0.040896,-0.812715,-1.722419,0.022022,18.681818,-0.035829,-0.035829,-0.022191,-0.004434,0.291939,,,mt5
run_20260426_191100,EUR/USD,forex,H1,mean_reversion,vwap_deviation,std_threshold=1.5,both,all,NEEDS_MORE_DATA,9,,,,,,,,,,,,,,,,only 9 trades < min 20,mt5
run_20260426_191100,EUR/USD,forex,H1,mean_reversion,vwap_deviation,std_threshold=2.0,both,all,NEEDS_MORE_DATA,7,,,,,,,,,,,,,,,,only 7 trades < min 20,mt5
run_20260426_191100,EUR/USD,forex,H1,volatility,bb_squeeze_breakout,confirm_ema=True|period=20|squeeze_pct=20,both,all,REJECT,24,0.416667,0.672220,-0.000413,-0.000413,-0.013599,-0.406485,-0.820755,0.024024,10.000000,-0.009935,-0.009935,-0.000332,-0.009605,0.265815,,,mt5
run_20260426_191100,EUR/USD,forex,H1,volatility,bb_squeeze_breakout,confirm_ema=False|period=20|squeeze_pct=20,both,all,REJECT,24,0.416667,0.651473,-0.000453,-0.000453,-0.014550,-0.440860,-0.892319,0.024024,10.208333,-0.010889,-0.010889,-0.001296,-0.009605,0.294727,,,mt5
run_20260426_191100,EUR/USD,forex,H1,volatility,bb_squeeze_breakout,confirm_ema=True|period=20|squeeze_pct=30,both,all,REJECT,29,0.344828,0.519884,-0.000664,-0.000664,-0.023179,-0.711965,-1.468584,0.029029,9.172414,-0.019160,-0.019160,-0.001312,-0.017871,0.274000,,,mt5
run_20260426_191100,EUR/USD,forex,H1,volatility,bb_squeeze_breakout,confirm_ema=False|period=20|squeeze_pct=30,both,all,REJECT,29,0.344828,0.503390,-0.000709,-0.000709,-0.023179,-0.754283,-1.562797,0.029029,9.482759,-0.020449,-0.020449,-0.002625,-0.017871,0.274000,,,mt5
run_20260426_191100,EUR/USD,forex,H1,volatility,atr_compression,confirm_ema=True|period=14|squeeze_pct=20,both,all,NEEDS_MORE_DATA,14,,,,,,,,,,,,,,,,only 14 trades < min 20,mt5
run_20260426_191100,EUR/USD,forex,H1,volatility,atr_compression,confirm_ema=False|period=14|squeeze_pct=20,both,all,NEEDS_MORE_DATA,16,,,,,,,,,,,,,,,,only 16 trades < min 20,mt5
run_20260426_191100,EUR/USD,forex,H1,volatility,atr_compression,confirm_ema=True|period=14|squeeze_pct=30,both,all,NEEDS_MORE_DATA,17,,,,,,,,,,,,,,,,only 17 trades < min 20,mt5
run_20260426_191100,EUR/USD,forex,H1,volatility,atr_compression,confirm_ema=False|period=14|squeeze_pct=30,both,all,NEEDS_MORE_DATA,16,,,,,,,,,,,,,,,,only 16 trades < min 20,mt5
run_20260426_191100,EUR/USD,forex,H1,engine_b_proxy,ob_bos,require_engulf=False|require_vol_expand=False|swing_period=5,both,all,NEEDS_MORE_DATA,19,,,,,,,,,,,,,,,,only 19 trades < min 20,mt5
run_20260426_191100,EUR/USD,forex,H1,engine_b_proxy,ob_bos,require_engulf=False|require_vol_expand=True|swing_period=5,both,all,NEEDS_MORE_DATA,16,,,,,,,,,,,,,,,,only 16 trades < min 20,mt5
run_20260426_191100,EUR/USD,forex,H1,engine_b_proxy,ob_bos,require_engulf=True|require_vol_expand=False|swing_period=5,both,all,NEEDS_MORE_DATA,16,,,,,,,,,,,,,,,,only 16 trades < min 20,mt5
run_20260426_191100,EUR/USD,forex,H1,engine_b_proxy,ob_bos,require_engulf=True|require_vol_expand=True|swing_period=5,both,all,NEEDS_MORE_DATA,14,,,,,,,,,,,,,,,,only 14 trades < min 20,mt5
run_20260426_191100,EUR/USD,forex,H1,engine_b_proxy,ob_bos,require_engulf=False|require_vol_expand=False|swing_period=10,both,all,NEEDS_MORE_DATA,11,,,,,,,,,,,,,,,,only 11 trades < min 20,mt5
run_20260426_191100,EUR/USD,forex,H1,engine_b_proxy,ob_bos,require_engulf=False|require_vol_expand=True|swing_period=10,both,all,NEEDS_MORE_DATA,8,,,,,,,,,,,,,,,,only 8 trades < min 20,mt5
run_20260426_191100,EUR/USD,forex,H1,engine_b_proxy,ob_bos,require_engulf=True|require_vol_expand=False|swing_period=10,both,all,NEEDS_MORE_DATA,10,,,,,,,,,,,,,,,,only 10 trades < min 20,mt5
run_20260426_191100,EUR/USD,forex,H1,engine_b_proxy,ob_bos,require_engulf=True|require_vol_expand=True|swing_period=10,both,all,NEEDS_MORE_DATA,8,,,,,,,,,,,,,,,,only 8 trades < min 20,mt5
run_20260426_191100,EUR/USD,forex,H1,engine_b_proxy,structure_filters,fvg_detection=False|strong_close_pct=0.7,both,all,REJECT,312,0.157051,0.165494,-0.001130,-0.001130,-0.297605,-5.497910,-12.769426,0.312312,3.060897,-0.297605,-0.297605,-0.229163,-0.086251,0.512912,,,mt5
run_20260426_191100,EUR/USD,forex,H1,engine_b_proxy,structure_filters,fvg_detection=True|strong_close_pct=0.7,both,all,REJECT,33,0.242424,0.513229,-0.000830,-0.000830,-0.035223,-0.702054,-1.440411,0.033033,13.000000,-0.027219,-0.027219,-0.016537,-0.010862,0.495060,,,mt5
run_20260426_191100,EUR/USD,forex,H1,engine_b_proxy,structure_filters,fvg_detection=False|strong_close_pct=0.8,both,all,REJECT,224,0.187500,0.294620,-0.000946,-0.000946,-0.191435,-3.416889,-7.428626,0.224224,4.102679,-0.191435,-0.191435,-0.148974,-0.047248,0.495146,,,mt5
run_20260426_191100,EUR/USD,forex,H1,engine_b_proxy,structure_filters,fvg_detection=True|strong_close_pct=0.8,both,all,REJECT,25,0.280000,0.663860,-0.000565,-0.000565,-0.022285,-0.391499,-0.789303,0.025025,15.040000,-0.014182,-0.014182,-0.008270,-0.005961,0.480736,,,mt5
run_20260426_191100,EUR/USD,forex,H1,engine_d_proxy,vwap_reclaim,atr_sl_mult=0.5|band_std=0.5,both,all,NEEDS_MORE_DATA,13,,,,,,,,,,,,,,,,only 13 trades < min 20,mt5
run_20260426_191100,EUR/USD,forex,H1,engine_d_proxy,vwap_reclaim,atr_sl_mult=1.0|band_std=0.5,both,all,NEEDS_MORE_DATA,13,,,,,,,,,,,,,,,,only 13 trades < min 20,mt5
run_20260426_191100,EUR/USD,forex,H1,engine_d_proxy,vwap_reclaim,atr_sl_mult=0.5|band_std=1.0,both,all,NEEDS_MORE_DATA,9,,,,,,,,,,,,,,,,only 9 trades < min 20,mt5
run_20260426_191100,EUR/USD,forex,H1,engine_d_proxy,vwap_reclaim,atr_sl_mult=1.0|band_std=1.0,both,all,NEEDS_MORE_DATA,9,,,,,,,,,,,,,,,,only 9 trades < min 20,mt5
run_20260426_191100,EUR/USD,forex,H1,engine_d_proxy,micro_breakout,atr_sl_mult=0.5|fee_guard_r=0.5|range_bars=3,both,all,REJECT,108,0.250000,0.396588,-0.001021,-0.001021,-0.104793,-1.833652,-3.872283,0.108108,9.074074,-0.104793,-0.104793,-0.080205,-0.039488,0.547702,,,mt5
run_20260426_191100,EUR/USD,forex,H1,engine_d_proxy,micro_breakout,atr_sl_mult=1.0|fee_guard_r=0.5|range_bars=3,both,all,REJECT,108,0.250000,0.396588,-0.001021,-0.001021,-0.104793,-1.833652,-3.872283,0.108108,9.074074,-0.104793,-0.104793,-0.080205,-0.039488,0.547702,,,mt5
run_20260426_191100,EUR/USD,forex,H1,engine_d_proxy,micro_breakout,atr_sl_mult=0.5|fee_guard_r=0.5|range_bars=6,both,all,REJECT,63,0.238095,0.456803,-0.001144,-0.001144,-0.074248,-1.203177,-2.506236,0.063063,15.206349,-0.069938,-0.069938,-0.072076,-0.012016,0.450015,,,mt5
run_20260426_191100,EUR/USD,forex,H1,engine_d_proxy,micro_breakout,atr_sl_mult=1.0|fee_guard_r=0.5|range_bars=6,both,all,REJECT,63,0.238095,0.456803,-0.001144,-0.001144,-0.074248,-1.203177,-2.506236,0.063063,15.206349,-0.069938,-0.069938,-0.072076,-0.012016,0.450015,,,mt5
run_20260426_191100,EUR/USD,forex,H1,engine_d_proxy,ema_scalp_pullback,atr_sl_mult=0.5|ema_period=21,both,all,REJECT,127,0.165354,0.312062,-0.001033,-0.001033,-0.123258,-2.322545,-5.009800,0.127127,7.196850,-0.123258,-0.123258,-0.085529,-0.051773,0.581597,,,mt5
run_20260426_191100,EUR/USD,forex,H1,engine_d_proxy,ema_scalp_pullback,atr_sl_mult=1.0|ema_period=21,both,all,REJECT,126,0.166667,0.316215,-0.001021,-0.001021,-0.121058,-2.286545,-4.922839,0.126126,7.261905,-0.121058,-0.121058,-0.083234,-0.051773,0.586605,,,mt5
run_20260426_191100,SOL/USDT,crypto,H1,trend_momentum,ema_cross,adx_min=0|fast_period=10|rsi_confirm=False|slow_period=50,both,all,REJECT,44,0.136364,0.205540,-0.011381,-0.011381,-0.399890,-1.804938,-4.239937,0.044044,22.363636,-0.399890,-0.399890,-0.339068,-0.093902,0.447082,,,binance_rest
run_20260426_191100,SOL/USDT,crypto,H1,trend_momentum,ema_cross,adx_min=0|fast_period=10|rsi_confirm=True|slow_period=50,both,all,REJECT,41,0.146341,0.216303,-0.011449,-0.011449,-0.385406,-1.705995,-3.977909,0.041041,23.731707,-0.380660,-0.380660,-0.317889,-0.093902,0.434618,,,binance_rest
run_20260426_191100,SOL/USDT,crypto,H1,trend_momentum,ema_cross,adx_min=20|fast_period=10|rsi_confirm=False|slow_period=50,both,all,REJECT,42,0.142857,0.217876,-0.011074,-0.011074,-0.377880,-1.703786,-3.952800,0.042042,22.928571,-0.377880,-0.377880,-0.314827,-0.093902,0.441479,,,binance_rest
run_20260426_191100,SOL/USDT,crypto,H1,trend_momentum,ema_cross,adx_min=20|fast_period=10|rsi_confirm=True|slow_period=50,both,all,REJECT,39,0.153846,0.230007,-0.011121,-0.011121,-0.362865,-1.602673,-3.689325,0.039039,24.410256,-0.357945,-0.357945,-0.292871,-0.093902,0.430187,,,binance_rest
run_20260426_191100,SOL/USDT,crypto,H1,trend_momentum,ema_cross,adx_min=25|fast_period=10|rsi_confirm=False|slow_period=50,both,all,REJECT,32,0.156250,0.202303,-0.011528,-0.011528,-0.313768,-1.509006,-3.526333,0.032032,25.031250,-0.313768,-0.313768,-0.301707,-0.019303,0.311194,,,binance_rest
run_20260426_191100,SOL/USDT,crypto,H1,trend_momentum,ema_cross,adx_min=25|fast_period=10|rsi_confirm=True|slow_period=50,both,all,REJECT,29,0.172414,0.217022,-0.011640,-0.011640,-0.291779,-1.395981,-3.230332,0.029029,27.241379,-0.291779,-0.291779,-0.279331,-0.019303,0.294732,,,binance_rest
run_20260426_191100,SOL/USDT,crypto,H1,trend_momentum,ema_cross,adx_min=0|fast_period=10|rsi_confirm=False|slow_period=100,both,all,REJECT,26,0.153846,0.237473,-0.010972,-0.010972,-0.256210,-1.292847,-2.970796,0.026026,37.846154,-0.252866,-0.252866,-0.190728,-0.069164,0.364789,,,binance_rest
run_20260426_191100,SOL/USDT,crypto,H1,trend_momentum,ema_cross,adx_min=0|fast_period=10|rsi_confirm=True|slow_period=100,both,all,REJECT,24,0.166667,0.257404,-0.010680,-0.010680,-0.256210,-1.181363,-2.673573,0.024024,40.500000,-0.230741,-0.230741,-0.166763,-0.069164,0.368423,,,binance_rest
run_20260426_191100,SOL/USDT,crypto,H1,trend_momentum,ema_cross,adx_min=20|fast_period=10|rsi_confirm=False|slow_period=100,both,all,REJECT,26,0.153846,0.237473,-0.010972,-0.010972,-0.256210,-1.292847,-2.970796,0.026026,37.846154,-0.252866,-0.252866,-0.190728,-0.069164,0.364789,,,binance_rest
run_20260426_191100,SOL/USDT,crypto,H1,trend_momentum,ema_cross,adx_min=20|fast_period=10|rsi_confirm=True|slow_period=100,both,all,REJECT,24,0.166667,0.257404,-0.010680,-0.010680,-0.256210,-1.181363,-2.673573,0.024024,40.500000,-0.230741,-0.230741,-0.166763,-0.069164,0.368423,,,binance_rest
run_20260426_191100,SOL/USDT,crypto,H1,trend_momentum,ema_cross,adx_min=25|fast_period=10|rsi_confirm=False|slow_period=100,both,all,NEEDS_MORE_DATA,19,,,,,,,,,,,,,,,,only 19 trades < min 20,binance_rest
run_20260426_191100,SOL/USDT,crypto,H1,trend_momentum,ema_cross,adx_min=25|fast_period=10|rsi_confirm=True|slow_period=100,both,all,NEEDS_MORE_DATA,17,,,,,,,,,,,,,,,,only 17 trades < min 20,binance_rest
run_20260426_191100,SOL/USDT,crypto,H1,trend_momentum,ema_cross,adx_min=0|fast_period=10|rsi_confirm=False|slow_period=200,both,all,REJECT,28,0.107143,0.200699,-0.012559,-0.012559,-0.302604,-1.343193,-3.086607,0.028028,34.928571,-0.302604,-0.302604,-0.185702,-0.142359,0.497980,,,binance_rest
run_20260426_191100,SOL/USDT,crypto,H1,trend_momentum,ema_cross,adx_min=0|fast_period=10|rsi_confirm=True|slow_period=200,both,all,REJECT,24,0.083333,0.194770,-0.013319,-0.013319,-0.279651,-1.247293,-2.871064,0.024024,36.333333,-0.279651,-0.279651,-0.161588,-0.139612,0.503199,,,binance_rest
run_20260426_191100,SOL/USDT,crypto,H1,trend_momentum,ema_cross,adx_min=20|fast_period=10|rsi_confirm=False|slow_period=200,both,all,REJECT,28,0.107143,0.200699,-0.012559,-0.012559,-0.302604,-1.343193,-3.086607,0.028028,34.928571,-0.302604,-0.302604,-0.185702,-0.142359,0.497980,,,binance_rest
run_20260426_191100,SOL/USDT,crypto,H1,trend_momentum,ema_cross,adx_min=20|fast_period=10|rsi_confirm=True|slow_period=200,both,all,REJECT,24,0.083333,0.194770,-0.013319,-0.013319,-0.279651,-1.247293,-2.871064,0.024024,36.333333,-0.279651,-0.279651,-0.161588,-0.139612,0.503199,,,binance_rest
run_20260426_191100,SOL/USDT,crypto,H1,trend_momentum,ema_cross,adx_min=25|fast_period=10|rsi_confirm=False|slow_period=200,both,all,REJECT,23,0.086957,0.249932,-0.010890,-0.010890,-0.226330,-1.132354,-2.547773,0.023023,33.130435,-0.226330,-0.226330,-0.132359,-0.107056,0.480650,,,binance_rest
run_20260426_191100,SOL/USDT,crypto,H1,trend_momentum,ema_cross,adx_min=25|fast_period=10|rsi_confirm=True|slow_period=200,both,all,NEEDS_MORE_DATA,19,,,,,,,,,,,,,,,,only 19 trades < min 20,binance_rest
run_20260426_191100,SOL/USDT,crypto,H1,trend_momentum,ema_cross,adx_min=0|fast_period=20|rsi_confirm=False|slow_period=50,both,all,REJECT,32,0.125000,0.150167,-0.016350,-0.016350,-0.414054,-1.771324,-4.469127,0.032032,30.781250,-0.414054,-0.414054,-0.335133,-0.108197,0.388855,,,binance_rest
run_20260426_191100,SOL/USDT,crypto,H1,trend_momentum,ema_cross,adx_min=0|fast_period=20|rsi_confirm=True|slow_period=50,both,all,REJECT,30,0.133333,0.157582,-0.016474,-0.016474,-0.396702,-1.688447,-4.223428,0.030030,32.433333,-0.396702,-0.396702,-0.315445,-0.108197,0.382900,,,binance_rest
run_20260426_191100,SOL/USDT,crypto,H1,trend_momentum,ema_cross,adx_min=20|fast_period=20|rsi_confirm=False|slow_period=50,both,all,REJECT,31,0.129032,0.155308,-0.016220,-0.016220,-0.401862,-1.718067,-4.298709,0.031031,31.225806,-0.401862,-0.401862,-0.321300,-0.108197,0.387025,,,binance_rest
run_20260426_191100,SOL/USDT,crypto,H1,trend_momentum,ema_cross,adx_min=20|fast_period=20|rsi_confirm=True|slow_period=50,both,all,REJECT,29,0.137931,0.163252,-0.016340,-0.016340,-0.384150,-1.634114,-4.052585,0.029029,32.965517,-0.384150,-0.384150,-0.301201,-0.108197,0.381766,,,binance_rest
run_20260426_191100,SOL/USDT,crypto,H1,trend_momentum,ema_cross,adx_min=25|fast_period=20|rsi_confirm=False|slow_period=50,both,all,REJECT,22,0.136364,0.167669,-0.016307,-0.016307,-0.307751,-1.355573,-3.284725,0.022022,36.227273,-0.307751,-0.307751,-0.269570,-0.040975,0.277601,,,binance_rest
run_20260426_191100,SOL/USDT,crypto,H1,trend_momentum,ema_cross,adx_min=25|fast_period=20|rsi_confirm=True|slow_period=50,both,all,REJECT,20,0.150000,0.179750,-0.016489,-0.016489,-0.287251,-1.260607,-3.020910,0.020020,39.250000,-0.287251,-0.287251,-0.247940,-0.040975,0.269579,,,binance_rest
run_20260426_191100,SOL/USDT,crypto,H1,trend_momentum,ema_cross,adx_min=0|fast_period=20|rsi_confirm=False|slow_period=100,both,all,REJECT,20,0.150000,0.114867,-0.018395,-0.018395,-0.313377,-1.478288,-3.883237,0.020020,49.250000,-0.313377,-0.313377,-0.242992,-0.082285,0.321590,,,binance_rest
run_20260426_191100,SOL/USDT,crypto,H1,trend_momentum,ema_cross,adx_min=0|fast_period=20|rsi_confirm=True|slow_period=100,both,all,NEEDS_MORE_DATA,18,,,,,,,,,,,,,,,,only 18 trades < min 20,binance_rest
run_20260426_191100,SOL/USDT,crypto,H1,trend_momentum,ema_cross,adx_min=20|fast_period=20|rsi_confirm=False|slow_period=100,both,all,REJECT,20,0.150000,0.114867,-0.018395,-0.018395,-0.313377,-1.478288,-3.883237,0.020020,49.250000,-0.313377,-0.313377,-0.242992,-0.082285,0.321590,,,binance_rest
run_20260426_191100,SOL/USDT,crypto,H1,trend_momentum,ema_cross,adx_min=20|fast_period=20|rsi_confirm=True|slow_period=100,both,all,NEEDS_MORE_DATA,18,,,,,,,,,,,,,,,,only 18 trades < min 20,binance_rest
run_20260426_191100,SOL/USDT,crypto,H1,trend_momentum,ema_cross,adx_min=25|fast_period=20|rsi_confirm=False|slow_period=100,both,all,REJECT,20,0.150000,0.114867,-0.018395,-0.018395,-0.313377,-1.478288,-3.883237,0.020020,49.250000,-0.313377,-0.313377,-0.242992,-0.082285,0.321590,,,binance_rest
run_20260426_191100,SOL/USDT,crypto,H1,trend_momentum,ema_cross,adx_min=25|fast_period=20|rsi_confirm=True|slow_period=100,both,all,NEEDS_MORE_DATA,18,,,,,,,,,,,,,,,,only 18 trades < min 20,binance_rest
run_20260426_191100,SOL/USDT,crypto,H1,trend_momentum,ema_cross,adx_min=0|fast_period=20|rsi_confirm=False|slow_period=200,both,all,NEEDS_MORE_DATA,18,,,,,,,,,,,,,,,,only 18 trades < min 20,binance_rest
run_20260426_191100,SOL/USDT,crypto,H1,trend_momentum,ema_cross,adx_min=0|fast_period=20|rsi_confirm=True|slow_period=200,both,all,NEEDS_MORE_DATA,16,,,,,,,,,,,,,,,,only 16 trades < min 20,binance_rest
run_20260426_191100,SOL/USDT,crypto,H1,trend_momentum,ema_cross,adx_min=20|fast_period=20|rsi_confirm=False|slow_period=200,both,all,NEEDS_MORE_DATA,18,,,,,,,,,,,,,,,,only 18 trades < min 20,binance_rest
run_20260426_191100,SOL/USDT,crypto,H1,trend_momentum,ema_cross,adx_min=20|fast_period=20|rsi_confirm=True|slow_period=200,both,all,NEEDS_MORE_DATA,16,,,,,,,,,,,,,,,,only 16 trades < min 20,binance_rest
run_20260426_191100,SOL/USDT,crypto,H1,trend_momentum,ema_cross,adx_min=25|fast_period=20|rsi_confirm=False|slow_period=200,both,all,NEEDS_MORE_DATA,15,,,,,,,,,,,,,,,,only 15 trades < min 20,binance_rest
run_20260426_191100,SOL/USDT,crypto,H1,trend_momentum,ema_cross,adx_min=25|fast_period=20|rsi_confirm=True|slow_period=200,both,all,NEEDS_MORE_DATA,13,,,,,,,,,,,,,,,,only 13 trades < min 20,binance_rest
run_20260426_191100,SOL/USDT,crypto,H1,trend_momentum,ema_alignment,adx_min=0|ema_long=200|ema_mid=50|ema_short=20,both,all,REJECT,20,0.100000,0.128149,-0.017642,-0.017642,-0.302671,-1.454803,-3.777809,0.020020,33.850000,-0.302671,-0.302671,-0.269606,-0.069078,0.296865,,,binance_rest
run_20260426_191100,SOL/USDT,crypto,H1,trend_momentum,ema_alignment,adx_min=20|ema_long=200|ema_mid=50|ema_short=20,both,all,REJECT,20,0.100000,0.128149,-0.017642,-0.017642,-0.302671,-1.454803,-3.777809,0.020020,33.850000,-0.302671,-0.302671,-0.269606,-0.069078,0.296865,,,binance_rest
run_20260426_191100,SOL/USDT,crypto,H1,trend_momentum,ema_alignment,adx_min=25|ema_long=200|ema_mid=50|ema_short=20,both,all,NEEDS_MORE_DATA,18,,,,,,,,,,,,,,,,only 18 trades < min 20,binance_rest
run_20260426_191100,SOL/USDT,crypto,H1,trend_momentum,macd_direction,adx_min=0|fast=12|signal_period=9|slow=26,both,all,REJECT,86,0.325581,0.932272,-0.000465,-0.000465,-0.162994,-0.119009,-0.237143,0.086086,11.558140,-0.052589,-0.052589,-0.024410,-0.070565,0.400000,,,binance_rest
run_20260426_191100,SOL/USDT,crypto,H1,trend_momentum,macd_direction,adx_min=20|fast=12|signal_period=9|slow=26,both,all,REJECT,82,0.341463,0.973060,-0.000186,-0.000186,-0.162994,-0.045500,-0.090642,0.082082,11.926829,-0.028788,-0.028788,-0.015281,-0.056048,0.400000,,,binance_rest
run_20260426_191100,SOL/USDT,crypto,H1,pullback,pullback_ema,pullback_period=20|rsi_reclaim=False|rsi_threshold=50|trend_period=200,both,all,REJECT,74,0.148649,0.281840,-0.004225,-0.004225,-0.271199,-1.838351,-4.014352,0.074074,6.243243,-0.271199,-0.271199,-0.219430,-0.066323,0.490675,,,binance_rest
run_20260426_191100,SOL/USDT,crypto,H1,pullback,pullback_ema,pullback_period=20|rsi_reclaim=True|rsi_threshold=50|trend_period=200,both,all,REJECT,65,0.169231,0.323105,-0.003961,-0.003961,-0.229701,-1.553225,-3.332003,0.065065,6.815385,-0.229701,-0.229701,-0.184667,-0.055233,0.489729,,,binance_rest
run_20260426_191100,SOL/USDT,crypto,H1,pullback,pullback_ema,pullback_period=50|rsi_reclaim=False|rsi_threshold=50|trend_period=200,both,all,REJECT,55,0.145455,0.247091,-0.004866,-0.004866,-0.236895,-1.823157,-4.129778,0.055055,9.381818,-0.236895,-0.236895,-0.187726,-0.067022,0.507106,,,binance_rest
run_20260426_191100,SOL/USDT,crypto,H1,pullback,pullback_ema,pullback_period=50|rsi_reclaim=True|rsi_threshold=50|trend_period=200,both,all,REJECT,42,0.190476,0.320442,-0.004455,-0.004455,-0.172679,-1.342438,-2.923213,0.042042,11.666667,-0.172679,-0.172679,-0.129650,-0.056194,0.482028,,,binance_rest
run_20260426_191100,SOL/USDT,crypto,H1,breakout,prev_day_hl,atr_expand_min=0.0,both,all,REJECT,23,0.217391,0.196567,-0.020056,-0.020056,-0.398294,-1.373710,-3.313835,0.023023,39.000000,-0.378573,-0.378573,-0.323968,-0.091980,0.323175,,,binance_rest
run_20260426_191100,SOL/USDT,crypto,H1,breakout,prev_day_hl,atr_expand_min=0.5,both,all,REJECT,23,0.217391,0.196567,-0.020056,-0.020056,-0.398294,-1.373710,-3.313835,0.023023,39.000000,-0.378573,-0.378573,-0.323968,-0.091980,0.323175,,,binance_rest
run_20260426_191100,SOL/USDT,crypto,H1,breakout,prev_day_hl,atr_expand_min=1.0,both,all,REJECT,22,0.227273,0.195988,-0.021045,-0.021045,-0.399477,-1.366442,-3.323923,0.022022,38.000000,-0.379795,-0.379795,-0.328372,-0.087823,0.312235,,,binance_rest
run_20260426_191100,SOL/USDT,crypto,H1,breakout,session_opening_range,atr_expand_min=0.0|range_bars=6,both,all,REJECT,60,0.283333,0.702256,-0.002943,-0.002943,-0.212718,-0.512793,-1.029963,0.060060,16.383333,-0.174083,-0.174083,-0.121308,-0.037868,0.493649,,,binance_rest
run_20260426_191100,SOL/USDT,crypto,H1,breakout,session_opening_range,atr_expand_min=0.5|range_bars=6,both,all,REJECT,60,0.283333,0.702256,-0.002943,-0.002943,-0.212718,-0.512793,-1.029963,0.060060,16.383333,-0.174083,-0.174083,-0.121308,-0.037868,0.493649,,,binance_rest
run_20260426_191100,SOL/USDT,crypto,H1,breakout,session_opening_range,atr_expand_min=0.0|range_bars=12,both,all,REJECT,36,0.388889,0.864789,-0.001297,-0.001297,-0.140857,-0.162492,-0.324147,0.036036,27.305556,-0.055298,-0.055298,-0.029945,-0.077784,0.316000,,,binance_rest
run_20260426_191100,SOL/USDT,crypto,H1,breakout,session_opening_range,atr_expand_min=0.5|range_bars=12,both,all,REJECT,36,0.388889,0.864789,-0.001297,-0.001297,-0.140857,-0.162492,-0.324147,0.036036,27.305556,-0.055298,-0.055298,-0.029945,-0.077784,0.316000,,,binance_rest
run_20260426_191100,SOL/USDT,crypto,H1,breakout,london_breakout,atr_expand_min=0.0|utc_end=11|utc_start=7,both,all,NEEDS_MORE_DATA,9,,,,,,,,,,,,,,,,only 9 trades < min 20,binance_rest
run_20260426_191100,SOL/USDT,crypto,H1,breakout,london_breakout,atr_expand_min=0.5|utc_end=11|utc_start=7,both,all,NEEDS_MORE_DATA,9,,,,,,,,,,,,,,,,only 9 trades < min 20,binance_rest
run_20260426_191100,SOL/USDT,crypto,H1,breakout,ny_breakout,atr_expand_min=0.0|utc_end=16|utc_start=13,both,all,NEEDS_MORE_DATA,17,,,,,,,,,,,,,,,,only 17 trades < min 20,binance_rest
run_20260426_191100,SOL/USDT,crypto,H1,breakout,ny_breakout,atr_expand_min=0.5|utc_end=16|utc_start=13,both,all,NEEDS_MORE_DATA,17,,,,,,,,,,,,,,,,only 17 trades < min 20,binance_rest
run_20260426_191100,SOL/USDT,crypto,H1,mean_reversion,rsi_extreme,overbought=70|oversold=30|period=14,both,all,NEEDS_MORE_DATA,15,,,,,,,,,,,,,,,,only 15 trades < min 20,binance_rest
run_20260426_191100,SOL/USDT,crypto,H1,mean_reversion,rsi_extreme,overbought=75|oversold=30|period=14,both,all,NEEDS_MORE_DATA,11,,,,,,,,,,,,,,,,only 11 trades < min 20,binance_rest
run_20260426_191100,SOL/USDT,crypto,H1,mean_reversion,rsi_extreme,overbought=70|oversold=25|period=14,both,all,NEEDS_MORE_DATA,10,,,,,,,,,,,,,,,,only 10 trades < min 20,binance_rest
run_20260426_191100,SOL/USDT,crypto,H1,mean_reversion,rsi_extreme,overbought=75|oversold=25|period=14,both,all,NEEDS_MORE_DATA,6,,,,,,,,,,,,,,,,only 6 trades < min 20,binance_rest
run_20260426_191100,SOL/USDT,crypto,H1,mean_reversion,bollinger_touch,num_std=2.0|period=20,both,all,REJECT,38,0.605263,0.949350,-0.000339,-0.000339,-0.092916,-0.057466,-0.114494,0.038038,14.815789,-0.019142,-0.019142,0.006968,-0.007593,0.328000,,,binance_rest
run_20260426_191100,SOL/USDT,crypto,H1,mean_reversion,bollinger_touch,num_std=2.5|period=20,both,all,REJECT,25,0.560000,0.762842,-0.001928,-0.001928,-0.095120,-0.234690,-0.469519,0.025025,16.360000,-0.052215,-0.052215,-0.036225,0.001922,0.250000,,,binance_rest
run_20260426_191100,SOL/USDT,crypto,H1,mean_reversion,vwap_deviation,std_threshold=1.5,both,all,WEAK_CANDIDATE,20,0.900000,6.179492,0.011940,0.011940,-0.037549,1.359774,3.384644,0.020020,39.750000,0.264826,0.264826,0.078445,0.172824,0.320000,,,binance_rest
run_20260426_191100,SOL/USDT,crypto,H1,mean_reversion,vwap_deviation,std_threshold=2.0,both,all,NEEDS_MORE_DATA,12,,,,,,,,,,,,,,,,only 12 trades < min 20,binance_rest
run_20260426_191100,SOL/USDT,crypto,H1,volatility,bb_squeeze_breakout,confirm_ema=True|period=20|squeeze_pct=20,both,all,REJECT,24,0.250000,0.519621,-0.004481,-0.004481,-0.119463,-0.640631,-1.320650,0.024024,9.208333,-0.105145,-0.105145,-0.093280,-0.013085,0.286084,,,binance_rest
run_20260426_191100,SOL/USDT,crypto,H1,volatility,bb_squeeze_breakout,confirm_ema=False|period=20|squeeze_pct=20,both,all,REJECT,24,0.333333,0.710819,-0.002383,-0.002383,-0.088966,-0.341814,-0.687422,0.024024,10.125000,-0.058915,-0.058915,-0.061877,0.003158,0.244000,,,binance_rest
run_20260426_191100,SOL/USDT,crypto,H1,volatility,bb_squeeze_breakout,confirm_ema=True|period=20|squeeze_pct=30,both,all,REJECT,23,0.391304,0.941380,-0.000345,-0.000345,-0.063889,-0.056724,-0.113027,0.023023,9.043478,-0.010341,-0.010341,-0.036054,0.026674,0.238000,,,binance_rest
run_20260426_191100,SOL/USDT,crypto,H1,volatility,bb_squeeze_breakout,confirm_ema=False|period=20|squeeze_pct=30,both,all,REJECT,23,0.391304,0.941380,-0.000345,-0.000345,-0.063889,-0.056724,-0.113027,0.023023,9.043478,-0.010341,-0.010341,-0.036054,0.026674,0.238000,,,binance_rest
run_20260426_191100,SOL/USDT,crypto,H1,volatility,atr_compression,confirm_ema=True|period=14|squeeze_pct=20,both,all,NEEDS_MORE_DATA,13,,,,,,,,,,,,,,,,only 13 trades < min 20,binance_rest
run_20260426_191100,SOL/USDT,crypto,H1,volatility,atr_compression,confirm_ema=False|period=14|squeeze_pct=20,both,all,NEEDS_MORE_DATA,15,,,,,,,,,,,,,,,,only 15 trades < min 20,binance_rest
run_20260426_191100,SOL/USDT,crypto,H1,volatility,atr_compression,confirm_ema=True|period=14|squeeze_pct=30,both,all,NEEDS_MORE_DATA,12,,,,,,,,,,,,,,,,only 12 trades < min 20,binance_rest
run_20260426_191100,SOL/USDT,crypto,H1,volatility,atr_compression,confirm_ema=False|period=14|squeeze_pct=30,both,all,NEEDS_MORE_DATA,13,,,,,,,,,,,,,,,,only 13 trades < min 20,binance_rest
run_20260426_191100,SOL/USDT,crypto,H1,engine_b_proxy,ob_bos,require_engulf=False|require_vol_expand=False|swing_period=5,both,all,REJECT,26,0.230769,0.375528,-0.010930,-0.010930,-0.285154,-0.964595,-2.070000,0.026026,32.807692,-0.255533,-0.255533,-0.215325,-0.101560,0.397497,,,binance_rest
run_20260426_191100,SOL/USDT,crypto,H1,engine_b_proxy,ob_bos,require_engulf=False|require_vol_expand=True|swing_period=5,both,all,REJECT,23,0.260870,0.374534,-0.010324,-0.010324,-0.263973,-0.922054,-1.984466,0.023023,32.086957,-0.217957,-0.217957,-0.166499,-0.101560,0.420992,,,binance_rest
run_20260426_191100,SOL/USDT,crypto,H1,engine_b_proxy,ob_bos,require_engulf=True|require_vol_expand=False|swing_period=5,both,all,REJECT,24,0.250000,0.437541,-0.009153,-0.009153,-0.238818,-0.788259,-1.655437,0.024024,34.125000,-0.204983,-0.204983,-0.175639,-0.086743,0.392161,,,binance_rest
run_20260426_191100,SOL/USDT,crypto,H1,engine_b_proxy,ob_bos,require_engulf=True|require_vol_expand=True|swing_period=5,both,all,REJECT,21,0.285714,0.451186,-0.008236,-0.008236,-0.216265,-0.723351,-1.516198,0.021021,33.523810,-0.164855,-0.164855,-0.124343,-0.086743,0.435282,,,binance_rest
run_20260426_191100,SOL/USDT,crypto,H1,engine_b_proxy,ob_bos,require_engulf=False|require_vol_expand=False|swing_period=10,both,all,NEEDS_MORE_DATA,11,,,,,,,,,,,,,,,,only 11 trades < min 20,binance_rest
run_20260426_191100,SOL/USDT,crypto,H1,engine_b_proxy,ob_bos,require_engulf=False|require_vol_expand=True|swing_period=10,both,all,NEEDS_MORE_DATA,11,,,,,,,,,,,,,,,,only 11 trades < min 20,binance_rest
run_20260426_191100,SOL/USDT,crypto,H1,engine_b_proxy,ob_bos,require_engulf=True|require_vol_expand=False|swing_period=10,both,all,NEEDS_MORE_DATA,10,,,,,,,,,,,,,,,,only 10 trades < min 20,binance_rest
run_20260426_191100,SOL/USDT,crypto,H1,engine_b_proxy,ob_bos,require_engulf=True|require_vol_expand=True|swing_period=10,both,all,NEEDS_MORE_DATA,10,,,,,,,,,,,,,,,,only 10 trades < min 20,binance_rest
run_20260426_191100,SOL/USDT,crypto,H1,engine_b_proxy,structure_filters,fvg_detection=False|strong_close_pct=0.7,both,all,REJECT,265,0.305660,0.755255,-0.001000,-0.001000,-0.264425,-0.773344,-1.545633,0.265265,3.600000,-0.243911,-0.243911,-0.212179,-0.038741,0.454777,,,binance_rest
run_20260426_191100,SOL/USDT,crypto,H1,engine_b_proxy,structure_filters,fvg_detection=True|strong_close_pct=0.7,both,all,REJECT,28,0.250000,0.309831,-0.006666,-0.006666,-0.172902,-1.182285,-2.620980,0.028028,12.107143,-0.172902,-0.172902,-0.162213,-0.025853,0.315813,,,binance_rest
run_20260426_191100,SOL/USDT,crypto,H1,engine_b_proxy,structure_filters,fvg_detection=False|strong_close_pct=0.8,both,all,REJECT,170,0.294118,0.649082,-0.001771,-0.001771,-0.293140,-0.993682,-1.998669,0.170170,5.141176,-0.268463,-0.268463,-0.196243,-0.088503,0.535297,,,binance_rest
run_20260426_191100,SOL/USDT,crypto,H1,engine_b_proxy,structure_filters,fvg_detection=True|strong_close_pct=0.8,both,all,NEEDS_MORE_DATA,19,,,,,,,,,,,,,,,,only 19 trades < min 20,binance_rest
run_20260426_191100,SOL/USDT,crypto,H1,engine_d_proxy,vwap_reclaim,atr_sl_mult=0.5|band_std=0.5,both,all,REJECT,29,0.068966,0.137986,-0.012634,-0.012634,-0.309886,-1.957439,-5.565215,0.029029,32.379310,-0.309886,-0.309886,-0.158717,-0.176847,0.539731,,,binance_rest
run_20260426_191100,SOL/USDT,crypto,H1,engine_d_proxy,vwap_reclaim,atr_sl_mult=1.0|band_std=0.5,both,all,REJECT,29,0.068966,0.137986,-0.012634,-0.012634,-0.309886,-1.957439,-5.565215,0.029029,32.379310,-0.309886,-0.309886,-0.158717,-0.176847,0.539731,,,binance_rest
run_20260426_191100,SOL/USDT,crypto,H1,engine_d_proxy,vwap_reclaim,atr_sl_mult=0.5|band_std=1.0,both,all,NEEDS_MORE_DATA,12,,,,,,,,,,,,,,,,only 12 trades < min 20,binance_rest
run_20260426_191100,SOL/USDT,crypto,H1,engine_d_proxy,vwap_reclaim,atr_sl_mult=1.0|band_std=1.0,both,all,NEEDS_MORE_DATA,12,,,,,,,,,,,,,,,,only 12 trades < min 20,binance_rest
run_20260426_191100,SOL/USDT,crypto,H1,engine_d_proxy,micro_breakout,atr_sl_mult=0.5|fee_guard_r=0.5|range_bars=3,both,all,REJECT,95,0.294737,0.626390,-0.003272,-0.003272,-0.279527,-0.840972,-1.698109,0.095095,10.431579,-0.279527,-0.279527,-0.197364,-0.081172,0.523385,,,binance_rest
run_20260426_191100,SOL/USDT,crypto,H1,engine_d_proxy,micro_breakout,atr_sl_mult=1.0|fee_guard_r=0.5|range_bars=3,both,all,REJECT,95,0.294737,0.626390,-0.003272,-0.003272,-0.279527,-0.840972,-1.698109,0.095095,10.431579,-0.279527,-0.279527,-0.197364,-0.081172,0.523385,,,binance_rest
run_20260426_191100,SOL/USDT,crypto,H1,engine_d_proxy,micro_breakout,atr_sl_mult=0.5|fee_guard_r=0.5|range_bars=6,both,all,REJECT,60,0.283333,0.702256,-0.002943,-0.002943,-0.212718,-0.512793,-1.029963,0.060060,16.383333,-0.174083,-0.174083,-0.121308,-0.037868,0.493649,,,binance_rest
run_20260426_191100,SOL/USDT,crypto,H1,engine_d_proxy,micro_breakout,atr_sl_mult=1.0|fee_guard_r=0.5|range_bars=6,both,all,REJECT,60,0.283333,0.702256,-0.002943,-0.002943,-0.212718,-0.512793,-1.029963,0.060060,16.383333,-0.174083,-0.174083,-0.121308,-0.037868,0.493649,,,binance_rest
run_20260426_191100,SOL/USDT,crypto,H1,engine_d_proxy,ema_scalp_pullback,atr_sl_mult=0.5|ema_period=21,both,all,REJECT,134,0.186567,0.561402,-0.002394,-0.002394,-0.282393,-1.076936,-2.177938,0.134134,7.410448,-0.282393,-0.282393,-0.229324,-0.105788,0.538390,,,binance_rest
run_20260426_191100,SOL/USDT,crypto,H1,engine_d_proxy,ema_scalp_pullback,atr_sl_mult=1.0|ema_period=21,both,all,REJECT,134,0.186567,0.561402,-0.002394,-0.002394,-0.282393,-1.076936,-2.177938,0.134134,7.410448,-0.282393,-0.282393,-0.229324,-0.105788,0.538390,,,binance_rest
run_20260426_191100,ETH/USDT,crypto,H1,trend_momentum,ema_cross,adx_min=0|fast_period=10|rsi_confirm=False|slow_period=50,both,all,REJECT,28,0.285714,0.510823,-0.004551,-0.004551,-0.133894,-0.699671,-1.443293,0.028028,35.214286,-0.123317,-0.123317,-0.072885,-0.084234,0.521286,,,binance_rest
run_20260426_191100,ETH/USDT,crypto,H1,trend_momentum,ema_cross,adx_min=0|fast_period=10|rsi_confirm=True|slow_period=50,both,all,REJECT,26,0.307692,0.568081,-0.003891,-0.003891,-0.133894,-0.567288,-1.158106,0.026026,37.692308,-0.099836,-0.099836,-0.048053,-0.084234,0.330116,,,binance_rest
run_20260426_191100,ETH/USDT,crypto,H1,trend_momentum,ema_cross,adx_min=20|fast_period=10|rsi_confirm=False|slow_period=50,both,all,REJECT,25,0.240000,0.386607,-0.005961,-0.005961,-0.143079,-0.906949,-1.933970,0.025025,33.160000,-0.141400,-0.141400,-0.104035,-0.071940,0.457449,,,binance_rest
run_20260426_191100,ETH/USDT,crypto,H1,trend_momentum,ema_cross,adx_min=20|fast_period=10|rsi_confirm=True|slow_period=50,both,all,REJECT,23,0.260870,0.433448,-0.005338,-0.005338,-0.120127,-0.766708,-1.609120,0.023023,35.782609,-0.118403,-0.118403,-0.080038,-0.071940,0.507649,,,binance_rest
run_20260426_191100,ETH/USDT,crypto,H1,trend_momentum,ema_cross,adx_min=25|fast_period=10|rsi_confirm=False|slow_period=50,both,all,REJECT,21,0.285714,0.445418,-0.005581,-0.005581,-0.115172,-0.736272,-1.546270,0.021021,34.000000,-0.113438,-0.113438,-0.100577,-0.045400,0.361419,,,binance_rest
run_20260426_191100,ETH/USDT,crypto,H1,trend_momentum,ema_cross,adx_min=25|fast_period=10|rsi_confirm=True|slow_period=50,both,all,NEEDS_MORE_DATA,19,,,,,,,,,,,,,,,,only 19 trades < min 20,binance_rest
run_20260426_191100,ETH/USDT,crypto,H1,trend_momentum,ema_cross,adx_min=0|fast_period=10|rsi_confirm=False|slow_period=100,both,all,NEEDS_MORE_DATA,18,,,,,,,,,,,,,,,,only 18 trades < min 20,binance_rest
run_20260426_191100,ETH/USDT,crypto,H1,trend_momentum,ema_cross,adx_min=0|fast_period=10|rsi_confirm=True|slow_period=100,both,all,NEEDS_MORE_DATA,16,,,,,,,,,,,,,,,,only 16 trades < min 20,binance_rest
run_20260426_191100,ETH/USDT,crypto,H1,trend_momentum,ema_cross,adx_min=20|fast_period=10|rsi_confirm=False|slow_period=100,both,all,NEEDS_MORE_DATA,17,,,,,,,,,,,,,,,,only 17 trades < min 20,binance_rest
run_20260426_191100,ETH/USDT,crypto,H1,trend_momentum,ema_cross,adx_min=20|fast_period=10|rsi_confirm=True|slow_period=100,both,all,NEEDS_MORE_DATA,15,,,,,,,,,,,,,,,,only 15 trades < min 20,binance_rest
run_20260426_191100,ETH/USDT,crypto,H1,trend_momentum,ema_cross,adx_min=25|fast_period=10|rsi_confirm=False|slow_period=100,both,all,NEEDS_MORE_DATA,17,,,,,,,,,,,,,,,,only 17 trades < min 20,binance_rest
run_20260426_191100,ETH/USDT,crypto,H1,trend_momentum,ema_cross,adx_min=25|fast_period=10|rsi_confirm=True|slow_period=100,both,all,NEEDS_MORE_DATA,15,,,,,,,,,,,,,,,,only 15 trades < min 20,binance_rest
run_20260426_191100,ETH/USDT,crypto,H1,trend_momentum,ema_cross,adx_min=0|fast_period=10|rsi_confirm=False|slow_period=200,both,all,NEEDS_MORE_DATA,16,,,,,,,,,,,,,,,,only 16 trades < min 20,binance_rest
run_20260426_191100,ETH/USDT,crypto,H1,trend_momentum,ema_cross,adx_min=0|fast_period=10|rsi_confirm=True|slow_period=200,both,all,NEEDS_MORE_DATA,13,,,,,,,,,,,,,,,,only 13 trades < min 20,binance_rest
run_20260426_191100,ETH/USDT,crypto,H1,trend_momentum,ema_cross,adx_min=20|fast_period=10|rsi_confirm=False|slow_period=200,both,all,NEEDS_MORE_DATA,15,,,,,,,,,,,,,,,,only 15 trades < min 20,binance_rest
run_20260426_191100,ETH/USDT,crypto,H1,trend_momentum,ema_cross,adx_min=20|fast_period=10|rsi_confirm=True|slow_period=200,both,all,NEEDS_MORE_DATA,12,,,,,,,,,,,,,,,,only 12 trades < min 20,binance_rest
run_20260426_191100,ETH/USDT,crypto,H1,trend_momentum,ema_cross,adx_min=25|fast_period=10|rsi_confirm=False|slow_period=200,both,all,NEEDS_MORE_DATA,11,,,,,,,,,,,,,,,,only 11 trades < min 20,binance_rest
run_20260426_191100,ETH/USDT,crypto,H1,trend_momentum,ema_cross,adx_min=25|fast_period=10|rsi_confirm=True|slow_period=200,both,all,NEEDS_MORE_DATA,9,,,,,,,,,,,,,,,,only 9 trades < min 20,binance_rest
run_20260426_191100,ETH/USDT,crypto,H1,trend_momentum,ema_cross,adx_min=0|fast_period=20|rsi_confirm=False|slow_period=50,both,all,NEEDS_MORE_DATA,16,,,,,,,,,,,,,,,,only 16 trades < min 20,binance_rest
run_20260426_191100,ETH/USDT,crypto,H1,trend_momentum,ema_cross,adx_min=0|fast_period=20|rsi_confirm=True|slow_period=50,both,all,NEEDS_MORE_DATA,14,,,,,,,,,,,,,,,,only 14 trades < min 20,binance_rest
run_20260426_191100,ETH/USDT,crypto,H1,trend_momentum,ema_cross,adx_min=20|fast_period=20|rsi_confirm=False|slow_period=50,both,all,NEEDS_MORE_DATA,15,,,,,,,,,,,,,,,,only 15 trades < min 20,binance_rest
run_20260426_191100,ETH/USDT,crypto,H1,trend_momentum,ema_cross,adx_min=20|fast_period=20|rsi_confirm=True|slow_period=50,both,all,NEEDS_MORE_DATA,13,,,,,,,,,,,,,,,,only 13 trades < min 20,binance_rest
run_20260426_191100,ETH/USDT,crypto,H1,trend_momentum,ema_cross,adx_min=25|fast_period=20|rsi_confirm=False|slow_period=50,both,all,NEEDS_MORE_DATA,15,,,,,,,,,,,,,,,,only 15 trades < min 20,binance_rest
run_20260426_191100,ETH/USDT,crypto,H1,trend_momentum,ema_cross,adx_min=25|fast_period=20|rsi_confirm=True|slow_period=50,both,all,NEEDS_MORE_DATA,13,,,,,,,,,,,,,,,,only 13 trades < min 20,binance_rest
run_20260426_191100,ETH/USDT,crypto,H1,trend_momentum,ema_cross,adx_min=0|fast_period=20|rsi_confirm=False|slow_period=100,both,all,NEEDS_MORE_DATA,14,,,,,,,,,,,,,,,,only 14 trades < min 20,binance_rest
run_20260426_191100,ETH/USDT,crypto,H1,trend_momentum,ema_cross,adx_min=0|fast_period=20|rsi_confirm=True|slow_period=100,both,all,NEEDS_MORE_DATA,12,,,,,,,,,,,,,,,,only 12 trades < min 20,binance_rest
run_20260426_191100,ETH/USDT,crypto,H1,trend_momentum,ema_cross,adx_min=20|fast_period=20|rsi_confirm=False|slow_period=100,both,all,NEEDS_MORE_DATA,14,,,,,,,,,,,,,,,,only 14 trades < min 20,binance_rest
run_20260426_191100,ETH/USDT,crypto,H1,trend_momentum,ema_cross,adx_min=20|fast_period=20|rsi_confirm=True|slow_period=100,both,all,NEEDS_MORE_DATA,12,,,,,,,,,,,,,,,,only 12 trades < min 20,binance_rest
run_20260426_191100,ETH/USDT,crypto,H1,trend_momentum,ema_cross,adx_min=25|fast_period=20|rsi_confirm=False|slow_period=100,both,all,NEEDS_MORE_DATA,13,,,,,,,,,,,,,,,,only 13 trades < min 20,binance_rest
run_20260426_191100,ETH/USDT,crypto,H1,trend_momentum,ema_cross,adx_min=25|fast_period=20|rsi_confirm=True|slow_period=100,both,all,NEEDS_MORE_DATA,11,,,,,,,,,,,,,,,,only 11 trades < min 20,binance_rest
run_20260426_191100,ETH/USDT,crypto,H1,trend_momentum,ema_cross,adx_min=0|fast_period=20|rsi_confirm=False|slow_period=200,both,all,NEEDS_MORE_DATA,12,,,,,,,,,,,,,,,,only 12 trades < min 20,binance_rest
run_20260426_191100,ETH/USDT,crypto,H1,trend_momentum,ema_cross,adx_min=0|fast_period=20|rsi_confirm=True|slow_period=200,both,all,NEEDS_MORE_DATA,10,,,,,,,,,,,,,,,,only 10 trades < min 20,binance_rest
run_20260426_191100,ETH/USDT,crypto,H1,trend_momentum,ema_cross,adx_min=20|fast_period=20|rsi_confirm=False|slow_period=200,both,all,NEEDS_MORE_DATA,12,,,,,,,,,,,,,,,,only 12 trades < min 20,binance_rest
run_20260426_191100,ETH/USDT,crypto,H1,trend_momentum,ema_cross,adx_min=20|fast_period=20|rsi_confirm=True|slow_period=200,both,all,NEEDS_MORE_DATA,10,,,,,,,,,,,,,,,,only 10 trades < min 20,binance_rest
run_20260426_191100,ETH/USDT,crypto,H1,trend_momentum,ema_cross,adx_min=25|fast_period=20|rsi_confirm=False|slow_period=200,both,all,NEEDS_MORE_DATA,11,,,,,,,,,,,,,,,,only 11 trades < min 20,binance_rest
run_20260426_191100,ETH/USDT,crypto,H1,trend_momentum,ema_cross,adx_min=25|fast_period=20|rsi_confirm=True|slow_period=200,both,all,NEEDS_MORE_DATA,9,,,,,,,,,,,,,,,,only 9 trades < min 20,binance_rest
run_20260426_191100,ETH/USDT,crypto,H1,trend_momentum,ema_alignment,adx_min=0|ema_long=200|ema_mid=50|ema_short=20,both,all,NEEDS_MORE_DATA,12,,,,,,,,,,,,,,,,only 12 trades < min 20,binance_rest
run_20260426_191100,ETH/USDT,crypto,H1,trend_momentum,ema_alignment,adx_min=20|ema_long=200|ema_mid=50|ema_short=20,both,all,NEEDS_MORE_DATA,12,,,,,,,,,,,,,,,,only 12 trades < min 20,binance_rest
run_20260426_191100,ETH/USDT,crypto,H1,trend_momentum,ema_alignment,adx_min=25|ema_long=200|ema_mid=50|ema_short=20,both,all,NEEDS_MORE_DATA,12,,,,,,,,,,,,,,,,only 12 trades < min 20,binance_rest
run_20260426_191100,ETH/USDT,crypto,H1,trend_momentum,macd_direction,adx_min=0|fast=12|signal_period=9|slow=26,both,all,STRONG_CANDIDATE,56,0.482143,1.478858,0.003281,0.003281,-0.120079,0.548092,1.102963,0.056056,17.428571,0.185066,0.185066,0.051970,0.052292,0.798142,,,binance_rest
run_20260426_191100,ETH/USDT,crypto,H1,trend_momentum,macd_direction,adx_min=20|fast=12|signal_period=9|slow=26,both,all,STRONG_CANDIDATE,54,0.481481,1.422663,0.002962,0.002962,-0.120079,0.484596,0.973315,0.054054,17.629630,0.157716,0.157716,0.051970,0.028006,0.661668,,,binance_rest
run_20260426_191100,ETH/USDT,crypto,H1,pullback,pullback_ema,pullback_period=20|rsi_reclaim=False|rsi_threshold=50|trend_period=200,both,all,REJECT,75,0.106667,0.397813,-0.003321,-0.003321,-0.223932,-1.325184,-2.761143,0.075075,5.880000,-0.223932,-0.223932,-0.180490,-0.099840,0.565947,,,binance_rest
run_20260426_191100,ETH/USDT,crypto,H1,pullback,pullback_ema,pullback_period=20|rsi_reclaim=True|rsi_threshold=50|trend_period=200,both,all,REJECT,67,0.119403,0.480818,-0.002655,-0.002655,-0.180155,-0.987512,-2.022414,0.067067,6.283582,-0.166355,-0.166355,-0.137379,-0.081380,0.577714,,,binance_rest
run_20260426_191100,ETH/USDT,crypto,H1,pullback,pullback_ema,pullback_period=50|rsi_reclaim=False|rsi_threshold=50|trend_period=200,both,all,REJECT,34,0.205882,0.980676,-0.000109,-0.000109,-0.068412,-0.019132,-0.038113,0.034034,12.382353,-0.008262,-0.008262,-0.021769,-0.030935,0.477674,,,binance_rest
run_20260426_191100,ETH/USDT,crypto,H1,pullback,pullback_ema,pullback_period=50|rsi_reclaim=True|rsi_threshold=50|trend_period=200,both,all,WEAK_CANDIDATE,20,0.300000,1.800914,0.003777,0.003777,-0.033029,0.419085,0.849469,0.020020,18.650000,0.074187,0.074187,0.052599,-0.024529,0.320000,,,binance_rest
run_20260426_191100,ETH/USDT,crypto,H1,breakout,prev_day_hl,atr_expand_min=0.0,both,all,REJECT,20,0.300000,0.386292,-0.011272,-0.011272,-0.279921,-0.800084,-1.703334,0.020020,48.200000,-0.209880,-0.209880,-0.113309,-0.089749,0.457621,,,binance_rest
run_20260426_191100,ETH/USDT,crypto,H1,breakout,prev_day_hl,atr_expand_min=0.5,both,all,REJECT,20,0.300000,0.386292,-0.011272,-0.011272,-0.279921,-0.800084,-1.703334,0.020020,48.200000,-0.209880,-0.209880,-0.113309,-0.089749,0.457621,,,binance_rest
run_20260426_191100,ETH/USDT,crypto,H1,breakout,prev_day_hl,atr_expand_min=1.0,both,all,NEEDS_MORE_DATA,18,,,,,,,,,,,,,,,,only 18 trades < min 20,binance_rest
run_20260426_191100,ETH/USDT,crypto,H1,breakout,session_opening_range,atr_expand_min=0.0|range_bars=6,both,all,WEAK_CANDIDATE,52,0.384615,1.087614,0.000716,0.000716,-0.096443,0.111926,0.223062,0.052052,18.692308,0.023865,0.023865,-0.002752,-0.032472,0.500000,,,binance_rest
run_20260426_191100,ETH/USDT,crypto,H1,breakout,session_opening_range,atr_expand_min=0.5|range_bars=6,both,all,WEAK_CANDIDATE,52,0.384615,1.087614,0.000716,0.000716,-0.096443,0.111926,0.223062,0.052052,18.692308,0.023865,0.023865,-0.002752,-0.032472,0.500000,,,binance_rest
run_20260426_191100,ETH/USDT,crypto,H1,breakout,session_opening_range,atr_expand_min=0.0|range_bars=12,both,all,REJECT,30,0.366667,0.785386,-0.002567,-0.002567,-0.189111,-0.267172,-0.534674,0.030030,32.400000,-0.083760,-0.083760,-0.170831,0.042154,0.280000,,,binance_rest
run_20260426_191100,ETH/USDT,crypto,H1,breakout,session_opening_range,atr_expand_min=0.5|range_bars=12,both,all,REJECT,30,0.366667,0.785386,-0.002567,-0.002567,-0.189111,-0.267172,-0.534674,0.030030,32.400000,-0.083760,-0.083760,-0.170831,0.042154,0.280000,,,binance_rest
run_20260426_191100,ETH/USDT,crypto,H1,breakout,london_breakout,atr_expand_min=0.0|utc_end=11|utc_start=7,both,all,NEEDS_MORE_DATA,15,,,,,,,,,,,,,,,,only 15 trades < min 20,binance_rest
run_20260426_191100,ETH/USDT,crypto,H1,breakout,london_breakout,atr_expand_min=0.5|utc_end=11|utc_start=7,both,all,NEEDS_MORE_DATA,15,,,,,,,,,,,,,,,,only 15 trades < min 20,binance_rest
run_20260426_191100,ETH/USDT,crypto,H1,breakout,ny_breakout,atr_expand_min=0.0|utc_end=16|utc_start=13,both,all,NEEDS_MORE_DATA,19,,,,,,,,,,,,,,,,only 19 trades < min 20,binance_rest
run_20260426_191100,ETH/USDT,crypto,H1,breakout,ny_breakout,atr_expand_min=0.5|utc_end=16|utc_start=13,both,all,NEEDS_MORE_DATA,19,,,,,,,,,,,,,,,,only 19 trades < min 20,binance_rest
run_20260426_191100,ETH/USDT,crypto,H1,mean_reversion,rsi_extreme,overbought=70|oversold=30|period=14,both,all,NEEDS_MORE_DATA,16,,,,,,,,,,,,,,,,only 16 trades < min 20,binance_rest
run_20260426_191100,ETH/USDT,crypto,H1,mean_reversion,rsi_extreme,overbought=75|oversold=30|period=14,both,all,NEEDS_MORE_DATA,14,,,,,,,,,,,,,,,,only 14 trades < min 20,binance_rest
run_20260426_191100,ETH/USDT,crypto,H1,mean_reversion,rsi_extreme,overbought=70|oversold=25|period=14,both,all,NEEDS_MORE_DATA,13,,,,,,,,,,,,,,,,only 13 trades < min 20,binance_rest
run_20260426_191100,ETH/USDT,crypto,H1,mean_reversion,rsi_extreme,overbought=75|oversold=25|period=14,both,all,NEEDS_MORE_DATA,11,,,,,,,,,,,,,,,,only 11 trades < min 20,binance_rest
run_20260426_191100,ETH/USDT,crypto,H1,mean_reversion,bollinger_touch,num_std=2.0|period=20,both,all,REJECT,33,0.515152,0.364235,-0.006453,-0.006453,-0.198827,-0.926214,-1.944600,0.033033,16.151515,-0.197348,-0.197348,-0.120634,-0.024835,0.359762,,,binance_rest
run_20260426_191100,ETH/USDT,crypto,H1,mean_reversion,bollinger_touch,num_std=2.5|period=20,both,all,REJECT,25,0.520000,0.576432,-0.003922,-0.003922,-0.115588,-0.481294,-0.976422,0.025025,16.560000,-0.098222,-0.098222,-0.051392,0.005961,0.250000,,,binance_rest
run_20260426_191100,ETH/USDT,crypto,H1,mean_reversion,vwap_deviation,std_threshold=1.5,both,all,NEEDS_MORE_DATA,6,,,,,,,,,,,,,,,,only 6 trades < min 20,binance_rest
run_20260426_191100,ETH/USDT,crypto,H1,mean_reversion,vwap_deviation,std_threshold=2.0,both,all,NEEDS_MORE_DATA,4,,,,,,,,,,,,,,,,only 4 trades < min 20,binance_rest
run_20260426_191100,ETH/USDT,crypto,H1,volatility,bb_squeeze_breakout,confirm_ema=True|period=20|squeeze_pct=20,both,all,WEAK_CANDIDATE,21,0.523810,1.551510,0.002421,0.002421,-0.047097,0.356884,0.719456,0.021021,6.571429,0.049517,0.049517,0.101389,-0.047097,0.326000,,,binance_rest
run_20260426_191100,ETH/USDT,crypto,H1,volatility,bb_squeeze_breakout,confirm_ema=False|period=20|squeeze_pct=20,both,all,WEAK_CANDIDATE,20,0.500000,1.595306,0.002755,0.002755,-0.026172,0.383061,0.774200,0.020020,8.700000,0.053939,0.053939,0.072695,-0.017485,0.320000,,,binance_rest
run_20260426_191100,ETH/USDT,crypto,H1,volatility,bb_squeeze_breakout,confirm_ema=True|period=20|squeeze_pct=30,both,all,WEAK_CANDIDATE,20,0.550000,1.754537,0.002762,0.002762,-0.041402,0.412835,0.836363,0.020020,7.950000,0.054463,0.054463,0.087775,-0.030624,0.320000,,,binance_rest
run_20260426_191100,ETH/USDT,crypto,H1,volatility,bb_squeeze_breakout,confirm_ema=False|period=20|squeeze_pct=30,both,all,WEAK_CANDIDATE,20,0.550000,1.351809,0.001672,0.001672,-0.041402,0.240901,0.482618,0.020020,8.700000,0.031535,0.031535,0.064123,-0.030624,0.320000,,,binance_rest
run_20260426_191100,ETH/USDT,crypto,H1,volatility,atr_compression,confirm_ema=True|period=14|squeeze_pct=20,both,all,NEEDS_MORE_DATA,9,,,,,,,,,,,,,,,,only 9 trades < min 20,binance_rest
run_20260426_191100,ETH/USDT,crypto,H1,volatility,atr_compression,confirm_ema=False|period=14|squeeze_pct=20,both,all,NEEDS_MORE_DATA,12,,,,,,,,,,,,,,,,only 12 trades < min 20,binance_rest
run_20260426_191100,ETH/USDT,crypto,H1,volatility,atr_compression,confirm_ema=True|period=14|squeeze_pct=30,both,all,NEEDS_MORE_DATA,15,,,,,,,,,,,,,,,,only 15 trades < min 20,binance_rest
run_20260426_191100,ETH/USDT,crypto,H1,volatility,atr_compression,confirm_ema=False|period=14|squeeze_pct=30,both,all,NEEDS_MORE_DATA,16,,,,,,,,,,,,,,,,only 16 trades < min 20,binance_rest
run_20260426_191100,ETH/USDT,crypto,H1,engine_b_proxy,ob_bos,require_engulf=False|require_vol_expand=False|swing_period=5,both,all,REJECT,20,0.400000,1.010641,0.000112,0.000112,-0.090419,0.010008,0.019936,0.020020,39.200000,-0.004048,-0.004048,0.020234,-0.060059,0.220000,,,binance_rest
run_20260426_191100,ETH/USDT,crypto,H1,engine_b_proxy,ob_bos,require_engulf=False|require_vol_expand=True|swing_period=5,both,all,NEEDS_MORE_DATA,15,,,,,,,,,,,,,,,,only 15 trades < min 20,binance_rest
run_20260426_191100,ETH/USDT,crypto,H1,engine_b_proxy,ob_bos,require_engulf=True|require_vol_expand=False|swing_period=5,both,all,NEEDS_MORE_DATA,18,,,,,,,,,,,,,,,,only 18 trades < min 20,binance_rest
run_20260426_191100,ETH/USDT,crypto,H1,engine_b_proxy,ob_bos,require_engulf=True|require_vol_expand=True|swing_period=5,both,all,NEEDS_MORE_DATA,15,,,,,,,,,,,,,,,,only 15 trades < min 20,binance_rest
run_20260426_191100,ETH/USDT,crypto,H1,engine_b_proxy,ob_bos,require_engulf=False|require_vol_expand=False|swing_period=10,both,all,NEEDS_MORE_DATA,11,,,,,,,,,,,,,,,,only 11 trades < min 20,binance_rest
run_20260426_191100,ETH/USDT,crypto,H1,engine_b_proxy,ob_bos,require_engulf=False|require_vol_expand=True|swing_period=10,both,all,NEEDS_MORE_DATA,9,,,,,,,,,,,,,,,,only 9 trades < min 20,binance_rest
run_20260426_191100,ETH/USDT,crypto,H1,engine_b_proxy,ob_bos,require_engulf=True|require_vol_expand=False|swing_period=10,both,all,NEEDS_MORE_DATA,10,,,,,,,,,,,,,,,,only 10 trades < min 20,binance_rest
run_20260426_191100,ETH/USDT,crypto,H1,engine_b_proxy,ob_bos,require_engulf=True|require_vol_expand=True|swing_period=10,both,all,NEEDS_MORE_DATA,9,,,,,,,,,,,,,,,,only 9 trades < min 20,binance_rest
run_20260426_191100,ETH/USDT,crypto,H1,engine_b_proxy,structure_filters,fvg_detection=False|strong_close_pct=0.7,both,all,REJECT,295,0.233898,0.510719,-0.002183,-0.002183,-0.488884,-1.913238,-3.879160,0.295295,3.152542,-0.482237,-0.482237,-0.317944,-0.239963,0.626420,,,binance_rest
run_20260426_191100,ETH/USDT,crypto,H1,engine_b_proxy,structure_filters,fvg_detection=True|strong_close_pct=0.7,both,all,REJECT,30,0.233333,0.618306,-0.003614,-0.003614,-0.140603,-0.479472,-0.969538,0.030030,13.400000,-0.108464,-0.108464,-0.070014,-0.041345,0.457161,,,binance_rest
run_20260426_191100,ETH/USDT,crypto,H1,engine_b_proxy,structure_filters,fvg_detection=False|strong_close_pct=0.8,both,all,REJECT,170,0.282353,0.768781,-0.001128,-0.001128,-0.205802,-0.552940,-1.104760,0.170170,4.829412,-0.186630,-0.186630,-0.065924,-0.128173,0.416723,,,binance_rest
run_20260426_191100,ETH/USDT,crypto,H1,engine_b_proxy,structure_filters,fvg_detection=True|strong_close_pct=0.8,both,all,NEEDS_MORE_DATA,18,,,,,,,,,,,,,,,,only 18 trades < min 20,binance_rest
run_20260426_191100,ETH/USDT,crypto,H1,engine_d_proxy,vwap_reclaim,atr_sl_mult=0.5|band_std=0.5,both,all,NEEDS_MORE_DATA,6,,,,,,,,,,,,,,,,only 6 trades < min 20,binance_rest
run_20260426_191100,ETH/USDT,crypto,H1,engine_d_proxy,vwap_reclaim,atr_sl_mult=1.0|band_std=0.5,both,all,NEEDS_MORE_DATA,6,,,,,,,,,,,,,,,,only 6 trades < min 20,binance_rest
run_20260426_191100,ETH/USDT,crypto,H1,engine_d_proxy,vwap_reclaim,atr_sl_mult=0.5|band_std=1.0,both,all,NEEDS_MORE_DATA,4,,,,,,,,,,,,,,,,only 4 trades < min 20,binance_rest
run_20260426_191100,ETH/USDT,crypto,H1,engine_d_proxy,vwap_reclaim,atr_sl_mult=1.0|band_std=1.0,both,all,NEEDS_MORE_DATA,4,,,,,,,,,,,,,,,,only 4 trades < min 20,binance_rest
run_20260426_191100,ETH/USDT,crypto,H1,engine_d_proxy,micro_breakout,atr_sl_mult=0.5|fee_guard_r=0.5|range_bars=3,both,all,REJECT,93,0.322581,0.822543,-0.001286,-0.001286,-0.162522,-0.353924,-0.706749,0.093093,10.645161,-0.125223,-0.125223,-0.027909,-0.106785,0.400000,,,binance_rest
run_20260426_191100,ETH/USDT,crypto,H1,engine_d_proxy,micro_breakout,atr_sl_mult=1.0|fee_guard_r=0.5|range_bars=3,both,all,REJECT,93,0.322581,0.822543,-0.001286,-0.001286,-0.162522,-0.353924,-0.706749,0.093093,10.645161,-0.125223,-0.125223,-0.027909,-0.106785,0.400000,,,binance_rest
run_20260426_191100,ETH/USDT,crypto,H1,engine_d_proxy,micro_breakout,atr_sl_mult=0.5|fee_guard_r=0.5|range_bars=6,both,all,WEAK_CANDIDATE,52,0.384615,1.087614,0.000716,0.000716,-0.096443,0.111926,0.223062,0.052052,18.692308,0.023865,0.023865,-0.002752,-0.032472,0.500000,,,binance_rest
run_20260426_191100,ETH/USDT,crypto,H1,engine_d_proxy,micro_breakout,atr_sl_mult=1.0|fee_guard_r=0.5|range_bars=6,both,all,WEAK_CANDIDATE,52,0.384615,1.087614,0.000716,0.000716,-0.096443,0.111926,0.223062,0.052052,18.692308,0.023865,0.023865,-0.002752,-0.032472,0.500000,,,binance_rest
run_20260426_191100,ETH/USDT,crypto,H1,engine_d_proxy,ema_scalp_pullback,atr_sl_mult=0.5|ema_period=21,both,all,REJECT,134,0.134328,0.617601,-0.002044,-0.002044,-0.248851,-0.867850,-1.745740,0.134134,7.335821,-0.248851,-0.248851,-0.197103,-0.123424,0.587857,,,binance_rest
run_20260426_191100,ETH/USDT,crypto,H1,engine_d_proxy,ema_scalp_pullback,atr_sl_mult=1.0|ema_period=21,both,all,REJECT,134,0.134328,0.617601,-0.002044,-0.002044,-0.248851,-0.867850,-1.745740,0.134134,7.335821,-0.248851,-0.248851,-0.197103,-0.123424,0.587857,,,binance_rest
run_20260426_191100,GBP/USD,forex,H1,trend_momentum,ema_cross,adx_min=0|fast_period=10|rsi_confirm=False|slow_period=50,both,all,REJECT,27,0.222222,0.523629,-0.001488,-0.001488,-0.051286,-0.705917,-1.459173,0.027027,36.740741,-0.039777,-0.039777,-0.033537,-0.017067,0.414670,,,mt5
run_20260426_191100,GBP/USD,forex,H1,trend_momentum,ema_cross,adx_min=0|fast_period=10|rsi_confirm=True|slow_period=50,both,all,REJECT,27,0.222222,0.523629,-0.001488,-0.001488,-0.051286,-0.705917,-1.459173,0.027027,36.740741,-0.039777,-0.039777,-0.033537,-0.017067,0.414670,,,mt5
run_20260426_191100,GBP/USD,forex,H1,trend_momentum,ema_cross,adx_min=20|fast_period=10|rsi_confirm=False|slow_period=50,both,all,REJECT,24,0.250000,0.605774,-0.001198,-0.001198,-0.040349,-0.520497,-1.060293,0.024024,39.625000,-0.028707,-0.028707,-0.022395,-0.017067,0.472626,,,mt5
run_20260426_191100,GBP/USD,forex,H1,trend_momentum,ema_cross,adx_min=20|fast_period=10|rsi_confirm=True|slow_period=50,both,all,REJECT,24,0.250000,0.605774,-0.001198,-0.001198,-0.040349,-0.520497,-1.060293,0.024024,39.625000,-0.028707,-0.028707,-0.022395,-0.017067,0.472626,,,mt5
run_20260426_191100,GBP/USD,forex,H1,trend_momentum,ema_cross,adx_min=25|fast_period=10|rsi_confirm=False|slow_period=50,both,all,NEEDS_MORE_DATA,17,,,,,,,,,,,,,,,,only 17 trades < min 20,mt5
run_20260426_191100,GBP/USD,forex,H1,trend_momentum,ema_cross,adx_min=25|fast_period=10|rsi_confirm=True|slow_period=50,both,all,NEEDS_MORE_DATA,17,,,,,,,,,,,,,,,,only 17 trades < min 20,mt5
run_20260426_191100,GBP/USD,forex,H1,trend_momentum,ema_cross,adx_min=0|fast_period=10|rsi_confirm=False|slow_period=100,both,all,REJECT,21,0.190476,0.444863,-0.001842,-0.001842,-0.048431,-0.749303,-1.576779,0.021021,47.333333,-0.038272,-0.038272,-0.037741,-0.014512,0.341356,,,mt5
run_20260426_191100,GBP/USD,forex,H1,trend_momentum,ema_cross,adx_min=0|fast_period=10|rsi_confirm=True|slow_period=100,both,all,REJECT,20,0.200000,0.479746,-0.001692,-0.001692,-0.043800,-0.663037,-1.381149,0.020020,48.900000,-0.033591,-0.033591,-0.033252,-0.014512,0.350932,,,mt5
run_20260426_191100,GBP/USD,forex,H1,trend_momentum,ema_cross,adx_min=20|fast_period=10|rsi_confirm=False|slow_period=100,both,all,REJECT,21,0.190476,0.444863,-0.001842,-0.001842,-0.048431,-0.749303,-1.576779,0.021021,47.333333,-0.038272,-0.038272,-0.037741,-0.014512,0.341356,,,mt5
run_20260426_191100,GBP/USD,forex,H1,trend_momentum,ema_cross,adx_min=20|fast_period=10|rsi_confirm=True|slow_period=100,both,all,REJECT,20,0.200000,0.479746,-0.001692,-0.001692,-0.043800,-0.663037,-1.381149,0.020020,48.900000,-0.033591,-0.033591,-0.033252,-0.014512,0.350932,,,mt5
run_20260426_191100,GBP/USD,forex,H1,trend_momentum,ema_cross,adx_min=25|fast_period=10|rsi_confirm=False|slow_period=100,both,all,NEEDS_MORE_DATA,17,,,,,,,,,,,,,,,,only 17 trades < min 20,mt5
run_20260426_191100,GBP/USD,forex,H1,trend_momentum,ema_cross,adx_min=25|fast_period=10|rsi_confirm=True|slow_period=100,both,all,NEEDS_MORE_DATA,16,,,,,,,,,,,,,,,,only 16 trades < min 20,mt5
run_20260426_191100,GBP/USD,forex,H1,trend_momentum,ema_cross,adx_min=0|fast_period=10|rsi_confirm=False|slow_period=200,both,all,NEEDS_MORE_DATA,17,,,,,,,,,,,,,,,,only 17 trades < min 20,mt5
run_20260426_191100,GBP/USD,forex,H1,trend_momentum,ema_cross,adx_min=0|fast_period=10|rsi_confirm=True|slow_period=200,both,all,NEEDS_MORE_DATA,17,,,,,,,,,,,,,,,,only 17 trades < min 20,mt5
run_20260426_191100,GBP/USD,forex,H1,trend_momentum,ema_cross,adx_min=20|fast_period=10|rsi_confirm=False|slow_period=200,both,all,NEEDS_MORE_DATA,17,,,,,,,,,,,,,,,,only 17 trades < min 20,mt5
run_20260426_191100,GBP/USD,forex,H1,trend_momentum,ema_cross,adx_min=20|fast_period=10|rsi_confirm=True|slow_period=200,both,all,NEEDS_MORE_DATA,17,,,,,,,,,,,,,,,,only 17 trades < min 20,mt5
run_20260426_191100,GBP/USD,forex,H1,trend_momentum,ema_cross,adx_min=25|fast_period=10|rsi_confirm=False|slow_period=200,both,all,NEEDS_MORE_DATA,16,,,,,,,,,,,,,,,,only 16 trades < min 20,mt5
run_20260426_191100,GBP/USD,forex,H1,trend_momentum,ema_cross,adx_min=25|fast_period=10|rsi_confirm=True|slow_period=200,both,all,NEEDS_MORE_DATA,16,,,,,,,,,,,,,,,,only 16 trades < min 20,mt5
run_20260426_191100,GBP/USD,forex,H1,trend_momentum,ema_cross,adx_min=0|fast_period=20|rsi_confirm=False|slow_period=50,both,all,REJECT,23,0.173913,0.391480,-0.002773,-0.002773,-0.079714,-0.875928,-1.869997,0.023023,43.260870,-0.062423,-0.062423,-0.068394,-0.012777,0.294045,,,mt5
run_20260426_191100,GBP/USD,forex,H1,trend_momentum,ema_cross,adx_min=0|fast_period=20|rsi_confirm=True|slow_period=50,both,all,REJECT,23,0.173913,0.391480,-0.002773,-0.002773,-0.079714,-0.875928,-1.869997,0.023023,43.260870,-0.062423,-0.062423,-0.068394,-0.012777,0.294045,,,mt5
run_20260426_191100,GBP/USD,forex,H1,trend_momentum,ema_cross,adx_min=20|fast_period=20|rsi_confirm=False|slow_period=50,both,all,REJECT,21,0.190476,0.434179,-0.002547,-0.002547,-0.070152,-0.749556,-1.577374,0.021021,46.904762,-0.052682,-0.052682,-0.058715,-0.012777,0.291284,,,mt5
run_20260426_191100,GBP/USD,forex,H1,trend_momentum,ema_cross,adx_min=20|fast_period=20|rsi_confirm=True|slow_period=50,both,all,REJECT,21,0.190476,0.434179,-0.002547,-0.002547,-0.070152,-0.749556,-1.577374,0.021021,46.904762,-0.052682,-0.052682,-0.058715,-0.012777,0.291284,,,mt5
run_20260426_191100,GBP/USD,forex,H1,trend_momentum,ema_cross,adx_min=25|fast_period=20|rsi_confirm=False|slow_period=50,both,all,NEEDS_MORE_DATA,17,,,,,,,,,,,,,,,,only 17 trades < min 20,mt5
run_20260426_191100,GBP/USD,forex,H1,trend_momentum,ema_cross,adx_min=25|fast_period=20|rsi_confirm=True|slow_period=50,both,all,NEEDS_MORE_DATA,17,,,,,,,,,,,,,,,,only 17 trades < min 20,mt5
run_20260426_191100,GBP/USD,forex,H1,trend_momentum,ema_cross,adx_min=0|fast_period=20|rsi_confirm=False|slow_period=100,both,all,NEEDS_MORE_DATA,15,,,,,,,,,,,,,,,,only 15 trades < min 20,mt5
run_20260426_191100,GBP/USD,forex,H1,trend_momentum,ema_cross,adx_min=0|fast_period=20|rsi_confirm=True|slow_period=100,both,all,NEEDS_MORE_DATA,15,,,,,,,,,,,,,,,,only 15 trades < min 20,mt5
run_20260426_191100,GBP/USD,forex,H1,trend_momentum,ema_cross,adx_min=20|fast_period=20|rsi_confirm=False|slow_period=100,both,all,NEEDS_MORE_DATA,15,,,,,,,,,,,,,,,,only 15 trades < min 20,mt5
run_20260426_191100,GBP/USD,forex,H1,trend_momentum,ema_cross,adx_min=20|fast_period=20|rsi_confirm=True|slow_period=100,both,all,NEEDS_MORE_DATA,15,,,,,,,,,,,,,,,,only 15 trades < min 20,mt5
run_20260426_191100,GBP/USD,forex,H1,trend_momentum,ema_cross,adx_min=25|fast_period=20|rsi_confirm=False|slow_period=100,both,all,NEEDS_MORE_DATA,13,,,,,,,,,,,,,,,,only 13 trades < min 20,mt5
run_20260426_191100,GBP/USD,forex,H1,trend_momentum,ema_cross,adx_min=25|fast_period=20|rsi_confirm=True|slow_period=100,both,all,NEEDS_MORE_DATA,13,,,,,,,,,,,,,,,,only 13 trades < min 20,mt5
run_20260426_191100,GBP/USD,forex,H1,trend_momentum,ema_cross,adx_min=0|fast_period=20|rsi_confirm=False|slow_period=200,both,all,NEEDS_MORE_DATA,11,,,,,,,,,,,,,,,,only 11 trades < min 20,mt5
run_20260426_191100,GBP/USD,forex,H1,trend_momentum,ema_cross,adx_min=0|fast_period=20|rsi_confirm=True|slow_period=200,both,all,NEEDS_MORE_DATA,11,,,,,,,,,,,,,,,,only 11 trades < min 20,mt5
run_20260426_191100,GBP/USD,forex,H1,trend_momentum,ema_cross,adx_min=20|fast_period=20|rsi_confirm=False|slow_period=200,both,all,NEEDS_MORE_DATA,11,,,,,,,,,,,,,,,,only 11 trades < min 20,mt5
run_20260426_191100,GBP/USD,forex,H1,trend_momentum,ema_cross,adx_min=20|fast_period=20|rsi_confirm=True|slow_period=200,both,all,NEEDS_MORE_DATA,11,,,,,,,,,,,,,,,,only 11 trades < min 20,mt5
run_20260426_191100,GBP/USD,forex,H1,trend_momentum,ema_cross,adx_min=25|fast_period=20|rsi_confirm=False|slow_period=200,both,all,NEEDS_MORE_DATA,9,,,,,,,,,,,,,,,,only 9 trades < min 20,mt5
run_20260426_191100,GBP/USD,forex,H1,trend_momentum,ema_cross,adx_min=25|fast_period=20|rsi_confirm=True|slow_period=200,both,all,NEEDS_MORE_DATA,9,,,,,,,,,,,,,,,,only 9 trades < min 20,mt5
run_20260426_191100,GBP/USD,forex,H1,trend_momentum,ema_alignment,adx_min=0|ema_long=200|ema_mid=50|ema_short=20,both,all,NEEDS_MORE_DATA,16,,,,,,,,,,,,,,,,only 16 trades < min 20,mt5
run_20260426_191100,GBP/USD,forex,H1,trend_momentum,ema_alignment,adx_min=20|ema_long=200|ema_mid=50|ema_short=20,both,all,NEEDS_MORE_DATA,16,,,,,,,,,,,,,,,,only 16 trades < min 20,mt5
run_20260426_191100,GBP/USD,forex,H1,trend_momentum,ema_alignment,adx_min=25|ema_long=200|ema_mid=50|ema_short=20,both,all,NEEDS_MORE_DATA,15,,,,,,,,,,,,,,,,only 15 trades < min 20,mt5
run_20260426_191100,GBP/USD,forex,H1,trend_momentum,macd_direction,adx_min=0|fast=12|signal_period=9|slow=26,both,all,REJECT,79,0.278481,0.508355,-0.000995,-0.000995,-0.079110,-1.208566,-2.493226,0.079079,12.468354,-0.076120,-0.076120,-0.062547,-0.026186,0.525599,,,mt5
run_20260426_191100,GBP/USD,forex,H1,trend_momentum,macd_direction,adx_min=20|fast=12|signal_period=9|slow=26,both,all,REJECT,78,0.282051,0.530619,-0.000922,-0.000922,-0.072888,-1.129008,-2.319441,0.078078,12.538462,-0.069878,-0.069878,-0.056213,-0.026186,0.539751,,,mt5
run_20260426_191100,GBP/USD,forex,H1,pullback,pullback_ema,pullback_period=20|rsi_reclaim=False|rsi_threshold=50|trend_period=200,both,all,REJECT,69,0.144928,0.288656,-0.001056,-0.001056,-0.070758,-1.814225,-3.981851,0.069069,6.724638,-0.070495,-0.070495,-0.044241,-0.027470,0.586277,,,mt5
run_20260426_191100,GBP/USD,forex,H1,pullback,pullback_ema,pullback_period=20|rsi_reclaim=True|rsi_threshold=50|trend_period=200,both,all,REJECT,62,0.161290,0.316565,-0.001037,-0.001037,-0.062910,-1.622374,-3.522066,0.062062,7.161290,-0.062458,-0.062458,-0.040117,-0.023275,0.574049,,,mt5
run_20260426_191100,GBP/USD,forex,H1,pullback,pullback_ema,pullback_period=50|rsi_reclaim=False|rsi_threshold=50|trend_period=200,both,all,REJECT,38,0.105263,0.350608,-0.001259,-0.001259,-0.057827,-1.161898,-2.489514,0.038038,12.736842,-0.046913,-0.046913,-0.033177,-0.014207,0.456469,,,mt5
run_20260426_191100,GBP/USD,forex,H1,pullback,pullback_ema,pullback_period=50|rsi_reclaim=True|rsi_threshold=50|trend_period=200,both,all,REJECT,28,0.142857,0.446784,-0.001151,-0.001151,-0.042992,-0.806071,-1.682807,0.028028,15.964286,-0.031906,-0.031906,-0.017953,-0.014207,0.505403,,,mt5
run_20260426_191100,GBP/USD,forex,H1,breakout,prev_day_hl,atr_expand_min=0.0,both,all,NEEDS_MORE_DATA,13,,,,,,,,,,,,,,,,only 13 trades < min 20,mt5
run_20260426_191100,GBP/USD,forex,H1,breakout,prev_day_hl,atr_expand_min=0.5,both,all,NEEDS_MORE_DATA,13,,,,,,,,,,,,,,,,only 13 trades < min 20,mt5
run_20260426_191100,GBP/USD,forex,H1,breakout,prev_day_hl,atr_expand_min=1.0,both,all,NEEDS_MORE_DATA,13,,,,,,,,,,,,,,,,only 13 trades < min 20,mt5
run_20260426_191100,GBP/USD,forex,H1,breakout,session_opening_range,atr_expand_min=0.0|range_bars=6,both,all,REJECT,63,0.253968,0.501866,-0.001016,-0.001016,-0.064031,-1.073218,-2.214492,0.063063,15.507937,-0.062452,-0.062452,-0.050402,-0.028617,0.570334,,,mt5
run_20260426_191100,GBP/USD,forex,H1,breakout,session_opening_range,atr_expand_min=0.5|range_bars=6,both,all,REJECT,62,0.258065,0.521252,-0.000956,-0.000956,-0.059534,-1.006051,-2.067911,0.062062,15.661290,-0.057948,-0.057948,-0.045840,-0.028617,0.587287,,,mt5
run_20260426_191100,GBP/USD,forex,H1,breakout,session_opening_range,atr_expand_min=0.0|range_bars=12,both,all,REJECT,39,0.333333,0.483784,-0.001354,-0.001354,-0.054135,-0.906314,-1.882605,0.039039,24.487179,-0.051840,-0.051840,-0.034057,-0.033757,0.631350,,,mt5
run_20260426_191100,GBP/USD,forex,H1,breakout,session_opening_range,atr_expand_min=0.5|range_bars=12,both,all,REJECT,38,0.342105,0.507505,-0.001264,-0.001264,-0.049591,-0.835600,-1.726194,0.038038,24.973684,-0.047285,-0.047285,-0.029417,-0.033757,0.583741,,,mt5
run_20260426_191100,GBP/USD,forex,H1,breakout,london_breakout,atr_expand_min=0.0|utc_end=11|utc_start=7,both,all,NEEDS_MORE_DATA,17,,,,,,,,,,,,,,,,only 17 trades < min 20,mt5
run_20260426_191100,GBP/USD,forex,H1,breakout,london_breakout,atr_expand_min=0.5|utc_end=11|utc_start=7,both,all,NEEDS_MORE_DATA,17,,,,,,,,,,,,,,,,only 17 trades < min 20,mt5
run_20260426_191100,GBP/USD,forex,H1,breakout,ny_breakout,atr_expand_min=0.0|utc_end=16|utc_start=13,both,all,NEEDS_MORE_DATA,18,,,,,,,,,,,,,,,,only 18 trades < min 20,mt5
run_20260426_191100,GBP/USD,forex,H1,breakout,ny_breakout,atr_expand_min=0.5|utc_end=16|utc_start=13,both,all,NEEDS_MORE_DATA,18,,,,,,,,,,,,,,,,only 18 trades < min 20,mt5
run_20260426_191100,GBP/USD,forex,H1,mean_reversion,rsi_extreme,overbought=70|oversold=30|period=14,both,all,NEEDS_MORE_DATA,13,,,,,,,,,,,,,,,,only 13 trades < min 20,mt5
run_20260426_191100,GBP/USD,forex,H1,mean_reversion,rsi_extreme,overbought=75|oversold=30|period=14,both,all,NEEDS_MORE_DATA,10,,,,,,,,,,,,,,,,only 10 trades < min 20,mt5
run_20260426_191100,GBP/USD,forex,H1,mean_reversion,rsi_extreme,overbought=70|oversold=25|period=14,both,all,NEEDS_MORE_DATA,9,,,,,,,,,,,,,,,,only 9 trades < min 20,mt5
run_20260426_191100,GBP/USD,forex,H1,mean_reversion,rsi_extreme,overbought=75|oversold=25|period=14,both,all,NEEDS_MORE_DATA,6,,,,,,,,,,,,,,,,only 6 trades < min 20,mt5
run_20260426_191100,GBP/USD,forex,H1,mean_reversion,bollinger_touch,num_std=2.0|period=20,both,all,REJECT,39,0.564103,0.716283,-0.000352,-0.000352,-0.024116,-0.369872,-0.741781,0.039039,13.743590,-0.013805,-0.013805,-0.004754,0.001685,0.440834,,,mt5
run_20260426_191100,GBP/USD,forex,H1,mean_reversion,bollinger_touch,num_std=2.5|period=20,both,all,WEAK_CANDIDATE,26,0.615385,1.513223,0.000355,0.000355,-0.007950,0.446464,0.902855,0.026026,12.538462,0.009226,0.009226,0.005571,0.007962,0.584262,,,mt5
run_20260426_191100,GBP/USD,forex,H1,mean_reversion,vwap_deviation,std_threshold=1.5,both,all,NEEDS_MORE_DATA,9,,,,,,,,,,,,,,,,only 9 trades < min 20,mt5
run_20260426_191100,GBP/USD,forex,H1,mean_reversion,vwap_deviation,std_threshold=2.0,both,all,NEEDS_MORE_DATA,9,,,,,,,,,,,,,,,,only 9 trades < min 20,mt5
run_20260426_191100,GBP/USD,forex,H1,volatility,bb_squeeze_breakout,confirm_ema=True|period=20|squeeze_pct=20,both,all,REJECT,26,0.192308,0.232197,-0.001544,-0.001544,-0.039629,-1.331082,-3.089463,0.026026,9.384615,-0.039449,-0.039449,-0.023351,-0.016483,0.467763,,,mt5
run_20260426_191100,GBP/USD,forex,H1,volatility,bb_squeeze_breakout,confirm_ema=False|period=20|squeeze_pct=20,both,all,REJECT,26,0.192308,0.230159,-0.001561,-0.001561,-0.040074,-1.341613,-3.122788,0.026026,9.615385,-0.039894,-0.039894,-0.023804,-0.016483,0.463737,,,mt5
run_20260426_191100,GBP/USD,forex,H1,volatility,bb_squeeze_breakout,confirm_ema=True|period=20|squeeze_pct=30,both,all,REJECT,29,0.137931,0.179829,-0.001784,-0.001784,-0.050564,-1.528240,-3.665757,0.029029,7.586207,-0.050564,-0.050564,-0.030503,-0.020693,0.477519,,,mt5
run_20260426_191100,GBP/USD,forex,H1,volatility,bb_squeeze_breakout,confirm_ema=False|period=20|squeeze_pct=30,both,all,REJECT,29,0.137931,0.174928,-0.001845,-0.001845,-0.052245,-1.561283,-3.782392,0.029029,7.724138,-0.052245,-0.052245,-0.032218,-0.020693,0.466681,,,mt5
run_20260426_191100,GBP/USD,forex,H1,volatility,atr_compression,confirm_ema=True|period=14|squeeze_pct=20,both,all,NEEDS_MORE_DATA,17,,,,,,,,,,,,,,,,only 17 trades < min 20,mt5
run_20260426_191100,GBP/USD,forex,H1,volatility,atr_compression,confirm_ema=False|period=14|squeeze_pct=20,both,all,NEEDS_MORE_DATA,18,,,,,,,,,,,,,,,,only 18 trades < min 20,mt5
run_20260426_191100,GBP/USD,forex,H1,volatility,atr_compression,confirm_ema=True|period=14|squeeze_pct=30,both,all,NEEDS_MORE_DATA,17,,,,,,,,,,,,,,,,only 17 trades < min 20,mt5
run_20260426_191100,GBP/USD,forex,H1,volatility,atr_compression,confirm_ema=False|period=14|squeeze_pct=30,both,all,WEAK_CANDIDATE,21,0.190476,1.263679,0.000382,0.000382,-0.007990,0.187830,0.375393,0.021021,20.619048,0.007832,0.007832,-0.001328,-0.007853,0.430238,,,mt5
run_20260426_191100,GBP/USD,forex,H1,engine_b_proxy,ob_bos,require_engulf=False|require_vol_expand=False|swing_period=5,both,all,REJECT,22,0.227273,0.292696,-0.003378,-0.003378,-0.072472,-1.138742,-2.583017,0.022022,33.590909,-0.072117,-0.072117,-0.071275,-0.014489,0.292986,,,mt5
run_20260426_191100,GBP/USD,forex,H1,engine_b_proxy,ob_bos,require_engulf=False|require_vol_expand=True|swing_period=5,both,all,NEEDS_MORE_DATA,17,,,,,,,,,,,,,,,,only 17 trades < min 20,mt5
run_20260426_191100,GBP/USD,forex,H1,engine_b_proxy,ob_bos,require_engulf=True|require_vol_expand=False|swing_period=5,both,all,REJECT,22,0.227273,0.270691,-0.003564,-0.003564,-0.076271,-1.192876,-2.745733,0.022022,32.409091,-0.075917,-0.075917,-0.071275,-0.018525,0.309972,,,mt5
run_20260426_191100,GBP/USD,forex,H1,engine_b_proxy,ob_bos,require_engulf=True|require_vol_expand=True|swing_period=5,both,all,NEEDS_MORE_DATA,15,,,,,,,,,,,,,,,,only 15 trades < min 20,mt5
run_20260426_191100,GBP/USD,forex,H1,engine_b_proxy,ob_bos,require_engulf=False|require_vol_expand=False|swing_period=10,both,all,NEEDS_MORE_DATA,12,,,,,,,,,,,,,,,,only 12 trades < min 20,mt5
run_20260426_191100,GBP/USD,forex,H1,engine_b_proxy,ob_bos,require_engulf=False|require_vol_expand=True|swing_period=10,both,all,NEEDS_MORE_DATA,8,,,,,,,,,,,,,,,,only 8 trades < min 20,mt5
run_20260426_191100,GBP/USD,forex,H1,engine_b_proxy,ob_bos,require_engulf=True|require_vol_expand=False|swing_period=10,both,all,NEEDS_MORE_DATA,12,,,,,,,,,,,,,,,,only 12 trades < min 20,mt5
run_20260426_191100,GBP/USD,forex,H1,engine_b_proxy,ob_bos,require_engulf=True|require_vol_expand=True|swing_period=10,both,all,NEEDS_MORE_DATA,6,,,,,,,,,,,,,,,,only 6 trades < min 20,mt5
run_20260426_191100,GBP/USD,forex,H1,engine_b_proxy,structure_filters,fvg_detection=False|strong_close_pct=0.7,both,all,REJECT,304,0.180921,0.248012,-0.001054,-0.001054,-0.275832,-4.424824,-9.720931,0.304304,3.154605,-0.274699,-0.274699,-0.216454,-0.071789,0.499498,,,mt5
run_20260426_191100,GBP/USD,forex,H1,engine_b_proxy,structure_filters,fvg_detection=True|strong_close_pct=0.7,both,all,REJECT,46,0.195652,0.275291,-0.001395,-0.001395,-0.062349,-1.615027,-3.630345,0.046046,11.000000,-0.062349,-0.062349,-0.058256,-0.009992,0.427455,,,mt5
run_20260426_191100,GBP/USD,forex,H1,engine_b_proxy,structure_filters,fvg_detection=False|strong_close_pct=0.8,both,all,REJECT,220,0.218182,0.316817,-0.000970,-0.000970,-0.192612,-3.046903,-6.509429,0.220220,4.113636,-0.192608,-0.192608,-0.158384,-0.051654,0.497840,,,mt5
run_20260426_191100,GBP/USD,forex,H1,engine_b_proxy,structure_filters,fvg_detection=True|strong_close_pct=0.8,both,all,REJECT,40,0.150000,0.237879,-0.001682,-0.001682,-0.065256,-1.695845,-3.964450,0.040040,10.625000,-0.065256,-0.065256,-0.058110,-0.013215,0.408226,,,mt5
run_20260426_191100,GBP/USD,forex,H1,engine_d_proxy,vwap_reclaim,atr_sl_mult=0.5|band_std=0.5,both,all,NEEDS_MORE_DATA,13,,,,,,,,,,,,,,,,only 13 trades < min 20,mt5
run_20260426_191100,GBP/USD,forex,H1,engine_d_proxy,vwap_reclaim,atr_sl_mult=1.0|band_std=0.5,both,all,NEEDS_MORE_DATA,13,,,,,,,,,,,,,,,,only 13 trades < min 20,mt5
run_20260426_191100,GBP/USD,forex,H1,engine_d_proxy,vwap_reclaim,atr_sl_mult=0.5|band_std=1.0,both,all,NEEDS_MORE_DATA,7,,,,,,,,,,,,,,,,only 7 trades < min 20,mt5
run_20260426_191100,GBP/USD,forex,H1,engine_d_proxy,vwap_reclaim,atr_sl_mult=1.0|band_std=1.0,both,all,NEEDS_MORE_DATA,7,,,,,,,,,,,,,,,,only 7 trades < min 20,mt5
run_20260426_191100,GBP/USD,forex,H1,engine_d_proxy,micro_breakout,atr_sl_mult=0.5|fee_guard_r=0.5|range_bars=3,both,all,REJECT,98,0.234694,0.377734,-0.001144,-0.001144,-0.106532,-1.798364,-3.814787,0.098098,10.000000,-0.106532,-0.106532,-0.084642,-0.037881,0.534263,,,mt5
run_20260426_191100,GBP/USD,forex,H1,engine_d_proxy,micro_breakout,atr_sl_mult=1.0|fee_guard_r=0.5|range_bars=3,both,all,REJECT,98,0.234694,0.377734,-0.001144,-0.001144,-0.106532,-1.798364,-3.814787,0.098098,10.000000,-0.106532,-0.106532,-0.084642,-0.037881,0.534263,,,mt5
run_20260426_191100,GBP/USD,forex,H1,engine_d_proxy,micro_breakout,atr_sl_mult=0.5|fee_guard_r=0.5|range_bars=6,both,all,REJECT,63,0.253968,0.501866,-0.001016,-0.001016,-0.064031,-1.073218,-2.214492,0.063063,15.507937,-0.062452,-0.062452,-0.050402,-0.028617,0.570334,,,mt5
run_20260426_191100,GBP/USD,forex,H1,engine_d_proxy,micro_breakout,atr_sl_mult=1.0|fee_guard_r=0.5|range_bars=6,both,all,REJECT,63,0.253968,0.501866,-0.001016,-0.001016,-0.064031,-1.073218,-2.214492,0.063063,15.507937,-0.062452,-0.062452,-0.050402,-0.028617,0.570334,,,mt5
run_20260426_191100,GBP/USD,forex,H1,engine_d_proxy,ema_scalp_pullback,atr_sl_mult=0.5|ema_period=21,both,all,REJECT,127,0.149606,0.289650,-0.001167,-0.001167,-0.138544,-2.559993,-5.627282,0.127127,7.511811,-0.138113,-0.138113,-0.090619,-0.060717,0.601007,,,mt5
run_20260426_191100,GBP/USD,forex,H1,engine_d_proxy,ema_scalp_pullback,atr_sl_mult=1.0|ema_period=21,both,all,REJECT,127,0.149606,0.287731,-0.001178,-0.001178,-0.139746,-2.570513,-5.655477,0.127127,7.519685,-0.139315,-0.139315,-0.091888,-0.060717,0.598232,,,mt5
run_20260426_191100,USD/JPY,forex,H1,trend_momentum,ema_cross,adx_min=0|fast_period=10|rsi_confirm=False|slow_period=50,both,all,REJECT,31,0.193548,0.183800,-0.002101,-0.002101,-0.064683,-1.741220,-4.391185,0.031031,32.064516,-0.063230,-0.063230,-0.047552,-0.014285,0.376125,,,mt5
run_20260426_191100,USD/JPY,forex,H1,trend_momentum,ema_cross,adx_min=0|fast_period=10|rsi_confirm=True|slow_period=50,both,all,REJECT,30,0.200000,0.190897,-0.002072,-0.002072,-0.063213,-1.682934,-4.201746,0.030030,32.500000,-0.060442,-0.060442,-0.044717,-0.014285,0.375838,,,mt5
run_20260426_191100,USD/JPY,forex,H1,trend_momentum,ema_cross,adx_min=20|fast_period=10|rsi_confirm=False|slow_period=50,both,all,REJECT,31,0.193548,0.183800,-0.002101,-0.002101,-0.064683,-1.741220,-4.391185,0.031031,32.064516,-0.063230,-0.063230,-0.047552,-0.014285,0.376125,,,mt5
run_20260426_191100,USD/JPY,forex,H1,trend_momentum,ema_cross,adx_min=20|fast_period=10|rsi_confirm=True|slow_period=50,both,all,REJECT,30,0.200000,0.190897,-0.002072,-0.002072,-0.063213,-1.682934,-4.201746,0.030030,32.500000,-0.060442,-0.060442,-0.044717,-0.014285,0.375838,,,mt5
run_20260426_191100,USD/JPY,forex,H1,trend_momentum,ema_cross,adx_min=25|fast_period=10|rsi_confirm=False|slow_period=50,both,all,REJECT,22,0.136364,0.157375,-0.002309,-0.002309,-0.049650,-1.547832,-4.057832,0.022022,30.636364,-0.049650,-0.049650,-0.036046,-0.014113,0.349463,,,mt5
run_20260426_191100,USD/JPY,forex,H1,trend_momentum,ema_cross,adx_min=25|fast_period=10|rsi_confirm=True|slow_period=50,both,all,REJECT,21,0.142857,0.165523,-0.002277,-0.002277,-0.048158,-1.481753,-3.830397,0.021021,31.190476,-0.046822,-0.046822,-0.033177,-0.014113,0.353620,,,mt5
run_20260426_191100,USD/JPY,forex,H1,trend_momentum,ema_cross,adx_min=0|fast_period=10|rsi_confirm=False|slow_period=100,both,all,REJECT,26,0.076923,0.073609,-0.003096,-0.003096,-0.077551,-1.920762,-5.693915,0.026026,35.153846,-0.077551,-0.077551,-0.060930,-0.015159,0.330640,,,mt5
run_20260426_191100,USD/JPY,forex,H1,trend_momentum,ema_cross,adx_min=0|fast_period=10|rsi_confirm=True|slow_period=100,both,all,REJECT,23,0.086957,0.080185,-0.003190,-0.003190,-0.070945,-1.789111,-5.252251,0.023023,38.782609,-0.070945,-0.070945,-0.054205,-0.015159,0.321900,,,mt5
run_20260426_191100,USD/JPY,forex,H1,trend_momentum,ema_cross,adx_min=20|fast_period=10|rsi_confirm=False|slow_period=100,both,all,REJECT,26,0.076923,0.073609,-0.003096,-0.003096,-0.077551,-1.920762,-5.693915,0.026026,35.153846,-0.077551,-0.077551,-0.060930,-0.015159,0.330640,,,mt5
run_20260426_191100,USD/JPY,forex,H1,trend_momentum,ema_cross,adx_min=20|fast_period=10|rsi_confirm=True|slow_period=100,both,all,REJECT,23,0.086957,0.080185,-0.003190,-0.003190,-0.070945,-1.789111,-5.252251,0.023023,38.782609,-0.070945,-0.070945,-0.054205,-0.015159,0.321900,,,mt5
run_20260426_191100,USD/JPY,forex,H1,trend_momentum,ema_cross,adx_min=25|fast_period=10|rsi_confirm=False|slow_period=100,both,all,REJECT,22,0.090909,0.082025,-0.003254,-0.003254,-0.069279,-1.752265,-5.155772,0.022022,33.909091,-0.069279,-0.069279,-0.054953,-0.015159,0.314759,,,mt5
run_20260426_191100,USD/JPY,forex,H1,trend_momentum,ema_cross,adx_min=25|fast_period=10|rsi_confirm=True|slow_period=100,both,all,NEEDS_MORE_DATA,19,,,,,,,,,,,,,,,,only 19 trades < min 20,mt5
run_20260426_191100,USD/JPY,forex,H1,trend_momentum,ema_cross,adx_min=0|fast_period=10|rsi_confirm=False|slow_period=200,both,all,NEEDS_MORE_DATA,16,,,,,,,,,,,,,,,,only 16 trades < min 20,mt5
run_20260426_191100,USD/JPY,forex,H1,trend_momentum,ema_cross,adx_min=0|fast_period=10|rsi_confirm=True|slow_period=200,both,all,NEEDS_MORE_DATA,15,,,,,,,,,,,,,,,,only 15 trades < min 20,mt5
run_20260426_191100,USD/JPY,forex,H1,trend_momentum,ema_cross,adx_min=20|fast_period=10|rsi_confirm=False|slow_period=200,both,all,NEEDS_MORE_DATA,16,,,,,,,,,,,,,,,,only 16 trades < min 20,mt5
run_20260426_191100,USD/JPY,forex,H1,trend_momentum,ema_cross,adx_min=20|fast_period=10|rsi_confirm=True|slow_period=200,both,all,NEEDS_MORE_DATA,15,,,,,,,,,,,,,,,,only 15 trades < min 20,mt5
run_20260426_191100,USD/JPY,forex,H1,trend_momentum,ema_cross,adx_min=25|fast_period=10|rsi_confirm=False|slow_period=200,both,all,NEEDS_MORE_DATA,13,,,,,,,,,,,,,,,,only 13 trades < min 20,mt5
run_20260426_191100,USD/JPY,forex,H1,trend_momentum,ema_cross,adx_min=25|fast_period=10|rsi_confirm=True|slow_period=200,both,all,NEEDS_MORE_DATA,12,,,,,,,,,,,,,,,,only 12 trades < min 20,mt5
run_20260426_191100,USD/JPY,forex,H1,trend_momentum,ema_cross,adx_min=0|fast_period=20|rsi_confirm=False|slow_period=50,both,all,REJECT,25,0.160000,0.131484,-0.002986,-0.002986,-0.073075,-1.679860,-4.458711,0.025025,39.920000,-0.072155,-0.072155,-0.055453,-0.014219,0.326924,,,mt5
run_20260426_191100,USD/JPY,forex,H1,trend_momentum,ema_cross,adx_min=0|fast_period=20|rsi_confirm=True|slow_period=50,both,all,REJECT,24,0.166667,0.135871,-0.002994,-0.002994,-0.071309,-1.629945,-4.295842,0.024024,40.750000,-0.069573,-0.069573,-0.052824,-0.014219,0.324752,,,mt5
run_20260426_191100,USD/JPY,forex,H1,trend_momentum,ema_cross,adx_min=20|fast_period=20|rsi_confirm=False|slow_period=50,both,all,REJECT,25,0.160000,0.131484,-0.002986,-0.002986,-0.073075,-1.679860,-4.458711,0.025025,39.920000,-0.072155,-0.072155,-0.055453,-0.014219,0.326924,,,mt5
run_20260426_191100,USD/JPY,forex,H1,trend_momentum,ema_cross,adx_min=20|fast_period=20|rsi_confirm=True|slow_period=50,both,all,REJECT,24,0.166667,0.135871,-0.002994,-0.002994,-0.071309,-1.629945,-4.295842,0.024024,40.750000,-0.069573,-0.069573,-0.052824,-0.014219,0.324752,,,mt5
run_20260426_191100,USD/JPY,forex,H1,trend_momentum,ema_cross,adx_min=25|fast_period=20|rsi_confirm=False|slow_period=50,both,all,REJECT,22,0.090909,0.098159,-0.003470,-0.003470,-0.073724,-1.733483,-5.037441,0.022022,34.909091,-0.073724,-0.073724,-0.056115,-0.015196,0.313242,,,mt5
run_20260426_191100,USD/JPY,forex,H1,trend_momentum,ema_cross,adx_min=25|fast_period=20|rsi_confirm=True|slow_period=50,both,all,REJECT,21,0.095238,0.101486,-0.003503,-0.003503,-0.071960,-1.683639,-4.863200,0.021021,35.619048,-0.071147,-0.071147,-0.053488,-0.015196,0.311232,,,mt5
run_20260426_191100,USD/JPY,forex,H1,trend_momentum,ema_cross,adx_min=0|fast_period=20|rsi_confirm=False|slow_period=100,both,all,NEEDS_MORE_DATA,16,,,,,,,,,,,,,,,,only 16 trades < min 20,mt5
run_20260426_191100,USD/JPY,forex,H1,trend_momentum,ema_cross,adx_min=0|fast_period=20|rsi_confirm=True|slow_period=100,both,all,NEEDS_MORE_DATA,15,,,,,,,,,,,,,,,,only 15 trades < min 20,mt5
run_20260426_191100,USD/JPY,forex,H1,trend_momentum,ema_cross,adx_min=20|fast_period=20|rsi_confirm=False|slow_period=100,both,all,NEEDS_MORE_DATA,15,,,,,,,,,,,,,,,,only 15 trades < min 20,mt5
run_20260426_191100,USD/JPY,forex,H1,trend_momentum,ema_cross,adx_min=20|fast_period=20|rsi_confirm=True|slow_period=100,both,all,NEEDS_MORE_DATA,14,,,,,,,,,,,,,,,,only 14 trades < min 20,mt5
run_20260426_191100,USD/JPY,forex,H1,trend_momentum,ema_cross,adx_min=25|fast_period=20|rsi_confirm=False|slow_period=100,both,all,NEEDS_MORE_DATA,15,,,,,,,,,,,,,,,,only 15 trades < min 20,mt5
run_20260426_191100,USD/JPY,forex,H1,trend_momentum,ema_cross,adx_min=25|fast_period=20|rsi_confirm=True|slow_period=100,both,all,NEEDS_MORE_DATA,14,,,,,,,,,,,,,,,,only 14 trades < min 20,mt5
run_20260426_191100,USD/JPY,forex,H1,trend_momentum,ema_cross,adx_min=0|fast_period=20|rsi_confirm=False|slow_period=200,both,all,NEEDS_MORE_DATA,16,,,,,,,,,,,,,,,,only 16 trades < min 20,mt5
run_20260426_191100,USD/JPY,forex,H1,trend_momentum,ema_cross,adx_min=0|fast_period=20|rsi_confirm=True|slow_period=200,both,all,NEEDS_MORE_DATA,15,,,,,,,,,,,,,,,,only 15 trades < min 20,mt5
run_20260426_191100,USD/JPY,forex,H1,trend_momentum,ema_cross,adx_min=20|fast_period=20|rsi_confirm=False|slow_period=200,both,all,NEEDS_MORE_DATA,16,,,,,,,,,,,,,,,,only 16 trades < min 20,mt5
run_20260426_191100,USD/JPY,forex,H1,trend_momentum,ema_cross,adx_min=20|fast_period=20|rsi_confirm=True|slow_period=200,both,all,NEEDS_MORE_DATA,15,,,,,,,,,,,,,,,,only 15 trades < min 20,mt5
run_20260426_191100,USD/JPY,forex,H1,trend_momentum,ema_cross,adx_min=25|fast_period=20|rsi_confirm=False|slow_period=200,both,all,NEEDS_MORE_DATA,12,,,,,,,,,,,,,,,,only 12 trades < min 20,mt5
run_20260426_191100,USD/JPY,forex,H1,trend_momentum,ema_cross,adx_min=25|fast_period=20|rsi_confirm=True|slow_period=200,both,all,NEEDS_MORE_DATA,11,,,,,,,,,,,,,,,,only 11 trades < min 20,mt5
run_20260426_191100,USD/JPY,forex,H1,trend_momentum,ema_alignment,adx_min=0|ema_long=200|ema_mid=50|ema_short=20,both,all,NEEDS_MORE_DATA,19,,,,,,,,,,,,,,,,only 19 trades < min 20,mt5
run_20260426_191100,USD/JPY,forex,H1,trend_momentum,ema_alignment,adx_min=20|ema_long=200|ema_mid=50|ema_short=20,both,all,NEEDS_MORE_DATA,19,,,,,,,,,,,,,,,,only 19 trades < min 20,mt5
run_20260426_191100,USD/JPY,forex,H1,trend_momentum,ema_alignment,adx_min=25|ema_long=200|ema_mid=50|ema_short=20,both,all,NEEDS_MORE_DATA,19,,,,,,,,,,,,,,,,only 19 trades < min 20,mt5
run_20260426_191100,USD/JPY,forex,H1,trend_momentum,macd_direction,adx_min=0|fast=12|signal_period=9|slow=26,both,all,REJECT,77,0.259740,0.492709,-0.000852,-0.000852,-0.064371,-1.300848,-2.702388,0.077077,12.779221,-0.063776,-0.063776,-0.045813,-0.025621,0.567774,,,mt5
run_20260426_191100,USD/JPY,forex,H1,trend_momentum,macd_direction,adx_min=20|fast=12|signal_period=9|slow=26,both,all,REJECT,73,0.246575,0.448141,-0.000938,-0.000938,-0.067074,-1.433435,-3.015858,0.073073,12.849315,-0.066480,-0.066480,-0.044080,-0.023433,0.559481,,,mt5
run_20260426_191100,USD/JPY,forex,H1,pullback,pullback_ema,pullback_period=20|rsi_reclaim=False|rsi_threshold=50|trend_period=200,both,all,REJECT,75,0.186667,0.179361,-0.001081,-0.001081,-0.077976,-2.610582,-6.370053,0.075075,6.853333,-0.077976,-0.077976,-0.054095,-0.025247,0.540018,,,mt5
run_20260426_191100,USD/JPY,forex,H1,pullback,pullback_ema,pullback_period=20|rsi_reclaim=True|rsi_threshold=50|trend_period=200,both,all,REJECT,63,0.222222,0.224646,-0.000982,-0.000982,-0.060523,-2.116991,-4.917275,0.063063,7.746032,-0.060069,-0.060069,-0.038949,-0.021976,0.569266,,,mt5
run_20260426_191100,USD/JPY,forex,H1,pullback,pullback_ema,pullback_period=50|rsi_reclaim=False|rsi_threshold=50|trend_period=200,both,all,REJECT,50,0.100000,0.263231,-0.001162,-0.001162,-0.056597,-1.715435,-3.873874,0.050050,11.680000,-0.056597,-0.056597,-0.032493,-0.024914,0.630029,,,mt5
run_20260426_191100,USD/JPY,forex,H1,pullback,pullback_ema,pullback_period=50|rsi_reclaim=True|rsi_threshold=50|trend_period=200,both,all,REJECT,28,0.142857,0.501965,-0.000732,-0.000732,-0.028108,-0.721754,-1.492310,0.028028,16.500000,-0.020389,-0.020389,-0.011538,-0.008954,0.500809,,,mt5
run_20260426_191100,USD/JPY,forex,H1,breakout,prev_day_hl,atr_expand_min=0.0,both,all,NEEDS_MORE_DATA,17,,,,,,,,,,,,,,,,only 17 trades < min 20,mt5
run_20260426_191100,USD/JPY,forex,H1,breakout,prev_day_hl,atr_expand_min=0.5,both,all,NEEDS_MORE_DATA,17,,,,,,,,,,,,,,,,only 17 trades < min 20,mt5
run_20260426_191100,USD/JPY,forex,H1,breakout,prev_day_hl,atr_expand_min=1.0,both,all,NEEDS_MORE_DATA,17,,,,,,,,,,,,,,,,only 17 trades < min 20,mt5
run_20260426_191100,USD/JPY,forex,H1,breakout,session_opening_range,atr_expand_min=0.0|range_bars=6,both,all,REJECT,57,0.315789,0.519586,-0.000901,-0.000901,-0.055202,-1.033688,-2.135410,0.057057,17.175439,-0.050370,-0.050370,-0.013462,-0.038986,0.400000,,,mt5
run_20260426_191100,USD/JPY,forex,H1,breakout,session_opening_range,atr_expand_min=0.5|range_bars=6,both,all,REJECT,57,0.315789,0.519586,-0.000901,-0.000901,-0.055202,-1.033688,-2.135410,0.057057,17.175439,-0.050370,-0.050370,-0.013462,-0.038986,0.400000,,,mt5
run_20260426_191100,USD/JPY,forex,H1,breakout,session_opening_range,atr_expand_min=0.0|range_bars=12,both,all,REJECT,30,0.433333,0.572083,-0.000921,-0.000921,-0.035444,-0.658160,-1.349113,0.030030,32.266667,-0.027480,-0.027480,-0.017902,-0.015227,0.535160,,,mt5
run_20260426_191100,USD/JPY,forex,H1,breakout,session_opening_range,atr_expand_min=0.5|range_bars=12,both,all,REJECT,30,0.433333,0.534769,-0.001002,-0.001002,-0.037762,-0.722835,-1.490757,0.030030,31.966667,-0.029817,-0.029817,-0.020263,-0.015227,0.505440,,,mt5
run_20260426_191100,USD/JPY,forex,H1,breakout,london_breakout,atr_expand_min=0.0|utc_end=11|utc_start=7,both,all,NEEDS_MORE_DATA,19,,,,,,,,,,,,,,,,only 19 trades < min 20,mt5
run_20260426_191100,USD/JPY,forex,H1,breakout,london_breakout,atr_expand_min=0.5|utc_end=11|utc_start=7,both,all,NEEDS_MORE_DATA,18,,,,,,,,,,,,,,,,only 18 trades < min 20,mt5
run_20260426_191100,USD/JPY,forex,H1,breakout,ny_breakout,atr_expand_min=0.0|utc_end=16|utc_start=13,both,all,NEEDS_MORE_DATA,16,,,,,,,,,,,,,,,,only 16 trades < min 20,mt5
run_20260426_191100,USD/JPY,forex,H1,breakout,ny_breakout,atr_expand_min=0.5|utc_end=16|utc_start=13,both,all,NEEDS_MORE_DATA,16,,,,,,,,,,,,,,,,only 16 trades < min 20,mt5
run_20260426_191100,USD/JPY,forex,H1,mean_reversion,rsi_extreme,overbought=70|oversold=30|period=14,both,all,NEEDS_MORE_DATA,12,,,,,,,,,,,,,,,,only 12 trades < min 20,mt5
run_20260426_191100,USD/JPY,forex,H1,mean_reversion,rsi_extreme,overbought=75|oversold=30|period=14,both,all,NEEDS_MORE_DATA,10,,,,,,,,,,,,,,,,only 10 trades < min 20,mt5
run_20260426_191100,USD/JPY,forex,H1,mean_reversion,rsi_extreme,overbought=70|oversold=25|period=14,both,all,NEEDS_MORE_DATA,10,,,,,,,,,,,,,,,,only 10 trades < min 20,mt5
run_20260426_191100,USD/JPY,forex,H1,mean_reversion,rsi_extreme,overbought=75|oversold=25|period=14,both,all,NEEDS_MORE_DATA,8,,,,,,,,,,,,,,,,only 8 trades < min 20,mt5
run_20260426_191100,USD/JPY,forex,H1,mean_reversion,bollinger_touch,num_std=2.0|period=20,both,all,REJECT,36,0.416667,0.342428,-0.000791,-0.000791,-0.031464,-1.031780,-2.182499,0.036036,14.333333,-0.028151,-0.028151,-0.021864,-0.002732,0.353494,,,mt5
run_20260426_191100,USD/JPY,forex,H1,mean_reversion,bollinger_touch,num_std=2.5|period=20,both,all,REJECT,20,0.500000,0.548648,-0.000515,-0.000515,-0.014678,-0.530062,-1.085991,0.020020,14.800000,-0.010289,-0.010289,-0.006385,-0.000224,0.335161,,,mt5
run_20260426_191100,USD/JPY,forex,H1,mean_reversion,vwap_deviation,std_threshold=1.5,both,all,NEEDS_MORE_DATA,8,,,,,,,,,,,,,,,,only 8 trades < min 20,mt5
run_20260426_191100,USD/JPY,forex,H1,mean_reversion,vwap_deviation,std_threshold=2.0,both,all,NEEDS_MORE_DATA,7,,,,,,,,,,,,,,,,only 7 trades < min 20,mt5
run_20260426_191100,USD/JPY,forex,H1,volatility,bb_squeeze_breakout,confirm_ema=True|period=20|squeeze_pct=20,both,all,REJECT,25,0.280000,0.463704,-0.000689,-0.000689,-0.017133,-0.801959,-1.683518,0.025025,9.560000,-0.017133,-0.017133,-0.005568,-0.011630,0.368125,,,mt5
run_20260426_191100,USD/JPY,forex,H1,volatility,bb_squeeze_breakout,confirm_ema=False|period=20|squeeze_pct=20,both,all,REJECT,25,0.280000,0.463704,-0.000689,-0.000689,-0.017133,-0.801959,-1.683518,0.025025,9.560000,-0.017133,-0.017133,-0.005568,-0.011630,0.368125,,,mt5
run_20260426_191100,USD/JPY,forex,H1,volatility,bb_squeeze_breakout,confirm_ema=True|period=20|squeeze_pct=30,both,all,REJECT,29,0.310345,0.493520,-0.000577,-0.000577,-0.017995,-0.786715,-1.635878,0.029029,7.448276,-0.016649,-0.016649,-0.006654,-0.010063,0.471727,,,mt5
run_20260426_191100,USD/JPY,forex,H1,volatility,bb_squeeze_breakout,confirm_ema=False|period=20|squeeze_pct=30,both,all,REJECT,29,0.310345,0.583447,-0.000453,-0.000453,-0.015945,-0.611550,-1.249681,0.029029,8.517241,-0.013118,-0.013118,-0.004175,-0.008981,0.429813,,,mt5
run_20260426_191100,USD/JPY,forex,H1,volatility,atr_compression,confirm_ema=True|period=14|squeeze_pct=20,both,all,REJECT,20,0.200000,0.250558,-0.001119,-0.001119,-0.025567,-1.194729,-2.800029,0.020020,18.800000,-0.022180,-0.022180,-0.007096,-0.015192,0.277116,,,mt5
run_20260426_191100,USD/JPY,forex,H1,volatility,atr_compression,confirm_ema=False|period=14|squeeze_pct=20,both,all,REJECT,24,0.166667,0.228088,-0.001123,-0.001123,-0.030473,-1.338541,-3.162541,0.024024,14.833333,-0.026639,-0.026639,-0.008050,-0.018739,0.244000,,,mt5
run_20260426_191100,USD/JPY,forex,H1,volatility,atr_compression,confirm_ema=True|period=14|squeeze_pct=30,both,all,REJECT,20,0.200000,0.152525,-0.001527,-0.001527,-0.030144,-1.434655,-3.690165,0.020020,18.800000,-0.030144,-0.030144,-0.020939,-0.009401,0.354692,,,mt5
run_20260426_191100,USD/JPY,forex,H1,volatility,atr_compression,confirm_ema=False|period=14|squeeze_pct=30,both,all,REJECT,24,0.166667,0.129079,-0.001440,-0.001440,-0.034017,-1.590234,-4.117475,0.024024,13.375000,-0.034017,-0.034017,-0.022831,-0.011447,0.394413,,,mt5
run_20260426_191100,USD/JPY,forex,H1,engine_b_proxy,ob_bos,require_engulf=False|require_vol_expand=False|swing_period=5,both,all,REJECT,26,0.230769,0.182972,-0.002339,-0.002339,-0.059200,-1.489203,-3.623347,0.026026,32.153846,-0.059200,-0.059200,-0.048129,-0.017291,0.363775,,,mt5
run_20260426_191100,USD/JPY,forex,H1,engine_b_proxy,ob_bos,require_engulf=False|require_vol_expand=True|swing_period=5,both,all,NEEDS_MORE_DATA,16,,,,,,,,,,,,,,,,only 16 trades < min 20,mt5
run_20260426_191100,USD/JPY,forex,H1,engine_b_proxy,ob_bos,require_engulf=True|require_vol_expand=False|swing_period=5,both,all,REJECT,24,0.250000,0.193325,-0.002270,-0.002270,-0.053200,-1.379301,-3.300608,0.024024,32.250000,-0.053200,-0.053200,-0.041005,-0.012904,0.338408,,,mt5
run_20260426_191100,USD/JPY,forex,H1,engine_b_proxy,ob_bos,require_engulf=True|require_vol_expand=True|swing_period=5,both,all,NEEDS_MORE_DATA,14,,,,,,,,,,,,,,,,only 14 trades < min 20,mt5
run_20260426_191100,USD/JPY,forex,H1,engine_b_proxy,ob_bos,require_engulf=False|require_vol_expand=False|swing_period=10,both,all,NEEDS_MORE_DATA,14,,,,,,,,,,,,,,,,only 14 trades < min 20,mt5
run_20260426_191100,USD/JPY,forex,H1,engine_b_proxy,ob_bos,require_engulf=False|require_vol_expand=True|swing_period=10,both,all,NEEDS_MORE_DATA,9,,,,,,,,,,,,,,,,only 9 trades < min 20,mt5
run_20260426_191100,USD/JPY,forex,H1,engine_b_proxy,ob_bos,require_engulf=True|require_vol_expand=False|swing_period=10,both,all,NEEDS_MORE_DATA,14,,,,,,,,,,,,,,,,only 14 trades < min 20,mt5
run_20260426_191100,USD/JPY,forex,H1,engine_b_proxy,ob_bos,require_engulf=True|require_vol_expand=True|swing_period=10,both,all,NEEDS_MORE_DATA,8,,,,,,,,,,,,,,,,only 8 trades < min 20,mt5
run_20260426_191100,USD/JPY,forex,H1,engine_b_proxy,structure_filters,fvg_detection=False|strong_close_pct=0.7,both,all,REJECT,319,0.137931,0.133775,-0.001158,-0.001158,-0.309143,-6.458823,-15.998485,0.319319,3.015674,-0.309143,-0.309143,-0.230414,-0.098187,0.527841,,,mt5
run_20260426_191100,USD/JPY,forex,H1,engine_b_proxy,structure_filters,fvg_detection=True|strong_close_pct=0.7,both,all,REJECT,38,0.210526,0.221775,-0.001202,-0.001202,-0.045705,-1.747916,-4.182408,0.038038,10.763158,-0.044719,-0.044719,-0.045705,-0.003089,0.348278,,,mt5
run_20260426_191100,USD/JPY,forex,H1,engine_b_proxy,structure_filters,fvg_detection=False|strong_close_pct=0.8,both,all,REJECT,252,0.126984,0.163546,-0.001137,-0.001137,-0.249406,-5.113794,-12.245194,0.252252,3.690476,-0.249406,-0.249406,-0.180456,-0.079936,0.532890,,,mt5
run_20260426_191100,USD/JPY,forex,H1,engine_b_proxy,structure_filters,fvg_detection=True|strong_close_pct=0.8,both,all,REJECT,30,0.200000,0.186991,-0.001319,-0.001319,-0.038851,-1.698275,-4.262384,0.030030,11.533333,-0.038851,-0.038851,-0.035839,-0.007229,0.340515,,,mt5
run_20260426_191100,USD/JPY,forex,H1,engine_d_proxy,vwap_reclaim,atr_sl_mult=0.5|band_std=0.5,both,all,NEEDS_MORE_DATA,14,,,,,,,,,,,,,,,,only 14 trades < min 20,mt5
run_20260426_191100,USD/JPY,forex,H1,engine_d_proxy,vwap_reclaim,atr_sl_mult=1.0|band_std=0.5,both,all,NEEDS_MORE_DATA,14,,,,,,,,,,,,,,,,only 14 trades < min 20,mt5
run_20260426_191100,USD/JPY,forex,H1,engine_d_proxy,vwap_reclaim,atr_sl_mult=0.5|band_std=1.0,both,all,NEEDS_MORE_DATA,10,,,,,,,,,,,,,,,,only 10 trades < min 20,mt5
run_20260426_191100,USD/JPY,forex,H1,engine_d_proxy,vwap_reclaim,atr_sl_mult=1.0|band_std=1.0,both,all,NEEDS_MORE_DATA,10,,,,,,,,,,,,,,,,only 10 trades < min 20,mt5
run_20260426_191100,USD/JPY,forex,H1,engine_d_proxy,micro_breakout,atr_sl_mult=0.5|fee_guard_r=0.5|range_bars=3,both,all,REJECT,109,0.229358,0.314196,-0.001180,-0.001180,-0.124285,-2.333519,-5.122820,0.109109,8.972477,-0.121023,-0.121023,-0.090714,-0.034914,0.515462,,,mt5
run_20260426_191100,USD/JPY,forex,H1,engine_d_proxy,micro_breakout,atr_sl_mult=1.0|fee_guard_r=0.5|range_bars=3,both,all,REJECT,109,0.229358,0.314196,-0.001180,-0.001180,-0.124285,-2.333519,-5.122820,0.109109,8.972477,-0.121023,-0.121023,-0.090714,-0.034914,0.515462,,,mt5
run_20260426_191100,USD/JPY,forex,H1,engine_d_proxy,micro_breakout,atr_sl_mult=0.5|fee_guard_r=0.5|range_bars=6,both,all,REJECT,57,0.315789,0.519586,-0.000901,-0.000901,-0.055202,-1.033688,-2.135410,0.057057,17.175439,-0.050370,-0.050370,-0.013462,-0.038986,0.400000,,,mt5
run_20260426_191100,USD/JPY,forex,H1,engine_d_proxy,micro_breakout,atr_sl_mult=1.0|fee_guard_r=0.5|range_bars=6,both,all,REJECT,57,0.315789,0.519586,-0.000901,-0.000901,-0.055202,-1.033688,-2.135410,0.057057,17.175439,-0.050370,-0.050370,-0.013462,-0.038986,0.400000,,,mt5
run_20260426_191100,USD/JPY,forex,H1,engine_d_proxy,ema_scalp_pullback,atr_sl_mult=0.5|ema_period=21,both,all,REJECT,141,0.163121,0.192531,-0.001175,-0.001175,-0.152922,-3.551210,-8.484579,0.141141,6.971631,-0.152922,-0.152922,-0.107364,-0.054962,0.553577,,,mt5
run_20260426_191100,USD/JPY,forex,H1,engine_d_proxy,ema_scalp_pullback,atr_sl_mult=1.0|ema_period=21,both,all,REJECT,141,0.156028,0.189557,-0.001180,-0.001180,-0.153555,-3.569050,-8.546096,0.141141,6.978723,-0.153555,-0.153555,-0.107364,-0.055669,0.555552,,,mt5
run_20260426_191100,AUD/USD,forex,H1,trend_momentum,ema_cross,adx_min=0|fast_period=10|rsi_confirm=False|slow_period=50,both,all,WEAK_CANDIDATE,23,0.304348,1.093659,0.000236,0.000236,-0.015763,0.080258,0.159965,0.023023,43.304348,0.004865,0.004865,0.002138,-0.012279,0.338000,,,mt5
run_20260426_191100,AUD/USD,forex,H1,trend_momentum,ema_cross,adx_min=0|fast_period=10|rsi_confirm=True|slow_period=50,both,all,WEAK_CANDIDATE,23,0.304348,1.093659,0.000236,0.000236,-0.015763,0.080258,0.159965,0.023023,43.304348,0.004865,0.004865,0.002138,-0.012279,0.338000,,,mt5
run_20260426_191100,AUD/USD,forex,H1,trend_momentum,ema_cross,adx_min=20|fast_period=10|rsi_confirm=False|slow_period=50,both,all,WEAK_CANDIDATE,23,0.304348,1.093659,0.000236,0.000236,-0.015763,0.080258,0.159965,0.023023,43.304348,0.004865,0.004865,0.002138,-0.012279,0.338000,,,mt5
run_20260426_191100,AUD/USD,forex,H1,trend_momentum,ema_cross,adx_min=20|fast_period=10|rsi_confirm=True|slow_period=50,both,all,WEAK_CANDIDATE,23,0.304348,1.093659,0.000236,0.000236,-0.015763,0.080258,0.159965,0.023023,43.304348,0.004865,0.004865,0.002138,-0.012279,0.338000,,,mt5
run_20260426_191100,AUD/USD,forex,H1,trend_momentum,ema_cross,adx_min=25|fast_period=10|rsi_confirm=False|slow_period=50,both,all,NEEDS_MORE_DATA,16,,,,,,,,,,,,,,,,only 16 trades < min 20,mt5
run_20260426_191100,AUD/USD,forex,H1,trend_momentum,ema_cross,adx_min=25|fast_period=10|rsi_confirm=True|slow_period=50,both,all,NEEDS_MORE_DATA,16,,,,,,,,,,,,,,,,only 16 trades < min 20,mt5
run_20260426_191100,AUD/USD,forex,H1,trend_momentum,ema_cross,adx_min=0|fast_period=10|rsi_confirm=False|slow_period=100,both,all,NEEDS_MORE_DATA,18,,,,,,,,,,,,,,,,only 18 trades < min 20,mt5
run_20260426_191100,AUD/USD,forex,H1,trend_momentum,ema_cross,adx_min=0|fast_period=10|rsi_confirm=True|slow_period=100,both,all,NEEDS_MORE_DATA,17,,,,,,,,,,,,,,,,only 17 trades < min 20,mt5
run_20260426_191100,AUD/USD,forex,H1,trend_momentum,ema_cross,adx_min=20|fast_period=10|rsi_confirm=False|slow_period=100,both,all,NEEDS_MORE_DATA,18,,,,,,,,,,,,,,,,only 18 trades < min 20,mt5
run_20260426_191100,AUD/USD,forex,H1,trend_momentum,ema_cross,adx_min=20|fast_period=10|rsi_confirm=True|slow_period=100,both,all,NEEDS_MORE_DATA,17,,,,,,,,,,,,,,,,only 17 trades < min 20,mt5
run_20260426_191100,AUD/USD,forex,H1,trend_momentum,ema_cross,adx_min=25|fast_period=10|rsi_confirm=False|slow_period=100,both,all,NEEDS_MORE_DATA,18,,,,,,,,,,,,,,,,only 18 trades < min 20,mt5
run_20260426_191100,AUD/USD,forex,H1,trend_momentum,ema_cross,adx_min=25|fast_period=10|rsi_confirm=True|slow_period=100,both,all,NEEDS_MORE_DATA,17,,,,,,,,,,,,,,,,only 17 trades < min 20,mt5
run_20260426_191100,AUD/USD,forex,H1,trend_momentum,ema_cross,adx_min=0|fast_period=10|rsi_confirm=False|slow_period=200,both,all,NEEDS_MORE_DATA,13,,,,,,,,,,,,,,,,only 13 trades < min 20,mt5
run_20260426_191100,AUD/USD,forex,H1,trend_momentum,ema_cross,adx_min=0|fast_period=10|rsi_confirm=True|slow_period=200,both,all,NEEDS_MORE_DATA,11,,,,,,,,,,,,,,,,only 11 trades < min 20,mt5
run_20260426_191100,AUD/USD,forex,H1,trend_momentum,ema_cross,adx_min=20|fast_period=10|rsi_confirm=False|slow_period=200,both,all,NEEDS_MORE_DATA,13,,,,,,,,,,,,,,,,only 13 trades < min 20,mt5
run_20260426_191100,AUD/USD,forex,H1,trend_momentum,ema_cross,adx_min=20|fast_period=10|rsi_confirm=True|slow_period=200,both,all,NEEDS_MORE_DATA,11,,,,,,,,,,,,,,,,only 11 trades < min 20,mt5
run_20260426_191100,AUD/USD,forex,H1,trend_momentum,ema_cross,adx_min=25|fast_period=10|rsi_confirm=False|slow_period=200,both,all,NEEDS_MORE_DATA,13,,,,,,,,,,,,,,,,only 13 trades < min 20,mt5
run_20260426_191100,AUD/USD,forex,H1,trend_momentum,ema_cross,adx_min=25|fast_period=10|rsi_confirm=True|slow_period=200,both,all,NEEDS_MORE_DATA,11,,,,,,,,,,,,,,,,only 11 trades < min 20,mt5
run_20260426_191100,AUD/USD,forex,H1,trend_momentum,ema_cross,adx_min=0|fast_period=20|rsi_confirm=False|slow_period=50,both,all,REJECT,20,0.300000,0.870341,-0.000432,-0.000432,-0.021799,-0.130233,-0.259859,0.020020,46.100000,-0.009157,-0.009157,-0.015518,-0.007955,0.373783,,,mt5
run_20260426_191100,AUD/USD,forex,H1,trend_momentum,ema_cross,adx_min=0|fast_period=20|rsi_confirm=True|slow_period=50,both,all,REJECT,20,0.300000,0.870341,-0.000432,-0.000432,-0.021799,-0.130233,-0.259859,0.020020,46.100000,-0.009157,-0.009157,-0.015518,-0.007955,0.373783,,,mt5
run_20260426_191100,AUD/USD,forex,H1,trend_momentum,ema_cross,adx_min=20|fast_period=20|rsi_confirm=False|slow_period=50,both,all,REJECT,20,0.300000,0.870341,-0.000432,-0.000432,-0.021799,-0.130233,-0.259859,0.020020,46.100000,-0.009157,-0.009157,-0.015518,-0.007955,0.373783,,,mt5
run_20260426_191100,AUD/USD,forex,H1,trend_momentum,ema_cross,adx_min=20|fast_period=20|rsi_confirm=True|slow_period=50,both,all,REJECT,20,0.300000,0.870341,-0.000432,-0.000432,-0.021799,-0.130233,-0.259859,0.020020,46.100000,-0.009157,-0.009157,-0.015518,-0.007955,0.373783,,,mt5
run_20260426_191100,AUD/USD,forex,H1,trend_momentum,ema_cross,adx_min=25|fast_period=20|rsi_confirm=False|slow_period=50,both,all,NEEDS_MORE_DATA,18,,,,,,,,,,,,,,,,only 18 trades < min 20,mt5
run_20260426_191100,AUD/USD,forex,H1,trend_momentum,ema_cross,adx_min=25|fast_period=20|rsi_confirm=True|slow_period=50,both,all,NEEDS_MORE_DATA,18,,,,,,,,,,,,,,,,only 18 trades < min 20,mt5
run_20260426_191100,AUD/USD,forex,H1,trend_momentum,ema_cross,adx_min=0|fast_period=20|rsi_confirm=False|slow_period=100,both,all,NEEDS_MORE_DATA,12,,,,,,,,,,,,,,,,only 12 trades < min 20,mt5
run_20260426_191100,AUD/USD,forex,H1,trend_momentum,ema_cross,adx_min=0|fast_period=20|rsi_confirm=True|slow_period=100,both,all,NEEDS_MORE_DATA,12,,,,,,,,,,,,,,,,only 12 trades < min 20,mt5
run_20260426_191100,AUD/USD,forex,H1,trend_momentum,ema_cross,adx_min=20|fast_period=20|rsi_confirm=False|slow_period=100,both,all,NEEDS_MORE_DATA,12,,,,,,,,,,,,,,,,only 12 trades < min 20,mt5
run_20260426_191100,AUD/USD,forex,H1,trend_momentum,ema_cross,adx_min=20|fast_period=20|rsi_confirm=True|slow_period=100,both,all,NEEDS_MORE_DATA,12,,,,,,,,,,,,,,,,only 12 trades < min 20,mt5
run_20260426_191100,AUD/USD,forex,H1,trend_momentum,ema_cross,adx_min=25|fast_period=20|rsi_confirm=False|slow_period=100,both,all,NEEDS_MORE_DATA,12,,,,,,,,,,,,,,,,only 12 trades < min 20,mt5
run_20260426_191100,AUD/USD,forex,H1,trend_momentum,ema_cross,adx_min=25|fast_period=20|rsi_confirm=True|slow_period=100,both,all,NEEDS_MORE_DATA,12,,,,,,,,,,,,,,,,only 12 trades < min 20,mt5
run_20260426_191100,AUD/USD,forex,H1,trend_momentum,ema_cross,adx_min=0|fast_period=20|rsi_confirm=False|slow_period=200,both,all,NEEDS_MORE_DATA,9,,,,,,,,,,,,,,,,only 9 trades < min 20,mt5
run_20260426_191100,AUD/USD,forex,H1,trend_momentum,ema_cross,adx_min=0|fast_period=20|rsi_confirm=True|slow_period=200,both,all,NEEDS_MORE_DATA,9,,,,,,,,,,,,,,,,only 9 trades < min 20,mt5
run_20260426_191100,AUD/USD,forex,H1,trend_momentum,ema_cross,adx_min=20|fast_period=20|rsi_confirm=False|slow_period=200,both,all,NEEDS_MORE_DATA,9,,,,,,,,,,,,,,,,only 9 trades < min 20,mt5
run_20260426_191100,AUD/USD,forex,H1,trend_momentum,ema_cross,adx_min=20|fast_period=20|rsi_confirm=True|slow_period=200,both,all,NEEDS_MORE_DATA,9,,,,,,,,,,,,,,,,only 9 trades < min 20,mt5
run_20260426_191100,AUD/USD,forex,H1,trend_momentum,ema_cross,adx_min=25|fast_period=20|rsi_confirm=False|slow_period=200,both,all,NEEDS_MORE_DATA,9,,,,,,,,,,,,,,,,only 9 trades < min 20,mt5
run_20260426_191100,AUD/USD,forex,H1,trend_momentum,ema_cross,adx_min=25|fast_period=20|rsi_confirm=True|slow_period=200,both,all,NEEDS_MORE_DATA,9,,,,,,,,,,,,,,,,only 9 trades < min 20,mt5
run_20260426_191100,AUD/USD,forex,H1,trend_momentum,ema_alignment,adx_min=0|ema_long=200|ema_mid=50|ema_short=20,both,all,NEEDS_MORE_DATA,13,,,,,,,,,,,,,,,,only 13 trades < min 20,mt5
run_20260426_191100,AUD/USD,forex,H1,trend_momentum,ema_alignment,adx_min=20|ema_long=200|ema_mid=50|ema_short=20,both,all,NEEDS_MORE_DATA,13,,,,,,,,,,,,,,,,only 13 trades < min 20,mt5
run_20260426_191100,AUD/USD,forex,H1,trend_momentum,ema_alignment,adx_min=25|ema_long=200|ema_mid=50|ema_short=20,both,all,NEEDS_MORE_DATA,13,,,,,,,,,,,,,,,,only 13 trades < min 20,mt5
run_20260426_191100,AUD/USD,forex,H1,trend_momentum,macd_direction,adx_min=0|fast=12|signal_period=9|slow=26,both,all,REJECT,73,0.369863,0.630304,-0.000831,-0.000831,-0.061645,-0.757010,-1.530257,0.073073,13.493151,-0.059641,-0.059641,-0.044544,-0.022791,0.553492,,,mt5
run_20260426_191100,AUD/USD,forex,H1,trend_momentum,macd_direction,adx_min=20|fast=12|signal_period=9|slow=26,both,all,REJECT,69,0.376812,0.637964,-0.000838,-0.000838,-0.058936,-0.723594,-1.462073,0.069069,13.739130,-0.056926,-0.056926,-0.045429,-0.019061,0.525869,,,mt5
run_20260426_191100,AUD/USD,forex,H1,pullback,pullback_ema,pullback_period=20|rsi_reclaim=False|rsi_threshold=50|trend_period=200,both,all,REJECT,63,0.158730,0.297277,-0.001568,-0.001568,-0.095169,-1.635959,-3.551427,0.063063,6.888889,-0.094457,-0.094457,-0.068981,-0.027363,0.519004,,,mt5
run_20260426_191100,AUD/USD,forex,H1,pullback,pullback_ema,pullback_period=20|rsi_reclaim=True|rsi_threshold=50|trend_period=200,both,all,REJECT,58,0.172414,0.316245,-0.001557,-0.001557,-0.087502,-1.508553,-3.253120,0.058058,7.379310,-0.086784,-0.086784,-0.064732,-0.023578,0.509271,,,mt5
run_20260426_191100,AUD/USD,forex,H1,pullback,pullback_ema,pullback_period=50|rsi_reclaim=False|rsi_threshold=50|trend_period=200,both,all,REJECT,44,0.136364,0.373090,-0.001391,-0.001391,-0.059734,-1.110886,-2.340975,0.044044,11.522727,-0.059734,-0.059734,-0.050072,-0.010171,0.424940,,,mt5
run_20260426_191100,AUD/USD,forex,H1,pullback,pullback_ema,pullback_period=50|rsi_reclaim=True|rsi_threshold=50|trend_period=200,both,all,REJECT,36,0.138889,0.471325,-0.001095,-0.001095,-0.038993,-0.761294,-1.565506,0.036036,13.027778,-0.038993,-0.038993,-0.031932,-0.007294,0.384527,,,mt5
run_20260426_191100,AUD/USD,forex,H1,breakout,prev_day_hl,atr_expand_min=0.0,both,all,NEEDS_MORE_DATA,18,,,,,,,,,,,,,,,,only 18 trades < min 20,mt5
run_20260426_191100,AUD/USD,forex,H1,breakout,prev_day_hl,atr_expand_min=0.5,both,all,NEEDS_MORE_DATA,18,,,,,,,,,,,,,,,,only 18 trades < min 20,mt5
run_20260426_191100,AUD/USD,forex,H1,breakout,prev_day_hl,atr_expand_min=1.0,both,all,NEEDS_MORE_DATA,15,,,,,,,,,,,,,,,,only 15 trades < min 20,mt5
run_20260426_191100,AUD/USD,forex,H1,breakout,session_opening_range,atr_expand_min=0.0|range_bars=6,both,all,REJECT,63,0.253968,0.503062,-0.001589,-0.001589,-0.096247,-1.082095,-2.234161,0.063063,15.587302,-0.096247,-0.096247,-0.061679,-0.047508,0.631072,,,mt5
run_20260426_191100,AUD/USD,forex,H1,breakout,session_opening_range,atr_expand_min=0.5|range_bars=6,both,all,REJECT,63,0.253968,0.489379,-0.001633,-0.001633,-0.098728,-1.115772,-2.309118,0.063063,15.460317,-0.098728,-0.098728,-0.061679,-0.050123,0.643792,,,mt5
run_20260426_191100,AUD/USD,forex,H1,breakout,session_opening_range,atr_expand_min=0.0|range_bars=12,both,all,REJECT,36,0.277778,0.520480,-0.001763,-0.001763,-0.062338,-0.755147,-1.552045,0.036036,26.361111,-0.062338,-0.062338,-0.052189,-0.021665,0.440538,,,mt5
run_20260426_191100,AUD/USD,forex,H1,breakout,session_opening_range,atr_expand_min=0.5|range_bars=12,both,all,REJECT,36,0.277778,0.520480,-0.001763,-0.001763,-0.062338,-0.755147,-1.552045,0.036036,26.361111,-0.062338,-0.062338,-0.052189,-0.021665,0.440538,,,mt5
run_20260426_191100,AUD/USD,forex,H1,breakout,london_breakout,atr_expand_min=0.0|utc_end=11|utc_start=7,both,all,NEEDS_MORE_DATA,16,,,,,,,,,,,,,,,,only 16 trades < min 20,mt5
run_20260426_191100,AUD/USD,forex,H1,breakout,london_breakout,atr_expand_min=0.5|utc_end=11|utc_start=7,both,all,NEEDS_MORE_DATA,15,,,,,,,,,,,,,,,,only 15 trades < min 20,mt5
run_20260426_191100,AUD/USD,forex,H1,breakout,ny_breakout,atr_expand_min=0.0|utc_end=16|utc_start=13,both,all,NEEDS_MORE_DATA,13,,,,,,,,,,,,,,,,only 13 trades < min 20,mt5
run_20260426_191100,AUD/USD,forex,H1,breakout,ny_breakout,atr_expand_min=0.5|utc_end=16|utc_start=13,both,all,NEEDS_MORE_DATA,13,,,,,,,,,,,,,,,,only 13 trades < min 20,mt5
run_20260426_191100,AUD/USD,forex,H1,mean_reversion,rsi_extreme,overbought=70|oversold=30|period=14,both,all,NEEDS_MORE_DATA,17,,,,,,,,,,,,,,,,only 17 trades < min 20,mt5
run_20260426_191100,AUD/USD,forex,H1,mean_reversion,rsi_extreme,overbought=75|oversold=30|period=14,both,all,NEEDS_MORE_DATA,13,,,,,,,,,,,,,,,,only 13 trades < min 20,mt5
run_20260426_191100,AUD/USD,forex,H1,mean_reversion,rsi_extreme,overbought=70|oversold=25|period=14,both,all,NEEDS_MORE_DATA,12,,,,,,,,,,,,,,,,only 12 trades < min 20,mt5
run_20260426_191100,AUD/USD,forex,H1,mean_reversion,rsi_extreme,overbought=75|oversold=25|period=14,both,all,NEEDS_MORE_DATA,8,,,,,,,,,,,,,,,,only 8 trades < min 20,mt5
run_20260426_191100,AUD/USD,forex,H1,mean_reversion,bollinger_touch,num_std=2.0|period=20,both,all,REJECT,33,0.606061,0.531736,-0.001200,-0.001200,-0.059798,-0.578921,-1.176388,0.033033,17.333333,-0.039403,-0.039403,-0.029984,0.006652,0.298000,,,mt5
run_20260426_191100,AUD/USD,forex,H1,mean_reversion,bollinger_touch,num_std=2.5|period=20,both,all,REJECT,24,0.625000,0.873812,-0.000259,-0.000259,-0.032458,-0.114609,-0.228548,0.024024,16.416667,-0.006567,-0.006567,-0.004800,0.014719,0.244000,,,mt5
run_20260426_191100,AUD/USD,forex,H1,mean_reversion,vwap_deviation,std_threshold=1.5,both,all,NEEDS_MORE_DATA,14,,,,,,,,,,,,,,,,only 14 trades < min 20,mt5
run_20260426_191100,AUD/USD,forex,H1,mean_reversion,vwap_deviation,std_threshold=2.0,both,all,NEEDS_MORE_DATA,10,,,,,,,,,,,,,,,,only 10 trades < min 20,mt5
run_20260426_191100,AUD/USD,forex,H1,volatility,bb_squeeze_breakout,confirm_ema=True|period=20|squeeze_pct=20,both,all,REJECT,27,0.407407,0.441076,-0.001042,-0.001042,-0.036342,-0.826253,-1.732686,0.027027,8.074074,-0.027879,-0.027879,0.002928,-0.030717,0.262000,,,mt5
run_20260426_191100,AUD/USD,forex,H1,volatility,bb_squeeze_breakout,confirm_ema=False|period=20|squeeze_pct=20,both,all,REJECT,27,0.370370,0.429224,-0.001087,-0.001087,-0.037525,-0.860661,-1.813199,0.027027,8.518519,-0.029073,-0.029073,0.002928,-0.031907,0.262000,,,mt5
run_20260426_191100,AUD/USD,forex,H1,volatility,bb_squeeze_breakout,confirm_ema=True|period=20|squeeze_pct=30,both,all,REJECT,26,0.307692,0.474529,-0.000999,-0.000999,-0.033019,-0.737388,-1.532137,0.026026,7.653846,-0.025790,-0.025790,-0.004396,-0.021488,0.256000,,,mt5
run_20260426_191100,AUD/USD,forex,H1,volatility,bb_squeeze_breakout,confirm_ema=False|period=20|squeeze_pct=30,both,all,REJECT,26,0.269231,0.453830,-0.001081,-0.001081,-0.035072,-0.792723,-1.658507,0.026026,7.846154,-0.027860,-0.027860,-0.004396,-0.023567,0.256000,,,mt5
run_20260426_191100,AUD/USD,forex,H1,volatility,atr_compression,confirm_ema=True|period=14|squeeze_pct=20,both,all,NEEDS_MORE_DATA,14,,,,,,,,,,,,,,,,only 14 trades < min 20,mt5
run_20260426_191100,AUD/USD,forex,H1,volatility,atr_compression,confirm_ema=False|period=14|squeeze_pct=20,both,all,REJECT,20,0.250000,0.437827,-0.001563,-0.001563,-0.034449,-0.691225,-1.445748,0.020020,16.250000,-0.031033,-0.031033,-0.015444,-0.015834,0.512439,,,mt5
run_20260426_191100,AUD/USD,forex,H1,volatility,atr_compression,confirm_ema=True|period=14|squeeze_pct=30,both,all,NEEDS_MORE_DATA,19,,,,,,,,,,,,,,,,only 19 trades < min 20,mt5
run_20260426_191100,AUD/USD,forex,H1,volatility,atr_compression,confirm_ema=False|period=14|squeeze_pct=30,both,all,REJECT,27,0.185185,0.760268,-0.000632,-0.000632,-0.020523,-0.243868,-0.487876,0.027027,16.222222,-0.017532,-0.017532,-0.014123,-0.019686,0.443819,,,mt5
run_20260426_191100,AUD/USD,forex,H1,engine_b_proxy,ob_bos,require_engulf=False|require_vol_expand=False|swing_period=5,both,all,REJECT,24,0.250000,0.349881,-0.003305,-0.003305,-0.076987,-1.005226,-2.188857,0.024024,36.250000,-0.076987,-0.076987,-0.063421,-0.025593,0.365062,,,mt5
run_20260426_191100,AUD/USD,forex,H1,engine_b_proxy,ob_bos,require_engulf=False|require_vol_expand=True|swing_period=5,both,all,NEEDS_MORE_DATA,18,,,,,,,,,,,,,,,,only 18 trades < min 20,mt5
run_20260426_191100,AUD/USD,forex,H1,engine_b_proxy,ob_bos,require_engulf=True|require_vol_expand=False|swing_period=5,both,all,REJECT,24,0.250000,0.361849,-0.003244,-0.003244,-0.075648,-0.979981,-2.123651,0.024024,36.166667,-0.075648,-0.075648,-0.062062,-0.025593,0.367712,,,mt5
run_20260426_191100,AUD/USD,forex,H1,engine_b_proxy,ob_bos,require_engulf=True|require_vol_expand=True|swing_period=5,both,all,NEEDS_MORE_DATA,18,,,,,,,,,,,,,,,,only 18 trades < min 20,mt5
run_20260426_191100,AUD/USD,forex,H1,engine_b_proxy,ob_bos,require_engulf=False|require_vol_expand=False|swing_period=10,both,all,NEEDS_MORE_DATA,5,,,,,,,,,,,,,,,,only 5 trades < min 20,mt5
run_20260426_191100,AUD/USD,forex,H1,engine_b_proxy,ob_bos,require_engulf=False|require_vol_expand=True|swing_period=10,both,all,NEEDS_MORE_DATA,5,,,,,,,,,,,,,,,,only 5 trades < min 20,mt5
run_20260426_191100,AUD/USD,forex,H1,engine_b_proxy,ob_bos,require_engulf=True|require_vol_expand=False|swing_period=10,both,all,NEEDS_MORE_DATA,5,,,,,,,,,,,,,,,,only 5 trades < min 20,mt5
run_20260426_191100,AUD/USD,forex,H1,engine_b_proxy,ob_bos,require_engulf=True|require_vol_expand=True|swing_period=10,both,all,NEEDS_MORE_DATA,5,,,,,,,,,,,,,,,,only 5 trades < min 20,mt5
run_20260426_191100,AUD/USD,forex,H1,engine_b_proxy,structure_filters,fvg_detection=False|strong_close_pct=0.7,both,all,REJECT,314,0.191083,0.245292,-0.001377,-0.001377,-0.352636,-4.402628,-9.614821,0.314314,3.057325,-0.351944,-0.351944,-0.288971,-0.081879,0.485004,,,mt5
run_20260426_191100,AUD/USD,forex,H1,engine_b_proxy,structure_filters,fvg_detection=True|strong_close_pct=0.7,both,all,REJECT,43,0.162791,0.159063,-0.002644,-0.002644,-0.109468,-1.791256,-4.215092,0.043043,11.186047,-0.107937,-0.107937,-0.106421,-0.001697,0.362784,,,mt5
run_20260426_191100,AUD/USD,forex,H1,engine_b_proxy,structure_filters,fvg_detection=False|strong_close_pct=0.8,both,all,REJECT,234,0.209402,0.231161,-0.001529,-0.001529,-0.301547,-3.791285,-8.374339,0.234234,3.910256,-0.301547,-0.301547,-0.256114,-0.054187,0.463473,,,mt5
run_20260426_191100,AUD/USD,forex,H1,engine_b_proxy,structure_filters,fvg_detection=True|strong_close_pct=0.8,both,all,REJECT,29,0.206897,0.266093,-0.002188,-0.002188,-0.069352,-1.111160,-2.420945,0.029029,13.655172,-0.061871,-0.061871,-0.065390,0.003766,0.274000,,,mt5
run_20260426_191100,AUD/USD,forex,H1,engine_d_proxy,vwap_reclaim,atr_sl_mult=0.5|band_std=0.5,both,all,REJECT,21,0.047619,0.007981,-0.004658,-0.004658,-0.094176,-2.040370,-8.477745,0.021021,36.523810,-0.093463,-0.093463,-0.082196,-0.013031,0.273562,,,mt5
run_20260426_191100,AUD/USD,forex,H1,engine_d_proxy,vwap_reclaim,atr_sl_mult=1.0|band_std=0.5,both,all,REJECT,21,0.047619,0.007981,-0.004658,-0.004658,-0.094176,-2.040370,-8.477745,0.021021,36.523810,-0.093463,-0.093463,-0.082196,-0.013031,0.273562,,,mt5
run_20260426_191100,AUD/USD,forex,H1,engine_d_proxy,vwap_reclaim,atr_sl_mult=0.5|band_std=1.0,both,all,NEEDS_MORE_DATA,13,,,,,,,,,,,,,,,,only 13 trades < min 20,mt5
run_20260426_191100,AUD/USD,forex,H1,engine_d_proxy,vwap_reclaim,atr_sl_mult=1.0|band_std=1.0,both,all,NEEDS_MORE_DATA,13,,,,,,,,,,,,,,,,only 13 trades < min 20,mt5
run_20260426_191100,AUD/USD,forex,H1,engine_d_proxy,micro_breakout,atr_sl_mult=0.5|fee_guard_r=0.5|range_bars=3,both,all,REJECT,101,0.247525,0.460774,-0.001395,-0.001395,-0.132379,-1.522519,-3.165264,0.101101,9.683168,-0.132379,-0.132379,-0.099704,-0.031514,0.494822,,,mt5
run_20260426_191100,AUD/USD,forex,H1,engine_d_proxy,micro_breakout,atr_sl_mult=1.0|fee_guard_r=0.5|range_bars=3,both,all,REJECT,101,0.247525,0.460774,-0.001395,-0.001395,-0.132379,-1.522519,-3.165264,0.101101,9.683168,-0.132379,-0.132379,-0.099704,-0.031514,0.494822,,,mt5
run_20260426_191100,AUD/USD,forex,H1,engine_d_proxy,micro_breakout,atr_sl_mult=0.5|fee_guard_r=0.5|range_bars=6,both,all,REJECT,63,0.253968,0.503062,-0.001589,-0.001589,-0.096247,-1.082095,-2.234161,0.063063,15.587302,-0.096247,-0.096247,-0.061679,-0.047508,0.631072,,,mt5
run_20260426_191100,AUD/USD,forex,H1,engine_d_proxy,micro_breakout,atr_sl_mult=1.0|fee_guard_r=0.5|range_bars=6,both,all,REJECT,63,0.253968,0.503062,-0.001589,-0.001589,-0.096247,-1.082095,-2.234161,0.063063,15.587302,-0.096247,-0.096247,-0.061679,-0.047508,0.631072,,,mt5
run_20260426_191100,AUD/USD,forex,H1,engine_d_proxy,ema_scalp_pullback,atr_sl_mult=0.5|ema_period=21,both,all,REJECT,123,0.170732,0.399565,-0.001356,-0.001356,-0.155260,-1.730316,-3.602830,0.123123,7.878049,-0.154588,-0.154588,-0.102900,-0.071879,0.609561,,,mt5
run_20260426_191100,AUD/USD,forex,H1,engine_d_proxy,ema_scalp_pullback,atr_sl_mult=1.0|ema_period=21,both,all,REJECT,123,0.170732,0.399565,-0.001356,-0.001356,-0.155260,-1.730316,-3.602830,0.123123,7.878049,-0.154588,-0.154588,-0.102900,-0.071879,0.609561,,,mt5
run_20260426_191100,US500,index,H1,trend_momentum,ema_cross,adx_min=0|fast_period=10|rsi_confirm=False|slow_period=50,both,all,REJECT,37,0.162162,0.632788,-0.001723,-0.001723,-0.094755,-0.520326,-1.051317,0.037037,26.108108,-0.063516,-0.063516,-0.094755,0.012533,0.322000,,,mt5
run_20260426_191100,US500,index,H1,trend_momentum,ema_cross,adx_min=0|fast_period=10|rsi_confirm=True|slow_period=50,both,all,REJECT,35,0.171429,0.657038,-0.001641,-0.001641,-0.089025,-0.469400,-0.946546,0.035035,26.228571,-0.057588,-0.057588,-0.089025,0.012533,0.310000,,,mt5
run_20260426_191100,US500,index,H1,trend_momentum,ema_cross,adx_min=20|fast_period=10|rsi_confirm=False|slow_period=50,both,all,REJECT,35,0.142857,0.623620,-0.001783,-0.001783,-0.093479,-0.516203,-1.043625,0.035035,25.685714,-0.062195,-0.062195,-0.093479,0.012533,0.310000,,,mt5
run_20260426_191100,US500,index,H1,trend_momentum,ema_cross,adx_min=20|fast_period=10|rsi_confirm=True|slow_period=50,both,all,REJECT,33,0.151515,0.648710,-0.001700,-0.001700,-0.087740,-0.464583,-0.937309,0.033033,25.787879,-0.056259,-0.056259,-0.087740,0.012533,0.298000,,,mt5
run_20260426_191100,US500,index,H1,trend_momentum,ema_cross,adx_min=25|fast_period=10|rsi_confirm=False|slow_period=50,both,all,REJECT,25,0.120000,0.459474,-0.002769,-0.002769,-0.087719,-0.700378,-1.451364,0.025025,26.280000,-0.068011,-0.068011,-0.079547,0.012533,0.250000,,,mt5
run_20260426_191100,US500,index,H1,trend_momentum,ema_cross,adx_min=25|fast_period=10|rsi_confirm=True|slow_period=50,both,all,REJECT,24,0.125000,0.470270,-0.002761,-0.002761,-0.085029,-0.671722,-1.389650,0.024024,25.416667,-0.065264,-0.065264,-0.076834,0.012533,0.244000,,,mt5
run_20260426_191100,US500,index,H1,trend_momentum,ema_cross,adx_min=0|fast_period=10|rsi_confirm=False|slow_period=100,both,all,NEEDS_MORE_DATA,13,,,,,,,,,,,,,,,,only 13 trades < min 20,mt5
run_20260426_191100,US500,index,H1,trend_momentum,ema_cross,adx_min=0|fast_period=10|rsi_confirm=True|slow_period=100,both,all,NEEDS_MORE_DATA,12,,,,,,,,,,,,,,,,only 12 trades < min 20,mt5
run_20260426_191100,US500,index,H1,trend_momentum,ema_cross,adx_min=20|fast_period=10|rsi_confirm=False|slow_period=100,both,all,NEEDS_MORE_DATA,13,,,,,,,,,,,,,,,,only 13 trades < min 20,mt5
run_20260426_191100,US500,index,H1,trend_momentum,ema_cross,adx_min=20|fast_period=10|rsi_confirm=True|slow_period=100,both,all,NEEDS_MORE_DATA,12,,,,,,,,,,,,,,,,only 12 trades < min 20,mt5
run_20260426_191100,US500,index,H1,trend_momentum,ema_cross,adx_min=25|fast_period=10|rsi_confirm=False|slow_period=100,both,all,NEEDS_MORE_DATA,9,,,,,,,,,,,,,,,,only 9 trades < min 20,mt5
run_20260426_191100,US500,index,H1,trend_momentum,ema_cross,adx_min=25|fast_period=10|rsi_confirm=True|slow_period=100,both,all,NEEDS_MORE_DATA,8,,,,,,,,,,,,,,,,only 8 trades < min 20,mt5
run_20260426_191100,US500,index,H1,trend_momentum,ema_cross,adx_min=0|fast_period=10|rsi_confirm=False|slow_period=200,both,all,NEEDS_MORE_DATA,13,,,,,,,,,,,,,,,,only 13 trades < min 20,mt5
run_20260426_191100,US500,index,H1,trend_momentum,ema_cross,adx_min=0|fast_period=10|rsi_confirm=True|slow_period=200,both,all,NEEDS_MORE_DATA,11,,,,,,,,,,,,,,,,only 11 trades < min 20,mt5
run_20260426_191100,US500,index,H1,trend_momentum,ema_cross,adx_min=20|fast_period=10|rsi_confirm=False|slow_period=200,both,all,NEEDS_MORE_DATA,13,,,,,,,,,,,,,,,,only 13 trades < min 20,mt5
run_20260426_191100,US500,index,H1,trend_momentum,ema_cross,adx_min=20|fast_period=10|rsi_confirm=True|slow_period=200,both,all,NEEDS_MORE_DATA,11,,,,,,,,,,,,,,,,only 11 trades < min 20,mt5
run_20260426_191100,US500,index,H1,trend_momentum,ema_cross,adx_min=25|fast_period=10|rsi_confirm=False|slow_period=200,both,all,NEEDS_MORE_DATA,10,,,,,,,,,,,,,,,,only 10 trades < min 20,mt5
run_20260426_191100,US500,index,H1,trend_momentum,ema_cross,adx_min=25|fast_period=10|rsi_confirm=True|slow_period=200,both,all,NEEDS_MORE_DATA,8,,,,,,,,,,,,,,,,only 8 trades < min 20,mt5
run_20260426_191100,US500,index,H1,trend_momentum,ema_cross,adx_min=0|fast_period=20|rsi_confirm=False|slow_period=50,both,all,NEEDS_MORE_DATA,17,,,,,,,,,,,,,,,,only 17 trades < min 20,mt5
run_20260426_191100,US500,index,H1,trend_momentum,ema_cross,adx_min=0|fast_period=20|rsi_confirm=True|slow_period=50,both,all,NEEDS_MORE_DATA,16,,,,,,,,,,,,,,,,only 16 trades < min 20,mt5
run_20260426_191100,US500,index,H1,trend_momentum,ema_cross,adx_min=20|fast_period=20|rsi_confirm=False|slow_period=50,both,all,NEEDS_MORE_DATA,15,,,,,,,,,,,,,,,,only 15 trades < min 20,mt5
run_20260426_191100,US500,index,H1,trend_momentum,ema_cross,adx_min=20|fast_period=20|rsi_confirm=True|slow_period=50,both,all,NEEDS_MORE_DATA,14,,,,,,,,,,,,,,,,only 14 trades < min 20,mt5
run_20260426_191100,US500,index,H1,trend_momentum,ema_cross,adx_min=25|fast_period=20|rsi_confirm=False|slow_period=50,both,all,NEEDS_MORE_DATA,11,,,,,,,,,,,,,,,,only 11 trades < min 20,mt5
run_20260426_191100,US500,index,H1,trend_momentum,ema_cross,adx_min=25|fast_period=20|rsi_confirm=True|slow_period=50,both,all,NEEDS_MORE_DATA,10,,,,,,,,,,,,,,,,only 10 trades < min 20,mt5
run_20260426_191100,US500,index,H1,trend_momentum,ema_cross,adx_min=0|fast_period=20|rsi_confirm=False|slow_period=100,both,all,NEEDS_MORE_DATA,11,,,,,,,,,,,,,,,,only 11 trades < min 20,mt5
run_20260426_191100,US500,index,H1,trend_momentum,ema_cross,adx_min=0|fast_period=20|rsi_confirm=True|slow_period=100,both,all,NEEDS_MORE_DATA,10,,,,,,,,,,,,,,,,only 10 trades < min 20,mt5
run_20260426_191100,US500,index,H1,trend_momentum,ema_cross,adx_min=20|fast_period=20|rsi_confirm=False|slow_period=100,both,all,NEEDS_MORE_DATA,10,,,,,,,,,,,,,,,,only 10 trades < min 20,mt5
run_20260426_191100,US500,index,H1,trend_momentum,ema_cross,adx_min=20|fast_period=20|rsi_confirm=True|slow_period=100,both,all,NEEDS_MORE_DATA,9,,,,,,,,,,,,,,,,only 9 trades < min 20,mt5
run_20260426_191100,US500,index,H1,trend_momentum,ema_cross,adx_min=25|fast_period=20|rsi_confirm=False|slow_period=100,both,all,NEEDS_MORE_DATA,8,,,,,,,,,,,,,,,,only 8 trades < min 20,mt5
run_20260426_191100,US500,index,H1,trend_momentum,ema_cross,adx_min=25|fast_period=20|rsi_confirm=True|slow_period=100,both,all,NEEDS_MORE_DATA,7,,,,,,,,,,,,,,,,only 7 trades < min 20,mt5
run_20260426_191100,US500,index,H1,trend_momentum,ema_cross,adx_min=0|fast_period=20|rsi_confirm=False|slow_period=200,both,all,NEEDS_MORE_DATA,11,,,,,,,,,,,,,,,,only 11 trades < min 20,mt5
run_20260426_191100,US500,index,H1,trend_momentum,ema_cross,adx_min=0|fast_period=20|rsi_confirm=True|slow_period=200,both,all,NEEDS_MORE_DATA,9,,,,,,,,,,,,,,,,only 9 trades < min 20,mt5
run_20260426_191100,US500,index,H1,trend_momentum,ema_cross,adx_min=20|fast_period=20|rsi_confirm=False|slow_period=200,both,all,NEEDS_MORE_DATA,11,,,,,,,,,,,,,,,,only 11 trades < min 20,mt5
run_20260426_191100,US500,index,H1,trend_momentum,ema_cross,adx_min=20|fast_period=20|rsi_confirm=True|slow_period=200,both,all,NEEDS_MORE_DATA,9,,,,,,,,,,,,,,,,only 9 trades < min 20,mt5
run_20260426_191100,US500,index,H1,trend_momentum,ema_cross,adx_min=25|fast_period=20|rsi_confirm=False|slow_period=200,both,all,NEEDS_MORE_DATA,7,,,,,,,,,,,,,,,,only 7 trades < min 20,mt5
run_20260426_191100,US500,index,H1,trend_momentum,ema_cross,adx_min=25|fast_period=20|rsi_confirm=True|slow_period=200,both,all,NEEDS_MORE_DATA,6,,,,,,,,,,,,,,,,only 6 trades < min 20,mt5
run_20260426_191100,US500,index,H1,trend_momentum,ema_alignment,adx_min=0|ema_long=200|ema_mid=50|ema_short=20,both,all,NEEDS_MORE_DATA,10,,,,,,,,,,,,,,,,only 10 trades < min 20,mt5
run_20260426_191100,US500,index,H1,trend_momentum,ema_alignment,adx_min=20|ema_long=200|ema_mid=50|ema_short=20,both,all,NEEDS_MORE_DATA,9,,,,,,,,,,,,,,,,only 9 trades < min 20,mt5
run_20260426_191100,US500,index,H1,trend_momentum,ema_alignment,adx_min=25|ema_long=200|ema_mid=50|ema_short=20,both,all,NEEDS_MORE_DATA,9,,,,,,,,,,,,,,,,only 9 trades < min 20,mt5
run_20260426_191100,US500,index,H1,trend_momentum,macd_direction,adx_min=0|fast=12|signal_period=9|slow=26,both,all,REJECT,81,0.296296,0.680035,-0.001069,-0.001069,-0.105956,-0.647148,-1.301478,0.081081,12.197531,-0.084979,-0.084979,-0.060107,-0.047749,0.638322,,,mt5
run_20260426_191100,US500,index,H1,trend_momentum,macd_direction,adx_min=20|fast=12|signal_period=9|slow=26,both,all,REJECT,81,0.296296,0.680035,-0.001069,-0.001069,-0.105956,-0.647148,-1.301478,0.081081,12.197531,-0.084979,-0.084979,-0.060107,-0.047749,0.638322,,,mt5
run_20260426_191100,US500,index,H1,pullback,pullback_ema,pullback_period=20|rsi_reclaim=False|rsi_threshold=50|trend_period=200,both,all,REJECT,65,0.215385,0.805987,-0.000520,-0.000520,-0.070660,-0.281505,-0.562044,0.065065,9.538462,-0.034986,-0.034986,-0.064315,0.011076,0.400000,,,mt5
run_20260426_191100,US500,index,H1,pullback,pullback_ema,pullback_period=20|rsi_reclaim=True|rsi_threshold=50|trend_period=200,both,all,REJECT,56,0.214286,0.675638,-0.000860,-0.000860,-0.048119,-0.500737,-1.005964,0.056056,8.892857,-0.048119,-0.048119,-0.046011,-0.021819,0.542260,,,mt5
run_20260426_191100,US500,index,H1,pullback,pullback_ema,pullback_period=50|rsi_reclaim=False|rsi_threshold=50|trend_period=200,both,all,WEAK_CANDIDATE,37,0.216216,1.230127,0.000629,0.000629,-0.036000,0.184671,0.368524,0.037037,17.243243,0.021531,0.021531,-0.025612,0.029746,0.422000,,,mt5
run_20260426_191100,US500,index,H1,pullback,pullback_ema,pullback_period=50|rsi_reclaim=True|rsi_threshold=50|trend_period=200,both,all,WEAK_CANDIDATE,26,0.230769,1.171873,0.000431,0.000431,-0.022018,0.140553,0.280399,0.026026,15.846154,0.010462,0.010462,-0.003089,-0.004425,0.615898,,,mt5
run_20260426_191100,US500,index,H1,breakout,prev_day_hl,atr_expand_min=0.0,both,all,NEEDS_MORE_DATA,0,,,,,,,,,,,,,,,,only 0 trades < min 20,mt5
run_20260426_191100,US500,index,H1,breakout,prev_day_hl,atr_expand_min=0.5,both,all,NEEDS_MORE_DATA,0,,,,,,,,,,,,,,,,only 0 trades < min 20,mt5
run_20260426_191100,US500,index,H1,breakout,prev_day_hl,atr_expand_min=1.0,both,all,NEEDS_MORE_DATA,0,,,,,,,,,,,,,,,,only 0 trades < min 20,mt5
run_20260426_191100,US500,index,H1,breakout,session_opening_range,atr_expand_min=0.0|range_bars=6,both,all,REJECT,59,0.338983,0.915770,-0.000314,-0.000314,-0.059903,-0.132039,-0.263174,0.059059,16.644068,-0.020771,-0.020771,-0.029044,-0.015808,0.563283,,,mt5
run_20260426_191100,US500,index,H1,breakout,session_opening_range,atr_expand_min=0.5|range_bars=6,both,all,REJECT,59,0.338983,0.897988,-0.000385,-0.000385,-0.061429,-0.161461,-0.321903,0.059059,16.389831,-0.024856,-0.024856,-0.030621,-0.016050,0.557250,,,mt5
run_20260426_191100,US500,index,H1,breakout,session_opening_range,atr_expand_min=0.0|range_bars=12,both,all,REJECT,34,0.294118,0.629883,-0.002168,-0.002168,-0.121700,-0.534666,-1.082669,0.034034,28.735294,-0.073270,-0.073270,-0.028287,-0.014191,0.454502,,,mt5
run_20260426_191100,US500,index,H1,breakout,session_opening_range,atr_expand_min=0.5|range_bars=12,both,all,REJECT,34,0.294118,0.629883,-0.002168,-0.002168,-0.121700,-0.534666,-1.082669,0.034034,28.735294,-0.073270,-0.073270,-0.028287,-0.014191,0.454502,,,mt5
run_20260426_191100,US500,index,H1,breakout,london_breakout,atr_expand_min=0.0|utc_end=11|utc_start=7,both,all,NEEDS_MORE_DATA,14,,,,,,,,,,,,,,,,only 14 trades < min 20,mt5
run_20260426_191100,US500,index,H1,breakout,london_breakout,atr_expand_min=0.5|utc_end=11|utc_start=7,both,all,NEEDS_MORE_DATA,13,,,,,,,,,,,,,,,,only 13 trades < min 20,mt5
run_20260426_191100,US500,index,H1,breakout,ny_breakout,atr_expand_min=0.0|utc_end=16|utc_start=13,both,all,NEEDS_MORE_DATA,17,,,,,,,,,,,,,,,,only 17 trades < min 20,mt5
run_20260426_191100,US500,index,H1,breakout,ny_breakout,atr_expand_min=0.5|utc_end=16|utc_start=13,both,all,NEEDS_MORE_DATA,17,,,,,,,,,,,,,,,,only 17 trades < min 20,mt5
run_20260426_191100,US500,index,H1,mean_reversion,rsi_extreme,overbought=70|oversold=30|period=14,both,all,NEEDS_MORE_DATA,15,,,,,,,,,,,,,,,,only 15 trades < min 20,mt5
run_20260426_191100,US500,index,H1,mean_reversion,rsi_extreme,overbought=75|oversold=30|period=14,both,all,NEEDS_MORE_DATA,13,,,,,,,,,,,,,,,,only 13 trades < min 20,mt5
run_20260426_191100,US500,index,H1,mean_reversion,rsi_extreme,overbought=70|oversold=25|period=14,both,all,NEEDS_MORE_DATA,11,,,,,,,,,,,,,,,,only 11 trades < min 20,mt5
run_20260426_191100,US500,index,H1,mean_reversion,rsi_extreme,overbought=75|oversold=25|period=14,both,all,NEEDS_MORE_DATA,9,,,,,,,,,,,,,,,,only 9 trades < min 20,mt5
run_20260426_191100,US500,index,H1,mean_reversion,bollinger_touch,num_std=2.0|period=20,both,all,REJECT,37,0.648649,0.810495,-0.000553,-0.000553,-0.043887,-0.218304,-0.435947,0.037037,15.945946,-0.021357,-0.021357,-0.005090,-0.016350,0.322000,,,mt5
run_20260426_191100,US500,index,H1,mean_reversion,bollinger_touch,num_std=2.5|period=20,both,all,WEAK_CANDIDATE,23,0.565217,1.103704,0.000273,0.000273,-0.022528,0.094056,0.187505,0.023023,17.826087,0.005733,0.005733,0.005727,0.000006,0.466353,,,mt5
run_20260426_191100,US500,index,H1,mean_reversion,vwap_deviation,std_threshold=1.5,both,all,NEEDS_MORE_DATA,8,,,,,,,,,,,,,,,,only 8 trades < min 20,mt5
run_20260426_191100,US500,index,H1,mean_reversion,vwap_deviation,std_threshold=2.0,both,all,NEEDS_MORE_DATA,6,,,,,,,,,,,,,,,,only 6 trades < min 20,mt5
run_20260426_191100,US500,index,H1,volatility,bb_squeeze_breakout,confirm_ema=True|period=20|squeeze_pct=20,both,all,REJECT,24,0.250000,0.508225,-0.001866,-0.001866,-0.053667,-0.590866,-1.211661,0.024024,10.083333,-0.044485,-0.044485,-0.045393,0.000951,0.244000,,,mt5
run_20260426_191100,US500,index,H1,volatility,bb_squeeze_breakout,confirm_ema=False|period=20|squeeze_pct=20,both,all,REJECT,24,0.250000,0.488861,-0.002016,-0.002016,-0.057082,-0.634896,-1.308001,0.024024,10.208333,-0.047933,-0.047933,-0.048838,0.000951,0.244000,,,mt5
run_20260426_191100,US500,index,H1,volatility,bb_squeeze_breakout,confirm_ema=True|period=20|squeeze_pct=30,both,all,REJECT,25,0.160000,0.338502,-0.002403,-0.002403,-0.058888,-0.861112,-1.823174,0.025025,10.240000,-0.058888,-0.058888,-0.041726,-0.017909,0.378765,,,mt5
run_20260426_191100,US500,index,H1,volatility,bb_squeeze_breakout,confirm_ema=False|period=20|squeeze_pct=30,both,all,REJECT,25,0.160000,0.347204,-0.002312,-0.002312,-0.056737,-0.833147,-1.756704,0.025025,10.400000,-0.056737,-0.056737,-0.039535,-0.017909,0.385899,,,mt5
run_20260426_191100,US500,index,H1,volatility,atr_compression,confirm_ema=True|period=14|squeeze_pct=20,both,all,NEEDS_MORE_DATA,17,,,,,,,,,,,,,,,,only 17 trades < min 20,mt5
run_20260426_191100,US500,index,H1,volatility,atr_compression,confirm_ema=False|period=14|squeeze_pct=20,both,all,NEEDS_MORE_DATA,18,,,,,,,,,,,,,,,,only 18 trades < min 20,mt5
run_20260426_191100,US500,index,H1,volatility,atr_compression,confirm_ema=True|period=14|squeeze_pct=30,both,all,NEEDS_MORE_DATA,19,,,,,,,,,,,,,,,,only 19 trades < min 20,mt5
run_20260426_191100,US500,index,H1,volatility,atr_compression,confirm_ema=False|period=14|squeeze_pct=30,both,all,NEEDS_MORE_DATA,18,,,,,,,,,,,,,,,,only 18 trades < min 20,mt5
run_20260426_191100,US500,index,H1,engine_b_proxy,ob_bos,require_engulf=False|require_vol_expand=False|swing_period=5,both,all,NEEDS_MORE_DATA,14,,,,,,,,,,,,,,,,only 14 trades < min 20,mt5
run_20260426_191100,US500,index,H1,engine_b_proxy,ob_bos,require_engulf=False|require_vol_expand=True|swing_period=5,both,all,NEEDS_MORE_DATA,11,,,,,,,,,,,,,,,,only 11 trades < min 20,mt5
run_20260426_191100,US500,index,H1,engine_b_proxy,ob_bos,require_engulf=True|require_vol_expand=False|swing_period=5,both,all,NEEDS_MORE_DATA,11,,,,,,,,,,,,,,,,only 11 trades < min 20,mt5
run_20260426_191100,US500,index,H1,engine_b_proxy,ob_bos,require_engulf=True|require_vol_expand=True|swing_period=5,both,all,NEEDS_MORE_DATA,10,,,,,,,,,,,,,,,,only 10 trades < min 20,mt5
run_20260426_191100,US500,index,H1,engine_b_proxy,ob_bos,require_engulf=False|require_vol_expand=False|swing_period=10,both,all,NEEDS_MORE_DATA,8,,,,,,,,,,,,,,,,only 8 trades < min 20,mt5
run_20260426_191100,US500,index,H1,engine_b_proxy,ob_bos,require_engulf=False|require_vol_expand=True|swing_period=10,both,all,NEEDS_MORE_DATA,7,,,,,,,,,,,,,,,,only 7 trades < min 20,mt5
run_20260426_191100,US500,index,H1,engine_b_proxy,ob_bos,require_engulf=True|require_vol_expand=False|swing_period=10,both,all,NEEDS_MORE_DATA,7,,,,,,,,,,,,,,,,only 7 trades < min 20,mt5
run_20260426_191100,US500,index,H1,engine_b_proxy,ob_bos,require_engulf=True|require_vol_expand=True|swing_period=10,both,all,NEEDS_MORE_DATA,6,,,,,,,,,,,,,,,,only 6 trades < min 20,mt5
run_20260426_191100,US500,index,H1,engine_b_proxy,structure_filters,fvg_detection=False|strong_close_pct=0.7,both,all,REJECT,316,0.212025,0.291984,-0.001774,-0.001774,-0.430941,-3.659393,-7.748721,0.316316,3.034810,-0.430941,-0.430941,-0.367579,-0.118252,0.496512,,,mt5
run_20260426_191100,US500,index,H1,engine_b_proxy,structure_filters,fvg_detection=True|strong_close_pct=0.7,both,all,REJECT,39,0.230769,0.546600,-0.001699,-0.001699,-0.094721,-0.600834,-1.218591,0.039039,11.948718,-0.065523,-0.065523,-0.092428,0.029645,0.334000,,,mt5
run_20260426_191100,US500,index,H1,engine_b_proxy,structure_filters,fvg_detection=False|strong_close_pct=0.8,both,all,REJECT,216,0.240741,0.392666,-0.001746,-0.001746,-0.318218,-2.360016,-4.901942,0.216216,4.319444,-0.316443,-0.316443,-0.269990,-0.082431,0.491594,,,mt5
run_20260426_191100,US500,index,H1,engine_b_proxy,structure_filters,fvg_detection=True|strong_close_pct=0.8,both,all,REJECT,33,0.272727,0.579520,-0.001786,-0.001786,-0.089374,-0.527409,-1.068039,0.033033,13.303030,-0.058718,-0.058718,-0.087391,0.031419,0.298000,,,mt5
run_20260426_191100,US500,index,H1,engine_d_proxy,vwap_reclaim,atr_sl_mult=0.5|band_std=0.5,both,all,NEEDS_MORE_DATA,15,,,,,,,,,,,,,,,,only 15 trades < min 20,mt5
run_20260426_191100,US500,index,H1,engine_d_proxy,vwap_reclaim,atr_sl_mult=1.0|band_std=0.5,both,all,NEEDS_MORE_DATA,15,,,,,,,,,,,,,,,,only 15 trades < min 20,mt5
run_20260426_191100,US500,index,H1,engine_d_proxy,vwap_reclaim,atr_sl_mult=0.5|band_std=1.0,both,all,NEEDS_MORE_DATA,9,,,,,,,,,,,,,,,,only 9 trades < min 20,mt5
run_20260426_191100,US500,index,H1,engine_d_proxy,vwap_reclaim,atr_sl_mult=1.0|band_std=1.0,both,all,NEEDS_MORE_DATA,9,,,,,,,,,,,,,,,,only 9 trades < min 20,mt5
run_20260426_191100,US500,index,H1,engine_d_proxy,micro_breakout,atr_sl_mult=0.5|fee_guard_r=0.5|range_bars=3,both,all,WEAK_CANDIDATE,91,0.340659,1.096318,0.000238,0.000238,-0.048374,0.150742,0.300422,0.091091,10.791209,0.019245,0.019245,0.016864,-0.021838,0.500000,,,mt5
run_20260426_191100,US500,index,H1,engine_d_proxy,micro_breakout,atr_sl_mult=1.0|fee_guard_r=0.5|range_bars=3,both,all,WEAK_CANDIDATE,91,0.340659,1.096318,0.000238,0.000238,-0.048374,0.150742,0.300422,0.091091,10.791209,0.019245,0.019245,0.016864,-0.021838,0.500000,,,mt5
run_20260426_191100,US500,index,H1,engine_d_proxy,micro_breakout,atr_sl_mult=0.5|fee_guard_r=0.5|range_bars=6,both,all,REJECT,59,0.338983,0.915770,-0.000314,-0.000314,-0.059903,-0.132039,-0.263174,0.059059,16.644068,-0.020771,-0.020771,-0.029044,-0.015808,0.563283,,,mt5
run_20260426_191100,US500,index,H1,engine_d_proxy,micro_breakout,atr_sl_mult=1.0|fee_guard_r=0.5|range_bars=6,both,all,REJECT,59,0.338983,0.915770,-0.000314,-0.000314,-0.059903,-0.132039,-0.263174,0.059059,16.644068,-0.020771,-0.020771,-0.029044,-0.015808,0.563283,,,mt5
run_20260426_191100,US500,index,H1,engine_d_proxy,ema_scalp_pullback,atr_sl_mult=0.5|ema_period=21,both,all,REJECT,115,0.165217,0.567596,-0.001197,-0.001197,-0.138019,-1.016095,-2.056790,0.115115,8.434783,-0.130570,-0.130570,-0.130366,-0.020638,0.447492,,,mt5
run_20260426_191100,US500,index,H1,engine_d_proxy,ema_scalp_pullback,atr_sl_mult=1.0|ema_period=21,both,all,REJECT,113,0.176991,0.583535,-0.001154,-0.001154,-0.134078,-0.961934,-1.944442,0.113113,8.628319,-0.124233,-0.124233,-0.126595,-0.017759,0.442085,,,mt5
run_20260426_191100,NAS100,index,H1,trend_momentum,ema_cross,adx_min=0|fast_period=10|rsi_confirm=False|slow_period=50,both,all,REJECT,27,0.185185,0.408483,-0.003610,-0.003610,-0.108557,-0.877274,-1.852480,0.027027,29.000000,-0.094274,-0.094274,-0.108557,-0.012301,0.295994,,,mt5
run_20260426_191100,NAS100,index,H1,trend_momentum,ema_cross,adx_min=0|fast_period=10|rsi_confirm=True|slow_period=50,both,all,REJECT,26,0.192308,0.415557,-0.003641,-0.003641,-0.106049,-0.853294,-1.800005,0.026026,28.269231,-0.091726,-0.091726,-0.106049,-0.012301,0.290798,,,mt5
run_20260426_191100,NAS100,index,H1,trend_momentum,ema_cross,adx_min=20|fast_period=10|rsi_confirm=False|slow_period=50,both,all,REJECT,27,0.185185,0.408483,-0.003610,-0.003610,-0.108557,-0.877274,-1.852480,0.027027,29.000000,-0.094274,-0.094274,-0.108557,-0.012301,0.295994,,,mt5
run_20260426_191100,NAS100,index,H1,trend_momentum,ema_cross,adx_min=20|fast_period=10|rsi_confirm=True|slow_period=50,both,all,REJECT,26,0.192308,0.415557,-0.003641,-0.003641,-0.106049,-0.853294,-1.800005,0.026026,28.269231,-0.091726,-0.091726,-0.106049,-0.012301,0.290798,,,mt5
run_20260426_191100,NAS100,index,H1,trend_momentum,ema_cross,adx_min=25|fast_period=10|rsi_confirm=False|slow_period=50,both,all,REJECT,22,0.090909,0.100928,-0.006379,-0.006379,-0.131705,-1.694149,-4.803090,0.022022,25.409091,-0.131705,-0.131705,-0.128149,-0.004079,0.241548,,,mt5
run_20260426_191100,NAS100,index,H1,trend_momentum,ema_cross,adx_min=25|fast_period=10|rsi_confirm=True|slow_period=50,both,all,REJECT,21,0.095238,0.102775,-0.006550,-0.006550,-0.129262,-1.664617,-4.749780,0.021021,24.333333,-0.129262,-0.129262,-0.125696,-0.004079,0.235735,,,mt5
run_20260426_191100,NAS100,index,H1,trend_momentum,ema_cross,adx_min=0|fast_period=10|rsi_confirm=False|slow_period=100,both,all,NEEDS_MORE_DATA,13,,,,,,,,,,,,,,,,only 13 trades < min 20,mt5
run_20260426_191100,NAS100,index,H1,trend_momentum,ema_cross,adx_min=0|fast_period=10|rsi_confirm=True|slow_period=100,both,all,NEEDS_MORE_DATA,12,,,,,,,,,,,,,,,,only 12 trades < min 20,mt5
run_20260426_191100,NAS100,index,H1,trend_momentum,ema_cross,adx_min=20|fast_period=10|rsi_confirm=False|slow_period=100,both,all,NEEDS_MORE_DATA,13,,,,,,,,,,,,,,,,only 13 trades < min 20,mt5
run_20260426_191100,NAS100,index,H1,trend_momentum,ema_cross,adx_min=20|fast_period=10|rsi_confirm=True|slow_period=100,both,all,NEEDS_MORE_DATA,12,,,,,,,,,,,,,,,,only 12 trades < min 20,mt5
run_20260426_191100,NAS100,index,H1,trend_momentum,ema_cross,adx_min=25|fast_period=10|rsi_confirm=False|slow_period=100,both,all,NEEDS_MORE_DATA,11,,,,,,,,,,,,,,,,only 11 trades < min 20,mt5
run_20260426_191100,NAS100,index,H1,trend_momentum,ema_cross,adx_min=25|fast_period=10|rsi_confirm=True|slow_period=100,both,all,NEEDS_MORE_DATA,10,,,,,,,,,,,,,,,,only 10 trades < min 20,mt5
run_20260426_191100,NAS100,index,H1,trend_momentum,ema_cross,adx_min=0|fast_period=10|rsi_confirm=False|slow_period=200,both,all,NEEDS_MORE_DATA,11,,,,,,,,,,,,,,,,only 11 trades < min 20,mt5
run_20260426_191100,NAS100,index,H1,trend_momentum,ema_cross,adx_min=0|fast_period=10|rsi_confirm=True|slow_period=200,both,all,NEEDS_MORE_DATA,10,,,,,,,,,,,,,,,,only 10 trades < min 20,mt5
run_20260426_191100,NAS100,index,H1,trend_momentum,ema_cross,adx_min=20|fast_period=10|rsi_confirm=False|slow_period=200,both,all,NEEDS_MORE_DATA,11,,,,,,,,,,,,,,,,only 11 trades < min 20,mt5
run_20260426_191100,NAS100,index,H1,trend_momentum,ema_cross,adx_min=20|fast_period=10|rsi_confirm=True|slow_period=200,both,all,NEEDS_MORE_DATA,10,,,,,,,,,,,,,,,,only 10 trades < min 20,mt5
run_20260426_191100,NAS100,index,H1,trend_momentum,ema_cross,adx_min=25|fast_period=10|rsi_confirm=False|slow_period=200,both,all,NEEDS_MORE_DATA,11,,,,,,,,,,,,,,,,only 11 trades < min 20,mt5
run_20260426_191100,NAS100,index,H1,trend_momentum,ema_cross,adx_min=25|fast_period=10|rsi_confirm=True|slow_period=200,both,all,NEEDS_MORE_DATA,10,,,,,,,,,,,,,,,,only 10 trades < min 20,mt5
run_20260426_191100,NAS100,index,H1,trend_momentum,ema_cross,adx_min=0|fast_period=20|rsi_confirm=False|slow_period=50,both,all,NEEDS_MORE_DATA,15,,,,,,,,,,,,,,,,only 15 trades < min 20,mt5
run_20260426_191100,NAS100,index,H1,trend_momentum,ema_cross,adx_min=0|fast_period=20|rsi_confirm=True|slow_period=50,both,all,NEEDS_MORE_DATA,14,,,,,,,,,,,,,,,,only 14 trades < min 20,mt5
run_20260426_191100,NAS100,index,H1,trend_momentum,ema_cross,adx_min=20|fast_period=20|rsi_confirm=False|slow_period=50,both,all,NEEDS_MORE_DATA,15,,,,,,,,,,,,,,,,only 15 trades < min 20,mt5
run_20260426_191100,NAS100,index,H1,trend_momentum,ema_cross,adx_min=20|fast_period=20|rsi_confirm=True|slow_period=50,both,all,NEEDS_MORE_DATA,14,,,,,,,,,,,,,,,,only 14 trades < min 20,mt5
run_20260426_191100,NAS100,index,H1,trend_momentum,ema_cross,adx_min=25|fast_period=20|rsi_confirm=False|slow_period=50,both,all,NEEDS_MORE_DATA,14,,,,,,,,,,,,,,,,only 14 trades < min 20,mt5
run_20260426_191100,NAS100,index,H1,trend_momentum,ema_cross,adx_min=25|fast_period=20|rsi_confirm=True|slow_period=50,both,all,NEEDS_MORE_DATA,13,,,,,,,,,,,,,,,,only 13 trades < min 20,mt5
run_20260426_191100,NAS100,index,H1,trend_momentum,ema_cross,adx_min=0|fast_period=20|rsi_confirm=False|slow_period=100,both,all,NEEDS_MORE_DATA,9,,,,,,,,,,,,,,,,only 9 trades < min 20,mt5
run_20260426_191100,NAS100,index,H1,trend_momentum,ema_cross,adx_min=0|fast_period=20|rsi_confirm=True|slow_period=100,both,all,NEEDS_MORE_DATA,8,,,,,,,,,,,,,,,,only 8 trades < min 20,mt5
run_20260426_191100,NAS100,index,H1,trend_momentum,ema_cross,adx_min=20|fast_period=20|rsi_confirm=False|slow_period=100,both,all,NEEDS_MORE_DATA,9,,,,,,,,,,,,,,,,only 9 trades < min 20,mt5
run_20260426_191100,NAS100,index,H1,trend_momentum,ema_cross,adx_min=20|fast_period=20|rsi_confirm=True|slow_period=100,both,all,NEEDS_MORE_DATA,8,,,,,,,,,,,,,,,,only 8 trades < min 20,mt5
run_20260426_191100,NAS100,index,H1,trend_momentum,ema_cross,adx_min=25|fast_period=20|rsi_confirm=False|slow_period=100,both,all,NEEDS_MORE_DATA,9,,,,,,,,,,,,,,,,only 9 trades < min 20,mt5
run_20260426_191100,NAS100,index,H1,trend_momentum,ema_cross,adx_min=25|fast_period=20|rsi_confirm=True|slow_period=100,both,all,NEEDS_MORE_DATA,8,,,,,,,,,,,,,,,,only 8 trades < min 20,mt5
run_20260426_191100,NAS100,index,H1,trend_momentum,ema_cross,adx_min=0|fast_period=20|rsi_confirm=False|slow_period=200,both,all,NEEDS_MORE_DATA,13,,,,,,,,,,,,,,,,only 13 trades < min 20,mt5
run_20260426_191100,NAS100,index,H1,trend_momentum,ema_cross,adx_min=0|fast_period=20|rsi_confirm=True|slow_period=200,both,all,NEEDS_MORE_DATA,12,,,,,,,,,,,,,,,,only 12 trades < min 20,mt5
run_20260426_191100,NAS100,index,H1,trend_momentum,ema_cross,adx_min=20|fast_period=20|rsi_confirm=False|slow_period=200,both,all,NEEDS_MORE_DATA,13,,,,,,,,,,,,,,,,only 13 trades < min 20,mt5
run_20260426_191100,NAS100,index,H1,trend_momentum,ema_cross,adx_min=20|fast_period=20|rsi_confirm=True|slow_period=200,both,all,NEEDS_MORE_DATA,12,,,,,,,,,,,,,,,,only 12 trades < min 20,mt5
run_20260426_191100,NAS100,index,H1,trend_momentum,ema_cross,adx_min=25|fast_period=20|rsi_confirm=False|slow_period=200,both,all,NEEDS_MORE_DATA,12,,,,,,,,,,,,,,,,only 12 trades < min 20,mt5
run_20260426_191100,NAS100,index,H1,trend_momentum,ema_cross,adx_min=25|fast_period=20|rsi_confirm=True|slow_period=200,both,all,NEEDS_MORE_DATA,11,,,,,,,,,,,,,,,,only 11 trades < min 20,mt5
run_20260426_191100,NAS100,index,H1,trend_momentum,ema_alignment,adx_min=0|ema_long=200|ema_mid=50|ema_short=20,both,all,NEEDS_MORE_DATA,12,,,,,,,,,,,,,,,,only 12 trades < min 20,mt5
run_20260426_191100,NAS100,index,H1,trend_momentum,ema_alignment,adx_min=20|ema_long=200|ema_mid=50|ema_short=20,both,all,NEEDS_MORE_DATA,12,,,,,,,,,,,,,,,,only 12 trades < min 20,mt5
run_20260426_191100,NAS100,index,H1,trend_momentum,ema_alignment,adx_min=25|ema_long=200|ema_mid=50|ema_short=20,both,all,NEEDS_MORE_DATA,12,,,,,,,,,,,,,,,,only 12 trades < min 20,mt5
run_20260426_191100,NAS100,index,H1,trend_momentum,macd_direction,adx_min=0|fast=12|signal_period=9|slow=26,both,all,REJECT,75,0.346667,0.932715,-0.000283,-0.000283,-0.050577,-0.119352,-0.237839,0.075075,13.040000,-0.024837,-0.024837,-0.022160,-0.030051,0.593168,,,mt5
run_20260426_191100,NAS100,index,H1,trend_momentum,macd_direction,adx_min=20|fast=12|signal_period=9|slow=26,both,all,REJECT,75,0.346667,0.932715,-0.000283,-0.000283,-0.050577,-0.119352,-0.237839,0.075075,13.040000,-0.024837,-0.024837,-0.022160,-0.030051,0.593168,,,mt5
run_20260426_191100,NAS100,index,H1,pullback,pullback_ema,pullback_period=20|rsi_reclaim=False|rsi_threshold=50|trend_period=200,both,all,REJECT,62,0.225806,0.995979,-0.000012,-0.000012,-0.065769,-0.004968,-0.009897,0.062062,10.225806,-0.003534,-0.003534,-0.051507,0.026676,0.400000,,,mt5
run_20260426_191100,NAS100,index,H1,pullback,pullback_ema,pullback_period=20|rsi_reclaim=True|rsi_threshold=50|trend_period=200,both,all,REJECT,57,0.228070,0.991975,-0.000025,-0.000025,-0.058362,-0.009481,-0.018887,0.057057,10.087719,-0.004107,-0.004107,-0.052052,0.026676,0.400000,,,mt5
run_20260426_191100,NAS100,index,H1,pullback,pullback_ema,pullback_period=50|rsi_reclaim=False|rsi_threshold=50|trend_period=200,both,all,WEAK_CANDIDATE,33,0.242424,1.691970,0.001982,0.001982,-0.044465,0.419550,0.844452,0.033033,19.393939,0.064402,0.064402,-0.016320,0.056718,0.398000,,,mt5
run_20260426_191100,NAS100,index,H1,pullback,pullback_ema,pullback_period=50|rsi_reclaim=True|rsi_threshold=50|trend_period=200,both,all,WEAK_CANDIDATE,22,0.272727,2.055641,0.003348,0.003348,-0.035949,0.482460,0.981443,0.022022,23.500000,0.073366,0.073366,-0.011094,0.059985,0.332000,,,mt5
run_20260426_191100,NAS100,index,H1,breakout,prev_day_hl,atr_expand_min=0.0,both,all,NEEDS_MORE_DATA,0,,,,,,,,,,,,,,,,only 0 trades < min 20,mt5
run_20260426_191100,NAS100,index,H1,breakout,prev_day_hl,atr_expand_min=0.5,both,all,NEEDS_MORE_DATA,0,,,,,,,,,,,,,,,,only 0 trades < min 20,mt5
run_20260426_191100,NAS100,index,H1,breakout,prev_day_hl,atr_expand_min=1.0,both,all,NEEDS_MORE_DATA,0,,,,,,,,,,,,,,,,only 0 trades < min 20,mt5
run_20260426_191100,NAS100,index,H1,breakout,session_opening_range,atr_expand_min=0.0|range_bars=6,both,all,WEAK_CANDIDATE,54,0.388889,1.048654,0.000221,0.000221,-0.072953,0.069495,0.138460,0.054054,17.925926,0.008275,0.008275,-0.013846,-0.007909,0.671359,,,mt5
run_20260426_191100,NAS100,index,H1,breakout,session_opening_range,atr_expand_min=0.5|range_bars=6,both,all,WEAK_CANDIDATE,53,0.396226,1.080446,0.000361,0.000361,-0.066219,0.111930,0.223070,0.053053,18.188679,0.015599,0.015599,-0.006683,-0.012035,0.639443,,,mt5
run_20260426_191100,NAS100,index,H1,breakout,session_opening_range,atr_expand_min=0.0|range_bars=12,both,all,REJECT,34,0.323529,0.755447,-0.001600,-0.001600,-0.126601,-0.317137,-0.635365,0.034034,28.500000,-0.056439,-0.056439,-0.031507,0.009195,0.304000,,,mt5
run_20260426_191100,NAS100,index,H1,breakout,session_opening_range,atr_expand_min=0.5|range_bars=12,both,all,REJECT,34,0.323529,0.755447,-0.001600,-0.001600,-0.126601,-0.317137,-0.635365,0.034034,28.500000,-0.056439,-0.056439,-0.031507,0.009195,0.304000,,,mt5
run_20260426_191100,NAS100,index,H1,breakout,london_breakout,atr_expand_min=0.0|utc_end=11|utc_start=7,both,all,NEEDS_MORE_DATA,15,,,,,,,,,,,,,,,,only 15 trades < min 20,mt5
run_20260426_191100,NAS100,index,H1,breakout,london_breakout,atr_expand_min=0.5|utc_end=11|utc_start=7,both,all,NEEDS_MORE_DATA,14,,,,,,,,,,,,,,,,only 14 trades < min 20,mt5
run_20260426_191100,NAS100,index,H1,breakout,ny_breakout,atr_expand_min=0.0|utc_end=16|utc_start=13,both,all,NEEDS_MORE_DATA,16,,,,,,,,,,,,,,,,only 16 trades < min 20,mt5
run_20260426_191100,NAS100,index,H1,breakout,ny_breakout,atr_expand_min=0.5|utc_end=16|utc_start=13,both,all,NEEDS_MORE_DATA,16,,,,,,,,,,,,,,,,only 16 trades < min 20,mt5
run_20260426_191100,NAS100,index,H1,mean_reversion,rsi_extreme,overbought=70|oversold=30|period=14,both,all,NEEDS_MORE_DATA,16,,,,,,,,,,,,,,,,only 16 trades < min 20,mt5
run_20260426_191100,NAS100,index,H1,mean_reversion,rsi_extreme,overbought=75|oversold=30|period=14,both,all,NEEDS_MORE_DATA,14,,,,,,,,,,,,,,,,only 14 trades < min 20,mt5
run_20260426_191100,NAS100,index,H1,mean_reversion,rsi_extreme,overbought=70|oversold=25|period=14,both,all,NEEDS_MORE_DATA,12,,,,,,,,,,,,,,,,only 12 trades < min 20,mt5
run_20260426_191100,NAS100,index,H1,mean_reversion,rsi_extreme,overbought=75|oversold=25|period=14,both,all,NEEDS_MORE_DATA,10,,,,,,,,,,,,,,,,only 10 trades < min 20,mt5
run_20260426_191100,NAS100,index,H1,mean_reversion,bollinger_touch,num_std=2.0|period=20,both,all,REJECT,36,0.611111,0.789474,-0.000840,-0.000840,-0.071339,-0.256298,-0.512350,0.036036,16.888889,-0.031524,-0.031524,0.007291,-0.038534,0.316000,,,mt5
run_20260426_191100,NAS100,index,H1,mean_reversion,bollinger_touch,num_std=2.5|period=20,both,all,WEAK_CANDIDATE,23,0.652174,1.223706,0.000682,0.000682,-0.028484,0.202613,0.405019,0.023023,16.130435,0.015040,0.015040,0.025903,-0.010589,0.338000,,,mt5
run_20260426_191100,NAS100,index,H1,mean_reversion,vwap_deviation,std_threshold=1.5,both,all,NEEDS_MORE_DATA,10,,,,,,,,,,,,,,,,only 10 trades < min 20,mt5
run_20260426_191100,NAS100,index,H1,mean_reversion,vwap_deviation,std_threshold=2.0,both,all,NEEDS_MORE_DATA,9,,,,,,,,,,,,,,,,only 9 trades < min 20,mt5
run_20260426_191100,NAS100,index,H1,volatility,bb_squeeze_breakout,confirm_ema=True|period=20|squeeze_pct=20,both,all,REJECT,21,0.238095,0.463456,-0.002800,-0.002800,-0.058217,-0.604428,-1.246922,0.021021,8.857143,-0.058217,-0.058217,-0.038579,-0.020425,0.384830,,,mt5
run_20260426_191100,NAS100,index,H1,volatility,bb_squeeze_breakout,confirm_ema=False|period=20|squeeze_pct=20,both,all,REJECT,21,0.238095,0.442878,-0.003042,-0.003042,-0.063016,-0.652194,-1.353547,0.021021,8.904762,-0.063016,-0.063016,-0.043479,-0.020425,0.366933,,,mt5
run_20260426_191100,NAS100,index,H1,volatility,bb_squeeze_breakout,confirm_ema=True|period=20|squeeze_pct=30,both,all,REJECT,27,0.333333,0.683736,-0.001434,-0.001434,-0.053902,-0.359000,-0.721827,0.027027,8.962963,-0.039373,-0.039373,-0.018262,-0.021504,0.508729,,,mt5
run_20260426_191100,NAS100,index,H1,volatility,bb_squeeze_breakout,confirm_ema=False|period=20|squeeze_pct=30,both,all,REJECT,27,0.333333,0.671629,-0.001516,-0.001516,-0.055991,-0.378970,-0.762801,0.027027,9.000000,-0.041495,-0.041495,-0.018262,-0.023665,0.473232,,,mt5
run_20260426_191100,NAS100,index,H1,volatility,atr_compression,confirm_ema=True|period=14|squeeze_pct=20,both,all,NEEDS_MORE_DATA,16,,,,,,,,,,,,,,,,only 16 trades < min 20,mt5
run_20260426_191100,NAS100,index,H1,volatility,atr_compression,confirm_ema=False|period=14|squeeze_pct=20,both,all,NEEDS_MORE_DATA,18,,,,,,,,,,,,,,,,only 18 trades < min 20,mt5
run_20260426_191100,NAS100,index,H1,volatility,atr_compression,confirm_ema=True|period=14|squeeze_pct=30,both,all,NEEDS_MORE_DATA,19,,,,,,,,,,,,,,,,only 19 trades < min 20,mt5
run_20260426_191100,NAS100,index,H1,volatility,atr_compression,confirm_ema=False|period=14|squeeze_pct=30,both,all,WEAK_CANDIDATE,25,0.280000,1.035832,0.000145,0.000145,-0.048563,0.029509,0.058787,0.025025,19.400000,0.001755,0.001755,-0.004340,0.006121,0.350000,,,mt5
run_20260426_191100,NAS100,index,H1,engine_b_proxy,ob_bos,require_engulf=False|require_vol_expand=False|swing_period=5,both,all,NEEDS_MORE_DATA,16,,,,,,,,,,,,,,,,only 16 trades < min 20,mt5
run_20260426_191100,NAS100,index,H1,engine_b_proxy,ob_bos,require_engulf=False|require_vol_expand=True|swing_period=5,both,all,NEEDS_MORE_DATA,12,,,,,,,,,,,,,,,,only 12 trades < min 20,mt5
run_20260426_191100,NAS100,index,H1,engine_b_proxy,ob_bos,require_engulf=True|require_vol_expand=False|swing_period=5,both,all,NEEDS_MORE_DATA,12,,,,,,,,,,,,,,,,only 12 trades < min 20,mt5
run_20260426_191100,NAS100,index,H1,engine_b_proxy,ob_bos,require_engulf=True|require_vol_expand=True|swing_period=5,both,all,NEEDS_MORE_DATA,10,,,,,,,,,,,,,,,,only 10 trades < min 20,mt5
run_20260426_191100,NAS100,index,H1,engine_b_proxy,ob_bos,require_engulf=False|require_vol_expand=False|swing_period=10,both,all,NEEDS_MORE_DATA,5,,,,,,,,,,,,,,,,only 5 trades < min 20,mt5
run_20260426_191100,NAS100,index,H1,engine_b_proxy,ob_bos,require_engulf=False|require_vol_expand=True|swing_period=10,both,all,NEEDS_MORE_DATA,4,,,,,,,,,,,,,,,,only 4 trades < min 20,mt5
run_20260426_191100,NAS100,index,H1,engine_b_proxy,ob_bos,require_engulf=True|require_vol_expand=False|swing_period=10,both,all,NEEDS_MORE_DATA,5,,,,,,,,,,,,,,,,only 5 trades < min 20,mt5
run_20260426_191100,NAS100,index,H1,engine_b_proxy,ob_bos,require_engulf=True|require_vol_expand=True|swing_period=10,both,all,NEEDS_MORE_DATA,4,,,,,,,,,,,,,,,,only 4 trades < min 20,mt5
run_20260426_191100,NAS100,index,H1,engine_b_proxy,structure_filters,fvg_detection=False|strong_close_pct=0.7,both,all,REJECT,317,0.239748,0.386958,-0.001670,-0.001670,-0.414898,-2.867861,-5.924935,0.317317,3.044164,-0.413609,-0.413609,-0.344082,-0.125612,0.509519,,,mt5
run_20260426_191100,NAS100,index,H1,engine_b_proxy,structure_filters,fvg_detection=True|strong_close_pct=0.7,both,all,REJECT,38,0.289474,0.469729,-0.002524,-0.002524,-0.119552,-0.794988,-1.636455,0.038038,12.947368,-0.093120,-0.093120,-0.119107,0.029501,0.328000,,,mt5
run_20260426_191100,NAS100,index,H1,engine_b_proxy,structure_filters,fvg_detection=False|strong_close_pct=0.8,both,all,REJECT,219,0.237443,0.392213,-0.002070,-0.002070,-0.375516,-2.315829,-4.798893,0.219219,4.196347,-0.367618,-0.367618,-0.314509,-0.097713,0.493205,,,mt5
run_20260426_191100,NAS100,index,H1,engine_b_proxy,structure_filters,fvg_detection=True|strong_close_pct=0.8,both,all,REJECT,31,0.290323,0.532914,-0.002276,-0.002276,-0.099484,-0.604241,-1.231895,0.031031,13.032258,-0.069700,-0.069700,-0.099029,0.032552,0.286000,,,mt5
run_20260426_191100,NAS100,index,H1,engine_d_proxy,vwap_reclaim,atr_sl_mult=0.5|band_std=0.5,both,all,NEEDS_MORE_DATA,15,,,,,,,,,,,,,,,,only 15 trades < min 20,mt5
run_20260426_191100,NAS100,index,H1,engine_d_proxy,vwap_reclaim,atr_sl_mult=1.0|band_std=0.5,both,all,NEEDS_MORE_DATA,15,,,,,,,,,,,,,,,,only 15 trades < min 20,mt5
run_20260426_191100,NAS100,index,H1,engine_d_proxy,vwap_reclaim,atr_sl_mult=0.5|band_std=1.0,both,all,NEEDS_MORE_DATA,9,,,,,,,,,,,,,,,,only 9 trades < min 20,mt5
run_20260426_191100,NAS100,index,H1,engine_d_proxy,vwap_reclaim,atr_sl_mult=1.0|band_std=1.0,both,all,NEEDS_MORE_DATA,9,,,,,,,,,,,,,,,,only 9 trades < min 20,mt5
run_20260426_191100,NAS100,index,H1,engine_d_proxy,micro_breakout,atr_sl_mult=0.5|fee_guard_r=0.5|range_bars=3,both,all,REJECT,97,0.319588,0.948286,-0.000188,-0.000188,-0.071187,-0.094020,-0.187322,0.097097,10.123711,-0.022736,-0.022736,-0.011564,-0.040643,0.400000,,,mt5
run_20260426_191100,NAS100,index,H1,engine_d_proxy,micro_breakout,atr_sl_mult=1.0|fee_guard_r=0.5|range_bars=3,both,all,REJECT,97,0.319588,0.948286,-0.000188,-0.000188,-0.071187,-0.094020,-0.187322,0.097097,10.123711,-0.022736,-0.022736,-0.011564,-0.040643,0.400000,,,mt5
run_20260426_191100,NAS100,index,H1,engine_d_proxy,micro_breakout,atr_sl_mult=0.5|fee_guard_r=0.5|range_bars=6,both,all,WEAK_CANDIDATE,54,0.388889,1.048654,0.000221,0.000221,-0.072953,0.069495,0.138460,0.054054,17.925926,0.008275,0.008275,-0.013846,-0.007909,0.671359,,,mt5
run_20260426_191100,NAS100,index,H1,engine_d_proxy,micro_breakout,atr_sl_mult=1.0|fee_guard_r=0.5|range_bars=6,both,all,WEAK_CANDIDATE,54,0.388889,1.048654,0.000221,0.000221,-0.072953,0.069495,0.138460,0.054054,17.925926,0.008275,0.008275,-0.013846,-0.007909,0.671359,,,mt5
run_20260426_191100,NAS100,index,H1,engine_d_proxy,ema_scalp_pullback,atr_sl_mult=0.5|ema_period=21,both,all,REJECT,109,0.183486,0.647639,-0.001166,-0.001166,-0.153956,-0.744571,-1.496738,0.109109,8.825688,-0.122516,-0.122516,-0.129041,-0.017756,0.441281,,,mt5
run_20260426_191100,NAS100,index,H1,engine_d_proxy,ema_scalp_pullback,atr_sl_mult=1.0|ema_period=21,both,all,REJECT,108,0.185185,0.657429,-0.001143,-0.001143,-0.148500,-0.720530,-1.447699,0.108108,8.944444,-0.119400,-0.119400,-0.123424,-0.020584,0.450033,,,mt5
run_20260426_191100,GER40,index,H1,trend_momentum,ema_cross,adx_min=0|fast_period=10|rsi_confirm=False|slow_period=50,both,all,REJECT,27,0.222222,0.760286,-0.001427,-0.001427,-0.061634,-0.263861,-0.528260,0.027027,36.888889,-0.040355,-0.040355,-0.046279,-0.004046,0.288228,,,mt5
run_20260426_191100,GER40,index,H1,trend_momentum,ema_cross,adx_min=0|fast_period=10|rsi_confirm=True|slow_period=50,both,all,REJECT,25,0.240000,0.796364,-0.001252,-0.001252,-0.058466,-0.214784,-0.429395,0.025025,38.800000,-0.033380,-0.033380,-0.039538,-0.004046,0.280699,,,mt5
run_20260426_191100,GER40,index,H1,trend_momentum,ema_cross,adx_min=20|fast_period=10|rsi_confirm=False|slow_period=50,both,all,REJECT,27,0.222222,0.760286,-0.001427,-0.001427,-0.061634,-0.263861,-0.528260,0.027027,36.888889,-0.040355,-0.040355,-0.046279,-0.004046,0.288228,,,mt5
run_20260426_191100,GER40,index,H1,trend_momentum,ema_cross,adx_min=20|fast_period=10|rsi_confirm=True|slow_period=50,both,all,REJECT,25,0.240000,0.796364,-0.001252,-0.001252,-0.058466,-0.214784,-0.429395,0.025025,38.800000,-0.033380,-0.033380,-0.039538,-0.004046,0.280699,,,mt5
run_20260426_191100,GER40,index,H1,trend_momentum,ema_cross,adx_min=25|fast_period=10|rsi_confirm=False|slow_period=50,both,all,REJECT,21,0.238095,0.621549,-0.002205,-0.002205,-0.060173,-0.430855,-0.873413,0.021021,35.333333,-0.046631,-0.046631,-0.052516,-0.004046,0.249113,,,mt5
run_20260426_191100,GER40,index,H1,trend_momentum,ema_cross,adx_min=25|fast_period=10|rsi_confirm=True|slow_period=50,both,all,NEEDS_MORE_DATA,19,,,,,,,,,,,,,,,,only 19 trades < min 20,mt5
run_20260426_191100,GER40,index,H1,trend_momentum,ema_cross,adx_min=0|fast_period=10|rsi_confirm=False|slow_period=100,both,all,NEEDS_MORE_DATA,19,,,,,,,,,,,,,,,,only 19 trades < min 20,mt5
run_20260426_191100,GER40,index,H1,trend_momentum,ema_cross,adx_min=0|fast_period=10|rsi_confirm=True|slow_period=100,both,all,NEEDS_MORE_DATA,18,,,,,,,,,,,,,,,,only 18 trades < min 20,mt5
run_20260426_191100,GER40,index,H1,trend_momentum,ema_cross,adx_min=20|fast_period=10|rsi_confirm=False|slow_period=100,both,all,NEEDS_MORE_DATA,19,,,,,,,,,,,,,,,,only 19 trades < min 20,mt5
run_20260426_191100,GER40,index,H1,trend_momentum,ema_cross,adx_min=20|fast_period=10|rsi_confirm=True|slow_period=100,both,all,NEEDS_MORE_DATA,18,,,,,,,,,,,,,,,,only 18 trades < min 20,mt5
run_20260426_191100,GER40,index,H1,trend_momentum,ema_cross,adx_min=25|fast_period=10|rsi_confirm=False|slow_period=100,both,all,NEEDS_MORE_DATA,18,,,,,,,,,,,,,,,,only 18 trades < min 20,mt5
run_20260426_191100,GER40,index,H1,trend_momentum,ema_cross,adx_min=25|fast_period=10|rsi_confirm=True|slow_period=100,both,all,NEEDS_MORE_DATA,17,,,,,,,,,,,,,,,,only 17 trades < min 20,mt5
run_20260426_191100,GER40,index,H1,trend_momentum,ema_cross,adx_min=0|fast_period=10|rsi_confirm=False|slow_period=200,both,all,NEEDS_MORE_DATA,13,,,,,,,,,,,,,,,,only 13 trades < min 20,mt5
run_20260426_191100,GER40,index,H1,trend_momentum,ema_cross,adx_min=0|fast_period=10|rsi_confirm=True|slow_period=200,both,all,NEEDS_MORE_DATA,12,,,,,,,,,,,,,,,,only 12 trades < min 20,mt5
run_20260426_191100,GER40,index,H1,trend_momentum,ema_cross,adx_min=20|fast_period=10|rsi_confirm=False|slow_period=200,both,all,NEEDS_MORE_DATA,13,,,,,,,,,,,,,,,,only 13 trades < min 20,mt5
run_20260426_191100,GER40,index,H1,trend_momentum,ema_cross,adx_min=20|fast_period=10|rsi_confirm=True|slow_period=200,both,all,NEEDS_MORE_DATA,12,,,,,,,,,,,,,,,,only 12 trades < min 20,mt5
run_20260426_191100,GER40,index,H1,trend_momentum,ema_cross,adx_min=25|fast_period=10|rsi_confirm=False|slow_period=200,both,all,NEEDS_MORE_DATA,13,,,,,,,,,,,,,,,,only 13 trades < min 20,mt5
run_20260426_191100,GER40,index,H1,trend_momentum,ema_cross,adx_min=25|fast_period=10|rsi_confirm=True|slow_period=200,both,all,NEEDS_MORE_DATA,12,,,,,,,,,,,,,,,,only 12 trades < min 20,mt5
run_20260426_191100,GER40,index,H1,trend_momentum,ema_cross,adx_min=0|fast_period=20|rsi_confirm=False|slow_period=50,both,all,REJECT,20,0.300000,0.995145,-0.000026,-0.000026,-0.037192,-0.003768,-0.007507,0.020020,46.900000,-0.002892,-0.002892,-0.028210,-0.013363,0.362112,,,mt5
run_20260426_191100,GER40,index,H1,trend_momentum,ema_cross,adx_min=0|fast_period=20|rsi_confirm=True|slow_period=50,both,all,NEEDS_MORE_DATA,19,,,,,,,,,,,,,,,,only 19 trades < min 20,mt5
run_20260426_191100,GER40,index,H1,trend_momentum,ema_cross,adx_min=20|fast_period=20|rsi_confirm=False|slow_period=50,both,all,NEEDS_MORE_DATA,19,,,,,,,,,,,,,,,,only 19 trades < min 20,mt5
run_20260426_191100,GER40,index,H1,trend_momentum,ema_cross,adx_min=20|fast_period=20|rsi_confirm=True|slow_period=50,both,all,NEEDS_MORE_DATA,18,,,,,,,,,,,,,,,,only 18 trades < min 20,mt5
run_20260426_191100,GER40,index,H1,trend_momentum,ema_cross,adx_min=25|fast_period=20|rsi_confirm=False|slow_period=50,both,all,NEEDS_MORE_DATA,14,,,,,,,,,,,,,,,,only 14 trades < min 20,mt5
run_20260426_191100,GER40,index,H1,trend_momentum,ema_cross,adx_min=25|fast_period=20|rsi_confirm=True|slow_period=50,both,all,NEEDS_MORE_DATA,13,,,,,,,,,,,,,,,,only 13 trades < min 20,mt5
run_20260426_191100,GER40,index,H1,trend_momentum,ema_cross,adx_min=0|fast_period=20|rsi_confirm=False|slow_period=100,both,all,NEEDS_MORE_DATA,14,,,,,,,,,,,,,,,,only 14 trades < min 20,mt5
run_20260426_191100,GER40,index,H1,trend_momentum,ema_cross,adx_min=0|fast_period=20|rsi_confirm=True|slow_period=100,both,all,NEEDS_MORE_DATA,13,,,,,,,,,,,,,,,,only 13 trades < min 20,mt5
run_20260426_191100,GER40,index,H1,trend_momentum,ema_cross,adx_min=20|fast_period=20|rsi_confirm=False|slow_period=100,both,all,NEEDS_MORE_DATA,14,,,,,,,,,,,,,,,,only 14 trades < min 20,mt5
run_20260426_191100,GER40,index,H1,trend_momentum,ema_cross,adx_min=20|fast_period=20|rsi_confirm=True|slow_period=100,both,all,NEEDS_MORE_DATA,13,,,,,,,,,,,,,,,,only 13 trades < min 20,mt5
run_20260426_191100,GER40,index,H1,trend_momentum,ema_cross,adx_min=25|fast_period=20|rsi_confirm=False|slow_period=100,both,all,NEEDS_MORE_DATA,13,,,,,,,,,,,,,,,,only 13 trades < min 20,mt5
run_20260426_191100,GER40,index,H1,trend_momentum,ema_cross,adx_min=25|fast_period=20|rsi_confirm=True|slow_period=100,both,all,NEEDS_MORE_DATA,12,,,,,,,,,,,,,,,,only 12 trades < min 20,mt5
run_20260426_191100,GER40,index,H1,trend_momentum,ema_cross,adx_min=0|fast_period=20|rsi_confirm=False|slow_period=200,both,all,NEEDS_MORE_DATA,7,,,,,,,,,,,,,,,,only 7 trades < min 20,mt5
run_20260426_191100,GER40,index,H1,trend_momentum,ema_cross,adx_min=0|fast_period=20|rsi_confirm=True|slow_period=200,both,all,NEEDS_MORE_DATA,6,,,,,,,,,,,,,,,,only 6 trades < min 20,mt5
run_20260426_191100,GER40,index,H1,trend_momentum,ema_cross,adx_min=20|fast_period=20|rsi_confirm=False|slow_period=200,both,all,NEEDS_MORE_DATA,7,,,,,,,,,,,,,,,,only 7 trades < min 20,mt5
run_20260426_191100,GER40,index,H1,trend_momentum,ema_cross,adx_min=20|fast_period=20|rsi_confirm=True|slow_period=200,both,all,NEEDS_MORE_DATA,6,,,,,,,,,,,,,,,,only 6 trades < min 20,mt5
run_20260426_191100,GER40,index,H1,trend_momentum,ema_cross,adx_min=25|fast_period=20|rsi_confirm=False|slow_period=200,both,all,NEEDS_MORE_DATA,7,,,,,,,,,,,,,,,,only 7 trades < min 20,mt5
run_20260426_191100,GER40,index,H1,trend_momentum,ema_cross,adx_min=25|fast_period=20|rsi_confirm=True|slow_period=200,both,all,NEEDS_MORE_DATA,6,,,,,,,,,,,,,,,,only 6 trades < min 20,mt5
run_20260426_191100,GER40,index,H1,trend_momentum,ema_alignment,adx_min=0|ema_long=200|ema_mid=50|ema_short=20,both,all,NEEDS_MORE_DATA,13,,,,,,,,,,,,,,,,only 13 trades < min 20,mt5
run_20260426_191100,GER40,index,H1,trend_momentum,ema_alignment,adx_min=20|ema_long=200|ema_mid=50|ema_short=20,both,all,NEEDS_MORE_DATA,13,,,,,,,,,,,,,,,,only 13 trades < min 20,mt5
run_20260426_191100,GER40,index,H1,trend_momentum,ema_alignment,adx_min=25|ema_long=200|ema_mid=50|ema_short=20,both,all,NEEDS_MORE_DATA,12,,,,,,,,,,,,,,,,only 12 trades < min 20,mt5
run_20260426_191100,GER40,index,H1,trend_momentum,macd_direction,adx_min=0|fast=12|signal_period=9|slow=26,both,all,REJECT,79,0.354430,0.828160,-0.000783,-0.000783,-0.100655,-0.304764,-0.608414,0.079079,12.531646,-0.064856,-0.064856,0.025276,-0.094752,0.400000,,,mt5
run_20260426_191100,GER40,index,H1,trend_momentum,macd_direction,adx_min=20|fast=12|signal_period=9|slow=26,both,all,REJECT,74,0.351351,0.760517,-0.001138,-0.001138,-0.106136,-0.428088,-0.856679,0.074074,12.500000,-0.085242,-0.085242,0.010161,-0.101238,0.400000,,,mt5
run_20260426_191100,GER40,index,H1,pullback,pullback_ema,pullback_period=20|rsi_reclaim=False|rsi_threshold=50|trend_period=200,both,all,REJECT,62,0.274194,0.847928,-0.000436,-0.000436,-0.043133,-0.230428,-0.459757,0.062062,7.919355,-0.028338,-0.028338,-0.016452,-0.012085,0.620353,,,mt5
run_20260426_191100,GER40,index,H1,pullback,pullback_ema,pullback_period=20|rsi_reclaim=True|rsi_threshold=50|trend_period=200,both,all,REJECT,53,0.226415,0.791162,-0.000638,-0.000638,-0.050797,-0.298431,-0.596376,0.053053,7.452830,-0.034770,-0.034770,-0.029228,-0.005709,0.458603,,,mt5
run_20260426_191100,GER40,index,H1,pullback,pullback_ema,pullback_period=50|rsi_reclaim=False|rsi_threshold=50|trend_period=200,both,all,REJECT,52,0.134615,0.606724,-0.001510,-0.001510,-0.082619,-0.610190,-1.232236,0.052052,11.634615,-0.077400,-0.077400,-0.066008,-0.012197,0.455435,,,mt5
run_20260426_191100,GER40,index,H1,pullback,pullback_ema,pullback_period=50|rsi_reclaim=True|rsi_threshold=50|trend_period=200,both,all,REJECT,39,0.153846,0.730139,-0.001011,-0.001011,-0.060366,-0.329368,-0.659625,0.039039,12.846154,-0.040373,-0.040373,-0.036651,-0.003864,0.365624,,,mt5
run_20260426_191100,GER40,index,H1,breakout,prev_day_hl,atr_expand_min=0.0,both,all,NEEDS_MORE_DATA,0,,,,,,,,,,,,,,,,only 0 trades < min 20,mt5
run_20260426_191100,GER40,index,H1,breakout,prev_day_hl,atr_expand_min=0.5,both,all,NEEDS_MORE_DATA,0,,,,,,,,,,,,,,,,only 0 trades < min 20,mt5
run_20260426_191100,GER40,index,H1,breakout,prev_day_hl,atr_expand_min=1.0,both,all,NEEDS_MORE_DATA,0,,,,,,,,,,,,,,,,only 0 trades < min 20,mt5
run_20260426_191100,GER40,index,H1,breakout,session_opening_range,atr_expand_min=0.0|range_bars=6,both,all,WEAK_CANDIDATE,57,0.350877,1.219980,0.000914,0.000914,-0.050093,0.261002,0.521095,0.057057,16.894737,0.048292,0.048292,0.069983,-0.049900,0.500000,,,mt5
run_20260426_191100,GER40,index,H1,breakout,session_opening_range,atr_expand_min=0.5|range_bars=6,both,all,WEAK_CANDIDATE,57,0.350877,1.198724,0.000840,0.000840,-0.051807,0.239421,0.477837,0.057057,16.754386,0.043874,0.043874,0.067401,-0.051615,0.500000,,,mt5
run_20260426_191100,GER40,index,H1,breakout,session_opening_range,atr_expand_min=0.0|range_bars=12,both,all,WEAK_CANDIDATE,30,0.400000,1.377018,0.001736,0.001736,-0.083984,0.299140,0.599353,0.030030,31.933333,0.049453,0.049453,0.099848,-0.060081,0.380000,,,mt5
run_20260426_191100,GER40,index,H1,breakout,session_opening_range,atr_expand_min=0.5|range_bars=12,both,all,WEAK_CANDIDATE,30,0.400000,1.377018,0.001736,0.001736,-0.083984,0.299140,0.599353,0.030030,31.933333,0.049453,0.049453,0.099848,-0.060081,0.380000,,,mt5
run_20260426_191100,GER40,index,H1,breakout,london_breakout,atr_expand_min=0.0|utc_end=11|utc_start=7,both,all,WEAK_CANDIDATE,24,0.375000,1.545724,0.002097,0.002097,-0.033117,0.379695,0.765326,0.024024,21.791667,0.049314,0.049314,0.045756,-0.027139,0.344000,,,mt5
run_20260426_191100,GER40,index,H1,breakout,london_breakout,atr_expand_min=0.5|utc_end=11|utc_start=7,both,all,WEAK_CANDIDATE,23,0.391304,1.606057,0.002338,0.002338,-0.033117,0.406400,0.821079,0.023023,22.391304,0.052961,0.052961,0.045756,-0.023757,0.338000,,,mt5
run_20260426_191100,GER40,index,H1,breakout,ny_breakout,atr_expand_min=0.0|utc_end=16|utc_start=13,both,all,NEEDS_MORE_DATA,12,,,,,,,,,,,,,,,,only 12 trades < min 20,mt5
run_20260426_191100,GER40,index,H1,breakout,ny_breakout,atr_expand_min=0.5|utc_end=16|utc_start=13,both,all,NEEDS_MORE_DATA,12,,,,,,,,,,,,,,,,only 12 trades < min 20,mt5
run_20260426_191100,GER40,index,H1,mean_reversion,rsi_extreme,overbought=70|oversold=30|period=14,both,all,NEEDS_MORE_DATA,18,,,,,,,,,,,,,,,,only 18 trades < min 20,mt5
run_20260426_191100,GER40,index,H1,mean_reversion,rsi_extreme,overbought=75|oversold=30|period=14,both,all,NEEDS_MORE_DATA,13,,,,,,,,,,,,,,,,only 13 trades < min 20,mt5
run_20260426_191100,GER40,index,H1,mean_reversion,rsi_extreme,overbought=70|oversold=25|period=14,both,all,NEEDS_MORE_DATA,15,,,,,,,,,,,,,,,,only 15 trades < min 20,mt5
run_20260426_191100,GER40,index,H1,mean_reversion,rsi_extreme,overbought=75|oversold=25|period=14,both,all,NEEDS_MORE_DATA,10,,,,,,,,,,,,,,,,only 10 trades < min 20,mt5
run_20260426_191100,GER40,index,H1,mean_reversion,bollinger_touch,num_std=2.0|period=20,both,all,REJECT,35,0.400000,0.283577,-0.003808,-0.003808,-0.132916,-0.960647,-2.018253,0.035035,18.228571,-0.126975,-0.126975,-0.113162,0.006852,0.310000,,,mt5
run_20260426_191100,GER40,index,H1,mean_reversion,bollinger_touch,num_std=2.5|period=20,both,all,REJECT,24,0.458333,0.805008,-0.000784,-0.000784,-0.054347,-0.168159,-0.335747,0.024024,17.041667,-0.020200,-0.020200,-0.030135,0.010244,0.244000,,,mt5
run_20260426_191100,GER40,index,H1,mean_reversion,vwap_deviation,std_threshold=1.5,both,all,NEEDS_MORE_DATA,8,,,,,,,,,,,,,,,,only 8 trades < min 20,mt5
run_20260426_191100,GER40,index,H1,mean_reversion,vwap_deviation,std_threshold=2.0,both,all,NEEDS_MORE_DATA,7,,,,,,,,,,,,,,,,only 7 trades < min 20,mt5
run_20260426_191100,GER40,index,H1,volatility,bb_squeeze_breakout,confirm_ema=True|period=20|squeeze_pct=20,both,all,REJECT,22,0.363636,0.601566,-0.001329,-0.001329,-0.043697,-0.458848,-0.931509,0.022022,9.454545,-0.029317,-0.029317,-0.018913,-0.010605,0.400222,,,mt5
run_20260426_191100,GER40,index,H1,volatility,bb_squeeze_breakout,confirm_ema=False|period=20|squeeze_pct=20,both,all,REJECT,21,0.380952,0.512351,-0.001846,-0.001846,-0.041905,-0.597847,-1.232380,0.021021,10.428571,-0.038543,-0.038543,-0.013839,-0.025051,0.282933,,,mt5
run_20260426_191100,GER40,index,H1,volatility,bb_squeeze_breakout,confirm_ema=True|period=20|squeeze_pct=30,both,all,WEAK_CANDIDATE,22,0.272727,1.203224,0.000550,0.000550,-0.018221,0.153852,0.307122,0.022022,10.090909,0.011383,0.011383,0.008157,0.003200,0.483282,,,mt5
run_20260426_191100,GER40,index,H1,volatility,bb_squeeze_breakout,confirm_ema=False|period=20|squeeze_pct=30,both,all,WEAK_CANDIDATE,22,0.363636,2.240958,0.002987,0.002987,-0.018221,0.580874,1.193185,0.022022,11.772727,0.066223,0.066223,0.052981,0.012576,0.403211,,,mt5
run_20260426_191100,GER40,index,H1,volatility,atr_compression,confirm_ema=True|period=14|squeeze_pct=20,both,all,NEEDS_MORE_DATA,12,,,,,,,,,,,,,,,,only 12 trades < min 20,mt5
run_20260426_191100,GER40,index,H1,volatility,atr_compression,confirm_ema=False|period=14|squeeze_pct=20,both,all,NEEDS_MORE_DATA,14,,,,,,,,,,,,,,,,only 14 trades < min 20,mt5
run_20260426_191100,GER40,index,H1,volatility,atr_compression,confirm_ema=True|period=14|squeeze_pct=30,both,all,NEEDS_MORE_DATA,18,,,,,,,,,,,,,,,,only 18 trades < min 20,mt5
run_20260426_191100,GER40,index,H1,volatility,atr_compression,confirm_ema=False|period=14|squeeze_pct=30,both,all,NEEDS_MORE_DATA,19,,,,,,,,,,,,,,,,only 19 trades < min 20,mt5
run_20260426_191100,GER40,index,H1,engine_b_proxy,ob_bos,require_engulf=False|require_vol_expand=False|swing_period=5,both,all,REJECT,23,0.347826,0.870555,-0.000815,-0.000815,-0.087161,-0.119501,-0.238339,0.023023,37.000000,-0.021622,-0.021622,0.043390,-0.083907,0.238000,,,mt5
run_20260426_191100,GER40,index,H1,engine_b_proxy,ob_bos,require_engulf=False|require_vol_expand=True|swing_period=5,both,all,NEEDS_MORE_DATA,18,,,,,,,,,,,,,,,,only 18 trades < min 20,mt5
run_20260426_191100,GER40,index,H1,engine_b_proxy,ob_bos,require_engulf=True|require_vol_expand=False|swing_period=5,both,all,REJECT,23,0.347826,0.813564,-0.001211,-0.001211,-0.091058,-0.178853,-0.357247,0.023023,36.217391,-0.030447,-0.030447,0.042001,-0.087817,0.238000,,,mt5
run_20260426_191100,GER40,index,H1,engine_b_proxy,ob_bos,require_engulf=True|require_vol_expand=True|swing_period=5,both,all,NEEDS_MORE_DATA,14,,,,,,,,,,,,,,,,only 14 trades < min 20,mt5
run_20260426_191100,GER40,index,H1,engine_b_proxy,ob_bos,require_engulf=False|require_vol_expand=False|swing_period=10,both,all,NEEDS_MORE_DATA,12,,,,,,,,,,,,,,,,only 12 trades < min 20,mt5
run_20260426_191100,GER40,index,H1,engine_b_proxy,ob_bos,require_engulf=False|require_vol_expand=True|swing_period=10,both,all,NEEDS_MORE_DATA,11,,,,,,,,,,,,,,,,only 11 trades < min 20,mt5
run_20260426_191100,GER40,index,H1,engine_b_proxy,ob_bos,require_engulf=True|require_vol_expand=False|swing_period=10,both,all,NEEDS_MORE_DATA,12,,,,,,,,,,,,,,,,only 12 trades < min 20,mt5
run_20260426_191100,GER40,index,H1,engine_b_proxy,ob_bos,require_engulf=True|require_vol_expand=True|swing_period=10,both,all,NEEDS_MORE_DATA,9,,,,,,,,,,,,,,,,only 9 trades < min 20,mt5
run_20260426_191100,GER40,index,H1,engine_b_proxy,structure_filters,fvg_detection=False|strong_close_pct=0.7,both,all,REJECT,336,0.270833,0.365443,-0.001919,-0.001919,-0.478475,-2.962570,-6.115691,0.336336,2.845238,-0.478475,-0.478475,-0.369163,-0.159667,0.529753,,,mt5
run_20260426_191100,GER40,index,H1,engine_b_proxy,structure_filters,fvg_detection=True|strong_close_pct=0.7,both,all,REJECT,39,0.230769,0.530018,-0.001897,-0.001897,-0.094909,-0.616465,-1.251500,0.039039,11.820513,-0.072979,-0.072979,-0.033957,-0.040772,0.573793,,,mt5
run_20260426_191100,GER40,index,H1,engine_b_proxy,structure_filters,fvg_detection=False|strong_close_pct=0.8,both,all,REJECT,246,0.272358,0.493813,-0.001634,-0.001634,-0.335375,-1.770537,-3.596197,0.246246,3.784553,-0.335375,-0.335375,-0.209429,-0.145466,0.608375,,,mt5
run_20260426_191100,GER40,index,H1,engine_b_proxy,structure_filters,fvg_detection=True|strong_close_pct=0.8,both,all,REJECT,35,0.257143,0.561790,-0.001907,-0.001907,-0.096013,-0.539722,-1.092706,0.035035,12.628571,-0.066353,-0.066353,-0.023567,-0.044196,0.347404,,,mt5
run_20260426_191100,GER40,index,H1,engine_d_proxy,vwap_reclaim,atr_sl_mult=0.5|band_std=0.5,both,all,NEEDS_MORE_DATA,8,,,,,,,,,,,,,,,,only 8 trades < min 20,mt5
run_20260426_191100,GER40,index,H1,engine_d_proxy,vwap_reclaim,atr_sl_mult=1.0|band_std=0.5,both,all,NEEDS_MORE_DATA,8,,,,,,,,,,,,,,,,only 8 trades < min 20,mt5
run_20260426_191100,GER40,index,H1,engine_d_proxy,vwap_reclaim,atr_sl_mult=0.5|band_std=1.0,both,all,NEEDS_MORE_DATA,8,,,,,,,,,,,,,,,,only 8 trades < min 20,mt5
run_20260426_191100,GER40,index,H1,engine_d_proxy,vwap_reclaim,atr_sl_mult=1.0|band_std=1.0,both,all,NEEDS_MORE_DATA,8,,,,,,,,,,,,,,,,only 8 trades < min 20,mt5
run_20260426_191100,GER40,index,H1,engine_d_proxy,micro_breakout,atr_sl_mult=0.5|fee_guard_r=0.5|range_bars=3,both,all,REJECT,102,0.264706,0.831795,-0.000664,-0.000664,-0.147810,-0.316437,-0.631463,0.102102,9.578431,-0.070805,-0.070805,0.055213,-0.128416,0.400000,,,mt5
run_20260426_191100,GER40,index,H1,engine_d_proxy,micro_breakout,atr_sl_mult=1.0|fee_guard_r=0.5|range_bars=3,both,all,REJECT,102,0.264706,0.831795,-0.000664,-0.000664,-0.147810,-0.316437,-0.631463,0.102102,9.578431,-0.070805,-0.070805,0.055213,-0.128416,0.400000,,,mt5
run_20260426_191100,GER40,index,H1,engine_d_proxy,micro_breakout,atr_sl_mult=0.5|fee_guard_r=0.5|range_bars=6,both,all,WEAK_CANDIDATE,57,0.350877,1.219980,0.000914,0.000914,-0.050093,0.261002,0.521095,0.057057,16.894737,0.048292,0.048292,0.069983,-0.049900,0.500000,,,mt5
run_20260426_191100,GER40,index,H1,engine_d_proxy,micro_breakout,atr_sl_mult=1.0|fee_guard_r=0.5|range_bars=6,both,all,WEAK_CANDIDATE,57,0.350877,1.219980,0.000914,0.000914,-0.050093,0.261002,0.521095,0.057057,16.894737,0.048292,0.048292,0.069983,-0.049900,0.500000,,,mt5
run_20260426_191100,GER40,index,H1,engine_d_proxy,ema_scalp_pullback,atr_sl_mult=0.5|ema_period=21,both,all,REJECT,112,0.250000,0.862943,-0.000412,-0.000412,-0.100113,-0.256606,-0.511701,0.112112,8.812500,-0.048939,-0.048939,-0.034883,-0.041647,0.641830,,,mt5
run_20260426_191100,GER40,index,H1,engine_d_proxy,ema_scalp_pullback,atr_sl_mult=1.0|ema_period=21,both,all,REJECT,112,0.250000,0.853583,-0.000445,-0.000445,-0.100113,-0.276014,-0.550493,0.112112,8.848214,-0.052439,-0.052439,-0.038435,-0.041647,0.674926,,,mt5
run_20260426_191100,XAU/USD,commodity,H1,trend_momentum,ema_cross,adx_min=0|fast_period=10|rsi_confirm=False|slow_period=50,both,all,REJECT,27,0.148148,0.484088,-0.005521,-0.005521,-0.145732,-0.561642,-1.144938,0.027027,33.814815,-0.145732,-0.145732,-0.063146,-0.088639,0.440887,,,mt5
run_20260426_191100,XAU/USD,commodity,H1,trend_momentum,ema_cross,adx_min=0|fast_period=10|rsi_confirm=True|slow_period=50,both,all,REJECT,26,0.153846,0.503442,-0.005306,-0.005306,-0.141969,-0.521583,-1.060688,0.026026,34.192308,-0.136136,-0.136136,-0.052623,-0.088639,0.350673,,,mt5
run_20260426_191100,XAU/USD,commodity,H1,trend_momentum,ema_cross,adx_min=20|fast_period=10|rsi_confirm=False|slow_period=50,both,all,REJECT,26,0.153846,0.506471,-0.005250,-0.005250,-0.134857,-0.516442,-1.049799,0.026026,34.269231,-0.134857,-0.134857,-0.051409,-0.088639,0.338745,,,mt5
run_20260426_191100,XAU/USD,commodity,H1,trend_momentum,ema_cross,adx_min=20|fast_period=10|rsi_confirm=True|slow_period=50,both,all,REJECT,25,0.160000,0.527663,-0.005015,-0.005015,-0.131045,-0.476068,-0.965433,0.025025,34.680000,-0.125139,-0.125139,-0.040754,-0.088639,0.250000,,,mt5
run_20260426_191100,XAU/USD,commodity,H1,trend_momentum,ema_cross,adx_min=25|fast_period=10|rsi_confirm=False|slow_period=50,both,all,REJECT,20,0.100000,0.581227,-0.004832,-0.004832,-0.119185,-0.373220,-0.753750,0.020020,32.650000,-0.099358,-0.099358,-0.007020,-0.092991,0.220000,,,mt5
run_20260426_191100,XAU/USD,commodity,H1,trend_momentum,ema_cross,adx_min=25|fast_period=10|rsi_confirm=True|slow_period=50,both,all,NEEDS_MORE_DATA,19,,,,,,,,,,,,,,,,only 19 trades < min 20,mt5
run_20260426_191100,XAU/USD,commodity,H1,trend_momentum,ema_cross,adx_min=0|fast_period=10|rsi_confirm=False|slow_period=100,both,all,NEEDS_MORE_DATA,15,,,,,,,,,,,,,,,,only 15 trades < min 20,mt5
run_20260426_191100,XAU/USD,commodity,H1,trend_momentum,ema_cross,adx_min=0|fast_period=10|rsi_confirm=True|slow_period=100,both,all,NEEDS_MORE_DATA,13,,,,,,,,,,,,,,,,only 13 trades < min 20,mt5
run_20260426_191100,XAU/USD,commodity,H1,trend_momentum,ema_cross,adx_min=20|fast_period=10|rsi_confirm=False|slow_period=100,both,all,NEEDS_MORE_DATA,14,,,,,,,,,,,,,,,,only 14 trades < min 20,mt5
run_20260426_191100,XAU/USD,commodity,H1,trend_momentum,ema_cross,adx_min=20|fast_period=10|rsi_confirm=True|slow_period=100,both,all,NEEDS_MORE_DATA,12,,,,,,,,,,,,,,,,only 12 trades < min 20,mt5
run_20260426_191100,XAU/USD,commodity,H1,trend_momentum,ema_cross,adx_min=25|fast_period=10|rsi_confirm=False|slow_period=100,both,all,NEEDS_MORE_DATA,12,,,,,,,,,,,,,,,,only 12 trades < min 20,mt5
run_20260426_191100,XAU/USD,commodity,H1,trend_momentum,ema_cross,adx_min=25|fast_period=10|rsi_confirm=True|slow_period=100,both,all,NEEDS_MORE_DATA,11,,,,,,,,,,,,,,,,only 11 trades < min 20,mt5
run_20260426_191100,XAU/USD,commodity,H1,trend_momentum,ema_cross,adx_min=0|fast_period=10|rsi_confirm=False|slow_period=200,both,all,NEEDS_MORE_DATA,9,,,,,,,,,,,,,,,,only 9 trades < min 20,mt5
run_20260426_191100,XAU/USD,commodity,H1,trend_momentum,ema_cross,adx_min=0|fast_period=10|rsi_confirm=True|slow_period=200,both,all,NEEDS_MORE_DATA,8,,,,,,,,,,,,,,,,only 8 trades < min 20,mt5
run_20260426_191100,XAU/USD,commodity,H1,trend_momentum,ema_cross,adx_min=20|fast_period=10|rsi_confirm=False|slow_period=200,both,all,NEEDS_MORE_DATA,9,,,,,,,,,,,,,,,,only 9 trades < min 20,mt5
run_20260426_191100,XAU/USD,commodity,H1,trend_momentum,ema_cross,adx_min=20|fast_period=10|rsi_confirm=True|slow_period=200,both,all,NEEDS_MORE_DATA,8,,,,,,,,,,,,,,,,only 8 trades < min 20,mt5
run_20260426_191100,XAU/USD,commodity,H1,trend_momentum,ema_cross,adx_min=25|fast_period=10|rsi_confirm=False|slow_period=200,both,all,NEEDS_MORE_DATA,8,,,,,,,,,,,,,,,,only 8 trades < min 20,mt5
run_20260426_191100,XAU/USD,commodity,H1,trend_momentum,ema_cross,adx_min=25|fast_period=10|rsi_confirm=True|slow_period=200,both,all,NEEDS_MORE_DATA,7,,,,,,,,,,,,,,,,only 7 trades < min 20,mt5
run_20260426_191100,XAU/USD,commodity,H1,trend_momentum,ema_cross,adx_min=0|fast_period=20|rsi_confirm=False|slow_period=50,both,all,REJECT,21,0.142857,0.488367,-0.006455,-0.006455,-0.163924,-0.525285,-1.074168,0.021021,43.523810,-0.133778,-0.133778,-0.056514,-0.074442,0.430833,,,mt5
run_20260426_191100,XAU/USD,commodity,H1,trend_momentum,ema_cross,adx_min=0|fast_period=20|rsi_confirm=True|slow_period=50,both,all,REJECT,20,0.150000,0.504484,-0.006355,-0.006355,-0.163924,-0.493550,-1.007320,0.020020,44.450000,-0.126381,-0.126381,-0.048458,-0.074442,0.359135,,,mt5
run_20260426_191100,XAU/USD,commodity,H1,trend_momentum,ema_cross,adx_min=20|fast_period=20|rsi_confirm=False|slow_period=50,both,all,REJECT,20,0.150000,0.523512,-0.005889,-0.005889,-0.148785,-0.460606,-0.937081,0.020020,44.800000,-0.118093,-0.118093,-0.039622,-0.074442,0.256368,,,mt5
run_20260426_191100,XAU/USD,commodity,H1,trend_momentum,ema_cross,adx_min=20|fast_period=20|rsi_confirm=True|slow_period=50,both,all,NEEDS_MORE_DATA,19,,,,,,,,,,,,,,,,only 19 trades < min 20,mt5
run_20260426_191100,XAU/USD,commodity,H1,trend_momentum,ema_cross,adx_min=25|fast_period=20|rsi_confirm=False|slow_period=50,both,all,NEEDS_MORE_DATA,18,,,,,,,,,,,,,,,,only 18 trades < min 20,mt5
run_20260426_191100,XAU/USD,commodity,H1,trend_momentum,ema_cross,adx_min=25|fast_period=20|rsi_confirm=True|slow_period=50,both,all,NEEDS_MORE_DATA,17,,,,,,,,,,,,,,,,only 17 trades < min 20,mt5
run_20260426_191100,XAU/USD,commodity,H1,trend_momentum,ema_cross,adx_min=0|fast_period=20|rsi_confirm=False|slow_period=100,both,all,NEEDS_MORE_DATA,9,,,,,,,,,,,,,,,,only 9 trades < min 20,mt5
run_20260426_191100,XAU/USD,commodity,H1,trend_momentum,ema_cross,adx_min=0|fast_period=20|rsi_confirm=True|slow_period=100,both,all,NEEDS_MORE_DATA,8,,,,,,,,,,,,,,,,only 8 trades < min 20,mt5
run_20260426_191100,XAU/USD,commodity,H1,trend_momentum,ema_cross,adx_min=20|fast_period=20|rsi_confirm=False|slow_period=100,both,all,NEEDS_MORE_DATA,7,,,,,,,,,,,,,,,,only 7 trades < min 20,mt5
run_20260426_191100,XAU/USD,commodity,H1,trend_momentum,ema_cross,adx_min=20|fast_period=20|rsi_confirm=True|slow_period=100,both,all,NEEDS_MORE_DATA,6,,,,,,,,,,,,,,,,only 6 trades < min 20,mt5
run_20260426_191100,XAU/USD,commodity,H1,trend_momentum,ema_cross,adx_min=25|fast_period=20|rsi_confirm=False|slow_period=100,both,all,NEEDS_MORE_DATA,6,,,,,,,,,,,,,,,,only 6 trades < min 20,mt5
run_20260426_191100,XAU/USD,commodity,H1,trend_momentum,ema_cross,adx_min=25|fast_period=20|rsi_confirm=True|slow_period=100,both,all,NEEDS_MORE_DATA,5,,,,,,,,,,,,,,,,only 5 trades < min 20,mt5
run_20260426_191100,XAU/USD,commodity,H1,trend_momentum,ema_cross,adx_min=0|fast_period=20|rsi_confirm=False|slow_period=200,both,all,NEEDS_MORE_DATA,7,,,,,,,,,,,,,,,,only 7 trades < min 20,mt5
run_20260426_191100,XAU/USD,commodity,H1,trend_momentum,ema_cross,adx_min=0|fast_period=20|rsi_confirm=True|slow_period=200,both,all,NEEDS_MORE_DATA,6,,,,,,,,,,,,,,,,only 6 trades < min 20,mt5
run_20260426_191100,XAU/USD,commodity,H1,trend_momentum,ema_cross,adx_min=20|fast_period=20|rsi_confirm=False|slow_period=200,both,all,NEEDS_MORE_DATA,7,,,,,,,,,,,,,,,,only 7 trades < min 20,mt5
run_20260426_191100,XAU/USD,commodity,H1,trend_momentum,ema_cross,adx_min=20|fast_period=20|rsi_confirm=True|slow_period=200,both,all,NEEDS_MORE_DATA,6,,,,,,,,,,,,,,,,only 6 trades < min 20,mt5
run_20260426_191100,XAU/USD,commodity,H1,trend_momentum,ema_cross,adx_min=25|fast_period=20|rsi_confirm=False|slow_period=200,both,all,NEEDS_MORE_DATA,6,,,,,,,,,,,,,,,,only 6 trades < min 20,mt5
run_20260426_191100,XAU/USD,commodity,H1,trend_momentum,ema_cross,adx_min=25|fast_period=20|rsi_confirm=True|slow_period=200,both,all,NEEDS_MORE_DATA,5,,,,,,,,,,,,,,,,only 5 trades < min 20,mt5
run_20260426_191100,XAU/USD,commodity,H1,trend_momentum,ema_alignment,adx_min=0|ema_long=200|ema_mid=50|ema_short=20,both,all,NEEDS_MORE_DATA,13,,,,,,,,,,,,,,,,only 13 trades < min 20,mt5
run_20260426_191100,XAU/USD,commodity,H1,trend_momentum,ema_alignment,adx_min=20|ema_long=200|ema_mid=50|ema_short=20,both,all,NEEDS_MORE_DATA,13,,,,,,,,,,,,,,,,only 13 trades < min 20,mt5
run_20260426_191100,XAU/USD,commodity,H1,trend_momentum,ema_alignment,adx_min=25|ema_long=200|ema_mid=50|ema_short=20,both,all,NEEDS_MORE_DATA,13,,,,,,,,,,,,,,,,only 13 trades < min 20,mt5
run_20260426_191100,XAU/USD,commodity,H1,trend_momentum,macd_direction,adx_min=0|fast=12|signal_period=9|slow=26,both,all,REJECT,80,0.300000,0.860335,-0.000725,-0.000725,-0.118147,-0.247668,-0.494058,0.080080,12.325000,-0.062814,-0.062814,-0.037132,-0.046788,0.621988,,,mt5
run_20260426_191100,XAU/USD,commodity,H1,trend_momentum,macd_direction,adx_min=20|fast=12|signal_period=9|slow=26,both,all,REJECT,78,0.294872,0.776169,-0.001181,-0.001181,-0.118147,-0.415801,-0.831675,0.078078,12.269231,-0.093597,-0.093597,-0.068758,-0.046788,0.604141,,,mt5
run_20260426_191100,XAU/USD,commodity,H1,pullback,pullback_ema,pullback_period=20|rsi_reclaim=False|rsi_threshold=50|trend_period=200,both,all,REJECT,81,0.135802,0.640858,-0.001358,-0.001358,-0.107889,-0.598240,-1.201442,0.081081,6.407407,-0.107889,-0.107889,-0.084752,-0.040556,0.543556,,,mt5
run_20260426_191100,XAU/USD,commodity,H1,pullback,pullback_ema,pullback_period=20|rsi_reclaim=True|rsi_threshold=50|trend_period=200,both,all,REJECT,73,0.136986,0.660320,-0.001271,-0.001271,-0.096364,-0.519661,-1.042305,0.073073,6.520548,-0.092174,-0.092174,-0.059653,-0.034585,0.573929,,,mt5
run_20260426_191100,XAU/USD,commodity,H1,pullback,pullback_ema,pullback_period=50|rsi_reclaim=False|rsi_threshold=50|trend_period=200,both,all,REJECT,51,0.117647,0.783181,-0.000953,-0.000953,-0.091292,-0.177390,-0.353780,0.051051,11.627451,-0.055804,-0.055804,-0.034750,-0.026583,0.629492,,,mt5
run_20260426_191100,XAU/USD,commodity,H1,pullback,pullback_ema,pullback_period=50|rsi_reclaim=True|rsi_threshold=50|trend_period=200,both,all,REJECT,38,0.105263,0.971480,-0.000127,-0.000127,-0.066961,-0.017875,-0.035608,0.038038,13.236842,-0.013275,-0.013275,-0.005375,-0.012782,0.405786,,,mt5
run_20260426_191100,XAU/USD,commodity,H1,breakout,prev_day_hl,atr_expand_min=0.0,both,all,NEEDS_MORE_DATA,0,,,,,,,,,,,,,,,,only 0 trades < min 20,mt5
run_20260426_191100,XAU/USD,commodity,H1,breakout,prev_day_hl,atr_expand_min=0.5,both,all,NEEDS_MORE_DATA,0,,,,,,,,,,,,,,,,only 0 trades < min 20,mt5
run_20260426_191100,XAU/USD,commodity,H1,breakout,prev_day_hl,atr_expand_min=1.0,both,all,NEEDS_MORE_DATA,0,,,,,,,,,,,,,,,,only 0 trades < min 20,mt5
run_20260426_191100,XAU/USD,commodity,H1,breakout,session_opening_range,atr_expand_min=0.0|range_bars=6,both,all,REJECT,62,0.258065,0.532288,-0.003547,-0.003547,-0.208370,-0.905145,-1.849139,0.062062,15.822581,-0.203318,-0.203318,-0.165668,-0.071780,0.529983,,,mt5
run_20260426_191100,XAU/USD,commodity,H1,breakout,session_opening_range,atr_expand_min=0.5|range_bars=6,both,all,REJECT,62,0.241935,0.515299,-0.003749,-0.003749,-0.218234,-0.954324,-1.955262,0.062062,15.612903,-0.213245,-0.213245,-0.176063,-0.071780,0.522308,,,mt5
run_20260426_191100,XAU/USD,commodity,H1,breakout,session_opening_range,atr_expand_min=0.0|range_bars=12,both,all,REJECT,33,0.393939,0.683303,-0.002853,-0.002853,-0.174863,-0.427170,-0.860117,0.033033,29.333333,-0.095390,-0.095390,-0.023585,-0.099400,0.298000,,,mt5
run_20260426_191100,XAU/USD,commodity,H1,breakout,session_opening_range,atr_expand_min=0.5|range_bars=12,both,all,REJECT,33,0.393939,0.683303,-0.002853,-0.002853,-0.174863,-0.427170,-0.860117,0.033033,29.333333,-0.095390,-0.095390,-0.023585,-0.099400,0.298000,,,mt5
run_20260426_191100,XAU/USD,commodity,H1,breakout,london_breakout,atr_expand_min=0.0|utc_end=11|utc_start=7,both,all,NEEDS_MORE_DATA,19,,,,,,,,,,,,,,,,only 19 trades < min 20,mt5
run_20260426_191100,XAU/USD,commodity,H1,breakout,london_breakout,atr_expand_min=0.5|utc_end=11|utc_start=7,both,all,NEEDS_MORE_DATA,19,,,,,,,,,,,,,,,,only 19 trades < min 20,mt5
run_20260426_191100,XAU/USD,commodity,H1,breakout,ny_breakout,atr_expand_min=0.0|utc_end=16|utc_start=13,both,all,REJECT,20,0.200000,0.747251,-0.002386,-0.002386,-0.113524,-0.243492,-0.487869,0.020020,18.950000,-0.051125,-0.051125,0.015006,-0.065153,0.220000,,,mt5
run_20260426_191100,XAU/USD,commodity,H1,breakout,ny_breakout,atr_expand_min=0.5|utc_end=16|utc_start=13,both,all,NEEDS_MORE_DATA,19,,,,,,,,,,,,,,,,only 19 trades < min 20,mt5
run_20260426_191100,XAU/USD,commodity,H1,mean_reversion,rsi_extreme,overbought=70|oversold=30|period=14,both,all,NEEDS_MORE_DATA,17,,,,,,,,,,,,,,,,only 17 trades < min 20,mt5
run_20260426_191100,XAU/USD,commodity,H1,mean_reversion,rsi_extreme,overbought=75|oversold=30|period=14,both,all,NEEDS_MORE_DATA,12,,,,,,,,,,,,,,,,only 12 trades < min 20,mt5
run_20260426_191100,XAU/USD,commodity,H1,mean_reversion,rsi_extreme,overbought=70|oversold=25|period=14,both,all,NEEDS_MORE_DATA,13,,,,,,,,,,,,,,,,only 13 trades < min 20,mt5
run_20260426_191100,XAU/USD,commodity,H1,mean_reversion,rsi_extreme,overbought=75|oversold=25|period=14,both,all,NEEDS_MORE_DATA,8,,,,,,,,,,,,,,,,only 8 trades < min 20,mt5
run_20260426_191100,XAU/USD,commodity,H1,mean_reversion,bollinger_touch,num_std=2.0|period=20,both,all,REJECT,29,0.448276,0.416306,-0.004772,-0.004772,-0.166969,-0.800520,-1.667230,0.029029,16.448276,-0.132604,-0.132604,-0.131151,0.016437,0.274000,,,mt5
run_20260426_191100,XAU/USD,commodity,H1,mean_reversion,bollinger_touch,num_std=2.5|period=20,both,all,REJECT,21,0.476190,0.415063,-0.005519,-0.005519,-0.139342,-0.697247,-1.455962,0.021021,17.523810,-0.112603,-0.112603,-0.118807,0.032492,0.226000,,,mt5
run_20260426_191100,XAU/USD,commodity,H1,mean_reversion,vwap_deviation,std_threshold=1.5,both,all,NEEDS_MORE_DATA,9,,,,,,,,,,,,,,,,only 9 trades < min 20,mt5
run_20260426_191100,XAU/USD,commodity,H1,mean_reversion,vwap_deviation,std_threshold=2.0,both,all,NEEDS_MORE_DATA,5,,,,,,,,,,,,,,,,only 5 trades < min 20,mt5
run_20260426_191100,XAU/USD,commodity,H1,volatility,bb_squeeze_breakout,confirm_ema=True|period=20|squeeze_pct=20,both,all,REJECT,26,0.384615,0.769658,-0.001179,-0.001179,-0.048606,-0.273971,-0.548835,0.026026,9.153846,-0.031705,-0.031705,-0.044637,-0.011891,0.335921,,,mt5
run_20260426_191100,XAU/USD,commodity,H1,volatility,bb_squeeze_breakout,confirm_ema=False|period=20|squeeze_pct=20,both,all,REJECT,26,0.384615,0.761790,-0.001231,-0.001231,-0.049917,-0.285741,-0.572696,0.026026,9.230769,-0.033040,-0.033040,-0.045954,-0.011891,0.333630,,,mt5
run_20260426_191100,XAU/USD,commodity,H1,volatility,bb_squeeze_breakout,confirm_ema=True|period=20|squeeze_pct=30,both,all,REJECT,24,0.375000,0.626785,-0.001957,-0.001957,-0.061144,-0.453844,-0.919490,0.024024,9.166667,-0.047167,-0.047167,-0.030359,-0.017334,0.415296,,,mt5
run_20260426_191100,XAU/USD,commodity,H1,volatility,bb_squeeze_breakout,confirm_ema=False|period=20|squeeze_pct=30,both,all,REJECT,24,0.375000,0.620014,-0.002014,-0.002014,-0.062439,-0.466147,-0.945308,0.024024,9.250000,-0.048480,-0.048480,-0.031696,-0.017334,0.408070,,,mt5
run_20260426_191100,XAU/USD,commodity,H1,volatility,atr_compression,confirm_ema=True|period=14|squeeze_pct=20,both,all,NEEDS_MORE_DATA,17,,,,,,,,,,,,,,,,only 17 trades < min 20,mt5
run_20260426_191100,XAU/USD,commodity,H1,volatility,atr_compression,confirm_ema=False|period=14|squeeze_pct=20,both,all,WEAK_CANDIDATE,20,0.350000,1.492960,0.002752,0.002752,-0.047244,0.242159,0.485167,0.020020,23.950000,0.050084,0.050084,0.077678,-0.025605,0.320000,,,mt5
run_20260426_191100,XAU/USD,commodity,H1,volatility,atr_compression,confirm_ema=True|period=14|squeeze_pct=30,both,all,NEEDS_MORE_DATA,19,,,,,,,,,,,,,,,,only 19 trades < min 20,mt5
run_20260426_191100,XAU/USD,commodity,H1,volatility,atr_compression,confirm_ema=False|period=14|squeeze_pct=30,both,all,NEEDS_MORE_DATA,19,,,,,,,,,,,,,,,,only 19 trades < min 20,mt5
run_20260426_191100,XAU/USD,commodity,H1,engine_b_proxy,ob_bos,require_engulf=False|require_vol_expand=False|swing_period=5,both,all,NEEDS_MORE_DATA,17,,,,,,,,,,,,,,,,only 17 trades < min 20,mt5
run_20260426_191100,XAU/USD,commodity,H1,engine_b_proxy,ob_bos,require_engulf=False|require_vol_expand=True|swing_period=5,both,all,NEEDS_MORE_DATA,13,,,,,,,,,,,,,,,,only 13 trades < min 20,mt5
run_20260426_191100,XAU/USD,commodity,H1,engine_b_proxy,ob_bos,require_engulf=True|require_vol_expand=False|swing_period=5,both,all,NEEDS_MORE_DATA,17,,,,,,,,,,,,,,,,only 17 trades < min 20,mt5
run_20260426_191100,XAU/USD,commodity,H1,engine_b_proxy,ob_bos,require_engulf=True|require_vol_expand=True|swing_period=5,both,all,NEEDS_MORE_DATA,13,,,,,,,,,,,,,,,,only 13 trades < min 20,mt5
run_20260426_191100,XAU/USD,commodity,H1,engine_b_proxy,ob_bos,require_engulf=False|require_vol_expand=False|swing_period=10,both,all,NEEDS_MORE_DATA,9,,,,,,,,,,,,,,,,only 9 trades < min 20,mt5
run_20260426_191100,XAU/USD,commodity,H1,engine_b_proxy,ob_bos,require_engulf=False|require_vol_expand=True|swing_period=10,both,all,NEEDS_MORE_DATA,7,,,,,,,,,,,,,,,,only 7 trades < min 20,mt5
run_20260426_191100,XAU/USD,commodity,H1,engine_b_proxy,ob_bos,require_engulf=True|require_vol_expand=False|swing_period=10,both,all,NEEDS_MORE_DATA,9,,,,,,,,,,,,,,,,only 9 trades < min 20,mt5
run_20260426_191100,XAU/USD,commodity,H1,engine_b_proxy,ob_bos,require_engulf=True|require_vol_expand=True|swing_period=10,both,all,NEEDS_MORE_DATA,7,,,,,,,,,,,,,,,,only 7 trades < min 20,mt5
run_20260426_191100,XAU/USD,commodity,H1,engine_b_proxy,structure_filters,fvg_detection=False|strong_close_pct=0.7,both,all,REJECT,325,0.249231,0.465860,-0.001983,-0.001983,-0.481548,-2.117056,-4.297357,0.325325,2.984615,-0.481234,-0.481234,-0.362079,-0.157048,0.530122,,,mt5
run_20260426_191100,XAU/USD,commodity,H1,engine_b_proxy,structure_filters,fvg_detection=True|strong_close_pct=0.7,both,all,REJECT,40,0.350000,0.731055,-0.001185,-0.001185,-0.067906,-0.370281,-0.742481,0.040040,10.575000,-0.048247,-0.048247,-0.014866,-0.033886,0.340000,,,mt5
run_20260426_191100,XAU/USD,commodity,H1,engine_b_proxy,structure_filters,fvg_detection=False|strong_close_pct=0.8,both,all,REJECT,258,0.248062,0.395740,-0.002445,-0.002445,-0.472567,-2.402160,-4.950960,0.258258,3.538760,-0.472567,-0.472567,-0.384124,-0.112290,0.487698,,,mt5
run_20260426_191100,XAU/USD,commodity,H1,engine_b_proxy,structure_filters,fvg_detection=True|strong_close_pct=0.8,both,all,REJECT,31,0.322581,0.748453,-0.001097,-0.001097,-0.051931,-0.286534,-0.573718,0.031031,11.161290,-0.035154,-0.035154,-0.002837,-0.032409,0.286000,,,mt5
run_20260426_191100,XAU/USD,commodity,H1,engine_d_proxy,vwap_reclaim,atr_sl_mult=0.5|band_std=0.5,both,all,NEEDS_MORE_DATA,9,,,,,,,,,,,,,,,,only 9 trades < min 20,mt5
run_20260426_191100,XAU/USD,commodity,H1,engine_d_proxy,vwap_reclaim,atr_sl_mult=1.0|band_std=0.5,both,all,NEEDS_MORE_DATA,9,,,,,,,,,,,,,,,,only 9 trades < min 20,mt5
run_20260426_191100,XAU/USD,commodity,H1,engine_d_proxy,vwap_reclaim,atr_sl_mult=0.5|band_std=1.0,both,all,NEEDS_MORE_DATA,7,,,,,,,,,,,,,,,,only 7 trades < min 20,mt5
run_20260426_191100,XAU/USD,commodity,H1,engine_d_proxy,vwap_reclaim,atr_sl_mult=1.0|band_std=1.0,both,all,NEEDS_MORE_DATA,7,,,,,,,,,,,,,,,,only 7 trades < min 20,mt5
run_20260426_191100,XAU/USD,commodity,H1,engine_d_proxy,micro_breakout,atr_sl_mult=0.5|fee_guard_r=0.5|range_bars=3,both,all,REJECT,105,0.247619,0.636657,-0.001856,-0.001856,-0.184737,-0.769718,-1.548913,0.105105,9.466667,-0.183666,-0.183666,-0.133447,-0.084247,0.589394,,,mt5
run_20260426_191100,XAU/USD,commodity,H1,engine_d_proxy,micro_breakout,atr_sl_mult=1.0|fee_guard_r=0.5|range_bars=3,both,all,REJECT,105,0.247619,0.636657,-0.001856,-0.001856,-0.184737,-0.769718,-1.548913,0.105105,9.466667,-0.183666,-0.183666,-0.133447,-0.084247,0.589394,,,mt5
run_20260426_191100,XAU/USD,commodity,H1,engine_d_proxy,micro_breakout,atr_sl_mult=0.5|fee_guard_r=0.5|range_bars=6,both,all,REJECT,62,0.258065,0.532288,-0.003547,-0.003547,-0.208370,-0.905145,-1.849139,0.062062,15.822581,-0.203318,-0.203318,-0.165668,-0.071780,0.529983,,,mt5
run_20260426_191100,XAU/USD,commodity,H1,engine_d_proxy,micro_breakout,atr_sl_mult=1.0|fee_guard_r=0.5|range_bars=6,both,all,REJECT,62,0.258065,0.532288,-0.003547,-0.003547,-0.208370,-0.905145,-1.849139,0.062062,15.822581,-0.203318,-0.203318,-0.165668,-0.071780,0.529983,,,mt5
run_20260426_191100,XAU/USD,commodity,H1,engine_d_proxy,ema_scalp_pullback,atr_sl_mult=0.5|ema_period=21,both,all,REJECT,157,0.152866,0.494446,-0.002056,-0.002056,-0.280782,-1.383924,-2.814866,0.157157,6.299363,-0.280782,-0.280782,-0.225754,-0.098804,0.531299,,,mt5
run_20260426_191100,XAU/USD,commodity,H1,engine_d_proxy,ema_scalp_pullback,atr_sl_mult=1.0|ema_period=21,both,all,REJECT,157,0.152866,0.494446,-0.002056,-0.002056,-0.280782,-1.383924,-2.814866,0.157157,6.299363,-0.280782,-0.280782,-0.225754,-0.098804,0.531299,,,mt5
run_20260426_191100,XAG/USD,commodity,H1,trend_momentum,ema_cross,adx_min=0|fast_period=10|rsi_confirm=False|slow_period=50,both,all,REJECT,39,0.179487,0.493213,-0.007535,-0.007535,-0.287984,-0.660808,-1.345397,0.039039,23.333333,-0.271908,-0.271908,-0.133981,-0.107064,0.573731,,,mt5
run_20260426_191100,XAG/USD,commodity,H1,trend_momentum,ema_cross,adx_min=0|fast_period=10|rsi_confirm=True|slow_period=50,both,all,REJECT,35,0.200000,0.534253,-0.007129,-0.007129,-0.282328,-0.564839,-1.145354,0.035035,25.828571,-0.238609,-0.238609,-0.101510,-0.099972,0.605455,,,mt5
run_20260426_191100,XAG/USD,commodity,H1,trend_momentum,ema_cross,adx_min=20|fast_period=10|rsi_confirm=False|slow_period=50,both,all,REJECT,39,0.179487,0.493213,-0.007535,-0.007535,-0.287984,-0.660808,-1.345397,0.039039,23.333333,-0.271908,-0.271908,-0.133981,-0.107064,0.573731,,,mt5
run_20260426_191100,XAG/USD,commodity,H1,trend_momentum,ema_cross,adx_min=20|fast_period=10|rsi_confirm=True|slow_period=50,both,all,REJECT,35,0.200000,0.534253,-0.007129,-0.007129,-0.282328,-0.564839,-1.145354,0.035035,25.828571,-0.238609,-0.238609,-0.101510,-0.099972,0.605455,,,mt5
run_20260426_191100,XAG/USD,commodity,H1,trend_momentum,ema_cross,adx_min=25|fast_period=10|rsi_confirm=False|slow_period=50,both,all,REJECT,32,0.156250,0.507326,-0.008289,-0.008289,-0.259870,-0.599895,-1.221699,0.032032,25.218750,-0.250555,-0.250555,-0.129424,-0.085688,0.490621,,,mt5
run_20260426_191100,XAG/USD,commodity,H1,trend_momentum,ema_cross,adx_min=25|fast_period=10|rsi_confirm=True|slow_period=50,both,all,REJECT,29,0.172414,0.548612,-0.007755,-0.007755,-0.256988,-0.512054,-1.038282,0.029029,27.689655,-0.219427,-0.219427,-0.096782,-0.082127,0.528574,,,mt5
run_20260426_191100,XAG/USD,commodity,H1,trend_momentum,ema_cross,adx_min=0|fast_period=10|rsi_confirm=False|slow_period=100,both,all,REJECT,21,0.238095,0.567222,-0.008086,-0.008086,-0.222152,-0.460409,-0.935686,0.021021,43.666667,-0.170090,-0.170090,-0.114952,-0.002244,0.231856,,,mt5
run_20260426_191100,XAG/USD,commodity,H1,trend_momentum,ema_cross,adx_min=0|fast_period=10|rsi_confirm=True|slow_period=100,both,all,NEEDS_MORE_DATA,19,,,,,,,,,,,,,,,,only 19 trades < min 20,mt5
run_20260426_191100,XAG/USD,commodity,H1,trend_momentum,ema_cross,adx_min=20|fast_period=10|rsi_confirm=False|slow_period=100,both,all,REJECT,21,0.238095,0.567222,-0.008086,-0.008086,-0.222152,-0.460409,-0.935686,0.021021,43.666667,-0.170090,-0.170090,-0.114952,-0.002244,0.231856,,,mt5
run_20260426_191100,XAG/USD,commodity,H1,trend_momentum,ema_cross,adx_min=20|fast_period=10|rsi_confirm=True|slow_period=100,both,all,NEEDS_MORE_DATA,19,,,,,,,,,,,,,,,,only 19 trades < min 20,mt5
run_20260426_191100,XAG/USD,commodity,H1,trend_momentum,ema_cross,adx_min=25|fast_period=10|rsi_confirm=False|slow_period=100,both,all,REJECT,20,0.250000,0.588088,-0.007795,-0.007795,-0.211171,-0.423824,-0.859419,0.020020,44.750000,-0.158374,-0.158374,-0.102457,-0.002244,0.226570,,,mt5
run_20260426_191100,XAG/USD,commodity,H1,trend_momentum,ema_cross,adx_min=25|fast_period=10|rsi_confirm=True|slow_period=100,both,all,NEEDS_MORE_DATA,18,,,,,,,,,,,,,,,,only 18 trades < min 20,mt5
run_20260426_191100,XAG/USD,commodity,H1,trend_momentum,ema_cross,adx_min=0|fast_period=10|rsi_confirm=False|slow_period=200,both,all,NEEDS_MORE_DATA,17,,,,,,,,,,,,,,,,only 17 trades < min 20,mt5
run_20260426_191100,XAG/USD,commodity,H1,trend_momentum,ema_cross,adx_min=0|fast_period=10|rsi_confirm=True|slow_period=200,both,all,NEEDS_MORE_DATA,15,,,,,,,,,,,,,,,,only 15 trades < min 20,mt5
run_20260426_191100,XAG/USD,commodity,H1,trend_momentum,ema_cross,adx_min=20|fast_period=10|rsi_confirm=False|slow_period=200,both,all,NEEDS_MORE_DATA,17,,,,,,,,,,,,,,,,only 17 trades < min 20,mt5
run_20260426_191100,XAG/USD,commodity,H1,trend_momentum,ema_cross,adx_min=20|fast_period=10|rsi_confirm=True|slow_period=200,both,all,NEEDS_MORE_DATA,15,,,,,,,,,,,,,,,,only 15 trades < min 20,mt5
run_20260426_191100,XAG/USD,commodity,H1,trend_momentum,ema_cross,adx_min=25|fast_period=10|rsi_confirm=False|slow_period=200,both,all,NEEDS_MORE_DATA,16,,,,,,,,,,,,,,,,only 16 trades < min 20,mt5
run_20260426_191100,XAG/USD,commodity,H1,trend_momentum,ema_cross,adx_min=25|fast_period=10|rsi_confirm=True|slow_period=200,both,all,NEEDS_MORE_DATA,14,,,,,,,,,,,,,,,,only 14 trades < min 20,mt5
run_20260426_191100,XAG/USD,commodity,H1,trend_momentum,ema_cross,adx_min=0|fast_period=20|rsi_confirm=False|slow_period=50,both,all,NEEDS_MORE_DATA,17,,,,,,,,,,,,,,,,only 17 trades < min 20,mt5
run_20260426_191100,XAG/USD,commodity,H1,trend_momentum,ema_cross,adx_min=0|fast_period=20|rsi_confirm=True|slow_period=50,both,all,NEEDS_MORE_DATA,15,,,,,,,,,,,,,,,,only 15 trades < min 20,mt5
run_20260426_191100,XAG/USD,commodity,H1,trend_momentum,ema_cross,adx_min=20|fast_period=20|rsi_confirm=False|slow_period=50,both,all,NEEDS_MORE_DATA,17,,,,,,,,,,,,,,,,only 17 trades < min 20,mt5
run_20260426_191100,XAG/USD,commodity,H1,trend_momentum,ema_cross,adx_min=20|fast_period=20|rsi_confirm=True|slow_period=50,both,all,NEEDS_MORE_DATA,15,,,,,,,,,,,,,,,,only 15 trades < min 20,mt5
run_20260426_191100,XAG/USD,commodity,H1,trend_momentum,ema_cross,adx_min=25|fast_period=20|rsi_confirm=False|slow_period=50,both,all,NEEDS_MORE_DATA,14,,,,,,,,,,,,,,,,only 14 trades < min 20,mt5
run_20260426_191100,XAG/USD,commodity,H1,trend_momentum,ema_cross,adx_min=25|fast_period=20|rsi_confirm=True|slow_period=50,both,all,NEEDS_MORE_DATA,12,,,,,,,,,,,,,,,,only 12 trades < min 20,mt5
run_20260426_191100,XAG/USD,commodity,H1,trend_momentum,ema_cross,adx_min=0|fast_period=20|rsi_confirm=False|slow_period=100,both,all,NEEDS_MORE_DATA,19,,,,,,,,,,,,,,,,only 19 trades < min 20,mt5
run_20260426_191100,XAG/USD,commodity,H1,trend_momentum,ema_cross,adx_min=0|fast_period=20|rsi_confirm=True|slow_period=100,both,all,NEEDS_MORE_DATA,17,,,,,,,,,,,,,,,,only 17 trades < min 20,mt5
run_20260426_191100,XAG/USD,commodity,H1,trend_momentum,ema_cross,adx_min=20|fast_period=20|rsi_confirm=False|slow_period=100,both,all,NEEDS_MORE_DATA,19,,,,,,,,,,,,,,,,only 19 trades < min 20,mt5
run_20260426_191100,XAG/USD,commodity,H1,trend_momentum,ema_cross,adx_min=20|fast_period=20|rsi_confirm=True|slow_period=100,both,all,NEEDS_MORE_DATA,17,,,,,,,,,,,,,,,,only 17 trades < min 20,mt5
run_20260426_191100,XAG/USD,commodity,H1,trend_momentum,ema_cross,adx_min=25|fast_period=20|rsi_confirm=False|slow_period=100,both,all,NEEDS_MORE_DATA,18,,,,,,,,,,,,,,,,only 18 trades < min 20,mt5
run_20260426_191100,XAG/USD,commodity,H1,trend_momentum,ema_cross,adx_min=25|fast_period=20|rsi_confirm=True|slow_period=100,both,all,NEEDS_MORE_DATA,16,,,,,,,,,,,,,,,,only 16 trades < min 20,mt5
run_20260426_191100,XAG/USD,commodity,H1,trend_momentum,ema_cross,adx_min=0|fast_period=20|rsi_confirm=False|slow_period=200,both,all,NEEDS_MORE_DATA,17,,,,,,,,,,,,,,,,only 17 trades < min 20,mt5
run_20260426_191100,XAG/USD,commodity,H1,trend_momentum,ema_cross,adx_min=0|fast_period=20|rsi_confirm=True|slow_period=200,both,all,NEEDS_MORE_DATA,15,,,,,,,,,,,,,,,,only 15 trades < min 20,mt5
run_20260426_191100,XAG/USD,commodity,H1,trend_momentum,ema_cross,adx_min=20|fast_period=20|rsi_confirm=False|slow_period=200,both,all,NEEDS_MORE_DATA,17,,,,,,,,,,,,,,,,only 17 trades < min 20,mt5
run_20260426_191100,XAG/USD,commodity,H1,trend_momentum,ema_cross,adx_min=20|fast_period=20|rsi_confirm=True|slow_period=200,both,all,NEEDS_MORE_DATA,15,,,,,,,,,,,,,,,,only 15 trades < min 20,mt5
run_20260426_191100,XAG/USD,commodity,H1,trend_momentum,ema_cross,adx_min=25|fast_period=20|rsi_confirm=False|slow_period=200,both,all,NEEDS_MORE_DATA,16,,,,,,,,,,,,,,,,only 16 trades < min 20,mt5
run_20260426_191100,XAG/USD,commodity,H1,trend_momentum,ema_cross,adx_min=25|fast_period=20|rsi_confirm=True|slow_period=200,both,all,NEEDS_MORE_DATA,14,,,,,,,,,,,,,,,,only 14 trades < min 20,mt5
run_20260426_191100,XAG/USD,commodity,H1,trend_momentum,ema_alignment,adx_min=0|ema_long=200|ema_mid=50|ema_short=20,both,all,NEEDS_MORE_DATA,13,,,,,,,,,,,,,,,,only 13 trades < min 20,mt5
run_20260426_191100,XAG/USD,commodity,H1,trend_momentum,ema_alignment,adx_min=20|ema_long=200|ema_mid=50|ema_short=20,both,all,NEEDS_MORE_DATA,13,,,,,,,,,,,,,,,,only 13 trades < min 20,mt5
run_20260426_191100,XAG/USD,commodity,H1,trend_momentum,ema_alignment,adx_min=25|ema_long=200|ema_mid=50|ema_short=20,both,all,NEEDS_MORE_DATA,13,,,,,,,,,,,,,,,,only 13 trades < min 20,mt5
run_20260426_191100,XAG/USD,commodity,H1,trend_momentum,macd_direction,adx_min=0|fast=12|signal_period=9|slow=26,both,all,REJECT,80,0.350000,0.864769,-0.001527,-0.001527,-0.249072,-0.244468,-0.487657,0.080080,12.350000,-0.141836,-0.141836,-0.154457,-0.031694,0.461559,,,mt5
run_20260426_191100,XAG/USD,commodity,H1,trend_momentum,macd_direction,adx_min=20|fast=12|signal_period=9|slow=26,both,all,REJECT,80,0.350000,0.864769,-0.001527,-0.001527,-0.249072,-0.244468,-0.487657,0.080080,12.350000,-0.141836,-0.141836,-0.154457,-0.031694,0.461559,,,mt5
run_20260426_191100,XAG/USD,commodity,H1,pullback,pullback_ema,pullback_period=20|rsi_reclaim=False|rsi_threshold=50|trend_period=200,both,all,REJECT,75,0.213333,0.656850,-0.002813,-0.002813,-0.210881,-0.622212,-1.251387,0.075075,7.133333,-0.201613,-0.201613,-0.160683,-0.072915,0.536135,,,mt5
run_20260426_191100,XAG/USD,commodity,H1,pullback,pullback_ema,pullback_period=20|rsi_reclaim=True|rsi_threshold=50|trend_period=200,both,all,REJECT,66,0.212121,0.651637,-0.002891,-0.002891,-0.230365,-0.589503,-1.185946,0.066066,7.439394,-0.184279,-0.184279,-0.152259,-0.062200,0.522553,,,mt5
run_20260426_191100,XAG/USD,commodity,H1,pullback,pullback_ema,pullback_period=50|rsi_reclaim=False|rsi_threshold=50|trend_period=200,both,all,REJECT,60,0.166667,0.512124,-0.004507,-0.004507,-0.253033,-0.781229,-1.586636,0.060060,9.816667,-0.247852,-0.247852,-0.236652,-0.023799,0.430170,,,mt5
run_20260426_191100,XAG/USD,commodity,H1,pullback,pullback_ema,pullback_period=50|rsi_reclaim=True|rsi_threshold=50|trend_period=200,both,all,REJECT,38,0.184211,0.356261,-0.006108,-0.006108,-0.219046,-1.232907,-2.668156,0.038038,10.578947,-0.210666,-0.210666,-0.207241,-0.013544,0.347606,,,mt5
run_20260426_191100,XAG/USD,commodity,H1,breakout,prev_day_hl,atr_expand_min=0.0,both,all,NEEDS_MORE_DATA,0,,,,,,,,,,,,,,,,only 0 trades < min 20,mt5
run_20260426_191100,XAG/USD,commodity,H1,breakout,prev_day_hl,atr_expand_min=0.5,both,all,NEEDS_MORE_DATA,0,,,,,,,,,,,,,,,,only 0 trades < min 20,mt5
run_20260426_191100,XAG/USD,commodity,H1,breakout,prev_day_hl,atr_expand_min=1.0,both,all,NEEDS_MORE_DATA,0,,,,,,,,,,,,,,,,only 0 trades < min 20,mt5
run_20260426_191100,XAG/USD,commodity,H1,breakout,session_opening_range,atr_expand_min=0.0|range_bars=6,both,all,REJECT,62,0.322581,0.673934,-0.004515,-0.004515,-0.277052,-0.597328,-1.202858,0.062062,15.822581,-0.264473,-0.264473,-0.214513,-0.106236,0.548573,,,mt5
run_20260426_191100,XAG/USD,commodity,H1,breakout,session_opening_range,atr_expand_min=0.5|range_bars=6,both,all,REJECT,61,0.327869,0.690424,-0.004253,-0.004253,-0.272915,-0.555599,-1.117364,0.061061,16.000000,-0.249079,-0.249079,-0.198074,-0.106236,0.560904,,,mt5
run_20260426_191100,XAG/USD,commodity,H1,breakout,session_opening_range,atr_expand_min=0.0|range_bars=12,both,all,REJECT,34,0.382353,0.537118,-0.007272,-0.007272,-0.269149,-0.678993,-1.389171,0.034034,28.147059,-0.232066,-0.232066,-0.058441,-0.120188,0.304000,,,mt5
run_20260426_191100,XAG/USD,commodity,H1,breakout,session_opening_range,atr_expand_min=0.5|range_bars=12,both,all,REJECT,34,0.382353,0.524388,-0.007654,-0.007654,-0.278991,-0.702884,-1.440882,0.034034,28.029412,-0.242407,-0.242407,-0.071120,-0.120188,0.397021,,,mt5
run_20260426_191100,XAG/USD,commodity,H1,breakout,london_breakout,atr_expand_min=0.0|utc_end=11|utc_start=7,both,all,REJECT,21,0.333333,0.610743,-0.005205,-0.005205,-0.118868,-0.489032,-0.996466,0.021021,14.333333,-0.109162,-0.109162,-0.030953,-0.080707,0.226000,,,mt5
run_20260426_191100,XAG/USD,commodity,H1,breakout,london_breakout,atr_expand_min=0.5|utc_end=11|utc_start=7,both,all,REJECT,21,0.333333,0.610743,-0.005205,-0.005205,-0.118868,-0.489032,-0.996466,0.021021,14.333333,-0.109162,-0.109162,-0.030953,-0.080707,0.226000,,,mt5
run_20260426_191100,XAG/USD,commodity,H1,breakout,ny_breakout,atr_expand_min=0.0|utc_end=16|utc_start=13,both,all,NEEDS_MORE_DATA,16,,,,,,,,,,,,,,,,only 16 trades < min 20,mt5
run_20260426_191100,XAG/USD,commodity,H1,breakout,ny_breakout,atr_expand_min=0.5|utc_end=16|utc_start=13,both,all,NEEDS_MORE_DATA,16,,,,,,,,,,,,,,,,only 16 trades < min 20,mt5
run_20260426_191100,XAG/USD,commodity,H1,mean_reversion,rsi_extreme,overbought=70|oversold=30|period=14,both,all,NEEDS_MORE_DATA,19,,,,,,,,,,,,,,,,only 19 trades < min 20,mt5
run_20260426_191100,XAG/USD,commodity,H1,mean_reversion,rsi_extreme,overbought=75|oversold=30|period=14,both,all,NEEDS_MORE_DATA,15,,,,,,,,,,,,,,,,only 15 trades < min 20,mt5
run_20260426_191100,XAG/USD,commodity,H1,mean_reversion,rsi_extreme,overbought=70|oversold=25|period=14,both,all,NEEDS_MORE_DATA,13,,,,,,,,,,,,,,,,only 13 trades < min 20,mt5
run_20260426_191100,XAG/USD,commodity,H1,mean_reversion,rsi_extreme,overbought=75|oversold=25|period=14,both,all,NEEDS_MORE_DATA,9,,,,,,,,,,,,,,,,only 9 trades < min 20,mt5
run_20260426_191100,XAG/USD,commodity,H1,mean_reversion,bollinger_touch,num_std=2.0|period=20,both,all,REJECT,33,0.515152,0.722204,-0.003514,-0.003514,-0.199839,-0.367876,-0.738663,0.033033,16.303030,-0.120838,-0.120838,-0.150259,0.034624,0.298000,,,mt5
run_20260426_191100,XAG/USD,commodity,H1,mean_reversion,bollinger_touch,num_std=2.5|period=20,both,all,REJECT,20,0.650000,0.839953,-0.001711,-0.001711,-0.166672,-0.148626,-0.296709,0.020020,17.450000,-0.040271,-0.040271,-0.134712,0.109144,0.220000,,,mt5
run_20260426_191100,XAG/USD,commodity,H1,mean_reversion,vwap_deviation,std_threshold=1.5,both,all,NEEDS_MORE_DATA,10,,,,,,,,,,,,,,,,only 10 trades < min 20,mt5
run_20260426_191100,XAG/USD,commodity,H1,mean_reversion,vwap_deviation,std_threshold=2.0,both,all,NEEDS_MORE_DATA,8,,,,,,,,,,,,,,,,only 8 trades < min 20,mt5
run_20260426_191100,XAG/USD,commodity,H1,volatility,bb_squeeze_breakout,confirm_ema=True|period=20|squeeze_pct=20,both,all,REJECT,22,0.409091,0.817470,-0.002183,-0.002183,-0.104055,-0.204012,-0.407902,0.022022,9.181818,-0.053525,-0.053525,-0.060746,0.007688,0.232000,,,mt5
run_20260426_191100,XAG/USD,commodity,H1,volatility,bb_squeeze_breakout,confirm_ema=False|period=20|squeeze_pct=20,both,all,REJECT,22,0.409091,0.817470,-0.002183,-0.002183,-0.104055,-0.204012,-0.407902,0.022022,9.181818,-0.053525,-0.053525,-0.060746,0.007688,0.232000,,,mt5
run_20260426_191100,XAG/USD,commodity,H1,volatility,bb_squeeze_breakout,confirm_ema=True|period=20|squeeze_pct=30,both,all,REJECT,29,0.413793,0.669668,-0.003651,-0.003651,-0.175920,-0.450913,-0.910626,0.029029,8.724138,-0.106709,-0.106709,-0.095779,-0.012088,0.311863,,,mt5
run_20260426_191100,XAG/USD,commodity,H1,volatility,bb_squeeze_breakout,confirm_ema=False|period=20|squeeze_pct=30,both,all,REJECT,29,0.413793,0.669668,-0.003651,-0.003651,-0.175920,-0.450913,-0.910626,0.029029,8.724138,-0.106709,-0.106709,-0.095779,-0.012088,0.311863,,,mt5
run_20260426_191100,XAG/USD,commodity,H1,volatility,atr_compression,confirm_ema=True|period=14|squeeze_pct=20,both,all,REJECT,26,0.192308,0.527443,-0.006799,-0.006799,-0.173046,-0.534984,-1.089134,0.026026,18.000000,-0.173046,-0.173046,-0.102971,-0.078119,0.483597,,,mt5
run_20260426_191100,XAG/USD,commodity,H1,volatility,atr_compression,confirm_ema=False|period=14|squeeze_pct=20,both,all,REJECT,27,0.222222,0.717049,-0.003434,-0.003434,-0.161931,-0.280914,-0.562779,0.027027,16.703704,-0.100452,-0.100452,-0.027459,-0.075054,0.262000,,,mt5
run_20260426_191100,XAG/USD,commodity,H1,volatility,atr_compression,confirm_ema=True|period=14|squeeze_pct=30,both,all,REJECT,22,0.181818,0.548078,-0.007187,-0.007187,-0.193779,-0.503256,-1.025685,0.022022,19.636364,-0.156466,-0.156466,-0.098195,-0.064615,0.429409,,,mt5
run_20260426_191100,XAG/USD,commodity,H1,volatility,atr_compression,confirm_ema=False|period=14|squeeze_pct=30,both,all,REJECT,23,0.217391,0.630692,-0.005312,-0.005312,-0.168338,-0.396531,-0.800589,0.023023,18.000000,-0.125162,-0.125162,-0.093339,-0.035099,0.350812,,,mt5
run_20260426_191100,XAG/USD,commodity,H1,engine_b_proxy,ob_bos,require_engulf=False|require_vol_expand=False|swing_period=5,both,all,NEEDS_MORE_DATA,18,,,,,,,,,,,,,,,,only 18 trades < min 20,mt5
run_20260426_191100,XAG/USD,commodity,H1,engine_b_proxy,ob_bos,require_engulf=False|require_vol_expand=True|swing_period=5,both,all,NEEDS_MORE_DATA,12,,,,,,,,,,,,,,,,only 12 trades < min 20,mt5
run_20260426_191100,XAG/USD,commodity,H1,engine_b_proxy,ob_bos,require_engulf=True|require_vol_expand=False|swing_period=5,both,all,NEEDS_MORE_DATA,18,,,,,,,,,,,,,,,,only 18 trades < min 20,mt5
run_20260426_191100,XAG/USD,commodity,H1,engine_b_proxy,ob_bos,require_engulf=True|require_vol_expand=True|swing_period=5,both,all,NEEDS_MORE_DATA,12,,,,,,,,,,,,,,,,only 12 trades < min 20,mt5
run_20260426_191100,XAG/USD,commodity,H1,engine_b_proxy,ob_bos,require_engulf=False|require_vol_expand=False|swing_period=10,both,all,NEEDS_MORE_DATA,11,,,,,,,,,,,,,,,,only 11 trades < min 20,mt5
run_20260426_191100,XAG/USD,commodity,H1,engine_b_proxy,ob_bos,require_engulf=False|require_vol_expand=True|swing_period=10,both,all,NEEDS_MORE_DATA,7,,,,,,,,,,,,,,,,only 7 trades < min 20,mt5
run_20260426_191100,XAG/USD,commodity,H1,engine_b_proxy,ob_bos,require_engulf=True|require_vol_expand=False|swing_period=10,both,all,NEEDS_MORE_DATA,11,,,,,,,,,,,,,,,,only 11 trades < min 20,mt5
run_20260426_191100,XAG/USD,commodity,H1,engine_b_proxy,ob_bos,require_engulf=True|require_vol_expand=True|swing_period=10,both,all,NEEDS_MORE_DATA,7,,,,,,,,,,,,,,,,only 7 trades < min 20,mt5
run_20260426_191100,XAG/USD,commodity,H1,engine_b_proxy,structure_filters,fvg_detection=False|strong_close_pct=0.7,both,all,REJECT,355,0.287324,0.523484,-0.003166,-0.003166,-0.688633,-2.189016,-4.437919,0.355355,2.707042,-0.685812,-0.685812,-0.626891,-0.196257,0.493919,,,mt5
run_20260426_191100,XAG/USD,commodity,H1,engine_b_proxy,structure_filters,fvg_detection=True|strong_close_pct=0.7,both,all,REJECT,35,0.342857,0.790898,-0.002144,-0.002144,-0.135846,-0.281008,-0.562215,0.035035,13.600000,-0.080538,-0.080538,-0.045981,-0.036223,0.546338,,,mt5
run_20260426_191100,XAG/USD,commodity,H1,engine_b_proxy,structure_filters,fvg_detection=False|strong_close_pct=0.8,both,all,REJECT,260,0.311538,0.608470,-0.002896,-0.002896,-0.561290,-1.414852,-2.850855,0.260260,3.573077,-0.545543,-0.545543,-0.527747,-0.081494,0.446326,,,mt5
run_20260426_191100,XAG/USD,commodity,H1,engine_b_proxy,structure_filters,fvg_detection=True|strong_close_pct=0.8,both,all,REJECT,23,0.347826,0.911921,-0.000896,-0.000896,-0.095329,-0.088427,-0.176268,0.023023,16.130435,-0.027026,-0.027026,-0.037428,0.010807,0.238000,,,mt5
run_20260426_191100,XAG/USD,commodity,H1,engine_d_proxy,vwap_reclaim,atr_sl_mult=0.5|band_std=0.5,both,all,REJECT,20,0.100000,0.290531,-0.010947,-0.010947,-0.222568,-0.993670,-2.202079,0.020020,46.100000,-0.201470,-0.201470,-0.222568,-0.047005,0.283358,,,mt5
run_20260426_191100,XAG/USD,commodity,H1,engine_d_proxy,vwap_reclaim,atr_sl_mult=1.0|band_std=0.5,both,all,REJECT,20,0.100000,0.290531,-0.010947,-0.010947,-0.222568,-0.993670,-2.202079,0.020020,46.100000,-0.201470,-0.201470,-0.222568,-0.047005,0.283358,,,mt5
run_20260426_191100,XAG/USD,commodity,H1,engine_d_proxy,vwap_reclaim,atr_sl_mult=0.5|band_std=1.0,both,all,NEEDS_MORE_DATA,9,,,,,,,,,,,,,,,,only 9 trades < min 20,mt5
run_20260426_191100,XAG/USD,commodity,H1,engine_d_proxy,vwap_reclaim,atr_sl_mult=1.0|band_std=1.0,both,all,NEEDS_MORE_DATA,9,,,,,,,,,,,,,,,,only 9 trades < min 20,mt5
run_20260426_191100,XAG/USD,commodity,H1,engine_d_proxy,micro_breakout,atr_sl_mult=0.5|fee_guard_r=0.5|range_bars=3,both,all,REJECT,103,0.310680,0.723145,-0.002727,-0.002727,-0.282174,-0.626449,-1.256466,0.103103,9.621359,-0.263567,-0.263567,-0.216274,-0.112455,0.555990,,,mt5
run_20260426_191100,XAG/USD,commodity,H1,engine_d_proxy,micro_breakout,atr_sl_mult=1.0|fee_guard_r=0.5|range_bars=3,both,all,REJECT,103,0.310680,0.723145,-0.002727,-0.002727,-0.282174,-0.626449,-1.256466,0.103103,9.621359,-0.263567,-0.263567,-0.216274,-0.112455,0.555990,,,mt5
run_20260426_191100,XAG/USD,commodity,H1,engine_d_proxy,micro_breakout,atr_sl_mult=0.5|fee_guard_r=0.5|range_bars=6,both,all,REJECT,62,0.322581,0.673934,-0.004515,-0.004515,-0.277052,-0.597328,-1.202858,0.062062,15.822581,-0.264473,-0.264473,-0.214513,-0.106236,0.548573,,,mt5
run_20260426_191100,XAG/USD,commodity,H1,engine_d_proxy,micro_breakout,atr_sl_mult=1.0|fee_guard_r=0.5|range_bars=6,both,all,REJECT,62,0.322581,0.673934,-0.004515,-0.004515,-0.277052,-0.597328,-1.202858,0.062062,15.822581,-0.264473,-0.264473,-0.214513,-0.106236,0.548573,,,mt5
run_20260426_191100,XAG/USD,commodity,H1,engine_d_proxy,ema_scalp_pullback,atr_sl_mult=0.5|ema_period=21,both,all,REJECT,142,0.204225,0.634111,-0.002776,-0.002776,-0.341931,-0.887669,-1.785222,0.142142,6.936620,-0.341931,-0.341931,-0.248108,-0.146832,0.577542,,,mt5
run_20260426_191100,XAG/USD,commodity,H1,engine_d_proxy,ema_scalp_pullback,atr_sl_mult=1.0|ema_period=21,both,all,REJECT,142,0.204225,0.634111,-0.002776,-0.002776,-0.341931,-0.887669,-1.785222,0.142142,6.936620,-0.341931,-0.341931,-0.248108,-0.146832,0.577542,,,mt5
run_20260426_191100,WTI Oil,commodity,H1,trend_momentum,ema_cross,adx_min=0|fast_period=10|rsi_confirm=False|slow_period=50,both,all,NEEDS_MORE_DATA,13,,,,,,,,,,,,,,,,only 13 trades < min 20,eodhd
run_20260426_191100,WTI Oil,commodity,H1,trend_momentum,ema_cross,adx_min=0|fast_period=10|rsi_confirm=True|slow_period=50,both,all,NEEDS_MORE_DATA,13,,,,,,,,,,,,,,,,only 13 trades < min 20,eodhd
run_20260426_191100,WTI Oil,commodity,H1,trend_momentum,ema_cross,adx_min=20|fast_period=10|rsi_confirm=False|slow_period=50,both,all,NEEDS_MORE_DATA,12,,,,,,,,,,,,,,,,only 12 trades < min 20,eodhd
run_20260426_191100,WTI Oil,commodity,H1,trend_momentum,ema_cross,adx_min=20|fast_period=10|rsi_confirm=True|slow_period=50,both,all,NEEDS_MORE_DATA,12,,,,,,,,,,,,,,,,only 12 trades < min 20,eodhd
run_20260426_191100,WTI Oil,commodity,H1,trend_momentum,ema_cross,adx_min=25|fast_period=10|rsi_confirm=False|slow_period=50,both,all,NEEDS_MORE_DATA,12,,,,,,,,,,,,,,,,only 12 trades < min 20,eodhd
run_20260426_191100,WTI Oil,commodity,H1,trend_momentum,ema_cross,adx_min=25|fast_period=10|rsi_confirm=True|slow_period=50,both,all,NEEDS_MORE_DATA,12,,,,,,,,,,,,,,,,only 12 trades < min 20,eodhd
run_20260426_191100,WTI Oil,commodity,H1,trend_momentum,ema_cross,adx_min=0|fast_period=10|rsi_confirm=False|slow_period=100,both,all,NEEDS_MORE_DATA,7,,,,,,,,,,,,,,,,only 7 trades < min 20,eodhd
run_20260426_191100,WTI Oil,commodity,H1,trend_momentum,ema_cross,adx_min=0|fast_period=10|rsi_confirm=True|slow_period=100,both,all,NEEDS_MORE_DATA,7,,,,,,,,,,,,,,,,only 7 trades < min 20,eodhd
run_20260426_191100,WTI Oil,commodity,H1,trend_momentum,ema_cross,adx_min=20|fast_period=10|rsi_confirm=False|slow_period=100,both,all,NEEDS_MORE_DATA,6,,,,,,,,,,,,,,,,only 6 trades < min 20,eodhd
run_20260426_191100,WTI Oil,commodity,H1,trend_momentum,ema_cross,adx_min=20|fast_period=10|rsi_confirm=True|slow_period=100,both,all,NEEDS_MORE_DATA,6,,,,,,,,,,,,,,,,only 6 trades < min 20,eodhd
run_20260426_191100,WTI Oil,commodity,H1,trend_momentum,ema_cross,adx_min=25|fast_period=10|rsi_confirm=False|slow_period=100,both,all,NEEDS_MORE_DATA,6,,,,,,,,,,,,,,,,only 6 trades < min 20,eodhd
run_20260426_191100,WTI Oil,commodity,H1,trend_momentum,ema_cross,adx_min=25|fast_period=10|rsi_confirm=True|slow_period=100,both,all,NEEDS_MORE_DATA,6,,,,,,,,,,,,,,,,only 6 trades < min 20,eodhd
run_20260426_191100,WTI Oil,commodity,H1,trend_momentum,ema_cross,adx_min=0|fast_period=10|rsi_confirm=False|slow_period=200,both,all,NEEDS_MORE_DATA,2,,,,,,,,,,,,,,,,only 2 trades < min 20,eodhd
run_20260426_191100,WTI Oil,commodity,H1,trend_momentum,ema_cross,adx_min=0|fast_period=10|rsi_confirm=True|slow_period=200,both,all,NEEDS_MORE_DATA,2,,,,,,,,,,,,,,,,only 2 trades < min 20,eodhd
run_20260426_191100,WTI Oil,commodity,H1,trend_momentum,ema_cross,adx_min=20|fast_period=10|rsi_confirm=False|slow_period=200,both,all,NEEDS_MORE_DATA,1,,,,,,,,,,,,,,,,only 1 trades < min 20,eodhd
run_20260426_191100,WTI Oil,commodity,H1,trend_momentum,ema_cross,adx_min=20|fast_period=10|rsi_confirm=True|slow_period=200,both,all,NEEDS_MORE_DATA,1,,,,,,,,,,,,,,,,only 1 trades < min 20,eodhd
run_20260426_191100,WTI Oil,commodity,H1,trend_momentum,ema_cross,adx_min=25|fast_period=10|rsi_confirm=False|slow_period=200,both,all,NEEDS_MORE_DATA,1,,,,,,,,,,,,,,,,only 1 trades < min 20,eodhd
run_20260426_191100,WTI Oil,commodity,H1,trend_momentum,ema_cross,adx_min=25|fast_period=10|rsi_confirm=True|slow_period=200,both,all,NEEDS_MORE_DATA,1,,,,,,,,,,,,,,,,only 1 trades < min 20,eodhd
run_20260426_191100,WTI Oil,commodity,H1,trend_momentum,ema_cross,adx_min=0|fast_period=20|rsi_confirm=False|slow_period=50,both,all,NEEDS_MORE_DATA,9,,,,,,,,,,,,,,,,only 9 trades < min 20,eodhd
run_20260426_191100,WTI Oil,commodity,H1,trend_momentum,ema_cross,adx_min=0|fast_period=20|rsi_confirm=True|slow_period=50,both,all,NEEDS_MORE_DATA,9,,,,,,,,,,,,,,,,only 9 trades < min 20,eodhd
run_20260426_191100,WTI Oil,commodity,H1,trend_momentum,ema_cross,adx_min=20|fast_period=20|rsi_confirm=False|slow_period=50,both,all,NEEDS_MORE_DATA,8,,,,,,,,,,,,,,,,only 8 trades < min 20,eodhd
run_20260426_191100,WTI Oil,commodity,H1,trend_momentum,ema_cross,adx_min=20|fast_period=20|rsi_confirm=True|slow_period=50,both,all,NEEDS_MORE_DATA,8,,,,,,,,,,,,,,,,only 8 trades < min 20,eodhd
run_20260426_191100,WTI Oil,commodity,H1,trend_momentum,ema_cross,adx_min=25|fast_period=20|rsi_confirm=False|slow_period=50,both,all,NEEDS_MORE_DATA,8,,,,,,,,,,,,,,,,only 8 trades < min 20,eodhd
run_20260426_191100,WTI Oil,commodity,H1,trend_momentum,ema_cross,adx_min=25|fast_period=20|rsi_confirm=True|slow_period=50,both,all,NEEDS_MORE_DATA,8,,,,,,,,,,,,,,,,only 8 trades < min 20,eodhd
run_20260426_191100,WTI Oil,commodity,H1,trend_momentum,ema_cross,adx_min=0|fast_period=20|rsi_confirm=False|slow_period=100,both,all,NEEDS_MORE_DATA,4,,,,,,,,,,,,,,,,only 4 trades < min 20,eodhd
run_20260426_191100,WTI Oil,commodity,H1,trend_momentum,ema_cross,adx_min=0|fast_period=20|rsi_confirm=True|slow_period=100,both,all,NEEDS_MORE_DATA,4,,,,,,,,,,,,,,,,only 4 trades < min 20,eodhd
run_20260426_191100,WTI Oil,commodity,H1,trend_momentum,ema_cross,adx_min=20|fast_period=20|rsi_confirm=False|slow_period=100,both,all,NEEDS_MORE_DATA,3,,,,,,,,,,,,,,,,only 3 trades < min 20,eodhd
run_20260426_191100,WTI Oil,commodity,H1,trend_momentum,ema_cross,adx_min=20|fast_period=20|rsi_confirm=True|slow_period=100,both,all,NEEDS_MORE_DATA,3,,,,,,,,,,,,,,,,only 3 trades < min 20,eodhd
run_20260426_191100,WTI Oil,commodity,H1,trend_momentum,ema_cross,adx_min=25|fast_period=20|rsi_confirm=False|slow_period=100,both,all,NEEDS_MORE_DATA,3,,,,,,,,,,,,,,,,only 3 trades < min 20,eodhd
run_20260426_191100,WTI Oil,commodity,H1,trend_momentum,ema_cross,adx_min=25|fast_period=20|rsi_confirm=True|slow_period=100,both,all,NEEDS_MORE_DATA,3,,,,,,,,,,,,,,,,only 3 trades < min 20,eodhd
run_20260426_191100,WTI Oil,commodity,H1,trend_momentum,ema_cross,adx_min=0|fast_period=20|rsi_confirm=False|slow_period=200,both,all,NEEDS_MORE_DATA,2,,,,,,,,,,,,,,,,only 2 trades < min 20,eodhd
run_20260426_191100,WTI Oil,commodity,H1,trend_momentum,ema_cross,adx_min=0|fast_period=20|rsi_confirm=True|slow_period=200,both,all,NEEDS_MORE_DATA,2,,,,,,,,,,,,,,,,only 2 trades < min 20,eodhd
run_20260426_191100,WTI Oil,commodity,H1,trend_momentum,ema_cross,adx_min=20|fast_period=20|rsi_confirm=False|slow_period=200,both,all,NEEDS_MORE_DATA,1,,,,,,,,,,,,,,,,only 1 trades < min 20,eodhd
run_20260426_191100,WTI Oil,commodity,H1,trend_momentum,ema_cross,adx_min=20|fast_period=20|rsi_confirm=True|slow_period=200,both,all,NEEDS_MORE_DATA,1,,,,,,,,,,,,,,,,only 1 trades < min 20,eodhd
run_20260426_191100,WTI Oil,commodity,H1,trend_momentum,ema_cross,adx_min=25|fast_period=20|rsi_confirm=False|slow_period=200,both,all,NEEDS_MORE_DATA,1,,,,,,,,,,,,,,,,only 1 trades < min 20,eodhd
run_20260426_191100,WTI Oil,commodity,H1,trend_momentum,ema_cross,adx_min=25|fast_period=20|rsi_confirm=True|slow_period=200,both,all,NEEDS_MORE_DATA,1,,,,,,,,,,,,,,,,only 1 trades < min 20,eodhd
run_20260426_191100,WTI Oil,commodity,H1,trend_momentum,ema_alignment,adx_min=0|ema_long=200|ema_mid=50|ema_short=20,both,all,NEEDS_MORE_DATA,6,,,,,,,,,,,,,,,,only 6 trades < min 20,eodhd
run_20260426_191100,WTI Oil,commodity,H1,trend_momentum,ema_alignment,adx_min=20|ema_long=200|ema_mid=50|ema_short=20,both,all,NEEDS_MORE_DATA,6,,,,,,,,,,,,,,,,only 6 trades < min 20,eodhd
run_20260426_191100,WTI Oil,commodity,H1,trend_momentum,ema_alignment,adx_min=25|ema_long=200|ema_mid=50|ema_short=20,both,all,NEEDS_MORE_DATA,6,,,,,,,,,,,,,,,,only 6 trades < min 20,eodhd
run_20260426_191100,WTI Oil,commodity,H1,trend_momentum,macd_direction,adx_min=0|fast=12|signal_period=9|slow=26,both,all,REJECT,45,0.333333,1.024601,0.000183,0.000183,-0.127260,0.033242,0.053266,0.069659,13.933333,-0.003367,-0.003367,0.064135,-0.109568,0.370000,,,eodhd
run_20260426_191100,WTI Oil,commodity,H1,trend_momentum,macd_direction,adx_min=20|fast=12|signal_period=9|slow=26,both,all,REJECT,44,0.318182,1.020945,0.000159,0.000159,-0.127260,0.028286,0.045324,0.068111,13.863636,-0.004586,-0.004586,0.062832,-0.109568,0.364000,,,eodhd
run_20260426_191100,WTI Oil,commodity,H1,pullback,pullback_ema,pullback_period=20|rsi_reclaim=False|rsi_threshold=50|trend_period=200,both,all,WEAK_CANDIDATE,26,0.423077,1.672146,0.003142,0.003142,-0.044296,0.520283,0.844569,0.040248,13.846154,0.080010,0.080010,0.074435,-0.044296,0.356000,,,eodhd
run_20260426_191100,WTI Oil,commodity,H1,pullback,pullback_ema,pullback_period=20|rsi_reclaim=True|rsi_threshold=50|trend_period=200,both,all,WEAK_CANDIDATE,24,0.416667,1.590512,0.002935,0.002935,-0.044296,0.453030,0.733701,0.037152,14.166667,0.068033,0.068033,0.062519,-0.044296,0.344000,,,eodhd
run_20260426_191100,WTI Oil,commodity,H1,pullback,pullback_ema,pullback_period=50|rsi_reclaim=False|rsi_threshold=50|trend_period=200,both,all,NEEDS_MORE_DATA,14,,,,,,,,,,,,,,,,only 14 trades < min 20,eodhd
run_20260426_191100,WTI Oil,commodity,H1,pullback,pullback_ema,pullback_period=50|rsi_reclaim=True|rsi_threshold=50|trend_period=200,both,all,NEEDS_MORE_DATA,10,,,,,,,,,,,,,,,,only 10 trades < min 20,eodhd
run_20260426_191100,WTI Oil,commodity,H1,breakout,prev_day_hl,atr_expand_min=0.0,both,all,NEEDS_MORE_DATA,0,,,,,,,,,,,,,,,,only 0 trades < min 20,eodhd
run_20260426_191100,WTI Oil,commodity,H1,breakout,prev_day_hl,atr_expand_min=0.5,both,all,NEEDS_MORE_DATA,0,,,,,,,,,,,,,,,,only 0 trades < min 20,eodhd
run_20260426_191100,WTI Oil,commodity,H1,breakout,prev_day_hl,atr_expand_min=1.0,both,all,NEEDS_MORE_DATA,0,,,,,,,,,,,,,,,,only 0 trades < min 20,eodhd
run_20260426_191100,WTI Oil,commodity,H1,breakout,session_opening_range,atr_expand_min=0.0|range_bars=6,both,all,WEAK_CANDIDATE,33,0.363636,1.132361,0.001115,0.001115,-0.114577,0.158726,0.254568,0.051084,18.757576,0.026932,0.026932,0.102947,-0.108374,0.398000,,,eodhd
run_20260426_191100,WTI Oil,commodity,H1,breakout,session_opening_range,atr_expand_min=0.5|range_bars=6,both,all,WEAK_CANDIDATE,32,0.375000,1.176150,0.001475,0.001475,-0.114577,0.203973,0.327352,0.049536,19.000000,0.037700,0.037700,0.114512,-0.108374,0.392000,,,eodhd
run_20260426_191100,WTI Oil,commodity,H1,breakout,session_opening_range,atr_expand_min=0.0|range_bars=12,both,all,NEEDS_MORE_DATA,17,,,,,,,,,,,,,,,,only 17 trades < min 20,eodhd
run_20260426_191100,WTI Oil,commodity,H1,breakout,session_opening_range,atr_expand_min=0.5|range_bars=12,both,all,NEEDS_MORE_DATA,17,,,,,,,,,,,,,,,,only 17 trades < min 20,eodhd
run_20260426_191100,WTI Oil,commodity,H1,breakout,london_breakout,atr_expand_min=0.0|utc_end=11|utc_start=7,both,all,NEEDS_MORE_DATA,0,,,,,,,,,,,,,,,,only 0 trades < min 20,eodhd
run_20260426_191100,WTI Oil,commodity,H1,breakout,london_breakout,atr_expand_min=0.5|utc_end=11|utc_start=7,both,all,NEEDS_MORE_DATA,0,,,,,,,,,,,,,,,,only 0 trades < min 20,eodhd
run_20260426_191100,WTI Oil,commodity,H1,breakout,ny_breakout,atr_expand_min=0.0|utc_end=16|utc_start=13,both,all,WEAK_CANDIDATE,21,0.285714,1.084425,0.000974,0.000974,-0.169332,0.080123,0.128432,0.032508,25.190476,0.008350,0.008350,0.156461,-0.150976,0.326000,,,eodhd
run_20260426_191100,WTI Oil,commodity,H1,breakout,ny_breakout,atr_expand_min=0.5|utc_end=16|utc_start=13,both,all,WEAK_CANDIDATE,21,0.285714,1.084425,0.000974,0.000974,-0.169332,0.080123,0.128432,0.032508,25.190476,0.008350,0.008350,0.156461,-0.150976,0.326000,,,eodhd
run_20260426_191100,WTI Oil,commodity,H1,mean_reversion,rsi_extreme,overbought=70|oversold=30|period=14,both,all,NEEDS_MORE_DATA,15,,,,,,,,,,,,,,,,only 15 trades < min 20,eodhd
run_20260426_191100,WTI Oil,commodity,H1,mean_reversion,rsi_extreme,overbought=75|oversold=30|period=14,both,all,NEEDS_MORE_DATA,11,,,,,,,,,,,,,,,,only 11 trades < min 20,eodhd
run_20260426_191100,WTI Oil,commodity,H1,mean_reversion,rsi_extreme,overbought=70|oversold=25|period=14,both,all,NEEDS_MORE_DATA,10,,,,,,,,,,,,,,,,only 10 trades < min 20,eodhd
run_20260426_191100,WTI Oil,commodity,H1,mean_reversion,rsi_extreme,overbought=75|oversold=25|period=14,both,all,NEEDS_MORE_DATA,6,,,,,,,,,,,,,,,,only 6 trades < min 20,eodhd
run_20260426_191100,WTI Oil,commodity,H1,mean_reversion,bollinger_touch,num_std=2.0|period=20,both,all,REJECT,21,0.619048,0.504402,-0.005304,-0.005304,-0.160360,-0.660866,-1.087386,0.032508,16.809524,-0.110508,-0.110508,-0.135639,0.059373,0.226000,,,eodhd
run_20260426_191100,WTI Oil,commodity,H1,mean_reversion,bollinger_touch,num_std=2.5|period=20,both,all,NEEDS_MORE_DATA,12,,,,,,,,,,,,,,,,only 12 trades < min 20,eodhd
run_20260426_191100,WTI Oil,commodity,H1,mean_reversion,vwap_deviation,std_threshold=1.5,both,all,NEEDS_MORE_DATA,3,,,,,,,,,,,,,,,,only 3 trades < min 20,eodhd
run_20260426_191100,WTI Oil,commodity,H1,mean_reversion,vwap_deviation,std_threshold=2.0,both,all,NEEDS_MORE_DATA,2,,,,,,,,,,,,,,,,only 2 trades < min 20,eodhd
run_20260426_191100,WTI Oil,commodity,H1,volatility,bb_squeeze_breakout,confirm_ema=True|period=20|squeeze_pct=20,both,all,NEEDS_MORE_DATA,12,,,,,,,,,,,,,,,,only 12 trades < min 20,eodhd
run_20260426_191100,WTI Oil,commodity,H1,volatility,bb_squeeze_breakout,confirm_ema=False|period=20|squeeze_pct=20,both,all,NEEDS_MORE_DATA,12,,,,,,,,,,,,,,,,only 12 trades < min 20,eodhd
run_20260426_191100,WTI Oil,commodity,H1,volatility,bb_squeeze_breakout,confirm_ema=True|period=20|squeeze_pct=30,both,all,NEEDS_MORE_DATA,14,,,,,,,,,,,,,,,,only 14 trades < min 20,eodhd
run_20260426_191100,WTI Oil,commodity,H1,volatility,bb_squeeze_breakout,confirm_ema=False|period=20|squeeze_pct=30,both,all,NEEDS_MORE_DATA,13,,,,,,,,,,,,,,,,only 13 trades < min 20,eodhd
run_20260426_191100,WTI Oil,commodity,H1,volatility,atr_compression,confirm_ema=True|period=14|squeeze_pct=20,both,all,NEEDS_MORE_DATA,13,,,,,,,,,,,,,,,,only 13 trades < min 20,eodhd
run_20260426_191100,WTI Oil,commodity,H1,volatility,atr_compression,confirm_ema=False|period=14|squeeze_pct=20,both,all,NEEDS_MORE_DATA,17,,,,,,,,,,,,,,,,only 17 trades < min 20,eodhd
run_20260426_191100,WTI Oil,commodity,H1,volatility,atr_compression,confirm_ema=True|period=14|squeeze_pct=30,both,all,NEEDS_MORE_DATA,11,,,,,,,,,,,,,,,,only 11 trades < min 20,eodhd
run_20260426_191100,WTI Oil,commodity,H1,volatility,atr_compression,confirm_ema=False|period=14|squeeze_pct=30,both,all,NEEDS_MORE_DATA,15,,,,,,,,,,,,,,,,only 15 trades < min 20,eodhd
run_20260426_191100,WTI Oil,commodity,H1,engine_b_proxy,ob_bos,require_engulf=False|require_vol_expand=False|swing_period=5,both,all,NEEDS_MORE_DATA,12,,,,,,,,,,,,,,,,only 12 trades < min 20,eodhd
run_20260426_191100,WTI Oil,commodity,H1,engine_b_proxy,ob_bos,require_engulf=False|require_vol_expand=True|swing_period=5,both,all,NEEDS_MORE_DATA,12,,,,,,,,,,,,,,,,only 12 trades < min 20,eodhd
run_20260426_191100,WTI Oil,commodity,H1,engine_b_proxy,ob_bos,require_engulf=True|require_vol_expand=False|swing_period=5,both,all,NEEDS_MORE_DATA,12,,,,,,,,,,,,,,,,only 12 trades < min 20,eodhd
run_20260426_191100,WTI Oil,commodity,H1,engine_b_proxy,ob_bos,require_engulf=True|require_vol_expand=True|swing_period=5,both,all,NEEDS_MORE_DATA,11,,,,,,,,,,,,,,,,only 11 trades < min 20,eodhd
run_20260426_191100,WTI Oil,commodity,H1,engine_b_proxy,ob_bos,require_engulf=False|require_vol_expand=False|swing_period=10,both,all,NEEDS_MORE_DATA,5,,,,,,,,,,,,,,,,only 5 trades < min 20,eodhd
run_20260426_191100,WTI Oil,commodity,H1,engine_b_proxy,ob_bos,require_engulf=False|require_vol_expand=True|swing_period=10,both,all,NEEDS_MORE_DATA,4,,,,,,,,,,,,,,,,only 4 trades < min 20,eodhd
run_20260426_191100,WTI Oil,commodity,H1,engine_b_proxy,ob_bos,require_engulf=True|require_vol_expand=False|swing_period=10,both,all,NEEDS_MORE_DATA,4,,,,,,,,,,,,,,,,only 4 trades < min 20,eodhd
run_20260426_191100,WTI Oil,commodity,H1,engine_b_proxy,ob_bos,require_engulf=True|require_vol_expand=True|swing_period=10,both,all,NEEDS_MORE_DATA,4,,,,,,,,,,,,,,,,only 4 trades < min 20,eodhd
run_20260426_191100,WTI Oil,commodity,H1,engine_b_proxy,structure_filters,fvg_detection=False|strong_close_pct=0.7,both,all,REJECT,167,0.335329,0.767135,-0.000895,-0.000895,-0.180803,-0.767721,-1.234296,0.258514,3.778443,-0.145138,-0.145138,-0.082512,-0.061692,0.624300,,,eodhd
run_20260426_191100,WTI Oil,commodity,H1,engine_b_proxy,structure_filters,fvg_detection=True|strong_close_pct=0.7,both,all,WEAK_CANDIDATE,29,0.448276,1.395402,0.002130,0.002130,-0.075238,0.384893,0.620626,0.044892,14.758621,0.058507,0.058507,0.064965,-0.066681,0.374000,,,eodhd
run_20260426_191100,WTI Oil,commodity,H1,engine_b_proxy,structure_filters,fvg_detection=False|strong_close_pct=0.8,both,all,WEAK_CANDIDATE,117,0.418803,1.098982,0.000365,0.000365,-0.053769,0.237644,0.380978,0.181115,5.264957,0.037121,0.037121,0.048989,-0.015302,0.500000,,,eodhd
run_20260426_191100,WTI Oil,commodity,H1,engine_b_proxy,structure_filters,fvg_detection=True|strong_close_pct=0.8,both,all,WEAK_CANDIDATE,26,0.384615,1.147212,0.000874,0.000874,-0.071385,0.146311,0.234677,0.040248,15.307692,0.018289,0.018289,0.041129,-0.070088,0.356000,,,eodhd
run_20260426_191100,WTI Oil,commodity,H1,engine_d_proxy,vwap_reclaim,atr_sl_mult=0.5|band_std=0.5,both,all,NEEDS_MORE_DATA,2,,,,,,,,,,,,,,,,only 2 trades < min 20,eodhd
run_20260426_191100,WTI Oil,commodity,H1,engine_d_proxy,vwap_reclaim,atr_sl_mult=1.0|band_std=0.5,both,all,NEEDS_MORE_DATA,2,,,,,,,,,,,,,,,,only 2 trades < min 20,eodhd
run_20260426_191100,WTI Oil,commodity,H1,engine_d_proxy,vwap_reclaim,atr_sl_mult=0.5|band_std=1.0,both,all,NEEDS_MORE_DATA,3,,,,,,,,,,,,,,,,only 3 trades < min 20,eodhd
run_20260426_191100,WTI Oil,commodity,H1,engine_d_proxy,vwap_reclaim,atr_sl_mult=1.0|band_std=1.0,both,all,NEEDS_MORE_DATA,3,,,,,,,,,,,,,,,,only 3 trades < min 20,eodhd
run_20260426_191100,WTI Oil,commodity,H1,engine_d_proxy,micro_breakout,atr_sl_mult=0.5|fee_guard_r=0.5|range_bars=3,both,all,WEAK_CANDIDATE,54,0.407407,1.714664,0.003591,0.003591,-0.075226,0.767829,1.246429,0.083591,11.777778,0.199484,0.199484,0.145243,-0.001061,0.500000,,,eodhd
run_20260426_191100,WTI Oil,commodity,H1,engine_d_proxy,micro_breakout,atr_sl_mult=1.0|fee_guard_r=0.5|range_bars=3,both,all,WEAK_CANDIDATE,54,0.407407,1.714664,0.003591,0.003591,-0.075226,0.767829,1.246429,0.083591,11.777778,0.199484,0.199484,0.145243,-0.001061,0.500000,,,eodhd
run_20260426_191100,WTI Oil,commodity,H1,engine_d_proxy,micro_breakout,atr_sl_mult=0.5|fee_guard_r=0.5|range_bars=6,both,all,WEAK_CANDIDATE,33,0.363636,1.132361,0.001115,0.001115,-0.114577,0.158726,0.254568,0.051084,18.757576,0.026932,0.026932,0.102947,-0.108374,0.398000,,,eodhd
run_20260426_191100,WTI Oil,commodity,H1,engine_d_proxy,micro_breakout,atr_sl_mult=1.0|fee_guard_r=0.5|range_bars=6,both,all,WEAK_CANDIDATE,33,0.363636,1.132361,0.001115,0.001115,-0.114577,0.158726,0.254568,0.051084,18.757576,0.026932,0.026932,0.102947,-0.108374,0.398000,,,eodhd
run_20260426_191100,WTI Oil,commodity,H1,engine_d_proxy,ema_scalp_pullback,atr_sl_mult=0.5|ema_period=21,both,all,REJECT,56,0.250000,0.796034,-0.001181,-0.001181,-0.116959,-0.342315,-0.549852,0.086687,10.535714,-0.070702,-0.070702,0.000756,-0.113254,0.400000,,,eodhd
run_20260426_191100,WTI Oil,commodity,H1,engine_d_proxy,ema_scalp_pullback,atr_sl_mult=1.0|ema_period=21,both,all,REJECT,55,0.254545,0.796803,-0.001197,-0.001197,-0.121927,-0.339157,-0.544782,0.085139,10.763636,-0.070474,-0.070474,0.006665,-0.118242,0.400000,,,eodhd
run_20260426_191100,AAPL,stock,H1,trend_momentum,ema_cross,adx_min=0|fast_period=10|rsi_confirm=False|slow_period=50,both,all,NEEDS_MORE_DATA,9,,,,,,,,,,,,,,,,only 9 trades < min 20,eodhd
run_20260426_191100,AAPL,stock,H1,trend_momentum,ema_cross,adx_min=0|fast_period=10|rsi_confirm=True|slow_period=50,both,all,NEEDS_MORE_DATA,9,,,,,,,,,,,,,,,,only 9 trades < min 20,eodhd
run_20260426_191100,AAPL,stock,H1,trend_momentum,ema_cross,adx_min=20|fast_period=10|rsi_confirm=False|slow_period=50,both,all,NEEDS_MORE_DATA,8,,,,,,,,,,,,,,,,only 8 trades < min 20,eodhd
run_20260426_191100,AAPL,stock,H1,trend_momentum,ema_cross,adx_min=20|fast_period=10|rsi_confirm=True|slow_period=50,both,all,NEEDS_MORE_DATA,8,,,,,,,,,,,,,,,,only 8 trades < min 20,eodhd
run_20260426_191100,AAPL,stock,H1,trend_momentum,ema_cross,adx_min=25|fast_period=10|rsi_confirm=False|slow_period=50,both,all,NEEDS_MORE_DATA,7,,,,,,,,,,,,,,,,only 7 trades < min 20,eodhd
run_20260426_191100,AAPL,stock,H1,trend_momentum,ema_cross,adx_min=25|fast_period=10|rsi_confirm=True|slow_period=50,both,all,NEEDS_MORE_DATA,7,,,,,,,,,,,,,,,,only 7 trades < min 20,eodhd
run_20260426_191100,AAPL,stock,H1,trend_momentum,ema_cross,adx_min=0|fast_period=10|rsi_confirm=False|slow_period=100,both,all,NEEDS_MORE_DATA,9,,,,,,,,,,,,,,,,only 9 trades < min 20,eodhd
run_20260426_191100,AAPL,stock,H1,trend_momentum,ema_cross,adx_min=0|fast_period=10|rsi_confirm=True|slow_period=100,both,all,NEEDS_MORE_DATA,9,,,,,,,,,,,,,,,,only 9 trades < min 20,eodhd
run_20260426_191100,AAPL,stock,H1,trend_momentum,ema_cross,adx_min=20|fast_period=10|rsi_confirm=False|slow_period=100,both,all,NEEDS_MORE_DATA,8,,,,,,,,,,,,,,,,only 8 trades < min 20,eodhd
run_20260426_191100,AAPL,stock,H1,trend_momentum,ema_cross,adx_min=20|fast_period=10|rsi_confirm=True|slow_period=100,both,all,NEEDS_MORE_DATA,8,,,,,,,,,,,,,,,,only 8 trades < min 20,eodhd
run_20260426_191100,AAPL,stock,H1,trend_momentum,ema_cross,adx_min=25|fast_period=10|rsi_confirm=False|slow_period=100,both,all,NEEDS_MORE_DATA,8,,,,,,,,,,,,,,,,only 8 trades < min 20,eodhd
run_20260426_191100,AAPL,stock,H1,trend_momentum,ema_cross,adx_min=25|fast_period=10|rsi_confirm=True|slow_period=100,both,all,NEEDS_MORE_DATA,8,,,,,,,,,,,,,,,,only 8 trades < min 20,eodhd
run_20260426_191100,AAPL,stock,H1,trend_momentum,ema_cross,adx_min=0|fast_period=10|rsi_confirm=False|slow_period=200,both,all,NEEDS_MORE_DATA,7,,,,,,,,,,,,,,,,only 7 trades < min 20,eodhd
run_20260426_191100,AAPL,stock,H1,trend_momentum,ema_cross,adx_min=0|fast_period=10|rsi_confirm=True|slow_period=200,both,all,NEEDS_MORE_DATA,7,,,,,,,,,,,,,,,,only 7 trades < min 20,eodhd
run_20260426_191100,AAPL,stock,H1,trend_momentum,ema_cross,adx_min=20|fast_period=10|rsi_confirm=False|slow_period=200,both,all,NEEDS_MORE_DATA,6,,,,,,,,,,,,,,,,only 6 trades < min 20,eodhd
run_20260426_191100,AAPL,stock,H1,trend_momentum,ema_cross,adx_min=20|fast_period=10|rsi_confirm=True|slow_period=200,both,all,NEEDS_MORE_DATA,6,,,,,,,,,,,,,,,,only 6 trades < min 20,eodhd
run_20260426_191100,AAPL,stock,H1,trend_momentum,ema_cross,adx_min=25|fast_period=10|rsi_confirm=False|slow_period=200,both,all,NEEDS_MORE_DATA,6,,,,,,,,,,,,,,,,only 6 trades < min 20,eodhd
run_20260426_191100,AAPL,stock,H1,trend_momentum,ema_cross,adx_min=25|fast_period=10|rsi_confirm=True|slow_period=200,both,all,NEEDS_MORE_DATA,6,,,,,,,,,,,,,,,,only 6 trades < min 20,eodhd
run_20260426_191100,AAPL,stock,H1,trend_momentum,ema_cross,adx_min=0|fast_period=20|rsi_confirm=False|slow_period=50,both,all,NEEDS_MORE_DATA,7,,,,,,,,,,,,,,,,only 7 trades < min 20,eodhd
run_20260426_191100,AAPL,stock,H1,trend_momentum,ema_cross,adx_min=0|fast_period=20|rsi_confirm=True|slow_period=50,both,all,NEEDS_MORE_DATA,7,,,,,,,,,,,,,,,,only 7 trades < min 20,eodhd
run_20260426_191100,AAPL,stock,H1,trend_momentum,ema_cross,adx_min=20|fast_period=20|rsi_confirm=False|slow_period=50,both,all,NEEDS_MORE_DATA,6,,,,,,,,,,,,,,,,only 6 trades < min 20,eodhd
run_20260426_191100,AAPL,stock,H1,trend_momentum,ema_cross,adx_min=20|fast_period=20|rsi_confirm=True|slow_period=50,both,all,NEEDS_MORE_DATA,6,,,,,,,,,,,,,,,,only 6 trades < min 20,eodhd
run_20260426_191100,AAPL,stock,H1,trend_momentum,ema_cross,adx_min=25|fast_period=20|rsi_confirm=False|slow_period=50,both,all,NEEDS_MORE_DATA,5,,,,,,,,,,,,,,,,only 5 trades < min 20,eodhd
run_20260426_191100,AAPL,stock,H1,trend_momentum,ema_cross,adx_min=25|fast_period=20|rsi_confirm=True|slow_period=50,both,all,NEEDS_MORE_DATA,5,,,,,,,,,,,,,,,,only 5 trades < min 20,eodhd
run_20260426_191100,AAPL,stock,H1,trend_momentum,ema_cross,adx_min=0|fast_period=20|rsi_confirm=False|slow_period=100,both,all,NEEDS_MORE_DATA,7,,,,,,,,,,,,,,,,only 7 trades < min 20,eodhd
run_20260426_191100,AAPL,stock,H1,trend_momentum,ema_cross,adx_min=0|fast_period=20|rsi_confirm=True|slow_period=100,both,all,NEEDS_MORE_DATA,7,,,,,,,,,,,,,,,,only 7 trades < min 20,eodhd
run_20260426_191100,AAPL,stock,H1,trend_momentum,ema_cross,adx_min=20|fast_period=20|rsi_confirm=False|slow_period=100,both,all,NEEDS_MORE_DATA,6,,,,,,,,,,,,,,,,only 6 trades < min 20,eodhd
run_20260426_191100,AAPL,stock,H1,trend_momentum,ema_cross,adx_min=20|fast_period=20|rsi_confirm=True|slow_period=100,both,all,NEEDS_MORE_DATA,6,,,,,,,,,,,,,,,,only 6 trades < min 20,eodhd
run_20260426_191100,AAPL,stock,H1,trend_momentum,ema_cross,adx_min=25|fast_period=20|rsi_confirm=False|slow_period=100,both,all,NEEDS_MORE_DATA,6,,,,,,,,,,,,,,,,only 6 trades < min 20,eodhd
run_20260426_191100,AAPL,stock,H1,trend_momentum,ema_cross,adx_min=25|fast_period=20|rsi_confirm=True|slow_period=100,both,all,NEEDS_MORE_DATA,6,,,,,,,,,,,,,,,,only 6 trades < min 20,eodhd
run_20260426_191100,AAPL,stock,H1,trend_momentum,ema_cross,adx_min=0|fast_period=20|rsi_confirm=False|slow_period=200,both,all,NEEDS_MORE_DATA,7,,,,,,,,,,,,,,,,only 7 trades < min 20,eodhd
run_20260426_191100,AAPL,stock,H1,trend_momentum,ema_cross,adx_min=0|fast_period=20|rsi_confirm=True|slow_period=200,both,all,NEEDS_MORE_DATA,7,,,,,,,,,,,,,,,,only 7 trades < min 20,eodhd
run_20260426_191100,AAPL,stock,H1,trend_momentum,ema_cross,adx_min=20|fast_period=20|rsi_confirm=False|slow_period=200,both,all,NEEDS_MORE_DATA,6,,,,,,,,,,,,,,,,only 6 trades < min 20,eodhd
run_20260426_191100,AAPL,stock,H1,trend_momentum,ema_cross,adx_min=20|fast_period=20|rsi_confirm=True|slow_period=200,both,all,NEEDS_MORE_DATA,6,,,,,,,,,,,,,,,,only 6 trades < min 20,eodhd
run_20260426_191100,AAPL,stock,H1,trend_momentum,ema_cross,adx_min=25|fast_period=20|rsi_confirm=False|slow_period=200,both,all,NEEDS_MORE_DATA,6,,,,,,,,,,,,,,,,only 6 trades < min 20,eodhd
run_20260426_191100,AAPL,stock,H1,trend_momentum,ema_cross,adx_min=25|fast_period=20|rsi_confirm=True|slow_period=200,both,all,NEEDS_MORE_DATA,6,,,,,,,,,,,,,,,,only 6 trades < min 20,eodhd
run_20260426_191100,AAPL,stock,H1,trend_momentum,ema_alignment,adx_min=0|ema_long=200|ema_mid=50|ema_short=20,both,all,NEEDS_MORE_DATA,6,,,,,,,,,,,,,,,,only 6 trades < min 20,eodhd
run_20260426_191100,AAPL,stock,H1,trend_momentum,ema_alignment,adx_min=20|ema_long=200|ema_mid=50|ema_short=20,both,all,NEEDS_MORE_DATA,6,,,,,,,,,,,,,,,,only 6 trades < min 20,eodhd
run_20260426_191100,AAPL,stock,H1,trend_momentum,ema_alignment,adx_min=25|ema_long=200|ema_mid=50|ema_short=20,both,all,NEEDS_MORE_DATA,6,,,,,,,,,,,,,,,,only 6 trades < min 20,eodhd
run_20260426_191100,AAPL,stock,H1,trend_momentum,macd_direction,adx_min=0|fast=12|signal_period=9|slow=26,both,all,WEAK_CANDIDATE,40,0.425000,1.271271,0.001882,0.001882,-0.080891,0.357189,0.573201,0.062208,15.850000,0.068983,0.068983,0.116577,-0.054976,0.440000,,,eodhd
run_20260426_191100,AAPL,stock,H1,trend_momentum,macd_direction,adx_min=20|fast=12|signal_period=9|slow=26,both,all,WEAK_CANDIDATE,39,0.435897,1.292587,0.002048,0.002048,-0.080891,0.379154,0.608819,0.060653,16.102564,0.073898,0.073898,0.121711,-0.054976,0.434000,,,eodhd
run_20260426_191100,AAPL,stock,H1,pullback,pullback_ema,pullback_period=20|rsi_reclaim=False|rsi_threshold=50|trend_period=200,both,all,REJECT,29,0.206897,0.754033,-0.001479,-0.001479,-0.114262,-0.359820,-0.578372,0.045101,8.827586,-0.044625,-0.044625,-0.043388,0.001448,0.274000,,,eodhd
run_20260426_191100,AAPL,stock,H1,pullback,pullback_ema,pullback_period=20|rsi_reclaim=True|rsi_threshold=50|trend_period=200,both,all,REJECT,28,0.214286,0.771301,-0.001392,-0.001392,-0.110790,-0.327505,-0.526021,0.043546,8.964286,-0.040880,-0.040880,-0.039639,0.001448,0.268000,,,eodhd
run_20260426_191100,AAPL,stock,H1,pullback,pullback_ema,pullback_period=50|rsi_reclaim=False|rsi_threshold=50|trend_period=200,both,all,NEEDS_MORE_DATA,14,,,,,,,,,,,,,,,,only 14 trades < min 20,eodhd
run_20260426_191100,AAPL,stock,H1,pullback,pullback_ema,pullback_period=50|rsi_reclaim=True|rsi_threshold=50|trend_period=200,both,all,NEEDS_MORE_DATA,8,,,,,,,,,,,,,,,,only 8 trades < min 20,eodhd
run_20260426_191100,AAPL,stock,H1,breakout,prev_day_hl,atr_expand_min=0.0,both,all,NEEDS_MORE_DATA,0,,,,,,,,,,,,,,,,only 0 trades < min 20,eodhd
run_20260426_191100,AAPL,stock,H1,breakout,prev_day_hl,atr_expand_min=0.5,both,all,NEEDS_MORE_DATA,0,,,,,,,,,,,,,,,,only 0 trades < min 20,eodhd
run_20260426_191100,AAPL,stock,H1,breakout,prev_day_hl,atr_expand_min=1.0,both,all,NEEDS_MORE_DATA,0,,,,,,,,,,,,,,,,only 0 trades < min 20,eodhd
run_20260426_191100,AAPL,stock,H1,breakout,session_opening_range,atr_expand_min=0.0|range_bars=6,both,all,WEAK_CANDIDATE,29,0.448276,1.041401,0.000355,0.000355,-0.144631,0.052939,0.084639,0.045101,21.103448,0.002945,0.002945,0.159878,-0.132581,0.374000,,,eodhd
run_20260426_191100,AAPL,stock,H1,breakout,session_opening_range,atr_expand_min=0.5|range_bars=6,both,all,WEAK_CANDIDATE,29,0.448276,1.041401,0.000355,0.000355,-0.144631,0.052939,0.084639,0.045101,21.103448,0.002945,0.002945,0.159878,-0.132581,0.374000,,,eodhd
run_20260426_191100,AAPL,stock,H1,breakout,session_opening_range,atr_expand_min=0.0|range_bars=12,both,all,REJECT,27,0.296296,0.420263,-0.008639,-0.008639,-0.256970,-1.093542,-1.851406,0.041991,22.333333,-0.215180,-0.215180,0.001106,-0.208671,0.262000,,,eodhd
run_20260426_191100,AAPL,stock,H1,breakout,session_opening_range,atr_expand_min=0.5|range_bars=12,both,all,REJECT,27,0.296296,0.420263,-0.008639,-0.008639,-0.256970,-1.093542,-1.851406,0.041991,22.333333,-0.215180,-0.215180,0.001106,-0.208671,0.262000,,,eodhd
run_20260426_191100,AAPL,stock,H1,breakout,london_breakout,atr_expand_min=0.0|utc_end=11|utc_start=7,both,all,NEEDS_MORE_DATA,0,,,,,,,,,,,,,,,,only 0 trades < min 20,eodhd
run_20260426_191100,AAPL,stock,H1,breakout,london_breakout,atr_expand_min=0.5|utc_end=11|utc_start=7,both,all,NEEDS_MORE_DATA,0,,,,,,,,,,,,,,,,only 0 trades < min 20,eodhd
run_20260426_191100,AAPL,stock,H1,breakout,ny_breakout,atr_expand_min=0.0|utc_end=16|utc_start=13,both,all,REJECT,24,0.375000,0.475093,-0.006954,-0.006954,-0.204213,-0.878423,-1.463323,0.037325,21.916667,-0.159776,-0.159776,-0.007875,-0.153107,0.244000,,,eodhd
run_20260426_191100,AAPL,stock,H1,breakout,ny_breakout,atr_expand_min=0.5|utc_end=16|utc_start=13,both,all,REJECT,24,0.375000,0.475093,-0.006954,-0.006954,-0.204213,-0.878423,-1.463323,0.037325,21.916667,-0.159776,-0.159776,-0.007875,-0.153107,0.244000,,,eodhd
run_20260426_191100,AAPL,stock,H1,mean_reversion,rsi_extreme,overbought=70|oversold=30|period=14,both,all,NEEDS_MORE_DATA,13,,,,,,,,,,,,,,,,only 13 trades < min 20,eodhd
run_20260426_191100,AAPL,stock,H1,mean_reversion,rsi_extreme,overbought=75|oversold=30|period=14,both,all,NEEDS_MORE_DATA,10,,,,,,,,,,,,,,,,only 10 trades < min 20,eodhd
run_20260426_191100,AAPL,stock,H1,mean_reversion,rsi_extreme,overbought=70|oversold=25|period=14,both,all,NEEDS_MORE_DATA,11,,,,,,,,,,,,,,,,only 11 trades < min 20,eodhd
run_20260426_191100,AAPL,stock,H1,mean_reversion,rsi_extreme,overbought=75|oversold=25|period=14,both,all,NEEDS_MORE_DATA,8,,,,,,,,,,,,,,,,only 8 trades < min 20,eodhd
run_20260426_191100,AAPL,stock,H1,mean_reversion,bollinger_touch,num_std=2.0|period=20,both,all,REJECT,24,0.500000,1.009217,0.000079,0.000079,-0.109301,0.010524,0.016824,0.037325,16.458333,-0.004444,-0.004444,-0.088992,0.088546,0.244000,,,eodhd
run_20260426_191100,AAPL,stock,H1,mean_reversion,bollinger_touch,num_std=2.5|period=20,both,all,NEEDS_MORE_DATA,15,,,,,,,,,,,,,,,,only 15 trades < min 20,eodhd
run_20260426_191100,AAPL,stock,H1,mean_reversion,vwap_deviation,std_threshold=1.5,both,all,NEEDS_MORE_DATA,5,,,,,,,,,,,,,,,,only 5 trades < min 20,eodhd
run_20260426_191100,AAPL,stock,H1,mean_reversion,vwap_deviation,std_threshold=2.0,both,all,NEEDS_MORE_DATA,4,,,,,,,,,,,,,,,,only 4 trades < min 20,eodhd
run_20260426_191100,AAPL,stock,H1,volatility,bb_squeeze_breakout,confirm_ema=True|period=20|squeeze_pct=20,both,all,NEEDS_MORE_DATA,16,,,,,,,,,,,,,,,,only 16 trades < min 20,eodhd
run_20260426_191100,AAPL,stock,H1,volatility,bb_squeeze_breakout,confirm_ema=False|period=20|squeeze_pct=20,both,all,NEEDS_MORE_DATA,15,,,,,,,,,,,,,,,,only 15 trades < min 20,eodhd
run_20260426_191100,AAPL,stock,H1,volatility,bb_squeeze_breakout,confirm_ema=True|period=20|squeeze_pct=30,both,all,NEEDS_MORE_DATA,17,,,,,,,,,,,,,,,,only 17 trades < min 20,eodhd
run_20260426_191100,AAPL,stock,H1,volatility,bb_squeeze_breakout,confirm_ema=False|period=20|squeeze_pct=30,both,all,NEEDS_MORE_DATA,17,,,,,,,,,,,,,,,,only 17 trades < min 20,eodhd
run_20260426_191100,AAPL,stock,H1,volatility,atr_compression,confirm_ema=True|period=14|squeeze_pct=20,both,all,NEEDS_MORE_DATA,10,,,,,,,,,,,,,,,,only 10 trades < min 20,eodhd
run_20260426_191100,AAPL,stock,H1,volatility,atr_compression,confirm_ema=False|period=14|squeeze_pct=20,both,all,NEEDS_MORE_DATA,16,,,,,,,,,,,,,,,,only 16 trades < min 20,eodhd
run_20260426_191100,AAPL,stock,H1,volatility,atr_compression,confirm_ema=True|period=14|squeeze_pct=30,both,all,NEEDS_MORE_DATA,11,,,,,,,,,,,,,,,,only 11 trades < min 20,eodhd
run_20260426_191100,AAPL,stock,H1,volatility,atr_compression,confirm_ema=False|period=14|squeeze_pct=30,both,all,NEEDS_MORE_DATA,18,,,,,,,,,,,,,,,,only 18 trades < min 20,eodhd
run_20260426_191100,AAPL,stock,H1,engine_b_proxy,ob_bos,require_engulf=False|require_vol_expand=False|swing_period=5,both,all,NEEDS_MORE_DATA,11,,,,,,,,,,,,,,,,only 11 trades < min 20,eodhd
run_20260426_191100,AAPL,stock,H1,engine_b_proxy,ob_bos,require_engulf=False|require_vol_expand=True|swing_period=5,both,all,NEEDS_MORE_DATA,10,,,,,,,,,,,,,,,,only 10 trades < min 20,eodhd
run_20260426_191100,AAPL,stock,H1,engine_b_proxy,ob_bos,require_engulf=True|require_vol_expand=False|swing_period=5,both,all,NEEDS_MORE_DATA,11,,,,,,,,,,,,,,,,only 11 trades < min 20,eodhd
run_20260426_191100,AAPL,stock,H1,engine_b_proxy,ob_bos,require_engulf=True|require_vol_expand=True|swing_period=5,both,all,NEEDS_MORE_DATA,9,,,,,,,,,,,,,,,,only 9 trades < min 20,eodhd
run_20260426_191100,AAPL,stock,H1,engine_b_proxy,ob_bos,require_engulf=False|require_vol_expand=False|swing_period=10,both,all,NEEDS_MORE_DATA,9,,,,,,,,,,,,,,,,only 9 trades < min 20,eodhd
run_20260426_191100,AAPL,stock,H1,engine_b_proxy,ob_bos,require_engulf=False|require_vol_expand=True|swing_period=10,both,all,NEEDS_MORE_DATA,8,,,,,,,,,,,,,,,,only 8 trades < min 20,eodhd
run_20260426_191100,AAPL,stock,H1,engine_b_proxy,ob_bos,require_engulf=True|require_vol_expand=False|swing_period=10,both,all,NEEDS_MORE_DATA,9,,,,,,,,,,,,,,,,only 9 trades < min 20,eodhd
run_20260426_191100,AAPL,stock,H1,engine_b_proxy,ob_bos,require_engulf=True|require_vol_expand=True|swing_period=10,both,all,NEEDS_MORE_DATA,7,,,,,,,,,,,,,,,,only 7 trades < min 20,eodhd
run_20260426_191100,AAPL,stock,H1,engine_b_proxy,structure_filters,fvg_detection=False|strong_close_pct=0.7,both,all,REJECT,172,0.215116,0.399512,-0.003402,-0.003402,-0.449376,-2.430678,-4.017008,0.267496,3.587209,-0.449376,-0.449376,-0.263954,-0.275027,0.687415,,,eodhd
run_20260426_191100,AAPL,stock,H1,engine_b_proxy,structure_filters,fvg_detection=True|strong_close_pct=0.7,both,all,REJECT,33,0.363636,0.593317,-0.002885,-0.002885,-0.149762,-0.683266,-1.111504,0.051322,12.696970,-0.094323,-0.094323,-0.027235,-0.063480,0.298000,,,eodhd
run_20260426_191100,AAPL,stock,H1,engine_b_proxy,structure_filters,fvg_detection=False|strong_close_pct=0.8,both,all,REJECT,123,0.252033,0.529189,-0.002769,-0.002769,-0.330941,-1.471299,-2.396015,0.191291,4.707317,-0.296119,-0.296119,-0.139306,-0.197326,0.575054,,,eodhd
run_20260426_191100,AAPL,stock,H1,engine_b_proxy,structure_filters,fvg_detection=True|strong_close_pct=0.8,both,all,REJECT,29,0.275862,0.306642,-0.006563,-0.006563,-0.207526,-1.369511,-2.385656,0.045101,12.172414,-0.176501,-0.176501,-0.074371,-0.105092,0.450078,,,eodhd
run_20260426_191100,AAPL,stock,H1,engine_d_proxy,vwap_reclaim,atr_sl_mult=0.5|band_std=0.5,both,all,NEEDS_MORE_DATA,7,,,,,,,,,,,,,,,,only 7 trades < min 20,eodhd
run_20260426_191100,AAPL,stock,H1,engine_d_proxy,vwap_reclaim,atr_sl_mult=1.0|band_std=0.5,both,all,NEEDS_MORE_DATA,7,,,,,,,,,,,,,,,,only 7 trades < min 20,eodhd
run_20260426_191100,AAPL,stock,H1,engine_d_proxy,vwap_reclaim,atr_sl_mult=0.5|band_std=1.0,both,all,NEEDS_MORE_DATA,8,,,,,,,,,,,,,,,,only 8 trades < min 20,eodhd
run_20260426_191100,AAPL,stock,H1,engine_d_proxy,vwap_reclaim,atr_sl_mult=1.0|band_std=1.0,both,all,NEEDS_MORE_DATA,8,,,,,,,,,,,,,,,,only 8 trades < min 20,eodhd
run_20260426_191100,AAPL,stock,H1,engine_d_proxy,micro_breakout,atr_sl_mult=0.5|fee_guard_r=0.5|range_bars=3,both,all,REJECT,52,0.346154,0.881096,-0.000929,-0.000929,-0.175237,-0.211370,-0.338240,0.080871,11.980769,-0.056672,-0.056672,0.096029,-0.136614,0.400000,,,eodhd
run_20260426_191100,AAPL,stock,H1,engine_d_proxy,micro_breakout,atr_sl_mult=1.0|fee_guard_r=0.5|range_bars=3,both,all,REJECT,52,0.346154,0.881096,-0.000929,-0.000929,-0.175237,-0.211370,-0.338240,0.080871,11.980769,-0.056672,-0.056672,0.096029,-0.136614,0.400000,,,eodhd
run_20260426_191100,AAPL,stock,H1,engine_d_proxy,micro_breakout,atr_sl_mult=0.5|fee_guard_r=0.5|range_bars=6,both,all,WEAK_CANDIDATE,29,0.448276,1.041401,0.000355,0.000355,-0.144631,0.052939,0.084639,0.045101,21.103448,0.002945,0.002945,0.159878,-0.132581,0.374000,,,eodhd
run_20260426_191100,AAPL,stock,H1,engine_d_proxy,micro_breakout,atr_sl_mult=1.0|fee_guard_r=0.5|range_bars=6,both,all,WEAK_CANDIDATE,29,0.448276,1.041401,0.000355,0.000355,-0.144631,0.052939,0.084639,0.045101,21.103448,0.002945,0.002945,0.159878,-0.132581,0.374000,,,eodhd
run_20260426_191100,AAPL,stock,H1,engine_d_proxy,ema_scalp_pullback,atr_sl_mult=0.5|ema_period=21,both,all,REJECT,63,0.158730,0.640667,-0.002455,-0.002455,-0.173290,-0.773359,-1.250055,0.097978,9.063492,-0.149932,-0.149932,-0.080403,-0.072885,0.671948,,,eodhd
run_20260426_191100,AAPL,stock,H1,engine_d_proxy,ema_scalp_pullback,atr_sl_mult=1.0|ema_period=21,both,all,REJECT,63,0.158730,0.640667,-0.002455,-0.002455,-0.173290,-0.773359,-1.250055,0.097978,9.063492,-0.149932,-0.149932,-0.080403,-0.072885,0.671948,,,eodhd
run_20260426_191100,NVDA,stock,H1,trend_momentum,ema_cross,adx_min=0|fast_period=10|rsi_confirm=False|slow_period=50,both,all,REJECT,21,0.095238,0.051028,-0.017757,-0.017757,-0.315138,-2.240475,-5.599865,0.032659,24.142857,-0.315138,-0.315138,-0.303864,-0.033807,0.259378,,,eodhd
run_20260426_191100,NVDA,stock,H1,trend_momentum,ema_cross,adx_min=0|fast_period=10|rsi_confirm=True|slow_period=50,both,all,REJECT,21,0.095238,0.051028,-0.017757,-0.017757,-0.315138,-2.240475,-5.599865,0.032659,24.142857,-0.315138,-0.315138,-0.303864,-0.033807,0.259378,,,eodhd
run_20260426_191100,NVDA,stock,H1,trend_momentum,ema_cross,adx_min=20|fast_period=10|rsi_confirm=False|slow_period=50,both,all,REJECT,20,0.100000,0.051459,-0.018480,-0.018480,-0.312873,-2.221558,-5.694191,0.031104,25.200000,-0.312873,-0.312873,-0.301562,-0.033807,0.253632,,,eodhd
run_20260426_191100,NVDA,stock,H1,trend_momentum,ema_cross,adx_min=20|fast_period=10|rsi_confirm=True|slow_period=50,both,all,REJECT,20,0.100000,0.051459,-0.018480,-0.018480,-0.312873,-2.221558,-5.694191,0.031104,25.200000,-0.312873,-0.312873,-0.301562,-0.033807,0.253632,,,eodhd
run_20260426_191100,NVDA,stock,H1,trend_momentum,ema_cross,adx_min=25|fast_period=10|rsi_confirm=False|slow_period=50,both,all,NEEDS_MORE_DATA,19,,,,,,,,,,,,,,,,only 19 trades < min 20,eodhd
run_20260426_191100,NVDA,stock,H1,trend_momentum,ema_cross,adx_min=25|fast_period=10|rsi_confirm=True|slow_period=50,both,all,NEEDS_MORE_DATA,19,,,,,,,,,,,,,,,,only 19 trades < min 20,eodhd
run_20260426_191100,NVDA,stock,H1,trend_momentum,ema_cross,adx_min=0|fast_period=10|rsi_confirm=False|slow_period=100,both,all,NEEDS_MORE_DATA,15,,,,,,,,,,,,,,,,only 15 trades < min 20,eodhd
run_20260426_191100,NVDA,stock,H1,trend_momentum,ema_cross,adx_min=0|fast_period=10|rsi_confirm=True|slow_period=100,both,all,NEEDS_MORE_DATA,14,,,,,,,,,,,,,,,,only 14 trades < min 20,eodhd
run_20260426_191100,NVDA,stock,H1,trend_momentum,ema_cross,adx_min=20|fast_period=10|rsi_confirm=False|slow_period=100,both,all,NEEDS_MORE_DATA,14,,,,,,,,,,,,,,,,only 14 trades < min 20,eodhd
run_20260426_191100,NVDA,stock,H1,trend_momentum,ema_cross,adx_min=20|fast_period=10|rsi_confirm=True|slow_period=100,both,all,NEEDS_MORE_DATA,13,,,,,,,,,,,,,,,,only 13 trades < min 20,eodhd
run_20260426_191100,NVDA,stock,H1,trend_momentum,ema_cross,adx_min=25|fast_period=10|rsi_confirm=False|slow_period=100,both,all,NEEDS_MORE_DATA,14,,,,,,,,,,,,,,,,only 14 trades < min 20,eodhd
run_20260426_191100,NVDA,stock,H1,trend_momentum,ema_cross,adx_min=25|fast_period=10|rsi_confirm=True|slow_period=100,both,all,NEEDS_MORE_DATA,13,,,,,,,,,,,,,,,,only 13 trades < min 20,eodhd
run_20260426_191100,NVDA,stock,H1,trend_momentum,ema_cross,adx_min=0|fast_period=10|rsi_confirm=False|slow_period=200,both,all,NEEDS_MORE_DATA,13,,,,,,,,,,,,,,,,only 13 trades < min 20,eodhd
run_20260426_191100,NVDA,stock,H1,trend_momentum,ema_cross,adx_min=0|fast_period=10|rsi_confirm=True|slow_period=200,both,all,NEEDS_MORE_DATA,13,,,,,,,,,,,,,,,,only 13 trades < min 20,eodhd
run_20260426_191100,NVDA,stock,H1,trend_momentum,ema_cross,adx_min=20|fast_period=10|rsi_confirm=False|slow_period=200,both,all,NEEDS_MORE_DATA,12,,,,,,,,,,,,,,,,only 12 trades < min 20,eodhd
run_20260426_191100,NVDA,stock,H1,trend_momentum,ema_cross,adx_min=20|fast_period=10|rsi_confirm=True|slow_period=200,both,all,NEEDS_MORE_DATA,12,,,,,,,,,,,,,,,,only 12 trades < min 20,eodhd
run_20260426_191100,NVDA,stock,H1,trend_momentum,ema_cross,adx_min=25|fast_period=10|rsi_confirm=False|slow_period=200,both,all,NEEDS_MORE_DATA,12,,,,,,,,,,,,,,,,only 12 trades < min 20,eodhd
run_20260426_191100,NVDA,stock,H1,trend_momentum,ema_cross,adx_min=25|fast_period=10|rsi_confirm=True|slow_period=200,both,all,NEEDS_MORE_DATA,12,,,,,,,,,,,,,,,,only 12 trades < min 20,eodhd
run_20260426_191100,NVDA,stock,H1,trend_momentum,ema_cross,adx_min=0|fast_period=20|rsi_confirm=False|slow_period=50,both,all,NEEDS_MORE_DATA,15,,,,,,,,,,,,,,,,only 15 trades < min 20,eodhd
run_20260426_191100,NVDA,stock,H1,trend_momentum,ema_cross,adx_min=0|fast_period=20|rsi_confirm=True|slow_period=50,both,all,NEEDS_MORE_DATA,15,,,,,,,,,,,,,,,,only 15 trades < min 20,eodhd
run_20260426_191100,NVDA,stock,H1,trend_momentum,ema_cross,adx_min=20|fast_period=20|rsi_confirm=False|slow_period=50,both,all,NEEDS_MORE_DATA,14,,,,,,,,,,,,,,,,only 14 trades < min 20,eodhd
run_20260426_191100,NVDA,stock,H1,trend_momentum,ema_cross,adx_min=20|fast_period=20|rsi_confirm=True|slow_period=50,both,all,NEEDS_MORE_DATA,14,,,,,,,,,,,,,,,,only 14 trades < min 20,eodhd
run_20260426_191100,NVDA,stock,H1,trend_momentum,ema_cross,adx_min=25|fast_period=20|rsi_confirm=False|slow_period=50,both,all,NEEDS_MORE_DATA,13,,,,,,,,,,,,,,,,only 13 trades < min 20,eodhd
run_20260426_191100,NVDA,stock,H1,trend_momentum,ema_cross,adx_min=25|fast_period=20|rsi_confirm=True|slow_period=50,both,all,NEEDS_MORE_DATA,13,,,,,,,,,,,,,,,,only 13 trades < min 20,eodhd
run_20260426_191100,NVDA,stock,H1,trend_momentum,ema_cross,adx_min=0|fast_period=20|rsi_confirm=False|slow_period=100,both,all,NEEDS_MORE_DATA,13,,,,,,,,,,,,,,,,only 13 trades < min 20,eodhd
run_20260426_191100,NVDA,stock,H1,trend_momentum,ema_cross,adx_min=0|fast_period=20|rsi_confirm=True|slow_period=100,both,all,NEEDS_MORE_DATA,13,,,,,,,,,,,,,,,,only 13 trades < min 20,eodhd
run_20260426_191100,NVDA,stock,H1,trend_momentum,ema_cross,adx_min=20|fast_period=20|rsi_confirm=False|slow_period=100,both,all,NEEDS_MORE_DATA,12,,,,,,,,,,,,,,,,only 12 trades < min 20,eodhd
run_20260426_191100,NVDA,stock,H1,trend_momentum,ema_cross,adx_min=20|fast_period=20|rsi_confirm=True|slow_period=100,both,all,NEEDS_MORE_DATA,12,,,,,,,,,,,,,,,,only 12 trades < min 20,eodhd
run_20260426_191100,NVDA,stock,H1,trend_momentum,ema_cross,adx_min=25|fast_period=20|rsi_confirm=False|slow_period=100,both,all,NEEDS_MORE_DATA,12,,,,,,,,,,,,,,,,only 12 trades < min 20,eodhd
run_20260426_191100,NVDA,stock,H1,trend_momentum,ema_cross,adx_min=25|fast_period=20|rsi_confirm=True|slow_period=100,both,all,NEEDS_MORE_DATA,12,,,,,,,,,,,,,,,,only 12 trades < min 20,eodhd
run_20260426_191100,NVDA,stock,H1,trend_momentum,ema_cross,adx_min=0|fast_period=20|rsi_confirm=False|slow_period=200,both,all,NEEDS_MORE_DATA,9,,,,,,,,,,,,,,,,only 9 trades < min 20,eodhd
run_20260426_191100,NVDA,stock,H1,trend_momentum,ema_cross,adx_min=0|fast_period=20|rsi_confirm=True|slow_period=200,both,all,NEEDS_MORE_DATA,9,,,,,,,,,,,,,,,,only 9 trades < min 20,eodhd
run_20260426_191100,NVDA,stock,H1,trend_momentum,ema_cross,adx_min=20|fast_period=20|rsi_confirm=False|slow_period=200,both,all,NEEDS_MORE_DATA,8,,,,,,,,,,,,,,,,only 8 trades < min 20,eodhd
run_20260426_191100,NVDA,stock,H1,trend_momentum,ema_cross,adx_min=20|fast_period=20|rsi_confirm=True|slow_period=200,both,all,NEEDS_MORE_DATA,8,,,,,,,,,,,,,,,,only 8 trades < min 20,eodhd
run_20260426_191100,NVDA,stock,H1,trend_momentum,ema_cross,adx_min=25|fast_period=20|rsi_confirm=False|slow_period=200,both,all,NEEDS_MORE_DATA,8,,,,,,,,,,,,,,,,only 8 trades < min 20,eodhd
run_20260426_191100,NVDA,stock,H1,trend_momentum,ema_cross,adx_min=25|fast_period=20|rsi_confirm=True|slow_period=200,both,all,NEEDS_MORE_DATA,8,,,,,,,,,,,,,,,,only 8 trades < min 20,eodhd
run_20260426_191100,NVDA,stock,H1,trend_momentum,ema_alignment,adx_min=0|ema_long=200|ema_mid=50|ema_short=20,both,all,NEEDS_MORE_DATA,12,,,,,,,,,,,,,,,,only 12 trades < min 20,eodhd
run_20260426_191100,NVDA,stock,H1,trend_momentum,ema_alignment,adx_min=20|ema_long=200|ema_mid=50|ema_short=20,both,all,NEEDS_MORE_DATA,12,,,,,,,,,,,,,,,,only 12 trades < min 20,eodhd
run_20260426_191100,NVDA,stock,H1,trend_momentum,ema_alignment,adx_min=25|ema_long=200|ema_mid=50|ema_short=20,both,all,NEEDS_MORE_DATA,12,,,,,,,,,,,,,,,,only 12 trades < min 20,eodhd
run_20260426_191100,NVDA,stock,H1,trend_momentum,macd_direction,adx_min=0|fast=12|signal_period=9|slow=26,both,all,REJECT,47,0.234043,0.556990,-0.005818,-0.005818,-0.250791,-0.978523,-1.603447,0.073095,13.531915,-0.250670,-0.250670,-0.225874,-0.054431,0.454294,,,eodhd
run_20260426_191100,NVDA,stock,H1,trend_momentum,macd_direction,adx_min=20|fast=12|signal_period=9|slow=26,both,all,REJECT,46,0.239130,0.559980,-0.005873,-0.005873,-0.248313,-0.966844,-1.584275,0.071540,13.760870,-0.248192,-0.248192,-0.223314,-0.054431,0.449123,,,eodhd
run_20260426_191100,NVDA,stock,H1,pullback,pullback_ema,pullback_period=20|rsi_reclaim=False|rsi_threshold=50|trend_period=200,both,all,REJECT,33,0.181818,0.192134,-0.007073,-0.007073,-0.211500,-1.946732,-3.663598,0.051322,7.242424,-0.210457,-0.210457,-0.188459,-0.046790,0.372483,,,eodhd
run_20260426_191100,NVDA,stock,H1,pullback,pullback_ema,pullback_period=20|rsi_reclaim=True|rsi_threshold=50|trend_period=200,both,all,REJECT,33,0.181818,0.192134,-0.007073,-0.007073,-0.211500,-1.946732,-3.663598,0.051322,7.242424,-0.210457,-0.210457,-0.188459,-0.046790,0.372483,,,eodhd
run_20260426_191100,NVDA,stock,H1,pullback,pullback_ema,pullback_period=50|rsi_reclaim=False|rsi_threshold=50|trend_period=200,both,all,REJECT,23,0.173913,0.196416,-0.007116,-0.007116,-0.162437,-1.672354,-3.194552,0.035770,12.130435,-0.152611,-0.152611,-0.162437,,0.238000,,,eodhd
run_20260426_191100,NVDA,stock,H1,pullback,pullback_ema,pullback_period=50|rsi_reclaim=True|rsi_threshold=50|trend_period=200,both,all,NEEDS_MORE_DATA,19,,,,,,,,,,,,,,,,only 19 trades < min 20,eodhd
run_20260426_191100,NVDA,stock,H1,breakout,prev_day_hl,atr_expand_min=0.0,both,all,NEEDS_MORE_DATA,0,,,,,,,,,,,,,,,,only 0 trades < min 20,eodhd
run_20260426_191100,NVDA,stock,H1,breakout,prev_day_hl,atr_expand_min=0.5,both,all,NEEDS_MORE_DATA,0,,,,,,,,,,,,,,,,only 0 trades < min 20,eodhd
run_20260426_191100,NVDA,stock,H1,breakout,prev_day_hl,atr_expand_min=1.0,both,all,NEEDS_MORE_DATA,0,,,,,,,,,,,,,,,,only 0 trades < min 20,eodhd
run_20260426_191100,NVDA,stock,H1,breakout,session_opening_range,atr_expand_min=0.0|range_bars=6,both,all,REJECT,44,0.250000,0.499065,-0.007182,-0.007182,-0.282923,-1.077169,-1.778713,0.068429,14.113636,-0.282923,-0.282923,-0.198440,-0.115069,0.537960,,,eodhd
run_20260426_191100,NVDA,stock,H1,breakout,session_opening_range,atr_expand_min=0.5|range_bars=6,both,all,REJECT,43,0.255814,0.514752,-0.006902,-0.006902,-0.268866,-1.016975,-1.674479,0.066874,14.348837,-0.268866,-0.268866,-0.182727,-0.115069,0.546920,,,eodhd
run_20260426_191100,NVDA,stock,H1,breakout,session_opening_range,atr_expand_min=0.0|range_bars=12,both,all,REJECT,24,0.375000,0.721549,-0.004018,-0.004018,-0.165912,-0.374022,-0.602250,0.037325,25.875000,-0.103327,-0.103327,-0.142217,0.036706,0.244000,,,eodhd
run_20260426_191100,NVDA,stock,H1,breakout,session_opening_range,atr_expand_min=0.5|range_bars=12,both,all,REJECT,23,0.391304,0.793031,-0.002835,-0.002835,-0.139038,-0.257791,-0.413583,0.035770,26.478261,-0.074436,-0.074436,-0.114579,0.036706,0.238000,,,eodhd
run_20260426_191100,NVDA,stock,H1,breakout,london_breakout,atr_expand_min=0.0|utc_end=11|utc_start=7,both,all,NEEDS_MORE_DATA,0,,,,,,,,,,,,,,,,only 0 trades < min 20,eodhd
run_20260426_191100,NVDA,stock,H1,breakout,london_breakout,atr_expand_min=0.5|utc_end=11|utc_start=7,both,all,NEEDS_MORE_DATA,0,,,,,,,,,,,,,,,,only 0 trades < min 20,eodhd
run_20260426_191100,NVDA,stock,H1,breakout,ny_breakout,atr_expand_min=0.0|utc_end=16|utc_start=13,both,all,REJECT,24,0.375000,0.858891,-0.001580,-0.001580,-0.110857,-0.179914,-0.288090,0.037325,20.958333,-0.045345,-0.045345,-0.081321,-0.006468,0.267862,,,eodhd
run_20260426_191100,NVDA,stock,H1,breakout,ny_breakout,atr_expand_min=0.5|utc_end=16|utc_start=13,both,all,REJECT,24,0.375000,0.858891,-0.001580,-0.001580,-0.110857,-0.179914,-0.288090,0.037325,20.958333,-0.045345,-0.045345,-0.081321,-0.006468,0.267862,,,eodhd
run_20260426_191100,NVDA,stock,H1,mean_reversion,rsi_extreme,overbought=70|oversold=30|period=14,both,all,NEEDS_MORE_DATA,13,,,,,,,,,,,,,,,,only 13 trades < min 20,eodhd
run_20260426_191100,NVDA,stock,H1,mean_reversion,rsi_extreme,overbought=75|oversold=30|period=14,both,all,NEEDS_MORE_DATA,10,,,,,,,,,,,,,,,,only 10 trades < min 20,eodhd
run_20260426_191100,NVDA,stock,H1,mean_reversion,rsi_extreme,overbought=70|oversold=25|period=14,both,all,NEEDS_MORE_DATA,12,,,,,,,,,,,,,,,,only 12 trades < min 20,eodhd
run_20260426_191100,NVDA,stock,H1,mean_reversion,rsi_extreme,overbought=75|oversold=25|period=14,both,all,NEEDS_MORE_DATA,9,,,,,,,,,,,,,,,,only 9 trades < min 20,eodhd
run_20260426_191100,NVDA,stock,H1,mean_reversion,bollinger_touch,num_std=2.0|period=20,both,all,WEAK_CANDIDATE,23,0.695652,1.200178,0.001822,0.001822,-0.109331,0.200910,0.321874,0.035770,15.869565,0.033619,0.033619,0.130461,-0.070687,0.338000,,,eodhd
run_20260426_191100,NVDA,stock,H1,mean_reversion,bollinger_touch,num_std=2.5|period=20,both,all,NEEDS_MORE_DATA,11,,,,,,,,,,,,,,,,only 11 trades < min 20,eodhd
run_20260426_191100,NVDA,stock,H1,mean_reversion,vwap_deviation,std_threshold=1.5,both,all,NEEDS_MORE_DATA,9,,,,,,,,,,,,,,,,only 9 trades < min 20,eodhd
run_20260426_191100,NVDA,stock,H1,mean_reversion,vwap_deviation,std_threshold=2.0,both,all,NEEDS_MORE_DATA,8,,,,,,,,,,,,,,,,only 8 trades < min 20,eodhd
run_20260426_191100,NVDA,stock,H1,volatility,bb_squeeze_breakout,confirm_ema=True|period=20|squeeze_pct=20,both,all,NEEDS_MORE_DATA,13,,,,,,,,,,,,,,,,only 13 trades < min 20,eodhd
run_20260426_191100,NVDA,stock,H1,volatility,bb_squeeze_breakout,confirm_ema=False|period=20|squeeze_pct=20,both,all,NEEDS_MORE_DATA,13,,,,,,,,,,,,,,,,only 13 trades < min 20,eodhd
run_20260426_191100,NVDA,stock,H1,volatility,bb_squeeze_breakout,confirm_ema=True|period=20|squeeze_pct=30,both,all,NEEDS_MORE_DATA,13,,,,,,,,,,,,,,,,only 13 trades < min 20,eodhd
run_20260426_191100,NVDA,stock,H1,volatility,bb_squeeze_breakout,confirm_ema=False|period=20|squeeze_pct=30,both,all,NEEDS_MORE_DATA,13,,,,,,,,,,,,,,,,only 13 trades < min 20,eodhd
run_20260426_191100,NVDA,stock,H1,volatility,atr_compression,confirm_ema=True|period=14|squeeze_pct=20,both,all,NEEDS_MORE_DATA,13,,,,,,,,,,,,,,,,only 13 trades < min 20,eodhd
run_20260426_191100,NVDA,stock,H1,volatility,atr_compression,confirm_ema=False|period=14|squeeze_pct=20,both,all,NEEDS_MORE_DATA,18,,,,,,,,,,,,,,,,only 18 trades < min 20,eodhd
run_20260426_191100,NVDA,stock,H1,volatility,atr_compression,confirm_ema=True|period=14|squeeze_pct=30,both,all,NEEDS_MORE_DATA,13,,,,,,,,,,,,,,,,only 13 trades < min 20,eodhd
run_20260426_191100,NVDA,stock,H1,volatility,atr_compression,confirm_ema=False|period=14|squeeze_pct=30,both,all,NEEDS_MORE_DATA,19,,,,,,,,,,,,,,,,only 19 trades < min 20,eodhd
run_20260426_191100,NVDA,stock,H1,engine_b_proxy,ob_bos,require_engulf=False|require_vol_expand=False|swing_period=5,both,all,NEEDS_MORE_DATA,16,,,,,,,,,,,,,,,,only 16 trades < min 20,eodhd
run_20260426_191100,NVDA,stock,H1,engine_b_proxy,ob_bos,require_engulf=False|require_vol_expand=True|swing_period=5,both,all,NEEDS_MORE_DATA,14,,,,,,,,,,,,,,,,only 14 trades < min 20,eodhd
run_20260426_191100,NVDA,stock,H1,engine_b_proxy,ob_bos,require_engulf=True|require_vol_expand=False|swing_period=5,both,all,NEEDS_MORE_DATA,14,,,,,,,,,,,,,,,,only 14 trades < min 20,eodhd
run_20260426_191100,NVDA,stock,H1,engine_b_proxy,ob_bos,require_engulf=True|require_vol_expand=True|swing_period=5,both,all,NEEDS_MORE_DATA,12,,,,,,,,,,,,,,,,only 12 trades < min 20,eodhd
run_20260426_191100,NVDA,stock,H1,engine_b_proxy,ob_bos,require_engulf=False|require_vol_expand=False|swing_period=10,both,all,NEEDS_MORE_DATA,8,,,,,,,,,,,,,,,,only 8 trades < min 20,eodhd
run_20260426_191100,NVDA,stock,H1,engine_b_proxy,ob_bos,require_engulf=False|require_vol_expand=True|swing_period=10,both,all,NEEDS_MORE_DATA,7,,,,,,,,,,,,,,,,only 7 trades < min 20,eodhd
run_20260426_191100,NVDA,stock,H1,engine_b_proxy,ob_bos,require_engulf=True|require_vol_expand=False|swing_period=10,both,all,NEEDS_MORE_DATA,8,,,,,,,,,,,,,,,,only 8 trades < min 20,eodhd
run_20260426_191100,NVDA,stock,H1,engine_b_proxy,ob_bos,require_engulf=True|require_vol_expand=True|swing_period=10,both,all,NEEDS_MORE_DATA,5,,,,,,,,,,,,,,,,only 5 trades < min 20,eodhd
run_20260426_191100,NVDA,stock,H1,engine_b_proxy,structure_filters,fvg_detection=False|strong_close_pct=0.7,both,all,REJECT,160,0.281250,0.750811,-0.001434,-0.001434,-0.304389,-0.782050,-1.254807,0.248834,3.856250,-0.218146,-0.218146,-0.295234,0.065312,0.400000,,,eodhd
run_20260426_191100,NVDA,stock,H1,engine_b_proxy,structure_filters,fvg_detection=True|strong_close_pct=0.7,both,all,REJECT,28,0.214286,0.303787,-0.010082,-0.010082,-0.301204,-1.522619,-2.725445,0.043546,11.607143,-0.251065,-0.251065,-0.249791,0.033429,0.268000,,,eodhd
run_20260426_191100,NVDA,stock,H1,engine_b_proxy,structure_filters,fvg_detection=False|strong_close_pct=0.8,both,all,REJECT,119,0.294118,0.615146,-0.002812,-0.002812,-0.328634,-1.211735,-1.962474,0.185070,4.957983,-0.295008,-0.295008,-0.285288,-0.052782,0.455504,,,eodhd
run_20260426_191100,NVDA,stock,H1,engine_b_proxy,structure_filters,fvg_detection=True|strong_close_pct=0.8,both,all,REJECT,24,0.250000,0.374638,-0.008567,-0.008567,-0.244885,-1.180085,-2.037526,0.037325,12.458333,-0.190705,-0.190705,-0.189328,0.033429,0.244000,,,eodhd
run_20260426_191100,NVDA,stock,H1,engine_d_proxy,vwap_reclaim,atr_sl_mult=0.5|band_std=0.5,both,all,NEEDS_MORE_DATA,10,,,,,,,,,,,,,,,,only 10 trades < min 20,eodhd
run_20260426_191100,NVDA,stock,H1,engine_d_proxy,vwap_reclaim,atr_sl_mult=1.0|band_std=0.5,both,all,NEEDS_MORE_DATA,10,,,,,,,,,,,,,,,,only 10 trades < min 20,eodhd
run_20260426_191100,NVDA,stock,H1,engine_d_proxy,vwap_reclaim,atr_sl_mult=0.5|band_std=1.0,both,all,NEEDS_MORE_DATA,11,,,,,,,,,,,,,,,,only 11 trades < min 20,eodhd
run_20260426_191100,NVDA,stock,H1,engine_d_proxy,vwap_reclaim,atr_sl_mult=1.0|band_std=1.0,both,all,NEEDS_MORE_DATA,11,,,,,,,,,,,,,,,,only 11 trades < min 20,eodhd
run_20260426_191100,NVDA,stock,H1,engine_d_proxy,micro_breakout,atr_sl_mult=0.5|fee_guard_r=0.5|range_bars=3,both,all,REJECT,62,0.258065,0.696308,-0.003777,-0.003777,-0.277496,-0.665518,-1.072791,0.096423,10.177419,-0.227182,-0.227182,-0.222738,-0.024237,0.432645,,,eodhd
run_20260426_191100,NVDA,stock,H1,engine_d_proxy,micro_breakout,atr_sl_mult=1.0|fee_guard_r=0.5|range_bars=3,both,all,REJECT,62,0.258065,0.696308,-0.003777,-0.003777,-0.277496,-0.665518,-1.072791,0.096423,10.177419,-0.227182,-0.227182,-0.222738,-0.024237,0.432645,,,eodhd
run_20260426_191100,NVDA,stock,H1,engine_d_proxy,micro_breakout,atr_sl_mult=0.5|fee_guard_r=0.5|range_bars=6,both,all,REJECT,44,0.250000,0.499065,-0.007182,-0.007182,-0.282923,-1.077169,-1.778713,0.068429,14.113636,-0.282923,-0.282923,-0.198440,-0.115069,0.537960,,,eodhd
run_20260426_191100,NVDA,stock,H1,engine_d_proxy,micro_breakout,atr_sl_mult=1.0|fee_guard_r=0.5|range_bars=6,both,all,REJECT,44,0.250000,0.499065,-0.007182,-0.007182,-0.282923,-1.077169,-1.778713,0.068429,14.113636,-0.282923,-0.282923,-0.198440,-0.115069,0.537960,,,eodhd
run_20260426_191100,NVDA,stock,H1,engine_d_proxy,ema_scalp_pullback,atr_sl_mult=0.5|ema_period=21,both,all,REJECT,67,0.149254,0.460616,-0.004858,-0.004858,-0.359214,-1.188080,-1.946806,0.104199,7.970149,-0.287959,-0.287959,-0.337737,0.053823,0.400000,,,eodhd
run_20260426_191100,NVDA,stock,H1,engine_d_proxy,ema_scalp_pullback,atr_sl_mult=1.0|ema_period=21,both,all,REJECT,66,0.151515,0.451614,-0.005114,-0.005114,-0.367119,-1.216750,-1.997157,0.102644,8.166667,-0.296743,-0.296743,-0.345907,0.053823,0.400000,,,eodhd
run_20260426_191100,MSFT,stock,H1,trend_momentum,ema_cross,adx_min=0|fast_period=10|rsi_confirm=False|slow_period=50,both,all,NEEDS_MORE_DATA,15,,,,,,,,,,,,,,,,only 15 trades < min 20,eodhd
run_20260426_191100,MSFT,stock,H1,trend_momentum,ema_cross,adx_min=0|fast_period=10|rsi_confirm=True|slow_period=50,both,all,NEEDS_MORE_DATA,14,,,,,,,,,,,,,,,,only 14 trades < min 20,eodhd
run_20260426_191100,MSFT,stock,H1,trend_momentum,ema_cross,adx_min=20|fast_period=10|rsi_confirm=False|slow_period=50,both,all,NEEDS_MORE_DATA,14,,,,,,,,,,,,,,,,only 14 trades < min 20,eodhd
run_20260426_191100,MSFT,stock,H1,trend_momentum,ema_cross,adx_min=20|fast_period=10|rsi_confirm=True|slow_period=50,both,all,NEEDS_MORE_DATA,13,,,,,,,,,,,,,,,,only 13 trades < min 20,eodhd
run_20260426_191100,MSFT,stock,H1,trend_momentum,ema_cross,adx_min=25|fast_period=10|rsi_confirm=False|slow_period=50,both,all,NEEDS_MORE_DATA,13,,,,,,,,,,,,,,,,only 13 trades < min 20,eodhd
run_20260426_191100,MSFT,stock,H1,trend_momentum,ema_cross,adx_min=25|fast_period=10|rsi_confirm=True|slow_period=50,both,all,NEEDS_MORE_DATA,12,,,,,,,,,,,,,,,,only 12 trades < min 20,eodhd
run_20260426_191100,MSFT,stock,H1,trend_momentum,ema_cross,adx_min=0|fast_period=10|rsi_confirm=False|slow_period=100,both,all,NEEDS_MORE_DATA,11,,,,,,,,,,,,,,,,only 11 trades < min 20,eodhd
run_20260426_191100,MSFT,stock,H1,trend_momentum,ema_cross,adx_min=0|fast_period=10|rsi_confirm=True|slow_period=100,both,all,NEEDS_MORE_DATA,10,,,,,,,,,,,,,,,,only 10 trades < min 20,eodhd
run_20260426_191100,MSFT,stock,H1,trend_momentum,ema_cross,adx_min=20|fast_period=10|rsi_confirm=False|slow_period=100,both,all,NEEDS_MORE_DATA,10,,,,,,,,,,,,,,,,only 10 trades < min 20,eodhd
run_20260426_191100,MSFT,stock,H1,trend_momentum,ema_cross,adx_min=20|fast_period=10|rsi_confirm=True|slow_period=100,both,all,NEEDS_MORE_DATA,9,,,,,,,,,,,,,,,,only 9 trades < min 20,eodhd
run_20260426_191100,MSFT,stock,H1,trend_momentum,ema_cross,adx_min=25|fast_period=10|rsi_confirm=False|slow_period=100,both,all,NEEDS_MORE_DATA,9,,,,,,,,,,,,,,,,only 9 trades < min 20,eodhd
run_20260426_191100,MSFT,stock,H1,trend_momentum,ema_cross,adx_min=25|fast_period=10|rsi_confirm=True|slow_period=100,both,all,NEEDS_MORE_DATA,8,,,,,,,,,,,,,,,,only 8 trades < min 20,eodhd
run_20260426_191100,MSFT,stock,H1,trend_momentum,ema_cross,adx_min=0|fast_period=10|rsi_confirm=False|slow_period=200,both,all,NEEDS_MORE_DATA,5,,,,,,,,,,,,,,,,only 5 trades < min 20,eodhd
run_20260426_191100,MSFT,stock,H1,trend_momentum,ema_cross,adx_min=0|fast_period=10|rsi_confirm=True|slow_period=200,both,all,NEEDS_MORE_DATA,4,,,,,,,,,,,,,,,,only 4 trades < min 20,eodhd
run_20260426_191100,MSFT,stock,H1,trend_momentum,ema_cross,adx_min=20|fast_period=10|rsi_confirm=False|slow_period=200,both,all,NEEDS_MORE_DATA,4,,,,,,,,,,,,,,,,only 4 trades < min 20,eodhd
run_20260426_191100,MSFT,stock,H1,trend_momentum,ema_cross,adx_min=20|fast_period=10|rsi_confirm=True|slow_period=200,both,all,NEEDS_MORE_DATA,3,,,,,,,,,,,,,,,,only 3 trades < min 20,eodhd
run_20260426_191100,MSFT,stock,H1,trend_momentum,ema_cross,adx_min=25|fast_period=10|rsi_confirm=False|slow_period=200,both,all,NEEDS_MORE_DATA,4,,,,,,,,,,,,,,,,only 4 trades < min 20,eodhd
run_20260426_191100,MSFT,stock,H1,trend_momentum,ema_cross,adx_min=25|fast_period=10|rsi_confirm=True|slow_period=200,both,all,NEEDS_MORE_DATA,3,,,,,,,,,,,,,,,,only 3 trades < min 20,eodhd
run_20260426_191100,MSFT,stock,H1,trend_momentum,ema_cross,adx_min=0|fast_period=20|rsi_confirm=False|slow_period=50,both,all,NEEDS_MORE_DATA,11,,,,,,,,,,,,,,,,only 11 trades < min 20,eodhd
run_20260426_191100,MSFT,stock,H1,trend_momentum,ema_cross,adx_min=0|fast_period=20|rsi_confirm=True|slow_period=50,both,all,NEEDS_MORE_DATA,10,,,,,,,,,,,,,,,,only 10 trades < min 20,eodhd
run_20260426_191100,MSFT,stock,H1,trend_momentum,ema_cross,adx_min=20|fast_period=20|rsi_confirm=False|slow_period=50,both,all,NEEDS_MORE_DATA,10,,,,,,,,,,,,,,,,only 10 trades < min 20,eodhd
run_20260426_191100,MSFT,stock,H1,trend_momentum,ema_cross,adx_min=20|fast_period=20|rsi_confirm=True|slow_period=50,both,all,NEEDS_MORE_DATA,9,,,,,,,,,,,,,,,,only 9 trades < min 20,eodhd
run_20260426_191100,MSFT,stock,H1,trend_momentum,ema_cross,adx_min=25|fast_period=20|rsi_confirm=False|slow_period=50,both,all,NEEDS_MORE_DATA,9,,,,,,,,,,,,,,,,only 9 trades < min 20,eodhd
run_20260426_191100,MSFT,stock,H1,trend_momentum,ema_cross,adx_min=25|fast_period=20|rsi_confirm=True|slow_period=50,both,all,NEEDS_MORE_DATA,8,,,,,,,,,,,,,,,,only 8 trades < min 20,eodhd
run_20260426_191100,MSFT,stock,H1,trend_momentum,ema_cross,adx_min=0|fast_period=20|rsi_confirm=False|slow_period=100,both,all,NEEDS_MORE_DATA,7,,,,,,,,,,,,,,,,only 7 trades < min 20,eodhd
run_20260426_191100,MSFT,stock,H1,trend_momentum,ema_cross,adx_min=0|fast_period=20|rsi_confirm=True|slow_period=100,both,all,NEEDS_MORE_DATA,6,,,,,,,,,,,,,,,,only 6 trades < min 20,eodhd
run_20260426_191100,MSFT,stock,H1,trend_momentum,ema_cross,adx_min=20|fast_period=20|rsi_confirm=False|slow_period=100,both,all,NEEDS_MORE_DATA,6,,,,,,,,,,,,,,,,only 6 trades < min 20,eodhd
run_20260426_191100,MSFT,stock,H1,trend_momentum,ema_cross,adx_min=20|fast_period=20|rsi_confirm=True|slow_period=100,both,all,NEEDS_MORE_DATA,5,,,,,,,,,,,,,,,,only 5 trades < min 20,eodhd
run_20260426_191100,MSFT,stock,H1,trend_momentum,ema_cross,adx_min=25|fast_period=20|rsi_confirm=False|slow_period=100,both,all,NEEDS_MORE_DATA,6,,,,,,,,,,,,,,,,only 6 trades < min 20,eodhd
run_20260426_191100,MSFT,stock,H1,trend_momentum,ema_cross,adx_min=25|fast_period=20|rsi_confirm=True|slow_period=100,both,all,NEEDS_MORE_DATA,5,,,,,,,,,,,,,,,,only 5 trades < min 20,eodhd
run_20260426_191100,MSFT,stock,H1,trend_momentum,ema_cross,adx_min=0|fast_period=20|rsi_confirm=False|slow_period=200,both,all,NEEDS_MORE_DATA,5,,,,,,,,,,,,,,,,only 5 trades < min 20,eodhd
run_20260426_191100,MSFT,stock,H1,trend_momentum,ema_cross,adx_min=0|fast_period=20|rsi_confirm=True|slow_period=200,both,all,NEEDS_MORE_DATA,4,,,,,,,,,,,,,,,,only 4 trades < min 20,eodhd
run_20260426_191100,MSFT,stock,H1,trend_momentum,ema_cross,adx_min=20|fast_period=20|rsi_confirm=False|slow_period=200,both,all,NEEDS_MORE_DATA,4,,,,,,,,,,,,,,,,only 4 trades < min 20,eodhd
run_20260426_191100,MSFT,stock,H1,trend_momentum,ema_cross,adx_min=20|fast_period=20|rsi_confirm=True|slow_period=200,both,all,NEEDS_MORE_DATA,3,,,,,,,,,,,,,,,,only 3 trades < min 20,eodhd
run_20260426_191100,MSFT,stock,H1,trend_momentum,ema_cross,adx_min=25|fast_period=20|rsi_confirm=False|slow_period=200,both,all,NEEDS_MORE_DATA,4,,,,,,,,,,,,,,,,only 4 trades < min 20,eodhd
run_20260426_191100,MSFT,stock,H1,trend_momentum,ema_cross,adx_min=25|fast_period=20|rsi_confirm=True|slow_period=200,both,all,NEEDS_MORE_DATA,3,,,,,,,,,,,,,,,,only 3 trades < min 20,eodhd
run_20260426_191100,MSFT,stock,H1,trend_momentum,ema_alignment,adx_min=0|ema_long=200|ema_mid=50|ema_short=20,both,all,NEEDS_MORE_DATA,6,,,,,,,,,,,,,,,,only 6 trades < min 20,eodhd
run_20260426_191100,MSFT,stock,H1,trend_momentum,ema_alignment,adx_min=20|ema_long=200|ema_mid=50|ema_short=20,both,all,NEEDS_MORE_DATA,6,,,,,,,,,,,,,,,,only 6 trades < min 20,eodhd
run_20260426_191100,MSFT,stock,H1,trend_momentum,ema_alignment,adx_min=25|ema_long=200|ema_mid=50|ema_short=20,both,all,NEEDS_MORE_DATA,6,,,,,,,,,,,,,,,,only 6 trades < min 20,eodhd
run_20260426_191100,MSFT,stock,H1,trend_momentum,macd_direction,adx_min=0|fast=12|signal_period=9|slow=26,both,all,REJECT,61,0.229508,0.765306,-0.002152,-0.002152,-0.288005,-0.405623,-0.650466,0.094868,10.491803,-0.140198,-0.140198,-0.032925,-0.128643,0.400000,,,eodhd
run_20260426_191100,MSFT,stock,H1,trend_momentum,macd_direction,adx_min=20|fast=12|signal_period=9|slow=26,both,all,REJECT,59,0.237288,0.809255,-0.001710,-0.001710,-0.269761,-0.314196,-0.503255,0.091757,10.711864,-0.113388,-0.113388,-0.002769,-0.128643,0.400000,,,eodhd
run_20260426_191100,MSFT,stock,H1,pullback,pullback_ema,pullback_period=20|rsi_reclaim=False|rsi_threshold=50|trend_period=200,both,all,REJECT,22,0.272727,0.579579,-0.002547,-0.002547,-0.101287,-0.620510,-1.014100,0.034215,11.090909,-0.056004,-0.056004,0.007283,-0.062830,0.232000,,,eodhd
run_20260426_191100,MSFT,stock,H1,pullback,pullback_ema,pullback_period=20|rsi_reclaim=True|rsi_threshold=50|trend_period=200,both,all,REJECT,21,0.285714,0.661600,-0.001882,-0.001882,-0.086186,-0.457353,-0.740301,0.032659,11.285714,-0.040143,-0.040143,0.007283,-0.047083,0.226000,,,eodhd
run_20260426_191100,MSFT,stock,H1,pullback,pullback_ema,pullback_period=50|rsi_reclaim=False|rsi_threshold=50|trend_period=200,both,all,NEEDS_MORE_DATA,18,,,,,,,,,,,,,,,,only 18 trades < min 20,eodhd
run_20260426_191100,MSFT,stock,H1,pullback,pullback_ema,pullback_period=50|rsi_reclaim=True|rsi_threshold=50|trend_period=200,both,all,NEEDS_MORE_DATA,14,,,,,,,,,,,,,,,,only 14 trades < min 20,eodhd
run_20260426_191100,MSFT,stock,H1,breakout,prev_day_hl,atr_expand_min=0.0,both,all,NEEDS_MORE_DATA,0,,,,,,,,,,,,,,,,only 0 trades < min 20,eodhd
run_20260426_191100,MSFT,stock,H1,breakout,prev_day_hl,atr_expand_min=0.5,both,all,NEEDS_MORE_DATA,0,,,,,,,,,,,,,,,,only 0 trades < min 20,eodhd
run_20260426_191100,MSFT,stock,H1,breakout,prev_day_hl,atr_expand_min=1.0,both,all,NEEDS_MORE_DATA,0,,,,,,,,,,,,,,,,only 0 trades < min 20,eodhd
run_20260426_191100,MSFT,stock,H1,breakout,session_opening_range,atr_expand_min=0.0|range_bars=6,both,all,REJECT,43,0.372093,1.031665,0.000308,0.000308,-0.165265,0.042221,0.067499,0.066874,14.511628,-0.005170,-0.005170,-0.020240,-0.004853,0.429924,,,eodhd
run_20260426_191100,MSFT,stock,H1,breakout,session_opening_range,atr_expand_min=0.5|range_bars=6,both,all,WEAK_CANDIDATE,42,0.380952,1.075882,0.000724,0.000724,-0.165265,0.097424,0.155785,0.065319,14.714286,0.012214,0.012214,-0.003120,-0.004853,0.700010,,,eodhd
run_20260426_191100,MSFT,stock,H1,breakout,session_opening_range,atr_expand_min=0.0|range_bars=12,both,all,NEEDS_MORE_DATA,19,,,,,,,,,,,,,,,,only 19 trades < min 20,eodhd
run_20260426_191100,MSFT,stock,H1,breakout,session_opening_range,atr_expand_min=0.5|range_bars=12,both,all,NEEDS_MORE_DATA,19,,,,,,,,,,,,,,,,only 19 trades < min 20,eodhd
run_20260426_191100,MSFT,stock,H1,breakout,london_breakout,atr_expand_min=0.0|utc_end=11|utc_start=7,both,all,NEEDS_MORE_DATA,0,,,,,,,,,,,,,,,,only 0 trades < min 20,eodhd
run_20260426_191100,MSFT,stock,H1,breakout,london_breakout,atr_expand_min=0.5|utc_end=11|utc_start=7,both,all,NEEDS_MORE_DATA,0,,,,,,,,,,,,,,,,only 0 trades < min 20,eodhd
run_20260426_191100,MSFT,stock,H1,breakout,ny_breakout,atr_expand_min=0.0|utc_end=16|utc_start=13,both,all,REJECT,23,0.434783,0.914720,-0.001210,-0.001210,-0.146695,-0.095757,-0.153154,0.035770,23.521739,-0.043055,-0.043055,-0.101734,0.012260,0.238000,,,eodhd
run_20260426_191100,MSFT,stock,H1,breakout,ny_breakout,atr_expand_min=0.5|utc_end=16|utc_start=13,both,all,REJECT,23,0.434783,0.914720,-0.001210,-0.001210,-0.146695,-0.095757,-0.153154,0.035770,23.521739,-0.043055,-0.043055,-0.101734,0.012260,0.238000,,,eodhd
run_20260426_191100,MSFT,stock,H1,mean_reversion,rsi_extreme,overbought=70|oversold=30|period=14,both,all,NEEDS_MORE_DATA,10,,,,,,,,,,,,,,,,only 10 trades < min 20,eodhd
run_20260426_191100,MSFT,stock,H1,mean_reversion,rsi_extreme,overbought=75|oversold=30|period=14,both,all,NEEDS_MORE_DATA,9,,,,,,,,,,,,,,,,only 9 trades < min 20,eodhd
run_20260426_191100,MSFT,stock,H1,mean_reversion,rsi_extreme,overbought=70|oversold=25|period=14,both,all,NEEDS_MORE_DATA,10,,,,,,,,,,,,,,,,only 10 trades < min 20,eodhd
run_20260426_191100,MSFT,stock,H1,mean_reversion,rsi_extreme,overbought=75|oversold=25|period=14,both,all,NEEDS_MORE_DATA,9,,,,,,,,,,,,,,,,only 9 trades < min 20,eodhd
run_20260426_191100,MSFT,stock,H1,mean_reversion,bollinger_touch,num_std=2.0|period=20,both,all,NEEDS_MORE_DATA,19,,,,,,,,,,,,,,,,only 19 trades < min 20,eodhd
run_20260426_191100,MSFT,stock,H1,mean_reversion,bollinger_touch,num_std=2.5|period=20,both,all,NEEDS_MORE_DATA,14,,,,,,,,,,,,,,,,only 14 trades < min 20,eodhd
run_20260426_191100,MSFT,stock,H1,mean_reversion,vwap_deviation,std_threshold=1.5,both,all,NEEDS_MORE_DATA,4,,,,,,,,,,,,,,,,only 4 trades < min 20,eodhd
run_20260426_191100,MSFT,stock,H1,mean_reversion,vwap_deviation,std_threshold=2.0,both,all,NEEDS_MORE_DATA,5,,,,,,,,,,,,,,,,only 5 trades < min 20,eodhd
run_20260426_191100,MSFT,stock,H1,volatility,bb_squeeze_breakout,confirm_ema=True|period=20|squeeze_pct=20,both,all,NEEDS_MORE_DATA,9,,,,,,,,,,,,,,,,only 9 trades < min 20,eodhd
run_20260426_191100,MSFT,stock,H1,volatility,bb_squeeze_breakout,confirm_ema=False|period=20|squeeze_pct=20,both,all,NEEDS_MORE_DATA,9,,,,,,,,,,,,,,,,only 9 trades < min 20,eodhd
run_20260426_191100,MSFT,stock,H1,volatility,bb_squeeze_breakout,confirm_ema=True|period=20|squeeze_pct=30,both,all,NEEDS_MORE_DATA,12,,,,,,,,,,,,,,,,only 12 trades < min 20,eodhd
run_20260426_191100,MSFT,stock,H1,volatility,bb_squeeze_breakout,confirm_ema=False|period=20|squeeze_pct=30,both,all,NEEDS_MORE_DATA,12,,,,,,,,,,,,,,,,only 12 trades < min 20,eodhd
run_20260426_191100,MSFT,stock,H1,volatility,atr_compression,confirm_ema=True|period=14|squeeze_pct=20,both,all,NEEDS_MORE_DATA,9,,,,,,,,,,,,,,,,only 9 trades < min 20,eodhd
run_20260426_191100,MSFT,stock,H1,volatility,atr_compression,confirm_ema=False|period=14|squeeze_pct=20,both,all,NEEDS_MORE_DATA,11,,,,,,,,,,,,,,,,only 11 trades < min 20,eodhd
run_20260426_191100,MSFT,stock,H1,volatility,atr_compression,confirm_ema=True|period=14|squeeze_pct=30,both,all,NEEDS_MORE_DATA,11,,,,,,,,,,,,,,,,only 11 trades < min 20,eodhd
run_20260426_191100,MSFT,stock,H1,volatility,atr_compression,confirm_ema=False|period=14|squeeze_pct=30,both,all,NEEDS_MORE_DATA,13,,,,,,,,,,,,,,,,only 13 trades < min 20,eodhd
run_20260426_191100,MSFT,stock,H1,engine_b_proxy,ob_bos,require_engulf=False|require_vol_expand=False|swing_period=5,both,all,NEEDS_MORE_DATA,8,,,,,,,,,,,,,,,,only 8 trades < min 20,eodhd
run_20260426_191100,MSFT,stock,H1,engine_b_proxy,ob_bos,require_engulf=False|require_vol_expand=True|swing_period=5,both,all,NEEDS_MORE_DATA,8,,,,,,,,,,,,,,,,only 8 trades < min 20,eodhd
run_20260426_191100,MSFT,stock,H1,engine_b_proxy,ob_bos,require_engulf=True|require_vol_expand=False|swing_period=5,both,all,NEEDS_MORE_DATA,8,,,,,,,,,,,,,,,,only 8 trades < min 20,eodhd
run_20260426_191100,MSFT,stock,H1,engine_b_proxy,ob_bos,require_engulf=True|require_vol_expand=True|swing_period=5,both,all,NEEDS_MORE_DATA,7,,,,,,,,,,,,,,,,only 7 trades < min 20,eodhd
run_20260426_191100,MSFT,stock,H1,engine_b_proxy,ob_bos,require_engulf=False|require_vol_expand=False|swing_period=10,both,all,NEEDS_MORE_DATA,7,,,,,,,,,,,,,,,,only 7 trades < min 20,eodhd
run_20260426_191100,MSFT,stock,H1,engine_b_proxy,ob_bos,require_engulf=False|require_vol_expand=True|swing_period=10,both,all,NEEDS_MORE_DATA,6,,,,,,,,,,,,,,,,only 6 trades < min 20,eodhd
run_20260426_191100,MSFT,stock,H1,engine_b_proxy,ob_bos,require_engulf=True|require_vol_expand=False|swing_period=10,both,all,NEEDS_MORE_DATA,7,,,,,,,,,,,,,,,,only 7 trades < min 20,eodhd
run_20260426_191100,MSFT,stock,H1,engine_b_proxy,ob_bos,require_engulf=True|require_vol_expand=True|swing_period=10,both,all,NEEDS_MORE_DATA,6,,,,,,,,,,,,,,,,only 6 trades < min 20,eodhd
run_20260426_191100,MSFT,stock,H1,engine_b_proxy,structure_filters,fvg_detection=False|strong_close_pct=0.7,both,all,REJECT,168,0.333333,0.883766,-0.000558,-0.000558,-0.293488,-0.313943,-0.502151,0.261275,3.738095,-0.104786,-0.104786,0.061966,-0.169682,0.400000,,,eodhd
run_20260426_191100,MSFT,stock,H1,engine_b_proxy,structure_filters,fvg_detection=True|strong_close_pct=0.7,both,all,REJECT,23,0.391304,0.604767,-0.005296,-0.005296,-0.218253,-0.495825,-0.803282,0.035770,17.304348,-0.124917,-0.124917,-0.177758,0.048077,0.238000,,,eodhd
run_20260426_191100,MSFT,stock,H1,engine_b_proxy,structure_filters,fvg_detection=False|strong_close_pct=0.8,both,all,WEAK_CANDIDATE,116,0.379310,1.278639,0.001404,0.001404,-0.156591,0.474744,0.760481,0.180404,5.310345,0.151284,0.151284,0.235808,-0.082387,0.500000,,,eodhd
run_20260426_191100,MSFT,stock,H1,engine_b_proxy,structure_filters,fvg_detection=True|strong_close_pct=0.8,both,all,REJECT,20,0.350000,0.454605,-0.008392,-0.008392,-0.229956,-0.711796,-1.175344,0.031104,17.650000,-0.163669,-0.163669,-0.179398,0.003666,0.220000,,,eodhd
run_20260426_191100,MSFT,stock,H1,engine_d_proxy,vwap_reclaim,atr_sl_mult=0.5|band_std=0.5,both,all,NEEDS_MORE_DATA,10,,,,,,,,,,,,,,,,only 10 trades < min 20,eodhd
run_20260426_191100,MSFT,stock,H1,engine_d_proxy,vwap_reclaim,atr_sl_mult=1.0|band_std=0.5,both,all,NEEDS_MORE_DATA,10,,,,,,,,,,,,,,,,only 10 trades < min 20,eodhd
run_20260426_191100,MSFT,stock,H1,engine_d_proxy,vwap_reclaim,atr_sl_mult=0.5|band_std=1.0,both,all,NEEDS_MORE_DATA,5,,,,,,,,,,,,,,,,only 5 trades < min 20,eodhd
run_20260426_191100,MSFT,stock,H1,engine_d_proxy,vwap_reclaim,atr_sl_mult=1.0|band_std=1.0,both,all,NEEDS_MORE_DATA,5,,,,,,,,,,,,,,,,only 5 trades < min 20,eodhd
run_20260426_191100,MSFT,stock,H1,engine_d_proxy,micro_breakout,atr_sl_mult=0.5|fee_guard_r=0.5|range_bars=3,both,all,REJECT,60,0.400000,0.828911,-0.001477,-0.001477,-0.254695,-0.271339,-0.434383,0.093313,10.516667,-0.103696,-0.103696,-0.172806,0.061954,0.400000,,,eodhd
run_20260426_191100,MSFT,stock,H1,engine_d_proxy,micro_breakout,atr_sl_mult=1.0|fee_guard_r=0.5|range_bars=3,both,all,REJECT,60,0.400000,0.828911,-0.001477,-0.001477,-0.254695,-0.271339,-0.434383,0.093313,10.516667,-0.103696,-0.103696,-0.172806,0.061954,0.400000,,,eodhd
run_20260426_191100,MSFT,stock,H1,engine_d_proxy,micro_breakout,atr_sl_mult=0.5|fee_guard_r=0.5|range_bars=6,both,all,REJECT,43,0.372093,1.031665,0.000308,0.000308,-0.165265,0.042221,0.067499,0.066874,14.511628,-0.005170,-0.005170,-0.020240,-0.004853,0.429924,,,eodhd
run_20260426_191100,MSFT,stock,H1,engine_d_proxy,micro_breakout,atr_sl_mult=1.0|fee_guard_r=0.5|range_bars=6,both,all,REJECT,43,0.372093,1.031665,0.000308,0.000308,-0.165265,0.042221,0.067499,0.066874,14.511628,-0.005170,-0.005170,-0.020240,-0.004853,0.429924,,,eodhd
run_20260426_191100,MSFT,stock,H1,engine_d_proxy,ema_scalp_pullback,atr_sl_mult=0.5|ema_period=21,both,all,REJECT,49,0.204082,0.661955,-0.002452,-0.002452,-0.207172,-0.513860,-0.826739,0.076205,10.979592,-0.122376,-0.122376,-0.167351,0.054014,0.394000,,,eodhd
run_20260426_191100,MSFT,stock,H1,engine_d_proxy,ema_scalp_pullback,atr_sl_mult=1.0|ema_period=21,both,all,REJECT,49,0.204082,0.661955,-0.002452,-0.002452,-0.207172,-0.513860,-0.826739,0.076205,10.979592,-0.122376,-0.122376,-0.167351,0.054014,0.394000,,,eodhd
run_20260426_191100,BTC/USDT,crypto,H4,trend_momentum,ema_cross,adx_min=0|fast_period=10|rsi_confirm=False|slow_period=50,both,all,REJECT,30,0.233333,0.663445,-0.007184,-0.007184,-0.295494,-0.346125,-0.694858,0.030030,29.133333,-0.229130,-0.229130,-0.138927,-0.068130,0.427120,,,binance_rest
run_20260426_191100,BTC/USDT,crypto,H4,trend_momentum,ema_cross,adx_min=0|fast_period=10|rsi_confirm=True|slow_period=50,both,all,REJECT,27,0.185185,0.472591,-0.012130,-0.012130,-0.306537,-0.567953,-1.158424,0.027027,26.481481,-0.306313,-0.306313,-0.225142,-0.068130,0.352782,,,binance_rest
run_20260426_191100,BTC/USDT,crypto,H4,trend_momentum,ema_cross,adx_min=20|fast_period=10|rsi_confirm=False|slow_period=50,both,all,REJECT,25,0.240000,0.723647,-0.006186,-0.006186,-0.264632,-0.251281,-0.503028,0.025025,32.280000,-0.179786,-0.179786,-0.083809,-0.068130,0.493875,,,binance_rest
run_20260426_191100,BTC/USDT,crypto,H4,trend_momentum,ema_cross,adx_min=20|fast_period=10|rsi_confirm=True|slow_period=50,both,all,REJECT,23,0.173913,0.488829,-0.012429,-0.012429,-0.276330,-0.501578,-1.021051,0.023023,28.217391,-0.276096,-0.276096,-0.191389,-0.068130,0.344793,,,binance_rest
run_20260426_191100,BTC/USDT,crypto,H4,trend_momentum,ema_cross,adx_min=25|fast_period=10|rsi_confirm=False|slow_period=50,both,all,NEEDS_MORE_DATA,18,,,,,,,,,,,,,,,,only 18 trades < min 20,binance_rest
run_20260426_191100,BTC/USDT,crypto,H4,trend_momentum,ema_cross,adx_min=25|fast_period=10|rsi_confirm=True|slow_period=50,both,all,NEEDS_MORE_DATA,16,,,,,,,,,,,,,,,,only 16 trades < min 20,binance_rest
run_20260426_191100,BTC/USDT,crypto,H4,trend_momentum,ema_cross,adx_min=0|fast_period=10|rsi_confirm=False|slow_period=100,both,all,REJECT,22,0.181818,0.848407,-0.003134,-0.003134,-0.226358,-0.115918,-0.231187,0.022022,39.818182,-0.103159,-0.103159,0.008654,-0.062358,0.232000,,,binance_rest
run_20260426_191100,BTC/USDT,crypto,H4,trend_momentum,ema_cross,adx_min=0|fast_period=10|rsi_confirm=True|slow_period=100,both,all,REJECT,20,0.150000,0.643803,-0.007756,-0.007756,-0.226203,-0.279515,-0.561086,0.020020,37.150000,-0.172773,-0.172773,-0.069638,-0.062358,0.488636,,,binance_rest
run_20260426_191100,BTC/USDT,crypto,H4,trend_momentum,ema_cross,adx_min=20|fast_period=10|rsi_confirm=False|slow_period=100,both,all,REJECT,21,0.190476,0.885940,-0.002366,-0.002366,-0.226358,-0.083713,-0.166868,0.021021,41.666667,-0.085581,-0.085581,0.028423,-0.062358,0.226000,,,binance_rest
run_20260426_191100,BTC/USDT,crypto,H4,trend_momentum,ema_cross,adx_min=20|fast_period=10|rsi_confirm=True|slow_period=100,both,all,REJECT,20,0.150000,0.643803,-0.007756,-0.007756,-0.226203,-0.279515,-0.561086,0.020020,37.150000,-0.172773,-0.172773,-0.069638,-0.062358,0.488636,,,binance_rest
run_20260426_191100,BTC/USDT,crypto,H4,trend_momentum,ema_cross,adx_min=25|fast_period=10|rsi_confirm=False|slow_period=100,both,all,NEEDS_MORE_DATA,13,,,,,,,,,,,,,,,,only 13 trades < min 20,binance_rest
run_20260426_191100,BTC/USDT,crypto,H4,trend_momentum,ema_cross,adx_min=25|fast_period=10|rsi_confirm=True|slow_period=100,both,all,NEEDS_MORE_DATA,12,,,,,,,,,,,,,,,,only 12 trades < min 20,binance_rest
run_20260426_191100,BTC/USDT,crypto,H4,trend_momentum,ema_cross,adx_min=0|fast_period=10|rsi_confirm=False|slow_period=200,both,all,NEEDS_MORE_DATA,10,,,,,,,,,,,,,,,,only 10 trades < min 20,binance_rest
run_20260426_191100,BTC/USDT,crypto,H4,trend_momentum,ema_cross,adx_min=0|fast_period=10|rsi_confirm=True|slow_period=200,both,all,NEEDS_MORE_DATA,7,,,,,,,,,,,,,,,,only 7 trades < min 20,binance_rest
run_20260426_191100,BTC/USDT,crypto,H4,trend_momentum,ema_cross,adx_min=20|fast_period=10|rsi_confirm=False|slow_period=200,both,all,NEEDS_MORE_DATA,9,,,,,,,,,,,,,,,,only 9 trades < min 20,binance_rest
run_20260426_191100,BTC/USDT,crypto,H4,trend_momentum,ema_cross,adx_min=20|fast_period=10|rsi_confirm=True|slow_period=200,both,all,NEEDS_MORE_DATA,7,,,,,,,,,,,,,,,,only 7 trades < min 20,binance_rest
run_20260426_191100,BTC/USDT,crypto,H4,trend_momentum,ema_cross,adx_min=25|fast_period=10|rsi_confirm=False|slow_period=200,both,all,NEEDS_MORE_DATA,9,,,,,,,,,,,,,,,,only 9 trades < min 20,binance_rest
run_20260426_191100,BTC/USDT,crypto,H4,trend_momentum,ema_cross,adx_min=25|fast_period=10|rsi_confirm=True|slow_period=200,both,all,NEEDS_MORE_DATA,7,,,,,,,,,,,,,,,,only 7 trades < min 20,binance_rest
run_20260426_191100,BTC/USDT,crypto,H4,trend_momentum,ema_cross,adx_min=0|fast_period=20|rsi_confirm=False|slow_period=50,both,all,REJECT,22,0.272727,0.926224,-0.001448,-0.001448,-0.282522,-0.052959,-0.105523,0.022022,39.772727,-0.070719,-0.070719,-0.004763,-0.044419,0.232000,,,binance_rest
run_20260426_191100,BTC/USDT,crypto,H4,trend_momentum,ema_cross,adx_min=0|fast_period=20|rsi_confirm=True|slow_period=50,both,all,REJECT,20,0.250000,0.689497,-0.006406,-0.006406,-0.282379,-0.231072,-0.462714,0.020020,38.800000,-0.150588,-0.150588,-0.090300,-0.044419,0.367571,,,binance_rest
run_20260426_191100,BTC/USDT,crypto,H4,trend_momentum,ema_cross,adx_min=20|fast_period=20|rsi_confirm=False|slow_period=50,both,all,REJECT,20,0.300000,1.056552,0.001071,0.001071,-0.257240,0.035894,0.071512,0.020020,43.450000,-0.019121,-0.019121,0.050497,-0.044419,0.220000,,,binance_rest
run_20260426_191100,BTC/USDT,crypto,H4,trend_momentum,ema_cross,adx_min=20|fast_period=20|rsi_confirm=True|slow_period=50,both,all,NEEDS_MORE_DATA,19,,,,,,,,,,,,,,,,only 19 trades < min 20,binance_rest
run_20260426_191100,BTC/USDT,crypto,H4,trend_momentum,ema_cross,adx_min=25|fast_period=20|rsi_confirm=False|slow_period=50,both,all,NEEDS_MORE_DATA,15,,,,,,,,,,,,,,,,only 15 trades < min 20,binance_rest
run_20260426_191100,BTC/USDT,crypto,H4,trend_momentum,ema_cross,adx_min=25|fast_period=20|rsi_confirm=True|slow_period=50,both,all,NEEDS_MORE_DATA,14,,,,,,,,,,,,,,,,only 14 trades < min 20,binance_rest
run_20260426_191100,BTC/USDT,crypto,H4,trend_momentum,ema_cross,adx_min=0|fast_period=20|rsi_confirm=False|slow_period=100,both,all,NEEDS_MORE_DATA,14,,,,,,,,,,,,,,,,only 14 trades < min 20,binance_rest
run_20260426_191100,BTC/USDT,crypto,H4,trend_momentum,ema_cross,adx_min=0|fast_period=20|rsi_confirm=True|slow_period=100,both,all,NEEDS_MORE_DATA,12,,,,,,,,,,,,,,,,only 12 trades < min 20,binance_rest
run_20260426_191100,BTC/USDT,crypto,H4,trend_momentum,ema_cross,adx_min=20|fast_period=20|rsi_confirm=False|slow_period=100,both,all,NEEDS_MORE_DATA,13,,,,,,,,,,,,,,,,only 13 trades < min 20,binance_rest
run_20260426_191100,BTC/USDT,crypto,H4,trend_momentum,ema_cross,adx_min=20|fast_period=20|rsi_confirm=True|slow_period=100,both,all,NEEDS_MORE_DATA,12,,,,,,,,,,,,,,,,only 12 trades < min 20,binance_rest
run_20260426_191100,BTC/USDT,crypto,H4,trend_momentum,ema_cross,adx_min=25|fast_period=20|rsi_confirm=False|slow_period=100,both,all,NEEDS_MORE_DATA,11,,,,,,,,,,,,,,,,only 11 trades < min 20,binance_rest
run_20260426_191100,BTC/USDT,crypto,H4,trend_momentum,ema_cross,adx_min=25|fast_period=20|rsi_confirm=True|slow_period=100,both,all,NEEDS_MORE_DATA,10,,,,,,,,,,,,,,,,only 10 trades < min 20,binance_rest
run_20260426_191100,BTC/USDT,crypto,H4,trend_momentum,ema_cross,adx_min=0|fast_period=20|rsi_confirm=False|slow_period=200,both,all,NEEDS_MORE_DATA,6,,,,,,,,,,,,,,,,only 6 trades < min 20,binance_rest
run_20260426_191100,BTC/USDT,crypto,H4,trend_momentum,ema_cross,adx_min=0|fast_period=20|rsi_confirm=True|slow_period=200,both,all,NEEDS_MORE_DATA,4,,,,,,,,,,,,,,,,only 4 trades < min 20,binance_rest
run_20260426_191100,BTC/USDT,crypto,H4,trend_momentum,ema_cross,adx_min=20|fast_period=20|rsi_confirm=False|slow_period=200,both,all,NEEDS_MORE_DATA,5,,,,,,,,,,,,,,,,only 5 trades < min 20,binance_rest
run_20260426_191100,BTC/USDT,crypto,H4,trend_momentum,ema_cross,adx_min=20|fast_period=20|rsi_confirm=True|slow_period=200,both,all,NEEDS_MORE_DATA,4,,,,,,,,,,,,,,,,only 4 trades < min 20,binance_rest
run_20260426_191100,BTC/USDT,crypto,H4,trend_momentum,ema_cross,adx_min=25|fast_period=20|rsi_confirm=False|slow_period=200,both,all,NEEDS_MORE_DATA,5,,,,,,,,,,,,,,,,only 5 trades < min 20,binance_rest
run_20260426_191100,BTC/USDT,crypto,H4,trend_momentum,ema_cross,adx_min=25|fast_period=20|rsi_confirm=True|slow_period=200,both,all,NEEDS_MORE_DATA,4,,,,,,,,,,,,,,,,only 4 trades < min 20,binance_rest
run_20260426_191100,BTC/USDT,crypto,H4,trend_momentum,ema_alignment,adx_min=0|ema_long=200|ema_mid=50|ema_short=20,both,all,NEEDS_MORE_DATA,14,,,,,,,,,,,,,,,,only 14 trades < min 20,binance_rest
run_20260426_191100,BTC/USDT,crypto,H4,trend_momentum,ema_alignment,adx_min=20|ema_long=200|ema_mid=50|ema_short=20,both,all,NEEDS_MORE_DATA,13,,,,,,,,,,,,,,,,only 13 trades < min 20,binance_rest
run_20260426_191100,BTC/USDT,crypto,H4,trend_momentum,ema_alignment,adx_min=25|ema_long=200|ema_mid=50|ema_short=20,both,all,NEEDS_MORE_DATA,12,,,,,,,,,,,,,,,,only 12 trades < min 20,binance_rest
run_20260426_191100,BTC/USDT,crypto,H4,trend_momentum,macd_direction,adx_min=0|fast=12|signal_period=9|slow=26,both,all,REJECT,75,0.346667,0.837282,-0.002239,-0.002239,-0.258123,-0.307323,-0.613623,0.075075,13.080000,-0.185503,-0.185503,-0.013118,-0.196026,0.400000,,,binance_rest
run_20260426_191100,BTC/USDT,crypto,H4,trend_momentum,macd_direction,adx_min=20|fast=12|signal_period=9|slow=26,both,all,REJECT,70,0.342857,0.805190,-0.002751,-0.002751,-0.274778,-0.359852,-0.719301,0.070070,13.128571,-0.204127,-0.204127,-0.035684,-0.196026,0.400000,,,binance_rest
run_20260426_191100,BTC/USDT,crypto,H4,pullback,pullback_ema,pullback_period=20|rsi_reclaim=False|rsi_threshold=50|trend_period=200,both,all,REJECT,65,0.215385,0.914357,-0.000875,-0.000875,-0.236816,-0.098592,-0.196454,0.065065,7.984615,-0.091120,-0.091120,-0.093863,-0.014408,0.446049,,,binance_rest
run_20260426_191100,BTC/USDT,crypto,H4,pullback,pullback_ema,pullback_period=20|rsi_reclaim=True|rsi_threshold=50|trend_period=200,both,all,REJECT,56,0.196429,0.753244,-0.002546,-0.002546,-0.258784,-0.295106,-0.589585,0.056056,7.446429,-0.156241,-0.156241,-0.173631,0.021044,0.400000,,,binance_rest
run_20260426_191100,BTC/USDT,crypto,H4,pullback,pullback_ema,pullback_period=50|rsi_reclaim=False|rsi_threshold=50|trend_period=200,both,all,REJECT,39,0.205128,0.980404,-0.000224,-0.000224,-0.194269,-0.016239,-0.032349,0.039039,14.076923,-0.041245,-0.041245,-0.041705,0.007448,0.334000,,,binance_rest
run_20260426_191100,BTC/USDT,crypto,H4,pullback,pullback_ema,pullback_period=50|rsi_reclaim=True|rsi_threshold=50|trend_period=200,both,all,REJECT,24,0.166667,0.179527,-0.012200,-0.012200,-0.258436,-1.341233,-3.171498,0.024024,11.208333,-0.258436,-0.258436,-0.232951,-0.026490,0.278115,,,binance_rest
run_20260426_191100,BTC/USDT,crypto,H4,breakout,prev_day_hl,atr_expand_min=0.0,both,all,WEAK_CANDIDATE,69,0.391304,1.360894,0.003507,0.003507,-0.159683,0.410635,0.821723,0.069069,14.318841,0.222181,0.222181,0.285134,-0.105737,0.500000,,,binance_rest
run_20260426_191100,BTC/USDT,crypto,H4,breakout,prev_day_hl,atr_expand_min=0.5,both,all,WEAK_CANDIDATE,68,0.397059,1.351381,0.003492,0.003492,-0.159683,0.402254,0.804858,0.068068,14.147059,0.216491,0.216491,0.279152,-0.105737,0.500000,,,binance_rest
run_20260426_191100,BTC/USDT,crypto,H4,breakout,prev_day_hl,atr_expand_min=1.0,both,all,WEAK_CANDIDATE,46,0.456522,1.824878,0.006482,0.006482,-0.098029,0.583891,1.179807,0.046046,15.543478,0.306876,0.306876,0.391654,-0.060919,0.476000,,,binance_rest
run_20260426_191100,BTC/USDT,crypto,H4,breakout,session_opening_range,atr_expand_min=0.0|range_bars=6,both,all,WEAK_CANDIDATE,51,0.450980,1.756647,0.007335,0.007335,-0.113725,0.698475,1.417155,0.051051,18.882353,0.404351,0.404351,0.488095,-0.123000,0.500000,,,binance_rest
run_20260426_191100,BTC/USDT,crypto,H4,breakout,session_opening_range,atr_expand_min=0.5|range_bars=6,both,all,WEAK_CANDIDATE,51,0.450980,1.756647,0.007335,0.007335,-0.113725,0.698475,1.417155,0.051051,18.882353,0.404351,0.404351,0.488095,-0.123000,0.500000,,,binance_rest
run_20260426_191100,BTC/USDT,crypto,H4,breakout,session_opening_range,atr_expand_min=0.0|range_bars=12,both,all,REJECT,29,0.275862,0.881461,-0.002408,-0.002408,-0.219710,-0.127288,-0.253837,0.029029,32.689655,-0.100694,-0.100694,-0.122643,-0.014680,0.309908,,,binance_rest
run_20260426_191100,BTC/USDT,crypto,H4,breakout,session_opening_range,atr_expand_min=0.5|range_bars=12,both,all,REJECT,29,0.275862,0.881461,-0.002408,-0.002408,-0.219710,-0.127288,-0.253837,0.029029,32.689655,-0.100694,-0.100694,-0.122643,-0.014680,0.309908,,,binance_rest
run_20260426_191100,BTC/USDT,crypto,H4,breakout,london_breakout,atr_expand_min=0.0|utc_end=11|utc_start=7,both,all,NEEDS_MORE_DATA,14,,,,,,,,,,,,,,,,only 14 trades < min 20,binance_rest
run_20260426_191100,BTC/USDT,crypto,H4,breakout,london_breakout,atr_expand_min=0.5|utc_end=11|utc_start=7,both,all,NEEDS_MORE_DATA,14,,,,,,,,,,,,,,,,only 14 trades < min 20,binance_rest
run_20260426_191100,BTC/USDT,crypto,H4,breakout,ny_breakout,atr_expand_min=0.0|utc_end=16|utc_start=13,both,all,NEEDS_MORE_DATA,0,,,,,,,,,,,,,,,,only 0 trades < min 20,binance_rest
run_20260426_191100,BTC/USDT,crypto,H4,breakout,ny_breakout,atr_expand_min=0.5|utc_end=16|utc_start=13,both,all,NEEDS_MORE_DATA,0,,,,,,,,,,,,,,,,only 0 trades < min 20,binance_rest
run_20260426_191100,BTC/USDT,crypto,H4,mean_reversion,rsi_extreme,overbought=70|oversold=30|period=14,both,all,NEEDS_MORE_DATA,15,,,,,,,,,,,,,,,,only 15 trades < min 20,binance_rest
run_20260426_191100,BTC/USDT,crypto,H4,mean_reversion,rsi_extreme,overbought=75|oversold=30|period=14,both,all,NEEDS_MORE_DATA,12,,,,,,,,,,,,,,,,only 12 trades < min 20,binance_rest
run_20260426_191100,BTC/USDT,crypto,H4,mean_reversion,rsi_extreme,overbought=70|oversold=25|period=14,both,all,NEEDS_MORE_DATA,11,,,,,,,,,,,,,,,,only 11 trades < min 20,binance_rest
run_20260426_191100,BTC/USDT,crypto,H4,mean_reversion,rsi_extreme,overbought=75|oversold=25|period=14,both,all,NEEDS_MORE_DATA,8,,,,,,,,,,,,,,,,only 8 trades < min 20,binance_rest
run_20260426_191100,BTC/USDT,crypto,H4,mean_reversion,bollinger_touch,num_std=2.0|period=20,both,all,WEAK_CANDIDATE,36,0.611111,1.276113,0.003043,0.003043,-0.228857,0.247731,0.495110,0.036036,14.583333,0.086821,0.086821,0.108560,-0.019610,0.416000,,,binance_rest
run_20260426_191100,BTC/USDT,crypto,H4,mean_reversion,bollinger_touch,num_std=2.5|period=20,both,all,WEAK_CANDIDATE,26,0.653846,1.290245,0.003004,0.003004,-0.194034,0.195178,0.389910,0.026026,14.576923,0.057849,0.057849,0.006703,0.050805,0.356000,,,binance_rest
run_20260426_191100,BTC/USDT,crypto,H4,mean_reversion,vwap_deviation,std_threshold=1.5,both,all,NEEDS_MORE_DATA,8,,,,,,,,,,,,,,,,only 8 trades < min 20,binance_rest
run_20260426_191100,BTC/USDT,crypto,H4,mean_reversion,vwap_deviation,std_threshold=2.0,both,all,NEEDS_MORE_DATA,7,,,,,,,,,,,,,,,,only 7 trades < min 20,binance_rest
run_20260426_191100,BTC/USDT,crypto,H4,volatility,bb_squeeze_breakout,confirm_ema=True|period=20|squeeze_pct=20,both,all,REJECT,25,0.320000,0.510563,-0.005775,-0.005775,-0.139671,-0.687426,-1.422384,0.025025,8.360000,-0.139283,-0.139283,-0.035108,-0.107965,0.250000,,,binance_rest
run_20260426_191100,BTC/USDT,crypto,H4,volatility,bb_squeeze_breakout,confirm_ema=False|period=20|squeeze_pct=20,both,all,REJECT,25,0.320000,0.490202,-0.005898,-0.005898,-0.142160,-0.713761,-1.481445,0.025025,9.120000,-0.141773,-0.141773,-0.037899,-0.107965,0.250000,,,binance_rest
run_20260426_191100,BTC/USDT,crypto,H4,volatility,bb_squeeze_breakout,confirm_ema=True|period=20|squeeze_pct=30,both,all,REJECT,27,0.370370,0.549327,-0.005864,-0.005864,-0.152908,-0.666111,-1.371138,0.027027,9.037037,-0.152525,-0.152525,-0.076871,-0.081955,0.542159,,,binance_rest
run_20260426_191100,BTC/USDT,crypto,H4,volatility,bb_squeeze_breakout,confirm_ema=False|period=20|squeeze_pct=30,both,all,REJECT,27,0.333333,0.543249,-0.005979,-0.005979,-0.155543,-0.679150,-1.399853,0.027027,9.296296,-0.155162,-0.155162,-0.079743,-0.081955,0.553678,,,binance_rest
run_20260426_191100,BTC/USDT,crypto,H4,volatility,atr_compression,confirm_ema=True|period=14|squeeze_pct=20,both,all,REJECT,21,0.190476,0.251547,-0.013335,-0.013335,-0.289142,-1.100787,-2.489530,0.021021,17.904762,-0.250550,-0.250550,-0.241323,-0.012163,0.241121,,,binance_rest
run_20260426_191100,BTC/USDT,crypto,H4,volatility,atr_compression,confirm_ema=False|period=14|squeeze_pct=20,both,all,REJECT,20,0.350000,0.413022,-0.008681,-0.008681,-0.206383,-0.722819,-1.519119,0.020020,16.150000,-0.165626,-0.165626,-0.206383,0.051355,0.220000,,,binance_rest
run_20260426_191100,BTC/USDT,crypto,H4,volatility,atr_compression,confirm_ema=True|period=14|squeeze_pct=30,both,all,NEEDS_MORE_DATA,19,,,,,,,,,,,,,,,,only 19 trades < min 20,binance_rest
run_20260426_191100,BTC/USDT,crypto,H4,volatility,atr_compression,confirm_ema=False|period=14|squeeze_pct=30,both,all,REJECT,23,0.304348,0.212563,-0.011061,-0.011061,-0.246054,-1.124666,-2.525768,0.023023,14.869565,-0.229778,-0.229778,-0.172714,-0.068977,0.357812,,,binance_rest
run_20260426_191100,BTC/USDT,crypto,H4,engine_b_proxy,ob_bos,require_engulf=False|require_vol_expand=False|swing_period=5,both,all,NEEDS_MORE_DATA,16,,,,,,,,,,,,,,,,only 16 trades < min 20,binance_rest
run_20260426_191100,BTC/USDT,crypto,H4,engine_b_proxy,ob_bos,require_engulf=False|require_vol_expand=True|swing_period=5,both,all,NEEDS_MORE_DATA,15,,,,,,,,,,,,,,,,only 15 trades < min 20,binance_rest
run_20260426_191100,BTC/USDT,crypto,H4,engine_b_proxy,ob_bos,require_engulf=True|require_vol_expand=False|swing_period=5,both,all,NEEDS_MORE_DATA,16,,,,,,,,,,,,,,,,only 16 trades < min 20,binance_rest
run_20260426_191100,BTC/USDT,crypto,H4,engine_b_proxy,ob_bos,require_engulf=True|require_vol_expand=True|swing_period=5,both,all,NEEDS_MORE_DATA,15,,,,,,,,,,,,,,,,only 15 trades < min 20,binance_rest
run_20260426_191100,BTC/USDT,crypto,H4,engine_b_proxy,ob_bos,require_engulf=False|require_vol_expand=False|swing_period=10,both,all,NEEDS_MORE_DATA,7,,,,,,,,,,,,,,,,only 7 trades < min 20,binance_rest
run_20260426_191100,BTC/USDT,crypto,H4,engine_b_proxy,ob_bos,require_engulf=False|require_vol_expand=True|swing_period=10,both,all,NEEDS_MORE_DATA,7,,,,,,,,,,,,,,,,only 7 trades < min 20,binance_rest
run_20260426_191100,BTC/USDT,crypto,H4,engine_b_proxy,ob_bos,require_engulf=True|require_vol_expand=False|swing_period=10,both,all,NEEDS_MORE_DATA,6,,,,,,,,,,,,,,,,only 6 trades < min 20,binance_rest
run_20260426_191100,BTC/USDT,crypto,H4,engine_b_proxy,ob_bos,require_engulf=True|require_vol_expand=True|swing_period=10,both,all,NEEDS_MORE_DATA,6,,,,,,,,,,,,,,,,only 6 trades < min 20,binance_rest
run_20260426_191100,BTC/USDT,crypto,H4,engine_b_proxy,structure_filters,fvg_detection=False|strong_close_pct=0.7,both,all,REJECT,277,0.328520,0.975844,-0.000154,-0.000154,-0.210009,-0.068013,-0.135488,0.277277,3.447653,-0.086893,-0.086893,-0.058842,-0.094861,0.516364,,,binance_rest
run_20260426_191100,BTC/USDT,crypto,H4,engine_b_proxy,structure_filters,fvg_detection=True|strong_close_pct=0.7,both,all,REJECT,31,0.290323,0.532260,-0.006807,-0.006807,-0.296767,-0.568833,-1.156590,0.031031,13.451613,-0.204334,-0.204334,-0.177919,-0.057358,0.382714,,,binance_rest
run_20260426_191100,BTC/USDT,crypto,H4,engine_b_proxy,structure_filters,fvg_detection=False|strong_close_pct=0.8,both,all,REJECT,199,0.351759,0.964061,-0.000264,-0.000264,-0.215075,-0.088146,-0.175603,0.199199,4.457286,-0.091999,-0.091999,-0.069745,-0.087503,0.623614,,,binance_rest
run_20260426_191100,BTC/USDT,crypto,H4,engine_b_proxy,structure_filters,fvg_detection=True|strong_close_pct=0.8,both,all,NEEDS_MORE_DATA,19,,,,,,,,,,,,,,,,only 19 trades < min 20,binance_rest
run_20260426_191100,BTC/USDT,crypto,H4,engine_d_proxy,vwap_reclaim,atr_sl_mult=0.5|band_std=0.5,both,all,NEEDS_MORE_DATA,16,,,,,,,,,,,,,,,,only 16 trades < min 20,binance_rest
run_20260426_191100,BTC/USDT,crypto,H4,engine_d_proxy,vwap_reclaim,atr_sl_mult=1.0|band_std=0.5,both,all,NEEDS_MORE_DATA,16,,,,,,,,,,,,,,,,only 16 trades < min 20,binance_rest
run_20260426_191100,BTC/USDT,crypto,H4,engine_d_proxy,vwap_reclaim,atr_sl_mult=0.5|band_std=1.0,both,all,NEEDS_MORE_DATA,6,,,,,,,,,,,,,,,,only 6 trades < min 20,binance_rest
run_20260426_191100,BTC/USDT,crypto,H4,engine_d_proxy,vwap_reclaim,atr_sl_mult=1.0|band_std=1.0,both,all,NEEDS_MORE_DATA,6,,,,,,,,,,,,,,,,only 6 trades < min 20,binance_rest
run_20260426_191100,BTC/USDT,crypto,H4,engine_d_proxy,micro_breakout,atr_sl_mult=0.5|fee_guard_r=0.5|range_bars=3,both,all,REJECT,98,0.326531,0.693491,-0.004267,-0.004267,-0.367644,-0.740396,-1.489893,0.098098,10.091837,-0.367644,-0.367644,-0.090489,-0.344701,0.400000,,,binance_rest
run_20260426_191100,BTC/USDT,crypto,H4,engine_d_proxy,micro_breakout,atr_sl_mult=1.0|fee_guard_r=0.5|range_bars=3,both,all,REJECT,98,0.326531,0.693491,-0.004267,-0.004267,-0.367644,-0.740396,-1.489893,0.098098,10.091837,-0.367644,-0.367644,-0.090489,-0.344701,0.400000,,,binance_rest
run_20260426_191100,BTC/USDT,crypto,H4,engine_d_proxy,micro_breakout,atr_sl_mult=0.5|fee_guard_r=0.5|range_bars=6,both,all,WEAK_CANDIDATE,51,0.450980,1.756647,0.007335,0.007335,-0.113725,0.698475,1.417155,0.051051,18.882353,0.404351,0.404351,0.488095,-0.123000,0.500000,,,binance_rest
run_20260426_191100,BTC/USDT,crypto,H4,engine_d_proxy,micro_breakout,atr_sl_mult=1.0|fee_guard_r=0.5|range_bars=6,both,all,WEAK_CANDIDATE,51,0.450980,1.756647,0.007335,0.007335,-0.113725,0.698475,1.417155,0.051051,18.882353,0.404351,0.404351,0.488095,-0.123000,0.500000,,,binance_rest
run_20260426_191100,BTC/USDT,crypto,H4,engine_d_proxy,ema_scalp_pullback,atr_sl_mult=0.5|ema_period=21,both,all,REJECT,118,0.237288,0.721571,-0.002790,-0.002790,-0.380306,-0.521776,-1.043624,0.118118,8.432203,-0.313723,-0.313723,-0.295900,-0.062449,0.463315,,,binance_rest
run_20260426_191100,BTC/USDT,crypto,H4,engine_d_proxy,ema_scalp_pullback,atr_sl_mult=1.0|ema_period=21,both,all,REJECT,118,0.237288,0.721571,-0.002790,-0.002790,-0.380306,-0.521776,-1.043624,0.118118,8.432203,-0.313723,-0.313723,-0.295900,-0.062449,0.463315,,,binance_rest
run_20260426_191100,EUR/USD,forex,H4,trend_momentum,ema_cross,adx_min=0|fast_period=10|rsi_confirm=False|slow_period=50,both,all,REJECT,24,0.291667,0.844362,-0.000472,-0.000472,-0.023106,-0.159852,-0.319092,0.024024,41.083333,-0.011891,-0.011891,-0.017558,0.011387,0.244000,,,mt5
run_20260426_191100,EUR/USD,forex,H4,trend_momentum,ema_cross,adx_min=0|fast_period=10|rsi_confirm=True|slow_period=50,both,all,REJECT,23,0.260870,0.790330,-0.000662,-0.000662,-0.026892,-0.216387,-0.432765,0.023023,39.652174,-0.015721,-0.015721,-0.021365,0.011387,0.238000,,,mt5
run_20260426_191100,EUR/USD,forex,H4,trend_momentum,ema_cross,adx_min=20|fast_period=10|rsi_confirm=False|slow_period=50,both,all,REJECT,24,0.291667,0.844362,-0.000472,-0.000472,-0.023106,-0.159852,-0.319092,0.024024,41.083333,-0.011891,-0.011891,-0.017558,0.011387,0.244000,,,mt5
run_20260426_191100,EUR/USD,forex,H4,trend_momentum,ema_cross,adx_min=20|fast_period=10|rsi_confirm=True|slow_period=50,both,all,REJECT,23,0.260870,0.790330,-0.000662,-0.000662,-0.026892,-0.216387,-0.432765,0.023023,39.652174,-0.015721,-0.015721,-0.021365,0.011387,0.238000,,,mt5
run_20260426_191100,EUR/USD,forex,H4,trend_momentum,ema_cross,adx_min=25|fast_period=10|rsi_confirm=False|slow_period=50,both,all,REJECT,23,0.304348,0.877316,-0.000375,-0.000375,-0.023106,-0.121747,-0.242828,0.023023,41.608696,-0.009212,-0.009212,-0.014894,0.011387,0.238000,,,mt5
run_20260426_191100,EUR/USD,forex,H4,trend_momentum,ema_cross,adx_min=25|fast_period=10|rsi_confirm=True|slow_period=50,both,all,REJECT,22,0.272727,0.821448,-0.000569,-0.000569,-0.026892,-0.178026,-0.355631,0.022022,40.136364,-0.013052,-0.013052,-0.018712,0.011387,0.232000,,,mt5
run_20260426_191100,EUR/USD,forex,H4,trend_momentum,ema_cross,adx_min=0|fast_period=10|rsi_confirm=False|slow_period=100,both,all,REJECT,25,0.200000,0.377912,-0.002180,-0.002180,-0.055793,-0.963939,-2.075208,0.025025,39.840000,-0.053424,-0.053424,-0.040160,-0.011962,0.339355,,,mt5
run_20260426_191100,EUR/USD,forex,H4,trend_momentum,ema_cross,adx_min=0|fast_period=10|rsi_confirm=True|slow_period=100,both,all,REJECT,23,0.217391,0.394908,-0.002219,-0.002219,-0.052511,-0.903730,-1.938659,0.023023,37.086957,-0.050133,-0.050133,-0.038634,-0.011962,0.330886,,,mt5
run_20260426_191100,EUR/USD,forex,H4,trend_momentum,ema_cross,adx_min=20|fast_period=10|rsi_confirm=False|slow_period=100,both,all,REJECT,25,0.200000,0.377912,-0.002180,-0.002180,-0.055793,-0.963939,-2.075208,0.025025,39.840000,-0.053424,-0.053424,-0.040160,-0.011962,0.339355,,,mt5
run_20260426_191100,EUR/USD,forex,H4,trend_momentum,ema_cross,adx_min=20|fast_period=10|rsi_confirm=True|slow_period=100,both,all,REJECT,23,0.217391,0.394908,-0.002219,-0.002219,-0.052511,-0.903730,-1.938659,0.023023,37.086957,-0.050133,-0.050133,-0.038634,-0.011962,0.330886,,,mt5
run_20260426_191100,EUR/USD,forex,H4,trend_momentum,ema_cross,adx_min=25|fast_period=10|rsi_confirm=False|slow_period=100,both,all,REJECT,21,0.238095,0.457053,-0.001896,-0.001896,-0.041796,-0.724587,-1.519068,0.021021,42.333333,-0.039392,-0.039392,-0.025932,-0.011962,0.364384,,,mt5
run_20260426_191100,EUR/USD,forex,H4,trend_momentum,ema_cross,adx_min=25|fast_period=10|rsi_confirm=True|slow_period=100,both,all,NEEDS_MORE_DATA,19,,,,,,,,,,,,,,,,only 19 trades < min 20,mt5
run_20260426_191100,EUR/USD,forex,H4,trend_momentum,ema_cross,adx_min=0|fast_period=10|rsi_confirm=False|slow_period=200,both,all,NEEDS_MORE_DATA,17,,,,,,,,,,,,,,,,only 17 trades < min 20,mt5
run_20260426_191100,EUR/USD,forex,H4,trend_momentum,ema_cross,adx_min=0|fast_period=10|rsi_confirm=True|slow_period=200,both,all,NEEDS_MORE_DATA,16,,,,,,,,,,,,,,,,only 16 trades < min 20,mt5
run_20260426_191100,EUR/USD,forex,H4,trend_momentum,ema_cross,adx_min=20|fast_period=10|rsi_confirm=False|slow_period=200,both,all,NEEDS_MORE_DATA,17,,,,,,,,,,,,,,,,only 17 trades < min 20,mt5
run_20260426_191100,EUR/USD,forex,H4,trend_momentum,ema_cross,adx_min=20|fast_period=10|rsi_confirm=True|slow_period=200,both,all,NEEDS_MORE_DATA,16,,,,,,,,,,,,,,,,only 16 trades < min 20,mt5
run_20260426_191100,EUR/USD,forex,H4,trend_momentum,ema_cross,adx_min=25|fast_period=10|rsi_confirm=False|slow_period=200,both,all,NEEDS_MORE_DATA,12,,,,,,,,,,,,,,,,only 12 trades < min 20,mt5
run_20260426_191100,EUR/USD,forex,H4,trend_momentum,ema_cross,adx_min=25|fast_period=10|rsi_confirm=True|slow_period=200,both,all,NEEDS_MORE_DATA,11,,,,,,,,,,,,,,,,only 11 trades < min 20,mt5
run_20260426_191100,EUR/USD,forex,H4,trend_momentum,ema_cross,adx_min=0|fast_period=20|rsi_confirm=False|slow_period=50,both,all,REJECT,20,0.350000,0.594935,-0.001785,-0.001785,-0.045500,-0.504587,-1.031007,0.020020,49.500000,-0.035679,-0.035679,-0.023274,-0.004287,0.275254,,,mt5
run_20260426_191100,EUR/USD,forex,H4,trend_momentum,ema_cross,adx_min=0|fast_period=20|rsi_confirm=True|slow_period=50,both,all,NEEDS_MORE_DATA,19,,,,,,,,,,,,,,,,only 19 trades < min 20,mt5
run_20260426_191100,EUR/USD,forex,H4,trend_momentum,ema_cross,adx_min=20|fast_period=20|rsi_confirm=False|slow_period=50,both,all,REJECT,20,0.350000,0.594935,-0.001785,-0.001785,-0.045500,-0.504587,-1.031007,0.020020,49.500000,-0.035679,-0.035679,-0.023274,-0.004287,0.275254,,,mt5
run_20260426_191100,EUR/USD,forex,H4,trend_momentum,ema_cross,adx_min=20|fast_period=20|rsi_confirm=True|slow_period=50,both,all,NEEDS_MORE_DATA,19,,,,,,,,,,,,,,,,only 19 trades < min 20,mt5
run_20260426_191100,EUR/USD,forex,H4,trend_momentum,ema_cross,adx_min=25|fast_period=20|rsi_confirm=False|slow_period=50,both,all,NEEDS_MORE_DATA,19,,,,,,,,,,,,,,,,only 19 trades < min 20,mt5
run_20260426_191100,EUR/USD,forex,H4,trend_momentum,ema_cross,adx_min=25|fast_period=20|rsi_confirm=True|slow_period=50,both,all,NEEDS_MORE_DATA,18,,,,,,,,,,,,,,,,only 18 trades < min 20,mt5
run_20260426_191100,EUR/USD,forex,H4,trend_momentum,ema_cross,adx_min=0|fast_period=20|rsi_confirm=False|slow_period=100,both,all,NEEDS_MORE_DATA,9,,,,,,,,,,,,,,,,only 9 trades < min 20,mt5
run_20260426_191100,EUR/USD,forex,H4,trend_momentum,ema_cross,adx_min=0|fast_period=20|rsi_confirm=True|slow_period=100,both,all,NEEDS_MORE_DATA,8,,,,,,,,,,,,,,,,only 8 trades < min 20,mt5
run_20260426_191100,EUR/USD,forex,H4,trend_momentum,ema_cross,adx_min=20|fast_period=20|rsi_confirm=False|slow_period=100,both,all,NEEDS_MORE_DATA,9,,,,,,,,,,,,,,,,only 9 trades < min 20,mt5
run_20260426_191100,EUR/USD,forex,H4,trend_momentum,ema_cross,adx_min=20|fast_period=20|rsi_confirm=True|slow_period=100,both,all,NEEDS_MORE_DATA,8,,,,,,,,,,,,,,,,only 8 trades < min 20,mt5
run_20260426_191100,EUR/USD,forex,H4,trend_momentum,ema_cross,adx_min=25|fast_period=20|rsi_confirm=False|slow_period=100,both,all,NEEDS_MORE_DATA,9,,,,,,,,,,,,,,,,only 9 trades < min 20,mt5
run_20260426_191100,EUR/USD,forex,H4,trend_momentum,ema_cross,adx_min=25|fast_period=20|rsi_confirm=True|slow_period=100,both,all,NEEDS_MORE_DATA,8,,,,,,,,,,,,,,,,only 8 trades < min 20,mt5
run_20260426_191100,EUR/USD,forex,H4,trend_momentum,ema_cross,adx_min=0|fast_period=20|rsi_confirm=False|slow_period=200,both,all,NEEDS_MORE_DATA,9,,,,,,,,,,,,,,,,only 9 trades < min 20,mt5
run_20260426_191100,EUR/USD,forex,H4,trend_momentum,ema_cross,adx_min=0|fast_period=20|rsi_confirm=True|slow_period=200,both,all,NEEDS_MORE_DATA,8,,,,,,,,,,,,,,,,only 8 trades < min 20,mt5
run_20260426_191100,EUR/USD,forex,H4,trend_momentum,ema_cross,adx_min=20|fast_period=20|rsi_confirm=False|slow_period=200,both,all,NEEDS_MORE_DATA,9,,,,,,,,,,,,,,,,only 9 trades < min 20,mt5
run_20260426_191100,EUR/USD,forex,H4,trend_momentum,ema_cross,adx_min=20|fast_period=20|rsi_confirm=True|slow_period=200,both,all,NEEDS_MORE_DATA,8,,,,,,,,,,,,,,,,only 8 trades < min 20,mt5
run_20260426_191100,EUR/USD,forex,H4,trend_momentum,ema_cross,adx_min=25|fast_period=20|rsi_confirm=False|slow_period=200,both,all,NEEDS_MORE_DATA,7,,,,,,,,,,,,,,,,only 7 trades < min 20,mt5
run_20260426_191100,EUR/USD,forex,H4,trend_momentum,ema_cross,adx_min=25|fast_period=20|rsi_confirm=True|slow_period=200,both,all,NEEDS_MORE_DATA,6,,,,,,,,,,,,,,,,only 6 trades < min 20,mt5
run_20260426_191100,EUR/USD,forex,H4,trend_momentum,ema_alignment,adx_min=0|ema_long=200|ema_mid=50|ema_short=20,both,all,NEEDS_MORE_DATA,14,,,,,,,,,,,,,,,,only 14 trades < min 20,mt5
run_20260426_191100,EUR/USD,forex,H4,trend_momentum,ema_alignment,adx_min=20|ema_long=200|ema_mid=50|ema_short=20,both,all,NEEDS_MORE_DATA,14,,,,,,,,,,,,,,,,only 14 trades < min 20,mt5
run_20260426_191100,EUR/USD,forex,H4,trend_momentum,ema_alignment,adx_min=25|ema_long=200|ema_mid=50|ema_short=20,both,all,NEEDS_MORE_DATA,14,,,,,,,,,,,,,,,,only 14 trades < min 20,mt5
run_20260426_191100,EUR/USD,forex,H4,trend_momentum,macd_direction,adx_min=0|fast=12|signal_period=9|slow=26,both,all,WEAK_CANDIDATE,69,0.405797,1.068846,0.000135,0.000135,-0.026948,0.112981,0.225140,0.069069,14.449275,0.008518,0.008518,0.017391,-0.013884,0.500000,,,mt5
run_20260426_191100,EUR/USD,forex,H4,trend_momentum,macd_direction,adx_min=20|fast=12|signal_period=9|slow=26,both,all,WEAK_CANDIDATE,69,0.405797,1.068846,0.000135,0.000135,-0.026948,0.112981,0.225140,0.069069,14.449275,0.008518,0.008518,0.017391,-0.013884,0.500000,,,mt5
run_20260426_191100,EUR/USD,forex,H4,pullback,pullback_ema,pullback_period=20|rsi_reclaim=False|rsi_threshold=50|trend_period=200,both,all,REJECT,63,0.190476,0.399977,-0.001207,-0.001207,-0.075300,-1.496941,-3.201150,0.063063,7.079365,-0.073523,-0.073523,-0.032446,-0.042455,0.607451,,,mt5
run_20260426_191100,EUR/USD,forex,H4,pullback,pullback_ema,pullback_period=20|rsi_reclaim=True|rsi_threshold=50|trend_period=200,both,all,REJECT,54,0.166667,0.313932,-0.001498,-0.001498,-0.077976,-1.698603,-3.784430,0.054054,6.425926,-0.077976,-0.077976,-0.037096,-0.042455,0.656659,,,mt5
run_20260426_191100,EUR/USD,forex,H4,pullback,pullback_ema,pullback_period=50|rsi_reclaim=False|rsi_threshold=50|trend_period=200,both,all,REJECT,47,0.212766,0.308183,-0.001368,-0.001368,-0.062449,-1.608810,-3.601723,0.047047,9.595745,-0.062449,-0.062449,-0.033885,-0.027183,0.622667,,,mt5
run_20260426_191100,EUR/USD,forex,H4,pullback,pullback_ema,pullback_period=50|rsi_reclaim=True|rsi_threshold=50|trend_period=200,both,all,REJECT,33,0.181818,0.217782,-0.001587,-0.001587,-0.051161,-1.620539,-3.873293,0.033033,9.060606,-0.051161,-0.051161,-0.025188,-0.024253,0.586864,,,mt5
run_20260426_191100,EUR/USD,forex,H4,breakout,prev_day_hl,atr_expand_min=0.0,both,all,REJECT,54,0.444444,0.948064,-0.000115,-0.000115,-0.038122,-0.076181,-0.151786,0.054054,18.370370,-0.007029,-0.007029,0.024624,-0.030488,0.400000,,,mt5
run_20260426_191100,EUR/USD,forex,H4,breakout,prev_day_hl,atr_expand_min=0.5,both,all,REJECT,52,0.442308,0.979833,-0.000044,-0.000044,-0.031667,-0.028455,-0.056686,0.052052,18.442308,-0.003100,-0.003100,0.021821,-0.023982,0.400000,,,mt5
run_20260426_191100,EUR/USD,forex,H4,breakout,prev_day_hl,atr_expand_min=1.0,both,all,REJECT,42,0.428571,1.001142,0.000003,0.000003,-0.033867,0.001421,0.002831,0.042042,19.166667,-0.000603,-0.000603,0.029334,-0.033659,0.352000,,,mt5
run_20260426_191100,EUR/USD,forex,H4,breakout,session_opening_range,atr_expand_min=0.0|range_bars=6,both,all,WEAK_CANDIDATE,50,0.480000,1.019241,0.000041,0.000041,-0.057103,0.027286,0.054356,0.050050,19.600000,0.001343,0.001343,0.008736,-0.008575,0.500000,,,mt5
run_20260426_191100,EUR/USD,forex,H4,breakout,session_opening_range,atr_expand_min=0.5|range_bars=6,both,all,WEAK_CANDIDATE,50,0.480000,1.014032,0.000030,0.000030,-0.057103,0.019930,0.039702,0.050050,19.560000,0.000788,0.000788,0.008177,-0.008575,0.500000,,,mt5
run_20260426_191100,EUR/USD,forex,H4,breakout,session_opening_range,atr_expand_min=0.0|range_bars=12,both,all,REJECT,32,0.406250,0.897707,-0.000293,-0.000293,-0.042109,-0.117949,-0.235157,0.032032,30.656250,-0.010121,-0.010121,0.015186,-0.022298,0.292000,,,mt5
run_20260426_191100,EUR/USD,forex,H4,breakout,session_opening_range,atr_expand_min=0.5|range_bars=12,both,all,REJECT,32,0.406250,0.897707,-0.000293,-0.000293,-0.042109,-0.117949,-0.235157,0.032032,30.656250,-0.010121,-0.010121,0.015186,-0.022298,0.292000,,,mt5
run_20260426_191100,EUR/USD,forex,H4,breakout,london_breakout,atr_expand_min=0.0|utc_end=11|utc_start=7,both,all,NEEDS_MORE_DATA,17,,,,,,,,,,,,,,,,only 17 trades < min 20,mt5
run_20260426_191100,EUR/USD,forex,H4,breakout,london_breakout,atr_expand_min=0.5|utc_end=11|utc_start=7,both,all,NEEDS_MORE_DATA,17,,,,,,,,,,,,,,,,only 17 trades < min 20,mt5
run_20260426_191100,EUR/USD,forex,H4,breakout,ny_breakout,atr_expand_min=0.0|utc_end=16|utc_start=13,both,all,NEEDS_MORE_DATA,0,,,,,,,,,,,,,,,,only 0 trades < min 20,mt5
run_20260426_191100,EUR/USD,forex,H4,breakout,ny_breakout,atr_expand_min=0.5|utc_end=16|utc_start=13,both,all,NEEDS_MORE_DATA,0,,,,,,,,,,,,,,,,only 0 trades < min 20,mt5
run_20260426_191100,EUR/USD,forex,H4,mean_reversion,rsi_extreme,overbought=70|oversold=30|period=14,both,all,NEEDS_MORE_DATA,19,,,,,,,,,,,,,,,,only 19 trades < min 20,mt5
run_20260426_191100,EUR/USD,forex,H4,mean_reversion,rsi_extreme,overbought=75|oversold=30|period=14,both,all,NEEDS_MORE_DATA,15,,,,,,,,,,,,,,,,only 15 trades < min 20,mt5
run_20260426_191100,EUR/USD,forex,H4,mean_reversion,rsi_extreme,overbought=70|oversold=25|period=14,both,all,NEEDS_MORE_DATA,10,,,,,,,,,,,,,,,,only 10 trades < min 20,mt5
run_20260426_191100,EUR/USD,forex,H4,mean_reversion,rsi_extreme,overbought=75|oversold=25|period=14,both,all,NEEDS_MORE_DATA,6,,,,,,,,,,,,,,,,only 6 trades < min 20,mt5
run_20260426_191100,EUR/USD,forex,H4,mean_reversion,bollinger_touch,num_std=2.0|period=20,both,all,REJECT,34,0.411765,0.477928,-0.001409,-0.001409,-0.067723,-0.696677,-1.427417,0.034034,16.500000,-0.047351,-0.047351,-0.052603,0.005544,0.304000,,,mt5
run_20260426_191100,EUR/USD,forex,H4,mean_reversion,bollinger_touch,num_std=2.5|period=20,both,all,NEEDS_MORE_DATA,19,,,,,,,,,,,,,,,,only 19 trades < min 20,mt5
run_20260426_191100,EUR/USD,forex,H4,mean_reversion,vwap_deviation,std_threshold=1.5,both,all,NEEDS_MORE_DATA,14,,,,,,,,,,,,,,,,only 14 trades < min 20,mt5
run_20260426_191100,EUR/USD,forex,H4,mean_reversion,vwap_deviation,std_threshold=2.0,both,all,NEEDS_MORE_DATA,10,,,,,,,,,,,,,,,,only 10 trades < min 20,mt5
run_20260426_191100,EUR/USD,forex,H4,volatility,bb_squeeze_breakout,confirm_ema=True|period=20|squeeze_pct=20,both,all,REJECT,23,0.434783,0.989156,-0.000011,-0.000011,-0.009863,-0.010249,-0.020417,0.023023,9.130435,-0.000326,-0.000326,0.000224,-0.000550,0.514787,,,mt5
run_20260426_191100,EUR/USD,forex,H4,volatility,bb_squeeze_breakout,confirm_ema=False|period=20|squeeze_pct=20,both,all,WEAK_CANDIDATE,21,0.476190,1.228242,0.000237,0.000237,-0.011232,0.188032,0.375801,0.021021,11.761905,0.004910,0.004910,0.005463,-0.000550,0.445626,,,mt5
run_20260426_191100,EUR/USD,forex,H4,volatility,bb_squeeze_breakout,confirm_ema=True|period=20|squeeze_pct=30,both,all,REJECT,27,0.333333,0.601031,-0.000673,-0.000673,-0.022878,-0.539605,-1.098023,0.027027,9.777778,-0.018141,-0.018141,-0.000561,-0.017589,0.262000,,,mt5
run_20260426_191100,EUR/USD,forex,H4,volatility,bb_squeeze_breakout,confirm_ema=False|period=20|squeeze_pct=30,both,all,REJECT,27,0.370370,0.671400,-0.000535,-0.000535,-0.021084,-0.429957,-0.868045,0.027027,10.592593,-0.014479,-0.014479,-0.001986,-0.012517,0.262000,,,mt5
run_20260426_191100,EUR/USD,forex,H4,volatility,atr_compression,confirm_ema=True|period=14|squeeze_pct=20,both,all,NEEDS_MORE_DATA,18,,,,,,,,,,,,,,,,only 18 trades < min 20,mt5
run_20260426_191100,EUR/USD,forex,H4,volatility,atr_compression,confirm_ema=False|period=14|squeeze_pct=20,both,all,NEEDS_MORE_DATA,18,,,,,,,,,,,,,,,,only 18 trades < min 20,mt5
run_20260426_191100,EUR/USD,forex,H4,volatility,atr_compression,confirm_ema=True|period=14|squeeze_pct=30,both,all,REJECT,25,0.280000,0.570502,-0.000980,-0.000980,-0.033101,-0.525987,-1.070970,0.025025,18.400000,-0.024464,-0.024464,-0.015456,-0.009150,0.427599,,,mt5
run_20260426_191100,EUR/USD,forex,H4,volatility,atr_compression,confirm_ema=False|period=14|squeeze_pct=30,both,all,REJECT,28,0.285714,0.583163,-0.000889,-0.000889,-0.033851,-0.528370,-1.073381,0.028028,15.178571,-0.024862,-0.024862,-0.020294,-0.004663,0.336936,,,mt5
run_20260426_191100,EUR/USD,forex,H4,engine_b_proxy,ob_bos,require_engulf=False|require_vol_expand=False|swing_period=5,both,all,NEEDS_MORE_DATA,19,,,,,,,,,,,,,,,,only 19 trades < min 20,mt5
run_20260426_191100,EUR/USD,forex,H4,engine_b_proxy,ob_bos,require_engulf=False|require_vol_expand=True|swing_period=5,both,all,NEEDS_MORE_DATA,16,,,,,,,,,,,,,,,,only 16 trades < min 20,mt5
run_20260426_191100,EUR/USD,forex,H4,engine_b_proxy,ob_bos,require_engulf=True|require_vol_expand=False|swing_period=5,both,all,NEEDS_MORE_DATA,18,,,,,,,,,,,,,,,,only 18 trades < min 20,mt5
run_20260426_191100,EUR/USD,forex,H4,engine_b_proxy,ob_bos,require_engulf=True|require_vol_expand=True|swing_period=5,both,all,NEEDS_MORE_DATA,13,,,,,,,,,,,,,,,,only 13 trades < min 20,mt5
run_20260426_191100,EUR/USD,forex,H4,engine_b_proxy,ob_bos,require_engulf=False|require_vol_expand=False|swing_period=10,both,all,NEEDS_MORE_DATA,7,,,,,,,,,,,,,,,,only 7 trades < min 20,mt5
run_20260426_191100,EUR/USD,forex,H4,engine_b_proxy,ob_bos,require_engulf=False|require_vol_expand=True|swing_period=10,both,all,NEEDS_MORE_DATA,6,,,,,,,,,,,,,,,,only 6 trades < min 20,mt5
run_20260426_191100,EUR/USD,forex,H4,engine_b_proxy,ob_bos,require_engulf=True|require_vol_expand=False|swing_period=10,both,all,NEEDS_MORE_DATA,7,,,,,,,,,,,,,,,,only 7 trades < min 20,mt5
run_20260426_191100,EUR/USD,forex,H4,engine_b_proxy,ob_bos,require_engulf=True|require_vol_expand=True|swing_period=10,both,all,NEEDS_MORE_DATA,6,,,,,,,,,,,,,,,,only 6 trades < min 20,mt5
run_20260426_191100,EUR/USD,forex,H4,engine_b_proxy,structure_filters,fvg_detection=False|strong_close_pct=0.7,both,all,REJECT,315,0.222222,0.365807,-0.001064,-0.001064,-0.298542,-3.403181,-7.145600,0.315315,3.095238,-0.285683,-0.285683,-0.232524,-0.070136,0.490489,,,mt5
run_20260426_191100,EUR/USD,forex,H4,engine_b_proxy,structure_filters,fvg_detection=True|strong_close_pct=0.7,both,all,REJECT,38,0.236842,0.419593,-0.001510,-0.001510,-0.057397,-0.827886,-1.709075,0.038038,11.131579,-0.056336,-0.056336,-0.021406,-0.035694,0.427754,,,mt5
run_20260426_191100,EUR/USD,forex,H4,engine_b_proxy,structure_filters,fvg_detection=False|strong_close_pct=0.8,both,all,REJECT,234,0.256410,0.477132,-0.000888,-0.000888,-0.215173,-2.011269,-4.116118,0.234234,3.995726,-0.188703,-0.188703,-0.185638,-0.003764,0.406082,,,mt5
run_20260426_191100,EUR/USD,forex,H4,engine_b_proxy,structure_filters,fvg_detection=True|strong_close_pct=0.8,both,all,REJECT,33,0.090909,0.145399,-0.002916,-0.002916,-0.093156,-1.665846,-4.032151,0.033033,9.636364,-0.092136,-0.092136,-0.051402,-0.042941,0.548618,,,mt5
run_20260426_191100,EUR/USD,forex,H4,engine_d_proxy,vwap_reclaim,atr_sl_mult=0.5|band_std=0.5,both,all,NEEDS_MORE_DATA,16,,,,,,,,,,,,,,,,only 16 trades < min 20,mt5
run_20260426_191100,EUR/USD,forex,H4,engine_d_proxy,vwap_reclaim,atr_sl_mult=1.0|band_std=0.5,both,all,NEEDS_MORE_DATA,16,,,,,,,,,,,,,,,,only 16 trades < min 20,mt5
run_20260426_191100,EUR/USD,forex,H4,engine_d_proxy,vwap_reclaim,atr_sl_mult=0.5|band_std=1.0,both,all,NEEDS_MORE_DATA,10,,,,,,,,,,,,,,,,only 10 trades < min 20,mt5
run_20260426_191100,EUR/USD,forex,H4,engine_d_proxy,vwap_reclaim,atr_sl_mult=1.0|band_std=1.0,both,all,NEEDS_MORE_DATA,10,,,,,,,,,,,,,,,,only 10 trades < min 20,mt5
run_20260426_191100,EUR/USD,forex,H4,engine_d_proxy,micro_breakout,atr_sl_mult=0.5|fee_guard_r=0.5|range_bars=3,both,all,REJECT,90,0.377778,0.871558,-0.000255,-0.000255,-0.049482,-0.266115,-0.530870,0.090090,11.011111,-0.023581,-0.023581,-0.026848,0.006224,0.400000,,,mt5
run_20260426_191100,EUR/USD,forex,H4,engine_d_proxy,micro_breakout,atr_sl_mult=1.0|fee_guard_r=0.5|range_bars=3,both,all,REJECT,90,0.377778,0.871558,-0.000255,-0.000255,-0.049482,-0.266115,-0.530870,0.090090,11.011111,-0.023581,-0.023581,-0.026848,0.006224,0.400000,,,mt5
run_20260426_191100,EUR/USD,forex,H4,engine_d_proxy,micro_breakout,atr_sl_mult=0.5|fee_guard_r=0.5|range_bars=6,both,all,WEAK_CANDIDATE,50,0.480000,1.019241,0.000041,0.000041,-0.057103,0.027286,0.054356,0.050050,19.600000,0.001343,0.001343,0.008736,-0.008575,0.500000,,,mt5
run_20260426_191100,EUR/USD,forex,H4,engine_d_proxy,micro_breakout,atr_sl_mult=1.0|fee_guard_r=0.5|range_bars=6,both,all,WEAK_CANDIDATE,50,0.480000,1.019241,0.000041,0.000041,-0.057103,0.027286,0.054356,0.050050,19.600000,0.001343,0.001343,0.008736,-0.008575,0.500000,,,mt5
run_20260426_191100,EUR/USD,forex,H4,engine_d_proxy,ema_scalp_pullback,atr_sl_mult=0.5|ema_period=21,both,all,REJECT,119,0.210084,0.555544,-0.000867,-0.000867,-0.111652,-1.172503,-2.384323,0.119119,8.134454,-0.098912,-0.098912,-0.050734,-0.052302,0.690730,,,mt5
run_20260426_191100,EUR/USD,forex,H4,engine_d_proxy,ema_scalp_pullback,atr_sl_mult=1.0|ema_period=21,both,all,REJECT,119,0.210084,0.555585,-0.000866,-0.000866,-0.111493,-1.172007,-2.383271,0.119119,8.142857,-0.098752,-0.098752,-0.050564,-0.052302,0.689693,,,mt5
run_20260426_191100,ETH/USDT,crypto,H4,trend_momentum,ema_cross,adx_min=0|fast_period=10|rsi_confirm=False|slow_period=50,both,all,REJECT,32,0.281250,0.823135,-0.004622,-0.004622,-0.350627,-0.183395,-0.366071,0.032032,31.156250,-0.199486,-0.199486,-0.148634,-0.027186,0.346871,,,binance_rest
run_20260426_191100,ETH/USDT,crypto,H4,trend_momentum,ema_cross,adx_min=0|fast_period=10|rsi_confirm=True|slow_period=50,both,all,REJECT,30,0.266667,0.694088,-0.008245,-0.008245,-0.350627,-0.323939,-0.649690,0.030030,30.166667,-0.269535,-0.269535,-0.223132,-0.027186,0.316551,,,binance_rest
run_20260426_191100,ETH/USDT,crypto,H4,trend_momentum,ema_cross,adx_min=20|fast_period=10|rsi_confirm=False|slow_period=50,both,all,REJECT,31,0.290323,0.851402,-0.003877,-0.003877,-0.350627,-0.149329,-0.297884,0.031031,32.129032,-0.176670,-0.176670,-0.124369,-0.027186,0.351577,,,binance_rest
run_20260426_191100,ETH/USDT,crypto,H4,trend_momentum,ema_cross,adx_min=20|fast_period=10|rsi_confirm=True|slow_period=50,both,all,REJECT,30,0.266667,0.694088,-0.008245,-0.008245,-0.350627,-0.323939,-0.649690,0.030030,30.166667,-0.269535,-0.269535,-0.223132,-0.027186,0.316551,,,binance_rest
run_20260426_191100,ETH/USDT,crypto,H4,trend_momentum,ema_cross,adx_min=25|fast_period=10|rsi_confirm=False|slow_period=50,both,all,REJECT,26,0.269231,0.863490,-0.003875,-0.003875,-0.350627,-0.126529,-0.252352,0.026026,34.076923,-0.159069,-0.159069,-0.105649,-0.027186,0.333196,,,binance_rest
run_20260426_191100,ETH/USDT,crypto,H4,trend_momentum,ema_cross,adx_min=25|fast_period=10|rsi_confirm=True|slow_period=50,both,all,REJECT,25,0.240000,0.691111,-0.009117,-0.009117,-0.350627,-0.302040,-0.605970,0.025025,31.800000,-0.253919,-0.253919,-0.206524,-0.027186,0.289490,,,binance_rest
run_20260426_191100,ETH/USDT,crypto,H4,trend_momentum,ema_cross,adx_min=0|fast_period=10|rsi_confirm=False|slow_period=100,both,all,NEEDS_MORE_DATA,18,,,,,,,,,,,,,,,,only 18 trades < min 20,binance_rest
run_20260426_191100,ETH/USDT,crypto,H4,trend_momentum,ema_cross,adx_min=0|fast_period=10|rsi_confirm=True|slow_period=100,both,all,NEEDS_MORE_DATA,16,,,,,,,,,,,,,,,,only 16 trades < min 20,binance_rest
run_20260426_191100,ETH/USDT,crypto,H4,trend_momentum,ema_cross,adx_min=20|fast_period=10|rsi_confirm=False|slow_period=100,both,all,NEEDS_MORE_DATA,17,,,,,,,,,,,,,,,,only 17 trades < min 20,binance_rest
run_20260426_191100,ETH/USDT,crypto,H4,trend_momentum,ema_cross,adx_min=20|fast_period=10|rsi_confirm=True|slow_period=100,both,all,NEEDS_MORE_DATA,16,,,,,,,,,,,,,,,,only 16 trades < min 20,binance_rest
run_20260426_191100,ETH/USDT,crypto,H4,trend_momentum,ema_cross,adx_min=25|fast_period=10|rsi_confirm=False|slow_period=100,both,all,NEEDS_MORE_DATA,16,,,,,,,,,,,,,,,,only 16 trades < min 20,binance_rest
run_20260426_191100,ETH/USDT,crypto,H4,trend_momentum,ema_cross,adx_min=25|fast_period=10|rsi_confirm=True|slow_period=100,both,all,NEEDS_MORE_DATA,15,,,,,,,,,,,,,,,,only 15 trades < min 20,binance_rest
run_20260426_191100,ETH/USDT,crypto,H4,trend_momentum,ema_cross,adx_min=0|fast_period=10|rsi_confirm=False|slow_period=200,both,all,NEEDS_MORE_DATA,14,,,,,,,,,,,,,,,,only 14 trades < min 20,binance_rest
run_20260426_191100,ETH/USDT,crypto,H4,trend_momentum,ema_cross,adx_min=0|fast_period=10|rsi_confirm=True|slow_period=200,both,all,NEEDS_MORE_DATA,11,,,,,,,,,,,,,,,,only 11 trades < min 20,binance_rest
run_20260426_191100,ETH/USDT,crypto,H4,trend_momentum,ema_cross,adx_min=20|fast_period=10|rsi_confirm=False|slow_period=200,both,all,NEEDS_MORE_DATA,13,,,,,,,,,,,,,,,,only 13 trades < min 20,binance_rest
run_20260426_191100,ETH/USDT,crypto,H4,trend_momentum,ema_cross,adx_min=20|fast_period=10|rsi_confirm=True|slow_period=200,both,all,NEEDS_MORE_DATA,11,,,,,,,,,,,,,,,,only 11 trades < min 20,binance_rest
run_20260426_191100,ETH/USDT,crypto,H4,trend_momentum,ema_cross,adx_min=25|fast_period=10|rsi_confirm=False|slow_period=200,both,all,NEEDS_MORE_DATA,12,,,,,,,,,,,,,,,,only 12 trades < min 20,binance_rest
run_20260426_191100,ETH/USDT,crypto,H4,trend_momentum,ema_cross,adx_min=25|fast_period=10|rsi_confirm=True|slow_period=200,both,all,NEEDS_MORE_DATA,10,,,,,,,,,,,,,,,,only 10 trades < min 20,binance_rest
run_20260426_191100,ETH/USDT,crypto,H4,trend_momentum,ema_cross,adx_min=0|fast_period=20|rsi_confirm=False|slow_period=50,both,all,REJECT,24,0.250000,0.833612,-0.005288,-0.005288,-0.418588,-0.148361,-0.296068,0.024024,41.500000,-0.188523,-0.188523,0.028391,-0.168655,0.244000,,,binance_rest
run_20260426_191100,ETH/USDT,crypto,H4,trend_momentum,ema_cross,adx_min=0|fast_period=20|rsi_confirm=True|slow_period=50,both,all,REJECT,22,0.227273,0.683681,-0.010568,-0.010568,-0.418588,-0.286622,-0.575148,0.022022,40.863636,-0.263552,-0.263552,-0.066694,-0.168655,0.232000,,,binance_rest
run_20260426_191100,ETH/USDT,crypto,H4,trend_momentum,ema_cross,adx_min=20|fast_period=20|rsi_confirm=False|slow_period=50,both,all,REJECT,23,0.260870,0.865096,-0.004312,-0.004312,-0.418588,-0.116164,-0.231668,0.023023,43.260870,-0.165397,-0.165397,0.057699,-0.168655,0.238000,,,binance_rest
run_20260426_191100,ETH/USDT,crypto,H4,trend_momentum,ema_cross,adx_min=20|fast_period=20|rsi_confirm=True|slow_period=50,both,all,REJECT,22,0.227273,0.683681,-0.010568,-0.010568,-0.418588,-0.286622,-0.575148,0.022022,40.863636,-0.263552,-0.263552,-0.066694,-0.168655,0.232000,,,binance_rest
run_20260426_191100,ETH/USDT,crypto,H4,trend_momentum,ema_cross,adx_min=25|fast_period=20|rsi_confirm=False|slow_period=50,both,all,REJECT,22,0.227273,0.813543,-0.006229,-0.006229,-0.418588,-0.161156,-0.321768,0.022022,42.272727,-0.195837,-0.195837,0.019122,-0.168655,0.232000,,,binance_rest
run_20260426_191100,ETH/USDT,crypto,H4,trend_momentum,ema_cross,adx_min=25|fast_period=20|rsi_confirm=True|slow_period=50,both,all,REJECT,21,0.190476,0.632064,-0.012875,-0.012875,-0.418588,-0.334795,-0.673951,0.021021,39.714286,-0.290412,-0.290412,-0.100734,-0.168655,0.323720,,,binance_rest
run_20260426_191100,ETH/USDT,crypto,H4,trend_momentum,ema_cross,adx_min=0|fast_period=20|rsi_confirm=False|slow_period=100,both,all,NEEDS_MORE_DATA,14,,,,,,,,,,,,,,,,only 14 trades < min 20,binance_rest
run_20260426_191100,ETH/USDT,crypto,H4,trend_momentum,ema_cross,adx_min=0|fast_period=20|rsi_confirm=True|slow_period=100,both,all,NEEDS_MORE_DATA,12,,,,,,,,,,,,,,,,only 12 trades < min 20,binance_rest
run_20260426_191100,ETH/USDT,crypto,H4,trend_momentum,ema_cross,adx_min=20|fast_period=20|rsi_confirm=False|slow_period=100,both,all,NEEDS_MORE_DATA,13,,,,,,,,,,,,,,,,only 13 trades < min 20,binance_rest
run_20260426_191100,ETH/USDT,crypto,H4,trend_momentum,ema_cross,adx_min=20|fast_period=20|rsi_confirm=True|slow_period=100,both,all,NEEDS_MORE_DATA,12,,,,,,,,,,,,,,,,only 12 trades < min 20,binance_rest
run_20260426_191100,ETH/USDT,crypto,H4,trend_momentum,ema_cross,adx_min=25|fast_period=20|rsi_confirm=False|slow_period=100,both,all,NEEDS_MORE_DATA,12,,,,,,,,,,,,,,,,only 12 trades < min 20,binance_rest
run_20260426_191100,ETH/USDT,crypto,H4,trend_momentum,ema_cross,adx_min=25|fast_period=20|rsi_confirm=True|slow_period=100,both,all,NEEDS_MORE_DATA,11,,,,,,,,,,,,,,,,only 11 trades < min 20,binance_rest
run_20260426_191100,ETH/USDT,crypto,H4,trend_momentum,ema_cross,adx_min=0|fast_period=20|rsi_confirm=False|slow_period=200,both,all,NEEDS_MORE_DATA,14,,,,,,,,,,,,,,,,only 14 trades < min 20,binance_rest
run_20260426_191100,ETH/USDT,crypto,H4,trend_momentum,ema_cross,adx_min=0|fast_period=20|rsi_confirm=True|slow_period=200,both,all,NEEDS_MORE_DATA,12,,,,,,,,,,,,,,,,only 12 trades < min 20,binance_rest
run_20260426_191100,ETH/USDT,crypto,H4,trend_momentum,ema_cross,adx_min=20|fast_period=20|rsi_confirm=False|slow_period=200,both,all,NEEDS_MORE_DATA,13,,,,,,,,,,,,,,,,only 13 trades < min 20,binance_rest
run_20260426_191100,ETH/USDT,crypto,H4,trend_momentum,ema_cross,adx_min=20|fast_period=20|rsi_confirm=True|slow_period=200,both,all,NEEDS_MORE_DATA,12,,,,,,,,,,,,,,,,only 12 trades < min 20,binance_rest
run_20260426_191100,ETH/USDT,crypto,H4,trend_momentum,ema_cross,adx_min=25|fast_period=20|rsi_confirm=False|slow_period=200,both,all,NEEDS_MORE_DATA,13,,,,,,,,,,,,,,,,only 13 trades < min 20,binance_rest
run_20260426_191100,ETH/USDT,crypto,H4,trend_momentum,ema_cross,adx_min=25|fast_period=20|rsi_confirm=True|slow_period=200,both,all,NEEDS_MORE_DATA,12,,,,,,,,,,,,,,,,only 12 trades < min 20,binance_rest
run_20260426_191100,ETH/USDT,crypto,H4,trend_momentum,ema_alignment,adx_min=0|ema_long=200|ema_mid=50|ema_short=20,both,all,NEEDS_MORE_DATA,16,,,,,,,,,,,,,,,,only 16 trades < min 20,binance_rest
run_20260426_191100,ETH/USDT,crypto,H4,trend_momentum,ema_alignment,adx_min=20|ema_long=200|ema_mid=50|ema_short=20,both,all,NEEDS_MORE_DATA,15,,,,,,,,,,,,,,,,only 15 trades < min 20,binance_rest
run_20260426_191100,ETH/USDT,crypto,H4,trend_momentum,ema_alignment,adx_min=25|ema_long=200|ema_mid=50|ema_short=20,both,all,NEEDS_MORE_DATA,15,,,,,,,,,,,,,,,,only 15 trades < min 20,binance_rest
run_20260426_191100,ETH/USDT,crypto,H4,trend_momentum,macd_direction,adx_min=0|fast=12|signal_period=9|slow=26,both,all,REJECT,78,0.358974,0.670760,-0.006970,-0.006970,-0.494778,-0.662565,-1.333663,0.078078,12.756410,-0.465675,-0.465675,-0.331419,-0.232359,0.610331,,,binance_rest
run_20260426_191100,ETH/USDT,crypto,H4,trend_momentum,macd_direction,adx_min=20|fast=12|signal_period=9|slow=26,both,all,REJECT,77,0.363636,0.682230,-0.006700,-0.006700,-0.494778,-0.630100,-1.267213,0.077077,12.909091,-0.450417,-0.450417,-0.312327,-0.232359,0.623188,,,binance_rest
run_20260426_191100,ETH/USDT,crypto,H4,pullback,pullback_ema,pullback_period=20|rsi_reclaim=False|rsi_threshold=50|trend_period=200,both,all,REJECT,63,0.269841,0.862641,-0.001849,-0.001849,-0.311823,-0.160396,-0.319759,0.063063,7.984127,-0.161321,-0.161321,-0.204060,0.021860,0.400000,,,binance_rest
run_20260426_191100,ETH/USDT,crypto,H4,pullback,pullback_ema,pullback_period=20|rsi_reclaim=True|rsi_threshold=50|trend_period=200,both,all,REJECT,54,0.277778,0.915654,-0.001144,-0.001144,-0.273515,-0.086916,-0.173187,0.054054,8.314815,-0.111671,-0.111671,-0.159753,0.025282,0.400000,,,binance_rest
run_20260426_191100,ETH/USDT,crypto,H4,pullback,pullback_ema,pullback_period=50|rsi_reclaim=False|rsi_threshold=50|trend_period=200,both,all,REJECT,51,0.137255,0.708413,-0.004854,-0.004854,-0.319158,-0.331028,-0.662107,0.051051,12.392157,-0.266982,-0.266982,-0.184663,-0.078494,0.527520,,,binance_rest
run_20260426_191100,ETH/USDT,crypto,H4,pullback,pullback_ema,pullback_period=50|rsi_reclaim=True|rsi_threshold=50|trend_period=200,both,all,REJECT,33,0.151515,0.720514,-0.005013,-0.005013,-0.280668,-0.249343,-0.498508,0.033033,13.030303,-0.193022,-0.193022,-0.149573,-0.027376,0.352908,,,binance_rest
run_20260426_191100,ETH/USDT,crypto,H4,breakout,prev_day_hl,atr_expand_min=0.0,both,all,REJECT,79,0.329114,0.859457,-0.002382,-0.002382,-0.372330,-0.218629,-0.436002,0.079079,12.493671,-0.240019,-0.240019,-0.067876,-0.229330,0.400000,,,binance_rest
run_20260426_191100,ETH/USDT,crypto,H4,breakout,prev_day_hl,atr_expand_min=0.5,both,all,REJECT,77,0.324675,0.853491,-0.002502,-0.002502,-0.386903,-0.225168,-0.449087,0.077077,12.467532,-0.242547,-0.242547,-0.096582,-0.207489,0.400000,,,binance_rest
run_20260426_191100,ETH/USDT,crypto,H4,breakout,prev_day_hl,atr_expand_min=1.0,both,all,REJECT,58,0.344828,1.001414,0.000023,0.000023,-0.324291,0.001674,0.003335,0.058058,13.344828,-0.067892,-0.067892,0.080627,-0.137437,0.400000,,,binance_rest
run_20260426_191100,ETH/USDT,crypto,H4,breakout,session_opening_range,atr_expand_min=0.0|range_bars=6,both,all,WEAK_CANDIDATE,53,0.377358,1.172539,0.002494,0.002494,-0.211883,0.173079,0.345148,0.053053,18.509434,0.068196,0.068196,0.228244,-0.177022,0.500000,,,binance_rest
run_20260426_191100,ETH/USDT,crypto,H4,breakout,session_opening_range,atr_expand_min=0.5|range_bars=6,both,all,WEAK_CANDIDATE,53,0.377358,1.152186,0.002200,0.002200,-0.211883,0.153339,0.305714,0.053053,18.433962,0.052327,0.052327,0.209998,-0.177022,0.500000,,,binance_rest
run_20260426_191100,ETH/USDT,crypto,H4,breakout,session_opening_range,atr_expand_min=0.0|range_bars=12,both,all,REJECT,33,0.212121,0.524987,-0.016646,-0.016646,-0.499682,-0.710442,-1.458686,0.033033,28.969697,-0.463145,-0.463145,-0.384937,-0.141664,0.408406,,,binance_rest
run_20260426_191100,ETH/USDT,crypto,H4,breakout,session_opening_range,atr_expand_min=0.5|range_bars=12,both,all,REJECT,33,0.212121,0.524987,-0.016646,-0.016646,-0.499682,-0.710442,-1.458686,0.033033,28.969697,-0.463145,-0.463145,-0.384937,-0.141664,0.408406,,,binance_rest
run_20260426_191100,ETH/USDT,crypto,H4,breakout,london_breakout,atr_expand_min=0.0|utc_end=11|utc_start=7,both,all,NEEDS_MORE_DATA,19,,,,,,,,,,,,,,,,only 19 trades < min 20,binance_rest
run_20260426_191100,ETH/USDT,crypto,H4,breakout,london_breakout,atr_expand_min=0.5|utc_end=11|utc_start=7,both,all,NEEDS_MORE_DATA,18,,,,,,,,,,,,,,,,only 18 trades < min 20,binance_rest
run_20260426_191100,ETH/USDT,crypto,H4,breakout,ny_breakout,atr_expand_min=0.0|utc_end=16|utc_start=13,both,all,NEEDS_MORE_DATA,0,,,,,,,,,,,,,,,,only 0 trades < min 20,binance_rest
run_20260426_191100,ETH/USDT,crypto,H4,breakout,ny_breakout,atr_expand_min=0.5|utc_end=16|utc_start=13,both,all,NEEDS_MORE_DATA,0,,,,,,,,,,,,,,,,only 0 trades < min 20,binance_rest
run_20260426_191100,ETH/USDT,crypto,H4,mean_reversion,rsi_extreme,overbought=70|oversold=30|period=14,both,all,NEEDS_MORE_DATA,18,,,,,,,,,,,,,,,,only 18 trades < min 20,binance_rest
run_20260426_191100,ETH/USDT,crypto,H4,mean_reversion,rsi_extreme,overbought=75|oversold=30|period=14,both,all,NEEDS_MORE_DATA,11,,,,,,,,,,,,,,,,only 11 trades < min 20,binance_rest
run_20260426_191100,ETH/USDT,crypto,H4,mean_reversion,rsi_extreme,overbought=70|oversold=25|period=14,both,all,NEEDS_MORE_DATA,14,,,,,,,,,,,,,,,,only 14 trades < min 20,binance_rest
run_20260426_191100,ETH/USDT,crypto,H4,mean_reversion,rsi_extreme,overbought=75|oversold=25|period=14,both,all,NEEDS_MORE_DATA,7,,,,,,,,,,,,,,,,only 7 trades < min 20,binance_rest
run_20260426_191100,ETH/USDT,crypto,H4,mean_reversion,bollinger_touch,num_std=2.0|period=20,both,all,WEAK_CANDIDATE,39,0.769231,1.460860,0.006059,0.006059,-0.341021,0.360827,0.723404,0.039039,13.794872,0.190634,0.190634,-0.017992,0.212448,0.434000,,,binance_rest
run_20260426_191100,ETH/USDT,crypto,H4,mean_reversion,bollinger_touch,num_std=2.5|period=20,both,all,STRONG_CANDIDATE,24,0.750000,2.763907,0.015081,0.015081,-0.136926,0.981362,2.127194,0.024024,13.291667,0.411682,0.411682,0.189159,0.187127,0.640776,,,binance_rest
run_20260426_191100,ETH/USDT,crypto,H4,mean_reversion,vwap_deviation,std_threshold=1.5,both,all,NEEDS_MORE_DATA,8,,,,,,,,,,,,,,,,only 8 trades < min 20,binance_rest
run_20260426_191100,ETH/USDT,crypto,H4,mean_reversion,vwap_deviation,std_threshold=2.0,both,all,NEEDS_MORE_DATA,7,,,,,,,,,,,,,,,,only 7 trades < min 20,binance_rest
run_20260426_191100,ETH/USDT,crypto,H4,volatility,bb_squeeze_breakout,confirm_ema=True|period=20|squeeze_pct=20,both,all,REJECT,25,0.320000,0.516287,-0.007536,-0.007536,-0.224462,-0.694803,-1.438875,0.025025,7.280000,-0.179414,-0.179414,-0.006188,-0.174304,0.250000,,,binance_rest
run_20260426_191100,ETH/USDT,crypto,H4,volatility,bb_squeeze_breakout,confirm_ema=False|period=20|squeeze_pct=20,both,all,REJECT,25,0.280000,0.494719,-0.008044,-0.008044,-0.234298,-0.739565,-1.539863,0.025025,8.160000,-0.189821,-0.189821,-0.008014,-0.183275,0.250000,,,binance_rest
run_20260426_191100,ETH/USDT,crypto,H4,volatility,bb_squeeze_breakout,confirm_ema=True|period=20|squeeze_pct=30,both,all,REJECT,26,0.384615,0.831721,-0.002557,-0.002557,-0.124664,-0.202853,-0.405334,0.026026,6.230769,-0.076897,-0.076897,-0.006037,-0.071290,0.256000,,,binance_rest
run_20260426_191100,ETH/USDT,crypto,H4,volatility,bb_squeeze_breakout,confirm_ema=False|period=20|squeeze_pct=30,both,all,REJECT,25,0.440000,0.900504,-0.001604,-0.001604,-0.148810,-0.118179,-0.235673,0.025025,8.280000,-0.053146,-0.053146,0.048795,-0.097198,0.250000,,,binance_rest
run_20260426_191100,ETH/USDT,crypto,H4,volatility,atr_compression,confirm_ema=True|period=14|squeeze_pct=20,both,all,NEEDS_MORE_DATA,18,,,,,,,,,,,,,,,,only 18 trades < min 20,binance_rest
run_20260426_191100,ETH/USDT,crypto,H4,volatility,atr_compression,confirm_ema=False|period=14|squeeze_pct=20,both,all,NEEDS_MORE_DATA,18,,,,,,,,,,,,,,,,only 18 trades < min 20,binance_rest
run_20260426_191100,ETH/USDT,crypto,H4,volatility,atr_compression,confirm_ema=True|period=14|squeeze_pct=30,both,all,NEEDS_MORE_DATA,17,,,,,,,,,,,,,,,,only 17 trades < min 20,binance_rest
run_20260426_191100,ETH/USDT,crypto,H4,volatility,atr_compression,confirm_ema=False|period=14|squeeze_pct=30,both,all,REJECT,21,0.190476,0.163635,-0.015331,-0.015331,-0.288814,-1.188067,-2.753298,0.021021,12.714286,-0.282212,-0.282212,-0.242947,-0.051865,0.290045,,,binance_rest
run_20260426_191100,ETH/USDT,crypto,H4,engine_b_proxy,ob_bos,require_engulf=False|require_vol_expand=False|swing_period=5,both,all,NEEDS_MORE_DATA,16,,,,,,,,,,,,,,,,only 16 trades < min 20,binance_rest
run_20260426_191100,ETH/USDT,crypto,H4,engine_b_proxy,ob_bos,require_engulf=False|require_vol_expand=True|swing_period=5,both,all,NEEDS_MORE_DATA,13,,,,,,,,,,,,,,,,only 13 trades < min 20,binance_rest
run_20260426_191100,ETH/USDT,crypto,H4,engine_b_proxy,ob_bos,require_engulf=True|require_vol_expand=False|swing_period=5,both,all,NEEDS_MORE_DATA,14,,,,,,,,,,,,,,,,only 14 trades < min 20,binance_rest
run_20260426_191100,ETH/USDT,crypto,H4,engine_b_proxy,ob_bos,require_engulf=True|require_vol_expand=True|swing_period=5,both,all,NEEDS_MORE_DATA,13,,,,,,,,,,,,,,,,only 13 trades < min 20,binance_rest
run_20260426_191100,ETH/USDT,crypto,H4,engine_b_proxy,ob_bos,require_engulf=False|require_vol_expand=False|swing_period=10,both,all,NEEDS_MORE_DATA,9,,,,,,,,,,,,,,,,only 9 trades < min 20,binance_rest
run_20260426_191100,ETH/USDT,crypto,H4,engine_b_proxy,ob_bos,require_engulf=False|require_vol_expand=True|swing_period=10,both,all,NEEDS_MORE_DATA,9,,,,,,,,,,,,,,,,only 9 trades < min 20,binance_rest
run_20260426_191100,ETH/USDT,crypto,H4,engine_b_proxy,ob_bos,require_engulf=True|require_vol_expand=False|swing_period=10,both,all,NEEDS_MORE_DATA,9,,,,,,,,,,,,,,,,only 9 trades < min 20,binance_rest
run_20260426_191100,ETH/USDT,crypto,H4,engine_b_proxy,ob_bos,require_engulf=True|require_vol_expand=True|swing_period=10,both,all,NEEDS_MORE_DATA,9,,,,,,,,,,,,,,,,only 9 trades < min 20,binance_rest
run_20260426_191100,ETH/USDT,crypto,H4,engine_b_proxy,structure_filters,fvg_detection=False|strong_close_pct=0.7,both,all,REJECT,273,0.307692,0.816237,-0.001799,-0.001799,-0.520820,-0.587385,-1.172238,0.273273,3.520147,-0.439060,-0.439060,-0.392426,-0.055786,0.442647,,,binance_rest
run_20260426_191100,ETH/USDT,crypto,H4,engine_b_proxy,structure_filters,fvg_detection=True|strong_close_pct=0.7,both,all,REJECT,25,0.280000,0.428098,-0.017369,-0.017369,-0.503656,-0.613327,-1.258973,0.025025,13.960000,-0.393994,-0.393994,-0.323295,-0.104476,0.346948,,,binance_rest
run_20260426_191100,ETH/USDT,crypto,H4,engine_b_proxy,structure_filters,fvg_detection=False|strong_close_pct=0.8,both,all,WEAK_CANDIDATE,165,0.375758,1.052537,0.000543,0.000543,-0.260083,0.114501,0.228121,0.165165,5.393939,0.013698,0.013698,0.106809,-0.082309,0.500000,,,binance_rest
run_20260426_191100,ETH/USDT,crypto,H4,engine_b_proxy,structure_filters,fvg_detection=True|strong_close_pct=0.8,both,all,NEEDS_MORE_DATA,19,,,,,,,,,,,,,,,,only 19 trades < min 20,binance_rest
run_20260426_191100,ETH/USDT,crypto,H4,engine_d_proxy,vwap_reclaim,atr_sl_mult=0.5|band_std=0.5,both,all,NEEDS_MORE_DATA,8,,,,,,,,,,,,,,,,only 8 trades < min 20,binance_rest
run_20260426_191100,ETH/USDT,crypto,H4,engine_d_proxy,vwap_reclaim,atr_sl_mult=1.0|band_std=0.5,both,all,NEEDS_MORE_DATA,8,,,,,,,,,,,,,,,,only 8 trades < min 20,binance_rest
run_20260426_191100,ETH/USDT,crypto,H4,engine_d_proxy,vwap_reclaim,atr_sl_mult=0.5|band_std=1.0,both,all,NEEDS_MORE_DATA,4,,,,,,,,,,,,,,,,only 4 trades < min 20,binance_rest
run_20260426_191100,ETH/USDT,crypto,H4,engine_d_proxy,vwap_reclaim,atr_sl_mult=1.0|band_std=1.0,both,all,NEEDS_MORE_DATA,4,,,,,,,,,,,,,,,,only 4 trades < min 20,binance_rest
run_20260426_191100,ETH/USDT,crypto,H4,engine_d_proxy,micro_breakout,atr_sl_mult=0.5|fee_guard_r=0.5|range_bars=3,both,all,REJECT,92,0.358696,0.966909,-0.000541,-0.000541,-0.374717,-0.058863,-0.117267,0.092092,10.750000,-0.127966,-0.127966,-0.105872,-0.094747,0.668476,,,binance_rest
run_20260426_191100,ETH/USDT,crypto,H4,engine_d_proxy,micro_breakout,atr_sl_mult=1.0|fee_guard_r=0.5|range_bars=3,both,all,REJECT,92,0.358696,0.966909,-0.000541,-0.000541,-0.374717,-0.058863,-0.117267,0.092092,10.750000,-0.127966,-0.127966,-0.105872,-0.094747,0.668476,,,binance_rest
run_20260426_191100,ETH/USDT,crypto,H4,engine_d_proxy,micro_breakout,atr_sl_mult=0.5|fee_guard_r=0.5|range_bars=6,both,all,WEAK_CANDIDATE,53,0.377358,1.172539,0.002494,0.002494,-0.211883,0.173079,0.345148,0.053053,18.509434,0.068196,0.068196,0.228244,-0.177022,0.500000,,,binance_rest
run_20260426_191100,ETH/USDT,crypto,H4,engine_d_proxy,micro_breakout,atr_sl_mult=1.0|fee_guard_r=0.5|range_bars=6,both,all,WEAK_CANDIDATE,53,0.377358,1.172539,0.002494,0.002494,-0.211883,0.173079,0.345148,0.053053,18.509434,0.068196,0.068196,0.228244,-0.177022,0.500000,,,binance_rest
run_20260426_191100,ETH/USDT,crypto,H4,engine_d_proxy,ema_scalp_pullback,atr_sl_mult=0.5|ema_period=21,both,all,REJECT,112,0.321429,0.924786,-0.000859,-0.000859,-0.375869,-0.117817,-0.234749,0.112112,8.883929,-0.158852,-0.158852,-0.257770,0.093642,0.400000,,,binance_rest
run_20260426_191100,ETH/USDT,crypto,H4,engine_d_proxy,ema_scalp_pullback,atr_sl_mult=1.0|ema_period=21,both,all,REJECT,112,0.321429,0.924786,-0.000859,-0.000859,-0.375869,-0.117817,-0.234749,0.112112,8.883929,-0.158852,-0.158852,-0.257770,0.093642,0.400000,,,binance_rest
run_20260426_191100,SOL/USDT,crypto,H4,trend_momentum,ema_cross,adx_min=0|fast_period=10|rsi_confirm=False|slow_period=50,both,all,REJECT,31,0.193548,0.519230,-0.018716,-0.018716,-0.560385,-0.617458,-1.260163,0.031031,31.258065,-0.494781,-0.494781,-0.375565,-0.164654,0.417525,,,binance_rest
run_20260426_191100,SOL/USDT,crypto,H4,trend_momentum,ema_cross,adx_min=0|fast_period=10|rsi_confirm=True|slow_period=50,both,all,REJECT,31,0.193548,0.519230,-0.018716,-0.018716,-0.560385,-0.617458,-1.260163,0.031031,31.258065,-0.494781,-0.494781,-0.375565,-0.164654,0.417525,,,binance_rest
run_20260426_191100,SOL/USDT,crypto,H4,trend_momentum,ema_cross,adx_min=20|fast_period=10|rsi_confirm=False|slow_period=50,both,all,REJECT,30,0.166667,0.462909,-0.021606,-0.021606,-0.588374,-0.697085,-1.434051,0.030030,28.400000,-0.526947,-0.526947,-0.415321,-0.164654,0.398935,,,binance_rest
run_20260426_191100,SOL/USDT,crypto,H4,trend_momentum,ema_cross,adx_min=20|fast_period=10|rsi_confirm=True|slow_period=50,both,all,REJECT,30,0.166667,0.462909,-0.021606,-0.021606,-0.588374,-0.697085,-1.434051,0.030030,28.400000,-0.526947,-0.526947,-0.415321,-0.164654,0.398935,,,binance_rest
run_20260426_191100,SOL/USDT,crypto,H4,trend_momentum,ema_cross,adx_min=25|fast_period=10|rsi_confirm=False|slow_period=50,both,all,REJECT,24,0.208333,0.561322,-0.018191,-0.018191,-0.488689,-0.480585,-0.975705,0.024024,33.958333,-0.412386,-0.412386,-0.299410,-0.134031,0.378295,,,binance_rest
run_20260426_191100,SOL/USDT,crypto,H4,trend_momentum,ema_cross,adx_min=25|fast_period=10|rsi_confirm=True|slow_period=50,both,all,REJECT,24,0.208333,0.561322,-0.018191,-0.018191,-0.488689,-0.480585,-0.975705,0.024024,33.958333,-0.412386,-0.412386,-0.299410,-0.134031,0.378295,,,binance_rest
run_20260426_191100,SOL/USDT,crypto,H4,trend_momentum,ema_cross,adx_min=0|fast_period=10|rsi_confirm=False|slow_period=100,both,all,REJECT,21,0.238095,0.767767,-0.007950,-0.007950,-0.389307,-0.199817,-0.399523,0.021021,43.857143,-0.216562,-0.216562,0.112982,-0.259074,0.226000,,,binance_rest
run_20260426_191100,SOL/USDT,crypto,H4,trend_momentum,ema_cross,adx_min=0|fast_period=10|rsi_confirm=True|slow_period=100,both,all,REJECT,20,0.250000,0.782812,-0.007656,-0.007656,-0.389307,-0.183388,-0.366517,0.020020,44.350000,-0.205579,-0.205579,0.128586,-0.259074,0.220000,,,binance_rest
run_20260426_191100,SOL/USDT,crypto,H4,trend_momentum,ema_cross,adx_min=20|fast_period=10|rsi_confirm=False|slow_period=100,both,all,REJECT,21,0.238095,0.767767,-0.007950,-0.007950,-0.389307,-0.199817,-0.399523,0.021021,43.857143,-0.216562,-0.216562,0.112982,-0.259074,0.226000,,,binance_rest
run_20260426_191100,SOL/USDT,crypto,H4,trend_momentum,ema_cross,adx_min=20|fast_period=10|rsi_confirm=True|slow_period=100,both,all,REJECT,20,0.250000,0.782812,-0.007656,-0.007656,-0.389307,-0.183388,-0.366517,0.020020,44.350000,-0.205579,-0.205579,0.128586,-0.259074,0.220000,,,binance_rest
run_20260426_191100,SOL/USDT,crypto,H4,trend_momentum,ema_cross,adx_min=25|fast_period=10|rsi_confirm=False|slow_period=100,both,all,REJECT,21,0.238095,0.767767,-0.007950,-0.007950,-0.389307,-0.199817,-0.399523,0.021021,43.857143,-0.216562,-0.216562,0.112982,-0.259074,0.226000,,,binance_rest
run_20260426_191100,SOL/USDT,crypto,H4,trend_momentum,ema_cross,adx_min=25|fast_period=10|rsi_confirm=True|slow_period=100,both,all,REJECT,20,0.250000,0.782812,-0.007656,-0.007656,-0.389307,-0.183388,-0.366517,0.020020,44.350000,-0.205579,-0.205579,0.128586,-0.259074,0.220000,,,binance_rest
run_20260426_191100,SOL/USDT,crypto,H4,trend_momentum,ema_cross,adx_min=0|fast_period=10|rsi_confirm=False|slow_period=200,both,all,NEEDS_MORE_DATA,7,,,,,,,,,,,,,,,,only 7 trades < min 20,binance_rest
run_20260426_191100,SOL/USDT,crypto,H4,trend_momentum,ema_cross,adx_min=0|fast_period=10|rsi_confirm=True|slow_period=200,both,all,NEEDS_MORE_DATA,7,,,,,,,,,,,,,,,,only 7 trades < min 20,binance_rest
run_20260426_191100,SOL/USDT,crypto,H4,trend_momentum,ema_cross,adx_min=20|fast_period=10|rsi_confirm=False|slow_period=200,both,all,NEEDS_MORE_DATA,7,,,,,,,,,,,,,,,,only 7 trades < min 20,binance_rest
run_20260426_191100,SOL/USDT,crypto,H4,trend_momentum,ema_cross,adx_min=20|fast_period=10|rsi_confirm=True|slow_period=200,both,all,NEEDS_MORE_DATA,7,,,,,,,,,,,,,,,,only 7 trades < min 20,binance_rest
run_20260426_191100,SOL/USDT,crypto,H4,trend_momentum,ema_cross,adx_min=25|fast_period=10|rsi_confirm=False|slow_period=200,both,all,NEEDS_MORE_DATA,7,,,,,,,,,,,,,,,,only 7 trades < min 20,binance_rest
run_20260426_191100,SOL/USDT,crypto,H4,trend_momentum,ema_cross,adx_min=25|fast_period=10|rsi_confirm=True|slow_period=200,both,all,NEEDS_MORE_DATA,7,,,,,,,,,,,,,,,,only 7 trades < min 20,binance_rest
run_20260426_191100,SOL/USDT,crypto,H4,trend_momentum,ema_cross,adx_min=0|fast_period=20|rsi_confirm=False|slow_period=50,both,all,REJECT,23,0.260870,0.632183,-0.014680,-0.014680,-0.421554,-0.383938,-0.774506,0.023023,38.608696,-0.346725,-0.346725,-0.189458,-0.129846,0.443606,,,binance_rest
run_20260426_191100,SOL/USDT,crypto,H4,trend_momentum,ema_cross,adx_min=0|fast_period=20|rsi_confirm=True|slow_period=50,both,all,REJECT,23,0.260870,0.632183,-0.014680,-0.014680,-0.421554,-0.383938,-0.774506,0.023023,38.608696,-0.346725,-0.346725,-0.189458,-0.129846,0.443606,,,binance_rest
run_20260426_191100,SOL/USDT,crypto,H4,trend_momentum,ema_cross,adx_min=20|fast_period=20|rsi_confirm=False|slow_period=50,both,all,REJECT,22,0.227273,0.568231,-0.018015,-0.018015,-0.453642,-0.454695,-0.922758,0.022022,35.136364,-0.382964,-0.382964,-0.234421,-0.129846,0.398170,,,binance_rest
run_20260426_191100,SOL/USDT,crypto,H4,trend_momentum,ema_cross,adx_min=20|fast_period=20|rsi_confirm=True|slow_period=50,both,all,REJECT,22,0.227273,0.568231,-0.018015,-0.018015,-0.453642,-0.454695,-0.922758,0.022022,35.136364,-0.382964,-0.382964,-0.234421,-0.129846,0.398170,,,binance_rest
run_20260426_191100,SOL/USDT,crypto,H4,trend_momentum,ema_cross,adx_min=25|fast_period=20|rsi_confirm=False|slow_period=50,both,all,REJECT,21,0.238095,0.581709,-0.017860,-0.017860,-0.441770,-0.430787,-0.873269,0.021021,36.380952,-0.369556,-0.369556,-0.217786,-0.129846,0.404863,,,binance_rest
run_20260426_191100,SOL/USDT,crypto,H4,trend_momentum,ema_cross,adx_min=25|fast_period=20|rsi_confirm=True|slow_period=50,both,all,REJECT,21,0.238095,0.581709,-0.017860,-0.017860,-0.441770,-0.430787,-0.873269,0.021021,36.380952,-0.369556,-0.369556,-0.217786,-0.129846,0.404863,,,binance_rest
run_20260426_191100,SOL/USDT,crypto,H4,trend_momentum,ema_cross,adx_min=0|fast_period=20|rsi_confirm=False|slow_period=100,both,all,NEEDS_MORE_DATA,13,,,,,,,,,,,,,,,,only 13 trades < min 20,binance_rest
run_20260426_191100,SOL/USDT,crypto,H4,trend_momentum,ema_cross,adx_min=0|fast_period=20|rsi_confirm=True|slow_period=100,both,all,NEEDS_MORE_DATA,13,,,,,,,,,,,,,,,,only 13 trades < min 20,binance_rest
run_20260426_191100,SOL/USDT,crypto,H4,trend_momentum,ema_cross,adx_min=20|fast_period=20|rsi_confirm=False|slow_period=100,both,all,NEEDS_MORE_DATA,13,,,,,,,,,,,,,,,,only 13 trades < min 20,binance_rest
run_20260426_191100,SOL/USDT,crypto,H4,trend_momentum,ema_cross,adx_min=20|fast_period=20|rsi_confirm=True|slow_period=100,both,all,NEEDS_MORE_DATA,13,,,,,,,,,,,,,,,,only 13 trades < min 20,binance_rest
run_20260426_191100,SOL/USDT,crypto,H4,trend_momentum,ema_cross,adx_min=25|fast_period=20|rsi_confirm=False|slow_period=100,both,all,NEEDS_MORE_DATA,11,,,,,,,,,,,,,,,,only 11 trades < min 20,binance_rest
run_20260426_191100,SOL/USDT,crypto,H4,trend_momentum,ema_cross,adx_min=25|fast_period=20|rsi_confirm=True|slow_period=100,both,all,NEEDS_MORE_DATA,11,,,,,,,,,,,,,,,,only 11 trades < min 20,binance_rest
run_20260426_191100,SOL/USDT,crypto,H4,trend_momentum,ema_cross,adx_min=0|fast_period=20|rsi_confirm=False|slow_period=200,both,all,NEEDS_MORE_DATA,7,,,,,,,,,,,,,,,,only 7 trades < min 20,binance_rest
run_20260426_191100,SOL/USDT,crypto,H4,trend_momentum,ema_cross,adx_min=0|fast_period=20|rsi_confirm=True|slow_period=200,both,all,NEEDS_MORE_DATA,7,,,,,,,,,,,,,,,,only 7 trades < min 20,binance_rest
run_20260426_191100,SOL/USDT,crypto,H4,trend_momentum,ema_cross,adx_min=20|fast_period=20|rsi_confirm=False|slow_period=200,both,all,NEEDS_MORE_DATA,7,,,,,,,,,,,,,,,,only 7 trades < min 20,binance_rest
run_20260426_191100,SOL/USDT,crypto,H4,trend_momentum,ema_cross,adx_min=20|fast_period=20|rsi_confirm=True|slow_period=200,both,all,NEEDS_MORE_DATA,7,,,,,,,,,,,,,,,,only 7 trades < min 20,binance_rest
run_20260426_191100,SOL/USDT,crypto,H4,trend_momentum,ema_cross,adx_min=25|fast_period=20|rsi_confirm=False|slow_period=200,both,all,NEEDS_MORE_DATA,7,,,,,,,,,,,,,,,,only 7 trades < min 20,binance_rest
run_20260426_191100,SOL/USDT,crypto,H4,trend_momentum,ema_cross,adx_min=25|fast_period=20|rsi_confirm=True|slow_period=200,both,all,NEEDS_MORE_DATA,7,,,,,,,,,,,,,,,,only 7 trades < min 20,binance_rest
run_20260426_191100,SOL/USDT,crypto,H4,trend_momentum,ema_alignment,adx_min=0|ema_long=200|ema_mid=50|ema_short=20,both,all,NEEDS_MORE_DATA,15,,,,,,,,,,,,,,,,only 15 trades < min 20,binance_rest
run_20260426_191100,SOL/USDT,crypto,H4,trend_momentum,ema_alignment,adx_min=20|ema_long=200|ema_mid=50|ema_short=20,both,all,NEEDS_MORE_DATA,15,,,,,,,,,,,,,,,,only 15 trades < min 20,binance_rest
run_20260426_191100,SOL/USDT,crypto,H4,trend_momentum,ema_alignment,adx_min=25|ema_long=200|ema_mid=50|ema_short=20,both,all,NEEDS_MORE_DATA,14,,,,,,,,,,,,,,,,only 14 trades < min 20,binance_rest
run_20260426_191100,SOL/USDT,crypto,H4,trend_momentum,macd_direction,adx_min=0|fast=12|signal_period=9|slow=26,both,all,REJECT,81,0.333333,0.575622,-0.010290,-0.010290,-0.651737,-0.947668,-1.927160,0.081081,12.283951,-0.605730,-0.605730,-0.436428,-0.338039,0.632368,,,binance_rest
run_20260426_191100,SOL/USDT,crypto,H4,trend_momentum,macd_direction,adx_min=20|fast=12|signal_period=9|slow=26,both,all,REJECT,76,0.342105,0.586256,-0.010477,-0.010477,-0.638455,-0.906300,-1.842262,0.076076,12.644737,-0.590693,-0.590693,-0.431139,-0.319182,0.622097,,,binance_rest
run_20260426_191100,SOL/USDT,crypto,H4,pullback,pullback_ema,pullback_period=20|rsi_reclaim=False|rsi_threshold=50|trend_period=200,both,all,REJECT,68,0.191176,0.923789,-0.000863,-0.000863,-0.251874,-0.080219,-0.159828,0.068068,7.426471,-0.111552,-0.111552,0.061461,-0.182322,0.400000,,,binance_rest
run_20260426_191100,SOL/USDT,crypto,H4,pullback,pullback_ema,pullback_period=20|rsi_reclaim=True|rsi_threshold=50|trend_period=200,both,all,REJECT,58,0.206897,1.030583,0.000354,0.000354,-0.219131,0.028242,0.056261,0.058058,8.172414,-0.037421,-0.037421,0.091401,-0.138399,0.400000,,,binance_rest
run_20260426_191100,SOL/USDT,crypto,H4,pullback,pullback_ema,pullback_period=50|rsi_reclaim=False|rsi_threshold=50|trend_period=200,both,all,REJECT,52,0.153846,0.904271,-0.001223,-0.001223,-0.264026,-0.087741,-0.174832,0.052052,10.846154,-0.114297,-0.114297,0.123641,-0.206355,0.400000,,,binance_rest
run_20260426_191100,SOL/USDT,crypto,H4,pullback,pullback_ema,pullback_period=50|rsi_reclaim=True|rsi_threshold=50|trend_period=200,both,all,REJECT,40,0.150000,0.471750,-0.007324,-0.007324,-0.345106,-0.778405,-1.597394,0.040040,10.400000,-0.266763,-0.266763,-0.118996,-0.162023,0.531526,,,binance_rest
run_20260426_191100,SOL/USDT,crypto,H4,breakout,prev_day_hl,atr_expand_min=0.0,both,all,REJECT,77,0.337662,0.705333,-0.006073,-0.006073,-0.520378,-0.575703,-1.155976,0.077077,12.688312,-0.422372,-0.422372,-0.175822,-0.347454,0.407150,,,binance_rest
run_20260426_191100,SOL/USDT,crypto,H4,breakout,prev_day_hl,atr_expand_min=0.5,both,all,REJECT,75,0.333333,0.688482,-0.006215,-0.006215,-0.516747,-0.595303,-1.196291,0.075075,12.773333,-0.417999,-0.417999,-0.089304,-0.374018,0.400000,,,binance_rest
run_20260426_191100,SOL/USDT,crypto,H4,breakout,prev_day_hl,atr_expand_min=1.0,both,all,REJECT,54,0.333333,0.816649,-0.003191,-0.003191,-0.288542,-0.259494,-0.518138,0.054054,13.462963,-0.201916,-0.201916,-0.022929,-0.183187,0.400000,,,binance_rest
run_20260426_191100,SOL/USDT,crypto,H4,breakout,session_opening_range,atr_expand_min=0.0|range_bars=6,both,all,REJECT,59,0.372881,0.844847,-0.003352,-0.003352,-0.381823,-0.227339,-0.453612,0.059059,16.779661,-0.249516,-0.249516,0.167773,-0.381699,0.400000,,,binance_rest
run_20260426_191100,SOL/USDT,crypto,H4,breakout,session_opening_range,atr_expand_min=0.5|range_bars=6,both,all,REJECT,59,0.372881,0.844847,-0.003352,-0.003352,-0.381823,-0.227339,-0.453612,0.059059,16.779661,-0.249516,-0.249516,0.167773,-0.381699,0.400000,,,binance_rest
run_20260426_191100,SOL/USDT,crypto,H4,breakout,session_opening_range,atr_expand_min=0.0|range_bars=12,both,all,REJECT,27,0.333333,1.120887,0.003297,0.003297,-0.293507,0.098444,0.196241,0.027027,35.407407,-0.005054,-0.005054,-0.103645,0.118046,0.262000,,,binance_rest
run_20260426_191100,SOL/USDT,crypto,H4,breakout,session_opening_range,atr_expand_min=0.5|range_bars=12,both,all,REJECT,27,0.333333,1.120887,0.003297,0.003297,-0.293507,0.098444,0.196241,0.027027,35.407407,-0.005054,-0.005054,-0.103645,0.118046,0.262000,,,binance_rest
run_20260426_191100,SOL/USDT,crypto,H4,breakout,london_breakout,atr_expand_min=0.0|utc_end=11|utc_start=7,both,all,NEEDS_MORE_DATA,18,,,,,,,,,,,,,,,,only 18 trades < min 20,binance_rest
run_20260426_191100,SOL/USDT,crypto,H4,breakout,london_breakout,atr_expand_min=0.5|utc_end=11|utc_start=7,both,all,NEEDS_MORE_DATA,18,,,,,,,,,,,,,,,,only 18 trades < min 20,binance_rest
run_20260426_191100,SOL/USDT,crypto,H4,breakout,ny_breakout,atr_expand_min=0.0|utc_end=16|utc_start=13,both,all,NEEDS_MORE_DATA,0,,,,,,,,,,,,,,,,only 0 trades < min 20,binance_rest
run_20260426_191100,SOL/USDT,crypto,H4,breakout,ny_breakout,atr_expand_min=0.5|utc_end=16|utc_start=13,both,all,NEEDS_MORE_DATA,0,,,,,,,,,,,,,,,,only 0 trades < min 20,binance_rest
run_20260426_191100,SOL/USDT,crypto,H4,mean_reversion,rsi_extreme,overbought=70|oversold=30|period=14,both,all,NEEDS_MORE_DATA,12,,,,,,,,,,,,,,,,only 12 trades < min 20,binance_rest
run_20260426_191100,SOL/USDT,crypto,H4,mean_reversion,rsi_extreme,overbought=75|oversold=30|period=14,both,all,NEEDS_MORE_DATA,8,,,,,,,,,,,,,,,,only 8 trades < min 20,binance_rest
run_20260426_191100,SOL/USDT,crypto,H4,mean_reversion,rsi_extreme,overbought=70|oversold=25|period=14,both,all,NEEDS_MORE_DATA,10,,,,,,,,,,,,,,,,only 10 trades < min 20,binance_rest
run_20260426_191100,SOL/USDT,crypto,H4,mean_reversion,rsi_extreme,overbought=75|oversold=25|period=14,both,all,NEEDS_MORE_DATA,6,,,,,,,,,,,,,,,,only 6 trades < min 20,binance_rest
run_20260426_191100,SOL/USDT,crypto,H4,mean_reversion,bollinger_touch,num_std=2.0|period=20,both,all,STRONG_CANDIDATE,39,0.846154,2.437832,0.017675,0.017675,-0.362813,0.933392,1.944006,0.039039,12.717949,0.848911,0.848911,0.419655,0.302366,0.650153,,,binance_rest
run_20260426_191100,SOL/USDT,crypto,H4,mean_reversion,bollinger_touch,num_std=2.5|period=20,both,all,WEAK_CANDIDATE,26,0.807692,2.088034,0.017544,0.017544,-0.340329,0.652523,1.343057,0.026026,14.846154,0.474939,0.474939,0.295820,0.138228,0.496181,,,binance_rest
run_20260426_191100,SOL/USDT,crypto,H4,mean_reversion,vwap_deviation,std_threshold=1.5,both,all,NEEDS_MORE_DATA,9,,,,,,,,,,,,,,,,only 9 trades < min 20,binance_rest
run_20260426_191100,SOL/USDT,crypto,H4,mean_reversion,vwap_deviation,std_threshold=2.0,both,all,NEEDS_MORE_DATA,8,,,,,,,,,,,,,,,,only 8 trades < min 20,binance_rest
run_20260426_191100,SOL/USDT,crypto,H4,volatility,bb_squeeze_breakout,confirm_ema=True|period=20|squeeze_pct=20,both,all,REJECT,20,0.350000,0.341452,-0.011455,-0.011455,-0.231643,-0.833076,-1.784279,0.020020,6.900000,-0.212573,-0.212573,-0.124839,-0.100249,0.460907,,,binance_rest
run_20260426_191100,SOL/USDT,crypto,H4,volatility,bb_squeeze_breakout,confirm_ema=False|period=20|squeeze_pct=20,both,all,REJECT,20,0.350000,0.317141,-0.012789,-0.012789,-0.252219,-0.908435,-1.975031,0.020020,6.950000,-0.233659,-0.233659,-0.124839,-0.124343,0.518807,,,binance_rest
run_20260426_191100,SOL/USDT,crypto,H4,volatility,bb_squeeze_breakout,confirm_ema=True|period=20|squeeze_pct=30,both,all,REJECT,24,0.333333,0.339910,-0.013521,-0.013521,-0.306962,-1.026530,-2.244632,0.024024,6.625000,-0.286406,-0.286406,-0.184618,-0.124834,0.446852,,,binance_rest
run_20260426_191100,SOL/USDT,crypto,H4,volatility,bb_squeeze_breakout,confirm_ema=False|period=20|squeeze_pct=30,both,all,REJECT,24,0.333333,0.356890,-0.012546,-0.012546,-0.290315,-0.965425,-2.086472,0.024024,7.083333,-0.269265,-0.269265,-0.165032,-0.124834,0.470926,,,binance_rest
run_20260426_191100,SOL/USDT,crypto,H4,volatility,atr_compression,confirm_ema=True|period=14|squeeze_pct=20,both,all,NEEDS_MORE_DATA,18,,,,,,,,,,,,,,,,only 18 trades < min 20,binance_rest
run_20260426_191100,SOL/USDT,crypto,H4,volatility,atr_compression,confirm_ema=False|period=14|squeeze_pct=20,both,all,WEAK_CANDIDATE,24,0.375000,1.418408,0.005911,0.005911,-0.151165,0.217429,0.434790,0.024024,17.500000,0.099516,0.099516,0.228997,-0.105355,0.344000,,,binance_rest
run_20260426_191100,SOL/USDT,crypto,H4,volatility,atr_compression,confirm_ema=True|period=14|squeeze_pct=30,both,all,REJECT,27,0.222222,0.998027,-0.000033,-0.000033,-0.209490,-0.001477,-0.002941,0.027027,19.962963,-0.042001,-0.042001,0.168453,-0.180114,0.262000,,,binance_rest
run_20260426_191100,SOL/USDT,crypto,H4,volatility,atr_compression,confirm_ema=False|period=14|squeeze_pct=30,both,all,REJECT,30,0.233333,0.797167,-0.003695,-0.003695,-0.224373,-0.178175,-0.355658,0.030030,14.800000,-0.143693,-0.143693,0.064462,-0.195549,0.280000,,,binance_rest
run_20260426_191100,SOL/USDT,crypto,H4,engine_b_proxy,ob_bos,require_engulf=False|require_vol_expand=False|swing_period=5,both,all,REJECT,23,0.260870,0.336771,-0.038074,-0.038074,-0.632662,-1.069773,-2.372077,0.023023,37.173913,-0.618304,-0.618304,-0.487224,-0.189471,0.354664,,,binance_rest
run_20260426_191100,SOL/USDT,crypto,H4,engine_b_proxy,ob_bos,require_engulf=False|require_vol_expand=True|swing_period=5,both,all,NEEDS_MORE_DATA,19,,,,,,,,,,,,,,,,only 19 trades < min 20,binance_rest
run_20260426_191100,SOL/USDT,crypto,H4,engine_b_proxy,ob_bos,require_engulf=True|require_vol_expand=False|swing_period=5,both,all,NEEDS_MORE_DATA,19,,,,,,,,,,,,,,,,only 19 trades < min 20,binance_rest
run_20260426_191100,SOL/USDT,crypto,H4,engine_b_proxy,ob_bos,require_engulf=True|require_vol_expand=True|swing_period=5,both,all,NEEDS_MORE_DATA,17,,,,,,,,,,,,,,,,only 17 trades < min 20,binance_rest
run_20260426_191100,SOL/USDT,crypto,H4,engine_b_proxy,ob_bos,require_engulf=False|require_vol_expand=False|swing_period=10,both,all,NEEDS_MORE_DATA,8,,,,,,,,,,,,,,,,only 8 trades < min 20,binance_rest
run_20260426_191100,SOL/USDT,crypto,H4,engine_b_proxy,ob_bos,require_engulf=False|require_vol_expand=True|swing_period=10,both,all,NEEDS_MORE_DATA,7,,,,,,,,,,,,,,,,only 7 trades < min 20,binance_rest
run_20260426_191100,SOL/USDT,crypto,H4,engine_b_proxy,ob_bos,require_engulf=True|require_vol_expand=False|swing_period=10,both,all,NEEDS_MORE_DATA,8,,,,,,,,,,,,,,,,only 8 trades < min 20,binance_rest
run_20260426_191100,SOL/USDT,crypto,H4,engine_b_proxy,ob_bos,require_engulf=True|require_vol_expand=True|swing_period=10,both,all,NEEDS_MORE_DATA,7,,,,,,,,,,,,,,,,only 7 trades < min 20,binance_rest
run_20260426_191100,SOL/USDT,crypto,H4,engine_b_proxy,structure_filters,fvg_detection=False|strong_close_pct=0.7,both,all,WEAK_CANDIDATE,305,0.367213,1.081509,0.000713,0.000713,-0.428703,0.240956,0.480122,0.305305,3.209836,0.124466,0.124466,0.187079,-0.055167,0.500000,,,binance_rest
run_20260426_191100,SOL/USDT,crypto,H4,engine_b_proxy,structure_filters,fvg_detection=True|strong_close_pct=0.7,both,all,REJECT,35,0.285714,0.867943,-0.002359,-0.002359,-0.323830,-0.119911,-0.239057,0.035035,12.800000,-0.127416,-0.127416,-0.001882,-0.120517,0.310000,,,binance_rest
run_20260426_191100,SOL/USDT,crypto,H4,engine_b_proxy,structure_filters,fvg_detection=False|strong_close_pct=0.8,both,all,WEAK_CANDIDATE,199,0.371859,1.100907,0.001046,0.001046,-0.434183,0.232621,0.463592,0.199199,4.608040,0.116374,0.116374,-0.031693,0.118067,0.500000,,,binance_rest
run_20260426_191100,SOL/USDT,crypto,H4,engine_b_proxy,structure_filters,fvg_detection=True|strong_close_pct=0.8,both,all,REJECT,22,0.181818,1.108841,0.001813,0.001813,-0.217573,0.063561,0.126661,0.022022,11.454545,-0.003480,-0.003480,0.132513,-0.120081,0.232000,,,binance_rest
run_20260426_191100,SOL/USDT,crypto,H4,engine_d_proxy,vwap_reclaim,atr_sl_mult=0.5|band_std=0.5,both,all,NEEDS_MORE_DATA,8,,,,,,,,,,,,,,,,only 8 trades < min 20,binance_rest
run_20260426_191100,SOL/USDT,crypto,H4,engine_d_proxy,vwap_reclaim,atr_sl_mult=1.0|band_std=0.5,both,all,NEEDS_MORE_DATA,8,,,,,,,,,,,,,,,,only 8 trades < min 20,binance_rest
run_20260426_191100,SOL/USDT,crypto,H4,engine_d_proxy,vwap_reclaim,atr_sl_mult=0.5|band_std=1.0,both,all,NEEDS_MORE_DATA,8,,,,,,,,,,,,,,,,only 8 trades < min 20,binance_rest
run_20260426_191100,SOL/USDT,crypto,H4,engine_d_proxy,vwap_reclaim,atr_sl_mult=1.0|band_std=1.0,both,all,NEEDS_MORE_DATA,8,,,,,,,,,,,,,,,,only 8 trades < min 20,binance_rest
run_20260426_191100,SOL/USDT,crypto,H4,engine_d_proxy,micro_breakout,atr_sl_mult=0.5|fee_guard_r=0.5|range_bars=3,both,all,REJECT,108,0.351852,0.669751,-0.006298,-0.006298,-0.548075,-0.810674,-1.632577,0.108108,9.157407,-0.536235,-0.536235,-0.439332,-0.220353,0.550469,,,binance_rest
run_20260426_191100,SOL/USDT,crypto,H4,engine_d_proxy,micro_breakout,atr_sl_mult=1.0|fee_guard_r=0.5|range_bars=3,both,all,REJECT,108,0.351852,0.669751,-0.006298,-0.006298,-0.548075,-0.810674,-1.632577,0.108108,9.157407,-0.536235,-0.536235,-0.439332,-0.220353,0.550469,,,binance_rest
run_20260426_191100,SOL/USDT,crypto,H4,engine_d_proxy,micro_breakout,atr_sl_mult=0.5|fee_guard_r=0.5|range_bars=6,both,all,REJECT,59,0.372881,0.844847,-0.003352,-0.003352,-0.381823,-0.227339,-0.453612,0.059059,16.779661,-0.249516,-0.249516,0.167773,-0.381699,0.400000,,,binance_rest
run_20260426_191100,SOL/USDT,crypto,H4,engine_d_proxy,micro_breakout,atr_sl_mult=1.0|fee_guard_r=0.5|range_bars=6,both,all,REJECT,59,0.372881,0.844847,-0.003352,-0.003352,-0.381823,-0.227339,-0.453612,0.059059,16.779661,-0.249516,-0.249516,0.167773,-0.381699,0.400000,,,binance_rest
run_20260426_191100,SOL/USDT,crypto,H4,engine_d_proxy,ema_scalp_pullback,atr_sl_mult=0.5|ema_period=21,both,all,REJECT,135,0.214815,0.773953,-0.002551,-0.002551,-0.500888,-0.403098,-0.804655,0.135135,7.370370,-0.348257,-0.348257,-0.239241,-0.183508,0.630113,,,binance_rest
run_20260426_191100,SOL/USDT,crypto,H4,engine_d_proxy,ema_scalp_pullback,atr_sl_mult=1.0|ema_period=21,both,all,REJECT,135,0.214815,0.773953,-0.002551,-0.002551,-0.500888,-0.403098,-0.804655,0.135135,7.370370,-0.348257,-0.348257,-0.239241,-0.183508,0.630113,,,binance_rest
run_20260426_191100,GBP/USD,forex,H4,trend_momentum,ema_cross,adx_min=0|fast_period=10|rsi_confirm=False|slow_period=50,both,all,REJECT,35,0.257143,0.397824,-0.002588,-0.002588,-0.087334,-1.125381,-2.415390,0.035035,28.514286,-0.087334,-0.087334,-0.049201,-0.043259,0.573769,,,mt5
run_20260426_191100,GBP/USD,forex,H4,trend_momentum,ema_cross,adx_min=0|fast_period=10|rsi_confirm=True|slow_period=50,both,all,REJECT,33,0.212121,0.344219,-0.002985,-0.002985,-0.094527,-1.239780,-2.725214,0.033033,26.666667,-0.094527,-0.094527,-0.051826,-0.048170,0.576836,,,mt5
run_20260426_191100,GBP/USD,forex,H4,trend_momentum,ema_cross,adx_min=20|fast_period=10|rsi_confirm=False|slow_period=50,both,all,REJECT,35,0.257143,0.397824,-0.002588,-0.002588,-0.087334,-1.125381,-2.415390,0.035035,28.514286,-0.087334,-0.087334,-0.049201,-0.043259,0.573769,,,mt5
run_20260426_191100,GBP/USD,forex,H4,trend_momentum,ema_cross,adx_min=20|fast_period=10|rsi_confirm=True|slow_period=50,both,all,REJECT,33,0.212121,0.344219,-0.002985,-0.002985,-0.094527,-1.239780,-2.725214,0.033033,26.666667,-0.094527,-0.094527,-0.051826,-0.048170,0.576836,,,mt5
run_20260426_191100,GBP/USD,forex,H4,trend_momentum,ema_cross,adx_min=25|fast_period=10|rsi_confirm=False|slow_period=50,both,all,REJECT,33,0.212121,0.261468,-0.003357,-0.003357,-0.105458,-1.531592,-3.577705,0.033033,23.636364,-0.105458,-0.105458,-0.065012,-0.043259,0.497620,,,mt5
run_20260426_191100,GBP/USD,forex,H4,trend_momentum,ema_cross,adx_min=25|fast_period=10|rsi_confirm=True|slow_period=50,both,all,REJECT,31,0.161290,0.207539,-0.003829,-0.003829,-0.112508,-1.667881,-4.105442,0.031031,21.354839,-0.112508,-0.112508,-0.067594,-0.048170,0.499792,,,mt5
run_20260426_191100,GBP/USD,forex,H4,trend_momentum,ema_cross,adx_min=0|fast_period=10|rsi_confirm=False|slow_period=100,both,all,REJECT,21,0.285714,0.651407,-0.001149,-0.001149,-0.044210,-0.381739,-0.770905,0.021021,43.904762,-0.024325,-0.024325,-0.021982,0.004708,0.226000,,,mt5
run_20260426_191100,GBP/USD,forex,H4,trend_momentum,ema_cross,adx_min=0|fast_period=10|rsi_confirm=True|slow_period=100,both,all,NEEDS_MORE_DATA,19,,,,,,,,,,,,,,,,only 19 trades < min 20,mt5
run_20260426_191100,GBP/USD,forex,H4,trend_momentum,ema_cross,adx_min=20|fast_period=10|rsi_confirm=False|slow_period=100,both,all,REJECT,21,0.285714,0.651407,-0.001149,-0.001149,-0.044210,-0.381739,-0.770905,0.021021,43.904762,-0.024325,-0.024325,-0.021982,0.004708,0.226000,,,mt5
run_20260426_191100,GBP/USD,forex,H4,trend_momentum,ema_cross,adx_min=20|fast_period=10|rsi_confirm=True|slow_period=100,both,all,NEEDS_MORE_DATA,19,,,,,,,,,,,,,,,,only 19 trades < min 20,mt5
run_20260426_191100,GBP/USD,forex,H4,trend_momentum,ema_cross,adx_min=25|fast_period=10|rsi_confirm=False|slow_period=100,both,all,NEEDS_MORE_DATA,16,,,,,,,,,,,,,,,,only 16 trades < min 20,mt5
run_20260426_191100,GBP/USD,forex,H4,trend_momentum,ema_cross,adx_min=25|fast_period=10|rsi_confirm=True|slow_period=100,both,all,NEEDS_MORE_DATA,14,,,,,,,,,,,,,,,,only 14 trades < min 20,mt5
run_20260426_191100,GBP/USD,forex,H4,trend_momentum,ema_cross,adx_min=0|fast_period=10|rsi_confirm=False|slow_period=200,both,all,NEEDS_MORE_DATA,9,,,,,,,,,,,,,,,,only 9 trades < min 20,mt5
run_20260426_191100,GBP/USD,forex,H4,trend_momentum,ema_cross,adx_min=0|fast_period=10|rsi_confirm=True|slow_period=200,both,all,NEEDS_MORE_DATA,7,,,,,,,,,,,,,,,,only 7 trades < min 20,mt5
run_20260426_191100,GBP/USD,forex,H4,trend_momentum,ema_cross,adx_min=20|fast_period=10|rsi_confirm=False|slow_period=200,both,all,NEEDS_MORE_DATA,9,,,,,,,,,,,,,,,,only 9 trades < min 20,mt5
run_20260426_191100,GBP/USD,forex,H4,trend_momentum,ema_cross,adx_min=20|fast_period=10|rsi_confirm=True|slow_period=200,both,all,NEEDS_MORE_DATA,7,,,,,,,,,,,,,,,,only 7 trades < min 20,mt5
run_20260426_191100,GBP/USD,forex,H4,trend_momentum,ema_cross,adx_min=25|fast_period=10|rsi_confirm=False|slow_period=200,both,all,NEEDS_MORE_DATA,9,,,,,,,,,,,,,,,,only 9 trades < min 20,mt5
run_20260426_191100,GBP/USD,forex,H4,trend_momentum,ema_cross,adx_min=25|fast_period=10|rsi_confirm=True|slow_period=200,both,all,NEEDS_MORE_DATA,7,,,,,,,,,,,,,,,,only 7 trades < min 20,mt5
run_20260426_191100,GBP/USD,forex,H4,trend_momentum,ema_cross,adx_min=0|fast_period=20|rsi_confirm=False|slow_period=50,both,all,NEEDS_MORE_DATA,17,,,,,,,,,,,,,,,,only 17 trades < min 20,mt5
run_20260426_191100,GBP/USD,forex,H4,trend_momentum,ema_cross,adx_min=0|fast_period=20|rsi_confirm=True|slow_period=50,both,all,NEEDS_MORE_DATA,16,,,,,,,,,,,,,,,,only 16 trades < min 20,mt5
run_20260426_191100,GBP/USD,forex,H4,trend_momentum,ema_cross,adx_min=20|fast_period=20|rsi_confirm=False|slow_period=50,both,all,NEEDS_MORE_DATA,17,,,,,,,,,,,,,,,,only 17 trades < min 20,mt5
run_20260426_191100,GBP/USD,forex,H4,trend_momentum,ema_cross,adx_min=20|fast_period=20|rsi_confirm=True|slow_period=50,both,all,NEEDS_MORE_DATA,16,,,,,,,,,,,,,,,,only 16 trades < min 20,mt5
run_20260426_191100,GBP/USD,forex,H4,trend_momentum,ema_cross,adx_min=25|fast_period=20|rsi_confirm=False|slow_period=50,both,all,NEEDS_MORE_DATA,14,,,,,,,,,,,,,,,,only 14 trades < min 20,mt5
run_20260426_191100,GBP/USD,forex,H4,trend_momentum,ema_cross,adx_min=25|fast_period=20|rsi_confirm=True|slow_period=50,both,all,NEEDS_MORE_DATA,13,,,,,,,,,,,,,,,,only 13 trades < min 20,mt5
run_20260426_191100,GBP/USD,forex,H4,trend_momentum,ema_cross,adx_min=0|fast_period=20|rsi_confirm=False|slow_period=100,both,all,NEEDS_MORE_DATA,11,,,,,,,,,,,,,,,,only 11 trades < min 20,mt5
run_20260426_191100,GBP/USD,forex,H4,trend_momentum,ema_cross,adx_min=0|fast_period=20|rsi_confirm=True|slow_period=100,both,all,NEEDS_MORE_DATA,10,,,,,,,,,,,,,,,,only 10 trades < min 20,mt5
run_20260426_191100,GBP/USD,forex,H4,trend_momentum,ema_cross,adx_min=20|fast_period=20|rsi_confirm=False|slow_period=100,both,all,NEEDS_MORE_DATA,11,,,,,,,,,,,,,,,,only 11 trades < min 20,mt5
run_20260426_191100,GBP/USD,forex,H4,trend_momentum,ema_cross,adx_min=20|fast_period=20|rsi_confirm=True|slow_period=100,both,all,NEEDS_MORE_DATA,10,,,,,,,,,,,,,,,,only 10 trades < min 20,mt5
run_20260426_191100,GBP/USD,forex,H4,trend_momentum,ema_cross,adx_min=25|fast_period=20|rsi_confirm=False|slow_period=100,both,all,NEEDS_MORE_DATA,9,,,,,,,,,,,,,,,,only 9 trades < min 20,mt5
run_20260426_191100,GBP/USD,forex,H4,trend_momentum,ema_cross,adx_min=25|fast_period=20|rsi_confirm=True|slow_period=100,both,all,NEEDS_MORE_DATA,8,,,,,,,,,,,,,,,,only 8 trades < min 20,mt5
run_20260426_191100,GBP/USD,forex,H4,trend_momentum,ema_cross,adx_min=0|fast_period=20|rsi_confirm=False|slow_period=200,both,all,NEEDS_MORE_DATA,5,,,,,,,,,,,,,,,,only 5 trades < min 20,mt5
run_20260426_191100,GBP/USD,forex,H4,trend_momentum,ema_cross,adx_min=0|fast_period=20|rsi_confirm=True|slow_period=200,both,all,NEEDS_MORE_DATA,4,,,,,,,,,,,,,,,,only 4 trades < min 20,mt5
run_20260426_191100,GBP/USD,forex,H4,trend_momentum,ema_cross,adx_min=20|fast_period=20|rsi_confirm=False|slow_period=200,both,all,NEEDS_MORE_DATA,4,,,,,,,,,,,,,,,,only 4 trades < min 20,mt5
run_20260426_191100,GBP/USD,forex,H4,trend_momentum,ema_cross,adx_min=20|fast_period=20|rsi_confirm=True|slow_period=200,both,all,NEEDS_MORE_DATA,3,,,,,,,,,,,,,,,,only 3 trades < min 20,mt5
run_20260426_191100,GBP/USD,forex,H4,trend_momentum,ema_cross,adx_min=25|fast_period=20|rsi_confirm=False|slow_period=200,both,all,NEEDS_MORE_DATA,4,,,,,,,,,,,,,,,,only 4 trades < min 20,mt5
run_20260426_191100,GBP/USD,forex,H4,trend_momentum,ema_cross,adx_min=25|fast_period=20|rsi_confirm=True|slow_period=200,both,all,NEEDS_MORE_DATA,3,,,,,,,,,,,,,,,,only 3 trades < min 20,mt5
run_20260426_191100,GBP/USD,forex,H4,trend_momentum,ema_alignment,adx_min=0|ema_long=200|ema_mid=50|ema_short=20,both,all,NEEDS_MORE_DATA,11,,,,,,,,,,,,,,,,only 11 trades < min 20,mt5
run_20260426_191100,GBP/USD,forex,H4,trend_momentum,ema_alignment,adx_min=20|ema_long=200|ema_mid=50|ema_short=20,both,all,NEEDS_MORE_DATA,11,,,,,,,,,,,,,,,,only 11 trades < min 20,mt5
run_20260426_191100,GBP/USD,forex,H4,trend_momentum,ema_alignment,adx_min=25|ema_long=200|ema_mid=50|ema_short=20,both,all,NEEDS_MORE_DATA,11,,,,,,,,,,,,,,,,only 11 trades < min 20,mt5
run_20260426_191100,GBP/USD,forex,H4,trend_momentum,macd_direction,adx_min=0|fast=12|signal_period=9|slow=26,both,all,REJECT,75,0.373333,0.793848,-0.000565,-0.000565,-0.060109,-0.414109,-0.828410,0.075075,13.293333,-0.042762,-0.042762,-0.039889,-0.000275,0.402067,,,mt5
run_20260426_191100,GBP/USD,forex,H4,trend_momentum,macd_direction,adx_min=20|fast=12|signal_period=9|slow=26,both,all,REJECT,72,0.347222,0.699199,-0.000856,-0.000856,-0.069541,-0.621645,-1.250768,0.072072,13.097222,-0.060967,-0.060967,-0.049525,-0.009540,0.457787,,,mt5
run_20260426_191100,GBP/USD,forex,H4,pullback,pullback_ema,pullback_period=20|rsi_reclaim=False|rsi_threshold=50|trend_period=200,both,all,REJECT,68,0.176471,0.527912,-0.001031,-0.001031,-0.068356,-0.950499,-1.941744,0.068068,7.441176,-0.068356,-0.068356,-0.034946,-0.032755,0.681194,,,mt5
run_20260426_191100,GBP/USD,forex,H4,pullback,pullback_ema,pullback_period=20|rsi_reclaim=True|rsi_threshold=50|trend_period=200,both,all,REJECT,61,0.163934,0.489407,-0.001181,-0.001181,-0.070092,-0.997192,-2.049677,0.061061,7.229508,-0.070092,-0.070092,-0.031238,-0.038253,0.632630,,,mt5
run_20260426_191100,GBP/USD,forex,H4,pullback,pullback_ema,pullback_period=50|rsi_reclaim=False|rsi_threshold=50|trend_period=200,both,all,REJECT,47,0.191489,0.355320,-0.001528,-0.001528,-0.073463,-1.324567,-2.847203,0.047047,11.659574,-0.069651,-0.069651,-0.034957,-0.034506,0.678130,,,mt5
run_20260426_191100,GBP/USD,forex,H4,pullback,pullback_ema,pullback_period=50|rsi_reclaim=True|rsi_threshold=50|trend_period=200,both,all,REJECT,37,0.216216,0.339157,-0.001637,-0.001637,-0.059050,-1.225543,-2.656016,0.037037,12.189189,-0.059050,-0.059050,-0.033167,-0.025313,0.550958,,,mt5
run_20260426_191100,GBP/USD,forex,H4,breakout,prev_day_hl,atr_expand_min=0.0,both,all,REJECT,64,0.312500,0.712834,-0.000793,-0.000793,-0.086919,-0.527926,-1.060264,0.064064,15.484375,-0.050592,-0.050592,-0.021001,-0.026602,0.619995,,,mt5
run_20260426_191100,GBP/USD,forex,H4,breakout,prev_day_hl,atr_expand_min=0.5,both,all,REJECT,62,0.306452,0.689532,-0.000869,-0.000869,-0.083508,-0.566784,-1.140109,0.062062,15.306452,-0.053555,-0.053555,-0.027690,-0.026602,0.688218,,,mt5
run_20260426_191100,GBP/USD,forex,H4,breakout,prev_day_hl,atr_expand_min=1.0,both,all,REJECT,53,0.283019,0.611098,-0.001160,-0.001160,-0.084369,-0.672660,-1.361996,0.053053,15.830189,-0.060624,-0.060624,-0.026334,-0.035218,0.598796,,,mt5
run_20260426_191100,GBP/USD,forex,H4,breakout,session_opening_range,atr_expand_min=0.0|range_bars=6,both,all,REJECT,56,0.357143,0.648397,-0.001019,-0.001019,-0.085482,-0.639415,-1.291528,0.056056,17.696429,-0.056411,-0.056411,-0.020193,-0.038542,0.427389,,,mt5
run_20260426_191100,GBP/USD,forex,H4,breakout,session_opening_range,atr_expand_min=0.5|range_bars=6,both,all,REJECT,56,0.357143,0.578148,-0.001223,-0.001223,-0.085482,-0.806331,-1.642361,0.056056,17.035714,-0.067021,-0.067021,-0.031209,-0.038542,0.629514,,,mt5
run_20260426_191100,GBP/USD,forex,H4,breakout,session_opening_range,atr_expand_min=0.0|range_bars=12,both,all,REJECT,34,0.323529,0.692119,-0.001199,-0.001199,-0.080861,-0.424757,-0.854876,0.034034,28.852941,-0.041060,-0.041060,-0.023352,-0.023616,0.600618,,,mt5
run_20260426_191100,GBP/USD,forex,H4,breakout,session_opening_range,atr_expand_min=0.5|range_bars=12,both,all,REJECT,34,0.294118,0.639105,-0.001434,-0.001434,-0.080861,-0.510250,-1.031696,0.034034,28.088235,-0.048663,-0.048663,-0.031095,-0.023616,0.531838,,,mt5
run_20260426_191100,GBP/USD,forex,H4,breakout,london_breakout,atr_expand_min=0.0|utc_end=11|utc_start=7,both,all,REJECT,26,0.307692,0.821934,-0.000537,-0.000537,-0.044599,-0.210602,-0.420919,0.026026,18.500000,-0.014414,-0.014414,-0.001666,-0.012769,0.256000,,,mt5
run_20260426_191100,GBP/USD,forex,H4,breakout,london_breakout,atr_expand_min=0.5|utc_end=11|utc_start=7,both,all,REJECT,26,0.307692,0.715550,-0.000858,-0.000858,-0.044599,-0.354018,-0.711885,0.026026,17.115385,-0.022552,-0.022552,-0.009909,-0.012769,0.470219,,,mt5
run_20260426_191100,GBP/USD,forex,H4,breakout,ny_breakout,atr_expand_min=0.0|utc_end=16|utc_start=13,both,all,NEEDS_MORE_DATA,0,,,,,,,,,,,,,,,,only 0 trades < min 20,mt5
run_20260426_191100,GBP/USD,forex,H4,breakout,ny_breakout,atr_expand_min=0.5|utc_end=16|utc_start=13,both,all,NEEDS_MORE_DATA,0,,,,,,,,,,,,,,,,only 0 trades < min 20,mt5
run_20260426_191100,GBP/USD,forex,H4,mean_reversion,rsi_extreme,overbought=70|oversold=30|period=14,both,all,NEEDS_MORE_DATA,16,,,,,,,,,,,,,,,,only 16 trades < min 20,mt5
run_20260426_191100,GBP/USD,forex,H4,mean_reversion,rsi_extreme,overbought=75|oversold=30|period=14,both,all,NEEDS_MORE_DATA,12,,,,,,,,,,,,,,,,only 12 trades < min 20,mt5
run_20260426_191100,GBP/USD,forex,H4,mean_reversion,rsi_extreme,overbought=70|oversold=25|period=14,both,all,NEEDS_MORE_DATA,11,,,,,,,,,,,,,,,,only 11 trades < min 20,mt5
run_20260426_191100,GBP/USD,forex,H4,mean_reversion,rsi_extreme,overbought=75|oversold=25|period=14,both,all,NEEDS_MORE_DATA,7,,,,,,,,,,,,,,,,only 7 trades < min 20,mt5
run_20260426_191100,GBP/USD,forex,H4,mean_reversion,bollinger_touch,num_std=2.0|period=20,both,all,REJECT,43,0.581395,0.858651,-0.000328,-0.000328,-0.038183,-0.187315,-0.373719,0.043043,12.953488,-0.014731,-0.014731,-0.028870,0.014559,0.358000,,,mt5
run_20260426_191100,GBP/USD,forex,H4,mean_reversion,bollinger_touch,num_std=2.5|period=20,both,all,REJECT,25,0.600000,0.847177,-0.000363,-0.000363,-0.026251,-0.149545,-0.298418,0.025025,14.840000,-0.009492,-0.009492,-0.017180,0.007822,0.250000,,,mt5
run_20260426_191100,GBP/USD,forex,H4,mean_reversion,vwap_deviation,std_threshold=1.5,both,all,NEEDS_MORE_DATA,11,,,,,,,,,,,,,,,,only 11 trades < min 20,mt5
run_20260426_191100,GBP/USD,forex,H4,mean_reversion,vwap_deviation,std_threshold=2.0,both,all,NEEDS_MORE_DATA,9,,,,,,,,,,,,,,,,only 9 trades < min 20,mt5
run_20260426_191100,GBP/USD,forex,H4,volatility,bb_squeeze_breakout,confirm_ema=True|period=20|squeeze_pct=20,both,all,REJECT,23,0.434783,0.783333,-0.000414,-0.000414,-0.025302,-0.244156,-0.488834,0.023023,8.304348,-0.009666,-0.009666,-0.009550,-0.000118,0.255044,,,mt5
run_20260426_191100,GBP/USD,forex,H4,volatility,bb_squeeze_breakout,confirm_ema=False|period=20|squeeze_pct=20,both,all,REJECT,23,0.434783,0.746068,-0.000509,-0.000509,-0.027443,-0.298039,-0.598204,0.023023,8.347826,-0.011841,-0.011841,-0.011724,-0.000118,0.241013,,,mt5
run_20260426_191100,GBP/USD,forex,H4,volatility,bb_squeeze_breakout,confirm_ema=True|period=20|squeeze_pct=30,both,all,REJECT,28,0.428571,0.496197,-0.001375,-0.001375,-0.054962,-0.771184,-1.603315,0.028028,7.285714,-0.038065,-0.038065,-0.014938,-0.023478,0.396510,,,mt5
run_20260426_191100,GBP/USD,forex,H4,volatility,bb_squeeze_breakout,confirm_ema=False|period=20|squeeze_pct=30,both,all,REJECT,28,0.428571,0.496197,-0.001375,-0.001375,-0.054962,-0.771184,-1.603315,0.028028,7.285714,-0.038065,-0.038065,-0.014938,-0.023478,0.396510,,,mt5
run_20260426_191100,GBP/USD,forex,H4,volatility,atr_compression,confirm_ema=True|period=14|squeeze_pct=20,both,all,REJECT,23,0.130435,0.306450,-0.002486,-0.002486,-0.059480,-1.122421,-2.519365,0.023023,16.695652,-0.055882,-0.055882,-0.041024,-0.015494,0.351302,,,mt5
run_20260426_191100,GBP/USD,forex,H4,volatility,atr_compression,confirm_ema=False|period=14|squeeze_pct=20,both,all,REJECT,26,0.115385,0.369973,-0.002067,-0.002067,-0.058203,-0.962571,-2.064962,0.026026,14.307692,-0.052690,-0.052690,-0.030322,-0.023068,0.484231,,,mt5
run_20260426_191100,GBP/USD,forex,H4,volatility,atr_compression,confirm_ema=True|period=14|squeeze_pct=30,both,all,REJECT,26,0.230769,0.350442,-0.002047,-0.002047,-0.056531,-1.053935,-2.297744,0.026026,18.000000,-0.052130,-0.052130,-0.043314,-0.007730,0.309540,,,mt5
run_20260426_191100,GBP/USD,forex,H4,volatility,atr_compression,confirm_ema=False|period=14|squeeze_pct=30,both,all,REJECT,26,0.230769,0.408458,-0.001834,-0.001834,-0.051380,-0.903108,-1.919133,0.026026,18.000000,-0.046897,-0.046897,-0.035830,-0.011478,0.352104,,,mt5
run_20260426_191100,GBP/USD,forex,H4,engine_b_proxy,ob_bos,require_engulf=False|require_vol_expand=False|swing_period=5,both,all,REJECT,26,0.269231,0.485552,-0.002360,-0.002360,-0.072399,-0.719395,-1.491594,0.026026,34.384615,-0.060390,-0.060390,-0.030010,-0.044229,0.413853,,,mt5
run_20260426_191100,GBP/USD,forex,H4,engine_b_proxy,ob_bos,require_engulf=False|require_vol_expand=True|swing_period=5,both,all,REJECT,22,0.227273,0.455795,-0.002686,-0.002686,-0.066962,-0.748828,-1.571447,0.022022,33.500000,-0.058123,-0.058123,-0.045213,-0.026668,0.408949,,,mt5
run_20260426_191100,GBP/USD,forex,H4,engine_b_proxy,ob_bos,require_engulf=True|require_vol_expand=False|swing_period=5,both,all,REJECT,21,0.333333,0.732896,-0.001005,-0.001005,-0.035234,-0.283932,-0.569872,0.021021,37.047619,-0.021570,-0.021570,-0.012246,-0.022640,0.271388,,,mt5
run_20260426_191100,GBP/USD,forex,H4,engine_b_proxy,ob_bos,require_engulf=True|require_vol_expand=True|swing_period=5,both,all,NEEDS_MORE_DATA,19,,,,,,,,,,,,,,,,only 19 trades < min 20,mt5
run_20260426_191100,GBP/USD,forex,H4,engine_b_proxy,ob_bos,require_engulf=False|require_vol_expand=False|swing_period=10,both,all,NEEDS_MORE_DATA,12,,,,,,,,,,,,,,,,only 12 trades < min 20,mt5
run_20260426_191100,GBP/USD,forex,H4,engine_b_proxy,ob_bos,require_engulf=False|require_vol_expand=True|swing_period=10,both,all,NEEDS_MORE_DATA,11,,,,,,,,,,,,,,,,only 11 trades < min 20,mt5
run_20260426_191100,GBP/USD,forex,H4,engine_b_proxy,ob_bos,require_engulf=True|require_vol_expand=False|swing_period=10,both,all,NEEDS_MORE_DATA,11,,,,,,,,,,,,,,,,only 11 trades < min 20,mt5
run_20260426_191100,GBP/USD,forex,H4,engine_b_proxy,ob_bos,require_engulf=True|require_vol_expand=True|swing_period=10,both,all,NEEDS_MORE_DATA,11,,,,,,,,,,,,,,,,only 11 trades < min 20,mt5
run_20260426_191100,GBP/USD,forex,H4,engine_b_proxy,structure_filters,fvg_detection=False|strong_close_pct=0.7,both,all,REJECT,305,0.249180,0.408323,-0.001049,-0.001049,-0.278618,-2.996606,-6.227449,0.305305,3.140984,-0.274906,-0.274906,-0.223302,-0.066035,0.488716,,,mt5
run_20260426_191100,GBP/USD,forex,H4,engine_b_proxy,structure_filters,fvg_detection=True|strong_close_pct=0.7,both,all,REJECT,32,0.343750,0.501939,-0.001509,-0.001509,-0.058869,-0.773364,-1.599047,0.032032,12.906250,-0.047609,-0.047609,-0.005586,-0.042259,0.292000,,,mt5
run_20260426_191100,GBP/USD,forex,H4,engine_b_proxy,structure_filters,fvg_detection=False|strong_close_pct=0.8,both,all,REJECT,233,0.210300,0.353244,-0.001360,-0.001360,-0.278593,-3.016161,-6.400549,0.233233,4.012876,-0.272675,-0.272675,-0.219429,-0.067809,0.492708,,,mt5
run_20260426_191100,GBP/USD,forex,H4,engine_b_proxy,structure_filters,fvg_detection=True|strong_close_pct=0.8,both,all,REJECT,28,0.357143,0.531795,-0.001445,-0.001445,-0.051095,-0.670072,-1.378114,0.028028,13.392857,-0.040089,-0.040089,-0.004379,-0.035867,0.268000,,,mt5
run_20260426_191100,GBP/USD,forex,H4,engine_d_proxy,vwap_reclaim,atr_sl_mult=0.5|band_std=0.5,both,all,NEEDS_MORE_DATA,8,,,,,,,,,,,,,,,,only 8 trades < min 20,mt5
run_20260426_191100,GBP/USD,forex,H4,engine_d_proxy,vwap_reclaim,atr_sl_mult=1.0|band_std=0.5,both,all,NEEDS_MORE_DATA,8,,,,,,,,,,,,,,,,only 8 trades < min 20,mt5
run_20260426_191100,GBP/USD,forex,H4,engine_d_proxy,vwap_reclaim,atr_sl_mult=0.5|band_std=1.0,both,all,NEEDS_MORE_DATA,4,,,,,,,,,,,,,,,,only 4 trades < min 20,mt5
run_20260426_191100,GBP/USD,forex,H4,engine_d_proxy,vwap_reclaim,atr_sl_mult=1.0|band_std=1.0,both,all,NEEDS_MORE_DATA,4,,,,,,,,,,,,,,,,only 4 trades < min 20,mt5
run_20260426_191100,GBP/USD,forex,H4,engine_d_proxy,micro_breakout,atr_sl_mult=0.5|fee_guard_r=0.5|range_bars=3,both,all,REJECT,92,0.358696,0.756561,-0.000610,-0.000610,-0.073784,-0.520493,-1.042391,0.092092,10.771739,-0.055975,-0.055975,-0.057665,0.003003,0.400000,,,mt5
run_20260426_191100,GBP/USD,forex,H4,engine_d_proxy,micro_breakout,atr_sl_mult=1.0|fee_guard_r=0.5|range_bars=3,both,all,REJECT,92,0.358696,0.756561,-0.000610,-0.000610,-0.073784,-0.520493,-1.042391,0.092092,10.771739,-0.055975,-0.055975,-0.057665,0.003003,0.400000,,,mt5
run_20260426_191100,GBP/USD,forex,H4,engine_d_proxy,micro_breakout,atr_sl_mult=0.5|fee_guard_r=0.5|range_bars=6,both,all,REJECT,56,0.357143,0.648397,-0.001019,-0.001019,-0.085482,-0.639415,-1.291528,0.056056,17.696429,-0.056411,-0.056411,-0.020193,-0.038542,0.427389,,,mt5
run_20260426_191100,GBP/USD,forex,H4,engine_d_proxy,micro_breakout,atr_sl_mult=1.0|fee_guard_r=0.5|range_bars=6,both,all,REJECT,56,0.357143,0.648397,-0.001019,-0.001019,-0.085482,-0.639415,-1.291528,0.056056,17.696429,-0.056411,-0.056411,-0.020193,-0.038542,0.427389,,,mt5
run_20260426_191100,GBP/USD,forex,H4,engine_d_proxy,ema_scalp_pullback,atr_sl_mult=0.5|ema_period=21,both,all,REJECT,131,0.175573,0.439516,-0.001330,-0.001330,-0.165709,-1.750642,-3.637140,0.131131,7.580153,-0.160973,-0.160973,-0.105292,-0.061392,0.574919,,,mt5
run_20260426_191100,GBP/USD,forex,H4,engine_d_proxy,ema_scalp_pullback,atr_sl_mult=1.0|ema_period=21,both,all,REJECT,131,0.175573,0.439946,-0.001328,-0.001328,-0.165454,-1.747843,-3.630815,0.131131,7.587786,-0.160717,-0.160717,-0.105020,-0.061392,0.575374,,,mt5
run_20260426_191100,AUD/USD,forex,H4,trend_momentum,ema_cross,adx_min=0|fast_period=10|rsi_confirm=False|slow_period=50,both,all,REJECT,27,0.259259,0.756695,-0.001210,-0.001210,-0.084929,-0.254468,-0.509275,0.027027,34.000000,-0.034115,-0.034115,-0.007120,-0.072480,0.262000,,,mt5
run_20260426_191100,AUD/USD,forex,H4,trend_momentum,ema_cross,adx_min=0|fast_period=10|rsi_confirm=True|slow_period=50,both,all,REJECT,26,0.230769,0.670066,-0.001701,-0.001701,-0.084929,-0.350542,-0.704763,0.026026,32.538462,-0.045156,-0.045156,-0.018470,-0.072480,0.256000,,,mt5
run_20260426_191100,AUD/USD,forex,H4,trend_momentum,ema_cross,adx_min=20|fast_period=10|rsi_confirm=False|slow_period=50,both,all,REJECT,27,0.259259,0.756695,-0.001210,-0.001210,-0.084929,-0.254468,-0.509275,0.027027,34.000000,-0.034115,-0.034115,-0.007120,-0.072480,0.262000,,,mt5
run_20260426_191100,AUD/USD,forex,H4,trend_momentum,ema_cross,adx_min=20|fast_period=10|rsi_confirm=True|slow_period=50,both,all,REJECT,26,0.230769,0.670066,-0.001701,-0.001701,-0.084929,-0.350542,-0.704763,0.026026,32.538462,-0.045156,-0.045156,-0.018470,-0.072480,0.256000,,,mt5
run_20260426_191100,AUD/USD,forex,H4,trend_momentum,ema_cross,adx_min=25|fast_period=10|rsi_confirm=False|slow_period=50,both,all,REJECT,23,0.217391,0.353500,-0.003624,-0.003624,-0.102130,-1.022056,-2.243011,0.023023,26.652174,-0.080758,-0.080758,-0.008925,-0.072480,0.238000,,,mt5
run_20260426_191100,AUD/USD,forex,H4,trend_momentum,ema_cross,adx_min=25|fast_period=10|rsi_confirm=True|slow_period=50,both,all,REJECT,22,0.181818,0.262246,-0.004324,-0.004324,-0.103462,-1.218521,-2.825413,0.022022,24.590909,-0.091449,-0.091449,-0.020451,-0.072480,0.232000,,,mt5
run_20260426_191100,AUD/USD,forex,H4,trend_momentum,ema_cross,adx_min=0|fast_period=10|rsi_confirm=False|slow_period=100,both,all,REJECT,27,0.148148,0.543376,-0.002493,-0.002493,-0.070916,-0.522597,-1.061982,0.027027,34.111111,-0.067013,-0.067013,-0.041899,-0.070727,0.355586,,,mt5
run_20260426_191100,AUD/USD,forex,H4,trend_momentum,ema_cross,adx_min=0|fast_period=10|rsi_confirm=True|slow_period=100,both,all,REJECT,24,0.125000,0.500838,-0.002970,-0.002970,-0.070916,-0.559366,-1.143528,0.024024,34.750000,-0.070683,-0.070683,-0.045667,-0.070727,0.379377,,,mt5
run_20260426_191100,AUD/USD,forex,H4,trend_momentum,ema_cross,adx_min=20|fast_period=10|rsi_confirm=False|slow_period=100,both,all,REJECT,27,0.148148,0.543376,-0.002493,-0.002493,-0.070916,-0.522597,-1.061982,0.027027,34.111111,-0.067013,-0.067013,-0.041899,-0.070727,0.355586,,,mt5
run_20260426_191100,AUD/USD,forex,H4,trend_momentum,ema_cross,adx_min=20|fast_period=10|rsi_confirm=True|slow_period=100,both,all,REJECT,24,0.125000,0.500838,-0.002970,-0.002970,-0.070916,-0.559366,-1.143528,0.024024,34.750000,-0.070683,-0.070683,-0.045667,-0.070727,0.379377,,,mt5
run_20260426_191100,AUD/USD,forex,H4,trend_momentum,ema_cross,adx_min=25|fast_period=10|rsi_confirm=False|slow_period=100,both,all,REJECT,20,0.150000,0.257574,-0.004638,-0.004638,-0.091701,-1.104493,-2.519169,0.020020,32.650000,-0.089402,-0.089402,-0.020096,-0.070727,0.220000,,,mt5
run_20260426_191100,AUD/USD,forex,H4,trend_momentum,ema_cross,adx_min=25|fast_period=10|rsi_confirm=True|slow_period=100,both,all,NEEDS_MORE_DATA,18,,,,,,,,,,,,,,,,only 18 trades < min 20,mt5
run_20260426_191100,AUD/USD,forex,H4,trend_momentum,ema_cross,adx_min=0|fast_period=10|rsi_confirm=False|slow_period=200,both,all,NEEDS_MORE_DATA,11,,,,,,,,,,,,,,,,only 11 trades < min 20,mt5
run_20260426_191100,AUD/USD,forex,H4,trend_momentum,ema_cross,adx_min=0|fast_period=10|rsi_confirm=True|slow_period=200,both,all,NEEDS_MORE_DATA,10,,,,,,,,,,,,,,,,only 10 trades < min 20,mt5
run_20260426_191100,AUD/USD,forex,H4,trend_momentum,ema_cross,adx_min=20|fast_period=10|rsi_confirm=False|slow_period=200,both,all,NEEDS_MORE_DATA,11,,,,,,,,,,,,,,,,only 11 trades < min 20,mt5
run_20260426_191100,AUD/USD,forex,H4,trend_momentum,ema_cross,adx_min=20|fast_period=10|rsi_confirm=True|slow_period=200,both,all,NEEDS_MORE_DATA,10,,,,,,,,,,,,,,,,only 10 trades < min 20,mt5
run_20260426_191100,AUD/USD,forex,H4,trend_momentum,ema_cross,adx_min=25|fast_period=10|rsi_confirm=False|slow_period=200,both,all,NEEDS_MORE_DATA,9,,,,,,,,,,,,,,,,only 9 trades < min 20,mt5
run_20260426_191100,AUD/USD,forex,H4,trend_momentum,ema_cross,adx_min=25|fast_period=10|rsi_confirm=True|slow_period=200,both,all,NEEDS_MORE_DATA,8,,,,,,,,,,,,,,,,only 8 trades < min 20,mt5
run_20260426_191100,AUD/USD,forex,H4,trend_momentum,ema_cross,adx_min=0|fast_period=20|rsi_confirm=False|slow_period=50,both,all,NEEDS_MORE_DATA,19,,,,,,,,,,,,,,,,only 19 trades < min 20,mt5
run_20260426_191100,AUD/USD,forex,H4,trend_momentum,ema_cross,adx_min=0|fast_period=20|rsi_confirm=True|slow_period=50,both,all,NEEDS_MORE_DATA,18,,,,,,,,,,,,,,,,only 18 trades < min 20,mt5
run_20260426_191100,AUD/USD,forex,H4,trend_momentum,ema_cross,adx_min=20|fast_period=20|rsi_confirm=False|slow_period=50,both,all,NEEDS_MORE_DATA,19,,,,,,,,,,,,,,,,only 19 trades < min 20,mt5
run_20260426_191100,AUD/USD,forex,H4,trend_momentum,ema_cross,adx_min=20|fast_period=20|rsi_confirm=True|slow_period=50,both,all,NEEDS_MORE_DATA,18,,,,,,,,,,,,,,,,only 18 trades < min 20,mt5
run_20260426_191100,AUD/USD,forex,H4,trend_momentum,ema_cross,adx_min=25|fast_period=20|rsi_confirm=False|slow_period=50,both,all,NEEDS_MORE_DATA,16,,,,,,,,,,,,,,,,only 16 trades < min 20,mt5
run_20260426_191100,AUD/USD,forex,H4,trend_momentum,ema_cross,adx_min=25|fast_period=20|rsi_confirm=True|slow_period=50,both,all,NEEDS_MORE_DATA,15,,,,,,,,,,,,,,,,only 15 trades < min 20,mt5
run_20260426_191100,AUD/USD,forex,H4,trend_momentum,ema_cross,adx_min=0|fast_period=20|rsi_confirm=False|slow_period=100,both,all,NEEDS_MORE_DATA,17,,,,,,,,,,,,,,,,only 17 trades < min 20,mt5
run_20260426_191100,AUD/USD,forex,H4,trend_momentum,ema_cross,adx_min=0|fast_period=20|rsi_confirm=True|slow_period=100,both,all,NEEDS_MORE_DATA,16,,,,,,,,,,,,,,,,only 16 trades < min 20,mt5
run_20260426_191100,AUD/USD,forex,H4,trend_momentum,ema_cross,adx_min=20|fast_period=20|rsi_confirm=False|slow_period=100,both,all,NEEDS_MORE_DATA,17,,,,,,,,,,,,,,,,only 17 trades < min 20,mt5
run_20260426_191100,AUD/USD,forex,H4,trend_momentum,ema_cross,adx_min=20|fast_period=20|rsi_confirm=True|slow_period=100,both,all,NEEDS_MORE_DATA,16,,,,,,,,,,,,,,,,only 16 trades < min 20,mt5
run_20260426_191100,AUD/USD,forex,H4,trend_momentum,ema_cross,adx_min=25|fast_period=20|rsi_confirm=False|slow_period=100,both,all,NEEDS_MORE_DATA,15,,,,,,,,,,,,,,,,only 15 trades < min 20,mt5
run_20260426_191100,AUD/USD,forex,H4,trend_momentum,ema_cross,adx_min=25|fast_period=20|rsi_confirm=True|slow_period=100,both,all,NEEDS_MORE_DATA,14,,,,,,,,,,,,,,,,only 14 trades < min 20,mt5
run_20260426_191100,AUD/USD,forex,H4,trend_momentum,ema_cross,adx_min=0|fast_period=20|rsi_confirm=False|slow_period=200,both,all,NEEDS_MORE_DATA,11,,,,,,,,,,,,,,,,only 11 trades < min 20,mt5
run_20260426_191100,AUD/USD,forex,H4,trend_momentum,ema_cross,adx_min=0|fast_period=20|rsi_confirm=True|slow_period=200,both,all,NEEDS_MORE_DATA,10,,,,,,,,,,,,,,,,only 10 trades < min 20,mt5
run_20260426_191100,AUD/USD,forex,H4,trend_momentum,ema_cross,adx_min=20|fast_period=20|rsi_confirm=False|slow_period=200,both,all,NEEDS_MORE_DATA,11,,,,,,,,,,,,,,,,only 11 trades < min 20,mt5
run_20260426_191100,AUD/USD,forex,H4,trend_momentum,ema_cross,adx_min=20|fast_period=20|rsi_confirm=True|slow_period=200,both,all,NEEDS_MORE_DATA,10,,,,,,,,,,,,,,,,only 10 trades < min 20,mt5
run_20260426_191100,AUD/USD,forex,H4,trend_momentum,ema_cross,adx_min=25|fast_period=20|rsi_confirm=False|slow_period=200,both,all,NEEDS_MORE_DATA,10,,,,,,,,,,,,,,,,only 10 trades < min 20,mt5
run_20260426_191100,AUD/USD,forex,H4,trend_momentum,ema_cross,adx_min=25|fast_period=20|rsi_confirm=True|slow_period=200,both,all,NEEDS_MORE_DATA,9,,,,,,,,,,,,,,,,only 9 trades < min 20,mt5
run_20260426_191100,AUD/USD,forex,H4,trend_momentum,ema_alignment,adx_min=0|ema_long=200|ema_mid=50|ema_short=20,both,all,NEEDS_MORE_DATA,12,,,,,,,,,,,,,,,,only 12 trades < min 20,mt5
run_20260426_191100,AUD/USD,forex,H4,trend_momentum,ema_alignment,adx_min=20|ema_long=200|ema_mid=50|ema_short=20,both,all,NEEDS_MORE_DATA,12,,,,,,,,,,,,,,,,only 12 trades < min 20,mt5
run_20260426_191100,AUD/USD,forex,H4,trend_momentum,ema_alignment,adx_min=25|ema_long=200|ema_mid=50|ema_short=20,both,all,NEEDS_MORE_DATA,12,,,,,,,,,,,,,,,,only 12 trades < min 20,mt5
run_20260426_191100,AUD/USD,forex,H4,trend_momentum,macd_direction,adx_min=0|fast=12|signal_period=9|slow=26,both,all,REJECT,78,0.358974,0.740474,-0.000913,-0.000913,-0.092609,-0.522967,-1.048523,0.078078,12.320513,-0.070869,-0.070869,-0.046456,-0.025836,0.566846,,,mt5
run_20260426_191100,AUD/USD,forex,H4,trend_momentum,macd_direction,adx_min=20|fast=12|signal_period=9|slow=26,both,all,REJECT,72,0.361111,0.677299,-0.001175,-0.001175,-0.096069,-0.648269,-1.305488,0.072072,12.597222,-0.083084,-0.083084,-0.050091,-0.034964,0.609406,,,mt5
run_20260426_191100,AUD/USD,forex,H4,pullback,pullback_ema,pullback_period=20|rsi_reclaim=False|rsi_threshold=50|trend_period=200,both,all,REJECT,66,0.151515,0.646718,-0.000971,-0.000971,-0.080176,-0.546797,-1.098506,0.066066,7.439394,-0.063697,-0.063697,-0.007268,-0.056841,0.400000,,,mt5
run_20260426_191100,AUD/USD,forex,H4,pullback,pullback_ema,pullback_period=20|rsi_reclaim=True|rsi_threshold=50|trend_period=200,both,all,REJECT,63,0.142857,0.543470,-0.001295,-0.001295,-0.084113,-0.741906,-1.502517,0.063063,6.777778,-0.079758,-0.079758,-0.024298,-0.056841,0.400000,,,mt5
run_20260426_191100,AUD/USD,forex,H4,pullback,pullback_ema,pullback_period=50|rsi_reclaim=False|rsi_threshold=50|trend_period=200,both,all,REJECT,51,0.156863,0.489448,-0.001582,-0.001582,-0.081147,-0.835937,-1.709923,0.051051,10.803922,-0.078599,-0.078599,-0.017614,-0.072396,0.400000,,,mt5
run_20260426_191100,AUD/USD,forex,H4,pullback,pullback_ema,pullback_period=50|rsi_reclaim=True|rsi_threshold=50|trend_period=200,both,all,REJECT,35,0.171429,0.422434,-0.002003,-0.002003,-0.068585,-0.809240,-1.673095,0.035035,11.085714,-0.068585,-0.068585,-0.015602,-0.053822,0.310000,,,mt5
run_20260426_191100,AUD/USD,forex,H4,breakout,prev_day_hl,atr_expand_min=0.0,both,all,WEAK_CANDIDATE,47,0.425532,1.234199,0.000670,0.000670,-0.027688,0.271542,0.542537,0.047047,20.531915,0.030276,0.030276,0.041134,-0.010594,0.482000,,,mt5
run_20260426_191100,AUD/USD,forex,H4,breakout,prev_day_hl,atr_expand_min=0.5,both,all,WEAK_CANDIDATE,45,0.444444,1.370991,0.001000,0.001000,-0.023829,0.398051,0.798281,0.045045,20.911111,0.044347,0.044347,0.040228,0.003792,0.498282,,,mt5
run_20260426_191100,AUD/USD,forex,H4,breakout,prev_day_hl,atr_expand_min=1.0,both,all,WEAK_CANDIDATE,37,0.459459,1.691671,0.001587,0.001587,-0.026600,0.556627,1.127007,0.037037,22.351351,0.059013,0.059013,0.049769,0.003059,0.440439,,,mt5
run_20260426_191100,AUD/USD,forex,H4,breakout,session_opening_range,atr_expand_min=0.0|range_bars=6,both,all,WEAK_CANDIDATE,43,0.441860,1.920899,0.002323,0.002323,-0.030675,0.741720,1.514799,0.043043,22.395349,0.102570,0.102570,0.108800,-0.011299,0.458000,,,mt5
run_20260426_191100,AUD/USD,forex,H4,breakout,session_opening_range,atr_expand_min=0.5|range_bars=6,both,all,WEAK_CANDIDATE,43,0.441860,1.920899,0.002323,0.002323,-0.030675,0.741720,1.514799,0.043043,22.395349,0.102570,0.102570,0.108800,-0.011299,0.458000,,,mt5
run_20260426_191100,AUD/USD,forex,H4,breakout,session_opening_range,atr_expand_min=0.0|range_bars=12,both,all,WEAK_CANDIDATE,27,0.481481,1.793161,0.002452,0.002452,-0.050554,0.503599,1.021896,0.027027,35.222222,0.066147,0.066147,0.052597,0.007958,0.407393,,,mt5
run_20260426_191100,AUD/USD,forex,H4,breakout,session_opening_range,atr_expand_min=0.5|range_bars=12,both,all,WEAK_CANDIDATE,27,0.481481,1.793161,0.002452,0.002452,-0.050554,0.503599,1.021896,0.027027,35.222222,0.066147,0.066147,0.052597,0.007958,0.407393,,,mt5
run_20260426_191100,AUD/USD,forex,H4,breakout,london_breakout,atr_expand_min=0.0|utc_end=11|utc_start=7,both,all,NEEDS_MORE_DATA,13,,,,,,,,,,,,,,,,only 13 trades < min 20,mt5
run_20260426_191100,AUD/USD,forex,H4,breakout,london_breakout,atr_expand_min=0.5|utc_end=11|utc_start=7,both,all,NEEDS_MORE_DATA,13,,,,,,,,,,,,,,,,only 13 trades < min 20,mt5
run_20260426_191100,AUD/USD,forex,H4,breakout,ny_breakout,atr_expand_min=0.0|utc_end=16|utc_start=13,both,all,NEEDS_MORE_DATA,0,,,,,,,,,,,,,,,,only 0 trades < min 20,mt5
run_20260426_191100,AUD/USD,forex,H4,breakout,ny_breakout,atr_expand_min=0.5|utc_end=16|utc_start=13,both,all,NEEDS_MORE_DATA,0,,,,,,,,,,,,,,,,only 0 trades < min 20,mt5
run_20260426_191100,AUD/USD,forex,H4,mean_reversion,rsi_extreme,overbought=70|oversold=30|period=14,both,all,NEEDS_MORE_DATA,14,,,,,,,,,,,,,,,,only 14 trades < min 20,mt5
run_20260426_191100,AUD/USD,forex,H4,mean_reversion,rsi_extreme,overbought=75|oversold=30|period=14,both,all,NEEDS_MORE_DATA,12,,,,,,,,,,,,,,,,only 12 trades < min 20,mt5
run_20260426_191100,AUD/USD,forex,H4,mean_reversion,rsi_extreme,overbought=70|oversold=25|period=14,both,all,NEEDS_MORE_DATA,10,,,,,,,,,,,,,,,,only 10 trades < min 20,mt5
run_20260426_191100,AUD/USD,forex,H4,mean_reversion,rsi_extreme,overbought=75|oversold=25|period=14,both,all,NEEDS_MORE_DATA,8,,,,,,,,,,,,,,,,only 8 trades < min 20,mt5
run_20260426_191100,AUD/USD,forex,H4,mean_reversion,bollinger_touch,num_std=2.0|period=20,both,all,REJECT,32,0.531250,0.502969,-0.002170,-0.002170,-0.089189,-0.582127,-1.183956,0.032032,17.343750,-0.068785,-0.068785,-0.071756,0.003201,0.292000,,,mt5
run_20260426_191100,AUD/USD,forex,H4,mean_reversion,bollinger_touch,num_std=2.5|period=20,both,all,NEEDS_MORE_DATA,17,,,,,,,,,,,,,,,,only 17 trades < min 20,mt5
run_20260426_191100,AUD/USD,forex,H4,mean_reversion,vwap_deviation,std_threshold=1.5,both,all,NEEDS_MORE_DATA,9,,,,,,,,,,,,,,,,only 9 trades < min 20,mt5
run_20260426_191100,AUD/USD,forex,H4,mean_reversion,vwap_deviation,std_threshold=2.0,both,all,NEEDS_MORE_DATA,8,,,,,,,,,,,,,,,,only 8 trades < min 20,mt5
run_20260426_191100,AUD/USD,forex,H4,volatility,bb_squeeze_breakout,confirm_ema=True|period=20|squeeze_pct=20,both,all,WEAK_CANDIDATE,22,0.545455,1.210146,0.000376,0.000376,-0.022837,0.170200,0.339915,0.022022,9.272727,0.008003,0.008003,0.010330,-0.002304,0.332000,,,mt5
run_20260426_191100,AUD/USD,forex,H4,volatility,bb_squeeze_breakout,confirm_ema=False|period=20|squeeze_pct=20,both,all,WEAK_CANDIDATE,22,0.545455,1.189801,0.000345,0.000345,-0.022985,0.155971,0.311371,0.022022,9.590909,0.007323,0.007323,0.009649,-0.002304,0.332000,,,mt5
run_20260426_191100,AUD/USD,forex,H4,volatility,bb_squeeze_breakout,confirm_ema=True|period=20|squeeze_pct=30,both,all,WEAK_CANDIDATE,21,0.476190,1.546997,0.000952,0.000952,-0.019067,0.351238,0.707806,0.021021,10.809524,0.019787,0.019787,0.005414,0.014295,0.359586,,,mt5
run_20260426_191100,AUD/USD,forex,H4,volatility,bb_squeeze_breakout,confirm_ema=False|period=20|squeeze_pct=30,both,all,WEAK_CANDIDATE,21,0.476190,1.301093,0.000623,0.000623,-0.019067,0.221443,0.443140,0.021021,10.857143,0.012732,0.012732,0.005414,0.007278,0.570087,,,mt5
run_20260426_191100,AUD/USD,forex,H4,volatility,atr_compression,confirm_ema=True|period=14|squeeze_pct=20,both,all,REJECT,24,0.125000,0.445410,-0.002019,-0.002019,-0.055256,-0.667710,-1.380707,0.024024,14.916667,-0.047929,-0.047929,-0.023048,-0.025467,0.512515,,,mt5
run_20260426_191100,AUD/USD,forex,H4,volatility,atr_compression,confirm_ema=False|period=14|squeeze_pct=20,both,all,REJECT,30,0.100000,0.369467,-0.001698,-0.001698,-0.050211,-0.750662,-1.552531,0.030030,9.766667,-0.050211,-0.050211,-0.017437,-0.033355,0.306142,,,mt5
run_20260426_191100,AUD/USD,forex,H4,volatility,atr_compression,confirm_ema=True|period=14|squeeze_pct=30,both,all,REJECT,23,0.130435,0.444128,-0.002156,-0.002156,-0.058253,-0.669927,-1.388064,0.023023,16.304348,-0.049037,-0.049037,-0.021571,-0.028072,0.447590,,,mt5
run_20260426_191100,AUD/USD,forex,H4,volatility,atr_compression,confirm_ema=False|period=14|squeeze_pct=30,both,all,REJECT,29,0.241379,0.527809,-0.001190,-0.001190,-0.040051,-0.509714,-1.033367,0.029029,11.655172,-0.034477,-0.034477,-0.009973,-0.024750,0.274000,,,mt5
run_20260426_191100,AUD/USD,forex,H4,engine_b_proxy,ob_bos,require_engulf=False|require_vol_expand=False|swing_period=5,both,all,NEEDS_MORE_DATA,16,,,,,,,,,,,,,,,,only 16 trades < min 20,mt5
run_20260426_191100,AUD/USD,forex,H4,engine_b_proxy,ob_bos,require_engulf=False|require_vol_expand=True|swing_period=5,both,all,NEEDS_MORE_DATA,13,,,,,,,,,,,,,,,,only 13 trades < min 20,mt5
run_20260426_191100,AUD/USD,forex,H4,engine_b_proxy,ob_bos,require_engulf=True|require_vol_expand=False|swing_period=5,both,all,NEEDS_MORE_DATA,15,,,,,,,,,,,,,,,,only 15 trades < min 20,mt5
run_20260426_191100,AUD/USD,forex,H4,engine_b_proxy,ob_bos,require_engulf=True|require_vol_expand=True|swing_period=5,both,all,NEEDS_MORE_DATA,11,,,,,,,,,,,,,,,,only 11 trades < min 20,mt5
run_20260426_191100,AUD/USD,forex,H4,engine_b_proxy,ob_bos,require_engulf=False|require_vol_expand=False|swing_period=10,both,all,NEEDS_MORE_DATA,11,,,,,,,,,,,,,,,,only 11 trades < min 20,mt5
run_20260426_191100,AUD/USD,forex,H4,engine_b_proxy,ob_bos,require_engulf=False|require_vol_expand=True|swing_period=10,both,all,NEEDS_MORE_DATA,8,,,,,,,,,,,,,,,,only 8 trades < min 20,mt5
run_20260426_191100,AUD/USD,forex,H4,engine_b_proxy,ob_bos,require_engulf=True|require_vol_expand=False|swing_period=10,both,all,NEEDS_MORE_DATA,10,,,,,,,,,,,,,,,,only 10 trades < min 20,mt5
run_20260426_191100,AUD/USD,forex,H4,engine_b_proxy,ob_bos,require_engulf=True|require_vol_expand=True|swing_period=10,both,all,NEEDS_MORE_DATA,7,,,,,,,,,,,,,,,,only 7 trades < min 20,mt5
run_20260426_191100,AUD/USD,forex,H4,engine_b_proxy,structure_filters,fvg_detection=False|strong_close_pct=0.7,both,all,REJECT,328,0.259146,0.411305,-0.001268,-0.001268,-0.355769,-2.910162,-6.007592,0.328328,2.932927,-0.342080,-0.342080,-0.279475,-0.084440,0.490642,,,mt5
run_20260426_191100,AUD/USD,forex,H4,engine_b_proxy,structure_filters,fvg_detection=True|strong_close_pct=0.7,both,all,WEAK_CANDIDATE,29,0.413793,1.511883,0.001173,0.001173,-0.032704,0.425123,0.857220,0.029029,15.965517,0.033767,0.033767,0.048330,-0.013892,0.374000,,,mt5
run_20260426_191100,AUD/USD,forex,H4,engine_b_proxy,structure_filters,fvg_detection=False|strong_close_pct=0.8,both,all,REJECT,218,0.284404,0.552191,-0.001036,-0.001036,-0.238964,-1.571420,-3.186841,0.218218,4.197248,-0.204171,-0.204171,-0.138919,-0.075637,0.563340,,,mt5
run_20260426_191100,AUD/USD,forex,H4,engine_b_proxy,structure_filters,fvg_detection=True|strong_close_pct=0.8,both,all,WEAK_CANDIDATE,26,0.346154,1.141187,0.000372,0.000372,-0.024668,0.131726,0.262743,0.026026,17.000000,0.009037,0.009037,0.034557,-0.024668,0.356000,,,mt5
run_20260426_191100,AUD/USD,forex,H4,engine_d_proxy,vwap_reclaim,atr_sl_mult=0.5|band_std=0.5,both,all,NEEDS_MORE_DATA,14,,,,,,,,,,,,,,,,only 14 trades < min 20,mt5
run_20260426_191100,AUD/USD,forex,H4,engine_d_proxy,vwap_reclaim,atr_sl_mult=1.0|band_std=0.5,both,all,NEEDS_MORE_DATA,14,,,,,,,,,,,,,,,,only 14 trades < min 20,mt5
run_20260426_191100,AUD/USD,forex,H4,engine_d_proxy,vwap_reclaim,atr_sl_mult=0.5|band_std=1.0,both,all,NEEDS_MORE_DATA,8,,,,,,,,,,,,,,,,only 8 trades < min 20,mt5
run_20260426_191100,AUD/USD,forex,H4,engine_d_proxy,vwap_reclaim,atr_sl_mult=1.0|band_std=1.0,both,all,NEEDS_MORE_DATA,8,,,,,,,,,,,,,,,,only 8 trades < min 20,mt5
run_20260426_191100,AUD/USD,forex,H4,engine_d_proxy,micro_breakout,atr_sl_mult=0.5|fee_guard_r=0.5|range_bars=3,both,all,REJECT,87,0.310345,0.758788,-0.000748,-0.000748,-0.080146,-0.428258,-0.856388,0.087087,11.333333,-0.065692,-0.065692,0.009022,-0.072816,0.400000,,,mt5
run_20260426_191100,AUD/USD,forex,H4,engine_d_proxy,micro_breakout,atr_sl_mult=1.0|fee_guard_r=0.5|range_bars=3,both,all,REJECT,87,0.310345,0.758788,-0.000748,-0.000748,-0.080146,-0.428258,-0.856388,0.087087,11.333333,-0.065692,-0.065692,0.009022,-0.072816,0.400000,,,mt5
run_20260426_191100,AUD/USD,forex,H4,engine_d_proxy,micro_breakout,atr_sl_mult=0.5|fee_guard_r=0.5|range_bars=6,both,all,WEAK_CANDIDATE,43,0.441860,1.920899,0.002323,0.002323,-0.030675,0.741720,1.514799,0.043043,22.395349,0.102570,0.102570,0.108800,-0.011299,0.458000,,,mt5
run_20260426_191100,AUD/USD,forex,H4,engine_d_proxy,micro_breakout,atr_sl_mult=1.0|fee_guard_r=0.5|range_bars=6,both,all,WEAK_CANDIDATE,43,0.441860,1.920899,0.002323,0.002323,-0.030675,0.741720,1.514799,0.043043,22.395349,0.102570,0.102570,0.108800,-0.011299,0.458000,,,mt5
run_20260426_191100,AUD/USD,forex,H4,engine_d_proxy,ema_scalp_pullback,atr_sl_mult=0.5|ema_period=21,both,all,REJECT,129,0.162791,0.600576,-0.000999,-0.000999,-0.142285,-0.904296,-1.821463,0.129129,7.728682,-0.123101,-0.123101,-0.047139,-0.078496,0.500441,,,mt5
run_20260426_191100,AUD/USD,forex,H4,engine_d_proxy,ema_scalp_pullback,atr_sl_mult=1.0|ema_period=21,both,all,REJECT,129,0.162791,0.600576,-0.000999,-0.000999,-0.142285,-0.904296,-1.821463,0.129129,7.728682,-0.123101,-0.123101,-0.047139,-0.078496,0.500441,,,mt5
run_20260426_191100,USD/JPY,forex,H4,trend_momentum,ema_cross,adx_min=0|fast_period=10|rsi_confirm=False|slow_period=50,both,all,REJECT,34,0.147059,0.311672,-0.003009,-0.003009,-0.098160,-1.145647,-2.472431,0.034034,28.794118,-0.098160,-0.098160,-0.044977,-0.056597,0.526496,,,mt5
run_20260426_191100,USD/JPY,forex,H4,trend_momentum,ema_cross,adx_min=0|fast_period=10|rsi_confirm=True|slow_period=50,both,all,REJECT,31,0.129032,0.331140,-0.003029,-0.003029,-0.090522,-1.063277,-2.284311,0.031031,25.870968,-0.090522,-0.090522,-0.036889,-0.056597,0.425723,,,mt5
run_20260426_191100,USD/JPY,forex,H4,trend_momentum,ema_cross,adx_min=20|fast_period=10|rsi_confirm=False|slow_period=50,both,all,REJECT,34,0.147059,0.311672,-0.003009,-0.003009,-0.098160,-1.145647,-2.472431,0.034034,28.794118,-0.098160,-0.098160,-0.044977,-0.056597,0.526496,,,mt5
run_20260426_191100,USD/JPY,forex,H4,trend_momentum,ema_cross,adx_min=20|fast_period=10|rsi_confirm=True|slow_period=50,both,all,REJECT,31,0.129032,0.331140,-0.003029,-0.003029,-0.090522,-1.063277,-2.284311,0.031031,25.870968,-0.090522,-0.090522,-0.036889,-0.056597,0.425723,,,mt5
run_20260426_191100,USD/JPY,forex,H4,trend_momentum,ema_cross,adx_min=25|fast_period=10|rsi_confirm=False|slow_period=50,both,all,REJECT,32,0.156250,0.338258,-0.002832,-0.002832,-0.087528,-1.033921,-2.206014,0.032032,29.406250,-0.087528,-0.087528,-0.041250,-0.049186,0.534283,,,mt5
run_20260426_191100,USD/JPY,forex,H4,trend_momentum,ema_cross,adx_min=25|fast_period=10|rsi_confirm=True|slow_period=50,both,all,REJECT,29,0.137931,0.361196,-0.002835,-0.002835,-0.079800,-0.948962,-2.014747,0.029029,26.344828,-0.079800,-0.079800,-0.033130,-0.049186,0.428608,,,mt5
run_20260426_191100,USD/JPY,forex,H4,trend_momentum,ema_cross,adx_min=0|fast_period=10|rsi_confirm=False|slow_period=100,both,all,REJECT,20,0.100000,0.446464,-0.003132,-0.003132,-0.061830,-0.646080,-1.342662,0.020020,48.950000,-0.061830,-0.061830,-0.038531,-0.023973,0.406648,,,mt5
run_20260426_191100,USD/JPY,forex,H4,trend_momentum,ema_cross,adx_min=0|fast_period=10|rsi_confirm=True|slow_period=100,both,all,NEEDS_MORE_DATA,18,,,,,,,,,,,,,,,,only 18 trades < min 20,mt5
run_20260426_191100,USD/JPY,forex,H4,trend_momentum,ema_cross,adx_min=20|fast_period=10|rsi_confirm=False|slow_period=100,both,all,REJECT,20,0.100000,0.446464,-0.003132,-0.003132,-0.061830,-0.646080,-1.342662,0.020020,48.950000,-0.061830,-0.061830,-0.038531,-0.023973,0.406648,,,mt5
run_20260426_191100,USD/JPY,forex,H4,trend_momentum,ema_cross,adx_min=20|fast_period=10|rsi_confirm=True|slow_period=100,both,all,NEEDS_MORE_DATA,18,,,,,,,,,,,,,,,,only 18 trades < min 20,mt5
run_20260426_191100,USD/JPY,forex,H4,trend_momentum,ema_cross,adx_min=25|fast_period=10|rsi_confirm=False|slow_period=100,both,all,REJECT,20,0.100000,0.446464,-0.003132,-0.003132,-0.061830,-0.646080,-1.342662,0.020020,48.950000,-0.061830,-0.061830,-0.038531,-0.023973,0.406648,,,mt5
run_20260426_191100,USD/JPY,forex,H4,trend_momentum,ema_cross,adx_min=25|fast_period=10|rsi_confirm=True|slow_period=100,both,all,NEEDS_MORE_DATA,18,,,,,,,,,,,,,,,,only 18 trades < min 20,mt5
run_20260426_191100,USD/JPY,forex,H4,trend_momentum,ema_cross,adx_min=0|fast_period=10|rsi_confirm=False|slow_period=200,both,all,NEEDS_MORE_DATA,8,,,,,,,,,,,,,,,,only 8 trades < min 20,mt5
run_20260426_191100,USD/JPY,forex,H4,trend_momentum,ema_cross,adx_min=0|fast_period=10|rsi_confirm=True|slow_period=200,both,all,NEEDS_MORE_DATA,6,,,,,,,,,,,,,,,,only 6 trades < min 20,mt5
run_20260426_191100,USD/JPY,forex,H4,trend_momentum,ema_cross,adx_min=20|fast_period=10|rsi_confirm=False|slow_period=200,both,all,NEEDS_MORE_DATA,7,,,,,,,,,,,,,,,,only 7 trades < min 20,mt5
run_20260426_191100,USD/JPY,forex,H4,trend_momentum,ema_cross,adx_min=20|fast_period=10|rsi_confirm=True|slow_period=200,both,all,NEEDS_MORE_DATA,5,,,,,,,,,,,,,,,,only 5 trades < min 20,mt5
run_20260426_191100,USD/JPY,forex,H4,trend_momentum,ema_cross,adx_min=25|fast_period=10|rsi_confirm=False|slow_period=200,both,all,NEEDS_MORE_DATA,7,,,,,,,,,,,,,,,,only 7 trades < min 20,mt5
run_20260426_191100,USD/JPY,forex,H4,trend_momentum,ema_cross,adx_min=25|fast_period=10|rsi_confirm=True|slow_period=200,both,all,NEEDS_MORE_DATA,5,,,,,,,,,,,,,,,,only 5 trades < min 20,mt5
run_20260426_191100,USD/JPY,forex,H4,trend_momentum,ema_cross,adx_min=0|fast_period=20|rsi_confirm=False|slow_period=50,both,all,REJECT,20,0.100000,0.264863,-0.005591,-0.005591,-0.106948,-1.108991,-2.532643,0.020020,49.050000,-0.106948,-0.106948,-0.088267,-0.015236,0.271782,,,mt5
run_20260426_191100,USD/JPY,forex,H4,trend_momentum,ema_cross,adx_min=0|fast_period=20|rsi_confirm=True|slow_period=50,both,all,NEEDS_MORE_DATA,18,,,,,,,,,,,,,,,,only 18 trades < min 20,mt5
run_20260426_191100,USD/JPY,forex,H4,trend_momentum,ema_cross,adx_min=20|fast_period=20|rsi_confirm=False|slow_period=50,both,all,REJECT,20,0.100000,0.264863,-0.005591,-0.005591,-0.106948,-1.108991,-2.532643,0.020020,49.050000,-0.106948,-0.106948,-0.088267,-0.015236,0.271782,,,mt5
run_20260426_191100,USD/JPY,forex,H4,trend_momentum,ema_cross,adx_min=20|fast_period=20|rsi_confirm=True|slow_period=50,both,all,NEEDS_MORE_DATA,18,,,,,,,,,,,,,,,,only 18 trades < min 20,mt5
run_20260426_191100,USD/JPY,forex,H4,trend_momentum,ema_cross,adx_min=25|fast_period=20|rsi_confirm=False|slow_period=50,both,all,REJECT,20,0.100000,0.264863,-0.005591,-0.005591,-0.106948,-1.108991,-2.532643,0.020020,49.050000,-0.106948,-0.106948,-0.088267,-0.015236,0.271782,,,mt5
run_20260426_191100,USD/JPY,forex,H4,trend_momentum,ema_cross,adx_min=25|fast_period=20|rsi_confirm=True|slow_period=50,both,all,NEEDS_MORE_DATA,18,,,,,,,,,,,,,,,,only 18 trades < min 20,mt5
run_20260426_191100,USD/JPY,forex,H4,trend_momentum,ema_cross,adx_min=0|fast_period=20|rsi_confirm=False|slow_period=100,both,all,REJECT,20,0.150000,0.333687,-0.004735,-0.004735,-0.091649,-0.891135,-1.930471,0.020020,49.000000,-0.091649,-0.091649,-0.067977,-0.014793,0.285284,,,mt5
run_20260426_191100,USD/JPY,forex,H4,trend_momentum,ema_cross,adx_min=0|fast_period=20|rsi_confirm=True|slow_period=100,both,all,NEEDS_MORE_DATA,18,,,,,,,,,,,,,,,,only 18 trades < min 20,mt5
run_20260426_191100,USD/JPY,forex,H4,trend_momentum,ema_cross,adx_min=20|fast_period=20|rsi_confirm=False|slow_period=100,both,all,REJECT,20,0.150000,0.333687,-0.004735,-0.004735,-0.091649,-0.891135,-1.930471,0.020020,49.000000,-0.091649,-0.091649,-0.067977,-0.014793,0.285284,,,mt5
run_20260426_191100,USD/JPY,forex,H4,trend_momentum,ema_cross,adx_min=20|fast_period=20|rsi_confirm=True|slow_period=100,both,all,NEEDS_MORE_DATA,18,,,,,,,,,,,,,,,,only 18 trades < min 20,mt5
run_20260426_191100,USD/JPY,forex,H4,trend_momentum,ema_cross,adx_min=25|fast_period=20|rsi_confirm=False|slow_period=100,both,all,NEEDS_MORE_DATA,18,,,,,,,,,,,,,,,,only 18 trades < min 20,mt5
run_20260426_191100,USD/JPY,forex,H4,trend_momentum,ema_cross,adx_min=25|fast_period=20|rsi_confirm=True|slow_period=100,both,all,NEEDS_MORE_DATA,16,,,,,,,,,,,,,,,,only 16 trades < min 20,mt5
run_20260426_191100,USD/JPY,forex,H4,trend_momentum,ema_cross,adx_min=0|fast_period=20|rsi_confirm=False|slow_period=200,both,all,NEEDS_MORE_DATA,8,,,,,,,,,,,,,,,,only 8 trades < min 20,mt5
run_20260426_191100,USD/JPY,forex,H4,trend_momentum,ema_cross,adx_min=0|fast_period=20|rsi_confirm=True|slow_period=200,both,all,NEEDS_MORE_DATA,6,,,,,,,,,,,,,,,,only 6 trades < min 20,mt5
run_20260426_191100,USD/JPY,forex,H4,trend_momentum,ema_cross,adx_min=20|fast_period=20|rsi_confirm=False|slow_period=200,both,all,NEEDS_MORE_DATA,8,,,,,,,,,,,,,,,,only 8 trades < min 20,mt5
run_20260426_191100,USD/JPY,forex,H4,trend_momentum,ema_cross,adx_min=20|fast_period=20|rsi_confirm=True|slow_period=200,both,all,NEEDS_MORE_DATA,6,,,,,,,,,,,,,,,,only 6 trades < min 20,mt5
run_20260426_191100,USD/JPY,forex,H4,trend_momentum,ema_cross,adx_min=25|fast_period=20|rsi_confirm=False|slow_period=200,both,all,NEEDS_MORE_DATA,7,,,,,,,,,,,,,,,,only 7 trades < min 20,mt5
run_20260426_191100,USD/JPY,forex,H4,trend_momentum,ema_cross,adx_min=25|fast_period=20|rsi_confirm=True|slow_period=200,both,all,NEEDS_MORE_DATA,5,,,,,,,,,,,,,,,,only 5 trades < min 20,mt5
run_20260426_191100,USD/JPY,forex,H4,trend_momentum,ema_alignment,adx_min=0|ema_long=200|ema_mid=50|ema_short=20,both,all,NEEDS_MORE_DATA,13,,,,,,,,,,,,,,,,only 13 trades < min 20,mt5
run_20260426_191100,USD/JPY,forex,H4,trend_momentum,ema_alignment,adx_min=20|ema_long=200|ema_mid=50|ema_short=20,both,all,NEEDS_MORE_DATA,13,,,,,,,,,,,,,,,,only 13 trades < min 20,mt5
run_20260426_191100,USD/JPY,forex,H4,trend_momentum,ema_alignment,adx_min=25|ema_long=200|ema_mid=50|ema_short=20,both,all,NEEDS_MORE_DATA,13,,,,,,,,,,,,,,,,only 13 trades < min 20,mt5
run_20260426_191100,USD/JPY,forex,H4,trend_momentum,macd_direction,adx_min=0|fast=12|signal_period=9|slow=26,both,all,WEAK_CANDIDATE,67,0.402985,1.282151,0.000692,0.000692,-0.091616,0.336714,0.672861,0.067067,14.880597,0.044980,0.044980,0.142847,-0.090019,0.500000,,,mt5
run_20260426_191100,USD/JPY,forex,H4,trend_momentum,macd_direction,adx_min=20|fast=12|signal_period=9|slow=26,both,all,WEAK_CANDIDATE,64,0.390625,1.199916,0.000511,0.000511,-0.091616,0.240375,0.479643,0.064064,14.734375,0.030848,0.030848,0.127392,-0.090019,0.500000,,,mt5
run_20260426_191100,USD/JPY,forex,H4,pullback,pullback_ema,pullback_period=20|rsi_reclaim=False|rsi_threshold=50|trend_period=200,both,all,REJECT,69,0.217391,0.522869,-0.001028,-0.001028,-0.070733,-0.956561,-1.953979,0.069069,7.463768,-0.069104,-0.069104,-0.047411,-0.036577,0.631450,,,mt5
run_20260426_191100,USD/JPY,forex,H4,pullback,pullback_ema,pullback_period=20|rsi_reclaim=True|rsi_threshold=50|trend_period=200,both,all,REJECT,56,0.232143,0.615876,-0.000829,-0.000829,-0.047639,-0.648899,-1.311235,0.056056,7.892857,-0.045970,-0.045970,-0.024546,-0.035778,0.562719,,,mt5
run_20260426_191100,USD/JPY,forex,H4,pullback,pullback_ema,pullback_period=50|rsi_reclaim=False|rsi_threshold=50|trend_period=200,both,all,REJECT,54,0.185185,0.436569,-0.001342,-0.001342,-0.070403,-1.095374,-2.279156,0.054054,9.851852,-0.070403,-0.070403,-0.053910,-0.029010,0.561435,,,mt5
run_20260426_191100,USD/JPY,forex,H4,pullback,pullback_ema,pullback_period=50|rsi_reclaim=True|rsi_threshold=50|trend_period=200,both,all,REJECT,26,0.192308,0.610469,-0.000794,-0.000794,-0.025552,-0.488030,-0.989860,0.026026,11.807692,-0.020647,-0.020647,-0.006807,-0.025552,0.256000,,,mt5
run_20260426_191100,USD/JPY,forex,H4,breakout,prev_day_hl,atr_expand_min=0.0,both,all,REJECT,63,0.380952,1.000147,0.000000,0.000000,-0.056915,0.000215,0.000429,0.063063,15.396825,-0.001647,-0.001647,0.053686,-0.045995,0.400000,,,mt5
run_20260426_191100,USD/JPY,forex,H4,breakout,prev_day_hl,atr_expand_min=0.5,both,all,WEAK_CANDIDATE,61,0.393443,1.045196,0.000120,0.000120,-0.050426,0.063896,0.127299,0.061061,15.672131,0.005713,0.005713,0.054200,-0.045995,0.500000,,,mt5
run_20260426_191100,USD/JPY,forex,H4,breakout,prev_day_hl,atr_expand_min=1.0,both,all,REJECT,48,0.312500,0.806203,-0.000605,-0.000605,-0.047845,-0.301027,-0.601811,0.048048,15.812500,-0.029747,-0.029747,0.013715,-0.042874,0.388000,,,mt5
run_20260426_191100,USD/JPY,forex,H4,breakout,session_opening_range,atr_expand_min=0.0|range_bars=6,both,all,REJECT,59,0.355932,0.980907,-0.000052,-0.000052,-0.038461,-0.027406,-0.054595,0.059059,16.254237,-0.004634,-0.004634,0.018468,-0.041044,0.400000,,,mt5
run_20260426_191100,USD/JPY,forex,H4,breakout,session_opening_range,atr_expand_min=0.5|range_bars=6,both,all,REJECT,59,0.355932,0.980907,-0.000052,-0.000052,-0.038461,-0.027406,-0.054595,0.059059,16.254237,-0.004634,-0.004634,0.018468,-0.041044,0.400000,,,mt5
run_20260426_191100,USD/JPY,forex,H4,breakout,session_opening_range,atr_expand_min=0.0|range_bars=12,both,all,REJECT,37,0.378378,0.493441,-0.002091,-0.002091,-0.075402,-0.855337,-1.772137,0.037037,25.972973,-0.075402,-0.075402,-0.023924,-0.063531,0.322000,,,mt5
run_20260426_191100,USD/JPY,forex,H4,breakout,session_opening_range,atr_expand_min=0.5|range_bars=12,both,all,REJECT,37,0.378378,0.486371,-0.002151,-0.002151,-0.077465,-0.874426,-1.815037,0.037037,25.864865,-0.077465,-0.077465,-0.023924,-0.065620,0.322000,,,mt5
run_20260426_191100,USD/JPY,forex,H4,breakout,london_breakout,atr_expand_min=0.0|utc_end=11|utc_start=7,both,all,NEEDS_MORE_DATA,18,,,,,,,,,,,,,,,,only 18 trades < min 20,mt5
run_20260426_191100,USD/JPY,forex,H4,breakout,london_breakout,atr_expand_min=0.5|utc_end=11|utc_start=7,both,all,NEEDS_MORE_DATA,17,,,,,,,,,,,,,,,,only 17 trades < min 20,mt5
run_20260426_191100,USD/JPY,forex,H4,breakout,ny_breakout,atr_expand_min=0.0|utc_end=16|utc_start=13,both,all,NEEDS_MORE_DATA,0,,,,,,,,,,,,,,,,only 0 trades < min 20,mt5
run_20260426_191100,USD/JPY,forex,H4,breakout,ny_breakout,atr_expand_min=0.5|utc_end=16|utc_start=13,both,all,NEEDS_MORE_DATA,0,,,,,,,,,,,,,,,,only 0 trades < min 20,mt5
run_20260426_191100,USD/JPY,forex,H4,mean_reversion,rsi_extreme,overbought=70|oversold=30|period=14,both,all,NEEDS_MORE_DATA,19,,,,,,,,,,,,,,,,only 19 trades < min 20,mt5
run_20260426_191100,USD/JPY,forex,H4,mean_reversion,rsi_extreme,overbought=75|oversold=30|period=14,both,all,NEEDS_MORE_DATA,12,,,,,,,,,,,,,,,,only 12 trades < min 20,mt5
run_20260426_191100,USD/JPY,forex,H4,mean_reversion,rsi_extreme,overbought=70|oversold=25|period=14,both,all,NEEDS_MORE_DATA,16,,,,,,,,,,,,,,,,only 16 trades < min 20,mt5
run_20260426_191100,USD/JPY,forex,H4,mean_reversion,rsi_extreme,overbought=75|oversold=25|period=14,both,all,NEEDS_MORE_DATA,9,,,,,,,,,,,,,,,,only 9 trades < min 20,mt5
run_20260426_191100,USD/JPY,forex,H4,mean_reversion,bollinger_touch,num_std=2.0|period=20,both,all,REJECT,35,0.600000,0.734827,-0.000784,-0.000784,-0.065751,-0.334328,-0.670107,0.035035,12.885714,-0.027916,-0.027916,-0.033754,0.024817,0.310000,,,mt5
run_20260426_191100,USD/JPY,forex,H4,mean_reversion,bollinger_touch,num_std=2.5|period=20,both,all,REJECT,23,0.695652,0.968479,-0.000089,-0.000089,-0.038370,-0.029164,-0.058101,0.023023,13.000000,-0.002678,-0.002678,-0.009673,0.025857,0.238000,,,mt5
run_20260426_191100,USD/JPY,forex,H4,mean_reversion,vwap_deviation,std_threshold=1.5,both,all,NEEDS_MORE_DATA,8,,,,,,,,,,,,,,,,only 8 trades < min 20,mt5
run_20260426_191100,USD/JPY,forex,H4,mean_reversion,vwap_deviation,std_threshold=2.0,both,all,NEEDS_MORE_DATA,6,,,,,,,,,,,,,,,,only 6 trades < min 20,mt5
run_20260426_191100,USD/JPY,forex,H4,volatility,bb_squeeze_breakout,confirm_ema=True|period=20|squeeze_pct=20,both,all,REJECT,28,0.321429,0.702869,-0.000676,-0.000676,-0.028235,-0.368513,-0.741060,0.028028,8.214286,-0.019089,-0.019089,0.009411,-0.028235,0.268000,,,mt5
run_20260426_191100,USD/JPY,forex,H4,volatility,bb_squeeze_breakout,confirm_ema=False|period=20|squeeze_pct=20,both,all,REJECT,27,0.370370,0.764906,-0.000572,-0.000572,-0.028235,-0.291657,-0.584561,0.027027,9.037037,-0.015667,-0.015667,0.012933,-0.028235,0.262000,,,mt5
run_20260426_191100,USD/JPY,forex,H4,volatility,bb_squeeze_breakout,confirm_ema=True|period=20|squeeze_pct=30,both,all,REJECT,24,0.416667,0.710000,-0.000704,-0.000704,-0.036361,-0.345971,-0.695945,0.024024,8.708333,-0.017059,-0.017059,0.020031,-0.036361,0.244000,,,mt5
run_20260426_191100,USD/JPY,forex,H4,volatility,bb_squeeze_breakout,confirm_ema=False|period=20|squeeze_pct=30,both,all,REJECT,25,0.440000,0.736639,-0.000614,-0.000614,-0.036361,-0.313550,-0.629413,0.025025,9.240000,-0.015532,-0.015532,0.020031,-0.034865,0.250000,,,mt5
run_20260426_191100,USD/JPY,forex,H4,volatility,atr_compression,confirm_ema=True|period=14|squeeze_pct=20,both,all,REJECT,24,0.208333,0.333944,-0.002550,-0.002550,-0.059810,-1.009898,-2.201028,0.024024,15.375000,-0.059810,-0.059810,-0.039430,-0.021216,0.405421,,,mt5
run_20260426_191100,USD/JPY,forex,H4,volatility,atr_compression,confirm_ema=False|period=14|squeeze_pct=20,both,all,REJECT,28,0.142857,0.108967,-0.003435,-0.003435,-0.092044,-1.781382,-4.729908,0.028028,11.035714,-0.092044,-0.092044,-0.066887,-0.026960,0.388921,,,mt5
run_20260426_191100,USD/JPY,forex,H4,volatility,atr_compression,confirm_ema=True|period=14|squeeze_pct=30,both,all,REJECT,22,0.136364,0.304925,-0.002817,-0.002817,-0.062013,-1.039748,-2.302367,0.022022,16.772727,-0.060522,-0.060522,-0.032812,-0.028650,0.493948,,,mt5
run_20260426_191100,USD/JPY,forex,H4,volatility,atr_compression,confirm_ema=False|period=14|squeeze_pct=30,both,all,REJECT,26,0.076923,0.101359,-0.003524,-0.003524,-0.087870,-1.726592,-4.609160,0.026026,11.692308,-0.087870,-0.087870,-0.056414,-0.033336,0.433277,,,mt5
run_20260426_191100,USD/JPY,forex,H4,engine_b_proxy,ob_bos,require_engulf=False|require_vol_expand=False|swing_period=5,both,all,REJECT,24,0.291667,0.440905,-0.003424,-0.003424,-0.079978,-0.851679,-1.805544,0.024024,36.625000,-0.079978,-0.079978,-0.036669,-0.044444,0.480392,,,mt5
run_20260426_191100,USD/JPY,forex,H4,engine_b_proxy,ob_bos,require_engulf=False|require_vol_expand=True|swing_period=5,both,all,NEEDS_MORE_DATA,16,,,,,,,,,,,,,,,,only 16 trades < min 20,mt5
run_20260426_191100,USD/JPY,forex,H4,engine_b_proxy,ob_bos,require_engulf=True|require_vol_expand=False|swing_period=5,both,all,REJECT,22,0.272727,0.443802,-0.003649,-0.003649,-0.078220,-0.833688,-1.772990,0.022022,37.000000,-0.078220,-0.078220,-0.044240,-0.035034,0.469575,,,mt5
run_20260426_191100,USD/JPY,forex,H4,engine_b_proxy,ob_bos,require_engulf=True|require_vol_expand=True|swing_period=5,both,all,NEEDS_MORE_DATA,15,,,,,,,,,,,,,,,,only 15 trades < min 20,mt5
run_20260426_191100,USD/JPY,forex,H4,engine_b_proxy,ob_bos,require_engulf=False|require_vol_expand=False|swing_period=10,both,all,NEEDS_MORE_DATA,10,,,,,,,,,,,,,,,,only 10 trades < min 20,mt5
run_20260426_191100,USD/JPY,forex,H4,engine_b_proxy,ob_bos,require_engulf=False|require_vol_expand=True|swing_period=10,both,all,NEEDS_MORE_DATA,9,,,,,,,,,,,,,,,,only 9 trades < min 20,mt5
run_20260426_191100,USD/JPY,forex,H4,engine_b_proxy,ob_bos,require_engulf=True|require_vol_expand=False|swing_period=10,both,all,NEEDS_MORE_DATA,10,,,,,,,,,,,,,,,,only 10 trades < min 20,mt5
run_20260426_191100,USD/JPY,forex,H4,engine_b_proxy,ob_bos,require_engulf=True|require_vol_expand=True|swing_period=10,both,all,NEEDS_MORE_DATA,9,,,,,,,,,,,,,,,,only 9 trades < min 20,mt5
run_20260426_191100,USD/JPY,forex,H4,engine_b_proxy,structure_filters,fvg_detection=False|strong_close_pct=0.7,both,all,REJECT,299,0.270903,0.470010,-0.000947,-0.000947,-0.247970,-2.410140,-4.936294,0.299299,3.170569,-0.247970,-0.247970,-0.222681,-0.032756,0.444130,,,mt5
run_20260426_191100,USD/JPY,forex,H4,engine_b_proxy,structure_filters,fvg_detection=True|strong_close_pct=0.7,both,all,REJECT,44,0.227273,0.606710,-0.001086,-0.001086,-0.066293,-0.652044,-1.323385,0.044044,10.818182,-0.047298,-0.047298,-0.005667,-0.048242,0.364000,,,mt5
run_20260426_191100,USD/JPY,forex,H4,engine_b_proxy,structure_filters,fvg_detection=False|strong_close_pct=0.8,both,all,REJECT,205,0.273171,0.527388,-0.000937,-0.000937,-0.176321,-1.610071,-3.273278,0.205205,4.346341,-0.176321,-0.176321,-0.147875,-0.032721,0.466383,,,mt5
run_20260426_191100,USD/JPY,forex,H4,engine_b_proxy,structure_filters,fvg_detection=True|strong_close_pct=0.8,both,all,REJECT,32,0.281250,0.824508,-0.000475,-0.000475,-0.047053,-0.228302,-0.456218,0.032032,12.500000,-0.015638,-0.015638,0.025890,-0.046863,0.292000,,,mt5
run_20260426_191100,USD/JPY,forex,H4,engine_d_proxy,vwap_reclaim,atr_sl_mult=0.5|band_std=0.5,both,all,NEEDS_MORE_DATA,7,,,,,,,,,,,,,,,,only 7 trades < min 20,mt5
run_20260426_191100,USD/JPY,forex,H4,engine_d_proxy,vwap_reclaim,atr_sl_mult=1.0|band_std=0.5,both,all,NEEDS_MORE_DATA,7,,,,,,,,,,,,,,,,only 7 trades < min 20,mt5
run_20260426_191100,USD/JPY,forex,H4,engine_d_proxy,vwap_reclaim,atr_sl_mult=0.5|band_std=1.0,both,all,NEEDS_MORE_DATA,7,,,,,,,,,,,,,,,,only 7 trades < min 20,mt5
run_20260426_191100,USD/JPY,forex,H4,engine_d_proxy,vwap_reclaim,atr_sl_mult=1.0|band_std=1.0,both,all,NEEDS_MORE_DATA,7,,,,,,,,,,,,,,,,only 7 trades < min 20,mt5
run_20260426_191100,USD/JPY,forex,H4,engine_d_proxy,micro_breakout,atr_sl_mult=0.5|fee_guard_r=0.5|range_bars=3,both,all,WEAK_CANDIDATE,92,0.391304,1.020137,0.000049,0.000049,-0.057182,0.035224,0.070171,0.092092,10.750000,0.002467,0.002467,0.044704,-0.034422,0.500000,,,mt5
run_20260426_191100,USD/JPY,forex,H4,engine_d_proxy,micro_breakout,atr_sl_mult=1.0|fee_guard_r=0.5|range_bars=3,both,all,WEAK_CANDIDATE,92,0.391304,1.020137,0.000049,0.000049,-0.057182,0.035224,0.070171,0.092092,10.750000,0.002467,0.002467,0.044704,-0.034422,0.500000,,,mt5
run_20260426_191100,USD/JPY,forex,H4,engine_d_proxy,micro_breakout,atr_sl_mult=0.5|fee_guard_r=0.5|range_bars=6,both,all,REJECT,59,0.355932,0.980907,-0.000052,-0.000052,-0.038461,-0.027406,-0.054595,0.059059,16.254237,-0.004634,-0.004634,0.018468,-0.041044,0.400000,,,mt5
run_20260426_191100,USD/JPY,forex,H4,engine_d_proxy,micro_breakout,atr_sl_mult=1.0|fee_guard_r=0.5|range_bars=6,both,all,REJECT,59,0.355932,0.980907,-0.000052,-0.000052,-0.038461,-0.027406,-0.054595,0.059059,16.254237,-0.004634,-0.004634,0.018468,-0.041044,0.400000,,,mt5
run_20260426_191100,USD/JPY,forex,H4,engine_d_proxy,ema_scalp_pullback,atr_sl_mult=0.5|ema_period=21,both,all,REJECT,132,0.212121,0.550799,-0.000964,-0.000964,-0.122107,-1.174997,-2.383981,0.132132,7.340909,-0.120744,-0.120744,-0.055119,-0.082236,0.552408,,,mt5
run_20260426_191100,USD/JPY,forex,H4,engine_d_proxy,ema_scalp_pullback,atr_sl_mult=1.0|ema_period=21,both,all,REJECT,132,0.212121,0.550799,-0.000964,-0.000964,-0.122107,-1.174997,-2.383981,0.132132,7.340909,-0.120744,-0.120744,-0.055119,-0.082236,0.552408,,,mt5
run_20260426_191100,US500,index,H4,trend_momentum,ema_cross,adx_min=0|fast_period=10|rsi_confirm=False|slow_period=50,both,all,REJECT,29,0.137931,0.256840,-0.007020,-0.007020,-0.198955,-1.299226,-2.938531,0.029029,31.103448,-0.186728,-0.186728,-0.149595,-0.032894,0.339967,,,mt5
run_20260426_191100,US500,index,H4,trend_momentum,ema_cross,adx_min=0|fast_period=10|rsi_confirm=True|slow_period=50,both,all,REJECT,29,0.137931,0.256840,-0.007020,-0.007020,-0.198955,-1.299226,-2.938531,0.029029,31.103448,-0.186728,-0.186728,-0.149595,-0.032894,0.339967,,,mt5
run_20260426_191100,US500,index,H4,trend_momentum,ema_cross,adx_min=20|fast_period=10|rsi_confirm=False|slow_period=50,both,all,REJECT,29,0.137931,0.256840,-0.007020,-0.007020,-0.198955,-1.299226,-2.938531,0.029029,31.103448,-0.186728,-0.186728,-0.149595,-0.032894,0.339967,,,mt5
run_20260426_191100,US500,index,H4,trend_momentum,ema_cross,adx_min=20|fast_period=10|rsi_confirm=True|slow_period=50,both,all,REJECT,29,0.137931,0.256840,-0.007020,-0.007020,-0.198955,-1.299226,-2.938531,0.029029,31.103448,-0.186728,-0.186728,-0.149595,-0.032894,0.339967,,,mt5
run_20260426_191100,US500,index,H4,trend_momentum,ema_cross,adx_min=25|fast_period=10|rsi_confirm=False|slow_period=50,both,all,REJECT,23,0.130435,0.278271,-0.007274,-0.007274,-0.169360,-1.101863,-2.461208,0.023023,35.130435,-0.156526,-0.156526,-0.154530,0.008673,0.238000,,,mt5
run_20260426_191100,US500,index,H4,trend_momentum,ema_cross,adx_min=25|fast_period=10|rsi_confirm=True|slow_period=50,both,all,REJECT,23,0.130435,0.278271,-0.007274,-0.007274,-0.169360,-1.101863,-2.461208,0.023023,35.130435,-0.156526,-0.156526,-0.154530,0.008673,0.238000,,,mt5
run_20260426_191100,US500,index,H4,trend_momentum,ema_cross,adx_min=0|fast_period=10|rsi_confirm=False|slow_period=100,both,all,REJECT,21,0.142857,0.252373,-0.007799,-0.007799,-0.190468,-1.190521,-2.761003,0.021021,43.523810,-0.153111,-0.153111,-0.164085,0.025449,0.226000,,,mt5
run_20260426_191100,US500,index,H4,trend_momentum,ema_cross,adx_min=0|fast_period=10|rsi_confirm=True|slow_period=100,both,all,REJECT,21,0.142857,0.252373,-0.007799,-0.007799,-0.190468,-1.190521,-2.761003,0.021021,43.523810,-0.153111,-0.153111,-0.164085,0.025449,0.226000,,,mt5
run_20260426_191100,US500,index,H4,trend_momentum,ema_cross,adx_min=20|fast_period=10|rsi_confirm=False|slow_period=100,both,all,REJECT,21,0.142857,0.252373,-0.007799,-0.007799,-0.190468,-1.190521,-2.761003,0.021021,43.523810,-0.153111,-0.153111,-0.164085,0.025449,0.226000,,,mt5
run_20260426_191100,US500,index,H4,trend_momentum,ema_cross,adx_min=20|fast_period=10|rsi_confirm=True|slow_period=100,both,all,REJECT,21,0.142857,0.252373,-0.007799,-0.007799,-0.190468,-1.190521,-2.761003,0.021021,43.523810,-0.153111,-0.153111,-0.164085,0.025449,0.226000,,,mt5
run_20260426_191100,US500,index,H4,trend_momentum,ema_cross,adx_min=25|fast_period=10|rsi_confirm=False|slow_period=100,both,all,NEEDS_MORE_DATA,18,,,,,,,,,,,,,,,,only 18 trades < min 20,mt5
run_20260426_191100,US500,index,H4,trend_momentum,ema_cross,adx_min=25|fast_period=10|rsi_confirm=True|slow_period=100,both,all,NEEDS_MORE_DATA,18,,,,,,,,,,,,,,,,only 18 trades < min 20,mt5
run_20260426_191100,US500,index,H4,trend_momentum,ema_cross,adx_min=0|fast_period=10|rsi_confirm=False|slow_period=200,both,all,NEEDS_MORE_DATA,17,,,,,,,,,,,,,,,,only 17 trades < min 20,mt5
run_20260426_191100,US500,index,H4,trend_momentum,ema_cross,adx_min=0|fast_period=10|rsi_confirm=True|slow_period=200,both,all,NEEDS_MORE_DATA,16,,,,,,,,,,,,,,,,only 16 trades < min 20,mt5
run_20260426_191100,US500,index,H4,trend_momentum,ema_cross,adx_min=20|fast_period=10|rsi_confirm=False|slow_period=200,both,all,NEEDS_MORE_DATA,17,,,,,,,,,,,,,,,,only 17 trades < min 20,mt5
run_20260426_191100,US500,index,H4,trend_momentum,ema_cross,adx_min=20|fast_period=10|rsi_confirm=True|slow_period=200,both,all,NEEDS_MORE_DATA,16,,,,,,,,,,,,,,,,only 16 trades < min 20,mt5
run_20260426_191100,US500,index,H4,trend_momentum,ema_cross,adx_min=25|fast_period=10|rsi_confirm=False|slow_period=200,both,all,NEEDS_MORE_DATA,16,,,,,,,,,,,,,,,,only 16 trades < min 20,mt5
run_20260426_191100,US500,index,H4,trend_momentum,ema_cross,adx_min=25|fast_period=10|rsi_confirm=True|slow_period=200,both,all,NEEDS_MORE_DATA,15,,,,,,,,,,,,,,,,only 15 trades < min 20,mt5
run_20260426_191100,US500,index,H4,trend_momentum,ema_cross,adx_min=0|fast_period=20|rsi_confirm=False|slow_period=50,both,all,REJECT,21,0.047619,0.138227,-0.010244,-0.010244,-0.222661,-1.448117,-3.687274,0.021021,43.142857,-0.195838,-0.195838,-0.201878,0.019031,0.226000,,,mt5
run_20260426_191100,US500,index,H4,trend_momentum,ema_cross,adx_min=0|fast_period=20|rsi_confirm=True|slow_period=50,both,all,REJECT,21,0.047619,0.138227,-0.010244,-0.010244,-0.222661,-1.448117,-3.687274,0.021021,43.142857,-0.195838,-0.195838,-0.201878,0.019031,0.226000,,,mt5
run_20260426_191100,US500,index,H4,trend_momentum,ema_cross,adx_min=20|fast_period=20|rsi_confirm=False|slow_period=50,both,all,REJECT,21,0.047619,0.138227,-0.010244,-0.010244,-0.222661,-1.448117,-3.687274,0.021021,43.142857,-0.195838,-0.195838,-0.201878,0.019031,0.226000,,,mt5
run_20260426_191100,US500,index,H4,trend_momentum,ema_cross,adx_min=20|fast_period=20|rsi_confirm=True|slow_period=50,both,all,REJECT,21,0.047619,0.138227,-0.010244,-0.010244,-0.222661,-1.448117,-3.687274,0.021021,43.142857,-0.195838,-0.195838,-0.201878,0.019031,0.226000,,,mt5
run_20260426_191100,US500,index,H4,trend_momentum,ema_cross,adx_min=25|fast_period=20|rsi_confirm=False|slow_period=50,both,all,NEEDS_MORE_DATA,19,,,,,,,,,,,,,,,,only 19 trades < min 20,mt5
run_20260426_191100,US500,index,H4,trend_momentum,ema_cross,adx_min=25|fast_period=20|rsi_confirm=True|slow_period=50,both,all,NEEDS_MORE_DATA,19,,,,,,,,,,,,,,,,only 19 trades < min 20,mt5
run_20260426_191100,US500,index,H4,trend_momentum,ema_cross,adx_min=0|fast_period=20|rsi_confirm=False|slow_period=100,both,all,NEEDS_MORE_DATA,19,,,,,,,,,,,,,,,,only 19 trades < min 20,mt5
run_20260426_191100,US500,index,H4,trend_momentum,ema_cross,adx_min=0|fast_period=20|rsi_confirm=True|slow_period=100,both,all,NEEDS_MORE_DATA,19,,,,,,,,,,,,,,,,only 19 trades < min 20,mt5
run_20260426_191100,US500,index,H4,trend_momentum,ema_cross,adx_min=20|fast_period=20|rsi_confirm=False|slow_period=100,both,all,NEEDS_MORE_DATA,19,,,,,,,,,,,,,,,,only 19 trades < min 20,mt5
run_20260426_191100,US500,index,H4,trend_momentum,ema_cross,adx_min=20|fast_period=20|rsi_confirm=True|slow_period=100,both,all,NEEDS_MORE_DATA,19,,,,,,,,,,,,,,,,only 19 trades < min 20,mt5
run_20260426_191100,US500,index,H4,trend_momentum,ema_cross,adx_min=25|fast_period=20|rsi_confirm=False|slow_period=100,both,all,NEEDS_MORE_DATA,16,,,,,,,,,,,,,,,,only 16 trades < min 20,mt5
run_20260426_191100,US500,index,H4,trend_momentum,ema_cross,adx_min=25|fast_period=20|rsi_confirm=True|slow_period=100,both,all,NEEDS_MORE_DATA,16,,,,,,,,,,,,,,,,only 16 trades < min 20,mt5
run_20260426_191100,US500,index,H4,trend_momentum,ema_cross,adx_min=0|fast_period=20|rsi_confirm=False|slow_period=200,both,all,NEEDS_MORE_DATA,13,,,,,,,,,,,,,,,,only 13 trades < min 20,mt5
run_20260426_191100,US500,index,H4,trend_momentum,ema_cross,adx_min=0|fast_period=20|rsi_confirm=True|slow_period=200,both,all,NEEDS_MORE_DATA,13,,,,,,,,,,,,,,,,only 13 trades < min 20,mt5
run_20260426_191100,US500,index,H4,trend_momentum,ema_cross,adx_min=20|fast_period=20|rsi_confirm=False|slow_period=200,both,all,NEEDS_MORE_DATA,13,,,,,,,,,,,,,,,,only 13 trades < min 20,mt5
run_20260426_191100,US500,index,H4,trend_momentum,ema_cross,adx_min=20|fast_period=20|rsi_confirm=True|slow_period=200,both,all,NEEDS_MORE_DATA,13,,,,,,,,,,,,,,,,only 13 trades < min 20,mt5
run_20260426_191100,US500,index,H4,trend_momentum,ema_cross,adx_min=25|fast_period=20|rsi_confirm=False|slow_period=200,both,all,NEEDS_MORE_DATA,13,,,,,,,,,,,,,,,,only 13 trades < min 20,mt5
run_20260426_191100,US500,index,H4,trend_momentum,ema_cross,adx_min=25|fast_period=20|rsi_confirm=True|slow_period=200,both,all,NEEDS_MORE_DATA,13,,,,,,,,,,,,,,,,only 13 trades < min 20,mt5
run_20260426_191100,US500,index,H4,trend_momentum,ema_alignment,adx_min=0|ema_long=200|ema_mid=50|ema_short=20,both,all,NEEDS_MORE_DATA,13,,,,,,,,,,,,,,,,only 13 trades < min 20,mt5
run_20260426_191100,US500,index,H4,trend_momentum,ema_alignment,adx_min=20|ema_long=200|ema_mid=50|ema_short=20,both,all,NEEDS_MORE_DATA,13,,,,,,,,,,,,,,,,only 13 trades < min 20,mt5
run_20260426_191100,US500,index,H4,trend_momentum,ema_alignment,adx_min=25|ema_long=200|ema_mid=50|ema_short=20,both,all,NEEDS_MORE_DATA,13,,,,,,,,,,,,,,,,only 13 trades < min 20,mt5
run_20260426_191100,US500,index,H4,trend_momentum,macd_direction,adx_min=0|fast=12|signal_period=9|slow=26,both,all,REJECT,75,0.360000,0.714382,-0.001470,-0.001470,-0.119151,-0.578129,-1.161196,0.075075,13.306667,-0.108483,-0.108483,-0.086970,-0.036039,0.524315,,,mt5
run_20260426_191100,US500,index,H4,trend_momentum,macd_direction,adx_min=20|fast=12|signal_period=9|slow=26,both,all,REJECT,74,0.364865,0.724167,-0.001419,-0.001419,-0.114532,-0.551584,-1.107176,0.074074,13.270270,-0.103808,-0.103808,-0.082182,-0.036039,0.531557,,,mt5
run_20260426_191100,US500,index,H4,pullback,pullback_ema,pullback_period=20|rsi_reclaim=False|rsi_threshold=50|trend_period=200,both,all,REJECT,62,0.258065,0.605057,-0.001567,-0.001567,-0.165168,-0.661472,-1.335339,0.062062,10.064516,-0.095007,-0.095007,-0.105295,0.013960,0.400000,,,mt5
run_20260426_191100,US500,index,H4,pullback,pullback_ema,pullback_period=20|rsi_reclaim=True|rsi_threshold=50|trend_period=200,both,all,REJECT,55,0.254545,0.586671,-0.001661,-0.001661,-0.146286,-0.650953,-1.315877,0.055055,10.072727,-0.089540,-0.089540,-0.099890,0.013960,0.400000,,,mt5
run_20260426_191100,US500,index,H4,pullback,pullback_ema,pullback_period=50|rsi_reclaim=False|rsi_threshold=50|trend_period=200,both,all,REJECT,48,0.166667,0.213719,-0.004466,-0.004466,-0.206843,-1.752578,-4.009266,0.048048,11.750000,-0.194506,-0.194506,-0.134911,-0.063537,0.529287,,,mt5
run_20260426_191100,US500,index,H4,pullback,pullback_ema,pullback_period=50|rsi_reclaim=True|rsi_threshold=50|trend_period=200,both,all,REJECT,34,0.205882,0.267494,-0.004639,-0.004639,-0.162406,-1.345479,-3.004323,0.034034,12.352941,-0.147415,-0.147415,-0.103044,-0.044006,0.432116,,,mt5
run_20260426_191100,US500,index,H4,breakout,prev_day_hl,atr_expand_min=0.0,both,all,REJECT,66,0.272727,0.373323,-0.004160,-0.004160,-0.266900,-1.551911,-3.324444,0.066066,13.939394,-0.243127,-0.243127,-0.193988,-0.074923,0.515868,,,mt5
run_20260426_191100,US500,index,H4,breakout,prev_day_hl,atr_expand_min=0.5,both,all,REJECT,66,0.242424,0.295138,-0.004738,-0.004738,-0.294163,-1.831560,-4.049882,0.066066,13.530303,-0.271274,-0.271274,-0.211118,-0.090548,0.528670,,,mt5
run_20260426_191100,US500,index,H4,breakout,prev_day_hl,atr_expand_min=1.0,both,all,REJECT,52,0.288462,0.317440,-0.004521,-0.004521,-0.233691,-1.589342,-3.502153,0.052052,14.230769,-0.211692,-0.211692,-0.152107,-0.081159,0.560069,,,mt5
run_20260426_191100,US500,index,H4,breakout,session_opening_range,atr_expand_min=0.0|range_bars=6,both,all,REJECT,60,0.316667,0.474819,-0.003789,-0.003789,-0.249935,-1.156162,-2.405233,0.060060,16.433333,-0.207237,-0.207237,-0.150915,-0.084670,0.568313,,,mt5
run_20260426_191100,US500,index,H4,breakout,session_opening_range,atr_expand_min=0.5|range_bars=6,both,all,REJECT,60,0.316667,0.474819,-0.003789,-0.003789,-0.249935,-1.156162,-2.405233,0.060060,16.433333,-0.207237,-0.207237,-0.150915,-0.084670,0.568313,,,mt5
run_20260426_191100,US500,index,H4,breakout,session_opening_range,atr_expand_min=0.0|range_bars=12,both,all,REJECT,32,0.218750,0.263902,-0.006907,-0.006907,-0.225380,-1.337927,-3.007888,0.032032,27.343750,-0.201087,-0.201087,-0.203325,0.008774,0.292000,,,mt5
run_20260426_191100,US500,index,H4,breakout,session_opening_range,atr_expand_min=0.5|range_bars=12,both,all,REJECT,32,0.218750,0.263902,-0.006907,-0.006907,-0.225380,-1.337927,-3.007888,0.032032,27.343750,-0.201087,-0.201087,-0.203325,0.008774,0.292000,,,mt5
run_20260426_191100,US500,index,H4,breakout,london_breakout,atr_expand_min=0.0|utc_end=11|utc_start=7,both,all,NEEDS_MORE_DATA,13,,,,,,,,,,,,,,,,only 13 trades < min 20,mt5
run_20260426_191100,US500,index,H4,breakout,london_breakout,atr_expand_min=0.5|utc_end=11|utc_start=7,both,all,NEEDS_MORE_DATA,12,,,,,,,,,,,,,,,,only 12 trades < min 20,mt5
run_20260426_191100,US500,index,H4,breakout,ny_breakout,atr_expand_min=0.0|utc_end=16|utc_start=13,both,all,NEEDS_MORE_DATA,0,,,,,,,,,,,,,,,,only 0 trades < min 20,mt5
run_20260426_191100,US500,index,H4,breakout,ny_breakout,atr_expand_min=0.5|utc_end=16|utc_start=13,both,all,NEEDS_MORE_DATA,0,,,,,,,,,,,,,,,,only 0 trades < min 20,mt5
run_20260426_191100,US500,index,H4,mean_reversion,rsi_extreme,overbought=70|oversold=30|period=14,both,all,NEEDS_MORE_DATA,15,,,,,,,,,,,,,,,,only 15 trades < min 20,mt5
run_20260426_191100,US500,index,H4,mean_reversion,rsi_extreme,overbought=75|oversold=30|period=14,both,all,NEEDS_MORE_DATA,11,,,,,,,,,,,,,,,,only 11 trades < min 20,mt5
run_20260426_191100,US500,index,H4,mean_reversion,rsi_extreme,overbought=70|oversold=25|period=14,both,all,NEEDS_MORE_DATA,10,,,,,,,,,,,,,,,,only 10 trades < min 20,mt5
run_20260426_191100,US500,index,H4,mean_reversion,rsi_extreme,overbought=75|oversold=25|period=14,both,all,NEEDS_MORE_DATA,6,,,,,,,,,,,,,,,,only 6 trades < min 20,mt5
run_20260426_191100,US500,index,H4,mean_reversion,bollinger_touch,num_std=2.0|period=20,both,all,WEAK_CANDIDATE,33,0.636364,2.521371,0.003283,0.003283,-0.035409,0.917949,1.925353,0.033033,13.272727,0.112464,0.112464,0.082476,0.029063,0.503714,,,mt5
run_20260426_191100,US500,index,H4,mean_reversion,bollinger_touch,num_std=2.5|period=20,both,all,NEEDS_MORE_DATA,18,,,,,,,,,,,,,,,,only 18 trades < min 20,mt5
run_20260426_191100,US500,index,H4,mean_reversion,vwap_deviation,std_threshold=1.5,both,all,NEEDS_MORE_DATA,13,,,,,,,,,,,,,,,,only 13 trades < min 20,mt5
run_20260426_191100,US500,index,H4,mean_reversion,vwap_deviation,std_threshold=2.0,both,all,NEEDS_MORE_DATA,10,,,,,,,,,,,,,,,,only 10 trades < min 20,mt5
run_20260426_191100,US500,index,H4,volatility,bb_squeeze_breakout,confirm_ema=True|period=20|squeeze_pct=20,both,all,NEEDS_MORE_DATA,16,,,,,,,,,,,,,,,,only 16 trades < min 20,mt5
run_20260426_191100,US500,index,H4,volatility,bb_squeeze_breakout,confirm_ema=False|period=20|squeeze_pct=20,both,all,NEEDS_MORE_DATA,16,,,,,,,,,,,,,,,,only 16 trades < min 20,mt5
run_20260426_191100,US500,index,H4,volatility,bb_squeeze_breakout,confirm_ema=True|period=20|squeeze_pct=30,both,all,WEAK_CANDIDATE,21,0.476190,1.356908,0.001191,0.001191,-0.055789,0.277166,0.556093,0.021021,7.142857,0.024273,0.024273,-0.017883,0.042924,0.326000,,,mt5
run_20260426_191100,US500,index,H4,volatility,bb_squeeze_breakout,confirm_ema=False|period=20|squeeze_pct=30,both,all,WEAK_CANDIDATE,21,0.523810,1.414657,0.001383,0.001383,-0.055789,0.320671,0.644956,0.021021,7.428571,0.028407,0.028407,-0.013919,0.042924,0.326000,,,mt5
run_20260426_191100,US500,index,H4,volatility,atr_compression,confirm_ema=True|period=14|squeeze_pct=20,both,all,NEEDS_MORE_DATA,14,,,,,,,,,,,,,,,,only 14 trades < min 20,mt5
run_20260426_191100,US500,index,H4,volatility,atr_compression,confirm_ema=False|period=14|squeeze_pct=20,both,all,NEEDS_MORE_DATA,16,,,,,,,,,,,,,,,,only 16 trades < min 20,mt5
run_20260426_191100,US500,index,H4,volatility,atr_compression,confirm_ema=True|period=14|squeeze_pct=30,both,all,NEEDS_MORE_DATA,19,,,,,,,,,,,,,,,,only 19 trades < min 20,mt5
run_20260426_191100,US500,index,H4,volatility,atr_compression,confirm_ema=False|period=14|squeeze_pct=30,both,all,REJECT,24,0.166667,0.717352,-0.001451,-0.001451,-0.110253,-0.215025,-0.429946,0.024024,13.125000,-0.037303,-0.037303,-0.074644,0.046121,0.244000,,,mt5
run_20260426_191100,US500,index,H4,engine_b_proxy,ob_bos,require_engulf=False|require_vol_expand=False|swing_period=5,both,all,NEEDS_MORE_DATA,19,,,,,,,,,,,,,,,,only 19 trades < min 20,mt5
run_20260426_191100,US500,index,H4,engine_b_proxy,ob_bos,require_engulf=False|require_vol_expand=True|swing_period=5,both,all,NEEDS_MORE_DATA,15,,,,,,,,,,,,,,,,only 15 trades < min 20,mt5
run_20260426_191100,US500,index,H4,engine_b_proxy,ob_bos,require_engulf=True|require_vol_expand=False|swing_period=5,both,all,NEEDS_MORE_DATA,19,,,,,,,,,,,,,,,,only 19 trades < min 20,mt5
run_20260426_191100,US500,index,H4,engine_b_proxy,ob_bos,require_engulf=True|require_vol_expand=True|swing_period=5,both,all,NEEDS_MORE_DATA,14,,,,,,,,,,,,,,,,only 14 trades < min 20,mt5
run_20260426_191100,US500,index,H4,engine_b_proxy,ob_bos,require_engulf=False|require_vol_expand=False|swing_period=10,both,all,NEEDS_MORE_DATA,11,,,,,,,,,,,,,,,,only 11 trades < min 20,mt5
run_20260426_191100,US500,index,H4,engine_b_proxy,ob_bos,require_engulf=False|require_vol_expand=True|swing_period=10,both,all,NEEDS_MORE_DATA,9,,,,,,,,,,,,,,,,only 9 trades < min 20,mt5
run_20260426_191100,US500,index,H4,engine_b_proxy,ob_bos,require_engulf=True|require_vol_expand=False|swing_period=10,both,all,NEEDS_MORE_DATA,11,,,,,,,,,,,,,,,,only 11 trades < min 20,mt5
run_20260426_191100,US500,index,H4,engine_b_proxy,ob_bos,require_engulf=True|require_vol_expand=True|swing_period=10,both,all,NEEDS_MORE_DATA,8,,,,,,,,,,,,,,,,only 8 trades < min 20,mt5
run_20260426_191100,US500,index,H4,engine_b_proxy,structure_filters,fvg_detection=False|strong_close_pct=0.7,both,all,REJECT,313,0.277955,0.540431,-0.001312,-0.001312,-0.376011,-1.859151,-3.760531,0.313313,3.115016,-0.340933,-0.340933,-0.328073,-0.013282,0.412146,,,mt5
run_20260426_191100,US500,index,H4,engine_b_proxy,structure_filters,fvg_detection=True|strong_close_pct=0.7,both,all,REJECT,40,0.275000,0.457614,-0.003295,-0.003295,-0.178679,-0.844694,-1.742929,0.040040,14.000000,-0.126153,-0.126153,-0.092181,-0.037421,0.461787,,,mt5
run_20260426_191100,US500,index,H4,engine_b_proxy,structure_filters,fvg_detection=False|strong_close_pct=0.8,both,all,REJECT,223,0.273543,0.451831,-0.001978,-0.001978,-0.371589,-2.088585,-4.291971,0.223223,4.139013,-0.360400,-0.360400,-0.305473,-0.076925,0.475547,,,mt5
run_20260426_191100,US500,index,H4,engine_b_proxy,structure_filters,fvg_detection=True|strong_close_pct=0.8,both,all,REJECT,32,0.281250,0.448081,-0.003264,-0.003264,-0.136585,-0.814976,-1.692334,0.032032,15.375000,-0.101059,-0.101059,-0.051382,-0.052367,0.586250,,,mt5
run_20260426_191100,US500,index,H4,engine_d_proxy,vwap_reclaim,atr_sl_mult=0.5|band_std=0.5,both,all,REJECT,21,0.142857,0.045376,-0.011632,-0.011632,-0.224591,-1.895222,-6.517678,0.021021,43.857143,-0.218403,-0.218403,-0.170391,-0.076602,0.360870,,,mt5
run_20260426_191100,US500,index,H4,engine_d_proxy,vwap_reclaim,atr_sl_mult=1.0|band_std=0.5,both,all,REJECT,21,0.142857,0.045376,-0.011632,-0.011632,-0.224591,-1.895222,-6.517678,0.021021,43.857143,-0.218403,-0.218403,-0.170391,-0.076602,0.360870,,,mt5
run_20260426_191100,US500,index,H4,engine_d_proxy,vwap_reclaim,atr_sl_mult=0.5|band_std=1.0,both,all,NEEDS_MORE_DATA,11,,,,,,,,,,,,,,,,only 11 trades < min 20,mt5
run_20260426_191100,US500,index,H4,engine_d_proxy,vwap_reclaim,atr_sl_mult=1.0|band_std=1.0,both,all,NEEDS_MORE_DATA,11,,,,,,,,,,,,,,,,only 11 trades < min 20,mt5
run_20260426_191100,US500,index,H4,engine_d_proxy,micro_breakout,atr_sl_mult=0.5|fee_guard_r=0.5|range_bars=3,both,all,REJECT,106,0.292453,0.529150,-0.002478,-0.002478,-0.276527,-1.269812,-2.600664,0.106106,9.330189,-0.235143,-0.235143,-0.152988,-0.091902,0.580214,,,mt5
run_20260426_191100,US500,index,H4,engine_d_proxy,micro_breakout,atr_sl_mult=1.0|fee_guard_r=0.5|range_bars=3,both,all,REJECT,106,0.292453,0.529150,-0.002478,-0.002478,-0.276527,-1.269812,-2.600664,0.106106,9.330189,-0.235143,-0.235143,-0.152988,-0.091902,0.580214,,,mt5
run_20260426_191100,US500,index,H4,engine_d_proxy,micro_breakout,atr_sl_mult=0.5|fee_guard_r=0.5|range_bars=6,both,all,REJECT,60,0.316667,0.474819,-0.003789,-0.003789,-0.249935,-1.156162,-2.405233,0.060060,16.433333,-0.207237,-0.207237,-0.150915,-0.084670,0.568313,,,mt5
run_20260426_191100,US500,index,H4,engine_d_proxy,micro_breakout,atr_sl_mult=1.0|fee_guard_r=0.5|range_bars=6,both,all,REJECT,60,0.316667,0.474819,-0.003789,-0.003789,-0.249935,-1.156162,-2.405233,0.060060,16.433333,-0.207237,-0.207237,-0.150915,-0.084670,0.568313,,,mt5
run_20260426_191100,US500,index,H4,engine_d_proxy,ema_scalp_pullback,atr_sl_mult=0.5|ema_period=21,both,all,REJECT,109,0.174312,0.565441,-0.001779,-0.001779,-0.256167,-0.860707,-1.735548,0.109109,9.110092,-0.181343,-0.181343,-0.170210,-0.013537,0.423859,,,mt5
run_20260426_191100,US500,index,H4,engine_d_proxy,ema_scalp_pullback,atr_sl_mult=1.0|ema_period=21,both,all,REJECT,109,0.174312,0.567592,-0.001763,-0.001763,-0.256167,-0.853606,-1.720880,0.109109,9.119266,-0.179953,-0.179953,-0.170210,-0.011862,0.420907,,,mt5
run_20260426_191100,NAS100,index,H4,trend_momentum,ema_cross,adx_min=0|fast_period=10|rsi_confirm=False|slow_period=50,both,all,REJECT,33,0.151515,0.153249,-0.010279,-0.010279,-0.303996,-1.843615,-4.722492,0.033033,27.363636,-0.290773,-0.290773,-0.180276,-0.122572,0.501974,,,mt5
run_20260426_191100,NAS100,index,H4,trend_momentum,ema_cross,adx_min=0|fast_period=10|rsi_confirm=True|slow_period=50,both,all,REJECT,32,0.125000,0.096402,-0.011306,-0.011306,-0.306429,-2.033148,-5.706057,0.032032,23.250000,-0.306429,-0.306429,-0.198371,-0.122572,0.477368,,,mt5
run_20260426_191100,NAS100,index,H4,trend_momentum,ema_cross,adx_min=20|fast_period=10|rsi_confirm=False|slow_period=50,both,all,REJECT,32,0.156250,0.162296,-0.009902,-0.009902,-0.288100,-1.772901,-4.475513,0.032032,28.156250,-0.274575,-0.274575,-0.161727,-0.122572,0.519368,,,mt5
run_20260426_191100,NAS100,index,H4,trend_momentum,ema_cross,adx_min=20|fast_period=10|rsi_confirm=True|slow_period=50,both,all,REJECT,31,0.129032,0.102096,-0.010950,-0.010950,-0.290589,-1.967694,-5.436986,0.031031,23.935484,-0.290589,-0.290589,-0.180231,-0.122572,0.490025,,,mt5
run_20260426_191100,NAS100,index,H4,trend_momentum,ema_cross,adx_min=25|fast_period=10|rsi_confirm=False|slow_period=50,both,all,REJECT,24,0.166667,0.143330,-0.010565,-0.010565,-0.240974,-1.574225,-4.048166,0.024024,28.500000,-0.226554,-0.226554,-0.127629,-0.113398,0.510550,,,mt5
run_20260426_191100,NAS100,index,H4,trend_momentum,ema_cross,adx_min=25|fast_period=10|rsi_confirm=True|slow_period=50,both,all,REJECT,23,0.130435,0.066367,-0.012006,-0.012006,-0.243627,-1.791060,-5.264701,0.023023,22.826087,-0.243627,-0.243627,-0.146886,-0.113398,0.469605,,,mt5
run_20260426_191100,NAS100,index,H4,trend_momentum,ema_cross,adx_min=0|fast_period=10|rsi_confirm=False|slow_period=100,both,all,REJECT,25,0.120000,0.215379,-0.010318,-0.010318,-0.271235,-1.452127,-3.524378,0.025025,36.520000,-0.230480,-0.230480,-0.185810,-0.053775,0.336822,,,mt5
run_20260426_191100,NAS100,index,H4,trend_momentum,ema_cross,adx_min=0|fast_period=10|rsi_confirm=True|slow_period=100,both,all,REJECT,24,0.083333,0.096888,-0.012364,-0.012364,-0.275066,-1.861326,-5.583951,0.024024,31.083333,-0.259195,-0.259195,-0.216192,-0.053775,0.318621,,,mt5
run_20260426_191100,NAS100,index,H4,trend_momentum,ema_cross,adx_min=20|fast_period=10|rsi_confirm=False|slow_period=100,both,all,REJECT,25,0.120000,0.215379,-0.010318,-0.010318,-0.271235,-1.452127,-3.524378,0.025025,36.520000,-0.230480,-0.230480,-0.185810,-0.053775,0.336822,,,mt5
run_20260426_191100,NAS100,index,H4,trend_momentum,ema_cross,adx_min=20|fast_period=10|rsi_confirm=True|slow_period=100,both,all,REJECT,24,0.083333,0.096888,-0.012364,-0.012364,-0.275066,-1.861326,-5.583951,0.024024,31.083333,-0.259195,-0.259195,-0.216192,-0.053775,0.318621,,,mt5
run_20260426_191100,NAS100,index,H4,trend_momentum,ema_cross,adx_min=25|fast_period=10|rsi_confirm=False|slow_period=100,both,all,NEEDS_MORE_DATA,18,,,,,,,,,,,,,,,,only 18 trades < min 20,mt5
run_20260426_191100,NAS100,index,H4,trend_momentum,ema_cross,adx_min=25|fast_period=10|rsi_confirm=True|slow_period=100,both,all,NEEDS_MORE_DATA,17,,,,,,,,,,,,,,,,only 17 trades < min 20,mt5
run_20260426_191100,NAS100,index,H4,trend_momentum,ema_cross,adx_min=0|fast_period=10|rsi_confirm=False|slow_period=200,both,all,NEEDS_MORE_DATA,15,,,,,,,,,,,,,,,,only 15 trades < min 20,mt5
run_20260426_191100,NAS100,index,H4,trend_momentum,ema_cross,adx_min=0|fast_period=10|rsi_confirm=True|slow_period=200,both,all,NEEDS_MORE_DATA,13,,,,,,,,,,,,,,,,only 13 trades < min 20,mt5
run_20260426_191100,NAS100,index,H4,trend_momentum,ema_cross,adx_min=20|fast_period=10|rsi_confirm=False|slow_period=200,both,all,NEEDS_MORE_DATA,15,,,,,,,,,,,,,,,,only 15 trades < min 20,mt5
run_20260426_191100,NAS100,index,H4,trend_momentum,ema_cross,adx_min=20|fast_period=10|rsi_confirm=True|slow_period=200,both,all,NEEDS_MORE_DATA,13,,,,,,,,,,,,,,,,only 13 trades < min 20,mt5
run_20260426_191100,NAS100,index,H4,trend_momentum,ema_cross,adx_min=25|fast_period=10|rsi_confirm=False|slow_period=200,both,all,NEEDS_MORE_DATA,14,,,,,,,,,,,,,,,,only 14 trades < min 20,mt5
run_20260426_191100,NAS100,index,H4,trend_momentum,ema_cross,adx_min=25|fast_period=10|rsi_confirm=True|slow_period=200,both,all,NEEDS_MORE_DATA,12,,,,,,,,,,,,,,,,only 12 trades < min 20,mt5
run_20260426_191100,NAS100,index,H4,trend_momentum,ema_cross,adx_min=0|fast_period=20|rsi_confirm=False|slow_period=50,both,all,REJECT,25,0.240000,0.366184,-0.007186,-0.007186,-0.210327,-1.062076,-2.328707,0.025025,36.360000,-0.167450,-0.167450,-0.105130,-0.078413,0.473758,,,mt5
run_20260426_191100,NAS100,index,H4,trend_momentum,ema_cross,adx_min=0|fast_period=20|rsi_confirm=True|slow_period=50,both,all,REJECT,25,0.240000,0.366184,-0.007186,-0.007186,-0.210327,-1.062076,-2.328707,0.025025,36.360000,-0.167450,-0.167450,-0.105130,-0.078413,0.473758,,,mt5
run_20260426_191100,NAS100,index,H4,trend_momentum,ema_cross,adx_min=20|fast_period=20|rsi_confirm=False|slow_period=50,both,all,REJECT,25,0.240000,0.366184,-0.007186,-0.007186,-0.210327,-1.062076,-2.328707,0.025025,36.360000,-0.167450,-0.167450,-0.105130,-0.078413,0.473758,,,mt5
run_20260426_191100,NAS100,index,H4,trend_momentum,ema_cross,adx_min=20|fast_period=20|rsi_confirm=True|slow_period=50,both,all,REJECT,25,0.240000,0.366184,-0.007186,-0.007186,-0.210327,-1.062076,-2.328707,0.025025,36.360000,-0.167450,-0.167450,-0.105130,-0.078413,0.473758,,,mt5
run_20260426_191100,NAS100,index,H4,trend_momentum,ema_cross,adx_min=25|fast_period=20|rsi_confirm=False|slow_period=50,both,all,NEEDS_MORE_DATA,17,,,,,,,,,,,,,,,,only 17 trades < min 20,mt5
run_20260426_191100,NAS100,index,H4,trend_momentum,ema_cross,adx_min=25|fast_period=20|rsi_confirm=True|slow_period=50,both,all,NEEDS_MORE_DATA,17,,,,,,,,,,,,,,,,only 17 trades < min 20,mt5
run_20260426_191100,NAS100,index,H4,trend_momentum,ema_cross,adx_min=0|fast_period=20|rsi_confirm=False|slow_period=100,both,all,NEEDS_MORE_DATA,17,,,,,,,,,,,,,,,,only 17 trades < min 20,mt5
run_20260426_191100,NAS100,index,H4,trend_momentum,ema_cross,adx_min=0|fast_period=20|rsi_confirm=True|slow_period=100,both,all,NEEDS_MORE_DATA,17,,,,,,,,,,,,,,,,only 17 trades < min 20,mt5
run_20260426_191100,NAS100,index,H4,trend_momentum,ema_cross,adx_min=20|fast_period=20|rsi_confirm=False|slow_period=100,both,all,NEEDS_MORE_DATA,17,,,,,,,,,,,,,,,,only 17 trades < min 20,mt5
run_20260426_191100,NAS100,index,H4,trend_momentum,ema_cross,adx_min=20|fast_period=20|rsi_confirm=True|slow_period=100,both,all,NEEDS_MORE_DATA,17,,,,,,,,,,,,,,,,only 17 trades < min 20,mt5
run_20260426_191100,NAS100,index,H4,trend_momentum,ema_cross,adx_min=25|fast_period=20|rsi_confirm=False|slow_period=100,both,all,NEEDS_MORE_DATA,15,,,,,,,,,,,,,,,,only 15 trades < min 20,mt5
run_20260426_191100,NAS100,index,H4,trend_momentum,ema_cross,adx_min=25|fast_period=20|rsi_confirm=True|slow_period=100,both,all,NEEDS_MORE_DATA,15,,,,,,,,,,,,,,,,only 15 trades < min 20,mt5
run_20260426_191100,NAS100,index,H4,trend_momentum,ema_cross,adx_min=0|fast_period=20|rsi_confirm=False|slow_period=200,both,all,NEEDS_MORE_DATA,9,,,,,,,,,,,,,,,,only 9 trades < min 20,mt5
run_20260426_191100,NAS100,index,H4,trend_momentum,ema_cross,adx_min=0|fast_period=20|rsi_confirm=True|slow_period=200,both,all,NEEDS_MORE_DATA,9,,,,,,,,,,,,,,,,only 9 trades < min 20,mt5
run_20260426_191100,NAS100,index,H4,trend_momentum,ema_cross,adx_min=20|fast_period=20|rsi_confirm=False|slow_period=200,both,all,NEEDS_MORE_DATA,9,,,,,,,,,,,,,,,,only 9 trades < min 20,mt5
run_20260426_191100,NAS100,index,H4,trend_momentum,ema_cross,adx_min=20|fast_period=20|rsi_confirm=True|slow_period=200,both,all,NEEDS_MORE_DATA,9,,,,,,,,,,,,,,,,only 9 trades < min 20,mt5
run_20260426_191100,NAS100,index,H4,trend_momentum,ema_cross,adx_min=25|fast_period=20|rsi_confirm=False|slow_period=200,both,all,NEEDS_MORE_DATA,9,,,,,,,,,,,,,,,,only 9 trades < min 20,mt5
run_20260426_191100,NAS100,index,H4,trend_momentum,ema_cross,adx_min=25|fast_period=20|rsi_confirm=True|slow_period=200,both,all,NEEDS_MORE_DATA,9,,,,,,,,,,,,,,,,only 9 trades < min 20,mt5
run_20260426_191100,NAS100,index,H4,trend_momentum,ema_alignment,adx_min=0|ema_long=200|ema_mid=50|ema_short=20,both,all,NEEDS_MORE_DATA,17,,,,,,,,,,,,,,,,only 17 trades < min 20,mt5
run_20260426_191100,NAS100,index,H4,trend_momentum,ema_alignment,adx_min=20|ema_long=200|ema_mid=50|ema_short=20,both,all,NEEDS_MORE_DATA,17,,,,,,,,,,,,,,,,only 17 trades < min 20,mt5
run_20260426_191100,NAS100,index,H4,trend_momentum,ema_alignment,adx_min=25|ema_long=200|ema_mid=50|ema_short=20,both,all,NEEDS_MORE_DATA,16,,,,,,,,,,,,,,,,only 16 trades < min 20,mt5
run_20260426_191100,NAS100,index,H4,trend_momentum,macd_direction,adx_min=0|fast=12|signal_period=9|slow=26,both,all,REJECT,81,0.358025,0.659324,-0.002356,-0.002356,-0.193958,-0.708308,-1.427193,0.081081,12.308642,-0.181272,-0.181272,-0.123750,-0.065908,0.559778,,,mt5
run_20260426_191100,NAS100,index,H4,trend_momentum,macd_direction,adx_min=20|fast=12|signal_period=9|slow=26,both,all,REJECT,80,0.350000,0.630506,-0.002587,-0.002587,-0.206704,-0.773761,-1.562865,0.080080,12.262500,-0.194218,-0.194218,-0.137606,-0.065908,0.543689,,,mt5
run_20260426_191100,NAS100,index,H4,pullback,pullback_ema,pullback_period=20|rsi_reclaim=False|rsi_threshold=50|trend_period=200,both,all,REJECT,51,0.235294,0.356425,-0.003796,-0.003796,-0.205511,-1.297327,-2.761624,0.051051,7.882353,-0.178349,-0.178349,-0.155902,-0.025070,0.448241,,,mt5
run_20260426_191100,NAS100,index,H4,pullback,pullback_ema,pullback_period=20|rsi_reclaim=True|rsi_threshold=50|trend_period=200,both,all,REJECT,47,0.234043,0.370838,-0.003720,-0.003720,-0.190308,-1.208938,-2.563714,0.047047,8.148936,-0.162625,-0.162625,-0.139749,-0.025070,0.435817,,,mt5
run_20260426_191100,NAS100,index,H4,pullback,pullback_ema,pullback_period=50|rsi_reclaim=False|rsi_threshold=50|trend_period=200,both,all,REJECT,50,0.140000,0.220838,-0.004828,-0.004828,-0.232344,-1.604512,-3.560421,0.050050,9.680000,-0.216763,-0.216763,-0.175854,-0.037475,0.463931,,,mt5
run_20260426_191100,NAS100,index,H4,pullback,pullback_ema,pullback_period=50|rsi_reclaim=True|rsi_threshold=50|trend_period=200,both,all,REJECT,37,0.162162,0.270006,-0.004859,-0.004859,-0.185528,-1.247388,-2.712330,0.037037,9.972973,-0.166753,-0.166753,-0.137037,-0.022077,0.370331,,,mt5
run_20260426_191100,NAS100,index,H4,breakout,prev_day_hl,atr_expand_min=0.0,both,all,REJECT,78,0.269231,0.364494,-0.004979,-0.004979,-0.357755,-1.662522,-3.549912,0.078078,11.807692,-0.326519,-0.326519,-0.253340,-0.098009,0.516060,,,mt5
run_20260426_191100,NAS100,index,H4,breakout,prev_day_hl,atr_expand_min=0.5,both,all,REJECT,72,0.277778,0.332612,-0.005319,-0.005319,-0.360543,-1.717509,-3.712869,0.072072,11.875000,-0.322508,-0.322508,-0.260400,-0.086423,0.499565,,,mt5
run_20260426_191100,NAS100,index,H4,breakout,prev_day_hl,atr_expand_min=1.0,both,all,REJECT,56,0.267857,0.299743,-0.005814,-0.005814,-0.313272,-1.663691,-3.671399,0.056056,12.107143,-0.281446,-0.281446,-0.221373,-0.075524,0.502348,,,mt5
run_20260426_191100,NAS100,index,H4,breakout,session_opening_range,atr_expand_min=0.0|range_bars=6,both,all,REJECT,62,0.306452,0.380066,-0.005544,-0.005544,-0.326603,-1.461045,-3.117038,0.062062,14.967742,-0.295890,-0.295890,-0.238023,-0.096640,0.521804,,,mt5
run_20260426_191100,NAS100,index,H4,breakout,session_opening_range,atr_expand_min=0.5|range_bars=6,both,all,REJECT,61,0.311475,0.389560,-0.005419,-0.005419,-0.317596,-1.412904,-3.003652,0.061061,15.163934,-0.286472,-0.286472,-0.238023,-0.084557,0.506575,,,mt5
run_20260426_191100,NAS100,index,H4,breakout,session_opening_range,atr_expand_min=0.0|range_bars=12,both,all,REJECT,36,0.277778,0.313647,-0.008054,-0.008054,-0.297648,-1.325512,-2.927899,0.036036,24.305556,-0.256269,-0.256269,-0.169522,-0.092625,0.479917,,,mt5
run_20260426_191100,NAS100,index,H4,breakout,session_opening_range,atr_expand_min=0.5|range_bars=12,both,all,REJECT,35,0.257143,0.265579,-0.008634,-0.008634,-0.306043,-1.430634,-3.235014,0.035035,24.285714,-0.265022,-0.265022,-0.197736,-0.071769,0.418885,,,mt5
run_20260426_191100,NAS100,index,H4,breakout,london_breakout,atr_expand_min=0.0|utc_end=11|utc_start=7,both,all,NEEDS_MORE_DATA,17,,,,,,,,,,,,,,,,only 17 trades < min 20,mt5
run_20260426_191100,NAS100,index,H4,breakout,london_breakout,atr_expand_min=0.5|utc_end=11|utc_start=7,both,all,NEEDS_MORE_DATA,15,,,,,,,,,,,,,,,,only 15 trades < min 20,mt5
run_20260426_191100,NAS100,index,H4,breakout,ny_breakout,atr_expand_min=0.0|utc_end=16|utc_start=13,both,all,NEEDS_MORE_DATA,0,,,,,,,,,,,,,,,,only 0 trades < min 20,mt5
run_20260426_191100,NAS100,index,H4,breakout,ny_breakout,atr_expand_min=0.5|utc_end=16|utc_start=13,both,all,NEEDS_MORE_DATA,0,,,,,,,,,,,,,,,,only 0 trades < min 20,mt5
run_20260426_191100,NAS100,index,H4,mean_reversion,rsi_extreme,overbought=70|oversold=30|period=14,both,all,NEEDS_MORE_DATA,15,,,,,,,,,,,,,,,,only 15 trades < min 20,mt5
run_20260426_191100,NAS100,index,H4,mean_reversion,rsi_extreme,overbought=75|oversold=30|period=14,both,all,NEEDS_MORE_DATA,11,,,,,,,,,,,,,,,,only 11 trades < min 20,mt5
run_20260426_191100,NAS100,index,H4,mean_reversion,rsi_extreme,overbought=70|oversold=25|period=14,both,all,NEEDS_MORE_DATA,13,,,,,,,,,,,,,,,,only 13 trades < min 20,mt5
run_20260426_191100,NAS100,index,H4,mean_reversion,rsi_extreme,overbought=75|oversold=25|period=14,both,all,NEEDS_MORE_DATA,9,,,,,,,,,,,,,,,,only 9 trades < min 20,mt5
run_20260426_191100,NAS100,index,H4,mean_reversion,bollinger_touch,num_std=2.0|period=20,both,all,WEAK_CANDIDATE,42,0.714286,3.440034,0.006001,0.006001,-0.042374,1.425099,3.142328,0.042042,11.880952,0.281599,0.281599,0.186047,0.083468,0.586592,,,mt5
run_20260426_191100,NAS100,index,H4,mean_reversion,bollinger_touch,num_std=2.5|period=20,both,all,NEEDS_MORE_DATA,17,,,,,,,,,,,,,,,,only 17 trades < min 20,mt5
run_20260426_191100,NAS100,index,H4,mean_reversion,vwap_deviation,std_threshold=1.5,both,all,NEEDS_MORE_DATA,16,,,,,,,,,,,,,,,,only 16 trades < min 20,mt5
run_20260426_191100,NAS100,index,H4,mean_reversion,vwap_deviation,std_threshold=2.0,both,all,NEEDS_MORE_DATA,13,,,,,,,,,,,,,,,,only 13 trades < min 20,mt5
run_20260426_191100,NAS100,index,H4,volatility,bb_squeeze_breakout,confirm_ema=True|period=20|squeeze_pct=20,both,all,NEEDS_MORE_DATA,16,,,,,,,,,,,,,,,,only 16 trades < min 20,mt5
run_20260426_191100,NAS100,index,H4,volatility,bb_squeeze_breakout,confirm_ema=False|period=20|squeeze_pct=20,both,all,NEEDS_MORE_DATA,16,,,,,,,,,,,,,,,,only 16 trades < min 20,mt5
run_20260426_191100,NAS100,index,H4,volatility,bb_squeeze_breakout,confirm_ema=True|period=20|squeeze_pct=30,both,all,NEEDS_MORE_DATA,18,,,,,,,,,,,,,,,,only 18 trades < min 20,mt5
run_20260426_191100,NAS100,index,H4,volatility,bb_squeeze_breakout,confirm_ema=False|period=20|squeeze_pct=30,both,all,NEEDS_MORE_DATA,18,,,,,,,,,,,,,,,,only 18 trades < min 20,mt5
run_20260426_191100,NAS100,index,H4,volatility,atr_compression,confirm_ema=True|period=14|squeeze_pct=20,both,all,NEEDS_MORE_DATA,12,,,,,,,,,,,,,,,,only 12 trades < min 20,mt5
run_20260426_191100,NAS100,index,H4,volatility,atr_compression,confirm_ema=False|period=14|squeeze_pct=20,both,all,NEEDS_MORE_DATA,12,,,,,,,,,,,,,,,,only 12 trades < min 20,mt5
run_20260426_191100,NAS100,index,H4,volatility,atr_compression,confirm_ema=True|period=14|squeeze_pct=30,both,all,NEEDS_MORE_DATA,12,,,,,,,,,,,,,,,,only 12 trades < min 20,mt5
run_20260426_191100,NAS100,index,H4,volatility,atr_compression,confirm_ema=False|period=14|squeeze_pct=30,both,all,NEEDS_MORE_DATA,13,,,,,,,,,,,,,,,,only 13 trades < min 20,mt5
run_20260426_191100,NAS100,index,H4,engine_b_proxy,ob_bos,require_engulf=False|require_vol_expand=False|swing_period=5,both,all,REJECT,22,0.227273,0.153540,-0.011317,-0.011317,-0.242278,-1.375352,-3.356397,0.022022,38.090909,-0.223690,-0.223690,-0.091657,-0.147987,0.347628,,,mt5
run_20260426_191100,NAS100,index,H4,engine_b_proxy,ob_bos,require_engulf=False|require_vol_expand=True|swing_period=5,both,all,NEEDS_MORE_DATA,19,,,,,,,,,,,,,,,,only 19 trades < min 20,mt5
run_20260426_191100,NAS100,index,H4,engine_b_proxy,ob_bos,require_engulf=True|require_vol_expand=False|swing_period=5,both,all,REJECT,21,0.190476,0.146606,-0.011606,-0.011606,-0.238079,-1.394329,-3.471027,0.021021,38.476190,-0.219387,-0.219387,-0.099497,-0.122828,0.455654,,,mt5
run_20260426_191100,NAS100,index,H4,engine_b_proxy,ob_bos,require_engulf=True|require_vol_expand=True|swing_period=5,both,all,NEEDS_MORE_DATA,19,,,,,,,,,,,,,,,,only 19 trades < min 20,mt5
run_20260426_191100,NAS100,index,H4,engine_b_proxy,ob_bos,require_engulf=False|require_vol_expand=False|swing_period=10,both,all,NEEDS_MORE_DATA,14,,,,,,,,,,,,,,,,only 14 trades < min 20,mt5
run_20260426_191100,NAS100,index,H4,engine_b_proxy,ob_bos,require_engulf=False|require_vol_expand=True|swing_period=10,both,all,NEEDS_MORE_DATA,13,,,,,,,,,,,,,,,,only 13 trades < min 20,mt5
run_20260426_191100,NAS100,index,H4,engine_b_proxy,ob_bos,require_engulf=True|require_vol_expand=False|swing_period=10,both,all,NEEDS_MORE_DATA,14,,,,,,,,,,,,,,,,only 14 trades < min 20,mt5
run_20260426_191100,NAS100,index,H4,engine_b_proxy,ob_bos,require_engulf=True|require_vol_expand=True|swing_period=10,both,all,NEEDS_MORE_DATA,13,,,,,,,,,,,,,,,,only 13 trades < min 20,mt5
run_20260426_191100,NAS100,index,H4,engine_b_proxy,structure_filters,fvg_detection=False|strong_close_pct=0.7,both,all,REJECT,298,0.342282,0.660922,-0.001221,-0.001221,-0.348021,-1.247211,-2.502761,0.298298,3.261745,-0.312425,-0.312425,-0.263541,-0.060752,0.469157,,,mt5
run_20260426_191100,NAS100,index,H4,engine_b_proxy,structure_filters,fvg_detection=True|strong_close_pct=0.7,both,all,REJECT,38,0.263158,0.362625,-0.005069,-0.005069,-0.209576,-1.106821,-2.354471,0.038038,12.605263,-0.178374,-0.178374,-0.121731,-0.064493,0.486940,,,mt5
run_20260426_191100,NAS100,index,H4,engine_b_proxy,structure_filters,fvg_detection=False|strong_close_pct=0.8,both,all,REJECT,202,0.366337,0.756470,-0.000976,-0.000976,-0.242596,-0.676344,-1.352166,0.202202,4.648515,-0.187708,-0.187708,-0.152376,-0.029493,0.458067,,,mt5
run_20260426_191100,NAS100,index,H4,engine_b_proxy,structure_filters,fvg_detection=True|strong_close_pct=0.8,both,all,REJECT,31,0.354839,0.450718,-0.003846,-0.003846,-0.152180,-0.847274,-1.768376,0.031031,14.290323,-0.114629,-0.114629,-0.053593,-0.064493,0.524982,,,mt5
run_20260426_191100,NAS100,index,H4,engine_d_proxy,vwap_reclaim,atr_sl_mult=0.5|band_std=0.5,both,all,NEEDS_MORE_DATA,19,,,,,,,,,,,,,,,,only 19 trades < min 20,mt5
run_20260426_191100,NAS100,index,H4,engine_d_proxy,vwap_reclaim,atr_sl_mult=1.0|band_std=0.5,both,all,NEEDS_MORE_DATA,19,,,,,,,,,,,,,,,,only 19 trades < min 20,mt5
run_20260426_191100,NAS100,index,H4,engine_d_proxy,vwap_reclaim,atr_sl_mult=0.5|band_std=1.0,both,all,NEEDS_MORE_DATA,17,,,,,,,,,,,,,,,,only 17 trades < min 20,mt5
run_20260426_191100,NAS100,index,H4,engine_d_proxy,vwap_reclaim,atr_sl_mult=1.0|band_std=1.0,both,all,NEEDS_MORE_DATA,17,,,,,,,,,,,,,,,,only 17 trades < min 20,mt5
run_20260426_191100,NAS100,index,H4,engine_d_proxy,micro_breakout,atr_sl_mult=0.5|fee_guard_r=0.5|range_bars=3,both,all,REJECT,108,0.324074,0.558140,-0.003117,-0.003117,-0.351839,-1.153737,-2.350130,0.108108,9.055556,-0.293435,-0.293435,-0.193573,-0.116071,0.579888,,,mt5
run_20260426_191100,NAS100,index,H4,engine_d_proxy,micro_breakout,atr_sl_mult=1.0|fee_guard_r=0.5|range_bars=3,both,all,REJECT,108,0.324074,0.558140,-0.003117,-0.003117,-0.351839,-1.153737,-2.350130,0.108108,9.055556,-0.293435,-0.293435,-0.193573,-0.116071,0.579888,,,mt5
run_20260426_191100,NAS100,index,H4,engine_d_proxy,micro_breakout,atr_sl_mult=0.5|fee_guard_r=0.5|range_bars=6,both,all,REJECT,62,0.306452,0.380066,-0.005544,-0.005544,-0.326603,-1.461045,-3.117038,0.062062,14.967742,-0.295890,-0.295890,-0.238023,-0.096640,0.521804,,,mt5
run_20260426_191100,NAS100,index,H4,engine_d_proxy,micro_breakout,atr_sl_mult=1.0|fee_guard_r=0.5|range_bars=6,both,all,REJECT,62,0.306452,0.380066,-0.005544,-0.005544,-0.326603,-1.461045,-3.117038,0.062062,14.967742,-0.295890,-0.295890,-0.238023,-0.096640,0.521804,,,mt5
run_20260426_191100,NAS100,index,H4,engine_d_proxy,ema_scalp_pullback,atr_sl_mult=0.5|ema_period=21,both,all,REJECT,104,0.240385,0.422663,-0.003209,-0.003209,-0.315891,-1.552025,-3.227441,0.104104,8.576923,-0.287996,-0.287996,-0.215711,-0.093517,0.530059,,,mt5
run_20260426_191100,NAS100,index,H4,engine_d_proxy,ema_scalp_pullback,atr_sl_mult=1.0|ema_period=21,both,all,REJECT,104,0.240385,0.418950,-0.003259,-0.003259,-0.319413,-1.571035,-3.270591,0.104104,8.605769,-0.291662,-0.291662,-0.219749,-0.093517,0.527669,,,mt5
run_20260426_191100,XAU/USD,commodity,H4,trend_momentum,ema_cross,adx_min=0|fast_period=10|rsi_confirm=False|slow_period=50,both,all,NEEDS_MORE_DATA,18,,,,,,,,,,,,,,,,only 18 trades < min 20,mt5
run_20260426_191100,XAU/USD,commodity,H4,trend_momentum,ema_cross,adx_min=0|fast_period=10|rsi_confirm=True|slow_period=50,both,all,NEEDS_MORE_DATA,17,,,,,,,,,,,,,,,,only 17 trades < min 20,mt5
run_20260426_191100,XAU/USD,commodity,H4,trend_momentum,ema_cross,adx_min=20|fast_period=10|rsi_confirm=False|slow_period=50,both,all,NEEDS_MORE_DATA,18,,,,,,,,,,,,,,,,only 18 trades < min 20,mt5
run_20260426_191100,XAU/USD,commodity,H4,trend_momentum,ema_cross,adx_min=20|fast_period=10|rsi_confirm=True|slow_period=50,both,all,NEEDS_MORE_DATA,17,,,,,,,,,,,,,,,,only 17 trades < min 20,mt5
run_20260426_191100,XAU/USD,commodity,H4,trend_momentum,ema_cross,adx_min=25|fast_period=10|rsi_confirm=False|slow_period=50,both,all,NEEDS_MORE_DATA,16,,,,,,,,,,,,,,,,only 16 trades < min 20,mt5
run_20260426_191100,XAU/USD,commodity,H4,trend_momentum,ema_cross,adx_min=25|fast_period=10|rsi_confirm=True|slow_period=50,both,all,NEEDS_MORE_DATA,15,,,,,,,,,,,,,,,,only 15 trades < min 20,mt5
run_20260426_191100,XAU/USD,commodity,H4,trend_momentum,ema_cross,adx_min=0|fast_period=10|rsi_confirm=False|slow_period=100,both,all,REJECT,26,0.192308,0.762553,-0.003900,-0.003900,-0.244096,-0.251952,-0.504286,0.026026,37.884615,-0.113883,-0.113883,-0.059203,-0.038945,0.453348,,,mt5
run_20260426_191100,XAU/USD,commodity,H4,trend_momentum,ema_cross,adx_min=0|fast_period=10|rsi_confirm=True|slow_period=100,both,all,REJECT,22,0.181818,0.511597,-0.007970,-0.007970,-0.197633,-0.641741,-1.327509,0.022022,33.181818,-0.168633,-0.168633,-0.134539,-0.019838,0.276235,,,mt5
run_20260426_191100,XAU/USD,commodity,H4,trend_momentum,ema_cross,adx_min=20|fast_period=10|rsi_confirm=False|slow_period=100,both,all,REJECT,26,0.192308,0.762553,-0.003900,-0.003900,-0.244096,-0.251952,-0.504286,0.026026,37.884615,-0.113883,-0.113883,-0.059203,-0.038945,0.453348,,,mt5
run_20260426_191100,XAU/USD,commodity,H4,trend_momentum,ema_cross,adx_min=20|fast_period=10|rsi_confirm=True|slow_period=100,both,all,REJECT,22,0.181818,0.511597,-0.007970,-0.007970,-0.197633,-0.641741,-1.327509,0.022022,33.181818,-0.168633,-0.168633,-0.134539,-0.019838,0.276235,,,mt5
run_20260426_191100,XAU/USD,commodity,H4,trend_momentum,ema_cross,adx_min=25|fast_period=10|rsi_confirm=False|slow_period=100,both,all,REJECT,23,0.173913,0.708023,-0.005101,-0.005101,-0.255276,-0.299278,-0.600729,0.023023,35.739130,-0.126988,-0.126988,-0.073117,-0.038945,0.397793,,,mt5
run_20260426_191100,XAU/USD,commodity,H4,trend_momentum,ema_cross,adx_min=25|fast_period=10|rsi_confirm=True|slow_period=100,both,all,NEEDS_MORE_DATA,19,,,,,,,,,,,,,,,,only 19 trades < min 20,mt5
run_20260426_191100,XAU/USD,commodity,H4,trend_momentum,ema_cross,adx_min=0|fast_period=10|rsi_confirm=False|slow_period=200,both,all,NEEDS_MORE_DATA,4,,,,,,,,,,,,,,,,only 4 trades < min 20,mt5
run_20260426_191100,XAU/USD,commodity,H4,trend_momentum,ema_cross,adx_min=0|fast_period=10|rsi_confirm=True|slow_period=200,both,all,NEEDS_MORE_DATA,3,,,,,,,,,,,,,,,,only 3 trades < min 20,mt5
run_20260426_191100,XAU/USD,commodity,H4,trend_momentum,ema_cross,adx_min=20|fast_period=10|rsi_confirm=False|slow_period=200,both,all,NEEDS_MORE_DATA,4,,,,,,,,,,,,,,,,only 4 trades < min 20,mt5
run_20260426_191100,XAU/USD,commodity,H4,trend_momentum,ema_cross,adx_min=20|fast_period=10|rsi_confirm=True|slow_period=200,both,all,NEEDS_MORE_DATA,3,,,,,,,,,,,,,,,,only 3 trades < min 20,mt5
run_20260426_191100,XAU/USD,commodity,H4,trend_momentum,ema_cross,adx_min=25|fast_period=10|rsi_confirm=False|slow_period=200,both,all,NEEDS_MORE_DATA,3,,,,,,,,,,,,,,,,only 3 trades < min 20,mt5
run_20260426_191100,XAU/USD,commodity,H4,trend_momentum,ema_cross,adx_min=25|fast_period=10|rsi_confirm=True|slow_period=200,both,all,NEEDS_MORE_DATA,2,,,,,,,,,,,,,,,,only 2 trades < min 20,mt5
run_20260426_191100,XAU/USD,commodity,H4,trend_momentum,ema_cross,adx_min=0|fast_period=20|rsi_confirm=False|slow_period=50,both,all,NEEDS_MORE_DATA,16,,,,,,,,,,,,,,,,only 16 trades < min 20,mt5
run_20260426_191100,XAU/USD,commodity,H4,trend_momentum,ema_cross,adx_min=0|fast_period=20|rsi_confirm=True|slow_period=50,both,all,NEEDS_MORE_DATA,15,,,,,,,,,,,,,,,,only 15 trades < min 20,mt5
run_20260426_191100,XAU/USD,commodity,H4,trend_momentum,ema_cross,adx_min=20|fast_period=20|rsi_confirm=False|slow_period=50,both,all,NEEDS_MORE_DATA,16,,,,,,,,,,,,,,,,only 16 trades < min 20,mt5
run_20260426_191100,XAU/USD,commodity,H4,trend_momentum,ema_cross,adx_min=20|fast_period=20|rsi_confirm=True|slow_period=50,both,all,NEEDS_MORE_DATA,15,,,,,,,,,,,,,,,,only 15 trades < min 20,mt5
run_20260426_191100,XAU/USD,commodity,H4,trend_momentum,ema_cross,adx_min=25|fast_period=20|rsi_confirm=False|slow_period=50,both,all,NEEDS_MORE_DATA,15,,,,,,,,,,,,,,,,only 15 trades < min 20,mt5
run_20260426_191100,XAU/USD,commodity,H4,trend_momentum,ema_cross,adx_min=25|fast_period=20|rsi_confirm=True|slow_period=50,both,all,NEEDS_MORE_DATA,14,,,,,,,,,,,,,,,,only 14 trades < min 20,mt5
run_20260426_191100,XAU/USD,commodity,H4,trend_momentum,ema_cross,adx_min=0|fast_period=20|rsi_confirm=False|slow_period=100,both,all,NEEDS_MORE_DATA,10,,,,,,,,,,,,,,,,only 10 trades < min 20,mt5
run_20260426_191100,XAU/USD,commodity,H4,trend_momentum,ema_cross,adx_min=0|fast_period=20|rsi_confirm=True|slow_period=100,both,all,NEEDS_MORE_DATA,9,,,,,,,,,,,,,,,,only 9 trades < min 20,mt5
run_20260426_191100,XAU/USD,commodity,H4,trend_momentum,ema_cross,adx_min=20|fast_period=20|rsi_confirm=False|slow_period=100,both,all,NEEDS_MORE_DATA,10,,,,,,,,,,,,,,,,only 10 trades < min 20,mt5
run_20260426_191100,XAU/USD,commodity,H4,trend_momentum,ema_cross,adx_min=20|fast_period=20|rsi_confirm=True|slow_period=100,both,all,NEEDS_MORE_DATA,9,,,,,,,,,,,,,,,,only 9 trades < min 20,mt5
run_20260426_191100,XAU/USD,commodity,H4,trend_momentum,ema_cross,adx_min=25|fast_period=20|rsi_confirm=False|slow_period=100,both,all,NEEDS_MORE_DATA,8,,,,,,,,,,,,,,,,only 8 trades < min 20,mt5
run_20260426_191100,XAU/USD,commodity,H4,trend_momentum,ema_cross,adx_min=25|fast_period=20|rsi_confirm=True|slow_period=100,both,all,NEEDS_MORE_DATA,7,,,,,,,,,,,,,,,,only 7 trades < min 20,mt5
run_20260426_191100,XAU/USD,commodity,H4,trend_momentum,ema_cross,adx_min=0|fast_period=20|rsi_confirm=False|slow_period=200,both,all,NEEDS_MORE_DATA,4,,,,,,,,,,,,,,,,only 4 trades < min 20,mt5
run_20260426_191100,XAU/USD,commodity,H4,trend_momentum,ema_cross,adx_min=0|fast_period=20|rsi_confirm=True|slow_period=200,both,all,NEEDS_MORE_DATA,3,,,,,,,,,,,,,,,,only 3 trades < min 20,mt5
run_20260426_191100,XAU/USD,commodity,H4,trend_momentum,ema_cross,adx_min=20|fast_period=20|rsi_confirm=False|slow_period=200,both,all,NEEDS_MORE_DATA,4,,,,,,,,,,,,,,,,only 4 trades < min 20,mt5
run_20260426_191100,XAU/USD,commodity,H4,trend_momentum,ema_cross,adx_min=20|fast_period=20|rsi_confirm=True|slow_period=200,both,all,NEEDS_MORE_DATA,3,,,,,,,,,,,,,,,,only 3 trades < min 20,mt5
run_20260426_191100,XAU/USD,commodity,H4,trend_momentum,ema_cross,adx_min=25|fast_period=20|rsi_confirm=False|slow_period=200,both,all,NEEDS_MORE_DATA,4,,,,,,,,,,,,,,,,only 4 trades < min 20,mt5
run_20260426_191100,XAU/USD,commodity,H4,trend_momentum,ema_cross,adx_min=25|fast_period=20|rsi_confirm=True|slow_period=200,both,all,NEEDS_MORE_DATA,3,,,,,,,,,,,,,,,,only 3 trades < min 20,mt5
run_20260426_191100,XAU/USD,commodity,H4,trend_momentum,ema_alignment,adx_min=0|ema_long=200|ema_mid=50|ema_short=20,both,all,NEEDS_MORE_DATA,9,,,,,,,,,,,,,,,,only 9 trades < min 20,mt5
run_20260426_191100,XAU/USD,commodity,H4,trend_momentum,ema_alignment,adx_min=20|ema_long=200|ema_mid=50|ema_short=20,both,all,NEEDS_MORE_DATA,9,,,,,,,,,,,,,,,,only 9 trades < min 20,mt5
run_20260426_191100,XAU/USD,commodity,H4,trend_momentum,ema_alignment,adx_min=25|ema_long=200|ema_mid=50|ema_short=20,both,all,NEEDS_MORE_DATA,8,,,,,,,,,,,,,,,,only 8 trades < min 20,mt5
run_20260426_191100,XAU/USD,commodity,H4,trend_momentum,macd_direction,adx_min=0|fast=12|signal_period=9|slow=26,both,all,REJECT,85,0.352941,1.000016,0.000000,0.000000,-0.138030,0.000028,0.000057,0.085085,11.741176,-0.021030,-0.021030,0.009579,-0.042973,0.400000,,,mt5
run_20260426_191100,XAU/USD,commodity,H4,trend_momentum,macd_direction,adx_min=20|fast=12|signal_period=9|slow=26,both,all,REJECT,81,0.358025,1.003419,0.000031,0.000031,-0.135719,0.006009,0.011971,0.081081,11.950617,-0.018405,-0.018405,0.012286,-0.042973,0.400000,,,mt5
run_20260426_191100,XAU/USD,commodity,H4,pullback,pullback_ema,pullback_period=20|rsi_reclaim=False|rsi_threshold=50|trend_period=200,both,all,WEAK_CANDIDATE,62,0.258065,1.160937,0.000727,0.000727,-0.106864,0.201481,0.401850,0.062062,8.870968,0.039624,0.039624,0.133549,-0.082859,0.500000,,,mt5
run_20260426_191100,XAU/USD,commodity,H4,pullback,pullback_ema,pullback_period=20|rsi_reclaim=True|rsi_threshold=50|trend_period=200,both,all,REJECT,47,0.276596,0.933176,-0.000328,-0.000328,-0.116527,-0.085337,-0.170045,0.047047,8.127660,-0.019303,-0.019303,0.101141,-0.109381,0.382000,,,mt5
run_20260426_191100,XAU/USD,commodity,H4,pullback,pullback_ema,pullback_period=50|rsi_reclaim=False|rsi_threshold=50|trend_period=200,both,all,WEAK_CANDIDATE,27,0.259259,2.622393,0.009482,0.009482,-0.083661,0.623769,1.278659,0.027027,22.592593,0.266400,0.266400,0.332282,-0.049450,0.362000,,,mt5
run_20260426_191100,XAU/USD,commodity,H4,pullback,pullback_ema,pullback_period=50|rsi_reclaim=True|rsi_threshold=50|trend_period=200,both,all,WEAK_CANDIDATE,21,0.190476,1.334998,0.002333,0.002333,-0.079831,0.162976,0.325457,0.021021,15.333333,0.039141,0.039141,0.088650,-0.045478,0.326000,,,mt5
run_20260426_191100,XAU/USD,commodity,H4,breakout,prev_day_hl,atr_expand_min=0.0,both,all,WEAK_CANDIDATE,70,0.400000,1.188011,0.001525,0.001525,-0.150168,0.268021,0.534924,0.070070,13.757143,0.091194,0.091194,0.080010,0.014075,0.552776,,,mt5
run_20260426_191100,XAU/USD,commodity,H4,breakout,prev_day_hl,atr_expand_min=0.5,both,all,STRONG_CANDIDATE,67,0.417910,1.310486,0.002375,0.002375,-0.126395,0.405637,0.811747,0.067067,14.104478,0.150553,0.150553,0.110222,0.040143,0.609260,,,mt5
run_20260426_191100,XAU/USD,commodity,H4,breakout,prev_day_hl,atr_expand_min=1.0,both,all,WEAK_CANDIDATE,54,0.462963,1.156528,0.001305,0.001305,-0.130112,0.206482,0.411932,0.054054,13.259259,0.057709,0.057709,0.110311,-0.044064,0.500000,,,mt5
run_20260426_191100,XAU/USD,commodity,H4,breakout,session_opening_range,atr_expand_min=0.0|range_bars=6,both,all,WEAK_CANDIDATE,51,0.411765,1.149519,0.001467,0.001467,-0.125485,0.200110,0.399219,0.051051,19.058824,0.059231,0.059231,0.125749,-0.037499,0.500000,,,mt5
run_20260426_191100,XAU/USD,commodity,H4,breakout,session_opening_range,atr_expand_min=0.5|range_bars=6,both,all,WEAK_CANDIDATE,50,0.420000,1.194052,0.001870,0.001870,-0.108857,0.251256,0.501709,0.050050,19.300000,0.079372,0.079372,0.125749,-0.019394,0.500000,,,mt5
run_20260426_191100,XAU/USD,commodity,H4,breakout,session_opening_range,atr_expand_min=0.0|range_bars=12,both,all,NEEDS_MORE_DATA,17,,,,,,,,,,,,,,,,only 17 trades < min 20,mt5
run_20260426_191100,XAU/USD,commodity,H4,breakout,session_opening_range,atr_expand_min=0.5|range_bars=12,both,all,NEEDS_MORE_DATA,17,,,,,,,,,,,,,,,,only 17 trades < min 20,mt5
run_20260426_191100,XAU/USD,commodity,H4,breakout,london_breakout,atr_expand_min=0.0|utc_end=11|utc_start=7,both,all,NEEDS_MORE_DATA,19,,,,,,,,,,,,,,,,only 19 trades < min 20,mt5
run_20260426_191100,XAU/USD,commodity,H4,breakout,london_breakout,atr_expand_min=0.5|utc_end=11|utc_start=7,both,all,NEEDS_MORE_DATA,19,,,,,,,,,,,,,,,,only 19 trades < min 20,mt5
run_20260426_191100,XAU/USD,commodity,H4,breakout,ny_breakout,atr_expand_min=0.0|utc_end=16|utc_start=13,both,all,NEEDS_MORE_DATA,0,,,,,,,,,,,,,,,,only 0 trades < min 20,mt5
run_20260426_191100,XAU/USD,commodity,H4,breakout,ny_breakout,atr_expand_min=0.5|utc_end=16|utc_start=13,both,all,NEEDS_MORE_DATA,0,,,,,,,,,,,,,,,,only 0 trades < min 20,mt5
run_20260426_191100,XAU/USD,commodity,H4,mean_reversion,rsi_extreme,overbought=70|oversold=30|period=14,both,all,NEEDS_MORE_DATA,15,,,,,,,,,,,,,,,,only 15 trades < min 20,mt5
run_20260426_191100,XAU/USD,commodity,H4,mean_reversion,rsi_extreme,overbought=75|oversold=30|period=14,both,all,NEEDS_MORE_DATA,12,,,,,,,,,,,,,,,,only 12 trades < min 20,mt5
run_20260426_191100,XAU/USD,commodity,H4,mean_reversion,rsi_extreme,overbought=70|oversold=25|period=14,both,all,NEEDS_MORE_DATA,13,,,,,,,,,,,,,,,,only 13 trades < min 20,mt5
run_20260426_191100,XAU/USD,commodity,H4,mean_reversion,rsi_extreme,overbought=75|oversold=25|period=14,both,all,NEEDS_MORE_DATA,10,,,,,,,,,,,,,,,,only 10 trades < min 20,mt5
run_20260426_191100,XAU/USD,commodity,H4,mean_reversion,bollinger_touch,num_std=2.0|period=20,both,all,REJECT,31,0.548387,0.455510,-0.007072,-0.007072,-0.250207,-0.635227,-1.298311,0.031031,18.483871,-0.209606,-0.209606,-0.222073,-0.003127,0.290225,,,mt5
run_20260426_191100,XAU/USD,commodity,H4,mean_reversion,bollinger_touch,num_std=2.5|period=20,both,all,REJECT,20,0.500000,0.423007,-0.007918,-0.007918,-0.195148,-0.547356,-1.123576,0.020020,19.200000,-0.155964,-0.155964,-0.152236,-0.023165,0.265649,,,mt5
run_20260426_191100,XAU/USD,commodity,H4,mean_reversion,vwap_deviation,std_threshold=1.5,both,all,NEEDS_MORE_DATA,1,,,,,,,,,,,,,,,,only 1 trades < min 20,mt5
run_20260426_191100,XAU/USD,commodity,H4,mean_reversion,vwap_deviation,std_threshold=2.0,both,all,NEEDS_MORE_DATA,1,,,,,,,,,,,,,,,,only 1 trades < min 20,mt5
run_20260426_191100,XAU/USD,commodity,H4,volatility,bb_squeeze_breakout,confirm_ema=True|period=20|squeeze_pct=20,both,all,NEEDS_MORE_DATA,18,,,,,,,,,,,,,,,,only 18 trades < min 20,mt5
run_20260426_191100,XAU/USD,commodity,H4,volatility,bb_squeeze_breakout,confirm_ema=False|period=20|squeeze_pct=20,both,all,NEEDS_MORE_DATA,18,,,,,,,,,,,,,,,,only 18 trades < min 20,mt5
run_20260426_191100,XAU/USD,commodity,H4,volatility,bb_squeeze_breakout,confirm_ema=True|period=20|squeeze_pct=30,both,all,NEEDS_MORE_DATA,16,,,,,,,,,,,,,,,,only 16 trades < min 20,mt5
run_20260426_191100,XAU/USD,commodity,H4,volatility,bb_squeeze_breakout,confirm_ema=False|period=20|squeeze_pct=30,both,all,NEEDS_MORE_DATA,16,,,,,,,,,,,,,,,,only 16 trades < min 20,mt5
run_20260426_191100,XAU/USD,commodity,H4,volatility,atr_compression,confirm_ema=True|period=14|squeeze_pct=20,both,all,NEEDS_MORE_DATA,9,,,,,,,,,,,,,,,,only 9 trades < min 20,mt5
run_20260426_191100,XAU/USD,commodity,H4,volatility,atr_compression,confirm_ema=False|period=14|squeeze_pct=20,both,all,NEEDS_MORE_DATA,10,,,,,,,,,,,,,,,,only 10 trades < min 20,mt5
run_20260426_191100,XAU/USD,commodity,H4,volatility,atr_compression,confirm_ema=True|period=14|squeeze_pct=30,both,all,NEEDS_MORE_DATA,9,,,,,,,,,,,,,,,,only 9 trades < min 20,mt5
run_20260426_191100,XAU/USD,commodity,H4,volatility,atr_compression,confirm_ema=False|period=14|squeeze_pct=30,both,all,NEEDS_MORE_DATA,11,,,,,,,,,,,,,,,,only 11 trades < min 20,mt5
run_20260426_191100,XAU/USD,commodity,H4,engine_b_proxy,ob_bos,require_engulf=False|require_vol_expand=False|swing_period=5,both,all,NEEDS_MORE_DATA,15,,,,,,,,,,,,,,,,only 15 trades < min 20,mt5
run_20260426_191100,XAU/USD,commodity,H4,engine_b_proxy,ob_bos,require_engulf=False|require_vol_expand=True|swing_period=5,both,all,NEEDS_MORE_DATA,12,,,,,,,,,,,,,,,,only 12 trades < min 20,mt5
run_20260426_191100,XAU/USD,commodity,H4,engine_b_proxy,ob_bos,require_engulf=True|require_vol_expand=False|swing_period=5,both,all,NEEDS_MORE_DATA,15,,,,,,,,,,,,,,,,only 15 trades < min 20,mt5
run_20260426_191100,XAU/USD,commodity,H4,engine_b_proxy,ob_bos,require_engulf=True|require_vol_expand=True|swing_period=5,both,all,NEEDS_MORE_DATA,12,,,,,,,,,,,,,,,,only 12 trades < min 20,mt5
run_20260426_191100,XAU/USD,commodity,H4,engine_b_proxy,ob_bos,require_engulf=False|require_vol_expand=False|swing_period=10,both,all,NEEDS_MORE_DATA,6,,,,,,,,,,,,,,,,only 6 trades < min 20,mt5
run_20260426_191100,XAU/USD,commodity,H4,engine_b_proxy,ob_bos,require_engulf=False|require_vol_expand=True|swing_period=10,both,all,NEEDS_MORE_DATA,5,,,,,,,,,,,,,,,,only 5 trades < min 20,mt5
run_20260426_191100,XAU/USD,commodity,H4,engine_b_proxy,ob_bos,require_engulf=True|require_vol_expand=False|swing_period=10,both,all,NEEDS_MORE_DATA,5,,,,,,,,,,,,,,,,only 5 trades < min 20,mt5
run_20260426_191100,XAU/USD,commodity,H4,engine_b_proxy,ob_bos,require_engulf=True|require_vol_expand=True|swing_period=10,both,all,NEEDS_MORE_DATA,5,,,,,,,,,,,,,,,,only 5 trades < min 20,mt5
run_20260426_191100,XAU/USD,commodity,H4,engine_b_proxy,structure_filters,fvg_detection=False|strong_close_pct=0.7,both,all,REJECT,284,0.250000,0.639617,-0.002074,-0.002074,-0.467596,-1.275860,-2.562518,0.284284,3.383803,-0.459845,-0.459845,-0.228085,-0.284460,0.625850,,,mt5
run_20260426_191100,XAU/USD,commodity,H4,engine_b_proxy,structure_filters,fvg_detection=True|strong_close_pct=0.7,both,all,WEAK_CANDIDATE,32,0.531250,4.086831,0.012328,0.012328,-0.053028,1.062855,2.277279,0.032032,17.500000,0.459421,0.459421,0.402846,0.040329,0.422033,,,mt5
run_20260426_191100,XAU/USD,commodity,H4,engine_b_proxy,structure_filters,fvg_detection=False|strong_close_pct=0.8,both,all,REJECT,202,0.267327,0.649232,-0.002245,-0.002245,-0.383996,-0.993153,-1.993881,0.202202,4.504950,-0.380772,-0.380772,-0.069518,-0.328760,0.400000,,,mt5
run_20260426_191100,XAU/USD,commodity,H4,engine_b_proxy,structure_filters,fvg_detection=True|strong_close_pct=0.8,both,all,WEAK_CANDIDATE,24,0.500000,3.584785,0.012480,0.012480,-0.035436,0.891352,1.901706,0.024024,17.916667,0.331045,0.331045,0.283584,0.036975,0.383115,,,mt5
run_20260426_191100,XAU/USD,commodity,H4,engine_d_proxy,vwap_reclaim,atr_sl_mult=0.5|band_std=0.5,both,all,NEEDS_MORE_DATA,4,,,,,,,,,,,,,,,,only 4 trades < min 20,mt5
run_20260426_191100,XAU/USD,commodity,H4,engine_d_proxy,vwap_reclaim,atr_sl_mult=1.0|band_std=0.5,both,all,NEEDS_MORE_DATA,4,,,,,,,,,,,,,,,,only 4 trades < min 20,mt5
run_20260426_191100,XAU/USD,commodity,H4,engine_d_proxy,vwap_reclaim,atr_sl_mult=0.5|band_std=1.0,both,all,NEEDS_MORE_DATA,2,,,,,,,,,,,,,,,,only 2 trades < min 20,mt5
run_20260426_191100,XAU/USD,commodity,H4,engine_d_proxy,vwap_reclaim,atr_sl_mult=1.0|band_std=1.0,both,all,NEEDS_MORE_DATA,2,,,,,,,,,,,,,,,,only 2 trades < min 20,mt5
run_20260426_191100,XAU/USD,commodity,H4,engine_d_proxy,micro_breakout,atr_sl_mult=0.5|fee_guard_r=0.5|range_bars=3,both,all,STRONG_CANDIDATE,86,0.406977,1.131156,0.001062,0.001062,-0.115990,0.221773,0.442242,0.086086,11.546512,0.072920,0.072920,0.038088,0.052486,0.686594,,,mt5
run_20260426_191100,XAU/USD,commodity,H4,engine_d_proxy,micro_breakout,atr_sl_mult=1.0|fee_guard_r=0.5|range_bars=3,both,all,STRONG_CANDIDATE,86,0.406977,1.131156,0.001062,0.001062,-0.115990,0.221773,0.442242,0.086086,11.546512,0.072920,0.072920,0.038088,0.052486,0.686594,,,mt5
run_20260426_191100,XAU/USD,commodity,H4,engine_d_proxy,micro_breakout,atr_sl_mult=0.5|fee_guard_r=0.5|range_bars=6,both,all,WEAK_CANDIDATE,51,0.411765,1.149519,0.001467,0.001467,-0.125485,0.200110,0.399219,0.051051,19.058824,0.059231,0.059231,0.125749,-0.037499,0.500000,,,mt5
run_20260426_191100,XAU/USD,commodity,H4,engine_d_proxy,micro_breakout,atr_sl_mult=1.0|fee_guard_r=0.5|range_bars=6,both,all,WEAK_CANDIDATE,51,0.411765,1.149519,0.001467,0.001467,-0.125485,0.200110,0.399219,0.051051,19.058824,0.059231,0.059231,0.125749,-0.037499,0.500000,,,mt5
run_20260426_191100,XAU/USD,commodity,H4,engine_d_proxy,ema_scalp_pullback,atr_sl_mult=0.5|ema_period=21,both,all,WEAK_CANDIDATE,120,0.216667,1.204845,0.001041,0.001041,-0.153430,0.280560,0.559530,0.120120,8.100000,0.106453,0.106453,0.163676,-0.031758,0.500000,,,mt5
run_20260426_191100,XAU/USD,commodity,H4,engine_d_proxy,ema_scalp_pullback,atr_sl_mult=1.0|ema_period=21,both,all,WEAK_CANDIDATE,120,0.216667,1.228051,0.001137,0.001137,-0.153430,0.306779,0.611956,0.120120,8.133333,0.119342,0.119342,0.166826,-0.023123,0.500000,,,mt5
run_20260426_191100,GER40,index,H4,trend_momentum,ema_cross,adx_min=0|fast_period=10|rsi_confirm=False|slow_period=50,both,all,REJECT,24,0.291667,0.858949,-0.000983,-0.000983,-0.098736,-0.131499,-0.262318,0.024024,37.625000,-0.027157,-0.027157,-0.068478,0.050040,0.244000,,,mt5
run_20260426_191100,GER40,index,H4,trend_momentum,ema_cross,adx_min=0|fast_period=10|rsi_confirm=True|slow_period=50,both,all,REJECT,22,0.272727,0.795915,-0.001487,-0.001487,-0.098555,-0.185935,-0.371527,0.022022,36.000000,-0.035851,-0.035851,-0.076802,0.050040,0.232000,,,mt5
run_20260426_191100,GER40,index,H4,trend_momentum,ema_cross,adx_min=20|fast_period=10|rsi_confirm=False|slow_period=50,both,all,REJECT,24,0.291667,0.858949,-0.000983,-0.000983,-0.098736,-0.131499,-0.262318,0.024024,37.625000,-0.027157,-0.027157,-0.068478,0.050040,0.244000,,,mt5
run_20260426_191100,GER40,index,H4,trend_momentum,ema_cross,adx_min=20|fast_period=10|rsi_confirm=True|slow_period=50,both,all,REJECT,22,0.272727,0.795915,-0.001487,-0.001487,-0.098555,-0.185935,-0.371527,0.022022,36.000000,-0.035851,-0.035851,-0.076802,0.050040,0.232000,,,mt5
run_20260426_191100,GER40,index,H4,trend_momentum,ema_cross,adx_min=25|fast_period=10|rsi_confirm=False|slow_period=50,both,all,REJECT,23,0.260870,0.839752,-0.001164,-0.001164,-0.101588,-0.149387,-0.298147,0.023023,37.043478,-0.030236,-0.030236,-0.071426,0.050040,0.238000,,,mt5
run_20260426_191100,GER40,index,H4,trend_momentum,ema_cross,adx_min=25|fast_period=10|rsi_confirm=True|slow_period=50,both,all,REJECT,21,0.238095,0.775810,-0.001709,-0.001709,-0.101408,-0.204239,-0.408433,0.021021,35.285714,-0.038902,-0.038902,-0.079724,0.050040,0.226000,,,mt5
run_20260426_191100,GER40,index,H4,trend_momentum,ema_cross,adx_min=0|fast_period=10|rsi_confirm=False|slow_period=100,both,all,REJECT,20,0.200000,0.581985,-0.003825,-0.003825,-0.092986,-0.465191,-0.946818,0.020020,45.750000,-0.076761,-0.076761,-0.065585,0.005446,0.220000,,,mt5
run_20260426_191100,GER40,index,H4,trend_momentum,ema_cross,adx_min=0|fast_period=10|rsi_confirm=True|slow_period=100,both,all,NEEDS_MORE_DATA,18,,,,,,,,,,,,,,,,only 18 trades < min 20,mt5
run_20260426_191100,GER40,index,H4,trend_momentum,ema_cross,adx_min=20|fast_period=10|rsi_confirm=False|slow_period=100,both,all,REJECT,20,0.200000,0.581985,-0.003825,-0.003825,-0.092986,-0.465191,-0.946818,0.020020,45.750000,-0.076761,-0.076761,-0.065585,0.005446,0.220000,,,mt5
run_20260426_191100,GER40,index,H4,trend_momentum,ema_cross,adx_min=20|fast_period=10|rsi_confirm=True|slow_period=100,both,all,NEEDS_MORE_DATA,18,,,,,,,,,,,,,,,,only 18 trades < min 20,mt5
run_20260426_191100,GER40,index,H4,trend_momentum,ema_cross,adx_min=25|fast_period=10|rsi_confirm=False|slow_period=100,both,all,NEEDS_MORE_DATA,17,,,,,,,,,,,,,,,,only 17 trades < min 20,mt5
run_20260426_191100,GER40,index,H4,trend_momentum,ema_cross,adx_min=25|fast_period=10|rsi_confirm=True|slow_period=100,both,all,NEEDS_MORE_DATA,15,,,,,,,,,,,,,,,,only 15 trades < min 20,mt5
run_20260426_191100,GER40,index,H4,trend_momentum,ema_cross,adx_min=0|fast_period=10|rsi_confirm=False|slow_period=200,both,all,NEEDS_MORE_DATA,14,,,,,,,,,,,,,,,,only 14 trades < min 20,mt5
run_20260426_191100,GER40,index,H4,trend_momentum,ema_cross,adx_min=0|fast_period=10|rsi_confirm=True|slow_period=200,both,all,NEEDS_MORE_DATA,12,,,,,,,,,,,,,,,,only 12 trades < min 20,mt5
run_20260426_191100,GER40,index,H4,trend_momentum,ema_cross,adx_min=20|fast_period=10|rsi_confirm=False|slow_period=200,both,all,NEEDS_MORE_DATA,14,,,,,,,,,,,,,,,,only 14 trades < min 20,mt5
run_20260426_191100,GER40,index,H4,trend_momentum,ema_cross,adx_min=20|fast_period=10|rsi_confirm=True|slow_period=200,both,all,NEEDS_MORE_DATA,12,,,,,,,,,,,,,,,,only 12 trades < min 20,mt5
run_20260426_191100,GER40,index,H4,trend_momentum,ema_cross,adx_min=25|fast_period=10|rsi_confirm=False|slow_period=200,both,all,NEEDS_MORE_DATA,13,,,,,,,,,,,,,,,,only 13 trades < min 20,mt5
run_20260426_191100,GER40,index,H4,trend_momentum,ema_cross,adx_min=25|fast_period=10|rsi_confirm=True|slow_period=200,both,all,NEEDS_MORE_DATA,11,,,,,,,,,,,,,,,,only 11 trades < min 20,mt5
run_20260426_191100,GER40,index,H4,trend_momentum,ema_cross,adx_min=0|fast_period=20|rsi_confirm=False|slow_period=50,both,all,NEEDS_MORE_DATA,16,,,,,,,,,,,,,,,,only 16 trades < min 20,mt5
run_20260426_191100,GER40,index,H4,trend_momentum,ema_cross,adx_min=0|fast_period=20|rsi_confirm=True|slow_period=50,both,all,NEEDS_MORE_DATA,14,,,,,,,,,,,,,,,,only 14 trades < min 20,mt5
run_20260426_191100,GER40,index,H4,trend_momentum,ema_cross,adx_min=20|fast_period=20|rsi_confirm=False|slow_period=50,both,all,NEEDS_MORE_DATA,16,,,,,,,,,,,,,,,,only 16 trades < min 20,mt5
run_20260426_191100,GER40,index,H4,trend_momentum,ema_cross,adx_min=20|fast_period=20|rsi_confirm=True|slow_period=50,both,all,NEEDS_MORE_DATA,14,,,,,,,,,,,,,,,,only 14 trades < min 20,mt5
run_20260426_191100,GER40,index,H4,trend_momentum,ema_cross,adx_min=25|fast_period=20|rsi_confirm=False|slow_period=50,both,all,NEEDS_MORE_DATA,15,,,,,,,,,,,,,,,,only 15 trades < min 20,mt5
run_20260426_191100,GER40,index,H4,trend_momentum,ema_cross,adx_min=25|fast_period=20|rsi_confirm=True|slow_period=50,both,all,NEEDS_MORE_DATA,13,,,,,,,,,,,,,,,,only 13 trades < min 20,mt5
run_20260426_191100,GER40,index,H4,trend_momentum,ema_cross,adx_min=0|fast_period=20|rsi_confirm=False|slow_period=100,both,all,NEEDS_MORE_DATA,18,,,,,,,,,,,,,,,,only 18 trades < min 20,mt5
run_20260426_191100,GER40,index,H4,trend_momentum,ema_cross,adx_min=0|fast_period=20|rsi_confirm=True|slow_period=100,both,all,NEEDS_MORE_DATA,16,,,,,,,,,,,,,,,,only 16 trades < min 20,mt5
run_20260426_191100,GER40,index,H4,trend_momentum,ema_cross,adx_min=20|fast_period=20|rsi_confirm=False|slow_period=100,both,all,NEEDS_MORE_DATA,18,,,,,,,,,,,,,,,,only 18 trades < min 20,mt5
run_20260426_191100,GER40,index,H4,trend_momentum,ema_cross,adx_min=20|fast_period=20|rsi_confirm=True|slow_period=100,both,all,NEEDS_MORE_DATA,16,,,,,,,,,,,,,,,,only 16 trades < min 20,mt5
run_20260426_191100,GER40,index,H4,trend_momentum,ema_cross,adx_min=25|fast_period=20|rsi_confirm=False|slow_period=100,both,all,NEEDS_MORE_DATA,16,,,,,,,,,,,,,,,,only 16 trades < min 20,mt5
run_20260426_191100,GER40,index,H4,trend_momentum,ema_cross,adx_min=25|fast_period=20|rsi_confirm=True|slow_period=100,both,all,NEEDS_MORE_DATA,14,,,,,,,,,,,,,,,,only 14 trades < min 20,mt5
run_20260426_191100,GER40,index,H4,trend_momentum,ema_cross,adx_min=0|fast_period=20|rsi_confirm=False|slow_period=200,both,all,NEEDS_MORE_DATA,14,,,,,,,,,,,,,,,,only 14 trades < min 20,mt5
run_20260426_191100,GER40,index,H4,trend_momentum,ema_cross,adx_min=0|fast_period=20|rsi_confirm=True|slow_period=200,both,all,NEEDS_MORE_DATA,12,,,,,,,,,,,,,,,,only 12 trades < min 20,mt5
run_20260426_191100,GER40,index,H4,trend_momentum,ema_cross,adx_min=20|fast_period=20|rsi_confirm=False|slow_period=200,both,all,NEEDS_MORE_DATA,14,,,,,,,,,,,,,,,,only 14 trades < min 20,mt5
run_20260426_191100,GER40,index,H4,trend_momentum,ema_cross,adx_min=20|fast_period=20|rsi_confirm=True|slow_period=200,both,all,NEEDS_MORE_DATA,12,,,,,,,,,,,,,,,,only 12 trades < min 20,mt5
run_20260426_191100,GER40,index,H4,trend_momentum,ema_cross,adx_min=25|fast_period=20|rsi_confirm=False|slow_period=200,both,all,NEEDS_MORE_DATA,13,,,,,,,,,,,,,,,,only 13 trades < min 20,mt5
run_20260426_191100,GER40,index,H4,trend_momentum,ema_cross,adx_min=25|fast_period=20|rsi_confirm=True|slow_period=200,both,all,NEEDS_MORE_DATA,11,,,,,,,,,,,,,,,,only 11 trades < min 20,mt5
run_20260426_191100,GER40,index,H4,trend_momentum,ema_alignment,adx_min=0|ema_long=200|ema_mid=50|ema_short=20,both,all,NEEDS_MORE_DATA,12,,,,,,,,,,,,,,,,only 12 trades < min 20,mt5
run_20260426_191100,GER40,index,H4,trend_momentum,ema_alignment,adx_min=20|ema_long=200|ema_mid=50|ema_short=20,both,all,NEEDS_MORE_DATA,12,,,,,,,,,,,,,,,,only 12 trades < min 20,mt5
run_20260426_191100,GER40,index,H4,trend_momentum,ema_alignment,adx_min=25|ema_long=200|ema_mid=50|ema_short=20,both,all,NEEDS_MORE_DATA,12,,,,,,,,,,,,,,,,only 12 trades < min 20,mt5
run_20260426_191100,GER40,index,H4,trend_momentum,macd_direction,adx_min=0|fast=12|signal_period=9|slow=26,both,all,REJECT,82,0.268293,0.411471,-0.004340,-0.004340,-0.307648,-1.470857,-3.081844,0.082082,12.170732,-0.304675,-0.304675,-0.093872,-0.221704,0.400000,,,mt5
run_20260426_191100,GER40,index,H4,trend_momentum,macd_direction,adx_min=20|fast=12|signal_period=9|slow=26,both,all,REJECT,79,0.253165,0.404757,-0.004550,-0.004550,-0.310087,-1.486052,-3.124161,0.079079,11.949367,-0.307125,-0.307125,-0.097674,-0.221178,0.400000,,,mt5
run_20260426_191100,GER40,index,H4,pullback,pullback_ema,pullback_period=20|rsi_reclaim=False|rsi_threshold=50|trend_period=200,both,all,REJECT,64,0.187500,0.501258,-0.002113,-0.002113,-0.136976,-0.930969,-1.903009,0.064064,7.343750,-0.128770,-0.128770,-0.091963,-0.037888,0.523598,,,mt5
run_20260426_191100,GER40,index,H4,pullback,pullback_ema,pullback_period=20|rsi_reclaim=True|rsi_threshold=50|trend_period=200,both,all,REJECT,59,0.169492,0.498113,-0.002153,-0.002153,-0.132482,-0.892207,-1.823854,0.059059,7.050847,-0.121509,-0.121509,-0.091553,-0.030308,0.499312,,,mt5
run_20260426_191100,GER40,index,H4,pullback,pullback_ema,pullback_period=50|rsi_reclaim=False|rsi_threshold=50|trend_period=200,both,all,REJECT,44,0.136364,0.666374,-0.001142,-0.001142,-0.074375,-0.411008,-0.824775,0.044044,11.022727,-0.050780,-0.050780,-0.049437,-0.005659,0.398338,,,mt5
run_20260426_191100,GER40,index,H4,pullback,pullback_ema,pullback_period=50|rsi_reclaim=True|rsi_threshold=50|trend_period=200,both,all,REJECT,24,0.166667,0.977771,-0.000088,-0.000088,-0.052645,-0.017968,-0.035795,0.024024,14.125000,-0.003851,-0.003851,-0.018026,0.010122,0.244000,,,mt5
run_20260426_191100,GER40,index,H4,breakout,prev_day_hl,atr_expand_min=0.0,both,all,REJECT,69,0.231884,0.468193,-0.003833,-0.003833,-0.243343,-1.151562,-2.380011,0.069069,14.391304,-0.237534,-0.237534,-0.109387,-0.131683,0.638851,,,mt5
run_20260426_191100,GER40,index,H4,breakout,prev_day_hl,atr_expand_min=0.5,both,all,REJECT,63,0.238095,0.459723,-0.004005,-0.004005,-0.230626,-1.118626,-2.315495,0.063063,14.365079,-0.227991,-0.227991,-0.085133,-0.144124,0.492121,,,mt5
run_20260426_191100,GER40,index,H4,breakout,prev_day_hl,atr_expand_min=1.0,both,all,REJECT,51,0.215686,0.479988,-0.004033,-0.004033,-0.193488,-0.953070,-1.965622,0.051051,15.117647,-0.190708,-0.190708,-0.072755,-0.114768,0.526763,,,mt5
run_20260426_191100,GER40,index,H4,breakout,session_opening_range,atr_expand_min=0.0|range_bars=6,both,all,REJECT,64,0.281250,0.532955,-0.003626,-0.003626,-0.220866,-0.947425,-1.938480,0.064064,15.031250,-0.213101,-0.213101,-0.078966,-0.133457,0.492983,,,mt5
run_20260426_191100,GER40,index,H4,breakout,session_opening_range,atr_expand_min=0.5|range_bars=6,both,all,REJECT,60,0.300000,0.562111,-0.003316,-0.003316,-0.190927,-0.833472,-1.697372,0.060060,14.900000,-0.186310,-0.186310,-0.078634,-0.104279,0.602160,,,mt5
run_20260426_191100,GER40,index,H4,breakout,session_opening_range,atr_expand_min=0.0|range_bars=12,both,all,REJECT,36,0.305556,0.660424,-0.002652,-0.002652,-0.122645,-0.490270,-0.989357,0.036036,26.722222,-0.095362,-0.095362,-0.097697,-0.012841,0.355433,,,mt5
run_20260426_191100,GER40,index,H4,breakout,session_opening_range,atr_expand_min=0.5|range_bars=12,both,all,REJECT,34,0.294118,0.683380,-0.002516,-0.002516,-0.106870,-0.441038,-0.888363,0.034034,27.264706,-0.086293,-0.086293,-0.077921,-0.016303,0.366766,,,mt5
run_20260426_191100,GER40,index,H4,breakout,london_breakout,atr_expand_min=0.0|utc_end=11|utc_start=7,both,all,REJECT,26,0.346154,0.413636,-0.004757,-0.004757,-0.123463,-0.858379,-1.812047,0.026026,19.230769,-0.118638,-0.118638,-0.055980,-0.053066,0.540382,,,mt5
run_20260426_191100,GER40,index,H4,breakout,london_breakout,atr_expand_min=0.5|utc_end=11|utc_start=7,both,all,REJECT,26,0.346154,0.413636,-0.004757,-0.004757,-0.123463,-0.858379,-1.812047,0.026026,19.230769,-0.118638,-0.118638,-0.055980,-0.053066,0.540382,,,mt5
run_20260426_191100,GER40,index,H4,breakout,ny_breakout,atr_expand_min=0.0|utc_end=16|utc_start=13,both,all,NEEDS_MORE_DATA,0,,,,,,,,,,,,,,,,only 0 trades < min 20,mt5
run_20260426_191100,GER40,index,H4,breakout,ny_breakout,atr_expand_min=0.5|utc_end=16|utc_start=13,both,all,NEEDS_MORE_DATA,0,,,,,,,,,,,,,,,,only 0 trades < min 20,mt5
run_20260426_191100,GER40,index,H4,mean_reversion,rsi_extreme,overbought=70|oversold=30|period=14,both,all,NEEDS_MORE_DATA,18,,,,,,,,,,,,,,,,only 18 trades < min 20,mt5
run_20260426_191100,GER40,index,H4,mean_reversion,rsi_extreme,overbought=75|oversold=30|period=14,both,all,NEEDS_MORE_DATA,15,,,,,,,,,,,,,,,,only 15 trades < min 20,mt5
run_20260426_191100,GER40,index,H4,mean_reversion,rsi_extreme,overbought=70|oversold=25|period=14,both,all,NEEDS_MORE_DATA,13,,,,,,,,,,,,,,,,only 13 trades < min 20,mt5
run_20260426_191100,GER40,index,H4,mean_reversion,rsi_extreme,overbought=75|oversold=25|period=14,both,all,NEEDS_MORE_DATA,10,,,,,,,,,,,,,,,,only 10 trades < min 20,mt5
run_20260426_191100,GER40,index,H4,mean_reversion,bollinger_touch,num_std=2.0|period=20,both,all,WEAK_CANDIDATE,37,0.702703,1.673936,0.002493,0.002493,-0.037410,0.626441,1.273985,0.037037,12.783784,0.093617,0.093617,0.026616,0.065264,0.422000,,,mt5
run_20260426_191100,GER40,index,H4,mean_reversion,bollinger_touch,num_std=2.5|period=20,both,all,NEEDS_MORE_DATA,17,,,,,,,,,,,,,,,,only 17 trades < min 20,mt5
run_20260426_191100,GER40,index,H4,mean_reversion,vwap_deviation,std_threshold=1.5,both,all,NEEDS_MORE_DATA,15,,,,,,,,,,,,,,,,only 15 trades < min 20,mt5
run_20260426_191100,GER40,index,H4,mean_reversion,vwap_deviation,std_threshold=2.0,both,all,NEEDS_MORE_DATA,13,,,,,,,,,,,,,,,,only 13 trades < min 20,mt5
run_20260426_191100,GER40,index,H4,volatility,bb_squeeze_breakout,confirm_ema=True|period=20|squeeze_pct=20,both,all,REJECT,24,0.291667,0.252122,-0.003953,-0.003953,-0.099873,-1.213951,-2.769933,0.024024,8.750000,-0.091215,-0.091215,-0.073544,-0.019074,0.321807,,,mt5
run_20260426_191100,GER40,index,H4,volatility,bb_squeeze_breakout,confirm_ema=False|period=20|squeeze_pct=20,both,all,REJECT,23,0.260870,0.208173,-0.004779,-0.004779,-0.107585,-1.360804,-3.268475,0.023023,9.608696,-0.104830,-0.104830,-0.073544,-0.033770,0.375753,,,mt5
run_20260426_191100,GER40,index,H4,volatility,bb_squeeze_breakout,confirm_ema=True|period=20|squeeze_pct=30,both,all,REJECT,21,0.333333,0.185054,-0.005325,-0.005325,-0.106678,-1.280854,-3.057297,0.021021,8.190476,-0.106678,-0.106678,-0.062343,-0.047282,0.453527,,,mt5
run_20260426_191100,GER40,index,H4,volatility,bb_squeeze_breakout,confirm_ema=False|period=20|squeeze_pct=30,both,all,REJECT,21,0.285714,0.161871,-0.005710,-0.005710,-0.113869,-1.363672,-3.353993,0.021021,8.285714,-0.113869,-0.113869,-0.062343,-0.054952,0.490435,,,mt5
run_20260426_191100,GER40,index,H4,volatility,atr_compression,confirm_ema=True|period=14|squeeze_pct=20,both,all,REJECT,23,0.217391,0.744917,-0.001481,-0.001481,-0.071317,-0.246782,-0.494146,0.023023,18.304348,-0.035776,-0.035776,-0.046477,-0.001415,0.247136,,,mt5
run_20260426_191100,GER40,index,H4,volatility,atr_compression,confirm_ema=False|period=14|squeeze_pct=20,both,all,REJECT,31,0.322581,0.990510,-0.000036,-0.000036,-0.055964,-0.008075,-0.016086,0.031031,11.000000,-0.003467,-0.003467,-0.031380,0.015960,0.286000,,,mt5
run_20260426_191100,GER40,index,H4,volatility,atr_compression,confirm_ema=True|period=14|squeeze_pct=30,both,all,REJECT,21,0.142857,0.616854,-0.002235,-0.002235,-0.076302,-0.365767,-0.737814,0.021021,16.761905,-0.047805,-0.047805,-0.064492,0.005118,0.226000,,,mt5
run_20260426_191100,GER40,index,H4,volatility,atr_compression,confirm_ema=False|period=14|squeeze_pct=30,both,all,REJECT,23,0.130435,0.789911,-0.001017,-0.001017,-0.064950,-0.174920,-0.349350,0.023023,14.173913,-0.025289,-0.025289,-0.047223,0.010236,0.238000,,,mt5
run_20260426_191100,GER40,index,H4,engine_b_proxy,ob_bos,require_engulf=False|require_vol_expand=False|swing_period=5,both,all,REJECT,23,0.304348,0.538198,-0.004695,-0.004695,-0.132885,-0.604051,-1.242103,0.023023,38.956522,-0.105959,-0.105959,0.008632,-0.088327,0.238000,,,mt5
run_20260426_191100,GER40,index,H4,engine_b_proxy,ob_bos,require_engulf=False|require_vol_expand=True|swing_period=5,both,all,NEEDS_MORE_DATA,16,,,,,,,,,,,,,,,,only 16 trades < min 20,mt5
run_20260426_191100,GER40,index,H4,engine_b_proxy,ob_bos,require_engulf=True|require_vol_expand=False|swing_period=5,both,all,REJECT,20,0.350000,0.644209,-0.003538,-0.003538,-0.110707,-0.404454,-0.818820,0.020020,40.650000,-0.071890,-0.071890,0.020955,-0.065010,0.220000,,,mt5
run_20260426_191100,GER40,index,H4,engine_b_proxy,ob_bos,require_engulf=True|require_vol_expand=True|swing_period=5,both,all,NEEDS_MORE_DATA,16,,,,,,,,,,,,,,,,only 16 trades < min 20,mt5
run_20260426_191100,GER40,index,H4,engine_b_proxy,ob_bos,require_engulf=False|require_vol_expand=False|swing_period=10,both,all,NEEDS_MORE_DATA,18,,,,,,,,,,,,,,,,only 18 trades < min 20,mt5
run_20260426_191100,GER40,index,H4,engine_b_proxy,ob_bos,require_engulf=False|require_vol_expand=True|swing_period=10,both,all,NEEDS_MORE_DATA,13,,,,,,,,,,,,,,,,only 13 trades < min 20,mt5
run_20260426_191100,GER40,index,H4,engine_b_proxy,ob_bos,require_engulf=True|require_vol_expand=False|swing_period=10,both,all,NEEDS_MORE_DATA,17,,,,,,,,,,,,,,,,only 17 trades < min 20,mt5
run_20260426_191100,GER40,index,H4,engine_b_proxy,ob_bos,require_engulf=True|require_vol_expand=True|swing_period=10,both,all,NEEDS_MORE_DATA,13,,,,,,,,,,,,,,,,only 13 trades < min 20,mt5
run_20260426_191100,GER40,index,H4,engine_b_proxy,structure_filters,fvg_detection=False|strong_close_pct=0.7,both,all,REJECT,291,0.295533,0.639853,-0.001148,-0.001148,-0.317228,-1.386520,-2.788036,0.291291,3.312715,-0.289318,-0.289318,-0.152443,-0.163445,0.678349,,,mt5
run_20260426_191100,GER40,index,H4,engine_b_proxy,structure_filters,fvg_detection=True|strong_close_pct=0.7,both,all,REJECT,45,0.222222,0.288544,-0.005950,-0.005950,-0.239084,-1.300444,-2.797389,0.045045,11.822222,-0.239084,-0.239084,-0.068597,-0.183043,0.370000,,,mt5
run_20260426_191100,GER40,index,H4,engine_b_proxy,structure_filters,fvg_detection=False|strong_close_pct=0.8,both,all,REJECT,212,0.297170,0.803905,-0.000637,-0.000637,-0.144711,-0.595906,-1.190193,0.212212,4.278302,-0.132014,-0.132014,-0.087114,-0.051397,0.576998,,,mt5
run_20260426_191100,GER40,index,H4,engine_b_proxy,structure_filters,fvg_detection=True|strong_close_pct=0.8,both,all,REJECT,34,0.205882,0.288308,-0.006440,-0.006440,-0.200606,-1.121745,-2.412215,0.034034,13.117647,-0.200606,-0.200606,-0.073504,-0.137185,0.344094,,,mt5
run_20260426_191100,GER40,index,H4,engine_d_proxy,vwap_reclaim,atr_sl_mult=0.5|band_std=0.5,both,all,NEEDS_MORE_DATA,15,,,,,,,,,,,,,,,,only 15 trades < min 20,mt5
run_20260426_191100,GER40,index,H4,engine_d_proxy,vwap_reclaim,atr_sl_mult=1.0|band_std=0.5,both,all,NEEDS_MORE_DATA,15,,,,,,,,,,,,,,,,only 15 trades < min 20,mt5
run_20260426_191100,GER40,index,H4,engine_d_proxy,vwap_reclaim,atr_sl_mult=0.5|band_std=1.0,both,all,NEEDS_MORE_DATA,9,,,,,,,,,,,,,,,,only 9 trades < min 20,mt5
run_20260426_191100,GER40,index,H4,engine_d_proxy,vwap_reclaim,atr_sl_mult=1.0|band_std=1.0,both,all,NEEDS_MORE_DATA,9,,,,,,,,,,,,,,,,only 9 trades < min 20,mt5
run_20260426_191100,GER40,index,H4,engine_d_proxy,micro_breakout,atr_sl_mult=0.5|fee_guard_r=0.5|range_bars=3,both,all,WEAK_CANDIDATE,105,0.371429,1.066419,0.000273,0.000273,-0.094942,0.122084,0.243259,0.105105,9.390476,0.022026,0.022026,-0.007016,0.036282,0.500000,,,mt5
run_20260426_191100,GER40,index,H4,engine_d_proxy,micro_breakout,atr_sl_mult=1.0|fee_guard_r=0.5|range_bars=3,both,all,WEAK_CANDIDATE,105,0.371429,1.066419,0.000273,0.000273,-0.094942,0.122084,0.243259,0.105105,9.390476,0.022026,0.022026,-0.007016,0.036282,0.500000,,,mt5
run_20260426_191100,GER40,index,H4,engine_d_proxy,micro_breakout,atr_sl_mult=0.5|fee_guard_r=0.5|range_bars=6,both,all,REJECT,64,0.281250,0.532955,-0.003626,-0.003626,-0.220866,-0.947425,-1.938480,0.064064,15.031250,-0.213101,-0.213101,-0.078966,-0.133457,0.492983,,,mt5
run_20260426_191100,GER40,index,H4,engine_d_proxy,micro_breakout,atr_sl_mult=1.0|fee_guard_r=0.5|range_bars=6,both,all,REJECT,64,0.281250,0.532955,-0.003626,-0.003626,-0.220866,-0.947425,-1.938480,0.064064,15.031250,-0.213101,-0.213101,-0.078966,-0.133457,0.492983,,,mt5
run_20260426_191100,GER40,index,H4,engine_d_proxy,ema_scalp_pullback,atr_sl_mult=0.5|ema_period=21,both,all,REJECT,125,0.184000,0.533763,-0.002054,-0.002054,-0.242805,-1.177915,-2.393025,0.125125,7.704000,-0.230983,-0.230983,-0.159416,-0.082248,0.554780,,,mt5
run_20260426_191100,GER40,index,H4,engine_d_proxy,ema_scalp_pullback,atr_sl_mult=1.0|ema_period=21,both,all,REJECT,124,0.177419,0.556653,-0.001980,-0.001980,-0.245248,-1.055295,-2.135799,0.124124,7.830645,-0.222952,-0.222952,-0.158218,-0.073984,0.540282,,,mt5
run_20260426_191100,XAG/USD,commodity,H4,trend_momentum,ema_cross,adx_min=0|fast_period=10|rsi_confirm=False|slow_period=50,both,all,WEAK_CANDIDATE,22,0.227273,2.077687,0.023303,0.023303,-0.162066,0.367310,0.740564,0.022022,44.909091,0.392134,0.392134,0.612615,-0.161898,0.332000,,,mt5
run_20260426_191100,XAG/USD,commodity,H4,trend_momentum,ema_cross,adx_min=0|fast_period=10|rsi_confirm=True|slow_period=50,both,all,NEEDS_MORE_DATA,19,,,,,,,,,,,,,,,,only 19 trades < min 20,mt5
run_20260426_191100,XAG/USD,commodity,H4,trend_momentum,ema_cross,adx_min=20|fast_period=10|rsi_confirm=False|slow_period=50,both,all,WEAK_CANDIDATE,21,0.238095,2.107366,0.024731,0.024731,-0.162066,0.372131,0.750984,0.021021,46.857143,0.401526,0.401526,0.623494,-0.161898,0.326000,,,mt5
run_20260426_191100,XAG/USD,commodity,H4,trend_momentum,ema_cross,adx_min=20|fast_period=10|rsi_confirm=True|slow_period=50,both,all,NEEDS_MORE_DATA,18,,,,,,,,,,,,,,,,only 18 trades < min 20,mt5
run_20260426_191100,XAG/USD,commodity,H4,trend_momentum,ema_cross,adx_min=25|fast_period=10|rsi_confirm=False|slow_period=50,both,all,NEEDS_MORE_DATA,19,,,,,,,,,,,,,,,,only 19 trades < min 20,mt5
run_20260426_191100,XAG/USD,commodity,H4,trend_momentum,ema_cross,adx_min=25|fast_period=10|rsi_confirm=True|slow_period=50,both,all,NEEDS_MORE_DATA,16,,,,,,,,,,,,,,,,only 16 trades < min 20,mt5
run_20260426_191100,XAG/USD,commodity,H4,trend_momentum,ema_cross,adx_min=0|fast_period=10|rsi_confirm=False|slow_period=100,both,all,NEEDS_MORE_DATA,14,,,,,,,,,,,,,,,,only 14 trades < min 20,mt5
run_20260426_191100,XAG/USD,commodity,H4,trend_momentum,ema_cross,adx_min=0|fast_period=10|rsi_confirm=True|slow_period=100,both,all,NEEDS_MORE_DATA,12,,,,,,,,,,,,,,,,only 12 trades < min 20,mt5
run_20260426_191100,XAG/USD,commodity,H4,trend_momentum,ema_cross,adx_min=20|fast_period=10|rsi_confirm=False|slow_period=100,both,all,NEEDS_MORE_DATA,13,,,,,,,,,,,,,,,,only 13 trades < min 20,mt5
run_20260426_191100,XAG/USD,commodity,H4,trend_momentum,ema_cross,adx_min=20|fast_period=10|rsi_confirm=True|slow_period=100,both,all,NEEDS_MORE_DATA,11,,,,,,,,,,,,,,,,only 11 trades < min 20,mt5
run_20260426_191100,XAG/USD,commodity,H4,trend_momentum,ema_cross,adx_min=25|fast_period=10|rsi_confirm=False|slow_period=100,both,all,NEEDS_MORE_DATA,12,,,,,,,,,,,,,,,,only 12 trades < min 20,mt5
run_20260426_191100,XAG/USD,commodity,H4,trend_momentum,ema_cross,adx_min=25|fast_period=10|rsi_confirm=True|slow_period=100,both,all,NEEDS_MORE_DATA,10,,,,,,,,,,,,,,,,only 10 trades < min 20,mt5
run_20260426_191100,XAG/USD,commodity,H4,trend_momentum,ema_cross,adx_min=0|fast_period=10|rsi_confirm=False|slow_period=200,both,all,NEEDS_MORE_DATA,14,,,,,,,,,,,,,,,,only 14 trades < min 20,mt5
run_20260426_191100,XAG/USD,commodity,H4,trend_momentum,ema_cross,adx_min=0|fast_period=10|rsi_confirm=True|slow_period=200,both,all,NEEDS_MORE_DATA,11,,,,,,,,,,,,,,,,only 11 trades < min 20,mt5
run_20260426_191100,XAG/USD,commodity,H4,trend_momentum,ema_cross,adx_min=20|fast_period=10|rsi_confirm=False|slow_period=200,both,all,NEEDS_MORE_DATA,13,,,,,,,,,,,,,,,,only 13 trades < min 20,mt5
run_20260426_191100,XAG/USD,commodity,H4,trend_momentum,ema_cross,adx_min=20|fast_period=10|rsi_confirm=True|slow_period=200,both,all,NEEDS_MORE_DATA,10,,,,,,,,,,,,,,,,only 10 trades < min 20,mt5
run_20260426_191100,XAG/USD,commodity,H4,trend_momentum,ema_cross,adx_min=25|fast_period=10|rsi_confirm=False|slow_period=200,both,all,NEEDS_MORE_DATA,13,,,,,,,,,,,,,,,,only 13 trades < min 20,mt5
run_20260426_191100,XAG/USD,commodity,H4,trend_momentum,ema_cross,adx_min=25|fast_period=10|rsi_confirm=True|slow_period=200,both,all,NEEDS_MORE_DATA,10,,,,,,,,,,,,,,,,only 10 trades < min 20,mt5
run_20260426_191100,XAG/USD,commodity,H4,trend_momentum,ema_cross,adx_min=0|fast_period=20|rsi_confirm=False|slow_period=50,both,all,NEEDS_MORE_DATA,16,,,,,,,,,,,,,,,,only 16 trades < min 20,mt5
run_20260426_191100,XAG/USD,commodity,H4,trend_momentum,ema_cross,adx_min=0|fast_period=20|rsi_confirm=True|slow_period=50,both,all,NEEDS_MORE_DATA,14,,,,,,,,,,,,,,,,only 14 trades < min 20,mt5
run_20260426_191100,XAG/USD,commodity,H4,trend_momentum,ema_cross,adx_min=20|fast_period=20|rsi_confirm=False|slow_period=50,both,all,NEEDS_MORE_DATA,15,,,,,,,,,,,,,,,,only 15 trades < min 20,mt5
run_20260426_191100,XAG/USD,commodity,H4,trend_momentum,ema_cross,adx_min=20|fast_period=20|rsi_confirm=True|slow_period=50,both,all,NEEDS_MORE_DATA,13,,,,,,,,,,,,,,,,only 13 trades < min 20,mt5
run_20260426_191100,XAG/USD,commodity,H4,trend_momentum,ema_cross,adx_min=25|fast_period=20|rsi_confirm=False|slow_period=50,both,all,NEEDS_MORE_DATA,14,,,,,,,,,,,,,,,,only 14 trades < min 20,mt5
run_20260426_191100,XAG/USD,commodity,H4,trend_momentum,ema_cross,adx_min=25|fast_period=20|rsi_confirm=True|slow_period=50,both,all,NEEDS_MORE_DATA,12,,,,,,,,,,,,,,,,only 12 trades < min 20,mt5
run_20260426_191100,XAG/USD,commodity,H4,trend_momentum,ema_cross,adx_min=0|fast_period=20|rsi_confirm=False|slow_period=100,both,all,NEEDS_MORE_DATA,12,,,,,,,,,,,,,,,,only 12 trades < min 20,mt5
run_20260426_191100,XAG/USD,commodity,H4,trend_momentum,ema_cross,adx_min=0|fast_period=20|rsi_confirm=True|slow_period=100,both,all,NEEDS_MORE_DATA,10,,,,,,,,,,,,,,,,only 10 trades < min 20,mt5
run_20260426_191100,XAG/USD,commodity,H4,trend_momentum,ema_cross,adx_min=20|fast_period=20|rsi_confirm=False|slow_period=100,both,all,NEEDS_MORE_DATA,11,,,,,,,,,,,,,,,,only 11 trades < min 20,mt5
run_20260426_191100,XAG/USD,commodity,H4,trend_momentum,ema_cross,adx_min=20|fast_period=20|rsi_confirm=True|slow_period=100,both,all,NEEDS_MORE_DATA,9,,,,,,,,,,,,,,,,only 9 trades < min 20,mt5
run_20260426_191100,XAG/USD,commodity,H4,trend_momentum,ema_cross,adx_min=25|fast_period=20|rsi_confirm=False|slow_period=100,both,all,NEEDS_MORE_DATA,11,,,,,,,,,,,,,,,,only 11 trades < min 20,mt5
run_20260426_191100,XAG/USD,commodity,H4,trend_momentum,ema_cross,adx_min=25|fast_period=20|rsi_confirm=True|slow_period=100,both,all,NEEDS_MORE_DATA,9,,,,,,,,,,,,,,,,only 9 trades < min 20,mt5
run_20260426_191100,XAG/USD,commodity,H4,trend_momentum,ema_cross,adx_min=0|fast_period=20|rsi_confirm=False|slow_period=200,both,all,NEEDS_MORE_DATA,10,,,,,,,,,,,,,,,,only 10 trades < min 20,mt5
run_20260426_191100,XAG/USD,commodity,H4,trend_momentum,ema_cross,adx_min=0|fast_period=20|rsi_confirm=True|slow_period=200,both,all,NEEDS_MORE_DATA,8,,,,,,,,,,,,,,,,only 8 trades < min 20,mt5
run_20260426_191100,XAG/USD,commodity,H4,trend_momentum,ema_cross,adx_min=20|fast_period=20|rsi_confirm=False|slow_period=200,both,all,NEEDS_MORE_DATA,9,,,,,,,,,,,,,,,,only 9 trades < min 20,mt5
run_20260426_191100,XAG/USD,commodity,H4,trend_momentum,ema_cross,adx_min=20|fast_period=20|rsi_confirm=True|slow_period=200,both,all,NEEDS_MORE_DATA,7,,,,,,,,,,,,,,,,only 7 trades < min 20,mt5
run_20260426_191100,XAG/USD,commodity,H4,trend_momentum,ema_cross,adx_min=25|fast_period=20|rsi_confirm=False|slow_period=200,both,all,NEEDS_MORE_DATA,9,,,,,,,,,,,,,,,,only 9 trades < min 20,mt5
run_20260426_191100,XAG/USD,commodity,H4,trend_momentum,ema_cross,adx_min=25|fast_period=20|rsi_confirm=True|slow_period=200,both,all,NEEDS_MORE_DATA,7,,,,,,,,,,,,,,,,only 7 trades < min 20,mt5
run_20260426_191100,XAG/USD,commodity,H4,trend_momentum,ema_alignment,adx_min=0|ema_long=200|ema_mid=50|ema_short=20,both,all,NEEDS_MORE_DATA,12,,,,,,,,,,,,,,,,only 12 trades < min 20,mt5
run_20260426_191100,XAG/USD,commodity,H4,trend_momentum,ema_alignment,adx_min=20|ema_long=200|ema_mid=50|ema_short=20,both,all,NEEDS_MORE_DATA,12,,,,,,,,,,,,,,,,only 12 trades < min 20,mt5
run_20260426_191100,XAG/USD,commodity,H4,trend_momentum,ema_alignment,adx_min=25|ema_long=200|ema_mid=50|ema_short=20,both,all,NEEDS_MORE_DATA,12,,,,,,,,,,,,,,,,only 12 trades < min 20,mt5
run_20260426_191100,XAG/USD,commodity,H4,trend_momentum,macd_direction,adx_min=0|fast=12|signal_period=9|slow=26,both,all,REJECT,76,0.315789,1.080096,0.001531,0.001531,-0.290193,0.112795,0.224761,0.076076,12.750000,-0.008439,-0.008439,0.085016,-0.082366,0.400000,,,mt5
run_20260426_191100,XAG/USD,commodity,H4,trend_momentum,macd_direction,adx_min=20|fast=12|signal_period=9|slow=26,both,all,REJECT,75,0.320000,1.084233,0.001625,0.001625,-0.290193,0.118176,0.235492,0.075075,12.880000,-0.002912,-0.002912,0.091064,-0.082366,0.400000,,,mt5
run_20260426_191100,XAG/USD,commodity,H4,pullback,pullback_ema,pullback_period=20|rsi_reclaim=False|rsi_threshold=50|trend_period=200,both,all,WEAK_CANDIDATE,57,0.298246,1.794429,0.008588,0.008588,-0.180280,0.662514,1.339195,0.057057,10.824561,0.529680,0.529680,0.725714,-0.099186,0.500000,,,mt5
run_20260426_191100,XAG/USD,commodity,H4,pullback,pullback_ema,pullback_period=20|rsi_reclaim=True|rsi_threshold=50|trend_period=200,both,all,WEAK_CANDIDATE,47,0.319149,2.301722,0.012921,0.012921,-0.121936,0.846894,1.737945,0.047047,11.851064,0.727979,0.727979,0.857849,-0.054783,0.482000,,,mt5
run_20260426_191100,XAG/USD,commodity,H4,pullback,pullback_ema,pullback_period=50|rsi_reclaim=False|rsi_threshold=50|trend_period=200,both,all,WEAK_CANDIDATE,40,0.150000,2.318195,0.013652,0.013652,-0.163323,0.508569,1.025807,0.040040,14.175000,0.530863,0.530863,0.829694,-0.163323,0.440000,,,mt5
run_20260426_191100,XAG/USD,commodity,H4,pullback,pullback_ema,pullback_period=50|rsi_reclaim=True|rsi_threshold=50|trend_period=200,both,all,WEAK_CANDIDATE,22,0.181818,2.741016,0.019022,0.019022,-0.131755,0.462363,0.938923,0.022022,18.136364,0.396602,0.396602,0.608535,-0.131755,0.332000,,,mt5
run_20260426_191100,XAG/USD,commodity,H4,breakout,prev_day_hl,atr_expand_min=0.0,both,all,REJECT,68,0.308824,0.920631,-0.001788,-0.001788,-0.422168,-0.120926,-0.240987,0.068068,14.455882,-0.215600,-0.215600,-0.028543,-0.188555,0.400000,,,mt5
run_20260426_191100,XAG/USD,commodity,H4,breakout,prev_day_hl,atr_expand_min=0.5,both,all,REJECT,66,0.303030,0.948949,-0.001147,-0.001147,-0.377122,-0.075614,-0.150651,0.066066,14.590909,-0.177900,-0.177900,-0.055484,-0.125297,0.400000,,,mt5
run_20260426_191100,XAG/USD,commodity,H4,breakout,prev_day_hl,atr_expand_min=1.0,both,all,REJECT,55,0.290909,0.964519,-0.000755,-0.000755,-0.348202,-0.047464,-0.094558,0.055055,14.254545,-0.123988,-0.123988,0.213357,-0.274601,0.400000,,,mt5
run_20260426_191100,XAG/USD,commodity,H4,breakout,session_opening_range,atr_expand_min=0.0|range_bars=6,both,all,WEAK_CANDIDATE,47,0.425532,1.351777,0.007559,0.007559,-0.208162,0.368261,0.737629,0.047047,20.617021,0.279248,0.279248,0.188306,0.033802,0.535851,,,mt5
run_20260426_191100,XAG/USD,commodity,H4,breakout,session_opening_range,atr_expand_min=0.5|range_bars=6,both,all,WEAK_CANDIDATE,47,0.425532,1.336723,0.007235,0.007235,-0.208162,0.352811,0.706362,0.047047,20.531915,0.260207,0.260207,0.170619,0.033802,0.541434,,,mt5
run_20260426_191100,XAG/USD,commodity,H4,breakout,session_opening_range,atr_expand_min=0.0|range_bars=12,both,all,WEAK_CANDIDATE,27,0.333333,1.631330,0.018833,0.018833,-0.355133,0.396130,0.798115,0.027027,35.777778,0.395400,0.395400,0.586630,-0.156897,0.362000,,,mt5
run_20260426_191100,XAG/USD,commodity,H4,breakout,session_opening_range,atr_expand_min=0.5|range_bars=12,both,all,WEAK_CANDIDATE,27,0.333333,1.631330,0.018833,0.018833,-0.355133,0.396130,0.798115,0.027027,35.777778,0.395400,0.395400,0.586630,-0.156897,0.362000,,,mt5
run_20260426_191100,XAG/USD,commodity,H4,breakout,london_breakout,atr_expand_min=0.0|utc_end=11|utc_start=7,both,all,NEEDS_MORE_DATA,13,,,,,,,,,,,,,,,,only 13 trades < min 20,mt5
run_20260426_191100,XAG/USD,commodity,H4,breakout,london_breakout,atr_expand_min=0.5|utc_end=11|utc_start=7,both,all,NEEDS_MORE_DATA,13,,,,,,,,,,,,,,,,only 13 trades < min 20,mt5
run_20260426_191100,XAG/USD,commodity,H4,breakout,ny_breakout,atr_expand_min=0.0|utc_end=16|utc_start=13,both,all,NEEDS_MORE_DATA,0,,,,,,,,,,,,,,,,only 0 trades < min 20,mt5
run_20260426_191100,XAG/USD,commodity,H4,breakout,ny_breakout,atr_expand_min=0.5|utc_end=16|utc_start=13,both,all,NEEDS_MORE_DATA,0,,,,,,,,,,,,,,,,only 0 trades < min 20,mt5
run_20260426_191100,XAG/USD,commodity,H4,mean_reversion,rsi_extreme,overbought=70|oversold=30|period=14,both,all,NEEDS_MORE_DATA,12,,,,,,,,,,,,,,,,only 12 trades < min 20,mt5
run_20260426_191100,XAG/USD,commodity,H4,mean_reversion,rsi_extreme,overbought=75|oversold=30|period=14,both,all,NEEDS_MORE_DATA,10,,,,,,,,,,,,,,,,only 10 trades < min 20,mt5
run_20260426_191100,XAG/USD,commodity,H4,mean_reversion,rsi_extreme,overbought=70|oversold=25|period=14,both,all,NEEDS_MORE_DATA,12,,,,,,,,,,,,,,,,only 12 trades < min 20,mt5
run_20260426_191100,XAG/USD,commodity,H4,mean_reversion,rsi_extreme,overbought=75|oversold=25|period=14,both,all,NEEDS_MORE_DATA,10,,,,,,,,,,,,,,,,only 10 trades < min 20,mt5
run_20260426_191100,XAG/USD,commodity,H4,mean_reversion,bollinger_touch,num_std=2.0|period=20,both,all,REJECT,31,0.548387,0.703512,-0.008416,-0.008416,-0.348198,-0.367315,-0.737910,0.031031,17.580645,-0.278961,-0.278961,-0.241256,-0.062061,0.363172,,,mt5
run_20260426_191100,XAG/USD,commodity,H4,mean_reversion,bollinger_touch,num_std=2.5|period=20,both,all,NEEDS_MORE_DATA,19,,,,,,,,,,,,,,,,only 19 trades < min 20,mt5
run_20260426_191100,XAG/USD,commodity,H4,mean_reversion,vwap_deviation,std_threshold=1.5,both,all,NEEDS_MORE_DATA,5,,,,,,,,,,,,,,,,only 5 trades < min 20,mt5
run_20260426_191100,XAG/USD,commodity,H4,mean_reversion,vwap_deviation,std_threshold=2.0,both,all,NEEDS_MORE_DATA,3,,,,,,,,,,,,,,,,only 3 trades < min 20,mt5
run_20260426_191100,XAG/USD,commodity,H4,volatility,bb_squeeze_breakout,confirm_ema=True|period=20|squeeze_pct=20,both,all,NEEDS_MORE_DATA,13,,,,,,,,,,,,,,,,only 13 trades < min 20,mt5
run_20260426_191100,XAG/USD,commodity,H4,volatility,bb_squeeze_breakout,confirm_ema=False|period=20|squeeze_pct=20,both,all,NEEDS_MORE_DATA,13,,,,,,,,,,,,,,,,only 13 trades < min 20,mt5
run_20260426_191100,XAG/USD,commodity,H4,volatility,bb_squeeze_breakout,confirm_ema=True|period=20|squeeze_pct=30,both,all,NEEDS_MORE_DATA,18,,,,,,,,,,,,,,,,only 18 trades < min 20,mt5
run_20260426_191100,XAG/USD,commodity,H4,volatility,bb_squeeze_breakout,confirm_ema=False|period=20|squeeze_pct=30,both,all,NEEDS_MORE_DATA,17,,,,,,,,,,,,,,,,only 17 trades < min 20,mt5
run_20260426_191100,XAG/USD,commodity,H4,volatility,atr_compression,confirm_ema=True|period=14|squeeze_pct=20,both,all,NEEDS_MORE_DATA,9,,,,,,,,,,,,,,,,only 9 trades < min 20,mt5
run_20260426_191100,XAG/USD,commodity,H4,volatility,atr_compression,confirm_ema=False|period=14|squeeze_pct=20,both,all,NEEDS_MORE_DATA,11,,,,,,,,,,,,,,,,only 11 trades < min 20,mt5
run_20260426_191100,XAG/USD,commodity,H4,volatility,atr_compression,confirm_ema=True|period=14|squeeze_pct=30,both,all,NEEDS_MORE_DATA,8,,,,,,,,,,,,,,,,only 8 trades < min 20,mt5
run_20260426_191100,XAG/USD,commodity,H4,volatility,atr_compression,confirm_ema=False|period=14|squeeze_pct=30,both,all,NEEDS_MORE_DATA,10,,,,,,,,,,,,,,,,only 10 trades < min 20,mt5
run_20260426_191100,XAG/USD,commodity,H4,engine_b_proxy,ob_bos,require_engulf=False|require_vol_expand=False|swing_period=5,both,all,NEEDS_MORE_DATA,11,,,,,,,,,,,,,,,,only 11 trades < min 20,mt5
run_20260426_191100,XAG/USD,commodity,H4,engine_b_proxy,ob_bos,require_engulf=False|require_vol_expand=True|swing_period=5,both,all,NEEDS_MORE_DATA,9,,,,,,,,,,,,,,,,only 9 trades < min 20,mt5
run_20260426_191100,XAG/USD,commodity,H4,engine_b_proxy,ob_bos,require_engulf=True|require_vol_expand=False|swing_period=5,both,all,NEEDS_MORE_DATA,11,,,,,,,,,,,,,,,,only 11 trades < min 20,mt5
run_20260426_191100,XAG/USD,commodity,H4,engine_b_proxy,ob_bos,require_engulf=True|require_vol_expand=True|swing_period=5,both,all,NEEDS_MORE_DATA,9,,,,,,,,,,,,,,,,only 9 trades < min 20,mt5
run_20260426_191100,XAG/USD,commodity,H4,engine_b_proxy,ob_bos,require_engulf=False|require_vol_expand=False|swing_period=10,both,all,NEEDS_MORE_DATA,8,,,,,,,,,,,,,,,,only 8 trades < min 20,mt5
run_20260426_191100,XAG/USD,commodity,H4,engine_b_proxy,ob_bos,require_engulf=False|require_vol_expand=True|swing_period=10,both,all,NEEDS_MORE_DATA,8,,,,,,,,,,,,,,,,only 8 trades < min 20,mt5
run_20260426_191100,XAG/USD,commodity,H4,engine_b_proxy,ob_bos,require_engulf=True|require_vol_expand=False|swing_period=10,both,all,NEEDS_MORE_DATA,8,,,,,,,,,,,,,,,,only 8 trades < min 20,mt5
run_20260426_191100,XAG/USD,commodity,H4,engine_b_proxy,ob_bos,require_engulf=True|require_vol_expand=True|swing_period=10,both,all,NEEDS_MORE_DATA,7,,,,,,,,,,,,,,,,only 7 trades < min 20,mt5
run_20260426_191100,XAG/USD,commodity,H4,engine_b_proxy,structure_filters,fvg_detection=False|strong_close_pct=0.7,both,all,REJECT,289,0.283737,0.756975,-0.002848,-0.002848,-0.637715,-0.741687,-1.481459,0.289289,3.335640,-0.621840,-0.621840,-0.334075,-0.416276,0.626183,,,mt5
run_20260426_191100,XAG/USD,commodity,H4,engine_b_proxy,structure_filters,fvg_detection=True|strong_close_pct=0.7,both,all,WEAK_CANDIDATE,38,0.500000,1.897580,0.012871,0.012871,-0.143213,0.709699,1.450938,0.038038,14.289474,0.538974,0.538974,0.369350,0.123872,0.528614,,,mt5
run_20260426_191100,XAG/USD,commodity,H4,engine_b_proxy,structure_filters,fvg_detection=False|strong_close_pct=0.8,both,all,REJECT,197,0.304569,0.805449,-0.002564,-0.002564,-0.549756,-0.466449,-0.930828,0.197197,4.664975,-0.475333,-0.475333,-0.029687,-0.444196,0.400000,,,mt5
run_20260426_191100,XAG/USD,commodity,H4,engine_b_proxy,structure_filters,fvg_detection=True|strong_close_pct=0.8,both,all,WEAK_CANDIDATE,31,0.483871,1.677078,0.010883,0.010883,-0.197006,0.531774,1.078402,0.031031,14.903226,0.333781,0.333781,0.096199,0.216732,0.386000,,,mt5
run_20260426_191100,XAG/USD,commodity,H4,engine_d_proxy,vwap_reclaim,atr_sl_mult=0.5|band_std=0.5,both,all,NEEDS_MORE_DATA,11,,,,,,,,,,,,,,,,only 11 trades < min 20,mt5
run_20260426_191100,XAG/USD,commodity,H4,engine_d_proxy,vwap_reclaim,atr_sl_mult=1.0|band_std=0.5,both,all,NEEDS_MORE_DATA,11,,,,,,,,,,,,,,,,only 11 trades < min 20,mt5
run_20260426_191100,XAG/USD,commodity,H4,engine_d_proxy,vwap_reclaim,atr_sl_mult=0.5|band_std=1.0,both,all,NEEDS_MORE_DATA,5,,,,,,,,,,,,,,,,only 5 trades < min 20,mt5
run_20260426_191100,XAG/USD,commodity,H4,engine_d_proxy,vwap_reclaim,atr_sl_mult=1.0|band_std=1.0,both,all,NEEDS_MORE_DATA,5,,,,,,,,,,,,,,,,only 5 trades < min 20,mt5
run_20260426_191100,XAG/USD,commodity,H4,engine_d_proxy,micro_breakout,atr_sl_mult=0.5|fee_guard_r=0.5|range_bars=3,both,all,WEAK_CANDIDATE,90,0.344444,1.114724,0.001988,0.001988,-0.214073,0.173242,0.345313,0.090090,11.033333,0.054870,0.054870,0.252137,-0.125603,0.500000,,,mt5
run_20260426_191100,XAG/USD,commodity,H4,engine_d_proxy,micro_breakout,atr_sl_mult=1.0|fee_guard_r=0.5|range_bars=3,both,all,WEAK_CANDIDATE,90,0.344444,1.114724,0.001988,0.001988,-0.214073,0.173242,0.345313,0.090090,11.033333,0.054870,0.054870,0.252137,-0.125603,0.500000,,,mt5
run_20260426_191100,XAG/USD,commodity,H4,engine_d_proxy,micro_breakout,atr_sl_mult=0.5|fee_guard_r=0.5|range_bars=6,both,all,WEAK_CANDIDATE,47,0.425532,1.351777,0.007559,0.007559,-0.208162,0.368261,0.737629,0.047047,20.617021,0.279248,0.279248,0.188306,0.033802,0.535851,,,mt5
run_20260426_191100,XAG/USD,commodity,H4,engine_d_proxy,micro_breakout,atr_sl_mult=1.0|fee_guard_r=0.5|range_bars=6,both,all,WEAK_CANDIDATE,47,0.425532,1.351777,0.007559,0.007559,-0.208162,0.368261,0.737629,0.047047,20.617021,0.279248,0.279248,0.188306,0.033802,0.535851,,,mt5
run_20260426_191100,XAG/USD,commodity,H4,engine_d_proxy,ema_scalp_pullback,atr_sl_mult=0.5|ema_period=21,both,all,WEAK_CANDIDATE,104,0.269231,1.222402,0.002800,0.002800,-0.237486,0.313463,0.625485,0.104104,9.384615,0.208129,0.208129,0.197157,0.010104,0.515374,,,mt5
run_20260426_191100,XAG/USD,commodity,H4,engine_d_proxy,ema_scalp_pullback,atr_sl_mult=1.0|ema_period=21,both,all,WEAK_CANDIDATE,104,0.269231,1.222402,0.002800,0.002800,-0.237486,0.313463,0.625485,0.104104,9.384615,0.208129,0.208129,0.197157,0.010104,0.515374,,,mt5
run_20260426_191100,WTI Oil,commodity,H4,trend_momentum,ema_cross,adx_min=0|fast_period=10|rsi_confirm=False|slow_period=50,both,all,NEEDS_MORE_DATA,3,,,,,,,,,,,,,,,,only 3 trades < min 20,eodhd
run_20260426_191100,WTI Oil,commodity,H4,trend_momentum,ema_cross,adx_min=0|fast_period=10|rsi_confirm=True|slow_period=50,both,all,NEEDS_MORE_DATA,1,,,,,,,,,,,,,,,,only 1 trades < min 20,eodhd
run_20260426_191100,WTI Oil,commodity,H4,trend_momentum,ema_cross,adx_min=20|fast_period=10|rsi_confirm=False|slow_period=50,both,all,NEEDS_MORE_DATA,3,,,,,,,,,,,,,,,,only 3 trades < min 20,eodhd
run_20260426_191100,WTI Oil,commodity,H4,trend_momentum,ema_cross,adx_min=20|fast_period=10|rsi_confirm=True|slow_period=50,both,all,NEEDS_MORE_DATA,1,,,,,,,,,,,,,,,,only 1 trades < min 20,eodhd
run_20260426_191100,WTI Oil,commodity,H4,trend_momentum,ema_cross,adx_min=25|fast_period=10|rsi_confirm=False|slow_period=50,both,all,NEEDS_MORE_DATA,3,,,,,,,,,,,,,,,,only 3 trades < min 20,eodhd
run_20260426_191100,WTI Oil,commodity,H4,trend_momentum,ema_cross,adx_min=25|fast_period=10|rsi_confirm=True|slow_period=50,both,all,NEEDS_MORE_DATA,1,,,,,,,,,,,,,,,,only 1 trades < min 20,eodhd
run_20260426_191100,WTI Oil,commodity,H4,trend_momentum,ema_cross,adx_min=0|fast_period=10|rsi_confirm=False|slow_period=100,both,all,NEEDS_MORE_DATA,3,,,,,,,,,,,,,,,,only 3 trades < min 20,eodhd
run_20260426_191100,WTI Oil,commodity,H4,trend_momentum,ema_cross,adx_min=0|fast_period=10|rsi_confirm=True|slow_period=100,both,all,NEEDS_MORE_DATA,1,,,,,,,,,,,,,,,,only 1 trades < min 20,eodhd
run_20260426_191100,WTI Oil,commodity,H4,trend_momentum,ema_cross,adx_min=20|fast_period=10|rsi_confirm=False|slow_period=100,both,all,NEEDS_MORE_DATA,3,,,,,,,,,,,,,,,,only 3 trades < min 20,eodhd
run_20260426_191100,WTI Oil,commodity,H4,trend_momentum,ema_cross,adx_min=20|fast_period=10|rsi_confirm=True|slow_period=100,both,all,NEEDS_MORE_DATA,1,,,,,,,,,,,,,,,,only 1 trades < min 20,eodhd
run_20260426_191100,WTI Oil,commodity,H4,trend_momentum,ema_cross,adx_min=25|fast_period=10|rsi_confirm=False|slow_period=100,both,all,NEEDS_MORE_DATA,3,,,,,,,,,,,,,,,,only 3 trades < min 20,eodhd
run_20260426_191100,WTI Oil,commodity,H4,trend_momentum,ema_cross,adx_min=25|fast_period=10|rsi_confirm=True|slow_period=100,both,all,NEEDS_MORE_DATA,1,,,,,,,,,,,,,,,,only 1 trades < min 20,eodhd
run_20260426_191100,WTI Oil,commodity,H4,trend_momentum,ema_cross,adx_min=0|fast_period=10|rsi_confirm=False|slow_period=200,both,all,NEEDS_MORE_DATA,3,,,,,,,,,,,,,,,,only 3 trades < min 20,eodhd
run_20260426_191100,WTI Oil,commodity,H4,trend_momentum,ema_cross,adx_min=0|fast_period=10|rsi_confirm=True|slow_period=200,both,all,NEEDS_MORE_DATA,1,,,,,,,,,,,,,,,,only 1 trades < min 20,eodhd
run_20260426_191100,WTI Oil,commodity,H4,trend_momentum,ema_cross,adx_min=20|fast_period=10|rsi_confirm=False|slow_period=200,both,all,NEEDS_MORE_DATA,3,,,,,,,,,,,,,,,,only 3 trades < min 20,eodhd
run_20260426_191100,WTI Oil,commodity,H4,trend_momentum,ema_cross,adx_min=20|fast_period=10|rsi_confirm=True|slow_period=200,both,all,NEEDS_MORE_DATA,1,,,,,,,,,,,,,,,,only 1 trades < min 20,eodhd
run_20260426_191100,WTI Oil,commodity,H4,trend_momentum,ema_cross,adx_min=25|fast_period=10|rsi_confirm=False|slow_period=200,both,all,NEEDS_MORE_DATA,3,,,,,,,,,,,,,,,,only 3 trades < min 20,eodhd
run_20260426_191100,WTI Oil,commodity,H4,trend_momentum,ema_cross,adx_min=25|fast_period=10|rsi_confirm=True|slow_period=200,both,all,NEEDS_MORE_DATA,1,,,,,,,,,,,,,,,,only 1 trades < min 20,eodhd
run_20260426_191100,WTI Oil,commodity,H4,trend_momentum,ema_cross,adx_min=0|fast_period=20|rsi_confirm=False|slow_period=50,both,all,NEEDS_MORE_DATA,3,,,,,,,,,,,,,,,,only 3 trades < min 20,eodhd
run_20260426_191100,WTI Oil,commodity,H4,trend_momentum,ema_cross,adx_min=0|fast_period=20|rsi_confirm=True|slow_period=50,both,all,NEEDS_MORE_DATA,1,,,,,,,,,,,,,,,,only 1 trades < min 20,eodhd
run_20260426_191100,WTI Oil,commodity,H4,trend_momentum,ema_cross,adx_min=20|fast_period=20|rsi_confirm=False|slow_period=50,both,all,NEEDS_MORE_DATA,3,,,,,,,,,,,,,,,,only 3 trades < min 20,eodhd
run_20260426_191100,WTI Oil,commodity,H4,trend_momentum,ema_cross,adx_min=20|fast_period=20|rsi_confirm=True|slow_period=50,both,all,NEEDS_MORE_DATA,1,,,,,,,,,,,,,,,,only 1 trades < min 20,eodhd
run_20260426_191100,WTI Oil,commodity,H4,trend_momentum,ema_cross,adx_min=25|fast_period=20|rsi_confirm=False|slow_period=50,both,all,NEEDS_MORE_DATA,3,,,,,,,,,,,,,,,,only 3 trades < min 20,eodhd
run_20260426_191100,WTI Oil,commodity,H4,trend_momentum,ema_cross,adx_min=25|fast_period=20|rsi_confirm=True|slow_period=50,both,all,NEEDS_MORE_DATA,1,,,,,,,,,,,,,,,,only 1 trades < min 20,eodhd
run_20260426_191100,WTI Oil,commodity,H4,trend_momentum,ema_cross,adx_min=0|fast_period=20|rsi_confirm=False|slow_period=100,both,all,NEEDS_MORE_DATA,3,,,,,,,,,,,,,,,,only 3 trades < min 20,eodhd
run_20260426_191100,WTI Oil,commodity,H4,trend_momentum,ema_cross,adx_min=0|fast_period=20|rsi_confirm=True|slow_period=100,both,all,NEEDS_MORE_DATA,1,,,,,,,,,,,,,,,,only 1 trades < min 20,eodhd
run_20260426_191100,WTI Oil,commodity,H4,trend_momentum,ema_cross,adx_min=20|fast_period=20|rsi_confirm=False|slow_period=100,both,all,NEEDS_MORE_DATA,3,,,,,,,,,,,,,,,,only 3 trades < min 20,eodhd
run_20260426_191100,WTI Oil,commodity,H4,trend_momentum,ema_cross,adx_min=20|fast_period=20|rsi_confirm=True|slow_period=100,both,all,NEEDS_MORE_DATA,1,,,,,,,,,,,,,,,,only 1 trades < min 20,eodhd
run_20260426_191100,WTI Oil,commodity,H4,trend_momentum,ema_cross,adx_min=25|fast_period=20|rsi_confirm=False|slow_period=100,both,all,NEEDS_MORE_DATA,3,,,,,,,,,,,,,,,,only 3 trades < min 20,eodhd
run_20260426_191100,WTI Oil,commodity,H4,trend_momentum,ema_cross,adx_min=25|fast_period=20|rsi_confirm=True|slow_period=100,both,all,NEEDS_MORE_DATA,1,,,,,,,,,,,,,,,,only 1 trades < min 20,eodhd
run_20260426_191100,WTI Oil,commodity,H4,trend_momentum,ema_cross,adx_min=0|fast_period=20|rsi_confirm=False|slow_period=200,both,all,NEEDS_MORE_DATA,3,,,,,,,,,,,,,,,,only 3 trades < min 20,eodhd
run_20260426_191100,WTI Oil,commodity,H4,trend_momentum,ema_cross,adx_min=0|fast_period=20|rsi_confirm=True|slow_period=200,both,all,NEEDS_MORE_DATA,1,,,,,,,,,,,,,,,,only 1 trades < min 20,eodhd
run_20260426_191100,WTI Oil,commodity,H4,trend_momentum,ema_cross,adx_min=20|fast_period=20|rsi_confirm=False|slow_period=200,both,all,NEEDS_MORE_DATA,3,,,,,,,,,,,,,,,,only 3 trades < min 20,eodhd
run_20260426_191100,WTI Oil,commodity,H4,trend_momentum,ema_cross,adx_min=20|fast_period=20|rsi_confirm=True|slow_period=200,both,all,NEEDS_MORE_DATA,1,,,,,,,,,,,,,,,,only 1 trades < min 20,eodhd
run_20260426_191100,WTI Oil,commodity,H4,trend_momentum,ema_cross,adx_min=25|fast_period=20|rsi_confirm=False|slow_period=200,both,all,NEEDS_MORE_DATA,3,,,,,,,,,,,,,,,,only 3 trades < min 20,eodhd
run_20260426_191100,WTI Oil,commodity,H4,trend_momentum,ema_cross,adx_min=25|fast_period=20|rsi_confirm=True|slow_period=200,both,all,NEEDS_MORE_DATA,1,,,,,,,,,,,,,,,,only 1 trades < min 20,eodhd
run_20260426_191100,WTI Oil,commodity,H4,trend_momentum,ema_alignment,adx_min=0|ema_long=200|ema_mid=50|ema_short=20,both,all,NEEDS_MORE_DATA,3,,,,,,,,,,,,,,,,only 3 trades < min 20,eodhd
run_20260426_191100,WTI Oil,commodity,H4,trend_momentum,ema_alignment,adx_min=20|ema_long=200|ema_mid=50|ema_short=20,both,all,NEEDS_MORE_DATA,3,,,,,,,,,,,,,,,,only 3 trades < min 20,eodhd
run_20260426_191100,WTI Oil,commodity,H4,trend_momentum,ema_alignment,adx_min=25|ema_long=200|ema_mid=50|ema_short=20,both,all,NEEDS_MORE_DATA,3,,,,,,,,,,,,,,,,only 3 trades < min 20,eodhd
run_20260426_191100,WTI Oil,commodity,H4,trend_momentum,macd_direction,adx_min=0|fast=12|signal_period=9|slow=26,both,all,REJECT,20,0.200000,0.574671,-0.008205,-0.008205,-0.200416,-1.063168,-1.071138,0.082645,11.850000,-0.161714,-0.161714,-0.038705,-0.155310,0.220000,,,eodhd
run_20260426_191100,WTI Oil,commodity,H4,trend_momentum,macd_direction,adx_min=20|fast=12|signal_period=9|slow=26,both,all,REJECT,20,0.200000,0.574671,-0.008205,-0.008205,-0.200416,-1.063168,-1.071138,0.082645,11.850000,-0.161714,-0.161714,-0.038705,-0.155310,0.220000,,,eodhd
run_20260426_191100,WTI Oil,commodity,H4,pullback,pullback_ema,pullback_period=20|rsi_reclaim=False|rsi_threshold=50|trend_period=200,both,all,NEEDS_MORE_DATA,10,,,,,,,,,,,,,,,,only 10 trades < min 20,eodhd
run_20260426_191100,WTI Oil,commodity,H4,pullback,pullback_ema,pullback_period=20|rsi_reclaim=True|rsi_threshold=50|trend_period=200,both,all,NEEDS_MORE_DATA,7,,,,,,,,,,,,,,,,only 7 trades < min 20,eodhd
run_20260426_191100,WTI Oil,commodity,H4,pullback,pullback_ema,pullback_period=50|rsi_reclaim=False|rsi_threshold=50|trend_period=200,both,all,NEEDS_MORE_DATA,4,,,,,,,,,,,,,,,,only 4 trades < min 20,eodhd
run_20260426_191100,WTI Oil,commodity,H4,pullback,pullback_ema,pullback_period=50|rsi_reclaim=True|rsi_threshold=50|trend_period=200,both,all,NEEDS_MORE_DATA,1,,,,,,,,,,,,,,,,only 1 trades < min 20,eodhd
run_20260426_191100,WTI Oil,commodity,H4,breakout,prev_day_hl,atr_expand_min=0.0,both,all,NEEDS_MORE_DATA,0,,,,,,,,,,,,,,,,only 0 trades < min 20,eodhd
run_20260426_191100,WTI Oil,commodity,H4,breakout,prev_day_hl,atr_expand_min=0.5,both,all,NEEDS_MORE_DATA,0,,,,,,,,,,,,,,,,only 0 trades < min 20,eodhd
run_20260426_191100,WTI Oil,commodity,H4,breakout,prev_day_hl,atr_expand_min=1.0,both,all,NEEDS_MORE_DATA,0,,,,,,,,,,,,,,,,only 0 trades < min 20,eodhd
run_20260426_191100,WTI Oil,commodity,H4,breakout,session_opening_range,atr_expand_min=0.0|range_bars=6,both,all,NEEDS_MORE_DATA,13,,,,,,,,,,,,,,,,only 13 trades < min 20,eodhd
run_20260426_191100,WTI Oil,commodity,H4,breakout,session_opening_range,atr_expand_min=0.5|range_bars=6,both,all,NEEDS_MORE_DATA,13,,,,,,,,,,,,,,,,only 13 trades < min 20,eodhd
run_20260426_191100,WTI Oil,commodity,H4,breakout,session_opening_range,atr_expand_min=0.0|range_bars=12,both,all,NEEDS_MORE_DATA,8,,,,,,,,,,,,,,,,only 8 trades < min 20,eodhd
run_20260426_191100,WTI Oil,commodity,H4,breakout,session_opening_range,atr_expand_min=0.5|range_bars=12,both,all,NEEDS_MORE_DATA,8,,,,,,,,,,,,,,,,only 8 trades < min 20,eodhd
run_20260426_191100,WTI Oil,commodity,H4,breakout,london_breakout,atr_expand_min=0.0|utc_end=11|utc_start=7,both,all,NEEDS_MORE_DATA,0,,,,,,,,,,,,,,,,only 0 trades < min 20,eodhd
run_20260426_191100,WTI Oil,commodity,H4,breakout,london_breakout,atr_expand_min=0.5|utc_end=11|utc_start=7,both,all,NEEDS_MORE_DATA,0,,,,,,,,,,,,,,,,only 0 trades < min 20,eodhd
run_20260426_191100,WTI Oil,commodity,H4,breakout,ny_breakout,atr_expand_min=0.0|utc_end=16|utc_start=13,both,all,NEEDS_MORE_DATA,0,,,,,,,,,,,,,,,,only 0 trades < min 20,eodhd
run_20260426_191100,WTI Oil,commodity,H4,breakout,ny_breakout,atr_expand_min=0.5|utc_end=16|utc_start=13,both,all,NEEDS_MORE_DATA,0,,,,,,,,,,,,,,,,only 0 trades < min 20,eodhd
run_20260426_191100,WTI Oil,commodity,H4,mean_reversion,rsi_extreme,overbought=70|oversold=30|period=14,both,all,NEEDS_MORE_DATA,4,,,,,,,,,,,,,,,,only 4 trades < min 20,eodhd
run_20260426_191100,WTI Oil,commodity,H4,mean_reversion,rsi_extreme,overbought=75|oversold=30|period=14,both,all,NEEDS_MORE_DATA,4,,,,,,,,,,,,,,,,only 4 trades < min 20,eodhd
run_20260426_191100,WTI Oil,commodity,H4,mean_reversion,rsi_extreme,overbought=70|oversold=25|period=14,both,all,NEEDS_MORE_DATA,4,,,,,,,,,,,,,,,,only 4 trades < min 20,eodhd
run_20260426_191100,WTI Oil,commodity,H4,mean_reversion,rsi_extreme,overbought=75|oversold=25|period=14,both,all,NEEDS_MORE_DATA,4,,,,,,,,,,,,,,,,only 4 trades < min 20,eodhd
run_20260426_191100,WTI Oil,commodity,H4,mean_reversion,bollinger_touch,num_std=2.0|period=20,both,all,NEEDS_MORE_DATA,9,,,,,,,,,,,,,,,,only 9 trades < min 20,eodhd
run_20260426_191100,WTI Oil,commodity,H4,mean_reversion,bollinger_touch,num_std=2.5|period=20,both,all,NEEDS_MORE_DATA,3,,,,,,,,,,,,,,,,only 3 trades < min 20,eodhd
run_20260426_191100,WTI Oil,commodity,H4,mean_reversion,vwap_deviation,std_threshold=1.5,both,all,NEEDS_MORE_DATA,1,,,,,,,,,,,,,,,,only 1 trades < min 20,eodhd
run_20260426_191100,WTI Oil,commodity,H4,mean_reversion,vwap_deviation,std_threshold=2.0,both,all,NEEDS_MORE_DATA,1,,,,,,,,,,,,,,,,only 1 trades < min 20,eodhd
run_20260426_191100,WTI Oil,commodity,H4,volatility,bb_squeeze_breakout,confirm_ema=True|period=20|squeeze_pct=20,both,all,NEEDS_MORE_DATA,3,,,,,,,,,,,,,,,,only 3 trades < min 20,eodhd
run_20260426_191100,WTI Oil,commodity,H4,volatility,bb_squeeze_breakout,confirm_ema=False|period=20|squeeze_pct=20,both,all,NEEDS_MORE_DATA,2,,,,,,,,,,,,,,,,only 2 trades < min 20,eodhd
run_20260426_191100,WTI Oil,commodity,H4,volatility,bb_squeeze_breakout,confirm_ema=True|period=20|squeeze_pct=30,both,all,NEEDS_MORE_DATA,6,,,,,,,,,,,,,,,,only 6 trades < min 20,eodhd
run_20260426_191100,WTI Oil,commodity,H4,volatility,bb_squeeze_breakout,confirm_ema=False|period=20|squeeze_pct=30,both,all,NEEDS_MORE_DATA,5,,,,,,,,,,,,,,,,only 5 trades < min 20,eodhd
run_20260426_191100,WTI Oil,commodity,H4,volatility,atr_compression,confirm_ema=True|period=14|squeeze_pct=20,both,all,NEEDS_MORE_DATA,2,,,,,,,,,,,,,,,,only 2 trades < min 20,eodhd
run_20260426_191100,WTI Oil,commodity,H4,volatility,atr_compression,confirm_ema=False|period=14|squeeze_pct=20,both,all,NEEDS_MORE_DATA,7,,,,,,,,,,,,,,,,only 7 trades < min 20,eodhd
run_20260426_191100,WTI Oil,commodity,H4,volatility,atr_compression,confirm_ema=True|period=14|squeeze_pct=30,both,all,NEEDS_MORE_DATA,2,,,,,,,,,,,,,,,,only 2 trades < min 20,eodhd
run_20260426_191100,WTI Oil,commodity,H4,volatility,atr_compression,confirm_ema=False|period=14|squeeze_pct=30,both,all,NEEDS_MORE_DATA,4,,,,,,,,,,,,,,,,only 4 trades < min 20,eodhd
run_20260426_191100,WTI Oil,commodity,H4,engine_b_proxy,ob_bos,require_engulf=False|require_vol_expand=False|swing_period=5,both,all,NEEDS_MORE_DATA,2,,,,,,,,,,,,,,,,only 2 trades < min 20,eodhd
run_20260426_191100,WTI Oil,commodity,H4,engine_b_proxy,ob_bos,require_engulf=False|require_vol_expand=True|swing_period=5,both,all,NEEDS_MORE_DATA,2,,,,,,,,,,,,,,,,only 2 trades < min 20,eodhd
run_20260426_191100,WTI Oil,commodity,H4,engine_b_proxy,ob_bos,require_engulf=True|require_vol_expand=False|swing_period=5,both,all,NEEDS_MORE_DATA,2,,,,,,,,,,,,,,,,only 2 trades < min 20,eodhd
run_20260426_191100,WTI Oil,commodity,H4,engine_b_proxy,ob_bos,require_engulf=True|require_vol_expand=True|swing_period=5,both,all,NEEDS_MORE_DATA,2,,,,,,,,,,,,,,,,only 2 trades < min 20,eodhd
run_20260426_191100,WTI Oil,commodity,H4,engine_b_proxy,ob_bos,require_engulf=False|require_vol_expand=False|swing_period=10,both,all,NEEDS_MORE_DATA,1,,,,,,,,,,,,,,,,only 1 trades < min 20,eodhd
run_20260426_191100,WTI Oil,commodity,H4,engine_b_proxy,ob_bos,require_engulf=False|require_vol_expand=True|swing_period=10,both,all,NEEDS_MORE_DATA,1,,,,,,,,,,,,,,,,only 1 trades < min 20,eodhd
run_20260426_191100,WTI Oil,commodity,H4,engine_b_proxy,ob_bos,require_engulf=True|require_vol_expand=False|swing_period=10,both,all,NEEDS_MORE_DATA,1,,,,,,,,,,,,,,,,only 1 trades < min 20,eodhd
run_20260426_191100,WTI Oil,commodity,H4,engine_b_proxy,ob_bos,require_engulf=True|require_vol_expand=True|swing_period=10,both,all,NEEDS_MORE_DATA,1,,,,,,,,,,,,,,,,only 1 trades < min 20,eodhd
run_20260426_191100,WTI Oil,commodity,H4,engine_b_proxy,structure_filters,fvg_detection=False|strong_close_pct=0.7,both,all,REJECT,65,0.384615,0.929895,-0.000411,-0.000411,-0.100352,-0.223078,-0.219119,0.268595,3.523077,-0.033537,-0.033537,0.055089,-0.080506,0.400000,,,eodhd
run_20260426_191100,WTI Oil,commodity,H4,engine_b_proxy,structure_filters,fvg_detection=True|strong_close_pct=0.7,both,all,NEEDS_MORE_DATA,10,,,,,,,,,,,,,,,,only 10 trades < min 20,eodhd
run_20260426_191100,WTI Oil,commodity,H4,engine_b_proxy,structure_filters,fvg_detection=False|strong_close_pct=0.8,both,all,REJECT,48,0.375000,0.633042,-0.003185,-0.003185,-0.188807,-1.209089,-1.201541,0.198347,4.666667,-0.148904,-0.148904,-0.083795,-0.120570,0.556339,,,eodhd
run_20260426_191100,WTI Oil,commodity,H4,engine_b_proxy,structure_filters,fvg_detection=True|strong_close_pct=0.8,both,all,NEEDS_MORE_DATA,10,,,,,,,,,,,,,,,,only 10 trades < min 20,eodhd
run_20260426_191100,WTI Oil,commodity,H4,engine_d_proxy,vwap_reclaim,atr_sl_mult=0.5|band_std=0.5,both,all,NEEDS_MORE_DATA,3,,,,,,,,,,,,,,,,only 3 trades < min 20,eodhd
run_20260426_191100,WTI Oil,commodity,H4,engine_d_proxy,vwap_reclaim,atr_sl_mult=1.0|band_std=0.5,both,all,NEEDS_MORE_DATA,3,,,,,,,,,,,,,,,,only 3 trades < min 20,eodhd
run_20260426_191100,WTI Oil,commodity,H4,engine_d_proxy,vwap_reclaim,atr_sl_mult=0.5|band_std=1.0,both,all,NEEDS_MORE_DATA,2,,,,,,,,,,,,,,,,only 2 trades < min 20,eodhd
run_20260426_191100,WTI Oil,commodity,H4,engine_d_proxy,vwap_reclaim,atr_sl_mult=1.0|band_std=1.0,both,all,NEEDS_MORE_DATA,2,,,,,,,,,,,,,,,,only 2 trades < min 20,eodhd
run_20260426_191100,WTI Oil,commodity,H4,engine_d_proxy,micro_breakout,atr_sl_mult=0.5|fee_guard_r=0.5|range_bars=3,both,all,NEEDS_MORE_DATA,19,,,,,,,,,,,,,,,,only 19 trades < min 20,eodhd
run_20260426_191100,WTI Oil,commodity,H4,engine_d_proxy,micro_breakout,atr_sl_mult=1.0|fee_guard_r=0.5|range_bars=3,both,all,NEEDS_MORE_DATA,19,,,,,,,,,,,,,,,,only 19 trades < min 20,eodhd
run_20260426_191100,WTI Oil,commodity,H4,engine_d_proxy,micro_breakout,atr_sl_mult=0.5|fee_guard_r=0.5|range_bars=6,both,all,NEEDS_MORE_DATA,13,,,,,,,,,,,,,,,,only 13 trades < min 20,eodhd
run_20260426_191100,WTI Oil,commodity,H4,engine_d_proxy,micro_breakout,atr_sl_mult=1.0|fee_guard_r=0.5|range_bars=6,both,all,NEEDS_MORE_DATA,13,,,,,,,,,,,,,,,,only 13 trades < min 20,eodhd
run_20260426_191100,WTI Oil,commodity,H4,engine_d_proxy,ema_scalp_pullback,atr_sl_mult=0.5|ema_period=21,both,all,NEEDS_MORE_DATA,18,,,,,,,,,,,,,,,,only 18 trades < min 20,eodhd
run_20260426_191100,WTI Oil,commodity,H4,engine_d_proxy,ema_scalp_pullback,atr_sl_mult=1.0|ema_period=21,both,all,NEEDS_MORE_DATA,18,,,,,,,,,,,,,,,,only 18 trades < min 20,eodhd
run_20260426_191100,AAPL,stock,H4,trend_momentum,ema_cross,adx_min=0|fast_period=10|rsi_confirm=False|slow_period=50,both,all,NEEDS_MORE_DATA,6,,,,,,,,,,,,,,,,only 6 trades < min 20,eodhd
run_20260426_191100,AAPL,stock,H4,trend_momentum,ema_cross,adx_min=0|fast_period=10|rsi_confirm=True|slow_period=50,both,all,NEEDS_MORE_DATA,4,,,,,,,,,,,,,,,,only 4 trades < min 20,eodhd
run_20260426_191100,AAPL,stock,H4,trend_momentum,ema_cross,adx_min=20|fast_period=10|rsi_confirm=False|slow_period=50,both,all,NEEDS_MORE_DATA,5,,,,,,,,,,,,,,,,only 5 trades < min 20,eodhd
run_20260426_191100,AAPL,stock,H4,trend_momentum,ema_cross,adx_min=20|fast_period=10|rsi_confirm=True|slow_period=50,both,all,NEEDS_MORE_DATA,4,,,,,,,,,,,,,,,,only 4 trades < min 20,eodhd
run_20260426_191100,AAPL,stock,H4,trend_momentum,ema_cross,adx_min=25|fast_period=10|rsi_confirm=False|slow_period=50,both,all,NEEDS_MORE_DATA,5,,,,,,,,,,,,,,,,only 5 trades < min 20,eodhd
run_20260426_191100,AAPL,stock,H4,trend_momentum,ema_cross,adx_min=25|fast_period=10|rsi_confirm=True|slow_period=50,both,all,NEEDS_MORE_DATA,4,,,,,,,,,,,,,,,,only 4 trades < min 20,eodhd
run_20260426_191100,AAPL,stock,H4,trend_momentum,ema_cross,adx_min=0|fast_period=10|rsi_confirm=False|slow_period=100,both,all,NEEDS_MORE_DATA,6,,,,,,,,,,,,,,,,only 6 trades < min 20,eodhd
run_20260426_191100,AAPL,stock,H4,trend_momentum,ema_cross,adx_min=0|fast_period=10|rsi_confirm=True|slow_period=100,both,all,NEEDS_MORE_DATA,4,,,,,,,,,,,,,,,,only 4 trades < min 20,eodhd
run_20260426_191100,AAPL,stock,H4,trend_momentum,ema_cross,adx_min=20|fast_period=10|rsi_confirm=False|slow_period=100,both,all,NEEDS_MORE_DATA,5,,,,,,,,,,,,,,,,only 5 trades < min 20,eodhd
run_20260426_191100,AAPL,stock,H4,trend_momentum,ema_cross,adx_min=20|fast_period=10|rsi_confirm=True|slow_period=100,both,all,NEEDS_MORE_DATA,4,,,,,,,,,,,,,,,,only 4 trades < min 20,eodhd
run_20260426_191100,AAPL,stock,H4,trend_momentum,ema_cross,adx_min=25|fast_period=10|rsi_confirm=False|slow_period=100,both,all,NEEDS_MORE_DATA,5,,,,,,,,,,,,,,,,only 5 trades < min 20,eodhd
run_20260426_191100,AAPL,stock,H4,trend_momentum,ema_cross,adx_min=25|fast_period=10|rsi_confirm=True|slow_period=100,both,all,NEEDS_MORE_DATA,4,,,,,,,,,,,,,,,,only 4 trades < min 20,eodhd
run_20260426_191100,AAPL,stock,H4,trend_momentum,ema_cross,adx_min=0|fast_period=10|rsi_confirm=False|slow_period=200,both,all,NEEDS_MORE_DATA,6,,,,,,,,,,,,,,,,only 6 trades < min 20,eodhd
run_20260426_191100,AAPL,stock,H4,trend_momentum,ema_cross,adx_min=0|fast_period=10|rsi_confirm=True|slow_period=200,both,all,NEEDS_MORE_DATA,4,,,,,,,,,,,,,,,,only 4 trades < min 20,eodhd
run_20260426_191100,AAPL,stock,H4,trend_momentum,ema_cross,adx_min=20|fast_period=10|rsi_confirm=False|slow_period=200,both,all,NEEDS_MORE_DATA,5,,,,,,,,,,,,,,,,only 5 trades < min 20,eodhd
run_20260426_191100,AAPL,stock,H4,trend_momentum,ema_cross,adx_min=20|fast_period=10|rsi_confirm=True|slow_period=200,both,all,NEEDS_MORE_DATA,4,,,,,,,,,,,,,,,,only 4 trades < min 20,eodhd
run_20260426_191100,AAPL,stock,H4,trend_momentum,ema_cross,adx_min=25|fast_period=10|rsi_confirm=False|slow_period=200,both,all,NEEDS_MORE_DATA,5,,,,,,,,,,,,,,,,only 5 trades < min 20,eodhd
run_20260426_191100,AAPL,stock,H4,trend_momentum,ema_cross,adx_min=25|fast_period=10|rsi_confirm=True|slow_period=200,both,all,NEEDS_MORE_DATA,4,,,,,,,,,,,,,,,,only 4 trades < min 20,eodhd
run_20260426_191100,AAPL,stock,H4,trend_momentum,ema_cross,adx_min=0|fast_period=20|rsi_confirm=False|slow_period=50,both,all,NEEDS_MORE_DATA,8,,,,,,,,,,,,,,,,only 8 trades < min 20,eodhd
run_20260426_191100,AAPL,stock,H4,trend_momentum,ema_cross,adx_min=0|fast_period=20|rsi_confirm=True|slow_period=50,both,all,NEEDS_MORE_DATA,6,,,,,,,,,,,,,,,,only 6 trades < min 20,eodhd
run_20260426_191100,AAPL,stock,H4,trend_momentum,ema_cross,adx_min=20|fast_period=20|rsi_confirm=False|slow_period=50,both,all,NEEDS_MORE_DATA,7,,,,,,,,,,,,,,,,only 7 trades < min 20,eodhd
run_20260426_191100,AAPL,stock,H4,trend_momentum,ema_cross,adx_min=20|fast_period=20|rsi_confirm=True|slow_period=50,both,all,NEEDS_MORE_DATA,6,,,,,,,,,,,,,,,,only 6 trades < min 20,eodhd
run_20260426_191100,AAPL,stock,H4,trend_momentum,ema_cross,adx_min=25|fast_period=20|rsi_confirm=False|slow_period=50,both,all,NEEDS_MORE_DATA,7,,,,,,,,,,,,,,,,only 7 trades < min 20,eodhd
run_20260426_191100,AAPL,stock,H4,trend_momentum,ema_cross,adx_min=25|fast_period=20|rsi_confirm=True|slow_period=50,both,all,NEEDS_MORE_DATA,6,,,,,,,,,,,,,,,,only 6 trades < min 20,eodhd
run_20260426_191100,AAPL,stock,H4,trend_momentum,ema_cross,adx_min=0|fast_period=20|rsi_confirm=False|slow_period=100,both,all,NEEDS_MORE_DATA,6,,,,,,,,,,,,,,,,only 6 trades < min 20,eodhd
run_20260426_191100,AAPL,stock,H4,trend_momentum,ema_cross,adx_min=0|fast_period=20|rsi_confirm=True|slow_period=100,both,all,NEEDS_MORE_DATA,4,,,,,,,,,,,,,,,,only 4 trades < min 20,eodhd
run_20260426_191100,AAPL,stock,H4,trend_momentum,ema_cross,adx_min=20|fast_period=20|rsi_confirm=False|slow_period=100,both,all,NEEDS_MORE_DATA,5,,,,,,,,,,,,,,,,only 5 trades < min 20,eodhd
run_20260426_191100,AAPL,stock,H4,trend_momentum,ema_cross,adx_min=20|fast_period=20|rsi_confirm=True|slow_period=100,both,all,NEEDS_MORE_DATA,4,,,,,,,,,,,,,,,,only 4 trades < min 20,eodhd
run_20260426_191100,AAPL,stock,H4,trend_momentum,ema_cross,adx_min=25|fast_period=20|rsi_confirm=False|slow_period=100,both,all,NEEDS_MORE_DATA,5,,,,,,,,,,,,,,,,only 5 trades < min 20,eodhd
run_20260426_191100,AAPL,stock,H4,trend_momentum,ema_cross,adx_min=25|fast_period=20|rsi_confirm=True|slow_period=100,both,all,NEEDS_MORE_DATA,4,,,,,,,,,,,,,,,,only 4 trades < min 20,eodhd
run_20260426_191100,AAPL,stock,H4,trend_momentum,ema_cross,adx_min=0|fast_period=20|rsi_confirm=False|slow_period=200,both,all,NEEDS_MORE_DATA,6,,,,,,,,,,,,,,,,only 6 trades < min 20,eodhd
run_20260426_191100,AAPL,stock,H4,trend_momentum,ema_cross,adx_min=0|fast_period=20|rsi_confirm=True|slow_period=200,both,all,NEEDS_MORE_DATA,4,,,,,,,,,,,,,,,,only 4 trades < min 20,eodhd
run_20260426_191100,AAPL,stock,H4,trend_momentum,ema_cross,adx_min=20|fast_period=20|rsi_confirm=False|slow_period=200,both,all,NEEDS_MORE_DATA,5,,,,,,,,,,,,,,,,only 5 trades < min 20,eodhd
run_20260426_191100,AAPL,stock,H4,trend_momentum,ema_cross,adx_min=20|fast_period=20|rsi_confirm=True|slow_period=200,both,all,NEEDS_MORE_DATA,4,,,,,,,,,,,,,,,,only 4 trades < min 20,eodhd
run_20260426_191100,AAPL,stock,H4,trend_momentum,ema_cross,adx_min=25|fast_period=20|rsi_confirm=False|slow_period=200,both,all,NEEDS_MORE_DATA,5,,,,,,,,,,,,,,,,only 5 trades < min 20,eodhd
run_20260426_191100,AAPL,stock,H4,trend_momentum,ema_cross,adx_min=25|fast_period=20|rsi_confirm=True|slow_period=200,both,all,NEEDS_MORE_DATA,4,,,,,,,,,,,,,,,,only 4 trades < min 20,eodhd
run_20260426_191100,AAPL,stock,H4,trend_momentum,ema_alignment,adx_min=0|ema_long=200|ema_mid=50|ema_short=20,both,all,NEEDS_MORE_DATA,7,,,,,,,,,,,,,,,,only 7 trades < min 20,eodhd
run_20260426_191100,AAPL,stock,H4,trend_momentum,ema_alignment,adx_min=20|ema_long=200|ema_mid=50|ema_short=20,both,all,NEEDS_MORE_DATA,7,,,,,,,,,,,,,,,,only 7 trades < min 20,eodhd
run_20260426_191100,AAPL,stock,H4,trend_momentum,ema_alignment,adx_min=25|ema_long=200|ema_mid=50|ema_short=20,both,all,NEEDS_MORE_DATA,7,,,,,,,,,,,,,,,,only 7 trades < min 20,eodhd
run_20260426_191100,AAPL,stock,H4,trend_momentum,macd_direction,adx_min=0|fast=12|signal_period=9|slow=26,both,all,WEAK_CANDIDATE,21,0.428571,1.177582,0.001676,0.001676,-0.148057,0.266183,0.261237,0.087137,11.333333,0.026773,0.026773,0.154795,-0.105150,0.326000,,,eodhd
run_20260426_191100,AAPL,stock,H4,trend_momentum,macd_direction,adx_min=20|fast=12|signal_period=9|slow=26,both,all,WEAK_CANDIDATE,20,0.450000,1.209632,0.002024,0.002024,-0.148057,0.306246,0.300732,0.082988,11.750000,0.032218,0.032218,0.160919,-0.105150,0.320000,,,eodhd
run_20260426_191100,AAPL,stock,H4,pullback,pullback_ema,pullback_period=20|rsi_reclaim=False|rsi_threshold=50|trend_period=200,both,all,NEEDS_MORE_DATA,9,,,,,,,,,,,,,,,,only 9 trades < min 20,eodhd
run_20260426_191100,AAPL,stock,H4,pullback,pullback_ema,pullback_period=20|rsi_reclaim=True|rsi_threshold=50|trend_period=200,both,all,NEEDS_MORE_DATA,6,,,,,,,,,,,,,,,,only 6 trades < min 20,eodhd
run_20260426_191100,AAPL,stock,H4,pullback,pullback_ema,pullback_period=50|rsi_reclaim=False|rsi_threshold=50|trend_period=200,both,all,NEEDS_MORE_DATA,9,,,,,,,,,,,,,,,,only 9 trades < min 20,eodhd
run_20260426_191100,AAPL,stock,H4,pullback,pullback_ema,pullback_period=50|rsi_reclaim=True|rsi_threshold=50|trend_period=200,both,all,NEEDS_MORE_DATA,5,,,,,,,,,,,,,,,,only 5 trades < min 20,eodhd
run_20260426_191100,AAPL,stock,H4,breakout,prev_day_hl,atr_expand_min=0.0,both,all,NEEDS_MORE_DATA,0,,,,,,,,,,,,,,,,only 0 trades < min 20,eodhd
run_20260426_191100,AAPL,stock,H4,breakout,prev_day_hl,atr_expand_min=0.5,both,all,NEEDS_MORE_DATA,0,,,,,,,,,,,,,,,,only 0 trades < min 20,eodhd
run_20260426_191100,AAPL,stock,H4,breakout,prev_day_hl,atr_expand_min=1.0,both,all,NEEDS_MORE_DATA,0,,,,,,,,,,,,,,,,only 0 trades < min 20,eodhd
run_20260426_191100,AAPL,stock,H4,breakout,session_opening_range,atr_expand_min=0.0|range_bars=6,both,all,NEEDS_MORE_DATA,14,,,,,,,,,,,,,,,,only 14 trades < min 20,eodhd
run_20260426_191100,AAPL,stock,H4,breakout,session_opening_range,atr_expand_min=0.5|range_bars=6,both,all,NEEDS_MORE_DATA,14,,,,,,,,,,,,,,,,only 14 trades < min 20,eodhd
run_20260426_191100,AAPL,stock,H4,breakout,session_opening_range,atr_expand_min=0.0|range_bars=12,both,all,NEEDS_MORE_DATA,7,,,,,,,,,,,,,,,,only 7 trades < min 20,eodhd
run_20260426_191100,AAPL,stock,H4,breakout,session_opening_range,atr_expand_min=0.5|range_bars=12,both,all,NEEDS_MORE_DATA,7,,,,,,,,,,,,,,,,only 7 trades < min 20,eodhd
run_20260426_191100,AAPL,stock,H4,breakout,london_breakout,atr_expand_min=0.0|utc_end=11|utc_start=7,both,all,NEEDS_MORE_DATA,0,,,,,,,,,,,,,,,,only 0 trades < min 20,eodhd
run_20260426_191100,AAPL,stock,H4,breakout,london_breakout,atr_expand_min=0.5|utc_end=11|utc_start=7,both,all,NEEDS_MORE_DATA,0,,,,,,,,,,,,,,,,only 0 trades < min 20,eodhd
run_20260426_191100,AAPL,stock,H4,breakout,ny_breakout,atr_expand_min=0.0|utc_end=16|utc_start=13,both,all,NEEDS_MORE_DATA,0,,,,,,,,,,,,,,,,only 0 trades < min 20,eodhd
run_20260426_191100,AAPL,stock,H4,breakout,ny_breakout,atr_expand_min=0.5|utc_end=16|utc_start=13,both,all,NEEDS_MORE_DATA,0,,,,,,,,,,,,,,,,only 0 trades < min 20,eodhd
run_20260426_191100,AAPL,stock,H4,mean_reversion,rsi_extreme,overbought=70|oversold=30|period=14,both,all,NEEDS_MORE_DATA,5,,,,,,,,,,,,,,,,only 5 trades < min 20,eodhd
run_20260426_191100,AAPL,stock,H4,mean_reversion,rsi_extreme,overbought=75|oversold=30|period=14,both,all,NEEDS_MORE_DATA,5,,,,,,,,,,,,,,,,only 5 trades < min 20,eodhd
run_20260426_191100,AAPL,stock,H4,mean_reversion,rsi_extreme,overbought=70|oversold=25|period=14,both,all,NEEDS_MORE_DATA,4,,,,,,,,,,,,,,,,only 4 trades < min 20,eodhd
run_20260426_191100,AAPL,stock,H4,mean_reversion,rsi_extreme,overbought=75|oversold=25|period=14,both,all,NEEDS_MORE_DATA,4,,,,,,,,,,,,,,,,only 4 trades < min 20,eodhd
run_20260426_191100,AAPL,stock,H4,mean_reversion,bollinger_touch,num_std=2.0|period=20,both,all,NEEDS_MORE_DATA,8,,,,,,,,,,,,,,,,only 8 trades < min 20,eodhd
run_20260426_191100,AAPL,stock,H4,mean_reversion,bollinger_touch,num_std=2.5|period=20,both,all,NEEDS_MORE_DATA,5,,,,,,,,,,,,,,,,only 5 trades < min 20,eodhd
run_20260426_191100,AAPL,stock,H4,mean_reversion,vwap_deviation,std_threshold=1.5,both,all,NEEDS_MORE_DATA,4,,,,,,,,,,,,,,,,only 4 trades < min 20,eodhd
run_20260426_191100,AAPL,stock,H4,mean_reversion,vwap_deviation,std_threshold=2.0,both,all,NEEDS_MORE_DATA,4,,,,,,,,,,,,,,,,only 4 trades < min 20,eodhd
run_20260426_191100,AAPL,stock,H4,volatility,bb_squeeze_breakout,confirm_ema=True|period=20|squeeze_pct=20,both,all,NEEDS_MORE_DATA,4,,,,,,,,,,,,,,,,only 4 trades < min 20,eodhd
run_20260426_191100,AAPL,stock,H4,volatility,bb_squeeze_breakout,confirm_ema=False|period=20|squeeze_pct=20,both,all,NEEDS_MORE_DATA,4,,,,,,,,,,,,,,,,only 4 trades < min 20,eodhd
run_20260426_191100,AAPL,stock,H4,volatility,bb_squeeze_breakout,confirm_ema=True|period=20|squeeze_pct=30,both,all,NEEDS_MORE_DATA,7,,,,,,,,,,,,,,,,only 7 trades < min 20,eodhd
run_20260426_191100,AAPL,stock,H4,volatility,bb_squeeze_breakout,confirm_ema=False|period=20|squeeze_pct=30,both,all,NEEDS_MORE_DATA,7,,,,,,,,,,,,,,,,only 7 trades < min 20,eodhd
run_20260426_191100,AAPL,stock,H4,volatility,atr_compression,confirm_ema=True|period=14|squeeze_pct=20,both,all,NEEDS_MORE_DATA,3,,,,,,,,,,,,,,,,only 3 trades < min 20,eodhd
run_20260426_191100,AAPL,stock,H4,volatility,atr_compression,confirm_ema=False|period=14|squeeze_pct=20,both,all,NEEDS_MORE_DATA,2,,,,,,,,,,,,,,,,only 2 trades < min 20,eodhd
run_20260426_191100,AAPL,stock,H4,volatility,atr_compression,confirm_ema=True|period=14|squeeze_pct=30,both,all,NEEDS_MORE_DATA,4,,,,,,,,,,,,,,,,only 4 trades < min 20,eodhd
run_20260426_191100,AAPL,stock,H4,volatility,atr_compression,confirm_ema=False|period=14|squeeze_pct=30,both,all,NEEDS_MORE_DATA,5,,,,,,,,,,,,,,,,only 5 trades < min 20,eodhd
run_20260426_191100,AAPL,stock,H4,engine_b_proxy,ob_bos,require_engulf=False|require_vol_expand=False|swing_period=5,both,all,NEEDS_MORE_DATA,5,,,,,,,,,,,,,,,,only 5 trades < min 20,eodhd
run_20260426_191100,AAPL,stock,H4,engine_b_proxy,ob_bos,require_engulf=False|require_vol_expand=True|swing_period=5,both,all,NEEDS_MORE_DATA,5,,,,,,,,,,,,,,,,only 5 trades < min 20,eodhd
run_20260426_191100,AAPL,stock,H4,engine_b_proxy,ob_bos,require_engulf=True|require_vol_expand=False|swing_period=5,both,all,NEEDS_MORE_DATA,5,,,,,,,,,,,,,,,,only 5 trades < min 20,eodhd
run_20260426_191100,AAPL,stock,H4,engine_b_proxy,ob_bos,require_engulf=True|require_vol_expand=True|swing_period=5,both,all,NEEDS_MORE_DATA,5,,,,,,,,,,,,,,,,only 5 trades < min 20,eodhd
run_20260426_191100,AAPL,stock,H4,engine_b_proxy,ob_bos,require_engulf=False|require_vol_expand=False|swing_period=10,both,all,NEEDS_MORE_DATA,3,,,,,,,,,,,,,,,,only 3 trades < min 20,eodhd
run_20260426_191100,AAPL,stock,H4,engine_b_proxy,ob_bos,require_engulf=False|require_vol_expand=True|swing_period=10,both,all,NEEDS_MORE_DATA,3,,,,,,,,,,,,,,,,only 3 trades < min 20,eodhd
run_20260426_191100,AAPL,stock,H4,engine_b_proxy,ob_bos,require_engulf=True|require_vol_expand=False|swing_period=10,both,all,NEEDS_MORE_DATA,3,,,,,,,,,,,,,,,,only 3 trades < min 20,eodhd
run_20260426_191100,AAPL,stock,H4,engine_b_proxy,ob_bos,require_engulf=True|require_vol_expand=True|swing_period=10,both,all,NEEDS_MORE_DATA,3,,,,,,,,,,,,,,,,only 3 trades < min 20,eodhd
run_20260426_191100,AAPL,stock,H4,engine_b_proxy,structure_filters,fvg_detection=False|strong_close_pct=0.7,both,all,REJECT,64,0.359375,0.779684,-0.001498,-0.001498,-0.211960,-0.690971,-0.678916,0.265560,3.640625,-0.100332,-0.100332,-0.001938,-0.103940,0.400000,,,eodhd
run_20260426_191100,AAPL,stock,H4,engine_b_proxy,structure_filters,fvg_detection=True|strong_close_pct=0.7,both,all,NEEDS_MORE_DATA,8,,,,,,,,,,,,,,,,only 8 trades < min 20,eodhd
run_20260426_191100,AAPL,stock,H4,engine_b_proxy,structure_filters,fvg_detection=False|strong_close_pct=0.8,both,all,REJECT,47,0.404255,0.854156,-0.001114,-0.001114,-0.131952,-0.391087,-0.383735,0.195021,4.680851,-0.059728,-0.059728,0.049513,-0.109409,0.382000,,,eodhd
run_20260426_191100,AAPL,stock,H4,engine_b_proxy,structure_filters,fvg_detection=True|strong_close_pct=0.8,both,all,NEEDS_MORE_DATA,7,,,,,,,,,,,,,,,,only 7 trades < min 20,eodhd
run_20260426_191100,AAPL,stock,H4,engine_d_proxy,vwap_reclaim,atr_sl_mult=0.5|band_std=0.5,both,all,NEEDS_MORE_DATA,9,,,,,,,,,,,,,,,,only 9 trades < min 20,eodhd
run_20260426_191100,AAPL,stock,H4,engine_d_proxy,vwap_reclaim,atr_sl_mult=1.0|band_std=0.5,both,all,NEEDS_MORE_DATA,9,,,,,,,,,,,,,,,,only 9 trades < min 20,eodhd
run_20260426_191100,AAPL,stock,H4,engine_d_proxy,vwap_reclaim,atr_sl_mult=0.5|band_std=1.0,both,all,NEEDS_MORE_DATA,5,,,,,,,,,,,,,,,,only 5 trades < min 20,eodhd
run_20260426_191100,AAPL,stock,H4,engine_d_proxy,vwap_reclaim,atr_sl_mult=1.0|band_std=1.0,both,all,NEEDS_MORE_DATA,5,,,,,,,,,,,,,,,,only 5 trades < min 20,eodhd
run_20260426_191100,AAPL,stock,H4,engine_d_proxy,micro_breakout,atr_sl_mult=0.5|fee_guard_r=0.5|range_bars=3,both,all,REJECT,24,0.375000,0.453066,-0.006672,-0.006672,-0.193506,-1.486679,-1.518615,0.099585,9.208333,-0.153153,-0.153153,-0.052629,-0.106325,0.244000,,,eodhd
run_20260426_191100,AAPL,stock,H4,engine_d_proxy,micro_breakout,atr_sl_mult=1.0|fee_guard_r=0.5|range_bars=3,both,all,REJECT,24,0.375000,0.453066,-0.006672,-0.006672,-0.193506,-1.486679,-1.518615,0.099585,9.208333,-0.153153,-0.153153,-0.052629,-0.106325,0.244000,,,eodhd
run_20260426_191100,AAPL,stock,H4,engine_d_proxy,micro_breakout,atr_sl_mult=0.5|fee_guard_r=0.5|range_bars=6,both,all,NEEDS_MORE_DATA,14,,,,,,,,,,,,,,,,only 14 trades < min 20,eodhd
run_20260426_191100,AAPL,stock,H4,engine_d_proxy,micro_breakout,atr_sl_mult=1.0|fee_guard_r=0.5|range_bars=6,both,all,NEEDS_MORE_DATA,14,,,,,,,,,,,,,,,,only 14 trades < min 20,eodhd
run_20260426_191100,AAPL,stock,H4,engine_d_proxy,ema_scalp_pullback,atr_sl_mult=0.5|ema_period=21,both,all,NEEDS_MORE_DATA,14,,,,,,,,,,,,,,,,only 14 trades < min 20,eodhd
run_20260426_191100,AAPL,stock,H4,engine_d_proxy,ema_scalp_pullback,atr_sl_mult=1.0|ema_period=21,both,all,NEEDS_MORE_DATA,14,,,,,,,,,,,,,,,,only 14 trades < min 20,eodhd
run_20260426_191100,NVDA,stock,H4,trend_momentum,ema_cross,adx_min=0|fast_period=10|rsi_confirm=False|slow_period=50,both,all,NEEDS_MORE_DATA,8,,,,,,,,,,,,,,,,only 8 trades < min 20,eodhd
run_20260426_191100,NVDA,stock,H4,trend_momentum,ema_cross,adx_min=0|fast_period=10|rsi_confirm=True|slow_period=50,both,all,NEEDS_MORE_DATA,7,,,,,,,,,,,,,,,,only 7 trades < min 20,eodhd
run_20260426_191100,NVDA,stock,H4,trend_momentum,ema_cross,adx_min=20|fast_period=10|rsi_confirm=False|slow_period=50,both,all,NEEDS_MORE_DATA,7,,,,,,,,,,,,,,,,only 7 trades < min 20,eodhd
run_20260426_191100,NVDA,stock,H4,trend_momentum,ema_cross,adx_min=20|fast_period=10|rsi_confirm=True|slow_period=50,both,all,NEEDS_MORE_DATA,7,,,,,,,,,,,,,,,,only 7 trades < min 20,eodhd
run_20260426_191100,NVDA,stock,H4,trend_momentum,ema_cross,adx_min=25|fast_period=10|rsi_confirm=False|slow_period=50,both,all,NEEDS_MORE_DATA,7,,,,,,,,,,,,,,,,only 7 trades < min 20,eodhd
run_20260426_191100,NVDA,stock,H4,trend_momentum,ema_cross,adx_min=25|fast_period=10|rsi_confirm=True|slow_period=50,both,all,NEEDS_MORE_DATA,7,,,,,,,,,,,,,,,,only 7 trades < min 20,eodhd
run_20260426_191100,NVDA,stock,H4,trend_momentum,ema_cross,adx_min=0|fast_period=10|rsi_confirm=False|slow_period=100,both,all,NEEDS_MORE_DATA,8,,,,,,,,,,,,,,,,only 8 trades < min 20,eodhd
run_20260426_191100,NVDA,stock,H4,trend_momentum,ema_cross,adx_min=0|fast_period=10|rsi_confirm=True|slow_period=100,both,all,NEEDS_MORE_DATA,7,,,,,,,,,,,,,,,,only 7 trades < min 20,eodhd
run_20260426_191100,NVDA,stock,H4,trend_momentum,ema_cross,adx_min=20|fast_period=10|rsi_confirm=False|slow_period=100,both,all,NEEDS_MORE_DATA,7,,,,,,,,,,,,,,,,only 7 trades < min 20,eodhd
run_20260426_191100,NVDA,stock,H4,trend_momentum,ema_cross,adx_min=20|fast_period=10|rsi_confirm=True|slow_period=100,both,all,NEEDS_MORE_DATA,7,,,,,,,,,,,,,,,,only 7 trades < min 20,eodhd
run_20260426_191100,NVDA,stock,H4,trend_momentum,ema_cross,adx_min=25|fast_period=10|rsi_confirm=False|slow_period=100,both,all,NEEDS_MORE_DATA,7,,,,,,,,,,,,,,,,only 7 trades < min 20,eodhd
run_20260426_191100,NVDA,stock,H4,trend_momentum,ema_cross,adx_min=25|fast_period=10|rsi_confirm=True|slow_period=100,both,all,NEEDS_MORE_DATA,7,,,,,,,,,,,,,,,,only 7 trades < min 20,eodhd
run_20260426_191100,NVDA,stock,H4,trend_momentum,ema_cross,adx_min=0|fast_period=10|rsi_confirm=False|slow_period=200,both,all,NEEDS_MORE_DATA,8,,,,,,,,,,,,,,,,only 8 trades < min 20,eodhd
run_20260426_191100,NVDA,stock,H4,trend_momentum,ema_cross,adx_min=0|fast_period=10|rsi_confirm=True|slow_period=200,both,all,NEEDS_MORE_DATA,7,,,,,,,,,,,,,,,,only 7 trades < min 20,eodhd
run_20260426_191100,NVDA,stock,H4,trend_momentum,ema_cross,adx_min=20|fast_period=10|rsi_confirm=False|slow_period=200,both,all,NEEDS_MORE_DATA,7,,,,,,,,,,,,,,,,only 7 trades < min 20,eodhd
run_20260426_191100,NVDA,stock,H4,trend_momentum,ema_cross,adx_min=20|fast_period=10|rsi_confirm=True|slow_period=200,both,all,NEEDS_MORE_DATA,7,,,,,,,,,,,,,,,,only 7 trades < min 20,eodhd
run_20260426_191100,NVDA,stock,H4,trend_momentum,ema_cross,adx_min=25|fast_period=10|rsi_confirm=False|slow_period=200,both,all,NEEDS_MORE_DATA,7,,,,,,,,,,,,,,,,only 7 trades < min 20,eodhd
run_20260426_191100,NVDA,stock,H4,trend_momentum,ema_cross,adx_min=25|fast_period=10|rsi_confirm=True|slow_period=200,both,all,NEEDS_MORE_DATA,7,,,,,,,,,,,,,,,,only 7 trades < min 20,eodhd
run_20260426_191100,NVDA,stock,H4,trend_momentum,ema_cross,adx_min=0|fast_period=20|rsi_confirm=False|slow_period=50,both,all,NEEDS_MORE_DATA,6,,,,,,,,,,,,,,,,only 6 trades < min 20,eodhd
run_20260426_191100,NVDA,stock,H4,trend_momentum,ema_cross,adx_min=0|fast_period=20|rsi_confirm=True|slow_period=50,both,all,NEEDS_MORE_DATA,5,,,,,,,,,,,,,,,,only 5 trades < min 20,eodhd
run_20260426_191100,NVDA,stock,H4,trend_momentum,ema_cross,adx_min=20|fast_period=20|rsi_confirm=False|slow_period=50,both,all,NEEDS_MORE_DATA,5,,,,,,,,,,,,,,,,only 5 trades < min 20,eodhd
run_20260426_191100,NVDA,stock,H4,trend_momentum,ema_cross,adx_min=20|fast_period=20|rsi_confirm=True|slow_period=50,both,all,NEEDS_MORE_DATA,5,,,,,,,,,,,,,,,,only 5 trades < min 20,eodhd
run_20260426_191100,NVDA,stock,H4,trend_momentum,ema_cross,adx_min=25|fast_period=20|rsi_confirm=False|slow_period=50,both,all,NEEDS_MORE_DATA,5,,,,,,,,,,,,,,,,only 5 trades < min 20,eodhd
run_20260426_191100,NVDA,stock,H4,trend_momentum,ema_cross,adx_min=25|fast_period=20|rsi_confirm=True|slow_period=50,both,all,NEEDS_MORE_DATA,5,,,,,,,,,,,,,,,,only 5 trades < min 20,eodhd
run_20260426_191100,NVDA,stock,H4,trend_momentum,ema_cross,adx_min=0|fast_period=20|rsi_confirm=False|slow_period=100,both,all,NEEDS_MORE_DATA,8,,,,,,,,,,,,,,,,only 8 trades < min 20,eodhd
run_20260426_191100,NVDA,stock,H4,trend_momentum,ema_cross,adx_min=0|fast_period=20|rsi_confirm=True|slow_period=100,both,all,NEEDS_MORE_DATA,7,,,,,,,,,,,,,,,,only 7 trades < min 20,eodhd
run_20260426_191100,NVDA,stock,H4,trend_momentum,ema_cross,adx_min=20|fast_period=20|rsi_confirm=False|slow_period=100,both,all,NEEDS_MORE_DATA,7,,,,,,,,,,,,,,,,only 7 trades < min 20,eodhd
run_20260426_191100,NVDA,stock,H4,trend_momentum,ema_cross,adx_min=20|fast_period=20|rsi_confirm=True|slow_period=100,both,all,NEEDS_MORE_DATA,7,,,,,,,,,,,,,,,,only 7 trades < min 20,eodhd
run_20260426_191100,NVDA,stock,H4,trend_momentum,ema_cross,adx_min=25|fast_period=20|rsi_confirm=False|slow_period=100,both,all,NEEDS_MORE_DATA,7,,,,,,,,,,,,,,,,only 7 trades < min 20,eodhd
run_20260426_191100,NVDA,stock,H4,trend_momentum,ema_cross,adx_min=25|fast_period=20|rsi_confirm=True|slow_period=100,both,all,NEEDS_MORE_DATA,7,,,,,,,,,,,,,,,,only 7 trades < min 20,eodhd
run_20260426_191100,NVDA,stock,H4,trend_momentum,ema_cross,adx_min=0|fast_period=20|rsi_confirm=False|slow_period=200,both,all,NEEDS_MORE_DATA,8,,,,,,,,,,,,,,,,only 8 trades < min 20,eodhd
run_20260426_191100,NVDA,stock,H4,trend_momentum,ema_cross,adx_min=0|fast_period=20|rsi_confirm=True|slow_period=200,both,all,NEEDS_MORE_DATA,7,,,,,,,,,,,,,,,,only 7 trades < min 20,eodhd
run_20260426_191100,NVDA,stock,H4,trend_momentum,ema_cross,adx_min=20|fast_period=20|rsi_confirm=False|slow_period=200,both,all,NEEDS_MORE_DATA,7,,,,,,,,,,,,,,,,only 7 trades < min 20,eodhd
run_20260426_191100,NVDA,stock,H4,trend_momentum,ema_cross,adx_min=20|fast_period=20|rsi_confirm=True|slow_period=200,both,all,NEEDS_MORE_DATA,7,,,,,,,,,,,,,,,,only 7 trades < min 20,eodhd
run_20260426_191100,NVDA,stock,H4,trend_momentum,ema_cross,adx_min=25|fast_period=20|rsi_confirm=False|slow_period=200,both,all,NEEDS_MORE_DATA,7,,,,,,,,,,,,,,,,only 7 trades < min 20,eodhd
run_20260426_191100,NVDA,stock,H4,trend_momentum,ema_cross,adx_min=25|fast_period=20|rsi_confirm=True|slow_period=200,both,all,NEEDS_MORE_DATA,7,,,,,,,,,,,,,,,,only 7 trades < min 20,eodhd
run_20260426_191100,NVDA,stock,H4,trend_momentum,ema_alignment,adx_min=0|ema_long=200|ema_mid=50|ema_short=20,both,all,NEEDS_MORE_DATA,6,,,,,,,,,,,,,,,,only 6 trades < min 20,eodhd
run_20260426_191100,NVDA,stock,H4,trend_momentum,ema_alignment,adx_min=20|ema_long=200|ema_mid=50|ema_short=20,both,all,NEEDS_MORE_DATA,6,,,,,,,,,,,,,,,,only 6 trades < min 20,eodhd
run_20260426_191100,NVDA,stock,H4,trend_momentum,ema_alignment,adx_min=25|ema_long=200|ema_mid=50|ema_short=20,both,all,NEEDS_MORE_DATA,6,,,,,,,,,,,,,,,,only 6 trades < min 20,eodhd
run_20260426_191100,NVDA,stock,H4,trend_momentum,macd_direction,adx_min=0|fast=12|signal_period=9|slow=26,both,all,REJECT,24,0.166667,0.352681,-0.012407,-0.012407,-0.326611,-1.672606,-1.728525,0.099585,9.958333,-0.269340,-0.269340,-0.287795,0.012933,0.244000,,,eodhd
run_20260426_191100,NVDA,stock,H4,trend_momentum,macd_direction,adx_min=20|fast=12|signal_period=9|slow=26,both,all,REJECT,23,0.173913,0.360832,-0.012495,-0.012495,-0.319538,-1.616353,-1.668425,0.095436,10.086957,-0.261666,-0.261666,-0.280315,0.012933,0.238000,,,eodhd
run_20260426_191100,NVDA,stock,H4,pullback,pullback_ema,pullback_period=20|rsi_reclaim=False|rsi_threshold=50|trend_period=200,both,all,NEEDS_MORE_DATA,11,,,,,,,,,,,,,,,,only 11 trades < min 20,eodhd
run_20260426_191100,NVDA,stock,H4,pullback,pullback_ema,pullback_period=20|rsi_reclaim=True|rsi_threshold=50|trend_period=200,both,all,NEEDS_MORE_DATA,8,,,,,,,,,,,,,,,,only 8 trades < min 20,eodhd
run_20260426_191100,NVDA,stock,H4,pullback,pullback_ema,pullback_period=50|rsi_reclaim=False|rsi_threshold=50|trend_period=200,both,all,NEEDS_MORE_DATA,14,,,,,,,,,,,,,,,,only 14 trades < min 20,eodhd
run_20260426_191100,NVDA,stock,H4,pullback,pullback_ema,pullback_period=50|rsi_reclaim=True|rsi_threshold=50|trend_period=200,both,all,NEEDS_MORE_DATA,7,,,,,,,,,,,,,,,,only 7 trades < min 20,eodhd
run_20260426_191100,NVDA,stock,H4,breakout,prev_day_hl,atr_expand_min=0.0,both,all,NEEDS_MORE_DATA,0,,,,,,,,,,,,,,,,only 0 trades < min 20,eodhd
run_20260426_191100,NVDA,stock,H4,breakout,prev_day_hl,atr_expand_min=0.5,both,all,NEEDS_MORE_DATA,0,,,,,,,,,,,,,,,,only 0 trades < min 20,eodhd
run_20260426_191100,NVDA,stock,H4,breakout,prev_day_hl,atr_expand_min=1.0,both,all,NEEDS_MORE_DATA,0,,,,,,,,,,,,,,,,only 0 trades < min 20,eodhd
run_20260426_191100,NVDA,stock,H4,breakout,session_opening_range,atr_expand_min=0.0|range_bars=6,both,all,NEEDS_MORE_DATA,11,,,,,,,,,,,,,,,,only 11 trades < min 20,eodhd
run_20260426_191100,NVDA,stock,H4,breakout,session_opening_range,atr_expand_min=0.5|range_bars=6,both,all,NEEDS_MORE_DATA,11,,,,,,,,,,,,,,,,only 11 trades < min 20,eodhd
run_20260426_191100,NVDA,stock,H4,breakout,session_opening_range,atr_expand_min=0.0|range_bars=12,both,all,NEEDS_MORE_DATA,9,,,,,,,,,,,,,,,,only 9 trades < min 20,eodhd
run_20260426_191100,NVDA,stock,H4,breakout,session_opening_range,atr_expand_min=0.5|range_bars=12,both,all,NEEDS_MORE_DATA,9,,,,,,,,,,,,,,,,only 9 trades < min 20,eodhd
run_20260426_191100,NVDA,stock,H4,breakout,london_breakout,atr_expand_min=0.0|utc_end=11|utc_start=7,both,all,NEEDS_MORE_DATA,0,,,,,,,,,,,,,,,,only 0 trades < min 20,eodhd
run_20260426_191100,NVDA,stock,H4,breakout,london_breakout,atr_expand_min=0.5|utc_end=11|utc_start=7,both,all,NEEDS_MORE_DATA,0,,,,,,,,,,,,,,,,only 0 trades < min 20,eodhd
run_20260426_191100,NVDA,stock,H4,breakout,ny_breakout,atr_expand_min=0.0|utc_end=16|utc_start=13,both,all,NEEDS_MORE_DATA,0,,,,,,,,,,,,,,,,only 0 trades < min 20,eodhd
run_20260426_191100,NVDA,stock,H4,breakout,ny_breakout,atr_expand_min=0.5|utc_end=16|utc_start=13,both,all,NEEDS_MORE_DATA,0,,,,,,,,,,,,,,,,only 0 trades < min 20,eodhd
run_20260426_191100,NVDA,stock,H4,mean_reversion,rsi_extreme,overbought=70|oversold=30|period=14,both,all,NEEDS_MORE_DATA,6,,,,,,,,,,,,,,,,only 6 trades < min 20,eodhd
run_20260426_191100,NVDA,stock,H4,mean_reversion,rsi_extreme,overbought=75|oversold=30|period=14,both,all,NEEDS_MORE_DATA,5,,,,,,,,,,,,,,,,only 5 trades < min 20,eodhd
run_20260426_191100,NVDA,stock,H4,mean_reversion,rsi_extreme,overbought=70|oversold=25|period=14,both,all,NEEDS_MORE_DATA,4,,,,,,,,,,,,,,,,only 4 trades < min 20,eodhd
run_20260426_191100,NVDA,stock,H4,mean_reversion,rsi_extreme,overbought=75|oversold=25|period=14,both,all,NEEDS_MORE_DATA,3,,,,,,,,,,,,,,,,only 3 trades < min 20,eodhd
run_20260426_191100,NVDA,stock,H4,mean_reversion,bollinger_touch,num_std=2.0|period=20,both,all,NEEDS_MORE_DATA,8,,,,,,,,,,,,,,,,only 8 trades < min 20,eodhd
run_20260426_191100,NVDA,stock,H4,mean_reversion,bollinger_touch,num_std=2.5|period=20,both,all,NEEDS_MORE_DATA,5,,,,,,,,,,,,,,,,only 5 trades < min 20,eodhd
run_20260426_191100,NVDA,stock,H4,mean_reversion,vwap_deviation,std_threshold=1.5,both,all,NEEDS_MORE_DATA,6,,,,,,,,,,,,,,,,only 6 trades < min 20,eodhd
run_20260426_191100,NVDA,stock,H4,mean_reversion,vwap_deviation,std_threshold=2.0,both,all,NEEDS_MORE_DATA,6,,,,,,,,,,,,,,,,only 6 trades < min 20,eodhd
run_20260426_191100,NVDA,stock,H4,volatility,bb_squeeze_breakout,confirm_ema=True|period=20|squeeze_pct=20,both,all,NEEDS_MORE_DATA,2,,,,,,,,,,,,,,,,only 2 trades < min 20,eodhd
run_20260426_191100,NVDA,stock,H4,volatility,bb_squeeze_breakout,confirm_ema=False|period=20|squeeze_pct=20,both,all,NEEDS_MORE_DATA,2,,,,,,,,,,,,,,,,only 2 trades < min 20,eodhd
run_20260426_191100,NVDA,stock,H4,volatility,bb_squeeze_breakout,confirm_ema=True|period=20|squeeze_pct=30,both,all,NEEDS_MORE_DATA,2,,,,,,,,,,,,,,,,only 2 trades < min 20,eodhd
run_20260426_191100,NVDA,stock,H4,volatility,bb_squeeze_breakout,confirm_ema=False|period=20|squeeze_pct=30,both,all,NEEDS_MORE_DATA,2,,,,,,,,,,,,,,,,only 2 trades < min 20,eodhd
run_20260426_191100,NVDA,stock,H4,volatility,atr_compression,confirm_ema=True|period=14|squeeze_pct=20,both,all,NEEDS_MORE_DATA,3,,,,,,,,,,,,,,,,only 3 trades < min 20,eodhd
run_20260426_191100,NVDA,stock,H4,volatility,atr_compression,confirm_ema=False|period=14|squeeze_pct=20,both,all,NEEDS_MORE_DATA,4,,,,,,,,,,,,,,,,only 4 trades < min 20,eodhd
run_20260426_191100,NVDA,stock,H4,volatility,atr_compression,confirm_ema=True|period=14|squeeze_pct=30,both,all,NEEDS_MORE_DATA,2,,,,,,,,,,,,,,,,only 2 trades < min 20,eodhd
run_20260426_191100,NVDA,stock,H4,volatility,atr_compression,confirm_ema=False|period=14|squeeze_pct=30,both,all,NEEDS_MORE_DATA,2,,,,,,,,,,,,,,,,only 2 trades < min 20,eodhd
run_20260426_191100,NVDA,stock,H4,engine_b_proxy,ob_bos,require_engulf=False|require_vol_expand=False|swing_period=5,both,all,NEEDS_MORE_DATA,7,,,,,,,,,,,,,,,,only 7 trades < min 20,eodhd
run_20260426_191100,NVDA,stock,H4,engine_b_proxy,ob_bos,require_engulf=False|require_vol_expand=True|swing_period=5,both,all,NEEDS_MORE_DATA,6,,,,,,,,,,,,,,,,only 6 trades < min 20,eodhd
run_20260426_191100,NVDA,stock,H4,engine_b_proxy,ob_bos,require_engulf=True|require_vol_expand=False|swing_period=5,both,all,NEEDS_MORE_DATA,6,,,,,,,,,,,,,,,,only 6 trades < min 20,eodhd
run_20260426_191100,NVDA,stock,H4,engine_b_proxy,ob_bos,require_engulf=True|require_vol_expand=True|swing_period=5,both,all,NEEDS_MORE_DATA,5,,,,,,,,,,,,,,,,only 5 trades < min 20,eodhd
run_20260426_191100,NVDA,stock,H4,engine_b_proxy,ob_bos,require_engulf=False|require_vol_expand=False|swing_period=10,both,all,NEEDS_MORE_DATA,4,,,,,,,,,,,,,,,,only 4 trades < min 20,eodhd
run_20260426_191100,NVDA,stock,H4,engine_b_proxy,ob_bos,require_engulf=False|require_vol_expand=True|swing_period=10,both,all,NEEDS_MORE_DATA,3,,,,,,,,,,,,,,,,only 3 trades < min 20,eodhd
run_20260426_191100,NVDA,stock,H4,engine_b_proxy,ob_bos,require_engulf=True|require_vol_expand=False|swing_period=10,both,all,NEEDS_MORE_DATA,3,,,,,,,,,,,,,,,,only 3 trades < min 20,eodhd
run_20260426_191100,NVDA,stock,H4,engine_b_proxy,ob_bos,require_engulf=True|require_vol_expand=True|swing_period=10,both,all,NEEDS_MORE_DATA,2,,,,,,,,,,,,,,,,only 2 trades < min 20,eodhd
run_20260426_191100,NVDA,stock,H4,engine_b_proxy,structure_filters,fvg_detection=False|strong_close_pct=0.7,both,all,REJECT,59,0.305085,0.768318,-0.002447,-0.002447,-0.217071,-0.742766,-0.730367,0.244813,3.915254,-0.151072,-0.151072,-0.181178,0.048548,0.400000,,,eodhd
run_20260426_191100,NVDA,stock,H4,engine_b_proxy,structure_filters,fvg_detection=True|strong_close_pct=0.7,both,all,NEEDS_MORE_DATA,9,,,,,,,,,,,,,,,,only 9 trades < min 20,eodhd
run_20260426_191100,NVDA,stock,H4,engine_b_proxy,structure_filters,fvg_detection=False|strong_close_pct=0.8,both,all,WEAK_CANDIDATE,42,0.357143,1.073887,0.000762,0.000762,-0.154323,0.146990,0.144075,0.174274,5.357143,0.008767,0.008767,-0.011102,0.046275,0.452000,,,eodhd
run_20260426_191100,NVDA,stock,H4,engine_b_proxy,structure_filters,fvg_detection=True|strong_close_pct=0.8,both,all,NEEDS_MORE_DATA,7,,,,,,,,,,,,,,,,only 7 trades < min 20,eodhd
run_20260426_191100,NVDA,stock,H4,engine_d_proxy,vwap_reclaim,atr_sl_mult=0.5|band_std=0.5,both,all,NEEDS_MORE_DATA,9,,,,,,,,,,,,,,,,only 9 trades < min 20,eodhd
run_20260426_191100,NVDA,stock,H4,engine_d_proxy,vwap_reclaim,atr_sl_mult=1.0|band_std=0.5,both,all,NEEDS_MORE_DATA,9,,,,,,,,,,,,,,,,only 9 trades < min 20,eodhd
run_20260426_191100,NVDA,stock,H4,engine_d_proxy,vwap_reclaim,atr_sl_mult=0.5|band_std=1.0,both,all,NEEDS_MORE_DATA,7,,,,,,,,,,,,,,,,only 7 trades < min 20,eodhd
run_20260426_191100,NVDA,stock,H4,engine_d_proxy,vwap_reclaim,atr_sl_mult=1.0|band_std=1.0,both,all,NEEDS_MORE_DATA,7,,,,,,,,,,,,,,,,only 7 trades < min 20,eodhd
run_20260426_191100,NVDA,stock,H4,engine_d_proxy,micro_breakout,atr_sl_mult=0.5|fee_guard_r=0.5|range_bars=3,both,all,STRONG_CANDIDATE,23,0.521739,1.228466,0.002409,0.002409,-0.081898,0.364051,0.357654,0.095436,10.086957,0.044722,0.044722,0.010142,0.008903,0.601351,,,eodhd
run_20260426_191100,NVDA,stock,H4,engine_d_proxy,micro_breakout,atr_sl_mult=1.0|fee_guard_r=0.5|range_bars=3,both,all,STRONG_CANDIDATE,23,0.521739,1.228466,0.002409,0.002409,-0.081898,0.364051,0.357654,0.095436,10.086957,0.044722,0.044722,0.010142,0.008903,0.601351,,,eodhd
run_20260426_191100,NVDA,stock,H4,engine_d_proxy,micro_breakout,atr_sl_mult=0.5|fee_guard_r=0.5|range_bars=6,both,all,NEEDS_MORE_DATA,11,,,,,,,,,,,,,,,,only 11 trades < min 20,eodhd
run_20260426_191100,NVDA,stock,H4,engine_d_proxy,micro_breakout,atr_sl_mult=1.0|fee_guard_r=0.5|range_bars=6,both,all,NEEDS_MORE_DATA,11,,,,,,,,,,,,,,,,only 11 trades < min 20,eodhd
run_20260426_191100,NVDA,stock,H4,engine_d_proxy,ema_scalp_pullback,atr_sl_mult=0.5|ema_period=21,both,all,REJECT,22,0.227273,0.221314,-0.008985,-0.008985,-0.182181,-2.480173,-2.795325,0.091286,7.363636,-0.182181,-0.182181,-0.168904,-0.032228,0.289243,,,eodhd
run_20260426_191100,NVDA,stock,H4,engine_d_proxy,ema_scalp_pullback,atr_sl_mult=1.0|ema_period=21,both,all,REJECT,21,0.238095,0.240826,-0.008434,-0.008434,-0.165019,-2.285781,-2.533221,0.087137,8.142857,-0.165019,-0.165019,-0.151463,-0.032228,0.289834,,,eodhd
run_20260426_191100,MSFT,stock,H4,trend_momentum,ema_cross,adx_min=0|fast_period=10|rsi_confirm=False|slow_period=50,both,all,NEEDS_MORE_DATA,6,,,,,,,,,,,,,,,,only 6 trades < min 20,eodhd
run_20260426_191100,MSFT,stock,H4,trend_momentum,ema_cross,adx_min=0|fast_period=10|rsi_confirm=True|slow_period=50,both,all,NEEDS_MORE_DATA,4,,,,,,,,,,,,,,,,only 4 trades < min 20,eodhd
run_20260426_191100,MSFT,stock,H4,trend_momentum,ema_cross,adx_min=20|fast_period=10|rsi_confirm=False|slow_period=50,both,all,NEEDS_MORE_DATA,5,,,,,,,,,,,,,,,,only 5 trades < min 20,eodhd
run_20260426_191100,MSFT,stock,H4,trend_momentum,ema_cross,adx_min=20|fast_period=10|rsi_confirm=True|slow_period=50,both,all,NEEDS_MORE_DATA,4,,,,,,,,,,,,,,,,only 4 trades < min 20,eodhd
run_20260426_191100,MSFT,stock,H4,trend_momentum,ema_cross,adx_min=25|fast_period=10|rsi_confirm=False|slow_period=50,both,all,NEEDS_MORE_DATA,5,,,,,,,,,,,,,,,,only 5 trades < min 20,eodhd
run_20260426_191100,MSFT,stock,H4,trend_momentum,ema_cross,adx_min=25|fast_period=10|rsi_confirm=True|slow_period=50,both,all,NEEDS_MORE_DATA,4,,,,,,,,,,,,,,,,only 4 trades < min 20,eodhd
run_20260426_191100,MSFT,stock,H4,trend_momentum,ema_cross,adx_min=0|fast_period=10|rsi_confirm=False|slow_period=100,both,all,NEEDS_MORE_DATA,4,,,,,,,,,,,,,,,,only 4 trades < min 20,eodhd
run_20260426_191100,MSFT,stock,H4,trend_momentum,ema_cross,adx_min=0|fast_period=10|rsi_confirm=True|slow_period=100,both,all,NEEDS_MORE_DATA,2,,,,,,,,,,,,,,,,only 2 trades < min 20,eodhd
run_20260426_191100,MSFT,stock,H4,trend_momentum,ema_cross,adx_min=20|fast_period=10|rsi_confirm=False|slow_period=100,both,all,NEEDS_MORE_DATA,3,,,,,,,,,,,,,,,,only 3 trades < min 20,eodhd
run_20260426_191100,MSFT,stock,H4,trend_momentum,ema_cross,adx_min=20|fast_period=10|rsi_confirm=True|slow_period=100,both,all,NEEDS_MORE_DATA,2,,,,,,,,,,,,,,,,only 2 trades < min 20,eodhd
run_20260426_191100,MSFT,stock,H4,trend_momentum,ema_cross,adx_min=25|fast_period=10|rsi_confirm=False|slow_period=100,both,all,NEEDS_MORE_DATA,3,,,,,,,,,,,,,,,,only 3 trades < min 20,eodhd
run_20260426_191100,MSFT,stock,H4,trend_momentum,ema_cross,adx_min=25|fast_period=10|rsi_confirm=True|slow_period=100,both,all,NEEDS_MORE_DATA,2,,,,,,,,,,,,,,,,only 2 trades < min 20,eodhd
run_20260426_191100,MSFT,stock,H4,trend_momentum,ema_cross,adx_min=0|fast_period=10|rsi_confirm=False|slow_period=200,both,all,NEEDS_MORE_DATA,2,,,,,,,,,,,,,,,,only 2 trades < min 20,eodhd
run_20260426_191100,MSFT,stock,H4,trend_momentum,ema_cross,adx_min=0|fast_period=10|rsi_confirm=True|slow_period=200,both,all,NEEDS_MORE_DATA,0,,,,,,,,,,,,,,,,only 0 trades < min 20,eodhd
run_20260426_191100,MSFT,stock,H4,trend_momentum,ema_cross,adx_min=20|fast_period=10|rsi_confirm=False|slow_period=200,both,all,NEEDS_MORE_DATA,1,,,,,,,,,,,,,,,,only 1 trades < min 20,eodhd
run_20260426_191100,MSFT,stock,H4,trend_momentum,ema_cross,adx_min=20|fast_period=10|rsi_confirm=True|slow_period=200,both,all,NEEDS_MORE_DATA,0,,,,,,,,,,,,,,,,only 0 trades < min 20,eodhd
run_20260426_191100,MSFT,stock,H4,trend_momentum,ema_cross,adx_min=25|fast_period=10|rsi_confirm=False|slow_period=200,both,all,NEEDS_MORE_DATA,1,,,,,,,,,,,,,,,,only 1 trades < min 20,eodhd
run_20260426_191100,MSFT,stock,H4,trend_momentum,ema_cross,adx_min=25|fast_period=10|rsi_confirm=True|slow_period=200,both,all,NEEDS_MORE_DATA,0,,,,,,,,,,,,,,,,only 0 trades < min 20,eodhd
run_20260426_191100,MSFT,stock,H4,trend_momentum,ema_cross,adx_min=0|fast_period=20|rsi_confirm=False|slow_period=50,both,all,NEEDS_MORE_DATA,4,,,,,,,,,,,,,,,,only 4 trades < min 20,eodhd
run_20260426_191100,MSFT,stock,H4,trend_momentum,ema_cross,adx_min=0|fast_period=20|rsi_confirm=True|slow_period=50,both,all,NEEDS_MORE_DATA,3,,,,,,,,,,,,,,,,only 3 trades < min 20,eodhd
run_20260426_191100,MSFT,stock,H4,trend_momentum,ema_cross,adx_min=20|fast_period=20|rsi_confirm=False|slow_period=50,both,all,NEEDS_MORE_DATA,3,,,,,,,,,,,,,,,,only 3 trades < min 20,eodhd
run_20260426_191100,MSFT,stock,H4,trend_momentum,ema_cross,adx_min=20|fast_period=20|rsi_confirm=True|slow_period=50,both,all,NEEDS_MORE_DATA,3,,,,,,,,,,,,,,,,only 3 trades < min 20,eodhd
run_20260426_191100,MSFT,stock,H4,trend_momentum,ema_cross,adx_min=25|fast_period=20|rsi_confirm=False|slow_period=50,both,all,NEEDS_MORE_DATA,3,,,,,,,,,,,,,,,,only 3 trades < min 20,eodhd
run_20260426_191100,MSFT,stock,H4,trend_momentum,ema_cross,adx_min=25|fast_period=20|rsi_confirm=True|slow_period=50,both,all,NEEDS_MORE_DATA,3,,,,,,,,,,,,,,,,only 3 trades < min 20,eodhd
run_20260426_191100,MSFT,stock,H4,trend_momentum,ema_cross,adx_min=0|fast_period=20|rsi_confirm=False|slow_period=100,both,all,NEEDS_MORE_DATA,2,,,,,,,,,,,,,,,,only 2 trades < min 20,eodhd
run_20260426_191100,MSFT,stock,H4,trend_momentum,ema_cross,adx_min=0|fast_period=20|rsi_confirm=True|slow_period=100,both,all,NEEDS_MORE_DATA,1,,,,,,,,,,,,,,,,only 1 trades < min 20,eodhd
run_20260426_191100,MSFT,stock,H4,trend_momentum,ema_cross,adx_min=20|fast_period=20|rsi_confirm=False|slow_period=100,both,all,NEEDS_MORE_DATA,1,,,,,,,,,,,,,,,,only 1 trades < min 20,eodhd
run_20260426_191100,MSFT,stock,H4,trend_momentum,ema_cross,adx_min=20|fast_period=20|rsi_confirm=True|slow_period=100,both,all,NEEDS_MORE_DATA,1,,,,,,,,,,,,,,,,only 1 trades < min 20,eodhd
run_20260426_191100,MSFT,stock,H4,trend_momentum,ema_cross,adx_min=25|fast_period=20|rsi_confirm=False|slow_period=100,both,all,NEEDS_MORE_DATA,1,,,,,,,,,,,,,,,,only 1 trades < min 20,eodhd
run_20260426_191100,MSFT,stock,H4,trend_momentum,ema_cross,adx_min=25|fast_period=20|rsi_confirm=True|slow_period=100,both,all,NEEDS_MORE_DATA,1,,,,,,,,,,,,,,,,only 1 trades < min 20,eodhd
run_20260426_191100,MSFT,stock,H4,trend_momentum,ema_cross,adx_min=0|fast_period=20|rsi_confirm=False|slow_period=200,both,all,NEEDS_MORE_DATA,2,,,,,,,,,,,,,,,,only 2 trades < min 20,eodhd
run_20260426_191100,MSFT,stock,H4,trend_momentum,ema_cross,adx_min=0|fast_period=20|rsi_confirm=True|slow_period=200,both,all,NEEDS_MORE_DATA,1,,,,,,,,,,,,,,,,only 1 trades < min 20,eodhd
run_20260426_191100,MSFT,stock,H4,trend_momentum,ema_cross,adx_min=20|fast_period=20|rsi_confirm=False|slow_period=200,both,all,NEEDS_MORE_DATA,1,,,,,,,,,,,,,,,,only 1 trades < min 20,eodhd
run_20260426_191100,MSFT,stock,H4,trend_momentum,ema_cross,adx_min=20|fast_period=20|rsi_confirm=True|slow_period=200,both,all,NEEDS_MORE_DATA,1,,,,,,,,,,,,,,,,only 1 trades < min 20,eodhd
run_20260426_191100,MSFT,stock,H4,trend_momentum,ema_cross,adx_min=25|fast_period=20|rsi_confirm=False|slow_period=200,both,all,NEEDS_MORE_DATA,1,,,,,,,,,,,,,,,,only 1 trades < min 20,eodhd
run_20260426_191100,MSFT,stock,H4,trend_momentum,ema_cross,adx_min=25|fast_period=20|rsi_confirm=True|slow_period=200,both,all,NEEDS_MORE_DATA,1,,,,,,,,,,,,,,,,only 1 trades < min 20,eodhd
run_20260426_191100,MSFT,stock,H4,trend_momentum,ema_alignment,adx_min=0|ema_long=200|ema_mid=50|ema_short=20,both,all,NEEDS_MORE_DATA,3,,,,,,,,,,,,,,,,only 3 trades < min 20,eodhd
run_20260426_191100,MSFT,stock,H4,trend_momentum,ema_alignment,adx_min=20|ema_long=200|ema_mid=50|ema_short=20,both,all,NEEDS_MORE_DATA,3,,,,,,,,,,,,,,,,only 3 trades < min 20,eodhd
run_20260426_191100,MSFT,stock,H4,trend_momentum,ema_alignment,adx_min=25|ema_long=200|ema_mid=50|ema_short=20,both,all,NEEDS_MORE_DATA,3,,,,,,,,,,,,,,,,only 3 trades < min 20,eodhd
run_20260426_191100,MSFT,stock,H4,trend_momentum,macd_direction,adx_min=0|fast=12|signal_period=9|slow=26,both,all,NEEDS_MORE_DATA,13,,,,,,,,,,,,,,,,only 13 trades < min 20,eodhd
run_20260426_191100,MSFT,stock,H4,trend_momentum,macd_direction,adx_min=20|fast=12|signal_period=9|slow=26,both,all,NEEDS_MORE_DATA,12,,,,,,,,,,,,,,,,only 12 trades < min 20,eodhd
run_20260426_191100,MSFT,stock,H4,pullback,pullback_ema,pullback_period=20|rsi_reclaim=False|rsi_threshold=50|trend_period=200,both,all,NEEDS_MORE_DATA,10,,,,,,,,,,,,,,,,only 10 trades < min 20,eodhd
run_20260426_191100,MSFT,stock,H4,pullback,pullback_ema,pullback_period=20|rsi_reclaim=True|rsi_threshold=50|trend_period=200,both,all,NEEDS_MORE_DATA,6,,,,,,,,,,,,,,,,only 6 trades < min 20,eodhd
run_20260426_191100,MSFT,stock,H4,pullback,pullback_ema,pullback_period=50|rsi_reclaim=False|rsi_threshold=50|trend_period=200,both,all,NEEDS_MORE_DATA,7,,,,,,,,,,,,,,,,only 7 trades < min 20,eodhd
run_20260426_191100,MSFT,stock,H4,pullback,pullback_ema,pullback_period=50|rsi_reclaim=True|rsi_threshold=50|trend_period=200,both,all,NEEDS_MORE_DATA,1,,,,,,,,,,,,,,,,only 1 trades < min 20,eodhd
run_20260426_191100,MSFT,stock,H4,breakout,prev_day_hl,atr_expand_min=0.0,both,all,NEEDS_MORE_DATA,0,,,,,,,,,,,,,,,,only 0 trades < min 20,eodhd
run_20260426_191100,MSFT,stock,H4,breakout,prev_day_hl,atr_expand_min=0.5,both,all,NEEDS_MORE_DATA,0,,,,,,,,,,,,,,,,only 0 trades < min 20,eodhd
run_20260426_191100,MSFT,stock,H4,breakout,prev_day_hl,atr_expand_min=1.0,both,all,NEEDS_MORE_DATA,0,,,,,,,,,,,,,,,,only 0 trades < min 20,eodhd
run_20260426_191100,MSFT,stock,H4,breakout,session_opening_range,atr_expand_min=0.0|range_bars=6,both,all,NEEDS_MORE_DATA,10,,,,,,,,,,,,,,,,only 10 trades < min 20,eodhd
run_20260426_191100,MSFT,stock,H4,breakout,session_opening_range,atr_expand_min=0.5|range_bars=6,both,all,NEEDS_MORE_DATA,10,,,,,,,,,,,,,,,,only 10 trades < min 20,eodhd
run_20260426_191100,MSFT,stock,H4,breakout,session_opening_range,atr_expand_min=0.0|range_bars=12,both,all,NEEDS_MORE_DATA,8,,,,,,,,,,,,,,,,only 8 trades < min 20,eodhd
run_20260426_191100,MSFT,stock,H4,breakout,session_opening_range,atr_expand_min=0.5|range_bars=12,both,all,NEEDS_MORE_DATA,8,,,,,,,,,,,,,,,,only 8 trades < min 20,eodhd
run_20260426_191100,MSFT,stock,H4,breakout,london_breakout,atr_expand_min=0.0|utc_end=11|utc_start=7,both,all,NEEDS_MORE_DATA,0,,,,,,,,,,,,,,,,only 0 trades < min 20,eodhd
run_20260426_191100,MSFT,stock,H4,breakout,london_breakout,atr_expand_min=0.5|utc_end=11|utc_start=7,both,all,NEEDS_MORE_DATA,0,,,,,,,,,,,,,,,,only 0 trades < min 20,eodhd
run_20260426_191100,MSFT,stock,H4,breakout,ny_breakout,atr_expand_min=0.0|utc_end=16|utc_start=13,both,all,NEEDS_MORE_DATA,0,,,,,,,,,,,,,,,,only 0 trades < min 20,eodhd
run_20260426_191100,MSFT,stock,H4,breakout,ny_breakout,atr_expand_min=0.5|utc_end=16|utc_start=13,both,all,NEEDS_MORE_DATA,0,,,,,,,,,,,,,,,,only 0 trades < min 20,eodhd
run_20260426_191100,MSFT,stock,H4,mean_reversion,rsi_extreme,overbought=70|oversold=30|period=14,both,all,NEEDS_MORE_DATA,4,,,,,,,,,,,,,,,,only 4 trades < min 20,eodhd
run_20260426_191100,MSFT,stock,H4,mean_reversion,rsi_extreme,overbought=75|oversold=30|period=14,both,all,NEEDS_MORE_DATA,4,,,,,,,,,,,,,,,,only 4 trades < min 20,eodhd
run_20260426_191100,MSFT,stock,H4,mean_reversion,rsi_extreme,overbought=70|oversold=25|period=14,both,all,NEEDS_MORE_DATA,4,,,,,,,,,,,,,,,,only 4 trades < min 20,eodhd
run_20260426_191100,MSFT,stock,H4,mean_reversion,rsi_extreme,overbought=75|oversold=25|period=14,both,all,NEEDS_MORE_DATA,4,,,,,,,,,,,,,,,,only 4 trades < min 20,eodhd
run_20260426_191100,MSFT,stock,H4,mean_reversion,bollinger_touch,num_std=2.0|period=20,both,all,NEEDS_MORE_DATA,6,,,,,,,,,,,,,,,,only 6 trades < min 20,eodhd
run_20260426_191100,MSFT,stock,H4,mean_reversion,bollinger_touch,num_std=2.5|period=20,both,all,NEEDS_MORE_DATA,5,,,,,,,,,,,,,,,,only 5 trades < min 20,eodhd
run_20260426_191100,MSFT,stock,H4,mean_reversion,vwap_deviation,std_threshold=1.5,both,all,NEEDS_MORE_DATA,3,,,,,,,,,,,,,,,,only 3 trades < min 20,eodhd
run_20260426_191100,MSFT,stock,H4,mean_reversion,vwap_deviation,std_threshold=2.0,both,all,NEEDS_MORE_DATA,3,,,,,,,,,,,,,,,,only 3 trades < min 20,eodhd
run_20260426_191100,MSFT,stock,H4,volatility,bb_squeeze_breakout,confirm_ema=True|period=20|squeeze_pct=20,both,all,NEEDS_MORE_DATA,4,,,,,,,,,,,,,,,,only 4 trades < min 20,eodhd
run_20260426_191100,MSFT,stock,H4,volatility,bb_squeeze_breakout,confirm_ema=False|period=20|squeeze_pct=20,both,all,NEEDS_MORE_DATA,4,,,,,,,,,,,,,,,,only 4 trades < min 20,eodhd
run_20260426_191100,MSFT,stock,H4,volatility,bb_squeeze_breakout,confirm_ema=True|period=20|squeeze_pct=30,both,all,NEEDS_MORE_DATA,4,,,,,,,,,,,,,,,,only 4 trades < min 20,eodhd
run_20260426_191100,MSFT,stock,H4,volatility,bb_squeeze_breakout,confirm_ema=False|period=20|squeeze_pct=30,both,all,NEEDS_MORE_DATA,4,,,,,,,,,,,,,,,,only 4 trades < min 20,eodhd
run_20260426_191100,MSFT,stock,H4,volatility,atr_compression,confirm_ema=True|period=14|squeeze_pct=20,both,all,NEEDS_MORE_DATA,2,,,,,,,,,,,,,,,,only 2 trades < min 20,eodhd
run_20260426_191100,MSFT,stock,H4,volatility,atr_compression,confirm_ema=False|period=14|squeeze_pct=20,both,all,NEEDS_MORE_DATA,3,,,,,,,,,,,,,,,,only 3 trades < min 20,eodhd
run_20260426_191100,MSFT,stock,H4,volatility,atr_compression,confirm_ema=True|period=14|squeeze_pct=30,both,all,NEEDS_MORE_DATA,3,,,,,,,,,,,,,,,,only 3 trades < min 20,eodhd
run_20260426_191100,MSFT,stock,H4,volatility,atr_compression,confirm_ema=False|period=14|squeeze_pct=30,both,all,NEEDS_MORE_DATA,3,,,,,,,,,,,,,,,,only 3 trades < min 20,eodhd
run_20260426_191100,MSFT,stock,H4,engine_b_proxy,ob_bos,require_engulf=False|require_vol_expand=False|swing_period=5,both,all,NEEDS_MORE_DATA,6,,,,,,,,,,,,,,,,only 6 trades < min 20,eodhd
run_20260426_191100,MSFT,stock,H4,engine_b_proxy,ob_bos,require_engulf=False|require_vol_expand=True|swing_period=5,both,all,NEEDS_MORE_DATA,5,,,,,,,,,,,,,,,,only 5 trades < min 20,eodhd
run_20260426_191100,MSFT,stock,H4,engine_b_proxy,ob_bos,require_engulf=True|require_vol_expand=False|swing_period=5,both,all,NEEDS_MORE_DATA,6,,,,,,,,,,,,,,,,only 6 trades < min 20,eodhd
run_20260426_191100,MSFT,stock,H4,engine_b_proxy,ob_bos,require_engulf=True|require_vol_expand=True|swing_period=5,both,all,NEEDS_MORE_DATA,5,,,,,,,,,,,,,,,,only 5 trades < min 20,eodhd
run_20260426_191100,MSFT,stock,H4,engine_b_proxy,ob_bos,require_engulf=False|require_vol_expand=False|swing_period=10,both,all,NEEDS_MORE_DATA,3,,,,,,,,,,,,,,,,only 3 trades < min 20,eodhd
run_20260426_191100,MSFT,stock,H4,engine_b_proxy,ob_bos,require_engulf=False|require_vol_expand=True|swing_period=10,both,all,NEEDS_MORE_DATA,1,,,,,,,,,,,,,,,,only 1 trades < min 20,eodhd
run_20260426_191100,MSFT,stock,H4,engine_b_proxy,ob_bos,require_engulf=True|require_vol_expand=False|swing_period=10,both,all,NEEDS_MORE_DATA,3,,,,,,,,,,,,,,,,only 3 trades < min 20,eodhd
run_20260426_191100,MSFT,stock,H4,engine_b_proxy,ob_bos,require_engulf=True|require_vol_expand=True|swing_period=10,both,all,NEEDS_MORE_DATA,1,,,,,,,,,,,,,,,,only 1 trades < min 20,eodhd
run_20260426_191100,MSFT,stock,H4,engine_b_proxy,structure_filters,fvg_detection=False|strong_close_pct=0.7,both,all,STRONG_CANDIDATE,58,0.362069,1.555864,0.003751,0.003751,-0.070014,1.059409,1.045589,0.240664,3.862069,0.216970,0.216970,0.090412,0.075586,0.750804,,,eodhd
run_20260426_191100,MSFT,stock,H4,engine_b_proxy,structure_filters,fvg_detection=True|strong_close_pct=0.7,both,all,NEEDS_MORE_DATA,9,,,,,,,,,,,,,,,,only 9 trades < min 20,eodhd
run_20260426_191100,MSFT,stock,H4,engine_b_proxy,structure_filters,fvg_detection=False|strong_close_pct=0.8,both,all,WEAK_CANDIDATE,44,0.431818,1.677100,0.005033,0.005033,-0.101356,1.106118,1.095986,0.182573,5.113636,0.222863,0.222863,0.038010,0.127247,0.464000,,,eodhd
run_20260426_191100,MSFT,stock,H4,engine_b_proxy,structure_filters,fvg_detection=True|strong_close_pct=0.8,both,all,NEEDS_MORE_DATA,8,,,,,,,,,,,,,,,,only 8 trades < min 20,eodhd
run_20260426_191100,MSFT,stock,H4,engine_d_proxy,vwap_reclaim,atr_sl_mult=0.5|band_std=0.5,both,all,NEEDS_MORE_DATA,6,,,,,,,,,,,,,,,,only 6 trades < min 20,eodhd
run_20260426_191100,MSFT,stock,H4,engine_d_proxy,vwap_reclaim,atr_sl_mult=1.0|band_std=0.5,both,all,NEEDS_MORE_DATA,6,,,,,,,,,,,,,,,,only 6 trades < min 20,eodhd
run_20260426_191100,MSFT,stock,H4,engine_d_proxy,vwap_reclaim,atr_sl_mult=0.5|band_std=1.0,both,all,NEEDS_MORE_DATA,5,,,,,,,,,,,,,,,,only 5 trades < min 20,eodhd
run_20260426_191100,MSFT,stock,H4,engine_d_proxy,vwap_reclaim,atr_sl_mult=1.0|band_std=1.0,both,all,NEEDS_MORE_DATA,5,,,,,,,,,,,,,,,,only 5 trades < min 20,eodhd
run_20260426_191100,MSFT,stock,H4,engine_d_proxy,micro_breakout,atr_sl_mult=0.5|fee_guard_r=0.5|range_bars=3,both,all,REJECT,23,0.347826,0.993558,-0.000074,-0.000074,-0.103459,-0.011418,-0.011189,0.095436,10.173913,-0.013035,-0.013035,-0.072442,0.013942,0.238000,,,eodhd
run_20260426_191100,MSFT,stock,H4,engine_d_proxy,micro_breakout,atr_sl_mult=1.0|fee_guard_r=0.5|range_bars=3,both,all,REJECT,23,0.347826,0.993558,-0.000074,-0.000074,-0.103459,-0.011418,-0.011189,0.095436,10.173913,-0.013035,-0.013035,-0.072442,0.013942,0.238000,,,eodhd
run_20260426_191100,MSFT,stock,H4,engine_d_proxy,micro_breakout,atr_sl_mult=0.5|fee_guard_r=0.5|range_bars=6,both,all,NEEDS_MORE_DATA,10,,,,,,,,,,,,,,,,only 10 trades < min 20,eodhd
run_20260426_191100,MSFT,stock,H4,engine_d_proxy,micro_breakout,atr_sl_mult=1.0|fee_guard_r=0.5|range_bars=6,both,all,NEEDS_MORE_DATA,10,,,,,,,,,,,,,,,,only 10 trades < min 20,eodhd
run_20260426_191100,MSFT,stock,H4,engine_d_proxy,ema_scalp_pullback,atr_sl_mult=0.5|ema_period=21,both,all,REJECT,20,0.250000,0.950494,-0.000622,-0.000622,-0.126822,-0.076191,-0.074674,0.082988,10.600000,-0.025936,-0.025936,-0.092068,-0.006042,0.239687,,,eodhd
run_20260426_191100,MSFT,stock,H4,engine_d_proxy,ema_scalp_pullback,atr_sl_mult=1.0|ema_period=21,both,all,NEEDS_MORE_DATA,19,,,,,,,,,,,,,,,,only 19 trades < min 20,eodhd
