run_id,symbol,asset_class,timeframe,family,strategy_name,params_str,direction,session,status,trade_count,win_rate,profit_factor,avg_return,expectancy,max_drawdown,sharpe,sqn,exposure_pct,avg_duration_bars,gross_return,net_return,is_return,oos_return,robustness_score,param_sensitivity,skip_reason,data_source
run_20260429_081031_bb52a2,USD/JPY,forex,H4,trend_momentum,ema_cross,adx_min=0|fast_period=10|rsi_confirm=False|slow_period=50,both,all,REJECT,33,0.181818,0.332710,-0.002843,-0.002843,-0.090850,-2.602578,-2.270830,0.033033,29.212121,-0.090442,-0.090442,-0.036804,-0.056597,0.511668,,,mt5
run_20260429_081031_bb52a2,USD/JPY,forex,H4,trend_momentum,ema_cross,adx_min=0|fast_period=10|rsi_confirm=True|slow_period=50,both,all,REJECT,32,0.156250,0.333864,-0.002927,-0.002927,-0.090704,-2.596734,-2.270486,0.032032,26.906250,-0.090295,-0.090295,-0.036649,-0.056597,0.503713,,,mt5
run_20260429_081031_bb52a2,USD/JPY,forex,H4,trend_momentum,ema_cross,adx_min=20|fast_period=10|rsi_confirm=False|slow_period=50,both,all,REJECT,33,0.181818,0.332710,-0.002843,-0.002843,-0.090850,-2.602578,-2.270830,0.033033,29.212121,-0.090442,-0.090442,-0.036804,-0.056597,0.511668,,,mt5
run_20260429_081031_bb52a2,USD/JPY,forex,H4,trend_momentum,ema_cross,adx_min=20|fast_period=10|rsi_confirm=True|slow_period=50,both,all,REJECT,32,0.156250,0.333864,-0.002927,-0.002927,-0.090704,-2.596734,-2.270486,0.032032,26.906250,-0.090295,-0.090295,-0.036649,-0.056597,0.485856,,,mt5
run_20260429_081031_bb52a2,USD/JPY,forex,H4,trend_momentum,ema_cross,adx_min=25|fast_period=10|rsi_confirm=False|slow_period=50,both,all,REJECT,31,0.193548,0.362862,-0.002649,-0.002649,-0.080132,-2.322481,-2.003777,0.031031,29.870968,-0.079719,-0.079719,-0.033045,-0.049186,0.439466,,,mt5
run_20260429_081031_bb52a2,USD/JPY,forex,H4,trend_momentum,ema_cross,adx_min=25|fast_period=10|rsi_confirm=True|slow_period=50,both,all,REJECT,30,0.166667,0.364120,-0.002732,-0.002732,-0.079984,-2.316651,-2.002422,0.030030,27.433333,-0.079571,-0.079571,-0.032889,-0.049186,0.431350,,,mt5
run_20260429_081031_bb52a2,USD/JPY,forex,H4,trend_momentum,ema_cross,adx_min=0|fast_period=10|rsi_confirm=False|slow_period=100,both,all,NEEDS_MORE_DATA,19,,,,,,,,,,,,,,1.000000,,only 19 trades < min 20,mt5
run_20260429_081031_bb52a2,USD/JPY,forex,H4,trend_momentum,ema_cross,adx_min=0|fast_period=10|rsi_confirm=True|slow_period=100,both,all,NEEDS_MORE_DATA,19,,,,,,,,,,,,,,1.000000,,only 19 trades < min 20,mt5
run_20260429_081031_bb52a2,USD/JPY,forex,H4,trend_momentum,ema_cross,adx_min=20|fast_period=10|rsi_confirm=False|slow_period=100,both,all,NEEDS_MORE_DATA,19,,,,,,,,,,,,,,1.000000,,only 19 trades < min 20,mt5
run_20260429_081031_bb52a2,USD/JPY,forex,H4,trend_momentum,ema_cross,adx_min=20|fast_period=10|rsi_confirm=True|slow_period=100,both,all,NEEDS_MORE_DATA,19,,,,,,,,,,,,,,1.000000,,only 19 trades < min 20,mt5
run_20260429_081031_bb52a2,USD/JPY,forex,H4,trend_momentum,ema_cross,adx_min=25|fast_period=10|rsi_confirm=False|slow_period=100,both,all,NEEDS_MORE_DATA,19,,,,,,,,,,,,,,1.000000,,only 19 trades < min 20,mt5
run_20260429_081031_bb52a2,USD/JPY,forex,H4,trend_momentum,ema_cross,adx_min=25|fast_period=10|rsi_confirm=True|slow_period=100,both,all,NEEDS_MORE_DATA,19,,,,,,,,,,,,,,1.000000,,only 19 trades < min 20,mt5
run_20260429_081031_bb52a2,USD/JPY,forex,H4,trend_momentum,ema_cross,adx_min=0|fast_period=10|rsi_confirm=False|slow_period=200,both,all,NEEDS_MORE_DATA,7,,,,,,,,,,,,,,1.000000,,only 7 trades < min 20,mt5
run_20260429_081031_bb52a2,USD/JPY,forex,H4,trend_momentum,ema_cross,adx_min=0|fast_period=10|rsi_confirm=True|slow_period=200,both,all,NEEDS_MORE_DATA,7,,,,,,,,,,,,,,1.000000,,only 7 trades < min 20,mt5
run_20260429_081031_bb52a2,USD/JPY,forex,H4,trend_momentum,ema_cross,adx_min=20|fast_period=10|rsi_confirm=False|slow_period=200,both,all,NEEDS_MORE_DATA,7,,,,,,,,,,,,,,1.000000,,only 7 trades < min 20,mt5
run_20260429_081031_bb52a2,USD/JPY,forex,H4,trend_momentum,ema_cross,adx_min=20|fast_period=10|rsi_confirm=True|slow_period=200,both,all,NEEDS_MORE_DATA,7,,,,,,,,,,,,,,1.000000,,only 7 trades < min 20,mt5
run_20260429_081031_bb52a2,USD/JPY,forex,H4,trend_momentum,ema_cross,adx_min=25|fast_period=10|rsi_confirm=False|slow_period=200,both,all,NEEDS_MORE_DATA,6,,,,,,,,,,,,,,1.000000,,only 6 trades < min 20,mt5
run_20260429_081031_bb52a2,USD/JPY,forex,H4,trend_momentum,ema_cross,adx_min=25|fast_period=10|rsi_confirm=True|slow_period=200,both,all,NEEDS_MORE_DATA,6,,,,,,,,,,,,,,,,only 6 trades < min 20,mt5
run_20260429_081031_bb52a2,USD/JPY,forex,H4,trend_momentum,ema_cross,adx_min=0|fast_period=20|rsi_confirm=False|slow_period=50,both,all,NEEDS_MORE_DATA,19,,,,,,,,,,,,,,1.000000,,only 19 trades < min 20,mt5
run_20260429_081031_bb52a2,USD/JPY,forex,H4,trend_momentum,ema_cross,adx_min=0|fast_period=20|rsi_confirm=True|slow_period=50,both,all,NEEDS_MORE_DATA,19,,,,,,,,,,,,,,1.000000,,only 19 trades < min 20,mt5
run_20260429_081031_bb52a2,USD/JPY,forex,H4,trend_momentum,ema_cross,adx_min=20|fast_period=20|rsi_confirm=False|slow_period=50,both,all,NEEDS_MORE_DATA,19,,,,,,,,,,,,,,1.000000,,only 19 trades < min 20,mt5
run_20260429_081031_bb52a2,USD/JPY,forex,H4,trend_momentum,ema_cross,adx_min=20|fast_period=20|rsi_confirm=True|slow_period=50,both,all,NEEDS_MORE_DATA,19,,,,,,,,,,,,,,1.000000,,only 19 trades < min 20,mt5
run_20260429_081031_bb52a2,USD/JPY,forex,H4,trend_momentum,ema_cross,adx_min=25|fast_period=20|rsi_confirm=False|slow_period=50,both,all,NEEDS_MORE_DATA,19,,,,,,,,,,,,,,1.000000,,only 19 trades < min 20,mt5
run_20260429_081031_bb52a2,USD/JPY,forex,H4,trend_momentum,ema_cross,adx_min=25|fast_period=20|rsi_confirm=True|slow_period=50,both,all,NEEDS_MORE_DATA,19,,,,,,,,,,,,,,,,only 19 trades < min 20,mt5
run_20260429_081031_bb52a2,USD/JPY,forex,H4,trend_momentum,ema_cross,adx_min=0|fast_period=20|rsi_confirm=False|slow_period=100,both,all,REJECT,21,0.142857,0.336780,-0.004473,-0.004473,-0.092515,-2.171422,-1.910209,0.021021,45.952381,-0.090943,-0.090943,-0.067253,-0.014793,0.291987,,,mt5
run_20260429_081031_bb52a2,USD/JPY,forex,H4,trend_momentum,ema_cross,adx_min=0|fast_period=20|rsi_confirm=True|slow_period=100,both,all,REJECT,21,0.142857,0.336780,-0.004473,-0.004473,-0.092515,-2.171422,-1.910209,0.021021,45.952381,-0.090943,-0.090943,-0.067253,-0.014793,0.291987,,,mt5
run_20260429_081031_bb52a2,USD/JPY,forex,H4,trend_momentum,ema_cross,adx_min=20|fast_period=20|rsi_confirm=False|slow_period=100,both,all,NEEDS_MORE_DATA,18,,,,,,,,,,,,,,,,only 18 trades < min 20,mt5
run_20260429_081031_bb52a2,USD/JPY,forex,H4,trend_momentum,ema_cross,adx_min=20|fast_period=20|rsi_confirm=True|slow_period=100,both,all,NEEDS_MORE_DATA,18,,,,,,,,,,,,,,,,only 18 trades < min 20,mt5
run_20260429_081031_bb52a2,USD/JPY,forex,H4,trend_momentum,ema_cross,adx_min=25|fast_period=20|rsi_confirm=False|slow_period=100,both,all,NEEDS_MORE_DATA,17,,,,,,,,,,,,,,,,only 17 trades < min 20,mt5
run_20260429_081031_bb52a2,USD/JPY,forex,H4,trend_momentum,ema_cross,adx_min=25|fast_period=20|rsi_confirm=True|slow_period=100,both,all,NEEDS_MORE_DATA,17,,,,,,,,,,,,,,,,only 17 trades < min 20,mt5
run_20260429_081031_bb52a2,USD/JPY,forex,H4,trend_momentum,ema_cross,adx_min=0|fast_period=20|rsi_confirm=False|slow_period=200,both,all,NEEDS_MORE_DATA,7,,,,,,,,,,,,,,,,only 7 trades < min 20,mt5
run_20260429_081031_bb52a2,USD/JPY,forex,H4,trend_momentum,ema_cross,adx_min=0|fast_period=20|rsi_confirm=True|slow_period=200,both,all,NEEDS_MORE_DATA,7,,,,,,,,,,,,,,,,only 7 trades < min 20,mt5
run_20260429_081031_bb52a2,USD/JPY,forex,H4,trend_momentum,ema_cross,adx_min=20|fast_period=20|rsi_confirm=False|slow_period=200,both,all,NEEDS_MORE_DATA,7,,,,,,,,,,,,,,,,only 7 trades < min 20,mt5
run_20260429_081031_bb52a2,USD/JPY,forex,H4,trend_momentum,ema_cross,adx_min=20|fast_period=20|rsi_confirm=True|slow_period=200,both,all,NEEDS_MORE_DATA,7,,,,,,,,,,,,,,,,only 7 trades < min 20,mt5
run_20260429_081031_bb52a2,USD/JPY,forex,H4,trend_momentum,ema_cross,adx_min=25|fast_period=20|rsi_confirm=False|slow_period=200,both,all,NEEDS_MORE_DATA,6,,,,,,,,,,,,,,,,only 6 trades < min 20,mt5
run_20260429_081031_bb52a2,USD/JPY,forex,H4,trend_momentum,ema_cross,adx_min=25|fast_period=20|rsi_confirm=True|slow_period=200,both,all,NEEDS_MORE_DATA,6,,,,,,,,,,,,,,,,only 6 trades < min 20,mt5
run_20260429_081031_bb52a2,USD/JPY,forex,H4,trend_momentum,ema_alignment,adx_min=0|ema_long=200|ema_mid=50|ema_short=20,both,all,REJECT,29,0.137931,0.395614,-0.001818,-0.001818,-0.051784,-2.134069,-1.830276,0.029029,14.793103,-0.051784,-0.051784,-0.033991,-0.013698,0.419901,,,mt5
run_20260429_081031_bb52a2,USD/JPY,forex,H4,trend_momentum,ema_alignment,adx_min=20|ema_long=200|ema_mid=50|ema_short=20,both,all,REJECT,29,0.103448,0.303884,-0.002251,-0.002251,-0.063621,-2.634994,-2.329457,0.029029,13.793103,-0.063621,-0.063621,-0.046049,-0.013698,0.388242,,,mt5
run_20260429_081031_bb52a2,USD/JPY,forex,H4,trend_momentum,ema_alignment,adx_min=25|ema_long=200|ema_mid=50|ema_short=20,both,all,REJECT,25,0.120000,0.264974,-0.002425,-0.002425,-0.059205,-2.649940,-2.381502,0.025025,14.960000,-0.059205,-0.059205,-0.040466,-0.014814,0.359828,,,mt5
run_20260429_081031_bb52a2,USD/JPY,forex,H4,trend_momentum,macd_direction,adx_min=0|fast=12|signal_period=9|slow=26,both,all,WEAK_CANDIDATE,63,0.428571,1.483935,0.001094,0.001094,-0.092549,1.241051,1.017018,0.063063,15.793651,0.068879,0.068879,0.172003,-0.092363,0.600000,,,mt5
run_20260429_081031_bb52a2,USD/JPY,forex,H4,trend_momentum,macd_direction,adx_min=20|fast=12|signal_period=9|slow=26,both,all,WEAK_CANDIDATE,60,0.416667,1.390152,0.000921,0.000921,-0.092549,1.007554,0.823737,0.060060,15.683333,0.054424,0.054424,0.156153,-0.092363,0.575000,,,mt5
run_20260429_081031_bb52a2,USD/JPY,forex,H4,pullback,pullback_ema,pullback_period=20|rsi_reclaim=False|rsi_threshold=50|trend_period=200,both,all,REJECT,67,0.223881,0.577198,-0.000850,-0.000850,-0.055951,-1.938009,-1.604072,0.067067,7.552239,-0.055951,-0.055951,-0.021232,-0.035472,0.498800,,,mt5
run_20260429_081031_bb52a2,USD/JPY,forex,H4,pullback,pullback_ema,pullback_period=20|rsi_reclaim=True|rsi_threshold=50|trend_period=200,both,all,REJECT,62,0.225806,0.615532,-0.000780,-0.000780,-0.047839,-1.660782,-1.369663,0.062062,7.854839,-0.047839,-0.047839,-0.013640,-0.034672,0.425000,,,mt5
run_20260429_081031_bb52a2,USD/JPY,forex,H4,pullback,pullback_ema,pullback_period=50|rsi_reclaim=False|rsi_threshold=50|trend_period=200,both,all,REJECT,52,0.192308,0.498120,-0.001088,-0.001088,-0.059961,-2.181848,-1.827612,0.052052,10.500000,-0.055473,-0.055473,-0.035511,-0.032235,0.672328,,,mt5
run_20260429_081031_bb52a2,USD/JPY,forex,H4,pullback,pullback_ema,pullback_period=50|rsi_reclaim=True|rsi_threshold=50|trend_period=200,both,all,REJECT,31,0.225806,0.625421,-0.000667,-0.000667,-0.028788,-1.218307,-1.006348,0.031031,12.290323,-0.020681,-0.020681,-0.003533,-0.028788,0.286000,,,mt5
run_20260429_081031_bb52a2,USD/JPY,forex,H4,breakout,prev_day_hl,atr_expand_min=0.0,both,all,REJECT,41,0.317073,0.985458,-0.000044,-0.000044,-0.066555,-0.041542,-0.033784,0.041041,22.170732,-0.003187,-0.003187,0.040239,-0.054876,0.371000,,,mt5
run_20260429_081031_bb52a2,USD/JPY,forex,H4,breakout,prev_day_hl,atr_expand_min=0.5,both,all,REJECT,40,0.325000,1.001566,0.000005,0.000005,-0.064699,0.004405,0.003582,0.040040,22.475000,-0.001205,-0.001205,0.040239,-0.052996,0.365000,,,mt5
run_20260429_081031_bb52a2,USD/JPY,forex,H4,breakout,prev_day_hl,atr_expand_min=1.0,both,all,WEAK_CANDIDATE,30,0.400000,1.094821,0.000298,0.000298,-0.056746,0.224592,0.182748,0.030030,23.266667,0.007775,0.007775,0.050318,-0.047895,0.455000,,,mt5
run_20260429_081031_bb52a2,USD/JPY,forex,H4,breakout,session_opening_range,atr_expand_min=0.0|range_bars=6,both,all,REJECT,60,0.350000,0.970155,-0.000081,-0.000081,-0.039060,-0.105891,-0.086121,0.060060,16.200000,-0.006414,-0.006414,0.017281,-0.043413,0.450000,,,mt5
run_20260429_081031_bb52a2,USD/JPY,forex,H4,breakout,session_opening_range,atr_expand_min=0.5|range_bars=6,both,all,REJECT,60,0.350000,0.970155,-0.000081,-0.000081,-0.039060,-0.105891,-0.086121,0.060060,16.200000,-0.006414,-0.006414,0.017281,-0.043413,0.450000,,,mt5
run_20260429_081031_bb52a2,USD/JPY,forex,H4,breakout,session_opening_range,atr_expand_min=0.0|range_bars=12,both,all,REJECT,38,0.368421,0.471647,-0.002222,-0.002222,-0.081936,-2.249401,-1.912110,0.038038,25.552632,-0.081936,-0.081936,-0.028450,-0.074519,0.378000,,,mt5
run_20260429_081031_bb52a2,USD/JPY,forex,H4,breakout,session_opening_range,atr_expand_min=0.5|range_bars=12,both,all,REJECT,38,0.368421,0.465183,-0.002280,-0.002280,-0.083984,-2.294709,-1.954308,0.038038,25.447368,-0.083984,-0.083984,-0.028450,-0.076584,0.378000,,,mt5
run_20260429_081031_bb52a2,USD/JPY,forex,H4,breakout,london_breakout,atr_expand_min=0.0|utc_end=11|utc_start=7,both,all,NEEDS_MORE_DATA,19,,,,,,,,,,,,,,1.000000,,only 19 trades < min 20,mt5
run_20260429_081031_bb52a2,USD/JPY,forex,H4,breakout,london_breakout,atr_expand_min=0.5|utc_end=11|utc_start=7,both,all,NEEDS_MORE_DATA,18,,,,,,,,,,,,,,1.000000,,only 18 trades < min 20,mt5
run_20260429_081031_bb52a2,USD/JPY,forex,H4,breakout,ny_breakout,atr_expand_min=0.0|utc_end=16|utc_start=13,both,all,NEEDS_MORE_DATA,0,,,,,,,,,,,,,,,,only 0 trades < min 20,mt5
run_20260429_081031_bb52a2,USD/JPY,forex,H4,breakout,ny_breakout,atr_expand_min=0.5|utc_end=16|utc_start=13,both,all,NEEDS_MORE_DATA,0,,,,,,,,,,,,,,,,only 0 trades < min 20,mt5
run_20260429_081031_bb52a2,USD/JPY,forex,H4,mean_reversion,rsi_extreme,overbought=70|oversold=30|period=14,both,all,WEAK_CANDIDATE,20,0.750000,2.871188,0.001843,0.001843,-0.010164,2.344338,2.102986,0.020020,12.500000,0.037353,0.037353,0.019441,0.017570,0.791127,,,mt5
run_20260429_081031_bb52a2,USD/JPY,forex,H4,mean_reversion,rsi_extreme,overbought=75|oversold=30|period=14,both,all,NEEDS_MORE_DATA,13,,,,,,,,,,,,,,,,only 13 trades < min 20,mt5
run_20260429_081031_bb52a2,USD/JPY,forex,H4,mean_reversion,rsi_extreme,overbought=70|oversold=25|period=14,both,all,NEEDS_MORE_DATA,16,,,,,,,,,,,,,,,,only 16 trades < min 20,mt5
run_20260429_081031_bb52a2,USD/JPY,forex,H4,mean_reversion,rsi_extreme,overbought=75|oversold=25|period=14,both,all,NEEDS_MORE_DATA,9,,,,,,,,,,,,,,,,only 9 trades < min 20,mt5
run_20260429_081031_bb52a2,USD/JPY,forex,H4,mean_reversion,bollinger_touch,num_std=2.0|period=20,both,all,REJECT,34,0.588235,0.683689,-0.000963,-0.000963,-0.065751,-0.985112,-0.808549,0.034034,13.088235,-0.033036,-0.033036,-0.056452,0.027435,0.354000,,,mt5
run_20260429_081031_bb52a2,USD/JPY,forex,H4,mean_reversion,bollinger_touch,num_std=2.5|period=20,both,all,REJECT,23,0.695652,0.968479,-0.000089,-0.000089,-0.038370,-0.071438,-0.058101,0.023023,13.000000,-0.002678,-0.002678,-0.027816,0.025857,0.304667,,,mt5
run_20260429_081031_bb52a2,USD/JPY,forex,H4,mean_reversion,vwap_deviation,std_threshold=1.5,both,all,NEEDS_MORE_DATA,6,,,,,,,,,,,,,,1.000000,,only 6 trades < min 20,mt5
run_20260429_081031_bb52a2,USD/JPY,forex,H4,mean_reversion,vwap_deviation,std_threshold=2.0,both,all,NEEDS_MORE_DATA,5,,,,,,,,,,,,,,,,only 5 trades < min 20,mt5
run_20260429_081031_bb52a2,USD/JPY,forex,H4,engine_b_proxy,ob_bos,require_engulf=False|require_vol_expand=False|swing_period=5,both,all,REJECT,24,0.291667,0.427454,-0.003617,-0.003617,-0.084262,-2.166052,-1.884447,0.024024,36.166667,-0.084262,-0.084262,-0.041155,-0.044444,0.570023,,,mt5
run_20260429_081031_bb52a2,USD/JPY,forex,H4,engine_b_proxy,ob_bos,require_engulf=False|require_vol_expand=True|swing_period=5,both,all,NEEDS_MORE_DATA,16,,,,,,,,,,,,,,1.000000,,only 16 trades < min 20,mt5
run_20260429_081031_bb52a2,USD/JPY,forex,H4,engine_b_proxy,ob_bos,require_engulf=True|require_vol_expand=False|swing_period=5,both,all,REJECT,22,0.272727,0.430020,-0.003859,-0.003859,-0.082513,-2.122818,-1.853530,0.022022,36.500000,-0.082513,-0.082513,-0.048690,-0.035034,0.497860,,,mt5
run_20260429_081031_bb52a2,USD/JPY,forex,H4,engine_b_proxy,ob_bos,require_engulf=True|require_vol_expand=True|swing_period=5,both,all,NEEDS_MORE_DATA,15,,,,,,,,,,,,,,,,only 15 trades < min 20,mt5
run_20260429_081031_bb52a2,USD/JPY,forex,H4,engine_b_proxy,ob_bos,require_engulf=False|require_vol_expand=False|swing_period=10,both,all,NEEDS_MORE_DATA,10,,,,,,,,,,,,,,,,only 10 trades < min 20,mt5
run_20260429_081031_bb52a2,USD/JPY,forex,H4,engine_b_proxy,ob_bos,require_engulf=False|require_vol_expand=True|swing_period=10,both,all,NEEDS_MORE_DATA,9,,,,,,,,,,,,,,,,only 9 trades < min 20,mt5
run_20260429_081031_bb52a2,USD/JPY,forex,H4,engine_b_proxy,ob_bos,require_engulf=True|require_vol_expand=False|swing_period=10,both,all,NEEDS_MORE_DATA,10,,,,,,,,,,,,,,,,only 10 trades < min 20,mt5
run_20260429_081031_bb52a2,USD/JPY,forex,H4,engine_b_proxy,ob_bos,require_engulf=True|require_vol_expand=True|swing_period=10,both,all,NEEDS_MORE_DATA,9,,,,,,,,,,,,,,,,only 9 trades < min 20,mt5
run_20260429_081031_bb52a2,USD/JPY,forex,H4,engine_b_proxy,structure_filters,fvg_detection=False|strong_close_pct=0.7,both,all,REJECT,298,0.265101,0.471138,-0.000938,-0.000938,-0.245223,-5.867518,-4.905068,0.298298,3.181208,-0.245223,-0.245223,-0.218019,-0.041574,0.457207,,,mt5
run_20260429_081031_bb52a2,USD/JPY,forex,H4,engine_b_proxy,structure_filters,fvg_detection=True|strong_close_pct=0.7,both,all,REJECT,45,0.222222,0.591046,-0.001133,-0.001133,-0.069299,-1.698508,-1.410156,0.045045,10.600000,-0.050365,-0.050365,-0.001346,-0.049085,0.395000,,,mt5
run_20260429_081031_bb52a2,USD/JPY,forex,H4,engine_b_proxy,structure_filters,fvg_detection=False|strong_close_pct=0.8,both,all,REJECT,203,0.270936,0.532008,-0.000927,-0.000927,-0.178444,-3.880945,-3.219754,0.203203,4.364532,-0.173021,-0.173021,-0.143110,-0.041691,0.512397,,,mt5
run_20260429_081031_bb52a2,USD/JPY,forex,H4,engine_b_proxy,structure_filters,fvg_detection=True|strong_close_pct=0.8,both,all,REJECT,33,0.272727,0.794966,-0.000558,-0.000558,-0.050121,-0.674551,-0.551014,0.033033,12.151515,-0.018807,-0.018807,0.030348,-0.047707,0.323000,,,mt5
run_20260429_081031_bb52a2,AUD/USD,forex,H4,trend_momentum,ema_cross,adx_min=0|fast_period=10|rsi_confirm=False|slow_period=50,both,all,REJECT,26,0.269231,0.786902,-0.001052,-0.001052,-0.084929,-0.524801,-0.428258,0.026026,34.730769,-0.028928,-0.028928,-0.001788,-0.072480,0.331000,,,mt5
run_20260429_081031_bb52a2,AUD/USD,forex,H4,trend_momentum,ema_cross,adx_min=0|fast_period=10|rsi_confirm=True|slow_period=50,both,all,REJECT,25,0.240000,0.701355,-0.001530,-0.001530,-0.084929,-0.745832,-0.610947,0.025025,33.680000,-0.039411,-0.039411,-0.012564,-0.072480,0.325000,,,mt5
run_20260429_081031_bb52a2,AUD/USD,forex,H4,trend_momentum,ema_cross,adx_min=20|fast_period=10|rsi_confirm=False|slow_period=50,both,all,REJECT,26,0.269231,0.786902,-0.001052,-0.001052,-0.084929,-0.524801,-0.428258,0.026026,34.730769,-0.028928,-0.028928,-0.001788,-0.072480,0.331000,,,mt5
run_20260429_081031_bb52a2,AUD/USD,forex,H4,trend_momentum,ema_cross,adx_min=20|fast_period=10|rsi_confirm=True|slow_period=50,both,all,REJECT,25,0.240000,0.701355,-0.001530,-0.001530,-0.084929,-0.745832,-0.610947,0.025025,33.680000,-0.039411,-0.039411,-0.012564,-0.072480,0.307143,,,mt5
run_20260429_081031_bb52a2,AUD/USD,forex,H4,trend_momentum,ema_cross,adx_min=25|fast_period=10|rsi_confirm=False|slow_period=50,both,all,REJECT,22,0.227273,0.365404,-0.003547,-0.003547,-0.102130,-2.379030,-2.119071,0.022022,27.181818,-0.075821,-0.075821,-0.003602,-0.072480,0.232000,,,mt5
run_20260429_081031_bb52a2,AUD/USD,forex,H4,trend_momentum,ema_cross,adx_min=25|fast_period=10|rsi_confirm=True|slow_period=50,both,all,REJECT,21,0.190476,0.275003,-0.004245,-0.004245,-0.102130,-2.829200,-2.651126,0.021021,25.571429,-0.085981,-0.085981,-0.014557,-0.072480,0.226000,,,mt5
run_20260429_081031_bb52a2,AUD/USD,forex,H4,trend_momentum,ema_cross,adx_min=0|fast_period=10|rsi_confirm=False|slow_period=100,both,all,REJECT,26,0.153846,0.585060,-0.002224,-0.002224,-0.070916,-1.102294,-0.910246,0.026026,34.846154,-0.058112,-0.058112,-0.032758,-0.070727,0.256000,,,mt5
run_20260429_081031_bb52a2,AUD/USD,forex,H4,trend_momentum,ema_cross,adx_min=0|fast_period=10|rsi_confirm=True|slow_period=100,both,all,REJECT,23,0.130435,0.530753,-0.002750,-0.002750,-0.070916,-1.222258,-1.015541,0.023023,36.130435,-0.063150,-0.063150,-0.037932,-0.070727,0.278623,,,mt5
run_20260429_081031_bb52a2,AUD/USD,forex,H4,trend_momentum,ema_cross,adx_min=20|fast_period=10|rsi_confirm=False|slow_period=100,both,all,REJECT,26,0.153846,0.585060,-0.002224,-0.002224,-0.070916,-1.102294,-0.910246,0.026026,34.846154,-0.058112,-0.058112,-0.032758,-0.070727,0.256000,,,mt5
run_20260429_081031_bb52a2,AUD/USD,forex,H4,trend_momentum,ema_cross,adx_min=20|fast_period=10|rsi_confirm=True|slow_period=100,both,all,REJECT,23,0.130435,0.530753,-0.002750,-0.002750,-0.070916,-1.222258,-1.015541,0.023023,36.130435,-0.063150,-0.063150,-0.037932,-0.070727,0.278623,,,mt5
run_20260429_081031_bb52a2,AUD/USD,forex,H4,trend_momentum,ema_cross,adx_min=25|fast_period=10|rsi_confirm=False|slow_period=100,both,all,NEEDS_MORE_DATA,19,,,,,,,,,,,,,,1.000000,,only 19 trades < min 20,mt5
run_20260429_081031_bb52a2,AUD/USD,forex,H4,trend_momentum,ema_cross,adx_min=25|fast_period=10|rsi_confirm=True|slow_period=100,both,all,NEEDS_MORE_DATA,17,,,,,,,,,,,,,,1.000000,,only 17 trades < min 20,mt5
run_20260429_081031_bb52a2,AUD/USD,forex,H4,trend_momentum,ema_cross,adx_min=0|fast_period=10|rsi_confirm=False|slow_period=200,both,all,NEEDS_MORE_DATA,10,,,,,,,,,,,,,,1.000000,,only 10 trades < min 20,mt5
run_20260429_081031_bb52a2,AUD/USD,forex,H4,trend_momentum,ema_cross,adx_min=0|fast_period=10|rsi_confirm=True|slow_period=200,both,all,NEEDS_MORE_DATA,9,,,,,,,,,,,,,,1.000000,,only 9 trades < min 20,mt5
run_20260429_081031_bb52a2,AUD/USD,forex,H4,trend_momentum,ema_cross,adx_min=20|fast_period=10|rsi_confirm=False|slow_period=200,both,all,NEEDS_MORE_DATA,10,,,,,,,,,,,,,,1.000000,,only 10 trades < min 20,mt5
run_20260429_081031_bb52a2,AUD/USD,forex,H4,trend_momentum,ema_cross,adx_min=20|fast_period=10|rsi_confirm=True|slow_period=200,both,all,NEEDS_MORE_DATA,9,,,,,,,,,,,,,,1.000000,,only 9 trades < min 20,mt5
run_20260429_081031_bb52a2,AUD/USD,forex,H4,trend_momentum,ema_cross,adx_min=25|fast_period=10|rsi_confirm=False|slow_period=200,both,all,NEEDS_MORE_DATA,8,,,,,,,,,,,,,,1.000000,,only 8 trades < min 20,mt5
run_20260429_081031_bb52a2,AUD/USD,forex,H4,trend_momentum,ema_cross,adx_min=25|fast_period=10|rsi_confirm=True|slow_period=200,both,all,NEEDS_MORE_DATA,7,,,,,,,,,,,,,,,,only 7 trades < min 20,mt5
run_20260429_081031_bb52a2,AUD/USD,forex,H4,trend_momentum,ema_cross,adx_min=0|fast_period=20|rsi_confirm=False|slow_period=50,both,all,NEEDS_MORE_DATA,18,,,,,,,,,,,,,,1.000000,,only 18 trades < min 20,mt5
run_20260429_081031_bb52a2,AUD/USD,forex,H4,trend_momentum,ema_cross,adx_min=0|fast_period=20|rsi_confirm=True|slow_period=50,both,all,NEEDS_MORE_DATA,17,,,,,,,,,,,,,,1.000000,,only 17 trades < min 20,mt5
run_20260429_081031_bb52a2,AUD/USD,forex,H4,trend_momentum,ema_cross,adx_min=20|fast_period=20|rsi_confirm=False|slow_period=50,both,all,NEEDS_MORE_DATA,18,,,,,,,,,,,,,,1.000000,,only 18 trades < min 20,mt5
run_20260429_081031_bb52a2,AUD/USD,forex,H4,trend_momentum,ema_cross,adx_min=20|fast_period=20|rsi_confirm=True|slow_period=50,both,all,NEEDS_MORE_DATA,17,,,,,,,,,,,,,,1.000000,,only 17 trades < min 20,mt5
run_20260429_081031_bb52a2,AUD/USD,forex,H4,trend_momentum,ema_cross,adx_min=25|fast_period=20|rsi_confirm=False|slow_period=50,both,all,NEEDS_MORE_DATA,15,,,,,,,,,,,,,,1.000000,,only 15 trades < min 20,mt5
run_20260429_081031_bb52a2,AUD/USD,forex,H4,trend_momentum,ema_cross,adx_min=25|fast_period=20|rsi_confirm=True|slow_period=50,both,all,NEEDS_MORE_DATA,14,,,,,,,,,,,,,,,,only 14 trades < min 20,mt5
run_20260429_081031_bb52a2,AUD/USD,forex,H4,trend_momentum,ema_cross,adx_min=0|fast_period=20|rsi_confirm=False|slow_period=100,both,all,NEEDS_MORE_DATA,16,,,,,,,,,,,,,,1.000000,,only 16 trades < min 20,mt5
run_20260429_081031_bb52a2,AUD/USD,forex,H4,trend_momentum,ema_cross,adx_min=0|fast_period=20|rsi_confirm=True|slow_period=100,both,all,NEEDS_MORE_DATA,15,,,,,,,,,,,,,,1.000000,,only 15 trades < min 20,mt5
run_20260429_081031_bb52a2,AUD/USD,forex,H4,trend_momentum,ema_cross,adx_min=20|fast_period=20|rsi_confirm=False|slow_period=100,both,all,NEEDS_MORE_DATA,16,,,,,,,,,,,,,,,,only 16 trades < min 20,mt5
run_20260429_081031_bb52a2,AUD/USD,forex,H4,trend_momentum,ema_cross,adx_min=20|fast_period=20|rsi_confirm=True|slow_period=100,both,all,NEEDS_MORE_DATA,15,,,,,,,,,,,,,,,,only 15 trades < min 20,mt5
run_20260429_081031_bb52a2,AUD/USD,forex,H4,trend_momentum,ema_cross,adx_min=25|fast_period=20|rsi_confirm=False|slow_period=100,both,all,NEEDS_MORE_DATA,14,,,,,,,,,,,,,,,,only 14 trades < min 20,mt5
run_20260429_081031_bb52a2,AUD/USD,forex,H4,trend_momentum,ema_cross,adx_min=25|fast_period=20|rsi_confirm=True|slow_period=100,both,all,NEEDS_MORE_DATA,13,,,,,,,,,,,,,,,,only 13 trades < min 20,mt5
run_20260429_081031_bb52a2,AUD/USD,forex,H4,trend_momentum,ema_cross,adx_min=0|fast_period=20|rsi_confirm=False|slow_period=200,both,all,NEEDS_MORE_DATA,10,,,,,,,,,,,,,,,,only 10 trades < min 20,mt5
run_20260429_081031_bb52a2,AUD/USD,forex,H4,trend_momentum,ema_cross,adx_min=0|fast_period=20|rsi_confirm=True|slow_period=200,both,all,NEEDS_MORE_DATA,9,,,,,,,,,,,,,,,,only 9 trades < min 20,mt5
run_20260429_081031_bb52a2,AUD/USD,forex,H4,trend_momentum,ema_cross,adx_min=20|fast_period=20|rsi_confirm=False|slow_period=200,both,all,NEEDS_MORE_DATA,10,,,,,,,,,,,,,,,,only 10 trades < min 20,mt5
run_20260429_081031_bb52a2,AUD/USD,forex,H4,trend_momentum,ema_cross,adx_min=20|fast_period=20|rsi_confirm=True|slow_period=200,both,all,NEEDS_MORE_DATA,9,,,,,,,,,,,,,,,,only 9 trades < min 20,mt5
run_20260429_081031_bb52a2,AUD/USD,forex,H4,trend_momentum,ema_cross,adx_min=25|fast_period=20|rsi_confirm=False|slow_period=200,both,all,NEEDS_MORE_DATA,9,,,,,,,,,,,,,,,,only 9 trades < min 20,mt5
run_20260429_081031_bb52a2,AUD/USD,forex,H4,trend_momentum,ema_cross,adx_min=25|fast_period=20|rsi_confirm=True|slow_period=200,both,all,NEEDS_MORE_DATA,8,,,,,,,,,,,,,,,,only 8 trades < min 20,mt5
run_20260429_081031_bb52a2,AUD/USD,forex,H4,trend_momentum,ema_alignment,adx_min=0|ema_long=200|ema_mid=50|ema_short=20,both,all,REJECT,29,0.137931,0.285932,-0.003043,-0.003043,-0.107561,-3.077466,-2.815318,0.029029,13.965517,-0.085036,-0.085036,-0.032199,-0.049853,0.434515,,,mt5
run_20260429_081031_bb52a2,AUD/USD,forex,H4,trend_momentum,ema_alignment,adx_min=20|ema_long=200|ema_mid=50|ema_short=20,both,all,REJECT,29,0.137931,0.285932,-0.003043,-0.003043,-0.107561,-3.077466,-2.815318,0.029029,13.965517,-0.085036,-0.085036,-0.032199,-0.049853,0.434515,,,mt5
run_20260429_081031_bb52a2,AUD/USD,forex,H4,trend_momentum,ema_alignment,adx_min=25|ema_long=200|ema_mid=50|ema_short=20,both,all,REJECT,27,0.148148,0.307066,-0.002953,-0.002953,-0.099922,-2.820540,-2.548052,0.027027,14.518519,-0.077204,-0.077204,-0.023915,-0.049853,0.262000,,,mt5
run_20260429_081031_bb52a2,AUD/USD,forex,H4,trend_momentum,macd_direction,adx_min=0|fast=12|signal_period=9|slow=26,both,all,REJECT,77,0.363636,0.791081,-0.000707,-0.000707,-0.084266,-0.982941,-0.802456,0.077077,12.948052,-0.055132,-0.055132,-0.029408,-0.026737,0.772756,,,mt5
run_20260429_081031_bb52a2,AUD/USD,forex,H4,trend_momentum,macd_direction,adx_min=20|fast=12|signal_period=9|slow=26,both,all,REJECT,71,0.366197,0.726848,-0.000955,-0.000955,-0.087757,-1.278423,-1.047109,0.071071,13.281690,-0.067554,-0.067554,-0.033108,-0.035857,0.750094,,,mt5
run_20260429_081031_bb52a2,AUD/USD,forex,H4,pullback,pullback_ema,pullback_period=20|rsi_reclaim=False|rsi_threshold=50|trend_period=200,both,all,REJECT,67,0.164179,0.639319,-0.000983,-0.000983,-0.084719,-1.389571,-1.140253,0.067067,7.388060,-0.065321,-0.065321,-0.011407,-0.050855,0.400000,,,mt5
run_20260429_081031_bb52a2,AUD/USD,forex,H4,pullback,pullback_ema,pullback_period=20|rsi_reclaim=True|rsi_threshold=50|trend_period=200,both,all,REJECT,65,0.153846,0.543192,-0.001272,-0.001272,-0.083181,-1.840049,-1.521118,0.065065,6.784615,-0.080728,-0.080728,-0.027702,-0.050855,0.474267,,,mt5
run_20260429_081031_bb52a2,AUD/USD,forex,H4,pullback,pullback_ema,pullback_period=50|rsi_reclaim=False|rsi_threshold=50|trend_period=200,both,all,REJECT,49,0.163265,0.513853,-0.001498,-0.001498,-0.085686,-1.870352,-1.556408,0.049049,10.959184,-0.071825,-0.071825,-0.002536,-0.067440,0.394000,,,mt5
run_20260429_081031_bb52a2,AUD/USD,forex,H4,pullback,pullback_ema,pullback_period=50|rsi_reclaim=True|rsi_threshold=50|trend_period=200,both,all,REJECT,34,0.176471,0.437953,-0.001936,-0.001936,-0.064560,-1.870210,-1.573536,0.034034,11.352941,-0.064560,-0.064560,-0.011349,-0.053822,0.304000,,,mt5
run_20260429_081031_bb52a2,AUD/USD,forex,H4,breakout,prev_day_hl,atr_expand_min=0.0,both,all,WEAK_CANDIDATE,33,0.363636,1.095230,0.000364,0.000364,-0.058031,0.230281,0.187372,0.033033,27.060606,0.010036,0.010036,0.031406,-0.017454,0.423000,,,mt5
run_20260429_081031_bb52a2,AUD/USD,forex,H4,breakout,prev_day_hl,atr_expand_min=0.5,both,all,WEAK_CANDIDATE,33,0.363636,1.095230,0.000364,0.000364,-0.058031,0.230281,0.187372,0.033033,27.060606,0.010036,0.010036,0.031406,-0.017454,0.423000,,,mt5
run_20260429_081031_bb52a2,AUD/USD,forex,H4,breakout,prev_day_hl,atr_expand_min=1.0,both,all,WEAK_CANDIDATE,27,0.333333,1.205301,0.000816,0.000816,-0.045938,0.431491,0.351692,0.027027,28.000000,0.020293,0.020293,0.026716,0.000226,0.439533,,,mt5
run_20260429_081031_bb52a2,AUD/USD,forex,H4,breakout,session_opening_range,atr_expand_min=0.0|range_bars=6,both,all,WEAK_CANDIDATE,44,0.431818,1.807568,0.002029,0.002029,-0.030675,1.665959,1.382693,0.044044,22.159091,0.091051,0.091051,0.098478,0.000550,0.515677,,,mt5
run_20260429_081031_bb52a2,AUD/USD,forex,H4,breakout,session_opening_range,atr_expand_min=0.5|range_bars=6,both,all,WEAK_CANDIDATE,44,0.431818,1.807568,0.002029,0.002029,-0.030675,1.665959,1.382693,0.044044,22.159091,0.091051,0.091051,0.098478,0.000550,0.515677,,,mt5
run_20260429_081031_bb52a2,AUD/USD,forex,H4,breakout,session_opening_range,atr_expand_min=0.0|range_bars=12,both,all,WEAK_CANDIDATE,28,0.464286,1.658789,0.002048,0.002048,-0.050554,1.078316,0.888886,0.028028,34.714286,0.056785,0.056785,0.047098,0.004355,0.445738,,,mt5
run_20260429_081031_bb52a2,AUD/USD,forex,H4,breakout,session_opening_range,atr_expand_min=0.5|range_bars=12,both,all,WEAK_CANDIDATE,28,0.464286,1.658789,0.002048,0.002048,-0.050554,1.078316,0.888886,0.028028,34.714286,0.056785,0.056785,0.047098,0.004355,0.445738,,,mt5
run_20260429_081031_bb52a2,AUD/USD,forex,H4,breakout,london_breakout,atr_expand_min=0.0|utc_end=11|utc_start=7,both,all,NEEDS_MORE_DATA,13,,,,,,,,,,,,,,1.000000,,only 13 trades < min 20,mt5
run_20260429_081031_bb52a2,AUD/USD,forex,H4,breakout,london_breakout,atr_expand_min=0.5|utc_end=11|utc_start=7,both,all,NEEDS_MORE_DATA,13,,,,,,,,,,,,,,1.000000,,only 13 trades < min 20,mt5
run_20260429_081031_bb52a2,AUD/USD,forex,H4,breakout,ny_breakout,atr_expand_min=0.0|utc_end=16|utc_start=13,both,all,NEEDS_MORE_DATA,0,,,,,,,,,,,,,,,,only 0 trades < min 20,mt5
run_20260429_081031_bb52a2,AUD/USD,forex,H4,breakout,ny_breakout,atr_expand_min=0.5|utc_end=16|utc_start=13,both,all,NEEDS_MORE_DATA,0,,,,,,,,,,,,,,,,only 0 trades < min 20,mt5
run_20260429_081031_bb52a2,AUD/USD,forex,H4,mean_reversion,rsi_extreme,overbought=70|oversold=30|period=14,both,all,NEEDS_MORE_DATA,14,,,,,,,,,,,,,,1.000000,,only 14 trades < min 20,mt5
run_20260429_081031_bb52a2,AUD/USD,forex,H4,mean_reversion,rsi_extreme,overbought=75|oversold=30|period=14,both,all,NEEDS_MORE_DATA,12,,,,,,,,,,,,,,,,only 12 trades < min 20,mt5
run_20260429_081031_bb52a2,AUD/USD,forex,H4,mean_reversion,rsi_extreme,overbought=70|oversold=25|period=14,both,all,NEEDS_MORE_DATA,10,,,,,,,,,,,,,,,,only 10 trades < min 20,mt5
run_20260429_081031_bb52a2,AUD/USD,forex,H4,mean_reversion,rsi_extreme,overbought=75|oversold=25|period=14,both,all,NEEDS_MORE_DATA,8,,,,,,,,,,,,,,,,only 8 trades < min 20,mt5
run_20260429_081031_bb52a2,AUD/USD,forex,H4,mean_reversion,bollinger_touch,num_std=2.0|period=20,both,all,REJECT,33,0.545455,0.568168,-0.001678,-0.001678,-0.080920,-1.162512,-0.958042,0.033033,16.545455,-0.055527,-0.055527,-0.060978,0.005805,0.348000,,,mt5
run_20260429_081031_bb52a2,AUD/USD,forex,H4,mean_reversion,bollinger_touch,num_std=2.5|period=20,both,all,NEEDS_MORE_DATA,17,,,,,,,,,,,,,,1.000000,,only 17 trades < min 20,mt5
run_20260429_081031_bb52a2,AUD/USD,forex,H4,mean_reversion,vwap_deviation,std_threshold=1.5,both,all,NEEDS_MORE_DATA,7,,,,,,,,,,,,,,1.000000,,only 7 trades < min 20,mt5
run_20260429_081031_bb52a2,AUD/USD,forex,H4,mean_reversion,vwap_deviation,std_threshold=2.0,both,all,NEEDS_MORE_DATA,7,,,,,,,,,,,,,,,,only 7 trades < min 20,mt5
run_20260429_081031_bb52a2,AUD/USD,forex,H4,engine_b_proxy,ob_bos,require_engulf=False|require_vol_expand=False|swing_period=5,both,all,NEEDS_MORE_DATA,17,,,,,,,,,,,,,,1.000000,,only 17 trades < min 20,mt5
run_20260429_081031_bb52a2,AUD/USD,forex,H4,engine_b_proxy,ob_bos,require_engulf=False|require_vol_expand=True|swing_period=5,both,all,NEEDS_MORE_DATA,13,,,,,,,,,,,,,,1.000000,,only 13 trades < min 20,mt5
run_20260429_081031_bb52a2,AUD/USD,forex,H4,engine_b_proxy,ob_bos,require_engulf=True|require_vol_expand=False|swing_period=5,both,all,NEEDS_MORE_DATA,15,,,,,,,,,,,,,,1.000000,,only 15 trades < min 20,mt5
run_20260429_081031_bb52a2,AUD/USD,forex,H4,engine_b_proxy,ob_bos,require_engulf=True|require_vol_expand=True|swing_period=5,both,all,NEEDS_MORE_DATA,11,,,,,,,,,,,,,,,,only 11 trades < min 20,mt5
run_20260429_081031_bb52a2,AUD/USD,forex,H4,engine_b_proxy,ob_bos,require_engulf=False|require_vol_expand=False|swing_period=10,both,all,NEEDS_MORE_DATA,11,,,,,,,,,,,,,,,,only 11 trades < min 20,mt5
run_20260429_081031_bb52a2,AUD/USD,forex,H4,engine_b_proxy,ob_bos,require_engulf=False|require_vol_expand=True|swing_period=10,both,all,NEEDS_MORE_DATA,8,,,,,,,,,,,,,,,,only 8 trades < min 20,mt5
run_20260429_081031_bb52a2,AUD/USD,forex,H4,engine_b_proxy,ob_bos,require_engulf=True|require_vol_expand=False|swing_period=10,both,all,NEEDS_MORE_DATA,10,,,,,,,,,,,,,,,,only 10 trades < min 20,mt5
run_20260429_081031_bb52a2,AUD/USD,forex,H4,engine_b_proxy,ob_bos,require_engulf=True|require_vol_expand=True|swing_period=10,both,all,NEEDS_MORE_DATA,7,,,,,,,,,,,,,,,,only 7 trades < min 20,mt5
run_20260429_081031_bb52a2,AUD/USD,forex,H4,engine_b_proxy,structure_filters,fvg_detection=False|strong_close_pct=0.7,both,all,REJECT,327,0.256881,0.415412,-0.001260,-0.001260,-0.355769,-7.061268,-5.947866,0.327327,2.951070,-0.339538,-0.339538,-0.284035,-0.075355,0.479591,,,mt5
run_20260429_081031_bb52a2,AUD/USD,forex,H4,engine_b_proxy,structure_filters,fvg_detection=True|strong_close_pct=0.7,both,all,WEAK_CANDIDATE,30,0.400000,1.402947,0.000945,0.000945,-0.032704,0.879579,0.721309,0.030030,15.700000,0.027958,0.027958,0.046551,-0.017766,0.405000,,,mt5
run_20260429_081031_bb52a2,AUD/USD,forex,H4,engine_b_proxy,structure_filters,fvg_detection=False|strong_close_pct=0.8,both,all,REJECT,218,0.279817,0.558423,-0.001017,-0.001017,-0.238964,-3.790875,-3.136854,0.218218,4.197248,-0.200873,-0.200873,-0.143202,-0.061087,0.552975,,,mt5
run_20260429_081031_bb52a2,AUD/USD,forex,H4,engine_b_proxy,structure_filters,fvg_detection=True|strong_close_pct=0.8,both,all,WEAK_CANDIDATE,27,0.333333,1.055456,0.000149,0.000149,-0.028500,0.136112,0.110718,0.027027,16.666667,0.003367,0.003367,0.032802,-0.028500,0.387000,,,mt5
run_20260429_081031_bb52a2,EUR/USD,forex,H4,trend_momentum,ema_cross,adx_min=0|fast_period=10|rsi_confirm=False|slow_period=50,both,all,REJECT,23,0.304348,0.940546,-0.000173,-0.000173,-0.022026,-0.138679,-0.112811,0.023023,42.217391,-0.004594,-0.004594,-0.015613,-0.011574,0.535389,,,mt5
run_20260429_081031_bb52a2,EUR/USD,forex,H4,trend_momentum,ema_cross,adx_min=0|fast_period=10|rsi_confirm=True|slow_period=50,both,all,REJECT,22,0.272727,0.858866,-0.000429,-0.000429,-0.022026,-0.332802,-0.271093,0.022022,41.136364,-0.009984,-0.009984,-0.020943,-0.011574,0.472792,,,mt5
run_20260429_081031_bb52a2,EUR/USD,forex,H4,trend_momentum,ema_cross,adx_min=20|fast_period=10|rsi_confirm=False|slow_period=50,both,all,REJECT,23,0.304348,0.940546,-0.000173,-0.000173,-0.022026,-0.138679,-0.112811,0.023023,42.217391,-0.004594,-0.004594,-0.015613,-0.011574,0.535389,,,mt5
run_20260429_081031_bb52a2,EUR/USD,forex,H4,trend_momentum,ema_cross,adx_min=20|fast_period=10|rsi_confirm=True|slow_period=50,both,all,REJECT,22,0.272727,0.858866,-0.000429,-0.000429,-0.022026,-0.332802,-0.271093,0.022022,41.136364,-0.009984,-0.009984,-0.020943,-0.011574,0.454935,,,mt5
run_20260429_081031_bb52a2,EUR/USD,forex,H4,trend_momentum,ema_cross,adx_min=25|fast_period=10|rsi_confirm=False|slow_period=50,both,all,REJECT,22,0.318182,0.980194,-0.000058,-0.000058,-0.022026,-0.044501,-0.036191,0.022022,42.818182,-0.001895,-0.001895,-0.012944,-0.011574,0.500247,,,mt5
run_20260429_081031_bb52a2,EUR/USD,forex,H4,trend_momentum,ema_cross,adx_min=25|fast_period=10|rsi_confirm=True|slow_period=50,both,all,REJECT,21,0.285714,0.895456,-0.000320,-0.000320,-0.022026,-0.237432,-0.193260,0.021021,41.714286,-0.007299,-0.007299,-0.018288,-0.011574,0.415857,,,mt5
run_20260429_081031_bb52a2,EUR/USD,forex,H4,trend_momentum,ema_cross,adx_min=0|fast_period=10|rsi_confirm=False|slow_period=100,both,all,REJECT,24,0.250000,0.413640,-0.001965,-0.001965,-0.048972,-2.088674,-1.807992,0.024024,40.875000,-0.046433,-0.046433,-0.033072,-0.011962,0.352507,,,mt5
run_20260429_081031_bb52a2,EUR/USD,forex,H4,trend_momentum,ema_cross,adx_min=0|fast_period=10|rsi_confirm=True|slow_period=100,both,all,REJECT,22,0.227273,0.424044,-0.002056,-0.002056,-0.046988,-2.003917,-1.735342,0.022022,38.454545,-0.044597,-0.044597,-0.033031,-0.011962,0.340643,,,mt5
run_20260429_081031_bb52a2,EUR/USD,forex,H4,trend_momentum,ema_cross,adx_min=20|fast_period=10|rsi_confirm=False|slow_period=100,both,all,REJECT,24,0.250000,0.413640,-0.001965,-0.001965,-0.048972,-2.088674,-1.807992,0.024024,40.875000,-0.046433,-0.046433,-0.033072,-0.011962,0.352507,,,mt5
run_20260429_081031_bb52a2,EUR/USD,forex,H4,trend_momentum,ema_cross,adx_min=20|fast_period=10|rsi_confirm=True|slow_period=100,both,all,REJECT,22,0.227273,0.424044,-0.002056,-0.002056,-0.046988,-2.003917,-1.735342,0.022022,38.454545,-0.044597,-0.044597,-0.033031,-0.011962,0.340643,,,mt5
run_20260429_081031_bb52a2,EUR/USD,forex,H4,trend_momentum,ema_cross,adx_min=25|fast_period=10|rsi_confirm=False|slow_period=100,both,all,REJECT,20,0.300000,0.509093,-0.001623,-0.001623,-0.034874,-1.482051,-1.250610,0.020020,43.700000,-0.032298,-0.032298,-0.018738,-0.011962,0.411507,,,mt5
run_20260429_081031_bb52a2,EUR/USD,forex,H4,trend_momentum,ema_cross,adx_min=25|fast_period=10|rsi_confirm=True|slow_period=100,both,all,NEEDS_MORE_DATA,18,,,,,,,,,,,,,,1.000000,,only 18 trades < min 20,mt5
run_20260429_081031_bb52a2,EUR/USD,forex,H4,trend_momentum,ema_cross,adx_min=0|fast_period=10|rsi_confirm=False|slow_period=200,both,all,NEEDS_MORE_DATA,16,,,,,,,,,,,,,,1.000000,,only 16 trades < min 20,mt5
run_20260429_081031_bb52a2,EUR/USD,forex,H4,trend_momentum,ema_cross,adx_min=0|fast_period=10|rsi_confirm=True|slow_period=200,both,all,NEEDS_MORE_DATA,15,,,,,,,,,,,,,,1.000000,,only 15 trades < min 20,mt5
run_20260429_081031_bb52a2,EUR/USD,forex,H4,trend_momentum,ema_cross,adx_min=20|fast_period=10|rsi_confirm=False|slow_period=200,both,all,NEEDS_MORE_DATA,16,,,,,,,,,,,,,,1.000000,,only 16 trades < min 20,mt5
run_20260429_081031_bb52a2,EUR/USD,forex,H4,trend_momentum,ema_cross,adx_min=20|fast_period=10|rsi_confirm=True|slow_period=200,both,all,NEEDS_MORE_DATA,15,,,,,,,,,,,,,,1.000000,,only 15 trades < min 20,mt5
run_20260429_081031_bb52a2,EUR/USD,forex,H4,trend_momentum,ema_cross,adx_min=25|fast_period=10|rsi_confirm=False|slow_period=200,both,all,NEEDS_MORE_DATA,10,,,,,,,,,,,,,,1.000000,,only 10 trades < min 20,mt5
run_20260429_081031_bb52a2,EUR/USD,forex,H4,trend_momentum,ema_cross,adx_min=25|fast_period=10|rsi_confirm=True|slow_period=200,both,all,NEEDS_MORE_DATA,9,,,,,,,,,,,,,,,,only 9 trades < min 20,mt5
run_20260429_081031_bb52a2,EUR/USD,forex,H4,trend_momentum,ema_cross,adx_min=0|fast_period=20|rsi_confirm=False|slow_period=50,both,all,NEEDS_MORE_DATA,19,,,,,,,,,,,,,,1.000000,,only 19 trades < min 20,mt5
run_20260429_081031_bb52a2,EUR/USD,forex,H4,trend_momentum,ema_cross,adx_min=0|fast_period=20|rsi_confirm=True|slow_period=50,both,all,NEEDS_MORE_DATA,18,,,,,,,,,,,,,,1.000000,,only 18 trades < min 20,mt5
run_20260429_081031_bb52a2,EUR/USD,forex,H4,trend_momentum,ema_cross,adx_min=20|fast_period=20|rsi_confirm=False|slow_period=50,both,all,NEEDS_MORE_DATA,19,,,,,,,,,,,,,,1.000000,,only 19 trades < min 20,mt5
run_20260429_081031_bb52a2,EUR/USD,forex,H4,trend_momentum,ema_cross,adx_min=20|fast_period=20|rsi_confirm=True|slow_period=50,both,all,NEEDS_MORE_DATA,18,,,,,,,,,,,,,,1.000000,,only 18 trades < min 20,mt5
run_20260429_081031_bb52a2,EUR/USD,forex,H4,trend_momentum,ema_cross,adx_min=25|fast_period=20|rsi_confirm=False|slow_period=50,both,all,NEEDS_MORE_DATA,18,,,,,,,,,,,,,,1.000000,,only 18 trades < min 20,mt5
run_20260429_081031_bb52a2,EUR/USD,forex,H4,trend_momentum,ema_cross,adx_min=25|fast_period=20|rsi_confirm=True|slow_period=50,both,all,NEEDS_MORE_DATA,17,,,,,,,,,,,,,,,,only 17 trades < min 20,mt5
run_20260429_081031_bb52a2,EUR/USD,forex,H4,trend_momentum,ema_cross,adx_min=0|fast_period=20|rsi_confirm=False|slow_period=100,both,all,NEEDS_MORE_DATA,8,,,,,,,,,,,,,,1.000000,,only 8 trades < min 20,mt5
run_20260429_081031_bb52a2,EUR/USD,forex,H4,trend_momentum,ema_cross,adx_min=0|fast_period=20|rsi_confirm=True|slow_period=100,both,all,NEEDS_MORE_DATA,7,,,,,,,,,,,,,,1.000000,,only 7 trades < min 20,mt5
run_20260429_081031_bb52a2,EUR/USD,forex,H4,trend_momentum,ema_cross,adx_min=20|fast_period=20|rsi_confirm=False|slow_period=100,both,all,NEEDS_MORE_DATA,8,,,,,,,,,,,,,,,,only 8 trades < min 20,mt5
run_20260429_081031_bb52a2,EUR/USD,forex,H4,trend_momentum,ema_cross,adx_min=20|fast_period=20|rsi_confirm=True|slow_period=100,both,all,NEEDS_MORE_DATA,7,,,,,,,,,,,,,,,,only 7 trades < min 20,mt5
run_20260429_081031_bb52a2,EUR/USD,forex,H4,trend_momentum,ema_cross,adx_min=25|fast_period=20|rsi_confirm=False|slow_period=100,both,all,NEEDS_MORE_DATA,8,,,,,,,,,,,,,,,,only 8 trades < min 20,mt5
run_20260429_081031_bb52a2,EUR/USD,forex,H4,trend_momentum,ema_cross,adx_min=25|fast_period=20|rsi_confirm=True|slow_period=100,both,all,NEEDS_MORE_DATA,7,,,,,,,,,,,,,,,,only 7 trades < min 20,mt5
run_20260429_081031_bb52a2,EUR/USD,forex,H4,trend_momentum,ema_cross,adx_min=0|fast_period=20|rsi_confirm=False|slow_period=200,both,all,NEEDS_MORE_DATA,8,,,,,,,,,,,,,,,,only 8 trades < min 20,mt5
run_20260429_081031_bb52a2,EUR/USD,forex,H4,trend_momentum,ema_cross,adx_min=0|fast_period=20|rsi_confirm=True|slow_period=200,both,all,NEEDS_MORE_DATA,7,,,,,,,,,,,,,,,,only 7 trades < min 20,mt5
run_20260429_081031_bb52a2,EUR/USD,forex,H4,trend_momentum,ema_cross,adx_min=20|fast_period=20|rsi_confirm=False|slow_period=200,both,all,NEEDS_MORE_DATA,8,,,,,,,,,,,,,,,,only 8 trades < min 20,mt5
run_20260429_081031_bb52a2,EUR/USD,forex,H4,trend_momentum,ema_cross,adx_min=20|fast_period=20|rsi_confirm=True|slow_period=200,both,all,NEEDS_MORE_DATA,7,,,,,,,,,,,,,,,,only 7 trades < min 20,mt5
run_20260429_081031_bb52a2,EUR/USD,forex,H4,trend_momentum,ema_cross,adx_min=25|fast_period=20|rsi_confirm=False|slow_period=200,both,all,NEEDS_MORE_DATA,5,,,,,,,,,,,,,,,,only 5 trades < min 20,mt5
run_20260429_081031_bb52a2,EUR/USD,forex,H4,trend_momentum,ema_cross,adx_min=25|fast_period=20|rsi_confirm=True|slow_period=200,both,all,NEEDS_MORE_DATA,4,,,,,,,,,,,,,,,,only 4 trades < min 20,mt5
run_20260429_081031_bb52a2,EUR/USD,forex,H4,trend_momentum,ema_alignment,adx_min=0|ema_long=200|ema_mid=50|ema_short=20,both,all,REJECT,22,0.318182,0.471133,-0.001328,-0.001328,-0.037603,-1.830548,-1.567932,0.022022,17.227273,-0.028984,-0.028984,-0.018354,-0.010829,0.433995,,,mt5
run_20260429_081031_bb52a2,EUR/USD,forex,H4,trend_momentum,ema_alignment,adx_min=20|ema_long=200|ema_mid=50|ema_short=20,both,all,REJECT,22,0.318182,0.471133,-0.001328,-0.001328,-0.037603,-1.830548,-1.567932,0.022022,17.227273,-0.028984,-0.028984,-0.018354,-0.010829,0.433995,,,mt5
run_20260429_081031_bb52a2,EUR/USD,forex,H4,trend_momentum,ema_alignment,adx_min=25|ema_long=200|ema_mid=50|ema_short=20,both,all,REJECT,21,0.285714,0.485956,-0.001258,-0.001258,-0.034886,-1.768170,-1.512721,0.021021,17.095238,-0.026243,-0.026243,-0.023443,-0.002867,0.262692,,,mt5
run_20260429_081031_bb52a2,EUR/USD,forex,H4,trend_momentum,macd_direction,adx_min=0|fast=12|signal_period=9|slow=26,both,all,WEAK_CANDIDATE,67,0.417910,1.125169,0.000241,0.000241,-0.026948,0.481696,0.392159,0.067067,14.895522,0.015425,0.015425,0.027199,-0.016610,0.600000,,,mt5
run_20260429_081031_bb52a2,EUR/USD,forex,H4,trend_momentum,macd_direction,adx_min=20|fast=12|signal_period=9|slow=26,both,all,WEAK_CANDIDATE,67,0.417910,1.125169,0.000241,0.000241,-0.026948,0.481696,0.392159,0.067067,14.895522,0.015425,0.015425,0.027199,-0.016610,0.575000,,,mt5
run_20260429_081031_bb52a2,EUR/USD,forex,H4,pullback,pullback_ema,pullback_period=20|rsi_reclaim=False|rsi_threshold=50|trend_period=200,both,all,REJECT,61,0.196721,0.415086,-0.001154,-0.001154,-0.075938,-3.456193,-2.999006,0.061061,7.229508,-0.068255,-0.068255,-0.026273,-0.043115,0.507696,,,mt5
run_20260429_081031_bb52a2,EUR/USD,forex,H4,pullback,pullback_ema,pullback_period=20|rsi_reclaim=True|rsi_threshold=50|trend_period=200,both,all,REJECT,53,0.169811,0.325481,-0.001447,-0.001447,-0.077789,-3.988746,-3.599849,0.053053,6.584906,-0.074104,-0.074104,-0.033053,-0.042455,0.639659,,,mt5
run_20260429_081031_bb52a2,EUR/USD,forex,H4,pullback,pullback_ema,pullback_period=50|rsi_reclaim=False|rsi_threshold=50|trend_period=200,both,all,REJECT,45,0.222222,0.321760,-0.001307,-0.001307,-0.062079,-3.696147,-3.343479,0.045045,9.822222,-0.057287,-0.057287,-0.030103,-0.028027,0.649313,,,mt5
run_20260429_081031_bb52a2,EUR/USD,forex,H4,pullback,pullback_ema,pullback_period=50|rsi_reclaim=True|rsi_threshold=50|trend_period=200,both,all,REJECT,33,0.212121,0.282686,-0.001362,-0.001362,-0.047046,-3.423159,-3.166557,0.033033,10.090909,-0.044068,-0.044068,-0.019456,-0.025100,0.510974,,,mt5
run_20260429_081031_bb52a2,EUR/USD,forex,H4,breakout,prev_day_hl,atr_expand_min=0.0,both,all,REJECT,36,0.444444,0.819587,-0.000466,-0.000466,-0.052995,-0.544695,-0.444142,0.036036,25.861111,-0.017336,-0.017336,0.014446,-0.031663,0.341000,,,mt5
run_20260429_081031_bb52a2,EUR/USD,forex,H4,breakout,prev_day_hl,atr_expand_min=0.5,both,all,REJECT,36,0.444444,0.819587,-0.000466,-0.000466,-0.052995,-0.544695,-0.444142,0.036036,25.861111,-0.017336,-0.017336,0.014446,-0.031663,0.341000,,,mt5
run_20260429_081031_bb52a2,EUR/USD,forex,H4,breakout,prev_day_hl,atr_expand_min=1.0,both,all,REJECT,29,0.413793,0.941926,-0.000147,-0.000147,-0.042691,-0.146975,-0.119556,0.029029,27.034483,-0.004875,-0.004875,0.016557,-0.027528,0.349000,,,mt5
run_20260429_081031_bb52a2,EUR/USD,forex,H4,breakout,session_opening_range,atr_expand_min=0.0|range_bars=6,both,all,REJECT,51,0.450980,0.944272,-0.000123,-0.000123,-0.057103,-0.203367,-0.165431,0.051051,19.215686,-0.006990,-0.006990,0.001907,-0.015239,0.450000,,,mt5
run_20260429_081031_bb52a2,EUR/USD,forex,H4,breakout,session_opening_range,atr_expand_min=0.5|range_bars=6,both,all,REJECT,51,0.450980,0.939344,-0.000134,-0.000134,-0.057103,-0.221696,-0.180349,0.051051,19.176471,-0.007540,-0.007540,0.001352,-0.015239,0.450000,,,mt5
run_20260429_081031_bb52a2,EUR/USD,forex,H4,breakout,session_opening_range,atr_expand_min=0.0|range_bars=12,both,all,REJECT,31,0.387097,0.895614,-0.000308,-0.000308,-0.042109,-0.294457,-0.239682,0.031031,31.129032,-0.010288,-0.010288,0.012486,-0.027350,0.336000,,,mt5
run_20260429_081031_bb52a2,EUR/USD,forex,H4,breakout,session_opening_range,atr_expand_min=0.5|range_bars=12,both,all,REJECT,31,0.387097,0.895614,-0.000308,-0.000308,-0.042109,-0.294457,-0.239682,0.031031,31.129032,-0.010288,-0.010288,0.012486,-0.027350,0.336000,,,mt5
run_20260429_081031_bb52a2,EUR/USD,forex,H4,breakout,london_breakout,atr_expand_min=0.0|utc_end=11|utc_start=7,both,all,NEEDS_MORE_DATA,16,,,,,,,,,,,,,,1.000000,,only 16 trades < min 20,mt5
run_20260429_081031_bb52a2,EUR/USD,forex,H4,breakout,london_breakout,atr_expand_min=0.5|utc_end=11|utc_start=7,both,all,NEEDS_MORE_DATA,16,,,,,,,,,,,,,,1.000000,,only 16 trades < min 20,mt5
run_20260429_081031_bb52a2,EUR/USD,forex,H4,breakout,ny_breakout,atr_expand_min=0.0|utc_end=16|utc_start=13,both,all,NEEDS_MORE_DATA,0,,,,,,,,,,,,,,,,only 0 trades < min 20,mt5
run_20260429_081031_bb52a2,EUR/USD,forex,H4,breakout,ny_breakout,atr_expand_min=0.5|utc_end=16|utc_start=13,both,all,NEEDS_MORE_DATA,0,,,,,,,,,,,,,,,,only 0 trades < min 20,mt5
run_20260429_081031_bb52a2,EUR/USD,forex,H4,mean_reversion,rsi_extreme,overbought=70|oversold=30|period=14,both,all,NEEDS_MORE_DATA,18,,,,,,,,,,,,,,1.000000,,only 18 trades < min 20,mt5
run_20260429_081031_bb52a2,EUR/USD,forex,H4,mean_reversion,rsi_extreme,overbought=75|oversold=30|period=14,both,all,NEEDS_MORE_DATA,14,,,,,,,,,,,,,,,,only 14 trades < min 20,mt5
run_20260429_081031_bb52a2,EUR/USD,forex,H4,mean_reversion,rsi_extreme,overbought=70|oversold=25|period=14,both,all,NEEDS_MORE_DATA,9,,,,,,,,,,,,,,,,only 9 trades < min 20,mt5
run_20260429_081031_bb52a2,EUR/USD,forex,H4,mean_reversion,rsi_extreme,overbought=75|oversold=25|period=14,both,all,NEEDS_MORE_DATA,5,,,,,,,,,,,,,,,,only 5 trades < min 20,mt5
run_20260429_081031_bb52a2,EUR/USD,forex,H4,mean_reversion,bollinger_touch,num_std=2.0|period=20,both,all,REJECT,34,0.411765,0.477928,-0.001409,-0.001409,-0.067723,-1.706502,-1.427417,0.034034,16.500000,-0.047351,-0.047351,-0.052603,0.009131,0.354000,,,mt5
run_20260429_081031_bb52a2,EUR/USD,forex,H4,mean_reversion,bollinger_touch,num_std=2.5|period=20,both,all,NEEDS_MORE_DATA,19,,,,,,,,,,,,,,1.000000,,only 19 trades < min 20,mt5
run_20260429_081031_bb52a2,EUR/USD,forex,H4,mean_reversion,vwap_deviation,std_threshold=1.5,both,all,NEEDS_MORE_DATA,12,,,,,,,,,,,,,,1.000000,,only 12 trades < min 20,mt5
run_20260429_081031_bb52a2,EUR/USD,forex,H4,mean_reversion,vwap_deviation,std_threshold=2.0,both,all,NEEDS_MORE_DATA,11,,,,,,,,,,,,,,,,only 11 trades < min 20,mt5
run_20260429_081031_bb52a2,EUR/USD,forex,H4,engine_b_proxy,ob_bos,require_engulf=False|require_vol_expand=False|swing_period=5,both,all,NEEDS_MORE_DATA,19,,,,,,,,,,,,,,1.000000,,only 19 trades < min 20,mt5
run_20260429_081031_bb52a2,EUR/USD,forex,H4,engine_b_proxy,ob_bos,require_engulf=False|require_vol_expand=True|swing_period=5,both,all,NEEDS_MORE_DATA,16,,,,,,,,,,,,,,1.000000,,only 16 trades < min 20,mt5
run_20260429_081031_bb52a2,EUR/USD,forex,H4,engine_b_proxy,ob_bos,require_engulf=True|require_vol_expand=False|swing_period=5,both,all,NEEDS_MORE_DATA,18,,,,,,,,,,,,,,1.000000,,only 18 trades < min 20,mt5
run_20260429_081031_bb52a2,EUR/USD,forex,H4,engine_b_proxy,ob_bos,require_engulf=True|require_vol_expand=True|swing_period=5,both,all,NEEDS_MORE_DATA,13,,,,,,,,,,,,,,,,only 13 trades < min 20,mt5
run_20260429_081031_bb52a2,EUR/USD,forex,H4,engine_b_proxy,ob_bos,require_engulf=False|require_vol_expand=False|swing_period=10,both,all,NEEDS_MORE_DATA,7,,,,,,,,,,,,,,,,only 7 trades < min 20,mt5
run_20260429_081031_bb52a2,EUR/USD,forex,H4,engine_b_proxy,ob_bos,require_engulf=False|require_vol_expand=True|swing_period=10,both,all,NEEDS_MORE_DATA,6,,,,,,,,,,,,,,,,only 6 trades < min 20,mt5
run_20260429_081031_bb52a2,EUR/USD,forex,H4,engine_b_proxy,ob_bos,require_engulf=True|require_vol_expand=False|swing_period=10,both,all,NEEDS_MORE_DATA,7,,,,,,,,,,,,,,,,only 7 trades < min 20,mt5
run_20260429_081031_bb52a2,EUR/USD,forex,H4,engine_b_proxy,ob_bos,require_engulf=True|require_vol_expand=True|swing_period=10,both,all,NEEDS_MORE_DATA,6,,,,,,,,,,,,,,,,only 6 trades < min 20,mt5
run_20260429_081031_bb52a2,EUR/USD,forex,H4,engine_b_proxy,structure_filters,fvg_detection=False|strong_close_pct=0.7,both,all,REJECT,313,0.230032,0.375273,-0.001039,-0.001039,-0.296660,-8.114544,-6.938954,0.313313,3.140575,-0.278570,-0.278570,-0.229911,-0.066175,0.486349,,,mt5
run_20260429_081031_bb52a2,EUR/USD,forex,H4,engine_b_proxy,structure_filters,fvg_detection=True|strong_close_pct=0.7,both,all,REJECT,38,0.236842,0.429795,-0.001448,-0.001448,-0.056403,-1.952789,-1.641368,0.038038,11.157895,-0.054114,-0.054114,-0.018174,-0.036605,0.353000,,,mt5
run_20260429_081031_bb52a2,EUR/USD,forex,H4,engine_b_proxy,structure_filters,fvg_detection=False|strong_close_pct=0.8,both,all,REJECT,232,0.262931,0.482758,-0.000874,-0.000874,-0.215173,-4.822056,-4.025306,0.232232,4.051724,-0.184651,-0.184651,-0.186805,0.003684,0.425000,,,mt5
run_20260429_081031_bb52a2,EUR/USD,forex,H4,engine_b_proxy,structure_filters,fvg_detection=True|strong_close_pct=0.8,both,all,REJECT,33,0.090909,0.148494,-0.002845,-0.002845,-0.092200,-4.003641,-3.921536,0.033033,9.666667,-0.089998,-0.089998,-0.048269,-0.043845,0.595503,,,mt5
run_20260429_081031_bb52a2,GBP/USD,forex,H4,trend_momentum,ema_cross,adx_min=0|fast_period=10|rsi_confirm=False|slow_period=50,both,all,REJECT,34,0.264706,0.419160,-0.002435,-0.002435,-0.083475,-2.568457,-2.231692,0.034034,28.911765,-0.080196,-0.080196,-0.041764,-0.043259,0.668261,,,mt5
run_20260429_081031_bb52a2,GBP/USD,forex,H4,trend_momentum,ema_cross,adx_min=0|fast_period=10|rsi_confirm=True|slow_period=50,both,all,REJECT,32,0.218750,0.363164,-0.002833,-0.002833,-0.088180,-2.849425,-2.532047,0.032032,27.250000,-0.087376,-0.087376,-0.044338,-0.048170,0.641072,,,mt5
run_20260429_081031_bb52a2,GBP/USD,forex,H4,trend_momentum,ema_cross,adx_min=20|fast_period=10|rsi_confirm=False|slow_period=50,both,all,REJECT,34,0.264706,0.419160,-0.002435,-0.002435,-0.083475,-2.568457,-2.231692,0.034034,28.911765,-0.080196,-0.080196,-0.041764,-0.043259,0.668261,,,mt5
run_20260429_081031_bb52a2,GBP/USD,forex,H4,trend_momentum,ema_cross,adx_min=20|fast_period=10|rsi_confirm=True|slow_period=50,both,all,REJECT,32,0.218750,0.363164,-0.002833,-0.002833,-0.088180,-2.849425,-2.532047,0.032032,27.250000,-0.087376,-0.087376,-0.044338,-0.048170,0.623215,,,mt5
run_20260429_081031_bb52a2,GBP/USD,forex,H4,trend_momentum,ema_cross,adx_min=25|fast_period=10|rsi_confirm=False|slow_period=50,both,all,REJECT,32,0.218750,0.275349,-0.003219,-0.003219,-0.101676,-3.571272,-3.365228,0.032032,23.906250,-0.098461,-0.098461,-0.057699,-0.043259,0.516921,,,mt5
run_20260429_081031_bb52a2,GBP/USD,forex,H4,trend_momentum,ema_cross,adx_min=25|fast_period=10|rsi_confirm=True|slow_period=50,both,all,REJECT,30,0.166667,0.218994,-0.003696,-0.003696,-0.106287,-3.908106,-3.873063,0.030030,21.800000,-0.105499,-0.105499,-0.060230,-0.048170,0.519930,,,mt5
run_20260429_081031_bb52a2,GBP/USD,forex,H4,trend_momentum,ema_cross,adx_min=0|fast_period=10|rsi_confirm=False|slow_period=100,both,all,REJECT,20,0.300000,0.733355,-0.000818,-0.000818,-0.044210,-0.654474,-0.535984,0.020020,45.350000,-0.016693,-0.016693,-0.021111,-0.008182,0.336277,,,mt5
run_20260429_081031_bb52a2,GBP/USD,forex,H4,trend_momentum,ema_cross,adx_min=0|fast_period=10|rsi_confirm=True|slow_period=100,both,all,NEEDS_MORE_DATA,18,,,,,,,,,,,,,,1.000000,,only 18 trades < min 20,mt5
run_20260429_081031_bb52a2,GBP/USD,forex,H4,trend_momentum,ema_cross,adx_min=20|fast_period=10|rsi_confirm=False|slow_period=100,both,all,REJECT,20,0.300000,0.733355,-0.000818,-0.000818,-0.044210,-0.654474,-0.535984,0.020020,45.350000,-0.016693,-0.016693,-0.021111,-0.008182,0.336277,,,mt5
run_20260429_081031_bb52a2,GBP/USD,forex,H4,trend_momentum,ema_cross,adx_min=20|fast_period=10|rsi_confirm=True|slow_period=100,both,all,NEEDS_MORE_DATA,18,,,,,,,,,,,,,,1.000000,,only 18 trades < min 20,mt5
run_20260429_081031_bb52a2,GBP/USD,forex,H4,trend_momentum,ema_cross,adx_min=25|fast_period=10|rsi_confirm=False|slow_period=100,both,all,NEEDS_MORE_DATA,15,,,,,,,,,,,,,,1.000000,,only 15 trades < min 20,mt5
run_20260429_081031_bb52a2,GBP/USD,forex,H4,trend_momentum,ema_cross,adx_min=25|fast_period=10|rsi_confirm=True|slow_period=100,both,all,NEEDS_MORE_DATA,13,,,,,,,,,,,,,,1.000000,,only 13 trades < min 20,mt5
run_20260429_081031_bb52a2,GBP/USD,forex,H4,trend_momentum,ema_cross,adx_min=0|fast_period=10|rsi_confirm=False|slow_period=200,both,all,NEEDS_MORE_DATA,6,,,,,,,,,,,,,,1.000000,,only 6 trades < min 20,mt5
run_20260429_081031_bb52a2,GBP/USD,forex,H4,trend_momentum,ema_cross,adx_min=0|fast_period=10|rsi_confirm=True|slow_period=200,both,all,NEEDS_MORE_DATA,5,,,,,,,,,,,,,,1.000000,,only 5 trades < min 20,mt5
run_20260429_081031_bb52a2,GBP/USD,forex,H4,trend_momentum,ema_cross,adx_min=20|fast_period=10|rsi_confirm=False|slow_period=200,both,all,NEEDS_MORE_DATA,6,,,,,,,,,,,,,,1.000000,,only 6 trades < min 20,mt5
run_20260429_081031_bb52a2,GBP/USD,forex,H4,trend_momentum,ema_cross,adx_min=20|fast_period=10|rsi_confirm=True|slow_period=200,both,all,NEEDS_MORE_DATA,5,,,,,,,,,,,,,,1.000000,,only 5 trades < min 20,mt5
run_20260429_081031_bb52a2,GBP/USD,forex,H4,trend_momentum,ema_cross,adx_min=25|fast_period=10|rsi_confirm=False|slow_period=200,both,all,NEEDS_MORE_DATA,6,,,,,,,,,,,,,,1.000000,,only 6 trades < min 20,mt5
run_20260429_081031_bb52a2,GBP/USD,forex,H4,trend_momentum,ema_cross,adx_min=25|fast_period=10|rsi_confirm=True|slow_period=200,both,all,NEEDS_MORE_DATA,5,,,,,,,,,,,,,,,,only 5 trades < min 20,mt5
run_20260429_081031_bb52a2,GBP/USD,forex,H4,trend_momentum,ema_cross,adx_min=0|fast_period=20|rsi_confirm=False|slow_period=50,both,all,NEEDS_MORE_DATA,16,,,,,,,,,,,,,,1.000000,,only 16 trades < min 20,mt5
run_20260429_081031_bb52a2,GBP/USD,forex,H4,trend_momentum,ema_cross,adx_min=0|fast_period=20|rsi_confirm=True|slow_period=50,both,all,NEEDS_MORE_DATA,15,,,,,,,,,,,,,,1.000000,,only 15 trades < min 20,mt5
run_20260429_081031_bb52a2,GBP/USD,forex,H4,trend_momentum,ema_cross,adx_min=20|fast_period=20|rsi_confirm=False|slow_period=50,both,all,NEEDS_MORE_DATA,16,,,,,,,,,,,,,,1.000000,,only 16 trades < min 20,mt5
run_20260429_081031_bb52a2,GBP/USD,forex,H4,trend_momentum,ema_cross,adx_min=20|fast_period=20|rsi_confirm=True|slow_period=50,both,all,NEEDS_MORE_DATA,15,,,,,,,,,,,,,,1.000000,,only 15 trades < min 20,mt5
run_20260429_081031_bb52a2,GBP/USD,forex,H4,trend_momentum,ema_cross,adx_min=25|fast_period=20|rsi_confirm=False|slow_period=50,both,all,NEEDS_MORE_DATA,13,,,,,,,,,,,,,,1.000000,,only 13 trades < min 20,mt5
run_20260429_081031_bb52a2,GBP/USD,forex,H4,trend_momentum,ema_cross,adx_min=25|fast_period=20|rsi_confirm=True|slow_period=50,both,all,NEEDS_MORE_DATA,12,,,,,,,,,,,,,,,,only 12 trades < min 20,mt5
run_20260429_081031_bb52a2,GBP/USD,forex,H4,trend_momentum,ema_cross,adx_min=0|fast_period=20|rsi_confirm=False|slow_period=100,both,all,NEEDS_MORE_DATA,10,,,,,,,,,,,,,,1.000000,,only 10 trades < min 20,mt5
run_20260429_081031_bb52a2,GBP/USD,forex,H4,trend_momentum,ema_cross,adx_min=0|fast_period=20|rsi_confirm=True|slow_period=100,both,all,NEEDS_MORE_DATA,9,,,,,,,,,,,,,,1.000000,,only 9 trades < min 20,mt5
run_20260429_081031_bb52a2,GBP/USD,forex,H4,trend_momentum,ema_cross,adx_min=20|fast_period=20|rsi_confirm=False|slow_period=100,both,all,NEEDS_MORE_DATA,10,,,,,,,,,,,,,,,,only 10 trades < min 20,mt5
run_20260429_081031_bb52a2,GBP/USD,forex,H4,trend_momentum,ema_cross,adx_min=20|fast_period=20|rsi_confirm=True|slow_period=100,both,all,NEEDS_MORE_DATA,9,,,,,,,,,,,,,,,,only 9 trades < min 20,mt5
run_20260429_081031_bb52a2,GBP/USD,forex,H4,trend_momentum,ema_cross,adx_min=25|fast_period=20|rsi_confirm=False|slow_period=100,both,all,NEEDS_MORE_DATA,8,,,,,,,,,,,,,,,,only 8 trades < min 20,mt5
run_20260429_081031_bb52a2,GBP/USD,forex,H4,trend_momentum,ema_cross,adx_min=25|fast_period=20|rsi_confirm=True|slow_period=100,both,all,NEEDS_MORE_DATA,7,,,,,,,,,,,,,,,,only 7 trades < min 20,mt5
run_20260429_081031_bb52a2,GBP/USD,forex,H4,trend_momentum,ema_cross,adx_min=0|fast_period=20|rsi_confirm=False|slow_period=200,both,all,NEEDS_MORE_DATA,4,,,,,,,,,,,,,,,,only 4 trades < min 20,mt5
run_20260429_081031_bb52a2,GBP/USD,forex,H4,trend_momentum,ema_cross,adx_min=0|fast_period=20|rsi_confirm=True|slow_period=200,both,all,NEEDS_MORE_DATA,3,,,,,,,,,,,,,,,,only 3 trades < min 20,mt5
run_20260429_081031_bb52a2,GBP/USD,forex,H4,trend_momentum,ema_cross,adx_min=20|fast_period=20|rsi_confirm=False|slow_period=200,both,all,NEEDS_MORE_DATA,3,,,,,,,,,,,,,,,,only 3 trades < min 20,mt5
run_20260429_081031_bb52a2,GBP/USD,forex,H4,trend_momentum,ema_cross,adx_min=20|fast_period=20|rsi_confirm=True|slow_period=200,both,all,NEEDS_MORE_DATA,2,,,,,,,,,,,,,,,,only 2 trades < min 20,mt5
run_20260429_081031_bb52a2,GBP/USD,forex,H4,trend_momentum,ema_cross,adx_min=25|fast_period=20|rsi_confirm=False|slow_period=200,both,all,NEEDS_MORE_DATA,3,,,,,,,,,,,,,,,,only 3 trades < min 20,mt5
run_20260429_081031_bb52a2,GBP/USD,forex,H4,trend_momentum,ema_cross,adx_min=25|fast_period=20|rsi_confirm=True|slow_period=200,both,all,NEEDS_MORE_DATA,2,,,,,,,,,,,,,,,,only 2 trades < min 20,mt5
run_20260429_081031_bb52a2,GBP/USD,forex,H4,trend_momentum,ema_alignment,adx_min=0|ema_long=200|ema_mid=50|ema_short=20,both,all,REJECT,30,0.200000,0.385538,-0.001752,-0.001752,-0.057994,-2.495455,-2.179743,0.030030,17.166667,-0.051529,-0.051529,-0.013349,-0.038696,0.305000,,,mt5
run_20260429_081031_bb52a2,GBP/USD,forex,H4,trend_momentum,ema_alignment,adx_min=20|ema_long=200|ema_mid=50|ema_short=20,both,all,REJECT,30,0.200000,0.385538,-0.001752,-0.001752,-0.057994,-2.495455,-2.179743,0.030030,17.166667,-0.051529,-0.051529,-0.013349,-0.038696,0.305000,,,mt5
run_20260429_081031_bb52a2,GBP/USD,forex,H4,trend_momentum,ema_alignment,adx_min=25|ema_long=200|ema_mid=50|ema_short=20,both,all,REJECT,30,0.133333,0.194546,-0.002795,-0.002795,-0.087015,-3.863000,-3.807231,0.030030,14.933333,-0.080749,-0.080749,-0.043746,-0.038696,0.545373,,,mt5
run_20260429_081031_bb52a2,GBP/USD,forex,H4,trend_momentum,macd_direction,adx_min=0|fast=12|signal_period=9|slow=26,both,all,REJECT,75,0.386667,0.805544,-0.000527,-0.000527,-0.058828,-0.952587,-0.777575,0.075075,13.240000,-0.039974,-0.039974,-0.036529,-0.012616,0.603613,,,mt5
run_20260429_081031_bb52a2,GBP/USD,forex,H4,trend_momentum,macd_direction,adx_min=20|fast=12|signal_period=9|slow=26,both,all,REJECT,72,0.361111,0.709770,-0.000816,-0.000816,-0.068274,-1.463373,-1.201101,0.072072,13.041667,-0.058232,-0.058232,-0.046199,-0.012616,0.556927,,,mt5
run_20260429_081031_bb52a2,GBP/USD,forex,H4,pullback,pullback_ema,pullback_period=20|rsi_reclaim=False|rsi_threshold=50|trend_period=200,both,all,REJECT,69,0.188406,0.583527,-0.000855,-0.000855,-0.067857,-1.969786,-1.630402,0.069069,7.768116,-0.057904,-0.057904,-0.024397,-0.034345,0.577674,,,mt5
run_20260429_081031_bb52a2,GBP/USD,forex,H4,pullback,pullback_ema,pullback_period=20|rsi_reclaim=True|rsi_threshold=50|trend_period=200,both,all,REJECT,63,0.174603,0.538563,-0.000994,-0.000994,-0.069910,-2.136466,-1.777849,0.063063,7.492063,-0.061316,-0.061316,-0.022374,-0.039833,0.490904,,,mt5
run_20260429_081031_bb52a2,GBP/USD,forex,H4,pullback,pullback_ema,pullback_period=50|rsi_reclaim=False|rsi_threshold=50|trend_period=200,both,all,REJECT,47,0.191489,0.367868,-0.001394,-0.001394,-0.075506,-3.118115,-2.719263,0.047047,11.574468,-0.063753,-0.063753,-0.029781,-0.035015,0.629270,,,mt5
run_20260429_081031_bb52a2,GBP/USD,forex,H4,pullback,pullback_ema,pullback_period=50|rsi_reclaim=True|rsi_threshold=50|trend_period=200,both,all,REJECT,36,0.222222,0.380587,-0.001414,-0.001414,-0.055390,-2.633736,-2.286956,0.036036,12.555556,-0.049901,-0.049901,-0.026394,-0.024144,0.590423,,,mt5
run_20260429_081031_bb52a2,GBP/USD,forex,H4,breakout,prev_day_hl,atr_expand_min=0.0,both,all,REJECT,41,0.439024,0.812350,-0.000550,-0.000550,-0.052265,-0.609555,-0.497152,0.041041,23.463415,-0.023324,-0.023324,-0.000962,-0.033211,0.371000,,,mt5
run_20260429_081031_bb52a2,GBP/USD,forex,H4,breakout,prev_day_hl,atr_expand_min=0.5,both,all,REJECT,41,0.439024,0.798764,-0.000600,-0.000600,-0.054218,-0.659583,-0.538220,0.041041,23.390244,-0.025336,-0.025336,-0.003020,-0.033211,0.371000,,,mt5
run_20260429_081031_bb52a2,GBP/USD,forex,H4,breakout,prev_day_hl,atr_expand_min=1.0,both,all,REJECT,36,0.416667,0.900537,-0.000273,-0.000273,-0.035996,-0.277687,-0.225984,0.036036,24.805556,-0.010708,-0.010708,0.001347,-0.023173,0.391000,,,mt5
run_20260429_081031_bb52a2,GBP/USD,forex,H4,breakout,session_opening_range,atr_expand_min=0.0|range_bars=6,both,all,REJECT,57,0.350877,0.579114,-0.001214,-0.001214,-0.087431,-1.989047,-1.653783,0.057057,17.192982,-0.067717,-0.067717,-0.029866,-0.049356,0.554217,,,mt5
run_20260429_081031_bb52a2,GBP/USD,forex,H4,breakout,session_opening_range,atr_expand_min=0.5|range_bars=6,both,all,REJECT,57,0.350877,0.579114,-0.001214,-0.001214,-0.087431,-1.989047,-1.653783,0.057057,17.192982,-0.067717,-0.067717,-0.029866,-0.049356,0.554217,,,mt5
run_20260429_081031_bb52a2,GBP/USD,forex,H4,breakout,session_opening_range,atr_expand_min=0.0|range_bars=12,both,all,REJECT,34,0.294118,0.645720,-0.001393,-0.001393,-0.080861,-1.215760,-1.002740,0.034034,28.558824,-0.047343,-0.047343,-0.029751,-0.026005,0.616220,,,mt5
run_20260429_081031_bb52a2,GBP/USD,forex,H4,breakout,session_opening_range,atr_expand_min=0.5|range_bars=12,both,all,REJECT,34,0.294118,0.645720,-0.001393,-0.001393,-0.080861,-1.215760,-1.002740,0.034034,28.558824,-0.047343,-0.047343,-0.029751,-0.026005,0.616220,,,mt5
run_20260429_081031_bb52a2,GBP/USD,forex,H4,breakout,london_breakout,atr_expand_min=0.0|utc_end=11|utc_start=7,both,all,REJECT,26,0.307692,0.715550,-0.000858,-0.000858,-0.044599,-0.867165,-0.711885,0.026026,17.115385,-0.022552,-0.022552,-0.009909,-0.012769,0.470219,,,mt5
run_20260429_081031_bb52a2,GBP/USD,forex,H4,breakout,london_breakout,atr_expand_min=0.5|utc_end=11|utc_start=7,both,all,REJECT,26,0.307692,0.715550,-0.000858,-0.000858,-0.044599,-0.867165,-0.711885,0.026026,17.115385,-0.022552,-0.022552,-0.009909,-0.012769,0.470219,,,mt5
run_20260429_081031_bb52a2,GBP/USD,forex,H4,breakout,ny_breakout,atr_expand_min=0.0|utc_end=16|utc_start=13,both,all,NEEDS_MORE_DATA,0,,,,,,,,,,,,,,,,only 0 trades < min 20,mt5
run_20260429_081031_bb52a2,GBP/USD,forex,H4,breakout,ny_breakout,atr_expand_min=0.5|utc_end=16|utc_start=13,both,all,NEEDS_MORE_DATA,0,,,,,,,,,,,,,,,,only 0 trades < min 20,mt5
run_20260429_081031_bb52a2,GBP/USD,forex,H4,mean_reversion,rsi_extreme,overbought=70|oversold=30|period=14,both,all,NEEDS_MORE_DATA,15,,,,,,,,,,,,,,1.000000,,only 15 trades < min 20,mt5
run_20260429_081031_bb52a2,GBP/USD,forex,H4,mean_reversion,rsi_extreme,overbought=75|oversold=30|period=14,both,all,NEEDS_MORE_DATA,12,,,,,,,,,,,,,,,,only 12 trades < min 20,mt5
run_20260429_081031_bb52a2,GBP/USD,forex,H4,mean_reversion,rsi_extreme,overbought=70|oversold=25|period=14,both,all,NEEDS_MORE_DATA,10,,,,,,,,,,,,,,,,only 10 trades < min 20,mt5
run_20260429_081031_bb52a2,GBP/USD,forex,H4,mean_reversion,rsi_extreme,overbought=75|oversold=25|period=14,both,all,NEEDS_MORE_DATA,7,,,,,,,,,,,,,,,,only 7 trades < min 20,mt5
run_20260429_081031_bb52a2,GBP/USD,forex,H4,mean_reversion,bollinger_touch,num_std=2.0|period=20,both,all,REJECT,44,0.590909,0.886329,-0.000258,-0.000258,-0.038183,-0.367991,-0.299561,0.044044,12.795455,-0.012007,-0.012007,-0.028870,0.024870,0.414000,,,mt5
run_20260429_081031_bb52a2,GBP/USD,forex,H4,mean_reversion,bollinger_touch,num_std=2.5|period=20,both,all,REJECT,25,0.600000,0.847177,-0.000363,-0.000363,-0.026251,-0.366309,-0.298418,0.025025,14.840000,-0.009492,-0.009492,-0.017180,0.009070,0.316667,,,mt5
run_20260429_081031_bb52a2,GBP/USD,forex,H4,mean_reversion,vwap_deviation,std_threshold=1.5,both,all,NEEDS_MORE_DATA,11,,,,,,,,,,,,,,1.000000,,only 11 trades < min 20,mt5
run_20260429_081031_bb52a2,GBP/USD,forex,H4,mean_reversion,vwap_deviation,std_threshold=2.0,both,all,NEEDS_MORE_DATA,10,,,,,,,,,,,,,,,,only 10 trades < min 20,mt5
run_20260429_081031_bb52a2,GBP/USD,forex,H4,engine_b_proxy,ob_bos,require_engulf=False|require_vol_expand=False|swing_period=5,both,all,REJECT,26,0.269231,0.485552,-0.002360,-0.002360,-0.072399,-1.762151,-1.491594,0.026026,34.384615,-0.060390,-0.060390,-0.030010,-0.046580,0.440349,,,mt5
run_20260429_081031_bb52a2,GBP/USD,forex,H4,engine_b_proxy,ob_bos,require_engulf=False|require_vol_expand=True|swing_period=5,both,all,REJECT,22,0.227273,0.455795,-0.002686,-0.002686,-0.066962,-1.834247,-1.571447,0.022022,33.500000,-0.058123,-0.058123,-0.045213,-0.030891,0.436973,,,mt5
run_20260429_081031_bb52a2,GBP/USD,forex,H4,engine_b_proxy,ob_bos,require_engulf=True|require_vol_expand=False|swing_period=5,both,all,REJECT,21,0.333333,0.732896,-0.001005,-0.001005,-0.035234,-0.695488,-0.569872,0.021021,37.047619,-0.021570,-0.021570,-0.012246,-0.026881,0.276000,,,mt5
run_20260429_081031_bb52a2,GBP/USD,forex,H4,engine_b_proxy,ob_bos,require_engulf=True|require_vol_expand=True|swing_period=5,both,all,NEEDS_MORE_DATA,19,,,,,,,,,,,,,,,,only 19 trades < min 20,mt5
run_20260429_081031_bb52a2,GBP/USD,forex,H4,engine_b_proxy,ob_bos,require_engulf=False|require_vol_expand=False|swing_period=10,both,all,NEEDS_MORE_DATA,12,,,,,,,,,,,,,,,,only 12 trades < min 20,mt5
run_20260429_081031_bb52a2,GBP/USD,forex,H4,engine_b_proxy,ob_bos,require_engulf=False|require_vol_expand=True|swing_period=10,both,all,NEEDS_MORE_DATA,11,,,,,,,,,,,,,,,,only 11 trades < min 20,mt5
run_20260429_081031_bb52a2,GBP/USD,forex,H4,engine_b_proxy,ob_bos,require_engulf=True|require_vol_expand=False|swing_period=10,both,all,NEEDS_MORE_DATA,11,,,,,,,,,,,,,,,,only 11 trades < min 20,mt5
run_20260429_081031_bb52a2,GBP/USD,forex,H4,engine_b_proxy,ob_bos,require_engulf=True|require_vol_expand=True|swing_period=10,both,all,NEEDS_MORE_DATA,11,,,,,,,,,,,,,,,,only 11 trades < min 20,mt5
run_20260429_081031_bb52a2,GBP/USD,forex,H4,engine_b_proxy,structure_filters,fvg_detection=False|strong_close_pct=0.7,both,all,REJECT,301,0.255814,0.431706,-0.000988,-0.000988,-0.268582,-6.852386,-5.785121,0.301301,3.196013,-0.258360,-0.258360,-0.205775,-0.067576,0.498519,,,mt5
run_20260429_081031_bb52a2,GBP/USD,forex,H4,engine_b_proxy,structure_filters,fvg_detection=True|strong_close_pct=0.7,both,all,REJECT,34,0.323529,0.469305,-0.001569,-0.001569,-0.058869,-2.097137,-1.780660,0.034034,12.176471,-0.052426,-0.052426,-0.007048,-0.041194,0.329000,,,mt5
run_20260429_081031_bb52a2,GBP/USD,forex,H4,engine_b_proxy,structure_filters,fvg_detection=False|strong_close_pct=0.8,both,all,REJECT,229,0.218341,0.371901,-0.001296,-0.001296,-0.271169,-6.983748,-6.015471,0.229229,4.087336,-0.257898,-0.257898,-0.201815,-0.073716,0.534579,,,mt5
run_20260429_081031_bb52a2,GBP/USD,forex,H4,engine_b_proxy,structure_filters,fvg_detection=True|strong_close_pct=0.8,both,all,REJECT,30,0.333333,0.494144,-0.001518,-0.001518,-0.051095,-1.850631,-1.563362,0.030030,12.533333,-0.044944,-0.044944,-0.005843,-0.034794,0.305000,,,mt5
run_20260429_081031_bb52a2,GBP/USD,forex,D1,trend_momentum,ema_cross,adx_min=0|fast_period=10|rsi_confirm=False|slow_period=50,both,all,WEAK_CANDIDATE,29,0.413793,1.586817,0.003335,0.003335,-0.038086,0.452053,0.912992,0.029029,34.034483,0.095329,0.095329,0.065362,-0.026821,0.449000,,,mt5
run_20260429_081031_bb52a2,GBP/USD,forex,D1,trend_momentum,ema_cross,adx_min=0|fast_period=10|rsi_confirm=True|slow_period=50,both,all,WEAK_CANDIDATE,27,0.444444,1.976885,0.004794,0.004794,-0.032088,0.628849,1.289694,0.027027,36.296296,0.132249,0.132249,0.101272,-0.026821,0.437000,,,mt5
run_20260429_081031_bb52a2,GBP/USD,forex,D1,trend_momentum,ema_cross,adx_min=20|fast_period=10|rsi_confirm=False|slow_period=50,both,all,WEAK_CANDIDATE,28,0.392857,1.564444,0.003318,0.003318,-0.038086,0.434649,0.877333,0.028028,34.285714,0.091184,0.091184,0.061331,-0.026821,0.443000,,,mt5
run_20260429_081031_bb52a2,GBP/USD,forex,D1,trend_momentum,ema_cross,adx_min=20|fast_period=10|rsi_confirm=True|slow_period=50,both,all,WEAK_CANDIDATE,26,0.423077,1.949642,0.004832,0.004832,-0.032088,0.610925,1.252227,0.026026,36.653846,0.127964,0.127964,0.097105,-0.026821,0.413143,,,mt5
run_20260429_081031_bb52a2,GBP/USD,forex,D1,trend_momentum,ema_cross,adx_min=25|fast_period=10|rsi_confirm=False|slow_period=50,both,all,NEEDS_MORE_DATA,19,,,,,,,,,,,,,,1.000000,,only 19 trades < min 20,mt5
run_20260429_081031_bb52a2,GBP/USD,forex,D1,trend_momentum,ema_cross,adx_min=25|fast_period=10|rsi_confirm=True|slow_period=50,both,all,NEEDS_MORE_DATA,18,,,,,,,,,,,,,,1.000000,,only 18 trades < min 20,mt5
run_20260429_081031_bb52a2,GBP/USD,forex,D1,trend_momentum,ema_cross,adx_min=0|fast_period=10|rsi_confirm=False|slow_period=100,both,all,NEEDS_MORE_DATA,15,,,,,,,,,,,,,,1.000000,,only 15 trades < min 20,mt5
run_20260429_081031_bb52a2,GBP/USD,forex,D1,trend_momentum,ema_cross,adx_min=0|fast_period=10|rsi_confirm=True|slow_period=100,both,all,NEEDS_MORE_DATA,14,,,,,,,,,,,,,,1.000000,,only 14 trades < min 20,mt5
run_20260429_081031_bb52a2,GBP/USD,forex,D1,trend_momentum,ema_cross,adx_min=20|fast_period=10|rsi_confirm=False|slow_period=100,both,all,NEEDS_MORE_DATA,15,,,,,,,,,,,,,,1.000000,,only 15 trades < min 20,mt5
run_20260429_081031_bb52a2,GBP/USD,forex,D1,trend_momentum,ema_cross,adx_min=20|fast_period=10|rsi_confirm=True|slow_period=100,both,all,NEEDS_MORE_DATA,14,,,,,,,,,,,,,,1.000000,,only 14 trades < min 20,mt5
run_20260429_081031_bb52a2,GBP/USD,forex,D1,trend_momentum,ema_cross,adx_min=25|fast_period=10|rsi_confirm=False|slow_period=100,both,all,NEEDS_MORE_DATA,13,,,,,,,,,,,,,,1.000000,,only 13 trades < min 20,mt5
run_20260429_081031_bb52a2,GBP/USD,forex,D1,trend_momentum,ema_cross,adx_min=25|fast_period=10|rsi_confirm=True|slow_period=100,both,all,NEEDS_MORE_DATA,12,,,,,,,,,,,,,,1.000000,,only 12 trades < min 20,mt5
run_20260429_081031_bb52a2,GBP/USD,forex,D1,trend_momentum,ema_cross,adx_min=0|fast_period=10|rsi_confirm=False|slow_period=200,both,all,NEEDS_MORE_DATA,15,,,,,,,,,,,,,,1.000000,,only 15 trades < min 20,mt5
run_20260429_081031_bb52a2,GBP/USD,forex,D1,trend_momentum,ema_cross,adx_min=0|fast_period=10|rsi_confirm=True|slow_period=200,both,all,NEEDS_MORE_DATA,14,,,,,,,,,,,,,,1.000000,,only 14 trades < min 20,mt5
run_20260429_081031_bb52a2,GBP/USD,forex,D1,trend_momentum,ema_cross,adx_min=20|fast_period=10|rsi_confirm=False|slow_period=200,both,all,NEEDS_MORE_DATA,15,,,,,,,,,,,,,,1.000000,,only 15 trades < min 20,mt5
run_20260429_081031_bb52a2,GBP/USD,forex,D1,trend_momentum,ema_cross,adx_min=20|fast_period=10|rsi_confirm=True|slow_period=200,both,all,NEEDS_MORE_DATA,14,,,,,,,,,,,,,,1.000000,,only 14 trades < min 20,mt5
run_20260429_081031_bb52a2,GBP/USD,forex,D1,trend_momentum,ema_cross,adx_min=25|fast_period=10|rsi_confirm=False|slow_period=200,both,all,NEEDS_MORE_DATA,13,,,,,,,,,,,,,,1.000000,,only 13 trades < min 20,mt5
run_20260429_081031_bb52a2,GBP/USD,forex,D1,trend_momentum,ema_cross,adx_min=25|fast_period=10|rsi_confirm=True|slow_period=200,both,all,NEEDS_MORE_DATA,12,,,,,,,,,,,,,,,,only 12 trades < min 20,mt5
run_20260429_081031_bb52a2,GBP/USD,forex,D1,trend_momentum,ema_cross,adx_min=0|fast_period=20|rsi_confirm=False|slow_period=50,both,all,NEEDS_MORE_DATA,15,,,,,,,,,,,,,,1.000000,,only 15 trades < min 20,mt5
run_20260429_081031_bb52a2,GBP/USD,forex,D1,trend_momentum,ema_cross,adx_min=0|fast_period=20|rsi_confirm=True|slow_period=50,both,all,NEEDS_MORE_DATA,15,,,,,,,,,,,,,,1.000000,,only 15 trades < min 20,mt5
run_20260429_081031_bb52a2,GBP/USD,forex,D1,trend_momentum,ema_cross,adx_min=20|fast_period=20|rsi_confirm=False|slow_period=50,both,all,NEEDS_MORE_DATA,15,,,,,,,,,,,,,,1.000000,,only 15 trades < min 20,mt5
run_20260429_081031_bb52a2,GBP/USD,forex,D1,trend_momentum,ema_cross,adx_min=20|fast_period=20|rsi_confirm=True|slow_period=50,both,all,NEEDS_MORE_DATA,15,,,,,,,,,,,,,,1.000000,,only 15 trades < min 20,mt5
run_20260429_081031_bb52a2,GBP/USD,forex,D1,trend_momentum,ema_cross,adx_min=25|fast_period=20|rsi_confirm=False|slow_period=50,both,all,NEEDS_MORE_DATA,12,,,,,,,,,,,,,,1.000000,,only 12 trades < min 20,mt5
run_20260429_081031_bb52a2,GBP/USD,forex,D1,trend_momentum,ema_cross,adx_min=25|fast_period=20|rsi_confirm=True|slow_period=50,both,all,NEEDS_MORE_DATA,12,,,,,,,,,,,,,,,,only 12 trades < min 20,mt5
run_20260429_081031_bb52a2,GBP/USD,forex,D1,trend_momentum,ema_cross,adx_min=0|fast_period=20|rsi_confirm=False|slow_period=100,both,all,NEEDS_MORE_DATA,13,,,,,,,,,,,,,,1.000000,,only 13 trades < min 20,mt5
run_20260429_081031_bb52a2,GBP/USD,forex,D1,trend_momentum,ema_cross,adx_min=0|fast_period=20|rsi_confirm=True|slow_period=100,both,all,NEEDS_MORE_DATA,12,,,,,,,,,,,,,,1.000000,,only 12 trades < min 20,mt5
run_20260429_081031_bb52a2,GBP/USD,forex,D1,trend_momentum,ema_cross,adx_min=20|fast_period=20|rsi_confirm=False|slow_period=100,both,all,NEEDS_MORE_DATA,13,,,,,,,,,,,,,,,,only 13 trades < min 20,mt5
run_20260429_081031_bb52a2,GBP/USD,forex,D1,trend_momentum,ema_cross,adx_min=20|fast_period=20|rsi_confirm=True|slow_period=100,both,all,NEEDS_MORE_DATA,12,,,,,,,,,,,,,,,,only 12 trades < min 20,mt5
run_20260429_081031_bb52a2,GBP/USD,forex,D1,trend_momentum,ema_cross,adx_min=25|fast_period=20|rsi_confirm=False|slow_period=100,both,all,NEEDS_MORE_DATA,11,,,,,,,,,,,,,,,,only 11 trades < min 20,mt5
run_20260429_081031_bb52a2,GBP/USD,forex,D1,trend_momentum,ema_cross,adx_min=25|fast_period=20|rsi_confirm=True|slow_period=100,both,all,NEEDS_MORE_DATA,11,,,,,,,,,,,,,,,,only 11 trades < min 20,mt5
run_20260429_081031_bb52a2,GBP/USD,forex,D1,trend_momentum,ema_cross,adx_min=0|fast_period=20|rsi_confirm=False|slow_period=200,both,all,NEEDS_MORE_DATA,11,,,,,,,,,,,,,,,,only 11 trades < min 20,mt5
run_20260429_081031_bb52a2,GBP/USD,forex,D1,trend_momentum,ema_cross,adx_min=0|fast_period=20|rsi_confirm=True|slow_period=200,both,all,NEEDS_MORE_DATA,11,,,,,,,,,,,,,,,,only 11 trades < min 20,mt5
run_20260429_081031_bb52a2,GBP/USD,forex,D1,trend_momentum,ema_cross,adx_min=20|fast_period=20|rsi_confirm=False|slow_period=200,both,all,NEEDS_MORE_DATA,11,,,,,,,,,,,,,,,,only 11 trades < min 20,mt5
run_20260429_081031_bb52a2,GBP/USD,forex,D1,trend_momentum,ema_cross,adx_min=20|fast_period=20|rsi_confirm=True|slow_period=200,both,all,NEEDS_MORE_DATA,11,,,,,,,,,,,,,,,,only 11 trades < min 20,mt5
run_20260429_081031_bb52a2,GBP/USD,forex,D1,trend_momentum,ema_cross,adx_min=25|fast_period=20|rsi_confirm=False|slow_period=200,both,all,NEEDS_MORE_DATA,10,,,,,,,,,,,,,,,,only 10 trades < min 20,mt5
run_20260429_081031_bb52a2,GBP/USD,forex,D1,trend_momentum,ema_cross,adx_min=25|fast_period=20|rsi_confirm=True|slow_period=200,both,all,NEEDS_MORE_DATA,10,,,,,,,,,,,,,,,,only 10 trades < min 20,mt5
run_20260429_081031_bb52a2,GBP/USD,forex,D1,trend_momentum,ema_alignment,adx_min=0|ema_long=200|ema_mid=50|ema_short=20,both,all,REJECT,25,0.360000,0.728318,-0.002216,-0.002216,-0.112429,-0.299364,-0.600527,0.025025,20.040000,-0.057959,-0.057959,-0.048836,-0.009591,0.333914,,,mt5
run_20260429_081031_bb52a2,GBP/USD,forex,D1,trend_momentum,ema_alignment,adx_min=20|ema_long=200|ema_mid=50|ema_short=20,both,all,REJECT,25,0.320000,0.707707,-0.002397,-0.002397,-0.113397,-0.324006,-0.650743,0.025025,20.000000,-0.062204,-0.062204,-0.053123,-0.009591,0.329161,,,mt5
run_20260429_081031_bb52a2,GBP/USD,forex,D1,trend_momentum,ema_alignment,adx_min=25|ema_long=200|ema_mid=50|ema_short=20,both,all,NEEDS_MORE_DATA,18,,,,,,,,,,,,,,1.000000,,only 18 trades < min 20,mt5
run_20260429_081031_bb52a2,GBP/USD,forex,D1,trend_momentum,macd_direction,adx_min=0|fast=12|signal_period=9|slow=26,both,all,WEAK_CANDIDATE,63,0.492063,1.332235,0.002024,0.002024,-0.060566,0.422887,0.846893,0.063063,15.603175,0.123327,0.123327,0.144947,-0.060369,0.600000,,,mt5
run_20260429_081031_bb52a2,GBP/USD,forex,D1,trend_momentum,macd_direction,adx_min=20|fast=12|signal_period=9|slow=26,both,all,WEAK_CANDIDATE,59,0.508475,1.417536,0.002543,0.002543,-0.050193,0.500069,1.004139,0.059059,16.016949,0.149025,0.149025,0.151866,-0.044647,0.575000,,,mt5
run_20260429_081031_bb52a2,GBP/USD,forex,D1,pullback,pullback_ema,pullback_period=20|rsi_reclaim=False|rsi_threshold=50|trend_period=200,both,all,REJECT,61,0.262295,0.750534,-0.001260,-0.001260,-0.134448,-0.378159,-0.756623,0.061061,7.409836,-0.078690,-0.078690,-0.047396,-0.032852,0.607940,,,mt5
run_20260429_081031_bb52a2,GBP/USD,forex,D1,pullback,pullback_ema,pullback_period=20|rsi_reclaim=True|rsi_threshold=50|trend_period=200,both,all,REJECT,58,0.258621,0.656011,-0.001738,-0.001738,-0.154280,-0.541105,-1.088224,0.058058,6.965517,-0.099799,-0.099799,-0.073901,-0.027965,0.538525,,,mt5
run_20260429_081031_bb52a2,GBP/USD,forex,D1,pullback,pullback_ema,pullback_period=50|rsi_reclaim=False|rsi_threshold=50|trend_period=200,both,all,REJECT,37,0.297297,0.902480,-0.000537,-0.000537,-0.082466,-0.108129,-0.215529,0.037037,15.243243,-0.023758,-0.023758,-0.025394,0.001679,0.322000,,,mt5
run_20260429_081031_bb52a2,GBP/USD,forex,D1,pullback,pullback_ema,pullback_period=50|rsi_reclaim=True|rsi_threshold=50|trend_period=200,both,all,REJECT,24,0.375000,0.866054,-0.000740,-0.000740,-0.062637,-0.123790,-0.246900,0.024024,17.666667,-0.020124,-0.020124,0.006954,-0.026891,0.244000,,,mt5
run_20260429_081031_bb52a2,GBP/USD,forex,D1,breakout,prev_day_hl,atr_expand_min=0.0,both,all,REJECT,119,0.403361,0.909399,-0.000484,-0.000484,-0.140225,-0.197486,-0.393628,0.119119,6.907563,-0.066009,-0.066009,-0.016912,-0.034072,0.425000,,,mt5
run_20260429_081031_bb52a2,GBP/USD,forex,D1,breakout,prev_day_hl,atr_expand_min=0.5,both,all,REJECT,119,0.403361,0.909399,-0.000484,-0.000484,-0.140225,-0.197486,-0.393628,0.119119,6.907563,-0.066009,-0.066009,-0.016912,-0.034072,0.425000,,,mt5
run_20260429_081031_bb52a2,GBP/USD,forex,D1,breakout,prev_day_hl,atr_expand_min=1.0,both,all,WEAK_CANDIDATE,92,0.413043,1.127312,0.000621,0.000621,-0.058128,0.227326,0.453304,0.092092,7.304348,0.050431,0.050431,0.079002,-0.026480,0.575000,,,mt5
run_20260429_081031_bb52a2,GBP/USD,forex,D1,breakout,session_opening_range,atr_expand_min=0.0|range_bars=6,both,all,REJECT,56,0.428571,0.657349,-0.003206,-0.003206,-0.186564,-0.622056,-1.255521,0.056056,17.589286,-0.173137,-0.173137,-0.097097,-0.128088,0.654248,,,mt5
run_20260429_081031_bb52a2,GBP/USD,forex,D1,breakout,session_opening_range,atr_expand_min=0.5|range_bars=6,both,all,REJECT,56,0.428571,0.657349,-0.003206,-0.003206,-0.186564,-0.622056,-1.255521,0.056056,17.589286,-0.173137,-0.173137,-0.097097,-0.128088,0.654248,,,mt5
run_20260429_081031_bb52a2,GBP/USD,forex,D1,breakout,session_opening_range,atr_expand_min=0.0|range_bars=12,both,all,REJECT,38,0.289474,0.733267,-0.002394,-0.002394,-0.184194,-0.386190,-0.775138,0.038038,25.289474,-0.093293,-0.093293,0.019533,-0.136874,0.378000,,,mt5
run_20260429_081031_bb52a2,GBP/USD,forex,D1,breakout,session_opening_range,atr_expand_min=0.5|range_bars=12,both,all,REJECT,38,0.289474,0.733267,-0.002394,-0.002394,-0.184194,-0.386190,-0.775138,0.038038,25.289474,-0.093293,-0.093293,0.019533,-0.136874,0.378000,,,mt5
run_20260429_081031_bb52a2,GBP/USD,forex,D1,breakout,london_breakout,atr_expand_min=0.0|utc_end=11|utc_start=7,both,all,REJECT,0,,,,,,,,,,,,,,1.000000,,session_strategy_requires_intraday_data,mt5
run_20260429_081031_bb52a2,GBP/USD,forex,D1,breakout,london_breakout,atr_expand_min=0.5|utc_end=11|utc_start=7,both,all,REJECT,0,,,,,,,,,,,,,,1.000000,,session_strategy_requires_intraday_data,mt5
run_20260429_081031_bb52a2,GBP/USD,forex,D1,breakout,ny_breakout,atr_expand_min=0.0|utc_end=16|utc_start=13,both,all,REJECT,0,,,,,,,,,,,,,,,,session_strategy_requires_intraday_data,mt5
run_20260429_081031_bb52a2,GBP/USD,forex,D1,breakout,ny_breakout,atr_expand_min=0.5|utc_end=16|utc_start=13,both,all,REJECT,0,,,,,,,,,,,,,,,,session_strategy_requires_intraday_data,mt5
run_20260429_081031_bb52a2,GBP/USD,forex,D1,mean_reversion,rsi_extreme,overbought=70|oversold=30|period=14,both,all,NEEDS_MORE_DATA,19,,,,,,,,,,,,,,1.000000,,only 19 trades < min 20,mt5
run_20260429_081031_bb52a2,GBP/USD,forex,D1,mean_reversion,rsi_extreme,overbought=75|oversold=30|period=14,both,all,NEEDS_MORE_DATA,11,,,,,,,,,,,,,,,,only 11 trades < min 20,mt5
run_20260429_081031_bb52a2,GBP/USD,forex,D1,mean_reversion,rsi_extreme,overbought=70|oversold=25|period=14,both,all,NEEDS_MORE_DATA,15,,,,,,,,,,,,,,,,only 15 trades < min 20,mt5
run_20260429_081031_bb52a2,GBP/USD,forex,D1,mean_reversion,rsi_extreme,overbought=75|oversold=25|period=14,both,all,NEEDS_MORE_DATA,7,,,,,,,,,,,,,,,,only 7 trades < min 20,mt5
run_20260429_081031_bb52a2,GBP/USD,forex,D1,mean_reversion,bollinger_touch,num_std=2.0|period=20,both,all,WEAK_CANDIDATE,41,0.585366,1.347081,0.001697,0.001697,-0.052004,0.357092,0.715591,0.041041,14.073171,0.066880,0.066880,-0.002495,0.099443,0.496000,,,mt5
run_20260429_081031_bb52a2,GBP/USD,forex,D1,mean_reversion,bollinger_touch,num_std=2.5|period=20,both,all,NEEDS_MORE_DATA,15,,,,,,,,,,,,,,1.000000,,only 15 trades < min 20,mt5
run_20260429_081031_bb52a2,GBP/USD,forex,D1,mean_reversion,vwap_deviation,std_threshold=1.5,both,all,NEEDS_MORE_DATA,5,,,,,,,,,,,,,,1.000000,,only 5 trades < min 20,mt5
run_20260429_081031_bb52a2,GBP/USD,forex,D1,mean_reversion,vwap_deviation,std_threshold=2.0,both,all,NEEDS_MORE_DATA,4,,,,,,,,,,,,,,,,only 4 trades < min 20,mt5
run_20260429_081031_bb52a2,GBP/USD,forex,D1,engine_b_proxy,ob_bos,require_engulf=False|require_vol_expand=False|swing_period=5,both,all,NEEDS_MORE_DATA,19,,,,,,,,,,,,,,1.000000,,only 19 trades < min 20,mt5
run_20260429_081031_bb52a2,GBP/USD,forex,D1,engine_b_proxy,ob_bos,require_engulf=False|require_vol_expand=True|swing_period=5,both,all,NEEDS_MORE_DATA,13,,,,,,,,,,,,,,1.000000,,only 13 trades < min 20,mt5
run_20260429_081031_bb52a2,GBP/USD,forex,D1,engine_b_proxy,ob_bos,require_engulf=True|require_vol_expand=False|swing_period=5,both,all,NEEDS_MORE_DATA,18,,,,,,,,,,,,,,1.000000,,only 18 trades < min 20,mt5
run_20260429_081031_bb52a2,GBP/USD,forex,D1,engine_b_proxy,ob_bos,require_engulf=True|require_vol_expand=True|swing_period=5,both,all,NEEDS_MORE_DATA,11,,,,,,,,,,,,,,,,only 11 trades < min 20,mt5
run_20260429_081031_bb52a2,GBP/USD,forex,D1,engine_b_proxy,ob_bos,require_engulf=False|require_vol_expand=False|swing_period=10,both,all,NEEDS_MORE_DATA,16,,,,,,,,,,,,,,,,only 16 trades < min 20,mt5
run_20260429_081031_bb52a2,GBP/USD,forex,D1,engine_b_proxy,ob_bos,require_engulf=False|require_vol_expand=True|swing_period=10,both,all,NEEDS_MORE_DATA,11,,,,,,,,,,,,,,,,only 11 trades < min 20,mt5
run_20260429_081031_bb52a2,GBP/USD,forex,D1,engine_b_proxy,ob_bos,require_engulf=True|require_vol_expand=False|swing_period=10,both,all,NEEDS_MORE_DATA,14,,,,,,,,,,,,,,,,only 14 trades < min 20,mt5
run_20260429_081031_bb52a2,GBP/USD,forex,D1,engine_b_proxy,ob_bos,require_engulf=True|require_vol_expand=True|swing_period=10,both,all,NEEDS_MORE_DATA,11,,,,,,,,,,,,,,,,only 11 trades < min 20,mt5
run_20260429_081031_bb52a2,GBP/USD,forex,D1,engine_b_proxy,structure_filters,fvg_detection=False|strong_close_pct=0.7,both,all,REJECT,303,0.336634,0.760669,-0.000877,-0.000877,-0.338387,-0.890815,-1.781006,0.303303,3.214521,-0.242015,-0.242015,-0.257562,0.005776,0.400000,,,mt5
run_20260429_081031_bb52a2,GBP/USD,forex,D1,engine_b_proxy,structure_filters,fvg_detection=True|strong_close_pct=0.7,both,all,REJECT,37,0.297297,0.572459,-0.003259,-0.003259,-0.149039,-0.643467,-1.310135,0.037037,12.270270,-0.117550,-0.117550,-0.110756,-0.028418,0.423975,,,mt5
run_20260429_081031_bb52a2,GBP/USD,forex,D1,engine_b_proxy,structure_filters,fvg_detection=False|strong_close_pct=0.8,both,all,REJECT,227,0.348018,0.798485,-0.000839,-0.000839,-0.237172,-0.612216,-1.222663,0.227227,4.123348,-0.183340,-0.183340,-0.190647,-0.005958,0.434376,,,mt5
run_20260429_081031_bb52a2,GBP/USD,forex,D1,engine_b_proxy,structure_filters,fvg_detection=True|strong_close_pct=0.8,both,all,REJECT,31,0.225806,0.297851,-0.006654,-0.006654,-0.198899,-1.219548,-2.690178,0.031031,10.612903,-0.189370,-0.189370,-0.143321,-0.073566,0.464988,,,mt5
run_20260429_081031_bb52a2,EUR/USD,forex,D1,trend_momentum,ema_cross,adx_min=0|fast_period=10|rsi_confirm=False|slow_period=50,both,all,WEAK_CANDIDATE,24,0.333333,1.757861,0.005029,0.005029,-0.051179,0.446506,0.904124,0.024024,41.083333,0.118372,0.118372,0.070053,-0.050986,0.419000,,,mt5
run_20260429_081031_bb52a2,EUR/USD,forex,D1,trend_momentum,ema_cross,adx_min=0|fast_period=10|rsi_confirm=True|slow_period=50,both,all,WEAK_CANDIDATE,22,0.318182,1.679503,0.004521,0.004521,-0.051179,0.381902,0.770747,0.022022,40.318182,0.095604,0.095604,0.048269,-0.050986,0.407000,,,mt5
run_20260429_081031_bb52a2,EUR/USD,forex,D1,trend_momentum,ema_cross,adx_min=20|fast_period=10|rsi_confirm=False|slow_period=50,both,all,WEAK_CANDIDATE,24,0.333333,1.757861,0.005029,0.005029,-0.051179,0.446506,0.904124,0.024024,41.083333,0.118372,0.118372,0.070053,-0.050986,0.419000,,,mt5
run_20260429_081031_bb52a2,EUR/USD,forex,D1,trend_momentum,ema_cross,adx_min=20|fast_period=10|rsi_confirm=True|slow_period=50,both,all,WEAK_CANDIDATE,22,0.318182,1.679503,0.004521,0.004521,-0.051179,0.381902,0.770747,0.022022,40.318182,0.095604,0.095604,0.048269,-0.050986,0.389143,,,mt5
run_20260429_081031_bb52a2,EUR/USD,forex,D1,trend_momentum,ema_cross,adx_min=25|fast_period=10|rsi_confirm=False|slow_period=50,both,all,NEEDS_MORE_DATA,17,,,,,,,,,,,,,,1.000000,,only 17 trades < min 20,mt5
run_20260429_081031_bb52a2,EUR/USD,forex,D1,trend_momentum,ema_cross,adx_min=25|fast_period=10|rsi_confirm=True|slow_period=50,both,all,NEEDS_MORE_DATA,15,,,,,,,,,,,,,,1.000000,,only 15 trades < min 20,mt5
run_20260429_081031_bb52a2,EUR/USD,forex,D1,trend_momentum,ema_cross,adx_min=0|fast_period=10|rsi_confirm=False|slow_period=100,both,all,REJECT,20,0.300000,0.803997,-0.001462,-0.001462,-0.085770,-0.171798,-0.343216,0.020020,49.350000,-0.032273,-0.032273,-0.053967,0.014605,0.220000,,,mt5
run_20260429_081031_bb52a2,EUR/USD,forex,D1,trend_momentum,ema_cross,adx_min=0|fast_period=10|rsi_confirm=True|slow_period=100,both,all,NEEDS_MORE_DATA,18,,,,,,,,,,,,,,1.000000,,only 18 trades < min 20,mt5
run_20260429_081031_bb52a2,EUR/USD,forex,D1,trend_momentum,ema_cross,adx_min=20|fast_period=10|rsi_confirm=False|slow_period=100,both,all,REJECT,20,0.300000,0.803997,-0.001462,-0.001462,-0.085770,-0.171798,-0.343216,0.020020,49.350000,-0.032273,-0.032273,-0.053967,0.014605,0.220000,,,mt5
run_20260429_081031_bb52a2,EUR/USD,forex,D1,trend_momentum,ema_cross,adx_min=20|fast_period=10|rsi_confirm=True|slow_period=100,both,all,NEEDS_MORE_DATA,18,,,,,,,,,,,,,,1.000000,,only 18 trades < min 20,mt5
run_20260429_081031_bb52a2,EUR/USD,forex,D1,trend_momentum,ema_cross,adx_min=25|fast_period=10|rsi_confirm=False|slow_period=100,both,all,NEEDS_MORE_DATA,17,,,,,,,,,,,,,,1.000000,,only 17 trades < min 20,mt5
run_20260429_081031_bb52a2,EUR/USD,forex,D1,trend_momentum,ema_cross,adx_min=25|fast_period=10|rsi_confirm=True|slow_period=100,both,all,NEEDS_MORE_DATA,15,,,,,,,,,,,,,,1.000000,,only 15 trades < min 20,mt5
run_20260429_081031_bb52a2,EUR/USD,forex,D1,trend_momentum,ema_cross,adx_min=0|fast_period=10|rsi_confirm=False|slow_period=200,both,all,NEEDS_MORE_DATA,16,,,,,,,,,,,,,,1.000000,,only 16 trades < min 20,mt5
run_20260429_081031_bb52a2,EUR/USD,forex,D1,trend_momentum,ema_cross,adx_min=0|fast_period=10|rsi_confirm=True|slow_period=200,both,all,NEEDS_MORE_DATA,13,,,,,,,,,,,,,,1.000000,,only 13 trades < min 20,mt5
run_20260429_081031_bb52a2,EUR/USD,forex,D1,trend_momentum,ema_cross,adx_min=20|fast_period=10|rsi_confirm=False|slow_period=200,both,all,NEEDS_MORE_DATA,16,,,,,,,,,,,,,,1.000000,,only 16 trades < min 20,mt5
run_20260429_081031_bb52a2,EUR/USD,forex,D1,trend_momentum,ema_cross,adx_min=20|fast_period=10|rsi_confirm=True|slow_period=200,both,all,NEEDS_MORE_DATA,13,,,,,,,,,,,,,,1.000000,,only 13 trades < min 20,mt5
run_20260429_081031_bb52a2,EUR/USD,forex,D1,trend_momentum,ema_cross,adx_min=25|fast_period=10|rsi_confirm=False|slow_period=200,both,all,NEEDS_MORE_DATA,13,,,,,,,,,,,,,,1.000000,,only 13 trades < min 20,mt5
run_20260429_081031_bb52a2,EUR/USD,forex,D1,trend_momentum,ema_cross,adx_min=25|fast_period=10|rsi_confirm=True|slow_period=200,both,all,NEEDS_MORE_DATA,10,,,,,,,,,,,,,,,,only 10 trades < min 20,mt5
run_20260429_081031_bb52a2,EUR/USD,forex,D1,trend_momentum,ema_cross,adx_min=0|fast_period=20|rsi_confirm=False|slow_period=50,both,all,REJECT,24,0.250000,0.794650,-0.001876,-0.001876,-0.155484,-0.188318,-0.376216,0.024024,41.208333,-0.050640,-0.050640,-0.120361,-0.036793,0.335707,,,mt5
run_20260429_081031_bb52a2,EUR/USD,forex,D1,trend_momentum,ema_cross,adx_min=0|fast_period=20|rsi_confirm=True|slow_period=50,both,all,REJECT,22,0.227273,0.741733,-0.002423,-0.002423,-0.155484,-0.227821,-0.455922,0.022022,40.363636,-0.058186,-0.058186,-0.127353,-0.036793,0.318672,,,mt5
run_20260429_081031_bb52a2,EUR/USD,forex,D1,trend_momentum,ema_cross,adx_min=20|fast_period=20|rsi_confirm=False|slow_period=50,both,all,REJECT,24,0.250000,0.794650,-0.001876,-0.001876,-0.155484,-0.188318,-0.376216,0.024024,41.208333,-0.050640,-0.050640,-0.120361,-0.036793,0.335707,,,mt5
run_20260429_081031_bb52a2,EUR/USD,forex,D1,trend_momentum,ema_cross,adx_min=20|fast_period=20|rsi_confirm=True|slow_period=50,both,all,REJECT,22,0.227273,0.741733,-0.002423,-0.002423,-0.155484,-0.227821,-0.455922,0.022022,40.363636,-0.058186,-0.058186,-0.127353,-0.036793,0.318672,,,mt5
run_20260429_081031_bb52a2,EUR/USD,forex,D1,trend_momentum,ema_cross,adx_min=25|fast_period=20|rsi_confirm=False|slow_period=50,both,all,REJECT,20,0.200000,0.232484,-0.007840,-0.007840,-0.153852,-1.225077,-2.899954,0.020020,33.950000,-0.146901,-0.146901,-0.134581,-0.036793,0.302017,,,mt5
run_20260429_081031_bb52a2,EUR/USD,forex,D1,trend_momentum,ema_cross,adx_min=25|fast_period=20|rsi_confirm=True|slow_period=50,both,all,NEEDS_MORE_DATA,18,,,,,,,,,,,,,,,,only 18 trades < min 20,mt5
run_20260429_081031_bb52a2,EUR/USD,forex,D1,trend_momentum,ema_cross,adx_min=0|fast_period=20|rsi_confirm=False|slow_period=100,both,all,NEEDS_MORE_DATA,16,,,,,,,,,,,,,,1.000000,,only 16 trades < min 20,mt5
run_20260429_081031_bb52a2,EUR/USD,forex,D1,trend_momentum,ema_cross,adx_min=0|fast_period=20|rsi_confirm=True|slow_period=100,both,all,NEEDS_MORE_DATA,14,,,,,,,,,,,,,,1.000000,,only 14 trades < min 20,mt5
run_20260429_081031_bb52a2,EUR/USD,forex,D1,trend_momentum,ema_cross,adx_min=20|fast_period=20|rsi_confirm=False|slow_period=100,both,all,NEEDS_MORE_DATA,16,,,,,,,,,,,,,,,,only 16 trades < min 20,mt5
run_20260429_081031_bb52a2,EUR/USD,forex,D1,trend_momentum,ema_cross,adx_min=20|fast_period=20|rsi_confirm=True|slow_period=100,both,all,NEEDS_MORE_DATA,14,,,,,,,,,,,,,,,,only 14 trades < min 20,mt5
run_20260429_081031_bb52a2,EUR/USD,forex,D1,trend_momentum,ema_cross,adx_min=25|fast_period=20|rsi_confirm=False|slow_period=100,both,all,NEEDS_MORE_DATA,14,,,,,,,,,,,,,,,,only 14 trades < min 20,mt5
run_20260429_081031_bb52a2,EUR/USD,forex,D1,trend_momentum,ema_cross,adx_min=25|fast_period=20|rsi_confirm=True|slow_period=100,both,all,NEEDS_MORE_DATA,12,,,,,,,,,,,,,,,,only 12 trades < min 20,mt5
run_20260429_081031_bb52a2,EUR/USD,forex,D1,trend_momentum,ema_cross,adx_min=0|fast_period=20|rsi_confirm=False|slow_period=200,both,all,NEEDS_MORE_DATA,12,,,,,,,,,,,,,,,,only 12 trades < min 20,mt5
run_20260429_081031_bb52a2,EUR/USD,forex,D1,trend_momentum,ema_cross,adx_min=0|fast_period=20|rsi_confirm=True|slow_period=200,both,all,NEEDS_MORE_DATA,10,,,,,,,,,,,,,,,,only 10 trades < min 20,mt5
run_20260429_081031_bb52a2,EUR/USD,forex,D1,trend_momentum,ema_cross,adx_min=20|fast_period=20|rsi_confirm=False|slow_period=200,both,all,NEEDS_MORE_DATA,12,,,,,,,,,,,,,,,,only 12 trades < min 20,mt5
run_20260429_081031_bb52a2,EUR/USD,forex,D1,trend_momentum,ema_cross,adx_min=20|fast_period=20|rsi_confirm=True|slow_period=200,both,all,NEEDS_MORE_DATA,10,,,,,,,,,,,,,,,,only 10 trades < min 20,mt5
run_20260429_081031_bb52a2,EUR/USD,forex,D1,trend_momentum,ema_cross,adx_min=25|fast_period=20|rsi_confirm=False|slow_period=200,both,all,NEEDS_MORE_DATA,11,,,,,,,,,,,,,,,,only 11 trades < min 20,mt5
run_20260429_081031_bb52a2,EUR/USD,forex,D1,trend_momentum,ema_cross,adx_min=25|fast_period=20|rsi_confirm=True|slow_period=200,both,all,NEEDS_MORE_DATA,9,,,,,,,,,,,,,,,,only 9 trades < min 20,mt5
run_20260429_081031_bb52a2,EUR/USD,forex,D1,trend_momentum,ema_alignment,adx_min=0|ema_long=200|ema_mid=50|ema_short=20,both,all,REJECT,29,0.310345,0.804475,-0.000940,-0.000940,-0.063570,-0.214754,-0.429117,0.029029,16.931034,-0.028836,-0.028836,-0.045224,0.017165,0.299000,,,mt5
run_20260429_081031_bb52a2,EUR/USD,forex,D1,trend_momentum,ema_alignment,adx_min=20|ema_long=200|ema_mid=50|ema_short=20,both,all,REJECT,29,0.310345,0.804475,-0.000940,-0.000940,-0.063570,-0.214754,-0.429117,0.029029,16.931034,-0.028836,-0.028836,-0.045224,0.017165,0.299000,,,mt5
run_20260429_081031_bb52a2,EUR/USD,forex,D1,trend_momentum,ema_alignment,adx_min=25|ema_long=200|ema_mid=50|ema_short=20,both,all,REJECT,24,0.333333,0.909380,-0.000420,-0.000420,-0.077593,-0.082502,-0.164439,0.024024,18.625000,-0.011868,-0.011868,-0.046370,0.036180,0.244000,,,mt5
run_20260429_081031_bb52a2,EUR/USD,forex,D1,trend_momentum,macd_direction,adx_min=0|fast=12|signal_period=9|slow=26,both,all,REJECT,91,0.362637,0.687984,-0.001990,-0.001990,-0.204549,-0.721459,-1.452239,0.091091,10.945055,-0.172243,-0.172243,-0.130603,-0.039137,0.589900,,,mt5
run_20260429_081031_bb52a2,EUR/USD,forex,D1,trend_momentum,macd_direction,adx_min=20|fast=12|signal_period=9|slow=26,both,all,REJECT,85,0.388235,0.738986,-0.001660,-0.001660,-0.188889,-0.567259,-1.137854,0.085085,11.423529,-0.138347,-0.138347,-0.130603,0.000209,0.475000,,,mt5
run_20260429_081031_bb52a2,EUR/USD,forex,D1,pullback,pullback_ema,pullback_period=20|rsi_reclaim=False|rsi_threshold=50|trend_period=200,both,all,REJECT,71,0.253521,0.780563,-0.000924,-0.000924,-0.098672,-0.381943,-0.763746,0.071071,7.281690,-0.066968,-0.066968,-0.074535,0.008176,0.400000,,,mt5
run_20260429_081031_bb52a2,EUR/USD,forex,D1,pullback,pullback_ema,pullback_period=20|rsi_reclaim=True|rsi_threshold=50|trend_period=200,both,all,REJECT,59,0.271186,0.771163,-0.000992,-0.000992,-0.082779,-0.368126,-0.736489,0.059059,7.491525,-0.059802,-0.059802,-0.070388,0.011388,0.425000,,,mt5
run_20260429_081031_bb52a2,EUR/USD,forex,D1,pullback,pullback_ema,pullback_period=50|rsi_reclaim=False|rsi_threshold=50|trend_period=200,both,all,REJECT,38,0.315789,0.627388,-0.001566,-0.001566,-0.088098,-0.566949,-1.148078,0.038038,11.526316,-0.059066,-0.059066,-0.051033,-0.008465,0.377761,,,mt5
run_20260429_081031_bb52a2,EUR/USD,forex,D1,pullback,pullback_ema,pullback_period=50|rsi_reclaim=True|rsi_threshold=50|trend_period=200,both,all,NEEDS_MORE_DATA,18,,,,,,,,,,,,,,1.000000,,only 18 trades < min 20,mt5
run_20260429_081031_bb52a2,EUR/USD,forex,D1,breakout,prev_day_hl,atr_expand_min=0.0,both,all,REJECT,120,0.416667,0.798953,-0.000812,-0.000812,-0.163310,-0.459125,-0.917418,0.120120,6.491667,-0.097913,-0.097913,-0.026512,-0.051645,0.440615,,,mt5
run_20260429_081031_bb52a2,EUR/USD,forex,D1,breakout,prev_day_hl,atr_expand_min=0.5,both,all,REJECT,120,0.416667,0.798953,-0.000812,-0.000812,-0.163310,-0.459125,-0.917418,0.120120,6.491667,-0.097913,-0.097913,-0.026512,-0.051645,0.440615,,,mt5
run_20260429_081031_bb52a2,EUR/USD,forex,D1,breakout,prev_day_hl,atr_expand_min=1.0,both,all,REJECT,91,0.417582,0.813106,-0.000763,-0.000763,-0.112378,-0.364376,-0.727773,0.091091,6.186813,-0.071304,-0.071304,-0.058293,0.009278,0.475000,,,mt5
run_20260429_081031_bb52a2,EUR/USD,forex,D1,breakout,session_opening_range,atr_expand_min=0.0|range_bars=6,both,all,REJECT,58,0.413793,0.977342,-0.000150,-0.000150,-0.127614,-0.034703,-0.069134,0.058058,16.965517,-0.016423,-0.016423,0.043285,-0.060918,0.450000,,,mt5
run_20260429_081031_bb52a2,EUR/USD,forex,D1,breakout,session_opening_range,atr_expand_min=0.5|range_bars=6,both,all,REJECT,58,0.413793,0.977342,-0.000150,-0.000150,-0.127614,-0.034703,-0.069134,0.058058,16.965517,-0.016423,-0.016423,0.043285,-0.060918,0.450000,,,mt5
run_20260429_081031_bb52a2,EUR/USD,forex,D1,breakout,session_opening_range,atr_expand_min=0.0|range_bars=12,both,all,REJECT,39,0.384615,0.763997,-0.001854,-0.001854,-0.092332,-0.330394,-0.661701,0.039039,24.871795,-0.075328,-0.075328,-0.027747,-0.085666,0.384000,,,mt5
run_20260429_081031_bb52a2,EUR/USD,forex,D1,breakout,session_opening_range,atr_expand_min=0.5|range_bars=12,both,all,REJECT,39,0.384615,0.763997,-0.001854,-0.001854,-0.092332,-0.330394,-0.661701,0.039039,24.871795,-0.075328,-0.075328,-0.027747,-0.085666,0.384000,,,mt5
run_20260429_081031_bb52a2,EUR/USD,forex,D1,breakout,london_breakout,atr_expand_min=0.0|utc_end=11|utc_start=7,both,all,REJECT,0,,,,,,,,,,,,,,1.000000,,session_strategy_requires_intraday_data,mt5
run_20260429_081031_bb52a2,EUR/USD,forex,D1,breakout,london_breakout,atr_expand_min=0.5|utc_end=11|utc_start=7,both,all,REJECT,0,,,,,,,,,,,,,,1.000000,,session_strategy_requires_intraday_data,mt5
run_20260429_081031_bb52a2,EUR/USD,forex,D1,breakout,ny_breakout,atr_expand_min=0.0|utc_end=16|utc_start=13,both,all,REJECT,0,,,,,,,,,,,,,,,,session_strategy_requires_intraday_data,mt5
run_20260429_081031_bb52a2,EUR/USD,forex,D1,breakout,ny_breakout,atr_expand_min=0.5|utc_end=16|utc_start=13,both,all,REJECT,0,,,,,,,,,,,,,,,,session_strategy_requires_intraday_data,mt5
run_20260429_081031_bb52a2,EUR/USD,forex,D1,mean_reversion,rsi_extreme,overbought=70|oversold=30|period=14,both,all,NEEDS_MORE_DATA,15,,,,,,,,,,,,,,1.000000,,only 15 trades < min 20,mt5
run_20260429_081031_bb52a2,EUR/USD,forex,D1,mean_reversion,rsi_extreme,overbought=75|oversold=30|period=14,both,all,NEEDS_MORE_DATA,10,,,,,,,,,,,,,,,,only 10 trades < min 20,mt5
run_20260429_081031_bb52a2,EUR/USD,forex,D1,mean_reversion,rsi_extreme,overbought=70|oversold=25|period=14,both,all,NEEDS_MORE_DATA,11,,,,,,,,,,,,,,,,only 11 trades < min 20,mt5
run_20260429_081031_bb52a2,EUR/USD,forex,D1,mean_reversion,rsi_extreme,overbought=75|oversold=25|period=14,both,all,NEEDS_MORE_DATA,6,,,,,,,,,,,,,,,,only 6 trades < min 20,mt5
run_20260429_081031_bb52a2,EUR/USD,forex,D1,mean_reversion,bollinger_touch,num_std=2.0|period=20,both,all,REJECT,39,0.564103,0.896624,-0.000510,-0.000510,-0.073162,-0.140784,-0.280721,0.039039,14.769231,-0.022162,-0.022162,0.008159,-0.017560,0.384000,,,mt5
run_20260429_081031_bb52a2,EUR/USD,forex,D1,mean_reversion,bollinger_touch,num_std=2.5|period=20,both,all,WEAK_CANDIDATE,22,0.636364,1.530441,0.002432,0.002432,-0.043302,0.430163,0.871244,0.022022,16.090909,0.052906,0.052906,0.042587,0.022929,0.560186,,,mt5
run_20260429_081031_bb52a2,EUR/USD,forex,D1,mean_reversion,vwap_deviation,std_threshold=1.5,both,all,NEEDS_MORE_DATA,4,,,,,,,,,,,,,,1.000000,,only 4 trades < min 20,mt5
run_20260429_081031_bb52a2,EUR/USD,forex,D1,mean_reversion,vwap_deviation,std_threshold=2.0,both,all,NEEDS_MORE_DATA,4,,,,,,,,,,,,,,,,only 4 trades < min 20,mt5
run_20260429_081031_bb52a2,EUR/USD,forex,D1,engine_b_proxy,ob_bos,require_engulf=False|require_vol_expand=False|swing_period=5,both,all,WEAK_CANDIDATE,21,0.476190,1.621087,0.004416,0.004416,-0.081072,0.355617,0.716842,0.021021,43.238095,0.088179,0.088179,0.076062,-0.016053,0.376000,,,mt5
run_20260429_081031_bb52a2,EUR/USD,forex,D1,engine_b_proxy,ob_bos,require_engulf=False|require_vol_expand=True|swing_period=5,both,all,NEEDS_MORE_DATA,15,,,,,,,,,,,,,,1.000000,,only 15 trades < min 20,mt5
run_20260429_081031_bb52a2,EUR/USD,forex,D1,engine_b_proxy,ob_bos,require_engulf=True|require_vol_expand=False|swing_period=5,both,all,WEAK_CANDIDATE,20,0.500000,1.409235,0.003178,0.003178,-0.104709,0.247740,0.496481,0.020020,43.100000,0.057141,0.057141,0.072970,-0.052798,0.370000,,,mt5
run_20260429_081031_bb52a2,EUR/USD,forex,D1,engine_b_proxy,ob_bos,require_engulf=True|require_vol_expand=True|swing_period=5,both,all,NEEDS_MORE_DATA,13,,,,,,,,,,,,,,,,only 13 trades < min 20,mt5
run_20260429_081031_bb52a2,EUR/USD,forex,D1,engine_b_proxy,ob_bos,require_engulf=False|require_vol_expand=False|swing_period=10,both,all,NEEDS_MORE_DATA,10,,,,,,,,,,,,,,,,only 10 trades < min 20,mt5
run_20260429_081031_bb52a2,EUR/USD,forex,D1,engine_b_proxy,ob_bos,require_engulf=False|require_vol_expand=True|swing_period=10,both,all,NEEDS_MORE_DATA,8,,,,,,,,,,,,,,,,only 8 trades < min 20,mt5
run_20260429_081031_bb52a2,EUR/USD,forex,D1,engine_b_proxy,ob_bos,require_engulf=True|require_vol_expand=False|swing_period=10,both,all,NEEDS_MORE_DATA,10,,,,,,,,,,,,,,,,only 10 trades < min 20,mt5
run_20260429_081031_bb52a2,EUR/USD,forex,D1,engine_b_proxy,ob_bos,require_engulf=True|require_vol_expand=True|swing_period=10,both,all,NEEDS_MORE_DATA,8,,,,,,,,,,,,,,,,only 8 trades < min 20,mt5
run_20260429_081031_bb52a2,EUR/USD,forex,D1,engine_b_proxy,structure_filters,fvg_detection=False|strong_close_pct=0.7,both,all,REJECT,315,0.349206,0.573438,-0.001485,-0.001485,-0.378968,-1.819220,-3.676835,0.315315,3.076190,-0.378792,-0.378792,-0.242645,-0.202493,0.650357,,,mt5
run_20260429_081031_bb52a2,EUR/USD,forex,D1,engine_b_proxy,structure_filters,fvg_detection=True|strong_close_pct=0.7,both,all,REJECT,44,0.204545,0.294647,-0.005195,-0.005195,-0.207062,-1.391581,-3.037208,0.044044,9.363636,-0.207062,-0.207062,-0.124088,-0.094729,0.618022,,,mt5
run_20260429_081031_bb52a2,EUR/USD,forex,D1,engine_b_proxy,structure_filters,fvg_detection=False|strong_close_pct=0.8,both,all,REJECT,245,0.383673,0.605893,-0.001451,-0.001451,-0.306260,-1.485202,-2.999310,0.245245,3.767347,-0.304348,-0.304348,-0.210955,-0.142788,0.628059,,,mt5
run_20260429_081031_bb52a2,EUR/USD,forex,D1,engine_b_proxy,structure_filters,fvg_detection=True|strong_close_pct=0.8,both,all,REJECT,37,0.135135,0.238656,-0.005981,-0.005981,-0.202733,-1.391839,-3.100012,0.037037,9.135135,-0.201096,-0.201096,-0.127282,-0.084579,0.546350,,,mt5
run_20260429_081031_bb52a2,AUD/USD,forex,D1,trend_momentum,ema_cross,adx_min=0|fast_period=10|rsi_confirm=False|slow_period=50,both,all,REJECT,35,0.228571,0.372572,-0.008327,-0.008327,-0.272048,-1.205891,-2.619598,0.035035,28.114286,-0.258334,-0.258334,-0.175468,-0.073102,0.509983,,,mt5
run_20260429_081031_bb52a2,AUD/USD,forex,D1,trend_momentum,ema_cross,adx_min=0|fast_period=10|rsi_confirm=True|slow_period=50,both,all,REJECT,35,0.228571,0.372572,-0.008327,-0.008327,-0.272048,-1.205891,-2.619598,0.035035,28.114286,-0.258334,-0.258334,-0.175468,-0.073102,0.509983,,,mt5
run_20260429_081031_bb52a2,AUD/USD,forex,D1,trend_momentum,ema_cross,adx_min=20|fast_period=10|rsi_confirm=False|slow_period=50,both,all,REJECT,30,0.233333,0.416615,-0.007687,-0.007687,-0.225862,-0.999171,-2.131593,0.030030,30.300000,-0.211279,-0.211279,-0.152999,-0.040635,0.434677,,,mt5
run_20260429_081031_bb52a2,AUD/USD,forex,D1,trend_momentum,ema_cross,adx_min=20|fast_period=10|rsi_confirm=True|slow_period=50,both,all,REJECT,30,0.233333,0.416615,-0.007687,-0.007687,-0.225862,-0.999171,-2.131593,0.030030,30.300000,-0.211279,-0.211279,-0.152999,-0.040635,0.416820,,,mt5
run_20260429_081031_bb52a2,AUD/USD,forex,D1,trend_momentum,ema_cross,adx_min=25|fast_period=10|rsi_confirm=False|slow_period=50,both,all,NEEDS_MORE_DATA,19,,,,,,,,,,,,,,1.000000,,only 19 trades < min 20,mt5
run_20260429_081031_bb52a2,AUD/USD,forex,D1,trend_momentum,ema_cross,adx_min=25|fast_period=10|rsi_confirm=True|slow_period=50,both,all,NEEDS_MORE_DATA,19,,,,,,,,,,,,,,1.000000,,only 19 trades < min 20,mt5
run_20260429_081031_bb52a2,AUD/USD,forex,D1,trend_momentum,ema_cross,adx_min=0|fast_period=10|rsi_confirm=False|slow_period=100,both,all,REJECT,27,0.148148,0.227684,-0.011133,-0.011133,-0.265053,-1.438643,-3.415518,0.027027,33.111111,-0.263746,-0.263746,-0.265053,-0.036933,0.303803,,,mt5
run_20260429_081031_bb52a2,AUD/USD,forex,D1,trend_momentum,ema_cross,adx_min=0|fast_period=10|rsi_confirm=True|slow_period=100,both,all,REJECT,27,0.148148,0.227684,-0.011133,-0.011133,-0.265053,-1.438643,-3.415518,0.027027,33.111111,-0.263746,-0.263746,-0.265053,-0.036933,0.303803,,,mt5
run_20260429_081031_bb52a2,AUD/USD,forex,D1,trend_momentum,ema_cross,adx_min=20|fast_period=10|rsi_confirm=False|slow_period=100,both,all,REJECT,27,0.148148,0.227684,-0.011133,-0.011133,-0.265053,-1.438643,-3.415518,0.027027,33.111111,-0.263746,-0.263746,-0.265053,-0.036933,0.303803,,,mt5
run_20260429_081031_bb52a2,AUD/USD,forex,D1,trend_momentum,ema_cross,adx_min=20|fast_period=10|rsi_confirm=True|slow_period=100,both,all,REJECT,27,0.148148,0.227684,-0.011133,-0.011133,-0.265053,-1.438643,-3.415518,0.027027,33.111111,-0.263746,-0.263746,-0.265053,-0.036933,0.303803,,,mt5
run_20260429_081031_bb52a2,AUD/USD,forex,D1,trend_momentum,ema_cross,adx_min=25|fast_period=10|rsi_confirm=False|slow_period=100,both,all,REJECT,20,0.150000,0.259772,-0.011518,-0.011518,-0.227130,-1.165771,-2.707370,0.020020,32.950000,-0.209702,-0.209702,-0.227130,-0.016965,0.242408,,,mt5
run_20260429_081031_bb52a2,AUD/USD,forex,D1,trend_momentum,ema_cross,adx_min=25|fast_period=10|rsi_confirm=True|slow_period=100,both,all,REJECT,20,0.150000,0.259772,-0.011518,-0.011518,-0.227130,-1.165771,-2.707370,0.020020,32.950000,-0.209702,-0.209702,-0.227130,-0.016965,0.242408,,,mt5
run_20260429_081031_bb52a2,AUD/USD,forex,D1,trend_momentum,ema_cross,adx_min=0|fast_period=10|rsi_confirm=False|slow_period=200,both,all,REJECT,27,0.111111,0.043958,-0.014576,-0.014576,-0.328232,-2.166675,-7.528385,0.027027,33.037037,-0.328232,-0.328232,-0.295382,-0.058159,0.321069,,,mt5
run_20260429_081031_bb52a2,AUD/USD,forex,D1,trend_momentum,ema_cross,adx_min=0|fast_period=10|rsi_confirm=True|slow_period=200,both,all,REJECT,25,0.120000,0.046938,-0.014696,-0.014696,-0.310318,-2.066053,-7.064528,0.025025,35.600000,-0.310318,-0.310318,-0.288670,-0.042167,0.293822,,,mt5
run_20260429_081031_bb52a2,AUD/USD,forex,D1,trend_momentum,ema_cross,adx_min=20|fast_period=10|rsi_confirm=False|slow_period=200,both,all,REJECT,26,0.115385,0.045871,-0.014476,-0.014476,-0.316499,-2.108461,-7.212270,0.026026,32.807692,-0.316499,-0.316499,-0.283075,-0.058159,0.317637,,,mt5
run_20260429_081031_bb52a2,AUD/USD,forex,D1,trend_momentum,ema_cross,adx_min=20|fast_period=10|rsi_confirm=True|slow_period=200,both,all,REJECT,24,0.125000,0.049125,-0.014594,-0.014594,-0.298272,-2.005670,-6.745285,0.024024,35.458333,-0.298272,-0.298272,-0.276246,-0.042167,0.289793,,,mt5
run_20260429_081031_bb52a2,AUD/USD,forex,D1,trend_momentum,ema_cross,adx_min=25|fast_period=10|rsi_confirm=False|slow_period=200,both,all,REJECT,21,0.095238,0.046555,-0.014262,-0.014262,-0.261239,-1.884616,-6.410747,0.021021,32.666667,-0.261239,-0.261239,-0.238698,-0.041352,0.277971,,,mt5
run_20260429_081031_bb52a2,AUD/USD,forex,D1,trend_momentum,ema_cross,adx_min=25|fast_period=10|rsi_confirm=True|slow_period=200,both,all,NEEDS_MORE_DATA,19,,,,,,,,,,,,,,,,only 19 trades < min 20,mt5
run_20260429_081031_bb52a2,AUD/USD,forex,D1,trend_momentum,ema_cross,adx_min=0|fast_period=20|rsi_confirm=False|slow_period=50,both,all,REJECT,21,0.190476,0.235257,-0.011825,-0.011825,-0.224011,-1.220128,-2.855329,0.021021,42.666667,-0.224011,-0.224011,-0.185717,-0.083575,0.361003,,,mt5
run_20260429_081031_bb52a2,AUD/USD,forex,D1,trend_momentum,ema_cross,adx_min=0|fast_period=20|rsi_confirm=True|slow_period=50,both,all,REJECT,21,0.190476,0.235257,-0.011825,-0.011825,-0.224011,-1.220128,-2.855329,0.021021,42.666667,-0.224011,-0.224011,-0.185717,-0.083575,0.361003,,,mt5
run_20260429_081031_bb52a2,AUD/USD,forex,D1,trend_momentum,ema_cross,adx_min=20|fast_period=20|rsi_confirm=False|slow_period=50,both,all,NEEDS_MORE_DATA,19,,,,,,,,,,,,,,1.000000,,only 19 trades < min 20,mt5
run_20260429_081031_bb52a2,AUD/USD,forex,D1,trend_momentum,ema_cross,adx_min=20|fast_period=20|rsi_confirm=True|slow_period=50,both,all,NEEDS_MORE_DATA,19,,,,,,,,,,,,,,1.000000,,only 19 trades < min 20,mt5
run_20260429_081031_bb52a2,AUD/USD,forex,D1,trend_momentum,ema_cross,adx_min=25|fast_period=20|rsi_confirm=False|slow_period=50,both,all,NEEDS_MORE_DATA,14,,,,,,,,,,,,,,1.000000,,only 14 trades < min 20,mt5
run_20260429_081031_bb52a2,AUD/USD,forex,D1,trend_momentum,ema_cross,adx_min=25|fast_period=20|rsi_confirm=True|slow_period=50,both,all,NEEDS_MORE_DATA,14,,,,,,,,,,,,,,,,only 14 trades < min 20,mt5
run_20260429_081031_bb52a2,AUD/USD,forex,D1,trend_momentum,ema_cross,adx_min=0|fast_period=20|rsi_confirm=False|slow_period=100,both,all,NEEDS_MORE_DATA,19,,,,,,,,,,,,,,1.000000,,only 19 trades < min 20,mt5
run_20260429_081031_bb52a2,AUD/USD,forex,D1,trend_momentum,ema_cross,adx_min=0|fast_period=20|rsi_confirm=True|slow_period=100,both,all,NEEDS_MORE_DATA,19,,,,,,,,,,,,,,1.000000,,only 19 trades < min 20,mt5
run_20260429_081031_bb52a2,AUD/USD,forex,D1,trend_momentum,ema_cross,adx_min=20|fast_period=20|rsi_confirm=False|slow_period=100,both,all,NEEDS_MORE_DATA,19,,,,,,,,,,,,,,,,only 19 trades < min 20,mt5
run_20260429_081031_bb52a2,AUD/USD,forex,D1,trend_momentum,ema_cross,adx_min=20|fast_period=20|rsi_confirm=True|slow_period=100,both,all,NEEDS_MORE_DATA,19,,,,,,,,,,,,,,,,only 19 trades < min 20,mt5
run_20260429_081031_bb52a2,AUD/USD,forex,D1,trend_momentum,ema_cross,adx_min=25|fast_period=20|rsi_confirm=False|slow_period=100,both,all,NEEDS_MORE_DATA,15,,,,,,,,,,,,,,,,only 15 trades < min 20,mt5
run_20260429_081031_bb52a2,AUD/USD,forex,D1,trend_momentum,ema_cross,adx_min=25|fast_period=20|rsi_confirm=True|slow_period=100,both,all,NEEDS_MORE_DATA,15,,,,,,,,,,,,,,,,only 15 trades < min 20,mt5
run_20260429_081031_bb52a2,AUD/USD,forex,D1,trend_momentum,ema_cross,adx_min=0|fast_period=20|rsi_confirm=False|slow_period=200,both,all,NEEDS_MORE_DATA,15,,,,,,,,,,,,,,,,only 15 trades < min 20,mt5
run_20260429_081031_bb52a2,AUD/USD,forex,D1,trend_momentum,ema_cross,adx_min=0|fast_period=20|rsi_confirm=True|slow_period=200,both,all,NEEDS_MORE_DATA,15,,,,,,,,,,,,,,,,only 15 trades < min 20,mt5
run_20260429_081031_bb52a2,AUD/USD,forex,D1,trend_momentum,ema_cross,adx_min=20|fast_period=20|rsi_confirm=False|slow_period=200,both,all,NEEDS_MORE_DATA,14,,,,,,,,,,,,,,,,only 14 trades < min 20,mt5
run_20260429_081031_bb52a2,AUD/USD,forex,D1,trend_momentum,ema_cross,adx_min=20|fast_period=20|rsi_confirm=True|slow_period=200,both,all,NEEDS_MORE_DATA,14,,,,,,,,,,,,,,,,only 14 trades < min 20,mt5
run_20260429_081031_bb52a2,AUD/USD,forex,D1,trend_momentum,ema_cross,adx_min=25|fast_period=20|rsi_confirm=False|slow_period=200,both,all,NEEDS_MORE_DATA,12,,,,,,,,,,,,,,,,only 12 trades < min 20,mt5
run_20260429_081031_bb52a2,AUD/USD,forex,D1,trend_momentum,ema_cross,adx_min=25|fast_period=20|rsi_confirm=True|slow_period=200,both,all,NEEDS_MORE_DATA,12,,,,,,,,,,,,,,,,only 12 trades < min 20,mt5
run_20260429_081031_bb52a2,AUD/USD,forex,D1,trend_momentum,ema_alignment,adx_min=0|ema_long=200|ema_mid=50|ema_short=20,both,all,REJECT,34,0.235294,0.424737,-0.005130,-0.005130,-0.232099,-0.887909,-1.853025,0.034034,14.117647,-0.164141,-0.164141,-0.114106,-0.051174,0.463542,,,mt5
run_20260429_081031_bb52a2,AUD/USD,forex,D1,trend_momentum,ema_alignment,adx_min=20|ema_long=200|ema_mid=50|ema_short=20,both,all,REJECT,31,0.290323,0.489103,-0.004343,-0.004343,-0.200657,-0.708076,-1.456539,0.031031,15.096774,-0.129916,-0.129916,-0.089701,-0.038803,0.440775,,,mt5
run_20260429_081031_bb52a2,AUD/USD,forex,D1,trend_momentum,ema_alignment,adx_min=25|ema_long=200|ema_mid=50|ema_short=20,both,all,REJECT,22,0.272727,0.457163,-0.005013,-0.005013,-0.152449,-0.661705,-1.372206,0.022022,15.818182,-0.107538,-0.107538,-0.107097,-0.000494,0.233383,,,mt5
run_20260429_081031_bb52a2,AUD/USD,forex,D1,trend_momentum,macd_direction,adx_min=0|fast=12|signal_period=9|slow=26,both,all,REJECT,81,0.333333,0.831497,-0.001323,-0.001323,-0.285598,-0.297543,-0.593905,0.081081,12.135802,-0.115830,-0.115830,-0.007744,-0.094330,0.500000,,,mt5
run_20260429_081031_bb52a2,AUD/USD,forex,D1,trend_momentum,macd_direction,adx_min=20|fast=12|signal_period=9|slow=26,both,all,REJECT,70,0.357143,0.940055,-0.000447,-0.000447,-0.228210,-0.090763,-0.180843,0.070070,12.771429,-0.044804,-0.044804,0.050524,-0.076031,0.475000,,,mt5
run_20260429_081031_bb52a2,AUD/USD,forex,D1,pullback,pullback_ema,pullback_period=20|rsi_reclaim=False|rsi_threshold=50|trend_period=200,both,all,REJECT,72,0.166667,0.553654,-0.002964,-0.002964,-0.232624,-0.793632,-1.607049,0.072072,7.708333,-0.199366,-0.199366,-0.142726,-0.060818,0.527835,,,mt5
run_20260429_081031_bb52a2,AUD/USD,forex,D1,pullback,pullback_ema,pullback_period=20|rsi_reclaim=True|rsi_threshold=50|trend_period=200,both,all,REJECT,68,0.176471,0.570058,-0.002796,-0.002796,-0.214275,-0.721531,-1.458115,0.068068,7.808824,-0.180222,-0.180222,-0.127439,-0.055208,0.554965,,,mt5
run_20260429_081031_bb52a2,AUD/USD,forex,D1,pullback,pullback_ema,pullback_period=50|rsi_reclaim=False|rsi_threshold=50|trend_period=200,both,all,REJECT,50,0.200000,0.471202,-0.003692,-0.003692,-0.224197,-0.851695,-1.745006,0.050050,11.100000,-0.173436,-0.173436,-0.129461,-0.045175,0.504683,,,mt5
run_20260429_081031_bb52a2,AUD/USD,forex,D1,pullback,pullback_ema,pullback_period=50|rsi_reclaim=True|rsi_threshold=50|trend_period=200,both,all,REJECT,38,0.210526,0.558044,-0.003215,-0.003215,-0.173858,-0.582875,-1.181451,0.038038,12.289474,-0.119804,-0.119804,-0.086250,-0.031305,0.436886,,,mt5
run_20260429_081031_bb52a2,AUD/USD,forex,D1,breakout,prev_day_hl,atr_expand_min=0.0,both,all,REJECT,132,0.325758,0.541719,-0.003177,-0.003177,-0.360986,-1.370531,-2.799627,0.132132,6.189394,-0.350266,-0.350266,-0.267458,-0.116882,0.556103,,,mt5
run_20260429_081031_bb52a2,AUD/USD,forex,D1,breakout,prev_day_hl,atr_expand_min=0.5,both,all,REJECT,132,0.325758,0.541719,-0.003177,-0.003177,-0.360986,-1.370531,-2.799627,0.132132,6.189394,-0.350266,-0.350266,-0.267458,-0.116882,0.556103,,,mt5
run_20260429_081031_bb52a2,AUD/USD,forex,D1,breakout,prev_day_hl,atr_expand_min=1.0,both,all,REJECT,96,0.395833,0.682022,-0.002164,-0.002164,-0.208993,-0.735207,-1.479586,0.096096,6.260417,-0.195724,-0.195724,-0.136301,-0.072832,0.635304,,,mt5
run_20260429_081031_bb52a2,AUD/USD,forex,D1,breakout,session_opening_range,atr_expand_min=0.0|range_bars=6,both,all,REJECT,63,0.317460,0.578022,-0.004482,-0.004482,-0.280566,-0.893979,-1.824393,0.063063,15.476190,-0.255417,-0.255417,-0.091065,-0.169316,0.492212,,,mt5
run_20260429_081031_bb52a2,AUD/USD,forex,D1,breakout,session_opening_range,atr_expand_min=0.5|range_bars=6,both,all,REJECT,62,0.322581,0.607160,-0.004036,-0.004036,-0.256700,-0.808584,-1.643311,0.062062,15.629032,-0.230717,-0.230717,-0.060913,-0.169316,0.450000,,,mt5
run_20260429_081031_bb52a2,AUD/USD,forex,D1,breakout,session_opening_range,atr_expand_min=0.0|range_bars=12,both,all,REJECT,37,0.297297,0.397398,-0.010050,-0.010050,-0.349366,-1.155567,-2.479242,0.037037,26.297297,-0.319552,-0.319552,-0.199269,-0.124331,0.559181,,,mt5
run_20260429_081031_bb52a2,AUD/USD,forex,D1,breakout,session_opening_range,atr_expand_min=0.5|range_bars=12,both,all,REJECT,37,0.297297,0.397398,-0.010050,-0.010050,-0.349366,-1.155567,-2.479242,0.037037,26.297297,-0.319552,-0.319552,-0.199269,-0.124331,0.559181,,,mt5
run_20260429_081031_bb52a2,AUD/USD,forex,D1,breakout,london_breakout,atr_expand_min=0.0|utc_end=11|utc_start=7,both,all,REJECT,0,,,,,,,,,,,,,,1.000000,,session_strategy_requires_intraday_data,mt5
run_20260429_081031_bb52a2,AUD/USD,forex,D1,breakout,london_breakout,atr_expand_min=0.5|utc_end=11|utc_start=7,both,all,REJECT,0,,,,,,,,,,,,,,1.000000,,session_strategy_requires_intraday_data,mt5
run_20260429_081031_bb52a2,AUD/USD,forex,D1,breakout,ny_breakout,atr_expand_min=0.0|utc_end=16|utc_start=13,both,all,REJECT,0,,,,,,,,,,,,,,,,session_strategy_requires_intraday_data,mt5
run_20260429_081031_bb52a2,AUD/USD,forex,D1,breakout,ny_breakout,atr_expand_min=0.5|utc_end=16|utc_start=13,both,all,REJECT,0,,,,,,,,,,,,,,,,session_strategy_requires_intraday_data,mt5
run_20260429_081031_bb52a2,AUD/USD,forex,D1,mean_reversion,rsi_extreme,overbought=70|oversold=30|period=14,both,all,NEEDS_MORE_DATA,11,,,,,,,,,,,,,,1.000000,,only 11 trades < min 20,mt5
run_20260429_081031_bb52a2,AUD/USD,forex,D1,mean_reversion,rsi_extreme,overbought=75|oversold=30|period=14,both,all,NEEDS_MORE_DATA,8,,,,,,,,,,,,,,,,only 8 trades < min 20,mt5
run_20260429_081031_bb52a2,AUD/USD,forex,D1,mean_reversion,rsi_extreme,overbought=70|oversold=25|period=14,both,all,NEEDS_MORE_DATA,6,,,,,,,,,,,,,,,,only 6 trades < min 20,mt5
run_20260429_081031_bb52a2,AUD/USD,forex,D1,mean_reversion,rsi_extreme,overbought=75|oversold=25|period=14,both,all,NEEDS_MORE_DATA,3,,,,,,,,,,,,,,,,only 3 trades < min 20,mt5
run_20260429_081031_bb52a2,AUD/USD,forex,D1,mean_reversion,bollinger_touch,num_std=2.0|period=20,both,all,STRONG_CANDIDATE,41,0.682927,2.591300,0.006359,0.006359,-0.053564,1.173435,2.502945,0.041041,10.804878,0.289775,0.289775,0.176297,0.096471,0.660162,,,mt5
run_20260429_081031_bb52a2,AUD/USD,forex,D1,mean_reversion,bollinger_touch,num_std=2.5|period=20,both,all,NEEDS_MORE_DATA,15,,,,,,,,,,,,,,1.000000,,only 15 trades < min 20,mt5
run_20260429_081031_bb52a2,AUD/USD,forex,D1,mean_reversion,vwap_deviation,std_threshold=1.5,both,all,WEAK_CANDIDATE,24,0.958333,79.577477,0.014386,0.014386,-0.004394,2.214463,9.657219,0.024024,27.958333,0.408012,0.408012,0.285876,0.131110,0.681587,,,mt5
run_20260429_081031_bb52a2,AUD/USD,forex,D1,mean_reversion,vwap_deviation,std_threshold=2.0,both,all,NEEDS_MORE_DATA,19,,,,,,,,,,,,,,,,only 19 trades < min 20,mt5
run_20260429_081031_bb52a2,AUD/USD,forex,D1,engine_b_proxy,ob_bos,require_engulf=False|require_vol_expand=False|swing_period=5,both,all,REJECT,25,0.320000,0.391231,-0.012007,-0.012007,-0.321557,-0.977535,-2.109515,0.025025,35.440000,-0.268223,-0.268223,-0.191471,-0.099125,0.455311,,,mt5
run_20260429_081031_bb52a2,AUD/USD,forex,D1,engine_b_proxy,ob_bos,require_engulf=False|require_vol_expand=True|swing_period=5,both,all,NEEDS_MORE_DATA,12,,,,,,,,,,,,,,1.000000,,only 12 trades < min 20,mt5
run_20260429_081031_bb52a2,AUD/USD,forex,D1,engine_b_proxy,ob_bos,require_engulf=True|require_vol_expand=False|swing_period=5,both,all,REJECT,21,0.285714,0.355733,-0.013512,-0.013512,-0.303253,-0.967863,-2.120499,0.021021,35.047619,-0.255322,-0.255322,-0.168645,-0.081361,0.420732,,,mt5
run_20260429_081031_bb52a2,AUD/USD,forex,D1,engine_b_proxy,ob_bos,require_engulf=True|require_vol_expand=True|swing_period=5,both,all,NEEDS_MORE_DATA,9,,,,,,,,,,,,,,,,only 9 trades < min 20,mt5
run_20260429_081031_bb52a2,AUD/USD,forex,D1,engine_b_proxy,ob_bos,require_engulf=False|require_vol_expand=False|swing_period=10,both,all,NEEDS_MORE_DATA,14,,,,,,,,,,,,,,,,only 14 trades < min 20,mt5
run_20260429_081031_bb52a2,AUD/USD,forex,D1,engine_b_proxy,ob_bos,require_engulf=False|require_vol_expand=True|swing_period=10,both,all,NEEDS_MORE_DATA,10,,,,,,,,,,,,,,,,only 10 trades < min 20,mt5
run_20260429_081031_bb52a2,AUD/USD,forex,D1,engine_b_proxy,ob_bos,require_engulf=True|require_vol_expand=False|swing_period=10,both,all,NEEDS_MORE_DATA,13,,,,,,,,,,,,,,,,only 13 trades < min 20,mt5
run_20260429_081031_bb52a2,AUD/USD,forex,D1,engine_b_proxy,ob_bos,require_engulf=True|require_vol_expand=True|swing_period=10,both,all,NEEDS_MORE_DATA,6,,,,,,,,,,,,,,,,only 6 trades < min 20,mt5
run_20260429_081031_bb52a2,AUD/USD,forex,D1,engine_b_proxy,structure_filters,fvg_detection=False|strong_close_pct=0.7,both,all,REJECT,315,0.292063,0.513472,-0.002610,-0.002610,-0.578714,-2.266069,-4.617538,0.315315,3.101587,-0.567946,-0.567946,-0.465950,-0.208858,0.534473,,,mt5
run_20260429_081031_bb52a2,AUD/USD,forex,D1,engine_b_proxy,structure_filters,fvg_detection=True|strong_close_pct=0.7,both,all,REJECT,32,0.343750,0.711559,-0.002447,-0.002447,-0.136409,-0.352628,-0.707754,0.032032,12.156250,-0.081014,-0.081014,-0.056040,-0.026457,0.458630,,,mt5
run_20260429_081031_bb52a2,AUD/USD,forex,D1,engine_b_proxy,structure_filters,fvg_detection=False|strong_close_pct=0.8,both,all,REJECT,221,0.325792,0.609343,-0.002259,-0.002259,-0.407237,-1.449540,-2.930934,0.221221,4.108597,-0.402060,-0.402060,-0.287525,-0.179297,0.612076,,,mt5
run_20260429_081031_bb52a2,AUD/USD,forex,D1,engine_b_proxy,structure_filters,fvg_detection=True|strong_close_pct=0.8,both,all,REJECT,24,0.375000,0.526427,-0.004355,-0.004355,-0.138059,-0.573279,-1.173543,0.024024,11.041667,-0.103035,-0.103035,-0.075297,-0.029996,0.388511,,,mt5
run_20260429_081031_bb52a2,USD/JPY,forex,D1,trend_momentum,ema_cross,adx_min=0|fast_period=10|rsi_confirm=False|slow_period=50,both,all,WEAK_CANDIDATE,21,0.380952,1.515184,0.005160,0.005160,-0.059599,0.364239,0.734653,0.021021,45.476190,0.102500,0.102500,0.102243,-0.039206,0.401000,,,mt5
run_20260429_081031_bb52a2,USD/JPY,forex,D1,trend_momentum,ema_cross,adx_min=0|fast_period=10|rsi_confirm=True|slow_period=50,both,all,WEAK_CANDIDATE,20,0.400000,1.715161,0.006644,0.006644,-0.053840,0.452872,0.920687,0.020020,47.200000,0.130217,0.130217,0.129954,-0.039206,0.395000,,,mt5
run_20260429_081031_bb52a2,USD/JPY,forex,D1,trend_momentum,ema_cross,adx_min=20|fast_period=10|rsi_confirm=False|slow_period=50,both,all,WEAK_CANDIDATE,20,0.350000,1.299785,0.003150,0.003150,-0.081074,0.222361,0.445100,0.020020,40.550000,0.054667,0.054667,0.102243,-0.080891,0.395000,,,mt5
run_20260429_081031_bb52a2,USD/JPY,forex,D1,trend_momentum,ema_cross,adx_min=20|fast_period=10|rsi_confirm=True|slow_period=50,both,all,NEEDS_MORE_DATA,19,,,,,,,,,,,,,,1.000000,,only 19 trades < min 20,mt5
run_20260429_081031_bb52a2,USD/JPY,forex,D1,trend_momentum,ema_cross,adx_min=25|fast_period=10|rsi_confirm=False|slow_period=50,both,all,NEEDS_MORE_DATA,18,,,,,,,,,,,,,,1.000000,,only 18 trades < min 20,mt5
run_20260429_081031_bb52a2,USD/JPY,forex,D1,trend_momentum,ema_cross,adx_min=25|fast_period=10|rsi_confirm=True|slow_period=50,both,all,NEEDS_MORE_DATA,17,,,,,,,,,,,,,,1.000000,,only 17 trades < min 20,mt5
run_20260429_081031_bb52a2,USD/JPY,forex,D1,trend_momentum,ema_cross,adx_min=0|fast_period=10|rsi_confirm=False|slow_period=100,both,all,NEEDS_MORE_DATA,15,,,,,,,,,,,,,,1.000000,,only 15 trades < min 20,mt5
run_20260429_081031_bb52a2,USD/JPY,forex,D1,trend_momentum,ema_cross,adx_min=0|fast_period=10|rsi_confirm=True|slow_period=100,both,all,NEEDS_MORE_DATA,14,,,,,,,,,,,,,,1.000000,,only 14 trades < min 20,mt5
run_20260429_081031_bb52a2,USD/JPY,forex,D1,trend_momentum,ema_cross,adx_min=20|fast_period=10|rsi_confirm=False|slow_period=100,both,all,NEEDS_MORE_DATA,15,,,,,,,,,,,,,,1.000000,,only 15 trades < min 20,mt5
run_20260429_081031_bb52a2,USD/JPY,forex,D1,trend_momentum,ema_cross,adx_min=20|fast_period=10|rsi_confirm=True|slow_period=100,both,all,NEEDS_MORE_DATA,14,,,,,,,,,,,,,,1.000000,,only 14 trades < min 20,mt5
run_20260429_081031_bb52a2,USD/JPY,forex,D1,trend_momentum,ema_cross,adx_min=25|fast_period=10|rsi_confirm=False|slow_period=100,both,all,NEEDS_MORE_DATA,15,,,,,,,,,,,,,,1.000000,,only 15 trades < min 20,mt5
run_20260429_081031_bb52a2,USD/JPY,forex,D1,trend_momentum,ema_cross,adx_min=25|fast_period=10|rsi_confirm=True|slow_period=100,both,all,NEEDS_MORE_DATA,14,,,,,,,,,,,,,,1.000000,,only 14 trades < min 20,mt5
run_20260429_081031_bb52a2,USD/JPY,forex,D1,trend_momentum,ema_cross,adx_min=0|fast_period=10|rsi_confirm=False|slow_period=200,both,all,NEEDS_MORE_DATA,13,,,,,,,,,,,,,,1.000000,,only 13 trades < min 20,mt5
run_20260429_081031_bb52a2,USD/JPY,forex,D1,trend_momentum,ema_cross,adx_min=0|fast_period=10|rsi_confirm=True|slow_period=200,both,all,NEEDS_MORE_DATA,12,,,,,,,,,,,,,,1.000000,,only 12 trades < min 20,mt5
run_20260429_081031_bb52a2,USD/JPY,forex,D1,trend_momentum,ema_cross,adx_min=20|fast_period=10|rsi_confirm=False|slow_period=200,both,all,NEEDS_MORE_DATA,13,,,,,,,,,,,,,,1.000000,,only 13 trades < min 20,mt5
run_20260429_081031_bb52a2,USD/JPY,forex,D1,trend_momentum,ema_cross,adx_min=20|fast_period=10|rsi_confirm=True|slow_period=200,both,all,NEEDS_MORE_DATA,12,,,,,,,,,,,,,,1.000000,,only 12 trades < min 20,mt5
run_20260429_081031_bb52a2,USD/JPY,forex,D1,trend_momentum,ema_cross,adx_min=25|fast_period=10|rsi_confirm=False|slow_period=200,both,all,NEEDS_MORE_DATA,10,,,,,,,,,,,,,,1.000000,,only 10 trades < min 20,mt5
run_20260429_081031_bb52a2,USD/JPY,forex,D1,trend_momentum,ema_cross,adx_min=25|fast_period=10|rsi_confirm=True|slow_period=200,both,all,NEEDS_MORE_DATA,10,,,,,,,,,,,,,,,,only 10 trades < min 20,mt5
run_20260429_081031_bb52a2,USD/JPY,forex,D1,trend_momentum,ema_cross,adx_min=0|fast_period=20|rsi_confirm=False|slow_period=50,both,all,NEEDS_MORE_DATA,15,,,,,,,,,,,,,,1.000000,,only 15 trades < min 20,mt5
run_20260429_081031_bb52a2,USD/JPY,forex,D1,trend_momentum,ema_cross,adx_min=0|fast_period=20|rsi_confirm=True|slow_period=50,both,all,NEEDS_MORE_DATA,15,,,,,,,,,,,,,,1.000000,,only 15 trades < min 20,mt5
run_20260429_081031_bb52a2,USD/JPY,forex,D1,trend_momentum,ema_cross,adx_min=20|fast_period=20|rsi_confirm=False|slow_period=50,both,all,NEEDS_MORE_DATA,15,,,,,,,,,,,,,,1.000000,,only 15 trades < min 20,mt5
run_20260429_081031_bb52a2,USD/JPY,forex,D1,trend_momentum,ema_cross,adx_min=20|fast_period=20|rsi_confirm=True|slow_period=50,both,all,NEEDS_MORE_DATA,15,,,,,,,,,,,,,,1.000000,,only 15 trades < min 20,mt5
run_20260429_081031_bb52a2,USD/JPY,forex,D1,trend_momentum,ema_cross,adx_min=25|fast_period=20|rsi_confirm=False|slow_period=50,both,all,NEEDS_MORE_DATA,14,,,,,,,,,,,,,,1.000000,,only 14 trades < min 20,mt5
run_20260429_081031_bb52a2,USD/JPY,forex,D1,trend_momentum,ema_cross,adx_min=25|fast_period=20|rsi_confirm=True|slow_period=50,both,all,NEEDS_MORE_DATA,14,,,,,,,,,,,,,,,,only 14 trades < min 20,mt5
run_20260429_081031_bb52a2,USD/JPY,forex,D1,trend_momentum,ema_cross,adx_min=0|fast_period=20|rsi_confirm=False|slow_period=100,both,all,NEEDS_MORE_DATA,11,,,,,,,,,,,,,,1.000000,,only 11 trades < min 20,mt5
run_20260429_081031_bb52a2,USD/JPY,forex,D1,trend_momentum,ema_cross,adx_min=0|fast_period=20|rsi_confirm=True|slow_period=100,both,all,NEEDS_MORE_DATA,11,,,,,,,,,,,,,,1.000000,,only 11 trades < min 20,mt5
run_20260429_081031_bb52a2,USD/JPY,forex,D1,trend_momentum,ema_cross,adx_min=20|fast_period=20|rsi_confirm=False|slow_period=100,both,all,NEEDS_MORE_DATA,11,,,,,,,,,,,,,,,,only 11 trades < min 20,mt5
run_20260429_081031_bb52a2,USD/JPY,forex,D1,trend_momentum,ema_cross,adx_min=20|fast_period=20|rsi_confirm=True|slow_period=100,both,all,NEEDS_MORE_DATA,11,,,,,,,,,,,,,,,,only 11 trades < min 20,mt5
run_20260429_081031_bb52a2,USD/JPY,forex,D1,trend_momentum,ema_cross,adx_min=25|fast_period=20|rsi_confirm=False|slow_period=100,both,all,NEEDS_MORE_DATA,11,,,,,,,,,,,,,,,,only 11 trades < min 20,mt5
run_20260429_081031_bb52a2,USD/JPY,forex,D1,trend_momentum,ema_cross,adx_min=25|fast_period=20|rsi_confirm=True|slow_period=100,both,all,NEEDS_MORE_DATA,11,,,,,,,,,,,,,,,,only 11 trades < min 20,mt5
run_20260429_081031_bb52a2,USD/JPY,forex,D1,trend_momentum,ema_cross,adx_min=0|fast_period=20|rsi_confirm=False|slow_period=200,both,all,NEEDS_MORE_DATA,13,,,,,,,,,,,,,,,,only 13 trades < min 20,mt5
run_20260429_081031_bb52a2,USD/JPY,forex,D1,trend_momentum,ema_cross,adx_min=0|fast_period=20|rsi_confirm=True|slow_period=200,both,all,NEEDS_MORE_DATA,13,,,,,,,,,,,,,,,,only 13 trades < min 20,mt5
run_20260429_081031_bb52a2,USD/JPY,forex,D1,trend_momentum,ema_cross,adx_min=20|fast_period=20|rsi_confirm=False|slow_period=200,both,all,NEEDS_MORE_DATA,12,,,,,,,,,,,,,,,,only 12 trades < min 20,mt5
run_20260429_081031_bb52a2,USD/JPY,forex,D1,trend_momentum,ema_cross,adx_min=20|fast_period=20|rsi_confirm=True|slow_period=200,both,all,NEEDS_MORE_DATA,12,,,,,,,,,,,,,,,,only 12 trades < min 20,mt5
run_20260429_081031_bb52a2,USD/JPY,forex,D1,trend_momentum,ema_cross,adx_min=25|fast_period=20|rsi_confirm=False|slow_period=200,both,all,NEEDS_MORE_DATA,11,,,,,,,,,,,,,,,,only 11 trades < min 20,mt5
run_20260429_081031_bb52a2,USD/JPY,forex,D1,trend_momentum,ema_cross,adx_min=25|fast_period=20|rsi_confirm=True|slow_period=200,both,all,NEEDS_MORE_DATA,11,,,,,,,,,,,,,,,,only 11 trades < min 20,mt5
run_20260429_081031_bb52a2,USD/JPY,forex,D1,trend_momentum,ema_alignment,adx_min=0|ema_long=200|ema_mid=50|ema_short=20,both,all,WEAK_CANDIDATE,20,0.350000,1.203440,0.001462,0.001462,-0.066319,0.152154,0.303782,0.020020,23.950000,0.025000,0.025000,0.031311,-0.006119,0.345000,,,mt5
run_20260429_081031_bb52a2,USD/JPY,forex,D1,trend_momentum,ema_alignment,adx_min=20|ema_long=200|ema_mid=50|ema_short=20,both,all,WEAK_CANDIDATE,20,0.350000,1.203440,0.001462,0.001462,-0.066319,0.152154,0.303782,0.020020,23.950000,0.025000,0.025000,0.031311,-0.006119,0.345000,,,mt5
run_20260429_081031_bb52a2,USD/JPY,forex,D1,trend_momentum,ema_alignment,adx_min=25|ema_long=200|ema_mid=50|ema_short=20,both,all,NEEDS_MORE_DATA,19,,,,,,,,,,,,,,1.000000,,only 19 trades < min 20,mt5
run_20260429_081031_bb52a2,USD/JPY,forex,D1,trend_momentum,macd_direction,adx_min=0|fast=12|signal_period=9|slow=26,both,all,WEAK_CANDIDATE,78,0.384615,1.041194,0.000364,0.000364,-0.169876,0.065291,0.130076,0.078078,12.525641,0.005036,0.005036,0.141199,-0.166675,0.600000,,,mt5
run_20260429_081031_bb52a2,USD/JPY,forex,D1,trend_momentum,macd_direction,adx_min=20|fast=12|signal_period=9|slow=26,both,all,REJECT,73,0.383562,1.025050,0.000223,0.000223,-0.152220,0.038702,0.077099,0.073073,12.465753,-0.005629,-0.005629,0.088744,-0.135796,0.475000,,,mt5
run_20260429_081031_bb52a2,USD/JPY,forex,D1,pullback,pullback_ema,pullback_period=20|rsi_reclaim=False|rsi_threshold=50|trend_period=200,both,all,REJECT,56,0.285714,0.965110,-0.000175,-0.000175,-0.117152,-0.045063,-0.089775,0.056056,8.678571,-0.015543,-0.015543,0.083335,-0.091271,0.400000,,,mt5
run_20260429_081031_bb52a2,USD/JPY,forex,D1,pullback,pullback_ema,pullback_period=20|rsi_reclaim=True|rsi_threshold=50|trend_period=200,both,all,WEAK_CANDIDATE,47,0.319149,1.075538,0.000382,0.000382,-0.101157,0.084561,0.168499,0.047047,9.808511,0.012456,0.012456,0.096355,-0.076525,0.507000,,,mt5
run_20260429_081031_bb52a2,USD/JPY,forex,D1,pullback,pullback_ema,pullback_period=50|rsi_reclaim=False|rsi_threshold=50|trend_period=200,both,all,REJECT,29,0.241379,0.925629,-0.000441,-0.000441,-0.079093,-0.069460,-0.138412,0.029029,13.689655,-0.016836,-0.016836,0.054470,-0.067623,0.274000,,,mt5
run_20260429_081031_bb52a2,USD/JPY,forex,D1,pullback,pullback_ema,pullback_period=50|rsi_reclaim=True|rsi_threshold=50|trend_period=200,both,all,NEEDS_MORE_DATA,18,,,,,,,,,,,,,,1.000000,,only 18 trades < min 20,mt5
run_20260429_081031_bb52a2,USD/JPY,forex,D1,breakout,prev_day_hl,atr_expand_min=0.0,both,all,REJECT,135,0.288889,0.684183,-0.002008,-0.002008,-0.300637,-0.772059,-1.549767,0.135135,5.859259,-0.249113,-0.249113,-0.194866,-0.049856,0.501755,,,mt5
run_20260429_081031_bb52a2,USD/JPY,forex,D1,breakout,prev_day_hl,atr_expand_min=0.5,both,all,REJECT,134,0.283582,0.684006,-0.002024,-0.002024,-0.300743,-0.772484,-1.550736,0.134134,5.880597,-0.249227,-0.249227,-0.194988,-0.049856,0.501706,,,mt5
run_20260429_081031_bb52a2,USD/JPY,forex,D1,breakout,prev_day_hl,atr_expand_min=1.0,both,all,REJECT,94,0.276596,0.702065,-0.001967,-0.001967,-0.184954,-0.613062,-1.230121,0.094094,6.202128,-0.178247,-0.178247,-0.127447,-0.040526,0.570396,,,mt5
run_20260429_081031_bb52a2,USD/JPY,forex,D1,breakout,session_opening_range,atr_expand_min=0.0|range_bars=6,both,all,WEAK_CANDIDATE,54,0.407407,1.122812,0.001178,0.001178,-0.184176,0.169973,0.338935,0.054054,17.814815,0.047370,0.047370,0.228099,-0.191641,0.550000,,,mt5
run_20260429_081031_bb52a2,USD/JPY,forex,D1,breakout,session_opening_range,atr_expand_min=0.5|range_bars=6,both,all,WEAK_CANDIDATE,54,0.407407,1.122812,0.001178,0.001178,-0.184176,0.169973,0.338935,0.054054,17.814815,0.047370,0.047370,0.228099,-0.191641,0.550000,,,mt5
run_20260429_081031_bb52a2,USD/JPY,forex,D1,breakout,session_opening_range,atr_expand_min=0.0|range_bars=12,both,all,WEAK_CANDIDATE,26,0.538462,2.221316,0.009615,0.009615,-0.074223,0.738485,1.534617,0.026026,36.269231,0.266163,0.266163,0.199089,0.007950,0.417979,,,mt5
run_20260429_081031_bb52a2,USD/JPY,forex,D1,breakout,session_opening_range,atr_expand_min=0.5|range_bars=12,both,all,WEAK_CANDIDATE,26,0.538462,2.221316,0.009615,0.009615,-0.074223,0.738485,1.534617,0.026026,36.269231,0.266163,0.266163,0.199089,0.007950,0.417979,,,mt5
run_20260429_081031_bb52a2,USD/JPY,forex,D1,breakout,london_breakout,atr_expand_min=0.0|utc_end=11|utc_start=7,both,all,REJECT,0,,,,,,,,,,,,,,1.000000,,session_strategy_requires_intraday_data,mt5
run_20260429_081031_bb52a2,USD/JPY,forex,D1,breakout,london_breakout,atr_expand_min=0.5|utc_end=11|utc_start=7,both,all,REJECT,0,,,,,,,,,,,,,,1.000000,,session_strategy_requires_intraday_data,mt5
run_20260429_081031_bb52a2,USD/JPY,forex,D1,breakout,ny_breakout,atr_expand_min=0.0|utc_end=16|utc_start=13,both,all,REJECT,0,,,,,,,,,,,,,,,,session_strategy_requires_intraday_data,mt5
run_20260429_081031_bb52a2,USD/JPY,forex,D1,breakout,ny_breakout,atr_expand_min=0.5|utc_end=16|utc_start=13,both,all,REJECT,0,,,,,,,,,,,,,,,,session_strategy_requires_intraday_data,mt5
run_20260429_081031_bb52a2,USD/JPY,forex,D1,mean_reversion,rsi_extreme,overbought=70|oversold=30|period=14,both,all,NEEDS_MORE_DATA,14,,,,,,,,,,,,,,1.000000,,only 14 trades < min 20,mt5
run_20260429_081031_bb52a2,USD/JPY,forex,D1,mean_reversion,rsi_extreme,overbought=75|oversold=30|period=14,both,all,NEEDS_MORE_DATA,12,,,,,,,,,,,,,,,,only 12 trades < min 20,mt5
run_20260429_081031_bb52a2,USD/JPY,forex,D1,mean_reversion,rsi_extreme,overbought=70|oversold=25|period=14,both,all,NEEDS_MORE_DATA,10,,,,,,,,,,,,,,,,only 10 trades < min 20,mt5
run_20260429_081031_bb52a2,USD/JPY,forex,D1,mean_reversion,rsi_extreme,overbought=75|oversold=25|period=14,both,all,NEEDS_MORE_DATA,8,,,,,,,,,,,,,,,,only 8 trades < min 20,mt5
run_20260429_081031_bb52a2,USD/JPY,forex,D1,mean_reversion,bollinger_touch,num_std=2.0|period=20,both,all,REJECT,32,0.593750,0.620182,-0.004358,-0.004358,-0.194366,-0.484006,-0.978011,0.032032,18.781250,-0.139491,-0.139491,-0.157220,0.062303,0.342000,,,mt5
run_20260429_081031_bb52a2,USD/JPY,forex,D1,mean_reversion,bollinger_touch,num_std=2.5|period=20,both,all,NEEDS_MORE_DATA,19,,,,,,,,,,,,,,1.000000,,only 19 trades < min 20,mt5
run_20260429_081031_bb52a2,USD/JPY,forex,D1,mean_reversion,vwap_deviation,std_threshold=1.5,both,all,NEEDS_MORE_DATA,11,,,,,,,,,,,,,,1.000000,,only 11 trades < min 20,mt5
run_20260429_081031_bb52a2,USD/JPY,forex,D1,mean_reversion,vwap_deviation,std_threshold=2.0,both,all,NEEDS_MORE_DATA,8,,,,,,,,,,,,,,,,only 8 trades < min 20,mt5
run_20260429_081031_bb52a2,USD/JPY,forex,D1,engine_b_proxy,ob_bos,require_engulf=False|require_vol_expand=False|swing_period=5,both,all,NEEDS_MORE_DATA,15,,,,,,,,,,,,,,1.000000,,only 15 trades < min 20,mt5
run_20260429_081031_bb52a2,USD/JPY,forex,D1,engine_b_proxy,ob_bos,require_engulf=False|require_vol_expand=True|swing_period=5,both,all,NEEDS_MORE_DATA,10,,,,,,,,,,,,,,1.000000,,only 10 trades < min 20,mt5
run_20260429_081031_bb52a2,USD/JPY,forex,D1,engine_b_proxy,ob_bos,require_engulf=True|require_vol_expand=False|swing_period=5,both,all,NEEDS_MORE_DATA,15,,,,,,,,,,,,,,1.000000,,only 15 trades < min 20,mt5
run_20260429_081031_bb52a2,USD/JPY,forex,D1,engine_b_proxy,ob_bos,require_engulf=True|require_vol_expand=True|swing_period=5,both,all,NEEDS_MORE_DATA,10,,,,,,,,,,,,,,,,only 10 trades < min 20,mt5
run_20260429_081031_bb52a2,USD/JPY,forex,D1,engine_b_proxy,ob_bos,require_engulf=False|require_vol_expand=False|swing_period=10,both,all,NEEDS_MORE_DATA,10,,,,,,,,,,,,,,,,only 10 trades < min 20,mt5
run_20260429_081031_bb52a2,USD/JPY,forex,D1,engine_b_proxy,ob_bos,require_engulf=False|require_vol_expand=True|swing_period=10,both,all,NEEDS_MORE_DATA,7,,,,,,,,,,,,,,,,only 7 trades < min 20,mt5
run_20260429_081031_bb52a2,USD/JPY,forex,D1,engine_b_proxy,ob_bos,require_engulf=True|require_vol_expand=False|swing_period=10,both,all,NEEDS_MORE_DATA,10,,,,,,,,,,,,,,,,only 10 trades < min 20,mt5
run_20260429_081031_bb52a2,USD/JPY,forex,D1,engine_b_proxy,ob_bos,require_engulf=True|require_vol_expand=True|swing_period=10,both,all,NEEDS_MORE_DATA,7,,,,,,,,,,,,,,,,only 7 trades < min 20,mt5
run_20260429_081031_bb52a2,USD/JPY,forex,D1,engine_b_proxy,structure_filters,fvg_detection=False|strong_close_pct=0.7,both,all,REJECT,296,0.375000,0.821172,-0.000776,-0.000776,-0.291684,-0.621613,-1.240546,0.296296,3.287162,-0.218785,-0.218785,-0.218354,0.009756,0.400000,,,mt5
run_20260429_081031_bb52a2,USD/JPY,forex,D1,engine_b_proxy,structure_filters,fvg_detection=True|strong_close_pct=0.7,both,all,REJECT,32,0.218750,0.687499,-0.003820,-0.003820,-0.172286,-0.421339,-0.848417,0.032032,14.812500,-0.124283,-0.124283,0.045159,-0.162121,0.317000,,,mt5
run_20260429_081031_bb52a2,USD/JPY,forex,D1,engine_b_proxy,structure_filters,fvg_detection=False|strong_close_pct=0.8,both,all,WEAK_CANDIDATE,191,0.413613,1.072847,0.000325,0.000325,-0.119041,0.176756,0.352198,0.191191,4.937173,0.047806,0.047806,0.128177,-0.057117,0.525000,,,mt5
run_20260429_081031_bb52a2,USD/JPY,forex,D1,engine_b_proxy,structure_filters,fvg_detection=True|strong_close_pct=0.8,both,all,REJECT,26,0.192308,0.646587,-0.004335,-0.004335,-0.160473,-0.427323,-0.863043,0.026026,14.961538,-0.114282,-0.114282,0.032534,-0.142190,0.281000,,,mt5
