run_id,symbol,asset_class,timeframe,family,strategy_name,params_str,direction,session,status,trade_count,win_rate,profit_factor,avg_return,expectancy,max_drawdown,sharpe,sqn,exposure_pct,avg_duration_bars,gross_return,net_return,is_return,oos_return,robustness_score,param_sensitivity,skip_reason,data_source
run_20260429_080326_2366a3,NVDA,stock,M15,trend_momentum,ema_cross,adx_min=0|fast_period=10|rsi_confirm=False|slow_period=50,both,all,REJECT,29,0.137931,0.379265,-0.004104,-0.004104,-0.153340,-4.719320,-1.958529,0.029029,33.482759,-0.114043,-0.114043,-0.153340,0.033346,0.274000,,,eodhd
run_20260429_080326_2366a3,NVDA,stock,M15,trend_momentum,ema_cross,adx_min=0|fast_period=10|rsi_confirm=True|slow_period=50,both,all,REJECT,29,0.137931,0.379265,-0.004104,-0.004104,-0.153340,-4.719320,-1.958529,0.029029,33.482759,-0.114043,-0.114043,-0.153340,0.033346,0.274000,,,eodhd
run_20260429_080326_2366a3,NVDA,stock,M15,trend_momentum,ema_cross,adx_min=20|fast_period=10|rsi_confirm=False|slow_period=50,both,all,REJECT,28,0.142857,0.390663,-0.004050,-0.004050,-0.148578,-4.513414,-1.866888,0.028028,34.250000,-0.109060,-0.109060,-0.148578,0.033346,0.268000,,,eodhd
run_20260429_080326_2366a3,NVDA,stock,M15,trend_momentum,ema_cross,adx_min=20|fast_period=10|rsi_confirm=True|slow_period=50,both,all,REJECT,28,0.142857,0.390663,-0.004050,-0.004050,-0.148578,-4.513414,-1.866888,0.028028,34.250000,-0.109060,-0.109060,-0.148578,0.033346,0.268000,,,eodhd
run_20260429_080326_2366a3,NVDA,stock,M15,trend_momentum,ema_cross,adx_min=25|fast_period=10|rsi_confirm=False|slow_period=50,both,all,REJECT,25,0.160000,0.473791,-0.003230,-0.003230,-0.140070,-3.467486,-1.405894,0.025025,35.720000,-0.079210,-0.079210,-0.140070,0.057401,0.250000,,,eodhd
run_20260429_080326_2366a3,NVDA,stock,M15,trend_momentum,ema_cross,adx_min=25|fast_period=10|rsi_confirm=True|slow_period=50,both,all,REJECT,25,0.160000,0.473791,-0.003230,-0.003230,-0.140070,-3.467486,-1.405894,0.025025,35.720000,-0.079210,-0.079210,-0.140070,0.057401,0.250000,,,eodhd
run_20260429_080326_2366a3,NVDA,stock,M15,trend_momentum,ema_cross,adx_min=0|fast_period=10|rsi_confirm=False|slow_period=100,both,all,REJECT,23,0.130435,0.081361,-0.009605,-0.009605,-0.199722,-9.317574,-5.505520,0.023023,38.086957,-0.199722,-0.199722,-0.175045,-0.032157,0.293112,,,eodhd
run_20260429_080326_2366a3,NVDA,stock,M15,trend_momentum,ema_cross,adx_min=0|fast_period=10|rsi_confirm=True|slow_period=100,both,all,REJECT,23,0.130435,0.081361,-0.009605,-0.009605,-0.199722,-9.317574,-5.505520,0.023023,38.086957,-0.199722,-0.199722,-0.175045,-0.032157,0.293112,,,eodhd
run_20260429_080326_2366a3,NVDA,stock,M15,trend_momentum,ema_cross,adx_min=20|fast_period=10|rsi_confirm=False|slow_period=100,both,all,REJECT,22,0.136364,0.083299,-0.009787,-0.009787,-0.195221,-9.119139,-5.396702,0.022022,39.272727,-0.195221,-0.195221,-0.170405,-0.032157,0.288612,,,eodhd
run_20260429_080326_2366a3,NVDA,stock,M15,trend_momentum,ema_cross,adx_min=20|fast_period=10|rsi_confirm=True|slow_period=100,both,all,REJECT,22,0.136364,0.083299,-0.009787,-0.009787,-0.195221,-9.119139,-5.396702,0.022022,39.272727,-0.195221,-0.195221,-0.170405,-0.032157,0.288612,,,eodhd
run_20260429_080326_2366a3,NVDA,stock,M15,trend_momentum,ema_cross,adx_min=25|fast_period=10|rsi_confirm=False|slow_period=100,both,all,REJECT,22,0.136364,0.083299,-0.009787,-0.009787,-0.195221,-9.119139,-5.396702,0.022022,39.272727,-0.195221,-0.195221,-0.170405,-0.032157,0.288612,,,eodhd
run_20260429_080326_2366a3,NVDA,stock,M15,trend_momentum,ema_cross,adx_min=25|fast_period=10|rsi_confirm=True|slow_period=100,both,all,REJECT,22,0.136364,0.083299,-0.009787,-0.009787,-0.195221,-9.119139,-5.396702,0.022022,39.272727,-0.195221,-0.195221,-0.170405,-0.032157,0.288612,,,eodhd
run_20260429_080326_2366a3,NVDA,stock,M15,trend_momentum,ema_cross,adx_min=0|fast_period=10|rsi_confirm=False|slow_period=200,both,all,NEEDS_MORE_DATA,17,,,,,,,,,,,,,,,,only 17 trades < min 20,eodhd
run_20260429_080326_2366a3,NVDA,stock,M15,trend_momentum,ema_cross,adx_min=0|fast_period=10|rsi_confirm=True|slow_period=200,both,all,NEEDS_MORE_DATA,17,,,,,,,,,,,,,,,,only 17 trades < min 20,eodhd
run_20260429_080326_2366a3,NVDA,stock,M15,trend_momentum,ema_cross,adx_min=20|fast_period=10|rsi_confirm=False|slow_period=200,both,all,NEEDS_MORE_DATA,16,,,,,,,,,,,,,,,,only 16 trades < min 20,eodhd
run_20260429_080326_2366a3,NVDA,stock,M15,trend_momentum,ema_cross,adx_min=20|fast_period=10|rsi_confirm=True|slow_period=200,both,all,NEEDS_MORE_DATA,16,,,,,,,,,,,,,,,,only 16 trades < min 20,eodhd
run_20260429_080326_2366a3,NVDA,stock,M15,trend_momentum,ema_cross,adx_min=25|fast_period=10|rsi_confirm=False|slow_period=200,both,all,NEEDS_MORE_DATA,16,,,,,,,,,,,,,,,,only 16 trades < min 20,eodhd
run_20260429_080326_2366a3,NVDA,stock,M15,trend_momentum,ema_cross,adx_min=25|fast_period=10|rsi_confirm=True|slow_period=200,both,all,NEEDS_MORE_DATA,16,,,,,,,,,,,,,,,,only 16 trades < min 20,eodhd
run_20260429_080326_2366a3,NVDA,stock,M15,trend_momentum,ema_cross,adx_min=0|fast_period=20|rsi_confirm=False|slow_period=50,both,all,REJECT,23,0.130435,0.163686,-0.009079,-0.009079,-0.203959,-7.647551,-3.791818,0.023023,42.217391,-0.190472,-0.190472,-0.203959,0.006083,0.238000,,,eodhd
run_20260429_080326_2366a3,NVDA,stock,M15,trend_momentum,ema_cross,adx_min=0|fast_period=20|rsi_confirm=True|slow_period=50,both,all,REJECT,23,0.130435,0.163686,-0.009079,-0.009079,-0.203959,-7.647551,-3.791818,0.023023,42.217391,-0.190472,-0.190472,-0.203959,0.006083,0.238000,,,eodhd
run_20260429_080326_2366a3,NVDA,stock,M15,trend_momentum,ema_cross,adx_min=20|fast_period=20|rsi_confirm=False|slow_period=50,both,all,REJECT,21,0.142857,0.185606,-0.008539,-0.008539,-0.199094,-6.992006,-3.382511,0.021021,44.952381,-0.165997,-0.165997,-0.199094,0.030204,0.226000,,,eodhd
run_20260429_080326_2366a3,NVDA,stock,M15,trend_momentum,ema_cross,adx_min=20|fast_period=20|rsi_confirm=True|slow_period=50,both,all,REJECT,21,0.142857,0.185606,-0.008539,-0.008539,-0.199094,-6.992006,-3.382511,0.021021,44.952381,-0.165997,-0.165997,-0.199094,0.030204,0.226000,,,eodhd
run_20260429_080326_2366a3,NVDA,stock,M15,trend_momentum,ema_cross,adx_min=25|fast_period=20|rsi_confirm=False|slow_period=50,both,all,REJECT,20,0.100000,0.073652,-0.010199,-0.010199,-0.199094,-8.601353,-5.027636,0.020020,41.550000,-0.186059,-0.186059,-0.199094,0.005231,0.220000,,,eodhd
run_20260429_080326_2366a3,NVDA,stock,M15,trend_momentum,ema_cross,adx_min=25|fast_period=20|rsi_confirm=True|slow_period=50,both,all,REJECT,20,0.100000,0.073652,-0.010199,-0.010199,-0.199094,-8.601353,-5.027636,0.020020,41.550000,-0.186059,-0.186059,-0.199094,0.005231,0.220000,,,eodhd
run_20260429_080326_2366a3,NVDA,stock,M15,trend_momentum,ema_cross,adx_min=0|fast_period=20|rsi_confirm=False|slow_period=100,both,all,NEEDS_MORE_DATA,19,,,,,,,,,,,,,,,,only 19 trades < min 20,eodhd
run_20260429_080326_2366a3,NVDA,stock,M15,trend_momentum,ema_cross,adx_min=0|fast_period=20|rsi_confirm=True|slow_period=100,both,all,NEEDS_MORE_DATA,19,,,,,,,,,,,,,,,,only 19 trades < min 20,eodhd
run_20260429_080326_2366a3,NVDA,stock,M15,trend_momentum,ema_cross,adx_min=20|fast_period=20|rsi_confirm=False|slow_period=100,both,all,NEEDS_MORE_DATA,18,,,,,,,,,,,,,,,,only 18 trades < min 20,eodhd
run_20260429_080326_2366a3,NVDA,stock,M15,trend_momentum,ema_cross,adx_min=20|fast_period=20|rsi_confirm=True|slow_period=100,both,all,NEEDS_MORE_DATA,18,,,,,,,,,,,,,,,,only 18 trades < min 20,eodhd
run_20260429_080326_2366a3,NVDA,stock,M15,trend_momentum,ema_cross,adx_min=25|fast_period=20|rsi_confirm=False|slow_period=100,both,all,NEEDS_MORE_DATA,18,,,,,,,,,,,,,,,,only 18 trades < min 20,eodhd
run_20260429_080326_2366a3,NVDA,stock,M15,trend_momentum,ema_cross,adx_min=25|fast_period=20|rsi_confirm=True|slow_period=100,both,all,NEEDS_MORE_DATA,18,,,,,,,,,,,,,,,,only 18 trades < min 20,eodhd
run_20260429_080326_2366a3,NVDA,stock,M15,trend_momentum,ema_cross,adx_min=0|fast_period=20|rsi_confirm=False|slow_period=200,both,all,NEEDS_MORE_DATA,17,,,,,,,,,,,,,,,,only 17 trades < min 20,eodhd
run_20260429_080326_2366a3,NVDA,stock,M15,trend_momentum,ema_cross,adx_min=0|fast_period=20|rsi_confirm=True|slow_period=200,both,all,NEEDS_MORE_DATA,17,,,,,,,,,,,,,,,,only 17 trades < min 20,eodhd
run_20260429_080326_2366a3,NVDA,stock,M15,trend_momentum,ema_cross,adx_min=20|fast_period=20|rsi_confirm=False|slow_period=200,both,all,NEEDS_MORE_DATA,16,,,,,,,,,,,,,,,,only 16 trades < min 20,eodhd
run_20260429_080326_2366a3,NVDA,stock,M15,trend_momentum,ema_cross,adx_min=20|fast_period=20|rsi_confirm=True|slow_period=200,both,all,NEEDS_MORE_DATA,16,,,,,,,,,,,,,,,,only 16 trades < min 20,eodhd
run_20260429_080326_2366a3,NVDA,stock,M15,trend_momentum,ema_cross,adx_min=25|fast_period=20|rsi_confirm=False|slow_period=200,both,all,NEEDS_MORE_DATA,16,,,,,,,,,,,,,,,,only 16 trades < min 20,eodhd
run_20260429_080326_2366a3,NVDA,stock,M15,trend_momentum,ema_cross,adx_min=25|fast_period=20|rsi_confirm=True|slow_period=200,both,all,NEEDS_MORE_DATA,16,,,,,,,,,,,,,,,,only 16 trades < min 20,eodhd
run_20260429_080326_2366a3,NVDA,stock,M15,trend_momentum,ema_alignment,adx_min=0|ema_long=200|ema_mid=50|ema_short=20,both,all,REJECT,23,0.086957,0.119675,-0.004754,-0.004754,-0.104059,-8.660098,-4.720038,0.023023,16.956522,-0.104059,-0.104059,-0.099915,-0.004604,0.251824,,,eodhd
run_20260429_080326_2366a3,NVDA,stock,M15,trend_momentum,ema_alignment,adx_min=20|ema_long=200|ema_mid=50|ema_short=20,both,all,REJECT,22,0.090909,0.126817,-0.004652,-0.004652,-0.097747,-8.301998,-4.445159,0.022022,17.409091,-0.097747,-0.097747,-0.093574,-0.004604,0.246761,,,eodhd
run_20260429_080326_2366a3,NVDA,stock,M15,trend_momentum,ema_alignment,adx_min=25|ema_long=200|ema_mid=50|ema_short=20,both,all,REJECT,21,0.095238,0.133092,-0.004611,-0.004611,-0.092726,-8.036266,-4.270427,0.021021,17.904762,-0.092726,-0.092726,-0.088292,-0.004863,0.242522,,,eodhd
run_20260429_080326_2366a3,NVDA,stock,M15,trend_momentum,macd_direction,adx_min=0|fast=12|signal_period=9|slow=26,both,all,REJECT,76,0.250000,0.294091,-0.004159,-0.004159,-0.299259,-9.436683,-4.035052,0.076076,12.986842,-0.273743,-0.273743,-0.058568,-0.231293,0.436364,,,eodhd
run_20260429_080326_2366a3,NVDA,stock,M15,trend_momentum,macd_direction,adx_min=20|fast=12|signal_period=9|slow=26,both,all,REJECT,69,0.260870,0.324187,-0.003847,-0.003847,-0.264888,-8.449990,-3.574396,0.069069,13.463768,-0.235642,-0.235642,-0.055507,-0.193588,0.420000,,,eodhd
run_20260429_080326_2366a3,NVDA,stock,M15,pullback,pullback_ema,pullback_period=20|rsi_reclaim=False|rsi_threshold=50|trend_period=200,both,all,REJECT,50,0.140000,0.226269,-0.002985,-0.002985,-0.139296,-9.771541,-4.489206,0.050050,7.500000,-0.139296,-0.139296,-0.093726,-0.050282,0.560943,,,eodhd
run_20260429_080326_2366a3,NVDA,stock,M15,pullback,pullback_ema,pullback_period=20|rsi_reclaim=True|rsi_threshold=50|trend_period=200,both,all,REJECT,47,0.148936,0.238941,-0.002957,-0.002957,-0.130431,-9.201109,-4.184288,0.047047,7.893617,-0.130431,-0.130431,-0.088030,-0.046494,0.540450,,,eodhd
run_20260429_080326_2366a3,NVDA,stock,M15,pullback,pullback_ema,pullback_period=50|rsi_reclaim=False|rsi_threshold=50|trend_period=200,both,all,REJECT,35,0.114286,0.080378,-0.003602,-0.003602,-0.118827,-11.103325,-6.253032,0.035035,12.257143,-0.118827,-0.118827,-0.092225,-0.029716,0.439996,,,eodhd
run_20260429_080326_2366a3,NVDA,stock,M15,pullback,pullback_ema,pullback_period=50|rsi_reclaim=True|rsi_threshold=50|trend_period=200,both,all,NEEDS_MORE_DATA,16,,,,,,,,,,,,,,1.000000,,only 16 trades < min 20,eodhd
run_20260429_080326_2366a3,NVDA,stock,M15,breakout,prev_day_hl,atr_expand_min=0.0,both,all,NEEDS_MORE_DATA,0,,,,,,,,,,,,,,1.000000,,only 0 trades < min 20,eodhd
run_20260429_080326_2366a3,NVDA,stock,M15,breakout,prev_day_hl,atr_expand_min=0.5,both,all,NEEDS_MORE_DATA,0,,,,,,,,,,,,,,1.000000,,only 0 trades < min 20,eodhd
run_20260429_080326_2366a3,NVDA,stock,M15,breakout,prev_day_hl,atr_expand_min=1.0,both,all,NEEDS_MORE_DATA,0,,,,,,,,,,,,,,,,only 0 trades < min 20,eodhd
run_20260429_080326_2366a3,NVDA,stock,M15,breakout,session_opening_range,atr_expand_min=0.0|range_bars=6,both,all,REJECT,55,0.181818,0.152378,-0.007052,-0.007052,-0.324009,-11.677927,-5.692165,0.055055,17.545455,-0.324009,-0.324009,-0.204145,-0.141656,0.608169,,,eodhd
run_20260429_080326_2366a3,NVDA,stock,M15,breakout,session_opening_range,atr_expand_min=0.5|range_bars=6,both,all,REJECT,38,0.210526,0.170615,-0.006386,-0.006386,-0.217255,-9.304078,-4.455541,0.038038,18.526316,-0.217255,-0.217255,-0.167602,-0.049927,0.417367,,,eodhd
run_20260429_080326_2366a3,NVDA,stock,M15,breakout,session_opening_range,atr_expand_min=0.0|range_bars=12,both,all,REJECT,22,0.272727,0.326599,-0.005825,-0.005825,-0.122125,-5.086362,-2.188430,0.022022,43.545455,-0.122125,-0.122125,-0.072165,-0.042373,0.408153,,,eodhd
run_20260429_080326_2366a3,NVDA,stock,M15,breakout,session_opening_range,atr_expand_min=0.5|range_bars=12,both,all,REJECT,21,0.285714,0.337614,-0.005807,-0.005807,-0.116643,-4.858738,-2.080975,0.021021,44.333333,-0.116643,-0.116643,-0.073180,-0.035531,0.404991,,,eodhd
run_20260429_080326_2366a3,NVDA,stock,M15,breakout,london_breakout,atr_expand_min=0.0|utc_end=11|utc_start=7,both,all,NEEDS_MORE_DATA,12,,,,,,,,,,,,,,,,only 12 trades < min 20,eodhd
run_20260429_080326_2366a3,NVDA,stock,M15,breakout,london_breakout,atr_expand_min=0.5|utc_end=11|utc_start=7,both,all,NEEDS_MORE_DATA,4,,,,,,,,,,,,,,,,only 4 trades < min 20,eodhd
run_20260429_080326_2366a3,NVDA,stock,M15,breakout,ny_breakout,atr_expand_min=0.0|utc_end=16|utc_start=13,both,all,NEEDS_MORE_DATA,13,,,,,,,,,,,,,,1.000000,,only 13 trades < min 20,eodhd
run_20260429_080326_2366a3,NVDA,stock,M15,breakout,ny_breakout,atr_expand_min=0.5|utc_end=16|utc_start=13,both,all,NEEDS_MORE_DATA,12,,,,,,,,,,,,,,1.000000,,only 12 trades < min 20,eodhd
run_20260429_080326_2366a3,NVDA,stock,M15,mean_reversion,rsi_extreme,overbought=70|oversold=30|period=14,both,all,REJECT,20,0.600000,0.851700,-0.000585,-0.000585,-0.045420,-0.615120,-0.240652,0.020020,17.900000,-0.012822,-0.012822,0.012122,-0.024645,0.220000,,,eodhd
run_20260429_080326_2366a3,NVDA,stock,M15,mean_reversion,rsi_extreme,overbought=75|oversold=30|period=14,both,all,NEEDS_MORE_DATA,15,,,,,,,,,,,,,,,,only 15 trades < min 20,eodhd
run_20260429_080326_2366a3,NVDA,stock,M15,mean_reversion,rsi_extreme,overbought=70|oversold=25|period=14,both,all,NEEDS_MORE_DATA,18,,,,,,,,,,,,,,,,only 18 trades < min 20,eodhd
run_20260429_080326_2366a3,NVDA,stock,M15,mean_reversion,rsi_extreme,overbought=75|oversold=25|period=14,both,all,NEEDS_MORE_DATA,13,,,,,,,,,,,,,,,,only 13 trades < min 20,eodhd
run_20260429_080326_2366a3,NVDA,stock,M15,mean_reversion,bollinger_touch,num_std=2.0|period=20,both,all,REJECT,41,0.585366,0.818669,-0.000483,-0.000483,-0.079452,-0.957443,-0.374660,0.041041,15.341463,-0.020989,-0.020989,-0.032155,0.011538,0.412667,,,eodhd
run_20260429_080326_2366a3,NVDA,stock,M15,mean_reversion,vwap_deviation,std_threshold=1.5,both,all,NEEDS_MORE_DATA,14,,,,,,,,,,,,,,,,only 14 trades < min 20,eodhd
run_20260429_080326_2366a3,NVDA,stock,M15,mean_reversion,vwap_deviation,std_threshold=2.0,both,all,NEEDS_MORE_DATA,12,,,,,,,,,,,,,,,,only 12 trades < min 20,eodhd
run_20260429_080326_2366a3,NVDA,stock,M15,engine_b_proxy,ob_bos,require_engulf=False|require_vol_expand=False|swing_period=5,both,all,NEEDS_MORE_DATA,10,,,,,,,,,,,,,,,,only 10 trades < min 20,eodhd
run_20260429_080326_2366a3,NVDA,stock,M15,engine_b_proxy,ob_bos,require_engulf=False|require_vol_expand=True|swing_period=5,both,all,NEEDS_MORE_DATA,9,,,,,,,,,,,,,,,,only 9 trades < min 20,eodhd
run_20260429_080326_2366a3,NVDA,stock,M15,engine_b_proxy,ob_bos,require_engulf=True|require_vol_expand=False|swing_period=5,both,all,NEEDS_MORE_DATA,9,,,,,,,,,,,,,,,,only 9 trades < min 20,eodhd
run_20260429_080326_2366a3,NVDA,stock,M15,engine_b_proxy,ob_bos,require_engulf=True|require_vol_expand=True|swing_period=5,both,all,NEEDS_MORE_DATA,9,,,,,,,,,,,,,,,,only 9 trades < min 20,eodhd
run_20260429_080326_2366a3,NVDA,stock,M15,engine_b_proxy,ob_bos,require_engulf=False|require_vol_expand=False|swing_period=10,both,all,NEEDS_MORE_DATA,4,,,,,,,,,,,,,,,,only 4 trades < min 20,eodhd
run_20260429_080326_2366a3,NVDA,stock,M15,engine_b_proxy,ob_bos,require_engulf=False|require_vol_expand=True|swing_period=10,both,all,NEEDS_MORE_DATA,4,,,,,,,,,,,,,,,,only 4 trades < min 20,eodhd
run_20260429_080326_2366a3,NVDA,stock,M15,engine_b_proxy,ob_bos,require_engulf=True|require_vol_expand=False|swing_period=10,both,all,NEEDS_MORE_DATA,4,,,,,,,,,,,,,,,,only 4 trades < min 20,eodhd
run_20260429_080326_2366a3,NVDA,stock,M15,engine_b_proxy,ob_bos,require_engulf=True|require_vol_expand=True|swing_period=10,both,all,NEEDS_MORE_DATA,3,,,,,,,,,,,,,,,,only 3 trades < min 20,eodhd
run_20260429_080326_2366a3,NVDA,stock,M15,engine_b_proxy,structure_filters,fvg_detection=False|strong_close_pct=0.7,both,all,REJECT,246,0.215447,0.346628,-0.001930,-0.001930,-0.383804,-14.928797,-6.162239,0.246246,3.882114,-0.380035,-0.380035,-0.322070,-0.086346,0.513762,,,eodhd
run_20260429_080326_2366a3,NVDA,stock,M15,engine_b_proxy,structure_filters,fvg_detection=True|strong_close_pct=0.7,both,all,REJECT,28,0.214286,0.151803,-0.004318,-0.004318,-0.115385,-7.558404,-3.536120,0.028028,13.678571,-0.114634,-0.114634,-0.054603,-0.063498,0.519127,,,eodhd
run_20260429_080326_2366a3,NVDA,stock,M15,engine_b_proxy,structure_filters,fvg_detection=False|strong_close_pct=0.8,both,all,REJECT,177,0.242938,0.438172,-0.001812,-0.001812,-0.279843,-10.133686,-4.111575,0.177177,5.231638,-0.276755,-0.276755,-0.230253,-0.061278,0.513173,,,eodhd
run_20260429_080326_2366a3,NVDA,stock,M15,engine_b_proxy,structure_filters,fvg_detection=True|strong_close_pct=0.8,both,all,REJECT,22,0.181818,0.134402,-0.004632,-0.004632,-0.098340,-6.774389,-3.189258,0.022022,14.590909,-0.097575,-0.097575,-0.046018,-0.054043,0.479684,,,eodhd
run_20260429_080326_2366a3,AAPL,stock,M15,trend_momentum,ema_cross,adx_min=0|fast_period=10|rsi_confirm=False|slow_period=50,both,all,REJECT,25,0.080000,0.283965,-0.006875,-0.006875,-0.175297,-5.562931,-2.406162,0.025025,37.800000,-0.160560,-0.160560,-0.175297,-0.010813,0.268505,,,eodhd
run_20260429_080326_2366a3,AAPL,stock,M15,trend_momentum,ema_cross,adx_min=0|fast_period=10|rsi_confirm=True|slow_period=50,both,all,REJECT,24,0.083333,0.289893,-0.006957,-0.006957,-0.171229,-5.413803,-2.338382,0.024024,39.250000,-0.156419,-0.156419,-0.171229,-0.010813,0.262944,,,eodhd
run_20260429_080326_2366a3,AAPL,stock,M15,trend_momentum,ema_cross,adx_min=20|fast_period=10|rsi_confirm=False|slow_period=50,both,all,REJECT,23,0.086957,0.309455,-0.006613,-0.006613,-0.158745,-4.999967,-2.133919,0.023023,40.130435,-0.143712,-0.143712,-0.158745,-0.010813,0.258434,,,eodhd
run_20260429_080326_2366a3,AAPL,stock,M15,trend_momentum,ema_cross,adx_min=20|fast_period=10|rsi_confirm=True|slow_period=50,both,all,REJECT,22,0.090909,0.316508,-0.006691,-0.006691,-0.154596,-4.847690,-2.065686,0.022022,41.818182,-0.139488,-0.139488,-0.154596,-0.010813,0.252982,,,eodhd
run_20260429_080326_2366a3,AAPL,stock,M15,trend_momentum,ema_cross,adx_min=25|fast_period=10|rsi_confirm=False|slow_period=50,both,all,REJECT,23,0.086957,0.309455,-0.006613,-0.006613,-0.158745,-4.999967,-2.133919,0.023023,40.130435,-0.143712,-0.143712,-0.158745,-0.010813,0.258434,,,eodhd
run_20260429_080326_2366a3,AAPL,stock,M15,trend_momentum,ema_cross,adx_min=25|fast_period=10|rsi_confirm=True|slow_period=50,both,all,REJECT,22,0.090909,0.316508,-0.006691,-0.006691,-0.154596,-4.847690,-2.065686,0.022022,41.818182,-0.139488,-0.139488,-0.154596,-0.010813,0.252982,,,eodhd
run_20260429_080326_2366a3,AAPL,stock,M15,trend_momentum,ema_cross,adx_min=0|fast_period=10|rsi_confirm=False|slow_period=100,both,all,REJECT,29,0.068966,0.281384,-0.006195,-0.006195,-0.186700,-5.820161,-2.500475,0.029029,32.620690,-0.167065,-0.167065,-0.186700,-0.008142,0.287084,,,eodhd
run_20260429_080326_2366a3,AAPL,stock,M15,trend_momentum,ema_cross,adx_min=0|fast_period=10|rsi_confirm=True|slow_period=100,both,all,REJECT,28,0.071429,0.287020,-0.006241,-0.006241,-0.182688,-5.671468,-2.432646,0.028028,33.678571,-0.162956,-0.162956,-0.182688,-0.008142,0.281371,,,eodhd
run_20260429_080326_2366a3,AAPL,stock,M15,trend_momentum,ema_cross,adx_min=20|fast_period=10|rsi_confirm=False|slow_period=100,both,all,REJECT,27,0.074074,0.303072,-0.005991,-0.005991,-0.171945,-5.313890,-2.258792,0.027027,34.333333,-0.151954,-0.151954,-0.171945,-0.008142,0.276206,,,eodhd
run_20260429_080326_2366a3,AAPL,stock,M15,trend_momentum,ema_cross,adx_min=20|fast_period=10|rsi_confirm=True|slow_period=100,both,all,REJECT,26,0.076923,0.309619,-0.006033,-0.006033,-0.167861,-5.162386,-2.190588,0.026026,35.538462,-0.147770,-0.147770,-0.167861,-0.008142,0.270552,,,eodhd
run_20260429_080326_2366a3,AAPL,stock,M15,trend_momentum,ema_cross,adx_min=25|fast_period=10|rsi_confirm=False|slow_period=100,both,all,REJECT,27,0.074074,0.303072,-0.005991,-0.005991,-0.171945,-5.313890,-2.258792,0.027027,34.333333,-0.151954,-0.151954,-0.171945,-0.008142,0.276206,,,eodhd
run_20260429_080326_2366a3,AAPL,stock,M15,trend_momentum,ema_cross,adx_min=25|fast_period=10|rsi_confirm=True|slow_period=100,both,all,REJECT,26,0.076923,0.309619,-0.006033,-0.006033,-0.167861,-5.162386,-2.190588,0.026026,35.538462,-0.147770,-0.147770,-0.167861,-0.008142,0.270552,,,eodhd
run_20260429_080326_2366a3,AAPL,stock,M15,trend_momentum,ema_cross,adx_min=0|fast_period=10|rsi_confirm=False|slow_period=200,both,all,NEEDS_MORE_DATA,15,,,,,,,,,,,,,,,,only 15 trades < min 20,eodhd
run_20260429_080326_2366a3,AAPL,stock,M15,trend_momentum,ema_cross,adx_min=0|fast_period=10|rsi_confirm=True|slow_period=200,both,all,NEEDS_MORE_DATA,14,,,,,,,,,,,,,,,,only 14 trades < min 20,eodhd
run_20260429_080326_2366a3,AAPL,stock,M15,trend_momentum,ema_cross,adx_min=20|fast_period=10|rsi_confirm=False|slow_period=200,both,all,NEEDS_MORE_DATA,15,,,,,,,,,,,,,,,,only 15 trades < min 20,eodhd
run_20260429_080326_2366a3,AAPL,stock,M15,trend_momentum,ema_cross,adx_min=20|fast_period=10|rsi_confirm=True|slow_period=200,both,all,NEEDS_MORE_DATA,14,,,,,,,,,,,,,,,,only 14 trades < min 20,eodhd
run_20260429_080326_2366a3,AAPL,stock,M15,trend_momentum,ema_cross,adx_min=25|fast_period=10|rsi_confirm=False|slow_period=200,both,all,NEEDS_MORE_DATA,15,,,,,,,,,,,,,,,,only 15 trades < min 20,eodhd
run_20260429_080326_2366a3,AAPL,stock,M15,trend_momentum,ema_cross,adx_min=25|fast_period=10|rsi_confirm=True|slow_period=200,both,all,NEEDS_MORE_DATA,14,,,,,,,,,,,,,,,,only 14 trades < min 20,eodhd
run_20260429_080326_2366a3,AAPL,stock,M15,trend_momentum,ema_cross,adx_min=0|fast_period=20|rsi_confirm=False|slow_period=50,both,all,REJECT,23,0.086957,0.427341,-0.004063,-0.004063,-0.109650,-3.815448,-1.566338,0.023023,41.260870,-0.090986,-0.090986,-0.109650,-0.010186,0.265868,,,eodhd
run_20260429_080326_2366a3,AAPL,stock,M15,trend_momentum,ema_cross,adx_min=0|fast_period=20|rsi_confirm=True|slow_period=50,both,all,REJECT,22,0.090909,0.440595,-0.004025,-0.004025,-0.105258,-3.625894,-1.484283,0.022022,43.000000,-0.086502,-0.086502,-0.105258,-0.010186,0.261031,,,eodhd
run_20260429_080326_2366a3,AAPL,stock,M15,trend_momentum,ema_cross,adx_min=20|fast_period=20|rsi_confirm=False|slow_period=50,both,all,REJECT,22,0.090909,0.458229,-0.003748,-0.003748,-0.099747,-3.418963,-1.392037,0.022022,42.681818,-0.080875,-0.080875,-0.099747,-0.010186,0.262635,,,eodhd
run_20260429_080326_2366a3,AAPL,stock,M15,trend_momentum,ema_cross,adx_min=20|fast_period=20|rsi_confirm=True|slow_period=50,both,all,REJECT,21,0.095238,0.473501,-0.003692,-0.003692,-0.095306,-3.225427,-1.309483,0.021021,44.571429,-0.076341,-0.076341,-0.095306,-0.010186,0.258063,,,eodhd
run_20260429_080326_2366a3,AAPL,stock,M15,trend_momentum,ema_cross,adx_min=25|fast_period=20|rsi_confirm=False|slow_period=50,both,all,REJECT,21,0.095238,0.498617,-0.003339,-0.003339,-0.088511,-2.966807,-1.197143,0.021021,44.190476,-0.069404,-0.069404,-0.088511,-0.010186,0.260524,,,eodhd
run_20260429_080326_2366a3,AAPL,stock,M15,trend_momentum,ema_cross,adx_min=25|fast_period=20|rsi_confirm=True|slow_period=50,both,all,REJECT,20,0.100000,0.516754,-0.003261,-0.003261,-0.084015,-2.768119,-1.113813,0.020020,46.250000,-0.064813,-0.064813,-0.084015,-0.010186,0.256372,,,eodhd
run_20260429_080326_2366a3,AAPL,stock,M15,trend_momentum,ema_cross,adx_min=0|fast_period=20|rsi_confirm=False|slow_period=100,both,all,NEEDS_MORE_DATA,17,,,,,,,,,,,,,,,,only 17 trades < min 20,eodhd
run_20260429_080326_2366a3,AAPL,stock,M15,trend_momentum,ema_cross,adx_min=0|fast_period=20|rsi_confirm=True|slow_period=100,both,all,NEEDS_MORE_DATA,16,,,,,,,,,,,,,,,,only 16 trades < min 20,eodhd
run_20260429_080326_2366a3,AAPL,stock,M15,trend_momentum,ema_cross,adx_min=20|fast_period=20|rsi_confirm=False|slow_period=100,both,all,NEEDS_MORE_DATA,15,,,,,,,,,,,,,,,,only 15 trades < min 20,eodhd
run_20260429_080326_2366a3,AAPL,stock,M15,trend_momentum,ema_cross,adx_min=20|fast_period=20|rsi_confirm=True|slow_period=100,both,all,NEEDS_MORE_DATA,14,,,,,,,,,,,,,,,,only 14 trades < min 20,eodhd
run_20260429_080326_2366a3,AAPL,stock,M15,trend_momentum,ema_cross,adx_min=25|fast_period=20|rsi_confirm=False|slow_period=100,both,all,NEEDS_MORE_DATA,14,,,,,,,,,,,,,,,,only 14 trades < min 20,eodhd
run_20260429_080326_2366a3,AAPL,stock,M15,trend_momentum,ema_cross,adx_min=25|fast_period=20|rsi_confirm=True|slow_period=100,both,all,NEEDS_MORE_DATA,13,,,,,,,,,,,,,,,,only 13 trades < min 20,eodhd
run_20260429_080326_2366a3,AAPL,stock,M15,trend_momentum,ema_cross,adx_min=0|fast_period=20|rsi_confirm=False|slow_period=200,both,all,NEEDS_MORE_DATA,13,,,,,,,,,,,,,,,,only 13 trades < min 20,eodhd
run_20260429_080326_2366a3,AAPL,stock,M15,trend_momentum,ema_cross,adx_min=0|fast_period=20|rsi_confirm=True|slow_period=200,both,all,NEEDS_MORE_DATA,12,,,,,,,,,,,,,,,,only 12 trades < min 20,eodhd
run_20260429_080326_2366a3,AAPL,stock,M15,trend_momentum,ema_cross,adx_min=20|fast_period=20|rsi_confirm=False|slow_period=200,both,all,NEEDS_MORE_DATA,13,,,,,,,,,,,,,,,,only 13 trades < min 20,eodhd
run_20260429_080326_2366a3,AAPL,stock,M15,trend_momentum,ema_cross,adx_min=20|fast_period=20|rsi_confirm=True|slow_period=200,both,all,NEEDS_MORE_DATA,12,,,,,,,,,,,,,,,,only 12 trades < min 20,eodhd
run_20260429_080326_2366a3,AAPL,stock,M15,trend_momentum,ema_cross,adx_min=25|fast_period=20|rsi_confirm=False|slow_period=200,both,all,NEEDS_MORE_DATA,13,,,,,,,,,,,,,,,,only 13 trades < min 20,eodhd
run_20260429_080326_2366a3,AAPL,stock,M15,trend_momentum,ema_cross,adx_min=25|fast_period=20|rsi_confirm=True|slow_period=200,both,all,NEEDS_MORE_DATA,12,,,,,,,,,,,,,,,,only 12 trades < min 20,eodhd
run_20260429_080326_2366a3,AAPL,stock,M15,trend_momentum,ema_alignment,adx_min=0|ema_long=200|ema_mid=50|ema_short=20,both,all,REJECT,23,0.130435,0.462741,-0.003479,-0.003479,-0.101986,-3.291186,-1.333450,0.023023,23.739130,-0.078683,-0.078683,-0.101986,0.026133,0.238000,,,eodhd
run_20260429_080326_2366a3,AAPL,stock,M15,trend_momentum,ema_alignment,adx_min=20|ema_long=200|ema_mid=50|ema_short=20,both,all,REJECT,22,0.136364,0.485342,-0.003322,-0.003322,-0.101986,-3.024338,-1.219988,0.022022,24.318182,-0.072249,-0.072249,-0.101986,0.033300,0.232000,,,eodhd
run_20260429_080326_2366a3,AAPL,stock,M15,trend_momentum,ema_alignment,adx_min=25|ema_long=200|ema_mid=50|ema_short=20,both,all,REJECT,22,0.136364,0.485342,-0.003322,-0.003322,-0.101986,-3.024338,-1.219988,0.022022,24.318182,-0.072249,-0.072249,-0.101986,0.033300,0.232000,,,eodhd
run_20260429_080326_2366a3,AAPL,stock,M15,trend_momentum,macd_direction,adx_min=0|fast=12|signal_period=9|slow=26,both,all,REJECT,88,0.170455,0.104939,-0.004444,-0.004444,-0.325275,-14.732922,-7.102624,0.088088,11.250000,-0.325275,-0.325275,-0.227737,-0.122248,0.597402,,,eodhd
run_20260429_080326_2366a3,AAPL,stock,M15,trend_momentum,macd_direction,adx_min=20|fast=12|signal_period=9|slow=26,both,all,REJECT,85,0.176471,0.108833,-0.004436,-0.004436,-0.315745,-14.305593,-6.859637,0.085085,11.176471,-0.315745,-0.315745,-0.225147,-0.112825,0.570334,,,eodhd
run_20260429_080326_2366a3,AAPL,stock,M15,pullback,pullback_ema,pullback_period=20|rsi_reclaim=False|rsi_threshold=50|trend_period=200,both,all,REJECT,66,0.121212,0.186521,-0.003334,-0.003334,-0.198680,-10.705734,-4.821540,0.066066,9.000000,-0.198680,-0.198680,-0.193562,-0.006347,0.409837,,,eodhd
run_20260429_080326_2366a3,AAPL,stock,M15,pullback,pullback_ema,pullback_period=20|rsi_reclaim=True|rsi_threshold=50|trend_period=200,both,all,REJECT,60,0.133333,0.201037,-0.003342,-0.003342,-0.182846,-9.861186,-4.397490,0.060060,9.650000,-0.182846,-0.182846,-0.177627,-0.006347,0.410719,,,eodhd
run_20260429_080326_2366a3,AAPL,stock,M15,pullback,pullback_ema,pullback_period=50|rsi_reclaim=False|rsi_threshold=50|trend_period=200,both,all,REJECT,41,0.097561,0.371496,-0.003386,-0.003386,-0.153681,-5.056012,-2.072051,0.041041,18.195122,-0.131759,-0.131759,-0.153681,-0.015342,0.409282,,,eodhd
run_20260429_080326_2366a3,AAPL,stock,M15,pullback,pullback_ema,pullback_period=50|rsi_reclaim=True|rsi_threshold=50|trend_period=200,both,all,REJECT,33,0.090909,0.287608,-0.004253,-0.004253,-0.160558,-5.542445,-2.331338,0.033033,17.636364,-0.132776,-0.132776,-0.160558,-0.008438,0.313765,,,eodhd
run_20260429_080326_2366a3,AAPL,stock,M15,breakout,prev_day_hl,atr_expand_min=0.0,both,all,NEEDS_MORE_DATA,1,,,,,,,,,,,,,,1.000000,,only 1 trades < min 20,eodhd
run_20260429_080326_2366a3,AAPL,stock,M15,breakout,prev_day_hl,atr_expand_min=0.5,both,all,NEEDS_MORE_DATA,1,,,,,,,,,,,,,,1.000000,,only 1 trades < min 20,eodhd
run_20260429_080326_2366a3,AAPL,stock,M15,breakout,prev_day_hl,atr_expand_min=1.0,both,all,NEEDS_MORE_DATA,1,,,,,,,,,,,,,,,,only 1 trades < min 20,eodhd
run_20260429_080326_2366a3,AAPL,stock,M15,breakout,session_opening_range,atr_expand_min=0.0|range_bars=6,both,all,REJECT,48,0.208333,0.264003,-0.003829,-0.003829,-0.168940,-9.407978,-4.295642,0.048048,20.166667,-0.168940,-0.168940,-0.151939,-0.024086,0.435557,,,eodhd
run_20260429_080326_2366a3,AAPL,stock,M15,breakout,session_opening_range,atr_expand_min=0.5|range_bars=6,both,all,REJECT,41,0.219512,0.300529,-0.003556,-0.003556,-0.136611,-8.051254,-3.587794,0.041041,21.073171,-0.136611,-0.136611,-0.128615,-0.015203,0.381462,,,eodhd
run_20260429_080326_2366a3,AAPL,stock,M15,breakout,session_opening_range,atr_expand_min=0.0|range_bars=12,both,all,REJECT,22,0.181818,0.546037,-0.002470,-0.002470,-0.071974,-2.418377,-0.964116,0.022022,41.454545,-0.054429,-0.054429,-0.071974,0.015017,0.232000,,,eodhd
run_20260429_080326_2366a3,AAPL,stock,M15,breakout,session_opening_range,atr_expand_min=0.5|range_bars=12,both,all,REJECT,22,0.181818,0.546037,-0.002470,-0.002470,-0.071974,-2.418377,-0.964116,0.022022,41.454545,-0.054429,-0.054429,-0.071974,0.013167,0.265333,,,eodhd
run_20260429_080326_2366a3,AAPL,stock,M15,breakout,london_breakout,atr_expand_min=0.0|utc_end=11|utc_start=7,both,all,NEEDS_MORE_DATA,12,,,,,,,,,,,,,,,,only 12 trades < min 20,eodhd
run_20260429_080326_2366a3,AAPL,stock,M15,breakout,london_breakout,atr_expand_min=0.5|utc_end=11|utc_start=7,both,all,NEEDS_MORE_DATA,7,,,,,,,,,,,,,,,,only 7 trades < min 20,eodhd
run_20260429_080326_2366a3,AAPL,stock,M15,breakout,ny_breakout,atr_expand_min=0.0|utc_end=16|utc_start=13,both,all,NEEDS_MORE_DATA,15,,,,,,,,,,,,,,1.000000,,only 15 trades < min 20,eodhd
run_20260429_080326_2366a3,AAPL,stock,M15,breakout,ny_breakout,atr_expand_min=0.5|utc_end=16|utc_start=13,both,all,NEEDS_MORE_DATA,15,,,,,,,,,,,,,,1.000000,,only 15 trades < min 20,eodhd
run_20260429_080326_2366a3,AAPL,stock,M15,mean_reversion,rsi_extreme,overbought=70|oversold=30|period=14,both,all,NEEDS_MORE_DATA,16,,,,,,,,,,,,,,1.000000,,only 16 trades < min 20,eodhd
run_20260429_080326_2366a3,AAPL,stock,M15,mean_reversion,rsi_extreme,overbought=75|oversold=30|period=14,both,all,NEEDS_MORE_DATA,13,,,,,,,,,,,,,,,,only 13 trades < min 20,eodhd
run_20260429_080326_2366a3,AAPL,stock,M15,mean_reversion,rsi_extreme,overbought=70|oversold=25|period=14,both,all,NEEDS_MORE_DATA,14,,,,,,,,,,,,,,,,only 14 trades < min 20,eodhd
run_20260429_080326_2366a3,AAPL,stock,M15,mean_reversion,rsi_extreme,overbought=75|oversold=25|period=14,both,all,NEEDS_MORE_DATA,11,,,,,,,,,,,,,,,,only 11 trades < min 20,eodhd
run_20260429_080326_2366a3,AAPL,stock,M15,mean_reversion,vwap_deviation,std_threshold=1.5,both,all,NEEDS_MORE_DATA,5,,,,,,,,,,,,,,,,only 5 trades < min 20,eodhd
run_20260429_080326_2366a3,AAPL,stock,M15,mean_reversion,vwap_deviation,std_threshold=2.0,both,all,NEEDS_MORE_DATA,2,,,,,,,,,,,,,,,,only 2 trades < min 20,eodhd
run_20260429_080326_2366a3,AAPL,stock,M15,engine_b_proxy,ob_bos,require_engulf=False|require_vol_expand=False|swing_period=5,both,all,NEEDS_MORE_DATA,16,,,,,,,,,,,,,,,,only 16 trades < min 20,eodhd
run_20260429_080326_2366a3,AAPL,stock,M15,engine_b_proxy,ob_bos,require_engulf=False|require_vol_expand=True|swing_period=5,both,all,NEEDS_MORE_DATA,15,,,,,,,,,,,,,,,,only 15 trades < min 20,eodhd
run_20260429_080326_2366a3,AAPL,stock,M15,engine_b_proxy,ob_bos,require_engulf=True|require_vol_expand=False|swing_period=5,both,all,NEEDS_MORE_DATA,16,,,,,,,,,,,,,,,,only 16 trades < min 20,eodhd
run_20260429_080326_2366a3,AAPL,stock,M15,engine_b_proxy,ob_bos,require_engulf=True|require_vol_expand=True|swing_period=5,both,all,NEEDS_MORE_DATA,15,,,,,,,,,,,,,,,,only 15 trades < min 20,eodhd
run_20260429_080326_2366a3,AAPL,stock,M15,engine_b_proxy,ob_bos,require_engulf=False|require_vol_expand=False|swing_period=10,both,all,NEEDS_MORE_DATA,5,,,,,,,,,,,,,,,,only 5 trades < min 20,eodhd
run_20260429_080326_2366a3,AAPL,stock,M15,engine_b_proxy,ob_bos,require_engulf=False|require_vol_expand=True|swing_period=10,both,all,NEEDS_MORE_DATA,5,,,,,,,,,,,,,,,,only 5 trades < min 20,eodhd
run_20260429_080326_2366a3,AAPL,stock,M15,engine_b_proxy,ob_bos,require_engulf=True|require_vol_expand=False|swing_period=10,both,all,NEEDS_MORE_DATA,5,,,,,,,,,,,,,,,,only 5 trades < min 20,eodhd
run_20260429_080326_2366a3,AAPL,stock,M15,engine_b_proxy,ob_bos,require_engulf=True|require_vol_expand=True|swing_period=10,both,all,NEEDS_MORE_DATA,5,,,,,,,,,,,,,,,,only 5 trades < min 20,eodhd
run_20260429_080326_2366a3,AAPL,stock,M15,engine_b_proxy,structure_filters,fvg_detection=False|strong_close_pct=0.7,both,all,REJECT,267,0.116105,0.153552,-0.002743,-0.002743,-0.523599,-27.617150,-13.078736,0.267267,3.524345,-0.520510,-0.520510,-0.445844,-0.135204,0.524310,,,eodhd
run_20260429_080326_2366a3,AAPL,stock,M15,engine_b_proxy,structure_filters,fvg_detection=True|strong_close_pct=0.7,both,all,REJECT,31,0.161290,0.220506,-0.003296,-0.003296,-0.097911,-6.348313,-2.759536,0.031031,16.709677,-0.097911,-0.097911,-0.073258,-0.026523,0.394614,,,eodhd
run_20260429_080326_2366a3,AAPL,stock,M15,engine_b_proxy,structure_filters,fvg_detection=False|strong_close_pct=0.8,both,all,REJECT,202,0.123762,0.160557,-0.002992,-0.002992,-0.455145,-21.046296,-9.603696,0.202202,4.396040,-0.455145,-0.455145,-0.404154,-0.084468,0.496033,,,eodhd
run_20260429_080326_2366a3,AAPL,stock,M15,engine_b_proxy,structure_filters,fvg_detection=True|strong_close_pct=0.8,both,all,REJECT,23,0.217391,0.274983,-0.003313,-0.003313,-0.080164,-4.911927,-2.089304,0.023023,19.347826,-0.074120,-0.074120,-0.053376,-0.019485,0.347516,,,eodhd
run_20260429_080326_2366a3,MSFT,stock,M15,trend_momentum,ema_cross,adx_min=0|fast_period=10|rsi_confirm=False|slow_period=50,both,all,REJECT,21,0.285714,0.240714,-0.008670,-0.008670,-0.172586,-5.002308,-2.155553,0.021021,44.238095,-0.170185,-0.170185,-0.017900,-0.154742,0.226000,,,eodhd
run_20260429_080326_2366a3,MSFT,stock,M15,trend_momentum,ema_cross,adx_min=0|fast_period=10|rsi_confirm=True|slow_period=50,both,all,REJECT,21,0.285714,0.240714,-0.008670,-0.008670,-0.172586,-5.002308,-2.155553,0.021021,44.238095,-0.170185,-0.170185,-0.017900,-0.154742,0.226000,,,eodhd
run_20260429_080326_2366a3,MSFT,stock,M15,trend_momentum,ema_cross,adx_min=20|fast_period=10|rsi_confirm=False|slow_period=50,both,all,NEEDS_MORE_DATA,19,,,,,,,,,,,,,,1.000000,,only 19 trades < min 20,eodhd
run_20260429_080326_2366a3,MSFT,stock,M15,trend_momentum,ema_cross,adx_min=20|fast_period=10|rsi_confirm=True|slow_period=50,both,all,NEEDS_MORE_DATA,19,,,,,,,,,,,,,,1.000000,,only 19 trades < min 20,eodhd
run_20260429_080326_2366a3,MSFT,stock,M15,trend_momentum,ema_cross,adx_min=25|fast_period=10|rsi_confirm=False|slow_period=50,both,all,NEEDS_MORE_DATA,16,,,,,,,,,,,,,,1.000000,,only 16 trades < min 20,eodhd
run_20260429_080326_2366a3,MSFT,stock,M15,trend_momentum,ema_cross,adx_min=25|fast_period=10|rsi_confirm=True|slow_period=50,both,all,NEEDS_MORE_DATA,16,,,,,,,,,,,,,,1.000000,,only 16 trades < min 20,eodhd
run_20260429_080326_2366a3,MSFT,stock,M15,trend_momentum,ema_cross,adx_min=0|fast_period=10|rsi_confirm=False|slow_period=100,both,all,NEEDS_MORE_DATA,9,,,,,,,,,,,,,,1.000000,,only 9 trades < min 20,eodhd
run_20260429_080326_2366a3,MSFT,stock,M15,trend_momentum,ema_cross,adx_min=0|fast_period=10|rsi_confirm=True|slow_period=100,both,all,NEEDS_MORE_DATA,9,,,,,,,,,,,,,,1.000000,,only 9 trades < min 20,eodhd
run_20260429_080326_2366a3,MSFT,stock,M15,trend_momentum,ema_cross,adx_min=20|fast_period=10|rsi_confirm=False|slow_period=100,both,all,NEEDS_MORE_DATA,7,,,,,,,,,,,,,,1.000000,,only 7 trades < min 20,eodhd
run_20260429_080326_2366a3,MSFT,stock,M15,trend_momentum,ema_cross,adx_min=20|fast_period=10|rsi_confirm=True|slow_period=100,both,all,NEEDS_MORE_DATA,7,,,,,,,,,,,,,,1.000000,,only 7 trades < min 20,eodhd
run_20260429_080326_2366a3,MSFT,stock,M15,trend_momentum,ema_cross,adx_min=25|fast_period=10|rsi_confirm=False|slow_period=100,both,all,NEEDS_MORE_DATA,7,,,,,,,,,,,,,,1.000000,,only 7 trades < min 20,eodhd
run_20260429_080326_2366a3,MSFT,stock,M15,trend_momentum,ema_cross,adx_min=25|fast_period=10|rsi_confirm=True|slow_period=100,both,all,NEEDS_MORE_DATA,7,,,,,,,,,,,,,,1.000000,,only 7 trades < min 20,eodhd
run_20260429_080326_2366a3,MSFT,stock,M15,trend_momentum,ema_cross,adx_min=0|fast_period=10|rsi_confirm=False|slow_period=200,both,all,NEEDS_MORE_DATA,15,,,,,,,,,,,,,,,,only 15 trades < min 20,eodhd
run_20260429_080326_2366a3,MSFT,stock,M15,trend_momentum,ema_cross,adx_min=0|fast_period=10|rsi_confirm=True|slow_period=200,both,all,NEEDS_MORE_DATA,12,,,,,,,,,,,,,,,,only 12 trades < min 20,eodhd
run_20260429_080326_2366a3,MSFT,stock,M15,trend_momentum,ema_cross,adx_min=20|fast_period=10|rsi_confirm=False|slow_period=200,both,all,NEEDS_MORE_DATA,8,,,,,,,,,,,,,,,,only 8 trades < min 20,eodhd
run_20260429_080326_2366a3,MSFT,stock,M15,trend_momentum,ema_cross,adx_min=20|fast_period=10|rsi_confirm=True|slow_period=200,both,all,NEEDS_MORE_DATA,8,,,,,,,,,,,,,,,,only 8 trades < min 20,eodhd
run_20260429_080326_2366a3,MSFT,stock,M15,trend_momentum,ema_cross,adx_min=25|fast_period=10|rsi_confirm=False|slow_period=200,both,all,NEEDS_MORE_DATA,8,,,,,,,,,,,,,,,,only 8 trades < min 20,eodhd
run_20260429_080326_2366a3,MSFT,stock,M15,trend_momentum,ema_cross,adx_min=25|fast_period=10|rsi_confirm=True|slow_period=200,both,all,NEEDS_MORE_DATA,8,,,,,,,,,,,,,,,,only 8 trades < min 20,eodhd
run_20260429_080326_2366a3,MSFT,stock,M15,trend_momentum,ema_cross,adx_min=0|fast_period=20|rsi_confirm=False|slow_period=50,both,all,NEEDS_MORE_DATA,17,,,,,,,,,,,,,,1.000000,,only 17 trades < min 20,eodhd
run_20260429_080326_2366a3,MSFT,stock,M15,trend_momentum,ema_cross,adx_min=0|fast_period=20|rsi_confirm=True|slow_period=50,both,all,NEEDS_MORE_DATA,17,,,,,,,,,,,,,,1.000000,,only 17 trades < min 20,eodhd
run_20260429_080326_2366a3,MSFT,stock,M15,trend_momentum,ema_cross,adx_min=20|fast_period=20|rsi_confirm=False|slow_period=50,both,all,NEEDS_MORE_DATA,12,,,,,,,,,,,,,,1.000000,,only 12 trades < min 20,eodhd
run_20260429_080326_2366a3,MSFT,stock,M15,trend_momentum,ema_cross,adx_min=20|fast_period=20|rsi_confirm=True|slow_period=50,both,all,NEEDS_MORE_DATA,12,,,,,,,,,,,,,,1.000000,,only 12 trades < min 20,eodhd
run_20260429_080326_2366a3,MSFT,stock,M15,trend_momentum,ema_cross,adx_min=25|fast_period=20|rsi_confirm=False|slow_period=50,both,all,NEEDS_MORE_DATA,11,,,,,,,,,,,,,,1.000000,,only 11 trades < min 20,eodhd
run_20260429_080326_2366a3,MSFT,stock,M15,trend_momentum,ema_cross,adx_min=25|fast_period=20|rsi_confirm=True|slow_period=50,both,all,NEEDS_MORE_DATA,11,,,,,,,,,,,,,,1.000000,,only 11 trades < min 20,eodhd
run_20260429_080326_2366a3,MSFT,stock,M15,trend_momentum,ema_cross,adx_min=0|fast_period=20|rsi_confirm=False|slow_period=100,both,all,NEEDS_MORE_DATA,9,,,,,,,,,,,,,,,,only 9 trades < min 20,eodhd
run_20260429_080326_2366a3,MSFT,stock,M15,trend_momentum,ema_cross,adx_min=0|fast_period=20|rsi_confirm=True|slow_period=100,both,all,NEEDS_MORE_DATA,9,,,,,,,,,,,,,,,,only 9 trades < min 20,eodhd
run_20260429_080326_2366a3,MSFT,stock,M15,trend_momentum,ema_cross,adx_min=20|fast_period=20|rsi_confirm=False|slow_period=100,both,all,NEEDS_MORE_DATA,8,,,,,,,,,,,,,,,,only 8 trades < min 20,eodhd
run_20260429_080326_2366a3,MSFT,stock,M15,trend_momentum,ema_cross,adx_min=20|fast_period=20|rsi_confirm=True|slow_period=100,both,all,NEEDS_MORE_DATA,8,,,,,,,,,,,,,,,,only 8 trades < min 20,eodhd
run_20260429_080326_2366a3,MSFT,stock,M15,trend_momentum,ema_cross,adx_min=25|fast_period=20|rsi_confirm=False|slow_period=100,both,all,NEEDS_MORE_DATA,8,,,,,,,,,,,,,,,,only 8 trades < min 20,eodhd
run_20260429_080326_2366a3,MSFT,stock,M15,trend_momentum,ema_cross,adx_min=25|fast_period=20|rsi_confirm=True|slow_period=100,both,all,NEEDS_MORE_DATA,8,,,,,,,,,,,,,,,,only 8 trades < min 20,eodhd
run_20260429_080326_2366a3,MSFT,stock,M15,trend_momentum,ema_cross,adx_min=0|fast_period=20|rsi_confirm=False|slow_period=200,both,all,NEEDS_MORE_DATA,7,,,,,,,,,,,,,,,,only 7 trades < min 20,eodhd
run_20260429_080326_2366a3,MSFT,stock,M15,trend_momentum,ema_cross,adx_min=0|fast_period=20|rsi_confirm=True|slow_period=200,both,all,NEEDS_MORE_DATA,7,,,,,,,,,,,,,,,,only 7 trades < min 20,eodhd
run_20260429_080326_2366a3,MSFT,stock,M15,trend_momentum,ema_cross,adx_min=20|fast_period=20|rsi_confirm=False|slow_period=200,both,all,NEEDS_MORE_DATA,6,,,,,,,,,,,,,,,,only 6 trades < min 20,eodhd
run_20260429_080326_2366a3,MSFT,stock,M15,trend_momentum,ema_cross,adx_min=20|fast_period=20|rsi_confirm=True|slow_period=200,both,all,NEEDS_MORE_DATA,6,,,,,,,,,,,,,,,,only 6 trades < min 20,eodhd
run_20260429_080326_2366a3,MSFT,stock,M15,trend_momentum,ema_cross,adx_min=25|fast_period=20|rsi_confirm=False|slow_period=200,both,all,NEEDS_MORE_DATA,6,,,,,,,,,,,,,,,,only 6 trades < min 20,eodhd
run_20260429_080326_2366a3,MSFT,stock,M15,trend_momentum,ema_cross,adx_min=25|fast_period=20|rsi_confirm=True|slow_period=200,both,all,NEEDS_MORE_DATA,6,,,,,,,,,,,,,,,,only 6 trades < min 20,eodhd
run_20260429_080326_2366a3,MSFT,stock,M15,trend_momentum,ema_alignment,adx_min=0|ema_long=200|ema_mid=50|ema_short=20,both,all,REJECT,21,0.190476,0.291395,-0.004310,-0.004310,-0.094816,-3.558370,-1.457355,0.021021,26.476190,-0.088523,-0.088523,-0.024789,-0.070942,0.226000,,,eodhd
run_20260429_080326_2366a3,MSFT,stock,M15,trend_momentum,ema_alignment,adx_min=20|ema_long=200|ema_mid=50|ema_short=20,both,all,REJECT,20,0.150000,0.265571,-0.004904,-0.004904,-0.101663,-3.834879,-1.588054,0.020020,25.550000,-0.095417,-0.095417,-0.023012,-0.073517,0.220000,,,eodhd
run_20260429_080326_2366a3,MSFT,stock,M15,trend_momentum,ema_alignment,adx_min=25|ema_long=200|ema_mid=50|ema_short=20,both,all,NEEDS_MORE_DATA,18,,,,,,,,,,,,,,1.000000,,only 18 trades < min 20,eodhd
run_20260429_080326_2366a3,MSFT,stock,M15,trend_momentum,macd_direction,adx_min=0|fast=12|signal_period=9|slow=26,both,all,REJECT,63,0.317460,0.407150,-0.003469,-0.003469,-0.219199,-5.115938,-2.060810,0.063063,15.634921,-0.201230,-0.201230,-0.027499,-0.176102,0.436364,,,eodhd
run_20260429_080326_2366a3,MSFT,stock,M15,trend_momentum,macd_direction,adx_min=20|fast=12|signal_period=9|slow=26,both,all,REJECT,50,0.320000,0.398574,-0.003933,-0.003933,-0.210198,-4.702112,-1.898866,0.050050,16.580000,-0.183334,-0.183334,-0.003365,-0.178205,0.420000,,,eodhd
run_20260429_080326_2366a3,MSFT,stock,M15,pullback,pullback_ema,pullback_period=20|rsi_reclaim=False|rsi_threshold=50|trend_period=200,both,all,REJECT,55,0.163636,0.277440,-0.003947,-0.003947,-0.200958,-6.209706,-2.558775,0.055055,8.945455,-0.198461,-0.198461,-0.028499,-0.177589,0.400000,,,eodhd
run_20260429_080326_2366a3,MSFT,stock,M15,pullback,pullback_ema,pullback_period=20|rsi_reclaim=True|rsi_threshold=50|trend_period=200,both,all,REJECT,46,0.195652,0.359561,-0.003228,-0.003228,-0.148569,-4.724341,-1.914536,0.046046,10.304348,-0.140840,-0.140840,-0.022734,-0.123667,0.376000,,,eodhd
run_20260429_080326_2366a3,MSFT,stock,M15,pullback,pullback_ema,pullback_period=50|rsi_reclaim=False|rsi_threshold=50|trend_period=200,both,all,REJECT,28,0.178571,0.695970,-0.000941,-0.000941,-0.031269,-1.752866,-0.690440,0.028028,19.642857,-0.026717,-0.026717,-0.003578,-0.024931,0.301333,,,eodhd
run_20260429_080326_2366a3,MSFT,stock,M15,pullback,pullback_ema,pullback_period=50|rsi_reclaim=True|rsi_threshold=50|trend_period=200,both,all,REJECT,20,0.200000,0.539273,-0.001517,-0.001517,-0.039650,-2.745292,-1.104077,0.020020,20.650000,-0.030278,-0.030278,-0.014412,-0.017821,0.449044,,,eodhd
run_20260429_080326_2366a3,MSFT,stock,M15,breakout,prev_day_hl,atr_expand_min=0.0,both,all,NEEDS_MORE_DATA,1,,,,,,,,,,,,,,1.000000,,only 1 trades < min 20,eodhd
run_20260429_080326_2366a3,MSFT,stock,M15,breakout,prev_day_hl,atr_expand_min=0.5,both,all,NEEDS_MORE_DATA,0,,,,,,,,,,,,,,1.000000,,only 0 trades < min 20,eodhd
run_20260429_080326_2366a3,MSFT,stock,M15,breakout,prev_day_hl,atr_expand_min=1.0,both,all,NEEDS_MORE_DATA,0,,,,,,,,,,,,,,,,only 0 trades < min 20,eodhd
run_20260429_080326_2366a3,MSFT,stock,M15,breakout,session_opening_range,atr_expand_min=0.0|range_bars=6,both,all,REJECT,40,0.275000,0.634805,-0.001561,-0.001561,-0.065022,-3.011959,-1.196742,0.040040,24.300000,-0.061844,-0.061844,-0.019818,-0.046566,0.340000,,,eodhd
run_20260429_080326_2366a3,MSFT,stock,M15,breakout,session_opening_range,atr_expand_min=0.5|range_bars=6,both,all,REJECT,30,0.333333,0.586652,-0.001933,-0.001933,-0.074582,-3.258245,-1.307620,0.030030,25.300000,-0.057336,-0.057336,-0.025558,-0.026091,0.573738,,,eodhd
run_20260429_080326_2366a3,MSFT,stock,M15,breakout,session_opening_range,atr_expand_min=0.0|range_bars=12,both,all,NEEDS_MORE_DATA,19,,,,,,,,,,,,,,1.000000,,only 19 trades < min 20,eodhd
run_20260429_080326_2366a3,MSFT,stock,M15,breakout,session_opening_range,atr_expand_min=0.5|range_bars=12,both,all,NEEDS_MORE_DATA,15,,,,,,,,,,,,,,1.000000,,only 15 trades < min 20,eodhd
run_20260429_080326_2366a3,MSFT,stock,M15,breakout,london_breakout,atr_expand_min=0.0|utc_end=11|utc_start=7,both,all,NEEDS_MORE_DATA,9,,,,,,,,,,,,,,,,only 9 trades < min 20,eodhd
run_20260429_080326_2366a3,MSFT,stock,M15,breakout,london_breakout,atr_expand_min=0.5|utc_end=11|utc_start=7,both,all,NEEDS_MORE_DATA,2,,,,,,,,,,,,,,,,only 2 trades < min 20,eodhd
run_20260429_080326_2366a3,MSFT,stock,M15,breakout,ny_breakout,atr_expand_min=0.0|utc_end=16|utc_start=13,both,all,NEEDS_MORE_DATA,14,,,,,,,,,,,,,,1.000000,,only 14 trades < min 20,eodhd
run_20260429_080326_2366a3,MSFT,stock,M15,breakout,ny_breakout,atr_expand_min=0.5|utc_end=16|utc_start=13,both,all,NEEDS_MORE_DATA,12,,,,,,,,,,,,,,1.000000,,only 12 trades < min 20,eodhd
run_20260429_080326_2366a3,MSFT,stock,M15,mean_reversion,rsi_extreme,overbought=70|oversold=30|period=14,both,all,REJECT,21,0.380952,0.413566,-0.000949,-0.000949,-0.029215,-2.872749,-1.156781,0.021021,14.714286,-0.019893,-0.019893,-0.013345,-0.006637,0.375203,,,eodhd
run_20260429_080326_2366a3,MSFT,stock,M15,mean_reversion,rsi_extreme,overbought=75|oversold=30|period=14,both,all,NEEDS_MORE_DATA,18,,,,,,,,,,,,,,,,only 18 trades < min 20,eodhd
run_20260429_080326_2366a3,MSFT,stock,M15,mean_reversion,rsi_extreme,overbought=70|oversold=25|period=14,both,all,NEEDS_MORE_DATA,18,,,,,,,,,,,,,,,,only 18 trades < min 20,eodhd
run_20260429_080326_2366a3,MSFT,stock,M15,mean_reversion,rsi_extreme,overbought=75|oversold=25|period=14,both,all,NEEDS_MORE_DATA,15,,,,,,,,,,,,,,,,only 15 trades < min 20,eodhd
run_20260429_080326_2366a3,MSFT,stock,M15,mean_reversion,bollinger_touch,num_std=2.0|period=20,both,all,REJECT,42,0.428571,0.930804,-0.000212,-0.000212,-0.096644,-0.297394,-0.116202,0.042042,12.952381,-0.011740,-0.011740,-0.086874,0.082282,0.418667,,,eodhd
run_20260429_080326_2366a3,MSFT,stock,M15,mean_reversion,bollinger_touch,num_std=2.5|period=20,both,all,REJECT,30,0.466667,1.017818,0.000066,0.000066,-0.084430,0.066932,0.026149,0.030030,14.000000,-0.000842,-0.000842,-0.073143,0.078007,0.380000,,,eodhd
run_20260429_080326_2366a3,MSFT,stock,M15,mean_reversion,vwap_deviation,std_threshold=1.5,both,all,NEEDS_MORE_DATA,11,,,,,,,,,,,,,,,,only 11 trades < min 20,eodhd
run_20260429_080326_2366a3,MSFT,stock,M15,mean_reversion,vwap_deviation,std_threshold=2.0,both,all,NEEDS_MORE_DATA,9,,,,,,,,,,,,,,,,only 9 trades < min 20,eodhd
run_20260429_080326_2366a3,MSFT,stock,M15,engine_b_proxy,ob_bos,require_engulf=False|require_vol_expand=False|swing_period=5,both,all,NEEDS_MORE_DATA,16,,,,,,,,,,,,,,,,only 16 trades < min 20,eodhd
run_20260429_080326_2366a3,MSFT,stock,M15,engine_b_proxy,ob_bos,require_engulf=False|require_vol_expand=True|swing_period=5,both,all,NEEDS_MORE_DATA,13,,,,,,,,,,,,,,,,only 13 trades < min 20,eodhd
run_20260429_080326_2366a3,MSFT,stock,M15,engine_b_proxy,ob_bos,require_engulf=True|require_vol_expand=False|swing_period=5,both,all,NEEDS_MORE_DATA,14,,,,,,,,,,,,,,,,only 14 trades < min 20,eodhd
run_20260429_080326_2366a3,MSFT,stock,M15,engine_b_proxy,ob_bos,require_engulf=True|require_vol_expand=True|swing_period=5,both,all,NEEDS_MORE_DATA,12,,,,,,,,,,,,,,,,only 12 trades < min 20,eodhd
run_20260429_080326_2366a3,MSFT,stock,M15,engine_b_proxy,ob_bos,require_engulf=False|require_vol_expand=False|swing_period=10,both,all,NEEDS_MORE_DATA,4,,,,,,,,,,,,,,,,only 4 trades < min 20,eodhd
run_20260429_080326_2366a3,MSFT,stock,M15,engine_b_proxy,ob_bos,require_engulf=False|require_vol_expand=True|swing_period=10,both,all,NEEDS_MORE_DATA,3,,,,,,,,,,,,,,,,only 3 trades < min 20,eodhd
run_20260429_080326_2366a3,MSFT,stock,M15,engine_b_proxy,ob_bos,require_engulf=True|require_vol_expand=False|swing_period=10,both,all,NEEDS_MORE_DATA,3,,,,,,,,,,,,,,,,only 3 trades < min 20,eodhd
run_20260429_080326_2366a3,MSFT,stock,M15,engine_b_proxy,ob_bos,require_engulf=True|require_vol_expand=True|swing_period=10,both,all,NEEDS_MORE_DATA,3,,,,,,,,,,,,,,,,only 3 trades < min 20,eodhd
run_20260429_080326_2366a3,MSFT,stock,M15,engine_b_proxy,structure_filters,fvg_detection=False|strong_close_pct=0.7,both,all,REJECT,252,0.119048,0.165903,-0.003025,-0.003025,-0.540478,-16.857946,-7.055616,0.252252,3.841270,-0.536699,-0.536699,-0.327146,-0.310036,0.717643,,,eodhd
run_20260429_080326_2366a3,MSFT,stock,M15,engine_b_proxy,structure_filters,fvg_detection=True|strong_close_pct=0.7,both,all,REJECT,33,0.242424,0.112779,-0.004327,-0.004327,-0.134194,-7.292332,-3.263264,0.033033,13.696970,-0.134194,-0.134194,-0.061262,-0.079043,0.510929,,,eodhd
run_20260429_080326_2366a3,MSFT,stock,M15,engine_b_proxy,structure_filters,fvg_detection=False|strong_close_pct=0.8,both,all,REJECT,195,0.158974,0.195556,-0.003177,-0.003177,-0.469906,-13.727515,-5.712739,0.195195,4.825641,-0.465547,-0.465547,-0.242180,-0.293621,0.669611,,,eodhd
run_20260429_080326_2366a3,MSFT,stock,M15,engine_b_proxy,structure_filters,fvg_detection=True|strong_close_pct=0.8,both,all,REJECT,28,0.214286,0.095888,-0.004612,-0.004612,-0.122217,-6.762244,-3.034922,0.028028,14.000000,-0.122217,-0.122217,-0.044867,-0.082329,0.317512,,,eodhd
run_20260429_080326_2366a3,TSLA,stock,M15,trend_momentum,ema_cross,adx_min=0|fast_period=10|rsi_confirm=False|slow_period=50,both,all,NEEDS_MORE_DATA,19,,,,,,,,,,,,,,1.000000,,only 19 trades < min 20,eodhd
run_20260429_080326_2366a3,TSLA,stock,M15,trend_momentum,ema_cross,adx_min=0|fast_period=10|rsi_confirm=True|slow_period=50,both,all,NEEDS_MORE_DATA,19,,,,,,,,,,,,,,1.000000,,only 19 trades < min 20,eodhd
run_20260429_080326_2366a3,TSLA,stock,M15,trend_momentum,ema_cross,adx_min=20|fast_period=10|rsi_confirm=False|slow_period=50,both,all,NEEDS_MORE_DATA,19,,,,,,,,,,,,,,1.000000,,only 19 trades < min 20,eodhd
run_20260429_080326_2366a3,TSLA,stock,M15,trend_momentum,ema_cross,adx_min=20|fast_period=10|rsi_confirm=True|slow_period=50,both,all,NEEDS_MORE_DATA,19,,,,,,,,,,,,,,1.000000,,only 19 trades < min 20,eodhd
run_20260429_080326_2366a3,TSLA,stock,M15,trend_momentum,ema_cross,adx_min=25|fast_period=10|rsi_confirm=False|slow_period=50,both,all,NEEDS_MORE_DATA,18,,,,,,,,,,,,,,1.000000,,only 18 trades < min 20,eodhd
run_20260429_080326_2366a3,TSLA,stock,M15,trend_momentum,ema_cross,adx_min=25|fast_period=10|rsi_confirm=True|slow_period=50,both,all,NEEDS_MORE_DATA,18,,,,,,,,,,,,,,1.000000,,only 18 trades < min 20,eodhd
run_20260429_080326_2366a3,TSLA,stock,M15,trend_momentum,ema_cross,adx_min=0|fast_period=10|rsi_confirm=False|slow_period=100,both,all,NEEDS_MORE_DATA,17,,,,,,,,,,,,,,1.000000,,only 17 trades < min 20,eodhd
run_20260429_080326_2366a3,TSLA,stock,M15,trend_momentum,ema_cross,adx_min=0|fast_period=10|rsi_confirm=True|slow_period=100,both,all,NEEDS_MORE_DATA,17,,,,,,,,,,,,,,1.000000,,only 17 trades < min 20,eodhd
run_20260429_080326_2366a3,TSLA,stock,M15,trend_momentum,ema_cross,adx_min=20|fast_period=10|rsi_confirm=False|slow_period=100,both,all,NEEDS_MORE_DATA,17,,,,,,,,,,,,,,1.000000,,only 17 trades < min 20,eodhd
run_20260429_080326_2366a3,TSLA,stock,M15,trend_momentum,ema_cross,adx_min=20|fast_period=10|rsi_confirm=True|slow_period=100,both,all,NEEDS_MORE_DATA,17,,,,,,,,,,,,,,1.000000,,only 17 trades < min 20,eodhd
run_20260429_080326_2366a3,TSLA,stock,M15,trend_momentum,ema_cross,adx_min=25|fast_period=10|rsi_confirm=False|slow_period=100,both,all,NEEDS_MORE_DATA,16,,,,,,,,,,,,,,1.000000,,only 16 trades < min 20,eodhd
run_20260429_080326_2366a3,TSLA,stock,M15,trend_momentum,ema_cross,adx_min=25|fast_period=10|rsi_confirm=True|slow_period=100,both,all,NEEDS_MORE_DATA,16,,,,,,,,,,,,,,1.000000,,only 16 trades < min 20,eodhd
run_20260429_080326_2366a3,TSLA,stock,M15,trend_momentum,ema_cross,adx_min=0|fast_period=10|rsi_confirm=False|slow_period=200,both,all,NEEDS_MORE_DATA,15,,,,,,,,,,,,,,,,only 15 trades < min 20,eodhd
run_20260429_080326_2366a3,TSLA,stock,M15,trend_momentum,ema_cross,adx_min=0|fast_period=10|rsi_confirm=True|slow_period=200,both,all,NEEDS_MORE_DATA,14,,,,,,,,,,,,,,,,only 14 trades < min 20,eodhd
run_20260429_080326_2366a3,TSLA,stock,M15,trend_momentum,ema_cross,adx_min=20|fast_period=10|rsi_confirm=False|slow_period=200,both,all,NEEDS_MORE_DATA,12,,,,,,,,,,,,,,,,only 12 trades < min 20,eodhd
run_20260429_080326_2366a3,TSLA,stock,M15,trend_momentum,ema_cross,adx_min=20|fast_period=10|rsi_confirm=True|slow_period=200,both,all,NEEDS_MORE_DATA,11,,,,,,,,,,,,,,,,only 11 trades < min 20,eodhd
run_20260429_080326_2366a3,TSLA,stock,M15,trend_momentum,ema_cross,adx_min=25|fast_period=10|rsi_confirm=False|slow_period=200,both,all,NEEDS_MORE_DATA,11,,,,,,,,,,,,,,,,only 11 trades < min 20,eodhd
run_20260429_080326_2366a3,TSLA,stock,M15,trend_momentum,ema_cross,adx_min=25|fast_period=10|rsi_confirm=True|slow_period=200,both,all,NEEDS_MORE_DATA,11,,,,,,,,,,,,,,,,only 11 trades < min 20,eodhd
run_20260429_080326_2366a3,TSLA,stock,M15,trend_momentum,ema_cross,adx_min=0|fast_period=20|rsi_confirm=False|slow_period=50,both,all,NEEDS_MORE_DATA,17,,,,,,,,,,,,,,1.000000,,only 17 trades < min 20,eodhd
run_20260429_080326_2366a3,TSLA,stock,M15,trend_momentum,ema_cross,adx_min=0|fast_period=20|rsi_confirm=True|slow_period=50,both,all,NEEDS_MORE_DATA,17,,,,,,,,,,,,,,1.000000,,only 17 trades < min 20,eodhd
run_20260429_080326_2366a3,TSLA,stock,M15,trend_momentum,ema_cross,adx_min=20|fast_period=20|rsi_confirm=False|slow_period=50,both,all,NEEDS_MORE_DATA,17,,,,,,,,,,,,,,1.000000,,only 17 trades < min 20,eodhd
run_20260429_080326_2366a3,TSLA,stock,M15,trend_momentum,ema_cross,adx_min=20|fast_period=20|rsi_confirm=True|slow_period=50,both,all,NEEDS_MORE_DATA,17,,,,,,,,,,,,,,1.000000,,only 17 trades < min 20,eodhd
run_20260429_080326_2366a3,TSLA,stock,M15,trend_momentum,ema_cross,adx_min=25|fast_period=20|rsi_confirm=False|slow_period=50,both,all,NEEDS_MORE_DATA,16,,,,,,,,,,,,,,1.000000,,only 16 trades < min 20,eodhd
run_20260429_080326_2366a3,TSLA,stock,M15,trend_momentum,ema_cross,adx_min=25|fast_period=20|rsi_confirm=True|slow_period=50,both,all,NEEDS_MORE_DATA,16,,,,,,,,,,,,,,1.000000,,only 16 trades < min 20,eodhd
run_20260429_080326_2366a3,TSLA,stock,M15,trend_momentum,ema_cross,adx_min=0|fast_period=20|rsi_confirm=False|slow_period=100,both,all,NEEDS_MORE_DATA,13,,,,,,,,,,,,,,,,only 13 trades < min 20,eodhd
run_20260429_080326_2366a3,TSLA,stock,M15,trend_momentum,ema_cross,adx_min=0|fast_period=20|rsi_confirm=True|slow_period=100,both,all,NEEDS_MORE_DATA,13,,,,,,,,,,,,,,,,only 13 trades < min 20,eodhd
run_20260429_080326_2366a3,TSLA,stock,M15,trend_momentum,ema_cross,adx_min=20|fast_period=20|rsi_confirm=False|slow_period=100,both,all,NEEDS_MORE_DATA,13,,,,,,,,,,,,,,,,only 13 trades < min 20,eodhd
run_20260429_080326_2366a3,TSLA,stock,M15,trend_momentum,ema_cross,adx_min=20|fast_period=20|rsi_confirm=True|slow_period=100,both,all,NEEDS_MORE_DATA,13,,,,,,,,,,,,,,,,only 13 trades < min 20,eodhd
run_20260429_080326_2366a3,TSLA,stock,M15,trend_momentum,ema_cross,adx_min=25|fast_period=20|rsi_confirm=False|slow_period=100,both,all,NEEDS_MORE_DATA,13,,,,,,,,,,,,,,,,only 13 trades < min 20,eodhd
run_20260429_080326_2366a3,TSLA,stock,M15,trend_momentum,ema_cross,adx_min=25|fast_period=20|rsi_confirm=True|slow_period=100,both,all,NEEDS_MORE_DATA,13,,,,,,,,,,,,,,,,only 13 trades < min 20,eodhd
run_20260429_080326_2366a3,TSLA,stock,M15,trend_momentum,ema_cross,adx_min=0|fast_period=20|rsi_confirm=False|slow_period=200,both,all,NEEDS_MORE_DATA,11,,,,,,,,,,,,,,,,only 11 trades < min 20,eodhd
run_20260429_080326_2366a3,TSLA,stock,M15,trend_momentum,ema_cross,adx_min=0|fast_period=20|rsi_confirm=True|slow_period=200,both,all,NEEDS_MORE_DATA,11,,,,,,,,,,,,,,,,only 11 trades < min 20,eodhd
run_20260429_080326_2366a3,TSLA,stock,M15,trend_momentum,ema_cross,adx_min=20|fast_period=20|rsi_confirm=False|slow_period=200,both,all,NEEDS_MORE_DATA,9,,,,,,,,,,,,,,,,only 9 trades < min 20,eodhd
run_20260429_080326_2366a3,TSLA,stock,M15,trend_momentum,ema_cross,adx_min=20|fast_period=20|rsi_confirm=True|slow_period=200,both,all,NEEDS_MORE_DATA,9,,,,,,,,,,,,,,,,only 9 trades < min 20,eodhd
run_20260429_080326_2366a3,TSLA,stock,M15,trend_momentum,ema_cross,adx_min=25|fast_period=20|rsi_confirm=False|slow_period=200,both,all,NEEDS_MORE_DATA,8,,,,,,,,,,,,,,,,only 8 trades < min 20,eodhd
run_20260429_080326_2366a3,TSLA,stock,M15,trend_momentum,ema_cross,adx_min=25|fast_period=20|rsi_confirm=True|slow_period=200,both,all,NEEDS_MORE_DATA,8,,,,,,,,,,,,,,,,only 8 trades < min 20,eodhd
run_20260429_080326_2366a3,TSLA,stock,M15,trend_momentum,ema_alignment,adx_min=0|ema_long=200|ema_mid=50|ema_short=20,both,all,REJECT,24,0.083333,0.311658,-0.005091,-0.005091,-0.148682,-5.302452,-2.279989,0.024024,20.250000,-0.116555,-0.116555,-0.132867,0.020741,0.244000,,,eodhd
run_20260429_080326_2366a3,TSLA,stock,M15,trend_momentum,ema_alignment,adx_min=20|ema_long=200|ema_mid=50|ema_short=20,both,all,REJECT,24,0.083333,0.303077,-0.005155,-0.005155,-0.148682,-5.416324,-2.339713,0.024024,20.166667,-0.117873,-0.117873,-0.132867,0.019218,0.244000,,,eodhd
run_20260429_080326_2366a3,TSLA,stock,M15,trend_momentum,ema_alignment,adx_min=25|ema_long=200|ema_mid=50|ema_short=20,both,all,REJECT,23,0.086957,0.277101,-0.005630,-0.005630,-0.150102,-5.811366,-2.568924,0.023023,19.217391,-0.122888,-0.122888,-0.138283,0.019792,0.238000,,,eodhd
run_20260429_080326_2366a3,TSLA,stock,M15,trend_momentum,macd_direction,adx_min=0|fast=12|signal_period=9|slow=26,both,all,REJECT,72,0.319444,0.666359,-0.001619,-0.001619,-0.175979,-3.345342,-1.321561,0.072072,13.847222,-0.113557,-0.113557,-0.045894,-0.076085,0.539007,,,eodhd
run_20260429_080326_2366a3,TSLA,stock,M15,trend_momentum,macd_direction,adx_min=20|fast=12|signal_period=9|slow=26,both,all,REJECT,68,0.338235,0.706968,-0.001420,-0.001420,-0.159305,-2.788009,-1.098164,0.068068,14.176471,-0.095620,-0.095620,-0.031229,-0.071659,0.420000,,,eodhd
run_20260429_080326_2366a3,TSLA,stock,M15,pullback,pullback_ema,pullback_period=20|rsi_reclaim=False|rsi_threshold=50|trend_period=200,both,all,REJECT,50,0.180000,0.508393,-0.002269,-0.002269,-0.133144,-4.563539,-1.839251,0.050050,8.780000,-0.109040,-0.109040,-0.101771,-0.011318,0.433363,,,eodhd
run_20260429_080326_2366a3,TSLA,stock,M15,pullback,pullback_ema,pullback_period=20|rsi_reclaim=True|rsi_threshold=50|trend_period=200,both,all,REJECT,42,0.214286,0.574518,-0.002068,-0.002068,-0.111550,-3.534338,-1.411808,0.042042,10.142857,-0.085019,-0.085019,-0.079395,-0.009341,0.387295,,,eodhd
run_20260429_080326_2366a3,TSLA,stock,M15,pullback,pullback_ema,pullback_period=50|rsi_reclaim=False|rsi_threshold=50|trend_period=200,both,all,REJECT,29,0.172414,0.406553,-0.003146,-0.003146,-0.094606,-4.321402,-1.775075,0.029029,14.827586,-0.088532,-0.088532,-0.054644,-0.033768,0.492726,,,eodhd
run_20260429_080326_2366a3,TSLA,stock,M15,pullback,pullback_ema,pullback_period=50|rsi_reclaim=True|rsi_threshold=50|trend_period=200,both,all,REJECT,23,0.173913,0.200296,-0.004749,-0.004749,-0.104219,-6.946749,-3.273945,0.023023,12.347826,-0.104219,-0.104219,-0.038259,-0.066576,0.315954,,,eodhd
run_20260429_080326_2366a3,TSLA,stock,M15,breakout,prev_day_hl,atr_expand_min=0.0,both,all,NEEDS_MORE_DATA,1,,,,,,,,,,,,,,1.000000,,only 1 trades < min 20,eodhd
run_20260429_080326_2366a3,TSLA,stock,M15,breakout,prev_day_hl,atr_expand_min=0.5,both,all,NEEDS_MORE_DATA,1,,,,,,,,,,,,,,1.000000,,only 1 trades < min 20,eodhd
run_20260429_080326_2366a3,TSLA,stock,M15,breakout,prev_day_hl,atr_expand_min=1.0,both,all,NEEDS_MORE_DATA,0,,,,,,,,,,,,,,,,only 0 trades < min 20,eodhd
run_20260429_080326_2366a3,TSLA,stock,M15,breakout,session_opening_range,atr_expand_min=0.0|range_bars=6,both,all,REJECT,51,0.274510,0.525740,-0.002859,-0.002859,-0.172354,-4.345646,-1.745167,0.051051,19.333333,-0.138875,-0.138875,-0.055647,-0.089894,0.515371,,,eodhd
run_20260429_080326_2366a3,TSLA,stock,M15,breakout,session_opening_range,atr_expand_min=0.5|range_bars=6,both,all,REJECT,44,0.295455,0.511730,-0.002970,-0.002970,-0.139566,-4.182038,-1.683351,0.044044,20.000000,-0.125310,-0.125310,-0.057997,-0.073436,0.584138,,,eodhd
run_20260429_080326_2366a3,TSLA,stock,M15,breakout,session_opening_range,atr_expand_min=0.0|range_bars=12,both,all,REJECT,23,0.347826,0.898641,-0.000752,-0.000752,-0.072783,-0.518481,-0.202733,0.023023,41.260870,-0.020678,-0.020678,-0.044667,0.031316,0.238000,,,eodhd
run_20260429_080326_2366a3,TSLA,stock,M15,breakout,london_breakout,atr_expand_min=0.0|utc_end=11|utc_start=7,both,all,NEEDS_MORE_DATA,12,,,,,,,,,,,,,,,,only 12 trades < min 20,eodhd
run_20260429_080326_2366a3,TSLA,stock,M15,breakout,london_breakout,atr_expand_min=0.5|utc_end=11|utc_start=7,both,all,NEEDS_MORE_DATA,5,,,,,,,,,,,,,,,,only 5 trades < min 20,eodhd
run_20260429_080326_2366a3,TSLA,stock,M15,breakout,ny_breakout,atr_expand_min=0.0|utc_end=16|utc_start=13,both,all,NEEDS_MORE_DATA,19,,,,,,,,,,,,,,1.000000,,only 19 trades < min 20,eodhd
run_20260429_080326_2366a3,TSLA,stock,M15,breakout,ny_breakout,atr_expand_min=0.5|utc_end=16|utc_start=13,both,all,NEEDS_MORE_DATA,19,,,,,,,,,,,,,,1.000000,,only 19 trades < min 20,eodhd
run_20260429_080326_2366a3,TSLA,stock,M15,mean_reversion,rsi_extreme,overbought=70|oversold=30|period=14,both,all,NEEDS_MORE_DATA,18,,,,,,,,,,,,,,1.000000,,only 18 trades < min 20,eodhd
run_20260429_080326_2366a3,TSLA,stock,M15,mean_reversion,rsi_extreme,overbought=75|oversold=30|period=14,both,all,NEEDS_MORE_DATA,16,,,,,,,,,,,,,,,,only 16 trades < min 20,eodhd
run_20260429_080326_2366a3,TSLA,stock,M15,mean_reversion,rsi_extreme,overbought=70|oversold=25|period=14,both,all,NEEDS_MORE_DATA,16,,,,,,,,,,,,,,,,only 16 trades < min 20,eodhd
run_20260429_080326_2366a3,TSLA,stock,M15,mean_reversion,rsi_extreme,overbought=75|oversold=25|period=14,both,all,NEEDS_MORE_DATA,14,,,,,,,,,,,,,,,,only 14 trades < min 20,eodhd
run_20260429_080326_2366a3,TSLA,stock,M15,mean_reversion,bollinger_touch,num_std=2.0|period=20,both,all,REJECT,38,0.500000,0.497679,-0.002660,-0.002660,-0.135025,-3.682697,-1.477974,0.038038,16.026316,-0.098385,-0.098385,-0.095019,0.003392,0.394667,,,eodhd
run_20260429_080326_2366a3,TSLA,stock,M15,mean_reversion,bollinger_touch,num_std=2.5|period=20,both,all,REJECT,32,0.468750,0.576033,-0.002025,-0.002025,-0.115451,-2.761988,-1.098552,0.032032,16.875000,-0.064455,-0.064455,-0.088496,0.030126,0.392000,,,eodhd
run_20260429_080326_2366a3,TSLA,stock,M15,mean_reversion,vwap_deviation,std_threshold=1.5,both,all,NEEDS_MORE_DATA,15,,,,,,,,,,,,,,,,only 15 trades < min 20,eodhd
run_20260429_080326_2366a3,TSLA,stock,M15,mean_reversion,vwap_deviation,std_threshold=2.0,both,all,NEEDS_MORE_DATA,12,,,,,,,,,,,,,,,,only 12 trades < min 20,eodhd
run_20260429_080326_2366a3,TSLA,stock,M15,engine_b_proxy,ob_bos,require_engulf=False|require_vol_expand=False|swing_period=5,both,all,NEEDS_MORE_DATA,12,,,,,,,,,,,,,,,,only 12 trades < min 20,eodhd
run_20260429_080326_2366a3,TSLA,stock,M15,engine_b_proxy,ob_bos,require_engulf=False|require_vol_expand=True|swing_period=5,both,all,NEEDS_MORE_DATA,10,,,,,,,,,,,,,,,,only 10 trades < min 20,eodhd
run_20260429_080326_2366a3,TSLA,stock,M15,engine_b_proxy,ob_bos,require_engulf=True|require_vol_expand=False|swing_period=5,both,all,NEEDS_MORE_DATA,10,,,,,,,,,,,,,,,,only 10 trades < min 20,eodhd
run_20260429_080326_2366a3,TSLA,stock,M15,engine_b_proxy,ob_bos,require_engulf=True|require_vol_expand=True|swing_period=5,both,all,NEEDS_MORE_DATA,10,,,,,,,,,,,,,,,,only 10 trades < min 20,eodhd
run_20260429_080326_2366a3,TSLA,stock,M15,engine_b_proxy,ob_bos,require_engulf=False|require_vol_expand=False|swing_period=10,both,all,NEEDS_MORE_DATA,6,,,,,,,,,,,,,,,,only 6 trades < min 20,eodhd
run_20260429_080326_2366a3,TSLA,stock,M15,engine_b_proxy,ob_bos,require_engulf=False|require_vol_expand=True|swing_period=10,both,all,NEEDS_MORE_DATA,6,,,,,,,,,,,,,,,,only 6 trades < min 20,eodhd
run_20260429_080326_2366a3,TSLA,stock,M15,engine_b_proxy,ob_bos,require_engulf=True|require_vol_expand=False|swing_period=10,both,all,NEEDS_MORE_DATA,6,,,,,,,,,,,,,,,,only 6 trades < min 20,eodhd
run_20260429_080326_2366a3,TSLA,stock,M15,engine_b_proxy,ob_bos,require_engulf=True|require_vol_expand=True|swing_period=10,both,all,NEEDS_MORE_DATA,6,,,,,,,,,,,,,,,,only 6 trades < min 20,eodhd
run_20260429_080326_2366a3,TSLA,stock,M15,engine_b_proxy,structure_filters,fvg_detection=False|strong_close_pct=0.7,both,all,REJECT,263,0.209125,0.297061,-0.002176,-0.002176,-0.439338,-16.680722,-6.942743,0.263263,3.707224,-0.437985,-0.437985,-0.311085,-0.184221,0.610990,,,eodhd
run_20260429_080326_2366a3,TSLA,stock,M15,engine_b_proxy,structure_filters,fvg_detection=True|strong_close_pct=0.7,both,all,REJECT,33,0.363636,0.587772,-0.001773,-0.001773,-0.058198,-2.773777,-1.102778,0.033033,15.242424,-0.058198,-0.058198,-0.039472,-0.021251,0.459519,,,eodhd
run_20260429_080326_2366a3,TSLA,stock,M15,engine_b_proxy,structure_filters,fvg_detection=False|strong_close_pct=0.8,both,all,REJECT,204,0.181373,0.310107,-0.002303,-0.002303,-0.379099,-14.247922,-5.936590,0.204204,4.514706,-0.377134,-0.377134,-0.303339,-0.102457,0.534662,,,eodhd
run_20260429_080326_2366a3,TSLA,stock,M15,engine_b_proxy,structure_filters,fvg_detection=True|strong_close_pct=0.8,both,all,REJECT,26,0.307692,0.390071,-0.003007,-0.003007,-0.076316,-4.085871,-1.678345,0.026026,17.653846,-0.076316,-0.076316,-0.060770,-0.018312,0.346402,,,eodhd
run_20260429_080326_2366a3,AAPL,stock,H1,trend_momentum,ema_cross,adx_min=0|fast_period=10|rsi_confirm=False|slow_period=50,both,all,NEEDS_MORE_DATA,14,,,,,,,,,,,,,,1.000000,,only 14 trades < min 20,eodhd
run_20260429_080326_2366a3,AAPL,stock,H1,trend_momentum,ema_cross,adx_min=0|fast_period=10|rsi_confirm=True|slow_period=50,both,all,NEEDS_MORE_DATA,13,,,,,,,,,,,,,,1.000000,,only 13 trades < min 20,eodhd
run_20260429_080326_2366a3,AAPL,stock,H1,trend_momentum,ema_cross,adx_min=20|fast_period=10|rsi_confirm=False|slow_period=50,both,all,NEEDS_MORE_DATA,14,,,,,,,,,,,,,,1.000000,,only 14 trades < min 20,eodhd
run_20260429_080326_2366a3,AAPL,stock,H1,trend_momentum,ema_cross,adx_min=20|fast_period=10|rsi_confirm=True|slow_period=50,both,all,NEEDS_MORE_DATA,13,,,,,,,,,,,,,,1.000000,,only 13 trades < min 20,eodhd
run_20260429_080326_2366a3,AAPL,stock,H1,trend_momentum,ema_cross,adx_min=25|fast_period=10|rsi_confirm=False|slow_period=50,both,all,NEEDS_MORE_DATA,13,,,,,,,,,,,,,,1.000000,,only 13 trades < min 20,eodhd
run_20260429_080326_2366a3,AAPL,stock,H1,trend_momentum,ema_cross,adx_min=25|fast_period=10|rsi_confirm=True|slow_period=50,both,all,NEEDS_MORE_DATA,12,,,,,,,,,,,,,,1.000000,,only 12 trades < min 20,eodhd
run_20260429_080326_2366a3,AAPL,stock,H1,trend_momentum,ema_cross,adx_min=0|fast_period=10|rsi_confirm=False|slow_period=100,both,all,NEEDS_MORE_DATA,12,,,,,,,,,,,,,,1.000000,,only 12 trades < min 20,eodhd
run_20260429_080326_2366a3,AAPL,stock,H1,trend_momentum,ema_cross,adx_min=0|fast_period=10|rsi_confirm=True|slow_period=100,both,all,NEEDS_MORE_DATA,11,,,,,,,,,,,,,,1.000000,,only 11 trades < min 20,eodhd
run_20260429_080326_2366a3,AAPL,stock,H1,trend_momentum,ema_cross,adx_min=20|fast_period=10|rsi_confirm=False|slow_period=100,both,all,NEEDS_MORE_DATA,12,,,,,,,,,,,,,,1.000000,,only 12 trades < min 20,eodhd
run_20260429_080326_2366a3,AAPL,stock,H1,trend_momentum,ema_cross,adx_min=20|fast_period=10|rsi_confirm=True|slow_period=100,both,all,NEEDS_MORE_DATA,11,,,,,,,,,,,,,,1.000000,,only 11 trades < min 20,eodhd
run_20260429_080326_2366a3,AAPL,stock,H1,trend_momentum,ema_cross,adx_min=25|fast_period=10|rsi_confirm=False|slow_period=100,both,all,NEEDS_MORE_DATA,12,,,,,,,,,,,,,,1.000000,,only 12 trades < min 20,eodhd
run_20260429_080326_2366a3,AAPL,stock,H1,trend_momentum,ema_cross,adx_min=25|fast_period=10|rsi_confirm=True|slow_period=100,both,all,NEEDS_MORE_DATA,11,,,,,,,,,,,,,,1.000000,,only 11 trades < min 20,eodhd
run_20260429_080326_2366a3,AAPL,stock,H1,trend_momentum,ema_cross,adx_min=0|fast_period=10|rsi_confirm=False|slow_period=200,both,all,NEEDS_MORE_DATA,10,,,,,,,,,,,,,,,,only 10 trades < min 20,eodhd
run_20260429_080326_2366a3,AAPL,stock,H1,trend_momentum,ema_cross,adx_min=0|fast_period=10|rsi_confirm=True|slow_period=200,both,all,NEEDS_MORE_DATA,9,,,,,,,,,,,,,,,,only 9 trades < min 20,eodhd
run_20260429_080326_2366a3,AAPL,stock,H1,trend_momentum,ema_cross,adx_min=20|fast_period=10|rsi_confirm=False|slow_period=200,both,all,NEEDS_MORE_DATA,10,,,,,,,,,,,,,,,,only 10 trades < min 20,eodhd
run_20260429_080326_2366a3,AAPL,stock,H1,trend_momentum,ema_cross,adx_min=20|fast_period=10|rsi_confirm=True|slow_period=200,both,all,NEEDS_MORE_DATA,9,,,,,,,,,,,,,,,,only 9 trades < min 20,eodhd
run_20260429_080326_2366a3,AAPL,stock,H1,trend_momentum,ema_cross,adx_min=25|fast_period=10|rsi_confirm=False|slow_period=200,both,all,NEEDS_MORE_DATA,10,,,,,,,,,,,,,,,,only 10 trades < min 20,eodhd
run_20260429_080326_2366a3,AAPL,stock,H1,trend_momentum,ema_cross,adx_min=25|fast_period=10|rsi_confirm=True|slow_period=200,both,all,NEEDS_MORE_DATA,9,,,,,,,,,,,,,,,,only 9 trades < min 20,eodhd
run_20260429_080326_2366a3,AAPL,stock,H1,trend_momentum,ema_cross,adx_min=0|fast_period=20|rsi_confirm=False|slow_period=50,both,all,NEEDS_MORE_DATA,10,,,,,,,,,,,,,,1.000000,,only 10 trades < min 20,eodhd
run_20260429_080326_2366a3,AAPL,stock,H1,trend_momentum,ema_cross,adx_min=0|fast_period=20|rsi_confirm=True|slow_period=50,both,all,NEEDS_MORE_DATA,9,,,,,,,,,,,,,,1.000000,,only 9 trades < min 20,eodhd
run_20260429_080326_2366a3,AAPL,stock,H1,trend_momentum,ema_cross,adx_min=20|fast_period=20|rsi_confirm=False|slow_period=50,both,all,NEEDS_MORE_DATA,10,,,,,,,,,,,,,,1.000000,,only 10 trades < min 20,eodhd
run_20260429_080326_2366a3,AAPL,stock,H1,trend_momentum,ema_cross,adx_min=20|fast_period=20|rsi_confirm=True|slow_period=50,both,all,NEEDS_MORE_DATA,9,,,,,,,,,,,,,,1.000000,,only 9 trades < min 20,eodhd
run_20260429_080326_2366a3,AAPL,stock,H1,trend_momentum,ema_cross,adx_min=25|fast_period=20|rsi_confirm=False|slow_period=50,both,all,NEEDS_MORE_DATA,9,,,,,,,,,,,,,,1.000000,,only 9 trades < min 20,eodhd
run_20260429_080326_2366a3,AAPL,stock,H1,trend_momentum,ema_cross,adx_min=25|fast_period=20|rsi_confirm=True|slow_period=50,both,all,NEEDS_MORE_DATA,8,,,,,,,,,,,,,,1.000000,,only 8 trades < min 20,eodhd
run_20260429_080326_2366a3,AAPL,stock,H1,trend_momentum,ema_cross,adx_min=0|fast_period=20|rsi_confirm=False|slow_period=100,both,all,NEEDS_MORE_DATA,8,,,,,,,,,,,,,,,,only 8 trades < min 20,eodhd
run_20260429_080326_2366a3,AAPL,stock,H1,trend_momentum,ema_cross,adx_min=0|fast_period=20|rsi_confirm=True|slow_period=100,both,all,NEEDS_MORE_DATA,7,,,,,,,,,,,,,,,,only 7 trades < min 20,eodhd
run_20260429_080326_2366a3,AAPL,stock,H1,trend_momentum,ema_cross,adx_min=20|fast_period=20|rsi_confirm=False|slow_period=100,both,all,NEEDS_MORE_DATA,8,,,,,,,,,,,,,,,,only 8 trades < min 20,eodhd
run_20260429_080326_2366a3,AAPL,stock,H1,trend_momentum,ema_cross,adx_min=20|fast_period=20|rsi_confirm=True|slow_period=100,both,all,NEEDS_MORE_DATA,7,,,,,,,,,,,,,,,,only 7 trades < min 20,eodhd
run_20260429_080326_2366a3,AAPL,stock,H1,trend_momentum,ema_cross,adx_min=25|fast_period=20|rsi_confirm=False|slow_period=100,both,all,NEEDS_MORE_DATA,8,,,,,,,,,,,,,,,,only 8 trades < min 20,eodhd
run_20260429_080326_2366a3,AAPL,stock,H1,trend_momentum,ema_cross,adx_min=25|fast_period=20|rsi_confirm=True|slow_period=100,both,all,NEEDS_MORE_DATA,7,,,,,,,,,,,,,,,,only 7 trades < min 20,eodhd
run_20260429_080326_2366a3,AAPL,stock,H1,trend_momentum,ema_cross,adx_min=0|fast_period=20|rsi_confirm=False|slow_period=200,both,all,NEEDS_MORE_DATA,8,,,,,,,,,,,,,,,,only 8 trades < min 20,eodhd
run_20260429_080326_2366a3,AAPL,stock,H1,trend_momentum,ema_cross,adx_min=0|fast_period=20|rsi_confirm=True|slow_period=200,both,all,NEEDS_MORE_DATA,7,,,,,,,,,,,,,,,,only 7 trades < min 20,eodhd
run_20260429_080326_2366a3,AAPL,stock,H1,trend_momentum,ema_cross,adx_min=20|fast_period=20|rsi_confirm=False|slow_period=200,both,all,NEEDS_MORE_DATA,8,,,,,,,,,,,,,,,,only 8 trades < min 20,eodhd
run_20260429_080326_2366a3,AAPL,stock,H1,trend_momentum,ema_cross,adx_min=20|fast_period=20|rsi_confirm=True|slow_period=200,both,all,NEEDS_MORE_DATA,7,,,,,,,,,,,,,,,,only 7 trades < min 20,eodhd
run_20260429_080326_2366a3,AAPL,stock,H1,trend_momentum,ema_cross,adx_min=25|fast_period=20|rsi_confirm=False|slow_period=200,both,all,NEEDS_MORE_DATA,8,,,,,,,,,,,,,,,,only 8 trades < min 20,eodhd
run_20260429_080326_2366a3,AAPL,stock,H1,trend_momentum,ema_cross,adx_min=25|fast_period=20|rsi_confirm=True|slow_period=200,both,all,NEEDS_MORE_DATA,7,,,,,,,,,,,,,,,,only 7 trades < min 20,eodhd
run_20260429_080326_2366a3,AAPL,stock,H1,trend_momentum,ema_alignment,adx_min=0|ema_long=200|ema_mid=50|ema_short=20,both,all,NEEDS_MORE_DATA,12,,,,,,,,,,,,,,1.000000,,only 12 trades < min 20,eodhd
run_20260429_080326_2366a3,AAPL,stock,H1,trend_momentum,ema_alignment,adx_min=20|ema_long=200|ema_mid=50|ema_short=20,both,all,NEEDS_MORE_DATA,12,,,,,,,,,,,,,,1.000000,,only 12 trades < min 20,eodhd
run_20260429_080326_2366a3,AAPL,stock,H1,trend_momentum,ema_alignment,adx_min=25|ema_long=200|ema_mid=50|ema_short=20,both,all,NEEDS_MORE_DATA,11,,,,,,,,,,,,,,1.000000,,only 11 trades < min 20,eodhd
run_20260429_080326_2366a3,AAPL,stock,H1,pullback,pullback_ema,pullback_period=20|rsi_reclaim=False|rsi_threshold=50|trend_period=200,both,all,REJECT,31,0.193548,0.672398,-0.002064,-0.002064,-0.114262,-2.577415,-0.850335,0.048212,8.354839,-0.064660,-0.064660,-0.066012,0.001448,0.286000,,,eodhd
run_20260429_080326_2366a3,AAPL,stock,H1,pullback,pullback_ema,pullback_period=20|rsi_reclaim=True|rsi_threshold=50|trend_period=200,both,all,REJECT,29,0.206897,0.703631,-0.001907,-0.001907,-0.110790,-2.235417,-0.735927,0.045101,8.655172,-0.056499,-0.056499,-0.057863,0.001448,0.274000,,,eodhd
run_20260429_080326_2366a3,AAPL,stock,H1,pullback,pullback_ema,pullback_period=50|rsi_reclaim=False|rsi_threshold=50|trend_period=200,both,all,NEEDS_MORE_DATA,15,,,,,,,,,,,,,,1.000000,,only 15 trades < min 20,eodhd
run_20260429_080326_2366a3,AAPL,stock,H1,pullback,pullback_ema,pullback_period=50|rsi_reclaim=True|rsi_threshold=50|trend_period=200,both,all,NEEDS_MORE_DATA,8,,,,,,,,,,,,,,1.000000,,only 8 trades < min 20,eodhd
run_20260429_080326_2366a3,AAPL,stock,H1,breakout,prev_day_hl,atr_expand_min=0.0,both,all,NEEDS_MORE_DATA,19,,,,,,,,,,,,,,1.000000,,only 19 trades < min 20,eodhd
run_20260429_080326_2366a3,AAPL,stock,H1,breakout,prev_day_hl,atr_expand_min=0.5,both,all,NEEDS_MORE_DATA,19,,,,,,,,,,,,,,1.000000,,only 19 trades < min 20,eodhd
run_20260429_080326_2366a3,AAPL,stock,H1,breakout,prev_day_hl,atr_expand_min=1.0,both,all,NEEDS_MORE_DATA,14,,,,,,,,,,,,,,,,only 14 trades < min 20,eodhd
run_20260429_080326_2366a3,AAPL,stock,H1,breakout,session_opening_range,atr_expand_min=0.0|range_bars=6,both,all,REJECT,31,0.419355,0.879649,-0.001109,-0.001109,-0.175738,-0.865557,-0.282791,0.048212,20.225806,-0.040882,-0.040882,0.147673,-0.175483,0.286000,,,eodhd
run_20260429_080326_2366a3,AAPL,stock,H1,breakout,session_opening_range,atr_expand_min=0.5|range_bars=6,both,all,REJECT,31,0.419355,0.879649,-0.001109,-0.001109,-0.175738,-0.865557,-0.282791,0.048212,20.225806,-0.040882,-0.040882,0.147673,-0.175483,0.286000,,,eodhd
run_20260429_080326_2366a3,AAPL,stock,H1,breakout,session_opening_range,atr_expand_min=0.0|range_bars=12,both,all,REJECT,28,0.285714,0.366079,-0.009709,-0.009709,-0.276646,-6.246680,-2.200523,0.043546,21.785714,-0.244904,-0.244904,-0.019636,-0.240093,0.268000,,,eodhd
run_20260429_080326_2366a3,AAPL,stock,H1,breakout,session_opening_range,atr_expand_min=0.5|range_bars=12,both,all,REJECT,28,0.285714,0.366079,-0.009709,-0.009709,-0.276646,-6.246680,-2.200523,0.043546,21.785714,-0.244904,-0.244904,-0.019636,-0.240093,0.301333,,,eodhd
run_20260429_080326_2366a3,AAPL,stock,H1,breakout,london_breakout,atr_expand_min=0.0|utc_end=11|utc_start=7,both,all,NEEDS_MORE_DATA,0,,,,,,,,,,,,,,,,only 0 trades < min 20,eodhd
run_20260429_080326_2366a3,AAPL,stock,H1,breakout,london_breakout,atr_expand_min=0.5|utc_end=11|utc_start=7,both,all,NEEDS_MORE_DATA,0,,,,,,,,,,,,,,,,only 0 trades < min 20,eodhd
run_20260429_080326_2366a3,AAPL,stock,H1,breakout,ny_breakout,atr_expand_min=0.0|utc_end=16|utc_start=13,both,all,REJECT,26,0.346154,0.423944,-0.007895,-0.007895,-0.228056,-5.162416,-1.780386,0.040435,21.423077,-0.191702,-0.191702,-0.007875,-0.196356,0.256000,,,eodhd
run_20260429_080326_2366a3,AAPL,stock,H1,breakout,ny_breakout,atr_expand_min=0.5|utc_end=16|utc_start=13,both,all,REJECT,26,0.346154,0.423944,-0.007895,-0.007895,-0.228056,-5.162416,-1.780386,0.040435,21.423077,-0.191702,-0.191702,-0.007875,-0.196356,0.256000,,,eodhd
run_20260429_080326_2366a3,AAPL,stock,H1,mean_reversion,rsi_extreme,overbought=70|oversold=30|period=14,both,all,NEEDS_MORE_DATA,14,,,,,,,,,,,,,,1.000000,,only 14 trades < min 20,eodhd
run_20260429_080326_2366a3,AAPL,stock,H1,mean_reversion,rsi_extreme,overbought=75|oversold=30|period=14,both,all,NEEDS_MORE_DATA,11,,,,,,,,,,,,,,,,only 11 trades < min 20,eodhd
run_20260429_080326_2366a3,AAPL,stock,H1,mean_reversion,rsi_extreme,overbought=70|oversold=25|period=14,both,all,NEEDS_MORE_DATA,12,,,,,,,,,,,,,,,,only 12 trades < min 20,eodhd
run_20260429_080326_2366a3,AAPL,stock,H1,mean_reversion,rsi_extreme,overbought=75|oversold=25|period=14,both,all,NEEDS_MORE_DATA,9,,,,,,,,,,,,,,,,only 9 trades < min 20,eodhd
run_20260429_080326_2366a3,AAPL,stock,H1,mean_reversion,bollinger_touch,num_std=2.5|period=20,both,all,NEEDS_MORE_DATA,15,,,,,,,,,,,,,,1.000000,,only 15 trades < min 20,eodhd
run_20260429_080326_2366a3,AAPL,stock,H1,mean_reversion,vwap_deviation,std_threshold=1.5,both,all,NEEDS_MORE_DATA,3,,,,,,,,,,,,,,,,only 3 trades < min 20,eodhd
run_20260429_080326_2366a3,AAPL,stock,H1,mean_reversion,vwap_deviation,std_threshold=2.0,both,all,NEEDS_MORE_DATA,4,,,,,,,,,,,,,,,,only 4 trades < min 20,eodhd
run_20260429_080326_2366a3,AAPL,stock,H1,engine_b_proxy,ob_bos,require_engulf=False|require_vol_expand=False|swing_period=5,both,all,NEEDS_MORE_DATA,11,,,,,,,,,,,,,,,,only 11 trades < min 20,eodhd
run_20260429_080326_2366a3,AAPL,stock,H1,engine_b_proxy,ob_bos,require_engulf=False|require_vol_expand=True|swing_period=5,both,all,NEEDS_MORE_DATA,10,,,,,,,,,,,,,,,,only 10 trades < min 20,eodhd
run_20260429_080326_2366a3,AAPL,stock,H1,engine_b_proxy,ob_bos,require_engulf=True|require_vol_expand=False|swing_period=5,both,all,NEEDS_MORE_DATA,11,,,,,,,,,,,,,,,,only 11 trades < min 20,eodhd
run_20260429_080326_2366a3,AAPL,stock,H1,engine_b_proxy,ob_bos,require_engulf=True|require_vol_expand=True|swing_period=5,both,all,NEEDS_MORE_DATA,9,,,,,,,,,,,,,,,,only 9 trades < min 20,eodhd
run_20260429_080326_2366a3,AAPL,stock,H1,engine_b_proxy,ob_bos,require_engulf=False|require_vol_expand=False|swing_period=10,both,all,NEEDS_MORE_DATA,9,,,,,,,,,,,,,,,,only 9 trades < min 20,eodhd
run_20260429_080326_2366a3,AAPL,stock,H1,engine_b_proxy,ob_bos,require_engulf=False|require_vol_expand=True|swing_period=10,both,all,NEEDS_MORE_DATA,8,,,,,,,,,,,,,,,,only 8 trades < min 20,eodhd
run_20260429_080326_2366a3,AAPL,stock,H1,engine_b_proxy,ob_bos,require_engulf=True|require_vol_expand=False|swing_period=10,both,all,NEEDS_MORE_DATA,9,,,,,,,,,,,,,,,,only 9 trades < min 20,eodhd
run_20260429_080326_2366a3,AAPL,stock,H1,engine_b_proxy,ob_bos,require_engulf=True|require_vol_expand=True|swing_period=10,both,all,NEEDS_MORE_DATA,7,,,,,,,,,,,,,,,,only 7 trades < min 20,eodhd
run_20260429_080326_2366a3,AAPL,stock,H1,engine_b_proxy,structure_filters,fvg_detection=False|strong_close_pct=0.7,both,all,REJECT,173,0.219653,0.398663,-0.003475,-0.003475,-0.461011,-12.100107,-4.085294,0.269051,3.566474,-0.458301,-0.458301,-0.244487,-0.277598,0.692705,,,eodhd
run_20260429_080326_2366a3,AAPL,stock,H1,engine_b_proxy,structure_filters,fvg_detection=True|strong_close_pct=0.7,both,all,REJECT,32,0.375000,0.563239,-0.003366,-0.003366,-0.167725,-3.690616,-1.231107,0.049767,12.968750,-0.105759,-0.105759,-0.024536,-0.082153,0.292000,,,eodhd
run_20260429_080326_2366a3,AAPL,stock,H1,engine_b_proxy,structure_filters,fvg_detection=False|strong_close_pct=0.8,both,all,REJECT,123,0.268293,0.558739,-0.002586,-0.002586,-0.330941,-6.694894,-2.219752,0.191291,4.756098,-0.280157,-0.280157,-0.125295,-0.170839,0.624286,,,eodhd
run_20260429_080326_2366a3,AAPL,stock,H1,engine_b_proxy,structure_filters,fvg_detection=True|strong_close_pct=0.8,both,all,REJECT,29,0.275862,0.290330,-0.007094,-0.007094,-0.224268,-7.066328,-2.538773,0.045101,12.103448,-0.189274,-0.189274,-0.074515,-0.115942,0.407217,,,eodhd
run_20260429_080326_2366a3,TSLA,stock,H1,trend_momentum,ema_cross,adx_min=0|fast_period=10|rsi_confirm=False|slow_period=50,both,all,REJECT,22,0.272727,0.232106,-0.013221,-0.013221,-0.285186,-7.609604,-2.907641,0.034215,27.818182,-0.257625,-0.257625,-0.230472,-0.045157,0.290780,,,eodhd
run_20260429_080326_2366a3,TSLA,stock,H1,trend_momentum,ema_cross,adx_min=0|fast_period=10|rsi_confirm=True|slow_period=50,both,all,REJECT,22,0.272727,0.232106,-0.013221,-0.013221,-0.285186,-7.609604,-2.907641,0.034215,27.818182,-0.257625,-0.257625,-0.230472,-0.045157,0.290780,,,eodhd
run_20260429_080326_2366a3,TSLA,stock,H1,trend_momentum,ema_cross,adx_min=20|fast_period=10|rsi_confirm=False|slow_period=50,both,all,REJECT,21,0.285714,0.237032,-0.013476,-0.013476,-0.279510,-7.421902,-2.834962,0.032659,28.190476,-0.251730,-0.251730,-0.224361,-0.045157,0.286381,,,eodhd
run_20260429_080326_2366a3,TSLA,stock,H1,trend_momentum,ema_cross,adx_min=20|fast_period=10|rsi_confirm=True|slow_period=50,both,all,REJECT,21,0.285714,0.237032,-0.013476,-0.013476,-0.279510,-7.421902,-2.834962,0.032659,28.190476,-0.251730,-0.251730,-0.224361,-0.045157,0.286381,,,eodhd
run_20260429_080326_2366a3,TSLA,stock,H1,trend_momentum,ema_cross,adx_min=25|fast_period=10|rsi_confirm=False|slow_period=50,both,all,REJECT,21,0.285714,0.237032,-0.013476,-0.013476,-0.279510,-7.421902,-2.834962,0.032659,28.190476,-0.251730,-0.251730,-0.224361,-0.045157,0.286381,,,eodhd
run_20260429_080326_2366a3,TSLA,stock,H1,trend_momentum,ema_cross,adx_min=25|fast_period=10|rsi_confirm=True|slow_period=50,both,all,REJECT,21,0.285714,0.237032,-0.013476,-0.013476,-0.279510,-7.421902,-2.834962,0.032659,28.190476,-0.251730,-0.251730,-0.224361,-0.045157,0.286381,,,eodhd
run_20260429_080326_2366a3,TSLA,stock,H1,trend_momentum,ema_cross,adx_min=0|fast_period=10|rsi_confirm=False|slow_period=100,both,all,NEEDS_MORE_DATA,12,,,,,,,,,,,,,,1.000000,,only 12 trades < min 20,eodhd
run_20260429_080326_2366a3,TSLA,stock,H1,trend_momentum,ema_cross,adx_min=0|fast_period=10|rsi_confirm=True|slow_period=100,both,all,NEEDS_MORE_DATA,12,,,,,,,,,,,,,,1.000000,,only 12 trades < min 20,eodhd
run_20260429_080326_2366a3,TSLA,stock,H1,trend_momentum,ema_cross,adx_min=20|fast_period=10|rsi_confirm=False|slow_period=100,both,all,NEEDS_MORE_DATA,11,,,,,,,,,,,,,,1.000000,,only 11 trades < min 20,eodhd
run_20260429_080326_2366a3,TSLA,stock,H1,trend_momentum,ema_cross,adx_min=20|fast_period=10|rsi_confirm=True|slow_period=100,both,all,NEEDS_MORE_DATA,11,,,,,,,,,,,,,,1.000000,,only 11 trades < min 20,eodhd
run_20260429_080326_2366a3,TSLA,stock,H1,trend_momentum,ema_cross,adx_min=25|fast_period=10|rsi_confirm=False|slow_period=100,both,all,NEEDS_MORE_DATA,11,,,,,,,,,,,,,,1.000000,,only 11 trades < min 20,eodhd
run_20260429_080326_2366a3,TSLA,stock,H1,trend_momentum,ema_cross,adx_min=25|fast_period=10|rsi_confirm=True|slow_period=100,both,all,NEEDS_MORE_DATA,11,,,,,,,,,,,,,,1.000000,,only 11 trades < min 20,eodhd
run_20260429_080326_2366a3,TSLA,stock,H1,trend_momentum,ema_cross,adx_min=0|fast_period=10|rsi_confirm=False|slow_period=200,both,all,NEEDS_MORE_DATA,4,,,,,,,,,,,,,,,,only 4 trades < min 20,eodhd
run_20260429_080326_2366a3,TSLA,stock,H1,trend_momentum,ema_cross,adx_min=0|fast_period=10|rsi_confirm=True|slow_period=200,both,all,NEEDS_MORE_DATA,4,,,,,,,,,,,,,,,,only 4 trades < min 20,eodhd
run_20260429_080326_2366a3,TSLA,stock,H1,trend_momentum,ema_cross,adx_min=20|fast_period=10|rsi_confirm=False|slow_period=200,both,all,NEEDS_MORE_DATA,3,,,,,,,,,,,,,,,,only 3 trades < min 20,eodhd
run_20260429_080326_2366a3,TSLA,stock,H1,trend_momentum,ema_cross,adx_min=20|fast_period=10|rsi_confirm=True|slow_period=200,both,all,NEEDS_MORE_DATA,3,,,,,,,,,,,,,,,,only 3 trades < min 20,eodhd
run_20260429_080326_2366a3,TSLA,stock,H1,trend_momentum,ema_cross,adx_min=25|fast_period=10|rsi_confirm=False|slow_period=200,both,all,NEEDS_MORE_DATA,3,,,,,,,,,,,,,,,,only 3 trades < min 20,eodhd
run_20260429_080326_2366a3,TSLA,stock,H1,trend_momentum,ema_cross,adx_min=25|fast_period=10|rsi_confirm=True|slow_period=200,both,all,NEEDS_MORE_DATA,3,,,,,,,,,,,,,,,,only 3 trades < min 20,eodhd
run_20260429_080326_2366a3,TSLA,stock,H1,trend_momentum,ema_cross,adx_min=0|fast_period=20|rsi_confirm=False|slow_period=50,both,all,NEEDS_MORE_DATA,14,,,,,,,,,,,,,,1.000000,,only 14 trades < min 20,eodhd
run_20260429_080326_2366a3,TSLA,stock,H1,trend_momentum,ema_cross,adx_min=0|fast_period=20|rsi_confirm=True|slow_period=50,both,all,NEEDS_MORE_DATA,14,,,,,,,,,,,,,,1.000000,,only 14 trades < min 20,eodhd
run_20260429_080326_2366a3,TSLA,stock,H1,trend_momentum,ema_cross,adx_min=20|fast_period=20|rsi_confirm=False|slow_period=50,both,all,NEEDS_MORE_DATA,13,,,,,,,,,,,,,,1.000000,,only 13 trades < min 20,eodhd
run_20260429_080326_2366a3,TSLA,stock,H1,trend_momentum,ema_cross,adx_min=20|fast_period=20|rsi_confirm=True|slow_period=50,both,all,NEEDS_MORE_DATA,13,,,,,,,,,,,,,,1.000000,,only 13 trades < min 20,eodhd
run_20260429_080326_2366a3,TSLA,stock,H1,trend_momentum,ema_cross,adx_min=25|fast_period=20|rsi_confirm=False|slow_period=50,both,all,NEEDS_MORE_DATA,13,,,,,,,,,,,,,,1.000000,,only 13 trades < min 20,eodhd
run_20260429_080326_2366a3,TSLA,stock,H1,trend_momentum,ema_cross,adx_min=25|fast_period=20|rsi_confirm=True|slow_period=50,both,all,NEEDS_MORE_DATA,13,,,,,,,,,,,,,,1.000000,,only 13 trades < min 20,eodhd
run_20260429_080326_2366a3,TSLA,stock,H1,trend_momentum,ema_cross,adx_min=0|fast_period=20|rsi_confirm=False|slow_period=100,both,all,NEEDS_MORE_DATA,10,,,,,,,,,,,,,,,,only 10 trades < min 20,eodhd
run_20260429_080326_2366a3,TSLA,stock,H1,trend_momentum,ema_cross,adx_min=0|fast_period=20|rsi_confirm=True|slow_period=100,both,all,NEEDS_MORE_DATA,10,,,,,,,,,,,,,,,,only 10 trades < min 20,eodhd
run_20260429_080326_2366a3,TSLA,stock,H1,trend_momentum,ema_cross,adx_min=20|fast_period=20|rsi_confirm=False|slow_period=100,both,all,NEEDS_MORE_DATA,9,,,,,,,,,,,,,,,,only 9 trades < min 20,eodhd
run_20260429_080326_2366a3,TSLA,stock,H1,trend_momentum,ema_cross,adx_min=20|fast_period=20|rsi_confirm=True|slow_period=100,both,all,NEEDS_MORE_DATA,9,,,,,,,,,,,,,,,,only 9 trades < min 20,eodhd
run_20260429_080326_2366a3,TSLA,stock,H1,trend_momentum,ema_cross,adx_min=25|fast_period=20|rsi_confirm=False|slow_period=100,both,all,NEEDS_MORE_DATA,9,,,,,,,,,,,,,,,,only 9 trades < min 20,eodhd
run_20260429_080326_2366a3,TSLA,stock,H1,trend_momentum,ema_cross,adx_min=25|fast_period=20|rsi_confirm=True|slow_period=100,both,all,NEEDS_MORE_DATA,9,,,,,,,,,,,,,,,,only 9 trades < min 20,eodhd
run_20260429_080326_2366a3,TSLA,stock,H1,trend_momentum,ema_cross,adx_min=0|fast_period=20|rsi_confirm=False|slow_period=200,both,all,NEEDS_MORE_DATA,2,,,,,,,,,,,,,,,,only 2 trades < min 20,eodhd
run_20260429_080326_2366a3,TSLA,stock,H1,trend_momentum,ema_cross,adx_min=0|fast_period=20|rsi_confirm=True|slow_period=200,both,all,NEEDS_MORE_DATA,2,,,,,,,,,,,,,,,,only 2 trades < min 20,eodhd
run_20260429_080326_2366a3,TSLA,stock,H1,trend_momentum,ema_cross,adx_min=20|fast_period=20|rsi_confirm=False|slow_period=200,both,all,NEEDS_MORE_DATA,1,,,,,,,,,,,,,,,,only 1 trades < min 20,eodhd
run_20260429_080326_2366a3,TSLA,stock,H1,trend_momentum,ema_cross,adx_min=20|fast_period=20|rsi_confirm=True|slow_period=200,both,all,NEEDS_MORE_DATA,1,,,,,,,,,,,,,,,,only 1 trades < min 20,eodhd
run_20260429_080326_2366a3,TSLA,stock,H1,trend_momentum,ema_cross,adx_min=25|fast_period=20|rsi_confirm=False|slow_period=200,both,all,NEEDS_MORE_DATA,1,,,,,,,,,,,,,,,,only 1 trades < min 20,eodhd
run_20260429_080326_2366a3,TSLA,stock,H1,trend_momentum,ema_cross,adx_min=25|fast_period=20|rsi_confirm=True|slow_period=200,both,all,NEEDS_MORE_DATA,1,,,,,,,,,,,,,,,,only 1 trades < min 20,eodhd
run_20260429_080326_2366a3,TSLA,stock,H1,trend_momentum,ema_alignment,adx_min=0|ema_long=200|ema_mid=50|ema_short=20,both,all,NEEDS_MORE_DATA,15,,,,,,,,,,,,,,1.000000,,only 15 trades < min 20,eodhd
run_20260429_080326_2366a3,TSLA,stock,H1,trend_momentum,ema_alignment,adx_min=20|ema_long=200|ema_mid=50|ema_short=20,both,all,NEEDS_MORE_DATA,14,,,,,,,,,,,,,,1.000000,,only 14 trades < min 20,eodhd
run_20260429_080326_2366a3,TSLA,stock,H1,trend_momentum,ema_alignment,adx_min=25|ema_long=200|ema_mid=50|ema_short=20,both,all,NEEDS_MORE_DATA,14,,,,,,,,,,,,,,1.000000,,only 14 trades < min 20,eodhd
run_20260429_080326_2366a3,TSLA,stock,H1,trend_momentum,macd_direction,adx_min=0|fast=12|signal_period=9|slow=26,both,all,REJECT,45,0.311111,0.766360,-0.003099,-0.003099,-0.256053,-2.013954,-0.660137,0.069984,14.000000,-0.149200,-0.149200,-0.236641,0.123959,0.406364,,,eodhd
run_20260429_080326_2366a3,TSLA,stock,H1,trend_momentum,macd_direction,adx_min=20|fast=12|signal_period=9|slow=26,both,all,REJECT,44,0.318182,0.772693,-0.003058,-0.003058,-0.252396,-1.943786,-0.637006,0.068429,14.272727,-0.145017,-0.145017,-0.232888,0.123959,0.384000,,,eodhd
run_20260429_080326_2366a3,TSLA,stock,H1,pullback,pullback_ema,pullback_period=20|rsi_reclaim=False|rsi_threshold=50|trend_period=200,both,all,REJECT,26,0.192308,0.414795,-0.003893,-0.003893,-0.098064,-4.934902,-1.693405,0.040435,7.692308,-0.098064,-0.098064,-0.058501,-0.042021,0.471485,,,eodhd
run_20260429_080326_2366a3,TSLA,stock,H1,pullback,pullback_ema,pullback_period=20|rsi_reclaim=True|rsi_threshold=50|trend_period=200,both,all,REJECT,25,0.200000,0.429022,-0.003819,-0.003819,-0.092860,-4.674054,-1.598363,0.038880,7.920000,-0.092860,-0.092860,-0.053070,-0.042021,0.487539,,,eodhd
run_20260429_080326_2366a3,TSLA,stock,H1,pullback,pullback_ema,pullback_period=50|rsi_reclaim=False|rsi_threshold=50|trend_period=200,both,all,NEEDS_MORE_DATA,19,,,,,,,,,,,,,,1.000000,,only 19 trades < min 20,eodhd
run_20260429_080326_2366a3,TSLA,stock,H1,pullback,pullback_ema,pullback_period=50|rsi_reclaim=True|rsi_threshold=50|trend_period=200,both,all,NEEDS_MORE_DATA,10,,,,,,,,,,,,,,1.000000,,only 10 trades < min 20,eodhd
run_20260429_080326_2366a3,TSLA,stock,H1,breakout,prev_day_hl,atr_expand_min=0.0,both,all,NEEDS_MORE_DATA,19,,,,,,,,,,,,,,1.000000,,only 19 trades < min 20,eodhd
run_20260429_080326_2366a3,TSLA,stock,H1,breakout,prev_day_hl,atr_expand_min=0.5,both,all,NEEDS_MORE_DATA,19,,,,,,,,,,,,,,1.000000,,only 19 trades < min 20,eodhd
run_20260429_080326_2366a3,TSLA,stock,H1,breakout,prev_day_hl,atr_expand_min=1.0,both,all,NEEDS_MORE_DATA,18,,,,,,,,,,,,,,,,only 18 trades < min 20,eodhd
run_20260429_080326_2366a3,TSLA,stock,H1,breakout,session_opening_range,atr_expand_min=0.0|range_bars=6,both,all,REJECT,37,0.324324,0.677758,-0.004147,-0.004147,-0.158023,-2.680009,-0.883173,0.057543,16.864865,-0.155250,-0.155250,-0.129959,-0.054740,0.448364,,,eodhd
run_20260429_080326_2366a3,TSLA,stock,H1,breakout,session_opening_range,atr_expand_min=0.5|range_bars=6,both,all,REJECT,37,0.324324,0.641451,-0.004614,-0.004614,-0.169372,-3.025877,-0.999883,0.057543,16.675676,-0.169372,-0.169372,-0.144505,-0.054740,0.435644,,,eodhd
run_20260429_080326_2366a3,TSLA,stock,H1,breakout,session_opening_range,atr_expand_min=0.0|range_bars=12,both,all,REJECT,20,0.400000,0.777305,-0.003956,-0.003956,-0.265586,-1.409787,-0.462412,0.031104,28.700000,-0.089508,-0.089508,-0.162300,0.087600,0.220000,,,eodhd
run_20260429_080326_2366a3,TSLA,stock,H1,breakout,session_opening_range,atr_expand_min=0.5|range_bars=12,both,all,REJECT,20,0.400000,0.777305,-0.003956,-0.003956,-0.265586,-1.409787,-0.462412,0.031104,28.700000,-0.089508,-0.089508,-0.162300,0.087600,0.253333,,,eodhd
run_20260429_080326_2366a3,TSLA,stock,H1,breakout,london_breakout,atr_expand_min=0.0|utc_end=11|utc_start=7,both,all,NEEDS_MORE_DATA,0,,,,,,,,,,,,,,,,only 0 trades < min 20,eodhd
run_20260429_080326_2366a3,TSLA,stock,H1,breakout,london_breakout,atr_expand_min=0.5|utc_end=11|utc_start=7,both,all,NEEDS_MORE_DATA,0,,,,,,,,,,,,,,,,only 0 trades < min 20,eodhd
run_20260429_080326_2366a3,TSLA,stock,H1,breakout,ny_breakout,atr_expand_min=0.0|utc_end=16|utc_start=13,both,all,REJECT,22,0.318182,0.757584,-0.003147,-0.003147,-0.163342,-1.507411,-0.494525,0.034215,24.636364,-0.075908,-0.075908,-0.146659,0.054277,0.232000,,,eodhd
run_20260429_080326_2366a3,TSLA,stock,H1,breakout,ny_breakout,atr_expand_min=0.5|utc_end=16|utc_start=13,both,all,REJECT,22,0.318182,0.757584,-0.003147,-0.003147,-0.163342,-1.507411,-0.494525,0.034215,24.636364,-0.075908,-0.075908,-0.146659,0.054277,0.232000,,,eodhd
run_20260429_080326_2366a3,TSLA,stock,H1,mean_reversion,rsi_extreme,overbought=70|oversold=30|period=14,both,all,NEEDS_MORE_DATA,16,,,,,,,,,,,,,,1.000000,,only 16 trades < min 20,eodhd
run_20260429_080326_2366a3,TSLA,stock,H1,mean_reversion,rsi_extreme,overbought=75|oversold=30|period=14,both,all,NEEDS_MORE_DATA,14,,,,,,,,,,,,,,,,only 14 trades < min 20,eodhd
run_20260429_080326_2366a3,TSLA,stock,H1,mean_reversion,rsi_extreme,overbought=70|oversold=25|period=14,both,all,NEEDS_MORE_DATA,9,,,,,,,,,,,,,,,,only 9 trades < min 20,eodhd
run_20260429_080326_2366a3,TSLA,stock,H1,mean_reversion,rsi_extreme,overbought=75|oversold=25|period=14,both,all,NEEDS_MORE_DATA,7,,,,,,,,,,,,,,,,only 7 trades < min 20,eodhd
run_20260429_080326_2366a3,TSLA,stock,H1,mean_reversion,bollinger_touch,num_std=2.0|period=20,both,all,NEEDS_MORE_DATA,17,,,,,,,,,,,,,,1.000000,,only 17 trades < min 20,eodhd
run_20260429_080326_2366a3,TSLA,stock,H1,mean_reversion,bollinger_touch,num_std=2.5|period=20,both,all,NEEDS_MORE_DATA,12,,,,,,,,,,,,,,1.000000,,only 12 trades < min 20,eodhd
run_20260429_080326_2366a3,TSLA,stock,H1,mean_reversion,vwap_deviation,std_threshold=1.5,both,all,NEEDS_MORE_DATA,5,,,,,,,,,,,,,,,,only 5 trades < min 20,eodhd
run_20260429_080326_2366a3,TSLA,stock,H1,mean_reversion,vwap_deviation,std_threshold=2.0,both,all,NEEDS_MORE_DATA,3,,,,,,,,,,,,,,,,only 3 trades < min 20,eodhd
run_20260429_080326_2366a3,TSLA,stock,H1,engine_b_proxy,ob_bos,require_engulf=False|require_vol_expand=False|swing_period=5,both,all,NEEDS_MORE_DATA,15,,,,,,,,,,,,,,,,only 15 trades < min 20,eodhd
run_20260429_080326_2366a3,TSLA,stock,H1,engine_b_proxy,ob_bos,require_engulf=False|require_vol_expand=True|swing_period=5,both,all,NEEDS_MORE_DATA,12,,,,,,,,,,,,,,,,only 12 trades < min 20,eodhd
run_20260429_080326_2366a3,TSLA,stock,H1,engine_b_proxy,ob_bos,require_engulf=True|require_vol_expand=False|swing_period=5,both,all,NEEDS_MORE_DATA,15,,,,,,,,,,,,,,,,only 15 trades < min 20,eodhd
run_20260429_080326_2366a3,TSLA,stock,H1,engine_b_proxy,ob_bos,require_engulf=True|require_vol_expand=True|swing_period=5,both,all,NEEDS_MORE_DATA,12,,,,,,,,,,,,,,,,only 12 trades < min 20,eodhd
run_20260429_080326_2366a3,TSLA,stock,H1,engine_b_proxy,ob_bos,require_engulf=False|require_vol_expand=False|swing_period=10,both,all,NEEDS_MORE_DATA,6,,,,,,,,,,,,,,,,only 6 trades < min 20,eodhd
run_20260429_080326_2366a3,TSLA,stock,H1,engine_b_proxy,ob_bos,require_engulf=False|require_vol_expand=True|swing_period=10,both,all,NEEDS_MORE_DATA,5,,,,,,,,,,,,,,,,only 5 trades < min 20,eodhd
run_20260429_080326_2366a3,TSLA,stock,H1,engine_b_proxy,ob_bos,require_engulf=True|require_vol_expand=False|swing_period=10,both,all,NEEDS_MORE_DATA,6,,,,,,,,,,,,,,,,only 6 trades < min 20,eodhd
run_20260429_080326_2366a3,TSLA,stock,H1,engine_b_proxy,ob_bos,require_engulf=True|require_vol_expand=True|swing_period=10,both,all,NEEDS_MORE_DATA,5,,,,,,,,,,,,,,,,only 5 trades < min 20,eodhd
run_20260429_080326_2366a3,TSLA,stock,H1,engine_b_proxy,structure_filters,fvg_detection=False|strong_close_pct=0.7,both,all,REJECT,177,0.305085,0.712295,-0.002138,-0.002138,-0.403282,-4.956294,-1.626046,0.275272,3.514124,-0.333591,-0.333591,-0.367928,0.041771,0.433333,,,eodhd
run_20260429_080326_2366a3,TSLA,stock,H1,engine_b_proxy,structure_filters,fvg_detection=True|strong_close_pct=0.7,both,all,REJECT,24,0.416667,0.991480,-0.000098,-0.000098,-0.185842,-0.043880,-0.014319,0.037325,14.375000,-0.015025,-0.015025,-0.177656,0.209808,0.244000,,,eodhd
run_20260429_080326_2366a3,TSLA,stock,H1,engine_b_proxy,structure_filters,fvg_detection=False|strong_close_pct=0.8,both,all,REJECT,124,0.330645,0.831956,-0.001297,-0.001297,-0.287865,-2.226306,-0.727729,0.192846,4.830645,-0.168912,-0.168912,-0.229493,0.070992,0.433333,,,eodhd
run_20260429_080326_2366a3,TSLA,stock,H1,engine_b_proxy,structure_filters,fvg_detection=True|strong_close_pct=0.8,both,all,REJECT,21,0.380952,0.917307,-0.001131,-0.001131,-0.199844,-0.445025,-0.145289,0.032659,15.571429,-0.035911,-0.035911,-0.191799,0.204877,0.226000,,,eodhd
run_20260429_080326_2366a3,MSFT,stock,H1,trend_momentum,ema_cross,adx_min=0|fast_period=10|rsi_confirm=False|slow_period=50,both,all,NEEDS_MORE_DATA,13,,,,,,,,,,,,,,1.000000,,only 13 trades < min 20,eodhd
run_20260429_080326_2366a3,MSFT,stock,H1,trend_momentum,ema_cross,adx_min=0|fast_period=10|rsi_confirm=True|slow_period=50,both,all,NEEDS_MORE_DATA,13,,,,,,,,,,,,,,1.000000,,only 13 trades < min 20,eodhd
run_20260429_080326_2366a3,MSFT,stock,H1,trend_momentum,ema_cross,adx_min=20|fast_period=10|rsi_confirm=False|slow_period=50,both,all,NEEDS_MORE_DATA,13,,,,,,,,,,,,,,1.000000,,only 13 trades < min 20,eodhd
run_20260429_080326_2366a3,MSFT,stock,H1,trend_momentum,ema_cross,adx_min=20|fast_period=10|rsi_confirm=True|slow_period=50,both,all,NEEDS_MORE_DATA,13,,,,,,,,,,,,,,1.000000,,only 13 trades < min 20,eodhd
run_20260429_080326_2366a3,MSFT,stock,H1,trend_momentum,ema_cross,adx_min=25|fast_period=10|rsi_confirm=False|slow_period=50,both,all,NEEDS_MORE_DATA,12,,,,,,,,,,,,,,1.000000,,only 12 trades < min 20,eodhd
run_20260429_080326_2366a3,MSFT,stock,H1,trend_momentum,ema_cross,adx_min=25|fast_period=10|rsi_confirm=True|slow_period=50,both,all,NEEDS_MORE_DATA,12,,,,,,,,,,,,,,1.000000,,only 12 trades < min 20,eodhd
run_20260429_080326_2366a3,MSFT,stock,H1,trend_momentum,ema_cross,adx_min=0|fast_period=10|rsi_confirm=False|slow_period=100,both,all,NEEDS_MORE_DATA,9,,,,,,,,,,,,,,1.000000,,only 9 trades < min 20,eodhd
run_20260429_080326_2366a3,MSFT,stock,H1,trend_momentum,ema_cross,adx_min=0|fast_period=10|rsi_confirm=True|slow_period=100,both,all,NEEDS_MORE_DATA,9,,,,,,,,,,,,,,1.000000,,only 9 trades < min 20,eodhd
run_20260429_080326_2366a3,MSFT,stock,H1,trend_momentum,ema_cross,adx_min=20|fast_period=10|rsi_confirm=False|slow_period=100,both,all,NEEDS_MORE_DATA,9,,,,,,,,,,,,,,1.000000,,only 9 trades < min 20,eodhd
run_20260429_080326_2366a3,MSFT,stock,H1,trend_momentum,ema_cross,adx_min=20|fast_period=10|rsi_confirm=True|slow_period=100,both,all,NEEDS_MORE_DATA,9,,,,,,,,,,,,,,1.000000,,only 9 trades < min 20,eodhd
run_20260429_080326_2366a3,MSFT,stock,H1,trend_momentum,ema_cross,adx_min=25|fast_period=10|rsi_confirm=False|slow_period=100,both,all,NEEDS_MORE_DATA,8,,,,,,,,,,,,,,1.000000,,only 8 trades < min 20,eodhd
run_20260429_080326_2366a3,MSFT,stock,H1,trend_momentum,ema_cross,adx_min=25|fast_period=10|rsi_confirm=True|slow_period=100,both,all,NEEDS_MORE_DATA,8,,,,,,,,,,,,,,1.000000,,only 8 trades < min 20,eodhd
run_20260429_080326_2366a3,MSFT,stock,H1,trend_momentum,ema_cross,adx_min=0|fast_period=10|rsi_confirm=False|slow_period=200,both,all,NEEDS_MORE_DATA,3,,,,,,,,,,,,,,,,only 3 trades < min 20,eodhd
run_20260429_080326_2366a3,MSFT,stock,H1,trend_momentum,ema_cross,adx_min=0|fast_period=10|rsi_confirm=True|slow_period=200,both,all,NEEDS_MORE_DATA,3,,,,,,,,,,,,,,,,only 3 trades < min 20,eodhd
run_20260429_080326_2366a3,MSFT,stock,H1,trend_momentum,ema_cross,adx_min=20|fast_period=10|rsi_confirm=False|slow_period=200,both,all,NEEDS_MORE_DATA,3,,,,,,,,,,,,,,,,only 3 trades < min 20,eodhd
run_20260429_080326_2366a3,MSFT,stock,H1,trend_momentum,ema_cross,adx_min=20|fast_period=10|rsi_confirm=True|slow_period=200,both,all,NEEDS_MORE_DATA,3,,,,,,,,,,,,,,,,only 3 trades < min 20,eodhd
run_20260429_080326_2366a3,MSFT,stock,H1,trend_momentum,ema_cross,adx_min=25|fast_period=10|rsi_confirm=False|slow_period=200,both,all,NEEDS_MORE_DATA,3,,,,,,,,,,,,,,,,only 3 trades < min 20,eodhd
run_20260429_080326_2366a3,MSFT,stock,H1,trend_momentum,ema_cross,adx_min=25|fast_period=10|rsi_confirm=True|slow_period=200,both,all,NEEDS_MORE_DATA,3,,,,,,,,,,,,,,,,only 3 trades < min 20,eodhd
run_20260429_080326_2366a3,MSFT,stock,H1,trend_momentum,ema_cross,adx_min=0|fast_period=20|rsi_confirm=False|slow_period=50,both,all,NEEDS_MORE_DATA,9,,,,,,,,,,,,,,1.000000,,only 9 trades < min 20,eodhd
run_20260429_080326_2366a3,MSFT,stock,H1,trend_momentum,ema_cross,adx_min=0|fast_period=20|rsi_confirm=True|slow_period=50,both,all,NEEDS_MORE_DATA,9,,,,,,,,,,,,,,1.000000,,only 9 trades < min 20,eodhd
run_20260429_080326_2366a3,MSFT,stock,H1,trend_momentum,ema_cross,adx_min=20|fast_period=20|rsi_confirm=False|slow_period=50,both,all,NEEDS_MORE_DATA,9,,,,,,,,,,,,,,1.000000,,only 9 trades < min 20,eodhd
run_20260429_080326_2366a3,MSFT,stock,H1,trend_momentum,ema_cross,adx_min=20|fast_period=20|rsi_confirm=True|slow_period=50,both,all,NEEDS_MORE_DATA,9,,,,,,,,,,,,,,1.000000,,only 9 trades < min 20,eodhd
run_20260429_080326_2366a3,MSFT,stock,H1,trend_momentum,ema_cross,adx_min=25|fast_period=20|rsi_confirm=False|slow_period=50,both,all,NEEDS_MORE_DATA,8,,,,,,,,,,,,,,1.000000,,only 8 trades < min 20,eodhd
run_20260429_080326_2366a3,MSFT,stock,H1,trend_momentum,ema_cross,adx_min=25|fast_period=20|rsi_confirm=True|slow_period=50,both,all,NEEDS_MORE_DATA,8,,,,,,,,,,,,,,1.000000,,only 8 trades < min 20,eodhd
run_20260429_080326_2366a3,MSFT,stock,H1,trend_momentum,ema_cross,adx_min=0|fast_period=20|rsi_confirm=False|slow_period=100,both,all,NEEDS_MORE_DATA,5,,,,,,,,,,,,,,,,only 5 trades < min 20,eodhd
run_20260429_080326_2366a3,MSFT,stock,H1,trend_momentum,ema_cross,adx_min=0|fast_period=20|rsi_confirm=True|slow_period=100,both,all,NEEDS_MORE_DATA,5,,,,,,,,,,,,,,,,only 5 trades < min 20,eodhd
run_20260429_080326_2366a3,MSFT,stock,H1,trend_momentum,ema_cross,adx_min=20|fast_period=20|rsi_confirm=False|slow_period=100,both,all,NEEDS_MORE_DATA,5,,,,,,,,,,,,,,,,only 5 trades < min 20,eodhd
run_20260429_080326_2366a3,MSFT,stock,H1,trend_momentum,ema_cross,adx_min=20|fast_period=20|rsi_confirm=True|slow_period=100,both,all,NEEDS_MORE_DATA,5,,,,,,,,,,,,,,,,only 5 trades < min 20,eodhd
run_20260429_080326_2366a3,MSFT,stock,H1,trend_momentum,ema_cross,adx_min=25|fast_period=20|rsi_confirm=False|slow_period=100,both,all,NEEDS_MORE_DATA,5,,,,,,,,,,,,,,,,only 5 trades < min 20,eodhd
run_20260429_080326_2366a3,MSFT,stock,H1,trend_momentum,ema_cross,adx_min=25|fast_period=20|rsi_confirm=True|slow_period=100,both,all,NEEDS_MORE_DATA,5,,,,,,,,,,,,,,,,only 5 trades < min 20,eodhd
run_20260429_080326_2366a3,MSFT,stock,H1,trend_momentum,ema_cross,adx_min=0|fast_period=20|rsi_confirm=False|slow_period=200,both,all,NEEDS_MORE_DATA,3,,,,,,,,,,,,,,,,only 3 trades < min 20,eodhd
run_20260429_080326_2366a3,MSFT,stock,H1,trend_momentum,ema_cross,adx_min=0|fast_period=20|rsi_confirm=True|slow_period=200,both,all,NEEDS_MORE_DATA,3,,,,,,,,,,,,,,,,only 3 trades < min 20,eodhd
run_20260429_080326_2366a3,MSFT,stock,H1,trend_momentum,ema_cross,adx_min=20|fast_period=20|rsi_confirm=False|slow_period=200,both,all,NEEDS_MORE_DATA,3,,,,,,,,,,,,,,,,only 3 trades < min 20,eodhd
run_20260429_080326_2366a3,MSFT,stock,H1,trend_momentum,ema_cross,adx_min=20|fast_period=20|rsi_confirm=True|slow_period=200,both,all,NEEDS_MORE_DATA,3,,,,,,,,,,,,,,,,only 3 trades < min 20,eodhd
run_20260429_080326_2366a3,MSFT,stock,H1,trend_momentum,ema_cross,adx_min=25|fast_period=20|rsi_confirm=False|slow_period=200,both,all,NEEDS_MORE_DATA,3,,,,,,,,,,,,,,,,only 3 trades < min 20,eodhd
run_20260429_080326_2366a3,MSFT,stock,H1,trend_momentum,ema_cross,adx_min=25|fast_period=20|rsi_confirm=True|slow_period=200,both,all,NEEDS_MORE_DATA,3,,,,,,,,,,,,,,,,only 3 trades < min 20,eodhd
run_20260429_080326_2366a3,MSFT,stock,H1,trend_momentum,ema_alignment,adx_min=0|ema_long=200|ema_mid=50|ema_short=20,both,all,NEEDS_MORE_DATA,7,,,,,,,,,,,,,,1.000000,,only 7 trades < min 20,eodhd
run_20260429_080326_2366a3,MSFT,stock,H1,trend_momentum,ema_alignment,adx_min=20|ema_long=200|ema_mid=50|ema_short=20,both,all,NEEDS_MORE_DATA,7,,,,,,,,,,,,,,1.000000,,only 7 trades < min 20,eodhd
run_20260429_080326_2366a3,MSFT,stock,H1,trend_momentum,ema_alignment,adx_min=25|ema_long=200|ema_mid=50|ema_short=20,both,all,NEEDS_MORE_DATA,7,,,,,,,,,,,,,,1.000000,,only 7 trades < min 20,eodhd
run_20260429_080326_2366a3,MSFT,stock,H1,trend_momentum,macd_direction,adx_min=0|fast=12|signal_period=9|slow=26,both,all,REJECT,61,0.229508,0.757871,-0.002219,-0.002219,-0.288005,-2.052922,-0.672142,0.094868,10.229508,-0.143655,-0.143655,-0.051900,-0.100101,0.457749,,,eodhd
run_20260429_080326_2366a3,MSFT,stock,H1,trend_momentum,macd_direction,adx_min=20|fast=12|signal_period=9|slow=26,both,all,REJECT,60,0.233333,0.793327,-0.001840,-0.001840,-0.269761,-1.686535,-0.551606,0.093313,10.366667,-0.121712,-0.121712,-0.027606,-0.100101,0.420000,,,eodhd
run_20260429_080326_2366a3,MSFT,stock,H1,pullback,pullback_ema,pullback_period=20|rsi_reclaim=False|rsi_threshold=50|trend_period=200,both,all,REJECT,23,0.260870,0.530739,-0.002794,-0.002794,-0.101287,-3.539952,-1.188872,0.035770,10.347826,-0.063689,-0.063689,-0.000917,-0.062830,0.238000,,,eodhd
run_20260429_080326_2366a3,MSFT,stock,H1,pullback,pullback_ema,pullback_period=20|rsi_reclaim=True|rsi_threshold=50|trend_period=200,both,all,REJECT,21,0.285714,0.645369,-0.001907,-0.001907,-0.086186,-2.330121,-0.770686,0.032659,10.904762,-0.040582,-0.040582,0.006821,-0.047083,0.226000,,,eodhd
run_20260429_080326_2366a3,MSFT,stock,H1,pullback,pullback_ema,pullback_period=50|rsi_reclaim=True|rsi_threshold=50|trend_period=200,both,all,NEEDS_MORE_DATA,16,,,,,,,,,,,,,,1.000000,,only 16 trades < min 20,eodhd
run_20260429_080326_2366a3,MSFT,stock,H1,breakout,prev_day_hl,atr_expand_min=0.0,both,all,NEEDS_MORE_DATA,14,,,,,,,,,,,,,,1.000000,,only 14 trades < min 20,eodhd
run_20260429_080326_2366a3,MSFT,stock,H1,breakout,prev_day_hl,atr_expand_min=0.5,both,all,NEEDS_MORE_DATA,14,,,,,,,,,,,,,,1.000000,,only 14 trades < min 20,eodhd
run_20260429_080326_2366a3,MSFT,stock,H1,breakout,prev_day_hl,atr_expand_min=1.0,both,all,NEEDS_MORE_DATA,14,,,,,,,,,,,,,,,,only 14 trades < min 20,eodhd
run_20260429_080326_2366a3,MSFT,stock,H1,breakout,session_opening_range,atr_expand_min=0.0|range_bars=6,both,all,REJECT,43,0.348837,0.981030,-0.000185,-0.000185,-0.165265,-0.125212,-0.040859,0.066874,14.325581,-0.025871,-0.025871,-0.055655,0.027878,0.358000,,,eodhd
run_20260429_080326_2366a3,MSFT,stock,H1,breakout,session_opening_range,atr_expand_min=0.5|range_bars=6,both,all,REJECT,42,0.357143,1.022843,0.000219,0.000219,-0.165265,0.145218,0.047388,0.065319,14.523810,-0.008848,-0.008848,-0.039153,0.027878,0.352000,,,eodhd
run_20260429_080326_2366a3,MSFT,stock,H1,breakout,session_opening_range,atr_expand_min=0.0|range_bars=12,both,all,NEEDS_MORE_DATA,18,,,,,,,,,,,,,,1.000000,,only 18 trades < min 20,eodhd
run_20260429_080326_2366a3,MSFT,stock,H1,breakout,session_opening_range,atr_expand_min=0.5|range_bars=12,both,all,NEEDS_MORE_DATA,18,,,,,,,,,,,,,,1.000000,,only 18 trades < min 20,eodhd
run_20260429_080326_2366a3,MSFT,stock,H1,breakout,london_breakout,atr_expand_min=0.0|utc_end=11|utc_start=7,both,all,NEEDS_MORE_DATA,0,,,,,,,,,,,,,,,,only 0 trades < min 20,eodhd
run_20260429_080326_2366a3,MSFT,stock,H1,breakout,london_breakout,atr_expand_min=0.5|utc_end=11|utc_start=7,both,all,NEEDS_MORE_DATA,0,,,,,,,,,,,,,,,,only 0 trades < min 20,eodhd
run_20260429_080326_2366a3,MSFT,stock,H1,breakout,ny_breakout,atr_expand_min=0.0|utc_end=16|utc_start=13,both,all,REJECT,22,0.409091,0.857323,-0.002116,-0.002116,-0.146695,-0.789064,-0.257859,0.034215,23.772727,-0.060644,-0.060644,-0.118245,0.008653,0.232000,,,eodhd
run_20260429_080326_2366a3,MSFT,stock,H1,breakout,ny_breakout,atr_expand_min=0.5|utc_end=16|utc_start=13,both,all,REJECT,22,0.409091,0.857323,-0.002116,-0.002116,-0.146695,-0.789064,-0.257859,0.034215,23.772727,-0.060644,-0.060644,-0.118245,0.008653,0.232000,,,eodhd
run_20260429_080326_2366a3,MSFT,stock,H1,mean_reversion,rsi_extreme,overbought=70|oversold=30|period=14,both,all,NEEDS_MORE_DATA,10,,,,,,,,,,,,,,1.000000,,only 10 trades < min 20,eodhd
run_20260429_080326_2366a3,MSFT,stock,H1,mean_reversion,rsi_extreme,overbought=75|oversold=30|period=14,both,all,NEEDS_MORE_DATA,9,,,,,,,,,,,,,,,,only 9 trades < min 20,eodhd
run_20260429_080326_2366a3,MSFT,stock,H1,mean_reversion,rsi_extreme,overbought=70|oversold=25|period=14,both,all,NEEDS_MORE_DATA,10,,,,,,,,,,,,,,,,only 10 trades < min 20,eodhd
run_20260429_080326_2366a3,MSFT,stock,H1,mean_reversion,rsi_extreme,overbought=75|oversold=25|period=14,both,all,NEEDS_MORE_DATA,9,,,,,,,,,,,,,,,,only 9 trades < min 20,eodhd
run_20260429_080326_2366a3,MSFT,stock,H1,mean_reversion,bollinger_touch,num_std=2.0|period=20,both,all,NEEDS_MORE_DATA,18,,,,,,,,,,,,,,1.000000,,only 18 trades < min 20,eodhd
run_20260429_080326_2366a3,MSFT,stock,H1,mean_reversion,bollinger_touch,num_std=2.5|period=20,both,all,NEEDS_MORE_DATA,13,,,,,,,,,,,,,,1.000000,,only 13 trades < min 20,eodhd
run_20260429_080326_2366a3,MSFT,stock,H1,mean_reversion,vwap_deviation,std_threshold=1.5,both,all,NEEDS_MORE_DATA,5,,,,,,,,,,,,,,,,only 5 trades < min 20,eodhd
run_20260429_080326_2366a3,MSFT,stock,H1,mean_reversion,vwap_deviation,std_threshold=2.0,both,all,NEEDS_MORE_DATA,3,,,,,,,,,,,,,,,,only 3 trades < min 20,eodhd
run_20260429_080326_2366a3,MSFT,stock,H1,engine_b_proxy,ob_bos,require_engulf=False|require_vol_expand=False|swing_period=5,both,all,NEEDS_MORE_DATA,8,,,,,,,,,,,,,,,,only 8 trades < min 20,eodhd
run_20260429_080326_2366a3,MSFT,stock,H1,engine_b_proxy,ob_bos,require_engulf=False|require_vol_expand=True|swing_period=5,both,all,NEEDS_MORE_DATA,8,,,,,,,,,,,,,,,,only 8 trades < min 20,eodhd
run_20260429_080326_2366a3,MSFT,stock,H1,engine_b_proxy,ob_bos,require_engulf=True|require_vol_expand=False|swing_period=5,both,all,NEEDS_MORE_DATA,8,,,,,,,,,,,,,,,,only 8 trades < min 20,eodhd
run_20260429_080326_2366a3,MSFT,stock,H1,engine_b_proxy,ob_bos,require_engulf=True|require_vol_expand=True|swing_period=5,both,all,NEEDS_MORE_DATA,7,,,,,,,,,,,,,,,,only 7 trades < min 20,eodhd
run_20260429_080326_2366a3,MSFT,stock,H1,engine_b_proxy,ob_bos,require_engulf=False|require_vol_expand=False|swing_period=10,both,all,NEEDS_MORE_DATA,7,,,,,,,,,,,,,,,,only 7 trades < min 20,eodhd
run_20260429_080326_2366a3,MSFT,stock,H1,engine_b_proxy,ob_bos,require_engulf=False|require_vol_expand=True|swing_period=10,both,all,NEEDS_MORE_DATA,6,,,,,,,,,,,,,,,,only 6 trades < min 20,eodhd
run_20260429_080326_2366a3,MSFT,stock,H1,engine_b_proxy,ob_bos,require_engulf=True|require_vol_expand=False|swing_period=10,both,all,NEEDS_MORE_DATA,7,,,,,,,,,,,,,,,,only 7 trades < min 20,eodhd
run_20260429_080326_2366a3,MSFT,stock,H1,engine_b_proxy,ob_bos,require_engulf=True|require_vol_expand=True|swing_period=10,both,all,NEEDS_MORE_DATA,6,,,,,,,,,,,,,,,,only 6 trades < min 20,eodhd
run_20260429_080326_2366a3,MSFT,stock,H1,engine_b_proxy,structure_filters,fvg_detection=False|strong_close_pct=0.7,both,all,REJECT,170,0.323529,0.862813,-0.000666,-0.000666,-0.302837,-1.854268,-0.605556,0.264386,3.694118,-0.122116,-0.122116,0.078255,-0.183085,0.433333,,,eodhd
run_20260429_080326_2366a3,MSFT,stock,H1,engine_b_proxy,structure_filters,fvg_detection=True|strong_close_pct=0.7,both,all,REJECT,22,0.363636,0.543938,-0.006546,-0.006546,-0.218253,-2.877171,-0.957575,0.034215,17.227273,-0.144115,-0.144115,-0.183212,0.087384,0.232000,,,eodhd
run_20260429_080326_2366a3,MSFT,stock,H1,engine_b_proxy,structure_filters,fvg_detection=True|strong_close_pct=0.8,both,all,REJECT,20,0.350000,0.454605,-0.008392,-0.008392,-0.229956,-3.487072,-1.175344,0.031104,17.650000,-0.163669,-0.163669,-0.166557,0.062250,0.220000,,,eodhd
run_20260429_080326_2366a3,NVDA,stock,H1,trend_momentum,ema_cross,adx_min=0|fast_period=10|rsi_confirm=False|slow_period=50,both,all,NEEDS_MORE_DATA,19,,,,,,,,,,,,,,1.000000,,only 19 trades < min 20,eodhd
run_20260429_080326_2366a3,NVDA,stock,H1,trend_momentum,ema_cross,adx_min=0|fast_period=10|rsi_confirm=True|slow_period=50,both,all,NEEDS_MORE_DATA,18,,,,,,,,,,,,,,1.000000,,only 18 trades < min 20,eodhd
run_20260429_080326_2366a3,NVDA,stock,H1,trend_momentum,ema_cross,adx_min=20|fast_period=10|rsi_confirm=False|slow_period=50,both,all,NEEDS_MORE_DATA,18,,,,,,,,,,,,,,1.000000,,only 18 trades < min 20,eodhd
run_20260429_080326_2366a3,NVDA,stock,H1,trend_momentum,ema_cross,adx_min=20|fast_period=10|rsi_confirm=True|slow_period=50,both,all,NEEDS_MORE_DATA,17,,,,,,,,,,,,,,1.000000,,only 17 trades < min 20,eodhd
run_20260429_080326_2366a3,NVDA,stock,H1,trend_momentum,ema_cross,adx_min=25|fast_period=10|rsi_confirm=False|slow_period=50,both,all,NEEDS_MORE_DATA,17,,,,,,,,,,,,,,1.000000,,only 17 trades < min 20,eodhd
run_20260429_080326_2366a3,NVDA,stock,H1,trend_momentum,ema_cross,adx_min=25|fast_period=10|rsi_confirm=True|slow_period=50,both,all,NEEDS_MORE_DATA,16,,,,,,,,,,,,,,1.000000,,only 16 trades < min 20,eodhd
run_20260429_080326_2366a3,NVDA,stock,H1,trend_momentum,ema_cross,adx_min=0|fast_period=10|rsi_confirm=False|slow_period=100,both,all,NEEDS_MORE_DATA,17,,,,,,,,,,,,,,1.000000,,only 17 trades < min 20,eodhd
run_20260429_080326_2366a3,NVDA,stock,H1,trend_momentum,ema_cross,adx_min=0|fast_period=10|rsi_confirm=True|slow_period=100,both,all,NEEDS_MORE_DATA,16,,,,,,,,,,,,,,1.000000,,only 16 trades < min 20,eodhd
run_20260429_080326_2366a3,NVDA,stock,H1,trend_momentum,ema_cross,adx_min=20|fast_period=10|rsi_confirm=False|slow_period=100,both,all,NEEDS_MORE_DATA,16,,,,,,,,,,,,,,1.000000,,only 16 trades < min 20,eodhd
run_20260429_080326_2366a3,NVDA,stock,H1,trend_momentum,ema_cross,adx_min=20|fast_period=10|rsi_confirm=True|slow_period=100,both,all,NEEDS_MORE_DATA,15,,,,,,,,,,,,,,1.000000,,only 15 trades < min 20,eodhd
run_20260429_080326_2366a3,NVDA,stock,H1,trend_momentum,ema_cross,adx_min=25|fast_period=10|rsi_confirm=False|slow_period=100,both,all,NEEDS_MORE_DATA,16,,,,,,,,,,,,,,1.000000,,only 16 trades < min 20,eodhd
run_20260429_080326_2366a3,NVDA,stock,H1,trend_momentum,ema_cross,adx_min=25|fast_period=10|rsi_confirm=True|slow_period=100,both,all,NEEDS_MORE_DATA,15,,,,,,,,,,,,,,1.000000,,only 15 trades < min 20,eodhd
run_20260429_080326_2366a3,NVDA,stock,H1,trend_momentum,ema_cross,adx_min=0|fast_period=10|rsi_confirm=False|slow_period=200,both,all,NEEDS_MORE_DATA,13,,,,,,,,,,,,,,,,only 13 trades < min 20,eodhd
run_20260429_080326_2366a3,NVDA,stock,H1,trend_momentum,ema_cross,adx_min=0|fast_period=10|rsi_confirm=True|slow_period=200,both,all,NEEDS_MORE_DATA,13,,,,,,,,,,,,,,,,only 13 trades < min 20,eodhd
run_20260429_080326_2366a3,NVDA,stock,H1,trend_momentum,ema_cross,adx_min=20|fast_period=10|rsi_confirm=False|slow_period=200,both,all,NEEDS_MORE_DATA,12,,,,,,,,,,,,,,,,only 12 trades < min 20,eodhd
run_20260429_080326_2366a3,NVDA,stock,H1,trend_momentum,ema_cross,adx_min=20|fast_period=10|rsi_confirm=True|slow_period=200,both,all,NEEDS_MORE_DATA,12,,,,,,,,,,,,,,,,only 12 trades < min 20,eodhd
run_20260429_080326_2366a3,NVDA,stock,H1,trend_momentum,ema_cross,adx_min=25|fast_period=10|rsi_confirm=False|slow_period=200,both,all,NEEDS_MORE_DATA,12,,,,,,,,,,,,,,,,only 12 trades < min 20,eodhd
run_20260429_080326_2366a3,NVDA,stock,H1,trend_momentum,ema_cross,adx_min=25|fast_period=10|rsi_confirm=True|slow_period=200,both,all,NEEDS_MORE_DATA,12,,,,,,,,,,,,,,,,only 12 trades < min 20,eodhd
run_20260429_080326_2366a3,NVDA,stock,H1,trend_momentum,ema_cross,adx_min=0|fast_period=20|rsi_confirm=False|slow_period=50,both,all,NEEDS_MORE_DATA,17,,,,,,,,,,,,,,1.000000,,only 17 trades < min 20,eodhd
run_20260429_080326_2366a3,NVDA,stock,H1,trend_momentum,ema_cross,adx_min=0|fast_period=20|rsi_confirm=True|slow_period=50,both,all,NEEDS_MORE_DATA,17,,,,,,,,,,,,,,1.000000,,only 17 trades < min 20,eodhd
run_20260429_080326_2366a3,NVDA,stock,H1,trend_momentum,ema_cross,adx_min=20|fast_period=20|rsi_confirm=False|slow_period=50,both,all,NEEDS_MORE_DATA,16,,,,,,,,,,,,,,1.000000,,only 16 trades < min 20,eodhd
run_20260429_080326_2366a3,NVDA,stock,H1,trend_momentum,ema_cross,adx_min=20|fast_period=20|rsi_confirm=True|slow_period=50,both,all,NEEDS_MORE_DATA,16,,,,,,,,,,,,,,1.000000,,only 16 trades < min 20,eodhd
run_20260429_080326_2366a3,NVDA,stock,H1,trend_momentum,ema_cross,adx_min=25|fast_period=20|rsi_confirm=False|slow_period=50,both,all,NEEDS_MORE_DATA,15,,,,,,,,,,,,,,1.000000,,only 15 trades < min 20,eodhd
run_20260429_080326_2366a3,NVDA,stock,H1,trend_momentum,ema_cross,adx_min=25|fast_period=20|rsi_confirm=True|slow_period=50,both,all,NEEDS_MORE_DATA,15,,,,,,,,,,,,,,1.000000,,only 15 trades < min 20,eodhd
run_20260429_080326_2366a3,NVDA,stock,H1,trend_momentum,ema_cross,adx_min=0|fast_period=20|rsi_confirm=False|slow_period=100,both,all,NEEDS_MORE_DATA,15,,,,,,,,,,,,,,,,only 15 trades < min 20,eodhd
run_20260429_080326_2366a3,NVDA,stock,H1,trend_momentum,ema_cross,adx_min=0|fast_period=20|rsi_confirm=True|slow_period=100,both,all,NEEDS_MORE_DATA,15,,,,,,,,,,,,,,,,only 15 trades < min 20,eodhd
run_20260429_080326_2366a3,NVDA,stock,H1,trend_momentum,ema_cross,adx_min=20|fast_period=20|rsi_confirm=False|slow_period=100,both,all,NEEDS_MORE_DATA,14,,,,,,,,,,,,,,,,only 14 trades < min 20,eodhd
run_20260429_080326_2366a3,NVDA,stock,H1,trend_momentum,ema_cross,adx_min=20|fast_period=20|rsi_confirm=True|slow_period=100,both,all,NEEDS_MORE_DATA,14,,,,,,,,,,,,,,,,only 14 trades < min 20,eodhd
run_20260429_080326_2366a3,NVDA,stock,H1,trend_momentum,ema_cross,adx_min=25|fast_period=20|rsi_confirm=False|slow_period=100,both,all,NEEDS_MORE_DATA,14,,,,,,,,,,,,,,,,only 14 trades < min 20,eodhd
run_20260429_080326_2366a3,NVDA,stock,H1,trend_momentum,ema_cross,adx_min=25|fast_period=20|rsi_confirm=True|slow_period=100,both,all,NEEDS_MORE_DATA,14,,,,,,,,,,,,,,,,only 14 trades < min 20,eodhd
run_20260429_080326_2366a3,NVDA,stock,H1,trend_momentum,ema_cross,adx_min=0|fast_period=20|rsi_confirm=False|slow_period=200,both,all,NEEDS_MORE_DATA,11,,,,,,,,,,,,,,,,only 11 trades < min 20,eodhd
run_20260429_080326_2366a3,NVDA,stock,H1,trend_momentum,ema_cross,adx_min=0|fast_period=20|rsi_confirm=True|slow_period=200,both,all,NEEDS_MORE_DATA,11,,,,,,,,,,,,,,,,only 11 trades < min 20,eodhd
run_20260429_080326_2366a3,NVDA,stock,H1,trend_momentum,ema_cross,adx_min=20|fast_period=20|rsi_confirm=False|slow_period=200,both,all,NEEDS_MORE_DATA,10,,,,,,,,,,,,,,,,only 10 trades < min 20,eodhd
run_20260429_080326_2366a3,NVDA,stock,H1,trend_momentum,ema_cross,adx_min=20|fast_period=20|rsi_confirm=True|slow_period=200,both,all,NEEDS_MORE_DATA,10,,,,,,,,,,,,,,,,only 10 trades < min 20,eodhd
run_20260429_080326_2366a3,NVDA,stock,H1,trend_momentum,ema_cross,adx_min=25|fast_period=20|rsi_confirm=False|slow_period=200,both,all,NEEDS_MORE_DATA,10,,,,,,,,,,,,,,,,only 10 trades < min 20,eodhd
run_20260429_080326_2366a3,NVDA,stock,H1,trend_momentum,ema_cross,adx_min=25|fast_period=20|rsi_confirm=True|slow_period=200,both,all,NEEDS_MORE_DATA,10,,,,,,,,,,,,,,,,only 10 trades < min 20,eodhd
run_20260429_080326_2366a3,NVDA,stock,H1,trend_momentum,ema_alignment,adx_min=0|ema_long=200|ema_mid=50|ema_short=20,both,all,NEEDS_MORE_DATA,18,,,,,,,,,,,,,,1.000000,,only 18 trades < min 20,eodhd
run_20260429_080326_2366a3,NVDA,stock,H1,trend_momentum,ema_alignment,adx_min=20|ema_long=200|ema_mid=50|ema_short=20,both,all,NEEDS_MORE_DATA,18,,,,,,,,,,,,,,1.000000,,only 18 trades < min 20,eodhd
run_20260429_080326_2366a3,NVDA,stock,H1,trend_momentum,ema_alignment,adx_min=25|ema_long=200|ema_mid=50|ema_short=20,both,all,NEEDS_MORE_DATA,18,,,,,,,,,,,,,,1.000000,,only 18 trades < min 20,eodhd
run_20260429_080326_2366a3,NVDA,stock,H1,trend_momentum,macd_direction,adx_min=0|fast=12|signal_period=9|slow=26,both,all,REJECT,44,0.250000,0.599817,-0.005213,-0.005213,-0.216601,-4.070320,-1.353730,0.068429,14.454545,-0.216601,-0.216601,-0.169912,-0.034480,0.461243,,,eodhd
run_20260429_080326_2366a3,NVDA,stock,H1,trend_momentum,macd_direction,adx_min=20|fast=12|signal_period=9|slow=26,both,all,REJECT,43,0.255814,0.606792,-0.005181,-0.005181,-0.211404,-3.956120,-1.314939,0.066874,14.604651,-0.211404,-0.211404,-0.164405,-0.034480,0.440919,,,eodhd
run_20260429_080326_2366a3,NVDA,stock,H1,pullback,pullback_ema,pullback_period=20|rsi_reclaim=False|rsi_threshold=50|trend_period=200,both,all,REJECT,35,0.200000,0.261491,-0.006872,-0.006872,-0.240263,-8.603384,-3.164466,0.054432,7.542857,-0.216706,-0.216706,-0.201916,0.014379,0.310000,,,eodhd
run_20260429_080326_2366a3,NVDA,stock,H1,pullback,pullback_ema,pullback_period=20|rsi_reclaim=True|rsi_threshold=50|trend_period=200,both,all,REJECT,34,0.205882,0.267041,-0.006875,-0.006875,-0.235085,-8.387048,-3.076541,0.052877,7.735294,-0.211367,-0.211367,-0.196476,0.014379,0.304000,,,eodhd
run_20260429_080326_2366a3,NVDA,stock,H1,pullback,pullback_ema,pullback_period=50|rsi_reclaim=False|rsi_threshold=50|trend_period=200,both,all,REJECT,23,0.173913,0.175643,-0.008164,-0.008164,-0.182573,-8.860039,-3.587234,0.035770,11.869565,-0.172983,-0.172983,-0.182573,,0.271333,,,eodhd
run_20260429_080326_2366a3,NVDA,stock,H1,pullback,pullback_ema,pullback_period=50|rsi_reclaim=True|rsi_threshold=50|trend_period=200,both,all,NEEDS_MORE_DATA,19,,,,,,,,,,,,,,1.000000,,only 19 trades < min 20,eodhd
run_20260429_080326_2366a3,NVDA,stock,H1,breakout,prev_day_hl,atr_expand_min=0.0,both,all,REJECT,22,0.318182,0.582214,-0.007361,-0.007361,-0.228377,-2.883579,-0.959794,0.034215,24.000000,-0.161789,-0.161789,-0.173741,0.005892,0.232000,,,eodhd
run_20260429_080326_2366a3,NVDA,stock,H1,breakout,prev_day_hl,atr_expand_min=0.5,both,all,REJECT,21,0.333333,0.606743,-0.006965,-0.006965,-0.216093,-2.615073,-0.868021,0.032659,24.666667,-0.148445,-0.148445,-0.173741,0.021905,0.226000,,,eodhd
run_20260429_080326_2366a3,NVDA,stock,H1,breakout,prev_day_hl,atr_expand_min=1.0,both,all,NEEDS_MORE_DATA,19,,,,,,,,,,,,,,,,only 19 trades < min 20,eodhd
run_20260429_080326_2366a3,NVDA,stock,H1,breakout,session_opening_range,atr_expand_min=0.0|range_bars=6,both,all,REJECT,42,0.261905,0.527148,-0.006724,-0.006724,-0.258187,-4.756390,-1.595438,0.065319,14.595238,-0.258187,-0.258187,-0.180817,-0.060479,0.452343,,,eodhd
run_20260429_080326_2366a3,NVDA,stock,H1,breakout,session_opening_range,atr_expand_min=0.5|range_bars=6,both,all,REJECT,41,0.268293,0.544682,-0.006419,-0.006419,-0.243645,-4.456525,-1.490671,0.063764,14.853659,-0.243645,-0.243645,-0.164758,-0.060479,0.456123,,,eodhd
run_20260429_080326_2366a3,NVDA,stock,H1,breakout,session_opening_range,atr_expand_min=0.0|range_bars=12,both,all,REJECT,21,0.428571,0.884630,-0.001552,-0.001552,-0.110299,-0.636403,-0.207875,0.032659,28.619048,-0.043541,-0.043541,-0.085023,0.036706,0.226000,,,eodhd
run_20260429_080326_2366a3,NVDA,stock,H1,breakout,session_opening_range,atr_expand_min=0.5|range_bars=12,both,all,REJECT,20,0.450000,0.994535,-0.000069,-0.000069,-0.106205,-0.027359,-0.008928,0.031104,29.450000,-0.012724,-0.012724,-0.055543,0.036706,0.253333,,,eodhd
run_20260429_080326_2366a3,NVDA,stock,H1,breakout,london_breakout,atr_expand_min=0.0|utc_end=11|utc_start=7,both,all,NEEDS_MORE_DATA,0,,,,,,,,,,,,,,,,only 0 trades < min 20,eodhd
run_20260429_080326_2366a3,NVDA,stock,H1,breakout,london_breakout,atr_expand_min=0.5|utc_end=11|utc_start=7,both,all,NEEDS_MORE_DATA,0,,,,,,,,,,,,,,,,only 0 trades < min 20,eodhd
run_20260429_080326_2366a3,NVDA,stock,H1,breakout,ny_breakout,atr_expand_min=0.0|utc_end=16|utc_start=13,both,all,REJECT,22,0.409091,0.968072,-0.000346,-0.000346,-0.083270,-0.179396,-0.058544,0.034215,22.181818,-0.015726,-0.015726,-0.052818,0.030581,0.232000,,,eodhd
run_20260429_080326_2366a3,NVDA,stock,H1,breakout,ny_breakout,atr_expand_min=0.5|utc_end=16|utc_start=13,both,all,REJECT,22,0.409091,0.968072,-0.000346,-0.000346,-0.083270,-0.179396,-0.058544,0.034215,22.181818,-0.015726,-0.015726,-0.052818,0.030581,0.232000,,,eodhd
run_20260429_080326_2366a3,NVDA,stock,H1,mean_reversion,rsi_extreme,overbought=70|oversold=30|period=14,both,all,NEEDS_MORE_DATA,12,,,,,,,,,,,,,,1.000000,,only 12 trades < min 20,eodhd
run_20260429_080326_2366a3,NVDA,stock,H1,mean_reversion,rsi_extreme,overbought=75|oversold=30|period=14,both,all,NEEDS_MORE_DATA,10,,,,,,,,,,,,,,,,only 10 trades < min 20,eodhd
run_20260429_080326_2366a3,NVDA,stock,H1,mean_reversion,rsi_extreme,overbought=70|oversold=25|period=14,both,all,NEEDS_MORE_DATA,11,,,,,,,,,,,,,,,,only 11 trades < min 20,eodhd
run_20260429_080326_2366a3,NVDA,stock,H1,mean_reversion,rsi_extreme,overbought=75|oversold=25|period=14,both,all,NEEDS_MORE_DATA,9,,,,,,,,,,,,,,,,only 9 trades < min 20,eodhd
run_20260429_080326_2366a3,NVDA,stock,H1,mean_reversion,bollinger_touch,num_std=2.0|period=20,both,all,REJECT,22,0.636364,1.028507,0.000275,0.000275,-0.112253,0.144669,0.047210,0.034215,16.772727,-0.002503,-0.002503,0.076904,-0.073737,0.298667,,,eodhd
run_20260429_080326_2366a3,NVDA,stock,H1,mean_reversion,bollinger_touch,num_std=2.5|period=20,both,all,NEEDS_MORE_DATA,11,,,,,,,,,,,,,,1.000000,,only 11 trades < min 20,eodhd
run_20260429_080326_2366a3,NVDA,stock,H1,mean_reversion,vwap_deviation,std_threshold=1.5,both,all,NEEDS_MORE_DATA,9,,,,,,,,,,,,,,,,only 9 trades < min 20,eodhd
run_20260429_080326_2366a3,NVDA,stock,H1,mean_reversion,vwap_deviation,std_threshold=2.0,both,all,NEEDS_MORE_DATA,8,,,,,,,,,,,,,,,,only 8 trades < min 20,eodhd
run_20260429_080326_2366a3,NVDA,stock,H1,engine_b_proxy,ob_bos,require_engulf=False|require_vol_expand=False|swing_period=5,both,all,NEEDS_MORE_DATA,16,,,,,,,,,,,,,,,,only 16 trades < min 20,eodhd
run_20260429_080326_2366a3,NVDA,stock,H1,engine_b_proxy,ob_bos,require_engulf=False|require_vol_expand=True|swing_period=5,both,all,NEEDS_MORE_DATA,14,,,,,,,,,,,,,,,,only 14 trades < min 20,eodhd
run_20260429_080326_2366a3,NVDA,stock,H1,engine_b_proxy,ob_bos,require_engulf=True|require_vol_expand=False|swing_period=5,both,all,NEEDS_MORE_DATA,14,,,,,,,,,,,,,,,,only 14 trades < min 20,eodhd
run_20260429_080326_2366a3,NVDA,stock,H1,engine_b_proxy,ob_bos,require_engulf=True|require_vol_expand=True|swing_period=5,both,all,NEEDS_MORE_DATA,12,,,,,,,,,,,,,,,,only 12 trades < min 20,eodhd
run_20260429_080326_2366a3,NVDA,stock,H1,engine_b_proxy,ob_bos,require_engulf=False|require_vol_expand=False|swing_period=10,both,all,NEEDS_MORE_DATA,8,,,,,,,,,,,,,,,,only 8 trades < min 20,eodhd
run_20260429_080326_2366a3,NVDA,stock,H1,engine_b_proxy,ob_bos,require_engulf=False|require_vol_expand=True|swing_period=10,both,all,NEEDS_MORE_DATA,7,,,,,,,,,,,,,,,,only 7 trades < min 20,eodhd
run_20260429_080326_2366a3,NVDA,stock,H1,engine_b_proxy,ob_bos,require_engulf=True|require_vol_expand=False|swing_period=10,both,all,NEEDS_MORE_DATA,8,,,,,,,,,,,,,,,,only 8 trades < min 20,eodhd
run_20260429_080326_2366a3,NVDA,stock,H1,engine_b_proxy,ob_bos,require_engulf=True|require_vol_expand=True|swing_period=10,both,all,NEEDS_MORE_DATA,5,,,,,,,,,,,,,,,,only 5 trades < min 20,eodhd
run_20260429_080326_2366a3,NVDA,stock,H1,engine_b_proxy,structure_filters,fvg_detection=False|strong_close_pct=0.7,both,all,REJECT,158,0.297468,0.788649,-0.001199,-0.001199,-0.270812,-3.162354,-1.034558,0.245723,3.930380,-0.186325,-0.186325,-0.270812,0.087303,0.433333,,,eodhd
run_20260429_080326_2366a3,NVDA,stock,H1,engine_b_proxy,structure_filters,fvg_detection=True|strong_close_pct=0.7,both,all,REJECT,30,0.200000,0.297225,-0.009708,-0.009708,-0.301204,-7.681684,-2.801947,0.046656,11.400000,-0.257761,-0.257761,-0.275291,0.062168,0.280000,,,eodhd
run_20260429_080326_2366a3,NVDA,stock,H1,engine_b_proxy,structure_filters,fvg_detection=False|strong_close_pct=0.8,both,all,REJECT,118,0.305085,0.638477,-0.002609,-0.002609,-0.303243,-5.466564,-1.803792,0.183515,5.059322,-0.275831,-0.275831,-0.247368,-0.062449,0.509069,,,eodhd
run_20260429_080326_2366a3,NVDA,stock,H1,engine_b_proxy,structure_filters,fvg_detection=True|strong_close_pct=0.8,both,all,REJECT,26,0.230769,0.364708,-0.008253,-0.008253,-0.244885,-6.019831,-2.121204,0.040435,12.153846,-0.197941,-0.197941,-0.216883,0.062168,0.256000,,,eodhd
run_20260429_080326_2366a3,TSLA,stock,H4,trend_momentum,ema_cross,adx_min=0|fast_period=10|rsi_confirm=False|slow_period=50,both,all,NEEDS_MORE_DATA,4,,,,,,,,,,,,,,1.000000,,only 4 trades < min 20,eodhd
run_20260429_080326_2366a3,TSLA,stock,H4,trend_momentum,ema_cross,adx_min=0|fast_period=10|rsi_confirm=True|slow_period=50,both,all,NEEDS_MORE_DATA,4,,,,,,,,,,,,,,1.000000,,only 4 trades < min 20,eodhd
run_20260429_080326_2366a3,TSLA,stock,H4,trend_momentum,ema_cross,adx_min=20|fast_period=10|rsi_confirm=False|slow_period=50,both,all,NEEDS_MORE_DATA,4,,,,,,,,,,,,,,1.000000,,only 4 trades < min 20,eodhd
run_20260429_080326_2366a3,TSLA,stock,H4,trend_momentum,ema_cross,adx_min=20|fast_period=10|rsi_confirm=True|slow_period=50,both,all,NEEDS_MORE_DATA,4,,,,,,,,,,,,,,1.000000,,only 4 trades < min 20,eodhd
run_20260429_080326_2366a3,TSLA,stock,H4,trend_momentum,ema_cross,adx_min=25|fast_period=10|rsi_confirm=False|slow_period=50,both,all,NEEDS_MORE_DATA,4,,,,,,,,,,,,,,1.000000,,only 4 trades < min 20,eodhd
run_20260429_080326_2366a3,TSLA,stock,H4,trend_momentum,ema_cross,adx_min=25|fast_period=10|rsi_confirm=True|slow_period=50,both,all,NEEDS_MORE_DATA,4,,,,,,,,,,,,,,1.000000,,only 4 trades < min 20,eodhd
run_20260429_080326_2366a3,TSLA,stock,H4,trend_momentum,ema_cross,adx_min=0|fast_period=10|rsi_confirm=False|slow_period=100,both,all,NEEDS_MORE_DATA,2,,,,,,,,,,,,,,1.000000,,only 2 trades < min 20,eodhd
run_20260429_080326_2366a3,TSLA,stock,H4,trend_momentum,ema_cross,adx_min=0|fast_period=10|rsi_confirm=True|slow_period=100,both,all,NEEDS_MORE_DATA,2,,,,,,,,,,,,,,1.000000,,only 2 trades < min 20,eodhd
run_20260429_080326_2366a3,TSLA,stock,H4,trend_momentum,ema_cross,adx_min=20|fast_period=10|rsi_confirm=False|slow_period=100,both,all,NEEDS_MORE_DATA,2,,,,,,,,,,,,,,1.000000,,only 2 trades < min 20,eodhd
run_20260429_080326_2366a3,TSLA,stock,H4,trend_momentum,ema_cross,adx_min=20|fast_period=10|rsi_confirm=True|slow_period=100,both,all,NEEDS_MORE_DATA,2,,,,,,,,,,,,,,1.000000,,only 2 trades < min 20,eodhd
run_20260429_080326_2366a3,TSLA,stock,H4,trend_momentum,ema_cross,adx_min=25|fast_period=10|rsi_confirm=False|slow_period=100,both,all,NEEDS_MORE_DATA,2,,,,,,,,,,,,,,1.000000,,only 2 trades < min 20,eodhd
run_20260429_080326_2366a3,TSLA,stock,H4,trend_momentum,ema_cross,adx_min=25|fast_period=10|rsi_confirm=True|slow_period=100,both,all,NEEDS_MORE_DATA,2,,,,,,,,,,,,,,1.000000,,only 2 trades < min 20,eodhd
run_20260429_080326_2366a3,TSLA,stock,H4,trend_momentum,ema_cross,adx_min=0|fast_period=10|rsi_confirm=False|slow_period=200,both,all,NEEDS_MORE_DATA,0,,,,,,,,,,,,,,,,only 0 trades < min 20,eodhd
run_20260429_080326_2366a3,TSLA,stock,H4,trend_momentum,ema_cross,adx_min=0|fast_period=10|rsi_confirm=True|slow_period=200,both,all,NEEDS_MORE_DATA,0,,,,,,,,,,,,,,,,only 0 trades < min 20,eodhd
run_20260429_080326_2366a3,TSLA,stock,H4,trend_momentum,ema_cross,adx_min=20|fast_period=10|rsi_confirm=False|slow_period=200,both,all,NEEDS_MORE_DATA,0,,,,,,,,,,,,,,,,only 0 trades < min 20,eodhd
run_20260429_080326_2366a3,TSLA,stock,H4,trend_momentum,ema_cross,adx_min=20|fast_period=10|rsi_confirm=True|slow_period=200,both,all,NEEDS_MORE_DATA,0,,,,,,,,,,,,,,,,only 0 trades < min 20,eodhd
run_20260429_080326_2366a3,TSLA,stock,H4,trend_momentum,ema_cross,adx_min=25|fast_period=10|rsi_confirm=False|slow_period=200,both,all,NEEDS_MORE_DATA,0,,,,,,,,,,,,,,,,only 0 trades < min 20,eodhd
run_20260429_080326_2366a3,TSLA,stock,H4,trend_momentum,ema_cross,adx_min=25|fast_period=10|rsi_confirm=True|slow_period=200,both,all,NEEDS_MORE_DATA,0,,,,,,,,,,,,,,,,only 0 trades < min 20,eodhd
run_20260429_080326_2366a3,TSLA,stock,H4,trend_momentum,ema_cross,adx_min=0|fast_period=20|rsi_confirm=False|slow_period=50,both,all,NEEDS_MORE_DATA,1,,,,,,,,,,,,,,1.000000,,only 1 trades < min 20,eodhd
run_20260429_080326_2366a3,TSLA,stock,H4,trend_momentum,ema_cross,adx_min=0|fast_period=20|rsi_confirm=True|slow_period=50,both,all,NEEDS_MORE_DATA,1,,,,,,,,,,,,,,1.000000,,only 1 trades < min 20,eodhd
run_20260429_080326_2366a3,TSLA,stock,H4,trend_momentum,ema_cross,adx_min=20|fast_period=20|rsi_confirm=False|slow_period=50,both,all,NEEDS_MORE_DATA,1,,,,,,,,,,,,,,1.000000,,only 1 trades < min 20,eodhd
run_20260429_080326_2366a3,TSLA,stock,H4,trend_momentum,ema_cross,adx_min=20|fast_period=20|rsi_confirm=True|slow_period=50,both,all,NEEDS_MORE_DATA,1,,,,,,,,,,,,,,1.000000,,only 1 trades < min 20,eodhd
run_20260429_080326_2366a3,TSLA,stock,H4,trend_momentum,ema_cross,adx_min=25|fast_period=20|rsi_confirm=False|slow_period=50,both,all,NEEDS_MORE_DATA,1,,,,,,,,,,,,,,1.000000,,only 1 trades < min 20,eodhd
run_20260429_080326_2366a3,TSLA,stock,H4,trend_momentum,ema_cross,adx_min=25|fast_period=20|rsi_confirm=True|slow_period=50,both,all,NEEDS_MORE_DATA,1,,,,,,,,,,,,,,1.000000,,only 1 trades < min 20,eodhd
run_20260429_080326_2366a3,TSLA,stock,H4,trend_momentum,ema_cross,adx_min=0|fast_period=20|rsi_confirm=False|slow_period=100,both,all,NEEDS_MORE_DATA,2,,,,,,,,,,,,,,,,only 2 trades < min 20,eodhd
run_20260429_080326_2366a3,TSLA,stock,H4,trend_momentum,ema_cross,adx_min=0|fast_period=20|rsi_confirm=True|slow_period=100,both,all,NEEDS_MORE_DATA,2,,,,,,,,,,,,,,,,only 2 trades < min 20,eodhd
run_20260429_080326_2366a3,TSLA,stock,H4,trend_momentum,ema_cross,adx_min=20|fast_period=20|rsi_confirm=False|slow_period=100,both,all,NEEDS_MORE_DATA,2,,,,,,,,,,,,,,,,only 2 trades < min 20,eodhd
run_20260429_080326_2366a3,TSLA,stock,H4,trend_momentum,ema_cross,adx_min=20|fast_period=20|rsi_confirm=True|slow_period=100,both,all,NEEDS_MORE_DATA,2,,,,,,,,,,,,,,,,only 2 trades < min 20,eodhd
run_20260429_080326_2366a3,TSLA,stock,H4,trend_momentum,ema_cross,adx_min=25|fast_period=20|rsi_confirm=False|slow_period=100,both,all,NEEDS_MORE_DATA,2,,,,,,,,,,,,,,,,only 2 trades < min 20,eodhd
run_20260429_080326_2366a3,TSLA,stock,H4,trend_momentum,ema_cross,adx_min=25|fast_period=20|rsi_confirm=True|slow_period=100,both,all,NEEDS_MORE_DATA,2,,,,,,,,,,,,,,,,only 2 trades < min 20,eodhd
run_20260429_080326_2366a3,TSLA,stock,H4,trend_momentum,ema_cross,adx_min=0|fast_period=20|rsi_confirm=False|slow_period=200,both,all,NEEDS_MORE_DATA,0,,,,,,,,,,,,,,,,only 0 trades < min 20,eodhd
run_20260429_080326_2366a3,TSLA,stock,H4,trend_momentum,ema_cross,adx_min=0|fast_period=20|rsi_confirm=True|slow_period=200,both,all,NEEDS_MORE_DATA,0,,,,,,,,,,,,,,,,only 0 trades < min 20,eodhd
run_20260429_080326_2366a3,TSLA,stock,H4,trend_momentum,ema_cross,adx_min=20|fast_period=20|rsi_confirm=False|slow_period=200,both,all,NEEDS_MORE_DATA,0,,,,,,,,,,,,,,,,only 0 trades < min 20,eodhd
run_20260429_080326_2366a3,TSLA,stock,H4,trend_momentum,ema_cross,adx_min=20|fast_period=20|rsi_confirm=True|slow_period=200,both,all,NEEDS_MORE_DATA,0,,,,,,,,,,,,,,,,only 0 trades < min 20,eodhd
run_20260429_080326_2366a3,TSLA,stock,H4,trend_momentum,ema_cross,adx_min=25|fast_period=20|rsi_confirm=False|slow_period=200,both,all,NEEDS_MORE_DATA,0,,,,,,,,,,,,,,,,only 0 trades < min 20,eodhd
run_20260429_080326_2366a3,TSLA,stock,H4,trend_momentum,ema_cross,adx_min=25|fast_period=20|rsi_confirm=True|slow_period=200,both,all,NEEDS_MORE_DATA,0,,,,,,,,,,,,,,,,only 0 trades < min 20,eodhd
run_20260429_080326_2366a3,TSLA,stock,H4,trend_momentum,ema_alignment,adx_min=0|ema_long=200|ema_mid=50|ema_short=20,both,all,NEEDS_MORE_DATA,7,,,,,,,,,,,,,,1.000000,,only 7 trades < min 20,eodhd
run_20260429_080326_2366a3,TSLA,stock,H4,trend_momentum,ema_alignment,adx_min=20|ema_long=200|ema_mid=50|ema_short=20,both,all,NEEDS_MORE_DATA,7,,,,,,,,,,,,,,1.000000,,only 7 trades < min 20,eodhd
run_20260429_080326_2366a3,TSLA,stock,H4,trend_momentum,ema_alignment,adx_min=25|ema_long=200|ema_mid=50|ema_short=20,both,all,NEEDS_MORE_DATA,7,,,,,,,,,,,,,,1.000000,,only 7 trades < min 20,eodhd
run_20260429_080326_2366a3,TSLA,stock,H4,trend_momentum,macd_direction,adx_min=0|fast=12|signal_period=9|slow=26,both,all,REJECT,22,0.181818,0.587152,-0.006877,-0.006877,-0.258754,-2.225263,-0.905200,0.091286,10.181818,-0.152379,-0.152379,-0.188537,0.078520,0.268364,,,eodhd
run_20260429_080326_2366a3,TSLA,stock,H4,trend_momentum,macd_direction,adx_min=20|fast=12|signal_period=9|slow=26,both,all,REJECT,22,0.181818,0.587152,-0.006877,-0.006877,-0.258754,-2.225263,-0.905200,0.091286,10.181818,-0.152379,-0.152379,-0.188537,0.078520,0.252000,,,eodhd
run_20260429_080326_2366a3,TSLA,stock,H4,pullback,pullback_ema,pullback_period=20|rsi_reclaim=False|rsi_threshold=50|trend_period=200,both,all,NEEDS_MORE_DATA,10,,,,,,,,,,,,,,1.000000,,only 10 trades < min 20,eodhd
run_20260429_080326_2366a3,TSLA,stock,H4,pullback,pullback_ema,pullback_period=20|rsi_reclaim=True|rsi_threshold=50|trend_period=200,both,all,NEEDS_MORE_DATA,9,,,,,,,,,,,,,,1.000000,,only 9 trades < min 20,eodhd
run_20260429_080326_2366a3,TSLA,stock,H4,pullback,pullback_ema,pullback_period=50|rsi_reclaim=False|rsi_threshold=50|trend_period=200,both,all,NEEDS_MORE_DATA,10,,,,,,,,,,,,,,1.000000,,only 10 trades < min 20,eodhd
run_20260429_080326_2366a3,TSLA,stock,H4,pullback,pullback_ema,pullback_period=50|rsi_reclaim=True|rsi_threshold=50|trend_period=200,both,all,NEEDS_MORE_DATA,9,,,,,,,,,,,,,,1.000000,,only 9 trades < min 20,eodhd
run_20260429_080326_2366a3,TSLA,stock,H4,breakout,prev_day_hl,atr_expand_min=0.0,both,all,NEEDS_MORE_DATA,17,,,,,,,,,,,,,,1.000000,,only 17 trades < min 20,eodhd
run_20260429_080326_2366a3,TSLA,stock,H4,breakout,prev_day_hl,atr_expand_min=0.5,both,all,NEEDS_MORE_DATA,17,,,,,,,,,,,,,,1.000000,,only 17 trades < min 20,eodhd
run_20260429_080326_2366a3,TSLA,stock,H4,breakout,prev_day_hl,atr_expand_min=1.0,both,all,NEEDS_MORE_DATA,16,,,,,,,,,,,,,,,,only 16 trades < min 20,eodhd
run_20260429_080326_2366a3,TSLA,stock,H4,breakout,session_opening_range,atr_expand_min=0.0|range_bars=6,both,all,NEEDS_MORE_DATA,16,,,,,,,,,,,,,,1.000000,,only 16 trades < min 20,eodhd
run_20260429_080326_2366a3,TSLA,stock,H4,breakout,session_opening_range,atr_expand_min=0.5|range_bars=6,both,all,NEEDS_MORE_DATA,16,,,,,,,,,,,,,,1.000000,,only 16 trades < min 20,eodhd
run_20260429_080326_2366a3,TSLA,stock,H4,breakout,session_opening_range,atr_expand_min=0.0|range_bars=12,both,all,NEEDS_MORE_DATA,7,,,,,,,,,,,,,,1.000000,,only 7 trades < min 20,eodhd
run_20260429_080326_2366a3,TSLA,stock,H4,breakout,session_opening_range,atr_expand_min=0.5|range_bars=12,both,all,NEEDS_MORE_DATA,6,,,,,,,,,,,,,,1.000000,,only 6 trades < min 20,eodhd
run_20260429_080326_2366a3,TSLA,stock,H4,breakout,london_breakout,atr_expand_min=0.0|utc_end=11|utc_start=7,both,all,NEEDS_MORE_DATA,0,,,,,,,,,,,,,,,,only 0 trades < min 20,eodhd
run_20260429_080326_2366a3,TSLA,stock,H4,breakout,london_breakout,atr_expand_min=0.5|utc_end=11|utc_start=7,both,all,NEEDS_MORE_DATA,0,,,,,,,,,,,,,,,,only 0 trades < min 20,eodhd
run_20260429_080326_2366a3,TSLA,stock,H4,breakout,ny_breakout,atr_expand_min=0.0|utc_end=16|utc_start=13,both,all,NEEDS_MORE_DATA,0,,,,,,,,,,,,,,1.000000,,only 0 trades < min 20,eodhd
run_20260429_080326_2366a3,TSLA,stock,H4,breakout,ny_breakout,atr_expand_min=0.5|utc_end=16|utc_start=13,both,all,NEEDS_MORE_DATA,0,,,,,,,,,,,,,,1.000000,,only 0 trades < min 20,eodhd
run_20260429_080326_2366a3,TSLA,stock,H4,mean_reversion,rsi_extreme,overbought=70|oversold=30|period=14,both,all,NEEDS_MORE_DATA,6,,,,,,,,,,,,,,1.000000,,only 6 trades < min 20,eodhd
run_20260429_080326_2366a3,TSLA,stock,H4,mean_reversion,rsi_extreme,overbought=75|oversold=30|period=14,both,all,NEEDS_MORE_DATA,6,,,,,,,,,,,,,,,,only 6 trades < min 20,eodhd
run_20260429_080326_2366a3,TSLA,stock,H4,mean_reversion,rsi_extreme,overbought=70|oversold=25|period=14,both,all,NEEDS_MORE_DATA,4,,,,,,,,,,,,,,,,only 4 trades < min 20,eodhd
run_20260429_080326_2366a3,TSLA,stock,H4,mean_reversion,rsi_extreme,overbought=75|oversold=25|period=14,both,all,NEEDS_MORE_DATA,4,,,,,,,,,,,,,,,,only 4 trades < min 20,eodhd
run_20260429_080326_2366a3,TSLA,stock,H4,mean_reversion,bollinger_touch,num_std=2.0|period=20,both,all,NEEDS_MORE_DATA,8,,,,,,,,,,,,,,1.000000,,only 8 trades < min 20,eodhd
run_20260429_080326_2366a3,TSLA,stock,H4,mean_reversion,bollinger_touch,num_std=2.5|period=20,both,all,NEEDS_MORE_DATA,4,,,,,,,,,,,,,,1.000000,,only 4 trades < min 20,eodhd
run_20260429_080326_2366a3,TSLA,stock,H4,mean_reversion,vwap_deviation,std_threshold=1.5,both,all,NEEDS_MORE_DATA,2,,,,,,,,,,,,,,,,only 2 trades < min 20,eodhd
run_20260429_080326_2366a3,TSLA,stock,H4,mean_reversion,vwap_deviation,std_threshold=2.0,both,all,NEEDS_MORE_DATA,2,,,,,,,,,,,,,,,,only 2 trades < min 20,eodhd
run_20260429_080326_2366a3,TSLA,stock,H4,engine_b_proxy,ob_bos,require_engulf=False|require_vol_expand=False|swing_period=5,both,all,NEEDS_MORE_DATA,3,,,,,,,,,,,,,,,,only 3 trades < min 20,eodhd
run_20260429_080326_2366a3,TSLA,stock,H4,engine_b_proxy,ob_bos,require_engulf=False|require_vol_expand=True|swing_period=5,both,all,NEEDS_MORE_DATA,2,,,,,,,,,,,,,,,,only 2 trades < min 20,eodhd
run_20260429_080326_2366a3,TSLA,stock,H4,engine_b_proxy,ob_bos,require_engulf=True|require_vol_expand=False|swing_period=5,both,all,NEEDS_MORE_DATA,2,,,,,,,,,,,,,,,,only 2 trades < min 20,eodhd
run_20260429_080326_2366a3,TSLA,stock,H4,engine_b_proxy,ob_bos,require_engulf=True|require_vol_expand=True|swing_period=5,both,all,NEEDS_MORE_DATA,2,,,,,,,,,,,,,,,,only 2 trades < min 20,eodhd
run_20260429_080326_2366a3,TSLA,stock,H4,engine_b_proxy,ob_bos,require_engulf=False|require_vol_expand=False|swing_period=10,both,all,NEEDS_MORE_DATA,1,,,,,,,,,,,,,,,,only 1 trades < min 20,eodhd
run_20260429_080326_2366a3,TSLA,stock,H4,engine_b_proxy,ob_bos,require_engulf=False|require_vol_expand=True|swing_period=10,both,all,NEEDS_MORE_DATA,1,,,,,,,,,,,,,,,,only 1 trades < min 20,eodhd
run_20260429_080326_2366a3,TSLA,stock,H4,engine_b_proxy,ob_bos,require_engulf=True|require_vol_expand=False|swing_period=10,both,all,NEEDS_MORE_DATA,1,,,,,,,,,,,,,,,,only 1 trades < min 20,eodhd
run_20260429_080326_2366a3,TSLA,stock,H4,engine_b_proxy,ob_bos,require_engulf=True|require_vol_expand=True|swing_period=10,both,all,NEEDS_MORE_DATA,1,,,,,,,,,,,,,,,,only 1 trades < min 20,eodhd
run_20260429_080326_2366a3,TSLA,stock,H4,engine_b_proxy,structure_filters,fvg_detection=True|strong_close_pct=0.7,both,all,NEEDS_MORE_DATA,11,,,,,,,,,,,,,,1.000000,,only 11 trades < min 20,eodhd
run_20260429_080326_2366a3,TSLA,stock,H4,engine_b_proxy,structure_filters,fvg_detection=False|strong_close_pct=0.8,both,all,REJECT,39,0.307692,0.931234,-0.000694,-0.000694,-0.197279,-0.353906,-0.141617,0.161826,5.051282,-0.043464,-0.043464,-0.168697,0.137048,0.367333,,,eodhd
run_20260429_080326_2366a3,TSLA,stock,H4,engine_b_proxy,structure_filters,fvg_detection=True|strong_close_pct=0.8,both,all,NEEDS_MORE_DATA,10,,,,,,,,,,,,,,1.000000,,only 10 trades < min 20,eodhd
run_20260429_080326_2366a3,AAPL,stock,H4,trend_momentum,ema_cross,adx_min=0|fast_period=10|rsi_confirm=False|slow_period=50,both,all,NEEDS_MORE_DATA,5,,,,,,,,,,,,,,1.000000,,only 5 trades < min 20,eodhd
run_20260429_080326_2366a3,AAPL,stock,H4,trend_momentum,ema_cross,adx_min=0|fast_period=10|rsi_confirm=True|slow_period=50,both,all,NEEDS_MORE_DATA,5,,,,,,,,,,,,,,1.000000,,only 5 trades < min 20,eodhd
run_20260429_080326_2366a3,AAPL,stock,H4,trend_momentum,ema_cross,adx_min=20|fast_period=10|rsi_confirm=False|slow_period=50,both,all,NEEDS_MORE_DATA,4,,,,,,,,,,,,,,1.000000,,only 4 trades < min 20,eodhd
run_20260429_080326_2366a3,AAPL,stock,H4,trend_momentum,ema_cross,adx_min=20|fast_period=10|rsi_confirm=True|slow_period=50,both,all,NEEDS_MORE_DATA,4,,,,,,,,,,,,,,1.000000,,only 4 trades < min 20,eodhd
run_20260429_080326_2366a3,AAPL,stock,H4,trend_momentum,ema_cross,adx_min=25|fast_period=10|rsi_confirm=False|slow_period=50,both,all,NEEDS_MORE_DATA,4,,,,,,,,,,,,,,1.000000,,only 4 trades < min 20,eodhd
run_20260429_080326_2366a3,AAPL,stock,H4,trend_momentum,ema_cross,adx_min=25|fast_period=10|rsi_confirm=True|slow_period=50,both,all,NEEDS_MORE_DATA,4,,,,,,,,,,,,,,1.000000,,only 4 trades < min 20,eodhd
run_20260429_080326_2366a3,AAPL,stock,H4,trend_momentum,ema_cross,adx_min=0|fast_period=10|rsi_confirm=False|slow_period=100,both,all,NEEDS_MORE_DATA,5,,,,,,,,,,,,,,1.000000,,only 5 trades < min 20,eodhd
run_20260429_080326_2366a3,AAPL,stock,H4,trend_momentum,ema_cross,adx_min=0|fast_period=10|rsi_confirm=True|slow_period=100,both,all,NEEDS_MORE_DATA,5,,,,,,,,,,,,,,1.000000,,only 5 trades < min 20,eodhd
run_20260429_080326_2366a3,AAPL,stock,H4,trend_momentum,ema_cross,adx_min=20|fast_period=10|rsi_confirm=False|slow_period=100,both,all,NEEDS_MORE_DATA,4,,,,,,,,,,,,,,1.000000,,only 4 trades < min 20,eodhd
run_20260429_080326_2366a3,AAPL,stock,H4,trend_momentum,ema_cross,adx_min=20|fast_period=10|rsi_confirm=True|slow_period=100,both,all,NEEDS_MORE_DATA,4,,,,,,,,,,,,,,1.000000,,only 4 trades < min 20,eodhd
run_20260429_080326_2366a3,AAPL,stock,H4,trend_momentum,ema_cross,adx_min=25|fast_period=10|rsi_confirm=False|slow_period=100,both,all,NEEDS_MORE_DATA,4,,,,,,,,,,,,,,1.000000,,only 4 trades < min 20,eodhd
run_20260429_080326_2366a3,AAPL,stock,H4,trend_momentum,ema_cross,adx_min=25|fast_period=10|rsi_confirm=True|slow_period=100,both,all,NEEDS_MORE_DATA,4,,,,,,,,,,,,,,1.000000,,only 4 trades < min 20,eodhd
run_20260429_080326_2366a3,AAPL,stock,H4,trend_momentum,ema_cross,adx_min=0|fast_period=10|rsi_confirm=False|slow_period=200,both,all,NEEDS_MORE_DATA,5,,,,,,,,,,,,,,,,only 5 trades < min 20,eodhd
run_20260429_080326_2366a3,AAPL,stock,H4,trend_momentum,ema_cross,adx_min=0|fast_period=10|rsi_confirm=True|slow_period=200,both,all,NEEDS_MORE_DATA,5,,,,,,,,,,,,,,,,only 5 trades < min 20,eodhd
run_20260429_080326_2366a3,AAPL,stock,H4,trend_momentum,ema_cross,adx_min=20|fast_period=10|rsi_confirm=False|slow_period=200,both,all,NEEDS_MORE_DATA,4,,,,,,,,,,,,,,,,only 4 trades < min 20,eodhd
run_20260429_080326_2366a3,AAPL,stock,H4,trend_momentum,ema_cross,adx_min=20|fast_period=10|rsi_confirm=True|slow_period=200,both,all,NEEDS_MORE_DATA,4,,,,,,,,,,,,,,,,only 4 trades < min 20,eodhd
run_20260429_080326_2366a3,AAPL,stock,H4,trend_momentum,ema_cross,adx_min=25|fast_period=10|rsi_confirm=False|slow_period=200,both,all,NEEDS_MORE_DATA,4,,,,,,,,,,,,,,,,only 4 trades < min 20,eodhd
run_20260429_080326_2366a3,AAPL,stock,H4,trend_momentum,ema_cross,adx_min=25|fast_period=10|rsi_confirm=True|slow_period=200,both,all,NEEDS_MORE_DATA,4,,,,,,,,,,,,,,,,only 4 trades < min 20,eodhd
run_20260429_080326_2366a3,AAPL,stock,H4,trend_momentum,ema_cross,adx_min=0|fast_period=20|rsi_confirm=False|slow_period=50,both,all,NEEDS_MORE_DATA,7,,,,,,,,,,,,,,1.000000,,only 7 trades < min 20,eodhd
run_20260429_080326_2366a3,AAPL,stock,H4,trend_momentum,ema_cross,adx_min=0|fast_period=20|rsi_confirm=True|slow_period=50,both,all,NEEDS_MORE_DATA,7,,,,,,,,,,,,,,1.000000,,only 7 trades < min 20,eodhd
run_20260429_080326_2366a3,AAPL,stock,H4,trend_momentum,ema_cross,adx_min=20|fast_period=20|rsi_confirm=False|slow_period=50,both,all,NEEDS_MORE_DATA,6,,,,,,,,,,,,,,1.000000,,only 6 trades < min 20,eodhd
run_20260429_080326_2366a3,AAPL,stock,H4,trend_momentum,ema_cross,adx_min=20|fast_period=20|rsi_confirm=True|slow_period=50,both,all,NEEDS_MORE_DATA,6,,,,,,,,,,,,,,1.000000,,only 6 trades < min 20,eodhd
run_20260429_080326_2366a3,AAPL,stock,H4,trend_momentum,ema_cross,adx_min=25|fast_period=20|rsi_confirm=False|slow_period=50,both,all,NEEDS_MORE_DATA,6,,,,,,,,,,,,,,1.000000,,only 6 trades < min 20,eodhd
run_20260429_080326_2366a3,AAPL,stock,H4,trend_momentum,ema_cross,adx_min=25|fast_period=20|rsi_confirm=True|slow_period=50,both,all,NEEDS_MORE_DATA,6,,,,,,,,,,,,,,1.000000,,only 6 trades < min 20,eodhd
run_20260429_080326_2366a3,AAPL,stock,H4,trend_momentum,ema_cross,adx_min=0|fast_period=20|rsi_confirm=False|slow_period=100,both,all,NEEDS_MORE_DATA,5,,,,,,,,,,,,,,,,only 5 trades < min 20,eodhd
run_20260429_080326_2366a3,AAPL,stock,H4,trend_momentum,ema_cross,adx_min=0|fast_period=20|rsi_confirm=True|slow_period=100,both,all,NEEDS_MORE_DATA,5,,,,,,,,,,,,,,,,only 5 trades < min 20,eodhd
run_20260429_080326_2366a3,AAPL,stock,H4,trend_momentum,ema_cross,adx_min=20|fast_period=20|rsi_confirm=False|slow_period=100,both,all,NEEDS_MORE_DATA,4,,,,,,,,,,,,,,,,only 4 trades < min 20,eodhd
run_20260429_080326_2366a3,AAPL,stock,H4,trend_momentum,ema_cross,adx_min=20|fast_period=20|rsi_confirm=True|slow_period=100,both,all,NEEDS_MORE_DATA,4,,,,,,,,,,,,,,,,only 4 trades < min 20,eodhd
run_20260429_080326_2366a3,AAPL,stock,H4,trend_momentum,ema_cross,adx_min=25|fast_period=20|rsi_confirm=False|slow_period=100,both,all,NEEDS_MORE_DATA,4,,,,,,,,,,,,,,,,only 4 trades < min 20,eodhd
run_20260429_080326_2366a3,AAPL,stock,H4,trend_momentum,ema_cross,adx_min=25|fast_period=20|rsi_confirm=True|slow_period=100,both,all,NEEDS_MORE_DATA,4,,,,,,,,,,,,,,,,only 4 trades < min 20,eodhd
run_20260429_080326_2366a3,AAPL,stock,H4,trend_momentum,ema_cross,adx_min=0|fast_period=20|rsi_confirm=False|slow_period=200,both,all,NEEDS_MORE_DATA,5,,,,,,,,,,,,,,,,only 5 trades < min 20,eodhd
run_20260429_080326_2366a3,AAPL,stock,H4,trend_momentum,ema_cross,adx_min=0|fast_period=20|rsi_confirm=True|slow_period=200,both,all,NEEDS_MORE_DATA,5,,,,,,,,,,,,,,,,only 5 trades < min 20,eodhd
run_20260429_080326_2366a3,AAPL,stock,H4,trend_momentum,ema_cross,adx_min=20|fast_period=20|rsi_confirm=False|slow_period=200,both,all,NEEDS_MORE_DATA,4,,,,,,,,,,,,,,,,only 4 trades < min 20,eodhd
run_20260429_080326_2366a3,AAPL,stock,H4,trend_momentum,ema_cross,adx_min=20|fast_period=20|rsi_confirm=True|slow_period=200,both,all,NEEDS_MORE_DATA,4,,,,,,,,,,,,,,,,only 4 trades < min 20,eodhd
run_20260429_080326_2366a3,AAPL,stock,H4,trend_momentum,ema_cross,adx_min=25|fast_period=20|rsi_confirm=False|slow_period=200,both,all,NEEDS_MORE_DATA,4,,,,,,,,,,,,,,,,only 4 trades < min 20,eodhd
run_20260429_080326_2366a3,AAPL,stock,H4,trend_momentum,ema_cross,adx_min=25|fast_period=20|rsi_confirm=True|slow_period=200,both,all,NEEDS_MORE_DATA,4,,,,,,,,,,,,,,,,only 4 trades < min 20,eodhd
run_20260429_080326_2366a3,AAPL,stock,H4,trend_momentum,ema_alignment,adx_min=0|ema_long=200|ema_mid=50|ema_short=20,both,all,NEEDS_MORE_DATA,5,,,,,,,,,,,,,,1.000000,,only 5 trades < min 20,eodhd
run_20260429_080326_2366a3,AAPL,stock,H4,trend_momentum,ema_alignment,adx_min=20|ema_long=200|ema_mid=50|ema_short=20,both,all,NEEDS_MORE_DATA,5,,,,,,,,,,,,,,1.000000,,only 5 trades < min 20,eodhd
run_20260429_080326_2366a3,AAPL,stock,H4,trend_momentum,ema_alignment,adx_min=25|ema_long=200|ema_mid=50|ema_short=20,both,all,NEEDS_MORE_DATA,4,,,,,,,,,,,,,,1.000000,,only 4 trades < min 20,eodhd
run_20260429_080326_2366a3,AAPL,stock,H4,trend_momentum,macd_direction,adx_min=20|fast=12|signal_period=9|slow=26,both,all,NEEDS_MORE_DATA,19,,,,,,,,,,,,,,1.000000,,only 19 trades < min 20,eodhd
run_20260429_080326_2366a3,AAPL,stock,H4,pullback,pullback_ema,pullback_period=20|rsi_reclaim=False|rsi_threshold=50|trend_period=200,both,all,NEEDS_MORE_DATA,9,,,,,,,,,,,,,,1.000000,,only 9 trades < min 20,eodhd
run_20260429_080326_2366a3,AAPL,stock,H4,pullback,pullback_ema,pullback_period=20|rsi_reclaim=True|rsi_threshold=50|trend_period=200,both,all,NEEDS_MORE_DATA,8,,,,,,,,,,,,,,1.000000,,only 8 trades < min 20,eodhd
run_20260429_080326_2366a3,AAPL,stock,H4,pullback,pullback_ema,pullback_period=50|rsi_reclaim=False|rsi_threshold=50|trend_period=200,both,all,NEEDS_MORE_DATA,9,,,,,,,,,,,,,,1.000000,,only 9 trades < min 20,eodhd
run_20260429_080326_2366a3,AAPL,stock,H4,pullback,pullback_ema,pullback_period=50|rsi_reclaim=True|rsi_threshold=50|trend_period=200,both,all,NEEDS_MORE_DATA,7,,,,,,,,,,,,,,1.000000,,only 7 trades < min 20,eodhd
run_20260429_080326_2366a3,AAPL,stock,H4,breakout,prev_day_hl,atr_expand_min=0.0,both,all,NEEDS_MORE_DATA,15,,,,,,,,,,,,,,1.000000,,only 15 trades < min 20,eodhd
run_20260429_080326_2366a3,AAPL,stock,H4,breakout,prev_day_hl,atr_expand_min=0.5,both,all,NEEDS_MORE_DATA,14,,,,,,,,,,,,,,1.000000,,only 14 trades < min 20,eodhd
run_20260429_080326_2366a3,AAPL,stock,H4,breakout,prev_day_hl,atr_expand_min=1.0,both,all,NEEDS_MORE_DATA,13,,,,,,,,,,,,,,,,only 13 trades < min 20,eodhd
run_20260429_080326_2366a3,AAPL,stock,H4,breakout,session_opening_range,atr_expand_min=0.0|range_bars=6,both,all,NEEDS_MORE_DATA,14,,,,,,,,,,,,,,1.000000,,only 14 trades < min 20,eodhd
run_20260429_080326_2366a3,AAPL,stock,H4,breakout,session_opening_range,atr_expand_min=0.5|range_bars=6,both,all,NEEDS_MORE_DATA,14,,,,,,,,,,,,,,1.000000,,only 14 trades < min 20,eodhd
run_20260429_080326_2366a3,AAPL,stock,H4,breakout,session_opening_range,atr_expand_min=0.0|range_bars=12,both,all,NEEDS_MORE_DATA,7,,,,,,,,,,,,,,1.000000,,only 7 trades < min 20,eodhd
run_20260429_080326_2366a3,AAPL,stock,H4,breakout,session_opening_range,atr_expand_min=0.5|range_bars=12,both,all,NEEDS_MORE_DATA,7,,,,,,,,,,,,,,1.000000,,only 7 trades < min 20,eodhd
run_20260429_080326_2366a3,AAPL,stock,H4,breakout,london_breakout,atr_expand_min=0.0|utc_end=11|utc_start=7,both,all,NEEDS_MORE_DATA,0,,,,,,,,,,,,,,,,only 0 trades < min 20,eodhd
run_20260429_080326_2366a3,AAPL,stock,H4,breakout,london_breakout,atr_expand_min=0.5|utc_end=11|utc_start=7,both,all,NEEDS_MORE_DATA,0,,,,,,,,,,,,,,,,only 0 trades < min 20,eodhd
run_20260429_080326_2366a3,AAPL,stock,H4,breakout,ny_breakout,atr_expand_min=0.0|utc_end=16|utc_start=13,both,all,NEEDS_MORE_DATA,0,,,,,,,,,,,,,,1.000000,,only 0 trades < min 20,eodhd
run_20260429_080326_2366a3,AAPL,stock,H4,breakout,ny_breakout,atr_expand_min=0.5|utc_end=16|utc_start=13,both,all,NEEDS_MORE_DATA,0,,,,,,,,,,,,,,1.000000,,only 0 trades < min 20,eodhd
run_20260429_080326_2366a3,AAPL,stock,H4,mean_reversion,rsi_extreme,overbought=70|oversold=30|period=14,both,all,NEEDS_MORE_DATA,5,,,,,,,,,,,,,,1.000000,,only 5 trades < min 20,eodhd
run_20260429_080326_2366a3,AAPL,stock,H4,mean_reversion,rsi_extreme,overbought=75|oversold=30|period=14,both,all,NEEDS_MORE_DATA,4,,,,,,,,,,,,,,,,only 4 trades < min 20,eodhd
run_20260429_080326_2366a3,AAPL,stock,H4,mean_reversion,rsi_extreme,overbought=70|oversold=25|period=14,both,all,NEEDS_MORE_DATA,4,,,,,,,,,,,,,,,,only 4 trades < min 20,eodhd
run_20260429_080326_2366a3,AAPL,stock,H4,mean_reversion,rsi_extreme,overbought=75|oversold=25|period=14,both,all,NEEDS_MORE_DATA,3,,,,,,,,,,,,,,,,only 3 trades < min 20,eodhd
run_20260429_080326_2366a3,AAPL,stock,H4,mean_reversion,bollinger_touch,num_std=2.0|period=20,both,all,NEEDS_MORE_DATA,8,,,,,,,,,,,,,,1.000000,,only 8 trades < min 20,eodhd
run_20260429_080326_2366a3,AAPL,stock,H4,mean_reversion,bollinger_touch,num_std=2.5|period=20,both,all,NEEDS_MORE_DATA,6,,,,,,,,,,,,,,1.000000,,only 6 trades < min 20,eodhd
run_20260429_080326_2366a3,AAPL,stock,H4,mean_reversion,vwap_deviation,std_threshold=1.5,both,all,NEEDS_MORE_DATA,4,,,,,,,,,,,,,,,,only 4 trades < min 20,eodhd
run_20260429_080326_2366a3,AAPL,stock,H4,mean_reversion,vwap_deviation,std_threshold=2.0,both,all,NEEDS_MORE_DATA,4,,,,,,,,,,,,,,,,only 4 trades < min 20,eodhd
run_20260429_080326_2366a3,AAPL,stock,H4,engine_b_proxy,ob_bos,require_engulf=False|require_vol_expand=False|swing_period=5,both,all,NEEDS_MORE_DATA,5,,,,,,,,,,,,,,,,only 5 trades < min 20,eodhd
run_20260429_080326_2366a3,AAPL,stock,H4,engine_b_proxy,ob_bos,require_engulf=False|require_vol_expand=True|swing_period=5,both,all,NEEDS_MORE_DATA,5,,,,,,,,,,,,,,,,only 5 trades < min 20,eodhd
run_20260429_080326_2366a3,AAPL,stock,H4,engine_b_proxy,ob_bos,require_engulf=True|require_vol_expand=False|swing_period=5,both,all,NEEDS_MORE_DATA,5,,,,,,,,,,,,,,,,only 5 trades < min 20,eodhd
run_20260429_080326_2366a3,AAPL,stock,H4,engine_b_proxy,ob_bos,require_engulf=True|require_vol_expand=True|swing_period=5,both,all,NEEDS_MORE_DATA,5,,,,,,,,,,,,,,,,only 5 trades < min 20,eodhd
run_20260429_080326_2366a3,AAPL,stock,H4,engine_b_proxy,ob_bos,require_engulf=False|require_vol_expand=False|swing_period=10,both,all,NEEDS_MORE_DATA,3,,,,,,,,,,,,,,,,only 3 trades < min 20,eodhd
run_20260429_080326_2366a3,AAPL,stock,H4,engine_b_proxy,ob_bos,require_engulf=False|require_vol_expand=True|swing_period=10,both,all,NEEDS_MORE_DATA,3,,,,,,,,,,,,,,,,only 3 trades < min 20,eodhd
run_20260429_080326_2366a3,AAPL,stock,H4,engine_b_proxy,ob_bos,require_engulf=True|require_vol_expand=False|swing_period=10,both,all,NEEDS_MORE_DATA,3,,,,,,,,,,,,,,,,only 3 trades < min 20,eodhd
run_20260429_080326_2366a3,AAPL,stock,H4,engine_b_proxy,ob_bos,require_engulf=True|require_vol_expand=True|swing_period=10,both,all,NEEDS_MORE_DATA,3,,,,,,,,,,,,,,,,only 3 trades < min 20,eodhd
run_20260429_080326_2366a3,AAPL,stock,H4,engine_b_proxy,structure_filters,fvg_detection=False|strong_close_pct=0.7,both,all,REJECT,64,0.375000,0.771080,-0.001595,-0.001595,-0.214760,-1.785821,-0.716555,0.265560,3.625000,-0.106100,-0.106100,-0.010679,-0.086175,0.433333,,,eodhd
run_20260429_080326_2366a3,AAPL,stock,H4,engine_b_proxy,structure_filters,fvg_detection=True|strong_close_pct=0.7,both,all,NEEDS_MORE_DATA,8,,,,,,,,,,,,,,1.000000,,only 8 trades < min 20,eodhd
run_20260429_080326_2366a3,AAPL,stock,H4,engine_b_proxy,structure_filters,fvg_detection=False|strong_close_pct=0.8,both,all,REJECT,49,0.408163,0.806278,-0.001526,-0.001526,-0.156748,-1.343030,-0.538571,0.203320,4.693878,-0.080882,-0.080882,0.029438,-0.097012,0.427333,,,eodhd
run_20260429_080326_2366a3,AAPL,stock,H4,engine_b_proxy,structure_filters,fvg_detection=True|strong_close_pct=0.8,both,all,NEEDS_MORE_DATA,7,,,,,,,,,,,,,,1.000000,,only 7 trades < min 20,eodhd
run_20260429_080326_2366a3,MSFT,stock,H4,trend_momentum,ema_cross,adx_min=0|fast_period=10|rsi_confirm=False|slow_period=50,both,all,NEEDS_MORE_DATA,5,,,,,,,,,,,,,,1.000000,,only 5 trades < min 20,eodhd
run_20260429_080326_2366a3,MSFT,stock,H4,trend_momentum,ema_cross,adx_min=0|fast_period=10|rsi_confirm=True|slow_period=50,both,all,NEEDS_MORE_DATA,5,,,,,,,,,,,,,,1.000000,,only 5 trades < min 20,eodhd
run_20260429_080326_2366a3,MSFT,stock,H4,trend_momentum,ema_cross,adx_min=20|fast_period=10|rsi_confirm=False|slow_period=50,both,all,NEEDS_MORE_DATA,5,,,,,,,,,,,,,,1.000000,,only 5 trades < min 20,eodhd
run_20260429_080326_2366a3,MSFT,stock,H4,trend_momentum,ema_cross,adx_min=20|fast_period=10|rsi_confirm=True|slow_period=50,both,all,NEEDS_MORE_DATA,5,,,,,,,,,,,,,,1.000000,,only 5 trades < min 20,eodhd
run_20260429_080326_2366a3,MSFT,stock,H4,trend_momentum,ema_cross,adx_min=25|fast_period=10|rsi_confirm=False|slow_period=50,both,all,NEEDS_MORE_DATA,5,,,,,,,,,,,,,,1.000000,,only 5 trades < min 20,eodhd
run_20260429_080326_2366a3,MSFT,stock,H4,trend_momentum,ema_cross,adx_min=25|fast_period=10|rsi_confirm=True|slow_period=50,both,all,NEEDS_MORE_DATA,5,,,,,,,,,,,,,,1.000000,,only 5 trades < min 20,eodhd
run_20260429_080326_2366a3,MSFT,stock,H4,trend_momentum,ema_cross,adx_min=0|fast_period=10|rsi_confirm=False|slow_period=100,both,all,NEEDS_MORE_DATA,3,,,,,,,,,,,,,,1.000000,,only 3 trades < min 20,eodhd
run_20260429_080326_2366a3,MSFT,stock,H4,trend_momentum,ema_cross,adx_min=0|fast_period=10|rsi_confirm=True|slow_period=100,both,all,NEEDS_MORE_DATA,3,,,,,,,,,,,,,,1.000000,,only 3 trades < min 20,eodhd
run_20260429_080326_2366a3,MSFT,stock,H4,trend_momentum,ema_cross,adx_min=20|fast_period=10|rsi_confirm=False|slow_period=100,both,all,NEEDS_MORE_DATA,3,,,,,,,,,,,,,,1.000000,,only 3 trades < min 20,eodhd
run_20260429_080326_2366a3,MSFT,stock,H4,trend_momentum,ema_cross,adx_min=20|fast_period=10|rsi_confirm=True|slow_period=100,both,all,NEEDS_MORE_DATA,3,,,,,,,,,,,,,,1.000000,,only 3 trades < min 20,eodhd
run_20260429_080326_2366a3,MSFT,stock,H4,trend_momentum,ema_cross,adx_min=25|fast_period=10|rsi_confirm=False|slow_period=100,both,all,NEEDS_MORE_DATA,3,,,,,,,,,,,,,,1.000000,,only 3 trades < min 20,eodhd
run_20260429_080326_2366a3,MSFT,stock,H4,trend_momentum,ema_cross,adx_min=25|fast_period=10|rsi_confirm=True|slow_period=100,both,all,NEEDS_MORE_DATA,3,,,,,,,,,,,,,,1.000000,,only 3 trades < min 20,eodhd
run_20260429_080326_2366a3,MSFT,stock,H4,trend_momentum,ema_cross,adx_min=0|fast_period=10|rsi_confirm=False|slow_period=200,both,all,NEEDS_MORE_DATA,1,,,,,,,,,,,,,,,,only 1 trades < min 20,eodhd
run_20260429_080326_2366a3,MSFT,stock,H4,trend_momentum,ema_cross,adx_min=0|fast_period=10|rsi_confirm=True|slow_period=200,both,all,NEEDS_MORE_DATA,1,,,,,,,,,,,,,,,,only 1 trades < min 20,eodhd
run_20260429_080326_2366a3,MSFT,stock,H4,trend_momentum,ema_cross,adx_min=20|fast_period=10|rsi_confirm=False|slow_period=200,both,all,NEEDS_MORE_DATA,1,,,,,,,,,,,,,,,,only 1 trades < min 20,eodhd
run_20260429_080326_2366a3,MSFT,stock,H4,trend_momentum,ema_cross,adx_min=20|fast_period=10|rsi_confirm=True|slow_period=200,both,all,NEEDS_MORE_DATA,1,,,,,,,,,,,,,,,,only 1 trades < min 20,eodhd
run_20260429_080326_2366a3,MSFT,stock,H4,trend_momentum,ema_cross,adx_min=25|fast_period=10|rsi_confirm=False|slow_period=200,both,all,NEEDS_MORE_DATA,1,,,,,,,,,,,,,,,,only 1 trades < min 20,eodhd
run_20260429_080326_2366a3,MSFT,stock,H4,trend_momentum,ema_cross,adx_min=25|fast_period=10|rsi_confirm=True|slow_period=200,both,all,NEEDS_MORE_DATA,1,,,,,,,,,,,,,,,,only 1 trades < min 20,eodhd
run_20260429_080326_2366a3,MSFT,stock,H4,trend_momentum,ema_cross,adx_min=0|fast_period=20|rsi_confirm=False|slow_period=50,both,all,NEEDS_MORE_DATA,3,,,,,,,,,,,,,,1.000000,,only 3 trades < min 20,eodhd
run_20260429_080326_2366a3,MSFT,stock,H4,trend_momentum,ema_cross,adx_min=0|fast_period=20|rsi_confirm=True|slow_period=50,both,all,NEEDS_MORE_DATA,3,,,,,,,,,,,,,,1.000000,,only 3 trades < min 20,eodhd
run_20260429_080326_2366a3,MSFT,stock,H4,trend_momentum,ema_cross,adx_min=20|fast_period=20|rsi_confirm=False|slow_period=50,both,all,NEEDS_MORE_DATA,3,,,,,,,,,,,,,,1.000000,,only 3 trades < min 20,eodhd
run_20260429_080326_2366a3,MSFT,stock,H4,trend_momentum,ema_cross,adx_min=20|fast_period=20|rsi_confirm=True|slow_period=50,both,all,NEEDS_MORE_DATA,3,,,,,,,,,,,,,,1.000000,,only 3 trades < min 20,eodhd
run_20260429_080326_2366a3,MSFT,stock,H4,trend_momentum,ema_cross,adx_min=25|fast_period=20|rsi_confirm=False|slow_period=50,both,all,NEEDS_MORE_DATA,3,,,,,,,,,,,,,,1.000000,,only 3 trades < min 20,eodhd
run_20260429_080326_2366a3,MSFT,stock,H4,trend_momentum,ema_cross,adx_min=25|fast_period=20|rsi_confirm=True|slow_period=50,both,all,NEEDS_MORE_DATA,3,,,,,,,,,,,,,,1.000000,,only 3 trades < min 20,eodhd
run_20260429_080326_2366a3,MSFT,stock,H4,trend_momentum,ema_cross,adx_min=0|fast_period=20|rsi_confirm=False|slow_period=100,both,all,NEEDS_MORE_DATA,1,,,,,,,,,,,,,,,,only 1 trades < min 20,eodhd
run_20260429_080326_2366a3,MSFT,stock,H4,trend_momentum,ema_cross,adx_min=0|fast_period=20|rsi_confirm=True|slow_period=100,both,all,NEEDS_MORE_DATA,1,,,,,,,,,,,,,,,,only 1 trades < min 20,eodhd
run_20260429_080326_2366a3,MSFT,stock,H4,trend_momentum,ema_cross,adx_min=20|fast_period=20|rsi_confirm=False|slow_period=100,both,all,NEEDS_MORE_DATA,1,,,,,,,,,,,,,,,,only 1 trades < min 20,eodhd
run_20260429_080326_2366a3,MSFT,stock,H4,trend_momentum,ema_cross,adx_min=20|fast_period=20|rsi_confirm=True|slow_period=100,both,all,NEEDS_MORE_DATA,1,,,,,,,,,,,,,,,,only 1 trades < min 20,eodhd
run_20260429_080326_2366a3,MSFT,stock,H4,trend_momentum,ema_cross,adx_min=25|fast_period=20|rsi_confirm=False|slow_period=100,both,all,NEEDS_MORE_DATA,1,,,,,,,,,,,,,,,,only 1 trades < min 20,eodhd
run_20260429_080326_2366a3,MSFT,stock,H4,trend_momentum,ema_cross,adx_min=25|fast_period=20|rsi_confirm=True|slow_period=100,both,all,NEEDS_MORE_DATA,1,,,,,,,,,,,,,,,,only 1 trades < min 20,eodhd
run_20260429_080326_2366a3,MSFT,stock,H4,trend_momentum,ema_cross,adx_min=0|fast_period=20|rsi_confirm=False|slow_period=200,both,all,NEEDS_MORE_DATA,1,,,,,,,,,,,,,,,,only 1 trades < min 20,eodhd
run_20260429_080326_2366a3,MSFT,stock,H4,trend_momentum,ema_cross,adx_min=0|fast_period=20|rsi_confirm=True|slow_period=200,both,all,NEEDS_MORE_DATA,1,,,,,,,,,,,,,,,,only 1 trades < min 20,eodhd
run_20260429_080326_2366a3,MSFT,stock,H4,trend_momentum,ema_cross,adx_min=20|fast_period=20|rsi_confirm=False|slow_period=200,both,all,NEEDS_MORE_DATA,1,,,,,,,,,,,,,,,,only 1 trades < min 20,eodhd
run_20260429_080326_2366a3,MSFT,stock,H4,trend_momentum,ema_cross,adx_min=20|fast_period=20|rsi_confirm=True|slow_period=200,both,all,NEEDS_MORE_DATA,1,,,,,,,,,,,,,,,,only 1 trades < min 20,eodhd
run_20260429_080326_2366a3,MSFT,stock,H4,trend_momentum,ema_cross,adx_min=25|fast_period=20|rsi_confirm=False|slow_period=200,both,all,NEEDS_MORE_DATA,1,,,,,,,,,,,,,,,,only 1 trades < min 20,eodhd
run_20260429_080326_2366a3,MSFT,stock,H4,trend_momentum,ema_cross,adx_min=25|fast_period=20|rsi_confirm=True|slow_period=200,both,all,NEEDS_MORE_DATA,1,,,,,,,,,,,,,,,,only 1 trades < min 20,eodhd
run_20260429_080326_2366a3,MSFT,stock,H4,trend_momentum,ema_alignment,adx_min=0|ema_long=200|ema_mid=50|ema_short=20,both,all,NEEDS_MORE_DATA,5,,,,,,,,,,,,,,1.000000,,only 5 trades < min 20,eodhd
run_20260429_080326_2366a3,MSFT,stock,H4,trend_momentum,ema_alignment,adx_min=20|ema_long=200|ema_mid=50|ema_short=20,both,all,NEEDS_MORE_DATA,5,,,,,,,,,,,,,,1.000000,,only 5 trades < min 20,eodhd
run_20260429_080326_2366a3,MSFT,stock,H4,trend_momentum,ema_alignment,adx_min=25|ema_long=200|ema_mid=50|ema_short=20,both,all,NEEDS_MORE_DATA,5,,,,,,,,,,,,,,1.000000,,only 5 trades < min 20,eodhd
run_20260429_080326_2366a3,MSFT,stock,H4,trend_momentum,macd_direction,adx_min=0|fast=12|signal_period=9|slow=26,both,all,NEEDS_MORE_DATA,12,,,,,,,,,,,,,,1.000000,,only 12 trades < min 20,eodhd
run_20260429_080326_2366a3,MSFT,stock,H4,trend_momentum,macd_direction,adx_min=20|fast=12|signal_period=9|slow=26,both,all,NEEDS_MORE_DATA,12,,,,,,,,,,,,,,1.000000,,only 12 trades < min 20,eodhd
run_20260429_080326_2366a3,MSFT,stock,H4,pullback,pullback_ema,pullback_period=20|rsi_reclaim=False|rsi_threshold=50|trend_period=200,both,all,NEEDS_MORE_DATA,10,,,,,,,,,,,,,,1.000000,,only 10 trades < min 20,eodhd
run_20260429_080326_2366a3,MSFT,stock,H4,pullback,pullback_ema,pullback_period=20|rsi_reclaim=True|rsi_threshold=50|trend_period=200,both,all,NEEDS_MORE_DATA,8,,,,,,,,,,,,,,1.000000,,only 8 trades < min 20,eodhd
run_20260429_080326_2366a3,MSFT,stock,H4,pullback,pullback_ema,pullback_period=50|rsi_reclaim=False|rsi_threshold=50|trend_period=200,both,all,NEEDS_MORE_DATA,6,,,,,,,,,,,,,,1.000000,,only 6 trades < min 20,eodhd
run_20260429_080326_2366a3,MSFT,stock,H4,pullback,pullback_ema,pullback_period=50|rsi_reclaim=True|rsi_threshold=50|trend_period=200,both,all,NEEDS_MORE_DATA,2,,,,,,,,,,,,,,1.000000,,only 2 trades < min 20,eodhd
run_20260429_080326_2366a3,MSFT,stock,H4,breakout,prev_day_hl,atr_expand_min=0.0,both,all,NEEDS_MORE_DATA,12,,,,,,,,,,,,,,1.000000,,only 12 trades < min 20,eodhd
run_20260429_080326_2366a3,MSFT,stock,H4,breakout,prev_day_hl,atr_expand_min=0.5,both,all,NEEDS_MORE_DATA,12,,,,,,,,,,,,,,1.000000,,only 12 trades < min 20,eodhd
run_20260429_080326_2366a3,MSFT,stock,H4,breakout,prev_day_hl,atr_expand_min=1.0,both,all,NEEDS_MORE_DATA,12,,,,,,,,,,,,,,,,only 12 trades < min 20,eodhd
run_20260429_080326_2366a3,MSFT,stock,H4,breakout,session_opening_range,atr_expand_min=0.0|range_bars=6,both,all,NEEDS_MORE_DATA,10,,,,,,,,,,,,,,1.000000,,only 10 trades < min 20,eodhd
run_20260429_080326_2366a3,MSFT,stock,H4,breakout,session_opening_range,atr_expand_min=0.5|range_bars=6,both,all,NEEDS_MORE_DATA,10,,,,,,,,,,,,,,1.000000,,only 10 trades < min 20,eodhd
run_20260429_080326_2366a3,MSFT,stock,H4,breakout,session_opening_range,atr_expand_min=0.0|range_bars=12,both,all,NEEDS_MORE_DATA,8,,,,,,,,,,,,,,1.000000,,only 8 trades < min 20,eodhd
run_20260429_080326_2366a3,MSFT,stock,H4,breakout,session_opening_range,atr_expand_min=0.5|range_bars=12,both,all,NEEDS_MORE_DATA,8,,,,,,,,,,,,,,1.000000,,only 8 trades < min 20,eodhd
run_20260429_080326_2366a3,MSFT,stock,H4,breakout,london_breakout,atr_expand_min=0.0|utc_end=11|utc_start=7,both,all,NEEDS_MORE_DATA,0,,,,,,,,,,,,,,,,only 0 trades < min 20,eodhd
run_20260429_080326_2366a3,MSFT,stock,H4,breakout,london_breakout,atr_expand_min=0.5|utc_end=11|utc_start=7,both,all,NEEDS_MORE_DATA,0,,,,,,,,,,,,,,,,only 0 trades < min 20,eodhd
run_20260429_080326_2366a3,MSFT,stock,H4,breakout,ny_breakout,atr_expand_min=0.0|utc_end=16|utc_start=13,both,all,NEEDS_MORE_DATA,0,,,,,,,,,,,,,,1.000000,,only 0 trades < min 20,eodhd
run_20260429_080326_2366a3,MSFT,stock,H4,breakout,ny_breakout,atr_expand_min=0.5|utc_end=16|utc_start=13,both,all,NEEDS_MORE_DATA,0,,,,,,,,,,,,,,1.000000,,only 0 trades < min 20,eodhd
run_20260429_080326_2366a3,MSFT,stock,H4,mean_reversion,rsi_extreme,overbought=70|oversold=30|period=14,both,all,NEEDS_MORE_DATA,3,,,,,,,,,,,,,,1.000000,,only 3 trades < min 20,eodhd
run_20260429_080326_2366a3,MSFT,stock,H4,mean_reversion,rsi_extreme,overbought=75|oversold=30|period=14,both,all,NEEDS_MORE_DATA,3,,,,,,,,,,,,,,,,only 3 trades < min 20,eodhd
run_20260429_080326_2366a3,MSFT,stock,H4,mean_reversion,rsi_extreme,overbought=70|oversold=25|period=14,both,all,NEEDS_MORE_DATA,3,,,,,,,,,,,,,,,,only 3 trades < min 20,eodhd
run_20260429_080326_2366a3,MSFT,stock,H4,mean_reversion,rsi_extreme,overbought=75|oversold=25|period=14,both,all,NEEDS_MORE_DATA,3,,,,,,,,,,,,,,,,only 3 trades < min 20,eodhd
run_20260429_080326_2366a3,MSFT,stock,H4,mean_reversion,bollinger_touch,num_std=2.0|period=20,both,all,NEEDS_MORE_DATA,6,,,,,,,,,,,,,,1.000000,,only 6 trades < min 20,eodhd
run_20260429_080326_2366a3,MSFT,stock,H4,mean_reversion,bollinger_touch,num_std=2.5|period=20,both,all,NEEDS_MORE_DATA,5,,,,,,,,,,,,,,1.000000,,only 5 trades < min 20,eodhd
run_20260429_080326_2366a3,MSFT,stock,H4,mean_reversion,vwap_deviation,std_threshold=1.5,both,all,NEEDS_MORE_DATA,3,,,,,,,,,,,,,,,,only 3 trades < min 20,eodhd
run_20260429_080326_2366a3,MSFT,stock,H4,mean_reversion,vwap_deviation,std_threshold=2.0,both,all,NEEDS_MORE_DATA,2,,,,,,,,,,,,,,,,only 2 trades < min 20,eodhd
run_20260429_080326_2366a3,MSFT,stock,H4,engine_b_proxy,ob_bos,require_engulf=False|require_vol_expand=False|swing_period=5,both,all,NEEDS_MORE_DATA,6,,,,,,,,,,,,,,,,only 6 trades < min 20,eodhd
run_20260429_080326_2366a3,MSFT,stock,H4,engine_b_proxy,ob_bos,require_engulf=False|require_vol_expand=True|swing_period=5,both,all,NEEDS_MORE_DATA,5,,,,,,,,,,,,,,,,only 5 trades < min 20,eodhd
run_20260429_080326_2366a3,MSFT,stock,H4,engine_b_proxy,ob_bos,require_engulf=True|require_vol_expand=False|swing_period=5,both,all,NEEDS_MORE_DATA,6,,,,,,,,,,,,,,,,only 6 trades < min 20,eodhd
run_20260429_080326_2366a3,MSFT,stock,H4,engine_b_proxy,ob_bos,require_engulf=True|require_vol_expand=True|swing_period=5,both,all,NEEDS_MORE_DATA,5,,,,,,,,,,,,,,,,only 5 trades < min 20,eodhd
run_20260429_080326_2366a3,MSFT,stock,H4,engine_b_proxy,ob_bos,require_engulf=False|require_vol_expand=False|swing_period=10,both,all,NEEDS_MORE_DATA,3,,,,,,,,,,,,,,,,only 3 trades < min 20,eodhd
run_20260429_080326_2366a3,MSFT,stock,H4,engine_b_proxy,ob_bos,require_engulf=False|require_vol_expand=True|swing_period=10,both,all,NEEDS_MORE_DATA,1,,,,,,,,,,,,,,,,only 1 trades < min 20,eodhd
run_20260429_080326_2366a3,MSFT,stock,H4,engine_b_proxy,ob_bos,require_engulf=True|require_vol_expand=False|swing_period=10,both,all,NEEDS_MORE_DATA,3,,,,,,,,,,,,,,,,only 3 trades < min 20,eodhd
run_20260429_080326_2366a3,MSFT,stock,H4,engine_b_proxy,ob_bos,require_engulf=True|require_vol_expand=True|swing_period=10,both,all,NEEDS_MORE_DATA,1,,,,,,,,,,,,,,,,only 1 trades < min 20,eodhd
run_20260429_080326_2366a3,MSFT,stock,H4,engine_b_proxy,structure_filters,fvg_detection=True|strong_close_pct=0.7,both,all,NEEDS_MORE_DATA,9,,,,,,,,,,,,,,1.000000,,only 9 trades < min 20,eodhd
run_20260429_080326_2366a3,MSFT,stock,H4,engine_b_proxy,structure_filters,fvg_detection=True|strong_close_pct=0.8,both,all,NEEDS_MORE_DATA,8,,,,,,,,,,,,,,1.000000,,only 8 trades < min 20,eodhd
run_20260429_080326_2366a3,NVDA,stock,H4,trend_momentum,ema_cross,adx_min=0|fast_period=10|rsi_confirm=False|slow_period=50,both,all,NEEDS_MORE_DATA,9,,,,,,,,,,,,,,1.000000,,only 9 trades < min 20,eodhd
run_20260429_080326_2366a3,NVDA,stock,H4,trend_momentum,ema_cross,adx_min=0|fast_period=10|rsi_confirm=True|slow_period=50,both,all,NEEDS_MORE_DATA,8,,,,,,,,,,,,,,1.000000,,only 8 trades < min 20,eodhd
run_20260429_080326_2366a3,NVDA,stock,H4,trend_momentum,ema_cross,adx_min=20|fast_period=10|rsi_confirm=False|slow_period=50,both,all,NEEDS_MORE_DATA,9,,,,,,,,,,,,,,1.000000,,only 9 trades < min 20,eodhd
run_20260429_080326_2366a3,NVDA,stock,H4,trend_momentum,ema_cross,adx_min=20|fast_period=10|rsi_confirm=True|slow_period=50,both,all,NEEDS_MORE_DATA,8,,,,,,,,,,,,,,1.000000,,only 8 trades < min 20,eodhd
run_20260429_080326_2366a3,NVDA,stock,H4,trend_momentum,ema_cross,adx_min=25|fast_period=10|rsi_confirm=False|slow_period=50,both,all,NEEDS_MORE_DATA,9,,,,,,,,,,,,,,1.000000,,only 9 trades < min 20,eodhd
run_20260429_080326_2366a3,NVDA,stock,H4,trend_momentum,ema_cross,adx_min=25|fast_period=10|rsi_confirm=True|slow_period=50,both,all,NEEDS_MORE_DATA,8,,,,,,,,,,,,,,1.000000,,only 8 trades < min 20,eodhd
run_20260429_080326_2366a3,NVDA,stock,H4,trend_momentum,ema_cross,adx_min=0|fast_period=10|rsi_confirm=False|slow_period=100,both,all,NEEDS_MORE_DATA,9,,,,,,,,,,,,,,1.000000,,only 9 trades < min 20,eodhd
run_20260429_080326_2366a3,NVDA,stock,H4,trend_momentum,ema_cross,adx_min=0|fast_period=10|rsi_confirm=True|slow_period=100,both,all,NEEDS_MORE_DATA,8,,,,,,,,,,,,,,1.000000,,only 8 trades < min 20,eodhd
run_20260429_080326_2366a3,NVDA,stock,H4,trend_momentum,ema_cross,adx_min=20|fast_period=10|rsi_confirm=False|slow_period=100,both,all,NEEDS_MORE_DATA,9,,,,,,,,,,,,,,1.000000,,only 9 trades < min 20,eodhd
run_20260429_080326_2366a3,NVDA,stock,H4,trend_momentum,ema_cross,adx_min=20|fast_period=10|rsi_confirm=True|slow_period=100,both,all,NEEDS_MORE_DATA,8,,,,,,,,,,,,,,1.000000,,only 8 trades < min 20,eodhd
run_20260429_080326_2366a3,NVDA,stock,H4,trend_momentum,ema_cross,adx_min=25|fast_period=10|rsi_confirm=False|slow_period=100,both,all,NEEDS_MORE_DATA,9,,,,,,,,,,,,,,1.000000,,only 9 trades < min 20,eodhd
run_20260429_080326_2366a3,NVDA,stock,H4,trend_momentum,ema_cross,adx_min=25|fast_period=10|rsi_confirm=True|slow_period=100,both,all,NEEDS_MORE_DATA,8,,,,,,,,,,,,,,1.000000,,only 8 trades < min 20,eodhd
run_20260429_080326_2366a3,NVDA,stock,H4,trend_momentum,ema_cross,adx_min=0|fast_period=10|rsi_confirm=False|slow_period=200,both,all,NEEDS_MORE_DATA,9,,,,,,,,,,,,,,,,only 9 trades < min 20,eodhd
run_20260429_080326_2366a3,NVDA,stock,H4,trend_momentum,ema_cross,adx_min=0|fast_period=10|rsi_confirm=True|slow_period=200,both,all,NEEDS_MORE_DATA,8,,,,,,,,,,,,,,,,only 8 trades < min 20,eodhd
run_20260429_080326_2366a3,NVDA,stock,H4,trend_momentum,ema_cross,adx_min=20|fast_period=10|rsi_confirm=False|slow_period=200,both,all,NEEDS_MORE_DATA,9,,,,,,,,,,,,,,,,only 9 trades < min 20,eodhd
run_20260429_080326_2366a3,NVDA,stock,H4,trend_momentum,ema_cross,adx_min=20|fast_period=10|rsi_confirm=True|slow_period=200,both,all,NEEDS_MORE_DATA,8,,,,,,,,,,,,,,,,only 8 trades < min 20,eodhd
run_20260429_080326_2366a3,NVDA,stock,H4,trend_momentum,ema_cross,adx_min=25|fast_period=10|rsi_confirm=False|slow_period=200,both,all,NEEDS_MORE_DATA,9,,,,,,,,,,,,,,,,only 9 trades < min 20,eodhd
run_20260429_080326_2366a3,NVDA,stock,H4,trend_momentum,ema_cross,adx_min=25|fast_period=10|rsi_confirm=True|slow_period=200,both,all,NEEDS_MORE_DATA,8,,,,,,,,,,,,,,,,only 8 trades < min 20,eodhd
run_20260429_080326_2366a3,NVDA,stock,H4,trend_momentum,ema_cross,adx_min=0|fast_period=20|rsi_confirm=False|slow_period=50,both,all,NEEDS_MORE_DATA,7,,,,,,,,,,,,,,1.000000,,only 7 trades < min 20,eodhd
run_20260429_080326_2366a3,NVDA,stock,H4,trend_momentum,ema_cross,adx_min=0|fast_period=20|rsi_confirm=True|slow_period=50,both,all,NEEDS_MORE_DATA,7,,,,,,,,,,,,,,1.000000,,only 7 trades < min 20,eodhd
run_20260429_080326_2366a3,NVDA,stock,H4,trend_momentum,ema_cross,adx_min=20|fast_period=20|rsi_confirm=False|slow_period=50,both,all,NEEDS_MORE_DATA,7,,,,,,,,,,,,,,1.000000,,only 7 trades < min 20,eodhd
run_20260429_080326_2366a3,NVDA,stock,H4,trend_momentum,ema_cross,adx_min=20|fast_period=20|rsi_confirm=True|slow_period=50,both,all,NEEDS_MORE_DATA,7,,,,,,,,,,,,,,1.000000,,only 7 trades < min 20,eodhd
run_20260429_080326_2366a3,NVDA,stock,H4,trend_momentum,ema_cross,adx_min=25|fast_period=20|rsi_confirm=False|slow_period=50,both,all,NEEDS_MORE_DATA,7,,,,,,,,,,,,,,1.000000,,only 7 trades < min 20,eodhd
run_20260429_080326_2366a3,NVDA,stock,H4,trend_momentum,ema_cross,adx_min=25|fast_period=20|rsi_confirm=True|slow_period=50,both,all,NEEDS_MORE_DATA,7,,,,,,,,,,,,,,1.000000,,only 7 trades < min 20,eodhd
run_20260429_080326_2366a3,NVDA,stock,H4,trend_momentum,ema_cross,adx_min=0|fast_period=20|rsi_confirm=False|slow_period=100,both,all,NEEDS_MORE_DATA,7,,,,,,,,,,,,,,,,only 7 trades < min 20,eodhd
run_20260429_080326_2366a3,NVDA,stock,H4,trend_momentum,ema_cross,adx_min=0|fast_period=20|rsi_confirm=True|slow_period=100,both,all,NEEDS_MORE_DATA,7,,,,,,,,,,,,,,,,only 7 trades < min 20,eodhd
run_20260429_080326_2366a3,NVDA,stock,H4,trend_momentum,ema_cross,adx_min=20|fast_period=20|rsi_confirm=False|slow_period=100,both,all,NEEDS_MORE_DATA,7,,,,,,,,,,,,,,,,only 7 trades < min 20,eodhd
run_20260429_080326_2366a3,NVDA,stock,H4,trend_momentum,ema_cross,adx_min=20|fast_period=20|rsi_confirm=True|slow_period=100,both,all,NEEDS_MORE_DATA,7,,,,,,,,,,,,,,,,only 7 trades < min 20,eodhd
run_20260429_080326_2366a3,NVDA,stock,H4,trend_momentum,ema_cross,adx_min=25|fast_period=20|rsi_confirm=False|slow_period=100,both,all,NEEDS_MORE_DATA,7,,,,,,,,,,,,,,,,only 7 trades < min 20,eodhd
run_20260429_080326_2366a3,NVDA,stock,H4,trend_momentum,ema_cross,adx_min=25|fast_period=20|rsi_confirm=True|slow_period=100,both,all,NEEDS_MORE_DATA,7,,,,,,,,,,,,,,,,only 7 trades < min 20,eodhd
run_20260429_080326_2366a3,NVDA,stock,H4,trend_momentum,ema_cross,adx_min=0|fast_period=20|rsi_confirm=False|slow_period=200,both,all,NEEDS_MORE_DATA,5,,,,,,,,,,,,,,,,only 5 trades < min 20,eodhd
run_20260429_080326_2366a3,NVDA,stock,H4,trend_momentum,ema_cross,adx_min=0|fast_period=20|rsi_confirm=True|slow_period=200,both,all,NEEDS_MORE_DATA,5,,,,,,,,,,,,,,,,only 5 trades < min 20,eodhd
run_20260429_080326_2366a3,NVDA,stock,H4,trend_momentum,ema_cross,adx_min=20|fast_period=20|rsi_confirm=False|slow_period=200,both,all,NEEDS_MORE_DATA,5,,,,,,,,,,,,,,,,only 5 trades < min 20,eodhd
run_20260429_080326_2366a3,NVDA,stock,H4,trend_momentum,ema_cross,adx_min=20|fast_period=20|rsi_confirm=True|slow_period=200,both,all,NEEDS_MORE_DATA,5,,,,,,,,,,,,,,,,only 5 trades < min 20,eodhd
run_20260429_080326_2366a3,NVDA,stock,H4,trend_momentum,ema_cross,adx_min=25|fast_period=20|rsi_confirm=False|slow_period=200,both,all,NEEDS_MORE_DATA,5,,,,,,,,,,,,,,,,only 5 trades < min 20,eodhd
run_20260429_080326_2366a3,NVDA,stock,H4,trend_momentum,ema_cross,adx_min=25|fast_period=20|rsi_confirm=True|slow_period=200,both,all,NEEDS_MORE_DATA,5,,,,,,,,,,,,,,,,only 5 trades < min 20,eodhd
run_20260429_080326_2366a3,NVDA,stock,H4,trend_momentum,ema_alignment,adx_min=0|ema_long=200|ema_mid=50|ema_short=20,both,all,NEEDS_MORE_DATA,7,,,,,,,,,,,,,,1.000000,,only 7 trades < min 20,eodhd
run_20260429_080326_2366a3,NVDA,stock,H4,trend_momentum,ema_alignment,adx_min=20|ema_long=200|ema_mid=50|ema_short=20,both,all,NEEDS_MORE_DATA,7,,,,,,,,,,,,,,1.000000,,only 7 trades < min 20,eodhd
run_20260429_080326_2366a3,NVDA,stock,H4,trend_momentum,ema_alignment,adx_min=25|ema_long=200|ema_mid=50|ema_short=20,both,all,NEEDS_MORE_DATA,7,,,,,,,,,,,,,,1.000000,,only 7 trades < min 20,eodhd
run_20260429_080326_2366a3,NVDA,stock,H4,trend_momentum,macd_direction,adx_min=0|fast=12|signal_period=9|slow=26,both,all,REJECT,23,0.173913,0.381140,-0.011454,-0.011454,-0.302830,-3.659317,-1.529878,0.095436,10.130435,-0.243536,-0.243536,-0.262643,0.012933,0.274364,,,eodhd
run_20260429_080326_2366a3,NVDA,stock,H4,trend_momentum,macd_direction,adx_min=20|fast=12|signal_period=9|slow=26,both,all,REJECT,23,0.173913,0.381140,-0.011454,-0.011454,-0.302830,-3.659317,-1.529878,0.095436,10.130435,-0.243536,-0.243536,-0.262643,0.012933,0.258000,,,eodhd
run_20260429_080326_2366a3,NVDA,stock,H4,pullback,pullback_ema,pullback_period=20|rsi_reclaim=False|rsi_threshold=50|trend_period=200,both,all,NEEDS_MORE_DATA,10,,,,,,,,,,,,,,1.000000,,only 10 trades < min 20,eodhd
run_20260429_080326_2366a3,NVDA,stock,H4,pullback,pullback_ema,pullback_period=20|rsi_reclaim=True|rsi_threshold=50|trend_period=200,both,all,NEEDS_MORE_DATA,8,,,,,,,,,,,,,,1.000000,,only 8 trades < min 20,eodhd
run_20260429_080326_2366a3,NVDA,stock,H4,pullback,pullback_ema,pullback_period=50|rsi_reclaim=False|rsi_threshold=50|trend_period=200,both,all,NEEDS_MORE_DATA,12,,,,,,,,,,,,,,1.000000,,only 12 trades < min 20,eodhd
run_20260429_080326_2366a3,NVDA,stock,H4,pullback,pullback_ema,pullback_period=50|rsi_reclaim=True|rsi_threshold=50|trend_period=200,both,all,NEEDS_MORE_DATA,7,,,,,,,,,,,,,,1.000000,,only 7 trades < min 20,eodhd
run_20260429_080326_2366a3,NVDA,stock,H4,breakout,prev_day_hl,atr_expand_min=0.0,both,all,NEEDS_MORE_DATA,17,,,,,,,,,,,,,,1.000000,,only 17 trades < min 20,eodhd
run_20260429_080326_2366a3,NVDA,stock,H4,breakout,prev_day_hl,atr_expand_min=0.5,both,all,NEEDS_MORE_DATA,16,,,,,,,,,,,,,,1.000000,,only 16 trades < min 20,eodhd
run_20260429_080326_2366a3,NVDA,stock,H4,breakout,prev_day_hl,atr_expand_min=1.0,both,all,NEEDS_MORE_DATA,12,,,,,,,,,,,,,,,,only 12 trades < min 20,eodhd
run_20260429_080326_2366a3,NVDA,stock,H4,breakout,session_opening_range,atr_expand_min=0.0|range_bars=6,both,all,NEEDS_MORE_DATA,11,,,,,,,,,,,,,,1.000000,,only 11 trades < min 20,eodhd
run_20260429_080326_2366a3,NVDA,stock,H4,breakout,session_opening_range,atr_expand_min=0.5|range_bars=6,both,all,NEEDS_MORE_DATA,11,,,,,,,,,,,,,,1.000000,,only 11 trades < min 20,eodhd
run_20260429_080326_2366a3,NVDA,stock,H4,breakout,session_opening_range,atr_expand_min=0.0|range_bars=12,both,all,NEEDS_MORE_DATA,9,,,,,,,,,,,,,,1.000000,,only 9 trades < min 20,eodhd
run_20260429_080326_2366a3,NVDA,stock,H4,breakout,session_opening_range,atr_expand_min=0.5|range_bars=12,both,all,NEEDS_MORE_DATA,9,,,,,,,,,,,,,,1.000000,,only 9 trades < min 20,eodhd
run_20260429_080326_2366a3,NVDA,stock,H4,breakout,london_breakout,atr_expand_min=0.0|utc_end=11|utc_start=7,both,all,NEEDS_MORE_DATA,0,,,,,,,,,,,,,,,,only 0 trades < min 20,eodhd
run_20260429_080326_2366a3,NVDA,stock,H4,breakout,london_breakout,atr_expand_min=0.5|utc_end=11|utc_start=7,both,all,NEEDS_MORE_DATA,0,,,,,,,,,,,,,,,,only 0 trades < min 20,eodhd
run_20260429_080326_2366a3,NVDA,stock,H4,breakout,ny_breakout,atr_expand_min=0.0|utc_end=16|utc_start=13,both,all,NEEDS_MORE_DATA,0,,,,,,,,,,,,,,1.000000,,only 0 trades < min 20,eodhd
run_20260429_080326_2366a3,NVDA,stock,H4,breakout,ny_breakout,atr_expand_min=0.5|utc_end=16|utc_start=13,both,all,NEEDS_MORE_DATA,0,,,,,,,,,,,,,,1.000000,,only 0 trades < min 20,eodhd
run_20260429_080326_2366a3,NVDA,stock,H4,mean_reversion,rsi_extreme,overbought=70|oversold=30|period=14,both,all,NEEDS_MORE_DATA,6,,,,,,,,,,,,,,1.000000,,only 6 trades < min 20,eodhd
run_20260429_080326_2366a3,NVDA,stock,H4,mean_reversion,rsi_extreme,overbought=75|oversold=30|period=14,both,all,NEEDS_MORE_DATA,5,,,,,,,,,,,,,,,,only 5 trades < min 20,eodhd
run_20260429_080326_2366a3,NVDA,stock,H4,mean_reversion,rsi_extreme,overbought=70|oversold=25|period=14,both,all,NEEDS_MORE_DATA,4,,,,,,,,,,,,,,,,only 4 trades < min 20,eodhd
run_20260429_080326_2366a3,NVDA,stock,H4,mean_reversion,rsi_extreme,overbought=75|oversold=25|period=14,both,all,NEEDS_MORE_DATA,3,,,,,,,,,,,,,,,,only 3 trades < min 20,eodhd
run_20260429_080326_2366a3,NVDA,stock,H4,mean_reversion,bollinger_touch,num_std=2.0|period=20,both,all,NEEDS_MORE_DATA,8,,,,,,,,,,,,,,1.000000,,only 8 trades < min 20,eodhd
run_20260429_080326_2366a3,NVDA,stock,H4,mean_reversion,bollinger_touch,num_std=2.5|period=20,both,all,NEEDS_MORE_DATA,4,,,,,,,,,,,,,,1.000000,,only 4 trades < min 20,eodhd
run_20260429_080326_2366a3,NVDA,stock,H4,mean_reversion,vwap_deviation,std_threshold=1.5,both,all,NEEDS_MORE_DATA,6,,,,,,,,,,,,,,,,only 6 trades < min 20,eodhd
run_20260429_080326_2366a3,NVDA,stock,H4,mean_reversion,vwap_deviation,std_threshold=2.0,both,all,NEEDS_MORE_DATA,6,,,,,,,,,,,,,,,,only 6 trades < min 20,eodhd
run_20260429_080326_2366a3,NVDA,stock,H4,engine_b_proxy,ob_bos,require_engulf=False|require_vol_expand=False|swing_period=5,both,all,NEEDS_MORE_DATA,7,,,,,,,,,,,,,,,,only 7 trades < min 20,eodhd
run_20260429_080326_2366a3,NVDA,stock,H4,engine_b_proxy,ob_bos,require_engulf=False|require_vol_expand=True|swing_period=5,both,all,NEEDS_MORE_DATA,6,,,,,,,,,,,,,,,,only 6 trades < min 20,eodhd
run_20260429_080326_2366a3,NVDA,stock,H4,engine_b_proxy,ob_bos,require_engulf=True|require_vol_expand=False|swing_period=5,both,all,NEEDS_MORE_DATA,6,,,,,,,,,,,,,,,,only 6 trades < min 20,eodhd
run_20260429_080326_2366a3,NVDA,stock,H4,engine_b_proxy,ob_bos,require_engulf=True|require_vol_expand=True|swing_period=5,both,all,NEEDS_MORE_DATA,4,,,,,,,,,,,,,,,,only 4 trades < min 20,eodhd
run_20260429_080326_2366a3,NVDA,stock,H4,engine_b_proxy,ob_bos,require_engulf=False|require_vol_expand=False|swing_period=10,both,all,NEEDS_MORE_DATA,4,,,,,,,,,,,,,,,,only 4 trades < min 20,eodhd
run_20260429_080326_2366a3,NVDA,stock,H4,engine_b_proxy,ob_bos,require_engulf=False|require_vol_expand=True|swing_period=10,both,all,NEEDS_MORE_DATA,3,,,,,,,,,,,,,,,,only 3 trades < min 20,eodhd
run_20260429_080326_2366a3,NVDA,stock,H4,engine_b_proxy,ob_bos,require_engulf=True|require_vol_expand=False|swing_period=10,both,all,NEEDS_MORE_DATA,3,,,,,,,,,,,,,,,,only 3 trades < min 20,eodhd
run_20260429_080326_2366a3,NVDA,stock,H4,engine_b_proxy,ob_bos,require_engulf=True|require_vol_expand=True|swing_period=10,both,all,NEEDS_MORE_DATA,2,,,,,,,,,,,,,,,,only 2 trades < min 20,eodhd
run_20260429_080326_2366a3,NVDA,stock,H4,engine_b_proxy,structure_filters,fvg_detection=False|strong_close_pct=0.7,both,all,REJECT,59,0.305085,0.749025,-0.002719,-0.002719,-0.217071,-2.012524,-0.808511,0.244813,3.847458,-0.164749,-0.164749,-0.179358,0.058003,0.433333,,,eodhd
run_20260429_080326_2366a3,NVDA,stock,H4,engine_b_proxy,structure_filters,fvg_detection=True|strong_close_pct=0.7,both,all,NEEDS_MORE_DATA,8,,,,,,,,,,,,,,1.000000,,only 8 trades < min 20,eodhd
run_20260429_080326_2366a3,NVDA,stock,H4,engine_b_proxy,structure_filters,fvg_detection=False|strong_close_pct=0.8,both,all,REJECT,42,0.357143,1.035499,0.000380,0.000380,-0.154323,0.178711,0.071500,0.174274,5.261905,-0.007485,-0.007485,-0.033503,0.055709,0.385333,,,eodhd
run_20260429_080326_2366a3,NVDA,stock,H4,engine_b_proxy,structure_filters,fvg_detection=True|strong_close_pct=0.8,both,all,NEEDS_MORE_DATA,7,,,,,,,,,,,,,,1.000000,,only 7 trades < min 20,eodhd
